cancer,case_id,model,model_display,scale_a,scale_b,scale_pair,n_patches,cka
BLCA,TCGA-CF-A3MF-01Z-00-DX1.91768C26-5BB1-4DE6-9737-AA26BD687A75,gigapath,GigaPath,40x,10x,40×–10×,26138,0.6694883704185486
BLCA,TCGA-CF-A3MF-01Z-00-DX1.91768C26-5BB1-4DE6-9737-AA26BD687A75,gigapath,GigaPath,40x,2p5x,40×–2.5×,26138,0.39260050654411316
BLCA,TCGA-CF-A3MF-01Z-00-DX1.91768C26-5BB1-4DE6-9737-AA26BD687A75,gigapath,GigaPath,10x,2p5x,10×–2.5×,26138,0.47899672389030457
BLCA,TCGA-CU-A0YN-01Z-00-DX1.6C5EAAAF-8F14-49D3-8FFC-9BDAE56CAFD0,gigapath,GigaPath,40x,10x,40×–10×,2880,0.5599454641342163
BLCA,TCGA-CU-A0YN-01Z-00-DX1.6C5EAAAF-8F14-49D3-8FFC-9BDAE56CAFD0,gigapath,GigaPath,40x,2p5x,40×–2.5×,2880,0.3131313920021057
BLCA,TCGA-CU-A0YN-01Z-00-DX1.6C5EAAAF-8F14-49D3-8FFC-9BDAE56CAFD0,gigapath,GigaPath,10x,2p5x,10×–2.5×,2880,0.6105510592460632
BLCA,TCGA-DK-A6AW-01Z-00-DX1.C2453A8C-8282-443C-9E76-5B6CAD2FE69B,gigapath,GigaPath,40x,10x,40×–10×,15233,0.8265231251716614
BLCA,TCGA-DK-A6AW-01Z-00-DX1.C2453A8C-8282-443C-9E76-5B6CAD2FE69B,gigapath,GigaPath,40x,2p5x,40×–2.5×,15233,0.723045289516449
BLCA,TCGA-DK-A6AW-01Z-00-DX1.C2453A8C-8282-443C-9E76-5B6CAD2FE69B,gigapath,GigaPath,10x,2p5x,10×–2.5×,15233,0.7994610071182251
BLCA,TCGA-DK-AA6L-01A-01-TSA.5794F0C6-9ED6-489A-9621-18CCC5935548,gigapath,GigaPath,40x,10x,40×–10×,7165,0.6004579663276672
BLCA,TCGA-DK-AA6L-01A-01-TSA.5794F0C6-9ED6-489A-9621-18CCC5935548,gigapath,GigaPath,40x,2p5x,40×–2.5×,7165,0.23225608468055725
BLCA,TCGA-DK-AA6L-01A-01-TSA.5794F0C6-9ED6-489A-9621-18CCC5935548,gigapath,GigaPath,10x,2p5x,10×–2.5×,7165,0.4065806269645691
BLCA,TCGA-DK-AA77-01A-01-TSA.26CAF5CB-CC4F-4522-BD2B-343FB70205FE,gigapath,GigaPath,40x,10x,40×–10×,3872,0.5252734422683716
BLCA,TCGA-DK-AA77-01A-01-TSA.26CAF5CB-CC4F-4522-BD2B-343FB70205FE,gigapath,GigaPath,40x,2p5x,40×–2.5×,3872,0.1801190823316574
BLCA,TCGA-DK-AA77-01A-01-TSA.26CAF5CB-CC4F-4522-BD2B-343FB70205FE,gigapath,GigaPath,10x,2p5x,10×–2.5×,3872,0.35197368264198303
BLCA,TCGA-FD-A6TK-01Z-00-DX1.B685DA87-72A6-4C38-8AA1-40B6E543383C,gigapath,GigaPath,40x,10x,40×–10×,19445,0.7467563152313232
BLCA,TCGA-FD-A6TK-01Z-00-DX1.B685DA87-72A6-4C38-8AA1-40B6E543383C,gigapath,GigaPath,40x,2p5x,40×–2.5×,19445,0.6331918835639954
BLCA,TCGA-FD-A6TK-01Z-00-DX1.B685DA87-72A6-4C38-8AA1-40B6E543383C,gigapath,GigaPath,10x,2p5x,10×–2.5×,19445,0.7480233311653137
BLCA,TCGA-GU-AATP-01Z-00-DX1.0D8EC37C-88E7-49D5-A76D-F0A4A3FD8AE4,gigapath,GigaPath,40x,10x,40×–10×,22018,0.7129139304161072
BLCA,TCGA-GU-AATP-01Z-00-DX1.0D8EC37C-88E7-49D5-A76D-F0A4A3FD8AE4,gigapath,GigaPath,40x,2p5x,40×–2.5×,22018,0.5314099192619324
BLCA,TCGA-GU-AATP-01Z-00-DX1.0D8EC37C-88E7-49D5-A76D-F0A4A3FD8AE4,gigapath,GigaPath,10x,2p5x,10×–2.5×,22018,0.7317068576812744
BLCA,TCGA-XF-A8HB-01Z-00-DX1.D6874152-D20A-4CA4-8E8B-8CBAB5F7D7B5,gigapath,GigaPath,40x,10x,40×–10×,14662,0.6564566493034363
BLCA,TCGA-XF-A8HB-01Z-00-DX1.D6874152-D20A-4CA4-8E8B-8CBAB5F7D7B5,gigapath,GigaPath,40x,2p5x,40×–2.5×,14662,0.42904138565063477
BLCA,TCGA-XF-A8HB-01Z-00-DX1.D6874152-D20A-4CA4-8E8B-8CBAB5F7D7B5,gigapath,GigaPath,10x,2p5x,10×–2.5×,14662,0.6370404362678528
BLCA,TCGA-ZF-A9R1-01Z-00-DX1.74520759-D448-45B5-B8AD-45502C99A519,gigapath,GigaPath,40x,10x,40×–10×,16065,0.6958306431770325
BLCA,TCGA-ZF-A9R1-01Z-00-DX1.74520759-D448-45B5-B8AD-45502C99A519,gigapath,GigaPath,40x,2p5x,40×–2.5×,16065,0.5477507710456848
BLCA,TCGA-ZF-A9R1-01Z-00-DX1.74520759-D448-45B5-B8AD-45502C99A519,gigapath,GigaPath,10x,2p5x,10×–2.5×,16065,0.6991919279098511
BLCA,TCGA-ZF-AA51-01Z-00-DX1.128C9731-C206-4E71-9A64-864FA9FD7E96,gigapath,GigaPath,40x,10x,40×–10×,22108,0.7499821782112122
BLCA,TCGA-ZF-AA51-01Z-00-DX1.128C9731-C206-4E71-9A64-864FA9FD7E96,gigapath,GigaPath,40x,2p5x,40×–2.5×,22108,0.534562349319458
BLCA,TCGA-ZF-AA51-01Z-00-DX1.128C9731-C206-4E71-9A64-864FA9FD7E96,gigapath,GigaPath,10x,2p5x,10×–2.5×,22108,0.652571976184845
BRCA,TCGA-A7-A2KD-01Z-00-DX1.BFF2DFC8-1D95-4DC2-98FC-5BD7D7C6CDF5,gigapath,GigaPath,40x,10x,40×–10×,13242,0.5373808145523071
BRCA,TCGA-A7-A2KD-01Z-00-DX1.BFF2DFC8-1D95-4DC2-98FC-5BD7D7C6CDF5,gigapath,GigaPath,40x,2p5x,40×–2.5×,13242,0.28409719467163086
BRCA,TCGA-A7-A2KD-01Z-00-DX1.BFF2DFC8-1D95-4DC2-98FC-5BD7D7C6CDF5,gigapath,GigaPath,10x,2p5x,10×–2.5×,13242,0.6209381818771362
BRCA,TCGA-AN-A0G0-01Z-00-DX1.BE0BB5DF-DEDA-48D8-B5D8-2735C767F28F,gigapath,GigaPath,40x,10x,40×–10×,4987,0.6758400797843933
BRCA,TCGA-AN-A0G0-01Z-00-DX1.BE0BB5DF-DEDA-48D8-B5D8-2735C767F28F,gigapath,GigaPath,40x,2p5x,40×–2.5×,4987,0.4753183424472809
BRCA,TCGA-AN-A0G0-01Z-00-DX1.BE0BB5DF-DEDA-48D8-B5D8-2735C767F28F,gigapath,GigaPath,10x,2p5x,10×–2.5×,4987,0.680192232131958
BRCA,TCGA-AQ-A04L-01Z-00-DX1.F35BF4DD-896A-43C2-8DA6-C67945C003BE,gigapath,GigaPath,40x,10x,40×–10×,6966,0.7323136329650879
BRCA,TCGA-AQ-A04L-01Z-00-DX1.F35BF4DD-896A-43C2-8DA6-C67945C003BE,gigapath,GigaPath,40x,2p5x,40×–2.5×,6966,0.6138718128204346
BRCA,TCGA-AQ-A04L-01Z-00-DX1.F35BF4DD-896A-43C2-8DA6-C67945C003BE,gigapath,GigaPath,10x,2p5x,10×–2.5×,6966,0.8086857199668884
BRCA,TCGA-AR-A2LK-01Z-00-DX1.FBD59C38-CD4E-4C22-BC74-A57C192A9BBC,gigapath,GigaPath,40x,10x,40×–10×,11925,0.6359637975692749
BRCA,TCGA-AR-A2LK-01Z-00-DX1.FBD59C38-CD4E-4C22-BC74-A57C192A9BBC,gigapath,GigaPath,40x,2p5x,40×–2.5×,11925,0.387224406003952
BRCA,TCGA-AR-A2LK-01Z-00-DX1.FBD59C38-CD4E-4C22-BC74-A57C192A9BBC,gigapath,GigaPath,10x,2p5x,10×–2.5×,11925,0.5780864357948303
BRCA,TCGA-AR-A5QM-01Z-00-DX1.A9017CED-FF57-4090-95B9-94DC91854347,gigapath,GigaPath,40x,10x,40×–10×,13639,0.5747900605201721
BRCA,TCGA-AR-A5QM-01Z-00-DX1.A9017CED-FF57-4090-95B9-94DC91854347,gigapath,GigaPath,40x,2p5x,40×–2.5×,13639,0.37961480021476746
BRCA,TCGA-AR-A5QM-01Z-00-DX1.A9017CED-FF57-4090-95B9-94DC91854347,gigapath,GigaPath,10x,2p5x,10×–2.5×,13639,0.5506627559661865
BRCA,TCGA-BH-A0C1-01Z-00-DX1.21FE357E-B182-4397-BFEF-7E96E994236A,gigapath,GigaPath,40x,10x,40×–10×,14097,0.6945652961730957
BRCA,TCGA-BH-A0C1-01Z-00-DX1.21FE357E-B182-4397-BFEF-7E96E994236A,gigapath,GigaPath,40x,2p5x,40×–2.5×,14097,0.5979648232460022
BRCA,TCGA-BH-A0C1-01Z-00-DX1.21FE357E-B182-4397-BFEF-7E96E994236A,gigapath,GigaPath,10x,2p5x,10×–2.5×,14097,0.7870791554450989
BRCA,TCGA-D8-A1X8-01Z-00-DX1.DDA3866E-C7CC-4650-BE2B-5C9A98A2D531,gigapath,GigaPath,40x,10x,40×–10×,13628,0.7516282200813293
BRCA,TCGA-D8-A1X8-01Z-00-DX1.DDA3866E-C7CC-4650-BE2B-5C9A98A2D531,gigapath,GigaPath,40x,2p5x,40×–2.5×,13628,0.45366185903549194
BRCA,TCGA-D8-A1X8-01Z-00-DX1.DDA3866E-C7CC-4650-BE2B-5C9A98A2D531,gigapath,GigaPath,10x,2p5x,10×–2.5×,13628,0.5640207529067993
BRCA,TCGA-E2-A14P-01Z-00-DX1.663B02FF-C64B-41A6-8685-FD61CD76F9C6,gigapath,GigaPath,40x,10x,40×–10×,17521,0.7983760237693787
BRCA,TCGA-E2-A14P-01Z-00-DX1.663B02FF-C64B-41A6-8685-FD61CD76F9C6,gigapath,GigaPath,40x,2p5x,40×–2.5×,17521,0.6862968802452087
BRCA,TCGA-E2-A14P-01Z-00-DX1.663B02FF-C64B-41A6-8685-FD61CD76F9C6,gigapath,GigaPath,10x,2p5x,10×–2.5×,17521,0.8027362823486328
BRCA,TCGA-E2-A1LA-01Z-00-DX1.AE49E943-B830-4ED9-B09E-E499441BC2EC,gigapath,GigaPath,40x,10x,40×–10×,16576,0.7780361175537109
BRCA,TCGA-E2-A1LA-01Z-00-DX1.AE49E943-B830-4ED9-B09E-E499441BC2EC,gigapath,GigaPath,40x,2p5x,40×–2.5×,16576,0.6408484578132629
BRCA,TCGA-E2-A1LA-01Z-00-DX1.AE49E943-B830-4ED9-B09E-E499441BC2EC,gigapath,GigaPath,10x,2p5x,10×–2.5×,16576,0.7826570868492126
BRCA,TCGA-GM-A3XN-01Z-00-DX1.49F5C8AC-0328-4BC2-9FE2-E7150B7A42E2,gigapath,GigaPath,40x,10x,40×–10×,18199,0.656984269618988
BRCA,TCGA-GM-A3XN-01Z-00-DX1.49F5C8AC-0328-4BC2-9FE2-E7150B7A42E2,gigapath,GigaPath,40x,2p5x,40×–2.5×,18199,0.5148530006408691
BRCA,TCGA-GM-A3XN-01Z-00-DX1.49F5C8AC-0328-4BC2-9FE2-E7150B7A42E2,gigapath,GigaPath,10x,2p5x,10×–2.5×,18199,0.7062899470329285
COAD,TCGA-AY-A8YK-01Z-00-DX1.89E3C546-0425-449B-A6FB-1C35168EA7EB,gigapath,GigaPath,40x,10x,40×–10×,8285,0.6282636523246765
COAD,TCGA-AY-A8YK-01Z-00-DX1.89E3C546-0425-449B-A6FB-1C35168EA7EB,gigapath,GigaPath,40x,2p5x,40×–2.5×,8285,0.4117986857891083
COAD,TCGA-AY-A8YK-01Z-00-DX1.89E3C546-0425-449B-A6FB-1C35168EA7EB,gigapath,GigaPath,10x,2p5x,10×–2.5×,8285,0.6547589302062988
COAD,TCGA-CK-4947-01Z-00-DX1.b257d5fd-b97b-4987-b088-77f044ca7fe2,gigapath,GigaPath,40x,10x,40×–10×,23336,0.6006431579589844
COAD,TCGA-CK-4947-01Z-00-DX1.b257d5fd-b97b-4987-b088-77f044ca7fe2,gigapath,GigaPath,40x,2p5x,40×–2.5×,23336,0.34086260199546814
COAD,TCGA-CK-4947-01Z-00-DX1.b257d5fd-b97b-4987-b088-77f044ca7fe2,gigapath,GigaPath,10x,2p5x,10×–2.5×,23336,0.56080162525177
COAD,TCGA-CM-6168-01Z-00-DX1.96af6eb2-9d51-4671-baf8-1a73d0c66869,gigapath,GigaPath,40x,10x,40×–10×,24102,0.7233620882034302
COAD,TCGA-CM-6168-01Z-00-DX1.96af6eb2-9d51-4671-baf8-1a73d0c66869,gigapath,GigaPath,40x,2p5x,40×–2.5×,24102,0.4360920190811157
COAD,TCGA-CM-6168-01Z-00-DX1.96af6eb2-9d51-4671-baf8-1a73d0c66869,gigapath,GigaPath,10x,2p5x,10×–2.5×,24102,0.5862056016921997
COAD,TCGA-CM-6169-01Z-00-DX1.0381c243-02b8-4f1d-840c-19ef44d4b92c,gigapath,GigaPath,40x,10x,40×–10×,18522,0.7080658078193665
COAD,TCGA-CM-6169-01Z-00-DX1.0381c243-02b8-4f1d-840c-19ef44d4b92c,gigapath,GigaPath,40x,2p5x,40×–2.5×,18522,0.5574643015861511
COAD,TCGA-CM-6169-01Z-00-DX1.0381c243-02b8-4f1d-840c-19ef44d4b92c,gigapath,GigaPath,10x,2p5x,10×–2.5×,18522,0.7248960137367249
COAD,TCGA-G4-6309-01Z-00-DX1.3eb20fdc-eb86-4bd5-8194-76b02d4fa472,gigapath,GigaPath,40x,10x,40×–10×,17070,0.7264201641082764
COAD,TCGA-G4-6309-01Z-00-DX1.3eb20fdc-eb86-4bd5-8194-76b02d4fa472,gigapath,GigaPath,40x,2p5x,40×–2.5×,17070,0.44578367471694946
COAD,TCGA-G4-6309-01Z-00-DX1.3eb20fdc-eb86-4bd5-8194-76b02d4fa472,gigapath,GigaPath,10x,2p5x,10×–2.5×,17070,0.569015383720398
COAD,TCGA-G4-6310-01Z-00-DX1.b88472d4-3adc-4e4d-b0f2-0dc195a3d7df,gigapath,GigaPath,40x,10x,40×–10×,16917,0.7641364932060242
COAD,TCGA-G4-6310-01Z-00-DX1.b88472d4-3adc-4e4d-b0f2-0dc195a3d7df,gigapath,GigaPath,40x,2p5x,40×–2.5×,16917,0.5837477445602417
COAD,TCGA-G4-6310-01Z-00-DX1.b88472d4-3adc-4e4d-b0f2-0dc195a3d7df,gigapath,GigaPath,10x,2p5x,10×–2.5×,16917,0.678974449634552
COAD,TCGA-G4-6588-01Z-00-DX1.0747172e-f630-4b7c-9341-55078585ae00,gigapath,GigaPath,40x,10x,40×–10×,20553,0.6955414414405823
COAD,TCGA-G4-6588-01Z-00-DX1.0747172e-f630-4b7c-9341-55078585ae00,gigapath,GigaPath,40x,2p5x,40×–2.5×,20553,0.5251593589782715
COAD,TCGA-G4-6588-01Z-00-DX1.0747172e-f630-4b7c-9341-55078585ae00,gigapath,GigaPath,10x,2p5x,10×–2.5×,20553,0.7235199213027954
HNSC,TCGA-BA-6871-01Z-00-DX1.4d9ca329-f8d5-4c31-a20f-9d4fba728326,gigapath,GigaPath,40x,10x,40×–10×,14718,0.6422602534294128
HNSC,TCGA-BA-6871-01Z-00-DX1.4d9ca329-f8d5-4c31-a20f-9d4fba728326,gigapath,GigaPath,40x,2p5x,40×–2.5×,14718,0.23978987336158752
HNSC,TCGA-BA-6871-01Z-00-DX1.4d9ca329-f8d5-4c31-a20f-9d4fba728326,gigapath,GigaPath,10x,2p5x,10×–2.5×,14718,0.38069435954093933
HNSC,TCGA-BA-6872-01Z-00-DX1.F99F6394-D319-4599-B124-D2A6692FA096,gigapath,GigaPath,40x,10x,40×–10×,7720,0.6023027300834656
HNSC,TCGA-BA-6872-01Z-00-DX1.F99F6394-D319-4599-B124-D2A6692FA096,gigapath,GigaPath,40x,2p5x,40×–2.5×,7720,0.42437270283699036
HNSC,TCGA-BA-6872-01Z-00-DX1.F99F6394-D319-4599-B124-D2A6692FA096,gigapath,GigaPath,10x,2p5x,10×–2.5×,7720,0.6230025887489319
HNSC,TCGA-CN-A6V7-01A-01-TS1.F54912D3-1E21-4605-ACFC-142973524AE2,gigapath,GigaPath,40x,10x,40×–10×,2536,0.4709128141403198
HNSC,TCGA-CN-A6V7-01A-01-TS1.F54912D3-1E21-4605-ACFC-142973524AE2,gigapath,GigaPath,40x,2p5x,40×–2.5×,2536,0.20895975828170776
HNSC,TCGA-CN-A6V7-01A-01-TS1.F54912D3-1E21-4605-ACFC-142973524AE2,gigapath,GigaPath,10x,2p5x,10×–2.5×,2536,0.4033474028110504
HNSC,TCGA-CV-6935-01Z-00-DX1.9C449CB2-FB6D-41D1-A4A6-3069DC84A697,gigapath,GigaPath,40x,10x,40×–10×,12224,0.7387664318084717
HNSC,TCGA-CV-6935-01Z-00-DX1.9C449CB2-FB6D-41D1-A4A6-3069DC84A697,gigapath,GigaPath,40x,2p5x,40×–2.5×,12224,0.6070557832717896
HNSC,TCGA-CV-6935-01Z-00-DX1.9C449CB2-FB6D-41D1-A4A6-3069DC84A697,gigapath,GigaPath,10x,2p5x,10×–2.5×,12224,0.8212210536003113
HNSC,TCGA-CV-A45O-01Z-00-DX1.8CBD0CCC-C815-475D-87F9-76272F4F715B,gigapath,GigaPath,40x,10x,40×–10×,14844,0.7258509397506714
HNSC,TCGA-CV-A45O-01Z-00-DX1.8CBD0CCC-C815-475D-87F9-76272F4F715B,gigapath,GigaPath,40x,2p5x,40×–2.5×,14844,0.4734751582145691
HNSC,TCGA-CV-A45O-01Z-00-DX1.8CBD0CCC-C815-475D-87F9-76272F4F715B,gigapath,GigaPath,10x,2p5x,10×–2.5×,14844,0.6518718600273132
HNSC,TCGA-CV-A6JE-01Z-00-DX1.20137D17-19B3-49FF-9C3D-60933157E409,gigapath,GigaPath,40x,10x,40×–10×,26402,0.6949974298477173
HNSC,TCGA-CV-A6JE-01Z-00-DX1.20137D17-19B3-49FF-9C3D-60933157E409,gigapath,GigaPath,40x,2p5x,40×–2.5×,26402,0.40565451979637146
HNSC,TCGA-CV-A6JE-01Z-00-DX1.20137D17-19B3-49FF-9C3D-60933157E409,gigapath,GigaPath,10x,2p5x,10×–2.5×,26402,0.6095780730247498
HNSC,TCGA-CV-A6JU-01Z-00-DX1.35A3A1F0-9D6C-4794-B501-E56E48C51DF9,gigapath,GigaPath,40x,10x,40×–10×,21938,0.6921889185905457
HNSC,TCGA-CV-A6JU-01Z-00-DX1.35A3A1F0-9D6C-4794-B501-E56E48C51DF9,gigapath,GigaPath,40x,2p5x,40×–2.5×,21938,0.44770729541778564
HNSC,TCGA-CV-A6JU-01Z-00-DX1.35A3A1F0-9D6C-4794-B501-E56E48C51DF9,gigapath,GigaPath,10x,2p5x,10×–2.5×,21938,0.6269600987434387
HNSC,TCGA-UF-A719-01Z-00-DX1.4C4ECC2C-C390-4C5E-A709-CF08C113F1A1,gigapath,GigaPath,40x,10x,40×–10×,21546,0.6976971626281738
HNSC,TCGA-UF-A719-01Z-00-DX1.4C4ECC2C-C390-4C5E-A709-CF08C113F1A1,gigapath,GigaPath,40x,2p5x,40×–2.5×,21546,0.45948898792266846
HNSC,TCGA-UF-A719-01Z-00-DX1.4C4ECC2C-C390-4C5E-A709-CF08C113F1A1,gigapath,GigaPath,10x,2p5x,10×–2.5×,21546,0.6950289607048035
KIRC,TCGA-A3-3346-01Z-00-DX1.95280216-fd71-4a03-b452-6e3d667f2542,gigapath,GigaPath,40x,10x,40×–10×,2240,0.6114280819892883
KIRC,TCGA-A3-3346-01Z-00-DX1.95280216-fd71-4a03-b452-6e3d667f2542,gigapath,GigaPath,40x,2p5x,40×–2.5×,2240,0.369658887386322
KIRC,TCGA-A3-3346-01Z-00-DX1.95280216-fd71-4a03-b452-6e3d667f2542,gigapath,GigaPath,10x,2p5x,10×–2.5×,2240,0.5581383109092712
KIRC,TCGA-A3-A8CQ-01Z-00-DX1.78DA0827-5FB8-4B9F-A845-22F85830B5FB,gigapath,GigaPath,40x,10x,40×–10×,1395,0.529178261756897
KIRC,TCGA-A3-A8CQ-01Z-00-DX1.78DA0827-5FB8-4B9F-A845-22F85830B5FB,gigapath,GigaPath,40x,2p5x,40×–2.5×,1395,0.24042995274066925
KIRC,TCGA-A3-A8CQ-01Z-00-DX1.78DA0827-5FB8-4B9F-A845-22F85830B5FB,gigapath,GigaPath,10x,2p5x,10×–2.5×,1395,0.42993849515914917
KIRC,TCGA-AK-3444-01Z-00-DX1.1F0E0B47-29FF-456F-800A-539983FDCFAA,gigapath,GigaPath,40x,10x,40×–10×,5029,0.686324417591095
KIRC,TCGA-AK-3444-01Z-00-DX1.1F0E0B47-29FF-456F-800A-539983FDCFAA,gigapath,GigaPath,40x,2p5x,40×–2.5×,5029,0.4914393424987793
KIRC,TCGA-AK-3444-01Z-00-DX1.1F0E0B47-29FF-456F-800A-539983FDCFAA,gigapath,GigaPath,10x,2p5x,10×–2.5×,5029,0.6350834369659424
KIRC,TCGA-B0-5094-01Z-00-DX1.eac31fe2-09da-4ecf-8e25-c073cbb03295,gigapath,GigaPath,40x,10x,40×–10×,23201,0.7978464961051941
KIRC,TCGA-B0-5094-01Z-00-DX1.eac31fe2-09da-4ecf-8e25-c073cbb03295,gigapath,GigaPath,40x,2p5x,40×–2.5×,23201,0.6463584303855896
KIRC,TCGA-B0-5094-01Z-00-DX1.eac31fe2-09da-4ecf-8e25-c073cbb03295,gigapath,GigaPath,10x,2p5x,10×–2.5×,23201,0.7383868098258972
KIRC,TCGA-B0-5106-01Z-00-DX1.564e51a3-be50-4eed-ba9c-4d478b96ffc6,gigapath,GigaPath,40x,10x,40×–10×,26156,0.7608949542045593
KIRC,TCGA-B0-5106-01Z-00-DX1.564e51a3-be50-4eed-ba9c-4d478b96ffc6,gigapath,GigaPath,40x,2p5x,40×–2.5×,26156,0.5478922128677368
KIRC,TCGA-B0-5106-01Z-00-DX1.564e51a3-be50-4eed-ba9c-4d478b96ffc6,gigapath,GigaPath,10x,2p5x,10×–2.5×,26156,0.6682124733924866
KIRC,TCGA-B0-5711-01Z-00-DX1.6839921f-ec08-4e94-8bf9-4b5a4fcdda45,gigapath,GigaPath,40x,10x,40×–10×,23048,0.8227166533470154
KIRC,TCGA-B0-5711-01Z-00-DX1.6839921f-ec08-4e94-8bf9-4b5a4fcdda45,gigapath,GigaPath,40x,2p5x,40×–2.5×,23048,0.6029912829399109
KIRC,TCGA-B0-5711-01Z-00-DX1.6839921f-ec08-4e94-8bf9-4b5a4fcdda45,gigapath,GigaPath,10x,2p5x,10×–2.5×,23048,0.6592763066291809
KIRC,TCGA-B2-5633-01Z-00-DX1.c55a29ca-468e-46de-9ff5-a51f46fe09fd,gigapath,GigaPath,40x,10x,40×–10×,3974,0.7027168869972229
KIRC,TCGA-B2-5633-01Z-00-DX1.c55a29ca-468e-46de-9ff5-a51f46fe09fd,gigapath,GigaPath,40x,2p5x,40×–2.5×,3974,0.34401580691337585
KIRC,TCGA-B2-5633-01Z-00-DX1.c55a29ca-468e-46de-9ff5-a51f46fe09fd,gigapath,GigaPath,10x,2p5x,10×–2.5×,3974,0.45441916584968567
KIRC,TCGA-BP-4991-01Z-00-DX1.71305f5c-ca59-48fa-bb82-4b441c1fffdc,gigapath,GigaPath,40x,10x,40×–10×,31068,0.7223671078681946
KIRC,TCGA-BP-4991-01Z-00-DX1.71305f5c-ca59-48fa-bb82-4b441c1fffdc,gigapath,GigaPath,40x,2p5x,40×–2.5×,31068,0.6095538139343262
KIRC,TCGA-BP-4991-01Z-00-DX1.71305f5c-ca59-48fa-bb82-4b441c1fffdc,gigapath,GigaPath,10x,2p5x,10×–2.5×,31068,0.7740123271942139
KIRC,TCGA-BP-5201-01Z-00-DX1.d1a9878e-bb97-48fb-9098-9d9337f06250,gigapath,GigaPath,40x,10x,40×–10×,12763,0.7022624015808105
KIRC,TCGA-BP-5201-01Z-00-DX1.d1a9878e-bb97-48fb-9098-9d9337f06250,gigapath,GigaPath,40x,2p5x,40×–2.5×,12763,0.41240110993385315
KIRC,TCGA-BP-5201-01Z-00-DX1.d1a9878e-bb97-48fb-9098-9d9337f06250,gigapath,GigaPath,10x,2p5x,10×–2.5×,12763,0.5514883995056152
LUAD,TCGA-55-6986-01Z-00-DX1.ae52d41e-3cd6-4d36-b04b-2ea7d29bd8da,gigapath,GigaPath,40x,10x,40×–10×,5951,0.6176028847694397
LUAD,TCGA-55-6986-01Z-00-DX1.ae52d41e-3cd6-4d36-b04b-2ea7d29bd8da,gigapath,GigaPath,40x,2p5x,40×–2.5×,5951,0.39320817589759827
LUAD,TCGA-55-6986-01Z-00-DX1.ae52d41e-3cd6-4d36-b04b-2ea7d29bd8da,gigapath,GigaPath,10x,2p5x,10×–2.5×,5951,0.6878417730331421
LUAD,TCGA-64-5779-01Z-00-DX1.B3268447-DCE0-4927-B5A9-EC4D61E9B17D,gigapath,GigaPath,40x,10x,40×–10×,15338,0.6644776463508606
LUAD,TCGA-64-5779-01Z-00-DX1.B3268447-DCE0-4927-B5A9-EC4D61E9B17D,gigapath,GigaPath,40x,2p5x,40×–2.5×,15338,0.25747787952423096
LUAD,TCGA-64-5779-01Z-00-DX1.B3268447-DCE0-4927-B5A9-EC4D61E9B17D,gigapath,GigaPath,10x,2p5x,10×–2.5×,15338,0.4498518705368042
LUAD,TCGA-78-7158-01Z-00-DX1.74db3dcd-2715-4ce7-8e48-30c8b7946ba0,gigapath,GigaPath,40x,10x,40×–10×,23198,0.5535168051719666
LUAD,TCGA-78-7158-01Z-00-DX1.74db3dcd-2715-4ce7-8e48-30c8b7946ba0,gigapath,GigaPath,40x,2p5x,40×–2.5×,23198,0.28179940581321716
LUAD,TCGA-78-7158-01Z-00-DX1.74db3dcd-2715-4ce7-8e48-30c8b7946ba0,gigapath,GigaPath,10x,2p5x,10×–2.5×,23198,0.53807532787323
LUAD,TCGA-78-7163-01Z-00-DX1.42880bdf-271d-41dd-aada-e7ec1156ff31,gigapath,GigaPath,40x,10x,40×–10×,21422,0.6165983080863953
LUAD,TCGA-78-7163-01Z-00-DX1.42880bdf-271d-41dd-aada-e7ec1156ff31,gigapath,GigaPath,40x,2p5x,40×–2.5×,21422,0.36356714367866516
LUAD,TCGA-78-7163-01Z-00-DX1.42880bdf-271d-41dd-aada-e7ec1156ff31,gigapath,GigaPath,10x,2p5x,10×–2.5×,21422,0.579656720161438
LUAD,TCGA-78-7536-01Z-00-DX1.6b066140-8b82-40a5-bd48-430eeb4463fe,gigapath,GigaPath,40x,10x,40×–10×,32971,0.4314092993736267
LUAD,TCGA-78-7536-01Z-00-DX1.6b066140-8b82-40a5-bd48-430eeb4463fe,gigapath,GigaPath,40x,2p5x,40×–2.5×,32971,0.16178126633167267
LUAD,TCGA-78-7536-01Z-00-DX1.6b066140-8b82-40a5-bd48-430eeb4463fe,gigapath,GigaPath,10x,2p5x,10×–2.5×,32971,0.3842867910861969
LUAD,TCGA-86-8668-01Z-00-DX1.d720d486-02c7-4f98-8feb-e0e50a12c158,gigapath,GigaPath,40x,10x,40×–10×,14624,0.6597715020179749
LUAD,TCGA-86-8668-01Z-00-DX1.d720d486-02c7-4f98-8feb-e0e50a12c158,gigapath,GigaPath,40x,2p5x,40×–2.5×,14624,0.44835802912712097
LUAD,TCGA-86-8668-01Z-00-DX1.d720d486-02c7-4f98-8feb-e0e50a12c158,gigapath,GigaPath,10x,2p5x,10×–2.5×,14624,0.7017730474472046
LUAD,TCGA-97-A4LX-01Z-00-DX1.B2334672-A626-4E74-B4D1-A79F70F65909,gigapath,GigaPath,40x,10x,40×–10×,19346,0.5181496143341064
LUAD,TCGA-97-A4LX-01Z-00-DX1.B2334672-A626-4E74-B4D1-A79F70F65909,gigapath,GigaPath,40x,2p5x,40×–2.5×,19346,0.34325486421585083
LUAD,TCGA-97-A4LX-01Z-00-DX1.B2334672-A626-4E74-B4D1-A79F70F65909,gigapath,GigaPath,10x,2p5x,10×–2.5×,19346,0.6493123173713684
LUAD,TCGA-97-A4M2-01Z-00-DX1.5C72522C-1538-4D68-B517-5FB05A9D401A,gigapath,GigaPath,40x,10x,40×–10×,8962,0.6382796168327332
LUAD,TCGA-97-A4M2-01Z-00-DX1.5C72522C-1538-4D68-B517-5FB05A9D401A,gigapath,GigaPath,40x,2p5x,40×–2.5×,8962,0.4917944371700287
LUAD,TCGA-97-A4M2-01Z-00-DX1.5C72522C-1538-4D68-B517-5FB05A9D401A,gigapath,GigaPath,10x,2p5x,10×–2.5×,8962,0.6937412619590759
LUAD,TCGA-J2-A4AE-01Z-00-DX1.42C5DE4A-7787-4E59-8969-D12503262C96,gigapath,GigaPath,40x,10x,40×–10×,14491,0.7194103598594666
LUAD,TCGA-J2-A4AE-01Z-00-DX1.42C5DE4A-7787-4E59-8969-D12503262C96,gigapath,GigaPath,40x,2p5x,40×–2.5×,14491,0.5682706236839294
LUAD,TCGA-J2-A4AE-01Z-00-DX1.42C5DE4A-7787-4E59-8969-D12503262C96,gigapath,GigaPath,10x,2p5x,10×–2.5×,14491,0.790478527545929
STAD,TCGA-BR-6452-01Z-00-DX1.aec8246e-9dce-436d-9faa-df8fa1f6e47c,gigapath,GigaPath,40x,10x,40×–10×,15303,0.5601645112037659
STAD,TCGA-BR-6452-01Z-00-DX1.aec8246e-9dce-436d-9faa-df8fa1f6e47c,gigapath,GigaPath,40x,2p5x,40×–2.5×,15303,0.38895997405052185
STAD,TCGA-BR-6452-01Z-00-DX1.aec8246e-9dce-436d-9faa-df8fa1f6e47c,gigapath,GigaPath,10x,2p5x,10×–2.5×,15303,0.6196381449699402
STAD,TCGA-BR-6454-01Z-00-DX1.63fb6280-2b43-49b2-960a-eb9c0e8b617c,gigapath,GigaPath,40x,10x,40×–10×,15740,0.3956202566623688
STAD,TCGA-BR-6454-01Z-00-DX1.63fb6280-2b43-49b2-960a-eb9c0e8b617c,gigapath,GigaPath,40x,2p5x,40×–2.5×,15740,0.13998132944107056
STAD,TCGA-BR-6454-01Z-00-DX1.63fb6280-2b43-49b2-960a-eb9c0e8b617c,gigapath,GigaPath,10x,2p5x,10×–2.5×,15740,0.4065804183483124
STAD,TCGA-BR-A4CQ-01Z-00-DX1.B63282A5-154D-441B-BF96-5BB26CB6D95E,gigapath,GigaPath,40x,10x,40×–10×,13809,0.6536036729812622
STAD,TCGA-BR-A4CQ-01Z-00-DX1.B63282A5-154D-441B-BF96-5BB26CB6D95E,gigapath,GigaPath,40x,2p5x,40×–2.5×,13809,0.49712201952934265
STAD,TCGA-BR-A4CQ-01Z-00-DX1.B63282A5-154D-441B-BF96-5BB26CB6D95E,gigapath,GigaPath,10x,2p5x,10×–2.5×,13809,0.7081769704818726
STAD,TCGA-CD-A487-01Z-00-DX1.A026BD2F-B721-4340-83D5-7AA39227C90F,gigapath,GigaPath,40x,10x,40×–10×,20251,0.6209185123443604
STAD,TCGA-CD-A487-01Z-00-DX1.A026BD2F-B721-4340-83D5-7AA39227C90F,gigapath,GigaPath,40x,2p5x,40×–2.5×,20251,0.44148775935173035
STAD,TCGA-CD-A487-01Z-00-DX1.A026BD2F-B721-4340-83D5-7AA39227C90F,gigapath,GigaPath,10x,2p5x,10×–2.5×,20251,0.5821622610092163
STAD,TCGA-FP-8209-01Z-00-DX1.a5e13081-1631-44d4-8d6a-c229a22c2311,gigapath,GigaPath,40x,10x,40×–10×,3901,0.7000593543052673
STAD,TCGA-FP-8209-01Z-00-DX1.a5e13081-1631-44d4-8d6a-c229a22c2311,gigapath,GigaPath,40x,2p5x,40×–2.5×,3901,0.4072917699813843
STAD,TCGA-FP-8209-01Z-00-DX1.a5e13081-1631-44d4-8d6a-c229a22c2311,gigapath,GigaPath,10x,2p5x,10×–2.5×,3901,0.5582945942878723
STAD,TCGA-SW-A7EA-01Z-00-DX1.C5E1BE0E-0A25-4480-A3AC-DB2ED7471A4E,gigapath,GigaPath,40x,10x,40×–10×,6449,0.8727878928184509
STAD,TCGA-SW-A7EA-01Z-00-DX1.C5E1BE0E-0A25-4480-A3AC-DB2ED7471A4E,gigapath,GigaPath,40x,2p5x,40×–2.5×,6449,0.7959054708480835
STAD,TCGA-SW-A7EA-01Z-00-DX1.C5E1BE0E-0A25-4480-A3AC-DB2ED7471A4E,gigapath,GigaPath,10x,2p5x,10×–2.5×,6449,0.837299108505249
STAD,TCGA-VQ-A8PY-01Z-00-DX1.EA2C7386-012A-442A-95B3-FFA12BD2684D,gigapath,GigaPath,40x,10x,40×–10×,22399,0.7282642722129822
STAD,TCGA-VQ-A8PY-01Z-00-DX1.EA2C7386-012A-442A-95B3-FFA12BD2684D,gigapath,GigaPath,40x,2p5x,40×–2.5×,22399,0.5735251307487488
STAD,TCGA-VQ-A8PY-01Z-00-DX1.EA2C7386-012A-442A-95B3-FFA12BD2684D,gigapath,GigaPath,10x,2p5x,10×–2.5×,22399,0.7134043574333191
STAD,TCGA-VQ-A924-01Z-00-DX1.736B41F3-9678-4FAF-AE86-FCAC4F6DCBD3,gigapath,GigaPath,40x,10x,40×–10×,12960,0.6208609342575073
STAD,TCGA-VQ-A924-01Z-00-DX1.736B41F3-9678-4FAF-AE86-FCAC4F6DCBD3,gigapath,GigaPath,40x,2p5x,40×–2.5×,12960,0.3750380277633667
STAD,TCGA-VQ-A924-01Z-00-DX1.736B41F3-9678-4FAF-AE86-FCAC4F6DCBD3,gigapath,GigaPath,10x,2p5x,10×–2.5×,12960,0.5795184373855591
STAD,TCGA-ZQ-A9CR-01Z-00-DX1.C9AC9991-7054-4068-A7AA-9D1EB7F040A3,gigapath,GigaPath,40x,10x,40×–10×,31585,0.8396321535110474
STAD,TCGA-ZQ-A9CR-01Z-00-DX1.C9AC9991-7054-4068-A7AA-9D1EB7F040A3,gigapath,GigaPath,40x,2p5x,40×–2.5×,31585,0.7725821733474731
STAD,TCGA-ZQ-A9CR-01Z-00-DX1.C9AC9991-7054-4068-A7AA-9D1EB7F040A3,gigapath,GigaPath,10x,2p5x,10×–2.5×,31585,0.8044562339782715
UCEC,TCGA-A5-A0GX-01Z-00-DX1.7E713D1A-5858-4648-957D-77189E43CFAA,gigapath,GigaPath,40x,10x,40×–10×,26039,0.6565155982971191
UCEC,TCGA-A5-A0GX-01Z-00-DX1.7E713D1A-5858-4648-957D-77189E43CFAA,gigapath,GigaPath,40x,2p5x,40×–2.5×,26039,0.5002918243408203
UCEC,TCGA-A5-A0GX-01Z-00-DX1.7E713D1A-5858-4648-957D-77189E43CFAA,gigapath,GigaPath,10x,2p5x,10×–2.5×,26039,0.6966456770896912
UCEC,TCGA-A5-A0R7-01Z-00-DX1.D21E6974-22A3-4A68-8B4E-14E84A7A50A5,gigapath,GigaPath,40x,10x,40×–10×,45564,0.6561881303787231
UCEC,TCGA-A5-A0R7-01Z-00-DX1.D21E6974-22A3-4A68-8B4E-14E84A7A50A5,gigapath,GigaPath,40x,2p5x,40×–2.5×,45564,0.5247407555580139
UCEC,TCGA-A5-A0R7-01Z-00-DX1.D21E6974-22A3-4A68-8B4E-14E84A7A50A5,gigapath,GigaPath,10x,2p5x,10×–2.5×,45564,0.7714248299598694
UCEC,TCGA-AX-A05U-01Z-00-DX1.1EBFC727-B5D5-4543-BBA9-4254ABD3D584,gigapath,GigaPath,40x,10x,40×–10×,42082,0.6849602460861206
UCEC,TCGA-AX-A05U-01Z-00-DX1.1EBFC727-B5D5-4543-BBA9-4254ABD3D584,gigapath,GigaPath,40x,2p5x,40×–2.5×,42082,0.595993161201477
UCEC,TCGA-AX-A05U-01Z-00-DX1.1EBFC727-B5D5-4543-BBA9-4254ABD3D584,gigapath,GigaPath,10x,2p5x,10×–2.5×,42082,0.7661221623420715
UCEC,TCGA-AX-A06B-01Z-00-DX2.1757C039-99F7-4087-A9E5-D340AF7220D4,gigapath,GigaPath,40x,10x,40×–10×,10560,0.6925846338272095
UCEC,TCGA-AX-A06B-01Z-00-DX2.1757C039-99F7-4087-A9E5-D340AF7220D4,gigapath,GigaPath,40x,2p5x,40×–2.5×,10560,0.4016079604625702
UCEC,TCGA-AX-A06B-01Z-00-DX2.1757C039-99F7-4087-A9E5-D340AF7220D4,gigapath,GigaPath,10x,2p5x,10×–2.5×,10560,0.570273220539093
UCEC,TCGA-AX-A0J0-01Z-00-DX2.56C668BE-03B8-4B87-A226-AABD97D53C38,gigapath,GigaPath,40x,10x,40×–10×,34978,0.8041272759437561
UCEC,TCGA-AX-A0J0-01Z-00-DX2.56C668BE-03B8-4B87-A226-AABD97D53C38,gigapath,GigaPath,40x,2p5x,40×–2.5×,34978,0.6703561544418335
UCEC,TCGA-AX-A0J0-01Z-00-DX2.56C668BE-03B8-4B87-A226-AABD97D53C38,gigapath,GigaPath,10x,2p5x,10×–2.5×,34978,0.7705700993537903
UCEC,TCGA-B5-A11F-01Z-00-DX1.3F1C053D-E81E-4C8D-965D-6F3DE29D9511,gigapath,GigaPath,40x,10x,40×–10×,22717,0.7230532169342041
UCEC,TCGA-B5-A11F-01Z-00-DX1.3F1C053D-E81E-4C8D-965D-6F3DE29D9511,gigapath,GigaPath,40x,2p5x,40×–2.5×,22717,0.5264915823936462
UCEC,TCGA-B5-A11F-01Z-00-DX1.3F1C053D-E81E-4C8D-965D-6F3DE29D9511,gigapath,GigaPath,10x,2p5x,10×–2.5×,22717,0.6257451772689819
UCEC,TCGA-BG-A0W1-01Z-00-DX1.8E06269C-1278-478B-A128-59FA911B1649,gigapath,GigaPath,40x,10x,40×–10×,26648,0.8492883443832397
UCEC,TCGA-BG-A0W1-01Z-00-DX1.8E06269C-1278-478B-A128-59FA911B1649,gigapath,GigaPath,40x,2p5x,40×–2.5×,26648,0.5896700024604797
UCEC,TCGA-BG-A0W1-01Z-00-DX1.8E06269C-1278-478B-A128-59FA911B1649,gigapath,GigaPath,10x,2p5x,10×–2.5×,26648,0.6577601432800293
UCEC,TCGA-EY-A1GQ-01Z-00-DX1.03D52C6F-515E-4A4F-A08E-31D773BCC67F,gigapath,GigaPath,40x,10x,40×–10×,20550,0.5148584842681885
UCEC,TCGA-EY-A1GQ-01Z-00-DX1.03D52C6F-515E-4A4F-A08E-31D773BCC67F,gigapath,GigaPath,40x,2p5x,40×–2.5×,20550,0.2744224965572357
UCEC,TCGA-EY-A1GQ-01Z-00-DX1.03D52C6F-515E-4A4F-A08E-31D773BCC67F,gigapath,GigaPath,10x,2p5x,10×–2.5×,20550,0.5496229529380798
UCEC,TCGA-FI-A2EX-01Z-00-DX1.127F5153-745D-43E6-83CA-DE2738702C62,gigapath,GigaPath,40x,10x,40×–10×,21945,0.6535140872001648
UCEC,TCGA-FI-A2EX-01Z-00-DX1.127F5153-745D-43E6-83CA-DE2738702C62,gigapath,GigaPath,40x,2p5x,40×–2.5×,21945,0.42897146940231323
UCEC,TCGA-FI-A2EX-01Z-00-DX1.127F5153-745D-43E6-83CA-DE2738702C62,gigapath,GigaPath,10x,2p5x,10×–2.5×,21945,0.5944788455963135
BLCA,TCGA-CF-A3MF-01Z-00-DX1.91768C26-5BB1-4DE6-9737-AA26BD687A75,gigapath_flash,GigaPath-Flash,40x,10x,40×–10×,26138,0.7085378170013428
BLCA,TCGA-CF-A3MF-01Z-00-DX1.91768C26-5BB1-4DE6-9737-AA26BD687A75,gigapath_flash,GigaPath-Flash,40x,2p5x,40×–2.5×,26138,0.3969433009624481
BLCA,TCGA-CF-A3MF-01Z-00-DX1.91768C26-5BB1-4DE6-9737-AA26BD687A75,gigapath_flash,GigaPath-Flash,10x,2p5x,10×–2.5×,26138,0.5062699317932129
BLCA,TCGA-CU-A0YN-01Z-00-DX1.6C5EAAAF-8F14-49D3-8FFC-9BDAE56CAFD0,gigapath_flash,GigaPath-Flash,40x,10x,40×–10×,2880,0.5077130794525146
BLCA,TCGA-CU-A0YN-01Z-00-DX1.6C5EAAAF-8F14-49D3-8FFC-9BDAE56CAFD0,gigapath_flash,GigaPath-Flash,40x,2p5x,40×–2.5×,2880,0.26234740018844604
BLCA,TCGA-CU-A0YN-01Z-00-DX1.6C5EAAAF-8F14-49D3-8FFC-9BDAE56CAFD0,gigapath_flash,GigaPath-Flash,10x,2p5x,10×–2.5×,2880,0.5358307361602783
BLCA,TCGA-DK-A6AW-01Z-00-DX1.C2453A8C-8282-443C-9E76-5B6CAD2FE69B,gigapath_flash,GigaPath-Flash,40x,10x,40×–10×,15233,0.8628790378570557
BLCA,TCGA-DK-A6AW-01Z-00-DX1.C2453A8C-8282-443C-9E76-5B6CAD2FE69B,gigapath_flash,GigaPath-Flash,40x,2p5x,40×–2.5×,15233,0.6357932686805725
BLCA,TCGA-DK-A6AW-01Z-00-DX1.C2453A8C-8282-443C-9E76-5B6CAD2FE69B,gigapath_flash,GigaPath-Flash,10x,2p5x,10×–2.5×,15233,0.6892598867416382
BLCA,TCGA-DK-AA6L-01A-01-TSA.5794F0C6-9ED6-489A-9621-18CCC5935548,gigapath_flash,GigaPath-Flash,40x,10x,40×–10×,7165,0.6186631917953491
BLCA,TCGA-DK-AA6L-01A-01-TSA.5794F0C6-9ED6-489A-9621-18CCC5935548,gigapath_flash,GigaPath-Flash,40x,2p5x,40×–2.5×,7165,0.26113268733024597
BLCA,TCGA-DK-AA6L-01A-01-TSA.5794F0C6-9ED6-489A-9621-18CCC5935548,gigapath_flash,GigaPath-Flash,10x,2p5x,10×–2.5×,7165,0.46377167105674744
BLCA,TCGA-DK-AA77-01A-01-TSA.26CAF5CB-CC4F-4522-BD2B-343FB70205FE,gigapath_flash,GigaPath-Flash,40x,10x,40×–10×,3872,0.5661484003067017
BLCA,TCGA-DK-AA77-01A-01-TSA.26CAF5CB-CC4F-4522-BD2B-343FB70205FE,gigapath_flash,GigaPath-Flash,40x,2p5x,40×–2.5×,3872,0.2146189659833908
BLCA,TCGA-DK-AA77-01A-01-TSA.26CAF5CB-CC4F-4522-BD2B-343FB70205FE,gigapath_flash,GigaPath-Flash,10x,2p5x,10×–2.5×,3872,0.4365611970424652
BLCA,TCGA-FD-A6TK-01Z-00-DX1.B685DA87-72A6-4C38-8AA1-40B6E543383C,gigapath_flash,GigaPath-Flash,40x,10x,40×–10×,19445,0.7727702260017395
BLCA,TCGA-FD-A6TK-01Z-00-DX1.B685DA87-72A6-4C38-8AA1-40B6E543383C,gigapath_flash,GigaPath-Flash,40x,2p5x,40×–2.5×,19445,0.6266980171203613
BLCA,TCGA-FD-A6TK-01Z-00-DX1.B685DA87-72A6-4C38-8AA1-40B6E543383C,gigapath_flash,GigaPath-Flash,10x,2p5x,10×–2.5×,19445,0.7271615266799927
BLCA,TCGA-GU-AATP-01Z-00-DX1.0D8EC37C-88E7-49D5-A76D-F0A4A3FD8AE4,gigapath_flash,GigaPath-Flash,40x,10x,40×–10×,22018,0.7322387099266052
BLCA,TCGA-GU-AATP-01Z-00-DX1.0D8EC37C-88E7-49D5-A76D-F0A4A3FD8AE4,gigapath_flash,GigaPath-Flash,40x,2p5x,40×–2.5×,22018,0.49127620458602905
BLCA,TCGA-GU-AATP-01Z-00-DX1.0D8EC37C-88E7-49D5-A76D-F0A4A3FD8AE4,gigapath_flash,GigaPath-Flash,10x,2p5x,10×–2.5×,22018,0.6550938487052917
BLCA,TCGA-XF-A8HB-01Z-00-DX1.D6874152-D20A-4CA4-8E8B-8CBAB5F7D7B5,gigapath_flash,GigaPath-Flash,40x,10x,40×–10×,14662,0.7241758108139038
BLCA,TCGA-XF-A8HB-01Z-00-DX1.D6874152-D20A-4CA4-8E8B-8CBAB5F7D7B5,gigapath_flash,GigaPath-Flash,40x,2p5x,40×–2.5×,14662,0.4018641710281372
BLCA,TCGA-XF-A8HB-01Z-00-DX1.D6874152-D20A-4CA4-8E8B-8CBAB5F7D7B5,gigapath_flash,GigaPath-Flash,10x,2p5x,10×–2.5×,14662,0.5756698846817017
BLCA,TCGA-ZF-A9R1-01Z-00-DX1.74520759-D448-45B5-B8AD-45502C99A519,gigapath_flash,GigaPath-Flash,40x,10x,40×–10×,16065,0.7212799787521362
BLCA,TCGA-ZF-A9R1-01Z-00-DX1.74520759-D448-45B5-B8AD-45502C99A519,gigapath_flash,GigaPath-Flash,40x,2p5x,40×–2.5×,16065,0.47968319058418274
BLCA,TCGA-ZF-A9R1-01Z-00-DX1.74520759-D448-45B5-B8AD-45502C99A519,gigapath_flash,GigaPath-Flash,10x,2p5x,10×–2.5×,16065,0.6490795612335205
BLCA,TCGA-ZF-AA51-01Z-00-DX1.128C9731-C206-4E71-9A64-864FA9FD7E96,gigapath_flash,GigaPath-Flash,40x,10x,40×–10×,22108,0.7442511320114136
BLCA,TCGA-ZF-AA51-01Z-00-DX1.128C9731-C206-4E71-9A64-864FA9FD7E96,gigapath_flash,GigaPath-Flash,40x,2p5x,40×–2.5×,22108,0.49885979294776917
BLCA,TCGA-ZF-AA51-01Z-00-DX1.128C9731-C206-4E71-9A64-864FA9FD7E96,gigapath_flash,GigaPath-Flash,10x,2p5x,10×–2.5×,22108,0.5452051162719727
BRCA,TCGA-A7-A2KD-01Z-00-DX1.BFF2DFC8-1D95-4DC2-98FC-5BD7D7C6CDF5,gigapath_flash,GigaPath-Flash,40x,10x,40×–10×,13242,0.539359450340271
BRCA,TCGA-A7-A2KD-01Z-00-DX1.BFF2DFC8-1D95-4DC2-98FC-5BD7D7C6CDF5,gigapath_flash,GigaPath-Flash,40x,2p5x,40×–2.5×,13242,0.254952996969223
BRCA,TCGA-A7-A2KD-01Z-00-DX1.BFF2DFC8-1D95-4DC2-98FC-5BD7D7C6CDF5,gigapath_flash,GigaPath-Flash,10x,2p5x,10×–2.5×,13242,0.5634203553199768
BRCA,TCGA-AN-A0G0-01Z-00-DX1.BE0BB5DF-DEDA-48D8-B5D8-2735C767F28F,gigapath_flash,GigaPath-Flash,40x,10x,40×–10×,4987,0.678302526473999
BRCA,TCGA-AN-A0G0-01Z-00-DX1.BE0BB5DF-DEDA-48D8-B5D8-2735C767F28F,gigapath_flash,GigaPath-Flash,40x,2p5x,40×–2.5×,4987,0.48487353324890137
BRCA,TCGA-AN-A0G0-01Z-00-DX1.BE0BB5DF-DEDA-48D8-B5D8-2735C767F28F,gigapath_flash,GigaPath-Flash,10x,2p5x,10×–2.5×,4987,0.684357762336731
BRCA,TCGA-AQ-A04L-01Z-00-DX1.F35BF4DD-896A-43C2-8DA6-C67945C003BE,gigapath_flash,GigaPath-Flash,40x,10x,40×–10×,6966,0.7782765626907349
BRCA,TCGA-AQ-A04L-01Z-00-DX1.F35BF4DD-896A-43C2-8DA6-C67945C003BE,gigapath_flash,GigaPath-Flash,40x,2p5x,40×–2.5×,6966,0.5978081226348877
BRCA,TCGA-AQ-A04L-01Z-00-DX1.F35BF4DD-896A-43C2-8DA6-C67945C003BE,gigapath_flash,GigaPath-Flash,10x,2p5x,10×–2.5×,6966,0.7524221539497375
BRCA,TCGA-AR-A2LK-01Z-00-DX1.FBD59C38-CD4E-4C22-BC74-A57C192A9BBC,gigapath_flash,GigaPath-Flash,40x,10x,40×–10×,11925,0.6717398166656494
BRCA,TCGA-AR-A2LK-01Z-00-DX1.FBD59C38-CD4E-4C22-BC74-A57C192A9BBC,gigapath_flash,GigaPath-Flash,40x,2p5x,40×–2.5×,11925,0.42642921209335327
BRCA,TCGA-AR-A2LK-01Z-00-DX1.FBD59C38-CD4E-4C22-BC74-A57C192A9BBC,gigapath_flash,GigaPath-Flash,10x,2p5x,10×–2.5×,11925,0.5951922535896301
BRCA,TCGA-AR-A5QM-01Z-00-DX1.A9017CED-FF57-4090-95B9-94DC91854347,gigapath_flash,GigaPath-Flash,40x,10x,40×–10×,13639,0.6300105452537537
BRCA,TCGA-AR-A5QM-01Z-00-DX1.A9017CED-FF57-4090-95B9-94DC91854347,gigapath_flash,GigaPath-Flash,40x,2p5x,40×–2.5×,13639,0.39035478234291077
BRCA,TCGA-AR-A5QM-01Z-00-DX1.A9017CED-FF57-4090-95B9-94DC91854347,gigapath_flash,GigaPath-Flash,10x,2p5x,10×–2.5×,13639,0.5662634372711182
BRCA,TCGA-BH-A0C1-01Z-00-DX1.21FE357E-B182-4397-BFEF-7E96E994236A,gigapath_flash,GigaPath-Flash,40x,10x,40×–10×,14097,0.7626288533210754
BRCA,TCGA-BH-A0C1-01Z-00-DX1.21FE357E-B182-4397-BFEF-7E96E994236A,gigapath_flash,GigaPath-Flash,40x,2p5x,40×–2.5×,14097,0.6027513146400452
BRCA,TCGA-BH-A0C1-01Z-00-DX1.21FE357E-B182-4397-BFEF-7E96E994236A,gigapath_flash,GigaPath-Flash,10x,2p5x,10×–2.5×,14097,0.7849885821342468
BRCA,TCGA-D8-A1X8-01Z-00-DX1.DDA3866E-C7CC-4650-BE2B-5C9A98A2D531,gigapath_flash,GigaPath-Flash,40x,10x,40×–10×,13628,0.7774635553359985
BRCA,TCGA-D8-A1X8-01Z-00-DX1.DDA3866E-C7CC-4650-BE2B-5C9A98A2D531,gigapath_flash,GigaPath-Flash,40x,2p5x,40×–2.5×,13628,0.37077149748802185
BRCA,TCGA-D8-A1X8-01Z-00-DX1.DDA3866E-C7CC-4650-BE2B-5C9A98A2D531,gigapath_flash,GigaPath-Flash,10x,2p5x,10×–2.5×,13628,0.48805561661720276
BRCA,TCGA-E2-A14P-01Z-00-DX1.663B02FF-C64B-41A6-8685-FD61CD76F9C6,gigapath_flash,GigaPath-Flash,40x,10x,40×–10×,17521,0.8541707992553711
BRCA,TCGA-E2-A14P-01Z-00-DX1.663B02FF-C64B-41A6-8685-FD61CD76F9C6,gigapath_flash,GigaPath-Flash,40x,2p5x,40×–2.5×,17521,0.70957350730896
BRCA,TCGA-E2-A14P-01Z-00-DX1.663B02FF-C64B-41A6-8685-FD61CD76F9C6,gigapath_flash,GigaPath-Flash,10x,2p5x,10×–2.5×,17521,0.7900944352149963
BRCA,TCGA-E2-A1LA-01Z-00-DX1.AE49E943-B830-4ED9-B09E-E499441BC2EC,gigapath_flash,GigaPath-Flash,40x,10x,40×–10×,16576,0.7999365925788879
BRCA,TCGA-E2-A1LA-01Z-00-DX1.AE49E943-B830-4ED9-B09E-E499441BC2EC,gigapath_flash,GigaPath-Flash,40x,2p5x,40×–2.5×,16576,0.5841291546821594
BRCA,TCGA-E2-A1LA-01Z-00-DX1.AE49E943-B830-4ED9-B09E-E499441BC2EC,gigapath_flash,GigaPath-Flash,10x,2p5x,10×–2.5×,16576,0.7458112239837646
BRCA,TCGA-GM-A3XN-01Z-00-DX1.49F5C8AC-0328-4BC2-9FE2-E7150B7A42E2,gigapath_flash,GigaPath-Flash,40x,10x,40×–10×,18199,0.6819818615913391
BRCA,TCGA-GM-A3XN-01Z-00-DX1.49F5C8AC-0328-4BC2-9FE2-E7150B7A42E2,gigapath_flash,GigaPath-Flash,40x,2p5x,40×–2.5×,18199,0.49084731936454773
BRCA,TCGA-GM-A3XN-01Z-00-DX1.49F5C8AC-0328-4BC2-9FE2-E7150B7A42E2,gigapath_flash,GigaPath-Flash,10x,2p5x,10×–2.5×,18199,0.6767696738243103
COAD,TCGA-AY-A8YK-01Z-00-DX1.89E3C546-0425-449B-A6FB-1C35168EA7EB,gigapath_flash,GigaPath-Flash,40x,10x,40×–10×,8285,0.583629846572876
COAD,TCGA-AY-A8YK-01Z-00-DX1.89E3C546-0425-449B-A6FB-1C35168EA7EB,gigapath_flash,GigaPath-Flash,40x,2p5x,40×–2.5×,8285,0.37722504138946533
COAD,TCGA-AY-A8YK-01Z-00-DX1.89E3C546-0425-449B-A6FB-1C35168EA7EB,gigapath_flash,GigaPath-Flash,10x,2p5x,10×–2.5×,8285,0.6654544472694397
COAD,TCGA-CK-4947-01Z-00-DX1.b257d5fd-b97b-4987-b088-77f044ca7fe2,gigapath_flash,GigaPath-Flash,40x,10x,40×–10×,23336,0.6495545506477356
COAD,TCGA-CK-4947-01Z-00-DX1.b257d5fd-b97b-4987-b088-77f044ca7fe2,gigapath_flash,GigaPath-Flash,40x,2p5x,40×–2.5×,23336,0.40513333678245544
COAD,TCGA-CK-4947-01Z-00-DX1.b257d5fd-b97b-4987-b088-77f044ca7fe2,gigapath_flash,GigaPath-Flash,10x,2p5x,10×–2.5×,23336,0.6473852396011353
COAD,TCGA-CM-6168-01Z-00-DX1.96af6eb2-9d51-4671-baf8-1a73d0c66869,gigapath_flash,GigaPath-Flash,40x,10x,40×–10×,24102,0.767180860042572
COAD,TCGA-CM-6168-01Z-00-DX1.96af6eb2-9d51-4671-baf8-1a73d0c66869,gigapath_flash,GigaPath-Flash,40x,2p5x,40×–2.5×,24102,0.4933103024959564
COAD,TCGA-CM-6168-01Z-00-DX1.96af6eb2-9d51-4671-baf8-1a73d0c66869,gigapath_flash,GigaPath-Flash,10x,2p5x,10×–2.5×,24102,0.6535700559616089
COAD,TCGA-CM-6169-01Z-00-DX1.0381c243-02b8-4f1d-840c-19ef44d4b92c,gigapath_flash,GigaPath-Flash,40x,10x,40×–10×,18522,0.7529178857803345
COAD,TCGA-CM-6169-01Z-00-DX1.0381c243-02b8-4f1d-840c-19ef44d4b92c,gigapath_flash,GigaPath-Flash,40x,2p5x,40×–2.5×,18522,0.6020190119743347
COAD,TCGA-CM-6169-01Z-00-DX1.0381c243-02b8-4f1d-840c-19ef44d4b92c,gigapath_flash,GigaPath-Flash,10x,2p5x,10×–2.5×,18522,0.7605799436569214
COAD,TCGA-G4-6309-01Z-00-DX1.3eb20fdc-eb86-4bd5-8194-76b02d4fa472,gigapath_flash,GigaPath-Flash,40x,10x,40×–10×,17070,0.7622630596160889
COAD,TCGA-G4-6309-01Z-00-DX1.3eb20fdc-eb86-4bd5-8194-76b02d4fa472,gigapath_flash,GigaPath-Flash,40x,2p5x,40×–2.5×,17070,0.49986305832862854
COAD,TCGA-G4-6309-01Z-00-DX1.3eb20fdc-eb86-4bd5-8194-76b02d4fa472,gigapath_flash,GigaPath-Flash,10x,2p5x,10×–2.5×,17070,0.676083505153656
COAD,TCGA-G4-6310-01Z-00-DX1.b88472d4-3adc-4e4d-b0f2-0dc195a3d7df,gigapath_flash,GigaPath-Flash,40x,10x,40×–10×,16917,0.808619499206543
COAD,TCGA-G4-6310-01Z-00-DX1.b88472d4-3adc-4e4d-b0f2-0dc195a3d7df,gigapath_flash,GigaPath-Flash,40x,2p5x,40×–2.5×,16917,0.5539805293083191
COAD,TCGA-G4-6310-01Z-00-DX1.b88472d4-3adc-4e4d-b0f2-0dc195a3d7df,gigapath_flash,GigaPath-Flash,10x,2p5x,10×–2.5×,16917,0.720285177230835
COAD,TCGA-G4-6588-01Z-00-DX1.0747172e-f630-4b7c-9341-55078585ae00,gigapath_flash,GigaPath-Flash,40x,10x,40×–10×,20553,0.7479764819145203
COAD,TCGA-G4-6588-01Z-00-DX1.0747172e-f630-4b7c-9341-55078585ae00,gigapath_flash,GigaPath-Flash,40x,2p5x,40×–2.5×,20553,0.5531859993934631
COAD,TCGA-G4-6588-01Z-00-DX1.0747172e-f630-4b7c-9341-55078585ae00,gigapath_flash,GigaPath-Flash,10x,2p5x,10×–2.5×,20553,0.7605805993080139
HNSC,TCGA-BA-6871-01Z-00-DX1.4d9ca329-f8d5-4c31-a20f-9d4fba728326,gigapath_flash,GigaPath-Flash,40x,10x,40×–10×,14718,0.60548996925354
HNSC,TCGA-BA-6871-01Z-00-DX1.4d9ca329-f8d5-4c31-a20f-9d4fba728326,gigapath_flash,GigaPath-Flash,40x,2p5x,40×–2.5×,14718,0.24212421476840973
HNSC,TCGA-BA-6871-01Z-00-DX1.4d9ca329-f8d5-4c31-a20f-9d4fba728326,gigapath_flash,GigaPath-Flash,10x,2p5x,10×–2.5×,14718,0.39781448245048523
HNSC,TCGA-BA-6872-01Z-00-DX1.F99F6394-D319-4599-B124-D2A6692FA096,gigapath_flash,GigaPath-Flash,40x,10x,40×–10×,7720,0.6334899663925171
HNSC,TCGA-BA-6872-01Z-00-DX1.F99F6394-D319-4599-B124-D2A6692FA096,gigapath_flash,GigaPath-Flash,40x,2p5x,40×–2.5×,7720,0.4372296929359436
HNSC,TCGA-BA-6872-01Z-00-DX1.F99F6394-D319-4599-B124-D2A6692FA096,gigapath_flash,GigaPath-Flash,10x,2p5x,10×–2.5×,7720,0.6318718791007996
HNSC,TCGA-CN-A6V7-01A-01-TS1.F54912D3-1E21-4605-ACFC-142973524AE2,gigapath_flash,GigaPath-Flash,40x,10x,40×–10×,2536,0.5050420761108398
HNSC,TCGA-CN-A6V7-01A-01-TS1.F54912D3-1E21-4605-ACFC-142973524AE2,gigapath_flash,GigaPath-Flash,40x,2p5x,40×–2.5×,2536,0.21722818911075592
HNSC,TCGA-CN-A6V7-01A-01-TS1.F54912D3-1E21-4605-ACFC-142973524AE2,gigapath_flash,GigaPath-Flash,10x,2p5x,10×–2.5×,2536,0.48663249611854553
HNSC,TCGA-CV-6935-01Z-00-DX1.9C449CB2-FB6D-41D1-A4A6-3069DC84A697,gigapath_flash,GigaPath-Flash,40x,10x,40×–10×,12224,0.7737729549407959
HNSC,TCGA-CV-6935-01Z-00-DX1.9C449CB2-FB6D-41D1-A4A6-3069DC84A697,gigapath_flash,GigaPath-Flash,40x,2p5x,40×–2.5×,12224,0.6114399433135986
HNSC,TCGA-CV-6935-01Z-00-DX1.9C449CB2-FB6D-41D1-A4A6-3069DC84A697,gigapath_flash,GigaPath-Flash,10x,2p5x,10×–2.5×,12224,0.8232679963111877
HNSC,TCGA-CV-A45O-01Z-00-DX1.8CBD0CCC-C815-475D-87F9-76272F4F715B,gigapath_flash,GigaPath-Flash,40x,10x,40×–10×,14844,0.6989192962646484
HNSC,TCGA-CV-A45O-01Z-00-DX1.8CBD0CCC-C815-475D-87F9-76272F4F715B,gigapath_flash,GigaPath-Flash,40x,2p5x,40×–2.5×,14844,0.4672539532184601
HNSC,TCGA-CV-A45O-01Z-00-DX1.8CBD0CCC-C815-475D-87F9-76272F4F715B,gigapath_flash,GigaPath-Flash,10x,2p5x,10×–2.5×,14844,0.6279646754264832
HNSC,TCGA-CV-A6JE-01Z-00-DX1.20137D17-19B3-49FF-9C3D-60933157E409,gigapath_flash,GigaPath-Flash,40x,10x,40×–10×,26402,0.6450164914131165
HNSC,TCGA-CV-A6JE-01Z-00-DX1.20137D17-19B3-49FF-9C3D-60933157E409,gigapath_flash,GigaPath-Flash,40x,2p5x,40×–2.5×,26402,0.40791383385658264
HNSC,TCGA-CV-A6JE-01Z-00-DX1.20137D17-19B3-49FF-9C3D-60933157E409,gigapath_flash,GigaPath-Flash,10x,2p5x,10×–2.5×,26402,0.6163052916526794
HNSC,TCGA-CV-A6JU-01Z-00-DX1.35A3A1F0-9D6C-4794-B501-E56E48C51DF9,gigapath_flash,GigaPath-Flash,40x,10x,40×–10×,21938,0.672825038433075
HNSC,TCGA-CV-A6JU-01Z-00-DX1.35A3A1F0-9D6C-4794-B501-E56E48C51DF9,gigapath_flash,GigaPath-Flash,40x,2p5x,40×–2.5×,21938,0.4317282736301422
HNSC,TCGA-CV-A6JU-01Z-00-DX1.35A3A1F0-9D6C-4794-B501-E56E48C51DF9,gigapath_flash,GigaPath-Flash,10x,2p5x,10×–2.5×,21938,0.5812740325927734
HNSC,TCGA-UF-A719-01Z-00-DX1.4C4ECC2C-C390-4C5E-A709-CF08C113F1A1,gigapath_flash,GigaPath-Flash,40x,10x,40×–10×,21546,0.6421886682510376
HNSC,TCGA-UF-A719-01Z-00-DX1.4C4ECC2C-C390-4C5E-A709-CF08C113F1A1,gigapath_flash,GigaPath-Flash,40x,2p5x,40×–2.5×,21546,0.32582178711891174
HNSC,TCGA-UF-A719-01Z-00-DX1.4C4ECC2C-C390-4C5E-A709-CF08C113F1A1,gigapath_flash,GigaPath-Flash,10x,2p5x,10×–2.5×,21546,0.5619632005691528
KIRC,TCGA-A3-3346-01Z-00-DX1.95280216-fd71-4a03-b452-6e3d667f2542,gigapath_flash,GigaPath-Flash,40x,10x,40×–10×,2240,0.6624857783317566
KIRC,TCGA-A3-3346-01Z-00-DX1.95280216-fd71-4a03-b452-6e3d667f2542,gigapath_flash,GigaPath-Flash,40x,2p5x,40×–2.5×,2240,0.353674978017807
KIRC,TCGA-A3-3346-01Z-00-DX1.95280216-fd71-4a03-b452-6e3d667f2542,gigapath_flash,GigaPath-Flash,10x,2p5x,10×–2.5×,2240,0.5250613689422607
KIRC,TCGA-A3-A8CQ-01Z-00-DX1.78DA0827-5FB8-4B9F-A845-22F85830B5FB,gigapath_flash,GigaPath-Flash,40x,10x,40×–10×,1395,0.4831030070781708
KIRC,TCGA-A3-A8CQ-01Z-00-DX1.78DA0827-5FB8-4B9F-A845-22F85830B5FB,gigapath_flash,GigaPath-Flash,40x,2p5x,40×–2.5×,1395,0.22827889025211334
KIRC,TCGA-A3-A8CQ-01Z-00-DX1.78DA0827-5FB8-4B9F-A845-22F85830B5FB,gigapath_flash,GigaPath-Flash,10x,2p5x,10×–2.5×,1395,0.49252209067344666
KIRC,TCGA-AK-3444-01Z-00-DX1.1F0E0B47-29FF-456F-800A-539983FDCFAA,gigapath_flash,GigaPath-Flash,40x,10x,40×–10×,5029,0.7214524745941162
KIRC,TCGA-AK-3444-01Z-00-DX1.1F0E0B47-29FF-456F-800A-539983FDCFAA,gigapath_flash,GigaPath-Flash,40x,2p5x,40×–2.5×,5029,0.44427478313446045
KIRC,TCGA-AK-3444-01Z-00-DX1.1F0E0B47-29FF-456F-800A-539983FDCFAA,gigapath_flash,GigaPath-Flash,10x,2p5x,10×–2.5×,5029,0.5908486843109131
KIRC,TCGA-B0-5094-01Z-00-DX1.eac31fe2-09da-4ecf-8e25-c073cbb03295,gigapath_flash,GigaPath-Flash,40x,10x,40×–10×,23201,0.8004886507987976
KIRC,TCGA-B0-5094-01Z-00-DX1.eac31fe2-09da-4ecf-8e25-c073cbb03295,gigapath_flash,GigaPath-Flash,40x,2p5x,40×–2.5×,23201,0.6569628119468689
KIRC,TCGA-B0-5094-01Z-00-DX1.eac31fe2-09da-4ecf-8e25-c073cbb03295,gigapath_flash,GigaPath-Flash,10x,2p5x,10×–2.5×,23201,0.78520268201828
KIRC,TCGA-B0-5106-01Z-00-DX1.564e51a3-be50-4eed-ba9c-4d478b96ffc6,gigapath_flash,GigaPath-Flash,40x,10x,40×–10×,26156,0.7995941042900085
KIRC,TCGA-B0-5106-01Z-00-DX1.564e51a3-be50-4eed-ba9c-4d478b96ffc6,gigapath_flash,GigaPath-Flash,40x,2p5x,40×–2.5×,26156,0.5139390826225281
KIRC,TCGA-B0-5106-01Z-00-DX1.564e51a3-be50-4eed-ba9c-4d478b96ffc6,gigapath_flash,GigaPath-Flash,10x,2p5x,10×–2.5×,26156,0.6248230338096619
KIRC,TCGA-B0-5711-01Z-00-DX1.6839921f-ec08-4e94-8bf9-4b5a4fcdda45,gigapath_flash,GigaPath-Flash,40x,10x,40×–10×,23048,0.8299157619476318
KIRC,TCGA-B0-5711-01Z-00-DX1.6839921f-ec08-4e94-8bf9-4b5a4fcdda45,gigapath_flash,GigaPath-Flash,40x,2p5x,40×–2.5×,23048,0.6658626198768616
KIRC,TCGA-B0-5711-01Z-00-DX1.6839921f-ec08-4e94-8bf9-4b5a4fcdda45,gigapath_flash,GigaPath-Flash,10x,2p5x,10×–2.5×,23048,0.7767249941825867
KIRC,TCGA-B2-5633-01Z-00-DX1.c55a29ca-468e-46de-9ff5-a51f46fe09fd,gigapath_flash,GigaPath-Flash,40x,10x,40×–10×,3974,0.7607707381248474
KIRC,TCGA-B2-5633-01Z-00-DX1.c55a29ca-468e-46de-9ff5-a51f46fe09fd,gigapath_flash,GigaPath-Flash,40x,2p5x,40×–2.5×,3974,0.37540683150291443
KIRC,TCGA-B2-5633-01Z-00-DX1.c55a29ca-468e-46de-9ff5-a51f46fe09fd,gigapath_flash,GigaPath-Flash,10x,2p5x,10×–2.5×,3974,0.523753821849823
KIRC,TCGA-BP-4991-01Z-00-DX1.71305f5c-ca59-48fa-bb82-4b441c1fffdc,gigapath_flash,GigaPath-Flash,40x,10x,40×–10×,31068,0.7201277017593384
KIRC,TCGA-BP-4991-01Z-00-DX1.71305f5c-ca59-48fa-bb82-4b441c1fffdc,gigapath_flash,GigaPath-Flash,40x,2p5x,40×–2.5×,31068,0.6145535111427307
KIRC,TCGA-BP-4991-01Z-00-DX1.71305f5c-ca59-48fa-bb82-4b441c1fffdc,gigapath_flash,GigaPath-Flash,10x,2p5x,10×–2.5×,31068,0.8195275068283081
KIRC,TCGA-BP-5201-01Z-00-DX1.d1a9878e-bb97-48fb-9098-9d9337f06250,gigapath_flash,GigaPath-Flash,40x,10x,40×–10×,12763,0.7142859697341919
KIRC,TCGA-BP-5201-01Z-00-DX1.d1a9878e-bb97-48fb-9098-9d9337f06250,gigapath_flash,GigaPath-Flash,40x,2p5x,40×–2.5×,12763,0.4374467134475708
KIRC,TCGA-BP-5201-01Z-00-DX1.d1a9878e-bb97-48fb-9098-9d9337f06250,gigapath_flash,GigaPath-Flash,10x,2p5x,10×–2.5×,12763,0.6187891960144043
LUAD,TCGA-55-6986-01Z-00-DX1.ae52d41e-3cd6-4d36-b04b-2ea7d29bd8da,gigapath_flash,GigaPath-Flash,40x,10x,40×–10×,5951,0.6250463128089905
LUAD,TCGA-55-6986-01Z-00-DX1.ae52d41e-3cd6-4d36-b04b-2ea7d29bd8da,gigapath_flash,GigaPath-Flash,40x,2p5x,40×–2.5×,5951,0.3808145523071289
LUAD,TCGA-55-6986-01Z-00-DX1.ae52d41e-3cd6-4d36-b04b-2ea7d29bd8da,gigapath_flash,GigaPath-Flash,10x,2p5x,10×–2.5×,5951,0.6520722508430481
LUAD,TCGA-64-5779-01Z-00-DX1.B3268447-DCE0-4927-B5A9-EC4D61E9B17D,gigapath_flash,GigaPath-Flash,40x,10x,40×–10×,15338,0.6788190007209778
LUAD,TCGA-64-5779-01Z-00-DX1.B3268447-DCE0-4927-B5A9-EC4D61E9B17D,gigapath_flash,GigaPath-Flash,40x,2p5x,40×–2.5×,15338,0.23943378031253815
LUAD,TCGA-64-5779-01Z-00-DX1.B3268447-DCE0-4927-B5A9-EC4D61E9B17D,gigapath_flash,GigaPath-Flash,10x,2p5x,10×–2.5×,15338,0.3677115738391876
LUAD,TCGA-78-7158-01Z-00-DX1.74db3dcd-2715-4ce7-8e48-30c8b7946ba0,gigapath_flash,GigaPath-Flash,40x,10x,40×–10×,23198,0.5890108942985535
LUAD,TCGA-78-7158-01Z-00-DX1.74db3dcd-2715-4ce7-8e48-30c8b7946ba0,gigapath_flash,GigaPath-Flash,40x,2p5x,40×–2.5×,23198,0.3288131356239319
LUAD,TCGA-78-7158-01Z-00-DX1.74db3dcd-2715-4ce7-8e48-30c8b7946ba0,gigapath_flash,GigaPath-Flash,10x,2p5x,10×–2.5×,23198,0.6036061644554138
LUAD,TCGA-78-7163-01Z-00-DX1.42880bdf-271d-41dd-aada-e7ec1156ff31,gigapath_flash,GigaPath-Flash,40x,10x,40×–10×,21422,0.6688977479934692
LUAD,TCGA-78-7163-01Z-00-DX1.42880bdf-271d-41dd-aada-e7ec1156ff31,gigapath_flash,GigaPath-Flash,40x,2p5x,40×–2.5×,21422,0.3664384186267853
LUAD,TCGA-78-7163-01Z-00-DX1.42880bdf-271d-41dd-aada-e7ec1156ff31,gigapath_flash,GigaPath-Flash,10x,2p5x,10×–2.5×,21422,0.6033637523651123
LUAD,TCGA-78-7536-01Z-00-DX1.6b066140-8b82-40a5-bd48-430eeb4463fe,gigapath_flash,GigaPath-Flash,40x,10x,40×–10×,32971,0.3978581130504608
LUAD,TCGA-78-7536-01Z-00-DX1.6b066140-8b82-40a5-bd48-430eeb4463fe,gigapath_flash,GigaPath-Flash,40x,2p5x,40×–2.5×,32971,0.14664822816848755
LUAD,TCGA-78-7536-01Z-00-DX1.6b066140-8b82-40a5-bd48-430eeb4463fe,gigapath_flash,GigaPath-Flash,10x,2p5x,10×–2.5×,32971,0.3582337498664856
LUAD,TCGA-86-8668-01Z-00-DX1.d720d486-02c7-4f98-8feb-e0e50a12c158,gigapath_flash,GigaPath-Flash,40x,10x,40×–10×,14624,0.7019153237342834
LUAD,TCGA-86-8668-01Z-00-DX1.d720d486-02c7-4f98-8feb-e0e50a12c158,gigapath_flash,GigaPath-Flash,40x,2p5x,40×–2.5×,14624,0.4906010925769806
LUAD,TCGA-86-8668-01Z-00-DX1.d720d486-02c7-4f98-8feb-e0e50a12c158,gigapath_flash,GigaPath-Flash,10x,2p5x,10×–2.5×,14624,0.6849546432495117
LUAD,TCGA-97-A4LX-01Z-00-DX1.B2334672-A626-4E74-B4D1-A79F70F65909,gigapath_flash,GigaPath-Flash,40x,10x,40×–10×,19346,0.5332859754562378
LUAD,TCGA-97-A4LX-01Z-00-DX1.B2334672-A626-4E74-B4D1-A79F70F65909,gigapath_flash,GigaPath-Flash,40x,2p5x,40×–2.5×,19346,0.31113722920417786
LUAD,TCGA-97-A4LX-01Z-00-DX1.B2334672-A626-4E74-B4D1-A79F70F65909,gigapath_flash,GigaPath-Flash,10x,2p5x,10×–2.5×,19346,0.6541091799736023
LUAD,TCGA-97-A4M2-01Z-00-DX1.5C72522C-1538-4D68-B517-5FB05A9D401A,gigapath_flash,GigaPath-Flash,40x,10x,40×–10×,8962,0.6917548179626465
LUAD,TCGA-97-A4M2-01Z-00-DX1.5C72522C-1538-4D68-B517-5FB05A9D401A,gigapath_flash,GigaPath-Flash,40x,2p5x,40×–2.5×,8962,0.4948479235172272
LUAD,TCGA-97-A4M2-01Z-00-DX1.5C72522C-1538-4D68-B517-5FB05A9D401A,gigapath_flash,GigaPath-Flash,10x,2p5x,10×–2.5×,8962,0.7253171801567078
LUAD,TCGA-J2-A4AE-01Z-00-DX1.42C5DE4A-7787-4E59-8969-D12503262C96,gigapath_flash,GigaPath-Flash,40x,10x,40×–10×,14491,0.7506291270256042
LUAD,TCGA-J2-A4AE-01Z-00-DX1.42C5DE4A-7787-4E59-8969-D12503262C96,gigapath_flash,GigaPath-Flash,40x,2p5x,40×–2.5×,14491,0.5289802551269531
LUAD,TCGA-J2-A4AE-01Z-00-DX1.42C5DE4A-7787-4E59-8969-D12503262C96,gigapath_flash,GigaPath-Flash,10x,2p5x,10×–2.5×,14491,0.7200199961662292
STAD,TCGA-BR-6452-01Z-00-DX1.aec8246e-9dce-436d-9faa-df8fa1f6e47c,gigapath_flash,GigaPath-Flash,40x,10x,40×–10×,15303,0.5857148170471191
STAD,TCGA-BR-6452-01Z-00-DX1.aec8246e-9dce-436d-9faa-df8fa1f6e47c,gigapath_flash,GigaPath-Flash,40x,2p5x,40×–2.5×,15303,0.34487298130989075
STAD,TCGA-BR-6452-01Z-00-DX1.aec8246e-9dce-436d-9faa-df8fa1f6e47c,gigapath_flash,GigaPath-Flash,10x,2p5x,10×–2.5×,15303,0.6565189361572266
STAD,TCGA-BR-6454-01Z-00-DX1.63fb6280-2b43-49b2-960a-eb9c0e8b617c,gigapath_flash,GigaPath-Flash,40x,10x,40×–10×,15740,0.450649619102478
STAD,TCGA-BR-6454-01Z-00-DX1.63fb6280-2b43-49b2-960a-eb9c0e8b617c,gigapath_flash,GigaPath-Flash,40x,2p5x,40×–2.5×,15740,0.1548357605934143
STAD,TCGA-BR-6454-01Z-00-DX1.63fb6280-2b43-49b2-960a-eb9c0e8b617c,gigapath_flash,GigaPath-Flash,10x,2p5x,10×–2.5×,15740,0.3929460644721985
STAD,TCGA-BR-A4CQ-01Z-00-DX1.B63282A5-154D-441B-BF96-5BB26CB6D95E,gigapath_flash,GigaPath-Flash,40x,10x,40×–10×,13809,0.7173916101455688
STAD,TCGA-BR-A4CQ-01Z-00-DX1.B63282A5-154D-441B-BF96-5BB26CB6D95E,gigapath_flash,GigaPath-Flash,40x,2p5x,40×–2.5×,13809,0.49738654494285583
STAD,TCGA-BR-A4CQ-01Z-00-DX1.B63282A5-154D-441B-BF96-5BB26CB6D95E,gigapath_flash,GigaPath-Flash,10x,2p5x,10×–2.5×,13809,0.6899434924125671
STAD,TCGA-CD-A487-01Z-00-DX1.A026BD2F-B721-4340-83D5-7AA39227C90F,gigapath_flash,GigaPath-Flash,40x,10x,40×–10×,20251,0.6181129813194275
STAD,TCGA-CD-A487-01Z-00-DX1.A026BD2F-B721-4340-83D5-7AA39227C90F,gigapath_flash,GigaPath-Flash,40x,2p5x,40×–2.5×,20251,0.43067628145217896
STAD,TCGA-CD-A487-01Z-00-DX1.A026BD2F-B721-4340-83D5-7AA39227C90F,gigapath_flash,GigaPath-Flash,10x,2p5x,10×–2.5×,20251,0.5079225301742554
STAD,TCGA-FP-8209-01Z-00-DX1.a5e13081-1631-44d4-8d6a-c229a22c2311,gigapath_flash,GigaPath-Flash,40x,10x,40×–10×,3901,0.7074611186981201
STAD,TCGA-FP-8209-01Z-00-DX1.a5e13081-1631-44d4-8d6a-c229a22c2311,gigapath_flash,GigaPath-Flash,40x,2p5x,40×–2.5×,3901,0.425769567489624
STAD,TCGA-FP-8209-01Z-00-DX1.a5e13081-1631-44d4-8d6a-c229a22c2311,gigapath_flash,GigaPath-Flash,10x,2p5x,10×–2.5×,3901,0.5585161447525024
STAD,TCGA-SW-A7EA-01Z-00-DX1.C5E1BE0E-0A25-4480-A3AC-DB2ED7471A4E,gigapath_flash,GigaPath-Flash,40x,10x,40×–10×,6449,0.9100417494773865
STAD,TCGA-SW-A7EA-01Z-00-DX1.C5E1BE0E-0A25-4480-A3AC-DB2ED7471A4E,gigapath_flash,GigaPath-Flash,40x,2p5x,40×–2.5×,6449,0.812956690788269
STAD,TCGA-SW-A7EA-01Z-00-DX1.C5E1BE0E-0A25-4480-A3AC-DB2ED7471A4E,gigapath_flash,GigaPath-Flash,10x,2p5x,10×–2.5×,6449,0.8558523058891296
STAD,TCGA-VQ-A8PY-01Z-00-DX1.EA2C7386-012A-442A-95B3-FFA12BD2684D,gigapath_flash,GigaPath-Flash,40x,10x,40×–10×,22399,0.7255885601043701
STAD,TCGA-VQ-A8PY-01Z-00-DX1.EA2C7386-012A-442A-95B3-FFA12BD2684D,gigapath_flash,GigaPath-Flash,40x,2p5x,40×–2.5×,22399,0.4904317855834961
STAD,TCGA-VQ-A8PY-01Z-00-DX1.EA2C7386-012A-442A-95B3-FFA12BD2684D,gigapath_flash,GigaPath-Flash,10x,2p5x,10×–2.5×,22399,0.7023594975471497
STAD,TCGA-VQ-A924-01Z-00-DX1.736B41F3-9678-4FAF-AE86-FCAC4F6DCBD3,gigapath_flash,GigaPath-Flash,40x,10x,40×–10×,12960,0.5928091406822205
STAD,TCGA-VQ-A924-01Z-00-DX1.736B41F3-9678-4FAF-AE86-FCAC4F6DCBD3,gigapath_flash,GigaPath-Flash,40x,2p5x,40×–2.5×,12960,0.3105944097042084
STAD,TCGA-VQ-A924-01Z-00-DX1.736B41F3-9678-4FAF-AE86-FCAC4F6DCBD3,gigapath_flash,GigaPath-Flash,10x,2p5x,10×–2.5×,12960,0.5473986864089966
STAD,TCGA-ZQ-A9CR-01Z-00-DX1.C9AC9991-7054-4068-A7AA-9D1EB7F040A3,gigapath_flash,GigaPath-Flash,40x,10x,40×–10×,31585,0.875264048576355
STAD,TCGA-ZQ-A9CR-01Z-00-DX1.C9AC9991-7054-4068-A7AA-9D1EB7F040A3,gigapath_flash,GigaPath-Flash,40x,2p5x,40×–2.5×,31585,0.8128137588500977
STAD,TCGA-ZQ-A9CR-01Z-00-DX1.C9AC9991-7054-4068-A7AA-9D1EB7F040A3,gigapath_flash,GigaPath-Flash,10x,2p5x,10×–2.5×,31585,0.8491979241371155
UCEC,TCGA-A5-A0GX-01Z-00-DX1.7E713D1A-5858-4648-957D-77189E43CFAA,gigapath_flash,GigaPath-Flash,40x,10x,40×–10×,26039,0.7002518177032471
UCEC,TCGA-A5-A0GX-01Z-00-DX1.7E713D1A-5858-4648-957D-77189E43CFAA,gigapath_flash,GigaPath-Flash,40x,2p5x,40×–2.5×,26039,0.5339900851249695
UCEC,TCGA-A5-A0GX-01Z-00-DX1.7E713D1A-5858-4648-957D-77189E43CFAA,gigapath_flash,GigaPath-Flash,10x,2p5x,10×–2.5×,26039,0.7459378838539124
UCEC,TCGA-A5-A0R7-01Z-00-DX1.D21E6974-22A3-4A68-8B4E-14E84A7A50A5,gigapath_flash,GigaPath-Flash,40x,10x,40×–10×,45564,0.6652148365974426
UCEC,TCGA-A5-A0R7-01Z-00-DX1.D21E6974-22A3-4A68-8B4E-14E84A7A50A5,gigapath_flash,GigaPath-Flash,40x,2p5x,40×–2.5×,45564,0.47265303134918213
UCEC,TCGA-A5-A0R7-01Z-00-DX1.D21E6974-22A3-4A68-8B4E-14E84A7A50A5,gigapath_flash,GigaPath-Flash,10x,2p5x,10×–2.5×,45564,0.7513585686683655
UCEC,TCGA-AX-A05U-01Z-00-DX1.1EBFC727-B5D5-4543-BBA9-4254ABD3D584,gigapath_flash,GigaPath-Flash,40x,10x,40×–10×,42082,0.7274891138076782
UCEC,TCGA-AX-A05U-01Z-00-DX1.1EBFC727-B5D5-4543-BBA9-4254ABD3D584,gigapath_flash,GigaPath-Flash,40x,2p5x,40×–2.5×,42082,0.47192084789276123
UCEC,TCGA-AX-A05U-01Z-00-DX1.1EBFC727-B5D5-4543-BBA9-4254ABD3D584,gigapath_flash,GigaPath-Flash,10x,2p5x,10×–2.5×,42082,0.6399721503257751
UCEC,TCGA-AX-A06B-01Z-00-DX2.1757C039-99F7-4087-A9E5-D340AF7220D4,gigapath_flash,GigaPath-Flash,40x,10x,40×–10×,10560,0.680751621723175
UCEC,TCGA-AX-A06B-01Z-00-DX2.1757C039-99F7-4087-A9E5-D340AF7220D4,gigapath_flash,GigaPath-Flash,40x,2p5x,40×–2.5×,10560,0.3507953882217407
UCEC,TCGA-AX-A06B-01Z-00-DX2.1757C039-99F7-4087-A9E5-D340AF7220D4,gigapath_flash,GigaPath-Flash,10x,2p5x,10×–2.5×,10560,0.44631922245025635
UCEC,TCGA-AX-A0J0-01Z-00-DX2.56C668BE-03B8-4B87-A226-AABD97D53C38,gigapath_flash,GigaPath-Flash,40x,10x,40×–10×,34978,0.8029531240463257
UCEC,TCGA-AX-A0J0-01Z-00-DX2.56C668BE-03B8-4B87-A226-AABD97D53C38,gigapath_flash,GigaPath-Flash,40x,2p5x,40×–2.5×,34978,0.601752758026123
UCEC,TCGA-AX-A0J0-01Z-00-DX2.56C668BE-03B8-4B87-A226-AABD97D53C38,gigapath_flash,GigaPath-Flash,10x,2p5x,10×–2.5×,34978,0.732539713382721
UCEC,TCGA-B5-A11F-01Z-00-DX1.3F1C053D-E81E-4C8D-965D-6F3DE29D9511,gigapath_flash,GigaPath-Flash,40x,10x,40×–10×,22717,0.7801629304885864
UCEC,TCGA-B5-A11F-01Z-00-DX1.3F1C053D-E81E-4C8D-965D-6F3DE29D9511,gigapath_flash,GigaPath-Flash,40x,2p5x,40×–2.5×,22717,0.5451480746269226
UCEC,TCGA-B5-A11F-01Z-00-DX1.3F1C053D-E81E-4C8D-965D-6F3DE29D9511,gigapath_flash,GigaPath-Flash,10x,2p5x,10×–2.5×,22717,0.6756528615951538
UCEC,TCGA-BG-A0W1-01Z-00-DX1.8E06269C-1278-478B-A128-59FA911B1649,gigapath_flash,GigaPath-Flash,40x,10x,40×–10×,26648,0.8466874361038208
UCEC,TCGA-BG-A0W1-01Z-00-DX1.8E06269C-1278-478B-A128-59FA911B1649,gigapath_flash,GigaPath-Flash,40x,2p5x,40×–2.5×,26648,0.6391852498054504
UCEC,TCGA-BG-A0W1-01Z-00-DX1.8E06269C-1278-478B-A128-59FA911B1649,gigapath_flash,GigaPath-Flash,10x,2p5x,10×–2.5×,26648,0.7200875878334045
UCEC,TCGA-EY-A1GQ-01Z-00-DX1.03D52C6F-515E-4A4F-A08E-31D773BCC67F,gigapath_flash,GigaPath-Flash,40x,10x,40×–10×,20550,0.47874826192855835
UCEC,TCGA-EY-A1GQ-01Z-00-DX1.03D52C6F-515E-4A4F-A08E-31D773BCC67F,gigapath_flash,GigaPath-Flash,40x,2p5x,40×–2.5×,20550,0.23934102058410645
UCEC,TCGA-EY-A1GQ-01Z-00-DX1.03D52C6F-515E-4A4F-A08E-31D773BCC67F,gigapath_flash,GigaPath-Flash,10x,2p5x,10×–2.5×,20550,0.5077877640724182
UCEC,TCGA-FI-A2EX-01Z-00-DX1.127F5153-745D-43E6-83CA-DE2738702C62,gigapath_flash,GigaPath-Flash,40x,10x,40×–10×,21945,0.6120270490646362
UCEC,TCGA-FI-A2EX-01Z-00-DX1.127F5153-745D-43E6-83CA-DE2738702C62,gigapath_flash,GigaPath-Flash,40x,2p5x,40×–2.5×,21945,0.39979782700538635
UCEC,TCGA-FI-A2EX-01Z-00-DX1.127F5153-745D-43E6-83CA-DE2738702C62,gigapath_flash,GigaPath-Flash,10x,2p5x,10×–2.5×,21945,0.544596791267395
BLCA,TCGA-CF-A3MF-01Z-00-DX1.91768C26-5BB1-4DE6-9737-AA26BD687A75,midnight,Midnight,40x,10x,40×–10×,26138,0.8055691123008728
BLCA,TCGA-CF-A3MF-01Z-00-DX1.91768C26-5BB1-4DE6-9737-AA26BD687A75,midnight,Midnight,40x,2p5x,40×–2.5×,26138,0.6748826503753662
BLCA,TCGA-CF-A3MF-01Z-00-DX1.91768C26-5BB1-4DE6-9737-AA26BD687A75,midnight,Midnight,10x,2p5x,10×–2.5×,26138,0.8593717813491821
BLCA,TCGA-CU-A0YN-01Z-00-DX1.6C5EAAAF-8F14-49D3-8FFC-9BDAE56CAFD0,midnight,Midnight,40x,10x,40×–10×,2880,0.418070912361145
BLCA,TCGA-CU-A0YN-01Z-00-DX1.6C5EAAAF-8F14-49D3-8FFC-9BDAE56CAFD0,midnight,Midnight,40x,2p5x,40×–2.5×,2880,0.13255883753299713
BLCA,TCGA-CU-A0YN-01Z-00-DX1.6C5EAAAF-8F14-49D3-8FFC-9BDAE56CAFD0,midnight,Midnight,10x,2p5x,10×–2.5×,2880,0.5423848628997803
BLCA,TCGA-DK-A6AW-01Z-00-DX1.C2453A8C-8282-443C-9E76-5B6CAD2FE69B,midnight,Midnight,40x,10x,40×–10×,15233,0.9232834577560425
BLCA,TCGA-DK-A6AW-01Z-00-DX1.C2453A8C-8282-443C-9E76-5B6CAD2FE69B,midnight,Midnight,40x,2p5x,40×–2.5×,15233,0.8567050099372864
BLCA,TCGA-DK-A6AW-01Z-00-DX1.C2453A8C-8282-443C-9E76-5B6CAD2FE69B,midnight,Midnight,10x,2p5x,10×–2.5×,15233,0.933906614780426
BLCA,TCGA-DK-AA6L-01A-01-TSA.5794F0C6-9ED6-489A-9621-18CCC5935548,midnight,Midnight,40x,10x,40×–10×,7165,0.6044144630432129
BLCA,TCGA-DK-AA6L-01A-01-TSA.5794F0C6-9ED6-489A-9621-18CCC5935548,midnight,Midnight,40x,2p5x,40×–2.5×,7165,0.15961916744709015
BLCA,TCGA-DK-AA6L-01A-01-TSA.5794F0C6-9ED6-489A-9621-18CCC5935548,midnight,Midnight,10x,2p5x,10×–2.5×,7165,0.28087523579597473
BLCA,TCGA-DK-AA77-01A-01-TSA.26CAF5CB-CC4F-4522-BD2B-343FB70205FE,midnight,Midnight,40x,10x,40×–10×,3872,0.33336177468299866
BLCA,TCGA-DK-AA77-01A-01-TSA.26CAF5CB-CC4F-4522-BD2B-343FB70205FE,midnight,Midnight,40x,2p5x,40×–2.5×,3872,0.0956033393740654
BLCA,TCGA-DK-AA77-01A-01-TSA.26CAF5CB-CC4F-4522-BD2B-343FB70205FE,midnight,Midnight,10x,2p5x,10×–2.5×,3872,0.19355377554893494
BLCA,TCGA-FD-A6TK-01Z-00-DX1.B685DA87-72A6-4C38-8AA1-40B6E543383C,midnight,Midnight,40x,10x,40×–10×,19445,0.8483485579490662
BLCA,TCGA-FD-A6TK-01Z-00-DX1.B685DA87-72A6-4C38-8AA1-40B6E543383C,midnight,Midnight,40x,2p5x,40×–2.5×,19445,0.6885531544685364
BLCA,TCGA-FD-A6TK-01Z-00-DX1.B685DA87-72A6-4C38-8AA1-40B6E543383C,midnight,Midnight,10x,2p5x,10×–2.5×,19445,0.8588169813156128
BLCA,TCGA-GU-AATP-01Z-00-DX1.0D8EC37C-88E7-49D5-A76D-F0A4A3FD8AE4,midnight,Midnight,40x,10x,40×–10×,22018,0.8395577669143677
BLCA,TCGA-GU-AATP-01Z-00-DX1.0D8EC37C-88E7-49D5-A76D-F0A4A3FD8AE4,midnight,Midnight,40x,2p5x,40×–2.5×,22018,0.6564082503318787
BLCA,TCGA-GU-AATP-01Z-00-DX1.0D8EC37C-88E7-49D5-A76D-F0A4A3FD8AE4,midnight,Midnight,10x,2p5x,10×–2.5×,22018,0.8186905384063721
BLCA,TCGA-XF-A8HB-01Z-00-DX1.D6874152-D20A-4CA4-8E8B-8CBAB5F7D7B5,midnight,Midnight,40x,10x,40×–10×,14662,0.7849103808403015
BLCA,TCGA-XF-A8HB-01Z-00-DX1.D6874152-D20A-4CA4-8E8B-8CBAB5F7D7B5,midnight,Midnight,40x,2p5x,40×–2.5×,14662,0.45664989948272705
BLCA,TCGA-XF-A8HB-01Z-00-DX1.D6874152-D20A-4CA4-8E8B-8CBAB5F7D7B5,midnight,Midnight,10x,2p5x,10×–2.5×,14662,0.7515382766723633
BLCA,TCGA-ZF-A9R1-01Z-00-DX1.74520759-D448-45B5-B8AD-45502C99A519,midnight,Midnight,40x,10x,40×–10×,16065,0.7655198574066162
BLCA,TCGA-ZF-A9R1-01Z-00-DX1.74520759-D448-45B5-B8AD-45502C99A519,midnight,Midnight,40x,2p5x,40×–2.5×,16065,0.5727586150169373
BLCA,TCGA-ZF-A9R1-01Z-00-DX1.74520759-D448-45B5-B8AD-45502C99A519,midnight,Midnight,10x,2p5x,10×–2.5×,16065,0.8052836656570435
BLCA,TCGA-ZF-AA51-01Z-00-DX1.128C9731-C206-4E71-9A64-864FA9FD7E96,midnight,Midnight,40x,10x,40×–10×,22108,0.8537243604660034
BLCA,TCGA-ZF-AA51-01Z-00-DX1.128C9731-C206-4E71-9A64-864FA9FD7E96,midnight,Midnight,40x,2p5x,40×–2.5×,22108,0.7131522297859192
BLCA,TCGA-ZF-AA51-01Z-00-DX1.128C9731-C206-4E71-9A64-864FA9FD7E96,midnight,Midnight,10x,2p5x,10×–2.5×,22108,0.8230672478675842
BRCA,TCGA-A7-A2KD-01Z-00-DX1.BFF2DFC8-1D95-4DC2-98FC-5BD7D7C6CDF5,midnight,Midnight,40x,10x,40×–10×,13242,0.6896827816963196
BRCA,TCGA-A7-A2KD-01Z-00-DX1.BFF2DFC8-1D95-4DC2-98FC-5BD7D7C6CDF5,midnight,Midnight,40x,2p5x,40×–2.5×,13242,0.5227751135826111
BRCA,TCGA-A7-A2KD-01Z-00-DX1.BFF2DFC8-1D95-4DC2-98FC-5BD7D7C6CDF5,midnight,Midnight,10x,2p5x,10×–2.5×,13242,0.787890613079071
BRCA,TCGA-AN-A0G0-01Z-00-DX1.BE0BB5DF-DEDA-48D8-B5D8-2735C767F28F,midnight,Midnight,40x,10x,40×–10×,4987,0.6917462348937988
BRCA,TCGA-AN-A0G0-01Z-00-DX1.BE0BB5DF-DEDA-48D8-B5D8-2735C767F28F,midnight,Midnight,40x,2p5x,40×–2.5×,4987,0.5342612862586975
BRCA,TCGA-AN-A0G0-01Z-00-DX1.BE0BB5DF-DEDA-48D8-B5D8-2735C767F28F,midnight,Midnight,10x,2p5x,10×–2.5×,4987,0.8583331108093262
BRCA,TCGA-AQ-A04L-01Z-00-DX1.F35BF4DD-896A-43C2-8DA6-C67945C003BE,midnight,Midnight,40x,10x,40×–10×,6966,0.8444020748138428
BRCA,TCGA-AQ-A04L-01Z-00-DX1.F35BF4DD-896A-43C2-8DA6-C67945C003BE,midnight,Midnight,40x,2p5x,40×–2.5×,6966,0.7168686389923096
BRCA,TCGA-AQ-A04L-01Z-00-DX1.F35BF4DD-896A-43C2-8DA6-C67945C003BE,midnight,Midnight,10x,2p5x,10×–2.5×,6966,0.8647087812423706
BRCA,TCGA-AR-A2LK-01Z-00-DX1.FBD59C38-CD4E-4C22-BC74-A57C192A9BBC,midnight,Midnight,40x,10x,40×–10×,11925,0.7620289921760559
BRCA,TCGA-AR-A2LK-01Z-00-DX1.FBD59C38-CD4E-4C22-BC74-A57C192A9BBC,midnight,Midnight,40x,2p5x,40×–2.5×,11925,0.49094638228416443
BRCA,TCGA-AR-A2LK-01Z-00-DX1.FBD59C38-CD4E-4C22-BC74-A57C192A9BBC,midnight,Midnight,10x,2p5x,10×–2.5×,11925,0.6151549220085144
BRCA,TCGA-AR-A5QM-01Z-00-DX1.A9017CED-FF57-4090-95B9-94DC91854347,midnight,Midnight,40x,10x,40×–10×,13639,0.6799795031547546
BRCA,TCGA-AR-A5QM-01Z-00-DX1.A9017CED-FF57-4090-95B9-94DC91854347,midnight,Midnight,40x,2p5x,40×–2.5×,13639,0.4515371024608612
BRCA,TCGA-AR-A5QM-01Z-00-DX1.A9017CED-FF57-4090-95B9-94DC91854347,midnight,Midnight,10x,2p5x,10×–2.5×,13639,0.7037562131881714
BRCA,TCGA-BH-A0C1-01Z-00-DX1.21FE357E-B182-4397-BFEF-7E96E994236A,midnight,Midnight,40x,10x,40×–10×,14097,0.8589422702789307
BRCA,TCGA-BH-A0C1-01Z-00-DX1.21FE357E-B182-4397-BFEF-7E96E994236A,midnight,Midnight,40x,2p5x,40×–2.5×,14097,0.7442941069602966
BRCA,TCGA-BH-A0C1-01Z-00-DX1.21FE357E-B182-4397-BFEF-7E96E994236A,midnight,Midnight,10x,2p5x,10×–2.5×,14097,0.8756066560745239
BRCA,TCGA-D8-A1X8-01Z-00-DX1.DDA3866E-C7CC-4650-BE2B-5C9A98A2D531,midnight,Midnight,40x,10x,40×–10×,13628,0.8293318748474121
BRCA,TCGA-D8-A1X8-01Z-00-DX1.DDA3866E-C7CC-4650-BE2B-5C9A98A2D531,midnight,Midnight,40x,2p5x,40×–2.5×,13628,0.6539421677589417
BRCA,TCGA-D8-A1X8-01Z-00-DX1.DDA3866E-C7CC-4650-BE2B-5C9A98A2D531,midnight,Midnight,10x,2p5x,10×–2.5×,13628,0.819979727268219
BRCA,TCGA-E2-A14P-01Z-00-DX1.663B02FF-C64B-41A6-8685-FD61CD76F9C6,midnight,Midnight,40x,10x,40×–10×,17521,0.8642423152923584
BRCA,TCGA-E2-A14P-01Z-00-DX1.663B02FF-C64B-41A6-8685-FD61CD76F9C6,midnight,Midnight,40x,2p5x,40×–2.5×,17521,0.7673923373222351
BRCA,TCGA-E2-A14P-01Z-00-DX1.663B02FF-C64B-41A6-8685-FD61CD76F9C6,midnight,Midnight,10x,2p5x,10×–2.5×,17521,0.8581353425979614
BRCA,TCGA-E2-A1LA-01Z-00-DX1.AE49E943-B830-4ED9-B09E-E499441BC2EC,midnight,Midnight,40x,10x,40×–10×,16576,0.8441604971885681
BRCA,TCGA-E2-A1LA-01Z-00-DX1.AE49E943-B830-4ED9-B09E-E499441BC2EC,midnight,Midnight,40x,2p5x,40×–2.5×,16576,0.7077919244766235
BRCA,TCGA-E2-A1LA-01Z-00-DX1.AE49E943-B830-4ED9-B09E-E499441BC2EC,midnight,Midnight,10x,2p5x,10×–2.5×,16576,0.8528542518615723
BRCA,TCGA-GM-A3XN-01Z-00-DX1.49F5C8AC-0328-4BC2-9FE2-E7150B7A42E2,midnight,Midnight,40x,10x,40×–10×,18199,0.7767164707183838
BRCA,TCGA-GM-A3XN-01Z-00-DX1.49F5C8AC-0328-4BC2-9FE2-E7150B7A42E2,midnight,Midnight,40x,2p5x,40×–2.5×,18199,0.6086083650588989
BRCA,TCGA-GM-A3XN-01Z-00-DX1.49F5C8AC-0328-4BC2-9FE2-E7150B7A42E2,midnight,Midnight,10x,2p5x,10×–2.5×,18199,0.8405885696411133
COAD,TCGA-AY-A8YK-01Z-00-DX1.89E3C546-0425-449B-A6FB-1C35168EA7EB,midnight,Midnight,40x,10x,40×–10×,8285,0.680799126625061
COAD,TCGA-AY-A8YK-01Z-00-DX1.89E3C546-0425-449B-A6FB-1C35168EA7EB,midnight,Midnight,40x,2p5x,40×–2.5×,8285,0.5385997295379639
COAD,TCGA-AY-A8YK-01Z-00-DX1.89E3C546-0425-449B-A6FB-1C35168EA7EB,midnight,Midnight,10x,2p5x,10×–2.5×,8285,0.898490846157074
COAD,TCGA-CK-4947-01Z-00-DX1.b257d5fd-b97b-4987-b088-77f044ca7fe2,midnight,Midnight,40x,10x,40×–10×,23336,0.7432986497879028
COAD,TCGA-CK-4947-01Z-00-DX1.b257d5fd-b97b-4987-b088-77f044ca7fe2,midnight,Midnight,40x,2p5x,40×–2.5×,23336,0.5702750086784363
COAD,TCGA-CK-4947-01Z-00-DX1.b257d5fd-b97b-4987-b088-77f044ca7fe2,midnight,Midnight,10x,2p5x,10×–2.5×,23336,0.7516466975212097
COAD,TCGA-CM-6168-01Z-00-DX1.96af6eb2-9d51-4671-baf8-1a73d0c66869,midnight,Midnight,40x,10x,40×–10×,24102,0.871218204498291
COAD,TCGA-CM-6168-01Z-00-DX1.96af6eb2-9d51-4671-baf8-1a73d0c66869,midnight,Midnight,40x,2p5x,40×–2.5×,24102,0.7185505032539368
COAD,TCGA-CM-6168-01Z-00-DX1.96af6eb2-9d51-4671-baf8-1a73d0c66869,midnight,Midnight,10x,2p5x,10×–2.5×,24102,0.8602988123893738
COAD,TCGA-CM-6169-01Z-00-DX1.0381c243-02b8-4f1d-840c-19ef44d4b92c,midnight,Midnight,40x,10x,40×–10×,18522,0.8274741768836975
COAD,TCGA-CM-6169-01Z-00-DX1.0381c243-02b8-4f1d-840c-19ef44d4b92c,midnight,Midnight,40x,2p5x,40×–2.5×,18522,0.6718639135360718
COAD,TCGA-CM-6169-01Z-00-DX1.0381c243-02b8-4f1d-840c-19ef44d4b92c,midnight,Midnight,10x,2p5x,10×–2.5×,18522,0.8402699828147888
COAD,TCGA-G4-6309-01Z-00-DX1.3eb20fdc-eb86-4bd5-8194-76b02d4fa472,midnight,Midnight,40x,10x,40×–10×,17070,0.8544263243675232
COAD,TCGA-G4-6309-01Z-00-DX1.3eb20fdc-eb86-4bd5-8194-76b02d4fa472,midnight,Midnight,40x,2p5x,40×–2.5×,17070,0.7419791221618652
COAD,TCGA-G4-6309-01Z-00-DX1.3eb20fdc-eb86-4bd5-8194-76b02d4fa472,midnight,Midnight,10x,2p5x,10×–2.5×,17070,0.885406494140625
COAD,TCGA-G4-6310-01Z-00-DX1.b88472d4-3adc-4e4d-b0f2-0dc195a3d7df,midnight,Midnight,40x,10x,40×–10×,16917,0.8470066785812378
COAD,TCGA-G4-6310-01Z-00-DX1.b88472d4-3adc-4e4d-b0f2-0dc195a3d7df,midnight,Midnight,40x,2p5x,40×–2.5×,16917,0.6997525691986084
COAD,TCGA-G4-6310-01Z-00-DX1.b88472d4-3adc-4e4d-b0f2-0dc195a3d7df,midnight,Midnight,10x,2p5x,10×–2.5×,16917,0.880692183971405
COAD,TCGA-G4-6588-01Z-00-DX1.0747172e-f630-4b7c-9341-55078585ae00,midnight,Midnight,40x,10x,40×–10×,20553,0.8144364953041077
COAD,TCGA-G4-6588-01Z-00-DX1.0747172e-f630-4b7c-9341-55078585ae00,midnight,Midnight,40x,2p5x,40×–2.5×,20553,0.6949505805969238
COAD,TCGA-G4-6588-01Z-00-DX1.0747172e-f630-4b7c-9341-55078585ae00,midnight,Midnight,10x,2p5x,10×–2.5×,20553,0.8863053321838379
HNSC,TCGA-BA-6871-01Z-00-DX1.4d9ca329-f8d5-4c31-a20f-9d4fba728326,midnight,Midnight,40x,10x,40×–10×,14718,0.5350942611694336
HNSC,TCGA-BA-6871-01Z-00-DX1.4d9ca329-f8d5-4c31-a20f-9d4fba728326,midnight,Midnight,40x,2p5x,40×–2.5×,14718,0.2634982764720917
HNSC,TCGA-BA-6871-01Z-00-DX1.4d9ca329-f8d5-4c31-a20f-9d4fba728326,midnight,Midnight,10x,2p5x,10×–2.5×,14718,0.3805214762687683
HNSC,TCGA-BA-6872-01Z-00-DX1.F99F6394-D319-4599-B124-D2A6692FA096,midnight,Midnight,40x,10x,40×–10×,7720,0.7431322932243347
HNSC,TCGA-BA-6872-01Z-00-DX1.F99F6394-D319-4599-B124-D2A6692FA096,midnight,Midnight,40x,2p5x,40×–2.5×,7720,0.5817989110946655
HNSC,TCGA-BA-6872-01Z-00-DX1.F99F6394-D319-4599-B124-D2A6692FA096,midnight,Midnight,10x,2p5x,10×–2.5×,7720,0.8006579279899597
HNSC,TCGA-CN-A6V7-01A-01-TS1.F54912D3-1E21-4605-ACFC-142973524AE2,midnight,Midnight,40x,10x,40×–10×,2536,0.31047505140304565
HNSC,TCGA-CN-A6V7-01A-01-TS1.F54912D3-1E21-4605-ACFC-142973524AE2,midnight,Midnight,40x,2p5x,40×–2.5×,2536,0.12590840458869934
HNSC,TCGA-CN-A6V7-01A-01-TS1.F54912D3-1E21-4605-ACFC-142973524AE2,midnight,Midnight,10x,2p5x,10×–2.5×,2536,0.2161352038383484
HNSC,TCGA-CV-6935-01Z-00-DX1.9C449CB2-FB6D-41D1-A4A6-3069DC84A697,midnight,Midnight,40x,10x,40×–10×,12224,0.7562434673309326
HNSC,TCGA-CV-6935-01Z-00-DX1.9C449CB2-FB6D-41D1-A4A6-3069DC84A697,midnight,Midnight,40x,2p5x,40×–2.5×,12224,0.5985147953033447
HNSC,TCGA-CV-6935-01Z-00-DX1.9C449CB2-FB6D-41D1-A4A6-3069DC84A697,midnight,Midnight,10x,2p5x,10×–2.5×,12224,0.7997362613677979
HNSC,TCGA-CV-A45O-01Z-00-DX1.8CBD0CCC-C815-475D-87F9-76272F4F715B,midnight,Midnight,40x,10x,40×–10×,14844,0.7457565069198608
HNSC,TCGA-CV-A45O-01Z-00-DX1.8CBD0CCC-C815-475D-87F9-76272F4F715B,midnight,Midnight,40x,2p5x,40×–2.5×,14844,0.5171552896499634
HNSC,TCGA-CV-A45O-01Z-00-DX1.8CBD0CCC-C815-475D-87F9-76272F4F715B,midnight,Midnight,10x,2p5x,10×–2.5×,14844,0.7870171070098877
HNSC,TCGA-CV-A6JE-01Z-00-DX1.20137D17-19B3-49FF-9C3D-60933157E409,midnight,Midnight,40x,10x,40×–10×,26402,0.7671189308166504
HNSC,TCGA-CV-A6JE-01Z-00-DX1.20137D17-19B3-49FF-9C3D-60933157E409,midnight,Midnight,40x,2p5x,40×–2.5×,26402,0.5706198215484619
HNSC,TCGA-CV-A6JE-01Z-00-DX1.20137D17-19B3-49FF-9C3D-60933157E409,midnight,Midnight,10x,2p5x,10×–2.5×,26402,0.8004761934280396
HNSC,TCGA-CV-A6JU-01Z-00-DX1.35A3A1F0-9D6C-4794-B501-E56E48C51DF9,midnight,Midnight,40x,10x,40×–10×,21938,0.7435052394866943
HNSC,TCGA-CV-A6JU-01Z-00-DX1.35A3A1F0-9D6C-4794-B501-E56E48C51DF9,midnight,Midnight,40x,2p5x,40×–2.5×,21938,0.5741449594497681
HNSC,TCGA-CV-A6JU-01Z-00-DX1.35A3A1F0-9D6C-4794-B501-E56E48C51DF9,midnight,Midnight,10x,2p5x,10×–2.5×,21938,0.835540235042572
HNSC,TCGA-UF-A719-01Z-00-DX1.4C4ECC2C-C390-4C5E-A709-CF08C113F1A1,midnight,Midnight,40x,10x,40×–10×,21546,0.8269546031951904
HNSC,TCGA-UF-A719-01Z-00-DX1.4C4ECC2C-C390-4C5E-A709-CF08C113F1A1,midnight,Midnight,40x,2p5x,40×–2.5×,21546,0.654919445514679
HNSC,TCGA-UF-A719-01Z-00-DX1.4C4ECC2C-C390-4C5E-A709-CF08C113F1A1,midnight,Midnight,10x,2p5x,10×–2.5×,21546,0.8415409326553345
KIRC,TCGA-A3-3346-01Z-00-DX1.95280216-fd71-4a03-b452-6e3d667f2542,midnight,Midnight,40x,10x,40×–10×,2240,0.6796066761016846
KIRC,TCGA-A3-3346-01Z-00-DX1.95280216-fd71-4a03-b452-6e3d667f2542,midnight,Midnight,40x,2p5x,40×–2.5×,2240,0.33496901392936707
KIRC,TCGA-A3-3346-01Z-00-DX1.95280216-fd71-4a03-b452-6e3d667f2542,midnight,Midnight,10x,2p5x,10×–2.5×,2240,0.5047839879989624
KIRC,TCGA-A3-A8CQ-01Z-00-DX1.78DA0827-5FB8-4B9F-A845-22F85830B5FB,midnight,Midnight,40x,10x,40×–10×,1395,0.516463577747345
KIRC,TCGA-A3-A8CQ-01Z-00-DX1.78DA0827-5FB8-4B9F-A845-22F85830B5FB,midnight,Midnight,40x,2p5x,40×–2.5×,1395,0.1393125057220459
KIRC,TCGA-A3-A8CQ-01Z-00-DX1.78DA0827-5FB8-4B9F-A845-22F85830B5FB,midnight,Midnight,10x,2p5x,10×–2.5×,1395,0.2633044719696045
KIRC,TCGA-AK-3444-01Z-00-DX1.1F0E0B47-29FF-456F-800A-539983FDCFAA,midnight,Midnight,40x,10x,40×–10×,5029,0.8746634125709534
KIRC,TCGA-AK-3444-01Z-00-DX1.1F0E0B47-29FF-456F-800A-539983FDCFAA,midnight,Midnight,40x,2p5x,40×–2.5×,5029,0.7747527956962585
KIRC,TCGA-AK-3444-01Z-00-DX1.1F0E0B47-29FF-456F-800A-539983FDCFAA,midnight,Midnight,10x,2p5x,10×–2.5×,5029,0.8978049159049988
KIRC,TCGA-B0-5094-01Z-00-DX1.eac31fe2-09da-4ecf-8e25-c073cbb03295,midnight,Midnight,40x,10x,40×–10×,23201,0.9057906866073608
KIRC,TCGA-B0-5094-01Z-00-DX1.eac31fe2-09da-4ecf-8e25-c073cbb03295,midnight,Midnight,40x,2p5x,40×–2.5×,23201,0.8265702724456787
KIRC,TCGA-B0-5094-01Z-00-DX1.eac31fe2-09da-4ecf-8e25-c073cbb03295,midnight,Midnight,10x,2p5x,10×–2.5×,23201,0.9175305366516113
KIRC,TCGA-B0-5106-01Z-00-DX1.564e51a3-be50-4eed-ba9c-4d478b96ffc6,midnight,Midnight,40x,10x,40×–10×,26156,0.8276669979095459
KIRC,TCGA-B0-5106-01Z-00-DX1.564e51a3-be50-4eed-ba9c-4d478b96ffc6,midnight,Midnight,40x,2p5x,40×–2.5×,26156,0.6984050273895264
KIRC,TCGA-B0-5106-01Z-00-DX1.564e51a3-be50-4eed-ba9c-4d478b96ffc6,midnight,Midnight,10x,2p5x,10×–2.5×,26156,0.863010823726654
KIRC,TCGA-B0-5711-01Z-00-DX1.6839921f-ec08-4e94-8bf9-4b5a4fcdda45,midnight,Midnight,40x,10x,40×–10×,23048,0.875239908695221
KIRC,TCGA-B0-5711-01Z-00-DX1.6839921f-ec08-4e94-8bf9-4b5a4fcdda45,midnight,Midnight,40x,2p5x,40×–2.5×,23048,0.7750259041786194
KIRC,TCGA-B0-5711-01Z-00-DX1.6839921f-ec08-4e94-8bf9-4b5a4fcdda45,midnight,Midnight,10x,2p5x,10×–2.5×,23048,0.8875338435173035
KIRC,TCGA-B2-5633-01Z-00-DX1.c55a29ca-468e-46de-9ff5-a51f46fe09fd,midnight,Midnight,40x,10x,40×–10×,3974,0.6862239837646484
KIRC,TCGA-B2-5633-01Z-00-DX1.c55a29ca-468e-46de-9ff5-a51f46fe09fd,midnight,Midnight,40x,2p5x,40×–2.5×,3974,0.4178277254104614
KIRC,TCGA-B2-5633-01Z-00-DX1.c55a29ca-468e-46de-9ff5-a51f46fe09fd,midnight,Midnight,10x,2p5x,10×–2.5×,3974,0.6383111476898193
KIRC,TCGA-BP-4991-01Z-00-DX1.71305f5c-ca59-48fa-bb82-4b441c1fffdc,midnight,Midnight,40x,10x,40×–10×,31068,0.9229282140731812
KIRC,TCGA-BP-4991-01Z-00-DX1.71305f5c-ca59-48fa-bb82-4b441c1fffdc,midnight,Midnight,40x,2p5x,40×–2.5×,31068,0.8769490718841553
KIRC,TCGA-BP-4991-01Z-00-DX1.71305f5c-ca59-48fa-bb82-4b441c1fffdc,midnight,Midnight,10x,2p5x,10×–2.5×,31068,0.9526873230934143
KIRC,TCGA-BP-5201-01Z-00-DX1.d1a9878e-bb97-48fb-9098-9d9337f06250,midnight,Midnight,40x,10x,40×–10×,12763,0.5899765491485596
KIRC,TCGA-BP-5201-01Z-00-DX1.d1a9878e-bb97-48fb-9098-9d9337f06250,midnight,Midnight,40x,2p5x,40×–2.5×,12763,0.14472272992134094
KIRC,TCGA-BP-5201-01Z-00-DX1.d1a9878e-bb97-48fb-9098-9d9337f06250,midnight,Midnight,10x,2p5x,10×–2.5×,12763,0.3021629750728607
LUAD,TCGA-55-6986-01Z-00-DX1.ae52d41e-3cd6-4d36-b04b-2ea7d29bd8da,midnight,Midnight,40x,10x,40×–10×,5951,0.7357469201087952
LUAD,TCGA-55-6986-01Z-00-DX1.ae52d41e-3cd6-4d36-b04b-2ea7d29bd8da,midnight,Midnight,40x,2p5x,40×–2.5×,5951,0.553892970085144
LUAD,TCGA-55-6986-01Z-00-DX1.ae52d41e-3cd6-4d36-b04b-2ea7d29bd8da,midnight,Midnight,10x,2p5x,10×–2.5×,5951,0.7534115314483643
LUAD,TCGA-64-5779-01Z-00-DX1.B3268447-DCE0-4927-B5A9-EC4D61E9B17D,midnight,Midnight,40x,10x,40×–10×,15338,0.6700294017791748
LUAD,TCGA-64-5779-01Z-00-DX1.B3268447-DCE0-4927-B5A9-EC4D61E9B17D,midnight,Midnight,40x,2p5x,40×–2.5×,15338,0.24715696275234222
LUAD,TCGA-64-5779-01Z-00-DX1.B3268447-DCE0-4927-B5A9-EC4D61E9B17D,midnight,Midnight,10x,2p5x,10×–2.5×,15338,0.4606882929801941
LUAD,TCGA-78-7158-01Z-00-DX1.74db3dcd-2715-4ce7-8e48-30c8b7946ba0,midnight,Midnight,40x,10x,40×–10×,23198,0.6661002039909363
LUAD,TCGA-78-7158-01Z-00-DX1.74db3dcd-2715-4ce7-8e48-30c8b7946ba0,midnight,Midnight,40x,2p5x,40×–2.5×,23198,0.43220195174217224
LUAD,TCGA-78-7158-01Z-00-DX1.74db3dcd-2715-4ce7-8e48-30c8b7946ba0,midnight,Midnight,10x,2p5x,10×–2.5×,23198,0.6338396668434143
LUAD,TCGA-78-7163-01Z-00-DX1.42880bdf-271d-41dd-aada-e7ec1156ff31,midnight,Midnight,40x,10x,40×–10×,21422,0.5292368531227112
LUAD,TCGA-78-7163-01Z-00-DX1.42880bdf-271d-41dd-aada-e7ec1156ff31,midnight,Midnight,40x,2p5x,40×–2.5×,21422,0.3349023759365082
LUAD,TCGA-78-7163-01Z-00-DX1.42880bdf-271d-41dd-aada-e7ec1156ff31,midnight,Midnight,10x,2p5x,10×–2.5×,21422,0.5827053189277649
LUAD,TCGA-78-7536-01Z-00-DX1.6b066140-8b82-40a5-bd48-430eeb4463fe,midnight,Midnight,40x,10x,40×–10×,32971,0.477716326713562
LUAD,TCGA-78-7536-01Z-00-DX1.6b066140-8b82-40a5-bd48-430eeb4463fe,midnight,Midnight,40x,2p5x,40×–2.5×,32971,0.20840515196323395
LUAD,TCGA-78-7536-01Z-00-DX1.6b066140-8b82-40a5-bd48-430eeb4463fe,midnight,Midnight,10x,2p5x,10×–2.5×,32971,0.5822175741195679
LUAD,TCGA-86-8668-01Z-00-DX1.d720d486-02c7-4f98-8feb-e0e50a12c158,midnight,Midnight,40x,10x,40×–10×,14624,0.7793874740600586
LUAD,TCGA-86-8668-01Z-00-DX1.d720d486-02c7-4f98-8feb-e0e50a12c158,midnight,Midnight,40x,2p5x,40×–2.5×,14624,0.5730956792831421
LUAD,TCGA-86-8668-01Z-00-DX1.d720d486-02c7-4f98-8feb-e0e50a12c158,midnight,Midnight,10x,2p5x,10×–2.5×,14624,0.7476546764373779
LUAD,TCGA-97-A4LX-01Z-00-DX1.B2334672-A626-4E74-B4D1-A79F70F65909,midnight,Midnight,40x,10x,40×–10×,19346,0.6437668204307556
LUAD,TCGA-97-A4LX-01Z-00-DX1.B2334672-A626-4E74-B4D1-A79F70F65909,midnight,Midnight,40x,2p5x,40×–2.5×,19346,0.45037052035331726
LUAD,TCGA-97-A4LX-01Z-00-DX1.B2334672-A626-4E74-B4D1-A79F70F65909,midnight,Midnight,10x,2p5x,10×–2.5×,19346,0.7920306921005249
LUAD,TCGA-97-A4M2-01Z-00-DX1.5C72522C-1538-4D68-B517-5FB05A9D401A,midnight,Midnight,40x,10x,40×–10×,8962,0.8021256923675537
LUAD,TCGA-97-A4M2-01Z-00-DX1.5C72522C-1538-4D68-B517-5FB05A9D401A,midnight,Midnight,40x,2p5x,40×–2.5×,8962,0.5855921506881714
LUAD,TCGA-97-A4M2-01Z-00-DX1.5C72522C-1538-4D68-B517-5FB05A9D401A,midnight,Midnight,10x,2p5x,10×–2.5×,8962,0.7911049723625183
LUAD,TCGA-J2-A4AE-01Z-00-DX1.42C5DE4A-7787-4E59-8969-D12503262C96,midnight,Midnight,40x,10x,40×–10×,14491,0.8212420344352722
LUAD,TCGA-J2-A4AE-01Z-00-DX1.42C5DE4A-7787-4E59-8969-D12503262C96,midnight,Midnight,40x,2p5x,40×–2.5×,14491,0.6632921099662781
LUAD,TCGA-J2-A4AE-01Z-00-DX1.42C5DE4A-7787-4E59-8969-D12503262C96,midnight,Midnight,10x,2p5x,10×–2.5×,14491,0.8785582780838013
STAD,TCGA-BR-6452-01Z-00-DX1.aec8246e-9dce-436d-9faa-df8fa1f6e47c,midnight,Midnight,40x,10x,40×–10×,15303,0.6664125323295593
STAD,TCGA-BR-6452-01Z-00-DX1.aec8246e-9dce-436d-9faa-df8fa1f6e47c,midnight,Midnight,40x,2p5x,40×–2.5×,15303,0.5178622603416443
STAD,TCGA-BR-6452-01Z-00-DX1.aec8246e-9dce-436d-9faa-df8fa1f6e47c,midnight,Midnight,10x,2p5x,10×–2.5×,15303,0.8300304412841797
STAD,TCGA-BR-6454-01Z-00-DX1.63fb6280-2b43-49b2-960a-eb9c0e8b617c,midnight,Midnight,40x,10x,40×–10×,15740,0.38221845030784607
STAD,TCGA-BR-6454-01Z-00-DX1.63fb6280-2b43-49b2-960a-eb9c0e8b617c,midnight,Midnight,40x,2p5x,40×–2.5×,15740,0.13994398713111877
STAD,TCGA-BR-6454-01Z-00-DX1.63fb6280-2b43-49b2-960a-eb9c0e8b617c,midnight,Midnight,10x,2p5x,10×–2.5×,15740,0.46349143981933594
STAD,TCGA-BR-A4CQ-01Z-00-DX1.B63282A5-154D-441B-BF96-5BB26CB6D95E,midnight,Midnight,40x,10x,40×–10×,13809,0.7623449563980103
STAD,TCGA-BR-A4CQ-01Z-00-DX1.B63282A5-154D-441B-BF96-5BB26CB6D95E,midnight,Midnight,40x,2p5x,40×–2.5×,13809,0.6214487552642822
STAD,TCGA-BR-A4CQ-01Z-00-DX1.B63282A5-154D-441B-BF96-5BB26CB6D95E,midnight,Midnight,10x,2p5x,10×–2.5×,13809,0.8639479279518127
STAD,TCGA-CD-A487-01Z-00-DX1.A026BD2F-B721-4340-83D5-7AA39227C90F,midnight,Midnight,40x,10x,40×–10×,20251,0.7921520471572876
STAD,TCGA-CD-A487-01Z-00-DX1.A026BD2F-B721-4340-83D5-7AA39227C90F,midnight,Midnight,40x,2p5x,40×–2.5×,20251,0.6774820685386658
STAD,TCGA-CD-A487-01Z-00-DX1.A026BD2F-B721-4340-83D5-7AA39227C90F,midnight,Midnight,10x,2p5x,10×–2.5×,20251,0.8386219143867493
STAD,TCGA-FP-8209-01Z-00-DX1.a5e13081-1631-44d4-8d6a-c229a22c2311,midnight,Midnight,40x,10x,40×–10×,3901,0.8198670148849487
STAD,TCGA-FP-8209-01Z-00-DX1.a5e13081-1631-44d4-8d6a-c229a22c2311,midnight,Midnight,40x,2p5x,40×–2.5×,3901,0.5842661261558533
STAD,TCGA-FP-8209-01Z-00-DX1.a5e13081-1631-44d4-8d6a-c229a22c2311,midnight,Midnight,10x,2p5x,10×–2.5×,3901,0.6722240447998047
STAD,TCGA-SW-A7EA-01Z-00-DX1.C5E1BE0E-0A25-4480-A3AC-DB2ED7471A4E,midnight,Midnight,40x,10x,40×–10×,6449,0.938776433467865
STAD,TCGA-SW-A7EA-01Z-00-DX1.C5E1BE0E-0A25-4480-A3AC-DB2ED7471A4E,midnight,Midnight,40x,2p5x,40×–2.5×,6449,0.8442438244819641
STAD,TCGA-SW-A7EA-01Z-00-DX1.C5E1BE0E-0A25-4480-A3AC-DB2ED7471A4E,midnight,Midnight,10x,2p5x,10×–2.5×,6449,0.9102841019630432
STAD,TCGA-VQ-A8PY-01Z-00-DX1.EA2C7386-012A-442A-95B3-FFA12BD2684D,midnight,Midnight,40x,10x,40×–10×,22399,0.8429501056671143
STAD,TCGA-VQ-A8PY-01Z-00-DX1.EA2C7386-012A-442A-95B3-FFA12BD2684D,midnight,Midnight,40x,2p5x,40×–2.5×,22399,0.7305027842521667
STAD,TCGA-VQ-A8PY-01Z-00-DX1.EA2C7386-012A-442A-95B3-FFA12BD2684D,midnight,Midnight,10x,2p5x,10×–2.5×,22399,0.8685671091079712
STAD,TCGA-VQ-A924-01Z-00-DX1.736B41F3-9678-4FAF-AE86-FCAC4F6DCBD3,midnight,Midnight,40x,10x,40×–10×,12960,0.7771071195602417
STAD,TCGA-VQ-A924-01Z-00-DX1.736B41F3-9678-4FAF-AE86-FCAC4F6DCBD3,midnight,Midnight,40x,2p5x,40×–2.5×,12960,0.6642582416534424
STAD,TCGA-VQ-A924-01Z-00-DX1.736B41F3-9678-4FAF-AE86-FCAC4F6DCBD3,midnight,Midnight,10x,2p5x,10×–2.5×,12960,0.8870403170585632
STAD,TCGA-ZQ-A9CR-01Z-00-DX1.C9AC9991-7054-4068-A7AA-9D1EB7F040A3,midnight,Midnight,40x,10x,40×–10×,31585,0.8552641272544861
STAD,TCGA-ZQ-A9CR-01Z-00-DX1.C9AC9991-7054-4068-A7AA-9D1EB7F040A3,midnight,Midnight,40x,2p5x,40×–2.5×,31585,0.8011108636856079
STAD,TCGA-ZQ-A9CR-01Z-00-DX1.C9AC9991-7054-4068-A7AA-9D1EB7F040A3,midnight,Midnight,10x,2p5x,10×–2.5×,31585,0.8204680681228638
UCEC,TCGA-A5-A0GX-01Z-00-DX1.7E713D1A-5858-4648-957D-77189E43CFAA,midnight,Midnight,40x,10x,40×–10×,26039,0.8509790897369385
UCEC,TCGA-A5-A0GX-01Z-00-DX1.7E713D1A-5858-4648-957D-77189E43CFAA,midnight,Midnight,40x,2p5x,40×–2.5×,26039,0.761304497718811
UCEC,TCGA-A5-A0GX-01Z-00-DX1.7E713D1A-5858-4648-957D-77189E43CFAA,midnight,Midnight,10x,2p5x,10×–2.5×,26039,0.9283358454704285
UCEC,TCGA-A5-A0R7-01Z-00-DX1.D21E6974-22A3-4A68-8B4E-14E84A7A50A5,midnight,Midnight,40x,10x,40×–10×,45564,0.8132842183113098
UCEC,TCGA-A5-A0R7-01Z-00-DX1.D21E6974-22A3-4A68-8B4E-14E84A7A50A5,midnight,Midnight,40x,2p5x,40×–2.5×,45564,0.6615700125694275
UCEC,TCGA-A5-A0R7-01Z-00-DX1.D21E6974-22A3-4A68-8B4E-14E84A7A50A5,midnight,Midnight,10x,2p5x,10×–2.5×,45564,0.8627884984016418
UCEC,TCGA-AX-A05U-01Z-00-DX1.1EBFC727-B5D5-4543-BBA9-4254ABD3D584,midnight,Midnight,40x,10x,40×–10×,42082,0.7829239368438721
UCEC,TCGA-AX-A05U-01Z-00-DX1.1EBFC727-B5D5-4543-BBA9-4254ABD3D584,midnight,Midnight,40x,2p5x,40×–2.5×,42082,0.6630701422691345
UCEC,TCGA-AX-A05U-01Z-00-DX1.1EBFC727-B5D5-4543-BBA9-4254ABD3D584,midnight,Midnight,10x,2p5x,10×–2.5×,42082,0.8040340542793274
UCEC,TCGA-AX-A06B-01Z-00-DX2.1757C039-99F7-4087-A9E5-D340AF7220D4,midnight,Midnight,40x,10x,40×–10×,10560,0.8064141273498535
UCEC,TCGA-AX-A06B-01Z-00-DX2.1757C039-99F7-4087-A9E5-D340AF7220D4,midnight,Midnight,40x,2p5x,40×–2.5×,10560,0.5589226484298706
UCEC,TCGA-AX-A06B-01Z-00-DX2.1757C039-99F7-4087-A9E5-D340AF7220D4,midnight,Midnight,10x,2p5x,10×–2.5×,10560,0.7615378499031067
UCEC,TCGA-AX-A0J0-01Z-00-DX2.56C668BE-03B8-4B87-A226-AABD97D53C38,midnight,Midnight,40x,10x,40×–10×,34978,0.9223571419715881
UCEC,TCGA-AX-A0J0-01Z-00-DX2.56C668BE-03B8-4B87-A226-AABD97D53C38,midnight,Midnight,40x,2p5x,40×–2.5×,34978,0.8619533777236938
UCEC,TCGA-AX-A0J0-01Z-00-DX2.56C668BE-03B8-4B87-A226-AABD97D53C38,midnight,Midnight,10x,2p5x,10×–2.5×,34978,0.93586665391922
UCEC,TCGA-B5-A11F-01Z-00-DX1.3F1C053D-E81E-4C8D-965D-6F3DE29D9511,midnight,Midnight,40x,10x,40×–10×,22717,0.8181934356689453
UCEC,TCGA-B5-A11F-01Z-00-DX1.3F1C053D-E81E-4C8D-965D-6F3DE29D9511,midnight,Midnight,40x,2p5x,40×–2.5×,22717,0.772436261177063
UCEC,TCGA-B5-A11F-01Z-00-DX1.3F1C053D-E81E-4C8D-965D-6F3DE29D9511,midnight,Midnight,10x,2p5x,10×–2.5×,22717,0.8478735685348511
UCEC,TCGA-BG-A0W1-01Z-00-DX1.8E06269C-1278-478B-A128-59FA911B1649,midnight,Midnight,40x,10x,40×–10×,26648,0.9238241314888
UCEC,TCGA-BG-A0W1-01Z-00-DX1.8E06269C-1278-478B-A128-59FA911B1649,midnight,Midnight,40x,2p5x,40×–2.5×,26648,0.8498429656028748
UCEC,TCGA-BG-A0W1-01Z-00-DX1.8E06269C-1278-478B-A128-59FA911B1649,midnight,Midnight,10x,2p5x,10×–2.5×,26648,0.9265886545181274
UCEC,TCGA-EY-A1GQ-01Z-00-DX1.03D52C6F-515E-4A4F-A08E-31D773BCC67F,midnight,Midnight,40x,10x,40×–10×,20550,0.4382410943508148
UCEC,TCGA-EY-A1GQ-01Z-00-DX1.03D52C6F-515E-4A4F-A08E-31D773BCC67F,midnight,Midnight,40x,2p5x,40×–2.5×,20550,0.17474092543125153
UCEC,TCGA-EY-A1GQ-01Z-00-DX1.03D52C6F-515E-4A4F-A08E-31D773BCC67F,midnight,Midnight,10x,2p5x,10×–2.5×,20550,0.5522688031196594
UCEC,TCGA-FI-A2EX-01Z-00-DX1.127F5153-745D-43E6-83CA-DE2738702C62,midnight,Midnight,40x,10x,40×–10×,21945,0.8180399537086487
UCEC,TCGA-FI-A2EX-01Z-00-DX1.127F5153-745D-43E6-83CA-DE2738702C62,midnight,Midnight,40x,2p5x,40×–2.5×,21945,0.7148582339286804
UCEC,TCGA-FI-A2EX-01Z-00-DX1.127F5153-745D-43E6-83CA-DE2738702C62,midnight,Midnight,10x,2p5x,10×–2.5×,21945,0.8588937520980835
BLCA,TCGA-CF-A3MF-01Z-00-DX1.91768C26-5BB1-4DE6-9737-AA26BD687A75,phikon,Phikon,40x,10x,40×–10×,26138,0.8641329407691956
BLCA,TCGA-CF-A3MF-01Z-00-DX1.91768C26-5BB1-4DE6-9737-AA26BD687A75,phikon,Phikon,40x,2p5x,40×–2.5×,26138,0.652869701385498
BLCA,TCGA-CF-A3MF-01Z-00-DX1.91768C26-5BB1-4DE6-9737-AA26BD687A75,phikon,Phikon,10x,2p5x,10×–2.5×,26138,0.7271728515625
BLCA,TCGA-CU-A0YN-01Z-00-DX1.6C5EAAAF-8F14-49D3-8FFC-9BDAE56CAFD0,phikon,Phikon,40x,10x,40×–10×,2880,0.6796765327453613
BLCA,TCGA-CU-A0YN-01Z-00-DX1.6C5EAAAF-8F14-49D3-8FFC-9BDAE56CAFD0,phikon,Phikon,40x,2p5x,40×–2.5×,2880,0.4296514391899109
BLCA,TCGA-CU-A0YN-01Z-00-DX1.6C5EAAAF-8F14-49D3-8FFC-9BDAE56CAFD0,phikon,Phikon,10x,2p5x,10×–2.5×,2880,0.66800457239151
BLCA,TCGA-DK-A6AW-01Z-00-DX1.C2453A8C-8282-443C-9E76-5B6CAD2FE69B,phikon,Phikon,40x,10x,40×–10×,15233,0.9340644478797913
BLCA,TCGA-DK-A6AW-01Z-00-DX1.C2453A8C-8282-443C-9E76-5B6CAD2FE69B,phikon,Phikon,40x,2p5x,40×–2.5×,15233,0.8110890984535217
BLCA,TCGA-DK-A6AW-01Z-00-DX1.C2453A8C-8282-443C-9E76-5B6CAD2FE69B,phikon,Phikon,10x,2p5x,10×–2.5×,15233,0.8434322476387024
BLCA,TCGA-DK-AA6L-01A-01-TSA.5794F0C6-9ED6-489A-9621-18CCC5935548,phikon,Phikon,40x,10x,40×–10×,7165,0.6875718235969543
BLCA,TCGA-DK-AA6L-01A-01-TSA.5794F0C6-9ED6-489A-9621-18CCC5935548,phikon,Phikon,40x,2p5x,40×–2.5×,7165,0.37985631823539734
BLCA,TCGA-DK-AA6L-01A-01-TSA.5794F0C6-9ED6-489A-9621-18CCC5935548,phikon,Phikon,10x,2p5x,10×–2.5×,7165,0.5529441833496094
BLCA,TCGA-DK-AA77-01A-01-TSA.26CAF5CB-CC4F-4522-BD2B-343FB70205FE,phikon,Phikon,40x,10x,40×–10×,3872,0.6047903895378113
BLCA,TCGA-DK-AA77-01A-01-TSA.26CAF5CB-CC4F-4522-BD2B-343FB70205FE,phikon,Phikon,40x,2p5x,40×–2.5×,3872,0.29191434383392334
BLCA,TCGA-DK-AA77-01A-01-TSA.26CAF5CB-CC4F-4522-BD2B-343FB70205FE,phikon,Phikon,10x,2p5x,10×–2.5×,3872,0.4393717050552368
BLCA,TCGA-FD-A6TK-01Z-00-DX1.B685DA87-72A6-4C38-8AA1-40B6E543383C,phikon,Phikon,40x,10x,40×–10×,19445,0.8997149467468262
BLCA,TCGA-FD-A6TK-01Z-00-DX1.B685DA87-72A6-4C38-8AA1-40B6E543383C,phikon,Phikon,40x,2p5x,40×–2.5×,19445,0.7247899174690247
BLCA,TCGA-FD-A6TK-01Z-00-DX1.B685DA87-72A6-4C38-8AA1-40B6E543383C,phikon,Phikon,10x,2p5x,10×–2.5×,19445,0.8180330395698547
BLCA,TCGA-GU-AATP-01Z-00-DX1.0D8EC37C-88E7-49D5-A76D-F0A4A3FD8AE4,phikon,Phikon,40x,10x,40×–10×,22018,0.8410390615463257
BLCA,TCGA-GU-AATP-01Z-00-DX1.0D8EC37C-88E7-49D5-A76D-F0A4A3FD8AE4,phikon,Phikon,40x,2p5x,40×–2.5×,22018,0.6491210460662842
BLCA,TCGA-GU-AATP-01Z-00-DX1.0D8EC37C-88E7-49D5-A76D-F0A4A3FD8AE4,phikon,Phikon,10x,2p5x,10×–2.5×,22018,0.7681490182876587
BLCA,TCGA-XF-A8HB-01Z-00-DX1.D6874152-D20A-4CA4-8E8B-8CBAB5F7D7B5,phikon,Phikon,40x,10x,40×–10×,14662,0.8185384273529053
BLCA,TCGA-XF-A8HB-01Z-00-DX1.D6874152-D20A-4CA4-8E8B-8CBAB5F7D7B5,phikon,Phikon,40x,2p5x,40×–2.5×,14662,0.5504150390625
BLCA,TCGA-XF-A8HB-01Z-00-DX1.D6874152-D20A-4CA4-8E8B-8CBAB5F7D7B5,phikon,Phikon,10x,2p5x,10×–2.5×,14662,0.6312177181243896
BLCA,TCGA-ZF-A9R1-01Z-00-DX1.74520759-D448-45B5-B8AD-45502C99A519,phikon,Phikon,40x,10x,40×–10×,16065,0.8453055620193481
BLCA,TCGA-ZF-A9R1-01Z-00-DX1.74520759-D448-45B5-B8AD-45502C99A519,phikon,Phikon,40x,2p5x,40×–2.5×,16065,0.6680638194084167
BLCA,TCGA-ZF-A9R1-01Z-00-DX1.74520759-D448-45B5-B8AD-45502C99A519,phikon,Phikon,10x,2p5x,10×–2.5×,16065,0.7832258939743042
BLCA,TCGA-ZF-AA51-01Z-00-DX1.128C9731-C206-4E71-9A64-864FA9FD7E96,phikon,Phikon,40x,10x,40×–10×,22108,0.8845189809799194
BLCA,TCGA-ZF-AA51-01Z-00-DX1.128C9731-C206-4E71-9A64-864FA9FD7E96,phikon,Phikon,40x,2p5x,40×–2.5×,22108,0.6456310153007507
BLCA,TCGA-ZF-AA51-01Z-00-DX1.128C9731-C206-4E71-9A64-864FA9FD7E96,phikon,Phikon,10x,2p5x,10×–2.5×,22108,0.7101016640663147
BRCA,TCGA-A7-A2KD-01Z-00-DX1.BFF2DFC8-1D95-4DC2-98FC-5BD7D7C6CDF5,phikon,Phikon,40x,10x,40×–10×,13242,0.7784909009933472
BRCA,TCGA-A7-A2KD-01Z-00-DX1.BFF2DFC8-1D95-4DC2-98FC-5BD7D7C6CDF5,phikon,Phikon,40x,2p5x,40×–2.5×,13242,0.49939244985580444
BRCA,TCGA-A7-A2KD-01Z-00-DX1.BFF2DFC8-1D95-4DC2-98FC-5BD7D7C6CDF5,phikon,Phikon,10x,2p5x,10×–2.5×,13242,0.664171576499939
BRCA,TCGA-AN-A0G0-01Z-00-DX1.BE0BB5DF-DEDA-48D8-B5D8-2735C767F28F,phikon,Phikon,40x,10x,40×–10×,4987,0.8246777057647705
BRCA,TCGA-AN-A0G0-01Z-00-DX1.BE0BB5DF-DEDA-48D8-B5D8-2735C767F28F,phikon,Phikon,40x,2p5x,40×–2.5×,4987,0.6339078545570374
BRCA,TCGA-AN-A0G0-01Z-00-DX1.BE0BB5DF-DEDA-48D8-B5D8-2735C767F28F,phikon,Phikon,10x,2p5x,10×–2.5×,4987,0.74339359998703
BRCA,TCGA-AQ-A04L-01Z-00-DX1.F35BF4DD-896A-43C2-8DA6-C67945C003BE,phikon,Phikon,40x,10x,40×–10×,6966,0.926891028881073
BRCA,TCGA-AQ-A04L-01Z-00-DX1.F35BF4DD-896A-43C2-8DA6-C67945C003BE,phikon,Phikon,40x,2p5x,40×–2.5×,6966,0.7643477320671082
BRCA,TCGA-AQ-A04L-01Z-00-DX1.F35BF4DD-896A-43C2-8DA6-C67945C003BE,phikon,Phikon,10x,2p5x,10×–2.5×,6966,0.8111163377761841
BRCA,TCGA-AR-A2LK-01Z-00-DX1.FBD59C38-CD4E-4C22-BC74-A57C192A9BBC,phikon,Phikon,40x,10x,40×–10×,11925,0.7786950469017029
BRCA,TCGA-AR-A2LK-01Z-00-DX1.FBD59C38-CD4E-4C22-BC74-A57C192A9BBC,phikon,Phikon,40x,2p5x,40×–2.5×,11925,0.44369643926620483
BRCA,TCGA-AR-A2LK-01Z-00-DX1.FBD59C38-CD4E-4C22-BC74-A57C192A9BBC,phikon,Phikon,10x,2p5x,10×–2.5×,11925,0.61883544921875
BRCA,TCGA-AR-A5QM-01Z-00-DX1.A9017CED-FF57-4090-95B9-94DC91854347,phikon,Phikon,40x,10x,40×–10×,13639,0.727892279624939
BRCA,TCGA-AR-A5QM-01Z-00-DX1.A9017CED-FF57-4090-95B9-94DC91854347,phikon,Phikon,40x,2p5x,40×–2.5×,13639,0.40438103675842285
BRCA,TCGA-AR-A5QM-01Z-00-DX1.A9017CED-FF57-4090-95B9-94DC91854347,phikon,Phikon,10x,2p5x,10×–2.5×,13639,0.568432092666626
BRCA,TCGA-BH-A0C1-01Z-00-DX1.21FE357E-B182-4397-BFEF-7E96E994236A,phikon,Phikon,40x,10x,40×–10×,14097,0.8858046531677246
BRCA,TCGA-BH-A0C1-01Z-00-DX1.21FE357E-B182-4397-BFEF-7E96E994236A,phikon,Phikon,40x,2p5x,40×–2.5×,14097,0.6750962138175964
BRCA,TCGA-BH-A0C1-01Z-00-DX1.21FE357E-B182-4397-BFEF-7E96E994236A,phikon,Phikon,10x,2p5x,10×–2.5×,14097,0.7563077211380005
BRCA,TCGA-D8-A1X8-01Z-00-DX1.DDA3866E-C7CC-4650-BE2B-5C9A98A2D531,phikon,Phikon,40x,10x,40×–10×,13628,0.8672941327095032
BRCA,TCGA-D8-A1X8-01Z-00-DX1.DDA3866E-C7CC-4650-BE2B-5C9A98A2D531,phikon,Phikon,40x,2p5x,40×–2.5×,13628,0.6052258610725403
BRCA,TCGA-D8-A1X8-01Z-00-DX1.DDA3866E-C7CC-4650-BE2B-5C9A98A2D531,phikon,Phikon,10x,2p5x,10×–2.5×,13628,0.6881548762321472
BRCA,TCGA-E2-A14P-01Z-00-DX1.663B02FF-C64B-41A6-8685-FD61CD76F9C6,phikon,Phikon,40x,10x,40×–10×,17521,0.9333641529083252
BRCA,TCGA-E2-A14P-01Z-00-DX1.663B02FF-C64B-41A6-8685-FD61CD76F9C6,phikon,Phikon,40x,2p5x,40×–2.5×,17521,0.8277401924133301
BRCA,TCGA-E2-A14P-01Z-00-DX1.663B02FF-C64B-41A6-8685-FD61CD76F9C6,phikon,Phikon,10x,2p5x,10×–2.5×,17521,0.8681727051734924
BRCA,TCGA-E2-A1LA-01Z-00-DX1.AE49E943-B830-4ED9-B09E-E499441BC2EC,phikon,Phikon,40x,10x,40×–10×,16576,0.9039784073829651
BRCA,TCGA-E2-A1LA-01Z-00-DX1.AE49E943-B830-4ED9-B09E-E499441BC2EC,phikon,Phikon,40x,2p5x,40×–2.5×,16576,0.7252687811851501
BRCA,TCGA-E2-A1LA-01Z-00-DX1.AE49E943-B830-4ED9-B09E-E499441BC2EC,phikon,Phikon,10x,2p5x,10×–2.5×,16576,0.8153440356254578
BRCA,TCGA-GM-A3XN-01Z-00-DX1.49F5C8AC-0328-4BC2-9FE2-E7150B7A42E2,phikon,Phikon,40x,10x,40×–10×,18199,0.8518385291099548
BRCA,TCGA-GM-A3XN-01Z-00-DX1.49F5C8AC-0328-4BC2-9FE2-E7150B7A42E2,phikon,Phikon,40x,2p5x,40×–2.5×,18199,0.6568095088005066
BRCA,TCGA-GM-A3XN-01Z-00-DX1.49F5C8AC-0328-4BC2-9FE2-E7150B7A42E2,phikon,Phikon,10x,2p5x,10×–2.5×,18199,0.7451069951057434
COAD,TCGA-AY-A8YK-01Z-00-DX1.89E3C546-0425-449B-A6FB-1C35168EA7EB,phikon,Phikon,40x,10x,40×–10×,8285,0.8069466352462769
COAD,TCGA-AY-A8YK-01Z-00-DX1.89E3C546-0425-449B-A6FB-1C35168EA7EB,phikon,Phikon,40x,2p5x,40×–2.5×,8285,0.6409501433372498
COAD,TCGA-AY-A8YK-01Z-00-DX1.89E3C546-0425-449B-A6FB-1C35168EA7EB,phikon,Phikon,10x,2p5x,10×–2.5×,8285,0.7578219771385193
COAD,TCGA-CK-4947-01Z-00-DX1.b257d5fd-b97b-4987-b088-77f044ca7fe2,phikon,Phikon,40x,10x,40×–10×,23336,0.8342292308807373
COAD,TCGA-CK-4947-01Z-00-DX1.b257d5fd-b97b-4987-b088-77f044ca7fe2,phikon,Phikon,40x,2p5x,40×–2.5×,23336,0.6200597286224365
COAD,TCGA-CK-4947-01Z-00-DX1.b257d5fd-b97b-4987-b088-77f044ca7fe2,phikon,Phikon,10x,2p5x,10×–2.5×,23336,0.7107239961624146
COAD,TCGA-CM-6168-01Z-00-DX1.96af6eb2-9d51-4671-baf8-1a73d0c66869,phikon,Phikon,40x,10x,40×–10×,24102,0.8997882008552551
COAD,TCGA-CM-6168-01Z-00-DX1.96af6eb2-9d51-4671-baf8-1a73d0c66869,phikon,Phikon,40x,2p5x,40×–2.5×,24102,0.6928139925003052
COAD,TCGA-CM-6168-01Z-00-DX1.96af6eb2-9d51-4671-baf8-1a73d0c66869,phikon,Phikon,10x,2p5x,10×–2.5×,24102,0.7839482426643372
COAD,TCGA-CM-6169-01Z-00-DX1.0381c243-02b8-4f1d-840c-19ef44d4b92c,phikon,Phikon,40x,10x,40×–10×,18522,0.8854854106903076
COAD,TCGA-CM-6169-01Z-00-DX1.0381c243-02b8-4f1d-840c-19ef44d4b92c,phikon,Phikon,40x,2p5x,40×–2.5×,18522,0.7388738989830017
COAD,TCGA-CM-6169-01Z-00-DX1.0381c243-02b8-4f1d-840c-19ef44d4b92c,phikon,Phikon,10x,2p5x,10×–2.5×,18522,0.8162699341773987
COAD,TCGA-G4-6309-01Z-00-DX1.3eb20fdc-eb86-4bd5-8194-76b02d4fa472,phikon,Phikon,40x,10x,40×–10×,17070,0.8916332721710205
COAD,TCGA-G4-6309-01Z-00-DX1.3eb20fdc-eb86-4bd5-8194-76b02d4fa472,phikon,Phikon,40x,2p5x,40×–2.5×,17070,0.6969127058982849
COAD,TCGA-G4-6309-01Z-00-DX1.3eb20fdc-eb86-4bd5-8194-76b02d4fa472,phikon,Phikon,10x,2p5x,10×–2.5×,17070,0.7910662889480591
COAD,TCGA-G4-6310-01Z-00-DX1.b88472d4-3adc-4e4d-b0f2-0dc195a3d7df,phikon,Phikon,40x,10x,40×–10×,16917,0.9043648838996887
COAD,TCGA-G4-6310-01Z-00-DX1.b88472d4-3adc-4e4d-b0f2-0dc195a3d7df,phikon,Phikon,40x,2p5x,40×–2.5×,16917,0.7766992449760437
COAD,TCGA-G4-6310-01Z-00-DX1.b88472d4-3adc-4e4d-b0f2-0dc195a3d7df,phikon,Phikon,10x,2p5x,10×–2.5×,16917,0.8405951261520386
COAD,TCGA-G4-6588-01Z-00-DX1.0747172e-f630-4b7c-9341-55078585ae00,phikon,Phikon,40x,10x,40×–10×,20553,0.8713535666465759
COAD,TCGA-G4-6588-01Z-00-DX1.0747172e-f630-4b7c-9341-55078585ae00,phikon,Phikon,40x,2p5x,40×–2.5×,20553,0.7123550772666931
COAD,TCGA-G4-6588-01Z-00-DX1.0747172e-f630-4b7c-9341-55078585ae00,phikon,Phikon,10x,2p5x,10×–2.5×,20553,0.8151366114616394
HNSC,TCGA-BA-6871-01Z-00-DX1.4d9ca329-f8d5-4c31-a20f-9d4fba728326,phikon,Phikon,40x,10x,40×–10×,14718,0.6830695867538452
HNSC,TCGA-BA-6871-01Z-00-DX1.4d9ca329-f8d5-4c31-a20f-9d4fba728326,phikon,Phikon,40x,2p5x,40×–2.5×,14718,0.3719049096107483
HNSC,TCGA-BA-6871-01Z-00-DX1.4d9ca329-f8d5-4c31-a20f-9d4fba728326,phikon,Phikon,10x,2p5x,10×–2.5×,14718,0.5008957386016846
HNSC,TCGA-BA-6872-01Z-00-DX1.F99F6394-D319-4599-B124-D2A6692FA096,phikon,Phikon,40x,10x,40×–10×,7720,0.7436383366584778
HNSC,TCGA-BA-6872-01Z-00-DX1.F99F6394-D319-4599-B124-D2A6692FA096,phikon,Phikon,40x,2p5x,40×–2.5×,7720,0.5157434940338135
HNSC,TCGA-BA-6872-01Z-00-DX1.F99F6394-D319-4599-B124-D2A6692FA096,phikon,Phikon,10x,2p5x,10×–2.5×,7720,0.6700894236564636
HNSC,TCGA-CN-A6V7-01A-01-TS1.F54912D3-1E21-4605-ACFC-142973524AE2,phikon,Phikon,40x,10x,40×–10×,2536,0.5078043937683105
HNSC,TCGA-CN-A6V7-01A-01-TS1.F54912D3-1E21-4605-ACFC-142973524AE2,phikon,Phikon,40x,2p5x,40×–2.5×,2536,0.31832340359687805
HNSC,TCGA-CN-A6V7-01A-01-TS1.F54912D3-1E21-4605-ACFC-142973524AE2,phikon,Phikon,10x,2p5x,10×–2.5×,2536,0.5952280759811401
HNSC,TCGA-CV-6935-01Z-00-DX1.9C449CB2-FB6D-41D1-A4A6-3069DC84A697,phikon,Phikon,40x,10x,40×–10×,12224,0.8807395696640015
HNSC,TCGA-CV-6935-01Z-00-DX1.9C449CB2-FB6D-41D1-A4A6-3069DC84A697,phikon,Phikon,40x,2p5x,40×–2.5×,12224,0.740235447883606
HNSC,TCGA-CV-6935-01Z-00-DX1.9C449CB2-FB6D-41D1-A4A6-3069DC84A697,phikon,Phikon,10x,2p5x,10×–2.5×,12224,0.836709201335907
HNSC,TCGA-CV-A45O-01Z-00-DX1.8CBD0CCC-C815-475D-87F9-76272F4F715B,phikon,Phikon,40x,10x,40×–10×,14844,0.8846265077590942
HNSC,TCGA-CV-A45O-01Z-00-DX1.8CBD0CCC-C815-475D-87F9-76272F4F715B,phikon,Phikon,40x,2p5x,40×–2.5×,14844,0.6867934465408325
HNSC,TCGA-CV-A45O-01Z-00-DX1.8CBD0CCC-C815-475D-87F9-76272F4F715B,phikon,Phikon,10x,2p5x,10×–2.5×,14844,0.7505650520324707
HNSC,TCGA-CV-A6JE-01Z-00-DX1.20137D17-19B3-49FF-9C3D-60933157E409,phikon,Phikon,40x,10x,40×–10×,26402,0.749911904335022
HNSC,TCGA-CV-A6JE-01Z-00-DX1.20137D17-19B3-49FF-9C3D-60933157E409,phikon,Phikon,40x,2p5x,40×–2.5×,26402,0.5643758177757263
HNSC,TCGA-CV-A6JE-01Z-00-DX1.20137D17-19B3-49FF-9C3D-60933157E409,phikon,Phikon,10x,2p5x,10×–2.5×,26402,0.7729384303092957
HNSC,TCGA-CV-A6JU-01Z-00-DX1.35A3A1F0-9D6C-4794-B501-E56E48C51DF9,phikon,Phikon,40x,10x,40×–10×,21938,0.7874878644943237
HNSC,TCGA-CV-A6JU-01Z-00-DX1.35A3A1F0-9D6C-4794-B501-E56E48C51DF9,phikon,Phikon,40x,2p5x,40×–2.5×,21938,0.5188681483268738
HNSC,TCGA-CV-A6JU-01Z-00-DX1.35A3A1F0-9D6C-4794-B501-E56E48C51DF9,phikon,Phikon,10x,2p5x,10×–2.5×,21938,0.6464436054229736
HNSC,TCGA-UF-A719-01Z-00-DX1.4C4ECC2C-C390-4C5E-A709-CF08C113F1A1,phikon,Phikon,40x,10x,40×–10×,21546,0.8360334038734436
HNSC,TCGA-UF-A719-01Z-00-DX1.4C4ECC2C-C390-4C5E-A709-CF08C113F1A1,phikon,Phikon,40x,2p5x,40×–2.5×,21546,0.5792604088783264
HNSC,TCGA-UF-A719-01Z-00-DX1.4C4ECC2C-C390-4C5E-A709-CF08C113F1A1,phikon,Phikon,10x,2p5x,10×–2.5×,21546,0.6540243625640869
KIRC,TCGA-A3-3346-01Z-00-DX1.95280216-fd71-4a03-b452-6e3d667f2542,phikon,Phikon,40x,10x,40×–10×,2240,0.7266951203346252
KIRC,TCGA-A3-3346-01Z-00-DX1.95280216-fd71-4a03-b452-6e3d667f2542,phikon,Phikon,40x,2p5x,40×–2.5×,2240,0.4264254570007324
KIRC,TCGA-A3-3346-01Z-00-DX1.95280216-fd71-4a03-b452-6e3d667f2542,phikon,Phikon,10x,2p5x,10×–2.5×,2240,0.6020734906196594
KIRC,TCGA-A3-A8CQ-01Z-00-DX1.78DA0827-5FB8-4B9F-A845-22F85830B5FB,phikon,Phikon,40x,10x,40×–10×,1395,0.6032085418701172
KIRC,TCGA-A3-A8CQ-01Z-00-DX1.78DA0827-5FB8-4B9F-A845-22F85830B5FB,phikon,Phikon,40x,2p5x,40×–2.5×,1395,0.28464987874031067
KIRC,TCGA-A3-A8CQ-01Z-00-DX1.78DA0827-5FB8-4B9F-A845-22F85830B5FB,phikon,Phikon,10x,2p5x,10×–2.5×,1395,0.508123517036438
KIRC,TCGA-AK-3444-01Z-00-DX1.1F0E0B47-29FF-456F-800A-539983FDCFAA,phikon,Phikon,40x,10x,40×–10×,5029,0.8559508919715881
KIRC,TCGA-AK-3444-01Z-00-DX1.1F0E0B47-29FF-456F-800A-539983FDCFAA,phikon,Phikon,40x,2p5x,40×–2.5×,5029,0.6921976208686829
KIRC,TCGA-AK-3444-01Z-00-DX1.1F0E0B47-29FF-456F-800A-539983FDCFAA,phikon,Phikon,10x,2p5x,10×–2.5×,5029,0.7413551807403564
KIRC,TCGA-B0-5094-01Z-00-DX1.eac31fe2-09da-4ecf-8e25-c073cbb03295,phikon,Phikon,40x,10x,40×–10×,23201,0.9194225668907166
KIRC,TCGA-B0-5094-01Z-00-DX1.eac31fe2-09da-4ecf-8e25-c073cbb03295,phikon,Phikon,40x,2p5x,40×–2.5×,23201,0.843740701675415
KIRC,TCGA-B0-5094-01Z-00-DX1.eac31fe2-09da-4ecf-8e25-c073cbb03295,phikon,Phikon,10x,2p5x,10×–2.5×,23201,0.8941743969917297
KIRC,TCGA-B0-5106-01Z-00-DX1.564e51a3-be50-4eed-ba9c-4d478b96ffc6,phikon,Phikon,40x,10x,40×–10×,26156,0.859929084777832
KIRC,TCGA-B0-5106-01Z-00-DX1.564e51a3-be50-4eed-ba9c-4d478b96ffc6,phikon,Phikon,40x,2p5x,40×–2.5×,26156,0.6404543519020081
KIRC,TCGA-B0-5106-01Z-00-DX1.564e51a3-be50-4eed-ba9c-4d478b96ffc6,phikon,Phikon,10x,2p5x,10×–2.5×,26156,0.7394325733184814
KIRC,TCGA-B0-5711-01Z-00-DX1.6839921f-ec08-4e94-8bf9-4b5a4fcdda45,phikon,Phikon,40x,10x,40×–10×,23048,0.9118427634239197
KIRC,TCGA-B0-5711-01Z-00-DX1.6839921f-ec08-4e94-8bf9-4b5a4fcdda45,phikon,Phikon,40x,2p5x,40×–2.5×,23048,0.7440696358680725
KIRC,TCGA-B0-5711-01Z-00-DX1.6839921f-ec08-4e94-8bf9-4b5a4fcdda45,phikon,Phikon,10x,2p5x,10×–2.5×,23048,0.804083526134491
KIRC,TCGA-B2-5633-01Z-00-DX1.c55a29ca-468e-46de-9ff5-a51f46fe09fd,phikon,Phikon,40x,10x,40×–10×,3974,0.8239315748214722
KIRC,TCGA-B2-5633-01Z-00-DX1.c55a29ca-468e-46de-9ff5-a51f46fe09fd,phikon,Phikon,40x,2p5x,40×–2.5×,3974,0.43919578194618225
KIRC,TCGA-B2-5633-01Z-00-DX1.c55a29ca-468e-46de-9ff5-a51f46fe09fd,phikon,Phikon,10x,2p5x,10×–2.5×,3974,0.6647679209709167
KIRC,TCGA-BP-4991-01Z-00-DX1.71305f5c-ca59-48fa-bb82-4b441c1fffdc,phikon,Phikon,40x,10x,40×–10×,31068,0.9119170308113098
KIRC,TCGA-BP-4991-01Z-00-DX1.71305f5c-ca59-48fa-bb82-4b441c1fffdc,phikon,Phikon,40x,2p5x,40×–2.5×,31068,0.7491523623466492
KIRC,TCGA-BP-4991-01Z-00-DX1.71305f5c-ca59-48fa-bb82-4b441c1fffdc,phikon,Phikon,10x,2p5x,10×–2.5×,31068,0.8430436849594116
KIRC,TCGA-BP-5201-01Z-00-DX1.d1a9878e-bb97-48fb-9098-9d9337f06250,phikon,Phikon,40x,10x,40×–10×,12763,0.6915938854217529
KIRC,TCGA-BP-5201-01Z-00-DX1.d1a9878e-bb97-48fb-9098-9d9337f06250,phikon,Phikon,40x,2p5x,40×–2.5×,12763,0.40553978085517883
KIRC,TCGA-BP-5201-01Z-00-DX1.d1a9878e-bb97-48fb-9098-9d9337f06250,phikon,Phikon,10x,2p5x,10×–2.5×,12763,0.5667988657951355
LUAD,TCGA-55-6986-01Z-00-DX1.ae52d41e-3cd6-4d36-b04b-2ea7d29bd8da,phikon,Phikon,40x,10x,40×–10×,5951,0.7768630981445312
LUAD,TCGA-55-6986-01Z-00-DX1.ae52d41e-3cd6-4d36-b04b-2ea7d29bd8da,phikon,Phikon,40x,2p5x,40×–2.5×,5951,0.5011422038078308
LUAD,TCGA-55-6986-01Z-00-DX1.ae52d41e-3cd6-4d36-b04b-2ea7d29bd8da,phikon,Phikon,10x,2p5x,10×–2.5×,5951,0.6286625266075134
LUAD,TCGA-64-5779-01Z-00-DX1.B3268447-DCE0-4927-B5A9-EC4D61E9B17D,phikon,Phikon,40x,10x,40×–10×,15338,0.6823778748512268
LUAD,TCGA-64-5779-01Z-00-DX1.B3268447-DCE0-4927-B5A9-EC4D61E9B17D,phikon,Phikon,40x,2p5x,40×–2.5×,15338,0.288418710231781
LUAD,TCGA-64-5779-01Z-00-DX1.B3268447-DCE0-4927-B5A9-EC4D61E9B17D,phikon,Phikon,10x,2p5x,10×–2.5×,15338,0.43664151430130005
LUAD,TCGA-78-7158-01Z-00-DX1.74db3dcd-2715-4ce7-8e48-30c8b7946ba0,phikon,Phikon,40x,10x,40×–10×,23198,0.7364747524261475
LUAD,TCGA-78-7158-01Z-00-DX1.74db3dcd-2715-4ce7-8e48-30c8b7946ba0,phikon,Phikon,40x,2p5x,40×–2.5×,23198,0.46347033977508545
LUAD,TCGA-78-7158-01Z-00-DX1.74db3dcd-2715-4ce7-8e48-30c8b7946ba0,phikon,Phikon,10x,2p5x,10×–2.5×,23198,0.6475161910057068
LUAD,TCGA-78-7163-01Z-00-DX1.42880bdf-271d-41dd-aada-e7ec1156ff31,phikon,Phikon,40x,10x,40×–10×,21422,0.675705075263977
LUAD,TCGA-78-7163-01Z-00-DX1.42880bdf-271d-41dd-aada-e7ec1156ff31,phikon,Phikon,40x,2p5x,40×–2.5×,21422,0.4443058669567108
LUAD,TCGA-78-7163-01Z-00-DX1.42880bdf-271d-41dd-aada-e7ec1156ff31,phikon,Phikon,10x,2p5x,10×–2.5×,21422,0.6542379856109619
LUAD,TCGA-78-7536-01Z-00-DX1.6b066140-8b82-40a5-bd48-430eeb4463fe,phikon,Phikon,40x,10x,40×–10×,32971,0.44256892800331116
LUAD,TCGA-78-7536-01Z-00-DX1.6b066140-8b82-40a5-bd48-430eeb4463fe,phikon,Phikon,40x,2p5x,40×–2.5×,32971,0.2769817113876343
LUAD,TCGA-78-7536-01Z-00-DX1.6b066140-8b82-40a5-bd48-430eeb4463fe,phikon,Phikon,10x,2p5x,10×–2.5×,32971,0.5161517858505249
LUAD,TCGA-86-8668-01Z-00-DX1.d720d486-02c7-4f98-8feb-e0e50a12c158,phikon,Phikon,40x,10x,40×–10×,14624,0.828616201877594
LUAD,TCGA-86-8668-01Z-00-DX1.d720d486-02c7-4f98-8feb-e0e50a12c158,phikon,Phikon,40x,2p5x,40×–2.5×,14624,0.6192008256912231
LUAD,TCGA-86-8668-01Z-00-DX1.d720d486-02c7-4f98-8feb-e0e50a12c158,phikon,Phikon,10x,2p5x,10×–2.5×,14624,0.7229753732681274
LUAD,TCGA-97-A4LX-01Z-00-DX1.B2334672-A626-4E74-B4D1-A79F70F65909,phikon,Phikon,40x,10x,40×–10×,19346,0.6702888607978821
LUAD,TCGA-97-A4LX-01Z-00-DX1.B2334672-A626-4E74-B4D1-A79F70F65909,phikon,Phikon,40x,2p5x,40×–2.5×,19346,0.441854864358902
LUAD,TCGA-97-A4LX-01Z-00-DX1.B2334672-A626-4E74-B4D1-A79F70F65909,phikon,Phikon,10x,2p5x,10×–2.5×,19346,0.6902721524238586
LUAD,TCGA-97-A4M2-01Z-00-DX1.5C72522C-1538-4D68-B517-5FB05A9D401A,phikon,Phikon,40x,10x,40×–10×,8962,0.8177199959754944
LUAD,TCGA-97-A4M2-01Z-00-DX1.5C72522C-1538-4D68-B517-5FB05A9D401A,phikon,Phikon,40x,2p5x,40×–2.5×,8962,0.6589351892471313
LUAD,TCGA-97-A4M2-01Z-00-DX1.5C72522C-1538-4D68-B517-5FB05A9D401A,phikon,Phikon,10x,2p5x,10×–2.5×,8962,0.7754623293876648
LUAD,TCGA-J2-A4AE-01Z-00-DX1.42C5DE4A-7787-4E59-8969-D12503262C96,phikon,Phikon,40x,10x,40×–10×,14491,0.8763302564620972
LUAD,TCGA-J2-A4AE-01Z-00-DX1.42C5DE4A-7787-4E59-8969-D12503262C96,phikon,Phikon,40x,2p5x,40×–2.5×,14491,0.6420576572418213
LUAD,TCGA-J2-A4AE-01Z-00-DX1.42C5DE4A-7787-4E59-8969-D12503262C96,phikon,Phikon,10x,2p5x,10×–2.5×,14491,0.7223919630050659
STAD,TCGA-BR-6452-01Z-00-DX1.aec8246e-9dce-436d-9faa-df8fa1f6e47c,phikon,Phikon,40x,10x,40×–10×,15303,0.7939432263374329
STAD,TCGA-BR-6452-01Z-00-DX1.aec8246e-9dce-436d-9faa-df8fa1f6e47c,phikon,Phikon,40x,2p5x,40×–2.5×,15303,0.5957750082015991
STAD,TCGA-BR-6452-01Z-00-DX1.aec8246e-9dce-436d-9faa-df8fa1f6e47c,phikon,Phikon,10x,2p5x,10×–2.5×,15303,0.7169128656387329
STAD,TCGA-BR-6454-01Z-00-DX1.63fb6280-2b43-49b2-960a-eb9c0e8b617c,phikon,Phikon,40x,10x,40×–10×,15740,0.6439902186393738
STAD,TCGA-BR-6454-01Z-00-DX1.63fb6280-2b43-49b2-960a-eb9c0e8b617c,phikon,Phikon,40x,2p5x,40×–2.5×,15740,0.45936185121536255
STAD,TCGA-BR-6454-01Z-00-DX1.63fb6280-2b43-49b2-960a-eb9c0e8b617c,phikon,Phikon,10x,2p5x,10×–2.5×,15740,0.6510888934135437
STAD,TCGA-BR-A4CQ-01Z-00-DX1.B63282A5-154D-441B-BF96-5BB26CB6D95E,phikon,Phikon,40x,10x,40×–10×,13809,0.8749068379402161
STAD,TCGA-BR-A4CQ-01Z-00-DX1.B63282A5-154D-441B-BF96-5BB26CB6D95E,phikon,Phikon,40x,2p5x,40×–2.5×,13809,0.6861153841018677
STAD,TCGA-BR-A4CQ-01Z-00-DX1.B63282A5-154D-441B-BF96-5BB26CB6D95E,phikon,Phikon,10x,2p5x,10×–2.5×,13809,0.7794831991195679
STAD,TCGA-CD-A487-01Z-00-DX1.A026BD2F-B721-4340-83D5-7AA39227C90F,phikon,Phikon,40x,10x,40×–10×,20251,0.8384289145469666
STAD,TCGA-CD-A487-01Z-00-DX1.A026BD2F-B721-4340-83D5-7AA39227C90F,phikon,Phikon,40x,2p5x,40×–2.5×,20251,0.6120496392250061
STAD,TCGA-CD-A487-01Z-00-DX1.A026BD2F-B721-4340-83D5-7AA39227C90F,phikon,Phikon,10x,2p5x,10×–2.5×,20251,0.7197076082229614
STAD,TCGA-FP-8209-01Z-00-DX1.a5e13081-1631-44d4-8d6a-c229a22c2311,phikon,Phikon,40x,10x,40×–10×,3901,0.7922038435935974
STAD,TCGA-FP-8209-01Z-00-DX1.a5e13081-1631-44d4-8d6a-c229a22c2311,phikon,Phikon,40x,2p5x,40×–2.5×,3901,0.5380340218544006
STAD,TCGA-FP-8209-01Z-00-DX1.a5e13081-1631-44d4-8d6a-c229a22c2311,phikon,Phikon,10x,2p5x,10×–2.5×,3901,0.6788987517356873
STAD,TCGA-SW-A7EA-01Z-00-DX1.C5E1BE0E-0A25-4480-A3AC-DB2ED7471A4E,phikon,Phikon,40x,10x,40×–10×,6449,0.9361035227775574
STAD,TCGA-SW-A7EA-01Z-00-DX1.C5E1BE0E-0A25-4480-A3AC-DB2ED7471A4E,phikon,Phikon,40x,2p5x,40×–2.5×,6449,0.8477163314819336
STAD,TCGA-SW-A7EA-01Z-00-DX1.C5E1BE0E-0A25-4480-A3AC-DB2ED7471A4E,phikon,Phikon,10x,2p5x,10×–2.5×,6449,0.8887211680412292
STAD,TCGA-VQ-A8PY-01Z-00-DX1.EA2C7386-012A-442A-95B3-FFA12BD2684D,phikon,Phikon,40x,10x,40×–10×,22399,0.8724414110183716
STAD,TCGA-VQ-A8PY-01Z-00-DX1.EA2C7386-012A-442A-95B3-FFA12BD2684D,phikon,Phikon,40x,2p5x,40×–2.5×,22399,0.6973650455474854
STAD,TCGA-VQ-A8PY-01Z-00-DX1.EA2C7386-012A-442A-95B3-FFA12BD2684D,phikon,Phikon,10x,2p5x,10×–2.5×,22399,0.763973593711853
STAD,TCGA-VQ-A924-01Z-00-DX1.736B41F3-9678-4FAF-AE86-FCAC4F6DCBD3,phikon,Phikon,40x,10x,40×–10×,12960,0.819159746170044
STAD,TCGA-VQ-A924-01Z-00-DX1.736B41F3-9678-4FAF-AE86-FCAC4F6DCBD3,phikon,Phikon,40x,2p5x,40×–2.5×,12960,0.566967248916626
STAD,TCGA-VQ-A924-01Z-00-DX1.736B41F3-9678-4FAF-AE86-FCAC4F6DCBD3,phikon,Phikon,10x,2p5x,10×–2.5×,12960,0.6925660371780396
STAD,TCGA-ZQ-A9CR-01Z-00-DX1.C9AC9991-7054-4068-A7AA-9D1EB7F040A3,phikon,Phikon,40x,10x,40×–10×,31585,0.9510137438774109
STAD,TCGA-ZQ-A9CR-01Z-00-DX1.C9AC9991-7054-4068-A7AA-9D1EB7F040A3,phikon,Phikon,40x,2p5x,40×–2.5×,31585,0.901846706867218
STAD,TCGA-ZQ-A9CR-01Z-00-DX1.C9AC9991-7054-4068-A7AA-9D1EB7F040A3,phikon,Phikon,10x,2p5x,10×–2.5×,31585,0.9140747785568237
UCEC,TCGA-A5-A0GX-01Z-00-DX1.7E713D1A-5858-4648-957D-77189E43CFAA,phikon,Phikon,40x,10x,40×–10×,26039,0.9065360426902771
UCEC,TCGA-A5-A0GX-01Z-00-DX1.7E713D1A-5858-4648-957D-77189E43CFAA,phikon,Phikon,40x,2p5x,40×–2.5×,26039,0.7757768034934998
UCEC,TCGA-A5-A0GX-01Z-00-DX1.7E713D1A-5858-4648-957D-77189E43CFAA,phikon,Phikon,10x,2p5x,10×–2.5×,26039,0.8289077281951904
UCEC,TCGA-A5-A0R7-01Z-00-DX1.D21E6974-22A3-4A68-8B4E-14E84A7A50A5,phikon,Phikon,40x,10x,40×–10×,45564,0.893722653388977
UCEC,TCGA-A5-A0R7-01Z-00-DX1.D21E6974-22A3-4A68-8B4E-14E84A7A50A5,phikon,Phikon,40x,2p5x,40×–2.5×,45564,0.7625117897987366
UCEC,TCGA-A5-A0R7-01Z-00-DX1.D21E6974-22A3-4A68-8B4E-14E84A7A50A5,phikon,Phikon,10x,2p5x,10×–2.5×,45564,0.8481780290603638
UCEC,TCGA-AX-A05U-01Z-00-DX1.1EBFC727-B5D5-4543-BBA9-4254ABD3D584,phikon,Phikon,40x,10x,40×–10×,42082,0.9348758459091187
UCEC,TCGA-AX-A05U-01Z-00-DX1.1EBFC727-B5D5-4543-BBA9-4254ABD3D584,phikon,Phikon,40x,2p5x,40×–2.5×,42082,0.8362070322036743
UCEC,TCGA-AX-A05U-01Z-00-DX1.1EBFC727-B5D5-4543-BBA9-4254ABD3D584,phikon,Phikon,10x,2p5x,10×–2.5×,42082,0.8894275426864624
UCEC,TCGA-AX-A06B-01Z-00-DX2.1757C039-99F7-4087-A9E5-D340AF7220D4,phikon,Phikon,40x,10x,40×–10×,10560,0.8312718272209167
UCEC,TCGA-AX-A06B-01Z-00-DX2.1757C039-99F7-4087-A9E5-D340AF7220D4,phikon,Phikon,40x,2p5x,40×–2.5×,10560,0.48352736234664917
UCEC,TCGA-AX-A06B-01Z-00-DX2.1757C039-99F7-4087-A9E5-D340AF7220D4,phikon,Phikon,10x,2p5x,10×–2.5×,10560,0.5829443335533142
UCEC,TCGA-AX-A0J0-01Z-00-DX2.56C668BE-03B8-4B87-A226-AABD97D53C38,phikon,Phikon,40x,10x,40×–10×,34978,0.9217674732208252
UCEC,TCGA-AX-A0J0-01Z-00-DX2.56C668BE-03B8-4B87-A226-AABD97D53C38,phikon,Phikon,40x,2p5x,40×–2.5×,34978,0.8084797859191895
UCEC,TCGA-AX-A0J0-01Z-00-DX2.56C668BE-03B8-4B87-A226-AABD97D53C38,phikon,Phikon,10x,2p5x,10×–2.5×,34978,0.857768177986145
UCEC,TCGA-B5-A11F-01Z-00-DX1.3F1C053D-E81E-4C8D-965D-6F3DE29D9511,phikon,Phikon,40x,10x,40×–10×,22717,0.9146023392677307
UCEC,TCGA-B5-A11F-01Z-00-DX1.3F1C053D-E81E-4C8D-965D-6F3DE29D9511,phikon,Phikon,40x,2p5x,40×–2.5×,22717,0.8135420680046082
UCEC,TCGA-B5-A11F-01Z-00-DX1.3F1C053D-E81E-4C8D-965D-6F3DE29D9511,phikon,Phikon,10x,2p5x,10×–2.5×,22717,0.8677573800086975
UCEC,TCGA-BG-A0W1-01Z-00-DX1.8E06269C-1278-478B-A128-59FA911B1649,phikon,Phikon,40x,10x,40×–10×,26648,0.9550824761390686
UCEC,TCGA-BG-A0W1-01Z-00-DX1.8E06269C-1278-478B-A128-59FA911B1649,phikon,Phikon,40x,2p5x,40×–2.5×,26648,0.7868984937667847
UCEC,TCGA-BG-A0W1-01Z-00-DX1.8E06269C-1278-478B-A128-59FA911B1649,phikon,Phikon,10x,2p5x,10×–2.5×,26648,0.8231238722801208
UCEC,TCGA-EY-A1GQ-01Z-00-DX1.03D52C6F-515E-4A4F-A08E-31D773BCC67F,phikon,Phikon,40x,10x,40×–10×,20550,0.5642693638801575
UCEC,TCGA-EY-A1GQ-01Z-00-DX1.03D52C6F-515E-4A4F-A08E-31D773BCC67F,phikon,Phikon,40x,2p5x,40×–2.5×,20550,0.3589906096458435
UCEC,TCGA-EY-A1GQ-01Z-00-DX1.03D52C6F-515E-4A4F-A08E-31D773BCC67F,phikon,Phikon,10x,2p5x,10×–2.5×,20550,0.6361356973648071
UCEC,TCGA-FI-A2EX-01Z-00-DX1.127F5153-745D-43E6-83CA-DE2738702C62,phikon,Phikon,40x,10x,40×–10×,21945,0.8452329635620117
UCEC,TCGA-FI-A2EX-01Z-00-DX1.127F5153-745D-43E6-83CA-DE2738702C62,phikon,Phikon,40x,2p5x,40×–2.5×,21945,0.6774525046348572
UCEC,TCGA-FI-A2EX-01Z-00-DX1.127F5153-745D-43E6-83CA-DE2738702C62,phikon,Phikon,10x,2p5x,10×–2.5×,21945,0.7325704097747803
BLCA,TCGA-CF-A3MF-01Z-00-DX1.91768C26-5BB1-4DE6-9737-AA26BD687A75,uni,UNI,40x,10x,40×–10×,26138,0.7565656304359436
BLCA,TCGA-CF-A3MF-01Z-00-DX1.91768C26-5BB1-4DE6-9737-AA26BD687A75,uni,UNI,40x,2p5x,40×–2.5×,26138,0.5407902002334595
BLCA,TCGA-CF-A3MF-01Z-00-DX1.91768C26-5BB1-4DE6-9737-AA26BD687A75,uni,UNI,10x,2p5x,10×–2.5×,26138,0.6335790157318115
BLCA,TCGA-CU-A0YN-01Z-00-DX1.6C5EAAAF-8F14-49D3-8FFC-9BDAE56CAFD0,uni,UNI,40x,10x,40×–10×,2880,0.6041471362113953
BLCA,TCGA-CU-A0YN-01Z-00-DX1.6C5EAAAF-8F14-49D3-8FFC-9BDAE56CAFD0,uni,UNI,40x,2p5x,40×–2.5×,2880,0.34001246094703674
BLCA,TCGA-CU-A0YN-01Z-00-DX1.6C5EAAAF-8F14-49D3-8FFC-9BDAE56CAFD0,uni,UNI,10x,2p5x,10×–2.5×,2880,0.5988811254501343
BLCA,TCGA-DK-A6AW-01Z-00-DX1.C2453A8C-8282-443C-9E76-5B6CAD2FE69B,uni,UNI,40x,10x,40×–10×,15233,0.8736853003501892
BLCA,TCGA-DK-A6AW-01Z-00-DX1.C2453A8C-8282-443C-9E76-5B6CAD2FE69B,uni,UNI,40x,2p5x,40×–2.5×,15233,0.7474892735481262
BLCA,TCGA-DK-A6AW-01Z-00-DX1.C2453A8C-8282-443C-9E76-5B6CAD2FE69B,uni,UNI,10x,2p5x,10×–2.5×,15233,0.8132249116897583
BLCA,TCGA-DK-AA6L-01A-01-TSA.5794F0C6-9ED6-489A-9621-18CCC5935548,uni,UNI,40x,10x,40×–10×,7165,0.6565500497817993
BLCA,TCGA-DK-AA6L-01A-01-TSA.5794F0C6-9ED6-489A-9621-18CCC5935548,uni,UNI,40x,2p5x,40×–2.5×,7165,0.27048468589782715
BLCA,TCGA-DK-AA6L-01A-01-TSA.5794F0C6-9ED6-489A-9621-18CCC5935548,uni,UNI,10x,2p5x,10×–2.5×,7165,0.4404865801334381
BLCA,TCGA-DK-AA77-01A-01-TSA.26CAF5CB-CC4F-4522-BD2B-343FB70205FE,uni,UNI,40x,10x,40×–10×,3872,0.6068166494369507
BLCA,TCGA-DK-AA77-01A-01-TSA.26CAF5CB-CC4F-4522-BD2B-343FB70205FE,uni,UNI,40x,2p5x,40×–2.5×,3872,0.20906685292720795
BLCA,TCGA-DK-AA77-01A-01-TSA.26CAF5CB-CC4F-4522-BD2B-343FB70205FE,uni,UNI,10x,2p5x,10×–2.5×,3872,0.4087536633014679
BLCA,TCGA-FD-A6TK-01Z-00-DX1.B685DA87-72A6-4C38-8AA1-40B6E543383C,uni,UNI,40x,10x,40×–10×,19445,0.7895600199699402
BLCA,TCGA-FD-A6TK-01Z-00-DX1.B685DA87-72A6-4C38-8AA1-40B6E543383C,uni,UNI,40x,2p5x,40×–2.5×,19445,0.648374080657959
BLCA,TCGA-FD-A6TK-01Z-00-DX1.B685DA87-72A6-4C38-8AA1-40B6E543383C,uni,UNI,10x,2p5x,10×–2.5×,19445,0.7471926212310791
BLCA,TCGA-GU-AATP-01Z-00-DX1.0D8EC37C-88E7-49D5-A76D-F0A4A3FD8AE4,uni,UNI,40x,10x,40×–10×,22018,0.7774391174316406
BLCA,TCGA-GU-AATP-01Z-00-DX1.0D8EC37C-88E7-49D5-A76D-F0A4A3FD8AE4,uni,UNI,40x,2p5x,40×–2.5×,22018,0.575882613658905
BLCA,TCGA-GU-AATP-01Z-00-DX1.0D8EC37C-88E7-49D5-A76D-F0A4A3FD8AE4,uni,UNI,10x,2p5x,10×–2.5×,22018,0.6904821395874023
BLCA,TCGA-XF-A8HB-01Z-00-DX1.D6874152-D20A-4CA4-8E8B-8CBAB5F7D7B5,uni,UNI,40x,10x,40×–10×,14662,0.7284653186798096
BLCA,TCGA-XF-A8HB-01Z-00-DX1.D6874152-D20A-4CA4-8E8B-8CBAB5F7D7B5,uni,UNI,40x,2p5x,40×–2.5×,14662,0.4603434205055237
BLCA,TCGA-XF-A8HB-01Z-00-DX1.D6874152-D20A-4CA4-8E8B-8CBAB5F7D7B5,uni,UNI,10x,2p5x,10×–2.5×,14662,0.6029921174049377
BLCA,TCGA-ZF-A9R1-01Z-00-DX1.74520759-D448-45B5-B8AD-45502C99A519,uni,UNI,40x,10x,40×–10×,16065,0.7577146291732788
BLCA,TCGA-ZF-A9R1-01Z-00-DX1.74520759-D448-45B5-B8AD-45502C99A519,uni,UNI,40x,2p5x,40×–2.5×,16065,0.551000714302063
BLCA,TCGA-ZF-A9R1-01Z-00-DX1.74520759-D448-45B5-B8AD-45502C99A519,uni,UNI,10x,2p5x,10×–2.5×,16065,0.6867505311965942
BLCA,TCGA-ZF-AA51-01Z-00-DX1.128C9731-C206-4E71-9A64-864FA9FD7E96,uni,UNI,40x,10x,40×–10×,22108,0.8152528405189514
BLCA,TCGA-ZF-AA51-01Z-00-DX1.128C9731-C206-4E71-9A64-864FA9FD7E96,uni,UNI,40x,2p5x,40×–2.5×,22108,0.5690299868583679
BLCA,TCGA-ZF-AA51-01Z-00-DX1.128C9731-C206-4E71-9A64-864FA9FD7E96,uni,UNI,10x,2p5x,10×–2.5×,22108,0.668157160282135
BRCA,TCGA-A7-A2KD-01Z-00-DX1.BFF2DFC8-1D95-4DC2-98FC-5BD7D7C6CDF5,uni,UNI,40x,10x,40×–10×,13242,0.6736115217208862
BRCA,TCGA-A7-A2KD-01Z-00-DX1.BFF2DFC8-1D95-4DC2-98FC-5BD7D7C6CDF5,uni,UNI,40x,2p5x,40×–2.5×,13242,0.41856518387794495
BRCA,TCGA-A7-A2KD-01Z-00-DX1.BFF2DFC8-1D95-4DC2-98FC-5BD7D7C6CDF5,uni,UNI,10x,2p5x,10×–2.5×,13242,0.6129537224769592
BRCA,TCGA-AN-A0G0-01Z-00-DX1.BE0BB5DF-DEDA-48D8-B5D8-2735C767F28F,uni,UNI,40x,10x,40×–10×,4987,0.7305709719657898
BRCA,TCGA-AN-A0G0-01Z-00-DX1.BE0BB5DF-DEDA-48D8-B5D8-2735C767F28F,uni,UNI,40x,2p5x,40×–2.5×,4987,0.46665990352630615
BRCA,TCGA-AN-A0G0-01Z-00-DX1.BE0BB5DF-DEDA-48D8-B5D8-2735C767F28F,uni,UNI,10x,2p5x,10×–2.5×,4987,0.6466271281242371
BRCA,TCGA-AQ-A04L-01Z-00-DX1.F35BF4DD-896A-43C2-8DA6-C67945C003BE,uni,UNI,40x,10x,40×–10×,6966,0.8325771689414978
BRCA,TCGA-AQ-A04L-01Z-00-DX1.F35BF4DD-896A-43C2-8DA6-C67945C003BE,uni,UNI,40x,2p5x,40×–2.5×,6966,0.7231380939483643
BRCA,TCGA-AQ-A04L-01Z-00-DX1.F35BF4DD-896A-43C2-8DA6-C67945C003BE,uni,UNI,10x,2p5x,10×–2.5×,6966,0.8224329352378845
BRCA,TCGA-AR-A2LK-01Z-00-DX1.FBD59C38-CD4E-4C22-BC74-A57C192A9BBC,uni,UNI,40x,10x,40×–10×,11925,0.7403706312179565
BRCA,TCGA-AR-A2LK-01Z-00-DX1.FBD59C38-CD4E-4C22-BC74-A57C192A9BBC,uni,UNI,40x,2p5x,40×–2.5×,11925,0.45560258626937866
BRCA,TCGA-AR-A2LK-01Z-00-DX1.FBD59C38-CD4E-4C22-BC74-A57C192A9BBC,uni,UNI,10x,2p5x,10×–2.5×,11925,0.5675075650215149
BRCA,TCGA-AR-A5QM-01Z-00-DX1.A9017CED-FF57-4090-95B9-94DC91854347,uni,UNI,40x,10x,40×–10×,13639,0.67174232006073
BRCA,TCGA-AR-A5QM-01Z-00-DX1.A9017CED-FF57-4090-95B9-94DC91854347,uni,UNI,40x,2p5x,40×–2.5×,13639,0.45377930998802185
BRCA,TCGA-AR-A5QM-01Z-00-DX1.A9017CED-FF57-4090-95B9-94DC91854347,uni,UNI,10x,2p5x,10×–2.5×,13639,0.6153578162193298
BRCA,TCGA-BH-A0C1-01Z-00-DX1.21FE357E-B182-4397-BFEF-7E96E994236A,uni,UNI,40x,10x,40×–10×,14097,0.7911925315856934
BRCA,TCGA-BH-A0C1-01Z-00-DX1.21FE357E-B182-4397-BFEF-7E96E994236A,uni,UNI,40x,2p5x,40×–2.5×,14097,0.6644535660743713
BRCA,TCGA-BH-A0C1-01Z-00-DX1.21FE357E-B182-4397-BFEF-7E96E994236A,uni,UNI,10x,2p5x,10×–2.5×,14097,0.7834358215332031
BRCA,TCGA-D8-A1X8-01Z-00-DX1.DDA3866E-C7CC-4650-BE2B-5C9A98A2D531,uni,UNI,40x,10x,40×–10×,13628,0.8227293491363525
BRCA,TCGA-D8-A1X8-01Z-00-DX1.DDA3866E-C7CC-4650-BE2B-5C9A98A2D531,uni,UNI,40x,2p5x,40×–2.5×,13628,0.5984898805618286
BRCA,TCGA-D8-A1X8-01Z-00-DX1.DDA3866E-C7CC-4650-BE2B-5C9A98A2D531,uni,UNI,10x,2p5x,10×–2.5×,13628,0.7107774615287781
BRCA,TCGA-E2-A14P-01Z-00-DX1.663B02FF-C64B-41A6-8685-FD61CD76F9C6,uni,UNI,40x,10x,40×–10×,17521,0.8029346466064453
BRCA,TCGA-E2-A14P-01Z-00-DX1.663B02FF-C64B-41A6-8685-FD61CD76F9C6,uni,UNI,40x,2p5x,40×–2.5×,17521,0.6511547565460205
BRCA,TCGA-E2-A14P-01Z-00-DX1.663B02FF-C64B-41A6-8685-FD61CD76F9C6,uni,UNI,10x,2p5x,10×–2.5×,17521,0.7896409034729004
BRCA,TCGA-E2-A1LA-01Z-00-DX1.AE49E943-B830-4ED9-B09E-E499441BC2EC,uni,UNI,40x,10x,40×–10×,16576,0.8412999510765076
BRCA,TCGA-E2-A1LA-01Z-00-DX1.AE49E943-B830-4ED9-B09E-E499441BC2EC,uni,UNI,40x,2p5x,40×–2.5×,16576,0.6734505295753479
BRCA,TCGA-E2-A1LA-01Z-00-DX1.AE49E943-B830-4ED9-B09E-E499441BC2EC,uni,UNI,10x,2p5x,10×–2.5×,16576,0.7608354687690735
BRCA,TCGA-GM-A3XN-01Z-00-DX1.49F5C8AC-0328-4BC2-9FE2-E7150B7A42E2,uni,UNI,40x,10x,40×–10×,18199,0.743310809135437
BRCA,TCGA-GM-A3XN-01Z-00-DX1.49F5C8AC-0328-4BC2-9FE2-E7150B7A42E2,uni,UNI,40x,2p5x,40×–2.5×,18199,0.580879271030426
BRCA,TCGA-GM-A3XN-01Z-00-DX1.49F5C8AC-0328-4BC2-9FE2-E7150B7A42E2,uni,UNI,10x,2p5x,10×–2.5×,18199,0.6973918676376343
COAD,TCGA-AY-A8YK-01Z-00-DX1.89E3C546-0425-449B-A6FB-1C35168EA7EB,uni,UNI,40x,10x,40×–10×,8285,0.7203894853591919
COAD,TCGA-AY-A8YK-01Z-00-DX1.89E3C546-0425-449B-A6FB-1C35168EA7EB,uni,UNI,40x,2p5x,40×–2.5×,8285,0.500718355178833
COAD,TCGA-AY-A8YK-01Z-00-DX1.89E3C546-0425-449B-A6FB-1C35168EA7EB,uni,UNI,10x,2p5x,10×–2.5×,8285,0.6725659370422363
COAD,TCGA-CK-4947-01Z-00-DX1.b257d5fd-b97b-4987-b088-77f044ca7fe2,uni,UNI,40x,10x,40×–10×,23336,0.7398276925086975
COAD,TCGA-CK-4947-01Z-00-DX1.b257d5fd-b97b-4987-b088-77f044ca7fe2,uni,UNI,40x,2p5x,40×–2.5×,23336,0.5071684122085571
COAD,TCGA-CK-4947-01Z-00-DX1.b257d5fd-b97b-4987-b088-77f044ca7fe2,uni,UNI,10x,2p5x,10×–2.5×,23336,0.6542913317680359
COAD,TCGA-CM-6168-01Z-00-DX1.96af6eb2-9d51-4671-baf8-1a73d0c66869,uni,UNI,40x,10x,40×–10×,24102,0.794329822063446
COAD,TCGA-CM-6168-01Z-00-DX1.96af6eb2-9d51-4671-baf8-1a73d0c66869,uni,UNI,40x,2p5x,40×–2.5×,24102,0.5956428647041321
COAD,TCGA-CM-6168-01Z-00-DX1.96af6eb2-9d51-4671-baf8-1a73d0c66869,uni,UNI,10x,2p5x,10×–2.5×,24102,0.7012767195701599
COAD,TCGA-CM-6169-01Z-00-DX1.0381c243-02b8-4f1d-840c-19ef44d4b92c,uni,UNI,40x,10x,40×–10×,18522,0.7847651839256287
COAD,TCGA-CM-6169-01Z-00-DX1.0381c243-02b8-4f1d-840c-19ef44d4b92c,uni,UNI,40x,2p5x,40×–2.5×,18522,0.579898476600647
COAD,TCGA-CM-6169-01Z-00-DX1.0381c243-02b8-4f1d-840c-19ef44d4b92c,uni,UNI,10x,2p5x,10×–2.5×,18522,0.7021809220314026
COAD,TCGA-G4-6309-01Z-00-DX1.3eb20fdc-eb86-4bd5-8194-76b02d4fa472,uni,UNI,40x,10x,40×–10×,17070,0.8178262114524841
COAD,TCGA-G4-6309-01Z-00-DX1.3eb20fdc-eb86-4bd5-8194-76b02d4fa472,uni,UNI,40x,2p5x,40×–2.5×,17070,0.6031126976013184
COAD,TCGA-G4-6309-01Z-00-DX1.3eb20fdc-eb86-4bd5-8194-76b02d4fa472,uni,UNI,10x,2p5x,10×–2.5×,17070,0.720798671245575
COAD,TCGA-G4-6310-01Z-00-DX1.b88472d4-3adc-4e4d-b0f2-0dc195a3d7df,uni,UNI,40x,10x,40×–10×,16917,0.8246429562568665
COAD,TCGA-G4-6310-01Z-00-DX1.b88472d4-3adc-4e4d-b0f2-0dc195a3d7df,uni,UNI,40x,2p5x,40×–2.5×,16917,0.6825092434883118
COAD,TCGA-G4-6310-01Z-00-DX1.b88472d4-3adc-4e4d-b0f2-0dc195a3d7df,uni,UNI,10x,2p5x,10×–2.5×,16917,0.7982490062713623
COAD,TCGA-G4-6588-01Z-00-DX1.0747172e-f630-4b7c-9341-55078585ae00,uni,UNI,40x,10x,40×–10×,20553,0.7979879975318909
COAD,TCGA-G4-6588-01Z-00-DX1.0747172e-f630-4b7c-9341-55078585ae00,uni,UNI,40x,2p5x,40×–2.5×,20553,0.6214589476585388
COAD,TCGA-G4-6588-01Z-00-DX1.0747172e-f630-4b7c-9341-55078585ae00,uni,UNI,10x,2p5x,10×–2.5×,20553,0.7820068001747131
HNSC,TCGA-BA-6871-01Z-00-DX1.4d9ca329-f8d5-4c31-a20f-9d4fba728326,uni,UNI,40x,10x,40×–10×,14718,0.6990618109703064
HNSC,TCGA-BA-6871-01Z-00-DX1.4d9ca329-f8d5-4c31-a20f-9d4fba728326,uni,UNI,40x,2p5x,40×–2.5×,14718,0.2885296046733856
HNSC,TCGA-BA-6871-01Z-00-DX1.4d9ca329-f8d5-4c31-a20f-9d4fba728326,uni,UNI,10x,2p5x,10×–2.5×,14718,0.44805964827537537
HNSC,TCGA-BA-6872-01Z-00-DX1.F99F6394-D319-4599-B124-D2A6692FA096,uni,UNI,40x,10x,40×–10×,7720,0.7216076850891113
HNSC,TCGA-BA-6872-01Z-00-DX1.F99F6394-D319-4599-B124-D2A6692FA096,uni,UNI,40x,2p5x,40×–2.5×,7720,0.49465206265449524
HNSC,TCGA-BA-6872-01Z-00-DX1.F99F6394-D319-4599-B124-D2A6692FA096,uni,UNI,10x,2p5x,10×–2.5×,7720,0.7010511755943298
HNSC,TCGA-CN-A6V7-01A-01-TS1.F54912D3-1E21-4605-ACFC-142973524AE2,uni,UNI,40x,10x,40×–10×,2536,0.5411710739135742
HNSC,TCGA-CN-A6V7-01A-01-TS1.F54912D3-1E21-4605-ACFC-142973524AE2,uni,UNI,40x,2p5x,40×–2.5×,2536,0.2608732283115387
HNSC,TCGA-CN-A6V7-01A-01-TS1.F54912D3-1E21-4605-ACFC-142973524AE2,uni,UNI,10x,2p5x,10×–2.5×,2536,0.4895992875099182
HNSC,TCGA-CV-6935-01Z-00-DX1.9C449CB2-FB6D-41D1-A4A6-3069DC84A697,uni,UNI,40x,10x,40×–10×,12224,0.8419419527053833
HNSC,TCGA-CV-6935-01Z-00-DX1.9C449CB2-FB6D-41D1-A4A6-3069DC84A697,uni,UNI,40x,2p5x,40×–2.5×,12224,0.6723034977912903
HNSC,TCGA-CV-6935-01Z-00-DX1.9C449CB2-FB6D-41D1-A4A6-3069DC84A697,uni,UNI,10x,2p5x,10×–2.5×,12224,0.7874932289123535
HNSC,TCGA-CV-A45O-01Z-00-DX1.8CBD0CCC-C815-475D-87F9-76272F4F715B,uni,UNI,40x,10x,40×–10×,14844,0.8204826712608337
HNSC,TCGA-CV-A45O-01Z-00-DX1.8CBD0CCC-C815-475D-87F9-76272F4F715B,uni,UNI,40x,2p5x,40×–2.5×,14844,0.5854350328445435
HNSC,TCGA-CV-A45O-01Z-00-DX1.8CBD0CCC-C815-475D-87F9-76272F4F715B,uni,UNI,10x,2p5x,10×–2.5×,14844,0.6971983909606934
HNSC,TCGA-CV-A6JE-01Z-00-DX1.20137D17-19B3-49FF-9C3D-60933157E409,uni,UNI,40x,10x,40×–10×,26402,0.7768236398696899
HNSC,TCGA-CV-A6JE-01Z-00-DX1.20137D17-19B3-49FF-9C3D-60933157E409,uni,UNI,40x,2p5x,40×–2.5×,26402,0.5444332957267761
HNSC,TCGA-CV-A6JE-01Z-00-DX1.20137D17-19B3-49FF-9C3D-60933157E409,uni,UNI,10x,2p5x,10×–2.5×,26402,0.7262470722198486
HNSC,TCGA-CV-A6JU-01Z-00-DX1.35A3A1F0-9D6C-4794-B501-E56E48C51DF9,uni,UNI,40x,10x,40×–10×,21938,0.742743730545044
HNSC,TCGA-CV-A6JU-01Z-00-DX1.35A3A1F0-9D6C-4794-B501-E56E48C51DF9,uni,UNI,40x,2p5x,40×–2.5×,21938,0.47894173860549927
HNSC,TCGA-CV-A6JU-01Z-00-DX1.35A3A1F0-9D6C-4794-B501-E56E48C51DF9,uni,UNI,10x,2p5x,10×–2.5×,21938,0.6307112574577332
HNSC,TCGA-UF-A719-01Z-00-DX1.4C4ECC2C-C390-4C5E-A709-CF08C113F1A1,uni,UNI,40x,10x,40×–10×,21546,0.756453275680542
HNSC,TCGA-UF-A719-01Z-00-DX1.4C4ECC2C-C390-4C5E-A709-CF08C113F1A1,uni,UNI,40x,2p5x,40×–2.5×,21546,0.47073301672935486
HNSC,TCGA-UF-A719-01Z-00-DX1.4C4ECC2C-C390-4C5E-A709-CF08C113F1A1,uni,UNI,10x,2p5x,10×–2.5×,21546,0.6098824143409729
KIRC,TCGA-A3-3346-01Z-00-DX1.95280216-fd71-4a03-b452-6e3d667f2542,uni,UNI,40x,10x,40×–10×,2240,0.7271689176559448
KIRC,TCGA-A3-3346-01Z-00-DX1.95280216-fd71-4a03-b452-6e3d667f2542,uni,UNI,40x,2p5x,40×–2.5×,2240,0.4383436441421509
KIRC,TCGA-A3-3346-01Z-00-DX1.95280216-fd71-4a03-b452-6e3d667f2542,uni,UNI,10x,2p5x,10×–2.5×,2240,0.6062684655189514
KIRC,TCGA-A3-A8CQ-01Z-00-DX1.78DA0827-5FB8-4B9F-A845-22F85830B5FB,uni,UNI,40x,10x,40×–10×,1395,0.6268397569656372
KIRC,TCGA-A3-A8CQ-01Z-00-DX1.78DA0827-5FB8-4B9F-A845-22F85830B5FB,uni,UNI,40x,2p5x,40×–2.5×,1395,0.3042755126953125
KIRC,TCGA-A3-A8CQ-01Z-00-DX1.78DA0827-5FB8-4B9F-A845-22F85830B5FB,uni,UNI,10x,2p5x,10×–2.5×,1395,0.48976558446884155
KIRC,TCGA-AK-3444-01Z-00-DX1.1F0E0B47-29FF-456F-800A-539983FDCFAA,uni,UNI,40x,10x,40×–10×,5029,0.8116278648376465
KIRC,TCGA-AK-3444-01Z-00-DX1.1F0E0B47-29FF-456F-800A-539983FDCFAA,uni,UNI,40x,2p5x,40×–2.5×,5029,0.6400967836380005
KIRC,TCGA-AK-3444-01Z-00-DX1.1F0E0B47-29FF-456F-800A-539983FDCFAA,uni,UNI,10x,2p5x,10×–2.5×,5029,0.766321063041687
KIRC,TCGA-B0-5094-01Z-00-DX1.eac31fe2-09da-4ecf-8e25-c073cbb03295,uni,UNI,40x,10x,40×–10×,23201,0.8919022083282471
KIRC,TCGA-B0-5094-01Z-00-DX1.eac31fe2-09da-4ecf-8e25-c073cbb03295,uni,UNI,40x,2p5x,40×–2.5×,23201,0.772724986076355
KIRC,TCGA-B0-5094-01Z-00-DX1.eac31fe2-09da-4ecf-8e25-c073cbb03295,uni,UNI,10x,2p5x,10×–2.5×,23201,0.8482533693313599
KIRC,TCGA-B0-5106-01Z-00-DX1.564e51a3-be50-4eed-ba9c-4d478b96ffc6,uni,UNI,40x,10x,40×–10×,26156,0.8268973231315613
KIRC,TCGA-B0-5106-01Z-00-DX1.564e51a3-be50-4eed-ba9c-4d478b96ffc6,uni,UNI,40x,2p5x,40×–2.5×,26156,0.6285502910614014
KIRC,TCGA-B0-5106-01Z-00-DX1.564e51a3-be50-4eed-ba9c-4d478b96ffc6,uni,UNI,10x,2p5x,10×–2.5×,26156,0.7579047679901123
KIRC,TCGA-B0-5711-01Z-00-DX1.6839921f-ec08-4e94-8bf9-4b5a4fcdda45,uni,UNI,40x,10x,40×–10×,23048,0.865608811378479
KIRC,TCGA-B0-5711-01Z-00-DX1.6839921f-ec08-4e94-8bf9-4b5a4fcdda45,uni,UNI,40x,2p5x,40×–2.5×,23048,0.742946445941925
KIRC,TCGA-B0-5711-01Z-00-DX1.6839921f-ec08-4e94-8bf9-4b5a4fcdda45,uni,UNI,10x,2p5x,10×–2.5×,23048,0.826896071434021
KIRC,TCGA-B2-5633-01Z-00-DX1.c55a29ca-468e-46de-9ff5-a51f46fe09fd,uni,UNI,40x,10x,40×–10×,3974,0.8271991014480591
KIRC,TCGA-B2-5633-01Z-00-DX1.c55a29ca-468e-46de-9ff5-a51f46fe09fd,uni,UNI,40x,2p5x,40×–2.5×,3974,0.3748193681240082
KIRC,TCGA-B2-5633-01Z-00-DX1.c55a29ca-468e-46de-9ff5-a51f46fe09fd,uni,UNI,10x,2p5x,10×–2.5×,3974,0.5394588112831116
KIRC,TCGA-BP-4991-01Z-00-DX1.71305f5c-ca59-48fa-bb82-4b441c1fffdc,uni,UNI,40x,10x,40×–10×,31068,0.8925131559371948
KIRC,TCGA-BP-4991-01Z-00-DX1.71305f5c-ca59-48fa-bb82-4b441c1fffdc,uni,UNI,40x,2p5x,40×–2.5×,31068,0.7998673319816589
KIRC,TCGA-BP-4991-01Z-00-DX1.71305f5c-ca59-48fa-bb82-4b441c1fffdc,uni,UNI,10x,2p5x,10×–2.5×,31068,0.8828979134559631
KIRC,TCGA-BP-5201-01Z-00-DX1.d1a9878e-bb97-48fb-9098-9d9337f06250,uni,UNI,40x,10x,40×–10×,12763,0.7234259843826294
KIRC,TCGA-BP-5201-01Z-00-DX1.d1a9878e-bb97-48fb-9098-9d9337f06250,uni,UNI,40x,2p5x,40×–2.5×,12763,0.40170279145240784
KIRC,TCGA-BP-5201-01Z-00-DX1.d1a9878e-bb97-48fb-9098-9d9337f06250,uni,UNI,10x,2p5x,10×–2.5×,12763,0.5536862015724182
LUAD,TCGA-55-6986-01Z-00-DX1.ae52d41e-3cd6-4d36-b04b-2ea7d29bd8da,uni,UNI,40x,10x,40×–10×,5951,0.7123420238494873
LUAD,TCGA-55-6986-01Z-00-DX1.ae52d41e-3cd6-4d36-b04b-2ea7d29bd8da,uni,UNI,40x,2p5x,40×–2.5×,5951,0.4818733334541321
LUAD,TCGA-55-6986-01Z-00-DX1.ae52d41e-3cd6-4d36-b04b-2ea7d29bd8da,uni,UNI,10x,2p5x,10×–2.5×,5951,0.6908438801765442
LUAD,TCGA-64-5779-01Z-00-DX1.B3268447-DCE0-4927-B5A9-EC4D61E9B17D,uni,UNI,40x,10x,40×–10×,15338,0.7064575552940369
LUAD,TCGA-64-5779-01Z-00-DX1.B3268447-DCE0-4927-B5A9-EC4D61E9B17D,uni,UNI,40x,2p5x,40×–2.5×,15338,0.23047055304050446
LUAD,TCGA-64-5779-01Z-00-DX1.B3268447-DCE0-4927-B5A9-EC4D61E9B17D,uni,UNI,10x,2p5x,10×–2.5×,15338,0.35899844765663147
LUAD,TCGA-78-7158-01Z-00-DX1.74db3dcd-2715-4ce7-8e48-30c8b7946ba0,uni,UNI,40x,10x,40×–10×,23198,0.6808813214302063
LUAD,TCGA-78-7158-01Z-00-DX1.74db3dcd-2715-4ce7-8e48-30c8b7946ba0,uni,UNI,40x,2p5x,40×–2.5×,23198,0.39931291341781616
LUAD,TCGA-78-7158-01Z-00-DX1.74db3dcd-2715-4ce7-8e48-30c8b7946ba0,uni,UNI,10x,2p5x,10×–2.5×,23198,0.6537950038909912
LUAD,TCGA-78-7163-01Z-00-DX1.42880bdf-271d-41dd-aada-e7ec1156ff31,uni,UNI,40x,10x,40×–10×,21422,0.6718747019767761
LUAD,TCGA-78-7163-01Z-00-DX1.42880bdf-271d-41dd-aada-e7ec1156ff31,uni,UNI,40x,2p5x,40×–2.5×,21422,0.42228981852531433
LUAD,TCGA-78-7163-01Z-00-DX1.42880bdf-271d-41dd-aada-e7ec1156ff31,uni,UNI,10x,2p5x,10×–2.5×,21422,0.6432404518127441
LUAD,TCGA-78-7536-01Z-00-DX1.6b066140-8b82-40a5-bd48-430eeb4463fe,uni,UNI,40x,10x,40×–10×,32971,0.5048264861106873
LUAD,TCGA-78-7536-01Z-00-DX1.6b066140-8b82-40a5-bd48-430eeb4463fe,uni,UNI,40x,2p5x,40×–2.5×,32971,0.190855011343956
LUAD,TCGA-78-7536-01Z-00-DX1.6b066140-8b82-40a5-bd48-430eeb4463fe,uni,UNI,10x,2p5x,10×–2.5×,32971,0.41132596135139465
LUAD,TCGA-86-8668-01Z-00-DX1.d720d486-02c7-4f98-8feb-e0e50a12c158,uni,UNI,40x,10x,40×–10×,14624,0.7535912990570068
LUAD,TCGA-86-8668-01Z-00-DX1.d720d486-02c7-4f98-8feb-e0e50a12c158,uni,UNI,40x,2p5x,40×–2.5×,14624,0.5808625817298889
LUAD,TCGA-86-8668-01Z-00-DX1.d720d486-02c7-4f98-8feb-e0e50a12c158,uni,UNI,10x,2p5x,10×–2.5×,14624,0.7579604387283325
LUAD,TCGA-97-A4LX-01Z-00-DX1.B2334672-A626-4E74-B4D1-A79F70F65909,uni,UNI,40x,10x,40×–10×,19346,0.6335471868515015
LUAD,TCGA-97-A4LX-01Z-00-DX1.B2334672-A626-4E74-B4D1-A79F70F65909,uni,UNI,40x,2p5x,40×–2.5×,19346,0.4347604811191559
LUAD,TCGA-97-A4LX-01Z-00-DX1.B2334672-A626-4E74-B4D1-A79F70F65909,uni,UNI,10x,2p5x,10×–2.5×,19346,0.657703697681427
LUAD,TCGA-97-A4M2-01Z-00-DX1.5C72522C-1538-4D68-B517-5FB05A9D401A,uni,UNI,40x,10x,40×–10×,8962,0.7351160049438477
LUAD,TCGA-97-A4M2-01Z-00-DX1.5C72522C-1538-4D68-B517-5FB05A9D401A,uni,UNI,40x,2p5x,40×–2.5×,8962,0.544533371925354
LUAD,TCGA-97-A4M2-01Z-00-DX1.5C72522C-1538-4D68-B517-5FB05A9D401A,uni,UNI,10x,2p5x,10×–2.5×,8962,0.7180218696594238
LUAD,TCGA-J2-A4AE-01Z-00-DX1.42C5DE4A-7787-4E59-8969-D12503262C96,uni,UNI,40x,10x,40×–10×,14491,0.8271075487136841
LUAD,TCGA-J2-A4AE-01Z-00-DX1.42C5DE4A-7787-4E59-8969-D12503262C96,uni,UNI,40x,2p5x,40×–2.5×,14491,0.6274077892303467
LUAD,TCGA-J2-A4AE-01Z-00-DX1.42C5DE4A-7787-4E59-8969-D12503262C96,uni,UNI,10x,2p5x,10×–2.5×,14491,0.7380902171134949
STAD,TCGA-BR-6452-01Z-00-DX1.aec8246e-9dce-436d-9faa-df8fa1f6e47c,uni,UNI,40x,10x,40×–10×,15303,0.6760270595550537
STAD,TCGA-BR-6452-01Z-00-DX1.aec8246e-9dce-436d-9faa-df8fa1f6e47c,uni,UNI,40x,2p5x,40×–2.5×,15303,0.4805176556110382
STAD,TCGA-BR-6452-01Z-00-DX1.aec8246e-9dce-436d-9faa-df8fa1f6e47c,uni,UNI,10x,2p5x,10×–2.5×,15303,0.7167387008666992
STAD,TCGA-BR-6454-01Z-00-DX1.63fb6280-2b43-49b2-960a-eb9c0e8b617c,uni,UNI,40x,10x,40×–10×,15740,0.45881274342536926
STAD,TCGA-BR-6454-01Z-00-DX1.63fb6280-2b43-49b2-960a-eb9c0e8b617c,uni,UNI,40x,2p5x,40×–2.5×,15740,0.2557360827922821
STAD,TCGA-BR-6454-01Z-00-DX1.63fb6280-2b43-49b2-960a-eb9c0e8b617c,uni,UNI,10x,2p5x,10×–2.5×,15740,0.5062659978866577
STAD,TCGA-BR-A4CQ-01Z-00-DX1.B63282A5-154D-441B-BF96-5BB26CB6D95E,uni,UNI,40x,10x,40×–10×,13809,0.7469225525856018
STAD,TCGA-BR-A4CQ-01Z-00-DX1.B63282A5-154D-441B-BF96-5BB26CB6D95E,uni,UNI,40x,2p5x,40×–2.5×,13809,0.5661907196044922
STAD,TCGA-BR-A4CQ-01Z-00-DX1.B63282A5-154D-441B-BF96-5BB26CB6D95E,uni,UNI,10x,2p5x,10×–2.5×,13809,0.7192893624305725
STAD,TCGA-CD-A487-01Z-00-DX1.A026BD2F-B721-4340-83D5-7AA39227C90F,uni,UNI,40x,10x,40×–10×,20251,0.7340422868728638
STAD,TCGA-CD-A487-01Z-00-DX1.A026BD2F-B721-4340-83D5-7AA39227C90F,uni,UNI,40x,2p5x,40×–2.5×,20251,0.5375428795814514
STAD,TCGA-CD-A487-01Z-00-DX1.A026BD2F-B721-4340-83D5-7AA39227C90F,uni,UNI,10x,2p5x,10×–2.5×,20251,0.6294723153114319
STAD,TCGA-FP-8209-01Z-00-DX1.a5e13081-1631-44d4-8d6a-c229a22c2311,uni,UNI,40x,10x,40×–10×,3901,0.7619867920875549
STAD,TCGA-FP-8209-01Z-00-DX1.a5e13081-1631-44d4-8d6a-c229a22c2311,uni,UNI,40x,2p5x,40×–2.5×,3901,0.49637553095817566
STAD,TCGA-FP-8209-01Z-00-DX1.a5e13081-1631-44d4-8d6a-c229a22c2311,uni,UNI,10x,2p5x,10×–2.5×,3901,0.6364076137542725
STAD,TCGA-SW-A7EA-01Z-00-DX1.C5E1BE0E-0A25-4480-A3AC-DB2ED7471A4E,uni,UNI,40x,10x,40×–10×,6449,0.9192357063293457
STAD,TCGA-SW-A7EA-01Z-00-DX1.C5E1BE0E-0A25-4480-A3AC-DB2ED7471A4E,uni,UNI,40x,2p5x,40×–2.5×,6449,0.8105729818344116
STAD,TCGA-SW-A7EA-01Z-00-DX1.C5E1BE0E-0A25-4480-A3AC-DB2ED7471A4E,uni,UNI,10x,2p5x,10×–2.5×,6449,0.8625975251197815
STAD,TCGA-VQ-A8PY-01Z-00-DX1.EA2C7386-012A-442A-95B3-FFA12BD2684D,uni,UNI,40x,10x,40×–10×,22399,0.833960235118866
STAD,TCGA-VQ-A8PY-01Z-00-DX1.EA2C7386-012A-442A-95B3-FFA12BD2684D,uni,UNI,40x,2p5x,40×–2.5×,22399,0.656205952167511
STAD,TCGA-VQ-A8PY-01Z-00-DX1.EA2C7386-012A-442A-95B3-FFA12BD2684D,uni,UNI,10x,2p5x,10×–2.5×,22399,0.7251044511795044
STAD,TCGA-VQ-A924-01Z-00-DX1.736B41F3-9678-4FAF-AE86-FCAC4F6DCBD3,uni,UNI,40x,10x,40×–10×,12960,0.665137767791748
STAD,TCGA-VQ-A924-01Z-00-DX1.736B41F3-9678-4FAF-AE86-FCAC4F6DCBD3,uni,UNI,40x,2p5x,40×–2.5×,12960,0.39349693059921265
STAD,TCGA-VQ-A924-01Z-00-DX1.736B41F3-9678-4FAF-AE86-FCAC4F6DCBD3,uni,UNI,10x,2p5x,10×–2.5×,12960,0.6075840592384338
STAD,TCGA-ZQ-A9CR-01Z-00-DX1.C9AC9991-7054-4068-A7AA-9D1EB7F040A3,uni,UNI,40x,10x,40×–10×,31585,0.9191740155220032
STAD,TCGA-ZQ-A9CR-01Z-00-DX1.C9AC9991-7054-4068-A7AA-9D1EB7F040A3,uni,UNI,40x,2p5x,40×–2.5×,31585,0.8579249978065491
STAD,TCGA-ZQ-A9CR-01Z-00-DX1.C9AC9991-7054-4068-A7AA-9D1EB7F040A3,uni,UNI,10x,2p5x,10×–2.5×,31585,0.8823183178901672
UCEC,TCGA-A5-A0GX-01Z-00-DX1.7E713D1A-5858-4648-957D-77189E43CFAA,uni,UNI,40x,10x,40×–10×,26039,0.7658249139785767
UCEC,TCGA-A5-A0GX-01Z-00-DX1.7E713D1A-5858-4648-957D-77189E43CFAA,uni,UNI,40x,2p5x,40×–2.5×,26039,0.5706351399421692
UCEC,TCGA-A5-A0GX-01Z-00-DX1.7E713D1A-5858-4648-957D-77189E43CFAA,uni,UNI,10x,2p5x,10×–2.5×,26039,0.7297828793525696
UCEC,TCGA-A5-A0R7-01Z-00-DX1.D21E6974-22A3-4A68-8B4E-14E84A7A50A5,uni,UNI,40x,10x,40×–10×,45564,0.7516709566116333
UCEC,TCGA-A5-A0R7-01Z-00-DX1.D21E6974-22A3-4A68-8B4E-14E84A7A50A5,uni,UNI,40x,2p5x,40×–2.5×,45564,0.6071828603744507
UCEC,TCGA-A5-A0R7-01Z-00-DX1.D21E6974-22A3-4A68-8B4E-14E84A7A50A5,uni,UNI,10x,2p5x,10×–2.5×,45564,0.7772465944290161
UCEC,TCGA-AX-A05U-01Z-00-DX1.1EBFC727-B5D5-4543-BBA9-4254ABD3D584,uni,UNI,40x,10x,40×–10×,42082,0.8254624009132385
UCEC,TCGA-AX-A05U-01Z-00-DX1.1EBFC727-B5D5-4543-BBA9-4254ABD3D584,uni,UNI,40x,2p5x,40×–2.5×,42082,0.6938385367393494
UCEC,TCGA-AX-A05U-01Z-00-DX1.1EBFC727-B5D5-4543-BBA9-4254ABD3D584,uni,UNI,10x,2p5x,10×–2.5×,42082,0.81458580493927
UCEC,TCGA-AX-A06B-01Z-00-DX2.1757C039-99F7-4087-A9E5-D340AF7220D4,uni,UNI,40x,10x,40×–10×,10560,0.7937641739845276
UCEC,TCGA-AX-A06B-01Z-00-DX2.1757C039-99F7-4087-A9E5-D340AF7220D4,uni,UNI,40x,2p5x,40×–2.5×,10560,0.4400252103805542
UCEC,TCGA-AX-A06B-01Z-00-DX2.1757C039-99F7-4087-A9E5-D340AF7220D4,uni,UNI,10x,2p5x,10×–2.5×,10560,0.5418652892112732
UCEC,TCGA-AX-A0J0-01Z-00-DX2.56C668BE-03B8-4B87-A226-AABD97D53C38,uni,UNI,40x,10x,40×–10×,34978,0.8733972907066345
UCEC,TCGA-AX-A0J0-01Z-00-DX2.56C668BE-03B8-4B87-A226-AABD97D53C38,uni,UNI,40x,2p5x,40×–2.5×,34978,0.6608806848526001
UCEC,TCGA-AX-A0J0-01Z-00-DX2.56C668BE-03B8-4B87-A226-AABD97D53C38,uni,UNI,10x,2p5x,10×–2.5×,34978,0.7631984949111938
UCEC,TCGA-B5-A11F-01Z-00-DX1.3F1C053D-E81E-4C8D-965D-6F3DE29D9511,uni,UNI,40x,10x,40×–10×,22717,0.8184744119644165
UCEC,TCGA-B5-A11F-01Z-00-DX1.3F1C053D-E81E-4C8D-965D-6F3DE29D9511,uni,UNI,40x,2p5x,40×–2.5×,22717,0.6720055937767029
UCEC,TCGA-B5-A11F-01Z-00-DX1.3F1C053D-E81E-4C8D-965D-6F3DE29D9511,uni,UNI,10x,2p5x,10×–2.5×,22717,0.7857148051261902
UCEC,TCGA-BG-A0W1-01Z-00-DX1.8E06269C-1278-478B-A128-59FA911B1649,uni,UNI,40x,10x,40×–10×,26648,0.8940478563308716
UCEC,TCGA-BG-A0W1-01Z-00-DX1.8E06269C-1278-478B-A128-59FA911B1649,uni,UNI,40x,2p5x,40×–2.5×,26648,0.6962261199951172
UCEC,TCGA-BG-A0W1-01Z-00-DX1.8E06269C-1278-478B-A128-59FA911B1649,uni,UNI,10x,2p5x,10×–2.5×,26648,0.7601910829544067
UCEC,TCGA-EY-A1GQ-01Z-00-DX1.03D52C6F-515E-4A4F-A08E-31D773BCC67F,uni,UNI,40x,10x,40×–10×,20550,0.5837758779525757
UCEC,TCGA-EY-A1GQ-01Z-00-DX1.03D52C6F-515E-4A4F-A08E-31D773BCC67F,uni,UNI,40x,2p5x,40×–2.5×,20550,0.26897332072257996
UCEC,TCGA-EY-A1GQ-01Z-00-DX1.03D52C6F-515E-4A4F-A08E-31D773BCC67F,uni,UNI,10x,2p5x,10×–2.5×,20550,0.5185240507125854
UCEC,TCGA-FI-A2EX-01Z-00-DX1.127F5153-745D-43E6-83CA-DE2738702C62,uni,UNI,40x,10x,40×–10×,21945,0.8060351610183716
UCEC,TCGA-FI-A2EX-01Z-00-DX1.127F5153-745D-43E6-83CA-DE2738702C62,uni,UNI,40x,2p5x,40×–2.5×,21945,0.5900739431381226
UCEC,TCGA-FI-A2EX-01Z-00-DX1.127F5153-745D-43E6-83CA-DE2738702C62,uni,UNI,10x,2p5x,10×–2.5×,21945,0.7163777947425842
BLCA,TCGA-CF-A3MF-01Z-00-DX1.91768C26-5BB1-4DE6-9737-AA26BD687A75,uni2,UNI2,40x,10x,40×–10×,26138,0.6864989995956421
BLCA,TCGA-CF-A3MF-01Z-00-DX1.91768C26-5BB1-4DE6-9737-AA26BD687A75,uni2,UNI2,40x,2p5x,40×–2.5×,26138,0.5060936808586121
BLCA,TCGA-CF-A3MF-01Z-00-DX1.91768C26-5BB1-4DE6-9737-AA26BD687A75,uni2,UNI2,10x,2p5x,10×–2.5×,26138,0.5708186626434326
BLCA,TCGA-CU-A0YN-01Z-00-DX1.6C5EAAAF-8F14-49D3-8FFC-9BDAE56CAFD0,uni2,UNI2,40x,10x,40×–10×,2880,0.5917474627494812
BLCA,TCGA-CU-A0YN-01Z-00-DX1.6C5EAAAF-8F14-49D3-8FFC-9BDAE56CAFD0,uni2,UNI2,40x,2p5x,40×–2.5×,2880,0.38523370027542114
BLCA,TCGA-CU-A0YN-01Z-00-DX1.6C5EAAAF-8F14-49D3-8FFC-9BDAE56CAFD0,uni2,UNI2,10x,2p5x,10×–2.5×,2880,0.6498054265975952
BLCA,TCGA-DK-A6AW-01Z-00-DX1.C2453A8C-8282-443C-9E76-5B6CAD2FE69B,uni2,UNI2,40x,10x,40×–10×,15233,0.87913578748703
BLCA,TCGA-DK-A6AW-01Z-00-DX1.C2453A8C-8282-443C-9E76-5B6CAD2FE69B,uni2,UNI2,40x,2p5x,40×–2.5×,15233,0.824928343296051
BLCA,TCGA-DK-A6AW-01Z-00-DX1.C2453A8C-8282-443C-9E76-5B6CAD2FE69B,uni2,UNI2,10x,2p5x,10×–2.5×,15233,0.8800696134567261
BLCA,TCGA-DK-AA6L-01A-01-TSA.5794F0C6-9ED6-489A-9621-18CCC5935548,uni2,UNI2,40x,10x,40×–10×,7165,0.599941074848175
BLCA,TCGA-DK-AA6L-01A-01-TSA.5794F0C6-9ED6-489A-9621-18CCC5935548,uni2,UNI2,40x,2p5x,40×–2.5×,7165,0.3067452609539032
BLCA,TCGA-DK-AA6L-01A-01-TSA.5794F0C6-9ED6-489A-9621-18CCC5935548,uni2,UNI2,10x,2p5x,10×–2.5×,7165,0.5053624510765076
BLCA,TCGA-DK-AA77-01A-01-TSA.26CAF5CB-CC4F-4522-BD2B-343FB70205FE,uni2,UNI2,40x,10x,40×–10×,3872,0.4779699444770813
BLCA,TCGA-DK-AA77-01A-01-TSA.26CAF5CB-CC4F-4522-BD2B-343FB70205FE,uni2,UNI2,40x,2p5x,40×–2.5×,3872,0.18349039554595947
BLCA,TCGA-DK-AA77-01A-01-TSA.26CAF5CB-CC4F-4522-BD2B-343FB70205FE,uni2,UNI2,10x,2p5x,10×–2.5×,3872,0.3735567033290863
BLCA,TCGA-FD-A6TK-01Z-00-DX1.B685DA87-72A6-4C38-8AA1-40B6E543383C,uni2,UNI2,40x,10x,40×–10×,19445,0.7921187281608582
BLCA,TCGA-FD-A6TK-01Z-00-DX1.B685DA87-72A6-4C38-8AA1-40B6E543383C,uni2,UNI2,40x,2p5x,40×–2.5×,19445,0.6731863617897034
BLCA,TCGA-FD-A6TK-01Z-00-DX1.B685DA87-72A6-4C38-8AA1-40B6E543383C,uni2,UNI2,10x,2p5x,10×–2.5×,19445,0.8437698483467102
BLCA,TCGA-GU-AATP-01Z-00-DX1.0D8EC37C-88E7-49D5-A76D-F0A4A3FD8AE4,uni2,UNI2,40x,10x,40×–10×,22018,0.791429877281189
BLCA,TCGA-GU-AATP-01Z-00-DX1.0D8EC37C-88E7-49D5-A76D-F0A4A3FD8AE4,uni2,UNI2,40x,2p5x,40×–2.5×,22018,0.6097347140312195
BLCA,TCGA-GU-AATP-01Z-00-DX1.0D8EC37C-88E7-49D5-A76D-F0A4A3FD8AE4,uni2,UNI2,10x,2p5x,10×–2.5×,22018,0.7606750726699829
BLCA,TCGA-XF-A8HB-01Z-00-DX1.D6874152-D20A-4CA4-8E8B-8CBAB5F7D7B5,uni2,UNI2,40x,10x,40×–10×,14662,0.7443981170654297
BLCA,TCGA-XF-A8HB-01Z-00-DX1.D6874152-D20A-4CA4-8E8B-8CBAB5F7D7B5,uni2,UNI2,40x,2p5x,40×–2.5×,14662,0.4765799343585968
BLCA,TCGA-XF-A8HB-01Z-00-DX1.D6874152-D20A-4CA4-8E8B-8CBAB5F7D7B5,uni2,UNI2,10x,2p5x,10×–2.5×,14662,0.6893025040626526
BLCA,TCGA-ZF-A9R1-01Z-00-DX1.74520759-D448-45B5-B8AD-45502C99A519,uni2,UNI2,40x,10x,40×–10×,16065,0.7086588144302368
BLCA,TCGA-ZF-A9R1-01Z-00-DX1.74520759-D448-45B5-B8AD-45502C99A519,uni2,UNI2,40x,2p5x,40×–2.5×,16065,0.5086092352867126
BLCA,TCGA-ZF-A9R1-01Z-00-DX1.74520759-D448-45B5-B8AD-45502C99A519,uni2,UNI2,10x,2p5x,10×–2.5×,16065,0.745491623878479
BLCA,TCGA-ZF-AA51-01Z-00-DX1.128C9731-C206-4E71-9A64-864FA9FD7E96,uni2,UNI2,40x,10x,40×–10×,22108,0.8060684204101562
BLCA,TCGA-ZF-AA51-01Z-00-DX1.128C9731-C206-4E71-9A64-864FA9FD7E96,uni2,UNI2,40x,2p5x,40×–2.5×,22108,0.6472030878067017
BLCA,TCGA-ZF-AA51-01Z-00-DX1.128C9731-C206-4E71-9A64-864FA9FD7E96,uni2,UNI2,10x,2p5x,10×–2.5×,22108,0.7749586701393127
BRCA,TCGA-A7-A2KD-01Z-00-DX1.BFF2DFC8-1D95-4DC2-98FC-5BD7D7C6CDF5,uni2,UNI2,40x,10x,40×–10×,13242,0.672748863697052
BRCA,TCGA-A7-A2KD-01Z-00-DX1.BFF2DFC8-1D95-4DC2-98FC-5BD7D7C6CDF5,uni2,UNI2,40x,2p5x,40×–2.5×,13242,0.4886604845523834
BRCA,TCGA-A7-A2KD-01Z-00-DX1.BFF2DFC8-1D95-4DC2-98FC-5BD7D7C6CDF5,uni2,UNI2,10x,2p5x,10×–2.5×,13242,0.6879399418830872
BRCA,TCGA-AN-A0G0-01Z-00-DX1.BE0BB5DF-DEDA-48D8-B5D8-2735C767F28F,uni2,UNI2,40x,10x,40×–10×,4987,0.6658031940460205
BRCA,TCGA-AN-A0G0-01Z-00-DX1.BE0BB5DF-DEDA-48D8-B5D8-2735C767F28F,uni2,UNI2,40x,2p5x,40×–2.5×,4987,0.48213738203048706
BRCA,TCGA-AN-A0G0-01Z-00-DX1.BE0BB5DF-DEDA-48D8-B5D8-2735C767F28F,uni2,UNI2,10x,2p5x,10×–2.5×,4987,0.7117302417755127
BRCA,TCGA-AQ-A04L-01Z-00-DX1.F35BF4DD-896A-43C2-8DA6-C67945C003BE,uni2,UNI2,40x,10x,40×–10×,6966,0.8352071046829224
BRCA,TCGA-AQ-A04L-01Z-00-DX1.F35BF4DD-896A-43C2-8DA6-C67945C003BE,uni2,UNI2,40x,2p5x,40×–2.5×,6966,0.732496976852417
BRCA,TCGA-AQ-A04L-01Z-00-DX1.F35BF4DD-896A-43C2-8DA6-C67945C003BE,uni2,UNI2,10x,2p5x,10×–2.5×,6966,0.8714799284934998
BRCA,TCGA-AR-A2LK-01Z-00-DX1.FBD59C38-CD4E-4C22-BC74-A57C192A9BBC,uni2,UNI2,40x,10x,40×–10×,11925,0.716503381729126
BRCA,TCGA-AR-A2LK-01Z-00-DX1.FBD59C38-CD4E-4C22-BC74-A57C192A9BBC,uni2,UNI2,40x,2p5x,40×–2.5×,11925,0.4610527753829956
BRCA,TCGA-AR-A2LK-01Z-00-DX1.FBD59C38-CD4E-4C22-BC74-A57C192A9BBC,uni2,UNI2,10x,2p5x,10×–2.5×,11925,0.6025511622428894
BRCA,TCGA-AR-A5QM-01Z-00-DX1.A9017CED-FF57-4090-95B9-94DC91854347,uni2,UNI2,40x,10x,40×–10×,13639,0.644487738609314
BRCA,TCGA-AR-A5QM-01Z-00-DX1.A9017CED-FF57-4090-95B9-94DC91854347,uni2,UNI2,40x,2p5x,40×–2.5×,13639,0.4724890887737274
BRCA,TCGA-AR-A5QM-01Z-00-DX1.A9017CED-FF57-4090-95B9-94DC91854347,uni2,UNI2,10x,2p5x,10×–2.5×,13639,0.6998085379600525
BRCA,TCGA-BH-A0C1-01Z-00-DX1.21FE357E-B182-4397-BFEF-7E96E994236A,uni2,UNI2,40x,10x,40×–10×,14097,0.7833195328712463
BRCA,TCGA-BH-A0C1-01Z-00-DX1.21FE357E-B182-4397-BFEF-7E96E994236A,uni2,UNI2,40x,2p5x,40×–2.5×,14097,0.699660062789917
BRCA,TCGA-BH-A0C1-01Z-00-DX1.21FE357E-B182-4397-BFEF-7E96E994236A,uni2,UNI2,10x,2p5x,10×–2.5×,14097,0.8321437239646912
BRCA,TCGA-D8-A1X8-01Z-00-DX1.DDA3866E-C7CC-4650-BE2B-5C9A98A2D531,uni2,UNI2,40x,10x,40×–10×,13628,0.7928215265274048
BRCA,TCGA-D8-A1X8-01Z-00-DX1.DDA3866E-C7CC-4650-BE2B-5C9A98A2D531,uni2,UNI2,40x,2p5x,40×–2.5×,13628,0.6212368607521057
BRCA,TCGA-D8-A1X8-01Z-00-DX1.DDA3866E-C7CC-4650-BE2B-5C9A98A2D531,uni2,UNI2,10x,2p5x,10×–2.5×,13628,0.7402154207229614
BRCA,TCGA-E2-A14P-01Z-00-DX1.663B02FF-C64B-41A6-8685-FD61CD76F9C6,uni2,UNI2,40x,10x,40×–10×,17521,0.8344941139221191
BRCA,TCGA-E2-A14P-01Z-00-DX1.663B02FF-C64B-41A6-8685-FD61CD76F9C6,uni2,UNI2,40x,2p5x,40×–2.5×,17521,0.7484847903251648
BRCA,TCGA-E2-A14P-01Z-00-DX1.663B02FF-C64B-41A6-8685-FD61CD76F9C6,uni2,UNI2,10x,2p5x,10×–2.5×,17521,0.8345437049865723
BRCA,TCGA-E2-A1LA-01Z-00-DX1.AE49E943-B830-4ED9-B09E-E499441BC2EC,uni2,UNI2,40x,10x,40×–10×,16576,0.8460838794708252
BRCA,TCGA-E2-A1LA-01Z-00-DX1.AE49E943-B830-4ED9-B09E-E499441BC2EC,uni2,UNI2,40x,2p5x,40×–2.5×,16576,0.7672773599624634
BRCA,TCGA-E2-A1LA-01Z-00-DX1.AE49E943-B830-4ED9-B09E-E499441BC2EC,uni2,UNI2,10x,2p5x,10×–2.5×,16576,0.8203950524330139
BRCA,TCGA-GM-A3XN-01Z-00-DX1.49F5C8AC-0328-4BC2-9FE2-E7150B7A42E2,uni2,UNI2,40x,10x,40×–10×,18199,0.6922075152397156
BRCA,TCGA-GM-A3XN-01Z-00-DX1.49F5C8AC-0328-4BC2-9FE2-E7150B7A42E2,uni2,UNI2,40x,2p5x,40×–2.5×,18199,0.5805895924568176
BRCA,TCGA-GM-A3XN-01Z-00-DX1.49F5C8AC-0328-4BC2-9FE2-E7150B7A42E2,uni2,UNI2,10x,2p5x,10×–2.5×,18199,0.8047983646392822
COAD,TCGA-AY-A8YK-01Z-00-DX1.89E3C546-0425-449B-A6FB-1C35168EA7EB,uni2,UNI2,40x,10x,40×–10×,8285,0.6495200395584106
COAD,TCGA-AY-A8YK-01Z-00-DX1.89E3C546-0425-449B-A6FB-1C35168EA7EB,uni2,UNI2,40x,2p5x,40×–2.5×,8285,0.5258296132087708
COAD,TCGA-AY-A8YK-01Z-00-DX1.89E3C546-0425-449B-A6FB-1C35168EA7EB,uni2,UNI2,10x,2p5x,10×–2.5×,8285,0.8066257238388062
COAD,TCGA-CK-4947-01Z-00-DX1.b257d5fd-b97b-4987-b088-77f044ca7fe2,uni2,UNI2,40x,10x,40×–10×,23336,0.7164279818534851
COAD,TCGA-CK-4947-01Z-00-DX1.b257d5fd-b97b-4987-b088-77f044ca7fe2,uni2,UNI2,40x,2p5x,40×–2.5×,23336,0.5454135537147522
COAD,TCGA-CK-4947-01Z-00-DX1.b257d5fd-b97b-4987-b088-77f044ca7fe2,uni2,UNI2,10x,2p5x,10×–2.5×,23336,0.7311139702796936
COAD,TCGA-CM-6168-01Z-00-DX1.96af6eb2-9d51-4671-baf8-1a73d0c66869,uni2,UNI2,40x,10x,40×–10×,24102,0.8344969749450684
COAD,TCGA-CM-6168-01Z-00-DX1.96af6eb2-9d51-4671-baf8-1a73d0c66869,uni2,UNI2,40x,2p5x,40×–2.5×,24102,0.7065650820732117
COAD,TCGA-CM-6168-01Z-00-DX1.96af6eb2-9d51-4671-baf8-1a73d0c66869,uni2,UNI2,10x,2p5x,10×–2.5×,24102,0.8243781328201294
COAD,TCGA-CM-6169-01Z-00-DX1.0381c243-02b8-4f1d-840c-19ef44d4b92c,uni2,UNI2,40x,10x,40×–10×,18522,0.807918906211853
COAD,TCGA-CM-6169-01Z-00-DX1.0381c243-02b8-4f1d-840c-19ef44d4b92c,uni2,UNI2,40x,2p5x,40×–2.5×,18522,0.7013580203056335
COAD,TCGA-CM-6169-01Z-00-DX1.0381c243-02b8-4f1d-840c-19ef44d4b92c,uni2,UNI2,10x,2p5x,10×–2.5×,18522,0.809286892414093
COAD,TCGA-G4-6309-01Z-00-DX1.3eb20fdc-eb86-4bd5-8194-76b02d4fa472,uni2,UNI2,40x,10x,40×–10×,17070,0.8461058735847473
COAD,TCGA-G4-6309-01Z-00-DX1.3eb20fdc-eb86-4bd5-8194-76b02d4fa472,uni2,UNI2,40x,2p5x,40×–2.5×,17070,0.7305470108985901
COAD,TCGA-G4-6309-01Z-00-DX1.3eb20fdc-eb86-4bd5-8194-76b02d4fa472,uni2,UNI2,10x,2p5x,10×–2.5×,17070,0.8468129634857178
COAD,TCGA-G4-6310-01Z-00-DX1.b88472d4-3adc-4e4d-b0f2-0dc195a3d7df,uni2,UNI2,40x,10x,40×–10×,16917,0.8483154773712158
COAD,TCGA-G4-6310-01Z-00-DX1.b88472d4-3adc-4e4d-b0f2-0dc195a3d7df,uni2,UNI2,40x,2p5x,40×–2.5×,16917,0.7518743872642517
COAD,TCGA-G4-6310-01Z-00-DX1.b88472d4-3adc-4e4d-b0f2-0dc195a3d7df,uni2,UNI2,10x,2p5x,10×–2.5×,16917,0.8859492540359497
COAD,TCGA-G4-6588-01Z-00-DX1.0747172e-f630-4b7c-9341-55078585ae00,uni2,UNI2,40x,10x,40×–10×,20553,0.8437415361404419
COAD,TCGA-G4-6588-01Z-00-DX1.0747172e-f630-4b7c-9341-55078585ae00,uni2,UNI2,40x,2p5x,40×–2.5×,20553,0.7602042555809021
COAD,TCGA-G4-6588-01Z-00-DX1.0747172e-f630-4b7c-9341-55078585ae00,uni2,UNI2,10x,2p5x,10×–2.5×,20553,0.8726223111152649
HNSC,TCGA-BA-6871-01Z-00-DX1.4d9ca329-f8d5-4c31-a20f-9d4fba728326,uni2,UNI2,40x,10x,40×–10×,14718,0.6777065396308899
HNSC,TCGA-BA-6871-01Z-00-DX1.4d9ca329-f8d5-4c31-a20f-9d4fba728326,uni2,UNI2,40x,2p5x,40×–2.5×,14718,0.3762392997741699
HNSC,TCGA-BA-6871-01Z-00-DX1.4d9ca329-f8d5-4c31-a20f-9d4fba728326,uni2,UNI2,10x,2p5x,10×–2.5×,14718,0.5810089707374573
HNSC,TCGA-BA-6872-01Z-00-DX1.F99F6394-D319-4599-B124-D2A6692FA096,uni2,UNI2,40x,10x,40×–10×,7720,0.7403208017349243
HNSC,TCGA-BA-6872-01Z-00-DX1.F99F6394-D319-4599-B124-D2A6692FA096,uni2,UNI2,40x,2p5x,40×–2.5×,7720,0.5355159640312195
HNSC,TCGA-BA-6872-01Z-00-DX1.F99F6394-D319-4599-B124-D2A6692FA096,uni2,UNI2,10x,2p5x,10×–2.5×,7720,0.7327718138694763
HNSC,TCGA-CN-A6V7-01A-01-TS1.F54912D3-1E21-4605-ACFC-142973524AE2,uni2,UNI2,40x,10x,40×–10×,2536,0.45001935958862305
HNSC,TCGA-CN-A6V7-01A-01-TS1.F54912D3-1E21-4605-ACFC-142973524AE2,uni2,UNI2,40x,2p5x,40×–2.5×,2536,0.24015384912490845
HNSC,TCGA-CN-A6V7-01A-01-TS1.F54912D3-1E21-4605-ACFC-142973524AE2,uni2,UNI2,10x,2p5x,10×–2.5×,2536,0.4845113456249237
HNSC,TCGA-CV-6935-01Z-00-DX1.9C449CB2-FB6D-41D1-A4A6-3069DC84A697,uni2,UNI2,40x,10x,40×–10×,12224,0.8251495361328125
HNSC,TCGA-CV-6935-01Z-00-DX1.9C449CB2-FB6D-41D1-A4A6-3069DC84A697,uni2,UNI2,40x,2p5x,40×–2.5×,12224,0.6991454362869263
HNSC,TCGA-CV-6935-01Z-00-DX1.9C449CB2-FB6D-41D1-A4A6-3069DC84A697,uni2,UNI2,10x,2p5x,10×–2.5×,12224,0.8183479905128479
HNSC,TCGA-CV-A45O-01Z-00-DX1.8CBD0CCC-C815-475D-87F9-76272F4F715B,uni2,UNI2,40x,10x,40×–10×,14844,0.7270843982696533
HNSC,TCGA-CV-A45O-01Z-00-DX1.8CBD0CCC-C815-475D-87F9-76272F4F715B,uni2,UNI2,40x,2p5x,40×–2.5×,14844,0.5439831614494324
HNSC,TCGA-CV-A45O-01Z-00-DX1.8CBD0CCC-C815-475D-87F9-76272F4F715B,uni2,UNI2,10x,2p5x,10×–2.5×,14844,0.7831599712371826
HNSC,TCGA-CV-A6JE-01Z-00-DX1.20137D17-19B3-49FF-9C3D-60933157E409,uni2,UNI2,40x,10x,40×–10×,26402,0.7626584768295288
HNSC,TCGA-CV-A6JE-01Z-00-DX1.20137D17-19B3-49FF-9C3D-60933157E409,uni2,UNI2,40x,2p5x,40×–2.5×,26402,0.5656816959381104
HNSC,TCGA-CV-A6JE-01Z-00-DX1.20137D17-19B3-49FF-9C3D-60933157E409,uni2,UNI2,10x,2p5x,10×–2.5×,26402,0.7951755523681641
HNSC,TCGA-CV-A6JU-01Z-00-DX1.35A3A1F0-9D6C-4794-B501-E56E48C51DF9,uni2,UNI2,40x,10x,40×–10×,21938,0.7809712290763855
HNSC,TCGA-CV-A6JU-01Z-00-DX1.35A3A1F0-9D6C-4794-B501-E56E48C51DF9,uni2,UNI2,40x,2p5x,40×–2.5×,21938,0.5797188878059387
HNSC,TCGA-CV-A6JU-01Z-00-DX1.35A3A1F0-9D6C-4794-B501-E56E48C51DF9,uni2,UNI2,10x,2p5x,10×–2.5×,21938,0.7839083075523376
HNSC,TCGA-UF-A719-01Z-00-DX1.4C4ECC2C-C390-4C5E-A709-CF08C113F1A1,uni2,UNI2,40x,10x,40×–10×,21546,0.7824901938438416
HNSC,TCGA-UF-A719-01Z-00-DX1.4C4ECC2C-C390-4C5E-A709-CF08C113F1A1,uni2,UNI2,40x,2p5x,40×–2.5×,21546,0.6049646735191345
HNSC,TCGA-UF-A719-01Z-00-DX1.4C4ECC2C-C390-4C5E-A709-CF08C113F1A1,uni2,UNI2,10x,2p5x,10×–2.5×,21546,0.787060022354126
KIRC,TCGA-A3-3346-01Z-00-DX1.95280216-fd71-4a03-b452-6e3d667f2542,uni2,UNI2,40x,10x,40×–10×,2240,0.6904320120811462
KIRC,TCGA-A3-3346-01Z-00-DX1.95280216-fd71-4a03-b452-6e3d667f2542,uni2,UNI2,40x,2p5x,40×–2.5×,2240,0.44826269149780273
KIRC,TCGA-A3-3346-01Z-00-DX1.95280216-fd71-4a03-b452-6e3d667f2542,uni2,UNI2,10x,2p5x,10×–2.5×,2240,0.6372143030166626
KIRC,TCGA-A3-A8CQ-01Z-00-DX1.78DA0827-5FB8-4B9F-A845-22F85830B5FB,uni2,UNI2,40x,10x,40×–10×,1395,0.5789339542388916
KIRC,TCGA-A3-A8CQ-01Z-00-DX1.78DA0827-5FB8-4B9F-A845-22F85830B5FB,uni2,UNI2,40x,2p5x,40×–2.5×,1395,0.22540254890918732
KIRC,TCGA-A3-A8CQ-01Z-00-DX1.78DA0827-5FB8-4B9F-A845-22F85830B5FB,uni2,UNI2,10x,2p5x,10×–2.5×,1395,0.36961281299591064
KIRC,TCGA-AK-3444-01Z-00-DX1.1F0E0B47-29FF-456F-800A-539983FDCFAA,uni2,UNI2,40x,10x,40×–10×,5029,0.7994442582130432
KIRC,TCGA-AK-3444-01Z-00-DX1.1F0E0B47-29FF-456F-800A-539983FDCFAA,uni2,UNI2,40x,2p5x,40×–2.5×,5029,0.5745896100997925
KIRC,TCGA-AK-3444-01Z-00-DX1.1F0E0B47-29FF-456F-800A-539983FDCFAA,uni2,UNI2,10x,2p5x,10×–2.5×,5029,0.6981309652328491
KIRC,TCGA-B0-5094-01Z-00-DX1.eac31fe2-09da-4ecf-8e25-c073cbb03295,uni2,UNI2,40x,10x,40×–10×,23201,0.8600432276725769
KIRC,TCGA-B0-5094-01Z-00-DX1.eac31fe2-09da-4ecf-8e25-c073cbb03295,uni2,UNI2,40x,2p5x,40×–2.5×,23201,0.7353050112724304
KIRC,TCGA-B0-5094-01Z-00-DX1.eac31fe2-09da-4ecf-8e25-c073cbb03295,uni2,UNI2,10x,2p5x,10×–2.5×,23201,0.8377326130867004
KIRC,TCGA-B0-5106-01Z-00-DX1.564e51a3-be50-4eed-ba9c-4d478b96ffc6,uni2,UNI2,40x,10x,40×–10×,26156,0.8473415970802307
KIRC,TCGA-B0-5106-01Z-00-DX1.564e51a3-be50-4eed-ba9c-4d478b96ffc6,uni2,UNI2,40x,2p5x,40×–2.5×,26156,0.6896851062774658
KIRC,TCGA-B0-5106-01Z-00-DX1.564e51a3-be50-4eed-ba9c-4d478b96ffc6,uni2,UNI2,10x,2p5x,10×–2.5×,26156,0.8273736238479614
KIRC,TCGA-B0-5711-01Z-00-DX1.6839921f-ec08-4e94-8bf9-4b5a4fcdda45,uni2,UNI2,40x,10x,40×–10×,23048,0.8768165707588196
KIRC,TCGA-B0-5711-01Z-00-DX1.6839921f-ec08-4e94-8bf9-4b5a4fcdda45,uni2,UNI2,40x,2p5x,40×–2.5×,23048,0.758639395236969
KIRC,TCGA-B0-5711-01Z-00-DX1.6839921f-ec08-4e94-8bf9-4b5a4fcdda45,uni2,UNI2,10x,2p5x,10×–2.5×,23048,0.8594729900360107
KIRC,TCGA-B2-5633-01Z-00-DX1.c55a29ca-468e-46de-9ff5-a51f46fe09fd,uni2,UNI2,40x,10x,40×–10×,3974,0.7948048710823059
KIRC,TCGA-B2-5633-01Z-00-DX1.c55a29ca-468e-46de-9ff5-a51f46fe09fd,uni2,UNI2,40x,2p5x,40×–2.5×,3974,0.4830194413661957
KIRC,TCGA-B2-5633-01Z-00-DX1.c55a29ca-468e-46de-9ff5-a51f46fe09fd,uni2,UNI2,10x,2p5x,10×–2.5×,3974,0.6611734628677368
KIRC,TCGA-BP-4991-01Z-00-DX1.71305f5c-ca59-48fa-bb82-4b441c1fffdc,uni2,UNI2,40x,10x,40×–10×,31068,0.9196861386299133
KIRC,TCGA-BP-4991-01Z-00-DX1.71305f5c-ca59-48fa-bb82-4b441c1fffdc,uni2,UNI2,40x,2p5x,40×–2.5×,31068,0.8495490550994873
KIRC,TCGA-BP-4991-01Z-00-DX1.71305f5c-ca59-48fa-bb82-4b441c1fffdc,uni2,UNI2,10x,2p5x,10×–2.5×,31068,0.9332758188247681
KIRC,TCGA-BP-5201-01Z-00-DX1.d1a9878e-bb97-48fb-9098-9d9337f06250,uni2,UNI2,40x,10x,40×–10×,12763,0.623737096786499
KIRC,TCGA-BP-5201-01Z-00-DX1.d1a9878e-bb97-48fb-9098-9d9337f06250,uni2,UNI2,40x,2p5x,40×–2.5×,12763,0.3199493885040283
KIRC,TCGA-BP-5201-01Z-00-DX1.d1a9878e-bb97-48fb-9098-9d9337f06250,uni2,UNI2,10x,2p5x,10×–2.5×,12763,0.4842528998851776
LUAD,TCGA-55-6986-01Z-00-DX1.ae52d41e-3cd6-4d36-b04b-2ea7d29bd8da,uni2,UNI2,40x,10x,40×–10×,5951,0.6945532560348511
LUAD,TCGA-55-6986-01Z-00-DX1.ae52d41e-3cd6-4d36-b04b-2ea7d29bd8da,uni2,UNI2,40x,2p5x,40×–2.5×,5951,0.5325055718421936
LUAD,TCGA-55-6986-01Z-00-DX1.ae52d41e-3cd6-4d36-b04b-2ea7d29bd8da,uni2,UNI2,10x,2p5x,10×–2.5×,5951,0.7566983103752136
LUAD,TCGA-64-5779-01Z-00-DX1.B3268447-DCE0-4927-B5A9-EC4D61E9B17D,uni2,UNI2,40x,10x,40×–10×,15338,0.683323323726654
LUAD,TCGA-64-5779-01Z-00-DX1.B3268447-DCE0-4927-B5A9-EC4D61E9B17D,uni2,UNI2,40x,2p5x,40×–2.5×,15338,0.2989649772644043
LUAD,TCGA-64-5779-01Z-00-DX1.B3268447-DCE0-4927-B5A9-EC4D61E9B17D,uni2,UNI2,10x,2p5x,10×–2.5×,15338,0.5048040151596069
LUAD,TCGA-78-7158-01Z-00-DX1.74db3dcd-2715-4ce7-8e48-30c8b7946ba0,uni2,UNI2,40x,10x,40×–10×,23198,0.6535741090774536
LUAD,TCGA-78-7158-01Z-00-DX1.74db3dcd-2715-4ce7-8e48-30c8b7946ba0,uni2,UNI2,40x,2p5x,40×–2.5×,23198,0.41943904757499695
LUAD,TCGA-78-7158-01Z-00-DX1.74db3dcd-2715-4ce7-8e48-30c8b7946ba0,uni2,UNI2,10x,2p5x,10×–2.5×,23198,0.6667237877845764
LUAD,TCGA-78-7163-01Z-00-DX1.42880bdf-271d-41dd-aada-e7ec1156ff31,uni2,UNI2,40x,10x,40×–10×,21422,0.6646985411643982
LUAD,TCGA-78-7163-01Z-00-DX1.42880bdf-271d-41dd-aada-e7ec1156ff31,uni2,UNI2,40x,2p5x,40×–2.5×,21422,0.49069446325302124
LUAD,TCGA-78-7163-01Z-00-DX1.42880bdf-271d-41dd-aada-e7ec1156ff31,uni2,UNI2,10x,2p5x,10×–2.5×,21422,0.8280223608016968
LUAD,TCGA-78-7536-01Z-00-DX1.6b066140-8b82-40a5-bd48-430eeb4463fe,uni2,UNI2,40x,10x,40×–10×,32971,0.4451911151409149
LUAD,TCGA-78-7536-01Z-00-DX1.6b066140-8b82-40a5-bd48-430eeb4463fe,uni2,UNI2,40x,2p5x,40×–2.5×,32971,0.20629791915416718
LUAD,TCGA-78-7536-01Z-00-DX1.6b066140-8b82-40a5-bd48-430eeb4463fe,uni2,UNI2,10x,2p5x,10×–2.5×,32971,0.48867443203926086
LUAD,TCGA-86-8668-01Z-00-DX1.d720d486-02c7-4f98-8feb-e0e50a12c158,uni2,UNI2,40x,10x,40×–10×,14624,0.7120816111564636
LUAD,TCGA-86-8668-01Z-00-DX1.d720d486-02c7-4f98-8feb-e0e50a12c158,uni2,UNI2,40x,2p5x,40×–2.5×,14624,0.5540292263031006
LUAD,TCGA-86-8668-01Z-00-DX1.d720d486-02c7-4f98-8feb-e0e50a12c158,uni2,UNI2,10x,2p5x,10×–2.5×,14624,0.7278479933738708
LUAD,TCGA-97-A4LX-01Z-00-DX1.B2334672-A626-4E74-B4D1-A79F70F65909,uni2,UNI2,40x,10x,40×–10×,19346,0.6140375137329102
LUAD,TCGA-97-A4LX-01Z-00-DX1.B2334672-A626-4E74-B4D1-A79F70F65909,uni2,UNI2,40x,2p5x,40×–2.5×,19346,0.47369980812072754
LUAD,TCGA-97-A4LX-01Z-00-DX1.B2334672-A626-4E74-B4D1-A79F70F65909,uni2,UNI2,10x,2p5x,10×–2.5×,19346,0.7045547962188721
LUAD,TCGA-97-A4M2-01Z-00-DX1.5C72522C-1538-4D68-B517-5FB05A9D401A,uni2,UNI2,40x,10x,40×–10×,8962,0.7452479004859924
LUAD,TCGA-97-A4M2-01Z-00-DX1.5C72522C-1538-4D68-B517-5FB05A9D401A,uni2,UNI2,40x,2p5x,40×–2.5×,8962,0.6193804740905762
LUAD,TCGA-97-A4M2-01Z-00-DX1.5C72522C-1538-4D68-B517-5FB05A9D401A,uni2,UNI2,10x,2p5x,10×–2.5×,8962,0.7747690677642822
LUAD,TCGA-J2-A4AE-01Z-00-DX1.42C5DE4A-7787-4E59-8969-D12503262C96,uni2,UNI2,40x,10x,40×–10×,14491,0.774716317653656
LUAD,TCGA-J2-A4AE-01Z-00-DX1.42C5DE4A-7787-4E59-8969-D12503262C96,uni2,UNI2,40x,2p5x,40×–2.5×,14491,0.6514558792114258
LUAD,TCGA-J2-A4AE-01Z-00-DX1.42C5DE4A-7787-4E59-8969-D12503262C96,uni2,UNI2,10x,2p5x,10×–2.5×,14491,0.8131684064865112
STAD,TCGA-BR-6452-01Z-00-DX1.aec8246e-9dce-436d-9faa-df8fa1f6e47c,uni2,UNI2,40x,10x,40×–10×,15303,0.7033928036689758
STAD,TCGA-BR-6452-01Z-00-DX1.aec8246e-9dce-436d-9faa-df8fa1f6e47c,uni2,UNI2,40x,2p5x,40×–2.5×,15303,0.5926836729049683
STAD,TCGA-BR-6452-01Z-00-DX1.aec8246e-9dce-436d-9faa-df8fa1f6e47c,uni2,UNI2,10x,2p5x,10×–2.5×,15303,0.7922827005386353
STAD,TCGA-BR-6454-01Z-00-DX1.63fb6280-2b43-49b2-960a-eb9c0e8b617c,uni2,UNI2,40x,10x,40×–10×,15740,0.46380558609962463
STAD,TCGA-BR-6454-01Z-00-DX1.63fb6280-2b43-49b2-960a-eb9c0e8b617c,uni2,UNI2,40x,2p5x,40×–2.5×,15740,0.2922001779079437
STAD,TCGA-BR-6454-01Z-00-DX1.63fb6280-2b43-49b2-960a-eb9c0e8b617c,uni2,UNI2,10x,2p5x,10×–2.5×,15740,0.5837349891662598
STAD,TCGA-BR-A4CQ-01Z-00-DX1.B63282A5-154D-441B-BF96-5BB26CB6D95E,uni2,UNI2,40x,10x,40×–10×,13809,0.7726529836654663
STAD,TCGA-BR-A4CQ-01Z-00-DX1.B63282A5-154D-441B-BF96-5BB26CB6D95E,uni2,UNI2,40x,2p5x,40×–2.5×,13809,0.624984622001648
STAD,TCGA-BR-A4CQ-01Z-00-DX1.B63282A5-154D-441B-BF96-5BB26CB6D95E,uni2,UNI2,10x,2p5x,10×–2.5×,13809,0.8002699017524719
STAD,TCGA-CD-A487-01Z-00-DX1.A026BD2F-B721-4340-83D5-7AA39227C90F,uni2,UNI2,40x,10x,40×–10×,20251,0.7299723029136658
STAD,TCGA-CD-A487-01Z-00-DX1.A026BD2F-B721-4340-83D5-7AA39227C90F,uni2,UNI2,40x,2p5x,40×–2.5×,20251,0.5657233595848083
STAD,TCGA-CD-A487-01Z-00-DX1.A026BD2F-B721-4340-83D5-7AA39227C90F,uni2,UNI2,10x,2p5x,10×–2.5×,20251,0.7428999543190002
STAD,TCGA-FP-8209-01Z-00-DX1.a5e13081-1631-44d4-8d6a-c229a22c2311,uni2,UNI2,40x,10x,40×–10×,3901,0.7504510283470154
STAD,TCGA-FP-8209-01Z-00-DX1.a5e13081-1631-44d4-8d6a-c229a22c2311,uni2,UNI2,40x,2p5x,40×–2.5×,3901,0.5421974062919617
STAD,TCGA-FP-8209-01Z-00-DX1.a5e13081-1631-44d4-8d6a-c229a22c2311,uni2,UNI2,10x,2p5x,10×–2.5×,3901,0.6949027180671692
STAD,TCGA-SW-A7EA-01Z-00-DX1.C5E1BE0E-0A25-4480-A3AC-DB2ED7471A4E,uni2,UNI2,40x,10x,40×–10×,6449,0.8548301458358765
STAD,TCGA-SW-A7EA-01Z-00-DX1.C5E1BE0E-0A25-4480-A3AC-DB2ED7471A4E,uni2,UNI2,40x,2p5x,40×–2.5×,6449,0.7657355666160583
STAD,TCGA-SW-A7EA-01Z-00-DX1.C5E1BE0E-0A25-4480-A3AC-DB2ED7471A4E,uni2,UNI2,10x,2p5x,10×–2.5×,6449,0.8432523012161255
STAD,TCGA-VQ-A8PY-01Z-00-DX1.EA2C7386-012A-442A-95B3-FFA12BD2684D,uni2,UNI2,40x,10x,40×–10×,22399,0.8787712454795837
STAD,TCGA-VQ-A8PY-01Z-00-DX1.EA2C7386-012A-442A-95B3-FFA12BD2684D,uni2,UNI2,40x,2p5x,40×–2.5×,22399,0.7643008232116699
STAD,TCGA-VQ-A8PY-01Z-00-DX1.EA2C7386-012A-442A-95B3-FFA12BD2684D,uni2,UNI2,10x,2p5x,10×–2.5×,22399,0.8637855648994446
STAD,TCGA-VQ-A924-01Z-00-DX1.736B41F3-9678-4FAF-AE86-FCAC4F6DCBD3,uni2,UNI2,40x,10x,40×–10×,12960,0.7212045788764954
STAD,TCGA-VQ-A924-01Z-00-DX1.736B41F3-9678-4FAF-AE86-FCAC4F6DCBD3,uni2,UNI2,40x,2p5x,40×–2.5×,12960,0.5720992684364319
STAD,TCGA-VQ-A924-01Z-00-DX1.736B41F3-9678-4FAF-AE86-FCAC4F6DCBD3,uni2,UNI2,10x,2p5x,10×–2.5×,12960,0.7580589056015015
STAD,TCGA-ZQ-A9CR-01Z-00-DX1.C9AC9991-7054-4068-A7AA-9D1EB7F040A3,uni2,UNI2,40x,10x,40×–10×,31585,0.9547120928764343
STAD,TCGA-ZQ-A9CR-01Z-00-DX1.C9AC9991-7054-4068-A7AA-9D1EB7F040A3,uni2,UNI2,40x,2p5x,40×–2.5×,31585,0.8666192293167114
STAD,TCGA-ZQ-A9CR-01Z-00-DX1.C9AC9991-7054-4068-A7AA-9D1EB7F040A3,uni2,UNI2,10x,2p5x,10×–2.5×,31585,0.9106090664863586
UCEC,TCGA-A5-A0GX-01Z-00-DX1.7E713D1A-5858-4648-957D-77189E43CFAA,uni2,UNI2,40x,10x,40×–10×,26039,0.7643956542015076
UCEC,TCGA-A5-A0GX-01Z-00-DX1.7E713D1A-5858-4648-957D-77189E43CFAA,uni2,UNI2,40x,2p5x,40×–2.5×,26039,0.6725049018859863
UCEC,TCGA-A5-A0GX-01Z-00-DX1.7E713D1A-5858-4648-957D-77189E43CFAA,uni2,UNI2,10x,2p5x,10×–2.5×,26039,0.8270059823989868
UCEC,TCGA-A5-A0R7-01Z-00-DX1.D21E6974-22A3-4A68-8B4E-14E84A7A50A5,uni2,UNI2,40x,10x,40×–10×,45564,0.7760580778121948
UCEC,TCGA-A5-A0R7-01Z-00-DX1.D21E6974-22A3-4A68-8B4E-14E84A7A50A5,uni2,UNI2,40x,2p5x,40×–2.5×,45564,0.6912574172019958
UCEC,TCGA-A5-A0R7-01Z-00-DX1.D21E6974-22A3-4A68-8B4E-14E84A7A50A5,uni2,UNI2,10x,2p5x,10×–2.5×,45564,0.8276703357696533
UCEC,TCGA-AX-A05U-01Z-00-DX1.1EBFC727-B5D5-4543-BBA9-4254ABD3D584,uni2,UNI2,40x,10x,40×–10×,42082,0.8196781873703003
UCEC,TCGA-AX-A05U-01Z-00-DX1.1EBFC727-B5D5-4543-BBA9-4254ABD3D584,uni2,UNI2,40x,2p5x,40×–2.5×,42082,0.74819016456604
UCEC,TCGA-AX-A05U-01Z-00-DX1.1EBFC727-B5D5-4543-BBA9-4254ABD3D584,uni2,UNI2,10x,2p5x,10×–2.5×,42082,0.8727016448974609
UCEC,TCGA-AX-A06B-01Z-00-DX2.1757C039-99F7-4087-A9E5-D340AF7220D4,uni2,UNI2,40x,10x,40×–10×,10560,0.7596360445022583
UCEC,TCGA-AX-A06B-01Z-00-DX2.1757C039-99F7-4087-A9E5-D340AF7220D4,uni2,UNI2,40x,2p5x,40×–2.5×,10560,0.4903910756111145
UCEC,TCGA-AX-A06B-01Z-00-DX2.1757C039-99F7-4087-A9E5-D340AF7220D4,uni2,UNI2,10x,2p5x,10×–2.5×,10560,0.6060118079185486
UCEC,TCGA-AX-A0J0-01Z-00-DX2.56C668BE-03B8-4B87-A226-AABD97D53C38,uni2,UNI2,40x,10x,40×–10×,34978,0.8751256465911865
UCEC,TCGA-AX-A0J0-01Z-00-DX2.56C668BE-03B8-4B87-A226-AABD97D53C38,uni2,UNI2,40x,2p5x,40×–2.5×,34978,0.8108811378479004
UCEC,TCGA-AX-A0J0-01Z-00-DX2.56C668BE-03B8-4B87-A226-AABD97D53C38,uni2,UNI2,10x,2p5x,10×–2.5×,34978,0.9127060174942017
UCEC,TCGA-B5-A11F-01Z-00-DX1.3F1C053D-E81E-4C8D-965D-6F3DE29D9511,uni2,UNI2,40x,10x,40×–10×,22717,0.8178333044052124
UCEC,TCGA-B5-A11F-01Z-00-DX1.3F1C053D-E81E-4C8D-965D-6F3DE29D9511,uni2,UNI2,40x,2p5x,40×–2.5×,22717,0.7158603072166443
UCEC,TCGA-B5-A11F-01Z-00-DX1.3F1C053D-E81E-4C8D-965D-6F3DE29D9511,uni2,UNI2,10x,2p5x,10×–2.5×,22717,0.8197562098503113
UCEC,TCGA-BG-A0W1-01Z-00-DX1.8E06269C-1278-478B-A128-59FA911B1649,uni2,UNI2,40x,10x,40×–10×,26648,0.8740698099136353
UCEC,TCGA-BG-A0W1-01Z-00-DX1.8E06269C-1278-478B-A128-59FA911B1649,uni2,UNI2,40x,2p5x,40×–2.5×,26648,0.8060292601585388
UCEC,TCGA-BG-A0W1-01Z-00-DX1.8E06269C-1278-478B-A128-59FA911B1649,uni2,UNI2,10x,2p5x,10×–2.5×,26648,0.8748129606246948
UCEC,TCGA-EY-A1GQ-01Z-00-DX1.03D52C6F-515E-4A4F-A08E-31D773BCC67F,uni2,UNI2,40x,10x,40×–10×,20550,0.47358590364456177
UCEC,TCGA-EY-A1GQ-01Z-00-DX1.03D52C6F-515E-4A4F-A08E-31D773BCC67F,uni2,UNI2,40x,2p5x,40×–2.5×,20550,0.2859649956226349
UCEC,TCGA-EY-A1GQ-01Z-00-DX1.03D52C6F-515E-4A4F-A08E-31D773BCC67F,uni2,UNI2,10x,2p5x,10×–2.5×,20550,0.5413877367973328
UCEC,TCGA-FI-A2EX-01Z-00-DX1.127F5153-745D-43E6-83CA-DE2738702C62,uni2,UNI2,40x,10x,40×–10×,21945,0.7720401287078857
UCEC,TCGA-FI-A2EX-01Z-00-DX1.127F5153-745D-43E6-83CA-DE2738702C62,uni2,UNI2,40x,2p5x,40×–2.5×,21945,0.6455195546150208
UCEC,TCGA-FI-A2EX-01Z-00-DX1.127F5153-745D-43E6-83CA-DE2738702C62,uni2,UNI2,10x,2p5x,10×–2.5×,21945,0.8206450939178467
BLCA,TCGA-CF-A3MF-01Z-00-DX1.91768C26-5BB1-4DE6-9737-AA26BD687A75,virchow,Virchow,40x,10x,40×–10×,26138,0.807181715965271
BLCA,TCGA-CF-A3MF-01Z-00-DX1.91768C26-5BB1-4DE6-9737-AA26BD687A75,virchow,Virchow,40x,2p5x,40×–2.5×,26138,0.6306220889091492
BLCA,TCGA-CF-A3MF-01Z-00-DX1.91768C26-5BB1-4DE6-9737-AA26BD687A75,virchow,Virchow,10x,2p5x,10×–2.5×,26138,0.5969403386116028
BLCA,TCGA-CU-A0YN-01Z-00-DX1.6C5EAAAF-8F14-49D3-8FFC-9BDAE56CAFD0,virchow,Virchow,40x,10x,40×–10×,2880,0.5883030295372009
BLCA,TCGA-CU-A0YN-01Z-00-DX1.6C5EAAAF-8F14-49D3-8FFC-9BDAE56CAFD0,virchow,Virchow,40x,2p5x,40×–2.5×,2880,0.3014598488807678
BLCA,TCGA-CU-A0YN-01Z-00-DX1.6C5EAAAF-8F14-49D3-8FFC-9BDAE56CAFD0,virchow,Virchow,10x,2p5x,10×–2.5×,2880,0.44693097472190857
BLCA,TCGA-DK-A6AW-01Z-00-DX1.C2453A8C-8282-443C-9E76-5B6CAD2FE69B,virchow,Virchow,40x,10x,40×–10×,15233,0.8862783908843994
BLCA,TCGA-DK-A6AW-01Z-00-DX1.C2453A8C-8282-443C-9E76-5B6CAD2FE69B,virchow,Virchow,40x,2p5x,40×–2.5×,15233,0.7916648387908936
BLCA,TCGA-DK-A6AW-01Z-00-DX1.C2453A8C-8282-443C-9E76-5B6CAD2FE69B,virchow,Virchow,10x,2p5x,10×–2.5×,15233,0.8080205321311951
BLCA,TCGA-DK-AA6L-01A-01-TSA.5794F0C6-9ED6-489A-9621-18CCC5935548,virchow,Virchow,40x,10x,40×–10×,7165,0.6343348026275635
BLCA,TCGA-DK-AA6L-01A-01-TSA.5794F0C6-9ED6-489A-9621-18CCC5935548,virchow,Virchow,40x,2p5x,40×–2.5×,7165,0.1926618367433548
BLCA,TCGA-DK-AA6L-01A-01-TSA.5794F0C6-9ED6-489A-9621-18CCC5935548,virchow,Virchow,10x,2p5x,10×–2.5×,7165,0.3128431439399719
BLCA,TCGA-DK-AA77-01A-01-TSA.26CAF5CB-CC4F-4522-BD2B-343FB70205FE,virchow,Virchow,40x,10x,40×–10×,3872,0.535667359828949
BLCA,TCGA-DK-AA77-01A-01-TSA.26CAF5CB-CC4F-4522-BD2B-343FB70205FE,virchow,Virchow,40x,2p5x,40×–2.5×,3872,0.14853163063526154
BLCA,TCGA-DK-AA77-01A-01-TSA.26CAF5CB-CC4F-4522-BD2B-343FB70205FE,virchow,Virchow,10x,2p5x,10×–2.5×,3872,0.31752750277519226
BLCA,TCGA-FD-A6TK-01Z-00-DX1.B685DA87-72A6-4C38-8AA1-40B6E543383C,virchow,Virchow,40x,10x,40×–10×,19445,0.7845425605773926
BLCA,TCGA-FD-A6TK-01Z-00-DX1.B685DA87-72A6-4C38-8AA1-40B6E543383C,virchow,Virchow,40x,2p5x,40×–2.5×,19445,0.5279642939567566
BLCA,TCGA-FD-A6TK-01Z-00-DX1.B685DA87-72A6-4C38-8AA1-40B6E543383C,virchow,Virchow,10x,2p5x,10×–2.5×,19445,0.6719332933425903
BLCA,TCGA-GU-AATP-01Z-00-DX1.0D8EC37C-88E7-49D5-A76D-F0A4A3FD8AE4,virchow,Virchow,40x,10x,40×–10×,22018,0.8564082384109497
BLCA,TCGA-GU-AATP-01Z-00-DX1.0D8EC37C-88E7-49D5-A76D-F0A4A3FD8AE4,virchow,Virchow,40x,2p5x,40×–2.5×,22018,0.4889245331287384
BLCA,TCGA-GU-AATP-01Z-00-DX1.0D8EC37C-88E7-49D5-A76D-F0A4A3FD8AE4,virchow,Virchow,10x,2p5x,10×–2.5×,22018,0.5700967907905579
BLCA,TCGA-XF-A8HB-01Z-00-DX1.D6874152-D20A-4CA4-8E8B-8CBAB5F7D7B5,virchow,Virchow,40x,10x,40×–10×,14662,0.7897393107414246
BLCA,TCGA-XF-A8HB-01Z-00-DX1.D6874152-D20A-4CA4-8E8B-8CBAB5F7D7B5,virchow,Virchow,40x,2p5x,40×–2.5×,14662,0.32525527477264404
BLCA,TCGA-XF-A8HB-01Z-00-DX1.D6874152-D20A-4CA4-8E8B-8CBAB5F7D7B5,virchow,Virchow,10x,2p5x,10×–2.5×,14662,0.44925159215927124
BLCA,TCGA-ZF-A9R1-01Z-00-DX1.74520759-D448-45B5-B8AD-45502C99A519,virchow,Virchow,40x,10x,40×–10×,16065,0.7758532762527466
BLCA,TCGA-ZF-A9R1-01Z-00-DX1.74520759-D448-45B5-B8AD-45502C99A519,virchow,Virchow,40x,2p5x,40×–2.5×,16065,0.5107163786888123
BLCA,TCGA-ZF-A9R1-01Z-00-DX1.74520759-D448-45B5-B8AD-45502C99A519,virchow,Virchow,10x,2p5x,10×–2.5×,16065,0.6294679641723633
BLCA,TCGA-ZF-AA51-01Z-00-DX1.128C9731-C206-4E71-9A64-864FA9FD7E96,virchow,Virchow,40x,10x,40×–10×,22108,0.81305330991745
BLCA,TCGA-ZF-AA51-01Z-00-DX1.128C9731-C206-4E71-9A64-864FA9FD7E96,virchow,Virchow,40x,2p5x,40×–2.5×,22108,0.5086725950241089
BLCA,TCGA-ZF-AA51-01Z-00-DX1.128C9731-C206-4E71-9A64-864FA9FD7E96,virchow,Virchow,10x,2p5x,10×–2.5×,22108,0.5523110032081604
BRCA,TCGA-A7-A2KD-01Z-00-DX1.BFF2DFC8-1D95-4DC2-98FC-5BD7D7C6CDF5,virchow,Virchow,40x,10x,40×–10×,13242,0.6625023484230042
BRCA,TCGA-A7-A2KD-01Z-00-DX1.BFF2DFC8-1D95-4DC2-98FC-5BD7D7C6CDF5,virchow,Virchow,40x,2p5x,40×–2.5×,13242,0.35994863510131836
BRCA,TCGA-A7-A2KD-01Z-00-DX1.BFF2DFC8-1D95-4DC2-98FC-5BD7D7C6CDF5,virchow,Virchow,10x,2p5x,10×–2.5×,13242,0.47027865052223206
BRCA,TCGA-AN-A0G0-01Z-00-DX1.BE0BB5DF-DEDA-48D8-B5D8-2735C767F28F,virchow,Virchow,40x,10x,40×–10×,4987,0.676603376865387
BRCA,TCGA-AN-A0G0-01Z-00-DX1.BE0BB5DF-DEDA-48D8-B5D8-2735C767F28F,virchow,Virchow,40x,2p5x,40×–2.5×,4987,0.35511162877082825
BRCA,TCGA-AN-A0G0-01Z-00-DX1.BE0BB5DF-DEDA-48D8-B5D8-2735C767F28F,virchow,Virchow,10x,2p5x,10×–2.5×,4987,0.5537542104721069
BRCA,TCGA-AQ-A04L-01Z-00-DX1.F35BF4DD-896A-43C2-8DA6-C67945C003BE,virchow,Virchow,40x,10x,40×–10×,6966,0.8420372009277344
BRCA,TCGA-AQ-A04L-01Z-00-DX1.F35BF4DD-896A-43C2-8DA6-C67945C003BE,virchow,Virchow,40x,2p5x,40×–2.5×,6966,0.7002894878387451
BRCA,TCGA-AQ-A04L-01Z-00-DX1.F35BF4DD-896A-43C2-8DA6-C67945C003BE,virchow,Virchow,10x,2p5x,10×–2.5×,6966,0.7551100850105286
BRCA,TCGA-AR-A2LK-01Z-00-DX1.FBD59C38-CD4E-4C22-BC74-A57C192A9BBC,virchow,Virchow,40x,10x,40×–10×,11925,0.6625765562057495
BRCA,TCGA-AR-A2LK-01Z-00-DX1.FBD59C38-CD4E-4C22-BC74-A57C192A9BBC,virchow,Virchow,40x,2p5x,40×–2.5×,11925,0.42831650376319885
BRCA,TCGA-AR-A2LK-01Z-00-DX1.FBD59C38-CD4E-4C22-BC74-A57C192A9BBC,virchow,Virchow,10x,2p5x,10×–2.5×,11925,0.5886558294296265
BRCA,TCGA-AR-A5QM-01Z-00-DX1.A9017CED-FF57-4090-95B9-94DC91854347,virchow,Virchow,40x,10x,40×–10×,13639,0.6649129986763
BRCA,TCGA-AR-A5QM-01Z-00-DX1.A9017CED-FF57-4090-95B9-94DC91854347,virchow,Virchow,40x,2p5x,40×–2.5×,13639,0.45516330003738403
BRCA,TCGA-AR-A5QM-01Z-00-DX1.A9017CED-FF57-4090-95B9-94DC91854347,virchow,Virchow,10x,2p5x,10×–2.5×,13639,0.6142573952674866
BRCA,TCGA-BH-A0C1-01Z-00-DX1.21FE357E-B182-4397-BFEF-7E96E994236A,virchow,Virchow,40x,10x,40×–10×,14097,0.8232370615005493
BRCA,TCGA-BH-A0C1-01Z-00-DX1.21FE357E-B182-4397-BFEF-7E96E994236A,virchow,Virchow,40x,2p5x,40×–2.5×,14097,0.740307092666626
BRCA,TCGA-BH-A0C1-01Z-00-DX1.21FE357E-B182-4397-BFEF-7E96E994236A,virchow,Virchow,10x,2p5x,10×–2.5×,14097,0.7570255398750305
BRCA,TCGA-D8-A1X8-01Z-00-DX1.DDA3866E-C7CC-4650-BE2B-5C9A98A2D531,virchow,Virchow,40x,10x,40×–10×,13628,0.7921387553215027
BRCA,TCGA-D8-A1X8-01Z-00-DX1.DDA3866E-C7CC-4650-BE2B-5C9A98A2D531,virchow,Virchow,40x,2p5x,40×–2.5×,13628,0.5091950297355652
BRCA,TCGA-D8-A1X8-01Z-00-DX1.DDA3866E-C7CC-4650-BE2B-5C9A98A2D531,virchow,Virchow,10x,2p5x,10×–2.5×,13628,0.6014770269393921
BRCA,TCGA-E2-A14P-01Z-00-DX1.663B02FF-C64B-41A6-8685-FD61CD76F9C6,virchow,Virchow,40x,10x,40×–10×,17521,0.8545368909835815
BRCA,TCGA-E2-A14P-01Z-00-DX1.663B02FF-C64B-41A6-8685-FD61CD76F9C6,virchow,Virchow,40x,2p5x,40×–2.5×,17521,0.6730936169624329
BRCA,TCGA-E2-A14P-01Z-00-DX1.663B02FF-C64B-41A6-8685-FD61CD76F9C6,virchow,Virchow,10x,2p5x,10×–2.5×,17521,0.7244657278060913
BRCA,TCGA-E2-A1LA-01Z-00-DX1.AE49E943-B830-4ED9-B09E-E499441BC2EC,virchow,Virchow,40x,10x,40×–10×,16576,0.8792147040367126
BRCA,TCGA-E2-A1LA-01Z-00-DX1.AE49E943-B830-4ED9-B09E-E499441BC2EC,virchow,Virchow,40x,2p5x,40×–2.5×,16576,0.6767618656158447
BRCA,TCGA-E2-A1LA-01Z-00-DX1.AE49E943-B830-4ED9-B09E-E499441BC2EC,virchow,Virchow,10x,2p5x,10×–2.5×,16576,0.746453583240509
BRCA,TCGA-GM-A3XN-01Z-00-DX1.49F5C8AC-0328-4BC2-9FE2-E7150B7A42E2,virchow,Virchow,40x,10x,40×–10×,18199,0.7495136857032776
BRCA,TCGA-GM-A3XN-01Z-00-DX1.49F5C8AC-0328-4BC2-9FE2-E7150B7A42E2,virchow,Virchow,40x,2p5x,40×–2.5×,18199,0.5682867765426636
BRCA,TCGA-GM-A3XN-01Z-00-DX1.49F5C8AC-0328-4BC2-9FE2-E7150B7A42E2,virchow,Virchow,10x,2p5x,10×–2.5×,18199,0.6585720777511597
COAD,TCGA-AY-A8YK-01Z-00-DX1.89E3C546-0425-449B-A6FB-1C35168EA7EB,virchow,Virchow,40x,10x,40×–10×,8285,0.7353094816207886
COAD,TCGA-AY-A8YK-01Z-00-DX1.89E3C546-0425-449B-A6FB-1C35168EA7EB,virchow,Virchow,40x,2p5x,40×–2.5×,8285,0.5144442319869995
COAD,TCGA-AY-A8YK-01Z-00-DX1.89E3C546-0425-449B-A6FB-1C35168EA7EB,virchow,Virchow,10x,2p5x,10×–2.5×,8285,0.5602433085441589
COAD,TCGA-CK-4947-01Z-00-DX1.b257d5fd-b97b-4987-b088-77f044ca7fe2,virchow,Virchow,40x,10x,40×–10×,23336,0.5646036267280579
COAD,TCGA-CK-4947-01Z-00-DX1.b257d5fd-b97b-4987-b088-77f044ca7fe2,virchow,Virchow,40x,2p5x,40×–2.5×,23336,0.40852272510528564
COAD,TCGA-CK-4947-01Z-00-DX1.b257d5fd-b97b-4987-b088-77f044ca7fe2,virchow,Virchow,10x,2p5x,10×–2.5×,23336,0.3829224407672882
COAD,TCGA-CM-6168-01Z-00-DX1.96af6eb2-9d51-4671-baf8-1a73d0c66869,virchow,Virchow,40x,10x,40×–10×,24102,0.6078965663909912
COAD,TCGA-CM-6168-01Z-00-DX1.96af6eb2-9d51-4671-baf8-1a73d0c66869,virchow,Virchow,40x,2p5x,40×–2.5×,24102,0.44336193799972534
COAD,TCGA-CM-6168-01Z-00-DX1.96af6eb2-9d51-4671-baf8-1a73d0c66869,virchow,Virchow,10x,2p5x,10×–2.5×,24102,0.5598633289337158
COAD,TCGA-CM-6169-01Z-00-DX1.0381c243-02b8-4f1d-840c-19ef44d4b92c,virchow,Virchow,40x,10x,40×–10×,18522,0.5522851943969727
COAD,TCGA-CM-6169-01Z-00-DX1.0381c243-02b8-4f1d-840c-19ef44d4b92c,virchow,Virchow,40x,2p5x,40×–2.5×,18522,0.4401400685310364
COAD,TCGA-CM-6169-01Z-00-DX1.0381c243-02b8-4f1d-840c-19ef44d4b92c,virchow,Virchow,10x,2p5x,10×–2.5×,18522,0.5436415672302246
COAD,TCGA-G4-6309-01Z-00-DX1.3eb20fdc-eb86-4bd5-8194-76b02d4fa472,virchow,Virchow,40x,10x,40×–10×,17070,0.6395069360733032
COAD,TCGA-G4-6309-01Z-00-DX1.3eb20fdc-eb86-4bd5-8194-76b02d4fa472,virchow,Virchow,40x,2p5x,40×–2.5×,17070,0.455763578414917
COAD,TCGA-G4-6309-01Z-00-DX1.3eb20fdc-eb86-4bd5-8194-76b02d4fa472,virchow,Virchow,10x,2p5x,10×–2.5×,17070,0.5975350141525269
COAD,TCGA-G4-6310-01Z-00-DX1.b88472d4-3adc-4e4d-b0f2-0dc195a3d7df,virchow,Virchow,40x,10x,40×–10×,16917,0.6631447076797485
COAD,TCGA-G4-6310-01Z-00-DX1.b88472d4-3adc-4e4d-b0f2-0dc195a3d7df,virchow,Virchow,40x,2p5x,40×–2.5×,16917,0.4956752359867096
COAD,TCGA-G4-6310-01Z-00-DX1.b88472d4-3adc-4e4d-b0f2-0dc195a3d7df,virchow,Virchow,10x,2p5x,10×–2.5×,16917,0.5555775165557861
COAD,TCGA-G4-6588-01Z-00-DX1.0747172e-f630-4b7c-9341-55078585ae00,virchow,Virchow,40x,10x,40×–10×,20553,0.6891435980796814
COAD,TCGA-G4-6588-01Z-00-DX1.0747172e-f630-4b7c-9341-55078585ae00,virchow,Virchow,40x,2p5x,40×–2.5×,20553,0.49513140320777893
COAD,TCGA-G4-6588-01Z-00-DX1.0747172e-f630-4b7c-9341-55078585ae00,virchow,Virchow,10x,2p5x,10×–2.5×,20553,0.570516049861908
HNSC,TCGA-BA-6871-01Z-00-DX1.4d9ca329-f8d5-4c31-a20f-9d4fba728326,virchow,Virchow,40x,10x,40×–10×,14718,0.6136009693145752
HNSC,TCGA-BA-6871-01Z-00-DX1.4d9ca329-f8d5-4c31-a20f-9d4fba728326,virchow,Virchow,40x,2p5x,40×–2.5×,14718,0.2681725025177002
HNSC,TCGA-BA-6871-01Z-00-DX1.4d9ca329-f8d5-4c31-a20f-9d4fba728326,virchow,Virchow,10x,2p5x,10×–2.5×,14718,0.38604962825775146
HNSC,TCGA-BA-6872-01Z-00-DX1.F99F6394-D319-4599-B124-D2A6692FA096,virchow,Virchow,40x,10x,40×–10×,7720,0.5660176277160645
HNSC,TCGA-BA-6872-01Z-00-DX1.F99F6394-D319-4599-B124-D2A6692FA096,virchow,Virchow,40x,2p5x,40×–2.5×,7720,0.35884156823158264
HNSC,TCGA-BA-6872-01Z-00-DX1.F99F6394-D319-4599-B124-D2A6692FA096,virchow,Virchow,10x,2p5x,10×–2.5×,7720,0.6303199529647827
HNSC,TCGA-CN-A6V7-01A-01-TS1.F54912D3-1E21-4605-ACFC-142973524AE2,virchow,Virchow,40x,10x,40×–10×,2536,0.4187195599079132
HNSC,TCGA-CN-A6V7-01A-01-TS1.F54912D3-1E21-4605-ACFC-142973524AE2,virchow,Virchow,40x,2p5x,40×–2.5×,2536,0.2186904102563858
HNSC,TCGA-CN-A6V7-01A-01-TS1.F54912D3-1E21-4605-ACFC-142973524AE2,virchow,Virchow,10x,2p5x,10×–2.5×,2536,0.41218140721321106
HNSC,TCGA-CV-6935-01Z-00-DX1.9C449CB2-FB6D-41D1-A4A6-3069DC84A697,virchow,Virchow,40x,10x,40×–10×,12224,0.693596601486206
HNSC,TCGA-CV-6935-01Z-00-DX1.9C449CB2-FB6D-41D1-A4A6-3069DC84A697,virchow,Virchow,40x,2p5x,40×–2.5×,12224,0.5914597511291504
HNSC,TCGA-CV-6935-01Z-00-DX1.9C449CB2-FB6D-41D1-A4A6-3069DC84A697,virchow,Virchow,10x,2p5x,10×–2.5×,12224,0.791428804397583
HNSC,TCGA-CV-A45O-01Z-00-DX1.8CBD0CCC-C815-475D-87F9-76272F4F715B,virchow,Virchow,40x,10x,40×–10×,14844,0.714249312877655
HNSC,TCGA-CV-A45O-01Z-00-DX1.8CBD0CCC-C815-475D-87F9-76272F4F715B,virchow,Virchow,40x,2p5x,40×–2.5×,14844,0.33922702074050903
HNSC,TCGA-CV-A45O-01Z-00-DX1.8CBD0CCC-C815-475D-87F9-76272F4F715B,virchow,Virchow,10x,2p5x,10×–2.5×,14844,0.4345765709877014
HNSC,TCGA-CV-A6JE-01Z-00-DX1.20137D17-19B3-49FF-9C3D-60933157E409,virchow,Virchow,40x,10x,40×–10×,26402,0.7371434569358826
HNSC,TCGA-CV-A6JE-01Z-00-DX1.20137D17-19B3-49FF-9C3D-60933157E409,virchow,Virchow,40x,2p5x,40×–2.5×,26402,0.3725232183933258
HNSC,TCGA-CV-A6JE-01Z-00-DX1.20137D17-19B3-49FF-9C3D-60933157E409,virchow,Virchow,10x,2p5x,10×–2.5×,26402,0.5667290687561035
HNSC,TCGA-CV-A6JU-01Z-00-DX1.35A3A1F0-9D6C-4794-B501-E56E48C51DF9,virchow,Virchow,40x,10x,40×–10×,21938,0.7670013308525085
HNSC,TCGA-CV-A6JU-01Z-00-DX1.35A3A1F0-9D6C-4794-B501-E56E48C51DF9,virchow,Virchow,40x,2p5x,40×–2.5×,21938,0.4094555377960205
HNSC,TCGA-CV-A6JU-01Z-00-DX1.35A3A1F0-9D6C-4794-B501-E56E48C51DF9,virchow,Virchow,10x,2p5x,10×–2.5×,21938,0.4962063431739807
HNSC,TCGA-UF-A719-01Z-00-DX1.4C4ECC2C-C390-4C5E-A709-CF08C113F1A1,virchow,Virchow,40x,10x,40×–10×,21546,0.6923878192901611
HNSC,TCGA-UF-A719-01Z-00-DX1.4C4ECC2C-C390-4C5E-A709-CF08C113F1A1,virchow,Virchow,40x,2p5x,40×–2.5×,21546,0.3118121027946472
HNSC,TCGA-UF-A719-01Z-00-DX1.4C4ECC2C-C390-4C5E-A709-CF08C113F1A1,virchow,Virchow,10x,2p5x,10×–2.5×,21546,0.4735877215862274
KIRC,TCGA-A3-3346-01Z-00-DX1.95280216-fd71-4a03-b452-6e3d667f2542,virchow,Virchow,40x,10x,40×–10×,2240,0.5535187125205994
KIRC,TCGA-A3-3346-01Z-00-DX1.95280216-fd71-4a03-b452-6e3d667f2542,virchow,Virchow,40x,2p5x,40×–2.5×,2240,0.3513224720954895
KIRC,TCGA-A3-3346-01Z-00-DX1.95280216-fd71-4a03-b452-6e3d667f2542,virchow,Virchow,10x,2p5x,10×–2.5×,2240,0.4661424160003662
KIRC,TCGA-A3-A8CQ-01Z-00-DX1.78DA0827-5FB8-4B9F-A845-22F85830B5FB,virchow,Virchow,40x,10x,40×–10×,1395,0.2521064877510071
KIRC,TCGA-A3-A8CQ-01Z-00-DX1.78DA0827-5FB8-4B9F-A845-22F85830B5FB,virchow,Virchow,40x,2p5x,40×–2.5×,1395,0.16956064105033875
KIRC,TCGA-A3-A8CQ-01Z-00-DX1.78DA0827-5FB8-4B9F-A845-22F85830B5FB,virchow,Virchow,10x,2p5x,10×–2.5×,1395,0.401589959859848
KIRC,TCGA-AK-3444-01Z-00-DX1.1F0E0B47-29FF-456F-800A-539983FDCFAA,virchow,Virchow,40x,10x,40×–10×,5029,0.7543811798095703
KIRC,TCGA-AK-3444-01Z-00-DX1.1F0E0B47-29FF-456F-800A-539983FDCFAA,virchow,Virchow,40x,2p5x,40×–2.5×,5029,0.6597310900688171
KIRC,TCGA-AK-3444-01Z-00-DX1.1F0E0B47-29FF-456F-800A-539983FDCFAA,virchow,Virchow,10x,2p5x,10×–2.5×,5029,0.6972141861915588
KIRC,TCGA-B0-5094-01Z-00-DX1.eac31fe2-09da-4ecf-8e25-c073cbb03295,virchow,Virchow,40x,10x,40×–10×,23201,0.7622877359390259
KIRC,TCGA-B0-5094-01Z-00-DX1.eac31fe2-09da-4ecf-8e25-c073cbb03295,virchow,Virchow,40x,2p5x,40×–2.5×,23201,0.6367151737213135
KIRC,TCGA-B0-5094-01Z-00-DX1.eac31fe2-09da-4ecf-8e25-c073cbb03295,virchow,Virchow,10x,2p5x,10×–2.5×,23201,0.6751728653907776
KIRC,TCGA-B0-5106-01Z-00-DX1.564e51a3-be50-4eed-ba9c-4d478b96ffc6,virchow,Virchow,40x,10x,40×–10×,26156,0.7187287211418152
KIRC,TCGA-B0-5106-01Z-00-DX1.564e51a3-be50-4eed-ba9c-4d478b96ffc6,virchow,Virchow,40x,2p5x,40×–2.5×,26156,0.5088237524032593
KIRC,TCGA-B0-5106-01Z-00-DX1.564e51a3-be50-4eed-ba9c-4d478b96ffc6,virchow,Virchow,10x,2p5x,10×–2.5×,26156,0.5752773284912109
KIRC,TCGA-B0-5711-01Z-00-DX1.6839921f-ec08-4e94-8bf9-4b5a4fcdda45,virchow,Virchow,40x,10x,40×–10×,23048,0.7072934508323669
KIRC,TCGA-B0-5711-01Z-00-DX1.6839921f-ec08-4e94-8bf9-4b5a4fcdda45,virchow,Virchow,40x,2p5x,40×–2.5×,23048,0.6856393814086914
KIRC,TCGA-B0-5711-01Z-00-DX1.6839921f-ec08-4e94-8bf9-4b5a4fcdda45,virchow,Virchow,10x,2p5x,10×–2.5×,23048,0.6052582263946533
KIRC,TCGA-B2-5633-01Z-00-DX1.c55a29ca-468e-46de-9ff5-a51f46fe09fd,virchow,Virchow,40x,10x,40×–10×,3974,0.6374924778938293
KIRC,TCGA-B2-5633-01Z-00-DX1.c55a29ca-468e-46de-9ff5-a51f46fe09fd,virchow,Virchow,40x,2p5x,40×–2.5×,3974,0.31705108284950256
KIRC,TCGA-B2-5633-01Z-00-DX1.c55a29ca-468e-46de-9ff5-a51f46fe09fd,virchow,Virchow,10x,2p5x,10×–2.5×,3974,0.46618059277534485
KIRC,TCGA-BP-4991-01Z-00-DX1.71305f5c-ca59-48fa-bb82-4b441c1fffdc,virchow,Virchow,40x,10x,40×–10×,31068,0.8282270431518555
KIRC,TCGA-BP-4991-01Z-00-DX1.71305f5c-ca59-48fa-bb82-4b441c1fffdc,virchow,Virchow,40x,2p5x,40×–2.5×,31068,0.603410005569458
KIRC,TCGA-BP-4991-01Z-00-DX1.71305f5c-ca59-48fa-bb82-4b441c1fffdc,virchow,Virchow,10x,2p5x,10×–2.5×,31068,0.7455915212631226
KIRC,TCGA-BP-5201-01Z-00-DX1.d1a9878e-bb97-48fb-9098-9d9337f06250,virchow,Virchow,40x,10x,40×–10×,12763,0.4758467376232147
KIRC,TCGA-BP-5201-01Z-00-DX1.d1a9878e-bb97-48fb-9098-9d9337f06250,virchow,Virchow,40x,2p5x,40×–2.5×,12763,0.3053451478481293
KIRC,TCGA-BP-5201-01Z-00-DX1.d1a9878e-bb97-48fb-9098-9d9337f06250,virchow,Virchow,10x,2p5x,10×–2.5×,12763,0.5124356150627136
LUAD,TCGA-55-6986-01Z-00-DX1.ae52d41e-3cd6-4d36-b04b-2ea7d29bd8da,virchow,Virchow,40x,10x,40×–10×,5951,0.4309301972389221
LUAD,TCGA-55-6986-01Z-00-DX1.ae52d41e-3cd6-4d36-b04b-2ea7d29bd8da,virchow,Virchow,40x,2p5x,40×–2.5×,5951,0.27952563762664795
LUAD,TCGA-55-6986-01Z-00-DX1.ae52d41e-3cd6-4d36-b04b-2ea7d29bd8da,virchow,Virchow,10x,2p5x,10×–2.5×,5951,0.5001553297042847
LUAD,TCGA-64-5779-01Z-00-DX1.B3268447-DCE0-4927-B5A9-EC4D61E9B17D,virchow,Virchow,40x,10x,40×–10×,15338,0.6952421069145203
LUAD,TCGA-64-5779-01Z-00-DX1.B3268447-DCE0-4927-B5A9-EC4D61E9B17D,virchow,Virchow,40x,2p5x,40×–2.5×,15338,0.15844401717185974
LUAD,TCGA-64-5779-01Z-00-DX1.B3268447-DCE0-4927-B5A9-EC4D61E9B17D,virchow,Virchow,10x,2p5x,10×–2.5×,15338,0.2707061469554901
LUAD,TCGA-78-7158-01Z-00-DX1.74db3dcd-2715-4ce7-8e48-30c8b7946ba0,virchow,Virchow,40x,10x,40×–10×,23198,0.44853878021240234
LUAD,TCGA-78-7158-01Z-00-DX1.74db3dcd-2715-4ce7-8e48-30c8b7946ba0,virchow,Virchow,40x,2p5x,40×–2.5×,23198,0.24238641560077667
LUAD,TCGA-78-7158-01Z-00-DX1.74db3dcd-2715-4ce7-8e48-30c8b7946ba0,virchow,Virchow,10x,2p5x,10×–2.5×,23198,0.3307296335697174
LUAD,TCGA-78-7163-01Z-00-DX1.42880bdf-271d-41dd-aada-e7ec1156ff31,virchow,Virchow,40x,10x,40×–10×,21422,0.5378090143203735
LUAD,TCGA-78-7163-01Z-00-DX1.42880bdf-271d-41dd-aada-e7ec1156ff31,virchow,Virchow,40x,2p5x,40×–2.5×,21422,0.2395848035812378
LUAD,TCGA-78-7163-01Z-00-DX1.42880bdf-271d-41dd-aada-e7ec1156ff31,virchow,Virchow,10x,2p5x,10×–2.5×,21422,0.4133611023426056
LUAD,TCGA-78-7536-01Z-00-DX1.6b066140-8b82-40a5-bd48-430eeb4463fe,virchow,Virchow,40x,10x,40×–10×,32971,0.33000510931015015
LUAD,TCGA-78-7536-01Z-00-DX1.6b066140-8b82-40a5-bd48-430eeb4463fe,virchow,Virchow,40x,2p5x,40×–2.5×,32971,0.13949429988861084
LUAD,TCGA-78-7536-01Z-00-DX1.6b066140-8b82-40a5-bd48-430eeb4463fe,virchow,Virchow,10x,2p5x,10×–2.5×,32971,0.22499041259288788
LUAD,TCGA-86-8668-01Z-00-DX1.d720d486-02c7-4f98-8feb-e0e50a12c158,virchow,Virchow,40x,10x,40×–10×,14624,0.5911307334899902
LUAD,TCGA-86-8668-01Z-00-DX1.d720d486-02c7-4f98-8feb-e0e50a12c158,virchow,Virchow,40x,2p5x,40×–2.5×,14624,0.48555728793144226
LUAD,TCGA-86-8668-01Z-00-DX1.d720d486-02c7-4f98-8feb-e0e50a12c158,virchow,Virchow,10x,2p5x,10×–2.5×,14624,0.5425921082496643
LUAD,TCGA-97-A4LX-01Z-00-DX1.B2334672-A626-4E74-B4D1-A79F70F65909,virchow,Virchow,40x,10x,40×–10×,19346,0.5265809297561646
LUAD,TCGA-97-A4LX-01Z-00-DX1.B2334672-A626-4E74-B4D1-A79F70F65909,virchow,Virchow,40x,2p5x,40×–2.5×,19346,0.30785396695137024
LUAD,TCGA-97-A4LX-01Z-00-DX1.B2334672-A626-4E74-B4D1-A79F70F65909,virchow,Virchow,10x,2p5x,10×–2.5×,19346,0.5221892595291138
LUAD,TCGA-97-A4M2-01Z-00-DX1.5C72522C-1538-4D68-B517-5FB05A9D401A,virchow,Virchow,40x,10x,40×–10×,8962,0.5656677484512329
LUAD,TCGA-97-A4M2-01Z-00-DX1.5C72522C-1538-4D68-B517-5FB05A9D401A,virchow,Virchow,40x,2p5x,40×–2.5×,8962,0.5470014810562134
LUAD,TCGA-97-A4M2-01Z-00-DX1.5C72522C-1538-4D68-B517-5FB05A9D401A,virchow,Virchow,10x,2p5x,10×–2.5×,8962,0.525801420211792
LUAD,TCGA-J2-A4AE-01Z-00-DX1.42C5DE4A-7787-4E59-8969-D12503262C96,virchow,Virchow,40x,10x,40×–10×,14491,0.6039469838142395
LUAD,TCGA-J2-A4AE-01Z-00-DX1.42C5DE4A-7787-4E59-8969-D12503262C96,virchow,Virchow,40x,2p5x,40×–2.5×,14491,0.3864172101020813
LUAD,TCGA-J2-A4AE-01Z-00-DX1.42C5DE4A-7787-4E59-8969-D12503262C96,virchow,Virchow,10x,2p5x,10×–2.5×,14491,0.6169924139976501
STAD,TCGA-BR-6452-01Z-00-DX1.aec8246e-9dce-436d-9faa-df8fa1f6e47c,virchow,Virchow,40x,10x,40×–10×,15303,0.4566391706466675
STAD,TCGA-BR-6452-01Z-00-DX1.aec8246e-9dce-436d-9faa-df8fa1f6e47c,virchow,Virchow,40x,2p5x,40×–2.5×,15303,0.37970519065856934
STAD,TCGA-BR-6452-01Z-00-DX1.aec8246e-9dce-436d-9faa-df8fa1f6e47c,virchow,Virchow,10x,2p5x,10×–2.5×,15303,0.4434394836425781
STAD,TCGA-BR-6454-01Z-00-DX1.63fb6280-2b43-49b2-960a-eb9c0e8b617c,virchow,Virchow,40x,10x,40×–10×,15740,0.29044315218925476
STAD,TCGA-BR-6454-01Z-00-DX1.63fb6280-2b43-49b2-960a-eb9c0e8b617c,virchow,Virchow,40x,2p5x,40×–2.5×,15740,0.12548133730888367
STAD,TCGA-BR-6454-01Z-00-DX1.63fb6280-2b43-49b2-960a-eb9c0e8b617c,virchow,Virchow,10x,2p5x,10×–2.5×,15740,0.24603554606437683
STAD,TCGA-BR-A4CQ-01Z-00-DX1.B63282A5-154D-441B-BF96-5BB26CB6D95E,virchow,Virchow,40x,10x,40×–10×,13809,0.7799305319786072
STAD,TCGA-BR-A4CQ-01Z-00-DX1.B63282A5-154D-441B-BF96-5BB26CB6D95E,virchow,Virchow,40x,2p5x,40×–2.5×,13809,0.4753884971141815
STAD,TCGA-BR-A4CQ-01Z-00-DX1.B63282A5-154D-441B-BF96-5BB26CB6D95E,virchow,Virchow,10x,2p5x,10×–2.5×,13809,0.5955327749252319
STAD,TCGA-CD-A487-01Z-00-DX1.A026BD2F-B721-4340-83D5-7AA39227C90F,virchow,Virchow,40x,10x,40×–10×,20251,0.7181103825569153
STAD,TCGA-CD-A487-01Z-00-DX1.A026BD2F-B721-4340-83D5-7AA39227C90F,virchow,Virchow,40x,2p5x,40×–2.5×,20251,0.4398770332336426
STAD,TCGA-CD-A487-01Z-00-DX1.A026BD2F-B721-4340-83D5-7AA39227C90F,virchow,Virchow,10x,2p5x,10×–2.5×,20251,0.5292208194732666
STAD,TCGA-FP-8209-01Z-00-DX1.a5e13081-1631-44d4-8d6a-c229a22c2311,virchow,Virchow,40x,10x,40×–10×,3901,0.564664363861084
STAD,TCGA-FP-8209-01Z-00-DX1.a5e13081-1631-44d4-8d6a-c229a22c2311,virchow,Virchow,40x,2p5x,40×–2.5×,3901,0.44956010580062866
STAD,TCGA-FP-8209-01Z-00-DX1.a5e13081-1631-44d4-8d6a-c229a22c2311,virchow,Virchow,10x,2p5x,10×–2.5×,3901,0.5233460664749146
STAD,TCGA-SW-A7EA-01Z-00-DX1.C5E1BE0E-0A25-4480-A3AC-DB2ED7471A4E,virchow,Virchow,40x,10x,40×–10×,6449,0.8593838810920715
STAD,TCGA-SW-A7EA-01Z-00-DX1.C5E1BE0E-0A25-4480-A3AC-DB2ED7471A4E,virchow,Virchow,40x,2p5x,40×–2.5×,6449,0.8455231189727783
STAD,TCGA-SW-A7EA-01Z-00-DX1.C5E1BE0E-0A25-4480-A3AC-DB2ED7471A4E,virchow,Virchow,10x,2p5x,10×–2.5×,6449,0.8405894637107849
STAD,TCGA-VQ-A8PY-01Z-00-DX1.EA2C7386-012A-442A-95B3-FFA12BD2684D,virchow,Virchow,40x,10x,40×–10×,22399,0.8330291509628296
STAD,TCGA-VQ-A8PY-01Z-00-DX1.EA2C7386-012A-442A-95B3-FFA12BD2684D,virchow,Virchow,40x,2p5x,40×–2.5×,22399,0.5722084641456604
STAD,TCGA-VQ-A8PY-01Z-00-DX1.EA2C7386-012A-442A-95B3-FFA12BD2684D,virchow,Virchow,10x,2p5x,10×–2.5×,22399,0.656830906867981
STAD,TCGA-VQ-A924-01Z-00-DX1.736B41F3-9678-4FAF-AE86-FCAC4F6DCBD3,virchow,Virchow,40x,10x,40×–10×,12960,0.749858558177948
STAD,TCGA-VQ-A924-01Z-00-DX1.736B41F3-9678-4FAF-AE86-FCAC4F6DCBD3,virchow,Virchow,40x,2p5x,40×–2.5×,12960,0.34806162118911743
STAD,TCGA-VQ-A924-01Z-00-DX1.736B41F3-9678-4FAF-AE86-FCAC4F6DCBD3,virchow,Virchow,10x,2p5x,10×–2.5×,12960,0.4383915960788727
STAD,TCGA-ZQ-A9CR-01Z-00-DX1.C9AC9991-7054-4068-A7AA-9D1EB7F040A3,virchow,Virchow,40x,10x,40×–10×,31585,0.9595006704330444
STAD,TCGA-ZQ-A9CR-01Z-00-DX1.C9AC9991-7054-4068-A7AA-9D1EB7F040A3,virchow,Virchow,40x,2p5x,40×–2.5×,31585,0.7298874855041504
STAD,TCGA-ZQ-A9CR-01Z-00-DX1.C9AC9991-7054-4068-A7AA-9D1EB7F040A3,virchow,Virchow,10x,2p5x,10×–2.5×,31585,0.7638335824012756
UCEC,TCGA-A5-A0GX-01Z-00-DX1.7E713D1A-5858-4648-957D-77189E43CFAA,virchow,Virchow,40x,10x,40×–10×,26039,0.7813384532928467
UCEC,TCGA-A5-A0GX-01Z-00-DX1.7E713D1A-5858-4648-957D-77189E43CFAA,virchow,Virchow,40x,2p5x,40×–2.5×,26039,0.5611690878868103
UCEC,TCGA-A5-A0GX-01Z-00-DX1.7E713D1A-5858-4648-957D-77189E43CFAA,virchow,Virchow,10x,2p5x,10×–2.5×,26039,0.6495158672332764
UCEC,TCGA-A5-A0R7-01Z-00-DX1.D21E6974-22A3-4A68-8B4E-14E84A7A50A5,virchow,Virchow,40x,10x,40×–10×,45564,0.7237043976783752
UCEC,TCGA-A5-A0R7-01Z-00-DX1.D21E6974-22A3-4A68-8B4E-14E84A7A50A5,virchow,Virchow,40x,2p5x,40×–2.5×,45564,0.5801534056663513
UCEC,TCGA-A5-A0R7-01Z-00-DX1.D21E6974-22A3-4A68-8B4E-14E84A7A50A5,virchow,Virchow,10x,2p5x,10×–2.5×,45564,0.6062132120132446
UCEC,TCGA-AX-A05U-01Z-00-DX1.1EBFC727-B5D5-4543-BBA9-4254ABD3D584,virchow,Virchow,40x,10x,40×–10×,42082,0.7089929580688477
UCEC,TCGA-AX-A05U-01Z-00-DX1.1EBFC727-B5D5-4543-BBA9-4254ABD3D584,virchow,Virchow,40x,2p5x,40×–2.5×,42082,0.611168384552002
UCEC,TCGA-AX-A05U-01Z-00-DX1.1EBFC727-B5D5-4543-BBA9-4254ABD3D584,virchow,Virchow,10x,2p5x,10×–2.5×,42082,0.6911133527755737
UCEC,TCGA-AX-A06B-01Z-00-DX2.1757C039-99F7-4087-A9E5-D340AF7220D4,virchow,Virchow,40x,10x,40×–10×,10560,0.793562650680542
UCEC,TCGA-AX-A06B-01Z-00-DX2.1757C039-99F7-4087-A9E5-D340AF7220D4,virchow,Virchow,40x,2p5x,40×–2.5×,10560,0.29637160897254944
UCEC,TCGA-AX-A06B-01Z-00-DX2.1757C039-99F7-4087-A9E5-D340AF7220D4,virchow,Virchow,10x,2p5x,10×–2.5×,10560,0.3552758991718292
UCEC,TCGA-AX-A0J0-01Z-00-DX2.56C668BE-03B8-4B87-A226-AABD97D53C38,virchow,Virchow,40x,10x,40×–10×,34978,0.8845078945159912
UCEC,TCGA-AX-A0J0-01Z-00-DX2.56C668BE-03B8-4B87-A226-AABD97D53C38,virchow,Virchow,40x,2p5x,40×–2.5×,34978,0.6284023523330688
UCEC,TCGA-AX-A0J0-01Z-00-DX2.56C668BE-03B8-4B87-A226-AABD97D53C38,virchow,Virchow,10x,2p5x,10×–2.5×,34978,0.6892154216766357
UCEC,TCGA-B5-A11F-01Z-00-DX1.3F1C053D-E81E-4C8D-965D-6F3DE29D9511,virchow,Virchow,40x,10x,40×–10×,22717,0.7692545652389526
UCEC,TCGA-B5-A11F-01Z-00-DX1.3F1C053D-E81E-4C8D-965D-6F3DE29D9511,virchow,Virchow,40x,2p5x,40×–2.5×,22717,0.5950846672058105
UCEC,TCGA-B5-A11F-01Z-00-DX1.3F1C053D-E81E-4C8D-965D-6F3DE29D9511,virchow,Virchow,10x,2p5x,10×–2.5×,22717,0.7028632164001465
UCEC,TCGA-BG-A0W1-01Z-00-DX1.8E06269C-1278-478B-A128-59FA911B1649,virchow,Virchow,40x,10x,40×–10×,26648,0.880596935749054
UCEC,TCGA-BG-A0W1-01Z-00-DX1.8E06269C-1278-478B-A128-59FA911B1649,virchow,Virchow,40x,2p5x,40×–2.5×,26648,0.5613914728164673
UCEC,TCGA-BG-A0W1-01Z-00-DX1.8E06269C-1278-478B-A128-59FA911B1649,virchow,Virchow,10x,2p5x,10×–2.5×,26648,0.5631773471832275
UCEC,TCGA-EY-A1GQ-01Z-00-DX1.03D52C6F-515E-4A4F-A08E-31D773BCC67F,virchow,Virchow,40x,10x,40×–10×,20550,0.5277900099754333
UCEC,TCGA-EY-A1GQ-01Z-00-DX1.03D52C6F-515E-4A4F-A08E-31D773BCC67F,virchow,Virchow,40x,2p5x,40×–2.5×,20550,0.15532740950584412
UCEC,TCGA-EY-A1GQ-01Z-00-DX1.03D52C6F-515E-4A4F-A08E-31D773BCC67F,virchow,Virchow,10x,2p5x,10×–2.5×,20550,0.32278159260749817
UCEC,TCGA-FI-A2EX-01Z-00-DX1.127F5153-745D-43E6-83CA-DE2738702C62,virchow,Virchow,40x,10x,40×–10×,21945,0.7112647891044617
UCEC,TCGA-FI-A2EX-01Z-00-DX1.127F5153-745D-43E6-83CA-DE2738702C62,virchow,Virchow,40x,2p5x,40×–2.5×,21945,0.4986302852630615
UCEC,TCGA-FI-A2EX-01Z-00-DX1.127F5153-745D-43E6-83CA-DE2738702C62,virchow,Virchow,10x,2p5x,10×–2.5×,21945,0.5228532552719116
BLCA,TCGA-CF-A3MF-01Z-00-DX1.91768C26-5BB1-4DE6-9737-AA26BD687A75,virchow2,Virchow2,40x,10x,40×–10×,26138,0.47913384437561035
BLCA,TCGA-CF-A3MF-01Z-00-DX1.91768C26-5BB1-4DE6-9737-AA26BD687A75,virchow2,Virchow2,40x,2p5x,40×–2.5×,26138,0.3676212728023529
BLCA,TCGA-CF-A3MF-01Z-00-DX1.91768C26-5BB1-4DE6-9737-AA26BD687A75,virchow2,Virchow2,10x,2p5x,10×–2.5×,26138,0.4240017235279083
BLCA,TCGA-CU-A0YN-01Z-00-DX1.6C5EAAAF-8F14-49D3-8FFC-9BDAE56CAFD0,virchow2,Virchow2,40x,10x,40×–10×,2880,0.3238448202610016
BLCA,TCGA-CU-A0YN-01Z-00-DX1.6C5EAAAF-8F14-49D3-8FFC-9BDAE56CAFD0,virchow2,Virchow2,40x,2p5x,40×–2.5×,2880,0.10739152133464813
BLCA,TCGA-CU-A0YN-01Z-00-DX1.6C5EAAAF-8F14-49D3-8FFC-9BDAE56CAFD0,virchow2,Virchow2,10x,2p5x,10×–2.5×,2880,0.29510000348091125
BLCA,TCGA-DK-A6AW-01Z-00-DX1.C2453A8C-8282-443C-9E76-5B6CAD2FE69B,virchow2,Virchow2,40x,10x,40×–10×,15233,0.5763185620307922
BLCA,TCGA-DK-A6AW-01Z-00-DX1.C2453A8C-8282-443C-9E76-5B6CAD2FE69B,virchow2,Virchow2,40x,2p5x,40×–2.5×,15233,0.4427132308483124
BLCA,TCGA-DK-A6AW-01Z-00-DX1.C2453A8C-8282-443C-9E76-5B6CAD2FE69B,virchow2,Virchow2,10x,2p5x,10×–2.5×,15233,0.5167720317840576
BLCA,TCGA-DK-AA6L-01A-01-TSA.5794F0C6-9ED6-489A-9621-18CCC5935548,virchow2,Virchow2,40x,10x,40×–10×,7165,0.3617679476737976
BLCA,TCGA-DK-AA6L-01A-01-TSA.5794F0C6-9ED6-489A-9621-18CCC5935548,virchow2,Virchow2,40x,2p5x,40×–2.5×,7165,0.15308469533920288
BLCA,TCGA-DK-AA6L-01A-01-TSA.5794F0C6-9ED6-489A-9621-18CCC5935548,virchow2,Virchow2,10x,2p5x,10×–2.5×,7165,0.29251915216445923
BLCA,TCGA-DK-AA77-01A-01-TSA.26CAF5CB-CC4F-4522-BD2B-343FB70205FE,virchow2,Virchow2,40x,10x,40×–10×,3872,0.21464453637599945
BLCA,TCGA-DK-AA77-01A-01-TSA.26CAF5CB-CC4F-4522-BD2B-343FB70205FE,virchow2,Virchow2,40x,2p5x,40×–2.5×,3872,0.07322438061237335
BLCA,TCGA-DK-AA77-01A-01-TSA.26CAF5CB-CC4F-4522-BD2B-343FB70205FE,virchow2,Virchow2,10x,2p5x,10×–2.5×,3872,0.09972260892391205
BLCA,TCGA-FD-A6TK-01Z-00-DX1.B685DA87-72A6-4C38-8AA1-40B6E543383C,virchow2,Virchow2,40x,10x,40×–10×,19445,0.37698185443878174
BLCA,TCGA-FD-A6TK-01Z-00-DX1.B685DA87-72A6-4C38-8AA1-40B6E543383C,virchow2,Virchow2,40x,2p5x,40×–2.5×,19445,0.2549130916595459
BLCA,TCGA-FD-A6TK-01Z-00-DX1.B685DA87-72A6-4C38-8AA1-40B6E543383C,virchow2,Virchow2,10x,2p5x,10×–2.5×,19445,0.4216764569282532
BLCA,TCGA-GU-AATP-01Z-00-DX1.0D8EC37C-88E7-49D5-A76D-F0A4A3FD8AE4,virchow2,Virchow2,40x,10x,40×–10×,22018,0.3944799304008484
BLCA,TCGA-GU-AATP-01Z-00-DX1.0D8EC37C-88E7-49D5-A76D-F0A4A3FD8AE4,virchow2,Virchow2,40x,2p5x,40×–2.5×,22018,0.28719449043273926
BLCA,TCGA-GU-AATP-01Z-00-DX1.0D8EC37C-88E7-49D5-A76D-F0A4A3FD8AE4,virchow2,Virchow2,10x,2p5x,10×–2.5×,22018,0.41235485672950745
BLCA,TCGA-XF-A8HB-01Z-00-DX1.D6874152-D20A-4CA4-8E8B-8CBAB5F7D7B5,virchow2,Virchow2,40x,10x,40×–10×,14662,0.32132700085639954
BLCA,TCGA-XF-A8HB-01Z-00-DX1.D6874152-D20A-4CA4-8E8B-8CBAB5F7D7B5,virchow2,Virchow2,40x,2p5x,40×–2.5×,14662,0.15554547309875488
BLCA,TCGA-XF-A8HB-01Z-00-DX1.D6874152-D20A-4CA4-8E8B-8CBAB5F7D7B5,virchow2,Virchow2,10x,2p5x,10×–2.5×,14662,0.3074144124984741
BLCA,TCGA-ZF-A9R1-01Z-00-DX1.74520759-D448-45B5-B8AD-45502C99A519,virchow2,Virchow2,40x,10x,40×–10×,16065,0.309249609708786
BLCA,TCGA-ZF-A9R1-01Z-00-DX1.74520759-D448-45B5-B8AD-45502C99A519,virchow2,Virchow2,40x,2p5x,40×–2.5×,16065,0.2222909778356552
BLCA,TCGA-ZF-A9R1-01Z-00-DX1.74520759-D448-45B5-B8AD-45502C99A519,virchow2,Virchow2,10x,2p5x,10×–2.5×,16065,0.4008265733718872
BLCA,TCGA-ZF-AA51-01Z-00-DX1.128C9731-C206-4E71-9A64-864FA9FD7E96,virchow2,Virchow2,40x,10x,40×–10×,22108,0.5333211421966553
BLCA,TCGA-ZF-AA51-01Z-00-DX1.128C9731-C206-4E71-9A64-864FA9FD7E96,virchow2,Virchow2,40x,2p5x,40×–2.5×,22108,0.33307626843452454
BLCA,TCGA-ZF-AA51-01Z-00-DX1.128C9731-C206-4E71-9A64-864FA9FD7E96,virchow2,Virchow2,10x,2p5x,10×–2.5×,22108,0.45953744649887085
BRCA,TCGA-A7-A2KD-01Z-00-DX1.BFF2DFC8-1D95-4DC2-98FC-5BD7D7C6CDF5,virchow2,Virchow2,40x,10x,40×–10×,13242,0.38829973340034485
BRCA,TCGA-A7-A2KD-01Z-00-DX1.BFF2DFC8-1D95-4DC2-98FC-5BD7D7C6CDF5,virchow2,Virchow2,40x,2p5x,40×–2.5×,13242,0.1946667730808258
BRCA,TCGA-A7-A2KD-01Z-00-DX1.BFF2DFC8-1D95-4DC2-98FC-5BD7D7C6CDF5,virchow2,Virchow2,10x,2p5x,10×–2.5×,13242,0.526218593120575
BRCA,TCGA-AN-A0G0-01Z-00-DX1.BE0BB5DF-DEDA-48D8-B5D8-2735C767F28F,virchow2,Virchow2,40x,10x,40×–10×,4987,0.4781549274921417
BRCA,TCGA-AN-A0G0-01Z-00-DX1.BE0BB5DF-DEDA-48D8-B5D8-2735C767F28F,virchow2,Virchow2,40x,2p5x,40×–2.5×,4987,0.2734231948852539
BRCA,TCGA-AN-A0G0-01Z-00-DX1.BE0BB5DF-DEDA-48D8-B5D8-2735C767F28F,virchow2,Virchow2,10x,2p5x,10×–2.5×,4987,0.5308329463005066
BRCA,TCGA-AQ-A04L-01Z-00-DX1.F35BF4DD-896A-43C2-8DA6-C67945C003BE,virchow2,Virchow2,40x,10x,40×–10×,6966,0.5007050633430481
BRCA,TCGA-AQ-A04L-01Z-00-DX1.F35BF4DD-896A-43C2-8DA6-C67945C003BE,virchow2,Virchow2,40x,2p5x,40×–2.5×,6966,0.26733627915382385
BRCA,TCGA-AQ-A04L-01Z-00-DX1.F35BF4DD-896A-43C2-8DA6-C67945C003BE,virchow2,Virchow2,10x,2p5x,10×–2.5×,6966,0.45081627368927
BRCA,TCGA-AR-A2LK-01Z-00-DX1.FBD59C38-CD4E-4C22-BC74-A57C192A9BBC,virchow2,Virchow2,40x,10x,40×–10×,11925,0.4641878306865692
BRCA,TCGA-AR-A2LK-01Z-00-DX1.FBD59C38-CD4E-4C22-BC74-A57C192A9BBC,virchow2,Virchow2,40x,2p5x,40×–2.5×,11925,0.23133982717990875
BRCA,TCGA-AR-A2LK-01Z-00-DX1.FBD59C38-CD4E-4C22-BC74-A57C192A9BBC,virchow2,Virchow2,10x,2p5x,10×–2.5×,11925,0.42148447036743164
BRCA,TCGA-AR-A5QM-01Z-00-DX1.A9017CED-FF57-4090-95B9-94DC91854347,virchow2,Virchow2,40x,10x,40×–10×,13639,0.35296952724456787
BRCA,TCGA-AR-A5QM-01Z-00-DX1.A9017CED-FF57-4090-95B9-94DC91854347,virchow2,Virchow2,40x,2p5x,40×–2.5×,13639,0.20839190483093262
BRCA,TCGA-AR-A5QM-01Z-00-DX1.A9017CED-FF57-4090-95B9-94DC91854347,virchow2,Virchow2,10x,2p5x,10×–2.5×,13639,0.5223168730735779
BRCA,TCGA-BH-A0C1-01Z-00-DX1.21FE357E-B182-4397-BFEF-7E96E994236A,virchow2,Virchow2,40x,10x,40×–10×,14097,0.4942699670791626
BRCA,TCGA-BH-A0C1-01Z-00-DX1.21FE357E-B182-4397-BFEF-7E96E994236A,virchow2,Virchow2,40x,2p5x,40×–2.5×,14097,0.4149152934551239
BRCA,TCGA-BH-A0C1-01Z-00-DX1.21FE357E-B182-4397-BFEF-7E96E994236A,virchow2,Virchow2,10x,2p5x,10×–2.5×,14097,0.4951157569885254
BRCA,TCGA-D8-A1X8-01Z-00-DX1.DDA3866E-C7CC-4650-BE2B-5C9A98A2D531,virchow2,Virchow2,40x,10x,40×–10×,13628,0.4383983314037323
BRCA,TCGA-D8-A1X8-01Z-00-DX1.DDA3866E-C7CC-4650-BE2B-5C9A98A2D531,virchow2,Virchow2,40x,2p5x,40×–2.5×,13628,0.2763255536556244
BRCA,TCGA-D8-A1X8-01Z-00-DX1.DDA3866E-C7CC-4650-BE2B-5C9A98A2D531,virchow2,Virchow2,10x,2p5x,10×–2.5×,13628,0.41085779666900635
BRCA,TCGA-E2-A14P-01Z-00-DX1.663B02FF-C64B-41A6-8685-FD61CD76F9C6,virchow2,Virchow2,40x,10x,40×–10×,17521,0.44262534379959106
BRCA,TCGA-E2-A14P-01Z-00-DX1.663B02FF-C64B-41A6-8685-FD61CD76F9C6,virchow2,Virchow2,40x,2p5x,40×–2.5×,17521,0.344940185546875
BRCA,TCGA-E2-A14P-01Z-00-DX1.663B02FF-C64B-41A6-8685-FD61CD76F9C6,virchow2,Virchow2,10x,2p5x,10×–2.5×,17521,0.601190984249115
BRCA,TCGA-E2-A1LA-01Z-00-DX1.AE49E943-B830-4ED9-B09E-E499441BC2EC,virchow2,Virchow2,40x,10x,40×–10×,16576,0.4942481517791748
BRCA,TCGA-E2-A1LA-01Z-00-DX1.AE49E943-B830-4ED9-B09E-E499441BC2EC,virchow2,Virchow2,40x,2p5x,40×–2.5×,16576,0.4030703902244568
BRCA,TCGA-E2-A1LA-01Z-00-DX1.AE49E943-B830-4ED9-B09E-E499441BC2EC,virchow2,Virchow2,10x,2p5x,10×–2.5×,16576,0.5470449328422546
BRCA,TCGA-GM-A3XN-01Z-00-DX1.49F5C8AC-0328-4BC2-9FE2-E7150B7A42E2,virchow2,Virchow2,40x,10x,40×–10×,18199,0.42820847034454346
BRCA,TCGA-GM-A3XN-01Z-00-DX1.49F5C8AC-0328-4BC2-9FE2-E7150B7A42E2,virchow2,Virchow2,40x,2p5x,40×–2.5×,18199,0.34682148694992065
BRCA,TCGA-GM-A3XN-01Z-00-DX1.49F5C8AC-0328-4BC2-9FE2-E7150B7A42E2,virchow2,Virchow2,10x,2p5x,10×–2.5×,18199,0.6474513411521912
COAD,TCGA-AY-A8YK-01Z-00-DX1.89E3C546-0425-449B-A6FB-1C35168EA7EB,virchow2,Virchow2,40x,10x,40×–10×,8285,0.41965338587760925
COAD,TCGA-AY-A8YK-01Z-00-DX1.89E3C546-0425-449B-A6FB-1C35168EA7EB,virchow2,Virchow2,40x,2p5x,40×–2.5×,8285,0.36204954981803894
COAD,TCGA-AY-A8YK-01Z-00-DX1.89E3C546-0425-449B-A6FB-1C35168EA7EB,virchow2,Virchow2,10x,2p5x,10×–2.5×,8285,0.7408732771873474
COAD,TCGA-CK-4947-01Z-00-DX1.b257d5fd-b97b-4987-b088-77f044ca7fe2,virchow2,Virchow2,40x,10x,40×–10×,23336,0.4291124939918518
COAD,TCGA-CK-4947-01Z-00-DX1.b257d5fd-b97b-4987-b088-77f044ca7fe2,virchow2,Virchow2,40x,2p5x,40×–2.5×,23336,0.25457844138145447
COAD,TCGA-CK-4947-01Z-00-DX1.b257d5fd-b97b-4987-b088-77f044ca7fe2,virchow2,Virchow2,10x,2p5x,10×–2.5×,23336,0.43322134017944336
COAD,TCGA-CM-6168-01Z-00-DX1.96af6eb2-9d51-4671-baf8-1a73d0c66869,virchow2,Virchow2,40x,10x,40×–10×,24102,0.44381001591682434
COAD,TCGA-CM-6168-01Z-00-DX1.96af6eb2-9d51-4671-baf8-1a73d0c66869,virchow2,Virchow2,40x,2p5x,40×–2.5×,24102,0.2818969786167145
COAD,TCGA-CM-6168-01Z-00-DX1.96af6eb2-9d51-4671-baf8-1a73d0c66869,virchow2,Virchow2,10x,2p5x,10×–2.5×,24102,0.4727526903152466
COAD,TCGA-CM-6169-01Z-00-DX1.0381c243-02b8-4f1d-840c-19ef44d4b92c,virchow2,Virchow2,40x,10x,40×–10×,18522,0.4580860733985901
COAD,TCGA-CM-6169-01Z-00-DX1.0381c243-02b8-4f1d-840c-19ef44d4b92c,virchow2,Virchow2,40x,2p5x,40×–2.5×,18522,0.3199201822280884
COAD,TCGA-CM-6169-01Z-00-DX1.0381c243-02b8-4f1d-840c-19ef44d4b92c,virchow2,Virchow2,10x,2p5x,10×–2.5×,18522,0.5216944813728333
COAD,TCGA-G4-6309-01Z-00-DX1.3eb20fdc-eb86-4bd5-8194-76b02d4fa472,virchow2,Virchow2,40x,10x,40×–10×,17070,0.48367631435394287
COAD,TCGA-G4-6309-01Z-00-DX1.3eb20fdc-eb86-4bd5-8194-76b02d4fa472,virchow2,Virchow2,40x,2p5x,40×–2.5×,17070,0.3390005826950073
COAD,TCGA-G4-6309-01Z-00-DX1.3eb20fdc-eb86-4bd5-8194-76b02d4fa472,virchow2,Virchow2,10x,2p5x,10×–2.5×,17070,0.5447866320610046
COAD,TCGA-G4-6310-01Z-00-DX1.b88472d4-3adc-4e4d-b0f2-0dc195a3d7df,virchow2,Virchow2,40x,10x,40×–10×,16917,0.4899027347564697
COAD,TCGA-G4-6310-01Z-00-DX1.b88472d4-3adc-4e4d-b0f2-0dc195a3d7df,virchow2,Virchow2,40x,2p5x,40×–2.5×,16917,0.36959466338157654
COAD,TCGA-G4-6310-01Z-00-DX1.b88472d4-3adc-4e4d-b0f2-0dc195a3d7df,virchow2,Virchow2,10x,2p5x,10×–2.5×,16917,0.5155872106552124
COAD,TCGA-G4-6588-01Z-00-DX1.0747172e-f630-4b7c-9341-55078585ae00,virchow2,Virchow2,40x,10x,40×–10×,20553,0.5016023516654968
COAD,TCGA-G4-6588-01Z-00-DX1.0747172e-f630-4b7c-9341-55078585ae00,virchow2,Virchow2,40x,2p5x,40×–2.5×,20553,0.37588396668434143
COAD,TCGA-G4-6588-01Z-00-DX1.0747172e-f630-4b7c-9341-55078585ae00,virchow2,Virchow2,10x,2p5x,10×–2.5×,20553,0.6492033004760742
HNSC,TCGA-BA-6871-01Z-00-DX1.4d9ca329-f8d5-4c31-a20f-9d4fba728326,virchow2,Virchow2,40x,10x,40×–10×,14718,0.41557449102401733
HNSC,TCGA-BA-6871-01Z-00-DX1.4d9ca329-f8d5-4c31-a20f-9d4fba728326,virchow2,Virchow2,40x,2p5x,40×–2.5×,14718,0.1939966082572937
HNSC,TCGA-BA-6871-01Z-00-DX1.4d9ca329-f8d5-4c31-a20f-9d4fba728326,virchow2,Virchow2,10x,2p5x,10×–2.5×,14718,0.38902559876441956
HNSC,TCGA-BA-6872-01Z-00-DX1.F99F6394-D319-4599-B124-D2A6692FA096,virchow2,Virchow2,40x,10x,40×–10×,7720,0.46725860238075256
HNSC,TCGA-BA-6872-01Z-00-DX1.F99F6394-D319-4599-B124-D2A6692FA096,virchow2,Virchow2,40x,2p5x,40×–2.5×,7720,0.3336804509162903
HNSC,TCGA-BA-6872-01Z-00-DX1.F99F6394-D319-4599-B124-D2A6692FA096,virchow2,Virchow2,10x,2p5x,10×–2.5×,7720,0.5694085359573364
HNSC,TCGA-CN-A6V7-01A-01-TS1.F54912D3-1E21-4605-ACFC-142973524AE2,virchow2,Virchow2,40x,10x,40×–10×,2536,0.2601076364517212
HNSC,TCGA-CN-A6V7-01A-01-TS1.F54912D3-1E21-4605-ACFC-142973524AE2,virchow2,Virchow2,40x,2p5x,40×–2.5×,2536,0.07837466150522232
HNSC,TCGA-CN-A6V7-01A-01-TS1.F54912D3-1E21-4605-ACFC-142973524AE2,virchow2,Virchow2,10x,2p5x,10×–2.5×,2536,0.17219704389572144
HNSC,TCGA-CV-6935-01Z-00-DX1.9C449CB2-FB6D-41D1-A4A6-3069DC84A697,virchow2,Virchow2,40x,10x,40×–10×,12224,0.4094196856021881
HNSC,TCGA-CV-6935-01Z-00-DX1.9C449CB2-FB6D-41D1-A4A6-3069DC84A697,virchow2,Virchow2,40x,2p5x,40×–2.5×,12224,0.32922422885894775
HNSC,TCGA-CV-6935-01Z-00-DX1.9C449CB2-FB6D-41D1-A4A6-3069DC84A697,virchow2,Virchow2,10x,2p5x,10×–2.5×,12224,0.5179137587547302
HNSC,TCGA-CV-A45O-01Z-00-DX1.8CBD0CCC-C815-475D-87F9-76272F4F715B,virchow2,Virchow2,40x,10x,40×–10×,14844,0.484891414642334
HNSC,TCGA-CV-A45O-01Z-00-DX1.8CBD0CCC-C815-475D-87F9-76272F4F715B,virchow2,Virchow2,40x,2p5x,40×–2.5×,14844,0.24991409480571747
HNSC,TCGA-CV-A45O-01Z-00-DX1.8CBD0CCC-C815-475D-87F9-76272F4F715B,virchow2,Virchow2,10x,2p5x,10×–2.5×,14844,0.4046362638473511
HNSC,TCGA-CV-A6JE-01Z-00-DX1.20137D17-19B3-49FF-9C3D-60933157E409,virchow2,Virchow2,40x,10x,40×–10×,26402,0.4096094071865082
HNSC,TCGA-CV-A6JE-01Z-00-DX1.20137D17-19B3-49FF-9C3D-60933157E409,virchow2,Virchow2,40x,2p5x,40×–2.5×,26402,0.2782221734523773
HNSC,TCGA-CV-A6JE-01Z-00-DX1.20137D17-19B3-49FF-9C3D-60933157E409,virchow2,Virchow2,10x,2p5x,10×–2.5×,26402,0.45854490995407104
HNSC,TCGA-CV-A6JU-01Z-00-DX1.35A3A1F0-9D6C-4794-B501-E56E48C51DF9,virchow2,Virchow2,40x,10x,40×–10×,21938,0.3707115352153778
HNSC,TCGA-CV-A6JU-01Z-00-DX1.35A3A1F0-9D6C-4794-B501-E56E48C51DF9,virchow2,Virchow2,40x,2p5x,40×–2.5×,21938,0.2542535364627838
HNSC,TCGA-CV-A6JU-01Z-00-DX1.35A3A1F0-9D6C-4794-B501-E56E48C51DF9,virchow2,Virchow2,10x,2p5x,10×–2.5×,21938,0.42141684889793396
HNSC,TCGA-UF-A719-01Z-00-DX1.4C4ECC2C-C390-4C5E-A709-CF08C113F1A1,virchow2,Virchow2,40x,10x,40×–10×,21546,0.44584640860557556
HNSC,TCGA-UF-A719-01Z-00-DX1.4C4ECC2C-C390-4C5E-A709-CF08C113F1A1,virchow2,Virchow2,40x,2p5x,40×–2.5×,21546,0.3585759103298187
HNSC,TCGA-UF-A719-01Z-00-DX1.4C4ECC2C-C390-4C5E-A709-CF08C113F1A1,virchow2,Virchow2,10x,2p5x,10×–2.5×,21546,0.5471019148826599
KIRC,TCGA-A3-3346-01Z-00-DX1.95280216-fd71-4a03-b452-6e3d667f2542,virchow2,Virchow2,40x,10x,40×–10×,2240,0.4229167103767395
KIRC,TCGA-A3-3346-01Z-00-DX1.95280216-fd71-4a03-b452-6e3d667f2542,virchow2,Virchow2,40x,2p5x,40×–2.5×,2240,0.1664838343858719
KIRC,TCGA-A3-3346-01Z-00-DX1.95280216-fd71-4a03-b452-6e3d667f2542,virchow2,Virchow2,10x,2p5x,10×–2.5×,2240,0.2832152843475342
KIRC,TCGA-A3-A8CQ-01Z-00-DX1.78DA0827-5FB8-4B9F-A845-22F85830B5FB,virchow2,Virchow2,40x,10x,40×–10×,1395,0.5368971824645996
KIRC,TCGA-A3-A8CQ-01Z-00-DX1.78DA0827-5FB8-4B9F-A845-22F85830B5FB,virchow2,Virchow2,40x,2p5x,40×–2.5×,1395,0.13948453962802887
KIRC,TCGA-A3-A8CQ-01Z-00-DX1.78DA0827-5FB8-4B9F-A845-22F85830B5FB,virchow2,Virchow2,10x,2p5x,10×–2.5×,1395,0.27913275361061096
KIRC,TCGA-AK-3444-01Z-00-DX1.1F0E0B47-29FF-456F-800A-539983FDCFAA,virchow2,Virchow2,40x,10x,40×–10×,5029,0.6392794847488403
KIRC,TCGA-AK-3444-01Z-00-DX1.1F0E0B47-29FF-456F-800A-539983FDCFAA,virchow2,Virchow2,40x,2p5x,40×–2.5×,5029,0.25971657037734985
KIRC,TCGA-AK-3444-01Z-00-DX1.1F0E0B47-29FF-456F-800A-539983FDCFAA,virchow2,Virchow2,10x,2p5x,10×–2.5×,5029,0.37475767731666565
KIRC,TCGA-B0-5094-01Z-00-DX1.eac31fe2-09da-4ecf-8e25-c073cbb03295,virchow2,Virchow2,40x,10x,40×–10×,23201,0.705534815788269
KIRC,TCGA-B0-5094-01Z-00-DX1.eac31fe2-09da-4ecf-8e25-c073cbb03295,virchow2,Virchow2,40x,2p5x,40×–2.5×,23201,0.5805408358573914
KIRC,TCGA-B0-5094-01Z-00-DX1.eac31fe2-09da-4ecf-8e25-c073cbb03295,virchow2,Virchow2,10x,2p5x,10×–2.5×,23201,0.7910163402557373
KIRC,TCGA-B0-5106-01Z-00-DX1.564e51a3-be50-4eed-ba9c-4d478b96ffc6,virchow2,Virchow2,40x,10x,40×–10×,26156,0.5150041580200195
KIRC,TCGA-B0-5106-01Z-00-DX1.564e51a3-be50-4eed-ba9c-4d478b96ffc6,virchow2,Virchow2,40x,2p5x,40×–2.5×,26156,0.3988037705421448
KIRC,TCGA-B0-5106-01Z-00-DX1.564e51a3-be50-4eed-ba9c-4d478b96ffc6,virchow2,Virchow2,10x,2p5x,10×–2.5×,26156,0.6200245022773743
KIRC,TCGA-B0-5711-01Z-00-DX1.6839921f-ec08-4e94-8bf9-4b5a4fcdda45,virchow2,Virchow2,40x,10x,40×–10×,23048,0.706392228603363
KIRC,TCGA-B0-5711-01Z-00-DX1.6839921f-ec08-4e94-8bf9-4b5a4fcdda45,virchow2,Virchow2,40x,2p5x,40×–2.5×,23048,0.6074291467666626
KIRC,TCGA-B0-5711-01Z-00-DX1.6839921f-ec08-4e94-8bf9-4b5a4fcdda45,virchow2,Virchow2,10x,2p5x,10×–2.5×,23048,0.7697876691818237
KIRC,TCGA-B2-5633-01Z-00-DX1.c55a29ca-468e-46de-9ff5-a51f46fe09fd,virchow2,Virchow2,40x,10x,40×–10×,3974,0.6348149180412292
KIRC,TCGA-B2-5633-01Z-00-DX1.c55a29ca-468e-46de-9ff5-a51f46fe09fd,virchow2,Virchow2,40x,2p5x,40×–2.5×,3974,0.3361494541168213
KIRC,TCGA-B2-5633-01Z-00-DX1.c55a29ca-468e-46de-9ff5-a51f46fe09fd,virchow2,Virchow2,10x,2p5x,10×–2.5×,3974,0.5455780625343323
KIRC,TCGA-BP-4991-01Z-00-DX1.71305f5c-ca59-48fa-bb82-4b441c1fffdc,virchow2,Virchow2,40x,10x,40×–10×,31068,0.6319910883903503
KIRC,TCGA-BP-4991-01Z-00-DX1.71305f5c-ca59-48fa-bb82-4b441c1fffdc,virchow2,Virchow2,40x,2p5x,40×–2.5×,31068,0.4968757629394531
KIRC,TCGA-BP-4991-01Z-00-DX1.71305f5c-ca59-48fa-bb82-4b441c1fffdc,virchow2,Virchow2,10x,2p5x,10×–2.5×,31068,0.7182894945144653
KIRC,TCGA-BP-5201-01Z-00-DX1.d1a9878e-bb97-48fb-9098-9d9337f06250,virchow2,Virchow2,40x,10x,40×–10×,12763,0.4312325119972229
KIRC,TCGA-BP-5201-01Z-00-DX1.d1a9878e-bb97-48fb-9098-9d9337f06250,virchow2,Virchow2,40x,2p5x,40×–2.5×,12763,0.3260796368122101
KIRC,TCGA-BP-5201-01Z-00-DX1.d1a9878e-bb97-48fb-9098-9d9337f06250,virchow2,Virchow2,10x,2p5x,10×–2.5×,12763,0.2731001675128937
LUAD,TCGA-55-6986-01Z-00-DX1.ae52d41e-3cd6-4d36-b04b-2ea7d29bd8da,virchow2,Virchow2,40x,10x,40×–10×,5951,0.34568241238594055
LUAD,TCGA-55-6986-01Z-00-DX1.ae52d41e-3cd6-4d36-b04b-2ea7d29bd8da,virchow2,Virchow2,40x,2p5x,40×–2.5×,5951,0.222569540143013
LUAD,TCGA-55-6986-01Z-00-DX1.ae52d41e-3cd6-4d36-b04b-2ea7d29bd8da,virchow2,Virchow2,10x,2p5x,10×–2.5×,5951,0.4822826087474823
LUAD,TCGA-64-5779-01Z-00-DX1.B3268447-DCE0-4927-B5A9-EC4D61E9B17D,virchow2,Virchow2,40x,10x,40×–10×,15338,0.40087881684303284
LUAD,TCGA-64-5779-01Z-00-DX1.B3268447-DCE0-4927-B5A9-EC4D61E9B17D,virchow2,Virchow2,40x,2p5x,40×–2.5×,15338,0.15083418786525726
LUAD,TCGA-64-5779-01Z-00-DX1.B3268447-DCE0-4927-B5A9-EC4D61E9B17D,virchow2,Virchow2,10x,2p5x,10×–2.5×,15338,0.2834455668926239
LUAD,TCGA-78-7158-01Z-00-DX1.74db3dcd-2715-4ce7-8e48-30c8b7946ba0,virchow2,Virchow2,40x,10x,40×–10×,23198,0.38087886571884155
LUAD,TCGA-78-7158-01Z-00-DX1.74db3dcd-2715-4ce7-8e48-30c8b7946ba0,virchow2,Virchow2,40x,2p5x,40×–2.5×,23198,0.1955510377883911
LUAD,TCGA-78-7158-01Z-00-DX1.74db3dcd-2715-4ce7-8e48-30c8b7946ba0,virchow2,Virchow2,10x,2p5x,10×–2.5×,23198,0.4409034550189972
LUAD,TCGA-78-7163-01Z-00-DX1.42880bdf-271d-41dd-aada-e7ec1156ff31,virchow2,Virchow2,40x,10x,40×–10×,21422,0.3297547399997711
LUAD,TCGA-78-7163-01Z-00-DX1.42880bdf-271d-41dd-aada-e7ec1156ff31,virchow2,Virchow2,40x,2p5x,40×–2.5×,21422,0.16216066479682922
LUAD,TCGA-78-7163-01Z-00-DX1.42880bdf-271d-41dd-aada-e7ec1156ff31,virchow2,Virchow2,10x,2p5x,10×–2.5×,21422,0.4068894386291504
LUAD,TCGA-78-7536-01Z-00-DX1.6b066140-8b82-40a5-bd48-430eeb4463fe,virchow2,Virchow2,40x,10x,40×–10×,32971,0.2081059217453003
LUAD,TCGA-78-7536-01Z-00-DX1.6b066140-8b82-40a5-bd48-430eeb4463fe,virchow2,Virchow2,40x,2p5x,40×–2.5×,32971,0.05797075480222702
LUAD,TCGA-78-7536-01Z-00-DX1.6b066140-8b82-40a5-bd48-430eeb4463fe,virchow2,Virchow2,10x,2p5x,10×–2.5×,32971,0.26722797751426697
LUAD,TCGA-86-8668-01Z-00-DX1.d720d486-02c7-4f98-8feb-e0e50a12c158,virchow2,Virchow2,40x,10x,40×–10×,14624,0.4161738157272339
LUAD,TCGA-86-8668-01Z-00-DX1.d720d486-02c7-4f98-8feb-e0e50a12c158,virchow2,Virchow2,40x,2p5x,40×–2.5×,14624,0.298990398645401
LUAD,TCGA-86-8668-01Z-00-DX1.d720d486-02c7-4f98-8feb-e0e50a12c158,virchow2,Virchow2,10x,2p5x,10×–2.5×,14624,0.5608013272285461
LUAD,TCGA-97-A4LX-01Z-00-DX1.B2334672-A626-4E74-B4D1-A79F70F65909,virchow2,Virchow2,40x,10x,40×–10×,19346,0.3253135085105896
LUAD,TCGA-97-A4LX-01Z-00-DX1.B2334672-A626-4E74-B4D1-A79F70F65909,virchow2,Virchow2,40x,2p5x,40×–2.5×,19346,0.24260713160037994
LUAD,TCGA-97-A4LX-01Z-00-DX1.B2334672-A626-4E74-B4D1-A79F70F65909,virchow2,Virchow2,10x,2p5x,10×–2.5×,19346,0.5306271910667419
LUAD,TCGA-97-A4M2-01Z-00-DX1.5C72522C-1538-4D68-B517-5FB05A9D401A,virchow2,Virchow2,40x,10x,40×–10×,8962,0.43323564529418945
LUAD,TCGA-97-A4M2-01Z-00-DX1.5C72522C-1538-4D68-B517-5FB05A9D401A,virchow2,Virchow2,40x,2p5x,40×–2.5×,8962,0.32061365246772766
LUAD,TCGA-97-A4M2-01Z-00-DX1.5C72522C-1538-4D68-B517-5FB05A9D401A,virchow2,Virchow2,10x,2p5x,10×–2.5×,8962,0.48400062322616577
LUAD,TCGA-J2-A4AE-01Z-00-DX1.42C5DE4A-7787-4E59-8969-D12503262C96,virchow2,Virchow2,40x,10x,40×–10×,14491,0.6170123815536499
LUAD,TCGA-J2-A4AE-01Z-00-DX1.42C5DE4A-7787-4E59-8969-D12503262C96,virchow2,Virchow2,40x,2p5x,40×–2.5×,14491,0.40715640783309937
LUAD,TCGA-J2-A4AE-01Z-00-DX1.42C5DE4A-7787-4E59-8969-D12503262C96,virchow2,Virchow2,10x,2p5x,10×–2.5×,14491,0.5761171579360962
STAD,TCGA-BR-6452-01Z-00-DX1.aec8246e-9dce-436d-9faa-df8fa1f6e47c,virchow2,Virchow2,40x,10x,40×–10×,15303,0.38202694058418274
STAD,TCGA-BR-6452-01Z-00-DX1.aec8246e-9dce-436d-9faa-df8fa1f6e47c,virchow2,Virchow2,40x,2p5x,40×–2.5×,15303,0.24432627856731415
STAD,TCGA-BR-6452-01Z-00-DX1.aec8246e-9dce-436d-9faa-df8fa1f6e47c,virchow2,Virchow2,10x,2p5x,10×–2.5×,15303,0.5170360803604126
STAD,TCGA-BR-6454-01Z-00-DX1.63fb6280-2b43-49b2-960a-eb9c0e8b617c,virchow2,Virchow2,40x,10x,40×–10×,15740,0.1842399537563324
STAD,TCGA-BR-6454-01Z-00-DX1.63fb6280-2b43-49b2-960a-eb9c0e8b617c,virchow2,Virchow2,40x,2p5x,40×–2.5×,15740,0.09224826097488403
STAD,TCGA-BR-6454-01Z-00-DX1.63fb6280-2b43-49b2-960a-eb9c0e8b617c,virchow2,Virchow2,10x,2p5x,10×–2.5×,15740,0.34820669889450073
STAD,TCGA-BR-A4CQ-01Z-00-DX1.B63282A5-154D-441B-BF96-5BB26CB6D95E,virchow2,Virchow2,40x,10x,40×–10×,13809,0.4056398868560791
STAD,TCGA-BR-A4CQ-01Z-00-DX1.B63282A5-154D-441B-BF96-5BB26CB6D95E,virchow2,Virchow2,40x,2p5x,40×–2.5×,13809,0.294337660074234
STAD,TCGA-BR-A4CQ-01Z-00-DX1.B63282A5-154D-441B-BF96-5BB26CB6D95E,virchow2,Virchow2,10x,2p5x,10×–2.5×,13809,0.5425379872322083
STAD,TCGA-CD-A487-01Z-00-DX1.A026BD2F-B721-4340-83D5-7AA39227C90F,virchow2,Virchow2,40x,10x,40×–10×,20251,0.39013904333114624
STAD,TCGA-CD-A487-01Z-00-DX1.A026BD2F-B721-4340-83D5-7AA39227C90F,virchow2,Virchow2,40x,2p5x,40×–2.5×,20251,0.24138787388801575
STAD,TCGA-CD-A487-01Z-00-DX1.A026BD2F-B721-4340-83D5-7AA39227C90F,virchow2,Virchow2,10x,2p5x,10×–2.5×,20251,0.4086903929710388
STAD,TCGA-FP-8209-01Z-00-DX1.a5e13081-1631-44d4-8d6a-c229a22c2311,virchow2,Virchow2,40x,10x,40×–10×,3901,0.45438721776008606
STAD,TCGA-FP-8209-01Z-00-DX1.a5e13081-1631-44d4-8d6a-c229a22c2311,virchow2,Virchow2,40x,2p5x,40×–2.5×,3901,0.20175161957740784
STAD,TCGA-FP-8209-01Z-00-DX1.a5e13081-1631-44d4-8d6a-c229a22c2311,virchow2,Virchow2,10x,2p5x,10×–2.5×,3901,0.30020126700401306
STAD,TCGA-SW-A7EA-01Z-00-DX1.C5E1BE0E-0A25-4480-A3AC-DB2ED7471A4E,virchow2,Virchow2,40x,10x,40×–10×,6449,0.7836830019950867
STAD,TCGA-SW-A7EA-01Z-00-DX1.C5E1BE0E-0A25-4480-A3AC-DB2ED7471A4E,virchow2,Virchow2,40x,2p5x,40×–2.5×,6449,0.6179813146591187
STAD,TCGA-SW-A7EA-01Z-00-DX1.C5E1BE0E-0A25-4480-A3AC-DB2ED7471A4E,virchow2,Virchow2,10x,2p5x,10×–2.5×,6449,0.6744486093521118
STAD,TCGA-VQ-A8PY-01Z-00-DX1.EA2C7386-012A-442A-95B3-FFA12BD2684D,virchow2,Virchow2,40x,10x,40×–10×,22399,0.42045533657073975
STAD,TCGA-VQ-A8PY-01Z-00-DX1.EA2C7386-012A-442A-95B3-FFA12BD2684D,virchow2,Virchow2,40x,2p5x,40×–2.5×,22399,0.3001856803894043
STAD,TCGA-VQ-A8PY-01Z-00-DX1.EA2C7386-012A-442A-95B3-FFA12BD2684D,virchow2,Virchow2,10x,2p5x,10×–2.5×,22399,0.44974446296691895
STAD,TCGA-VQ-A924-01Z-00-DX1.736B41F3-9678-4FAF-AE86-FCAC4F6DCBD3,virchow2,Virchow2,40x,10x,40×–10×,12960,0.44778674840927124
STAD,TCGA-VQ-A924-01Z-00-DX1.736B41F3-9678-4FAF-AE86-FCAC4F6DCBD3,virchow2,Virchow2,40x,2p5x,40×–2.5×,12960,0.2288403958082199
STAD,TCGA-VQ-A924-01Z-00-DX1.736B41F3-9678-4FAF-AE86-FCAC4F6DCBD3,virchow2,Virchow2,10x,2p5x,10×–2.5×,12960,0.4521474838256836
STAD,TCGA-ZQ-A9CR-01Z-00-DX1.C9AC9991-7054-4068-A7AA-9D1EB7F040A3,virchow2,Virchow2,40x,10x,40×–10×,31585,0.6506760120391846
STAD,TCGA-ZQ-A9CR-01Z-00-DX1.C9AC9991-7054-4068-A7AA-9D1EB7F040A3,virchow2,Virchow2,40x,2p5x,40×–2.5×,31585,0.5817787647247314
STAD,TCGA-ZQ-A9CR-01Z-00-DX1.C9AC9991-7054-4068-A7AA-9D1EB7F040A3,virchow2,Virchow2,10x,2p5x,10×–2.5×,31585,0.6528682708740234
UCEC,TCGA-A5-A0GX-01Z-00-DX1.7E713D1A-5858-4648-957D-77189E43CFAA,virchow2,Virchow2,40x,10x,40×–10×,26039,0.48384708166122437
UCEC,TCGA-A5-A0GX-01Z-00-DX1.7E713D1A-5858-4648-957D-77189E43CFAA,virchow2,Virchow2,40x,2p5x,40×–2.5×,26039,0.3779733180999756
UCEC,TCGA-A5-A0GX-01Z-00-DX1.7E713D1A-5858-4648-957D-77189E43CFAA,virchow2,Virchow2,10x,2p5x,10×–2.5×,26039,0.6409676671028137
UCEC,TCGA-A5-A0R7-01Z-00-DX1.D21E6974-22A3-4A68-8B4E-14E84A7A50A5,virchow2,Virchow2,40x,10x,40×–10×,45564,0.44099774956703186
UCEC,TCGA-A5-A0R7-01Z-00-DX1.D21E6974-22A3-4A68-8B4E-14E84A7A50A5,virchow2,Virchow2,40x,2p5x,40×–2.5×,45564,0.4151490330696106
UCEC,TCGA-A5-A0R7-01Z-00-DX1.D21E6974-22A3-4A68-8B4E-14E84A7A50A5,virchow2,Virchow2,10x,2p5x,10×–2.5×,45564,0.6147000193595886
UCEC,TCGA-AX-A05U-01Z-00-DX1.1EBFC727-B5D5-4543-BBA9-4254ABD3D584,virchow2,Virchow2,40x,10x,40×–10×,42082,0.39260372519493103
UCEC,TCGA-AX-A05U-01Z-00-DX1.1EBFC727-B5D5-4543-BBA9-4254ABD3D584,virchow2,Virchow2,40x,2p5x,40×–2.5×,42082,0.3572537899017334
UCEC,TCGA-AX-A05U-01Z-00-DX1.1EBFC727-B5D5-4543-BBA9-4254ABD3D584,virchow2,Virchow2,10x,2p5x,10×–2.5×,42082,0.6672486662864685
UCEC,TCGA-AX-A06B-01Z-00-DX2.1757C039-99F7-4087-A9E5-D340AF7220D4,virchow2,Virchow2,40x,10x,40×–10×,10560,0.427532821893692
UCEC,TCGA-AX-A06B-01Z-00-DX2.1757C039-99F7-4087-A9E5-D340AF7220D4,virchow2,Virchow2,40x,2p5x,40×–2.5×,10560,0.21335773169994354
UCEC,TCGA-AX-A06B-01Z-00-DX2.1757C039-99F7-4087-A9E5-D340AF7220D4,virchow2,Virchow2,10x,2p5x,10×–2.5×,10560,0.4331117570400238
UCEC,TCGA-AX-A0J0-01Z-00-DX2.56C668BE-03B8-4B87-A226-AABD97D53C38,virchow2,Virchow2,40x,10x,40×–10×,34978,0.6078653335571289
UCEC,TCGA-AX-A0J0-01Z-00-DX2.56C668BE-03B8-4B87-A226-AABD97D53C38,virchow2,Virchow2,40x,2p5x,40×–2.5×,34978,0.5570241212844849
UCEC,TCGA-AX-A0J0-01Z-00-DX2.56C668BE-03B8-4B87-A226-AABD97D53C38,virchow2,Virchow2,10x,2p5x,10×–2.5×,34978,0.72527676820755
UCEC,TCGA-B5-A11F-01Z-00-DX1.3F1C053D-E81E-4C8D-965D-6F3DE29D9511,virchow2,Virchow2,40x,10x,40×–10×,22717,0.5828237533569336
UCEC,TCGA-B5-A11F-01Z-00-DX1.3F1C053D-E81E-4C8D-965D-6F3DE29D9511,virchow2,Virchow2,40x,2p5x,40×–2.5×,22717,0.5182333588600159
UCEC,TCGA-B5-A11F-01Z-00-DX1.3F1C053D-E81E-4C8D-965D-6F3DE29D9511,virchow2,Virchow2,10x,2p5x,10×–2.5×,22717,0.7085988521575928
UCEC,TCGA-BG-A0W1-01Z-00-DX1.8E06269C-1278-478B-A128-59FA911B1649,virchow2,Virchow2,40x,10x,40×–10×,26648,0.6724122166633606
UCEC,TCGA-BG-A0W1-01Z-00-DX1.8E06269C-1278-478B-A128-59FA911B1649,virchow2,Virchow2,40x,2p5x,40×–2.5×,26648,0.5809757113456726
UCEC,TCGA-BG-A0W1-01Z-00-DX1.8E06269C-1278-478B-A128-59FA911B1649,virchow2,Virchow2,10x,2p5x,10×–2.5×,26648,0.8208593130111694
UCEC,TCGA-EY-A1GQ-01Z-00-DX1.03D52C6F-515E-4A4F-A08E-31D773BCC67F,virchow2,Virchow2,40x,10x,40×–10×,20550,0.29799365997314453
UCEC,TCGA-EY-A1GQ-01Z-00-DX1.03D52C6F-515E-4A4F-A08E-31D773BCC67F,virchow2,Virchow2,40x,2p5x,40×–2.5×,20550,0.11176858842372894
UCEC,TCGA-EY-A1GQ-01Z-00-DX1.03D52C6F-515E-4A4F-A08E-31D773BCC67F,virchow2,Virchow2,10x,2p5x,10×–2.5×,20550,0.38750168681144714
UCEC,TCGA-FI-A2EX-01Z-00-DX1.127F5153-745D-43E6-83CA-DE2738702C62,virchow2,Virchow2,40x,10x,40×–10×,21945,0.4895933270454407
UCEC,TCGA-FI-A2EX-01Z-00-DX1.127F5153-745D-43E6-83CA-DE2738702C62,virchow2,Virchow2,40x,2p5x,40×–2.5×,21945,0.37268802523612976
UCEC,TCGA-FI-A2EX-01Z-00-DX1.127F5153-745D-43E6-83CA-DE2738702C62,virchow2,Virchow2,10x,2p5x,10×–2.5×,21945,0.6844496130943298
