cancer,case_id,model,model_display,cka_40x_10x,cka_10x_2p5x,cka_40x_2p5x,short_range_alignment,long_range_alignment,relative_retention
BLCA,TCGA-CF-A3MF-01Z-00-DX1.91768C26-5BB1-4DE6-9737-AA26BD687A75,gigapath,GigaPath,0.6694883704185486,0.4789967238903045,0.3926005065441131,0.5742425471544266,0.3926005065441131,0.6836841130800677
BLCA,TCGA-CU-A0YN-01Z-00-DX1.6C5EAAAF-8F14-49D3-8FFC-9BDAE56CAFD0,gigapath,GigaPath,0.5599454641342163,0.6105510592460632,0.3131313920021057,0.5852482616901398,0.3131313920021057,0.535040276920794
BLCA,TCGA-DK-A6AW-01Z-00-DX1.C2453A8C-8282-443C-9E76-5B6CAD2FE69B,gigapath,GigaPath,0.8265231251716614,0.7994610071182251,0.723045289516449,0.8129920661449432,0.723045289516449,0.8893632787156152
BLCA,TCGA-DK-AA6L-01A-01-TSA.5794F0C6-9ED6-489A-9621-18CCC5935548,gigapath,GigaPath,0.6004579663276672,0.4065806269645691,0.2322560846805572,0.5035192966461182,0.2322560846805572,0.4612655090432228
BLCA,TCGA-DK-AA77-01A-01-TSA.26CAF5CB-CC4F-4522-BD2B-343FB70205FE,gigapath,GigaPath,0.5252734422683716,0.351973682641983,0.1801190823316574,0.4386235624551773,0.1801190823316574,0.4106461616504327
BLCA,TCGA-FD-A6TK-01Z-00-DX1.B685DA87-72A6-4C38-8AA1-40B6E543383C,gigapath,GigaPath,0.7467563152313232,0.7480233311653137,0.6331918835639954,0.7473898231983185,0.6331918835639954,0.8472043154860821
BLCA,TCGA-GU-AATP-01Z-00-DX1.0D8EC37C-88E7-49D5-A76D-F0A4A3FD8AE4,gigapath,GigaPath,0.7129139304161072,0.7317068576812744,0.5314099192619324,0.7223103940486908,0.5314099192619324,0.7357085314573365
BLCA,TCGA-XF-A8HB-01Z-00-DX1.D6874152-D20A-4CA4-8E8B-8CBAB5F7D7B5,gigapath,GigaPath,0.6564566493034363,0.6370404362678528,0.4290413856506347,0.6467485427856445,0.4290413856506347,0.6633820677858633
BLCA,TCGA-ZF-A9R1-01Z-00-DX1.74520759-D448-45B5-B8AD-45502C99A519,gigapath,GigaPath,0.6958306431770325,0.6991919279098511,0.5477507710456848,0.6975112855434418,0.5477507710456848,0.7852930589057405
BLCA,TCGA-ZF-AA51-01Z-00-DX1.128C9731-C206-4E71-9A64-864FA9FD7E96,gigapath,GigaPath,0.7499821782112122,0.652571976184845,0.534562349319458,0.7012770771980286,0.534562349319458,0.7622698170248431
BRCA,TCGA-A7-A2KD-01Z-00-DX1.BFF2DFC8-1D95-4DC2-98FC-5BD7D7C6CDF5,gigapath,GigaPath,0.5373808145523071,0.6209381818771362,0.2840971946716308,0.5791594982147217,0.2840971946716308,0.49053360179254557
BRCA,TCGA-AN-A0G0-01Z-00-DX1.BE0BB5DF-DEDA-48D8-B5D8-2735C767F28F,gigapath,GigaPath,0.6758400797843933,0.680192232131958,0.4753183424472809,0.6780161559581757,0.4753183424472809,0.7010427970931736
BRCA,TCGA-AQ-A04L-01Z-00-DX1.F35BF4DD-896A-43C2-8DA6-C67945C003BE,gigapath,GigaPath,0.7323136329650879,0.8086857199668884,0.6138718128204346,0.7704996764659882,0.6138718128204346,0.7967191052383686
BRCA,TCGA-AR-A2LK-01Z-00-DX1.FBD59C38-CD4E-4C22-BC74-A57C192A9BBC,gigapath,GigaPath,0.6359637975692749,0.5780864357948303,0.387224406003952,0.6070251166820526,0.387224406003952,0.6379050806340395
BRCA,TCGA-AR-A5QM-01Z-00-DX1.A9017CED-FF57-4090-95B9-94DC91854347,gigapath,GigaPath,0.5747900605201721,0.5506627559661865,0.3796148002147674,0.5627264082431793,0.3796148002147674,0.6745992273579576
BRCA,TCGA-BH-A0C1-01Z-00-DX1.21FE357E-B182-4397-BFEF-7E96E994236A,gigapath,GigaPath,0.6945652961730957,0.7870791554450989,0.5979648232460022,0.7408222258090973,0.5979648232460022,0.8071637194644481
BRCA,TCGA-D8-A1X8-01Z-00-DX1.DDA3866E-C7CC-4650-BE2B-5C9A98A2D531,gigapath,GigaPath,0.7516282200813293,0.5640207529067993,0.4536618590354919,0.6578244864940643,0.4536618590354919,0.6896396658222989
BRCA,TCGA-E2-A14P-01Z-00-DX1.663B02FF-C64B-41A6-8685-FD61CD76F9C6,gigapath,GigaPath,0.7983760237693787,0.8027362823486328,0.6862968802452087,0.8005561530590057,0.6862968802452087,0.8572751300740107
BRCA,TCGA-E2-A1LA-01Z-00-DX1.AE49E943-B830-4ED9-B09E-E499441BC2EC,gigapath,GigaPath,0.7780361175537109,0.7826570868492126,0.6408484578132629,0.7803466022014618,0.6408484578132629,0.8212356611861242
BRCA,TCGA-GM-A3XN-01Z-00-DX1.49F5C8AC-0328-4BC2-9FE2-E7150B7A42E2,gigapath,GigaPath,0.656984269618988,0.7062899470329285,0.5148530006408691,0.6816371083259583,0.5148530006408691,0.7553183275266565
COAD,TCGA-AY-A8YK-01Z-00-DX1.89E3C546-0425-449B-A6FB-1C35168EA7EB,gigapath,GigaPath,0.6282636523246765,0.6547589302062988,0.4117986857891083,0.6415112912654877,0.4117986857891083,0.6419196222981001
COAD,TCGA-CK-4947-01Z-00-DX1.b257d5fd-b97b-4987-b088-77f044ca7fe2,gigapath,GigaPath,0.6006431579589844,0.56080162525177,0.3408626019954681,0.5807223916053772,0.3408626019954681,0.5869630772341513
COAD,TCGA-CM-6168-01Z-00-DX1.96af6eb2-9d51-4671-baf8-1a73d0c66869,gigapath,GigaPath,0.7233620882034302,0.5862056016921997,0.4360920190811157,0.6547838449478149,0.4360920190811157,0.6660091302586603
COAD,TCGA-CM-6169-01Z-00-DX1.0381c243-02b8-4f1d-840c-19ef44d4b92c,gigapath,GigaPath,0.7080658078193665,0.7248960137367249,0.5574643015861511,0.7164809107780457,0.5574643015861511,0.7780588333899724
COAD,TCGA-G4-6309-01Z-00-DX1.3eb20fdc-eb86-4bd5-8194-76b02d4fa472,gigapath,GigaPath,0.7264201641082764,0.569015383720398,0.4457836747169494,0.6477177739143372,0.4457836747169494,0.68823752052218
COAD,TCGA-G4-6310-01Z-00-DX1.b88472d4-3adc-4e4d-b0f2-0dc195a3d7df,gigapath,GigaPath,0.7641364932060242,0.678974449634552,0.5837477445602417,0.7215554714202881,0.5837477445602417,0.809012983313965
COAD,TCGA-G4-6588-01Z-00-DX1.0747172e-f630-4b7c-9341-55078585ae00,gigapath,GigaPath,0.6955414414405823,0.7235199213027954,0.5251593589782715,0.7095306813716888,0.5251593589782715,0.7401503173379558
HNSC,TCGA-BA-6871-01Z-00-DX1.4d9ca329-f8d5-4c31-a20f-9d4fba728326,gigapath,GigaPath,0.6422602534294128,0.3806943595409393,0.2397898733615875,0.5114773064851761,0.2397898733615875,0.4688182062453581
HNSC,TCGA-BA-6872-01Z-00-DX1.F99F6394-D319-4599-B124-D2A6692FA096,gigapath,GigaPath,0.6023027300834656,0.6230025887489319,0.4243727028369903,0.6126526594161987,0.4243727028369903,0.6926807487318805
HNSC,TCGA-CN-A6V7-01A-01-TS1.F54912D3-1E21-4605-ACFC-142973524AE2,gigapath,GigaPath,0.4709128141403198,0.4033474028110504,0.2089597582817077,0.4371301084756851,0.2089597582817077,0.47802645992601733
HNSC,TCGA-CV-6935-01Z-00-DX1.9C449CB2-FB6D-41D1-A4A6-3069DC84A697,gigapath,GigaPath,0.7387664318084717,0.8212210536003113,0.6070557832717896,0.7799937427043915,0.6070557832717896,0.7782828887408865
HNSC,TCGA-CV-A45O-01Z-00-DX1.8CBD0CCC-C815-475D-87F9-76272F4F715B,gigapath,GigaPath,0.7258509397506714,0.6518718600273132,0.4734751582145691,0.6888613998889923,0.4734751582145691,0.6873300758191242
HNSC,TCGA-CV-A6JE-01Z-00-DX1.20137D17-19B3-49FF-9C3D-60933157E409,gigapath,GigaPath,0.6949974298477173,0.6095780730247498,0.4056545197963714,0.6522877514362335,0.4056545197963714,0.6218950438716424
HNSC,TCGA-CV-A6JU-01Z-00-DX1.35A3A1F0-9D6C-4794-B501-E56E48C51DF9,gigapath,GigaPath,0.6921889185905457,0.6269600987434387,0.4477072954177856,0.6595745086669922,0.4477072954177856,0.6787819867729686
HNSC,TCGA-UF-A719-01Z-00-DX1.4C4ECC2C-C390-4C5E-A709-CF08C113F1A1,gigapath,GigaPath,0.6976971626281738,0.6950289607048035,0.4594889879226684,0.6963630616664886,0.4594889879226684,0.6598411277345049
KIRC,TCGA-A3-3346-01Z-00-DX1.95280216-fd71-4a03-b452-6e3d667f2542,gigapath,GigaPath,0.6114280819892883,0.5581383109092712,0.369658887386322,0.5847831964492798,0.369658887386322,0.6321298040553116
KIRC,TCGA-A3-A8CQ-01Z-00-DX1.78DA0827-5FB8-4B9F-A845-22F85830B5FB,gigapath,GigaPath,0.529178261756897,0.4299384951591491,0.2404299527406692,0.47955837845802307,0.2404299527406692,0.5013570058222111
KIRC,TCGA-AK-3444-01Z-00-DX1.1F0E0B47-29FF-456F-800A-539983FDCFAA,gigapath,GigaPath,0.686324417591095,0.6350834369659424,0.4914393424987793,0.6607039272785187,0.4914393424987793,0.7438117471513286
KIRC,TCGA-B0-5094-01Z-00-DX1.eac31fe2-09da-4ecf-8e25-c073cbb03295,gigapath,GigaPath,0.7978464961051941,0.7383868098258972,0.6463584303855896,0.7681166529655457,0.6463584303855896,0.8414847248658498
KIRC,TCGA-B0-5106-01Z-00-DX1.564e51a3-be50-4eed-ba9c-4d478b96ffc6,gigapath,GigaPath,0.7608949542045593,0.6682124733924866,0.5478922128677368,0.714553713798523,0.5478922128677368,0.7667614096569116
KIRC,TCGA-B0-5711-01Z-00-DX1.6839921f-ec08-4e94-8bf9-4b5a4fcdda45,gigapath,GigaPath,0.8227166533470154,0.6592763066291809,0.6029912829399109,0.7409964799880981,0.6029912829399109,0.8137572839072004
KIRC,TCGA-B2-5633-01Z-00-DX1.c55a29ca-468e-46de-9ff5-a51f46fe09fd,gigapath,GigaPath,0.7027168869972229,0.4544191658496856,0.3440158069133758,0.5785680264234543,0.3440158069133758,0.5945987182181243
KIRC,TCGA-BP-4991-01Z-00-DX1.71305f5c-ca59-48fa-bb82-4b441c1fffdc,gigapath,GigaPath,0.7223671078681946,0.7740123271942139,0.6095538139343262,0.7481897175312042,0.6095538139343262,0.814704879860774
KIRC,TCGA-BP-5201-01Z-00-DX1.d1a9878e-bb97-48fb-9098-9d9337f06250,gigapath,GigaPath,0.7022624015808105,0.5514883995056152,0.4124011099338531,0.6268754005432129,0.4124011099338531,0.6578677510339229
LUAD,TCGA-55-6986-01Z-00-DX1.ae52d41e-3cd6-4d36-b04b-2ea7d29bd8da,gigapath,GigaPath,0.6176028847694397,0.6878417730331421,0.3932081758975982,0.6527223289012909,0.3932081758975982,0.602412631661421
LUAD,TCGA-64-5779-01Z-00-DX1.B3268447-DCE0-4927-B5A9-EC4D61E9B17D,gigapath,GigaPath,0.6644776463508606,0.4498518705368042,0.2574778795242309,0.5571647584438324,0.2574778795242309,0.4621216177479882
LUAD,TCGA-78-7158-01Z-00-DX1.74db3dcd-2715-4ce7-8e48-30c8b7946ba0,gigapath,GigaPath,0.5535168051719666,0.53807532787323,0.2817994058132171,0.5457960665225983,0.2817994058132171,0.5163089716066127
LUAD,TCGA-78-7163-01Z-00-DX1.42880bdf-271d-41dd-aada-e7ec1156ff31,gigapath,GigaPath,0.6165983080863953,0.579656720161438,0.3635671436786651,0.5981275141239166,0.3635671436786651,0.6078421993530686
LUAD,TCGA-78-7536-01Z-00-DX1.6b066140-8b82-40a5-bd48-430eeb4463fe,gigapath,GigaPath,0.4314092993736267,0.3842867910861969,0.1617812663316726,0.4078480452299118,0.1617812663316726,0.3966704468093586
LUAD,TCGA-86-8668-01Z-00-DX1.d720d486-02c7-4f98-8feb-e0e50a12c158,gigapath,GigaPath,0.6597715020179749,0.7017730474472046,0.4483580291271209,0.6807722747325897,0.4483580291271209,0.6586020696909813
LUAD,TCGA-97-A4LX-01Z-00-DX1.B2334672-A626-4E74-B4D1-A79F70F65909,gigapath,GigaPath,0.5181496143341064,0.6493123173713684,0.3432548642158508,0.5837309658527374,0.3432548642158508,0.5880360719161273
LUAD,TCGA-97-A4M2-01Z-00-DX1.5C72522C-1538-4D68-B517-5FB05A9D401A,gigapath,GigaPath,0.6382796168327332,0.6937412619590759,0.4917944371700287,0.6660104393959045,0.4917944371700287,0.7384185113015705
LUAD,TCGA-J2-A4AE-01Z-00-DX1.42C5DE4A-7787-4E59-8969-D12503262C96,gigapath,GigaPath,0.7194103598594666,0.790478527545929,0.5682706236839294,0.7549444437026978,0.5682706236839294,0.7527317121466467
STAD,TCGA-BR-6452-01Z-00-DX1.aec8246e-9dce-436d-9faa-df8fa1f6e47c,gigapath,GigaPath,0.5601645112037659,0.6196381449699402,0.3889599740505218,0.589901328086853,0.3889599740505218,0.6593644657691871
STAD,TCGA-BR-6454-01Z-00-DX1.63fb6280-2b43-49b2-960a-eb9c0e8b617c,gigapath,GigaPath,0.3956202566623688,0.4065804183483124,0.1399813294410705,0.4011003375053406,0.1399813294410705,0.3489932975666137
STAD,TCGA-BR-A4CQ-01Z-00-DX1.B63282A5-154D-441B-BF96-5BB26CB6D95E,gigapath,GigaPath,0.6536036729812622,0.7081769704818726,0.4971220195293426,0.6808903217315674,0.4971220195293426,0.7301058682477893
STAD,TCGA-CD-A487-01Z-00-DX1.A026BD2F-B721-4340-83D5-7AA39227C90F,gigapath,GigaPath,0.6209185123443604,0.5821622610092163,0.4414877593517303,0.6015403866767883,0.4414877593517303,0.7339287089113513
STAD,TCGA-FP-8209-01Z-00-DX1.a5e13081-1631-44d4-8d6a-c229a22c2311,gigapath,GigaPath,0.7000593543052673,0.5582945942878723,0.4072917699813843,0.6291769742965698,0.4072917699813843,0.6473405522138554
STAD,TCGA-SW-A7EA-01Z-00-DX1.C5E1BE0E-0A25-4480-A3AC-DB2ED7471A4E,gigapath,GigaPath,0.8727878928184509,0.837299108505249,0.7959054708480835,0.85504350066185,0.7959054708480835,0.930836232579991
STAD,TCGA-VQ-A8PY-01Z-00-DX1.EA2C7386-012A-442A-95B3-FFA12BD2684D,gigapath,GigaPath,0.7282642722129822,0.7134043574333191,0.5735251307487488,0.7208343148231506,0.5735251307487488,0.7956407165347801
STAD,TCGA-VQ-A924-01Z-00-DX1.736B41F3-9678-4FAF-AE86-FCAC4F6DCBD3,gigapath,GigaPath,0.6208609342575073,0.5795184373855591,0.3750380277633667,0.6001896858215332,0.3750380277633667,0.6248658326242622
STAD,TCGA-ZQ-A9CR-01Z-00-DX1.C9AC9991-7054-4068-A7AA-9D1EB7F040A3,gigapath,GigaPath,0.8396321535110474,0.8044562339782715,0.7725821733474731,0.8220441937446594,0.7725821733474731,0.9398304607300103
UCEC,TCGA-A5-A0GX-01Z-00-DX1.7E713D1A-5858-4648-957D-77189E43CFAA,gigapath,GigaPath,0.6565155982971191,0.6966456770896912,0.5002918243408203,0.6765806376934052,0.5002918243408203,0.739441533601098
UCEC,TCGA-A5-A0R7-01Z-00-DX1.D21E6974-22A3-4A68-8B4E-14E84A7A50A5,gigapath,GigaPath,0.6561881303787231,0.7714248299598694,0.5247407555580139,0.7138064801692963,0.5247407555580139,0.7351302770935325
UCEC,TCGA-AX-A05U-01Z-00-DX1.1EBFC727-B5D5-4543-BBA9-4254ABD3D584,gigapath,GigaPath,0.6849602460861206,0.7661221623420715,0.595993161201477,0.7255412042140961,0.595993161201477,0.8214463323927342
UCEC,TCGA-AX-A06B-01Z-00-DX2.1757C039-99F7-4087-A9E5-D340AF7220D4,gigapath,GigaPath,0.6925846338272095,0.570273220539093,0.4016079604625702,0.6314289271831512,0.4016079604625702,0.636030348267653
UCEC,TCGA-AX-A0J0-01Z-00-DX2.56C668BE-03B8-4B87-A226-AABD97D53C38,gigapath,GigaPath,0.8041272759437561,0.7705700993537903,0.6703561544418335,0.7873486876487732,0.6703561544418335,0.8514095024958895
UCEC,TCGA-B5-A11F-01Z-00-DX1.3F1C053D-E81E-4C8D-965D-6F3DE29D9511,gigapath,GigaPath,0.7230532169342041,0.6257451772689819,0.5264915823936462,0.674399197101593,0.5264915823936462,0.780682397986803
UCEC,TCGA-BG-A0W1-01Z-00-DX1.8E06269C-1278-478B-A128-59FA911B1649,gigapath,GigaPath,0.8492883443832397,0.6577601432800293,0.5896700024604797,0.7535242438316345,0.5896700024604797,0.7825494763938001
UCEC,TCGA-EY-A1GQ-01Z-00-DX1.03D52C6F-515E-4A4F-A08E-31D773BCC67F,gigapath,GigaPath,0.5148584842681885,0.5496229529380798,0.2744224965572357,0.5322407186031342,0.2744224965572357,0.5155984631868408
UCEC,TCGA-FI-A2EX-01Z-00-DX1.127F5153-745D-43E6-83CA-DE2738702C62,gigapath,GigaPath,0.6535140872001648,0.5944788455963135,0.4289714694023132,0.6239964663982391,0.4289714694023132,0.6874581708424939
BLCA,TCGA-CF-A3MF-01Z-00-DX1.91768C26-5BB1-4DE6-9737-AA26BD687A75,gigapath_flash,GigaPath-Flash,0.7085378170013428,0.5062699317932129,0.3969433009624481,0.6074038743972778,0.3969433009624481,0.6535080161553659
BLCA,TCGA-CU-A0YN-01Z-00-DX1.6C5EAAAF-8F14-49D3-8FFC-9BDAE56CAFD0,gigapath_flash,GigaPath-Flash,0.5077130794525146,0.5358307361602783,0.262347400188446,0.5217719078063965,0.262347400188446,0.5028009294164415
BLCA,TCGA-DK-A6AW-01Z-00-DX1.C2453A8C-8282-443C-9E76-5B6CAD2FE69B,gigapath_flash,GigaPath-Flash,0.8628790378570557,0.6892598867416382,0.6357932686805725,0.7760694622993469,0.6357932686805725,0.8192478889671002
BLCA,TCGA-DK-AA6L-01A-01-TSA.5794F0C6-9ED6-489A-9621-18CCC5935548,gigapath_flash,GigaPath-Flash,0.6186631917953491,0.4637716710567474,0.2611326873302459,0.5412174314260483,0.2611326873302459,0.48249127276294496
BLCA,TCGA-DK-AA77-01A-01-TSA.26CAF5CB-CC4F-4522-BD2B-343FB70205FE,gigapath_flash,GigaPath-Flash,0.5661484003067017,0.4365611970424652,0.2146189659833908,0.5013547986745834,0.2146189659833908,0.42807801291774306
BLCA,TCGA-FD-A6TK-01Z-00-DX1.B685DA87-72A6-4C38-8AA1-40B6E543383C,gigapath_flash,GigaPath-Flash,0.7727702260017395,0.7271615266799927,0.6266980171203613,0.7499658763408661,0.6266980171203613,0.8356353760761264
BLCA,TCGA-GU-AATP-01Z-00-DX1.0D8EC37C-88E7-49D5-A76D-F0A4A3FD8AE4,gigapath_flash,GigaPath-Flash,0.7322387099266052,0.6550938487052917,0.491276204586029,0.6936662793159485,0.491276204586029,0.7082313487553348
BLCA,TCGA-XF-A8HB-01Z-00-DX1.D6874152-D20A-4CA4-8E8B-8CBAB5F7D7B5,gigapath_flash,GigaPath-Flash,0.7241758108139038,0.5756698846817017,0.4018641710281372,0.6499228477478027,0.4018641710281372,0.6183259634904809
BLCA,TCGA-ZF-A9R1-01Z-00-DX1.74520759-D448-45B5-B8AD-45502C99A519,gigapath_flash,GigaPath-Flash,0.7212799787521362,0.6490795612335205,0.4796831905841827,0.6851797699928284,0.4796831905841827,0.7000837029809029
BLCA,TCGA-ZF-AA51-01Z-00-DX1.128C9731-C206-4E71-9A64-864FA9FD7E96,gigapath_flash,GigaPath-Flash,0.7442511320114136,0.5452051162719727,0.4988597929477691,0.6447281241416931,0.4988597929477691,0.7737521821494695
BRCA,TCGA-A7-A2KD-01Z-00-DX1.BFF2DFC8-1D95-4DC2-98FC-5BD7D7C6CDF5,gigapath_flash,GigaPath-Flash,0.539359450340271,0.5634203553199768,0.254952996969223,0.5513899028301239,0.254952996969223,0.46238241879407566
BRCA,TCGA-AN-A0G0-01Z-00-DX1.BE0BB5DF-DEDA-48D8-B5D8-2735C767F28F,gigapath_flash,GigaPath-Flash,0.678302526473999,0.684357762336731,0.4848735332489013,0.681330144405365,0.4848735332489013,0.7116572446270928
BRCA,TCGA-AQ-A04L-01Z-00-DX1.F35BF4DD-896A-43C2-8DA6-C67945C003BE,gigapath_flash,GigaPath-Flash,0.7782765626907349,0.7524221539497375,0.5978081226348877,0.7653493583202362,0.5978081226348877,0.7810918192274146
BRCA,TCGA-AR-A2LK-01Z-00-DX1.FBD59C38-CD4E-4C22-BC74-A57C192A9BBC,gigapath_flash,GigaPath-Flash,0.6717398166656494,0.5951922535896301,0.4264292120933532,0.6334660351276398,0.4264292120933532,0.6731682338855471
BRCA,TCGA-AR-A5QM-01Z-00-DX1.A9017CED-FF57-4090-95B9-94DC91854347,gigapath_flash,GigaPath-Flash,0.6300105452537537,0.5662634372711182,0.3903547823429107,0.5981369912624359,0.3903547823429107,0.6526176913402776
BRCA,TCGA-BH-A0C1-01Z-00-DX1.21FE357E-B182-4397-BFEF-7E96E994236A,gigapath_flash,GigaPath-Flash,0.7626288533210754,0.7849885821342468,0.6027513146400452,0.7738087177276611,0.6027513146400452,0.7789409718852264
BRCA,TCGA-D8-A1X8-01Z-00-DX1.DDA3866E-C7CC-4650-BE2B-5C9A98A2D531,gigapath_flash,GigaPath-Flash,0.7774635553359985,0.4880556166172027,0.3707714974880218,0.6327595859766006,0.3707714974880218,0.5859595108555699
BRCA,TCGA-E2-A14P-01Z-00-DX1.663B02FF-C64B-41A6-8685-FD61CD76F9C6,gigapath_flash,GigaPath-Flash,0.8541707992553711,0.7900944352149963,0.70957350730896,0.8221326172351837,0.70957350730896,0.8630888647810157
BRCA,TCGA-E2-A1LA-01Z-00-DX1.AE49E943-B830-4ED9-B09E-E499441BC2EC,gigapath_flash,GigaPath-Flash,0.7999365925788879,0.7458112239837646,0.5841291546821594,0.7728739082813263,0.5841291546821594,0.7557884260591914
BRCA,TCGA-GM-A3XN-01Z-00-DX1.49F5C8AC-0328-4BC2-9FE2-E7150B7A42E2,gigapath_flash,GigaPath-Flash,0.6819818615913391,0.6767696738243103,0.4908473193645477,0.6793757677078247,0.4908473193645477,0.7224975377332616
COAD,TCGA-AY-A8YK-01Z-00-DX1.89E3C546-0425-449B-A6FB-1C35168EA7EB,gigapath_flash,GigaPath-Flash,0.583629846572876,0.6654544472694397,0.3772250413894653,0.6245421469211578,0.3772250413894653,0.6040025372972725
COAD,TCGA-CK-4947-01Z-00-DX1.b257d5fd-b97b-4987-b088-77f044ca7fe2,gigapath_flash,GigaPath-Flash,0.6495545506477356,0.6473852396011353,0.4051333367824554,0.6484698951244354,0.4051333367824554,0.6247527291991157
COAD,TCGA-CM-6168-01Z-00-DX1.96af6eb2-9d51-4671-baf8-1a73d0c66869,gigapath_flash,GigaPath-Flash,0.767180860042572,0.6535700559616089,0.4933103024959564,0.7103754580020905,0.4933103024959564,0.6944360154042719
COAD,TCGA-CM-6169-01Z-00-DX1.0381c243-02b8-4f1d-840c-19ef44d4b92c,gigapath_flash,GigaPath-Flash,0.7529178857803345,0.7605799436569214,0.6020190119743347,0.7567489147186279,0.6020190119743347,0.7955333668343292
COAD,TCGA-G4-6309-01Z-00-DX1.3eb20fdc-eb86-4bd5-8194-76b02d4fa472,gigapath_flash,GigaPath-Flash,0.7622630596160889,0.676083505153656,0.4998630583286285,0.7191732823848724,0.4998630583286285,0.6950523198957244
COAD,TCGA-G4-6310-01Z-00-DX1.b88472d4-3adc-4e4d-b0f2-0dc195a3d7df,gigapath_flash,GigaPath-Flash,0.808619499206543,0.720285177230835,0.5539805293083191,0.764452338218689,0.5539805293083191,0.7246763488214231
COAD,TCGA-G4-6588-01Z-00-DX1.0747172e-f630-4b7c-9341-55078585ae00,gigapath_flash,GigaPath-Flash,0.7479764819145203,0.7605805993080139,0.5531859993934631,0.7542785406112671,0.5531859993934631,0.7333975045149255
HNSC,TCGA-BA-6871-01Z-00-DX1.4d9ca329-f8d5-4c31-a20f-9d4fba728326,gigapath_flash,GigaPath-Flash,0.60548996925354,0.3978144824504852,0.2421242147684097,0.5016522258520126,0.2421242147684097,0.48265352427607155
HNSC,TCGA-BA-6872-01Z-00-DX1.F99F6394-D319-4599-B124-D2A6692FA096,gigapath_flash,GigaPath-Flash,0.6334899663925171,0.6318718791007996,0.4372296929359436,0.6326809227466583,0.4372296929359436,0.6910745641543891
HNSC,TCGA-CN-A6V7-01A-01-TS1.F54912D3-1E21-4605-ACFC-142973524AE2,gigapath_flash,GigaPath-Flash,0.5050420761108398,0.4866324961185455,0.2172281891107559,0.4958372861146927,0.2172281891107559,0.43810377959455954
HNSC,TCGA-CV-6935-01Z-00-DX1.9C449CB2-FB6D-41D1-A4A6-3069DC84A697,gigapath_flash,GigaPath-Flash,0.7737729549407959,0.8232679963111877,0.6114399433135986,0.7985204756259918,0.6114399433135986,0.7657160485888188
HNSC,TCGA-CV-A45O-01Z-00-DX1.8CBD0CCC-C815-475D-87F9-76272F4F715B,gigapath_flash,GigaPath-Flash,0.6989192962646484,0.6279646754264832,0.4672539532184601,0.6634419858455658,0.4672539532184601,0.7042875838238344
HNSC,TCGA-CV-A6JE-01Z-00-DX1.20137D17-19B3-49FF-9C3D-60933157E409,gigapath_flash,GigaPath-Flash,0.6450164914131165,0.6163052916526794,0.4079138338565826,0.630660891532898,0.4079138338565826,0.6468037567147987
HNSC,TCGA-CV-A6JU-01Z-00-DX1.35A3A1F0-9D6C-4794-B501-E56E48C51DF9,gigapath_flash,GigaPath-Flash,0.672825038433075,0.5812740325927734,0.4317282736301422,0.6270495355129242,0.4317282736301422,0.6885074450728842
HNSC,TCGA-UF-A719-01Z-00-DX1.4C4ECC2C-C390-4C5E-A709-CF08C113F1A1,gigapath_flash,GigaPath-Flash,0.6421886682510376,0.5619632005691528,0.3258217871189117,0.6020759344100952,0.3258217871189117,0.5411639437775351
KIRC,TCGA-A3-3346-01Z-00-DX1.95280216-fd71-4a03-b452-6e3d667f2542,gigapath_flash,GigaPath-Flash,0.6624857783317566,0.5250613689422607,0.353674978017807,0.5937735736370087,0.353674978017807,0.5956394722174331
KIRC,TCGA-A3-A8CQ-01Z-00-DX1.78DA0827-5FB8-4B9F-A845-22F85830B5FB,gigapath_flash,GigaPath-Flash,0.4831030070781708,0.4925220906734466,0.2282788902521133,0.4878125488758087,0.2282788902521133,0.46796436618573006
KIRC,TCGA-AK-3444-01Z-00-DX1.1F0E0B47-29FF-456F-800A-539983FDCFAA,gigapath_flash,GigaPath-Flash,0.7214524745941162,0.5908486843109131,0.4442747831344604,0.6561505794525146,0.4442747831344604,0.6770927239066965
KIRC,TCGA-B0-5094-01Z-00-DX1.eac31fe2-09da-4ecf-8e25-c073cbb03295,gigapath_flash,GigaPath-Flash,0.8004886507987976,0.78520268201828,0.6569628119468689,0.7928456664085388,0.6569628119468689,0.8286137388160334
KIRC,TCGA-B0-5106-01Z-00-DX1.564e51a3-be50-4eed-ba9c-4d478b96ffc6,gigapath_flash,GigaPath-Flash,0.7995941042900085,0.6248230338096619,0.5139390826225281,0.7122085690498352,0.5139390826225281,0.7216131691706258
KIRC,TCGA-B0-5711-01Z-00-DX1.6839921f-ec08-4e94-8bf9-4b5a4fcdda45,gigapath_flash,GigaPath-Flash,0.8299157619476318,0.7767249941825867,0.6658626198768616,0.8033203780651093,0.6658626198768616,0.8288879979375966
KIRC,TCGA-B2-5633-01Z-00-DX1.c55a29ca-468e-46de-9ff5-a51f46fe09fd,gigapath_flash,GigaPath-Flash,0.7607707381248474,0.523753821849823,0.3754068315029144,0.6422622799873352,0.3754068315029144,0.5845070514032321
KIRC,TCGA-BP-4991-01Z-00-DX1.71305f5c-ca59-48fa-bb82-4b441c1fffdc,gigapath_flash,GigaPath-Flash,0.7201277017593384,0.8195275068283081,0.6145535111427307,0.7698276042938232,0.6145535111427307,0.7983001748897687
KIRC,TCGA-BP-5201-01Z-00-DX1.d1a9878e-bb97-48fb-9098-9d9337f06250,gigapath_flash,GigaPath-Flash,0.7142859697341919,0.6187891960144043,0.4374467134475708,0.6665375828742981,0.4374467134475708,0.6562971461581764
LUAD,TCGA-55-6986-01Z-00-DX1.ae52d41e-3cd6-4d36-b04b-2ea7d29bd8da,gigapath_flash,GigaPath-Flash,0.6250463128089905,0.6520722508430481,0.3808145523071289,0.6385592818260193,0.3808145523071289,0.5963652289543964
LUAD,TCGA-64-5779-01Z-00-DX1.B3268447-DCE0-4927-B5A9-EC4D61E9B17D,gigapath_flash,GigaPath-Flash,0.6788190007209778,0.3677115738391876,0.2394337803125381,0.5232652872800827,0.2394337803125381,0.457576273704506
LUAD,TCGA-78-7158-01Z-00-DX1.74db3dcd-2715-4ce7-8e48-30c8b7946ba0,gigapath_flash,GigaPath-Flash,0.5890108942985535,0.6036061644554138,0.3288131356239319,0.5963085293769836,0.3288131356239319,0.5514144430693824
LUAD,TCGA-78-7163-01Z-00-DX1.42880bdf-271d-41dd-aada-e7ec1156ff31,gigapath_flash,GigaPath-Flash,0.6688977479934692,0.6033637523651123,0.3664384186267853,0.6361307501792908,0.3664384186267853,0.5760426115598187
LUAD,TCGA-78-7536-01Z-00-DX1.6b066140-8b82-40a5-bd48-430eeb4463fe,gigapath_flash,GigaPath-Flash,0.3978581130504608,0.3582337498664856,0.1466482281684875,0.3780459314584732,0.1466482281684875,0.3879111397991495
LUAD,TCGA-86-8668-01Z-00-DX1.d720d486-02c7-4f98-8feb-e0e50a12c158,gigapath_flash,GigaPath-Flash,0.7019153237342834,0.6849546432495117,0.4906010925769806,0.6934349834918976,0.4906010925769806,0.7074940034125247
LUAD,TCGA-97-A4LX-01Z-00-DX1.B2334672-A626-4E74-B4D1-A79F70F65909,gigapath_flash,GigaPath-Flash,0.5332859754562378,0.6541091799736023,0.3111372292041778,0.59369757771492,0.3111372292041778,0.5240668665041762
LUAD,TCGA-97-A4M2-01Z-00-DX1.5C72522C-1538-4D68-B517-5FB05A9D401A,gigapath_flash,GigaPath-Flash,0.6917548179626465,0.7253171801567078,0.4948479235172272,0.7085359990596771,0.4948479235172272,0.6984090069861759
LUAD,TCGA-J2-A4AE-01Z-00-DX1.42C5DE4A-7787-4E59-8969-D12503262C96,gigapath_flash,GigaPath-Flash,0.7506291270256042,0.7200199961662292,0.5289802551269531,0.7353245615959167,0.5289802551269531,0.7193833617890815
STAD,TCGA-BR-6452-01Z-00-DX1.aec8246e-9dce-436d-9faa-df8fa1f6e47c,gigapath_flash,GigaPath-Flash,0.5857148170471191,0.6565189361572266,0.3448729813098907,0.6211168766021729,0.3448729813098907,0.5552465152718477
STAD,TCGA-BR-6454-01Z-00-DX1.63fb6280-2b43-49b2-960a-eb9c0e8b617c,gigapath_flash,GigaPath-Flash,0.450649619102478,0.3929460644721985,0.1548357605934143,0.42179784178733826,0.1548357605934143,0.3670852367032245
STAD,TCGA-BR-A4CQ-01Z-00-DX1.B63282A5-154D-441B-BF96-5BB26CB6D95E,gigapath_flash,GigaPath-Flash,0.7173916101455688,0.6899434924125671,0.4973865449428558,0.703667551279068,0.4973865449428558,0.7068487726039777
STAD,TCGA-CD-A487-01Z-00-DX1.A026BD2F-B721-4340-83D5-7AA39227C90F,gigapath_flash,GigaPath-Flash,0.6181129813194275,0.5079225301742554,0.4306762814521789,0.5630177557468414,0.4306762814521789,0.7649426275746634
STAD,TCGA-FP-8209-01Z-00-DX1.a5e13081-1631-44d4-8d6a-c229a22c2311,gigapath_flash,GigaPath-Flash,0.7074611186981201,0.5585161447525024,0.425769567489624,0.6329886317253113,0.425769567489624,0.6726338296615554
STAD,TCGA-SW-A7EA-01Z-00-DX1.C5E1BE0E-0A25-4480-A3AC-DB2ED7471A4E,gigapath_flash,GigaPath-Flash,0.9100417494773864,0.8558523058891296,0.812956690788269,0.8829470276832581,0.812956690788269,0.9207309898549239
STAD,TCGA-VQ-A8PY-01Z-00-DX1.EA2C7386-012A-442A-95B3-FFA12BD2684D,gigapath_flash,GigaPath-Flash,0.7255885601043701,0.7023594975471497,0.4904317855834961,0.7139740288257599,0.4904317855834961,0.686904237105216
STAD,TCGA-VQ-A924-01Z-00-DX1.736B41F3-9678-4FAF-AE86-FCAC4F6DCBD3,gigapath_flash,GigaPath-Flash,0.5928091406822205,0.5473986864089966,0.3105944097042084,0.5701039135456085,0.3105944097042084,0.5448031531173846
STAD,TCGA-ZQ-A9CR-01Z-00-DX1.C9AC9991-7054-4068-A7AA-9D1EB7F040A3,gigapath_flash,GigaPath-Flash,0.875264048576355,0.8491979241371155,0.8128137588500977,0.8622309863567352,0.8128137588500977,0.9426867877766203
UCEC,TCGA-A5-A0GX-01Z-00-DX1.7E713D1A-5858-4648-957D-77189E43CFAA,gigapath_flash,GigaPath-Flash,0.7002518177032471,0.7459378838539124,0.5339900851249695,0.7230948507785797,0.5339900851249695,0.7384786166711117
UCEC,TCGA-A5-A0R7-01Z-00-DX1.D21E6974-22A3-4A68-8B4E-14E84A7A50A5,gigapath_flash,GigaPath-Flash,0.6652148365974426,0.7513585686683655,0.4726530313491821,0.708286702632904,0.4726530313491821,0.6673187984359945
UCEC,TCGA-AX-A05U-01Z-00-DX1.1EBFC727-B5D5-4543-BBA9-4254ABD3D584,gigapath_flash,GigaPath-Flash,0.7274891138076782,0.6399721503257751,0.4719208478927612,0.6837306320667267,0.4719208478927612,0.6902145753895453
UCEC,TCGA-AX-A06B-01Z-00-DX2.1757C039-99F7-4087-A9E5-D340AF7220D4,gigapath_flash,GigaPath-Flash,0.680751621723175,0.4463192224502563,0.3507953882217407,0.5635354220867157,0.3507953882217407,0.6224903962962616
UCEC,TCGA-AX-A0J0-01Z-00-DX2.56C668BE-03B8-4B87-A226-AABD97D53C38,gigapath_flash,GigaPath-Flash,0.8029531240463257,0.732539713382721,0.601752758026123,0.7677464187145233,0.601752758026123,0.7837910322443029
UCEC,TCGA-B5-A11F-01Z-00-DX1.3F1C053D-E81E-4C8D-965D-6F3DE29D9511,gigapath_flash,GigaPath-Flash,0.7801629304885864,0.6756528615951538,0.5451480746269226,0.7279078960418701,0.5451480746269226,0.7489245240933133
UCEC,TCGA-BG-A0W1-01Z-00-DX1.8E06269C-1278-478B-A128-59FA911B1649,gigapath_flash,GigaPath-Flash,0.8466874361038208,0.7200875878334045,0.6391852498054504,0.7833875119686127,0.6391852498054504,0.8159247371702552
UCEC,TCGA-EY-A1GQ-01Z-00-DX1.03D52C6F-515E-4A4F-A08E-31D773BCC67F,gigapath_flash,GigaPath-Flash,0.4787482619285583,0.5077877640724182,0.2393410205841064,0.4932680130004883,0.2393410205841064,0.48521496281144316
UCEC,TCGA-FI-A2EX-01Z-00-DX1.127F5153-745D-43E6-83CA-DE2738702C62,gigapath_flash,GigaPath-Flash,0.6120270490646362,0.544596791267395,0.3997978270053863,0.5783119201660156,0.3997978270053863,0.691318669154557
BLCA,TCGA-CF-A3MF-01Z-00-DX1.91768C26-5BB1-4DE6-9737-AA26BD687A75,midnight,Midnight,0.8055691123008728,0.8593717813491821,0.6748826503753662,0.8324704468250275,0.6748826503753662,0.8106986295421202
BLCA,TCGA-CU-A0YN-01Z-00-DX1.6C5EAAAF-8F14-49D3-8FFC-9BDAE56CAFD0,midnight,Midnight,0.418070912361145,0.5423848628997803,0.1325588375329971,0.48022788763046265,0.1325588375329971,0.27603319371365137
BLCA,TCGA-DK-A6AW-01Z-00-DX1.C2453A8C-8282-443C-9E76-5B6CAD2FE69B,midnight,Midnight,0.9232834577560424,0.933906614780426,0.8567050099372864,0.9285950362682343,0.8567050099372864,0.9225819398950764
BLCA,TCGA-DK-AA6L-01A-01-TSA.5794F0C6-9ED6-489A-9621-18CCC5935548,midnight,Midnight,0.6044144630432129,0.2808752357959747,0.1596191674470901,0.4426448494195938,0.1596191674470901,0.36060324130369176
BLCA,TCGA-DK-AA77-01A-01-TSA.26CAF5CB-CC4F-4522-BD2B-343FB70205FE,midnight,Midnight,0.3333617746829986,0.1935537755489349,0.0956033393740654,0.26345777511596674,0.0956033393740654,0.3628791723151214
BLCA,TCGA-FD-A6TK-01Z-00-DX1.B685DA87-72A6-4C38-8AA1-40B6E543383C,midnight,Midnight,0.8483485579490662,0.8588169813156128,0.6885531544685364,0.8535827696323395,0.6885531544685364,0.8066624338786903
BLCA,TCGA-GU-AATP-01Z-00-DX1.0D8EC37C-88E7-49D5-A76D-F0A4A3FD8AE4,midnight,Midnight,0.8395577669143677,0.8186905384063721,0.6564082503318787,0.8291241526603699,0.6564082503318787,0.7916887334975031
BLCA,TCGA-XF-A8HB-01Z-00-DX1.D6874152-D20A-4CA4-8E8B-8CBAB5F7D7B5,midnight,Midnight,0.7849103808403015,0.7515382766723633,0.456649899482727,0.7682243287563324,0.456649899482727,0.5944225955743827
BLCA,TCGA-ZF-A9R1-01Z-00-DX1.74520759-D448-45B5-B8AD-45502C99A519,midnight,Midnight,0.7655198574066162,0.8052836656570435,0.5727586150169373,0.7854017615318298,0.5727586150169373,0.7292555772982248
BLCA,TCGA-ZF-AA51-01Z-00-DX1.128C9731-C206-4E71-9A64-864FA9FD7E96,midnight,Midnight,0.8537243604660034,0.8230672478675842,0.7131522297859192,0.8383958041667938,0.7131522297859192,0.8506152180647625
BRCA,TCGA-A7-A2KD-01Z-00-DX1.BFF2DFC8-1D95-4DC2-98FC-5BD7D7C6CDF5,midnight,Midnight,0.6896827816963196,0.787890613079071,0.5227751135826111,0.7387866973876953,0.5227751135826111,0.7076130572343979
BRCA,TCGA-AN-A0G0-01Z-00-DX1.BE0BB5DF-DEDA-48D8-B5D8-2735C767F28F,midnight,Midnight,0.6917462348937988,0.8583331108093262,0.5342612862586975,0.7750396728515625,0.5342612862586975,0.6893341140757585
BRCA,TCGA-AQ-A04L-01Z-00-DX1.F35BF4DD-896A-43C2-8DA6-C67945C003BE,midnight,Midnight,0.8444020748138428,0.8647087812423706,0.7168686389923096,0.8545554280281067,0.7168686389923096,0.8388790422249023
BRCA,TCGA-AR-A2LK-01Z-00-DX1.FBD59C38-CD4E-4C22-BC74-A57C192A9BBC,midnight,Midnight,0.7620289921760559,0.6151549220085144,0.4909463822841644,0.6885919570922852,0.4909463822841644,0.7129714154043884
BRCA,TCGA-AR-A5QM-01Z-00-DX1.A9017CED-FF57-4090-95B9-94DC91854347,midnight,Midnight,0.6799795031547546,0.7037562131881714,0.4515371024608612,0.691867858171463,0.4515371024608612,0.6526348884803354
BRCA,TCGA-BH-A0C1-01Z-00-DX1.21FE357E-B182-4397-BFEF-7E96E994236A,midnight,Midnight,0.8589422702789307,0.8756066560745239,0.7442941069602966,0.8672744631767273,0.7442941069602966,0.8581990345178991
BRCA,TCGA-D8-A1X8-01Z-00-DX1.DDA3866E-C7CC-4650-BE2B-5C9A98A2D531,midnight,Midnight,0.8293318748474121,0.819979727268219,0.6539421677589417,0.8246558010578156,0.6539421677589417,0.7929880162367215
BRCA,TCGA-E2-A14P-01Z-00-DX1.663B02FF-C64B-41A6-8685-FD61CD76F9C6,midnight,Midnight,0.8642423152923584,0.8581353425979614,0.7673923373222351,0.8611888289451599,0.7673923373222351,0.8910848718999144
BRCA,TCGA-E2-A1LA-01Z-00-DX1.AE49E943-B830-4ED9-B09E-E499441BC2EC,midnight,Midnight,0.8441604971885681,0.8528542518615723,0.7077919244766235,0.8485073745250702,0.7077919244766235,0.8341611937937388
BRCA,TCGA-GM-A3XN-01Z-00-DX1.49F5C8AC-0328-4BC2-9FE2-E7150B7A42E2,midnight,Midnight,0.7767164707183838,0.8405885696411133,0.6086083650588989,0.8086525201797485,0.6086083650588989,0.7526203775678786
COAD,TCGA-AY-A8YK-01Z-00-DX1.89E3C546-0425-449B-A6FB-1C35168EA7EB,midnight,Midnight,0.680799126625061,0.898490846157074,0.5385997295379639,0.7896449863910675,0.5385997295379639,0.6820783248425834
COAD,TCGA-CK-4947-01Z-00-DX1.b257d5fd-b97b-4987-b088-77f044ca7fe2,midnight,Midnight,0.7432986497879028,0.7516466975212097,0.5702750086784363,0.7474726736545563,0.5702750086784363,0.7629376013041893
COAD,TCGA-CM-6168-01Z-00-DX1.96af6eb2-9d51-4671-baf8-1a73d0c66869,midnight,Midnight,0.871218204498291,0.8602988123893738,0.7185505032539368,0.8657585084438324,0.7185505032539368,0.8299664354965494
COAD,TCGA-CM-6169-01Z-00-DX1.0381c243-02b8-4f1d-840c-19ef44d4b92c,midnight,Midnight,0.8274741768836975,0.8402699828147888,0.6718639135360718,0.8338720798492432,0.6718639135360718,0.8057158043444013
COAD,TCGA-G4-6309-01Z-00-DX1.3eb20fdc-eb86-4bd5-8194-76b02d4fa472,midnight,Midnight,0.8544263243675232,0.885406494140625,0.7419791221618652,0.8699164092540741,0.7419791221618652,0.8529315164868415
COAD,TCGA-G4-6310-01Z-00-DX1.b88472d4-3adc-4e4d-b0f2-0dc195a3d7df,midnight,Midnight,0.8470066785812378,0.880692183971405,0.6997525691986084,0.8638494312763214,0.6997525691986084,0.8100399720871924
COAD,TCGA-G4-6588-01Z-00-DX1.0747172e-f630-4b7c-9341-55078585ae00,midnight,Midnight,0.8144364953041077,0.8863053321838379,0.6949505805969238,0.8503709137439728,0.6949505805969238,0.8172323034159628
HNSC,TCGA-BA-6871-01Z-00-DX1.4d9ca329-f8d5-4c31-a20f-9d4fba728326,midnight,Midnight,0.5350942611694336,0.3805214762687683,0.2634982764720917,0.45780786871910095,0.2634982764720917,0.5755651977091014
HNSC,TCGA-BA-6872-01Z-00-DX1.F99F6394-D319-4599-B124-D2A6692FA096,midnight,Midnight,0.7431322932243347,0.8006579279899597,0.5817989110946655,0.7718951106071472,0.5817989110946655,0.7537279393271992
HNSC,TCGA-CN-A6V7-01A-01-TS1.F54912D3-1E21-4605-ACFC-142973524AE2,midnight,Midnight,0.3104750514030456,0.2161352038383484,0.1259084045886993,0.263305127620697,0.1259084045886993,0.47818440045754096
HNSC,TCGA-CV-6935-01Z-00-DX1.9C449CB2-FB6D-41D1-A4A6-3069DC84A697,midnight,Midnight,0.7562434673309326,0.7997362613677979,0.5985147953033447,0.7779898643493652,0.5985147953033447,0.7693092451839126
HNSC,TCGA-CV-A45O-01Z-00-DX1.8CBD0CCC-C815-475D-87F9-76272F4F715B,midnight,Midnight,0.7457565069198608,0.7870171070098877,0.5171552896499634,0.7663868069648743,0.5171552896499634,0.6747967018091767
HNSC,TCGA-CV-A6JE-01Z-00-DX1.20137D17-19B3-49FF-9C3D-60933157E409,midnight,Midnight,0.7671189308166504,0.8004761934280396,0.5706198215484619,0.783797562122345,0.5706198215484619,0.7280193880717791
HNSC,TCGA-CV-A6JU-01Z-00-DX1.35A3A1F0-9D6C-4794-B501-E56E48C51DF9,midnight,Midnight,0.7435052394866943,0.835540235042572,0.5741449594497681,0.7895227372646332,0.5741449594497681,0.7272050979037549
HNSC,TCGA-UF-A719-01Z-00-DX1.4C4ECC2C-C390-4C5E-A709-CF08C113F1A1,midnight,Midnight,0.8269546031951904,0.8415409326553345,0.654919445514679,0.8342477679252625,0.654919445514679,0.7850418912638326
KIRC,TCGA-A3-3346-01Z-00-DX1.95280216-fd71-4a03-b452-6e3d667f2542,midnight,Midnight,0.6796066761016846,0.5047839879989624,0.334969013929367,0.5921953320503235,0.334969013929367,0.5656394027450761
KIRC,TCGA-A3-A8CQ-01Z-00-DX1.78DA0827-5FB8-4B9F-A845-22F85830B5FB,midnight,Midnight,0.516463577747345,0.2633044719696045,0.1393125057220459,0.38988402485847473,0.1393125057220459,0.3573178095014675
KIRC,TCGA-AK-3444-01Z-00-DX1.1F0E0B47-29FF-456F-800A-539983FDCFAA,midnight,Midnight,0.8746634125709534,0.8978049159049988,0.7747527956962585,0.8862341642379761,0.7747527956962585,0.8742077737010125
KIRC,TCGA-B0-5094-01Z-00-DX1.eac31fe2-09da-4ecf-8e25-c073cbb03295,midnight,Midnight,0.9057906866073608,0.9175305366516112,0.8265702724456787,0.9116606116294861,0.8265702724456787,0.9066644559407712
KIRC,TCGA-B0-5106-01Z-00-DX1.564e51a3-be50-4eed-ba9c-4d478b96ffc6,midnight,Midnight,0.8276669979095459,0.863010823726654,0.6984050273895264,0.8453389108181,0.6984050273895264,0.8261834613925741
KIRC,TCGA-B0-5711-01Z-00-DX1.6839921f-ec08-4e94-8bf9-4b5a4fcdda45,midnight,Midnight,0.875239908695221,0.8875338435173035,0.7750259041786194,0.8813868761062622,0.7750259041786194,0.8793254417429972
KIRC,TCGA-B2-5633-01Z-00-DX1.c55a29ca-468e-46de-9ff5-a51f46fe09fd,midnight,Midnight,0.6862239837646484,0.6383111476898193,0.4178277254104614,0.6622675657272339,0.4178277254104614,0.6309047083585411
KIRC,TCGA-BP-4991-01Z-00-DX1.71305f5c-ca59-48fa-bb82-4b441c1fffdc,midnight,Midnight,0.9229282140731812,0.9526873230934144,0.8769490718841553,0.9378077685832977,0.8769490718841553,0.9351053608874675
KIRC,TCGA-BP-5201-01Z-00-DX1.d1a9878e-bb97-48fb-9098-9d9337f06250,midnight,Midnight,0.5899765491485596,0.3021629750728607,0.1447227299213409,0.44606976211071014,0.1447227299213409,0.3244396778578821
LUAD,TCGA-55-6986-01Z-00-DX1.ae52d41e-3cd6-4d36-b04b-2ea7d29bd8da,midnight,Midnight,0.7357469201087952,0.7534115314483643,0.553892970085144,0.7445792257785797,0.553892970085144,0.7439006500697869
LUAD,TCGA-64-5779-01Z-00-DX1.B3268447-DCE0-4927-B5A9-EC4D61E9B17D,midnight,Midnight,0.6700294017791748,0.4606882929801941,0.2471569627523422,0.5653588473796844,0.2471569627523422,0.4371682939037057
LUAD,TCGA-78-7158-01Z-00-DX1.74db3dcd-2715-4ce7-8e48-30c8b7946ba0,midnight,Midnight,0.6661002039909363,0.6338396668434143,0.4322019517421722,0.6499699354171753,0.4322019517421722,0.6649568359877578
LUAD,TCGA-78-7163-01Z-00-DX1.42880bdf-271d-41dd-aada-e7ec1156ff31,midnight,Midnight,0.5292368531227112,0.5827053189277649,0.3349023759365082,0.555971086025238,0.3349023759365082,0.6023737283368463
LUAD,TCGA-78-7536-01Z-00-DX1.6b066140-8b82-40a5-bd48-430eeb4463fe,midnight,Midnight,0.477716326713562,0.5822175741195679,0.2084051519632339,0.5299669504165649,0.2084051519632339,0.39324178951050276
LUAD,TCGA-86-8668-01Z-00-DX1.d720d486-02c7-4f98-8feb-e0e50a12c158,midnight,Midnight,0.7793874740600586,0.7476546764373779,0.5730956792831421,0.7635210752487183,0.5730956792831421,0.7505957567660528
LUAD,TCGA-97-A4LX-01Z-00-DX1.B2334672-A626-4E74-B4D1-A79F70F65909,midnight,Midnight,0.6437668204307556,0.7920306921005249,0.4503705203533172,0.7178987562656403,0.4503705203533172,0.6273454528547323
LUAD,TCGA-97-A4M2-01Z-00-DX1.5C72522C-1538-4D68-B517-5FB05A9D401A,midnight,Midnight,0.8021256923675537,0.7911049723625183,0.5855921506881714,0.796615332365036,0.5855921506881714,0.7351002760010064
LUAD,TCGA-J2-A4AE-01Z-00-DX1.42C5DE4A-7787-4E59-8969-D12503262C96,midnight,Midnight,0.8212420344352722,0.8785582780838013,0.6632921099662781,0.8499001562595367,0.6632921099662781,0.7804353312340448
STAD,TCGA-BR-6452-01Z-00-DX1.aec8246e-9dce-436d-9faa-df8fa1f6e47c,midnight,Midnight,0.6664125323295593,0.8300304412841797,0.5178622603416443,0.7482214868068695,0.5178622603416443,0.6921242833478192
STAD,TCGA-BR-6454-01Z-00-DX1.63fb6280-2b43-49b2-960a-eb9c0e8b617c,midnight,Midnight,0.382218450307846,0.4634914398193359,0.1399439871311187,0.42285494506359095,0.1399439871311187,0.33095033832482024
STAD,TCGA-BR-A4CQ-01Z-00-DX1.B63282A5-154D-441B-BF96-5BB26CB6D95E,midnight,Midnight,0.7623449563980103,0.8639479279518127,0.6214487552642822,0.8131464421749115,0.6214487552642822,0.7642519514714986
STAD,TCGA-CD-A487-01Z-00-DX1.A026BD2F-B721-4340-83D5-7AA39227C90F,midnight,Midnight,0.7921520471572876,0.8386219143867493,0.6774820685386658,0.8153869807720184,0.6774820685386658,0.830871824685277
STAD,TCGA-FP-8209-01Z-00-DX1.a5e13081-1631-44d4-8d6a-c229a22c2311,midnight,Midnight,0.8198670148849487,0.6722240447998047,0.5842661261558533,0.7460455298423767,0.5842661261558533,0.783150763304347
STAD,TCGA-SW-A7EA-01Z-00-DX1.C5E1BE0E-0A25-4480-A3AC-DB2ED7471A4E,midnight,Midnight,0.938776433467865,0.9102841019630432,0.8442438244819641,0.9245302677154541,0.8442438244819641,0.913159746049331
STAD,TCGA-VQ-A8PY-01Z-00-DX1.EA2C7386-012A-442A-95B3-FFA12BD2684D,midnight,Midnight,0.8429501056671143,0.8685671091079712,0.7305027842521667,0.8557586073875427,0.7305027842521667,0.8536318278845519
STAD,TCGA-VQ-A924-01Z-00-DX1.736B41F3-9678-4FAF-AE86-FCAC4F6DCBD3,midnight,Midnight,0.7771071195602417,0.8870403170585632,0.6642582416534424,0.8320737183094025,0.6642582416534424,0.7983165758474795
STAD,TCGA-ZQ-A9CR-01Z-00-DX1.C9AC9991-7054-4068-A7AA-9D1EB7F040A3,midnight,Midnight,0.8552641272544861,0.8204680681228638,0.8011108636856079,0.8378660976886749,0.8011108636856079,0.9561323293728443
UCEC,TCGA-A5-A0GX-01Z-00-DX1.7E713D1A-5858-4648-957D-77189E43CFAA,midnight,Midnight,0.8509790897369385,0.9283358454704284,0.761304497718811,0.8896574676036835,0.761304497718811,0.8557276541154714
UCEC,TCGA-A5-A0R7-01Z-00-DX1.D21E6974-22A3-4A68-8B4E-14E84A7A50A5,midnight,Midnight,0.8132842183113098,0.8627884984016418,0.6615700125694275,0.8380363583564758,0.6615700125694275,0.7894287711655766
UCEC,TCGA-AX-A05U-01Z-00-DX1.1EBFC727-B5D5-4543-BBA9-4254ABD3D584,midnight,Midnight,0.7829239368438721,0.8040340542793274,0.6630701422691345,0.7934789955615997,0.6630701422691345,0.8356492685730567
UCEC,TCGA-AX-A06B-01Z-00-DX2.1757C039-99F7-4087-A9E5-D340AF7220D4,midnight,Midnight,0.8064141273498535,0.7615378499031067,0.5589226484298706,0.7839759886264801,0.5589226484298706,0.7129333761982924
UCEC,TCGA-AX-A0J0-01Z-00-DX2.56C668BE-03B8-4B87-A226-AABD97D53C38,midnight,Midnight,0.922357141971588,0.93586665391922,0.8619533777236938,0.929111897945404,0.8619533777236938,0.9277175113458115
UCEC,TCGA-B5-A11F-01Z-00-DX1.3F1C053D-E81E-4C8D-965D-6F3DE29D9511,midnight,Midnight,0.8181934356689453,0.8478735685348511,0.772436261177063,0.8330335021018982,0.772436261177063,0.927257138191997
UCEC,TCGA-BG-A0W1-01Z-00-DX1.8E06269C-1278-478B-A128-59FA911B1649,midnight,Midnight,0.9238241314888,0.9265886545181274,0.8498429656028748,0.9252063930034637,0.8498429656028748,0.9185441994667379
UCEC,TCGA-EY-A1GQ-01Z-00-DX1.03D52C6F-515E-4A4F-A08E-31D773BCC67F,midnight,Midnight,0.4382410943508148,0.5522688031196594,0.1747409254312515,0.4952549487352371,0.1747409254312515,0.35283024607325597
UCEC,TCGA-FI-A2EX-01Z-00-DX1.127F5153-745D-43E6-83CA-DE2738702C62,midnight,Midnight,0.8180399537086487,0.8588937520980835,0.7148582339286804,0.8384668529033661,0.7148582339286804,0.8525778108619737
BLCA,TCGA-CF-A3MF-01Z-00-DX1.91768C26-5BB1-4DE6-9737-AA26BD687A75,phikon,Phikon,0.8641329407691956,0.7271728515625,0.652869701385498,0.7956528961658478,0.652869701385498,0.8205458743776285
BLCA,TCGA-CU-A0YN-01Z-00-DX1.6C5EAAAF-8F14-49D3-8FFC-9BDAE56CAFD0,phikon,Phikon,0.6796765327453613,0.66800457239151,0.4296514391899109,0.6738405525684357,0.4296514391899109,0.6376158833899733
BLCA,TCGA-DK-A6AW-01Z-00-DX1.C2453A8C-8282-443C-9E76-5B6CAD2FE69B,phikon,Phikon,0.9340644478797911,0.8434322476387024,0.8110890984535217,0.8887483477592468,0.8110890984535217,0.9126195289121795
BLCA,TCGA-DK-AA6L-01A-01-TSA.5794F0C6-9ED6-489A-9621-18CCC5935548,phikon,Phikon,0.6875718235969543,0.5529441833496094,0.3798563182353973,0.6202580034732819,0.3798563182353973,0.6124166332531007
BLCA,TCGA-DK-AA77-01A-01-TSA.26CAF5CB-CC4F-4522-BD2B-343FB70205FE,phikon,Phikon,0.6047903895378113,0.4393717050552368,0.2919143438339233,0.522081047296524,0.2919143438339233,0.5591360677533387
BLCA,TCGA-FD-A6TK-01Z-00-DX1.B685DA87-72A6-4C38-8AA1-40B6E543383C,phikon,Phikon,0.8997149467468262,0.8180330395698547,0.7247899174690247,0.8588739931583405,0.7247899174690247,0.8438838796407748
BLCA,TCGA-GU-AATP-01Z-00-DX1.0D8EC37C-88E7-49D5-A76D-F0A4A3FD8AE4,phikon,Phikon,0.8410390615463257,0.7681490182876587,0.6491210460662842,0.8045940399169922,0.6491210460662842,0.8067683997923378
BLCA,TCGA-XF-A8HB-01Z-00-DX1.D6874152-D20A-4CA4-8E8B-8CBAB5F7D7B5,phikon,Phikon,0.8185384273529053,0.6312177181243896,0.5504150390625,0.7248780727386475,0.5504150390625,0.7593208565172731
BLCA,TCGA-ZF-A9R1-01Z-00-DX1.74520759-D448-45B5-B8AD-45502C99A519,phikon,Phikon,0.8453055620193481,0.7832258939743042,0.6680638194084167,0.8142657279968262,0.6680638194084167,0.8204493894786896
BLCA,TCGA-ZF-AA51-01Z-00-DX1.128C9731-C206-4E71-9A64-864FA9FD7E96,phikon,Phikon,0.8845189809799194,0.7101016640663147,0.6456310153007507,0.7973103225231171,0.6456310153007507,0.8097612649208257
BRCA,TCGA-A7-A2KD-01Z-00-DX1.BFF2DFC8-1D95-4DC2-98FC-5BD7D7C6CDF5,phikon,Phikon,0.7784909009933472,0.664171576499939,0.4993924498558044,0.7213312387466431,0.4993924498558044,0.692320563744791
BRCA,TCGA-AN-A0G0-01Z-00-DX1.BE0BB5DF-DEDA-48D8-B5D8-2735C767F28F,phikon,Phikon,0.8246777057647705,0.74339359998703,0.6339078545570374,0.7840356528759003,0.6339078545570374,0.808519169035001
BRCA,TCGA-AQ-A04L-01Z-00-DX1.F35BF4DD-896A-43C2-8DA6-C67945C003BE,phikon,Phikon,0.926891028881073,0.8111163377761841,0.7643477320671082,0.8690036833286285,0.7643477320671082,0.8795678853044137
BRCA,TCGA-AR-A2LK-01Z-00-DX1.FBD59C38-CD4E-4C22-BC74-A57C192A9BBC,phikon,Phikon,0.7786950469017029,0.61883544921875,0.4436964392662048,0.6987652480602264,0.4436964392662048,0.6349721032892046
BRCA,TCGA-AR-A5QM-01Z-00-DX1.A9017CED-FF57-4090-95B9-94DC91854347,phikon,Phikon,0.727892279624939,0.568432092666626,0.4043810367584228,0.6481621861457825,0.4043810367584228,0.6238886584282638
BRCA,TCGA-BH-A0C1-01Z-00-DX1.21FE357E-B182-4397-BFEF-7E96E994236A,phikon,Phikon,0.8858046531677246,0.7563077211380005,0.6750962138175964,0.8210561871528625,0.6750962138175964,0.8222290074429565
BRCA,TCGA-D8-A1X8-01Z-00-DX1.DDA3866E-C7CC-4650-BE2B-5C9A98A2D531,phikon,Phikon,0.8672941327095032,0.6881548762321472,0.6052258610725403,0.7777245044708252,0.6052258610725403,0.7782008379488371
BRCA,TCGA-E2-A14P-01Z-00-DX1.663B02FF-C64B-41A6-8685-FD61CD76F9C6,phikon,Phikon,0.9333641529083252,0.8681727051734924,0.8277401924133301,0.9007684290409088,0.8277401924133301,0.9189267360254451
BRCA,TCGA-E2-A1LA-01Z-00-DX1.AE49E943-B830-4ED9-B09E-E499441BC2EC,phikon,Phikon,0.9039784073829652,0.8153440356254578,0.7252687811851501,0.8596612215042114,0.7252687811851501,0.8436681369855149
BRCA,TCGA-GM-A3XN-01Z-00-DX1.49F5C8AC-0328-4BC2-9FE2-E7150B7A42E2,phikon,Phikon,0.8518385291099548,0.7451069951057434,0.6568095088005066,0.7984727621078491,0.6568095088005066,0.8225822344479571
COAD,TCGA-AY-A8YK-01Z-00-DX1.89E3C546-0425-449B-A6FB-1C35168EA7EB,phikon,Phikon,0.8069466352462769,0.7578219771385193,0.6409501433372498,0.7823843061923981,0.6409501433372498,0.819226738399878
COAD,TCGA-CK-4947-01Z-00-DX1.b257d5fd-b97b-4987-b088-77f044ca7fe2,phikon,Phikon,0.8342292308807373,0.7107239961624146,0.6200597286224365,0.7724766135215759,0.6200597286224365,0.8026906158306859
COAD,TCGA-CM-6168-01Z-00-DX1.96af6eb2-9d51-4671-baf8-1a73d0c66869,phikon,Phikon,0.8997882008552551,0.7839482426643372,0.6928139925003052,0.8418682217597961,0.6928139925003052,0.8229482650527942
COAD,TCGA-CM-6169-01Z-00-DX1.0381c243-02b8-4f1d-840c-19ef44d4b92c,phikon,Phikon,0.8854854106903076,0.8162699341773987,0.7388738989830017,0.8508776724338531,0.7388738989830017,0.8683667734158831
COAD,TCGA-G4-6309-01Z-00-DX1.3eb20fdc-eb86-4bd5-8194-76b02d4fa472,phikon,Phikon,0.8916332721710205,0.7910662889480591,0.6969127058982849,0.8413497805595398,0.6969127058982849,0.8283269598463591
COAD,TCGA-G4-6310-01Z-00-DX1.b88472d4-3adc-4e4d-b0f2-0dc195a3d7df,phikon,Phikon,0.9043648838996888,0.8405951261520386,0.7766992449760437,0.8724800050258636,0.7766992449760437,0.8902201087726009
COAD,TCGA-G4-6588-01Z-00-DX1.0747172e-f630-4b7c-9341-55078585ae00,phikon,Phikon,0.8713535666465759,0.8151366114616394,0.7123550772666931,0.8432450890541077,0.7123550772666931,0.8447782104082721
HNSC,TCGA-BA-6871-01Z-00-DX1.4d9ca329-f8d5-4c31-a20f-9d4fba728326,phikon,Phikon,0.6830695867538452,0.5008957386016846,0.3719049096107483,0.5919826626777649,0.3719049096107483,0.6282361512556459
HNSC,TCGA-BA-6872-01Z-00-DX1.F99F6394-D319-4599-B124-D2A6692FA096,phikon,Phikon,0.7436383366584778,0.6700894236564636,0.5157434940338135,0.7068638801574707,0.5157434940338135,0.7296220793159206
HNSC,TCGA-CN-A6V7-01A-01-TS1.F54912D3-1E21-4605-ACFC-142973524AE2,phikon,Phikon,0.5078043937683105,0.5952280759811401,0.318323403596878,0.5515162348747253,0.318323403596878,0.5771786639593373
HNSC,TCGA-CV-6935-01Z-00-DX1.9C449CB2-FB6D-41D1-A4A6-3069DC84A697,phikon,Phikon,0.8807395696640015,0.836709201335907,0.740235447883606,0.8587243854999542,0.740235447883606,0.8620174998904179
HNSC,TCGA-CV-A45O-01Z-00-DX1.8CBD0CCC-C815-475D-87F9-76272F4F715B,phikon,Phikon,0.8846265077590942,0.7505650520324707,0.6867934465408325,0.8175957798957825,0.6867934465408325,0.8400158897938256
HNSC,TCGA-CV-A6JE-01Z-00-DX1.20137D17-19B3-49FF-9C3D-60933157E409,phikon,Phikon,0.749911904335022,0.7729384303092957,0.5643758177757263,0.7614251673221588,0.5643758177757263,0.7412098286172606
HNSC,TCGA-CV-A6JU-01Z-00-DX1.35A3A1F0-9D6C-4794-B501-E56E48C51DF9,phikon,Phikon,0.7874878644943237,0.6464436054229736,0.5188681483268738,0.7169657349586487,0.5188681483268738,0.7237000640718203
HNSC,TCGA-UF-A719-01Z-00-DX1.4C4ECC2C-C390-4C5E-A709-CF08C113F1A1,phikon,Phikon,0.8360334038734436,0.6540243625640869,0.5792604088783264,0.7450288832187653,0.5792604088783264,0.7775006069237671
KIRC,TCGA-A3-3346-01Z-00-DX1.95280216-fd71-4a03-b452-6e3d667f2542,phikon,Phikon,0.7266951203346252,0.6020734906196594,0.4264254570007324,0.6643843054771423,0.4264254570007324,0.6418355362781869
KIRC,TCGA-A3-A8CQ-01Z-00-DX1.78DA0827-5FB8-4B9F-A845-22F85830B5FB,phikon,Phikon,0.6032085418701172,0.508123517036438,0.2846498787403106,0.5556660294532776,0.2846498787403106,0.512267915712571
KIRC,TCGA-AK-3444-01Z-00-DX1.1F0E0B47-29FF-456F-800A-539983FDCFAA,phikon,Phikon,0.8559508919715881,0.7413551807403564,0.6921976208686829,0.7986530363559723,0.6921976208686829,0.8667063034368274
KIRC,TCGA-B0-5094-01Z-00-DX1.eac31fe2-09da-4ecf-8e25-c073cbb03295,phikon,Phikon,0.9194225668907166,0.8941743969917297,0.843740701675415,0.9067984819412231,0.843740701675415,0.9304610875276086
KIRC,TCGA-B0-5106-01Z-00-DX1.564e51a3-be50-4eed-ba9c-4d478b96ffc6,phikon,Phikon,0.859929084777832,0.7394325733184814,0.6404543519020081,0.7996808290481567,0.6404543519020081,0.8008874648956227
KIRC,TCGA-B0-5711-01Z-00-DX1.6839921f-ec08-4e94-8bf9-4b5a4fcdda45,phikon,Phikon,0.9118427634239196,0.804083526134491,0.7440696358680725,0.8579631447792053,0.7440696358680725,0.8672512804259873
KIRC,TCGA-B2-5633-01Z-00-DX1.c55a29ca-468e-46de-9ff5-a51f46fe09fd,phikon,Phikon,0.8239315748214722,0.6647679209709167,0.4391957819461822,0.7443497478961945,0.4391957819461822,0.5900395387887356
KIRC,TCGA-BP-4991-01Z-00-DX1.71305f5c-ca59-48fa-bb82-4b441c1fffdc,phikon,Phikon,0.9119170308113098,0.8430436849594116,0.7491523623466492,0.8774803578853607,0.7491523623466492,0.8537539964450382
KIRC,TCGA-BP-5201-01Z-00-DX1.d1a9878e-bb97-48fb-9098-9d9337f06250,phikon,Phikon,0.6915938854217529,0.5667988657951355,0.4055397808551788,0.6291963756084442,0.4055397808551788,0.6445361044284696
LUAD,TCGA-55-6986-01Z-00-DX1.ae52d41e-3cd6-4d36-b04b-2ea7d29bd8da,phikon,Phikon,0.7768630981445312,0.6286625266075134,0.5011422038078308,0.7027628123760223,0.5011422038078308,0.7131029061049522
LUAD,TCGA-64-5779-01Z-00-DX1.B3268447-DCE0-4927-B5A9-EC4D61E9B17D,phikon,Phikon,0.6823778748512268,0.4366415143013,0.288418710231781,0.5595096945762634,0.288418710231781,0.5154847414220601
LUAD,TCGA-78-7158-01Z-00-DX1.74db3dcd-2715-4ce7-8e48-30c8b7946ba0,phikon,Phikon,0.7364747524261475,0.6475161910057068,0.4634703397750854,0.6919954717159271,0.4634703397750854,0.6697592090101795
LUAD,TCGA-78-7163-01Z-00-DX1.42880bdf-271d-41dd-aada-e7ec1156ff31,phikon,Phikon,0.675705075263977,0.6542379856109619,0.4443058669567108,0.6649715304374695,0.4443058669567108,0.6681577279923732
LUAD,TCGA-78-7536-01Z-00-DX1.6b066140-8b82-40a5-bd48-430eeb4463fe,phikon,Phikon,0.4425689280033111,0.5161517858505249,0.2769817113876343,0.47936035692691803,0.2769817113876343,0.5778152226923975
LUAD,TCGA-86-8668-01Z-00-DX1.d720d486-02c7-4f98-8feb-e0e50a12c158,phikon,Phikon,0.828616201877594,0.7229753732681274,0.6192008256912231,0.7757957875728607,0.6192008256912231,0.7981492495962662
LUAD,TCGA-97-A4LX-01Z-00-DX1.B2334672-A626-4E74-B4D1-A79F70F65909,phikon,Phikon,0.6702888607978821,0.6902721524238586,0.441854864358902,0.6802805066108704,0.441854864358902,0.6495186324832455
LUAD,TCGA-97-A4M2-01Z-00-DX1.5C72522C-1538-4D68-B517-5FB05A9D401A,phikon,Phikon,0.8177199959754944,0.7754623293876648,0.6589351892471313,0.7965911626815796,0.6589351892471313,0.8271936974908755
LUAD,TCGA-J2-A4AE-01Z-00-DX1.42C5DE4A-7787-4E59-8969-D12503262C96,phikon,Phikon,0.8763302564620972,0.7223919630050659,0.6420576572418213,0.7993611097335815,0.6420576572418213,0.8032135281835417
STAD,TCGA-BR-6452-01Z-00-DX1.aec8246e-9dce-436d-9faa-df8fa1f6e47c,phikon,Phikon,0.7939432263374329,0.7169128656387329,0.5957750082015991,0.7554280459880829,0.5957750082015991,0.78865884231547
STAD,TCGA-BR-6454-01Z-00-DX1.63fb6280-2b43-49b2-960a-eb9c0e8b617c,phikon,Phikon,0.6439902186393738,0.6510888934135437,0.4593618512153625,0.6475395560264587,0.4593618512153625,0.7093958151903121
STAD,TCGA-BR-A4CQ-01Z-00-DX1.B63282A5-154D-441B-BF96-5BB26CB6D95E,phikon,Phikon,0.8749068379402161,0.7794831991195679,0.6861153841018677,0.827195018529892,0.6861153841018677,0.8294481576076776
STAD,TCGA-CD-A487-01Z-00-DX1.A026BD2F-B721-4340-83D5-7AA39227C90F,phikon,Phikon,0.8384289145469666,0.7197076082229614,0.6120496392250061,0.779068261384964,0.6120496392250061,0.7856174735407064
STAD,TCGA-FP-8209-01Z-00-DX1.a5e13081-1631-44d4-8d6a-c229a22c2311,phikon,Phikon,0.7922038435935974,0.6788987517356873,0.5380340218544006,0.7355512976646423,0.5380340218544006,0.7314704270968534
STAD,TCGA-SW-A7EA-01Z-00-DX1.C5E1BE0E-0A25-4480-A3AC-DB2ED7471A4E,phikon,Phikon,0.9361035227775574,0.8887211680412292,0.8477163314819336,0.9124123454093933,0.8477163314819336,0.9290934474385799
STAD,TCGA-VQ-A8PY-01Z-00-DX1.EA2C7386-012A-442A-95B3-FFA12BD2684D,phikon,Phikon,0.8724414110183716,0.763973593711853,0.6973650455474854,0.8182075023651123,0.6973650455474854,0.8523083001948534
STAD,TCGA-VQ-A924-01Z-00-DX1.736B41F3-9678-4FAF-AE86-FCAC4F6DCBD3,phikon,Phikon,0.819159746170044,0.6925660371780396,0.566967248916626,0.7558628916740417,0.566967248916626,0.7500927154406792
STAD,TCGA-ZQ-A9CR-01Z-00-DX1.C9AC9991-7054-4068-A7AA-9D1EB7F040A3,phikon,Phikon,0.9510137438774108,0.9140747785568236,0.901846706867218,0.9325442612171172,0.901846706867218,0.9670819331300865
UCEC,TCGA-A5-A0GX-01Z-00-DX1.7E713D1A-5858-4648-957D-77189E43CFAA,phikon,Phikon,0.9065360426902772,0.8289077281951904,0.7757768034934998,0.8677218854427338,0.7757768034934998,0.8940385352821644
UCEC,TCGA-A5-A0R7-01Z-00-DX1.D21E6974-22A3-4A68-8B4E-14E84A7A50A5,phikon,Phikon,0.893722653388977,0.8481780290603638,0.7625117897987366,0.8709503412246704,0.7625117897987366,0.8754939905374456
UCEC,TCGA-AX-A05U-01Z-00-DX1.1EBFC727-B5D5-4543-BBA9-4254ABD3D584,phikon,Phikon,0.9348758459091188,0.8894275426864624,0.8362070322036743,0.9121516942977905,0.8362070322036743,0.9167411927545874
UCEC,TCGA-AX-A06B-01Z-00-DX2.1757C039-99F7-4087-A9E5-D340AF7220D4,phikon,Phikon,0.8312718272209167,0.5829443335533142,0.4835273623466491,0.7071080803871155,0.4835273623466491,0.6838096972133818
UCEC,TCGA-AX-A0J0-01Z-00-DX2.56C668BE-03B8-4B87-A226-AABD97D53C38,phikon,Phikon,0.9217674732208252,0.857768177986145,0.8084797859191895,0.8897678256034851,0.8084797859191895,0.9086412911939561
UCEC,TCGA-B5-A11F-01Z-00-DX1.3F1C053D-E81E-4C8D-965D-6F3DE29D9511,phikon,Phikon,0.9146023392677308,0.8677573800086975,0.8135420680046082,0.8911798596382141,0.8135420680046082,0.9128820172561755
UCEC,TCGA-BG-A0W1-01Z-00-DX1.8E06269C-1278-478B-A128-59FA911B1649,phikon,Phikon,0.9550824761390686,0.8231238722801208,0.7868984937667847,0.8891031742095947,0.7868984937667847,0.8850474462272963
UCEC,TCGA-EY-A1GQ-01Z-00-DX1.03D52C6F-515E-4A4F-A08E-31D773BCC67F,phikon,Phikon,0.5642693638801575,0.6361356973648071,0.3589906096458435,0.6002025306224823,0.3589906096458435,0.5981157881382589
UCEC,TCGA-FI-A2EX-01Z-00-DX1.127F5153-745D-43E6-83CA-DE2738702C62,phikon,Phikon,0.8452329635620117,0.7325704097747803,0.6774525046348572,0.788901686668396,0.6774525046348572,0.8587286807508311
BLCA,TCGA-CF-A3MF-01Z-00-DX1.91768C26-5BB1-4DE6-9737-AA26BD687A75,uni,UNI,0.7565656304359436,0.6335790157318115,0.5407902002334595,0.6950723230838776,0.5407902002334595,0.7780344322071358
BLCA,TCGA-CU-A0YN-01Z-00-DX1.6C5EAAAF-8F14-49D3-8FFC-9BDAE56CAFD0,uni,UNI,0.6041471362113953,0.5988811254501343,0.3400124609470367,0.6015141308307648,0.3400124609470367,0.5652609698087022
BLCA,TCGA-DK-A6AW-01Z-00-DX1.C2453A8C-8282-443C-9E76-5B6CAD2FE69B,uni,UNI,0.8736853003501892,0.8132249116897583,0.7474892735481262,0.8434551060199738,0.7474892735481262,0.8862229515395512
BLCA,TCGA-DK-AA6L-01A-01-TSA.5794F0C6-9ED6-489A-9621-18CCC5935548,uni,UNI,0.6565500497817993,0.4404865801334381,0.2704846858978271,0.5485183149576187,0.2704846858978271,0.4931187865964441
BLCA,TCGA-DK-AA77-01A-01-TSA.26CAF5CB-CC4F-4522-BD2B-343FB70205FE,uni,UNI,0.6068166494369507,0.4087536633014679,0.2090668529272079,0.5077851563692093,0.2090668529272079,0.4117230492164996
BLCA,TCGA-FD-A6TK-01Z-00-DX1.B685DA87-72A6-4C38-8AA1-40B6E543383C,uni,UNI,0.7895600199699402,0.7471926212310791,0.648374080657959,0.7683763206005096,0.648374080657959,0.8438236099613725
BLCA,TCGA-GU-AATP-01Z-00-DX1.0D8EC37C-88E7-49D5-A76D-F0A4A3FD8AE4,uni,UNI,0.7774391174316406,0.6904821395874023,0.575882613658905,0.7339606285095215,0.575882613658905,0.7846233044248834
BLCA,TCGA-XF-A8HB-01Z-00-DX1.D6874152-D20A-4CA4-8E8B-8CBAB5F7D7B5,uni,UNI,0.7284653186798096,0.6029921174049377,0.4603434205055237,0.6657287180423737,0.4603434205055237,0.6914880010872879
BLCA,TCGA-ZF-A9R1-01Z-00-DX1.74520759-D448-45B5-B8AD-45502C99A519,uni,UNI,0.7577146291732788,0.6867505311965942,0.551000714302063,0.7222325801849365,0.551000714302063,0.76291312441343
BLCA,TCGA-ZF-AA51-01Z-00-DX1.128C9731-C206-4E71-9A64-864FA9FD7E96,uni,UNI,0.8152528405189514,0.668157160282135,0.5690299868583679,0.7417050004005432,0.5690299868583679,0.7671917899314074
BRCA,TCGA-A7-A2KD-01Z-00-DX1.BFF2DFC8-1D95-4DC2-98FC-5BD7D7C6CDF5,uni,UNI,0.6736115217208862,0.6129537224769592,0.4185651838779449,0.6432826220989227,0.4185651838779449,0.6506707464166175
BRCA,TCGA-AN-A0G0-01Z-00-DX1.BE0BB5DF-DEDA-48D8-B5D8-2735C767F28F,uni,UNI,0.7305709719657898,0.6466271281242371,0.4666599035263061,0.6885990500450134,0.4666599035263061,0.6776946664329565
BRCA,TCGA-AQ-A04L-01Z-00-DX1.F35BF4DD-896A-43C2-8DA6-C67945C003BE,uni,UNI,0.8325771689414978,0.8224329352378845,0.7231380939483643,0.8275050520896912,0.7231380939483643,0.8738775577529467
BRCA,TCGA-AR-A2LK-01Z-00-DX1.FBD59C38-CD4E-4C22-BC74-A57C192A9BBC,uni,UNI,0.7403706312179565,0.5675075650215149,0.4556025862693786,0.6539390981197357,0.4556025862693786,0.696704918820985
BRCA,TCGA-AR-A5QM-01Z-00-DX1.A9017CED-FF57-4090-95B9-94DC91854347,uni,UNI,0.67174232006073,0.6153578162193298,0.4537793099880218,0.6435500681400299,0.4537793099880218,0.7051188904377275
BRCA,TCGA-BH-A0C1-01Z-00-DX1.21FE357E-B182-4397-BFEF-7E96E994236A,uni,UNI,0.7911925315856934,0.7834358215332031,0.6644535660743713,0.7873141765594482,0.6644535660743713,0.8439497037612405
BRCA,TCGA-D8-A1X8-01Z-00-DX1.DDA3866E-C7CC-4650-BE2B-5C9A98A2D531,uni,UNI,0.8227293491363525,0.7107774615287781,0.5984898805618286,0.7667534053325653,0.5984898805618286,0.7805506651806059
BRCA,TCGA-E2-A14P-01Z-00-DX1.663B02FF-C64B-41A6-8685-FD61CD76F9C6,uni,UNI,0.8029346466064453,0.7896409034729004,0.6511547565460205,0.7962877750396729,0.6511547565460205,0.8177379798573179
BRCA,TCGA-E2-A1LA-01Z-00-DX1.AE49E943-B830-4ED9-B09E-E499441BC2EC,uni,UNI,0.8412999510765076,0.7608354687690735,0.6734505295753479,0.8010677099227905,0.6734505295753479,0.8406911441234565
BRCA,TCGA-GM-A3XN-01Z-00-DX1.49F5C8AC-0328-4BC2-9FE2-E7150B7A42E2,uni,UNI,0.743310809135437,0.6973918676376343,0.580879271030426,0.7203513383865356,0.580879271030426,0.8063832744886636
COAD,TCGA-AY-A8YK-01Z-00-DX1.89E3C546-0425-449B-A6FB-1C35168EA7EB,uni,UNI,0.7203894853591919,0.6725659370422363,0.500718355178833,0.6964777112007141,0.500718355178833,0.7189294748795396
COAD,TCGA-CK-4947-01Z-00-DX1.b257d5fd-b97b-4987-b088-77f044ca7fe2,uni,UNI,0.7398276925086975,0.6542913317680359,0.5071684122085571,0.6970595121383667,0.5071684122085571,0.7275826574014013
COAD,TCGA-CM-6168-01Z-00-DX1.96af6eb2-9d51-4671-baf8-1a73d0c66869,uni,UNI,0.794329822063446,0.7012767195701599,0.5956428647041321,0.747803270816803,0.5956428647041321,0.796523481441221
COAD,TCGA-CM-6169-01Z-00-DX1.0381c243-02b8-4f1d-840c-19ef44d4b92c,uni,UNI,0.7847651839256287,0.7021809220314026,0.579898476600647,0.7434730529785156,0.579898476600647,0.7799858707419817
COAD,TCGA-G4-6309-01Z-00-DX1.3eb20fdc-eb86-4bd5-8194-76b02d4fa472,uni,UNI,0.8178262114524841,0.720798671245575,0.6031126976013184,0.7693124413490295,0.6031126976013184,0.7839632705584857
COAD,TCGA-G4-6310-01Z-00-DX1.b88472d4-3adc-4e4d-b0f2-0dc195a3d7df,uni,UNI,0.8246429562568665,0.7982490062713623,0.6825092434883118,0.8114459812641144,0.6825092434883118,0.8411025000395738
COAD,TCGA-G4-6588-01Z-00-DX1.0747172e-f630-4b7c-9341-55078585ae00,uni,UNI,0.7979879975318909,0.7820068001747131,0.6214589476585388,0.789997398853302,0.6214589476585388,0.7866594859180545
HNSC,TCGA-BA-6871-01Z-00-DX1.4d9ca329-f8d5-4c31-a20f-9d4fba728326,uni,UNI,0.6990618109703064,0.4480596482753753,0.2885296046733856,0.5735607296228409,0.2885296046733856,0.5030497901470964
HNSC,TCGA-BA-6872-01Z-00-DX1.F99F6394-D319-4599-B124-D2A6692FA096,uni,UNI,0.7216076850891113,0.7010511755943298,0.4946520626544952,0.7113294303417206,0.4946520626544952,0.6953909701400458
HNSC,TCGA-CN-A6V7-01A-01-TS1.F54912D3-1E21-4605-ACFC-142973524AE2,uni,UNI,0.5411710739135742,0.4895992875099182,0.2608732283115387,0.5153851807117462,0.2608732283115387,0.5061713803087491
HNSC,TCGA-CV-6935-01Z-00-DX1.9C449CB2-FB6D-41D1-A4A6-3069DC84A697,uni,UNI,0.8419419527053833,0.7874932289123535,0.6723034977912903,0.8147175908088684,0.6723034977912903,0.8251982102458516
HNSC,TCGA-CV-A45O-01Z-00-DX1.8CBD0CCC-C815-475D-87F9-76272F4F715B,uni,UNI,0.8204826712608337,0.6971983909606934,0.5854350328445435,0.7588405311107635,0.5854350328445435,0.7714862462441281
HNSC,TCGA-CV-A6JE-01Z-00-DX1.20137D17-19B3-49FF-9C3D-60933157E409,uni,UNI,0.7768236398696899,0.7262470722198486,0.5444332957267761,0.7515353560447693,0.5444332957267761,0.724428054312782
HNSC,TCGA-CV-A6JU-01Z-00-DX1.35A3A1F0-9D6C-4794-B501-E56E48C51DF9,uni,UNI,0.742743730545044,0.6307112574577332,0.4789417386054992,0.6867274940013885,0.4789417386054992,0.6974261883921758
HNSC,TCGA-UF-A719-01Z-00-DX1.4C4ECC2C-C390-4C5E-A709-CF08C113F1A1,uni,UNI,0.756453275680542,0.6098824143409729,0.4707330167293548,0.6831678450107574,0.4707330167293548,0.6890444568888374
KIRC,TCGA-A3-3346-01Z-00-DX1.95280216-fd71-4a03-b452-6e3d667f2542,uni,UNI,0.7271689176559448,0.6062684655189514,0.4383436441421509,0.6667186915874481,0.4383436441421509,0.6574641594320096
KIRC,TCGA-A3-A8CQ-01Z-00-DX1.78DA0827-5FB8-4B9F-A845-22F85830B5FB,uni,UNI,0.6268397569656372,0.4897655844688415,0.3042755126953125,0.5583026707172394,0.3042755126953125,0.5450009979433132
KIRC,TCGA-AK-3444-01Z-00-DX1.1F0E0B47-29FF-456F-800A-539983FDCFAA,uni,UNI,0.8116278648376465,0.766321063041687,0.6400967836380005,0.7889744639396667,0.6400967836380005,0.8113022827655788
KIRC,TCGA-B0-5094-01Z-00-DX1.eac31fe2-09da-4ecf-8e25-c073cbb03295,uni,UNI,0.8919022083282471,0.8482533693313599,0.772724986076355,0.8700777888298035,0.772724986076355,0.888110231058327
KIRC,TCGA-B0-5106-01Z-00-DX1.564e51a3-be50-4eed-ba9c-4d478b96ffc6,uni,UNI,0.8268973231315613,0.7579047679901123,0.6285502910614014,0.7924010455608368,0.6285502910614014,0.7932224403067679
KIRC,TCGA-B0-5711-01Z-00-DX1.6839921f-ec08-4e94-8bf9-4b5a4fcdda45,uni,UNI,0.865608811378479,0.826896071434021,0.742946445941925,0.84625244140625,0.742946445941925,0.877925320613956
KIRC,TCGA-B2-5633-01Z-00-DX1.c55a29ca-468e-46de-9ff5-a51f46fe09fd,uni,UNI,0.8271991014480591,0.5394588112831116,0.3748193681240082,0.6833289563655853,0.3748193681240082,0.5485196619173818
KIRC,TCGA-BP-4991-01Z-00-DX1.71305f5c-ca59-48fa-bb82-4b441c1fffdc,uni,UNI,0.8925131559371948,0.8828979134559631,0.7998673319816589,0.887705534696579,0.7998673319816589,0.9010502928260513
KIRC,TCGA-BP-5201-01Z-00-DX1.d1a9878e-bb97-48fb-9098-9d9337f06250,uni,UNI,0.7234259843826294,0.5536862015724182,0.4017027914524078,0.6385560929775238,0.4017027914524078,0.6290798817364774
LUAD,TCGA-55-6986-01Z-00-DX1.ae52d41e-3cd6-4d36-b04b-2ea7d29bd8da,uni,UNI,0.7123420238494873,0.6908438801765442,0.4818733334541321,0.7015929520130157,0.4818733334541321,0.6868275002927802
LUAD,TCGA-64-5779-01Z-00-DX1.B3268447-DCE0-4927-B5A9-EC4D61E9B17D,uni,UNI,0.7064575552940369,0.3589984476566314,0.2304705530405044,0.5327280014753342,0.2304705530405044,0.4326233132146995
LUAD,TCGA-78-7158-01Z-00-DX1.74db3dcd-2715-4ce7-8e48-30c8b7946ba0,uni,UNI,0.6808813214302063,0.6537950038909912,0.3993129134178161,0.6673381626605988,0.3993129134178161,0.5983666688951258
LUAD,TCGA-78-7163-01Z-00-DX1.42880bdf-271d-41dd-aada-e7ec1156ff31,uni,UNI,0.6718747019767761,0.6432404518127441,0.4222898185253143,0.6575575768947601,0.4222898185253143,0.6422096457614088
LUAD,TCGA-78-7536-01Z-00-DX1.6b066140-8b82-40a5-bd48-430eeb4463fe,uni,UNI,0.5048264861106873,0.4113259613513946,0.190855011343956,0.45807622373104095,0.190855011343956,0.4166446574970378
LUAD,TCGA-86-8668-01Z-00-DX1.d720d486-02c7-4f98-8feb-e0e50a12c158,uni,UNI,0.7535912990570068,0.7579604387283325,0.5808625817298889,0.7557758688926697,0.5808625817298889,0.7685646044520366
LUAD,TCGA-97-A4LX-01Z-00-DX1.B2334672-A626-4E74-B4D1-A79F70F65909,uni,UNI,0.6335471868515015,0.657703697681427,0.4347604811191559,0.6456254422664642,0.4347604811191559,0.6733942819739752
LUAD,TCGA-97-A4M2-01Z-00-DX1.5C72522C-1538-4D68-B517-5FB05A9D401A,uni,UNI,0.7351160049438477,0.7180218696594238,0.544533371925354,0.7265689373016357,0.544533371925354,0.7494586459306483
LUAD,TCGA-J2-A4AE-01Z-00-DX1.42C5DE4A-7787-4E59-8969-D12503262C96,uni,UNI,0.8271075487136841,0.7380902171134949,0.6274077892303467,0.7825988829135895,0.6274077892303467,0.8016977827703107
STAD,TCGA-BR-6452-01Z-00-DX1.aec8246e-9dce-436d-9faa-df8fa1f6e47c,uni,UNI,0.6760270595550537,0.7167387008666992,0.4805176556110382,0.6963828802108765,0.4805176556110382,0.6900193403168231
STAD,TCGA-BR-6454-01Z-00-DX1.63fb6280-2b43-49b2-960a-eb9c0e8b617c,uni,UNI,0.4588127434253692,0.5062659978866577,0.2557360827922821,0.4825393706560135,0.2557360827922821,0.5299797246483914
STAD,TCGA-BR-A4CQ-01Z-00-DX1.B63282A5-154D-441B-BF96-5BB26CB6D95E,uni,UNI,0.7469225525856018,0.7192893624305725,0.5661907196044922,0.7331059575080872,0.5661907196044922,0.7723177172492781
STAD,TCGA-CD-A487-01Z-00-DX1.A026BD2F-B721-4340-83D5-7AA39227C90F,uni,UNI,0.7340422868728638,0.6294723153114319,0.5375428795814514,0.6817573010921478,0.5375428795814514,0.7884666269364909
STAD,TCGA-FP-8209-01Z-00-DX1.a5e13081-1631-44d4-8d6a-c229a22c2311,uni,UNI,0.7619867920875549,0.6364076137542725,0.4963755309581756,0.6991972029209137,0.4963755309581756,0.7099220776120878
STAD,TCGA-SW-A7EA-01Z-00-DX1.C5E1BE0E-0A25-4480-A3AC-DB2ED7471A4E,uni,UNI,0.9192357063293456,0.8625975251197815,0.8105729818344116,0.8909166157245636,0.8105729818344116,0.909819131810882
STAD,TCGA-VQ-A8PY-01Z-00-DX1.EA2C7386-012A-442A-95B3-FFA12BD2684D,uni,UNI,0.833960235118866,0.7251044511795044,0.656205952167511,0.7795323431491852,0.656205952167511,0.841794388564488
STAD,TCGA-VQ-A924-01Z-00-DX1.736B41F3-9678-4FAF-AE86-FCAC4F6DCBD3,uni,UNI,0.665137767791748,0.6075840592384338,0.3934969305992126,0.6363609135150909,0.3934969305992126,0.6183549653067764
STAD,TCGA-ZQ-A9CR-01Z-00-DX1.C9AC9991-7054-4068-A7AA-9D1EB7F040A3,uni,UNI,0.9191740155220032,0.8823183178901672,0.8579249978065491,0.9007461667060852,0.8579249978065491,0.9524603373488363
UCEC,TCGA-A5-A0GX-01Z-00-DX1.7E713D1A-5858-4648-957D-77189E43CFAA,uni,UNI,0.7658249139785767,0.7297828793525696,0.5706351399421692,0.7478038966655731,0.5706351399421692,0.7630812603232049
UCEC,TCGA-A5-A0R7-01Z-00-DX1.D21E6974-22A3-4A68-8B4E-14E84A7A50A5,uni,UNI,0.7516709566116333,0.7772465944290161,0.6071828603744507,0.7644587755203247,0.6071828603744507,0.7942650144360957
UCEC,TCGA-AX-A05U-01Z-00-DX1.1EBFC727-B5D5-4543-BBA9-4254ABD3D584,uni,UNI,0.8254624009132385,0.81458580493927,0.6938385367393494,0.8200241029262543,0.6938385367393494,0.84611968631579
UCEC,TCGA-AX-A06B-01Z-00-DX2.1757C039-99F7-4087-A9E5-D340AF7220D4,uni,UNI,0.7937641739845276,0.5418652892112732,0.4400252103805542,0.6678147315979004,0.4400252103805542,0.658903120222719
UCEC,TCGA-AX-A0J0-01Z-00-DX2.56C668BE-03B8-4B87-A226-AABD97D53C38,uni,UNI,0.8733972907066345,0.7631984949111938,0.6608806848526001,0.8182978928089142,0.6608806848526001,0.8076284818283486
UCEC,TCGA-B5-A11F-01Z-00-DX1.3F1C053D-E81E-4C8D-965D-6F3DE29D9511,uni,UNI,0.8184744119644165,0.7857148051261902,0.6720055937767029,0.8020946085453033,0.6720055937767029,0.8378133783936875
UCEC,TCGA-BG-A0W1-01Z-00-DX1.8E06269C-1278-478B-A128-59FA911B1649,uni,UNI,0.8940478563308716,0.7601910829544067,0.6962261199951172,0.8271194696426392,0.6962261199951172,0.8417479524402018
UCEC,TCGA-EY-A1GQ-01Z-00-DX1.03D52C6F-515E-4A4F-A08E-31D773BCC67F,uni,UNI,0.5837758779525757,0.5185240507125854,0.2689733207225799,0.5511499643325806,0.2689733207225799,0.4880220232769048
UCEC,TCGA-FI-A2EX-01Z-00-DX1.127F5153-745D-43E6-83CA-DE2738702C62,uni,UNI,0.8060351610183716,0.7163777947425842,0.5900739431381226,0.7612064778804779,0.5900739431381226,0.7751825034137111
BLCA,TCGA-CF-A3MF-01Z-00-DX1.91768C26-5BB1-4DE6-9737-AA26BD687A75,uni2,UNI2,0.6864989995956421,0.5708186626434326,0.5060936808586121,0.6286588311195374,0.5060936808586121,0.8050370977169651
BLCA,TCGA-CU-A0YN-01Z-00-DX1.6C5EAAAF-8F14-49D3-8FFC-9BDAE56CAFD0,uni2,UNI2,0.5917474627494812,0.6498054265975952,0.3852337002754211,0.6207764446735382,0.3852337002754211,0.6205675224645688
BLCA,TCGA-DK-A6AW-01Z-00-DX1.C2453A8C-8282-443C-9E76-5B6CAD2FE69B,uni2,UNI2,0.87913578748703,0.8800696134567261,0.824928343296051,0.879602700471878,0.824928343296051,0.9378419857664193
BLCA,TCGA-DK-AA6L-01A-01-TSA.5794F0C6-9ED6-489A-9621-18CCC5935548,uni2,UNI2,0.599941074848175,0.5053624510765076,0.3067452609539032,0.5526517629623413,0.3067452609539032,0.5550425810815796
BLCA,TCGA-DK-AA77-01A-01-TSA.26CAF5CB-CC4F-4522-BD2B-343FB70205FE,uni2,UNI2,0.4779699444770813,0.3735567033290863,0.1834903955459594,0.4257633239030838,0.1834903955459594,0.43096806428476486
BLCA,TCGA-FD-A6TK-01Z-00-DX1.B685DA87-72A6-4C38-8AA1-40B6E543383C,uni2,UNI2,0.7921187281608582,0.8437698483467102,0.6731863617897034,0.8179442882537842,0.6731863617897034,0.8230222662559058
BLCA,TCGA-GU-AATP-01Z-00-DX1.0D8EC37C-88E7-49D5-A76D-F0A4A3FD8AE4,uni2,UNI2,0.791429877281189,0.7606750726699829,0.6097347140312195,0.7760524749755859,0.6097347140312195,0.7856874807987712
BLCA,TCGA-XF-A8HB-01Z-00-DX1.D6874152-D20A-4CA4-8E8B-8CBAB5F7D7B5,uni2,UNI2,0.7443981170654297,0.6893025040626526,0.4765799343585968,0.7168503105640411,0.4765799343585968,0.664824897660445
BLCA,TCGA-ZF-A9R1-01Z-00-DX1.74520759-D448-45B5-B8AD-45502C99A519,uni2,UNI2,0.7086588144302368,0.745491623878479,0.5086092352867126,0.7270752191543579,0.5086092352867126,0.6995276718112642
BLCA,TCGA-ZF-AA51-01Z-00-DX1.128C9731-C206-4E71-9A64-864FA9FD7E96,uni2,UNI2,0.8060684204101562,0.7749586701393127,0.6472030878067017,0.7905135452747345,0.6472030878067017,0.8187122050916574
BRCA,TCGA-A7-A2KD-01Z-00-DX1.BFF2DFC8-1D95-4DC2-98FC-5BD7D7C6CDF5,uni2,UNI2,0.672748863697052,0.6879399418830872,0.4886604845523834,0.6803444027900696,0.4886604845523834,0.7182545818682466
BRCA,TCGA-AN-A0G0-01Z-00-DX1.BE0BB5DF-DEDA-48D8-B5D8-2735C767F28F,uni2,UNI2,0.6658031940460205,0.7117302417755127,0.482137382030487,0.6887667179107666,0.482137382030487,0.7000009865356915
BRCA,TCGA-AQ-A04L-01Z-00-DX1.F35BF4DD-896A-43C2-8DA6-C67945C003BE,uni2,UNI2,0.8352071046829224,0.8714799284934998,0.732496976852417,0.8533435165882111,0.732496976852417,0.8583846512141373
BRCA,TCGA-AR-A2LK-01Z-00-DX1.FBD59C38-CD4E-4C22-BC74-A57C192A9BBC,uni2,UNI2,0.716503381729126,0.6025511622428894,0.4610527753829956,0.6595272719860077,0.4610527753829956,0.6990655200574892
BRCA,TCGA-AR-A5QM-01Z-00-DX1.A9017CED-FF57-4090-95B9-94DC91854347,uni2,UNI2,0.644487738609314,0.6998085379600525,0.4724890887737274,0.6721481382846832,0.4724890887737274,0.7029538011955457
BRCA,TCGA-BH-A0C1-01Z-00-DX1.21FE357E-B182-4397-BFEF-7E96E994236A,uni2,UNI2,0.7833195328712463,0.8321437239646912,0.699660062789917,0.8077316284179688,0.699660062789917,0.8662036228051119
BRCA,TCGA-D8-A1X8-01Z-00-DX1.DDA3866E-C7CC-4650-BE2B-5C9A98A2D531,uni2,UNI2,0.7928215265274048,0.7402154207229614,0.6212368607521057,0.7665184736251831,0.6212368607521057,0.81046560797683
BRCA,TCGA-E2-A14P-01Z-00-DX1.663B02FF-C64B-41A6-8685-FD61CD76F9C6,uni2,UNI2,0.8344941139221191,0.8345437049865723,0.7484847903251648,0.8345189094543457,0.7484847903251648,0.8969057283729679
BRCA,TCGA-E2-A1LA-01Z-00-DX1.AE49E943-B830-4ED9-B09E-E499441BC2EC,uni2,UNI2,0.8460838794708252,0.8203950524330139,0.7672773599624634,0.8332394659519196,0.7672773599624634,0.9208365557743968
BRCA,TCGA-GM-A3XN-01Z-00-DX1.49F5C8AC-0328-4BC2-9FE2-E7150B7A42E2,uni2,UNI2,0.6922075152397156,0.8047983646392822,0.5805895924568176,0.7485029399394989,0.5805895924568176,0.7756677515571901
COAD,TCGA-AY-A8YK-01Z-00-DX1.89E3C546-0425-449B-A6FB-1C35168EA7EB,uni2,UNI2,0.6495200395584106,0.8066257238388062,0.5258296132087708,0.7280728816986084,0.5258296132087708,0.7222211215750818
COAD,TCGA-CK-4947-01Z-00-DX1.b257d5fd-b97b-4987-b088-77f044ca7fe2,uni2,UNI2,0.7164279818534851,0.7311139702796936,0.5454135537147522,0.7237709760665894,0.5454135537147522,0.7535720162182523
COAD,TCGA-CM-6168-01Z-00-DX1.96af6eb2-9d51-4671-baf8-1a73d0c66869,uni2,UNI2,0.8344969749450684,0.8243781328201294,0.7065650820732117,0.8294375538825989,0.7065650820732117,0.8518604912036827
COAD,TCGA-CM-6169-01Z-00-DX1.0381c243-02b8-4f1d-840c-19ef44d4b92c,uni2,UNI2,0.807918906211853,0.809286892414093,0.7013580203056335,0.808602899312973,0.7013580203056335,0.867370152767867
COAD,TCGA-G4-6309-01Z-00-DX1.3eb20fdc-eb86-4bd5-8194-76b02d4fa472,uni2,UNI2,0.8461058735847473,0.8468129634857178,0.7305470108985901,0.8464594185352325,0.7305470108985901,0.8630620616907723
COAD,TCGA-G4-6310-01Z-00-DX1.b88472d4-3adc-4e4d-b0f2-0dc195a3d7df,uni2,UNI2,0.8483154773712158,0.8859492540359497,0.7518743872642517,0.8671323657035828,0.7518743872642517,0.8670814480026797
COAD,TCGA-G4-6588-01Z-00-DX1.0747172e-f630-4b7c-9341-55078585ae00,uni2,UNI2,0.8437415361404419,0.8726223111152649,0.7602042555809021,0.8581819236278534,0.7602042555809021,0.8858311211767741
HNSC,TCGA-BA-6871-01Z-00-DX1.4d9ca329-f8d5-4c31-a20f-9d4fba728326,uni2,UNI2,0.6777065396308899,0.5810089707374573,0.3762392997741699,0.6293577551841736,0.3762392997741699,0.5978146716632867
HNSC,TCGA-BA-6872-01Z-00-DX1.F99F6394-D319-4599-B124-D2A6692FA096,uni2,UNI2,0.7403208017349243,0.7327718138694763,0.5355159640312195,0.7365463078022003,0.5355159640312195,0.7270635374293838
HNSC,TCGA-CN-A6V7-01A-01-TS1.F54912D3-1E21-4605-ACFC-142973524AE2,uni2,UNI2,0.450019359588623,0.4845113456249237,0.2401538491249084,0.4672653526067734,0.2401538491249084,0.5139560375815186
HNSC,TCGA-CV-6935-01Z-00-DX1.9C449CB2-FB6D-41D1-A4A6-3069DC84A697,uni2,UNI2,0.8251495361328125,0.8183479905128479,0.6991454362869263,0.8217487633228302,0.6991454362869263,0.850801933013998
HNSC,TCGA-CV-A45O-01Z-00-DX1.8CBD0CCC-C815-475D-87F9-76272F4F715B,uni2,UNI2,0.7270843982696533,0.7831599712371826,0.5439831614494324,0.755122184753418,0.5439831614494324,0.7203909147856222
HNSC,TCGA-CV-A6JE-01Z-00-DX1.20137D17-19B3-49FF-9C3D-60933157E409,uni2,UNI2,0.7626584768295288,0.7951755523681641,0.5656816959381104,0.7789170145988464,0.5656816959381104,0.7262412880137746
HNSC,TCGA-CV-A6JU-01Z-00-DX1.35A3A1F0-9D6C-4794-B501-E56E48C51DF9,uni2,UNI2,0.7809712290763855,0.7839083075523376,0.5797188878059387,0.7824397683143616,0.5797188878059387,0.7409118392011799
HNSC,TCGA-UF-A719-01Z-00-DX1.4C4ECC2C-C390-4C5E-A709-CF08C113F1A1,uni2,UNI2,0.7824901938438416,0.787060022354126,0.6049646735191345,0.7847751080989838,0.6049646735191345,0.7708764807596704
KIRC,TCGA-A3-3346-01Z-00-DX1.95280216-fd71-4a03-b452-6e3d667f2542,uni2,UNI2,0.6904320120811462,0.6372143030166626,0.4482626914978027,0.6638231575489044,0.4482626914978027,0.6752742600197384
KIRC,TCGA-A3-A8CQ-01Z-00-DX1.78DA0827-5FB8-4B9F-A845-22F85830B5FB,uni2,UNI2,0.5789339542388916,0.3696128129959106,0.2254025489091873,0.4742733836174011,0.2254025489091873,0.4752586940257662
KIRC,TCGA-AK-3444-01Z-00-DX1.1F0E0B47-29FF-456F-800A-539983FDCFAA,uni2,UNI2,0.7994442582130432,0.6981309652328491,0.5745896100997925,0.7487876117229462,0.5745896100997925,0.7673599310459646
KIRC,TCGA-B0-5094-01Z-00-DX1.eac31fe2-09da-4ecf-8e25-c073cbb03295,uni2,UNI2,0.8600432276725769,0.8377326130867004,0.7353050112724304,0.8488879203796387,0.7353050112724304,0.8661979910652847
KIRC,TCGA-B0-5106-01Z-00-DX1.564e51a3-be50-4eed-ba9c-4d478b96ffc6,uni2,UNI2,0.8473415970802307,0.8273736238479614,0.6896851062774658,0.8373576104640961,0.6896851062774658,0.8236446383943601
KIRC,TCGA-B0-5711-01Z-00-DX1.6839921f-ec08-4e94-8bf9-4b5a4fcdda45,uni2,UNI2,0.8768165707588196,0.8594729900360107,0.758639395236969,0.8681447803974152,0.758639395236969,0.873862761565741
KIRC,TCGA-B2-5633-01Z-00-DX1.c55a29ca-468e-46de-9ff5-a51f46fe09fd,uni2,UNI2,0.7948048710823059,0.6611734628677368,0.4830194413661957,0.7279891669750214,0.4830194413661957,0.6634981168377316
KIRC,TCGA-BP-4991-01Z-00-DX1.71305f5c-ca59-48fa-bb82-4b441c1fffdc,uni2,UNI2,0.9196861386299132,0.933275818824768,0.8495490550994873,0.9264809787273406,0.8495490550994873,0.9169632994154605
KIRC,TCGA-BP-5201-01Z-00-DX1.d1a9878e-bb97-48fb-9098-9d9337f06250,uni2,UNI2,0.623737096786499,0.4842528998851776,0.3199493885040283,0.5539949983358383,0.3199493885040283,0.5775311861391053
LUAD,TCGA-55-6986-01Z-00-DX1.ae52d41e-3cd6-4d36-b04b-2ea7d29bd8da,uni2,UNI2,0.6945532560348511,0.7566983103752136,0.5325055718421936,0.7256257832050323,0.5325055718421936,0.7338570157887143
LUAD,TCGA-64-5779-01Z-00-DX1.B3268447-DCE0-4927-B5A9-EC4D61E9B17D,uni2,UNI2,0.683323323726654,0.5048040151596069,0.2989649772644043,0.5940636694431305,0.2989649772644043,0.5032540999261091
LUAD,TCGA-78-7158-01Z-00-DX1.74db3dcd-2715-4ce7-8e48-30c8b7946ba0,uni2,UNI2,0.6535741090774536,0.6667237877845764,0.4194390475749969,0.660148948431015,0.4194390475749969,0.6353703184287173
LUAD,TCGA-78-7163-01Z-00-DX1.42880bdf-271d-41dd-aada-e7ec1156ff31,uni2,UNI2,0.6646985411643982,0.8280223608016968,0.4906944632530212,0.7463604509830475,0.4906944632530212,0.657449711606124
LUAD,TCGA-78-7536-01Z-00-DX1.6b066140-8b82-40a5-bd48-430eeb4463fe,uni2,UNI2,0.4451911151409149,0.4886744320392608,0.2062979191541671,0.4669327735900879,0.2062979191541671,0.4418150338174215
LUAD,TCGA-86-8668-01Z-00-DX1.d720d486-02c7-4f98-8feb-e0e50a12c158,uni2,UNI2,0.7120816111564636,0.7278479933738708,0.5540292263031006,0.7199648022651672,0.5540292263031006,0.7695226552187039
LUAD,TCGA-97-A4LX-01Z-00-DX1.B2334672-A626-4E74-B4D1-A79F70F65909,uni2,UNI2,0.6140375137329102,0.7045547962188721,0.4736998081207275,0.6592961549758911,0.4736998081207275,0.7184932060434199
LUAD,TCGA-97-A4M2-01Z-00-DX1.5C72522C-1538-4D68-B517-5FB05A9D401A,uni2,UNI2,0.7452479004859924,0.7747690677642822,0.6193804740905762,0.7600084841251373,0.6193804740905762,0.8149652102944072
LUAD,TCGA-J2-A4AE-01Z-00-DX1.42C5DE4A-7787-4E59-8969-D12503262C96,uni2,UNI2,0.774716317653656,0.8131684064865112,0.6514558792114258,0.7939423620700836,0.6514558792114258,0.8205329635174698
STAD,TCGA-BR-6452-01Z-00-DX1.aec8246e-9dce-436d-9faa-df8fa1f6e47c,uni2,UNI2,0.7033928036689758,0.7922827005386353,0.5926836729049683,0.7478377521038055,0.5926836729049683,0.7925297582766312
STAD,TCGA-BR-6454-01Z-00-DX1.63fb6280-2b43-49b2-960a-eb9c0e8b617c,uni2,UNI2,0.4638055860996246,0.5837349891662598,0.2922001779079437,0.5237702876329422,0.2922001779079437,0.5578784914059832
STAD,TCGA-BR-A4CQ-01Z-00-DX1.B63282A5-154D-441B-BF96-5BB26CB6D95E,uni2,UNI2,0.7726529836654663,0.8002699017524719,0.624984622001648,0.7864614427089691,0.624984622001648,0.794679291395248
STAD,TCGA-CD-A487-01Z-00-DX1.A026BD2F-B721-4340-83D5-7AA39227C90F,uni2,UNI2,0.7299723029136658,0.7428999543190002,0.5657233595848083,0.736436128616333,0.5657233595848083,0.7681906652892334
STAD,TCGA-FP-8209-01Z-00-DX1.a5e13081-1631-44d4-8d6a-c229a22c2311,uni2,UNI2,0.7504510283470154,0.6949027180671692,0.5421974062919617,0.7226768732070923,0.5421974062919617,0.7502625673986223
STAD,TCGA-SW-A7EA-01Z-00-DX1.C5E1BE0E-0A25-4480-A3AC-DB2ED7471A4E,uni2,UNI2,0.8548301458358765,0.8432523012161255,0.7657355666160583,0.849041223526001,0.7657355666160583,0.9018826711805809
STAD,TCGA-VQ-A8PY-01Z-00-DX1.EA2C7386-012A-442A-95B3-FFA12BD2684D,uni2,UNI2,0.8787712454795837,0.8637855648994446,0.7643008232116699,0.8712784051895142,0.7643008232116699,0.877217682269337
STAD,TCGA-VQ-A924-01Z-00-DX1.736B41F3-9678-4FAF-AE86-FCAC4F6DCBD3,uni2,UNI2,0.7212045788764954,0.7580589056015015,0.5720992684364319,0.7396317422389984,0.5720992684364319,0.7734920444390129
STAD,TCGA-ZQ-A9CR-01Z-00-DX1.C9AC9991-7054-4068-A7AA-9D1EB7F040A3,uni2,UNI2,0.9547120928764344,0.9106090664863586,0.8666192293167114,0.9326605796813965,0.8666192293167114,0.9291903702124461
UCEC,TCGA-A5-A0GX-01Z-00-DX1.7E713D1A-5858-4648-957D-77189E43CFAA,uni2,UNI2,0.7643956542015076,0.8270059823989868,0.6725049018859863,0.7957008183002472,0.6725049018859863,0.8451730680918133
UCEC,TCGA-A5-A0R7-01Z-00-DX1.D21E6974-22A3-4A68-8B4E-14E84A7A50A5,uni2,UNI2,0.7760580778121948,0.8276703357696533,0.6912574172019958,0.8018642067909241,0.6912574172019958,0.8620629420141115
UCEC,TCGA-AX-A05U-01Z-00-DX1.1EBFC727-B5D5-4543-BBA9-4254ABD3D584,uni2,UNI2,0.8196781873703003,0.8727016448974609,0.74819016456604,0.8461899161338806,0.74819016456604,0.8841870486762744
UCEC,TCGA-AX-A06B-01Z-00-DX2.1757C039-99F7-4087-A9E5-D340AF7220D4,uni2,UNI2,0.7596360445022583,0.6060118079185486,0.4903910756111145,0.6828239262104034,0.4903910756111145,0.7181808615476177
UCEC,TCGA-AX-A0J0-01Z-00-DX2.56C668BE-03B8-4B87-A226-AABD97D53C38,uni2,UNI2,0.8751256465911865,0.9127060174942015,0.8108811378479004,0.8939158320426941,0.8108811378479004,0.9071112836148674
UCEC,TCGA-B5-A11F-01Z-00-DX1.3F1C053D-E81E-4C8D-965D-6F3DE29D9511,uni2,UNI2,0.8178333044052124,0.8197562098503113,0.7158603072166443,0.8187947571277618,0.7158603072166443,0.8742854066723634
UCEC,TCGA-BG-A0W1-01Z-00-DX1.8E06269C-1278-478B-A128-59FA911B1649,uni2,UNI2,0.8740698099136353,0.8748129606246948,0.8060292601585388,0.874441385269165,0.8060292601585388,0.9217647674697281
UCEC,TCGA-EY-A1GQ-01Z-00-DX1.03D52C6F-515E-4A4F-A08E-31D773BCC67F,uni2,UNI2,0.4735859036445617,0.5413877367973328,0.2859649956226349,0.5074868202209473,0.2859649956226349,0.563492457790594
UCEC,TCGA-FI-A2EX-01Z-00-DX1.127F5153-745D-43E6-83CA-DE2738702C62,uni2,UNI2,0.7720401287078857,0.8206450939178467,0.6455195546150208,0.7963426113128662,0.6455195546150208,0.8106053166623903
BLCA,TCGA-CF-A3MF-01Z-00-DX1.91768C26-5BB1-4DE6-9737-AA26BD687A75,virchow,Virchow,0.807181715965271,0.5969403386116028,0.6306220889091492,0.7020610272884369,0.6306220889091492,0.8982439765169623
BLCA,TCGA-CU-A0YN-01Z-00-DX1.6C5EAAAF-8F14-49D3-8FFC-9BDAE56CAFD0,virchow,Virchow,0.5883030295372009,0.4469309747219085,0.3014598488807678,0.5176170021295547,0.3014598488807678,0.5823994336362915
BLCA,TCGA-DK-A6AW-01Z-00-DX1.C2453A8C-8282-443C-9E76-5B6CAD2FE69B,virchow,Virchow,0.8862783908843994,0.8080205321311951,0.7916648387908936,0.8471494615077972,0.7916648387908936,0.934504328648041
BLCA,TCGA-DK-AA6L-01A-01-TSA.5794F0C6-9ED6-489A-9621-18CCC5935548,virchow,Virchow,0.6343348026275635,0.3128431439399719,0.1926618367433548,0.4735889732837677,0.1926618367433548,0.4068123364601958
BLCA,TCGA-DK-AA77-01A-01-TSA.26CAF5CB-CC4F-4522-BD2B-343FB70205FE,virchow,Virchow,0.535667359828949,0.3175275027751922,0.1485316306352615,0.4265974313020706,0.1485316306352615,0.3481775081999669
BLCA,TCGA-FD-A6TK-01Z-00-DX1.B685DA87-72A6-4C38-8AA1-40B6E543383C,virchow,Virchow,0.7845425605773926,0.6719332933425903,0.5279642939567566,0.7282379269599915,0.5279642939567566,0.7249887357017075
BLCA,TCGA-GU-AATP-01Z-00-DX1.0D8EC37C-88E7-49D5-A76D-F0A4A3FD8AE4,virchow,Virchow,0.8564082384109497,0.5700967907905579,0.4889245331287384,0.7132525146007538,0.4889245331287384,0.6854858877047437
BLCA,TCGA-XF-A8HB-01Z-00-DX1.D6874152-D20A-4CA4-8E8B-8CBAB5F7D7B5,virchow,Virchow,0.7897393107414246,0.4492515921592712,0.325255274772644,0.6194954514503479,0.325255274772644,0.5250325470690126
BLCA,TCGA-ZF-A9R1-01Z-00-DX1.74520759-D448-45B5-B8AD-45502C99A519,virchow,Virchow,0.7758532762527466,0.6294679641723633,0.5107163786888123,0.7026606202125549,0.5107163786888123,0.7268322202748754
BLCA,TCGA-ZF-AA51-01Z-00-DX1.128C9731-C206-4E71-9A64-864FA9FD7E96,virchow,Virchow,0.81305330991745,0.5523110032081604,0.5086725950241089,0.6826821565628052,0.5086725950241089,0.7451089648881312
BRCA,TCGA-A7-A2KD-01Z-00-DX1.BFF2DFC8-1D95-4DC2-98FC-5BD7D7C6CDF5,virchow,Virchow,0.6625023484230042,0.470278650522232,0.3599486351013183,0.5663904994726181,0.3599486351013183,0.6355131935236845
BRCA,TCGA-AN-A0G0-01Z-00-DX1.BE0BB5DF-DEDA-48D8-B5D8-2735C767F28F,virchow,Virchow,0.676603376865387,0.5537542104721069,0.3551116287708282,0.615178793668747,0.3551116287708282,0.5772494637746629
BRCA,TCGA-AQ-A04L-01Z-00-DX1.F35BF4DD-896A-43C2-8DA6-C67945C003BE,virchow,Virchow,0.8420372009277344,0.7551100850105286,0.7002894878387451,0.7985736429691315,0.7002894878387451,0.8769253706333687
BRCA,TCGA-AR-A2LK-01Z-00-DX1.FBD59C38-CD4E-4C22-BC74-A57C192A9BBC,virchow,Virchow,0.6625765562057495,0.5886558294296265,0.4283165037631988,0.625616192817688,0.4283165037631988,0.6846314220770423
BRCA,TCGA-AR-A5QM-01Z-00-DX1.A9017CED-FF57-4090-95B9-94DC91854347,virchow,Virchow,0.6649129986763,0.6142573952674866,0.455163300037384,0.6395851969718933,0.455163300037384,0.7116539003597142
BRCA,TCGA-BH-A0C1-01Z-00-DX1.21FE357E-B182-4397-BFEF-7E96E994236A,virchow,Virchow,0.8232370615005493,0.7570255398750305,0.740307092666626,0.7901313006877899,0.740307092666626,0.9369418627286462
BRCA,TCGA-D8-A1X8-01Z-00-DX1.DDA3866E-C7CC-4650-BE2B-5C9A98A2D531,virchow,Virchow,0.7921387553215027,0.6014770269393921,0.5091950297355652,0.6968078911304474,0.5091950297355652,0.730753822132362
BRCA,TCGA-E2-A14P-01Z-00-DX1.663B02FF-C64B-41A6-8685-FD61CD76F9C6,virchow,Virchow,0.8545368909835815,0.7244657278060913,0.6730936169624329,0.7895013093948364,0.6730936169624329,0.8525554156184596
BRCA,TCGA-E2-A1LA-01Z-00-DX1.AE49E943-B830-4ED9-B09E-E499441BC2EC,virchow,Virchow,0.8792147040367126,0.746453583240509,0.6767618656158447,0.8128341436386108,0.6767618656158447,0.832595272863852
BRCA,TCGA-GM-A3XN-01Z-00-DX1.49F5C8AC-0328-4BC2-9FE2-E7150B7A42E2,virchow,Virchow,0.7495136857032776,0.6585720777511597,0.5682867765426636,0.7040428817272186,0.5682867765426636,0.807176368502574
COAD,TCGA-AY-A8YK-01Z-00-DX1.89E3C546-0425-449B-A6FB-1C35168EA7EB,virchow,Virchow,0.7353094816207886,0.5602433085441589,0.5144442319869995,0.6477763950824738,0.5144442319869995,0.7941694632474241
COAD,TCGA-CK-4947-01Z-00-DX1.b257d5fd-b97b-4987-b088-77f044ca7fe2,virchow,Virchow,0.5646036267280579,0.3829224407672882,0.4085227251052856,0.47376303374767303,0.4085227251052856,0.8622933745456921
COAD,TCGA-CM-6168-01Z-00-DX1.96af6eb2-9d51-4671-baf8-1a73d0c66869,virchow,Virchow,0.6078965663909912,0.5598633289337158,0.4433619379997253,0.5838799476623535,0.4433619379997253,0.7593374969885298
COAD,TCGA-CM-6169-01Z-00-DX1.0381c243-02b8-4f1d-840c-19ef44d4b92c,virchow,Virchow,0.5522851943969727,0.5436415672302246,0.4401400685310364,0.5479633808135986,0.4401400685310364,0.8032289819760042
COAD,TCGA-G4-6309-01Z-00-DX1.3eb20fdc-eb86-4bd5-8194-76b02d4fa472,virchow,Virchow,0.6395069360733032,0.5975350141525269,0.455763578414917,0.618520975112915,0.455763578414917,0.7368603438738911
COAD,TCGA-G4-6310-01Z-00-DX1.b88472d4-3adc-4e4d-b0f2-0dc195a3d7df,virchow,Virchow,0.6631447076797485,0.5555775165557861,0.4956752359867096,0.6093611121177673,0.4956752359867096,0.8134343103452155
COAD,TCGA-G4-6588-01Z-00-DX1.0747172e-f630-4b7c-9341-55078585ae00,virchow,Virchow,0.6891435980796814,0.570516049861908,0.4951314032077789,0.6298298239707947,0.4951314032077789,0.7861352136140479
HNSC,TCGA-BA-6871-01Z-00-DX1.4d9ca329-f8d5-4c31-a20f-9d4fba728326,virchow,Virchow,0.6136009693145752,0.3860496282577514,0.2681725025177002,0.49982529878616333,0.2681725025177002,0.5365324707832176
HNSC,TCGA-BA-6872-01Z-00-DX1.F99F6394-D319-4599-B124-D2A6692FA096,virchow,Virchow,0.5660176277160645,0.6303199529647827,0.3588415682315826,0.5981687903404236,0.3588415682315826,0.5999001854098112
HNSC,TCGA-CN-A6V7-01A-01-TS1.F54912D3-1E21-4605-ACFC-142973524AE2,virchow,Virchow,0.4187195599079132,0.412181407213211,0.2186904102563858,0.41545048356056213,0.2186904102563858,0.5263934425641517
HNSC,TCGA-CV-6935-01Z-00-DX1.9C449CB2-FB6D-41D1-A4A6-3069DC84A697,virchow,Virchow,0.693596601486206,0.791428804397583,0.5914597511291504,0.7425127029418945,0.5914597511291504,0.7965651614925101
HNSC,TCGA-CV-A45O-01Z-00-DX1.8CBD0CCC-C815-475D-87F9-76272F4F715B,virchow,Virchow,0.714249312877655,0.4345765709877014,0.339227020740509,0.5744129419326782,0.339227020740509,0.5905629834856101
HNSC,TCGA-CV-A6JE-01Z-00-DX1.20137D17-19B3-49FF-9C3D-60933157E409,virchow,Virchow,0.7371434569358826,0.5667290687561035,0.3725232183933258,0.651936262845993,0.3725232183933258,0.5714104884534196
HNSC,TCGA-CV-A6JU-01Z-00-DX1.35A3A1F0-9D6C-4794-B501-E56E48C51DF9,virchow,Virchow,0.7670013308525085,0.4962063431739807,0.4094555377960205,0.6316038370132446,0.4094555377960205,0.6482790537376585
HNSC,TCGA-UF-A719-01Z-00-DX1.4C4ECC2C-C390-4C5E-A709-CF08C113F1A1,virchow,Virchow,0.6923878192901611,0.4735877215862274,0.3118121027946472,0.5829877704381943,0.3118121027946472,0.534851876155615
KIRC,TCGA-A3-3346-01Z-00-DX1.95280216-fd71-4a03-b452-6e3d667f2542,virchow,Virchow,0.5535187125205994,0.4661424160003662,0.3513224720954895,0.5098305642604828,0.3513224720954895,0.6890965287753751
KIRC,TCGA-A3-A8CQ-01Z-00-DX1.78DA0827-5FB8-4B9F-A845-22F85830B5FB,virchow,Virchow,0.2521064877510071,0.401589959859848,0.1695606410503387,0.32684822380542755,0.1695606410503387,0.5187748584837897
KIRC,TCGA-AK-3444-01Z-00-DX1.1F0E0B47-29FF-456F-800A-539983FDCFAA,virchow,Virchow,0.7543811798095703,0.6972141861915588,0.6597310900688171,0.7257976830005646,0.6597310900688171,0.9089738166996931
KIRC,TCGA-B0-5094-01Z-00-DX1.eac31fe2-09da-4ecf-8e25-c073cbb03295,virchow,Virchow,0.7622877359390259,0.6751728653907776,0.6367151737213135,0.7187303006649017,0.6367151737213135,0.8858888697642
KIRC,TCGA-B0-5106-01Z-00-DX1.564e51a3-be50-4eed-ba9c-4d478b96ffc6,virchow,Virchow,0.7187287211418152,0.5752773284912109,0.5088237524032593,0.6470030248165131,0.5088237524032593,0.7864317984410648
KIRC,TCGA-B0-5711-01Z-00-DX1.6839921f-ec08-4e94-8bf9-4b5a4fcdda45,virchow,Virchow,0.7072934508323669,0.6052582263946533,0.6856393814086914,0.6562758386135101,0.6856393814086914,1.0447426845047603
KIRC,TCGA-B2-5633-01Z-00-DX1.c55a29ca-468e-46de-9ff5-a51f46fe09fd,virchow,Virchow,0.6374924778938293,0.4661805927753448,0.3170510828495025,0.5518365353345871,0.3170510828495025,0.5745380426058044
KIRC,TCGA-BP-4991-01Z-00-DX1.71305f5c-ca59-48fa-bb82-4b441c1fffdc,virchow,Virchow,0.8282270431518555,0.7455915212631226,0.603410005569458,0.786909282207489,0.603410005569458,0.766810125656077
KIRC,TCGA-BP-5201-01Z-00-DX1.d1a9878e-bb97-48fb-9098-9d9337f06250,virchow,Virchow,0.4758467376232147,0.5124356150627136,0.3053451478481293,0.4941411763429642,0.3053451478481293,0.617930993138287
LUAD,TCGA-55-6986-01Z-00-DX1.ae52d41e-3cd6-4d36-b04b-2ea7d29bd8da,virchow,Virchow,0.4309301972389221,0.5001553297042847,0.2795256376266479,0.4655427634716034,0.2795256376266479,0.6004295621355912
LUAD,TCGA-64-5779-01Z-00-DX1.B3268447-DCE0-4927-B5A9-EC4D61E9B17D,virchow,Virchow,0.6952421069145203,0.2707061469554901,0.1584440171718597,0.4829741269350052,0.1584440171718597,0.3280590166959023
LUAD,TCGA-78-7158-01Z-00-DX1.74db3dcd-2715-4ce7-8e48-30c8b7946ba0,virchow,Virchow,0.4485387802124023,0.3307296335697174,0.2423864156007766,0.3896342068910599,0.2423864156007766,0.6220871045558555
LUAD,TCGA-78-7163-01Z-00-DX1.42880bdf-271d-41dd-aada-e7ec1156ff31,virchow,Virchow,0.5378090143203735,0.4133611023426056,0.2395848035812378,0.47558505833148956,0.2395848035812378,0.5037685675445333
LUAD,TCGA-78-7536-01Z-00-DX1.6b066140-8b82-40a5-bd48-430eeb4463fe,virchow,Virchow,0.3300051093101501,0.2249904125928878,0.1394942998886108,0.27749776095151896,0.1394942998886108,0.5026862177564797
LUAD,TCGA-86-8668-01Z-00-DX1.d720d486-02c7-4f98-8feb-e0e50a12c158,virchow,Virchow,0.5911307334899902,0.5425921082496643,0.4855572879314422,0.5668614208698273,0.4855572879314422,0.8565714124386398
LUAD,TCGA-97-A4LX-01Z-00-DX1.B2334672-A626-4E74-B4D1-A79F70F65909,virchow,Virchow,0.5265809297561646,0.5221892595291138,0.3078539669513702,0.5243850946426392,0.3078539669513702,0.5870761203866182
LUAD,TCGA-97-A4M2-01Z-00-DX1.5C72522C-1538-4D68-B517-5FB05A9D401A,virchow,Virchow,0.5656677484512329,0.525801420211792,0.5470014810562134,0.5457345843315125,0.5470014810562134,1.002321452151054
LUAD,TCGA-J2-A4AE-01Z-00-DX1.42C5DE4A-7787-4E59-8969-D12503262C96,virchow,Virchow,0.6039469838142395,0.6169924139976501,0.3864172101020813,0.6104696989059448,0.3864172101020813,0.6329834401193051
STAD,TCGA-BR-6452-01Z-00-DX1.aec8246e-9dce-436d-9faa-df8fa1f6e47c,virchow,Virchow,0.4566391706466675,0.4434394836425781,0.3797051906585693,0.4500393271446228,0.3797051906585693,0.8437155771867662
STAD,TCGA-BR-6454-01Z-00-DX1.63fb6280-2b43-49b2-960a-eb9c0e8b617c,virchow,Virchow,0.2904431521892547,0.2460355460643768,0.1254813373088836,0.26823934912681574,0.1254813373088836,0.4677961593530399
STAD,TCGA-BR-A4CQ-01Z-00-DX1.B63282A5-154D-441B-BF96-5BB26CB6D95E,virchow,Virchow,0.7799305319786072,0.5955327749252319,0.4753884971141815,0.6877316534519196,0.4753884971141815,0.6912412635481765
STAD,TCGA-CD-A487-01Z-00-DX1.A026BD2F-B721-4340-83D5-7AA39227C90F,virchow,Virchow,0.7181103825569153,0.5292208194732666,0.4398770332336426,0.6236656010150909,0.4398770332336426,0.7053091152016235
STAD,TCGA-FP-8209-01Z-00-DX1.a5e13081-1631-44d4-8d6a-c229a22c2311,virchow,Virchow,0.564664363861084,0.5233460664749146,0.4495601058006286,0.5440052151679993,0.4495601058006286,0.82638933095852
STAD,TCGA-SW-A7EA-01Z-00-DX1.C5E1BE0E-0A25-4480-A3AC-DB2ED7471A4E,virchow,Virchow,0.8593838810920715,0.8405894637107849,0.8455231189727783,0.8499866724014282,0.8455231189727783,0.9947486783339329
STAD,TCGA-VQ-A8PY-01Z-00-DX1.EA2C7386-012A-442A-95B3-FFA12BD2684D,virchow,Virchow,0.8330291509628296,0.656830906867981,0.5722084641456604,0.7449300289154053,0.5722084641456604,0.7681371966958802
STAD,TCGA-VQ-A924-01Z-00-DX1.736B41F3-9678-4FAF-AE86-FCAC4F6DCBD3,virchow,Virchow,0.749858558177948,0.4383915960788727,0.3480616211891174,0.5941250771284103,0.3480616211891174,0.585838966554663
STAD,TCGA-ZQ-A9CR-01Z-00-DX1.C9AC9991-7054-4068-A7AA-9D1EB7F040A3,virchow,Virchow,0.9595006704330444,0.7638335824012756,0.7298874855041504,0.86166712641716,0.7298874855041504,0.8470643281229102
UCEC,TCGA-A5-A0GX-01Z-00-DX1.7E713D1A-5858-4648-957D-77189E43CFAA,virchow,Virchow,0.7813384532928467,0.6495158672332764,0.5611690878868103,0.7154271602630615,0.5611690878868103,0.7843832594788116
UCEC,TCGA-A5-A0R7-01Z-00-DX1.D21E6974-22A3-4A68-8B4E-14E84A7A50A5,virchow,Virchow,0.7237043976783752,0.6062132120132446,0.5801534056663513,0.6649588048458099,0.5801534056663513,0.8724651834648265
UCEC,TCGA-AX-A05U-01Z-00-DX1.1EBFC727-B5D5-4543-BBA9-4254ABD3D584,virchow,Virchow,0.7089929580688477,0.6911133527755737,0.611168384552002,0.7000531554222107,0.611168384552002,0.8730313974278121
UCEC,TCGA-AX-A06B-01Z-00-DX2.1757C039-99F7-4087-A9E5-D340AF7220D4,virchow,Virchow,0.793562650680542,0.3552758991718292,0.2963716089725494,0.5744192749261856,0.2963716089725494,0.5159499722752756
UCEC,TCGA-AX-A0J0-01Z-00-DX2.56C668BE-03B8-4B87-A226-AABD97D53C38,virchow,Virchow,0.8845078945159912,0.6892154216766357,0.6284023523330688,0.7868616580963135,0.6284023523330688,0.7986185956161447
UCEC,TCGA-B5-A11F-01Z-00-DX1.3F1C053D-E81E-4C8D-965D-6F3DE29D9511,virchow,Virchow,0.7692545652389526,0.7028632164001465,0.5950846672058105,0.7360588908195496,0.5950846672058105,0.8084742601821245
UCEC,TCGA-BG-A0W1-01Z-00-DX1.8E06269C-1278-478B-A128-59FA911B1649,virchow,Virchow,0.880596935749054,0.5631773471832275,0.5613914728164673,0.7218871414661407,0.5613914728164673,0.7776720772118071
UCEC,TCGA-EY-A1GQ-01Z-00-DX1.03D52C6F-515E-4A4F-A08E-31D773BCC67F,virchow,Virchow,0.5277900099754333,0.3227815926074981,0.1553274095058441,0.42528580129146576,0.1553274095058441,0.36523064968113494
UCEC,TCGA-FI-A2EX-01Z-00-DX1.127F5153-745D-43E6-83CA-DE2738702C62,virchow,Virchow,0.7112647891044617,0.5228532552719116,0.4986302852630615,0.6170590221881866,0.4986302852630615,0.8080755119580644
BLCA,TCGA-CF-A3MF-01Z-00-DX1.91768C26-5BB1-4DE6-9737-AA26BD687A75,virchow2,Virchow2,0.4791338443756103,0.4240017235279083,0.3676212728023529,0.45156778395175934,0.3676212728023529,0.8140998668798428
BLCA,TCGA-CU-A0YN-01Z-00-DX1.6C5EAAAF-8F14-49D3-8FFC-9BDAE56CAFD0,virchow2,Virchow2,0.3238448202610016,0.2951000034809112,0.1073915213346481,0.3094724118709564,0.1073915213346481,0.347014845961223
BLCA,TCGA-DK-A6AW-01Z-00-DX1.C2453A8C-8282-443C-9E76-5B6CAD2FE69B,virchow2,Virchow2,0.5763185620307922,0.5167720317840576,0.4427132308483124,0.5465452969074249,0.4427132308483124,0.8100211150903017
BLCA,TCGA-DK-AA6L-01A-01-TSA.5794F0C6-9ED6-489A-9621-18CCC5935548,virchow2,Virchow2,0.3617679476737976,0.2925191521644592,0.1530846953392028,0.3271435499191284,0.1530846953392028,0.4679434926259317
BLCA,TCGA-DK-AA77-01A-01-TSA.26CAF5CB-CC4F-4522-BD2B-343FB70205FE,virchow2,Virchow2,0.2146445363759994,0.099722608923912,0.0732243806123733,0.1571835726499557,0.0732243806123733,0.4658526293675889
BLCA,TCGA-FD-A6TK-01Z-00-DX1.B685DA87-72A6-4C38-8AA1-40B6E543383C,virchow2,Virchow2,0.3769818544387817,0.4216764569282532,0.2549130916595459,0.39932915568351746,0.2549130916595459,0.6383533183877352
BLCA,TCGA-GU-AATP-01Z-00-DX1.0D8EC37C-88E7-49D5-A76D-F0A4A3FD8AE4,virchow2,Virchow2,0.3944799304008484,0.4123548567295074,0.2871944904327392,0.4034173935651779,0.2871944904327392,0.7119040849842256
BLCA,TCGA-XF-A8HB-01Z-00-DX1.D6874152-D20A-4CA4-8E8B-8CBAB5F7D7B5,virchow2,Virchow2,0.3213270008563995,0.3074144124984741,0.1555454730987548,0.31437070667743683,0.1555454730987548,0.49478360990661185
BLCA,TCGA-ZF-A9R1-01Z-00-DX1.74520759-D448-45B5-B8AD-45502C99A519,virchow2,Virchow2,0.309249609708786,0.4008265733718872,0.2222909778356552,0.3550380915403366,0.2222909778356552,0.6261045874577665
BLCA,TCGA-ZF-AA51-01Z-00-DX1.128C9731-C206-4E71-9A64-864FA9FD7E96,virchow2,Virchow2,0.5333211421966553,0.4595374464988708,0.3330762684345245,0.49642929434776306,0.3330762684345245,0.6709440241074793
BRCA,TCGA-A7-A2KD-01Z-00-DX1.BFF2DFC8-1D95-4DC2-98FC-5BD7D7C6CDF5,virchow2,Virchow2,0.3882997334003448,0.526218593120575,0.1946667730808258,0.4572591632604599,0.1946667730808258,0.425725253251932
BRCA,TCGA-AN-A0G0-01Z-00-DX1.BE0BB5DF-DEDA-48D8-B5D8-2735C767F28F,virchow2,Virchow2,0.4781549274921417,0.5308329463005066,0.2734231948852539,0.5044939368963242,0.2734231948852539,0.5419751852071191
BRCA,TCGA-AQ-A04L-01Z-00-DX1.F35BF4DD-896A-43C2-8DA6-C67945C003BE,virchow2,Virchow2,0.5007050633430481,0.45081627368927,0.2673362791538238,0.47576066851615906,0.2673362791538238,0.561913367045691
BRCA,TCGA-AR-A2LK-01Z-00-DX1.FBD59C38-CD4E-4C22-BC74-A57C192A9BBC,virchow2,Virchow2,0.4641878306865692,0.4214844703674316,0.2313398271799087,0.4428361505270004,0.2313398271799087,0.522405017983742
BRCA,TCGA-AR-A5QM-01Z-00-DX1.A9017CED-FF57-4090-95B9-94DC91854347,virchow2,Virchow2,0.3529695272445678,0.5223168730735779,0.2083919048309326,0.4376432001590729,0.2083919048309326,0.476168496974675
BRCA,TCGA-BH-A0C1-01Z-00-DX1.21FE357E-B182-4397-BFEF-7E96E994236A,virchow2,Virchow2,0.4942699670791626,0.4951157569885254,0.4149152934551239,0.494692862033844,0.4149152934551239,0.8387331318047961
BRCA,TCGA-D8-A1X8-01Z-00-DX1.DDA3866E-C7CC-4650-BE2B-5C9A98A2D531,virchow2,Virchow2,0.4383983314037323,0.4108577966690063,0.2763255536556244,0.4246280640363693,0.2763255536556244,0.6507472705147372
BRCA,TCGA-E2-A14P-01Z-00-DX1.663B02FF-C64B-41A6-8685-FD61CD76F9C6,virchow2,Virchow2,0.442625343799591,0.601190984249115,0.344940185546875,0.521908164024353,0.344940185546875,0.660921229679748
BRCA,TCGA-E2-A1LA-01Z-00-DX1.AE49E943-B830-4ED9-B09E-E499441BC2EC,virchow2,Virchow2,0.4942481517791748,0.5470449328422546,0.4030703902244568,0.5206465423107147,0.4030703902244568,0.7741727976057697
BRCA,TCGA-GM-A3XN-01Z-00-DX1.49F5C8AC-0328-4BC2-9FE2-E7150B7A42E2,virchow2,Virchow2,0.4282084703445434,0.6474513411521912,0.3468214869499206,0.5378299057483673,0.3468214869499206,0.6448534810784338
COAD,TCGA-AY-A8YK-01Z-00-DX1.89E3C546-0425-449B-A6FB-1C35168EA7EB,virchow2,Virchow2,0.4196533858776092,0.7408732771873474,0.3620495498180389,0.5802633315324783,0.3620495498180389,0.623940080552504
COAD,TCGA-CK-4947-01Z-00-DX1.b257d5fd-b97b-4987-b088-77f044ca7fe2,virchow2,Virchow2,0.4291124939918518,0.4332213401794433,0.2545784413814544,0.4311669170856476,0.2545784413814544,0.5904405725332693
COAD,TCGA-CM-6168-01Z-00-DX1.96af6eb2-9d51-4671-baf8-1a73d0c66869,virchow2,Virchow2,0.4438100159168243,0.4727526903152466,0.2818969786167145,0.45828135311603546,0.2818969786167145,0.6151177146964105
COAD,TCGA-CM-6169-01Z-00-DX1.0381c243-02b8-4f1d-840c-19ef44d4b92c,virchow2,Virchow2,0.4580860733985901,0.5216944813728333,0.3199201822280884,0.48989027738571167,0.3199201822280884,0.6530445632343127
COAD,TCGA-G4-6309-01Z-00-DX1.3eb20fdc-eb86-4bd5-8194-76b02d4fa472,virchow2,Virchow2,0.4836763143539428,0.5447866320610046,0.3390005826950073,0.5142314732074738,0.3390005826950073,0.6592373286304724
COAD,TCGA-G4-6310-01Z-00-DX1.b88472d4-3adc-4e4d-b0f2-0dc195a3d7df,virchow2,Virchow2,0.4899027347564697,0.5155872106552124,0.3695946633815765,0.5027449727058411,0.3695946633815765,0.7351533748659251
COAD,TCGA-G4-6588-01Z-00-DX1.0747172e-f630-4b7c-9341-55078585ae00,virchow2,Virchow2,0.5016023516654968,0.6492033004760742,0.3758839666843414,0.5754028260707855,0.3758839666843414,0.653253598441834
HNSC,TCGA-BA-6871-01Z-00-DX1.4d9ca329-f8d5-4c31-a20f-9d4fba728326,virchow2,Virchow2,0.4155744910240173,0.3890255987644195,0.1939966082572937,0.4023000448942184,0.1939966082572937,0.482218708944722
HNSC,TCGA-BA-6872-01Z-00-DX1.F99F6394-D319-4599-B124-D2A6692FA096,virchow2,Virchow2,0.4672586023807525,0.5694085359573364,0.3336804509162903,0.5183335691690445,0.3336804509162903,0.6437562040429352
HNSC,TCGA-CN-A6V7-01A-01-TS1.F54912D3-1E21-4605-ACFC-142973524AE2,virchow2,Virchow2,0.2601076364517212,0.1721970438957214,0.0783746615052223,0.2161523401737213,0.0783746615052223,0.36258992820634145
HNSC,TCGA-CV-6935-01Z-00-DX1.9C449CB2-FB6D-41D1-A4A6-3069DC84A697,virchow2,Virchow2,0.4094196856021881,0.5179137587547302,0.3292242288589477,0.46366672217845917,0.3292242288589477,0.7100449808261928
HNSC,TCGA-CV-A45O-01Z-00-DX1.8CBD0CCC-C815-475D-87F9-76272F4F715B,virchow2,Virchow2,0.484891414642334,0.4046362638473511,0.2499140948057174,0.44476383924484253,0.2499140948057174,0.5619029083615309
HNSC,TCGA-CV-A6JE-01Z-00-DX1.20137D17-19B3-49FF-9C3D-60933157E409,virchow2,Virchow2,0.4096094071865082,0.458544909954071,0.2782221734523773,0.4340771585702896,0.2782221734523773,0.6409509644984582
HNSC,TCGA-CV-A6JU-01Z-00-DX1.35A3A1F0-9D6C-4794-B501-E56E48C51DF9,virchow2,Virchow2,0.3707115352153778,0.4214168488979339,0.2542535364627838,0.3960641920566559,0.2542535364627838,0.6419503241192114
HNSC,TCGA-UF-A719-01Z-00-DX1.4C4ECC2C-C390-4C5E-A709-CF08C113F1A1,virchow2,Virchow2,0.4458464086055755,0.5471019148826599,0.3585759103298187,0.49647416174411774,0.3585759103298187,0.7222448577588382
KIRC,TCGA-A3-3346-01Z-00-DX1.95280216-fd71-4a03-b452-6e3d667f2542,virchow2,Virchow2,0.4229167103767395,0.2832152843475342,0.1664838343858719,0.35306599736213684,0.1664838343858719,0.47153743387843383
KIRC,TCGA-A3-A8CQ-01Z-00-DX1.78DA0827-5FB8-4B9F-A845-22F85830B5FB,virchow2,Virchow2,0.5368971824645996,0.2791327536106109,0.1394845396280288,0.4080149680376053,0.1394845396280288,0.34186132998721996
KIRC,TCGA-AK-3444-01Z-00-DX1.1F0E0B47-29FF-456F-800A-539983FDCFAA,virchow2,Virchow2,0.6392794847488403,0.3747576773166656,0.2597165703773498,0.507018581032753,0.2597165703773498,0.5122427068616097
KIRC,TCGA-B0-5094-01Z-00-DX1.eac31fe2-09da-4ecf-8e25-c073cbb03295,virchow2,Virchow2,0.705534815788269,0.7910163402557373,0.5805408358573914,0.7482755780220032,0.5805408358573914,0.7758382779135957
KIRC,TCGA-B0-5106-01Z-00-DX1.564e51a3-be50-4eed-ba9c-4d478b96ffc6,virchow2,Virchow2,0.5150041580200195,0.6200245022773743,0.3988037705421448,0.5675143301486969,0.3988037705421448,0.702720177017649
KIRC,TCGA-B0-5711-01Z-00-DX1.6839921f-ec08-4e94-8bf9-4b5a4fcdda45,virchow2,Virchow2,0.706392228603363,0.7697876691818237,0.6074291467666626,0.7380899488925934,0.6074291467666626,0.8229744188740544
KIRC,TCGA-B2-5633-01Z-00-DX1.c55a29ca-468e-46de-9ff5-a51f46fe09fd,virchow2,Virchow2,0.6348149180412292,0.5455780625343323,0.3361494541168213,0.5901964902877808,0.3361494541168213,0.5695551560344154
KIRC,TCGA-BP-4991-01Z-00-DX1.71305f5c-ca59-48fa-bb82-4b441c1fffdc,virchow2,Virchow2,0.6319910883903503,0.7182894945144653,0.4968757629394531,0.6751402914524078,0.4968757629394531,0.7359592802120284
KIRC,TCGA-BP-5201-01Z-00-DX1.d1a9878e-bb97-48fb-9098-9d9337f06250,virchow2,Virchow2,0.4312325119972229,0.2731001675128937,0.3260796368122101,0.3521663397550583,0.3260796368122101,0.9259250530275204
LUAD,TCGA-55-6986-01Z-00-DX1.ae52d41e-3cd6-4d36-b04b-2ea7d29bd8da,virchow2,Virchow2,0.3456824123859405,0.4822826087474823,0.222569540143013,0.4139825105667114,0.222569540143013,0.5376302970826757
LUAD,TCGA-64-5779-01Z-00-DX1.B3268447-DCE0-4927-B5A9-EC4D61E9B17D,virchow2,Virchow2,0.4008788168430328,0.2834455668926239,0.1508341878652572,0.34216219186782837,0.1508341878652572,0.44082657713252543
LUAD,TCGA-78-7158-01Z-00-DX1.74db3dcd-2715-4ce7-8e48-30c8b7946ba0,virchow2,Virchow2,0.3808788657188415,0.4409034550189972,0.1955510377883911,0.4108911603689194,0.1955510377883911,0.4759193106340259
LUAD,TCGA-78-7163-01Z-00-DX1.42880bdf-271d-41dd-aada-e7ec1156ff31,virchow2,Virchow2,0.3297547399997711,0.4068894386291504,0.1621606647968292,0.36832208931446075,0.1621606647968292,0.44026863851323883
LUAD,TCGA-78-7536-01Z-00-DX1.6b066140-8b82-40a5-bd48-430eeb4463fe,virchow2,Virchow2,0.2081059217453003,0.2672279775142669,0.057970754802227,0.2376669496297836,0.057970754802227,0.2439159289607944
LUAD,TCGA-86-8668-01Z-00-DX1.d720d486-02c7-4f98-8feb-e0e50a12c158,virchow2,Virchow2,0.4161738157272339,0.5608013272285461,0.298990398645401,0.48848757147789,0.298990398645401,0.6120737068925283
LUAD,TCGA-97-A4LX-01Z-00-DX1.B2334672-A626-4E74-B4D1-A79F70F65909,virchow2,Virchow2,0.3253135085105896,0.5306271910667419,0.2426071316003799,0.42797034978866577,0.2426071316003799,0.5668783637001504
LUAD,TCGA-97-A4M2-01Z-00-DX1.5C72522C-1538-4D68-B517-5FB05A9D401A,virchow2,Virchow2,0.4332356452941894,0.4840006232261657,0.3206136524677276,0.45861813426017756,0.3206136524677276,0.699086295366247
LUAD,TCGA-J2-A4AE-01Z-00-DX1.42C5DE4A-7787-4E59-8969-D12503262C96,virchow2,Virchow2,0.6170123815536499,0.5761171579360962,0.4071564078330993,0.596564769744873,0.4071564078330993,0.6825015966115865
STAD,TCGA-BR-6452-01Z-00-DX1.aec8246e-9dce-436d-9faa-df8fa1f6e47c,virchow2,Virchow2,0.3820269405841827,0.5170360803604126,0.2443262785673141,0.44953151047229767,0.2443262785673141,0.5435131306159475
STAD,TCGA-BR-6454-01Z-00-DX1.63fb6280-2b43-49b2-960a-eb9c0e8b617c,virchow2,Virchow2,0.1842399537563324,0.3482066988945007,0.092248260974884,0.26622332632541656,0.092248260974884,0.3465070557420835
STAD,TCGA-BR-A4CQ-01Z-00-DX1.B63282A5-154D-441B-BF96-5BB26CB6D95E,virchow2,Virchow2,0.4056398868560791,0.5425379872322083,0.294337660074234,0.4740889370441437,0.294337660074234,0.62084903712239
STAD,TCGA-CD-A487-01Z-00-DX1.A026BD2F-B721-4340-83D5-7AA39227C90F,virchow2,Virchow2,0.3901390433311462,0.4086903929710388,0.2413878738880157,0.39941471815109253,0.2413878738880157,0.6043539782545077
STAD,TCGA-FP-8209-01Z-00-DX1.a5e13081-1631-44d4-8d6a-c229a22c2311,virchow2,Virchow2,0.454387217760086,0.300201267004013,0.2017516195774078,0.3772942423820495,0.2017516195774078,0.5347328342559582
STAD,TCGA-SW-A7EA-01Z-00-DX1.C5E1BE0E-0A25-4480-A3AC-DB2ED7471A4E,virchow2,Virchow2,0.7836830019950867,0.6744486093521118,0.6179813146591187,0.7290658056735992,0.6179813146591187,0.8476344794255611
STAD,TCGA-VQ-A8PY-01Z-00-DX1.EA2C7386-012A-442A-95B3-FFA12BD2684D,virchow2,Virchow2,0.4204553365707397,0.4497444629669189,0.3001856803894043,0.4350998997688293,0.3001856803894043,0.6899235797316764
STAD,TCGA-VQ-A924-01Z-00-DX1.736B41F3-9678-4FAF-AE86-FCAC4F6DCBD3,virchow2,Virchow2,0.4477867484092712,0.4521474838256836,0.2288403958082199,0.4499671161174774,0.2288403958082199,0.5085713769102946
STAD,TCGA-ZQ-A9CR-01Z-00-DX1.C9AC9991-7054-4068-A7AA-9D1EB7F040A3,virchow2,Virchow2,0.6506760120391846,0.6528682708740234,0.5817787647247314,0.651772141456604,0.5817787647247314,0.892610665169811
UCEC,TCGA-A5-A0GX-01Z-00-DX1.7E713D1A-5858-4648-957D-77189E43CFAA,virchow2,Virchow2,0.4838470816612243,0.6409676671028137,0.3779733180999756,0.562407374382019,0.3779733180999756,0.6720632326617301
UCEC,TCGA-A5-A0R7-01Z-00-DX1.D21E6974-22A3-4A68-8B4E-14E84A7A50A5,virchow2,Virchow2,0.4409977495670318,0.6147000193595886,0.4151490330696106,0.5278488844633102,0.4151490330696106,0.7864922050402985
UCEC,TCGA-AX-A05U-01Z-00-DX1.1EBFC727-B5D5-4543-BBA9-4254ABD3D584,virchow2,Virchow2,0.392603725194931,0.6672486662864685,0.3572537899017334,0.5299261957406998,0.3572537899017334,0.6741576332198204
UCEC,TCGA-AX-A06B-01Z-00-DX2.1757C039-99F7-4087-A9E5-D340AF7220D4,virchow2,Virchow2,0.427532821893692,0.4331117570400238,0.2133577316999435,0.4303222894668579,0.2133577316999435,0.4958091572813489
UCEC,TCGA-AX-A0J0-01Z-00-DX2.56C668BE-03B8-4B87-A226-AABD97D53C38,virchow2,Virchow2,0.6078653335571289,0.72527676820755,0.5570241212844849,0.6665710508823395,0.5570241212844849,0.8356560347875183
UCEC,TCGA-B5-A11F-01Z-00-DX1.3F1C053D-E81E-4C8D-965D-6F3DE29D9511,virchow2,Virchow2,0.5828237533569336,0.7085988521575928,0.5182333588600159,0.6457113027572632,0.5182333588600159,0.8025774934511731
UCEC,TCGA-BG-A0W1-01Z-00-DX1.8E06269C-1278-478B-A128-59FA911B1649,virchow2,Virchow2,0.6724122166633606,0.8208593130111694,0.5809757113456726,0.746635764837265,0.5809757113456726,0.7781246743146583
UCEC,TCGA-EY-A1GQ-01Z-00-DX1.03D52C6F-515E-4A4F-A08E-31D773BCC67F,virchow2,Virchow2,0.2979936599731445,0.3875016868114471,0.1117685884237289,0.3427476733922958,0.1117685884237289,0.3260958340504995
UCEC,TCGA-FI-A2EX-01Z-00-DX1.127F5153-745D-43E6-83CA-DE2738702C62,virchow2,Virchow2,0.4895933270454407,0.6844496130943298,0.3726880252361297,0.5870214700698853,0.3726880252361297,0.634879717758468
