cancer,case_id,model,model_display,scale_a,scale_b,scale_pair,n_patches_a,n_patches_b,n_query_a_to_b,n_query_b_to_a,top_k,score_a_to_b,score_b_to_a,retrieval_similarity,elapsed_sec
BLCA,TCGA-CF-A3MF-01Z-00-DX1.91768C26-5BB1-4DE6-9737-AA26BD687A75,phikon,Phikon,40x,10x,40× ↔ 10×,26138,26138,200,200,5,0.7269860506057739,0.7564562559127808,0.7417211532592773,0.6652176380157471
BLCA,TCGA-CF-A3MF-01Z-00-DX1.91768C26-5BB1-4DE6-9737-AA26BD687A75,phikon,Phikon,10x,2p5x,10× ↔ 2.5×,26138,26138,200,200,5,0.43152090907096863,0.5294158458709717,0.48046837747097015,0.23296546936035156
BLCA,TCGA-CF-A3MF-01Z-00-DX1.91768C26-5BB1-4DE6-9737-AA26BD687A75,phikon,Phikon,40x,2p5x,40× ↔ 2.5×,26138,26138,200,200,5,0.3196808099746704,0.38497260212898254,0.3523267060518265,0.10615253448486328
BLCA,TCGA-CU-A0YN-01Z-00-DX1.6C5EAAAF-8F14-49D3-8FFC-9BDAE56CAFD0,phikon,Phikon,40x,10x,40× ↔ 10×,2880,2880,200,200,5,0.7064234018325806,0.6745027303695679,0.6904630661010742,0.05490708351135254
BLCA,TCGA-CU-A0YN-01Z-00-DX1.6C5EAAAF-8F14-49D3-8FFC-9BDAE56CAFD0,phikon,Phikon,10x,2p5x,10× ↔ 2.5×,2880,2880,200,200,5,0.3163350522518158,0.4495033919811249,0.38291922211647034,0.021800518035888672
BLCA,TCGA-CU-A0YN-01Z-00-DX1.6C5EAAAF-8F14-49D3-8FFC-9BDAE56CAFD0,phikon,Phikon,40x,2p5x,40× ↔ 2.5×,2880,2880,200,200,5,0.1448463648557663,0.26306790113449097,0.20395713299512863,0.00528407096862793
BLCA,TCGA-DK-A6AW-01Z-00-DX1.C2453A8C-8282-443C-9E76-5B6CAD2FE69B,phikon,Phikon,40x,10x,40× ↔ 10×,15233,15233,200,200,5,0.6109124422073364,0.5841661095619202,0.5975392758846283,0.2412891387939453
BLCA,TCGA-DK-A6AW-01Z-00-DX1.C2453A8C-8282-443C-9E76-5B6CAD2FE69B,phikon,Phikon,10x,2p5x,10× ↔ 2.5×,15233,15233,200,200,5,0.43633925914764404,0.5149085521697998,0.4756239056587219,0.1557309627532959
BLCA,TCGA-DK-A6AW-01Z-00-DX1.C2453A8C-8282-443C-9E76-5B6CAD2FE69B,phikon,Phikon,40x,2p5x,40× ↔ 2.5×,15233,15233,200,200,5,0.146346315741539,0.3334902226924896,0.2399182692170143,0.036293983459472656
BLCA,TCGA-DK-AA6L-01A-01-TSA.5794F0C6-9ED6-489A-9621-18CCC5935548,phikon,Phikon,40x,10x,40× ↔ 10×,7165,7165,200,200,5,0.8014565706253052,0.7859570384025574,0.7937068045139313,0.10010361671447754
BLCA,TCGA-DK-AA6L-01A-01-TSA.5794F0C6-9ED6-489A-9621-18CCC5935548,phikon,Phikon,10x,2p5x,10× ↔ 2.5×,7165,7165,200,200,5,0.44475725293159485,0.500160813331604,0.4724590331315994,0.050844430923461914
BLCA,TCGA-DK-AA6L-01A-01-TSA.5794F0C6-9ED6-489A-9621-18CCC5935548,phikon,Phikon,40x,2p5x,40× ↔ 2.5×,7165,7165,200,200,5,0.35783979296684265,0.3386116325855255,0.3482257127761841,0.010187864303588867
BLCA,TCGA-DK-AA77-01A-01-TSA.26CAF5CB-CC4F-4522-BD2B-343FB70205FE,phikon,Phikon,40x,10x,40× ↔ 10×,3872,3872,200,200,5,0.8005619645118713,0.7517769932746887,0.77616947889328,0.052330732345581055
BLCA,TCGA-DK-AA77-01A-01-TSA.26CAF5CB-CC4F-4522-BD2B-343FB70205FE,phikon,Phikon,10x,2p5x,10× ↔ 2.5×,3872,3872,200,200,5,0.47445476055145264,0.49872535467147827,0.48659005761146545,0.02785181999206543
BLCA,TCGA-DK-AA77-01A-01-TSA.26CAF5CB-CC4F-4522-BD2B-343FB70205FE,phikon,Phikon,40x,2p5x,40× ↔ 2.5×,3872,3872,200,200,5,0.29723280668258667,0.35330328345298767,0.32526804506778717,0.006409168243408203
BLCA,TCGA-FD-A6TK-01Z-00-DX1.B685DA87-72A6-4C38-8AA1-40B6E543383C,phikon,Phikon,40x,10x,40× ↔ 10×,19445,19445,200,200,5,0.69590824842453,0.6671915054321289,0.6815498769283295,0.33919453620910645
BLCA,TCGA-FD-A6TK-01Z-00-DX1.B685DA87-72A6-4C38-8AA1-40B6E543383C,phikon,Phikon,10x,2p5x,10× ↔ 2.5×,19445,19445,200,200,5,0.5424268841743469,0.5669730305671692,0.5546999573707581,0.2784562110900879
BLCA,TCGA-FD-A6TK-01Z-00-DX1.B685DA87-72A6-4C38-8AA1-40B6E543383C,phikon,Phikon,40x,2p5x,40× ↔ 2.5×,19445,19445,200,200,5,0.29445183277130127,0.3397180140018463,0.3170849233865738,0.1705615520477295
BLCA,TCGA-GU-AATP-01Z-00-DX1.0D8EC37C-88E7-49D5-A76D-F0A4A3FD8AE4,phikon,Phikon,40x,10x,40× ↔ 10×,22018,22018,200,200,5,0.6726287603378296,0.6019400358200073,0.6372843980789185,0.4573402404785156
BLCA,TCGA-GU-AATP-01Z-00-DX1.0D8EC37C-88E7-49D5-A76D-F0A4A3FD8AE4,phikon,Phikon,10x,2p5x,10× ↔ 2.5×,22018,22018,200,200,5,0.4578053057193756,0.5151552557945251,0.4864802807569504,0.25488901138305664
BLCA,TCGA-GU-AATP-01Z-00-DX1.0D8EC37C-88E7-49D5-A76D-F0A4A3FD8AE4,phikon,Phikon,40x,2p5x,40× ↔ 2.5×,22018,22018,200,200,5,0.14524012804031372,0.303914874792099,0.22457750141620636,0.09949111938476562
BLCA,TCGA-XF-A8HB-01Z-00-DX1.D6874152-D20A-4CA4-8E8B-8CBAB5F7D7B5,phikon,Phikon,40x,10x,40× ↔ 10×,14662,14662,200,200,5,0.6230945587158203,0.5814647078514099,0.6022796332836151,0.15662646293640137
BLCA,TCGA-XF-A8HB-01Z-00-DX1.D6874152-D20A-4CA4-8E8B-8CBAB5F7D7B5,phikon,Phikon,10x,2p5x,10× ↔ 2.5×,14662,14662,200,200,5,0.5474526882171631,0.5814977288246155,0.5644752085208893,0.1913299560546875
BLCA,TCGA-XF-A8HB-01Z-00-DX1.D6874152-D20A-4CA4-8E8B-8CBAB5F7D7B5,phikon,Phikon,40x,2p5x,40× ↔ 2.5×,14662,14662,200,200,5,0.20008210837841034,0.2590259611606598,0.22955403476953506,0.03170442581176758
BLCA,TCGA-ZF-A9R1-01Z-00-DX1.74520759-D448-45B5-B8AD-45502C99A519,phikon,Phikon,40x,10x,40× ↔ 10×,16065,16065,200,200,5,0.619246244430542,0.6055880784988403,0.6124171614646912,0.16381454467773438
BLCA,TCGA-ZF-A9R1-01Z-00-DX1.74520759-D448-45B5-B8AD-45502C99A519,phikon,Phikon,10x,2p5x,10× ↔ 2.5×,16065,16065,200,200,5,0.5319811701774597,0.5913797616958618,0.5616804659366608,0.0933523178100586
BLCA,TCGA-ZF-A9R1-01Z-00-DX1.74520759-D448-45B5-B8AD-45502C99A519,phikon,Phikon,40x,2p5x,40× ↔ 2.5×,16065,16065,200,200,5,0.34475016593933105,0.41937053203582764,0.38206034898757935,0.034398794174194336
BLCA,TCGA-ZF-AA51-01Z-00-DX1.128C9731-C206-4E71-9A64-864FA9FD7E96,phikon,Phikon,40x,10x,40× ↔ 10×,22108,22108,200,200,5,0.7700320482254028,0.7598904967308044,0.7649612724781036,0.3031785488128662
BLCA,TCGA-ZF-AA51-01Z-00-DX1.128C9731-C206-4E71-9A64-864FA9FD7E96,phikon,Phikon,10x,2p5x,10× ↔ 2.5×,22108,22108,200,200,5,0.5579013228416443,0.6843602657318115,0.6211307942867279,0.1656935214996338
BLCA,TCGA-ZF-AA51-01Z-00-DX1.128C9731-C206-4E71-9A64-864FA9FD7E96,phikon,Phikon,40x,2p5x,40× ↔ 2.5×,22108,22108,200,200,5,0.3302171528339386,0.44412848353385925,0.3871728181838989,0.11828017234802246
BLCA,TCGA-CF-A3MF-01Z-00-DX1.91768C26-5BB1-4DE6-9737-AA26BD687A75,uni,UNI,40x,10x,40× ↔ 10×,26138,26138,200,200,5,0.5342065095901489,0.5630638599395752,0.5486351847648621,0.5621581077575684
BLCA,TCGA-CF-A3MF-01Z-00-DX1.91768C26-5BB1-4DE6-9737-AA26BD687A75,uni,UNI,10x,2p5x,10× ↔ 2.5×,26138,26138,200,200,5,0.3264217972755432,0.36974281072616577,0.3480823040008545,0.40239524841308594
BLCA,TCGA-CF-A3MF-01Z-00-DX1.91768C26-5BB1-4DE6-9737-AA26BD687A75,uni,UNI,40x,2p5x,40× ↔ 2.5×,26138,26138,200,200,5,0.22209544479846954,0.2739713788032532,0.24803341180086136,0.17096185684204102
BLCA,TCGA-CU-A0YN-01Z-00-DX1.6C5EAAAF-8F14-49D3-8FFC-9BDAE56CAFD0,uni,UNI,40x,10x,40× ↔ 10×,2880,2880,200,200,5,0.3566638231277466,0.37644174695014954,0.36655278503894806,0.048453330993652344
BLCA,TCGA-CU-A0YN-01Z-00-DX1.6C5EAAAF-8F14-49D3-8FFC-9BDAE56CAFD0,uni,UNI,10x,2p5x,10× ↔ 2.5×,2880,2880,200,200,5,0.24839261174201965,0.2639645040035248,0.2561785578727722,0.026684284210205078
BLCA,TCGA-CU-A0YN-01Z-00-DX1.6C5EAAAF-8F14-49D3-8FFC-9BDAE56CAFD0,uni,UNI,40x,2p5x,40× ↔ 2.5×,2880,2880,200,200,5,0.13867393136024475,0.1389593780040741,0.13881665468215942,0.006373882293701172
BLCA,TCGA-DK-A6AW-01Z-00-DX1.C2453A8C-8282-443C-9E76-5B6CAD2FE69B,uni,UNI,40x,10x,40× ↔ 10×,15233,15233,200,200,5,0.3422192633152008,0.35558944940567017,0.3489043563604355,0.22928929328918457
BLCA,TCGA-DK-A6AW-01Z-00-DX1.C2453A8C-8282-443C-9E76-5B6CAD2FE69B,uni,UNI,10x,2p5x,10× ↔ 2.5×,15233,15233,200,200,5,0.3061663508415222,0.3231157660484314,0.3146410584449768,0.13405919075012207
BLCA,TCGA-DK-A6AW-01Z-00-DX1.C2453A8C-8282-443C-9E76-5B6CAD2FE69B,uni,UNI,40x,2p5x,40× ↔ 2.5×,15233,15233,200,200,5,0.114552803337574,0.21249255537986755,0.16352267935872078,0.03640866279602051
BLCA,TCGA-DK-AA6L-01A-01-TSA.5794F0C6-9ED6-489A-9621-18CCC5935548,uni,UNI,40x,10x,40× ↔ 10×,7165,7165,200,200,5,0.4326510429382324,0.4879082441329956,0.460279643535614,0.11192536354064941
BLCA,TCGA-DK-AA6L-01A-01-TSA.5794F0C6-9ED6-489A-9621-18CCC5935548,uni,UNI,10x,2p5x,10× ↔ 2.5×,7165,7165,200,200,5,0.29091930389404297,0.3385578393936157,0.31473857164382935,0.059510231018066406
BLCA,TCGA-DK-AA6L-01A-01-TSA.5794F0C6-9ED6-489A-9621-18CCC5935548,uni,UNI,40x,2p5x,40× ↔ 2.5×,7165,7165,200,200,5,0.1331246942281723,0.20564058423042297,0.16938263922929764,0.013082265853881836
BLCA,TCGA-DK-AA77-01A-01-TSA.26CAF5CB-CC4F-4522-BD2B-343FB70205FE,uni,UNI,40x,10x,40× ↔ 10×,3872,3872,200,200,5,0.4825979471206665,0.5318479537963867,0.5072229504585266,0.05890083312988281
BLCA,TCGA-DK-AA77-01A-01-TSA.26CAF5CB-CC4F-4522-BD2B-343FB70205FE,uni,UNI,10x,2p5x,10× ↔ 2.5×,3872,3872,200,200,5,0.3521943986415863,0.36587172746658325,0.3590330630540848,0.033101558685302734
BLCA,TCGA-DK-AA77-01A-01-TSA.26CAF5CB-CC4F-4522-BD2B-343FB70205FE,uni,UNI,40x,2p5x,40× ↔ 2.5×,3872,3872,200,200,5,0.18833434581756592,0.2796367406845093,0.2339855432510376,0.007753133773803711
BLCA,TCGA-FD-A6TK-01Z-00-DX1.B685DA87-72A6-4C38-8AA1-40B6E543383C,uni,UNI,40x,10x,40× ↔ 10×,19445,19445,200,200,5,0.32439112663269043,0.35607925057411194,0.3402351886034012,0.4107856750488281
BLCA,TCGA-FD-A6TK-01Z-00-DX1.B685DA87-72A6-4C38-8AA1-40B6E543383C,uni,UNI,10x,2p5x,10× ↔ 2.5×,19445,19445,200,200,5,0.3901560604572296,0.3851560950279236,0.3876560777425766,0.3388800621032715
BLCA,TCGA-FD-A6TK-01Z-00-DX1.B685DA87-72A6-4C38-8AA1-40B6E543383C,uni,UNI,40x,2p5x,40× ↔ 2.5×,19445,19445,200,200,5,0.15425868332386017,0.2059849500656128,0.18012181669473648,0.3272278308868408
BLCA,TCGA-GU-AATP-01Z-00-DX1.0D8EC37C-88E7-49D5-A76D-F0A4A3FD8AE4,uni,UNI,40x,10x,40× ↔ 10×,22018,22018,200,200,5,0.3282756805419922,0.35557323694229126,0.3419244587421417,0.43958616256713867
BLCA,TCGA-GU-AATP-01Z-00-DX1.0D8EC37C-88E7-49D5-A76D-F0A4A3FD8AE4,uni,UNI,10x,2p5x,10× ↔ 2.5×,22018,22018,200,200,5,0.3611917793750763,0.391491562128067,0.37634167075157166,0.19915533065795898
BLCA,TCGA-GU-AATP-01Z-00-DX1.0D8EC37C-88E7-49D5-A76D-F0A4A3FD8AE4,uni,UNI,40x,2p5x,40× ↔ 2.5×,22018,22018,200,200,5,0.1290961056947708,0.2098487764596939,0.16947244107723236,0.11619377136230469
BLCA,TCGA-XF-A8HB-01Z-00-DX1.D6874152-D20A-4CA4-8E8B-8CBAB5F7D7B5,uni,UNI,40x,10x,40× ↔ 10×,14662,14662,200,200,5,0.32573142647743225,0.35987892746925354,0.3428051769733429,0.2018430233001709
BLCA,TCGA-XF-A8HB-01Z-00-DX1.D6874152-D20A-4CA4-8E8B-8CBAB5F7D7B5,uni,UNI,10x,2p5x,10× ↔ 2.5×,14662,14662,200,200,5,0.3743654191493988,0.40031924843788147,0.38734233379364014,0.11766266822814941
BLCA,TCGA-XF-A8HB-01Z-00-DX1.D6874152-D20A-4CA4-8E8B-8CBAB5F7D7B5,uni,UNI,40x,2p5x,40× ↔ 2.5×,14662,14662,200,200,5,0.13495106995105743,0.21069514751434326,0.17282310873270035,0.03520822525024414
BLCA,TCGA-ZF-A9R1-01Z-00-DX1.74520759-D448-45B5-B8AD-45502C99A519,uni,UNI,40x,10x,40× ↔ 10×,16065,16065,200,200,5,0.3566995859146118,0.3759693503379822,0.366334468126297,0.2393782138824463
BLCA,TCGA-ZF-A9R1-01Z-00-DX1.74520759-D448-45B5-B8AD-45502C99A519,uni,UNI,10x,2p5x,10× ↔ 2.5×,16065,16065,200,200,5,0.3533473610877991,0.3852156102657318,0.36928148567676544,0.1253058910369873
BLCA,TCGA-ZF-A9R1-01Z-00-DX1.74520759-D448-45B5-B8AD-45502C99A519,uni,UNI,40x,2p5x,40× ↔ 2.5×,16065,16065,200,200,5,0.1628233641386032,0.26222214102745056,0.21252275258302689,0.041695356369018555
BLCA,TCGA-ZF-AA51-01Z-00-DX1.128C9731-C206-4E71-9A64-864FA9FD7E96,uni,UNI,40x,10x,40× ↔ 10×,22108,22108,200,200,5,0.4097073972225189,0.4367181360721588,0.42321276664733887,0.4692497253417969
BLCA,TCGA-ZF-AA51-01Z-00-DX1.128C9731-C206-4E71-9A64-864FA9FD7E96,uni,UNI,10x,2p5x,10× ↔ 2.5×,22108,22108,200,200,5,0.3377520740032196,0.4367663860321045,0.38725923001766205,0.24646925926208496
BLCA,TCGA-ZF-AA51-01Z-00-DX1.128C9731-C206-4E71-9A64-864FA9FD7E96,uni,UNI,40x,2p5x,40× ↔ 2.5×,22108,22108,200,200,5,0.16837665438652039,0.3023666441440582,0.2353716492652893,0.13808894157409668
BLCA,TCGA-CF-A3MF-01Z-00-DX1.91768C26-5BB1-4DE6-9737-AA26BD687A75,virchow,Virchow,40x,10x,40× ↔ 10×,26138,26138,200,200,5,0.7863514423370361,0.6372541785240173,0.7118028104305267,0.8297240734100342
BLCA,TCGA-CF-A3MF-01Z-00-DX1.91768C26-5BB1-4DE6-9737-AA26BD687A75,virchow,Virchow,10x,2p5x,10× ↔ 2.5×,26138,26138,200,200,5,0.2937953472137451,0.5852963924407959,0.4395458698272705,0.9077739715576172
BLCA,TCGA-CF-A3MF-01Z-00-DX1.91768C26-5BB1-4DE6-9737-AA26BD687A75,virchow,Virchow,40x,2p5x,40× ↔ 2.5×,26138,26138,200,200,5,0.2999313175678253,0.5436579585075378,0.4217946380376816,0.8282589912414551
BLCA,TCGA-CU-A0YN-01Z-00-DX1.6C5EAAAF-8F14-49D3-8FFC-9BDAE56CAFD0,virchow,Virchow,40x,10x,40× ↔ 10×,2880,2880,200,200,5,0.7644996643066406,0.5778141617774963,0.6711569130420685,0.051073312759399414
BLCA,TCGA-CU-A0YN-01Z-00-DX1.6C5EAAAF-8F14-49D3-8FFC-9BDAE56CAFD0,virchow,Virchow,10x,2p5x,10× ↔ 2.5×,2880,2880,200,200,5,0.2308047115802765,0.4251469671726227,0.3279758393764496,0.029552936553955078
BLCA,TCGA-CU-A0YN-01Z-00-DX1.6C5EAAAF-8F14-49D3-8FFC-9BDAE56CAFD0,virchow,Virchow,40x,2p5x,40× ↔ 2.5×,2880,2880,200,200,5,0.14989452064037323,0.22421438992023468,0.18705445528030396,0.012920618057250977
BLCA,TCGA-DK-A6AW-01Z-00-DX1.C2453A8C-8282-443C-9E76-5B6CAD2FE69B,virchow,Virchow,40x,10x,40× ↔ 10×,15233,15233,200,200,5,0.6553577780723572,0.45682424306869507,0.5560910105705261,0.2740194797515869
BLCA,TCGA-DK-A6AW-01Z-00-DX1.C2453A8C-8282-443C-9E76-5B6CAD2FE69B,virchow,Virchow,10x,2p5x,10× ↔ 2.5×,15233,15233,200,200,5,0.22424159944057465,0.34340155124664307,0.28382157534360886,0.16658258438110352
BLCA,TCGA-DK-A6AW-01Z-00-DX1.C2453A8C-8282-443C-9E76-5B6CAD2FE69B,virchow,Virchow,40x,2p5x,40× ↔ 2.5×,15233,15233,200,200,5,0.18684257566928864,0.20965979993343353,0.19825118780136108,0.08546566963195801
BLCA,TCGA-DK-AA6L-01A-01-TSA.5794F0C6-9ED6-489A-9621-18CCC5935548,virchow,Virchow,40x,10x,40× ↔ 10×,7165,7165,200,200,5,0.756069004535675,0.6291437745094299,0.6926063895225525,0.12148022651672363
BLCA,TCGA-DK-AA6L-01A-01-TSA.5794F0C6-9ED6-489A-9621-18CCC5935548,virchow,Virchow,10x,2p5x,10× ↔ 2.5×,7165,7165,200,200,5,0.25857117772102356,0.507332444190979,0.3829518109560013,0.07972192764282227
BLCA,TCGA-DK-AA6L-01A-01-TSA.5794F0C6-9ED6-489A-9621-18CCC5935548,virchow,Virchow,40x,2p5x,40× ↔ 2.5×,7165,7165,200,200,5,0.19749867916107178,0.332736998796463,0.2651178389787674,0.04190492630004883
BLCA,TCGA-DK-AA77-01A-01-TSA.26CAF5CB-CC4F-4522-BD2B-343FB70205FE,virchow,Virchow,40x,10x,40× ↔ 10×,3872,3872,200,200,5,0.5575241446495056,0.5690130591392517,0.5632686018943787,0.06515383720397949
BLCA,TCGA-DK-AA77-01A-01-TSA.26CAF5CB-CC4F-4522-BD2B-343FB70205FE,virchow,Virchow,10x,2p5x,10× ↔ 2.5×,3872,3872,200,200,5,0.26915618777275085,0.5487403869628906,0.40894828736782074,0.04503512382507324
BLCA,TCGA-DK-AA77-01A-01-TSA.26CAF5CB-CC4F-4522-BD2B-343FB70205FE,virchow,Virchow,40x,2p5x,40× ↔ 2.5×,3872,3872,200,200,5,0.2484411895275116,0.466373085975647,0.3574071377515793,0.023577451705932617
BLCA,TCGA-FD-A6TK-01Z-00-DX1.B685DA87-72A6-4C38-8AA1-40B6E543383C,virchow,Virchow,40x,10x,40× ↔ 10×,19445,19445,200,200,5,0.8565161228179932,0.7652149796485901,0.8108655512332916,0.3644387722015381
BLCA,TCGA-FD-A6TK-01Z-00-DX1.B685DA87-72A6-4C38-8AA1-40B6E543383C,virchow,Virchow,10x,2p5x,10× ↔ 2.5×,19445,19445,200,200,5,0.45179298520088196,0.45054754614830017,0.45117026567459106,0.2701997756958008
BLCA,TCGA-FD-A6TK-01Z-00-DX1.B685DA87-72A6-4C38-8AA1-40B6E543383C,virchow,Virchow,40x,2p5x,40× ↔ 2.5×,19445,19445,200,200,5,0.41773536801338196,0.39357879757881165,0.4056570827960968,0.32102251052856445
BLCA,TCGA-GU-AATP-01Z-00-DX1.0D8EC37C-88E7-49D5-A76D-F0A4A3FD8AE4,virchow,Virchow,40x,10x,40× ↔ 10×,22018,22018,200,200,5,0.7966477870941162,0.6304210424423218,0.713534414768219,0.5940048694610596
BLCA,TCGA-GU-AATP-01Z-00-DX1.0D8EC37C-88E7-49D5-A76D-F0A4A3FD8AE4,virchow,Virchow,10x,2p5x,10× ↔ 2.5×,22018,22018,200,200,5,0.3461310565471649,0.39511701464653015,0.37062403559684753,0.46520018577575684
BLCA,TCGA-GU-AATP-01Z-00-DX1.0D8EC37C-88E7-49D5-A76D-F0A4A3FD8AE4,virchow,Virchow,40x,2p5x,40× ↔ 2.5×,22018,22018,200,200,5,0.28129106760025024,0.3102579712867737,0.29577451944351196,0.3914976119995117
BLCA,TCGA-XF-A8HB-01Z-00-DX1.D6874152-D20A-4CA4-8E8B-8CBAB5F7D7B5,virchow,Virchow,40x,10x,40× ↔ 10×,14662,14662,200,200,5,0.7946456670761108,0.6702802777290344,0.7324629724025726,0.2337806224822998
BLCA,TCGA-XF-A8HB-01Z-00-DX1.D6874152-D20A-4CA4-8E8B-8CBAB5F7D7B5,virchow,Virchow,10x,2p5x,10× ↔ 2.5×,14662,14662,200,200,5,0.37863075733184814,0.4413895010948181,0.41001012921333313,0.15596675872802734
BLCA,TCGA-XF-A8HB-01Z-00-DX1.D6874152-D20A-4CA4-8E8B-8CBAB5F7D7B5,virchow,Virchow,40x,2p5x,40× ↔ 2.5×,14662,14662,200,200,5,0.375781387090683,0.3380538821220398,0.3569176346063614,0.08168983459472656
BLCA,TCGA-ZF-A9R1-01Z-00-DX1.74520759-D448-45B5-B8AD-45502C99A519,virchow,Virchow,40x,10x,40× ↔ 10×,16065,16065,200,200,5,0.829790472984314,0.7503306269645691,0.7900605499744415,0.498382568359375
BLCA,TCGA-ZF-A9R1-01Z-00-DX1.74520759-D448-45B5-B8AD-45502C99A519,virchow,Virchow,10x,2p5x,10× ↔ 2.5×,16065,16065,200,200,5,0.466953843832016,0.4866395592689514,0.4767967015504837,0.42003655433654785
BLCA,TCGA-ZF-A9R1-01Z-00-DX1.74520759-D448-45B5-B8AD-45502C99A519,virchow,Virchow,40x,2p5x,40× ↔ 2.5×,16065,16065,200,200,5,0.43780356645584106,0.38887718319892883,0.41334037482738495,0.42739439010620117
BLCA,TCGA-ZF-AA51-01Z-00-DX1.128C9731-C206-4E71-9A64-864FA9FD7E96,virchow,Virchow,40x,10x,40× ↔ 10×,22108,22108,200,200,5,0.7868015766143799,0.6389063000679016,0.7128539383411407,1.0464587211608887
BLCA,TCGA-ZF-AA51-01Z-00-DX1.128C9731-C206-4E71-9A64-864FA9FD7E96,virchow,Virchow,10x,2p5x,10× ↔ 2.5×,22108,22108,200,200,5,0.3340420424938202,0.6553800106048584,0.4947110265493393,0.388805627822876
BLCA,TCGA-ZF-AA51-01Z-00-DX1.128C9731-C206-4E71-9A64-864FA9FD7E96,virchow,Virchow,40x,2p5x,40× ↔ 2.5×,22108,22108,200,200,5,0.26856729388237,0.34789907932281494,0.30823318660259247,0.12761831283569336
BLCA,TCGA-CF-A3MF-01Z-00-DX1.91768C26-5BB1-4DE6-9737-AA26BD687A75,virchow2,Virchow2,40x,10x,40× ↔ 10×,26138,26138,200,200,5,0.749557614326477,0.750045895576477,0.749801754951477,1.0144627094268799
BLCA,TCGA-CF-A3MF-01Z-00-DX1.91768C26-5BB1-4DE6-9737-AA26BD687A75,virchow2,Virchow2,10x,2p5x,10× ↔ 2.5×,26138,26138,200,200,5,0.6606187224388123,0.6877719759941101,0.6741953492164612,0.6422488689422607
BLCA,TCGA-CF-A3MF-01Z-00-DX1.91768C26-5BB1-4DE6-9737-AA26BD687A75,virchow2,Virchow2,40x,2p5x,40× ↔ 2.5×,26138,26138,200,200,5,0.5115782618522644,0.4619346559047699,0.48675645887851715,0.30379533767700195
BLCA,TCGA-CU-A0YN-01Z-00-DX1.6C5EAAAF-8F14-49D3-8FFC-9BDAE56CAFD0,virchow2,Virchow2,40x,10x,40× ↔ 10×,2880,2880,200,200,5,0.6935466527938843,0.7147168517112732,0.7041317522525787,0.11035370826721191
BLCA,TCGA-CU-A0YN-01Z-00-DX1.6C5EAAAF-8F14-49D3-8FFC-9BDAE56CAFD0,virchow2,Virchow2,10x,2p5x,10× ↔ 2.5×,2880,2880,200,200,5,0.6856773495674133,0.662165105342865,0.6739212274551392,0.06065726280212402
BLCA,TCGA-CU-A0YN-01Z-00-DX1.6C5EAAAF-8F14-49D3-8FFC-9BDAE56CAFD0,virchow2,Virchow2,40x,2p5x,40× ↔ 2.5×,2880,2880,200,200,5,0.5564646124839783,0.5021156072616577,0.529290109872818,0.012831687927246094
BLCA,TCGA-DK-A6AW-01Z-00-DX1.C2453A8C-8282-443C-9E76-5B6CAD2FE69B,virchow2,Virchow2,40x,10x,40× ↔ 10×,15233,15233,200,200,5,0.7022228240966797,0.6940935254096985,0.6981581747531891,0.5758712291717529
BLCA,TCGA-DK-A6AW-01Z-00-DX1.C2453A8C-8282-443C-9E76-5B6CAD2FE69B,virchow2,Virchow2,10x,2p5x,10× ↔ 2.5×,15233,15233,200,200,5,0.6134244799613953,0.6258461475372314,0.6196353137493134,0.3199760913848877
BLCA,TCGA-DK-A6AW-01Z-00-DX1.C2453A8C-8282-443C-9E76-5B6CAD2FE69B,virchow2,Virchow2,40x,2p5x,40× ↔ 2.5×,15233,15233,200,200,5,0.5001625418663025,0.470041424036026,0.48510198295116425,0.0868220329284668
BLCA,TCGA-DK-AA6L-01A-01-TSA.5794F0C6-9ED6-489A-9621-18CCC5935548,virchow2,Virchow2,40x,10x,40× ↔ 10×,7165,7165,200,200,5,0.7155468463897705,0.7102672457695007,0.7129070460796356,0.2659018039703369
BLCA,TCGA-DK-AA6L-01A-01-TSA.5794F0C6-9ED6-489A-9621-18CCC5935548,virchow2,Virchow2,10x,2p5x,10× ↔ 2.5×,7165,7165,200,200,5,0.5779163837432861,0.6188424825668335,0.5983794331550598,0.1530475616455078
BLCA,TCGA-DK-AA6L-01A-01-TSA.5794F0C6-9ED6-489A-9621-18CCC5935548,virchow2,Virchow2,40x,2p5x,40× ↔ 2.5×,7165,7165,200,200,5,0.42863136529922485,0.3663880527019501,0.39750970900058746,0.041910409927368164
BLCA,TCGA-DK-AA77-01A-01-TSA.26CAF5CB-CC4F-4522-BD2B-343FB70205FE,virchow2,Virchow2,40x,10x,40× ↔ 10×,3872,3872,200,200,5,0.6395671963691711,0.7041159868240356,0.6718415915966034,0.14400243759155273
BLCA,TCGA-DK-AA77-01A-01-TSA.26CAF5CB-CC4F-4522-BD2B-343FB70205FE,virchow2,Virchow2,10x,2p5x,10× ↔ 2.5×,3872,3872,200,200,5,0.6408005356788635,0.6312717795372009,0.6360361576080322,0.08514118194580078
BLCA,TCGA-DK-AA77-01A-01-TSA.26CAF5CB-CC4F-4522-BD2B-343FB70205FE,virchow2,Virchow2,40x,2p5x,40× ↔ 2.5×,3872,3872,200,200,5,0.39413654804229736,0.41521352529525757,0.40467503666877747,0.023997068405151367
BLCA,TCGA-FD-A6TK-01Z-00-DX1.B685DA87-72A6-4C38-8AA1-40B6E543383C,virchow2,Virchow2,40x,10x,40× ↔ 10×,19445,19445,200,200,5,0.7169623970985413,0.7323132157325745,0.7246378064155579,0.6520223617553711
BLCA,TCGA-FD-A6TK-01Z-00-DX1.B685DA87-72A6-4C38-8AA1-40B6E543383C,virchow2,Virchow2,10x,2p5x,10× ↔ 2.5×,19445,19445,200,200,5,0.706549346446991,0.7353147864341736,0.7209320664405823,0.37494444847106934
BLCA,TCGA-FD-A6TK-01Z-00-DX1.B685DA87-72A6-4C38-8AA1-40B6E543383C,virchow2,Virchow2,40x,2p5x,40× ↔ 2.5×,19445,19445,200,200,5,0.5298347473144531,0.5713656544685364,0.5506002008914948,0.1071462631225586
BLCA,TCGA-GU-AATP-01Z-00-DX1.0D8EC37C-88E7-49D5-A76D-F0A4A3FD8AE4,virchow2,Virchow2,40x,10x,40× ↔ 10×,22018,22018,200,200,5,0.7384877800941467,0.7438582181930542,0.7411729991436005,0.7834274768829346
BLCA,TCGA-GU-AATP-01Z-00-DX1.0D8EC37C-88E7-49D5-A76D-F0A4A3FD8AE4,virchow2,Virchow2,10x,2p5x,10× ↔ 2.5×,22018,22018,200,200,5,0.6827428340911865,0.7051767706871033,0.6939598023891449,0.5518121719360352
BLCA,TCGA-GU-AATP-01Z-00-DX1.0D8EC37C-88E7-49D5-A76D-F0A4A3FD8AE4,virchow2,Virchow2,40x,2p5x,40× ↔ 2.5×,22018,22018,200,200,5,0.532902717590332,0.5433277487754822,0.5381152331829071,0.27938222885131836
BLCA,TCGA-XF-A8HB-01Z-00-DX1.D6874152-D20A-4CA4-8E8B-8CBAB5F7D7B5,virchow2,Virchow2,40x,10x,40× ↔ 10×,14662,14662,200,200,5,0.708769679069519,0.7247676849365234,0.7167686820030212,0.6139352321624756
BLCA,TCGA-XF-A8HB-01Z-00-DX1.D6874152-D20A-4CA4-8E8B-8CBAB5F7D7B5,virchow2,Virchow2,10x,2p5x,10× ↔ 2.5×,14662,14662,200,200,5,0.7090380191802979,0.7526937127113342,0.730865865945816,0.5897152423858643
BLCA,TCGA-XF-A8HB-01Z-00-DX1.D6874152-D20A-4CA4-8E8B-8CBAB5F7D7B5,virchow2,Virchow2,40x,2p5x,40× ↔ 2.5×,14662,14662,200,200,5,0.5329993367195129,0.5991677045822144,0.5660835206508636,0.4942057132720947
BLCA,TCGA-ZF-A9R1-01Z-00-DX1.74520759-D448-45B5-B8AD-45502C99A519,virchow2,Virchow2,40x,10x,40× ↔ 10×,16065,16065,200,200,5,0.7004461288452148,0.7172318696975708,0.7088389992713928,0.8459053039550781
BLCA,TCGA-ZF-A9R1-01Z-00-DX1.74520759-D448-45B5-B8AD-45502C99A519,virchow2,Virchow2,10x,2p5x,10× ↔ 2.5×,16065,16065,200,200,5,0.6849943995475769,0.723783552646637,0.7043889760971069,0.5952985286712646
BLCA,TCGA-ZF-A9R1-01Z-00-DX1.74520759-D448-45B5-B8AD-45502C99A519,virchow2,Virchow2,40x,2p5x,40× ↔ 2.5×,16065,16065,200,200,5,0.5108806490898132,0.5550233125686646,0.5329519808292389,0.42261552810668945
BLCA,TCGA-ZF-AA51-01Z-00-DX1.128C9731-C206-4E71-9A64-864FA9FD7E96,virchow2,Virchow2,40x,10x,40× ↔ 10×,22108,22108,200,200,5,0.7483760714530945,0.7724801301956177,0.7604281008243561,1.1772503852844238
BLCA,TCGA-ZF-AA51-01Z-00-DX1.128C9731-C206-4E71-9A64-864FA9FD7E96,virchow2,Virchow2,10x,2p5x,10× ↔ 2.5×,22108,22108,200,200,5,0.7144559025764465,0.7222134470939636,0.7183346748352051,0.8692786693572998
BLCA,TCGA-ZF-AA51-01Z-00-DX1.128C9731-C206-4E71-9A64-864FA9FD7E96,virchow2,Virchow2,40x,2p5x,40× ↔ 2.5×,22108,22108,200,200,5,0.5783105492591858,0.582137942314148,0.5802242457866669,0.21634912490844727
BLCA,TCGA-CF-A3MF-01Z-00-DX1.91768C26-5BB1-4DE6-9737-AA26BD687A75,uni2,UNI2,40x,10x,40× ↔ 10×,26138,26138,200,200,5,0.5025568008422852,0.5483222603797913,0.5254395306110382,0.5706613063812256
BLCA,TCGA-CF-A3MF-01Z-00-DX1.91768C26-5BB1-4DE6-9737-AA26BD687A75,uni2,UNI2,10x,2p5x,10× ↔ 2.5×,26138,26138,200,200,5,0.5291604995727539,0.5275006890296936,0.5283305943012238,-0.46872544288635254
BLCA,TCGA-CF-A3MF-01Z-00-DX1.91768C26-5BB1-4DE6-9737-AA26BD687A75,uni2,UNI2,40x,2p5x,40× ↔ 2.5×,26138,26138,200,200,5,0.23532134294509888,0.2767101228237152,0.25601573288440704,0.09025192260742188
BLCA,TCGA-CU-A0YN-01Z-00-DX1.6C5EAAAF-8F14-49D3-8FFC-9BDAE56CAFD0,uni2,UNI2,40x,10x,40× ↔ 10×,2880,2880,200,200,5,0.30818960070610046,0.311763197183609,0.30997639894485474,0.11266040802001953
BLCA,TCGA-CU-A0YN-01Z-00-DX1.6C5EAAAF-8F14-49D3-8FFC-9BDAE56CAFD0,uni2,UNI2,10x,2p5x,10× ↔ 2.5×,2880,2880,200,200,5,0.5304908156394958,0.5335672497749329,0.5320290327072144,0.038497209548950195
BLCA,TCGA-CU-A0YN-01Z-00-DX1.6C5EAAAF-8F14-49D3-8FFC-9BDAE56CAFD0,uni2,UNI2,40x,2p5x,40× ↔ 2.5×,2880,2880,200,200,5,0.1376432627439499,0.1767244040966034,0.15718383342027664,0.008618354797363281
BLCA,TCGA-DK-A6AW-01Z-00-DX1.C2453A8C-8282-443C-9E76-5B6CAD2FE69B,uni2,UNI2,40x,10x,40× ↔ 10×,15233,15233,200,200,5,0.32112938165664673,0.32980796694755554,0.32546867430210114,0.3585813045501709
BLCA,TCGA-DK-A6AW-01Z-00-DX1.C2453A8C-8282-443C-9E76-5B6CAD2FE69B,uni2,UNI2,10x,2p5x,10× ↔ 2.5×,15233,15233,200,200,5,0.4688250720500946,0.4789329469203949,0.47387900948524475,0.18902945518493652
BLCA,TCGA-DK-A6AW-01Z-00-DX1.C2453A8C-8282-443C-9E76-5B6CAD2FE69B,uni2,UNI2,40x,2p5x,40× ↔ 2.5×,15233,15233,200,200,5,0.13381582498550415,0.15187734365463257,0.14284658432006836,0.053263187408447266
BLCA,TCGA-DK-AA6L-01A-01-TSA.5794F0C6-9ED6-489A-9621-18CCC5935548,uni2,UNI2,40x,10x,40× ↔ 10×,7165,7165,200,200,5,0.4602512717247009,0.5699518322944641,0.5151015520095825,0.18221497535705566
BLCA,TCGA-DK-AA6L-01A-01-TSA.5794F0C6-9ED6-489A-9621-18CCC5935548,uni2,UNI2,10x,2p5x,10× ↔ 2.5×,7165,7165,200,200,5,0.4750741422176361,0.4194168746471405,0.4472455084323883,0.13382792472839355
BLCA,TCGA-DK-AA6L-01A-01-TSA.5794F0C6-9ED6-489A-9621-18CCC5935548,uni2,UNI2,40x,2p5x,40× ↔ 2.5×,7165,7165,200,200,5,0.21682555973529816,0.18801464140415192,0.20242010056972504,0.037465572357177734
BLCA,TCGA-DK-AA77-01A-01-TSA.26CAF5CB-CC4F-4522-BD2B-343FB70205FE,uni2,UNI2,40x,10x,40× ↔ 10×,3872,3872,200,200,5,0.50816410779953,0.5943077802658081,0.5512359440326691,0.11265206336975098
BLCA,TCGA-DK-AA77-01A-01-TSA.26CAF5CB-CC4F-4522-BD2B-343FB70205FE,uni2,UNI2,10x,2p5x,10× ↔ 2.5×,3872,3872,200,200,5,0.37757059931755066,0.32218408584594727,0.34987734258174896,0.05369830131530762
BLCA,TCGA-DK-AA77-01A-01-TSA.26CAF5CB-CC4F-4522-BD2B-343FB70205FE,uni2,UNI2,40x,2p5x,40× ↔ 2.5×,3872,3872,200,200,5,0.24091288447380066,0.19448810815811157,0.21770049631595612,0.011563777923583984
BLCA,TCGA-FD-A6TK-01Z-00-DX1.B685DA87-72A6-4C38-8AA1-40B6E543383C,uni2,UNI2,40x,10x,40× ↔ 10×,19445,19445,200,200,5,0.2986743450164795,0.3145478069782257,0.3066110759973526,0.515131950378418
BLCA,TCGA-FD-A6TK-01Z-00-DX1.B685DA87-72A6-4C38-8AA1-40B6E543383C,uni2,UNI2,10x,2p5x,10× ↔ 2.5×,19445,19445,200,200,5,0.5533181428909302,0.5847421288490295,0.5690301358699799,0.3131122589111328
BLCA,TCGA-FD-A6TK-01Z-00-DX1.B685DA87-72A6-4C38-8AA1-40B6E543383C,uni2,UNI2,40x,2p5x,40× ↔ 2.5×,19445,19445,200,200,5,0.16824942827224731,0.20436561107635498,0.18630751967430115,0.13520574569702148
BLCA,TCGA-GU-AATP-01Z-00-DX1.0D8EC37C-88E7-49D5-A76D-F0A4A3FD8AE4,uni2,UNI2,40x,10x,40× ↔ 10×,22018,22018,200,200,5,0.3483411371707916,0.37528327107429504,0.36181220412254333,0.48772144317626953
BLCA,TCGA-GU-AATP-01Z-00-DX1.0D8EC37C-88E7-49D5-A76D-F0A4A3FD8AE4,uni2,UNI2,10x,2p5x,10× ↔ 2.5×,22018,22018,200,200,5,0.5378004908561707,0.5709368586540222,0.5543686747550964,0.3414158821105957
BLCA,TCGA-GU-AATP-01Z-00-DX1.0D8EC37C-88E7-49D5-A76D-F0A4A3FD8AE4,uni2,UNI2,40x,2p5x,40× ↔ 2.5×,22018,22018,200,200,5,0.17258916795253754,0.21563750505447388,0.1941133365035057,0.14615511894226074
BLCA,TCGA-XF-A8HB-01Z-00-DX1.D6874152-D20A-4CA4-8E8B-8CBAB5F7D7B5,uni2,UNI2,40x,10x,40× ↔ 10×,14662,14662,200,200,5,0.34406664967536926,0.3597084581851959,0.3518875539302826,0.33928561210632324
BLCA,TCGA-XF-A8HB-01Z-00-DX1.D6874152-D20A-4CA4-8E8B-8CBAB5F7D7B5,uni2,UNI2,10x,2p5x,10× ↔ 2.5×,14662,14662,200,200,5,0.5354103446006775,0.5844802260398865,0.559945285320282,0.25211405754089355
BLCA,TCGA-XF-A8HB-01Z-00-DX1.D6874152-D20A-4CA4-8E8B-8CBAB5F7D7B5,uni2,UNI2,40x,2p5x,40× ↔ 2.5×,14662,14662,200,200,5,0.16812549531459808,0.20693553984165192,0.187530517578125,0.061731815338134766
BLCA,TCGA-ZF-A9R1-01Z-00-DX1.74520759-D448-45B5-B8AD-45502C99A519,uni2,UNI2,40x,10x,40× ↔ 10×,16065,16065,200,200,5,0.31075653433799744,0.3187218904495239,0.3147392123937607,0.4001743793487549
BLCA,TCGA-ZF-A9R1-01Z-00-DX1.74520759-D448-45B5-B8AD-45502C99A519,uni2,UNI2,10x,2p5x,10× ↔ 2.5×,16065,16065,200,200,5,0.5038117170333862,0.5477193593978882,0.5257655382156372,0.2855842113494873
BLCA,TCGA-ZF-A9R1-01Z-00-DX1.74520759-D448-45B5-B8AD-45502C99A519,uni2,UNI2,40x,2p5x,40× ↔ 2.5×,16065,16065,200,200,5,0.13884322345256805,0.1717110574245453,0.15527714043855667,0.09850263595581055
BLCA,TCGA-ZF-AA51-01Z-00-DX1.128C9731-C206-4E71-9A64-864FA9FD7E96,uni2,UNI2,40x,10x,40× ↔ 10×,22108,22108,200,200,5,0.4106729328632355,0.4487152695655823,0.4296941012144089,0.5141942501068115
BLCA,TCGA-ZF-AA51-01Z-00-DX1.128C9731-C206-4E71-9A64-864FA9FD7E96,uni2,UNI2,10x,2p5x,10× ↔ 2.5×,22108,22108,200,200,5,0.42221540212631226,0.437282919883728,0.42974916100502014,0.26433324813842773
BLCA,TCGA-ZF-AA51-01Z-00-DX1.128C9731-C206-4E71-9A64-864FA9FD7E96,uni2,UNI2,40x,2p5x,40× ↔ 2.5×,22108,22108,200,200,5,0.169377401471138,0.18145833909511566,0.17541787028312683,0.07978606224060059
BLCA,TCGA-CF-A3MF-01Z-00-DX1.91768C26-5BB1-4DE6-9737-AA26BD687A75,midnight,Midnight,40x,10x,40× ↔ 10×,26138,26138,200,200,5,0.3894626796245575,0.3860328495502472,0.38774776458740234,1.863952875137329
BLCA,TCGA-CF-A3MF-01Z-00-DX1.91768C26-5BB1-4DE6-9737-AA26BD687A75,midnight,Midnight,10x,2p5x,10× ↔ 2.5×,26138,26138,200,200,5,0.5335257053375244,0.5247448682785034,0.5291352868080139,1.339925765991211
BLCA,TCGA-CF-A3MF-01Z-00-DX1.91768C26-5BB1-4DE6-9737-AA26BD687A75,midnight,Midnight,40x,2p5x,40× ↔ 2.5×,26138,26138,200,200,5,0.37504640221595764,0.36382636427879333,0.3694363832473755,0.578737735748291
BLCA,TCGA-CU-A0YN-01Z-00-DX1.6C5EAAAF-8F14-49D3-8FFC-9BDAE56CAFD0,midnight,Midnight,40x,10x,40× ↔ 10×,2880,2880,200,200,5,0.3262692093849182,0.3309187591075897,0.32859398424625397,0.15179729461669922
BLCA,TCGA-CU-A0YN-01Z-00-DX1.6C5EAAAF-8F14-49D3-8FFC-9BDAE56CAFD0,midnight,Midnight,10x,2p5x,10× ↔ 2.5×,2880,2880,200,200,5,0.43552833795547485,0.44769877195358276,0.4416135549545288,0.08459758758544922
BLCA,TCGA-CU-A0YN-01Z-00-DX1.6C5EAAAF-8F14-49D3-8FFC-9BDAE56CAFD0,midnight,Midnight,40x,2p5x,40× ↔ 2.5×,2880,2880,200,200,5,0.33230796456336975,0.32519805431365967,0.3287530094385147,0.021709680557250977
BLCA,TCGA-DK-A6AW-01Z-00-DX1.C2453A8C-8282-443C-9E76-5B6CAD2FE69B,midnight,Midnight,40x,10x,40× ↔ 10×,15233,15233,200,200,5,0.3391434848308563,0.33964109420776367,0.33939228951931,0.7157862186431885
BLCA,TCGA-DK-A6AW-01Z-00-DX1.C2453A8C-8282-443C-9E76-5B6CAD2FE69B,midnight,Midnight,10x,2p5x,10× ↔ 2.5×,15233,15233,200,200,5,0.4202331304550171,0.4658297598361969,0.443031445145607,0.4143192768096924
BLCA,TCGA-DK-A6AW-01Z-00-DX1.C2453A8C-8282-443C-9E76-5B6CAD2FE69B,midnight,Midnight,40x,2p5x,40× ↔ 2.5×,15233,15233,200,200,5,0.28835329413414,0.3020424246788025,0.29519785940647125,0.100494384765625
BLCA,TCGA-DK-AA6L-01A-01-TSA.5794F0C6-9ED6-489A-9621-18CCC5935548,midnight,Midnight,40x,10x,40× ↔ 10×,7165,7165,200,200,5,0.25412270426750183,0.4045751094818115,0.3293489068746567,0.42128825187683105
BLCA,TCGA-DK-AA6L-01A-01-TSA.5794F0C6-9ED6-489A-9621-18CCC5935548,midnight,Midnight,10x,2p5x,10× ↔ 2.5×,7165,7165,200,200,5,0.3042665123939514,0.5051284432411194,0.4046974778175354,0.21063852310180664
BLCA,TCGA-DK-AA6L-01A-01-TSA.5794F0C6-9ED6-489A-9621-18CCC5935548,midnight,Midnight,40x,2p5x,40× ↔ 2.5×,7165,7165,200,200,5,0.31607115268707275,0.22981007397174835,0.27294061332941055,0.12375998497009277
BLCA,TCGA-DK-AA77-01A-01-TSA.26CAF5CB-CC4F-4522-BD2B-343FB70205FE,midnight,Midnight,40x,10x,40× ↔ 10×,3872,3872,200,200,5,0.2313670665025711,0.3323586583137512,0.28186286240816116,0.204331636428833
BLCA,TCGA-DK-AA77-01A-01-TSA.26CAF5CB-CC4F-4522-BD2B-343FB70205FE,midnight,Midnight,10x,2p5x,10× ↔ 2.5×,3872,3872,200,200,5,0.3006047308444977,0.45897817611694336,0.3797914534807205,0.10845732688903809
BLCA,TCGA-DK-AA77-01A-01-TSA.26CAF5CB-CC4F-4522-BD2B-343FB70205FE,midnight,Midnight,40x,2p5x,40× ↔ 2.5×,3872,3872,200,200,5,0.30375874042510986,0.21260660886764526,0.25818267464637756,0.028253555297851562
BLCA,TCGA-FD-A6TK-01Z-00-DX1.B685DA87-72A6-4C38-8AA1-40B6E543383C,midnight,Midnight,40x,10x,40× ↔ 10×,19445,19445,200,200,5,0.3904123604297638,0.3767707347869873,0.38359154760837555,1.2563879489898682
BLCA,TCGA-FD-A6TK-01Z-00-DX1.B685DA87-72A6-4C38-8AA1-40B6E543383C,midnight,Midnight,10x,2p5x,10× ↔ 2.5×,19445,19445,200,200,5,0.4274537265300751,0.44115379452705383,0.43430376052856445,0.5665252208709717
BLCA,TCGA-FD-A6TK-01Z-00-DX1.B685DA87-72A6-4C38-8AA1-40B6E543383C,midnight,Midnight,40x,2p5x,40× ↔ 2.5×,19445,19445,200,200,5,0.2766031324863434,0.2825244963169098,0.2795638144016266,0.15082001686096191
BLCA,TCGA-GU-AATP-01Z-00-DX1.0D8EC37C-88E7-49D5-A76D-F0A4A3FD8AE4,midnight,Midnight,40x,10x,40× ↔ 10×,22018,22018,200,200,5,0.36313846707344055,0.3942766487598419,0.37870755791664124,1.1057946681976318
BLCA,TCGA-GU-AATP-01Z-00-DX1.0D8EC37C-88E7-49D5-A76D-F0A4A3FD8AE4,midnight,Midnight,10x,2p5x,10× ↔ 2.5×,22018,22018,200,200,5,0.4032832980155945,0.42386409640312195,0.4135736972093582,0.7735357284545898
BLCA,TCGA-GU-AATP-01Z-00-DX1.0D8EC37C-88E7-49D5-A76D-F0A4A3FD8AE4,midnight,Midnight,40x,2p5x,40× ↔ 2.5×,22018,22018,200,200,5,0.2595296800136566,0.26607367396354675,0.2628016769886017,0.22370290756225586
BLCA,TCGA-XF-A8HB-01Z-00-DX1.D6874152-D20A-4CA4-8E8B-8CBAB5F7D7B5,midnight,Midnight,40x,10x,40× ↔ 10×,14662,14662,200,200,5,0.3829859495162964,0.4041711986064911,0.39357857406139374,0.6899173259735107
BLCA,TCGA-XF-A8HB-01Z-00-DX1.D6874152-D20A-4CA4-8E8B-8CBAB5F7D7B5,midnight,Midnight,10x,2p5x,10× ↔ 2.5×,14662,14662,200,200,5,0.4293730854988098,0.43943312764167786,0.43440310657024384,0.4824676513671875
BLCA,TCGA-XF-A8HB-01Z-00-DX1.D6874152-D20A-4CA4-8E8B-8CBAB5F7D7B5,midnight,Midnight,40x,2p5x,40× ↔ 2.5×,14662,14662,200,200,5,0.2692737579345703,0.279667466878891,0.27447061240673065,0.10368561744689941
BLCA,TCGA-ZF-A9R1-01Z-00-DX1.74520759-D448-45B5-B8AD-45502C99A519,midnight,Midnight,40x,10x,40× ↔ 10×,16065,16065,200,200,5,0.42011287808418274,0.42333412170410156,0.42172349989414215,1.0989768505096436
BLCA,TCGA-ZF-A9R1-01Z-00-DX1.74520759-D448-45B5-B8AD-45502C99A519,midnight,Midnight,10x,2p5x,10× ↔ 2.5×,16065,16065,200,200,5,0.47342902421951294,0.47250938415527344,0.4729692041873932,0.5427494049072266
BLCA,TCGA-ZF-A9R1-01Z-00-DX1.74520759-D448-45B5-B8AD-45502C99A519,midnight,Midnight,40x,2p5x,40× ↔ 2.5×,16065,16065,200,200,5,0.29843056201934814,0.3210897445678711,0.3097601532936096,0.11380791664123535
BLCA,TCGA-ZF-AA51-01Z-00-DX1.128C9731-C206-4E71-9A64-864FA9FD7E96,midnight,Midnight,40x,10x,40× ↔ 10×,22108,22108,200,200,5,0.3632667362689972,0.42584285140037537,0.3945547938346863,1.0633971691131592
BLCA,TCGA-ZF-AA51-01Z-00-DX1.128C9731-C206-4E71-9A64-864FA9FD7E96,midnight,Midnight,10x,2p5x,10× ↔ 2.5×,22108,22108,200,200,5,0.5192981958389282,0.5928796529769897,0.556088924407959,0.7283039093017578
BLCA,TCGA-ZF-AA51-01Z-00-DX1.128C9731-C206-4E71-9A64-864FA9FD7E96,midnight,Midnight,40x,2p5x,40× ↔ 2.5×,22108,22108,200,200,5,0.282816618680954,0.2966640293598175,0.28974032402038574,0.1697862148284912
BLCA,TCGA-CF-A3MF-01Z-00-DX1.91768C26-5BB1-4DE6-9737-AA26BD687A75,gigapath,GigaPath,40x,10x,40× ↔ 10×,26138,26138,200,200,5,0.49387556314468384,0.48404332995414734,0.4889594465494156,0.6221976280212402
BLCA,TCGA-CF-A3MF-01Z-00-DX1.91768C26-5BB1-4DE6-9737-AA26BD687A75,gigapath,GigaPath,10x,2p5x,10× ↔ 2.5×,26138,26138,200,200,5,0.3562813401222229,0.608830988407135,0.48255616426467896,0.43541932106018066
BLCA,TCGA-CF-A3MF-01Z-00-DX1.91768C26-5BB1-4DE6-9737-AA26BD687A75,gigapath,GigaPath,40x,2p5x,40× ↔ 2.5×,26138,26138,200,200,5,0.24140644073486328,0.38330793380737305,0.31235718727111816,0.21675848960876465
BLCA,TCGA-CU-A0YN-01Z-00-DX1.6C5EAAAF-8F14-49D3-8FFC-9BDAE56CAFD0,gigapath,GigaPath,40x,10x,40× ↔ 10×,2880,2880,200,200,5,0.3007420599460602,0.3281572163105011,0.31444963812828064,0.06618857383728027
BLCA,TCGA-CU-A0YN-01Z-00-DX1.6C5EAAAF-8F14-49D3-8FFC-9BDAE56CAFD0,gigapath,GigaPath,10x,2p5x,10× ↔ 2.5×,2880,2880,200,200,5,0.3600815534591675,0.689753532409668,0.5249175429344177,0.03714275360107422
BLCA,TCGA-CU-A0YN-01Z-00-DX1.6C5EAAAF-8F14-49D3-8FFC-9BDAE56CAFD0,gigapath,GigaPath,40x,2p5x,40× ↔ 2.5×,2880,2880,200,200,5,0.07949451357126236,0.20576472580432892,0.14262961968779564,0.008606433868408203
BLCA,TCGA-DK-A6AW-01Z-00-DX1.C2453A8C-8282-443C-9E76-5B6CAD2FE69B,gigapath,GigaPath,40x,10x,40× ↔ 10×,15233,15233,200,200,5,0.28763747215270996,0.27256906032562256,0.28010326623916626,0.3379683494567871
BLCA,TCGA-DK-A6AW-01Z-00-DX1.C2453A8C-8282-443C-9E76-5B6CAD2FE69B,gigapath,GigaPath,10x,2p5x,10× ↔ 2.5×,15233,15233,200,200,5,0.4060716927051544,0.6708900332450867,0.5384808629751205,0.23790311813354492
BLCA,TCGA-DK-A6AW-01Z-00-DX1.C2453A8C-8282-443C-9E76-5B6CAD2FE69B,gigapath,GigaPath,40x,2p5x,40× ↔ 2.5×,15233,15233,200,200,5,0.08549216389656067,0.10571698099374771,0.09560457244515419,0.12830114364624023
BLCA,TCGA-DK-AA6L-01A-01-TSA.5794F0C6-9ED6-489A-9621-18CCC5935548,gigapath,GigaPath,40x,10x,40× ↔ 10×,7165,7165,200,200,5,0.38769033551216125,0.45995575189590454,0.4238230437040329,0.15827608108520508
BLCA,TCGA-DK-AA6L-01A-01-TSA.5794F0C6-9ED6-489A-9621-18CCC5935548,gigapath,GigaPath,10x,2p5x,10× ↔ 2.5×,7165,7165,200,200,5,0.2721637785434723,0.4714444577693939,0.3718041181564331,0.09039139747619629
BLCA,TCGA-DK-AA6L-01A-01-TSA.5794F0C6-9ED6-489A-9621-18CCC5935548,gigapath,GigaPath,40x,2p5x,40× ↔ 2.5×,7165,7165,200,200,5,0.18655750155448914,0.29188910126686096,0.23922330141067505,0.026849985122680664
BLCA,TCGA-DK-AA77-01A-01-TSA.26CAF5CB-CC4F-4522-BD2B-343FB70205FE,gigapath,GigaPath,40x,10x,40× ↔ 10×,3872,3872,200,200,5,0.4104110598564148,0.5544517040252686,0.4824313819408417,0.08501529693603516
BLCA,TCGA-DK-AA77-01A-01-TSA.26CAF5CB-CC4F-4522-BD2B-343FB70205FE,gigapath,GigaPath,10x,2p5x,10× ↔ 2.5×,3872,3872,200,200,5,0.2996356189250946,0.3983621597290039,0.34899888932704926,0.04693603515625
BLCA,TCGA-DK-AA77-01A-01-TSA.26CAF5CB-CC4F-4522-BD2B-343FB70205FE,gigapath,GigaPath,40x,2p5x,40× ↔ 2.5×,3872,3872,200,200,5,0.18477746844291687,0.333759605884552,0.25926853716373444,0.011197090148925781
BLCA,TCGA-FD-A6TK-01Z-00-DX1.B685DA87-72A6-4C38-8AA1-40B6E543383C,gigapath,GigaPath,40x,10x,40× ↔ 10×,19445,19445,200,200,5,0.4472522735595703,0.44642624258995056,0.44683925807476044,0.5887265205383301
BLCA,TCGA-FD-A6TK-01Z-00-DX1.B685DA87-72A6-4C38-8AA1-40B6E543383C,gigapath,GigaPath,10x,2p5x,10× ↔ 2.5×,19445,19445,200,200,5,0.40924713015556335,0.6861808896064758,0.5477140098810196,0.35123395919799805
BLCA,TCGA-FD-A6TK-01Z-00-DX1.B685DA87-72A6-4C38-8AA1-40B6E543383C,gigapath,GigaPath,40x,2p5x,40× ↔ 2.5×,19445,19445,200,200,5,0.15841129422187805,0.23828057944774628,0.19834593683481216,0.10163307189941406
BLCA,TCGA-GU-AATP-01Z-00-DX1.0D8EC37C-88E7-49D5-A76D-F0A4A3FD8AE4,gigapath,GigaPath,40x,10x,40× ↔ 10×,22018,22018,200,200,5,0.4169479310512543,0.42567670345306396,0.4213123172521591,0.5697824954986572
BLCA,TCGA-GU-AATP-01Z-00-DX1.0D8EC37C-88E7-49D5-A76D-F0A4A3FD8AE4,gigapath,GigaPath,10x,2p5x,10× ↔ 2.5×,22018,22018,200,200,5,0.36879274249076843,0.6650810241699219,0.5169368833303452,0.2599325180053711
BLCA,TCGA-GU-AATP-01Z-00-DX1.0D8EC37C-88E7-49D5-A76D-F0A4A3FD8AE4,gigapath,GigaPath,40x,2p5x,40× ↔ 2.5×,22018,22018,200,200,5,0.1124480813741684,0.2848258912563324,0.1986369863152504,0.11083459854125977
BLCA,TCGA-XF-A8HB-01Z-00-DX1.D6874152-D20A-4CA4-8E8B-8CBAB5F7D7B5,gigapath,GigaPath,40x,10x,40× ↔ 10×,14662,14662,200,200,5,0.3799096941947937,0.3880580961704254,0.38398389518260956,0.3589596748352051
BLCA,TCGA-XF-A8HB-01Z-00-DX1.D6874152-D20A-4CA4-8E8B-8CBAB5F7D7B5,gigapath,GigaPath,10x,2p5x,10× ↔ 2.5×,14662,14662,200,200,5,0.5007043480873108,0.7461003065109253,0.623402327299118,0.22977948188781738
BLCA,TCGA-XF-A8HB-01Z-00-DX1.D6874152-D20A-4CA4-8E8B-8CBAB5F7D7B5,gigapath,GigaPath,40x,2p5x,40× ↔ 2.5×,14662,14662,200,200,5,0.10278245061635971,0.1480366289615631,0.1254095397889614,0.19798970222473145
BLCA,TCGA-ZF-A9R1-01Z-00-DX1.74520759-D448-45B5-B8AD-45502C99A519,gigapath,GigaPath,40x,10x,40× ↔ 10×,16065,16065,200,200,5,0.3749832808971405,0.3793809413909912,0.37718211114406586,0.4800283908843994
BLCA,TCGA-ZF-A9R1-01Z-00-DX1.74520759-D448-45B5-B8AD-45502C99A519,gigapath,GigaPath,10x,2p5x,10× ↔ 2.5×,16065,16065,200,200,5,0.3602011799812317,0.6902612447738647,0.5252312123775482,0.3271758556365967
BLCA,TCGA-ZF-A9R1-01Z-00-DX1.74520759-D448-45B5-B8AD-45502C99A519,gigapath,GigaPath,40x,2p5x,40× ↔ 2.5×,16065,16065,200,200,5,0.12871231138706207,0.20632849633693695,0.1675204038619995,0.20571327209472656
BLCA,TCGA-ZF-AA51-01Z-00-DX1.128C9731-C206-4E71-9A64-864FA9FD7E96,gigapath,GigaPath,40x,10x,40× ↔ 10×,22108,22108,200,200,5,0.4089456796646118,0.4483399987220764,0.4286428391933441,0.6085600852966309
BLCA,TCGA-ZF-AA51-01Z-00-DX1.128C9731-C206-4E71-9A64-864FA9FD7E96,gigapath,GigaPath,10x,2p5x,10× ↔ 2.5×,22108,22108,200,200,5,0.43407556414604187,0.7467736005783081,0.590424582362175,0.26612281799316406
BLCA,TCGA-ZF-AA51-01Z-00-DX1.128C9731-C206-4E71-9A64-864FA9FD7E96,gigapath,GigaPath,40x,2p5x,40× ↔ 2.5×,22108,22108,200,200,5,0.15173636376857758,0.3339967727661133,0.24286656826734543,0.07518339157104492
BLCA,TCGA-CF-A3MF-01Z-00-DX1.91768C26-5BB1-4DE6-9737-AA26BD687A75,gigapath_flash,GigaPath-Flash,40x,10x,40× ↔ 10×,26138,26138,200,200,5,0.6052186489105225,0.581460177898407,0.5933394134044647,0.15732169151306152
BLCA,TCGA-CF-A3MF-01Z-00-DX1.91768C26-5BB1-4DE6-9737-AA26BD687A75,gigapath_flash,GigaPath-Flash,10x,2p5x,10× ↔ 2.5×,26138,26138,200,200,5,0.46507200598716736,0.6730254888534546,0.569048747420311,0.09012222290039062
BLCA,TCGA-CF-A3MF-01Z-00-DX1.91768C26-5BB1-4DE6-9737-AA26BD687A75,gigapath_flash,GigaPath-Flash,40x,2p5x,40× ↔ 2.5×,26138,26138,200,200,5,0.3988300859928131,0.6048760414123535,0.5018530637025833,0.02464127540588379
BLCA,TCGA-CU-A0YN-01Z-00-DX1.6C5EAAAF-8F14-49D3-8FFC-9BDAE56CAFD0,gigapath_flash,GigaPath-Flash,40x,10x,40× ↔ 10×,2880,2880,200,200,5,0.4485412836074829,0.4477730095386505,0.4481571465730667,0.018657207489013672
BLCA,TCGA-CU-A0YN-01Z-00-DX1.6C5EAAAF-8F14-49D3-8FFC-9BDAE56CAFD0,gigapath_flash,GigaPath-Flash,10x,2p5x,10× ↔ 2.5×,2880,2880,200,200,5,0.44373437762260437,0.8431733250617981,0.6434538513422012,0.011032819747924805
BLCA,TCGA-CU-A0YN-01Z-00-DX1.6C5EAAAF-8F14-49D3-8FFC-9BDAE56CAFD0,gigapath_flash,GigaPath-Flash,40x,2p5x,40× ↔ 2.5×,2880,2880,200,200,5,0.18767987191677094,0.43395859003067017,0.31081923097372055,0.002960205078125
BLCA,TCGA-DK-A6AW-01Z-00-DX1.C2453A8C-8282-443C-9E76-5B6CAD2FE69B,gigapath_flash,GigaPath-Flash,40x,10x,40× ↔ 10×,15233,15233,200,200,5,0.427731454372406,0.40670517086982727,0.41721831262111664,0.08816194534301758
BLCA,TCGA-DK-A6AW-01Z-00-DX1.C2453A8C-8282-443C-9E76-5B6CAD2FE69B,gigapath_flash,GigaPath-Flash,10x,2p5x,10× ↔ 2.5×,15233,15233,200,200,5,0.4823560118675232,0.683660626411438,0.5830083191394806,0.051163434982299805
BLCA,TCGA-DK-A6AW-01Z-00-DX1.C2453A8C-8282-443C-9E76-5B6CAD2FE69B,gigapath_flash,GigaPath-Flash,40x,2p5x,40× ↔ 2.5×,15233,15233,200,200,5,0.30500492453575134,0.36525699496269226,0.3351309597492218,0.011131763458251953
BLCA,TCGA-DK-AA6L-01A-01-TSA.5794F0C6-9ED6-489A-9621-18CCC5935548,gigapath_flash,GigaPath-Flash,40x,10x,40× ↔ 10×,7165,7165,200,200,5,0.6108770370483398,0.6143945455551147,0.6126357913017273,0.04268836975097656
BLCA,TCGA-DK-AA6L-01A-01-TSA.5794F0C6-9ED6-489A-9621-18CCC5935548,gigapath_flash,GigaPath-Flash,10x,2p5x,10× ↔ 2.5×,7165,7165,200,200,5,0.46639981865882874,0.5923540592193604,0.5293769389390945,0.02529430389404297
BLCA,TCGA-DK-AA6L-01A-01-TSA.5794F0C6-9ED6-489A-9621-18CCC5935548,gigapath_flash,GigaPath-Flash,40x,2p5x,40× ↔ 2.5×,7165,7165,200,200,5,0.5101762413978577,0.5134355425834656,0.5118058919906616,0.006629467010498047
BLCA,TCGA-DK-AA77-01A-01-TSA.26CAF5CB-CC4F-4522-BD2B-343FB70205FE,gigapath_flash,GigaPath-Flash,40x,10x,40× ↔ 10×,3872,3872,200,200,5,0.6448727250099182,0.6663687825202942,0.6556207537651062,0.02394866943359375
BLCA,TCGA-DK-AA77-01A-01-TSA.26CAF5CB-CC4F-4522-BD2B-343FB70205FE,gigapath_flash,GigaPath-Flash,10x,2p5x,10× ↔ 2.5×,3872,3872,200,200,5,0.4425671398639679,0.5034661889076233,0.4730166643857956,0.014077901840209961
BLCA,TCGA-DK-AA77-01A-01-TSA.26CAF5CB-CC4F-4522-BD2B-343FB70205FE,gigapath_flash,GigaPath-Flash,40x,2p5x,40× ↔ 2.5×,3872,3872,200,200,5,0.41686078906059265,0.495059996843338,0.45596039295196533,0.0038995742797851562
BLCA,TCGA-FD-A6TK-01Z-00-DX1.B685DA87-72A6-4C38-8AA1-40B6E543383C,gigapath_flash,GigaPath-Flash,40x,10x,40× ↔ 10×,19445,19445,200,200,5,0.6172434091567993,0.6087164282798767,0.612979918718338,0.1287975311279297
BLCA,TCGA-FD-A6TK-01Z-00-DX1.B685DA87-72A6-4C38-8AA1-40B6E543383C,gigapath_flash,GigaPath-Flash,10x,2p5x,10× ↔ 2.5×,19445,19445,200,200,5,0.5405815839767456,0.7403244376182556,0.6404530107975006,0.06026124954223633
BLCA,TCGA-FD-A6TK-01Z-00-DX1.B685DA87-72A6-4C38-8AA1-40B6E543383C,gigapath_flash,GigaPath-Flash,40x,2p5x,40× ↔ 2.5×,19445,19445,200,200,5,0.43698814511299133,0.5472267270088196,0.49210743606090546,0.014132261276245117
BLCA,TCGA-GU-AATP-01Z-00-DX1.0D8EC37C-88E7-49D5-A76D-F0A4A3FD8AE4,gigapath_flash,GigaPath-Flash,40x,10x,40× ↔ 10×,22018,22018,200,200,5,0.5790603756904602,0.5962918996810913,0.5876761376857758,0.11165022850036621
BLCA,TCGA-GU-AATP-01Z-00-DX1.0D8EC37C-88E7-49D5-A76D-F0A4A3FD8AE4,gigapath_flash,GigaPath-Flash,10x,2p5x,10× ↔ 2.5×,22018,22018,200,200,5,0.4391138255596161,0.6831631064414978,0.561138466000557,0.12508344650268555
BLCA,TCGA-GU-AATP-01Z-00-DX1.0D8EC37C-88E7-49D5-A76D-F0A4A3FD8AE4,gigapath_flash,GigaPath-Flash,40x,2p5x,40× ↔ 2.5×,22018,22018,200,200,5,0.34717974066734314,0.5015305876731873,0.4243551641702652,0.07247567176818848
BLCA,TCGA-XF-A8HB-01Z-00-DX1.D6874152-D20A-4CA4-8E8B-8CBAB5F7D7B5,gigapath_flash,GigaPath-Flash,40x,10x,40× ↔ 10×,14662,14662,200,200,5,0.563360333442688,0.583061933517456,0.573211133480072,0.07235097885131836
BLCA,TCGA-XF-A8HB-01Z-00-DX1.D6874152-D20A-4CA4-8E8B-8CBAB5F7D7B5,gigapath_flash,GigaPath-Flash,10x,2p5x,10× ↔ 2.5×,14662,14662,200,200,5,0.6027145981788635,0.7776656746864319,0.6901901364326477,0.04136228561401367
BLCA,TCGA-XF-A8HB-01Z-00-DX1.D6874152-D20A-4CA4-8E8B-8CBAB5F7D7B5,gigapath_flash,GigaPath-Flash,40x,2p5x,40× ↔ 2.5×,14662,14662,200,200,5,0.37244266271591187,0.38710159063339233,0.3797721266746521,0.01112508773803711
BLCA,TCGA-ZF-A9R1-01Z-00-DX1.74520759-D448-45B5-B8AD-45502C99A519,gigapath_flash,GigaPath-Flash,40x,10x,40× ↔ 10×,16065,16065,200,200,5,0.583691418170929,0.5964423418045044,0.5900668799877167,0.08502817153930664
BLCA,TCGA-ZF-A9R1-01Z-00-DX1.74520759-D448-45B5-B8AD-45502C99A519,gigapath_flash,GigaPath-Flash,10x,2p5x,10× ↔ 2.5×,16065,16065,200,200,5,0.46486037969589233,0.7663370966911316,0.615598738193512,0.04894876480102539
BLCA,TCGA-ZF-A9R1-01Z-00-DX1.74520759-D448-45B5-B8AD-45502C99A519,gigapath_flash,GigaPath-Flash,40x,2p5x,40× ↔ 2.5×,16065,16065,200,200,5,0.338947057723999,0.5469624400138855,0.44295474886894226,0.01197052001953125
BLCA,TCGA-ZF-AA51-01Z-00-DX1.128C9731-C206-4E71-9A64-864FA9FD7E96,gigapath_flash,GigaPath-Flash,40x,10x,40× ↔ 10×,22108,22108,200,200,5,0.6184074282646179,0.6185047030448914,0.6184560656547546,0.18804645538330078
BLCA,TCGA-ZF-AA51-01Z-00-DX1.128C9731-C206-4E71-9A64-864FA9FD7E96,gigapath_flash,GigaPath-Flash,10x,2p5x,10× ↔ 2.5×,22108,22108,200,200,5,0.545381486415863,0.797809362411499,0.671595424413681,0.15540695190429688
BLCA,TCGA-ZF-AA51-01Z-00-DX1.128C9731-C206-4E71-9A64-864FA9FD7E96,gigapath_flash,GigaPath-Flash,40x,2p5x,40× ↔ 2.5×,22108,22108,200,200,5,0.3651675283908844,0.5605697631835938,0.4628686457872391,0.07764554023742676
BRCA,TCGA-A7-A2KD-01Z-00-DX1.BFF2DFC8-1D95-4DC2-98FC-5BD7D7C6CDF5,phikon,Phikon,40x,10x,40× ↔ 10×,13242,13242,200,200,5,0.6697564721107483,0.649228036403656,0.6594922542572021,0.20993280410766602
BRCA,TCGA-A7-A2KD-01Z-00-DX1.BFF2DFC8-1D95-4DC2-98FC-5BD7D7C6CDF5,phikon,Phikon,10x,2p5x,10× ↔ 2.5×,13242,13242,200,200,5,0.34135177731513977,0.33797958493232727,0.3396656811237335,0.1532149314880371
BRCA,TCGA-A7-A2KD-01Z-00-DX1.BFF2DFC8-1D95-4DC2-98FC-5BD7D7C6CDF5,phikon,Phikon,40x,2p5x,40× ↔ 2.5×,13242,13242,200,200,5,0.09066610038280487,0.20330126583576202,0.14698368310928345,0.11861228942871094
BRCA,TCGA-AN-A0G0-01Z-00-DX1.BE0BB5DF-DEDA-48D8-B5D8-2735C767F28F,phikon,Phikon,40x,10x,40× ↔ 10×,4987,4987,200,200,5,0.6225918531417847,0.6095255017280579,0.6160586774349213,0.05648303031921387
BRCA,TCGA-AN-A0G0-01Z-00-DX1.BE0BB5DF-DEDA-48D8-B5D8-2735C767F28F,phikon,Phikon,10x,2p5x,10× ↔ 2.5×,4987,4987,200,200,5,0.24819384515285492,0.36990833282470703,0.309051088988781,0.03131461143493652
BRCA,TCGA-AN-A0G0-01Z-00-DX1.BE0BB5DF-DEDA-48D8-B5D8-2735C767F28F,phikon,Phikon,40x,2p5x,40× ↔ 2.5×,4987,4987,200,200,5,0.06301528960466385,0.21541644632816315,0.1392158679664135,0.008483409881591797
BRCA,TCGA-AQ-A04L-01Z-00-DX1.F35BF4DD-896A-43C2-8DA6-C67945C003BE,phikon,Phikon,40x,10x,40× ↔ 10×,6966,6966,200,200,5,0.7646805644035339,0.762410581111908,0.763545572757721,0.0731511116027832
BRCA,TCGA-AQ-A04L-01Z-00-DX1.F35BF4DD-896A-43C2-8DA6-C67945C003BE,phikon,Phikon,10x,2p5x,10× ↔ 2.5×,6966,6966,200,200,5,0.5636409521102905,0.597424328327179,0.5805326402187347,0.04076647758483887
BRCA,TCGA-AQ-A04L-01Z-00-DX1.F35BF4DD-896A-43C2-8DA6-C67945C003BE,phikon,Phikon,40x,2p5x,40× ↔ 2.5×,6966,6966,200,200,5,0.3828544616699219,0.3597874343395233,0.3713209480047226,0.010121345520019531
BRCA,TCGA-AR-A2LK-01Z-00-DX1.FBD59C38-CD4E-4C22-BC74-A57C192A9BBC,phikon,Phikon,40x,10x,40× ↔ 10×,11925,11925,200,200,5,0.6270646452903748,0.6220487356185913,0.624556690454483,0.13943791389465332
BRCA,TCGA-AR-A2LK-01Z-00-DX1.FBD59C38-CD4E-4C22-BC74-A57C192A9BBC,phikon,Phikon,10x,2p5x,10× ↔ 2.5×,11925,11925,200,200,5,0.40850576758384705,0.47488096356391907,0.44169336557388306,0.07282543182373047
BRCA,TCGA-AR-A2LK-01Z-00-DX1.FBD59C38-CD4E-4C22-BC74-A57C192A9BBC,phikon,Phikon,40x,2p5x,40× ↔ 2.5×,11925,11925,200,200,5,0.11004861444234848,0.2767593264579773,0.1934039704501629,0.022854328155517578
BRCA,TCGA-AR-A5QM-01Z-00-DX1.A9017CED-FF57-4090-95B9-94DC91854347,phikon,Phikon,40x,10x,40× ↔ 10×,13639,13639,200,200,5,0.6758344769477844,0.6524490118026733,0.6641417443752289,0.13467979431152344
BRCA,TCGA-AR-A5QM-01Z-00-DX1.A9017CED-FF57-4090-95B9-94DC91854347,phikon,Phikon,10x,2p5x,10× ↔ 2.5×,13639,13639,200,200,5,0.39964956045150757,0.49058881402015686,0.4451191872358322,0.0824127197265625
BRCA,TCGA-AR-A5QM-01Z-00-DX1.A9017CED-FF57-4090-95B9-94DC91854347,phikon,Phikon,40x,2p5x,40× ↔ 2.5×,13639,13639,200,200,5,0.11333944648504257,0.24002978205680847,0.17668461427092552,0.026128053665161133
BRCA,TCGA-BH-A0C1-01Z-00-DX1.21FE357E-B182-4397-BFEF-7E96E994236A,phikon,Phikon,40x,10x,40× ↔ 10×,14097,14097,200,200,5,0.6799410581588745,0.6482632160186768,0.6641021370887756,0.14569377899169922
BRCA,TCGA-BH-A0C1-01Z-00-DX1.21FE357E-B182-4397-BFEF-7E96E994236A,phikon,Phikon,10x,2p5x,10× ↔ 2.5×,14097,14097,200,200,5,0.4393898546695709,0.48790279030799866,0.4636463224887848,0.08983540534973145
BRCA,TCGA-BH-A0C1-01Z-00-DX1.21FE357E-B182-4397-BFEF-7E96E994236A,phikon,Phikon,40x,2p5x,40× ↔ 2.5×,14097,14097,200,200,5,0.12162423878908157,0.22569938004016876,0.17366180941462517,0.04214739799499512
BRCA,TCGA-D8-A1X8-01Z-00-DX1.DDA3866E-C7CC-4650-BE2B-5C9A98A2D531,phikon,Phikon,40x,10x,40× ↔ 10×,13628,13628,200,200,5,0.6320794820785522,0.5879726409912109,0.6100260615348816,0.22291159629821777
BRCA,TCGA-D8-A1X8-01Z-00-DX1.DDA3866E-C7CC-4650-BE2B-5C9A98A2D531,phikon,Phikon,10x,2p5x,10× ↔ 2.5×,13628,13628,200,200,5,0.5022438168525696,0.629083514213562,0.5656636655330658,0.09178829193115234
BRCA,TCGA-D8-A1X8-01Z-00-DX1.DDA3866E-C7CC-4650-BE2B-5C9A98A2D531,phikon,Phikon,40x,2p5x,40× ↔ 2.5×,13628,13628,200,200,5,0.21554401516914368,0.3459469974040985,0.2807455062866211,0.03487563133239746
BRCA,TCGA-E2-A14P-01Z-00-DX1.663B02FF-C64B-41A6-8685-FD61CD76F9C6,phikon,Phikon,40x,10x,40× ↔ 10×,17521,17521,200,200,5,0.5958516597747803,0.5749837160110474,0.5854176878929138,0.26088404655456543
BRCA,TCGA-E2-A14P-01Z-00-DX1.663B02FF-C64B-41A6-8685-FD61CD76F9C6,phikon,Phikon,10x,2p5x,10× ↔ 2.5×,17521,17521,200,200,5,0.47577735781669617,0.4962635636329651,0.4860204607248306,0.14135265350341797
BRCA,TCGA-E2-A14P-01Z-00-DX1.663B02FF-C64B-41A6-8685-FD61CD76F9C6,phikon,Phikon,40x,2p5x,40× ↔ 2.5×,17521,17521,200,200,5,0.1673845648765564,0.22721046209335327,0.19729751348495483,0.19449496269226074
BRCA,TCGA-E2-A1LA-01Z-00-DX1.AE49E943-B830-4ED9-B09E-E499441BC2EC,phikon,Phikon,40x,10x,40× ↔ 10×,16576,16576,200,200,5,0.7070416808128357,0.7203786373138428,0.7137101590633392,0.2891826629638672
BRCA,TCGA-E2-A1LA-01Z-00-DX1.AE49E943-B830-4ED9-B09E-E499441BC2EC,phikon,Phikon,10x,2p5x,10× ↔ 2.5×,16576,16576,200,200,5,0.48637908697128296,0.47092804312705994,0.47865356504917145,0.16620230674743652
BRCA,TCGA-E2-A1LA-01Z-00-DX1.AE49E943-B830-4ED9-B09E-E499441BC2EC,phikon,Phikon,40x,2p5x,40× ↔ 2.5×,16576,16576,200,200,5,0.2347552627325058,0.2593059539794922,0.247030608355999,0.07867670059204102
BRCA,TCGA-GM-A3XN-01Z-00-DX1.49F5C8AC-0328-4BC2-9FE2-E7150B7A42E2,phikon,Phikon,40x,10x,40× ↔ 10×,18199,18199,200,200,5,0.6550350189208984,0.5772838592529297,0.6161594390869141,0.23260116577148438
BRCA,TCGA-GM-A3XN-01Z-00-DX1.49F5C8AC-0328-4BC2-9FE2-E7150B7A42E2,phikon,Phikon,10x,2p5x,10× ↔ 2.5×,18199,18199,200,200,5,0.49702075123786926,0.5270466208457947,0.512033686041832,0.17967724800109863
BRCA,TCGA-GM-A3XN-01Z-00-DX1.49F5C8AC-0328-4BC2-9FE2-E7150B7A42E2,phikon,Phikon,40x,2p5x,40× ↔ 2.5×,18199,18199,200,200,5,0.2208673059940338,0.30493292212486267,0.26290011405944824,0.14586830139160156
BRCA,TCGA-A7-A2KD-01Z-00-DX1.BFF2DFC8-1D95-4DC2-98FC-5BD7D7C6CDF5,uni,UNI,40x,10x,40× ↔ 10×,13242,13242,200,200,5,0.32911261916160583,0.36482128500938416,0.346966952085495,0.24354290962219238
BRCA,TCGA-A7-A2KD-01Z-00-DX1.BFF2DFC8-1D95-4DC2-98FC-5BD7D7C6CDF5,uni,UNI,10x,2p5x,10× ↔ 2.5×,13242,13242,200,200,5,0.26072925329208374,0.25954726338386536,0.26013825833797455,0.16365599632263184
BRCA,TCGA-A7-A2KD-01Z-00-DX1.BFF2DFC8-1D95-4DC2-98FC-5BD7D7C6CDF5,uni,UNI,40x,2p5x,40× ↔ 2.5×,13242,13242,200,200,5,0.10227256268262863,0.14384283125400543,0.12305769696831703,0.12983322143554688
BRCA,TCGA-AN-A0G0-01Z-00-DX1.BE0BB5DF-DEDA-48D8-B5D8-2735C767F28F,uni,UNI,40x,10x,40× ↔ 10×,4987,4987,200,200,5,0.32604408264160156,0.34326690435409546,0.3346554934978485,0.07121753692626953
BRCA,TCGA-AN-A0G0-01Z-00-DX1.BE0BB5DF-DEDA-48D8-B5D8-2735C767F28F,uni,UNI,10x,2p5x,10× ↔ 2.5×,4987,4987,200,200,5,0.20463821291923523,0.23515838384628296,0.2198982983827591,0.03851795196533203
BRCA,TCGA-AN-A0G0-01Z-00-DX1.BE0BB5DF-DEDA-48D8-B5D8-2735C767F28F,uni,UNI,40x,2p5x,40× ↔ 2.5×,4987,4987,200,200,5,0.06982981413602829,0.1085333600640297,0.08918158710002899,0.009850025177001953
BRCA,TCGA-AQ-A04L-01Z-00-DX1.F35BF4DD-896A-43C2-8DA6-C67945C003BE,uni,UNI,40x,10x,40× ↔ 10×,6966,6966,200,200,5,0.45434415340423584,0.4703020751476288,0.4623231142759323,0.09425067901611328
BRCA,TCGA-AQ-A04L-01Z-00-DX1.F35BF4DD-896A-43C2-8DA6-C67945C003BE,uni,UNI,10x,2p5x,10× ↔ 2.5×,6966,6966,200,200,5,0.3713974058628082,0.40274137258529663,0.38706938922405243,0.052144527435302734
BRCA,TCGA-AQ-A04L-01Z-00-DX1.F35BF4DD-896A-43C2-8DA6-C67945C003BE,uni,UNI,40x,2p5x,40× ↔ 2.5×,6966,6966,200,200,5,0.22681574523448944,0.25180336833000183,0.23930955678224564,0.013037443161010742
BRCA,TCGA-AR-A2LK-01Z-00-DX1.FBD59C38-CD4E-4C22-BC74-A57C192A9BBC,uni,UNI,40x,10x,40× ↔ 10×,11925,11925,200,200,5,0.34029051661491394,0.3566938638687134,0.34849219024181366,0.22075128555297852
BRCA,TCGA-AR-A2LK-01Z-00-DX1.FBD59C38-CD4E-4C22-BC74-A57C192A9BBC,uni,UNI,10x,2p5x,10× ↔ 2.5×,11925,11925,200,200,5,0.3022409677505493,0.3255716562271118,0.31390631198883057,0.09536147117614746
BRCA,TCGA-AR-A2LK-01Z-00-DX1.FBD59C38-CD4E-4C22-BC74-A57C192A9BBC,uni,UNI,40x,2p5x,40× ↔ 2.5×,11925,11925,200,200,5,0.09426652640104294,0.17008385062217712,0.13217518851161003,0.029562950134277344
BRCA,TCGA-AR-A5QM-01Z-00-DX1.A9017CED-FF57-4090-95B9-94DC91854347,uni,UNI,40x,10x,40× ↔ 10×,13639,13639,200,200,5,0.3282836079597473,0.3478638231754303,0.3380737155675888,0.18256425857543945
BRCA,TCGA-AR-A5QM-01Z-00-DX1.A9017CED-FF57-4090-95B9-94DC91854347,uni,UNI,10x,2p5x,10× ↔ 2.5×,13639,13639,200,200,5,0.28549742698669434,0.33249807357788086,0.3089977502822876,0.10724353790283203
BRCA,TCGA-AR-A5QM-01Z-00-DX1.A9017CED-FF57-4090-95B9-94DC91854347,uni,UNI,40x,2p5x,40× ↔ 2.5×,13639,13639,200,200,5,0.09596828371286392,0.15286074578762054,0.12441451475024223,0.03276968002319336
BRCA,TCGA-BH-A0C1-01Z-00-DX1.21FE357E-B182-4397-BFEF-7E96E994236A,uni,UNI,40x,10x,40× ↔ 10×,14097,14097,200,200,5,0.3536212146282196,0.36906877160072327,0.36134499311447144,0.22230291366577148
BRCA,TCGA-BH-A0C1-01Z-00-DX1.21FE357E-B182-4397-BFEF-7E96E994236A,uni,UNI,10x,2p5x,10× ↔ 2.5×,14097,14097,200,200,5,0.3245837986469269,0.34567221999168396,0.3351280093193054,0.1998741626739502
BRCA,TCGA-BH-A0C1-01Z-00-DX1.21FE357E-B182-4397-BFEF-7E96E994236A,uni,UNI,40x,2p5x,40× ↔ 2.5×,14097,14097,200,200,5,0.12942296266555786,0.18971888720989227,0.15957092493772507,0.07031464576721191
BRCA,TCGA-D8-A1X8-01Z-00-DX1.DDA3866E-C7CC-4650-BE2B-5C9A98A2D531,uni,UNI,40x,10x,40× ↔ 10×,13628,13628,200,200,5,0.423176109790802,0.41358309984207153,0.41837960481643677,0.1943960189819336
BRCA,TCGA-D8-A1X8-01Z-00-DX1.DDA3866E-C7CC-4650-BE2B-5C9A98A2D531,uni,UNI,10x,2p5x,10× ↔ 2.5×,13628,13628,200,200,5,0.3436250686645508,0.4024299383163452,0.373027503490448,0.16677403450012207
BRCA,TCGA-D8-A1X8-01Z-00-DX1.DDA3866E-C7CC-4650-BE2B-5C9A98A2D531,uni,UNI,40x,2p5x,40× ↔ 2.5×,13628,13628,200,200,5,0.16738837957382202,0.24311423301696777,0.2052513062953949,0.07841897010803223
BRCA,TCGA-E2-A14P-01Z-00-DX1.663B02FF-C64B-41A6-8685-FD61CD76F9C6,uni,UNI,40x,10x,40× ↔ 10×,17521,17521,200,200,5,0.31752440333366394,0.3331614136695862,0.32534290850162506,0.3070642948150635
BRCA,TCGA-E2-A14P-01Z-00-DX1.663B02FF-C64B-41A6-8685-FD61CD76F9C6,uni,UNI,10x,2p5x,10× ↔ 2.5×,17521,17521,200,200,5,0.29569604992866516,0.33560848236083984,0.3156522661447525,0.2486426830291748
BRCA,TCGA-E2-A14P-01Z-00-DX1.663B02FF-C64B-41A6-8685-FD61CD76F9C6,uni,UNI,40x,2p5x,40× ↔ 2.5×,17521,17521,200,200,5,0.115003801882267,0.16407927870750427,0.13954154029488564,0.04635739326477051
BRCA,TCGA-E2-A1LA-01Z-00-DX1.AE49E943-B830-4ED9-B09E-E499441BC2EC,uni,UNI,40x,10x,40× ↔ 10×,16576,16576,200,200,5,0.3532274663448334,0.3788773715496063,0.36605241894721985,0.2654294967651367
BRCA,TCGA-E2-A1LA-01Z-00-DX1.AE49E943-B830-4ED9-B09E-E499441BC2EC,uni,UNI,10x,2p5x,10× ↔ 2.5×,16576,16576,200,200,5,0.3300965428352356,0.3366546630859375,0.33337560296058655,0.1535358428955078
BRCA,TCGA-E2-A1LA-01Z-00-DX1.AE49E943-B830-4ED9-B09E-E499441BC2EC,uni,UNI,40x,2p5x,40× ↔ 2.5×,16576,16576,200,200,5,0.13256359100341797,0.18063023686408997,0.15659691393375397,0.051955223083496094
BRCA,TCGA-GM-A3XN-01Z-00-DX1.49F5C8AC-0328-4BC2-9FE2-E7150B7A42E2,uni,UNI,40x,10x,40× ↔ 10×,18199,18199,200,200,5,0.33040952682495117,0.35064199566841125,0.3405257612466812,0.3754384517669678
BRCA,TCGA-GM-A3XN-01Z-00-DX1.49F5C8AC-0328-4BC2-9FE2-E7150B7A42E2,uni,UNI,10x,2p5x,10× ↔ 2.5×,18199,18199,200,200,5,0.27915024757385254,0.3131271004676819,0.2961386740207672,0.23560738563537598
BRCA,TCGA-GM-A3XN-01Z-00-DX1.49F5C8AC-0328-4BC2-9FE2-E7150B7A42E2,uni,UNI,40x,2p5x,40× ↔ 2.5×,18199,18199,200,200,5,0.1158553957939148,0.22257575392723083,0.16921557486057281,0.05927252769470215
BRCA,TCGA-A7-A2KD-01Z-00-DX1.BFF2DFC8-1D95-4DC2-98FC-5BD7D7C6CDF5,virchow,Virchow,40x,10x,40× ↔ 10×,13242,13242,200,200,5,0.8264263868331909,0.6168250441551208,0.7216257154941559,0.4286623001098633
BRCA,TCGA-A7-A2KD-01Z-00-DX1.BFF2DFC8-1D95-4DC2-98FC-5BD7D7C6CDF5,virchow,Virchow,10x,2p5x,10× ↔ 2.5×,13242,13242,200,200,5,0.2086319625377655,0.34434130787849426,0.2764866352081299,0.5264444351196289
BRCA,TCGA-A7-A2KD-01Z-00-DX1.BFF2DFC8-1D95-4DC2-98FC-5BD7D7C6CDF5,virchow,Virchow,40x,2p5x,40× ↔ 2.5×,13242,13242,200,200,5,0.1873437464237213,0.26353564858436584,0.22543969750404358,0.3306589126586914
BRCA,TCGA-AN-A0G0-01Z-00-DX1.BE0BB5DF-DEDA-48D8-B5D8-2735C767F28F,virchow,Virchow,40x,10x,40× ↔ 10×,4987,4987,200,200,5,0.5420910120010376,0.54140704870224,0.5417490303516388,0.0897672176361084
BRCA,TCGA-AN-A0G0-01Z-00-DX1.BE0BB5DF-DEDA-48D8-B5D8-2735C767F28F,virchow,Virchow,10x,2p5x,10× ↔ 2.5×,4987,4987,200,200,5,0.22268931567668915,0.33841055631637573,0.28054993599653244,0.06365585327148438
BRCA,TCGA-AN-A0G0-01Z-00-DX1.BE0BB5DF-DEDA-48D8-B5D8-2735C767F28F,virchow,Virchow,40x,2p5x,40× ↔ 2.5×,4987,4987,200,200,5,0.20086024701595306,0.2165401577949524,0.20870020240545273,0.040174245834350586
BRCA,TCGA-AQ-A04L-01Z-00-DX1.F35BF4DD-896A-43C2-8DA6-C67945C003BE,virchow,Virchow,40x,10x,40× ↔ 10×,6966,6966,200,200,5,0.8823910355567932,0.8269017338752747,0.8546463847160339,0.12885594367980957
BRCA,TCGA-AQ-A04L-01Z-00-DX1.F35BF4DD-896A-43C2-8DA6-C67945C003BE,virchow,Virchow,10x,2p5x,10× ↔ 2.5×,6966,6966,200,200,5,0.5734161734580994,0.4759066700935364,0.5246614217758179,0.18368172645568848
BRCA,TCGA-AQ-A04L-01Z-00-DX1.F35BF4DD-896A-43C2-8DA6-C67945C003BE,virchow,Virchow,40x,2p5x,40× ↔ 2.5×,6966,6966,200,200,5,0.5401025414466858,0.34561270475387573,0.44285762310028076,0.05399441719055176
BRCA,TCGA-AR-A2LK-01Z-00-DX1.FBD59C38-CD4E-4C22-BC74-A57C192A9BBC,virchow,Virchow,40x,10x,40× ↔ 10×,11925,11925,200,200,5,0.7467007040977478,0.5232889652252197,0.6349948346614838,0.43604135513305664
BRCA,TCGA-AR-A2LK-01Z-00-DX1.FBD59C38-CD4E-4C22-BC74-A57C192A9BBC,virchow,Virchow,10x,2p5x,10× ↔ 2.5×,11925,11925,200,200,5,0.35796478390693665,0.39834654331207275,0.3781556636095047,0.3333749771118164
BRCA,TCGA-AR-A2LK-01Z-00-DX1.FBD59C38-CD4E-4C22-BC74-A57C192A9BBC,virchow,Virchow,40x,2p5x,40× ↔ 2.5×,11925,11925,200,200,5,0.373857706785202,0.31033051013946533,0.3420941084623337,0.07623791694641113
BRCA,TCGA-AR-A5QM-01Z-00-DX1.A9017CED-FF57-4090-95B9-94DC91854347,virchow,Virchow,40x,10x,40× ↔ 10×,13639,13639,200,200,5,0.805779218673706,0.6116073727607727,0.7086932957172394,0.2778646945953369
BRCA,TCGA-AR-A5QM-01Z-00-DX1.A9017CED-FF57-4090-95B9-94DC91854347,virchow,Virchow,10x,2p5x,10× ↔ 2.5×,13639,13639,200,200,5,0.3677811026573181,0.3878692090511322,0.37782515585422516,0.2082505226135254
BRCA,TCGA-AR-A5QM-01Z-00-DX1.A9017CED-FF57-4090-95B9-94DC91854347,virchow,Virchow,40x,2p5x,40× ↔ 2.5×,13639,13639,200,200,5,0.33956846594810486,0.2999357283115387,0.3197520971298218,0.07835745811462402
BRCA,TCGA-BH-A0C1-01Z-00-DX1.21FE357E-B182-4397-BFEF-7E96E994236A,virchow,Virchow,40x,10x,40× ↔ 10×,14097,14097,200,200,5,0.8559803366661072,0.6649990081787109,0.7604896724224091,0.29596734046936035
BRCA,TCGA-BH-A0C1-01Z-00-DX1.21FE357E-B182-4397-BFEF-7E96E994236A,virchow,Virchow,10x,2p5x,10× ↔ 2.5×,14097,14097,200,200,5,0.3707735240459442,0.38207265734672546,0.37642309069633484,0.2953624725341797
BRCA,TCGA-BH-A0C1-01Z-00-DX1.21FE357E-B182-4397-BFEF-7E96E994236A,virchow,Virchow,40x,2p5x,40× ↔ 2.5×,14097,14097,200,200,5,0.3570164740085602,0.277986615896225,0.3175015449523926,0.22845125198364258
BRCA,TCGA-D8-A1X8-01Z-00-DX1.DDA3866E-C7CC-4650-BE2B-5C9A98A2D531,virchow,Virchow,40x,10x,40× ↔ 10×,13628,13628,200,200,5,0.6726691126823425,0.561732292175293,0.6172007024288177,0.31772828102111816
BRCA,TCGA-D8-A1X8-01Z-00-DX1.DDA3866E-C7CC-4650-BE2B-5C9A98A2D531,virchow,Virchow,10x,2p5x,10× ↔ 2.5×,13628,13628,200,200,5,0.3891995847225189,0.4247254729270935,0.4069625288248062,0.25026416778564453
BRCA,TCGA-D8-A1X8-01Z-00-DX1.DDA3866E-C7CC-4650-BE2B-5C9A98A2D531,virchow,Virchow,40x,2p5x,40× ↔ 2.5×,13628,13628,200,200,5,0.33298614621162415,0.3333492577075958,0.33316770195961,0.13873744010925293
BRCA,TCGA-E2-A14P-01Z-00-DX1.663B02FF-C64B-41A6-8685-FD61CD76F9C6,virchow,Virchow,40x,10x,40× ↔ 10×,17521,17521,200,200,5,0.7110969424247742,0.4075595736503601,0.5593282580375671,0.461317777633667
BRCA,TCGA-E2-A14P-01Z-00-DX1.663B02FF-C64B-41A6-8685-FD61CD76F9C6,virchow,Virchow,10x,2p5x,10× ↔ 2.5×,17521,17521,200,200,5,0.33430618047714233,0.502621591091156,0.41846388578414917,0.36095237731933594
BRCA,TCGA-E2-A14P-01Z-00-DX1.663B02FF-C64B-41A6-8685-FD61CD76F9C6,virchow,Virchow,40x,2p5x,40× ↔ 2.5×,17521,17521,200,200,5,0.33845412731170654,0.20045733451843262,0.2694557309150696,0.12937259674072266
BRCA,TCGA-E2-A1LA-01Z-00-DX1.AE49E943-B830-4ED9-B09E-E499441BC2EC,virchow,Virchow,40x,10x,40× ↔ 10×,16576,16576,200,200,5,0.7254563570022583,0.5609137415885925,0.6431850492954254,0.35144662857055664
BRCA,TCGA-E2-A1LA-01Z-00-DX1.AE49E943-B830-4ED9-B09E-E499441BC2EC,virchow,Virchow,10x,2p5x,10× ↔ 2.5×,16576,16576,200,200,5,0.4130931794643402,0.4100073277950287,0.41155025362968445,0.4795706272125244
BRCA,TCGA-E2-A1LA-01Z-00-DX1.AE49E943-B830-4ED9-B09E-E499441BC2EC,virchow,Virchow,40x,2p5x,40× ↔ 2.5×,16576,16576,200,200,5,0.42346736788749695,0.3183795213699341,0.3709234446287155,0.2608792781829834
BRCA,TCGA-GM-A3XN-01Z-00-DX1.49F5C8AC-0328-4BC2-9FE2-E7150B7A42E2,virchow,Virchow,40x,10x,40× ↔ 10×,18199,18199,200,200,5,0.8469732403755188,0.6610611081123352,0.754017174243927,0.5355818271636963
BRCA,TCGA-GM-A3XN-01Z-00-DX1.49F5C8AC-0328-4BC2-9FE2-E7150B7A42E2,virchow,Virchow,10x,2p5x,10× ↔ 2.5×,18199,18199,200,200,5,0.423150897026062,0.3633492588996887,0.39325007796287537,0.41384315490722656
BRCA,TCGA-GM-A3XN-01Z-00-DX1.49F5C8AC-0328-4BC2-9FE2-E7150B7A42E2,virchow,Virchow,40x,2p5x,40× ↔ 2.5×,18199,18199,200,200,5,0.453876793384552,0.31886982917785645,0.3863733112812042,0.3342714309692383
BRCA,TCGA-A7-A2KD-01Z-00-DX1.BFF2DFC8-1D95-4DC2-98FC-5BD7D7C6CDF5,virchow2,Virchow2,40x,10x,40× ↔ 10×,13242,13242,200,200,5,0.6602129340171814,0.7014858722686768,0.6808494031429291,0.48253393173217773
BRCA,TCGA-A7-A2KD-01Z-00-DX1.BFF2DFC8-1D95-4DC2-98FC-5BD7D7C6CDF5,virchow2,Virchow2,10x,2p5x,10× ↔ 2.5×,13242,13242,200,200,5,0.7097538709640503,0.6983065009117126,0.7040301859378815,0.3270406723022461
BRCA,TCGA-A7-A2KD-01Z-00-DX1.BFF2DFC8-1D95-4DC2-98FC-5BD7D7C6CDF5,virchow2,Virchow2,40x,2p5x,40× ↔ 2.5×,13242,13242,200,200,5,0.4724806547164917,0.47061070799827576,0.47154568135738373,0.16261625289916992
BRCA,TCGA-AN-A0G0-01Z-00-DX1.BE0BB5DF-DEDA-48D8-B5D8-2735C767F28F,virchow2,Virchow2,40x,10x,40× ↔ 10×,4987,4987,200,200,5,0.6910163760185242,0.6751843094825745,0.6831003427505493,0.16937470436096191
BRCA,TCGA-AN-A0G0-01Z-00-DX1.BE0BB5DF-DEDA-48D8-B5D8-2735C767F28F,virchow2,Virchow2,10x,2p5x,10× ↔ 2.5×,4987,4987,200,200,5,0.6519503593444824,0.6603108644485474,0.6561306118965149,0.09538459777832031
BRCA,TCGA-AN-A0G0-01Z-00-DX1.BE0BB5DF-DEDA-48D8-B5D8-2735C767F28F,virchow2,Virchow2,40x,2p5x,40× ↔ 2.5×,4987,4987,200,200,5,0.5240868926048279,0.478069931268692,0.50107841193676,0.029611587524414062
BRCA,TCGA-AQ-A04L-01Z-00-DX1.F35BF4DD-896A-43C2-8DA6-C67945C003BE,virchow2,Virchow2,40x,10x,40× ↔ 10×,6966,6966,200,200,5,0.7170356512069702,0.7397580742835999,0.728396862745285,0.23142385482788086
BRCA,TCGA-AQ-A04L-01Z-00-DX1.F35BF4DD-896A-43C2-8DA6-C67945C003BE,virchow2,Virchow2,10x,2p5x,10× ↔ 2.5×,6966,6966,200,200,5,0.7427278161048889,0.7399761080741882,0.7413519620895386,0.13470196723937988
BRCA,TCGA-AQ-A04L-01Z-00-DX1.F35BF4DD-896A-43C2-8DA6-C67945C003BE,virchow2,Virchow2,40x,2p5x,40× ↔ 2.5×,6966,6966,200,200,5,0.5473082661628723,0.5796604752540588,0.5634843707084656,0.04016757011413574
BRCA,TCGA-AR-A2LK-01Z-00-DX1.FBD59C38-CD4E-4C22-BC74-A57C192A9BBC,virchow2,Virchow2,40x,10x,40× ↔ 10×,11925,11925,200,200,5,0.6700063943862915,0.7215495109558105,0.695777952671051,0.5098106861114502
BRCA,TCGA-AR-A2LK-01Z-00-DX1.FBD59C38-CD4E-4C22-BC74-A57C192A9BBC,virchow2,Virchow2,10x,2p5x,10× ↔ 2.5×,11925,11925,200,200,5,0.6957123875617981,0.6816703081130981,0.6886913478374481,0.28913402557373047
BRCA,TCGA-AR-A2LK-01Z-00-DX1.FBD59C38-CD4E-4C22-BC74-A57C192A9BBC,virchow2,Virchow2,40x,2p5x,40× ↔ 2.5×,11925,11925,200,200,5,0.5049787163734436,0.5559319853782654,0.5304553508758545,0.07314062118530273
BRCA,TCGA-AR-A5QM-01Z-00-DX1.A9017CED-FF57-4090-95B9-94DC91854347,virchow2,Virchow2,40x,10x,40× ↔ 10×,13639,13639,200,200,5,0.6499162316322327,0.7112323045730591,0.6805742681026459,0.6365997791290283
BRCA,TCGA-AR-A5QM-01Z-00-DX1.A9017CED-FF57-4090-95B9-94DC91854347,virchow2,Virchow2,10x,2p5x,10× ↔ 2.5×,13639,13639,200,200,5,0.7300436496734619,0.7329148650169373,0.7314792573451996,0.4444546699523926
BRCA,TCGA-AR-A5QM-01Z-00-DX1.A9017CED-FF57-4090-95B9-94DC91854347,virchow2,Virchow2,40x,2p5x,40× ↔ 2.5×,13639,13639,200,200,5,0.48933348059654236,0.5887918472290039,0.5390626639127731,0.1723010540008545
BRCA,TCGA-BH-A0C1-01Z-00-DX1.21FE357E-B182-4397-BFEF-7E96E994236A,virchow2,Virchow2,40x,10x,40× ↔ 10×,14097,14097,200,200,5,0.662379264831543,0.6889352202415466,0.6756572425365448,0.619891881942749
BRCA,TCGA-BH-A0C1-01Z-00-DX1.21FE357E-B182-4397-BFEF-7E96E994236A,virchow2,Virchow2,10x,2p5x,10× ↔ 2.5×,14097,14097,200,200,5,0.7174353003501892,0.7345284223556519,0.7259818613529205,0.43468475341796875
BRCA,TCGA-BH-A0C1-01Z-00-DX1.21FE357E-B182-4397-BFEF-7E96E994236A,virchow2,Virchow2,40x,2p5x,40× ↔ 2.5×,14097,14097,200,200,5,0.4932277500629425,0.5374126434326172,0.5153201967477798,0.20303916931152344
BRCA,TCGA-D8-A1X8-01Z-00-DX1.DDA3866E-C7CC-4650-BE2B-5C9A98A2D531,virchow2,Virchow2,40x,10x,40× ↔ 10×,13628,13628,200,200,5,0.7436763644218445,0.7629269361495972,0.7533016502857208,0.592745304107666
BRCA,TCGA-D8-A1X8-01Z-00-DX1.DDA3866E-C7CC-4650-BE2B-5C9A98A2D531,virchow2,Virchow2,10x,2p5x,10× ↔ 2.5×,13628,13628,200,200,5,0.6682307124137878,0.6665129065513611,0.6673718094825745,0.37185192108154297
BRCA,TCGA-D8-A1X8-01Z-00-DX1.DDA3866E-C7CC-4650-BE2B-5C9A98A2D531,virchow2,Virchow2,40x,2p5x,40× ↔ 2.5×,13628,13628,200,200,5,0.5320795774459839,0.5481765866279602,0.540128082036972,0.23181843757629395
BRCA,TCGA-E2-A14P-01Z-00-DX1.663B02FF-C64B-41A6-8685-FD61CD76F9C6,virchow2,Virchow2,40x,10x,40× ↔ 10×,17521,17521,200,200,5,0.7087387442588806,0.7334478497505188,0.7210932970046997,0.8058452606201172
BRCA,TCGA-E2-A14P-01Z-00-DX1.663B02FF-C64B-41A6-8685-FD61CD76F9C6,virchow2,Virchow2,10x,2p5x,10× ↔ 2.5×,17521,17521,200,200,5,0.6503885984420776,0.6511262655258179,0.6507574319839478,0.5511791706085205
BRCA,TCGA-E2-A14P-01Z-00-DX1.663B02FF-C64B-41A6-8685-FD61CD76F9C6,virchow2,Virchow2,40x,2p5x,40× ↔ 2.5×,17521,17521,200,200,5,0.5013800859451294,0.4936256408691406,0.497502863407135,0.23233938217163086
BRCA,TCGA-E2-A1LA-01Z-00-DX1.AE49E943-B830-4ED9-B09E-E499441BC2EC,virchow2,Virchow2,40x,10x,40× ↔ 10×,16576,16576,200,200,5,0.5942409634590149,0.6743074059486389,0.6342741847038269,0.5524039268493652
BRCA,TCGA-E2-A1LA-01Z-00-DX1.AE49E943-B830-4ED9-B09E-E499441BC2EC,virchow2,Virchow2,10x,2p5x,10× ↔ 2.5×,16576,16576,200,200,5,0.7037460207939148,0.7093297243118286,0.7065378725528717,0.43698930740356445
BRCA,TCGA-E2-A1LA-01Z-00-DX1.AE49E943-B830-4ED9-B09E-E499441BC2EC,virchow2,Virchow2,40x,2p5x,40× ↔ 2.5×,16576,16576,200,200,5,0.45158612728118896,0.5166109204292297,0.48409852385520935,0.20036578178405762
BRCA,TCGA-GM-A3XN-01Z-00-DX1.49F5C8AC-0328-4BC2-9FE2-E7150B7A42E2,virchow2,Virchow2,40x,10x,40× ↔ 10×,18199,18199,200,200,5,0.6647369265556335,0.7081955671310425,0.686466246843338,0.7279343605041504
BRCA,TCGA-GM-A3XN-01Z-00-DX1.49F5C8AC-0328-4BC2-9FE2-E7150B7A42E2,virchow2,Virchow2,10x,2p5x,10× ↔ 2.5×,18199,18199,200,200,5,0.7055186033248901,0.749742865562439,0.7276307344436646,0.48293471336364746
BRCA,TCGA-GM-A3XN-01Z-00-DX1.49F5C8AC-0328-4BC2-9FE2-E7150B7A42E2,virchow2,Virchow2,40x,2p5x,40× ↔ 2.5×,18199,18199,200,200,5,0.49696099758148193,0.585113525390625,0.5410372614860535,0.17792630195617676
BRCA,TCGA-A7-A2KD-01Z-00-DX1.BFF2DFC8-1D95-4DC2-98FC-5BD7D7C6CDF5,uni2,UNI2,40x,10x,40× ↔ 10×,13242,13242,200,200,5,0.32620733976364136,0.3589615523815155,0.34258444607257843,0.26987195014953613
BRCA,TCGA-A7-A2KD-01Z-00-DX1.BFF2DFC8-1D95-4DC2-98FC-5BD7D7C6CDF5,uni2,UNI2,10x,2p5x,10× ↔ 2.5×,13242,13242,200,200,5,0.5362882018089294,0.5625892281532288,0.5494387149810791,0.17804217338562012
BRCA,TCGA-A7-A2KD-01Z-00-DX1.BFF2DFC8-1D95-4DC2-98FC-5BD7D7C6CDF5,uni2,UNI2,40x,2p5x,40× ↔ 2.5×,13242,13242,200,200,5,0.14130577445030212,0.1924591362476349,0.1668824553489685,0.04999804496765137
BRCA,TCGA-AN-A0G0-01Z-00-DX1.BE0BB5DF-DEDA-48D8-B5D8-2735C767F28F,uni2,UNI2,40x,10x,40× ↔ 10×,4987,4987,200,200,5,0.2578260600566864,0.2754378914833069,0.26663197576999664,0.12138795852661133
BRCA,TCGA-AN-A0G0-01Z-00-DX1.BE0BB5DF-DEDA-48D8-B5D8-2735C767F28F,uni2,UNI2,10x,2p5x,10× ↔ 2.5×,4987,4987,200,200,5,0.4631260633468628,0.48069798946380615,0.4719120264053345,0.06592202186584473
BRCA,TCGA-AN-A0G0-01Z-00-DX1.BE0BB5DF-DEDA-48D8-B5D8-2735C767F28F,uni2,UNI2,40x,2p5x,40× ↔ 2.5×,4987,4987,200,200,5,0.11626819521188736,0.14611601829528809,0.13119210675358772,0.01367330551147461
BRCA,TCGA-AQ-A04L-01Z-00-DX1.F35BF4DD-896A-43C2-8DA6-C67945C003BE,uni2,UNI2,40x,10x,40× ↔ 10×,6966,6966,200,200,5,0.38794031739234924,0.4085972011089325,0.39826875925064087,0.17307376861572266
BRCA,TCGA-AQ-A04L-01Z-00-DX1.F35BF4DD-896A-43C2-8DA6-C67945C003BE,uni2,UNI2,10x,2p5x,10× ↔ 2.5×,6966,6966,200,200,5,0.5373671054840088,0.5463590621948242,0.5418630838394165,0.09688210487365723
BRCA,TCGA-AQ-A04L-01Z-00-DX1.F35BF4DD-896A-43C2-8DA6-C67945C003BE,uni2,UNI2,40x,2p5x,40× ↔ 2.5×,6966,6966,200,200,5,0.1925705522298813,0.20494212210178375,0.19875633716583252,0.026111364364624023
BRCA,TCGA-AR-A2LK-01Z-00-DX1.FBD59C38-CD4E-4C22-BC74-A57C192A9BBC,uni2,UNI2,40x,10x,40× ↔ 10×,11925,11925,200,200,5,0.2731974720954895,0.32918837666511536,0.30119292438030243,0.3108181953430176
BRCA,TCGA-AR-A2LK-01Z-00-DX1.FBD59C38-CD4E-4C22-BC74-A57C192A9BBC,uni2,UNI2,10x,2p5x,10× ↔ 2.5×,11925,11925,200,200,5,0.48026618361473083,0.506065309047699,0.4931657463312149,0.16724729537963867
BRCA,TCGA-AR-A2LK-01Z-00-DX1.FBD59C38-CD4E-4C22-BC74-A57C192A9BBC,uni2,UNI2,40x,2p5x,40× ↔ 2.5×,11925,11925,200,200,5,0.14570870995521545,0.16841059923171997,0.1570596545934677,0.045351266860961914
BRCA,TCGA-AR-A5QM-01Z-00-DX1.A9017CED-FF57-4090-95B9-94DC91854347,uni2,UNI2,40x,10x,40× ↔ 10×,13639,13639,200,200,5,0.24633605778217316,0.30747443437576294,0.27690524607896805,0.3306441307067871
BRCA,TCGA-AR-A5QM-01Z-00-DX1.A9017CED-FF57-4090-95B9-94DC91854347,uni2,UNI2,10x,2p5x,10× ↔ 2.5×,13639,13639,200,200,5,0.5348196029663086,0.54063880443573,0.5377292037010193,0.18230509757995605
BRCA,TCGA-AR-A5QM-01Z-00-DX1.A9017CED-FF57-4090-95B9-94DC91854347,uni2,UNI2,40x,2p5x,40× ↔ 2.5×,13639,13639,200,200,5,0.1306249350309372,0.15673482418060303,0.1436798796057701,0.04759955406188965
BRCA,TCGA-BH-A0C1-01Z-00-DX1.21FE357E-B182-4397-BFEF-7E96E994236A,uni2,UNI2,40x,10x,40× ↔ 10×,14097,14097,200,200,5,0.2800285220146179,0.31273430585861206,0.296381413936615,0.3482930660247803
BRCA,TCGA-BH-A0C1-01Z-00-DX1.21FE357E-B182-4397-BFEF-7E96E994236A,uni2,UNI2,10x,2p5x,10× ↔ 2.5×,14097,14097,200,200,5,0.5349966287612915,0.5431041121482849,0.5390503704547882,0.19357514381408691
BRCA,TCGA-BH-A0C1-01Z-00-DX1.21FE357E-B182-4397-BFEF-7E96E994236A,uni2,UNI2,40x,2p5x,40× ↔ 2.5×,14097,14097,200,200,5,0.13081498444080353,0.14446429908275604,0.13763964176177979,0.04790782928466797
BRCA,TCGA-D8-A1X8-01Z-00-DX1.DDA3866E-C7CC-4650-BE2B-5C9A98A2D531,uni2,UNI2,40x,10x,40× ↔ 10×,13628,13628,200,200,5,0.34886136651039124,0.384244441986084,0.3665529042482376,0.34099674224853516
BRCA,TCGA-D8-A1X8-01Z-00-DX1.DDA3866E-C7CC-4650-BE2B-5C9A98A2D531,uni2,UNI2,10x,2p5x,10× ↔ 2.5×,13628,13628,200,200,5,0.5183359384536743,0.5054042339324951,0.5118700861930847,0.1890730857849121
BRCA,TCGA-D8-A1X8-01Z-00-DX1.DDA3866E-C7CC-4650-BE2B-5C9A98A2D531,uni2,UNI2,40x,2p5x,40× ↔ 2.5×,13628,13628,200,200,5,0.16245749592781067,0.1961403638124466,0.17929892987012863,0.0472414493560791
BRCA,TCGA-E2-A14P-01Z-00-DX1.663B02FF-C64B-41A6-8685-FD61CD76F9C6,uni2,UNI2,40x,10x,40× ↔ 10×,17521,17521,200,200,5,0.3026348352432251,0.34042251110076904,0.32152867317199707,0.41587257385253906
BRCA,TCGA-E2-A14P-01Z-00-DX1.663B02FF-C64B-41A6-8685-FD61CD76F9C6,uni2,UNI2,10x,2p5x,10× ↔ 2.5×,17521,17521,200,200,5,0.516139030456543,0.5223522782325745,0.5192456543445587,0.23686766624450684
BRCA,TCGA-E2-A14P-01Z-00-DX1.663B02FF-C64B-41A6-8685-FD61CD76F9C6,uni2,UNI2,40x,2p5x,40× ↔ 2.5×,17521,17521,200,200,5,0.12941764295101166,0.17142562568187714,0.1504216343164444,0.05962038040161133
BRCA,TCGA-E2-A1LA-01Z-00-DX1.AE49E943-B830-4ED9-B09E-E499441BC2EC,uni2,UNI2,40x,10x,40× ↔ 10×,16576,16576,200,200,5,0.3072546422481537,0.3568040132522583,0.332029327750206,0.516850471496582
BRCA,TCGA-E2-A1LA-01Z-00-DX1.AE49E943-B830-4ED9-B09E-E499441BC2EC,uni2,UNI2,10x,2p5x,10× ↔ 2.5×,16576,16576,200,200,5,0.48023223876953125,0.5371460318565369,0.5086891353130341,0.4147639274597168
BRCA,TCGA-E2-A1LA-01Z-00-DX1.AE49E943-B830-4ED9-B09E-E499441BC2EC,uni2,UNI2,40x,2p5x,40× ↔ 2.5×,16576,16576,200,200,5,0.16232329607009888,0.1829831302165985,0.1726532131433487,0.13798165321350098
BRCA,TCGA-GM-A3XN-01Z-00-DX1.49F5C8AC-0328-4BC2-9FE2-E7150B7A42E2,uni2,UNI2,40x,10x,40× ↔ 10×,18199,18199,200,200,5,0.2395535409450531,0.2951103150844574,0.26733192801475525,0.6773891448974609
BRCA,TCGA-GM-A3XN-01Z-00-DX1.49F5C8AC-0328-4BC2-9FE2-E7150B7A42E2,uni2,UNI2,10x,2p5x,10× ↔ 2.5×,18199,18199,200,200,5,0.5442336797714233,0.5612282752990723,0.5527309775352478,0.36281800270080566
BRCA,TCGA-GM-A3XN-01Z-00-DX1.49F5C8AC-0328-4BC2-9FE2-E7150B7A42E2,uni2,UNI2,40x,2p5x,40× ↔ 2.5×,18199,18199,200,200,5,0.13539370894432068,0.1808605194091797,0.15812711417675018,0.25817227363586426
BRCA,TCGA-A7-A2KD-01Z-00-DX1.BFF2DFC8-1D95-4DC2-98FC-5BD7D7C6CDF5,midnight,Midnight,40x,10x,40× ↔ 10×,13242,13242,200,200,5,0.32509681582450867,0.3004012703895569,0.3127490431070328,0.8894093036651611
BRCA,TCGA-A7-A2KD-01Z-00-DX1.BFF2DFC8-1D95-4DC2-98FC-5BD7D7C6CDF5,midnight,Midnight,10x,2p5x,10× ↔ 2.5×,13242,13242,200,200,5,0.29815050959587097,0.30616897344589233,0.30215974152088165,0.6622233390808105
BRCA,TCGA-A7-A2KD-01Z-00-DX1.BFF2DFC8-1D95-4DC2-98FC-5BD7D7C6CDF5,midnight,Midnight,40x,2p5x,40× ↔ 2.5×,13242,13242,200,200,5,0.27875033020973206,0.26452627778053284,0.27163830399513245,0.27274632453918457
BRCA,TCGA-AN-A0G0-01Z-00-DX1.BE0BB5DF-DEDA-48D8-B5D8-2735C767F28F,midnight,Midnight,40x,10x,40× ↔ 10×,4987,4987,200,200,5,0.35933583974838257,0.3485915958881378,0.3539637178182602,0.2218332290649414
BRCA,TCGA-AN-A0G0-01Z-00-DX1.BE0BB5DF-DEDA-48D8-B5D8-2735C767F28F,midnight,Midnight,10x,2p5x,10× ↔ 2.5×,4987,4987,200,200,5,0.46248921751976013,0.4547121822834015,0.4586006999015808,0.13798022270202637
BRCA,TCGA-AN-A0G0-01Z-00-DX1.BE0BB5DF-DEDA-48D8-B5D8-2735C767F28F,midnight,Midnight,40x,2p5x,40× ↔ 2.5×,4987,4987,200,200,5,0.3562152683734894,0.36356058716773987,0.3598879277706146,0.03635597229003906
BRCA,TCGA-AQ-A04L-01Z-00-DX1.F35BF4DD-896A-43C2-8DA6-C67945C003BE,midnight,Midnight,40x,10x,40× ↔ 10×,6966,6966,200,200,5,0.3971070647239685,0.38277873396873474,0.3899428993463516,0.3253633975982666
BRCA,TCGA-AQ-A04L-01Z-00-DX1.F35BF4DD-896A-43C2-8DA6-C67945C003BE,midnight,Midnight,10x,2p5x,10× ↔ 2.5×,6966,6966,200,200,5,0.367477148771286,0.3757328987121582,0.3716050237417221,0.16521763801574707
BRCA,TCGA-AQ-A04L-01Z-00-DX1.F35BF4DD-896A-43C2-8DA6-C67945C003BE,midnight,Midnight,40x,2p5x,40× ↔ 2.5×,6966,6966,200,200,5,0.29979243874549866,0.29801803827285767,0.29890523850917816,0.048306941986083984
BRCA,TCGA-AR-A2LK-01Z-00-DX1.FBD59C38-CD4E-4C22-BC74-A57C192A9BBC,midnight,Midnight,40x,10x,40× ↔ 10×,11925,11925,200,200,5,0.39080610871315,0.38777875900268555,0.3892924338579178,0.5502116680145264
BRCA,TCGA-AR-A2LK-01Z-00-DX1.FBD59C38-CD4E-4C22-BC74-A57C192A9BBC,midnight,Midnight,10x,2p5x,10× ↔ 2.5×,11925,11925,200,200,5,0.3678244352340698,0.39217525720596313,0.3799998462200165,0.40180015563964844
BRCA,TCGA-AR-A2LK-01Z-00-DX1.FBD59C38-CD4E-4C22-BC74-A57C192A9BBC,midnight,Midnight,40x,2p5x,40× ↔ 2.5×,11925,11925,200,200,5,0.2666150629520416,0.2840248942375183,0.27531997859477997,0.22205853462219238
BRCA,TCGA-AR-A5QM-01Z-00-DX1.A9017CED-FF57-4090-95B9-94DC91854347,midnight,Midnight,40x,10x,40× ↔ 10×,13639,13639,200,200,5,0.3952619731426239,0.3800697922706604,0.38766588270664215,0.6647202968597412
BRCA,TCGA-AR-A5QM-01Z-00-DX1.A9017CED-FF57-4090-95B9-94DC91854347,midnight,Midnight,10x,2p5x,10× ↔ 2.5×,13639,13639,200,200,5,0.39653632044792175,0.4241504669189453,0.41034339368343353,0.4431283473968506
BRCA,TCGA-AR-A5QM-01Z-00-DX1.A9017CED-FF57-4090-95B9-94DC91854347,midnight,Midnight,40x,2p5x,40× ↔ 2.5×,13639,13639,200,200,5,0.286489337682724,0.30573770403862,0.296113520860672,0.2368309497833252
BRCA,TCGA-BH-A0C1-01Z-00-DX1.21FE357E-B182-4397-BFEF-7E96E994236A,midnight,Midnight,40x,10x,40× ↔ 10×,14097,14097,200,200,5,0.3741583526134491,0.3710959255695343,0.3726271390914917,0.6168031692504883
BRCA,TCGA-BH-A0C1-01Z-00-DX1.21FE357E-B182-4397-BFEF-7E96E994236A,midnight,Midnight,10x,2p5x,10× ↔ 2.5×,14097,14097,200,200,5,0.35353049635887146,0.38731056451797485,0.37042053043842316,0.3478403091430664
BRCA,TCGA-BH-A0C1-01Z-00-DX1.21FE357E-B182-4397-BFEF-7E96E994236A,midnight,Midnight,40x,2p5x,40× ↔ 2.5×,14097,14097,200,200,5,0.279997318983078,0.2710789144039154,0.2755381166934967,0.09664630889892578
BRCA,TCGA-D8-A1X8-01Z-00-DX1.DDA3866E-C7CC-4650-BE2B-5C9A98A2D531,midnight,Midnight,40x,10x,40× ↔ 10×,13628,13628,200,200,5,0.3857671916484833,0.3846222162246704,0.38519470393657684,0.7410533428192139
BRCA,TCGA-D8-A1X8-01Z-00-DX1.DDA3866E-C7CC-4650-BE2B-5C9A98A2D531,midnight,Midnight,10x,2p5x,10× ↔ 2.5×,13628,13628,200,200,5,0.39897215366363525,0.43229979276657104,0.41563597321510315,0.44130587577819824
BRCA,TCGA-D8-A1X8-01Z-00-DX1.DDA3866E-C7CC-4650-BE2B-5C9A98A2D531,midnight,Midnight,40x,2p5x,40× ↔ 2.5×,13628,13628,200,200,5,0.28823450207710266,0.30277198553085327,0.29550324380397797,0.22676682472229004
BRCA,TCGA-E2-A14P-01Z-00-DX1.663B02FF-C64B-41A6-8685-FD61CD76F9C6,midnight,Midnight,40x,10x,40× ↔ 10×,17521,17521,200,200,5,0.4171769618988037,0.4121937155723572,0.41468533873558044,0.8530004024505615
BRCA,TCGA-E2-A14P-01Z-00-DX1.663B02FF-C64B-41A6-8685-FD61CD76F9C6,midnight,Midnight,10x,2p5x,10× ↔ 2.5×,17521,17521,200,200,5,0.34681394696235657,0.39742690324783325,0.3721204251050949,0.6561005115509033
BRCA,TCGA-E2-A14P-01Z-00-DX1.663B02FF-C64B-41A6-8685-FD61CD76F9C6,midnight,Midnight,40x,2p5x,40× ↔ 2.5×,17521,17521,200,200,5,0.303187757730484,0.30925387144088745,0.30622081458568573,0.3119382858276367
BRCA,TCGA-E2-A1LA-01Z-00-DX1.AE49E943-B830-4ED9-B09E-E499441BC2EC,midnight,Midnight,40x,10x,40× ↔ 10×,16576,16576,200,200,5,0.41973188519477844,0.41419726610183716,0.4169645756483078,0.6447570323944092
BRCA,TCGA-E2-A1LA-01Z-00-DX1.AE49E943-B830-4ED9-B09E-E499441BC2EC,midnight,Midnight,10x,2p5x,10× ↔ 2.5×,16576,16576,200,200,5,0.3991362750530243,0.4097682237625122,0.40445224940776825,0.39758729934692383
BRCA,TCGA-E2-A1LA-01Z-00-DX1.AE49E943-B830-4ED9-B09E-E499441BC2EC,midnight,Midnight,40x,2p5x,40× ↔ 2.5×,16576,16576,200,200,5,0.27801764011383057,0.2881408631801605,0.28307925164699554,0.11466360092163086
BRCA,TCGA-GM-A3XN-01Z-00-DX1.49F5C8AC-0328-4BC2-9FE2-E7150B7A42E2,midnight,Midnight,40x,10x,40× ↔ 10×,18199,18199,200,200,5,0.40231847763061523,0.39041006565093994,0.3963642716407776,0.899146556854248
BRCA,TCGA-GM-A3XN-01Z-00-DX1.49F5C8AC-0328-4BC2-9FE2-E7150B7A42E2,midnight,Midnight,10x,2p5x,10× ↔ 2.5×,18199,18199,200,200,5,0.3826993405818939,0.397827684879303,0.39026351273059845,0.6494243144989014
BRCA,TCGA-GM-A3XN-01Z-00-DX1.49F5C8AC-0328-4BC2-9FE2-E7150B7A42E2,midnight,Midnight,40x,2p5x,40× ↔ 2.5×,18199,18199,200,200,5,0.2803073823451996,0.29484447836875916,0.28757593035697937,0.3651297092437744
BRCA,TCGA-A7-A2KD-01Z-00-DX1.BFF2DFC8-1D95-4DC2-98FC-5BD7D7C6CDF5,gigapath,GigaPath,40x,10x,40× ↔ 10×,13242,13242,200,200,5,0.38110509514808655,0.39499107003211975,0.38804808259010315,0.26742029190063477
BRCA,TCGA-A7-A2KD-01Z-00-DX1.BFF2DFC8-1D95-4DC2-98FC-5BD7D7C6CDF5,gigapath,GigaPath,10x,2p5x,10× ↔ 2.5×,13242,13242,200,200,5,0.24199901521205902,0.3787892758846283,0.31039414554834366,0.1571509838104248
BRCA,TCGA-A7-A2KD-01Z-00-DX1.BFF2DFC8-1D95-4DC2-98FC-5BD7D7C6CDF5,gigapath,GigaPath,40x,2p5x,40× ↔ 2.5×,13242,13242,200,200,5,0.13466991484165192,0.30324655771255493,0.21895823627710342,0.04631495475769043
BRCA,TCGA-AN-A0G0-01Z-00-DX1.BE0BB5DF-DEDA-48D8-B5D8-2735C767F28F,gigapath,GigaPath,40x,10x,40× ↔ 10×,4987,4987,200,200,5,0.3061421811580658,0.3249661326408386,0.3155541568994522,0.09916162490844727
BRCA,TCGA-AN-A0G0-01Z-00-DX1.BE0BB5DF-DEDA-48D8-B5D8-2735C767F28F,gigapath,GigaPath,10x,2p5x,10× ↔ 2.5×,4987,4987,200,200,5,0.27189555764198303,0.605393648147583,0.438644602894783,0.05689406394958496
BRCA,TCGA-AN-A0G0-01Z-00-DX1.BE0BB5DF-DEDA-48D8-B5D8-2735C767F28F,gigapath,GigaPath,40x,2p5x,40× ↔ 2.5×,4987,4987,200,200,5,0.08978738635778427,0.15168656408786774,0.120736975222826,0.013776302337646484
BRCA,TCGA-AQ-A04L-01Z-00-DX1.F35BF4DD-896A-43C2-8DA6-C67945C003BE,gigapath,GigaPath,40x,10x,40× ↔ 10×,6966,6966,200,200,5,0.4193986654281616,0.4079597294330597,0.41367919743061066,0.14294862747192383
BRCA,TCGA-AQ-A04L-01Z-00-DX1.F35BF4DD-896A-43C2-8DA6-C67945C003BE,gigapath,GigaPath,10x,2p5x,10× ↔ 2.5×,6966,6966,200,200,5,0.581518292427063,0.7484433054924011,0.6649807989597321,0.08155035972595215
BRCA,TCGA-AQ-A04L-01Z-00-DX1.F35BF4DD-896A-43C2-8DA6-C67945C003BE,gigapath,GigaPath,40x,2p5x,40× ↔ 2.5×,6966,6966,200,200,5,0.17608053982257843,0.3933664560317993,0.2847234979271889,0.025119543075561523
BRCA,TCGA-AR-A2LK-01Z-00-DX1.FBD59C38-CD4E-4C22-BC74-A57C192A9BBC,gigapath,GigaPath,40x,10x,40× ↔ 10×,11925,11925,200,200,5,0.37379980087280273,0.387407511472702,0.3806036561727524,0.27011895179748535
BRCA,TCGA-AR-A2LK-01Z-00-DX1.FBD59C38-CD4E-4C22-BC74-A57C192A9BBC,gigapath,GigaPath,10x,2p5x,10× ↔ 2.5×,11925,11925,200,200,5,0.3468238413333893,0.6305607557296753,0.4886922985315323,0.16233515739440918
BRCA,TCGA-AR-A2LK-01Z-00-DX1.FBD59C38-CD4E-4C22-BC74-A57C192A9BBC,gigapath,GigaPath,40x,2p5x,40× ↔ 2.5×,11925,11925,200,200,5,0.15840056538581848,0.21923057734966278,0.18881557136774063,0.0423276424407959
BRCA,TCGA-AR-A5QM-01Z-00-DX1.A9017CED-FF57-4090-95B9-94DC91854347,gigapath,GigaPath,40x,10x,40× ↔ 10×,13639,13639,200,200,5,0.37696585059165955,0.3944907784461975,0.38572831451892853,0.3964865207672119
BRCA,TCGA-AR-A5QM-01Z-00-DX1.A9017CED-FF57-4090-95B9-94DC91854347,gigapath,GigaPath,10x,2p5x,10× ↔ 2.5×,13639,13639,200,200,5,0.40271544456481934,0.7060043215751648,0.5543598830699921,0.24341106414794922
BRCA,TCGA-AR-A5QM-01Z-00-DX1.A9017CED-FF57-4090-95B9-94DC91854347,gigapath,GigaPath,40x,2p5x,40× ↔ 2.5×,13639,13639,200,200,5,0.10091768205165863,0.12065060436725616,0.1107841432094574,0.1266782283782959
BRCA,TCGA-BH-A0C1-01Z-00-DX1.21FE357E-B182-4397-BFEF-7E96E994236A,gigapath,GigaPath,40x,10x,40× ↔ 10×,14097,14097,200,200,5,0.4666196405887604,0.46801862120628357,0.467319130897522,0.3885645866394043
BRCA,TCGA-BH-A0C1-01Z-00-DX1.21FE357E-B182-4397-BFEF-7E96E994236A,gigapath,GigaPath,10x,2p5x,10× ↔ 2.5×,14097,14097,200,200,5,0.3500404357910156,0.6587945222854614,0.5044174790382385,0.28118252754211426
BRCA,TCGA-BH-A0C1-01Z-00-DX1.21FE357E-B182-4397-BFEF-7E96E994236A,gigapath,GigaPath,40x,2p5x,40× ↔ 2.5×,14097,14097,200,200,5,0.1573292315006256,0.2586195766925812,0.2079744040966034,0.3192780017852783
BRCA,TCGA-D8-A1X8-01Z-00-DX1.DDA3866E-C7CC-4650-BE2B-5C9A98A2D531,gigapath,GigaPath,40x,10x,40× ↔ 10×,13628,13628,200,200,5,0.3704293668270111,0.39213111996650696,0.38128024339675903,0.42514967918395996
BRCA,TCGA-D8-A1X8-01Z-00-DX1.DDA3866E-C7CC-4650-BE2B-5C9A98A2D531,gigapath,GigaPath,10x,2p5x,10× ↔ 2.5×,13628,13628,200,200,5,0.2779509425163269,0.6136590242385864,0.44580498337745667,0.243499755859375
BRCA,TCGA-D8-A1X8-01Z-00-DX1.DDA3866E-C7CC-4650-BE2B-5C9A98A2D531,gigapath,GigaPath,40x,2p5x,40× ↔ 2.5×,13628,13628,200,200,5,0.13219879567623138,0.28269514441490173,0.20744697004556656,0.04998421669006348
BRCA,TCGA-E2-A14P-01Z-00-DX1.663B02FF-C64B-41A6-8685-FD61CD76F9C6,gigapath,GigaPath,40x,10x,40× ↔ 10×,17521,17521,200,200,5,0.3056025505065918,0.31557655334472656,0.3105895519256592,0.3572075366973877
BRCA,TCGA-E2-A14P-01Z-00-DX1.663B02FF-C64B-41A6-8685-FD61CD76F9C6,gigapath,GigaPath,10x,2p5x,10× ↔ 2.5×,17521,17521,200,200,5,0.3324500620365143,0.6591219902038574,0.49578602612018585,0.20720314979553223
BRCA,TCGA-E2-A14P-01Z-00-DX1.663B02FF-C64B-41A6-8685-FD61CD76F9C6,gigapath,GigaPath,40x,2p5x,40× ↔ 2.5×,17521,17521,200,200,5,0.10334587842226028,0.17694930732250214,0.1401475928723812,0.060036420822143555
BRCA,TCGA-E2-A1LA-01Z-00-DX1.AE49E943-B830-4ED9-B09E-E499441BC2EC,gigapath,GigaPath,40x,10x,40× ↔ 10×,16576,16576,200,200,5,0.42213061451911926,0.43378889560699463,0.42795975506305695,0.4202754497528076
BRCA,TCGA-E2-A1LA-01Z-00-DX1.AE49E943-B830-4ED9-B09E-E499441BC2EC,gigapath,GigaPath,10x,2p5x,10× ↔ 2.5×,16576,16576,200,200,5,0.4491936266422272,0.6781734228134155,0.5636835247278214,0.3328437805175781
BRCA,TCGA-E2-A1LA-01Z-00-DX1.AE49E943-B830-4ED9-B09E-E499441BC2EC,gigapath,GigaPath,40x,2p5x,40× ↔ 2.5×,16576,16576,200,200,5,0.1396244466304779,0.185591459274292,0.16260795295238495,0.08286023139953613
BRCA,TCGA-GM-A3XN-01Z-00-DX1.49F5C8AC-0328-4BC2-9FE2-E7150B7A42E2,gigapath,GigaPath,40x,10x,40× ↔ 10×,18199,18199,200,200,5,0.38888663053512573,0.40704527497291565,0.3979659527540207,0.5369820594787598
BRCA,TCGA-GM-A3XN-01Z-00-DX1.49F5C8AC-0328-4BC2-9FE2-E7150B7A42E2,gigapath,GigaPath,10x,2p5x,10× ↔ 2.5×,18199,18199,200,200,5,0.2869187593460083,0.5915330648422241,0.4392259120941162,0.23047399520874023
BRCA,TCGA-GM-A3XN-01Z-00-DX1.49F5C8AC-0328-4BC2-9FE2-E7150B7A42E2,gigapath,GigaPath,40x,2p5x,40× ↔ 2.5×,18199,18199,200,200,5,0.12595227360725403,0.16088475286960602,0.14341851323843002,0.06270265579223633
BRCA,TCGA-A7-A2KD-01Z-00-DX1.BFF2DFC8-1D95-4DC2-98FC-5BD7D7C6CDF5,gigapath_flash,GigaPath-Flash,40x,10x,40× ↔ 10×,13242,13242,200,200,5,0.5325220227241516,0.5647739768028259,0.5486479997634888,0.06799006462097168
BRCA,TCGA-A7-A2KD-01Z-00-DX1.BFF2DFC8-1D95-4DC2-98FC-5BD7D7C6CDF5,gigapath_flash,GigaPath-Flash,10x,2p5x,10× ↔ 2.5×,13242,13242,200,200,5,0.40946707129478455,0.4740404486656189,0.4417537599802017,0.03827929496765137
BRCA,TCGA-A7-A2KD-01Z-00-DX1.BFF2DFC8-1D95-4DC2-98FC-5BD7D7C6CDF5,gigapath_flash,GigaPath-Flash,40x,2p5x,40× ↔ 2.5×,13242,13242,200,200,5,0.406707227230072,0.4799145460128784,0.4433108866214752,0.009423255920410156
BRCA,TCGA-AN-A0G0-01Z-00-DX1.BE0BB5DF-DEDA-48D8-B5D8-2735C767F28F,gigapath_flash,GigaPath-Flash,40x,10x,40× ↔ 10×,4987,4987,200,200,5,0.4966941773891449,0.4886837899684906,0.49268898367881775,0.028055429458618164
BRCA,TCGA-AN-A0G0-01Z-00-DX1.BE0BB5DF-DEDA-48D8-B5D8-2735C767F28F,gigapath_flash,GigaPath-Flash,10x,2p5x,10× ↔ 2.5×,4987,4987,200,200,5,0.36370229721069336,0.6227596402168274,0.4932309687137604,0.015951156616210938
BRCA,TCGA-AN-A0G0-01Z-00-DX1.BE0BB5DF-DEDA-48D8-B5D8-2735C767F28F,gigapath_flash,GigaPath-Flash,40x,2p5x,40× ↔ 2.5×,4987,4987,200,200,5,0.30084431171417236,0.3559333086013794,0.3283888101577759,0.004509449005126953
BRCA,TCGA-AQ-A04L-01Z-00-DX1.F35BF4DD-896A-43C2-8DA6-C67945C003BE,gigapath_flash,GigaPath-Flash,40x,10x,40× ↔ 10×,6966,6966,200,200,5,0.621631920337677,0.633703351020813,0.627667635679245,0.03699612617492676
BRCA,TCGA-AQ-A04L-01Z-00-DX1.F35BF4DD-896A-43C2-8DA6-C67945C003BE,gigapath_flash,GigaPath-Flash,10x,2p5x,10× ↔ 2.5×,6966,6966,200,200,5,0.6130126714706421,0.7729423642158508,0.6929775178432465,0.02183389663696289
BRCA,TCGA-AQ-A04L-01Z-00-DX1.F35BF4DD-896A-43C2-8DA6-C67945C003BE,gigapath_flash,GigaPath-Flash,40x,2p5x,40× ↔ 2.5×,6966,6966,200,200,5,0.3888944685459137,0.5542901754379272,0.47159232199192047,0.006284475326538086
BRCA,TCGA-AR-A2LK-01Z-00-DX1.FBD59C38-CD4E-4C22-BC74-A57C192A9BBC,gigapath_flash,GigaPath-Flash,40x,10x,40× ↔ 10×,11925,11925,200,200,5,0.6026551723480225,0.5540916323661804,0.5783734023571014,0.06151175498962402
BRCA,TCGA-AR-A2LK-01Z-00-DX1.FBD59C38-CD4E-4C22-BC74-A57C192A9BBC,gigapath_flash,GigaPath-Flash,10x,2p5x,10× ↔ 2.5×,11925,11925,200,200,5,0.5149736404418945,0.7353870868682861,0.6251803636550903,0.036208152770996094
BRCA,TCGA-AR-A2LK-01Z-00-DX1.FBD59C38-CD4E-4C22-BC74-A57C192A9BBC,gigapath_flash,GigaPath-Flash,40x,2p5x,40× ↔ 2.5×,11925,11925,200,200,5,0.42017555236816406,0.3880803883075714,0.40412797033786774,0.008767843246459961
BRCA,TCGA-AR-A5QM-01Z-00-DX1.A9017CED-FF57-4090-95B9-94DC91854347,gigapath_flash,GigaPath-Flash,40x,10x,40× ↔ 10×,13639,13639,200,200,5,0.5962687730789185,0.5961431860923767,0.5962059795856476,0.06662464141845703
BRCA,TCGA-AR-A5QM-01Z-00-DX1.A9017CED-FF57-4090-95B9-94DC91854347,gigapath_flash,GigaPath-Flash,10x,2p5x,10× ↔ 2.5×,13639,13639,200,200,5,0.5061711072921753,0.7479730248451233,0.6270720660686493,0.03900504112243652
BRCA,TCGA-AR-A5QM-01Z-00-DX1.A9017CED-FF57-4090-95B9-94DC91854347,gigapath_flash,GigaPath-Flash,40x,2p5x,40× ↔ 2.5×,13639,13639,200,200,5,0.3784063756465912,0.34593743085861206,0.3621719032526016,0.009868383407592773
BRCA,TCGA-BH-A0C1-01Z-00-DX1.21FE357E-B182-4397-BFEF-7E96E994236A,gigapath_flash,GigaPath-Flash,40x,10x,40× ↔ 10×,14097,14097,200,200,5,0.6500386595726013,0.6545058488845825,0.6522722542285919,0.07368063926696777
BRCA,TCGA-BH-A0C1-01Z-00-DX1.21FE357E-B182-4397-BFEF-7E96E994236A,gigapath_flash,GigaPath-Flash,10x,2p5x,10× ↔ 2.5×,14097,14097,200,200,5,0.4842750132083893,0.7288799285888672,0.6065774708986282,0.04197859764099121
BRCA,TCGA-BH-A0C1-01Z-00-DX1.21FE357E-B182-4397-BFEF-7E96E994236A,gigapath_flash,GigaPath-Flash,40x,2p5x,40× ↔ 2.5×,14097,14097,200,200,5,0.36929258704185486,0.5602763891220093,0.46478448808193207,0.010156393051147461
BRCA,TCGA-D8-A1X8-01Z-00-DX1.DDA3866E-C7CC-4650-BE2B-5C9A98A2D531,gigapath_flash,GigaPath-Flash,40x,10x,40× ↔ 10×,13628,13628,200,200,5,0.5218236446380615,0.5025472640991211,0.5121854543685913,0.0656120777130127
BRCA,TCGA-D8-A1X8-01Z-00-DX1.DDA3866E-C7CC-4650-BE2B-5C9A98A2D531,gigapath_flash,GigaPath-Flash,10x,2p5x,10× ↔ 2.5×,13628,13628,200,200,5,0.4207269251346588,0.6512982249259949,0.5360125750303268,0.03861689567565918
BRCA,TCGA-D8-A1X8-01Z-00-DX1.DDA3866E-C7CC-4650-BE2B-5C9A98A2D531,gigapath_flash,GigaPath-Flash,40x,2p5x,40× ↔ 2.5×,13628,13628,200,200,5,0.434238463640213,0.5520630478858948,0.4931507557630539,0.010126590728759766
BRCA,TCGA-E2-A14P-01Z-00-DX1.663B02FF-C64B-41A6-8685-FD61CD76F9C6,gigapath_flash,GigaPath-Flash,40x,10x,40× ↔ 10×,17521,17521,200,200,5,0.43923789262771606,0.4312656819820404,0.43525178730487823,0.08654403686523438
BRCA,TCGA-E2-A14P-01Z-00-DX1.663B02FF-C64B-41A6-8685-FD61CD76F9C6,gigapath_flash,GigaPath-Flash,10x,2p5x,10× ↔ 2.5×,17521,17521,200,200,5,0.4015790522098541,0.6678672432899475,0.5347231477499008,0.04909968376159668
BRCA,TCGA-E2-A14P-01Z-00-DX1.663B02FF-C64B-41A6-8685-FD61CD76F9C6,gigapath_flash,GigaPath-Flash,40x,2p5x,40× ↔ 2.5×,17521,17521,200,200,5,0.32377272844314575,0.39376747608184814,0.35877010226249695,0.012781381607055664
BRCA,TCGA-E2-A1LA-01Z-00-DX1.AE49E943-B830-4ED9-B09E-E499441BC2EC,gigapath_flash,GigaPath-Flash,40x,10x,40× ↔ 10×,16576,16576,200,200,5,0.6041582226753235,0.5990020632743835,0.6015801429748535,0.0846409797668457
BRCA,TCGA-E2-A1LA-01Z-00-DX1.AE49E943-B830-4ED9-B09E-E499441BC2EC,gigapath_flash,GigaPath-Flash,10x,2p5x,10× ↔ 2.5×,16576,16576,200,200,5,0.5061787366867065,0.6732848882675171,0.5897318124771118,0.048500776290893555
BRCA,TCGA-E2-A1LA-01Z-00-DX1.AE49E943-B830-4ED9-B09E-E499441BC2EC,gigapath_flash,GigaPath-Flash,40x,2p5x,40× ↔ 2.5×,16576,16576,200,200,5,0.3471542000770569,0.4292101263999939,0.3881821632385254,0.011835098266601562
BRCA,TCGA-GM-A3XN-01Z-00-DX1.49F5C8AC-0328-4BC2-9FE2-E7150B7A42E2,gigapath_flash,GigaPath-Flash,40x,10x,40× ↔ 10×,18199,18199,200,200,5,0.5665711164474487,0.5840765237808228,0.5753238201141357,0.09371113777160645
BRCA,TCGA-GM-A3XN-01Z-00-DX1.49F5C8AC-0328-4BC2-9FE2-E7150B7A42E2,gigapath_flash,GigaPath-Flash,10x,2p5x,10× ↔ 2.5×,18199,18199,200,200,5,0.41401907801628113,0.7037258744239807,0.5588724762201309,0.05081462860107422
BRCA,TCGA-GM-A3XN-01Z-00-DX1.49F5C8AC-0328-4BC2-9FE2-E7150B7A42E2,gigapath_flash,GigaPath-Flash,40x,2p5x,40× ↔ 2.5×,18199,18199,200,200,5,0.3922347128391266,0.3820898234844208,0.3871622681617737,0.012978792190551758
COAD,TCGA-AY-A8YK-01Z-00-DX1.89E3C546-0425-449B-A6FB-1C35168EA7EB,phikon,Phikon,40x,10x,40× ↔ 10×,8285,8285,200,200,5,0.7141612768173218,0.7208971381187439,0.7175292074680328,0.08085179328918457
COAD,TCGA-AY-A8YK-01Z-00-DX1.89E3C546-0425-449B-A6FB-1C35168EA7EB,phikon,Phikon,10x,2p5x,10× ↔ 2.5×,8285,8285,200,200,5,0.4598783254623413,0.4932152330875397,0.4765467792749405,0.04655337333679199
COAD,TCGA-AY-A8YK-01Z-00-DX1.89E3C546-0425-449B-A6FB-1C35168EA7EB,phikon,Phikon,40x,2p5x,40× ↔ 2.5×,8285,8285,200,200,5,0.2706320881843567,0.4050498902797699,0.3378409892320633,0.011410236358642578
COAD,TCGA-CK-4947-01Z-00-DX1.b257d5fd-b97b-4987-b088-77f044ca7fe2,phikon,Phikon,40x,10x,40× ↔ 10×,23336,23336,200,200,5,0.6212642788887024,0.5944811701774597,0.607872724533081,0.4311177730560303
COAD,TCGA-CK-4947-01Z-00-DX1.b257d5fd-b97b-4987-b088-77f044ca7fe2,phikon,Phikon,10x,2p5x,10× ↔ 2.5×,23336,23336,200,200,5,0.5668776035308838,0.6499850153923035,0.6084313094615936,0.2177426815032959
COAD,TCGA-CK-4947-01Z-00-DX1.b257d5fd-b97b-4987-b088-77f044ca7fe2,phikon,Phikon,40x,2p5x,40× ↔ 2.5×,23336,23336,200,200,5,0.29370707273483276,0.4498724639415741,0.37178976833820343,0.051584720611572266
COAD,TCGA-CM-6168-01Z-00-DX1.96af6eb2-9d51-4671-baf8-1a73d0c66869,phikon,Phikon,40x,10x,40× ↔ 10×,24102,24102,200,200,5,0.6590778231620789,0.64939284324646,0.6542353332042694,0.29027843475341797
COAD,TCGA-CM-6168-01Z-00-DX1.96af6eb2-9d51-4671-baf8-1a73d0c66869,phikon,Phikon,10x,2p5x,10× ↔ 2.5×,24102,24102,200,200,5,0.5545412302017212,0.6760519742965698,0.6152966022491455,0.15159296989440918
COAD,TCGA-CM-6168-01Z-00-DX1.96af6eb2-9d51-4671-baf8-1a73d0c66869,phikon,Phikon,40x,2p5x,40× ↔ 2.5×,24102,24102,200,200,5,0.38076305389404297,0.5332977771759033,0.45703041553497314,0.04344749450683594
COAD,TCGA-CM-6169-01Z-00-DX1.0381c243-02b8-4f1d-840c-19ef44d4b92c,phikon,Phikon,40x,10x,40× ↔ 10×,18522,18522,200,200,5,0.599991500377655,0.602161705493927,0.601076602935791,0.19126486778259277
COAD,TCGA-CM-6169-01Z-00-DX1.0381c243-02b8-4f1d-840c-19ef44d4b92c,phikon,Phikon,10x,2p5x,10× ↔ 2.5×,18522,18522,200,200,5,0.5537453889846802,0.6632276773452759,0.608486533164978,0.11802864074707031
COAD,TCGA-CM-6169-01Z-00-DX1.0381c243-02b8-4f1d-840c-19ef44d4b92c,phikon,Phikon,40x,2p5x,40× ↔ 2.5×,18522,18522,200,200,5,0.32988470792770386,0.46275389194488525,0.39631929993629456,0.03372526168823242
COAD,TCGA-G4-6309-01Z-00-DX1.3eb20fdc-eb86-4bd5-8194-76b02d4fa472,phikon,Phikon,40x,10x,40× ↔ 10×,17070,17070,200,200,5,0.6882690191268921,0.71950364112854,0.7038863301277161,0.18022394180297852
COAD,TCGA-G4-6309-01Z-00-DX1.3eb20fdc-eb86-4bd5-8194-76b02d4fa472,phikon,Phikon,10x,2p5x,10× ↔ 2.5×,17070,17070,200,200,5,0.5671055912971497,0.6191636323928833,0.5931346118450165,0.1332230567932129
COAD,TCGA-G4-6309-01Z-00-DX1.3eb20fdc-eb86-4bd5-8194-76b02d4fa472,phikon,Phikon,40x,2p5x,40× ↔ 2.5×,17070,17070,200,200,5,0.3491908311843872,0.49680885672569275,0.42299984395504,0.04294109344482422
COAD,TCGA-G4-6310-01Z-00-DX1.b88472d4-3adc-4e4d-b0f2-0dc195a3d7df,phikon,Phikon,40x,10x,40× ↔ 10×,16917,16917,200,200,5,0.6613735556602478,0.6537410616874695,0.6575573086738586,0.20886564254760742
COAD,TCGA-G4-6310-01Z-00-DX1.b88472d4-3adc-4e4d-b0f2-0dc195a3d7df,phikon,Phikon,10x,2p5x,10× ↔ 2.5×,16917,16917,200,200,5,0.5251405239105225,0.5930843353271484,0.5591124296188354,0.10263538360595703
COAD,TCGA-G4-6310-01Z-00-DX1.b88472d4-3adc-4e4d-b0f2-0dc195a3d7df,phikon,Phikon,40x,2p5x,40× ↔ 2.5×,16917,16917,200,200,5,0.2883545160293579,0.42498528957366943,0.35666990280151367,0.07868766784667969
COAD,TCGA-G4-6588-01Z-00-DX1.0747172e-f630-4b7c-9341-55078585ae00,phikon,Phikon,40x,10x,40× ↔ 10×,20553,20553,200,200,5,0.6113349199295044,0.6599003672599792,0.6356176435947418,0.24538016319274902
COAD,TCGA-G4-6588-01Z-00-DX1.0747172e-f630-4b7c-9341-55078585ae00,phikon,Phikon,10x,2p5x,10× ↔ 2.5×,20553,20553,200,200,5,0.5499609112739563,0.6627044677734375,0.6063326895236969,0.10835456848144531
COAD,TCGA-G4-6588-01Z-00-DX1.0747172e-f630-4b7c-9341-55078585ae00,phikon,Phikon,40x,2p5x,40× ↔ 2.5×,20553,20553,200,200,5,0.33106720447540283,0.5609229207038879,0.4459950625896454,0.03768014907836914
COAD,TCGA-AY-A8YK-01Z-00-DX1.89E3C546-0425-449B-A6FB-1C35168EA7EB,uni,UNI,40x,10x,40× ↔ 10×,8285,8285,200,200,5,0.3976824879646301,0.4282253086566925,0.4129538983106613,0.11293244361877441
COAD,TCGA-AY-A8YK-01Z-00-DX1.89E3C546-0425-449B-A6FB-1C35168EA7EB,uni,UNI,10x,2p5x,10× ↔ 2.5×,8285,8285,200,200,5,0.26579996943473816,0.3449631333351135,0.30538155138492584,0.06747198104858398
COAD,TCGA-AY-A8YK-01Z-00-DX1.89E3C546-0425-449B-A6FB-1C35168EA7EB,uni,UNI,40x,2p5x,40× ↔ 2.5×,8285,8285,200,200,5,0.18564040958881378,0.34869542717933655,0.26716791838407516,0.02059626579284668
COAD,TCGA-CK-4947-01Z-00-DX1.b257d5fd-b97b-4987-b088-77f044ca7fe2,uni,UNI,40x,10x,40× ↔ 10×,23336,23336,200,200,5,0.4313432276248932,0.4483053386211395,0.43982428312301636,0.40389323234558105
COAD,TCGA-CK-4947-01Z-00-DX1.b257d5fd-b97b-4987-b088-77f044ca7fe2,uni,UNI,10x,2p5x,10× ↔ 2.5×,23336,23336,200,200,5,0.37532752752304077,0.4903101921081543,0.43281885981559753,0.20220112800598145
COAD,TCGA-CK-4947-01Z-00-DX1.b257d5fd-b97b-4987-b088-77f044ca7fe2,uni,UNI,40x,2p5x,40× ↔ 2.5×,23336,23336,200,200,5,0.23419028520584106,0.38784027099609375,0.3110152781009674,0.1503143310546875
COAD,TCGA-CM-6168-01Z-00-DX1.96af6eb2-9d51-4671-baf8-1a73d0c66869,uni,UNI,40x,10x,40× ↔ 10×,24102,24102,200,200,5,0.4129337966442108,0.44063451886177063,0.4267841577529907,0.4108452796936035
COAD,TCGA-CM-6168-01Z-00-DX1.96af6eb2-9d51-4671-baf8-1a73d0c66869,uni,UNI,10x,2p5x,10× ↔ 2.5×,24102,24102,200,200,5,0.36491483449935913,0.5132613182067871,0.4390880763530731,0.17715167999267578
COAD,TCGA-CM-6168-01Z-00-DX1.96af6eb2-9d51-4671-baf8-1a73d0c66869,uni,UNI,40x,2p5x,40× ↔ 2.5×,24102,24102,200,200,5,0.2518656849861145,0.445083886384964,0.34847478568553925,0.056218862533569336
COAD,TCGA-CM-6169-01Z-00-DX1.0381c243-02b8-4f1d-840c-19ef44d4b92c,uni,UNI,40x,10x,40× ↔ 10×,18522,18522,200,200,5,0.3990933895111084,0.42184051871299744,0.4104669541120529,0.31760382652282715
COAD,TCGA-CM-6169-01Z-00-DX1.0381c243-02b8-4f1d-840c-19ef44d4b92c,uni,UNI,10x,2p5x,10× ↔ 2.5×,18522,18522,200,200,5,0.348754346370697,0.5733256936073303,0.46104001998901367,0.22817611694335938
COAD,TCGA-CM-6169-01Z-00-DX1.0381c243-02b8-4f1d-840c-19ef44d4b92c,uni,UNI,40x,2p5x,40× ↔ 2.5×,18522,18522,200,200,5,0.22496575117111206,0.44277477264404297,0.3338702619075775,0.0776357650756836
COAD,TCGA-G4-6309-01Z-00-DX1.3eb20fdc-eb86-4bd5-8194-76b02d4fa472,uni,UNI,40x,10x,40× ↔ 10×,17070,17070,200,200,5,0.4163886308670044,0.43469393253326416,0.4255412817001343,0.24160313606262207
COAD,TCGA-G4-6309-01Z-00-DX1.3eb20fdc-eb86-4bd5-8194-76b02d4fa472,uni,UNI,10x,2p5x,10× ↔ 2.5×,17070,17070,200,200,5,0.39204323291778564,0.4279842972755432,0.41001376509666443,0.1624767780303955
COAD,TCGA-G4-6309-01Z-00-DX1.3eb20fdc-eb86-4bd5-8194-76b02d4fa472,uni,UNI,40x,2p5x,40× ↔ 2.5×,17070,17070,200,200,5,0.22687344253063202,0.33628973364830017,0.2815815880894661,0.051531314849853516
COAD,TCGA-G4-6310-01Z-00-DX1.b88472d4-3adc-4e4d-b0f2-0dc195a3d7df,uni,UNI,40x,10x,40× ↔ 10×,16917,16917,200,200,5,0.4140625,0.4441244304180145,0.42909346520900726,0.21552085876464844
COAD,TCGA-G4-6310-01Z-00-DX1.b88472d4-3adc-4e4d-b0f2-0dc195a3d7df,uni,UNI,10x,2p5x,10× ↔ 2.5×,16917,16917,200,200,5,0.3754016160964966,0.448647677898407,0.4120246469974518,0.16953659057617188
COAD,TCGA-G4-6310-01Z-00-DX1.b88472d4-3adc-4e4d-b0f2-0dc195a3d7df,uni,UNI,40x,2p5x,40× ↔ 2.5×,16917,16917,200,200,5,0.20728829503059387,0.3346579372882843,0.2709731161594391,0.049318790435791016
COAD,TCGA-G4-6588-01Z-00-DX1.0747172e-f630-4b7c-9341-55078585ae00,uni,UNI,40x,10x,40× ↔ 10×,20553,20553,200,200,5,0.4021254777908325,0.43121397495269775,0.41666972637176514,0.2493429183959961
COAD,TCGA-G4-6588-01Z-00-DX1.0747172e-f630-4b7c-9341-55078585ae00,uni,UNI,10x,2p5x,10× ↔ 2.5×,20553,20553,200,200,5,0.3732365071773529,0.4983729422092438,0.43580472469329834,0.20094561576843262
COAD,TCGA-G4-6588-01Z-00-DX1.0747172e-f630-4b7c-9341-55078585ae00,uni,UNI,40x,2p5x,40× ↔ 2.5×,20553,20553,200,200,5,0.22287791967391968,0.38986191153526306,0.30636991560459137,0.09864306449890137
COAD,TCGA-AY-A8YK-01Z-00-DX1.89E3C546-0425-449B-A6FB-1C35168EA7EB,virchow,Virchow,40x,10x,40× ↔ 10×,8285,8285,200,200,5,0.7742958068847656,0.6935697793960571,0.7339327931404114,0.13942313194274902
COAD,TCGA-AY-A8YK-01Z-00-DX1.89E3C546-0425-449B-A6FB-1C35168EA7EB,virchow,Virchow,10x,2p5x,10× ↔ 2.5×,8285,8285,200,200,5,0.3086177110671997,0.41074636578559875,0.35968203842639923,0.08796906471252441
COAD,TCGA-AY-A8YK-01Z-00-DX1.89E3C546-0425-449B-A6FB-1C35168EA7EB,virchow,Virchow,40x,2p5x,40× ↔ 2.5×,8285,8285,200,200,5,0.20798355340957642,0.4215700328350067,0.31477679312229156,0.04875993728637695
COAD,TCGA-CK-4947-01Z-00-DX1.b257d5fd-b97b-4987-b088-77f044ca7fe2,virchow,Virchow,40x,10x,40× ↔ 10×,23336,23336,200,200,5,0.8853307366371155,0.7629711031913757,0.8241509199142456,0.6167290210723877
COAD,TCGA-CK-4947-01Z-00-DX1.b257d5fd-b97b-4987-b088-77f044ca7fe2,virchow,Virchow,10x,2p5x,10× ↔ 2.5×,23336,23336,200,200,5,0.646414041519165,0.6177481412887573,0.6320810914039612,0.4192795753479004
COAD,TCGA-CK-4947-01Z-00-DX1.b257d5fd-b97b-4987-b088-77f044ca7fe2,virchow,Virchow,40x,2p5x,40× ↔ 2.5×,23336,23336,200,200,5,0.655171811580658,0.5310289859771729,0.5931003987789154,0.14362883567810059
COAD,TCGA-CM-6168-01Z-00-DX1.96af6eb2-9d51-4671-baf8-1a73d0c66869,virchow,Virchow,40x,10x,40× ↔ 10×,24102,24102,200,200,5,0.8604620099067688,0.7543308734893799,0.8073964416980743,0.5052409172058105
COAD,TCGA-CM-6168-01Z-00-DX1.96af6eb2-9d51-4671-baf8-1a73d0c66869,virchow,Virchow,10x,2p5x,10× ↔ 2.5×,24102,24102,200,200,5,0.6350021958351135,0.6658111214637756,0.6504066586494446,0.44270920753479004
COAD,TCGA-CM-6168-01Z-00-DX1.96af6eb2-9d51-4671-baf8-1a73d0c66869,virchow,Virchow,40x,2p5x,40× ↔ 2.5×,24102,24102,200,200,5,0.6905039548873901,0.6578199863433838,0.674161970615387,0.5477230548858643
COAD,TCGA-CM-6169-01Z-00-DX1.0381c243-02b8-4f1d-840c-19ef44d4b92c,virchow,Virchow,40x,10x,40× ↔ 10×,18522,18522,200,200,5,0.8570167422294617,0.7365739345550537,0.7967953383922577,0.3630352020263672
COAD,TCGA-CM-6169-01Z-00-DX1.0381c243-02b8-4f1d-840c-19ef44d4b92c,virchow,Virchow,10x,2p5x,10× ↔ 2.5×,18522,18522,200,200,5,0.5692506432533264,0.7647062540054321,0.6669784486293793,0.21691608428955078
COAD,TCGA-CM-6169-01Z-00-DX1.0381c243-02b8-4f1d-840c-19ef44d4b92c,virchow,Virchow,40x,2p5x,40× ↔ 2.5×,18522,18522,200,200,5,0.6379072070121765,0.622751772403717,0.6303294897079468,0.11829757690429688
COAD,TCGA-G4-6309-01Z-00-DX1.3eb20fdc-eb86-4bd5-8194-76b02d4fa472,virchow,Virchow,40x,10x,40× ↔ 10×,17070,17070,200,200,5,0.8149864673614502,0.6862417459487915,0.7506141066551208,0.4388010501861572
COAD,TCGA-G4-6309-01Z-00-DX1.3eb20fdc-eb86-4bd5-8194-76b02d4fa472,virchow,Virchow,10x,2p5x,10× ↔ 2.5×,17070,17070,200,200,5,0.5716193318367004,0.5664090514183044,0.5690141916275024,0.3408513069152832
COAD,TCGA-G4-6309-01Z-00-DX1.3eb20fdc-eb86-4bd5-8194-76b02d4fa472,virchow,Virchow,40x,2p5x,40× ↔ 2.5×,17070,17070,200,200,5,0.638561487197876,0.5519945621490479,0.5952780246734619,0.3111276626586914
COAD,TCGA-G4-6310-01Z-00-DX1.b88472d4-3adc-4e4d-b0f2-0dc195a3d7df,virchow,Virchow,40x,10x,40× ↔ 10×,16917,16917,200,200,5,0.7994034886360168,0.6689216494560242,0.7341625690460205,0.36931347846984863
COAD,TCGA-G4-6310-01Z-00-DX1.b88472d4-3adc-4e4d-b0f2-0dc195a3d7df,virchow,Virchow,10x,2p5x,10× ↔ 2.5×,16917,16917,200,200,5,0.5813928842544556,0.5668917894363403,0.574142336845398,0.37450432777404785
COAD,TCGA-G4-6310-01Z-00-DX1.b88472d4-3adc-4e4d-b0f2-0dc195a3d7df,virchow,Virchow,40x,2p5x,40× ↔ 2.5×,16917,16917,200,200,5,0.6116527318954468,0.49297022819519043,0.5523114800453186,0.1900174617767334
COAD,TCGA-G4-6588-01Z-00-DX1.0747172e-f630-4b7c-9341-55078585ae00,virchow,Virchow,40x,10x,40× ↔ 10×,20553,20553,200,200,5,0.8121134638786316,0.6760339140892029,0.7440736889839172,0.5093502998352051
COAD,TCGA-G4-6588-01Z-00-DX1.0747172e-f630-4b7c-9341-55078585ae00,virchow,Virchow,10x,2p5x,10× ↔ 2.5×,20553,20553,200,200,5,0.5849892497062683,0.6129571199417114,0.5989731848239899,0.43340110778808594
COAD,TCGA-G4-6588-01Z-00-DX1.0747172e-f630-4b7c-9341-55078585ae00,virchow,Virchow,40x,2p5x,40× ↔ 2.5×,20553,20553,200,200,5,0.59814453125,0.5755988359451294,0.5868716835975647,0.1162259578704834
COAD,TCGA-AY-A8YK-01Z-00-DX1.89E3C546-0425-449B-A6FB-1C35168EA7EB,virchow2,Virchow2,40x,10x,40× ↔ 10×,8285,8285,200,200,5,0.6936009526252747,0.7256525754928589,0.7096267640590668,0.2743649482727051
COAD,TCGA-AY-A8YK-01Z-00-DX1.89E3C546-0425-449B-A6FB-1C35168EA7EB,virchow2,Virchow2,10x,2p5x,10× ↔ 2.5×,8285,8285,200,200,5,0.7693201899528503,0.7643349766731262,0.7668275833129883,0.16721057891845703
COAD,TCGA-AY-A8YK-01Z-00-DX1.89E3C546-0425-449B-A6FB-1C35168EA7EB,virchow2,Virchow2,40x,2p5x,40× ↔ 2.5×,8285,8285,200,200,5,0.5533151626586914,0.5609021186828613,0.5571086406707764,0.049666643142700195
COAD,TCGA-CK-4947-01Z-00-DX1.b257d5fd-b97b-4987-b088-77f044ca7fe2,virchow2,Virchow2,40x,10x,40× ↔ 10×,23336,23336,200,200,5,0.6950753331184387,0.7500761151313782,0.7225757241249084,1.1053812503814697
COAD,TCGA-CK-4947-01Z-00-DX1.b257d5fd-b97b-4987-b088-77f044ca7fe2,virchow2,Virchow2,10x,2p5x,10× ↔ 2.5×,23336,23336,200,200,5,0.6967976689338684,0.6952649354934692,0.6960313022136688,0.9454505443572998
COAD,TCGA-CK-4947-01Z-00-DX1.b257d5fd-b97b-4987-b088-77f044ca7fe2,virchow2,Virchow2,40x,2p5x,40× ↔ 2.5×,23336,23336,200,200,5,0.4824504852294922,0.540061891078949,0.5112561881542206,0.37656378746032715
COAD,TCGA-CM-6168-01Z-00-DX1.96af6eb2-9d51-4671-baf8-1a73d0c66869,virchow2,Virchow2,40x,10x,40× ↔ 10×,24102,24102,200,200,5,0.6938357949256897,0.7299787998199463,0.711907297372818,0.877882719039917
COAD,TCGA-CM-6168-01Z-00-DX1.96af6eb2-9d51-4671-baf8-1a73d0c66869,virchow2,Virchow2,10x,2p5x,10× ↔ 2.5×,24102,24102,200,200,5,0.66398024559021,0.7069016695022583,0.6854409575462341,0.6347520351409912
COAD,TCGA-CM-6168-01Z-00-DX1.96af6eb2-9d51-4671-baf8-1a73d0c66869,virchow2,Virchow2,40x,2p5x,40× ↔ 2.5×,24102,24102,200,200,5,0.5105747580528259,0.5653529763221741,0.5379638671875,0.30005621910095215
COAD,TCGA-CM-6169-01Z-00-DX1.0381c243-02b8-4f1d-840c-19ef44d4b92c,virchow2,Virchow2,40x,10x,40× ↔ 10×,18522,18522,200,200,5,0.7190102338790894,0.7484707236289978,0.7337404787540436,0.6047003269195557
COAD,TCGA-CM-6169-01Z-00-DX1.0381c243-02b8-4f1d-840c-19ef44d4b92c,virchow2,Virchow2,10x,2p5x,10× ↔ 2.5×,18522,18522,200,200,5,0.6922086477279663,0.6961117386817932,0.6941601932048798,0.4564530849456787
COAD,TCGA-CM-6169-01Z-00-DX1.0381c243-02b8-4f1d-840c-19ef44d4b92c,virchow2,Virchow2,40x,2p5x,40× ↔ 2.5×,18522,18522,200,200,5,0.5367560386657715,0.5574030876159668,0.5470795631408691,0.30766868591308594
COAD,TCGA-G4-6309-01Z-00-DX1.3eb20fdc-eb86-4bd5-8194-76b02d4fa472,virchow2,Virchow2,40x,10x,40× ↔ 10×,17070,17070,200,200,5,0.7054422497749329,0.7492648363113403,0.7273535430431366,0.5658953189849854
COAD,TCGA-G4-6309-01Z-00-DX1.3eb20fdc-eb86-4bd5-8194-76b02d4fa472,virchow2,Virchow2,10x,2p5x,10× ↔ 2.5×,17070,17070,200,200,5,0.6805542707443237,0.6722985506057739,0.6764264106750488,0.316117525100708
COAD,TCGA-G4-6309-01Z-00-DX1.3eb20fdc-eb86-4bd5-8194-76b02d4fa472,virchow2,Virchow2,40x,2p5x,40× ↔ 2.5×,17070,17070,200,200,5,0.5210383534431458,0.5353017449378967,0.5281700491905212,0.10700488090515137
COAD,TCGA-G4-6310-01Z-00-DX1.b88472d4-3adc-4e4d-b0f2-0dc195a3d7df,virchow2,Virchow2,40x,10x,40× ↔ 10×,16917,16917,200,200,5,0.6840104460716248,0.7139958739280701,0.6990031599998474,0.6319873332977295
COAD,TCGA-G4-6310-01Z-00-DX1.b88472d4-3adc-4e4d-b0f2-0dc195a3d7df,virchow2,Virchow2,10x,2p5x,10× ↔ 2.5×,16917,16917,200,200,5,0.644537091255188,0.6428210139274597,0.6436790525913239,0.5312967300415039
COAD,TCGA-G4-6310-01Z-00-DX1.b88472d4-3adc-4e4d-b0f2-0dc195a3d7df,virchow2,Virchow2,40x,2p5x,40× ↔ 2.5×,16917,16917,200,200,5,0.4798167943954468,0.4784729778766632,0.479144886136055,0.24123334884643555
COAD,TCGA-G4-6588-01Z-00-DX1.0747172e-f630-4b7c-9341-55078585ae00,virchow2,Virchow2,40x,10x,40× ↔ 10×,20553,20553,200,200,5,0.7135543823242188,0.7876526713371277,0.7506035268306732,0.7802093029022217
COAD,TCGA-G4-6588-01Z-00-DX1.0747172e-f630-4b7c-9341-55078585ae00,virchow2,Virchow2,10x,2p5x,10× ↔ 2.5×,20553,20553,200,200,5,0.7203762531280518,0.6925382614135742,0.706457257270813,0.41637516021728516
COAD,TCGA-G4-6588-01Z-00-DX1.0747172e-f630-4b7c-9341-55078585ae00,virchow2,Virchow2,40x,2p5x,40× ↔ 2.5×,20553,20553,200,200,5,0.5430011749267578,0.5716537833213806,0.5573274791240692,0.14497089385986328
COAD,TCGA-AY-A8YK-01Z-00-DX1.89E3C546-0425-449B-A6FB-1C35168EA7EB,uni2,UNI2,40x,10x,40× ↔ 10×,8285,8285,200,200,5,0.3535378575325012,0.39877256751060486,0.37615521252155304,0.17259669303894043
COAD,TCGA-AY-A8YK-01Z-00-DX1.89E3C546-0425-449B-A6FB-1C35168EA7EB,uni2,UNI2,10x,2p5x,10× ↔ 2.5×,8285,8285,200,200,5,0.5408916473388672,0.5621403455734253,0.5515159964561462,0.09876465797424316
COAD,TCGA-AY-A8YK-01Z-00-DX1.89E3C546-0425-449B-A6FB-1C35168EA7EB,uni2,UNI2,40x,2p5x,40× ↔ 2.5×,8285,8285,200,200,5,0.16741999983787537,0.22721417248249054,0.19731708616018295,0.029143095016479492
COAD,TCGA-CK-4947-01Z-00-DX1.b257d5fd-b97b-4987-b088-77f044ca7fe2,uni2,UNI2,40x,10x,40× ↔ 10×,23336,23336,200,200,5,0.37466365098953247,0.40383046865463257,0.3892470598220825,0.5539519786834717
COAD,TCGA-CK-4947-01Z-00-DX1.b257d5fd-b97b-4987-b088-77f044ca7fe2,uni2,UNI2,10x,2p5x,10× ↔ 2.5×,23336,23336,200,200,5,0.4981376826763153,0.5327762961387634,0.5154569894075394,0.3623499870300293
COAD,TCGA-CK-4947-01Z-00-DX1.b257d5fd-b97b-4987-b088-77f044ca7fe2,uni2,UNI2,40x,2p5x,40× ↔ 2.5×,23336,23336,200,200,5,0.16878940165042877,0.21117393672466278,0.18998166918754578,0.17526721954345703
COAD,TCGA-CM-6168-01Z-00-DX1.96af6eb2-9d51-4671-baf8-1a73d0c66869,uni2,UNI2,40x,10x,40× ↔ 10×,24102,24102,200,200,5,0.4073362648487091,0.43977853655815125,0.4235574007034302,0.535630464553833
COAD,TCGA-CM-6168-01Z-00-DX1.96af6eb2-9d51-4671-baf8-1a73d0c66869,uni2,UNI2,10x,2p5x,10× ↔ 2.5×,24102,24102,200,200,5,0.5102948546409607,0.529469907283783,0.5198823809623718,0.3926866054534912
COAD,TCGA-CM-6168-01Z-00-DX1.96af6eb2-9d51-4671-baf8-1a73d0c66869,uni2,UNI2,40x,2p5x,40× ↔ 2.5×,24102,24102,200,200,5,0.2179533690214157,0.23642192780971527,0.2271876484155655,0.18308687210083008
COAD,TCGA-CM-6169-01Z-00-DX1.0381c243-02b8-4f1d-840c-19ef44d4b92c,uni2,UNI2,40x,10x,40× ↔ 10×,18522,18522,200,200,5,0.37490829825401306,0.40031173825263977,0.3876100182533264,0.3058128356933594
COAD,TCGA-CM-6169-01Z-00-DX1.0381c243-02b8-4f1d-840c-19ef44d4b92c,uni2,UNI2,10x,2p5x,10× ↔ 2.5×,18522,18522,200,200,5,0.49455103278160095,0.5248385667800903,0.5096947997808456,0.17567873001098633
COAD,TCGA-CM-6169-01Z-00-DX1.0381c243-02b8-4f1d-840c-19ef44d4b92c,uni2,UNI2,40x,2p5x,40× ↔ 2.5×,18522,18522,200,200,5,0.17670013010501862,0.21745137870311737,0.197075754404068,0.06289219856262207
COAD,TCGA-G4-6309-01Z-00-DX1.3eb20fdc-eb86-4bd5-8194-76b02d4fa472,uni2,UNI2,40x,10x,40× ↔ 10×,17070,17070,200,200,5,0.4021304249763489,0.4358496069908142,0.41899001598358154,0.3722503185272217
COAD,TCGA-G4-6309-01Z-00-DX1.3eb20fdc-eb86-4bd5-8194-76b02d4fa472,uni2,UNI2,10x,2p5x,10× ↔ 2.5×,17070,17070,200,200,5,0.49224570393562317,0.5098342299461365,0.5010399669408798,0.19402170181274414
COAD,TCGA-G4-6309-01Z-00-DX1.3eb20fdc-eb86-4bd5-8194-76b02d4fa472,uni2,UNI2,40x,2p5x,40× ↔ 2.5×,17070,17070,200,200,5,0.1899634450674057,0.22936804592609406,0.20966574549674988,0.13055944442749023
COAD,TCGA-G4-6310-01Z-00-DX1.b88472d4-3adc-4e4d-b0f2-0dc195a3d7df,uni2,UNI2,40x,10x,40× ↔ 10×,16917,16917,200,200,5,0.3901583254337311,0.42089203000068665,0.40552517771720886,0.2815248966217041
COAD,TCGA-G4-6310-01Z-00-DX1.b88472d4-3adc-4e4d-b0f2-0dc195a3d7df,uni2,UNI2,10x,2p5x,10× ↔ 2.5×,16917,16917,200,200,5,0.5012302398681641,0.5234522223472595,0.5123412311077118,0.1718130111694336
COAD,TCGA-G4-6310-01Z-00-DX1.b88472d4-3adc-4e4d-b0f2-0dc195a3d7df,uni2,UNI2,40x,2p5x,40× ↔ 2.5×,16917,16917,200,200,5,0.1735878586769104,0.21587157249450684,0.19472971558570862,0.06681966781616211
COAD,TCGA-G4-6588-01Z-00-DX1.0747172e-f630-4b7c-9341-55078585ae00,uni2,UNI2,40x,10x,40× ↔ 10×,20553,20553,200,200,5,0.3971234858036041,0.42721107602119446,0.4121672809123993,0.536163330078125
COAD,TCGA-G4-6588-01Z-00-DX1.0747172e-f630-4b7c-9341-55078585ae00,uni2,UNI2,10x,2p5x,10× ↔ 2.5×,20553,20553,200,200,5,0.4915708005428314,0.5143576860427856,0.5029642432928085,0.3503715991973877
COAD,TCGA-G4-6588-01Z-00-DX1.0747172e-f630-4b7c-9341-55078585ae00,uni2,UNI2,40x,2p5x,40× ↔ 2.5×,20553,20553,200,200,5,0.20115627348423004,0.21805118024349213,0.20960372686386108,0.1921548843383789
COAD,TCGA-AY-A8YK-01Z-00-DX1.89E3C546-0425-449B-A6FB-1C35168EA7EB,midnight,Midnight,40x,10x,40× ↔ 10×,8285,8285,200,200,5,0.29671257734298706,0.2800025939941406,0.28835758566856384,0.3325979709625244
COAD,TCGA-AY-A8YK-01Z-00-DX1.89E3C546-0425-449B-A6FB-1C35168EA7EB,midnight,Midnight,10x,2p5x,10× ↔ 2.5×,8285,8285,200,200,5,0.3617568910121918,0.3963701128959656,0.3790635019540787,0.19553184509277344
COAD,TCGA-AY-A8YK-01Z-00-DX1.89E3C546-0425-449B-A6FB-1C35168EA7EB,midnight,Midnight,40x,2p5x,40× ↔ 2.5×,8285,8285,200,200,5,0.2679823338985443,0.25676801800727844,0.2623751759529114,0.0559086799621582
COAD,TCGA-CK-4947-01Z-00-DX1.b257d5fd-b97b-4987-b088-77f044ca7fe2,midnight,Midnight,40x,10x,40× ↔ 10×,23336,23336,200,200,5,0.3763502836227417,0.3752914369106293,0.3758208602666855,1.3320753574371338
COAD,TCGA-CK-4947-01Z-00-DX1.b257d5fd-b97b-4987-b088-77f044ca7fe2,midnight,Midnight,10x,2p5x,10× ↔ 2.5×,23336,23336,200,200,5,0.4675000011920929,0.49288901686668396,0.4801945090293884,0.7952277660369873
COAD,TCGA-CK-4947-01Z-00-DX1.b257d5fd-b97b-4987-b088-77f044ca7fe2,midnight,Midnight,40x,2p5x,40× ↔ 2.5×,23336,23336,200,200,5,0.2774501144886017,0.29731693863868713,0.2873835265636444,0.17940950393676758
COAD,TCGA-CM-6168-01Z-00-DX1.96af6eb2-9d51-4671-baf8-1a73d0c66869,midnight,Midnight,40x,10x,40× ↔ 10×,24102,24102,200,200,5,0.34229543805122375,0.3394355773925781,0.34086550772190094,1.1714684963226318
COAD,TCGA-CM-6168-01Z-00-DX1.96af6eb2-9d51-4671-baf8-1a73d0c66869,midnight,Midnight,10x,2p5x,10× ↔ 2.5×,24102,24102,200,200,5,0.44958755373954773,0.46809476613998413,0.45884115993976593,0.6694533824920654
COAD,TCGA-CM-6168-01Z-00-DX1.96af6eb2-9d51-4671-baf8-1a73d0c66869,midnight,Midnight,40x,2p5x,40× ↔ 2.5×,24102,24102,200,200,5,0.2666650712490082,0.27761146426200867,0.2721382677555084,0.28616905212402344
COAD,TCGA-CM-6169-01Z-00-DX1.0381c243-02b8-4f1d-840c-19ef44d4b92c,midnight,Midnight,40x,10x,40× ↔ 10×,18522,18522,200,200,5,0.3497777581214905,0.33699387311935425,0.34338581562042236,0.7751245498657227
COAD,TCGA-CM-6169-01Z-00-DX1.0381c243-02b8-4f1d-840c-19ef44d4b92c,midnight,Midnight,10x,2p5x,10× ↔ 2.5×,18522,18522,200,200,5,0.46503615379333496,0.47152891755104065,0.4682825356721878,0.6115758419036865
COAD,TCGA-CM-6169-01Z-00-DX1.0381c243-02b8-4f1d-840c-19ef44d4b92c,midnight,Midnight,40x,2p5x,40× ↔ 2.5×,18522,18522,200,200,5,0.27362680435180664,0.285845011472702,0.27973590791225433,0.3301124572753906
COAD,TCGA-G4-6309-01Z-00-DX1.3eb20fdc-eb86-4bd5-8194-76b02d4fa472,midnight,Midnight,40x,10x,40× ↔ 10×,17070,17070,200,200,5,0.34173262119293213,0.3307322859764099,0.336232453584671,0.714479923248291
COAD,TCGA-G4-6309-01Z-00-DX1.3eb20fdc-eb86-4bd5-8194-76b02d4fa472,midnight,Midnight,10x,2p5x,10× ↔ 2.5×,17070,17070,200,200,5,0.43435341119766235,0.4794028103351593,0.4568781107664108,0.52286696434021
COAD,TCGA-G4-6309-01Z-00-DX1.3eb20fdc-eb86-4bd5-8194-76b02d4fa472,midnight,Midnight,40x,2p5x,40× ↔ 2.5×,17070,17070,200,200,5,0.26613476872444153,0.2790224254131317,0.2725785970687866,0.1384117603302002
COAD,TCGA-G4-6310-01Z-00-DX1.b88472d4-3adc-4e4d-b0f2-0dc195a3d7df,midnight,Midnight,40x,10x,40× ↔ 10×,16917,16917,200,200,5,0.33955612778663635,0.31082773208618164,0.325191929936409,0.5932877063751221
COAD,TCGA-G4-6310-01Z-00-DX1.b88472d4-3adc-4e4d-b0f2-0dc195a3d7df,midnight,Midnight,10x,2p5x,10× ↔ 2.5×,16917,16917,200,200,5,0.406604528427124,0.4763033986091614,0.4414539635181427,0.34807801246643066
COAD,TCGA-G4-6310-01Z-00-DX1.b88472d4-3adc-4e4d-b0f2-0dc195a3d7df,midnight,Midnight,40x,2p5x,40× ↔ 2.5×,16917,16917,200,200,5,0.24763770401477814,0.2770844101905823,0.2623610571026802,0.1145482063293457
COAD,TCGA-G4-6588-01Z-00-DX1.0747172e-f630-4b7c-9341-55078585ae00,midnight,Midnight,40x,10x,40× ↔ 10×,20553,20553,200,200,5,0.3103937804698944,0.2912982106208801,0.30084599554538727,0.7308919429779053
COAD,TCGA-G4-6588-01Z-00-DX1.0747172e-f630-4b7c-9341-55078585ae00,midnight,Midnight,10x,2p5x,10× ↔ 2.5×,20553,20553,200,200,5,0.4353916347026825,0.43921858072280884,0.43730510771274567,0.44669151306152344
COAD,TCGA-G4-6588-01Z-00-DX1.0747172e-f630-4b7c-9341-55078585ae00,midnight,Midnight,40x,2p5x,40× ↔ 2.5×,20553,20553,200,200,5,0.265371710062027,0.2664954960346222,0.2659336030483246,0.1331315040588379
COAD,TCGA-AY-A8YK-01Z-00-DX1.89E3C546-0425-449B-A6FB-1C35168EA7EB,gigapath,GigaPath,40x,10x,40× ↔ 10×,8285,8285,200,200,5,0.35012128949165344,0.39879000186920166,0.37445564568042755,0.16727638244628906
COAD,TCGA-AY-A8YK-01Z-00-DX1.89E3C546-0425-449B-A6FB-1C35168EA7EB,gigapath,GigaPath,10x,2p5x,10× ↔ 2.5×,8285,8285,200,200,5,0.2611643671989441,0.5033454298973083,0.3822548985481262,0.08902192115783691
COAD,TCGA-AY-A8YK-01Z-00-DX1.89E3C546-0425-449B-A6FB-1C35168EA7EB,gigapath,GigaPath,40x,2p5x,40× ↔ 2.5×,8285,8285,200,200,5,0.17620734870433807,0.23811514675617218,0.20716124773025513,0.030844926834106445
COAD,TCGA-CK-4947-01Z-00-DX1.b257d5fd-b97b-4987-b088-77f044ca7fe2,gigapath,GigaPath,40x,10x,40× ↔ 10×,23336,23336,200,200,5,0.38576239347457886,0.37458929419517517,0.380175843834877,0.46555376052856445
COAD,TCGA-CK-4947-01Z-00-DX1.b257d5fd-b97b-4987-b088-77f044ca7fe2,gigapath,GigaPath,10x,2p5x,10× ↔ 2.5×,23336,23336,200,200,5,0.36903896927833557,0.610124409198761,0.4895816892385483,0.33224987983703613
COAD,TCGA-CK-4947-01Z-00-DX1.b257d5fd-b97b-4987-b088-77f044ca7fe2,gigapath,GigaPath,40x,2p5x,40× ↔ 2.5×,23336,23336,200,200,5,0.20117145776748657,0.24345088005065918,0.22231116890907288,0.20484304428100586
COAD,TCGA-CM-6168-01Z-00-DX1.96af6eb2-9d51-4671-baf8-1a73d0c66869,gigapath,GigaPath,40x,10x,40× ↔ 10×,24102,24102,200,200,5,0.4099327027797699,0.4246330261230469,0.4172828644514084,0.6554365158081055
COAD,TCGA-CM-6168-01Z-00-DX1.96af6eb2-9d51-4671-baf8-1a73d0c66869,gigapath,GigaPath,10x,2p5x,10× ↔ 2.5×,24102,24102,200,200,5,0.34601128101348877,0.6360182762145996,0.4910147786140442,0.437044620513916
COAD,TCGA-CM-6168-01Z-00-DX1.96af6eb2-9d51-4671-baf8-1a73d0c66869,gigapath,GigaPath,40x,2p5x,40× ↔ 2.5×,24102,24102,200,200,5,0.22979260981082916,0.42604050040245056,0.32791655510663986,0.37065887451171875
COAD,TCGA-CM-6169-01Z-00-DX1.0381c243-02b8-4f1d-840c-19ef44d4b92c,gigapath,GigaPath,40x,10x,40× ↔ 10×,18522,18522,200,200,5,0.3727945387363434,0.3743807077407837,0.37358762323856354,0.4133751392364502
COAD,TCGA-CM-6169-01Z-00-DX1.0381c243-02b8-4f1d-840c-19ef44d4b92c,gigapath,GigaPath,10x,2p5x,10× ↔ 2.5×,18522,18522,200,200,5,0.33446261286735535,0.6854408383369446,0.50995172560215,0.22207117080688477
COAD,TCGA-CM-6169-01Z-00-DX1.0381c243-02b8-4f1d-840c-19ef44d4b92c,gigapath,GigaPath,40x,2p5x,40× ↔ 2.5×,18522,18522,200,200,5,0.21324990689754486,0.3060108423233032,0.25963037461042404,0.06344389915466309
COAD,TCGA-G4-6309-01Z-00-DX1.3eb20fdc-eb86-4bd5-8194-76b02d4fa472,gigapath,GigaPath,40x,10x,40× ↔ 10×,17070,17070,200,200,5,0.2979673743247986,0.3106793463230133,0.30432336032390594,0.4076955318450928
COAD,TCGA-G4-6309-01Z-00-DX1.3eb20fdc-eb86-4bd5-8194-76b02d4fa472,gigapath,GigaPath,10x,2p5x,10× ↔ 2.5×,17070,17070,200,200,5,0.511451780796051,0.5987727046012878,0.5551122426986694,0.20789003372192383
COAD,TCGA-G4-6309-01Z-00-DX1.3eb20fdc-eb86-4bd5-8194-76b02d4fa472,gigapath,GigaPath,40x,2p5x,40× ↔ 2.5×,17070,17070,200,200,5,0.18577013909816742,0.3358655571937561,0.26081784814596176,0.12561964988708496
COAD,TCGA-G4-6310-01Z-00-DX1.b88472d4-3adc-4e4d-b0f2-0dc195a3d7df,gigapath,GigaPath,40x,10x,40× ↔ 10×,16917,16917,200,200,5,0.36360085010528564,0.37199050188064575,0.3677956759929657,0.28066301345825195
COAD,TCGA-G4-6310-01Z-00-DX1.b88472d4-3adc-4e4d-b0f2-0dc195a3d7df,gigapath,GigaPath,10x,2p5x,10× ↔ 2.5×,16917,16917,200,200,5,0.3485880494117737,0.6574962735176086,0.5030421614646912,0.20828747749328613
COAD,TCGA-G4-6310-01Z-00-DX1.b88472d4-3adc-4e4d-b0f2-0dc195a3d7df,gigapath,GigaPath,40x,2p5x,40× ↔ 2.5×,16917,16917,200,200,5,0.17956292629241943,0.2523992955684662,0.2159811109304428,0.16057181358337402
COAD,TCGA-G4-6588-01Z-00-DX1.0747172e-f630-4b7c-9341-55078585ae00,gigapath,GigaPath,40x,10x,40× ↔ 10×,20553,20553,200,200,5,0.3041834533214569,0.33553847670555115,0.31986096501350403,0.4301633834838867
COAD,TCGA-G4-6588-01Z-00-DX1.0747172e-f630-4b7c-9341-55078585ae00,gigapath,GigaPath,10x,2p5x,10× ↔ 2.5×,20553,20553,200,200,5,0.4688805639743805,0.6532629132270813,0.5610717386007309,0.3529496192932129
COAD,TCGA-G4-6588-01Z-00-DX1.0747172e-f630-4b7c-9341-55078585ae00,gigapath,GigaPath,40x,2p5x,40× ↔ 2.5×,20553,20553,200,200,5,0.15330468118190765,0.3330932557582855,0.2431989684700966,0.33036065101623535
COAD,TCGA-AY-A8YK-01Z-00-DX1.89E3C546-0425-449B-A6FB-1C35168EA7EB,gigapath_flash,GigaPath-Flash,40x,10x,40× ↔ 10×,8285,8285,200,200,5,0.5353018045425415,0.570088803768158,0.5526953041553497,0.04298710823059082
COAD,TCGA-AY-A8YK-01Z-00-DX1.89E3C546-0425-449B-A6FB-1C35168EA7EB,gigapath_flash,GigaPath-Flash,10x,2p5x,10× ↔ 2.5×,8285,8285,200,200,5,0.4882262349128723,0.5734221339225769,0.5308241844177246,0.0226593017578125
COAD,TCGA-AY-A8YK-01Z-00-DX1.89E3C546-0425-449B-A6FB-1C35168EA7EB,gigapath_flash,GigaPath-Flash,40x,2p5x,40× ↔ 2.5×,8285,8285,200,200,5,0.3824281096458435,0.4609902799129486,0.42170919477939606,0.006750822067260742
COAD,TCGA-CK-4947-01Z-00-DX1.b257d5fd-b97b-4987-b088-77f044ca7fe2,gigapath_flash,GigaPath-Flash,40x,10x,40× ↔ 10×,23336,23336,200,200,5,0.602388858795166,0.6116566061973572,0.6070227324962616,0.12122845649719238
COAD,TCGA-CK-4947-01Z-00-DX1.b257d5fd-b97b-4987-b088-77f044ca7fe2,gigapath_flash,GigaPath-Flash,10x,2p5x,10× ↔ 2.5×,23336,23336,200,200,5,0.5036213397979736,0.6263460516929626,0.5649836957454681,0.07112789154052734
COAD,TCGA-CK-4947-01Z-00-DX1.b257d5fd-b97b-4987-b088-77f044ca7fe2,gigapath_flash,GigaPath-Flash,40x,2p5x,40× ↔ 2.5×,23336,23336,200,200,5,0.4589998126029968,0.5190443396568298,0.48902207612991333,0.022098541259765625
COAD,TCGA-CM-6168-01Z-00-DX1.96af6eb2-9d51-4671-baf8-1a73d0c66869,gigapath_flash,GigaPath-Flash,40x,10x,40× ↔ 10×,24102,24102,200,200,5,0.624571681022644,0.6446928381919861,0.6346322596073151,0.1246342658996582
COAD,TCGA-CM-6168-01Z-00-DX1.96af6eb2-9d51-4671-baf8-1a73d0c66869,gigapath_flash,GigaPath-Flash,10x,2p5x,10× ↔ 2.5×,24102,24102,200,200,5,0.5256280303001404,0.6502218246459961,0.5879249274730682,0.07225513458251953
COAD,TCGA-CM-6168-01Z-00-DX1.96af6eb2-9d51-4671-baf8-1a73d0c66869,gigapath_flash,GigaPath-Flash,40x,2p5x,40× ↔ 2.5×,24102,24102,200,200,5,0.4858942925930023,0.5704799890518188,0.5281871408224106,0.02280402183532715
COAD,TCGA-CM-6169-01Z-00-DX1.0381c243-02b8-4f1d-840c-19ef44d4b92c,gigapath_flash,GigaPath-Flash,40x,10x,40× ↔ 10×,18522,18522,200,200,5,0.5992766618728638,0.6201409697532654,0.6097088158130646,0.10175752639770508
COAD,TCGA-CM-6169-01Z-00-DX1.0381c243-02b8-4f1d-840c-19ef44d4b92c,gigapath_flash,GigaPath-Flash,10x,2p5x,10× ↔ 2.5×,18522,18522,200,200,5,0.5745534300804138,0.7497212886810303,0.662137359380722,0.06231546401977539
COAD,TCGA-CM-6169-01Z-00-DX1.0381c243-02b8-4f1d-840c-19ef44d4b92c,gigapath_flash,GigaPath-Flash,40x,2p5x,40× ↔ 2.5×,18522,18522,200,200,5,0.4735473394393921,0.5450169444084167,0.5092821419239044,0.013156652450561523
COAD,TCGA-G4-6309-01Z-00-DX1.3eb20fdc-eb86-4bd5-8194-76b02d4fa472,gigapath_flash,GigaPath-Flash,40x,10x,40× ↔ 10×,17070,17070,200,200,5,0.5268964767456055,0.5670384764671326,0.546967476606369,0.10550498962402344
COAD,TCGA-G4-6309-01Z-00-DX1.3eb20fdc-eb86-4bd5-8194-76b02d4fa472,gigapath_flash,GigaPath-Flash,10x,2p5x,10× ↔ 2.5×,17070,17070,200,200,5,0.5614069104194641,0.5649494528770447,0.5631781816482544,0.05655860900878906
COAD,TCGA-G4-6309-01Z-00-DX1.3eb20fdc-eb86-4bd5-8194-76b02d4fa472,gigapath_flash,GigaPath-Flash,40x,2p5x,40× ↔ 2.5×,17070,17070,200,200,5,0.3917728364467621,0.5402435064315796,0.46600817143917084,0.012638092041015625
COAD,TCGA-G4-6310-01Z-00-DX1.b88472d4-3adc-4e4d-b0f2-0dc195a3d7df,gigapath_flash,GigaPath-Flash,40x,10x,40× ↔ 10×,16917,16917,200,200,5,0.5632442831993103,0.6017647981643677,0.582504540681839,0.0848240852355957
COAD,TCGA-G4-6310-01Z-00-DX1.b88472d4-3adc-4e4d-b0f2-0dc195a3d7df,gigapath_flash,GigaPath-Flash,10x,2p5x,10× ↔ 2.5×,16917,16917,200,200,5,0.4605140686035156,0.6415127515792847,0.5510134100914001,0.0481114387512207
COAD,TCGA-G4-6310-01Z-00-DX1.b88472d4-3adc-4e4d-b0f2-0dc195a3d7df,gigapath_flash,GigaPath-Flash,40x,2p5x,40× ↔ 2.5×,16917,16917,200,200,5,0.36700621247291565,0.47484278678894043,0.42092449963092804,0.012244939804077148
COAD,TCGA-G4-6588-01Z-00-DX1.0747172e-f630-4b7c-9341-55078585ae00,gigapath_flash,GigaPath-Flash,40x,10x,40× ↔ 10×,20553,20553,200,200,5,0.5065836906433105,0.5606078505516052,0.5335957705974579,0.11623549461364746
COAD,TCGA-G4-6588-01Z-00-DX1.0747172e-f630-4b7c-9341-55078585ae00,gigapath_flash,GigaPath-Flash,10x,2p5x,10× ↔ 2.5×,20553,20553,200,200,5,0.5189194083213806,0.6489454507827759,0.5839324295520782,0.05849599838256836
COAD,TCGA-G4-6588-01Z-00-DX1.0747172e-f630-4b7c-9341-55078585ae00,gigapath_flash,GigaPath-Flash,40x,2p5x,40× ↔ 2.5×,20553,20553,200,200,5,0.37396669387817383,0.5650926828384399,0.4695296883583069,0.014374732971191406
HNSC,TCGA-BA-6871-01Z-00-DX1.4d9ca329-f8d5-4c31-a20f-9d4fba728326,phikon,Phikon,40x,10x,40× ↔ 10×,14718,14718,200,200,5,0.4471150040626526,0.4857157766819,0.4664153903722763,0.350799560546875
HNSC,TCGA-BA-6871-01Z-00-DX1.4d9ca329-f8d5-4c31-a20f-9d4fba728326,phikon,Phikon,10x,2p5x,10× ↔ 2.5×,14718,14718,200,200,5,0.4539959132671356,0.5913437008857727,0.5226698070764542,0.15028762817382812
HNSC,TCGA-BA-6871-01Z-00-DX1.4d9ca329-f8d5-4c31-a20f-9d4fba728326,phikon,Phikon,40x,2p5x,40× ↔ 2.5×,14718,14718,200,200,5,0.23346930742263794,0.4251268804073334,0.32929809391498566,0.13442778587341309
HNSC,TCGA-BA-6872-01Z-00-DX1.F99F6394-D319-4599-B124-D2A6692FA096,phikon,Phikon,40x,10x,40× ↔ 10×,7720,7720,200,200,5,0.6574598550796509,0.691822350025177,0.6746411025524139,0.07918763160705566
HNSC,TCGA-BA-6872-01Z-00-DX1.F99F6394-D319-4599-B124-D2A6692FA096,phikon,Phikon,10x,2p5x,10× ↔ 2.5×,7720,7720,200,200,5,0.6616962552070618,0.8229449987411499,0.7423206269741058,0.04492354393005371
HNSC,TCGA-BA-6872-01Z-00-DX1.F99F6394-D319-4599-B124-D2A6692FA096,phikon,Phikon,40x,2p5x,40× ↔ 2.5×,7720,7720,200,200,5,0.4920666515827179,0.5728804469108582,0.532473549246788,0.011245250701904297
HNSC,TCGA-CN-A6V7-01A-01-TS1.F54912D3-1E21-4605-ACFC-142973524AE2,phikon,Phikon,40x,10x,40× ↔ 10×,2536,2536,200,200,5,0.736263632774353,0.6931512355804443,0.7147074341773987,0.020659685134887695
HNSC,TCGA-CN-A6V7-01A-01-TS1.F54912D3-1E21-4605-ACFC-142973524AE2,phikon,Phikon,10x,2p5x,10× ↔ 2.5×,2536,2536,200,200,5,0.4646760821342468,0.6110056042671204,0.5378408432006836,0.012956619262695312
HNSC,TCGA-CN-A6V7-01A-01-TS1.F54912D3-1E21-4605-ACFC-142973524AE2,phikon,Phikon,40x,2p5x,40× ↔ 2.5×,2536,2536,200,200,5,0.23822090029716492,0.4038861095905304,0.32105350494384766,0.004507303237915039
HNSC,TCGA-CV-6935-01Z-00-DX1.9C449CB2-FB6D-41D1-A4A6-3069DC84A697,phikon,Phikon,40x,10x,40× ↔ 10×,12224,12224,200,200,5,0.7203522324562073,0.7377118468284607,0.729032039642334,0.17064571380615234
HNSC,TCGA-CV-6935-01Z-00-DX1.9C449CB2-FB6D-41D1-A4A6-3069DC84A697,phikon,Phikon,10x,2p5x,10× ↔ 2.5×,12224,12224,200,200,5,0.6781788468360901,0.7617400288581848,0.7199594378471375,0.07742810249328613
HNSC,TCGA-CV-6935-01Z-00-DX1.9C449CB2-FB6D-41D1-A4A6-3069DC84A697,phikon,Phikon,40x,2p5x,40× ↔ 2.5×,12224,12224,200,200,5,0.41988852620124817,0.5389317274093628,0.4794101268053055,0.10990691184997559
HNSC,TCGA-CV-A45O-01Z-00-DX1.8CBD0CCC-C815-475D-87F9-76272F4F715B,phikon,Phikon,40x,10x,40× ↔ 10×,14844,14844,200,200,5,0.6170027852058411,0.646379828453064,0.6316913068294525,0.292194128036499
HNSC,TCGA-CV-A45O-01Z-00-DX1.8CBD0CCC-C815-475D-87F9-76272F4F715B,phikon,Phikon,10x,2p5x,10× ↔ 2.5×,14844,14844,200,200,5,0.6468411684036255,0.7453820705413818,0.6961116194725037,0.16745996475219727
HNSC,TCGA-CV-A45O-01Z-00-DX1.8CBD0CCC-C815-475D-87F9-76272F4F715B,phikon,Phikon,40x,2p5x,40× ↔ 2.5×,14844,14844,200,200,5,0.3745904564857483,0.5230891108512878,0.44883978366851807,0.09864497184753418
HNSC,TCGA-CV-A6JE-01Z-00-DX1.20137D17-19B3-49FF-9C3D-60933157E409,phikon,Phikon,40x,10x,40× ↔ 10×,26402,26402,200,200,5,0.7127140164375305,0.7298503518104553,0.7212821841239929,0.3114800453186035
HNSC,TCGA-CV-A6JE-01Z-00-DX1.20137D17-19B3-49FF-9C3D-60933157E409,phikon,Phikon,10x,2p5x,10× ↔ 2.5×,26402,26402,200,200,5,0.6337182521820068,0.7203582525253296,0.6770382523536682,0.18359732627868652
HNSC,TCGA-CV-A6JE-01Z-00-DX1.20137D17-19B3-49FF-9C3D-60933157E409,phikon,Phikon,40x,2p5x,40× ↔ 2.5×,26402,26402,200,200,5,0.4231082797050476,0.524027407169342,0.4735678434371948,0.05576181411743164
HNSC,TCGA-CV-A6JU-01Z-00-DX1.35A3A1F0-9D6C-4794-B501-E56E48C51DF9,phikon,Phikon,40x,10x,40× ↔ 10×,21938,21938,200,200,5,0.6112070083618164,0.6446807980537415,0.6279439032077789,0.2078990936279297
HNSC,TCGA-CV-A6JU-01Z-00-DX1.35A3A1F0-9D6C-4794-B501-E56E48C51DF9,phikon,Phikon,10x,2p5x,10× ↔ 2.5×,21938,21938,200,200,5,0.5408104658126831,0.5765793323516846,0.5586948990821838,0.1286025047302246
HNSC,TCGA-CV-A6JU-01Z-00-DX1.35A3A1F0-9D6C-4794-B501-E56E48C51DF9,phikon,Phikon,40x,2p5x,40× ↔ 2.5×,21938,21938,200,200,5,0.3139413893222809,0.5376001000404358,0.42577074468135834,0.03864741325378418
HNSC,TCGA-UF-A719-01Z-00-DX1.4C4ECC2C-C390-4C5E-A709-CF08C113F1A1,phikon,Phikon,40x,10x,40× ↔ 10×,21546,21546,200,200,5,0.4992609918117523,0.5206630825996399,0.5099620372056961,0.22114944458007812
HNSC,TCGA-UF-A719-01Z-00-DX1.4C4ECC2C-C390-4C5E-A709-CF08C113F1A1,phikon,Phikon,10x,2p5x,10× ↔ 2.5×,21546,21546,200,200,5,0.4385588467121124,0.5717893242835999,0.5051740854978561,0.12901639938354492
HNSC,TCGA-UF-A719-01Z-00-DX1.4C4ECC2C-C390-4C5E-A709-CF08C113F1A1,phikon,Phikon,40x,2p5x,40× ↔ 2.5×,21546,21546,200,200,5,0.15822480618953705,0.3665251135826111,0.26237495988607407,0.17728614807128906
HNSC,TCGA-BA-6871-01Z-00-DX1.4d9ca329-f8d5-4c31-a20f-9d4fba728326,uni,UNI,40x,10x,40× ↔ 10×,14718,14718,200,200,5,0.38992446660995483,0.4204467535018921,0.40518561005592346,0.16219067573547363
HNSC,TCGA-BA-6871-01Z-00-DX1.4d9ca329-f8d5-4c31-a20f-9d4fba728326,uni,UNI,10x,2p5x,10× ↔ 2.5×,14718,14718,200,200,5,0.2907753586769104,0.3788602650165558,0.3348178118467331,0.1240994930267334
HNSC,TCGA-BA-6871-01Z-00-DX1.4d9ca329-f8d5-4c31-a20f-9d4fba728326,uni,UNI,40x,2p5x,40× ↔ 2.5×,14718,14718,200,200,5,0.18727344274520874,0.3460361659526825,0.2666548043489456,0.044234275817871094
HNSC,TCGA-BA-6872-01Z-00-DX1.F99F6394-D319-4599-B124-D2A6692FA096,uni,UNI,40x,10x,40× ↔ 10×,7720,7720,200,200,5,0.46704283356666565,0.49705833196640015,0.4820505827665329,0.12123775482177734
HNSC,TCGA-BA-6872-01Z-00-DX1.F99F6394-D319-4599-B124-D2A6692FA096,uni,UNI,10x,2p5x,10× ↔ 2.5×,7720,7720,200,200,5,0.48195990920066833,0.6646212339401245,0.5732905715703964,0.06901049613952637
HNSC,TCGA-BA-6872-01Z-00-DX1.F99F6394-D319-4599-B124-D2A6692FA096,uni,UNI,40x,2p5x,40× ↔ 2.5×,7720,7720,200,200,5,0.29167440533638,0.4127955436706543,0.35223497450351715,0.01473689079284668
HNSC,TCGA-CN-A6V7-01A-01-TS1.F54912D3-1E21-4605-ACFC-142973524AE2,uni,UNI,40x,10x,40× ↔ 10×,2536,2536,200,200,5,0.46639934182167053,0.5256665945053101,0.4960329681634903,0.03700685501098633
HNSC,TCGA-CN-A6V7-01A-01-TS1.F54912D3-1E21-4605-ACFC-142973524AE2,uni,UNI,10x,2p5x,10× ↔ 2.5×,2536,2536,200,200,5,0.31104186177253723,0.3715256452560425,0.34128375351428986,0.02314591407775879
HNSC,TCGA-CN-A6V7-01A-01-TS1.F54912D3-1E21-4605-ACFC-142973524AE2,uni,UNI,40x,2p5x,40× ↔ 2.5×,2536,2536,200,200,5,0.18604588508605957,0.22381800413131714,0.20493194460868835,0.007536649703979492
HNSC,TCGA-CV-6935-01Z-00-DX1.9C449CB2-FB6D-41D1-A4A6-3069DC84A697,uni,UNI,40x,10x,40× ↔ 10×,12224,12224,200,200,5,0.4967760443687439,0.5348337292671204,0.5158048868179321,0.28763794898986816
HNSC,TCGA-CV-6935-01Z-00-DX1.9C449CB2-FB6D-41D1-A4A6-3069DC84A697,uni,UNI,10x,2p5x,10× ↔ 2.5×,12224,12224,200,200,5,0.47992849349975586,0.6181319952011108,0.5490302443504333,0.22849082946777344
HNSC,TCGA-CV-6935-01Z-00-DX1.9C449CB2-FB6D-41D1-A4A6-3069DC84A697,uni,UNI,40x,2p5x,40× ↔ 2.5×,12224,12224,200,200,5,0.21009711921215057,0.3262133300304413,0.26815522462129593,0.07630443572998047
HNSC,TCGA-CV-A45O-01Z-00-DX1.8CBD0CCC-C815-475D-87F9-76272F4F715B,uni,UNI,40x,10x,40× ↔ 10×,14844,14844,200,200,5,0.48091429471969604,0.4978346824645996,0.4893744885921478,0.2042551040649414
HNSC,TCGA-CV-A45O-01Z-00-DX1.8CBD0CCC-C815-475D-87F9-76272F4F715B,uni,UNI,10x,2p5x,10× ↔ 2.5×,14844,14844,200,200,5,0.42884817719459534,0.5548530220985413,0.4918505996465683,0.1194925308227539
HNSC,TCGA-CV-A45O-01Z-00-DX1.8CBD0CCC-C815-475D-87F9-76272F4F715B,uni,UNI,40x,2p5x,40× ↔ 2.5×,14844,14844,200,200,5,0.2565530836582184,0.38812530040740967,0.322339192032814,0.03580284118652344
HNSC,TCGA-CV-A6JE-01Z-00-DX1.20137D17-19B3-49FF-9C3D-60933157E409,uni,UNI,40x,10x,40× ↔ 10×,26402,26402,200,200,5,0.4722706377506256,0.5029483437538147,0.48760949075222015,0.4275085926055908
HNSC,TCGA-CV-A6JE-01Z-00-DX1.20137D17-19B3-49FF-9C3D-60933157E409,uni,UNI,10x,2p5x,10× ↔ 2.5×,26402,26402,200,200,5,0.4402492344379425,0.5194591879844666,0.47985421121120453,0.22012615203857422
HNSC,TCGA-CV-A6JE-01Z-00-DX1.20137D17-19B3-49FF-9C3D-60933157E409,uni,UNI,40x,2p5x,40× ↔ 2.5×,26402,26402,200,200,5,0.25635749101638794,0.36946526169776917,0.31291137635707855,0.14818453788757324
HNSC,TCGA-CV-A6JU-01Z-00-DX1.35A3A1F0-9D6C-4794-B501-E56E48C51DF9,uni,UNI,40x,10x,40× ↔ 10×,21938,21938,200,200,5,0.3721010088920593,0.42061084508895874,0.39635592699050903,0.3570983409881592
HNSC,TCGA-CV-A6JU-01Z-00-DX1.35A3A1F0-9D6C-4794-B501-E56E48C51DF9,uni,UNI,10x,2p5x,10× ↔ 2.5×,21938,21938,200,200,5,0.25345057249069214,0.3645937144756317,0.3090221434831619,0.16942667961120605
HNSC,TCGA-CV-A6JU-01Z-00-DX1.35A3A1F0-9D6C-4794-B501-E56E48C51DF9,uni,UNI,40x,2p5x,40× ↔ 2.5×,21938,21938,200,200,5,0.14679966866970062,0.3497992753982544,0.2482994720339775,0.1014251708984375
HNSC,TCGA-UF-A719-01Z-00-DX1.4C4ECC2C-C390-4C5E-A709-CF08C113F1A1,uni,UNI,40x,10x,40× ↔ 10×,21546,21546,200,200,5,0.3526897728443146,0.3808605372905731,0.36677515506744385,0.32941389083862305
HNSC,TCGA-UF-A719-01Z-00-DX1.4C4ECC2C-C390-4C5E-A709-CF08C113F1A1,uni,UNI,10x,2p5x,10× ↔ 2.5×,21546,21546,200,200,5,0.2550280690193176,0.3426227867603302,0.2988254278898239,0.18124151229858398
HNSC,TCGA-UF-A719-01Z-00-DX1.4C4ECC2C-C390-4C5E-A709-CF08C113F1A1,uni,UNI,40x,2p5x,40× ↔ 2.5×,21546,21546,200,200,5,0.08159736543893814,0.2866085469722748,0.18410295620560646,0.16591620445251465
HNSC,TCGA-BA-6871-01Z-00-DX1.4d9ca329-f8d5-4c31-a20f-9d4fba728326,virchow,Virchow,40x,10x,40× ↔ 10×,14718,14718,200,200,5,0.8194721937179565,0.6272976398468018,0.7233849167823792,0.47988104820251465
HNSC,TCGA-BA-6871-01Z-00-DX1.4d9ca329-f8d5-4c31-a20f-9d4fba728326,virchow,Virchow,10x,2p5x,10× ↔ 2.5×,14718,14718,200,200,5,0.5446552634239197,0.5671842098236084,0.555919736623764,0.25257158279418945
HNSC,TCGA-BA-6871-01Z-00-DX1.4d9ca329-f8d5-4c31-a20f-9d4fba728326,virchow,Virchow,40x,2p5x,40× ↔ 2.5×,14718,14718,200,200,5,0.2357635796070099,0.4415873885154724,0.33867548406124115,0.08563899993896484
HNSC,TCGA-BA-6872-01Z-00-DX1.F99F6394-D319-4599-B124-D2A6692FA096,virchow,Virchow,40x,10x,40× ↔ 10×,7720,7720,200,200,5,0.7863802313804626,0.7461452484130859,0.7662627398967743,0.1436154842376709
HNSC,TCGA-BA-6872-01Z-00-DX1.F99F6394-D319-4599-B124-D2A6692FA096,virchow,Virchow,10x,2p5x,10× ↔ 2.5×,7720,7720,200,200,5,0.650477409362793,0.7751918435096741,0.7128346264362335,0.15720176696777344
HNSC,TCGA-BA-6872-01Z-00-DX1.F99F6394-D319-4599-B124-D2A6692FA096,virchow,Virchow,40x,2p5x,40× ↔ 2.5×,7720,7720,200,200,5,0.5057319402694702,0.6511146426200867,0.5784232914447784,0.04616975784301758
HNSC,TCGA-CN-A6V7-01A-01-TS1.F54912D3-1E21-4605-ACFC-142973524AE2,virchow,Virchow,40x,10x,40× ↔ 10×,2536,2536,200,200,5,0.4852551817893982,0.4609064757823944,0.4730808287858963,0.04393506050109863
HNSC,TCGA-CN-A6V7-01A-01-TS1.F54912D3-1E21-4605-ACFC-142973524AE2,virchow,Virchow,10x,2p5x,10× ↔ 2.5×,2536,2536,200,200,5,0.2964138686656952,0.6532598733901978,0.47483687102794647,0.028743505477905273
HNSC,TCGA-CN-A6V7-01A-01-TS1.F54912D3-1E21-4605-ACFC-142973524AE2,virchow,Virchow,40x,2p5x,40× ↔ 2.5×,2536,2536,200,200,5,0.19808346033096313,0.3797653913497925,0.2889244258403778,0.011515140533447266
HNSC,TCGA-CV-6935-01Z-00-DX1.9C449CB2-FB6D-41D1-A4A6-3069DC84A697,virchow,Virchow,40x,10x,40× ↔ 10×,12224,12224,200,200,5,0.6459587216377258,0.6332452893257141,0.63960200548172,0.290529727935791
HNSC,TCGA-CV-6935-01Z-00-DX1.9C449CB2-FB6D-41D1-A4A6-3069DC84A697,virchow,Virchow,10x,2p5x,10× ↔ 2.5×,12224,12224,200,200,5,0.5407684445381165,0.77442866563797,0.6575985550880432,0.2572925090789795
HNSC,TCGA-CV-6935-01Z-00-DX1.9C449CB2-FB6D-41D1-A4A6-3069DC84A697,virchow,Virchow,40x,2p5x,40× ↔ 2.5×,12224,12224,200,200,5,0.2751934826374054,0.5150127410888672,0.3951031118631363,0.1305677890777588
HNSC,TCGA-CV-A45O-01Z-00-DX1.8CBD0CCC-C815-475D-87F9-76272F4F715B,virchow,Virchow,40x,10x,40× ↔ 10×,14844,14844,200,200,5,0.6256508231163025,0.612785279750824,0.6192180514335632,0.5437817573547363
HNSC,TCGA-CV-A45O-01Z-00-DX1.8CBD0CCC-C815-475D-87F9-76272F4F715B,virchow,Virchow,10x,2p5x,10× ↔ 2.5×,14844,14844,200,200,5,0.4280721843242645,0.6756181120872498,0.5518451482057571,0.35661911964416504
HNSC,TCGA-CV-A45O-01Z-00-DX1.8CBD0CCC-C815-475D-87F9-76272F4F715B,virchow,Virchow,40x,2p5x,40× ↔ 2.5×,14844,14844,200,200,5,0.27061721682548523,0.44914373755455017,0.3598804771900177,0.16162490844726562
HNSC,TCGA-CV-A6JE-01Z-00-DX1.20137D17-19B3-49FF-9C3D-60933157E409,virchow,Virchow,40x,10x,40× ↔ 10×,26402,26402,200,200,5,0.7679648399353027,0.7377060055732727,0.7528354227542877,1.084108591079712
HNSC,TCGA-CV-A6JE-01Z-00-DX1.20137D17-19B3-49FF-9C3D-60933157E409,virchow,Virchow,10x,2p5x,10× ↔ 2.5×,26402,26402,200,200,5,0.3590637445449829,0.5784937143325806,0.46877872943878174,0.44666266441345215
HNSC,TCGA-CV-A6JE-01Z-00-DX1.20137D17-19B3-49FF-9C3D-60933157E409,virchow,Virchow,40x,2p5x,40× ↔ 2.5×,26402,26402,200,200,5,0.4619915783405304,0.5225169658660889,0.49225427210330963,0.16788959503173828
HNSC,TCGA-CV-A6JU-01Z-00-DX1.35A3A1F0-9D6C-4794-B501-E56E48C51DF9,virchow,Virchow,40x,10x,40× ↔ 10×,21938,21938,200,200,5,0.6649153232574463,0.6194026470184326,0.6421589851379395,0.46041321754455566
HNSC,TCGA-CV-A6JU-01Z-00-DX1.35A3A1F0-9D6C-4794-B501-E56E48C51DF9,virchow,Virchow,10x,2p5x,10× ↔ 2.5×,21938,21938,200,200,5,0.21905779838562012,0.37699583172798157,0.29802681505680084,0.44646668434143066
HNSC,TCGA-CV-A6JU-01Z-00-DX1.35A3A1F0-9D6C-4794-B501-E56E48C51DF9,virchow,Virchow,40x,2p5x,40× ↔ 2.5×,21938,21938,200,200,5,0.19720013439655304,0.37334951758384705,0.28527482599020004,0.1310584545135498
HNSC,TCGA-UF-A719-01Z-00-DX1.4C4ECC2C-C390-4C5E-A709-CF08C113F1A1,virchow,Virchow,40x,10x,40× ↔ 10×,21546,21546,200,200,5,0.5608253479003906,0.5550960302352905,0.5579606890678406,0.40987110137939453
HNSC,TCGA-UF-A719-01Z-00-DX1.4C4ECC2C-C390-4C5E-A709-CF08C113F1A1,virchow,Virchow,10x,2p5x,10× ↔ 2.5×,21546,21546,200,200,5,0.25229451060295105,0.4251210689544678,0.3387077897787094,0.3683664798736572
HNSC,TCGA-UF-A719-01Z-00-DX1.4C4ECC2C-C390-4C5E-A709-CF08C113F1A1,virchow,Virchow,40x,2p5x,40× ↔ 2.5×,21546,21546,200,200,5,0.17435626685619354,0.29696258902549744,0.2356594279408455,0.15403008460998535
HNSC,TCGA-BA-6871-01Z-00-DX1.4d9ca329-f8d5-4c31-a20f-9d4fba728326,virchow2,Virchow2,40x,10x,40× ↔ 10×,14718,14718,200,200,5,0.7235780954360962,0.760160505771637,0.7418693006038666,0.48601651191711426
HNSC,TCGA-BA-6871-01Z-00-DX1.4d9ca329-f8d5-4c31-a20f-9d4fba728326,virchow2,Virchow2,10x,2p5x,10× ↔ 2.5×,14718,14718,200,200,5,0.6561949253082275,0.6159241199493408,0.6360595226287842,0.3175778388977051
HNSC,TCGA-BA-6871-01Z-00-DX1.4d9ca329-f8d5-4c31-a20f-9d4fba728326,virchow2,Virchow2,40x,2p5x,40× ↔ 2.5×,14718,14718,200,200,5,0.5335296392440796,0.44527801871299744,0.4894038289785385,0.2124030590057373
HNSC,TCGA-BA-6872-01Z-00-DX1.F99F6394-D319-4599-B124-D2A6692FA096,virchow2,Virchow2,40x,10x,40× ↔ 10×,7720,7720,200,200,5,0.698232889175415,0.732470691204071,0.715351790189743,0.2573204040527344
HNSC,TCGA-BA-6872-01Z-00-DX1.F99F6394-D319-4599-B124-D2A6692FA096,virchow2,Virchow2,10x,2p5x,10× ↔ 2.5×,7720,7720,200,200,5,0.7134256362915039,0.7622095942497253,0.7378176152706146,0.15620899200439453
HNSC,TCGA-BA-6872-01Z-00-DX1.F99F6394-D319-4599-B124-D2A6692FA096,virchow2,Virchow2,40x,2p5x,40× ↔ 2.5×,7720,7720,200,200,5,0.5078915953636169,0.5984383821487427,0.5531649887561798,0.04521751403808594
HNSC,TCGA-CN-A6V7-01A-01-TS1.F54912D3-1E21-4605-ACFC-142973524AE2,virchow2,Virchow2,40x,10x,40× ↔ 10×,2536,2536,200,200,5,0.6523491740226746,0.6140890717506409,0.6332191228866577,0.06673645973205566
HNSC,TCGA-CN-A6V7-01A-01-TS1.F54912D3-1E21-4605-ACFC-142973524AE2,virchow2,Virchow2,10x,2p5x,10× ↔ 2.5×,2536,2536,200,200,5,0.6449623107910156,0.6984803676605225,0.671721339225769,0.03781557083129883
HNSC,TCGA-CN-A6V7-01A-01-TS1.F54912D3-1E21-4605-ACFC-142973524AE2,virchow2,Virchow2,40x,2p5x,40× ↔ 2.5×,2536,2536,200,200,5,0.5085688829421997,0.49333512783050537,0.5009520053863525,0.011624336242675781
HNSC,TCGA-CV-6935-01Z-00-DX1.9C449CB2-FB6D-41D1-A4A6-3069DC84A697,virchow2,Virchow2,40x,10x,40× ↔ 10×,12224,12224,200,200,5,0.6575014591217041,0.6838769912719727,0.6706892251968384,0.3969597816467285
HNSC,TCGA-CV-6935-01Z-00-DX1.9C449CB2-FB6D-41D1-A4A6-3069DC84A697,virchow2,Virchow2,10x,2p5x,10× ↔ 2.5×,12224,12224,200,200,5,0.6778499484062195,0.7270094156265259,0.7024296820163727,0.3183867931365967
HNSC,TCGA-CV-6935-01Z-00-DX1.9C449CB2-FB6D-41D1-A4A6-3069DC84A697,virchow2,Virchow2,40x,2p5x,40× ↔ 2.5×,12224,12224,200,200,5,0.4948074221611023,0.5720392465591431,0.5334233343601227,0.16036653518676758
HNSC,TCGA-CV-A45O-01Z-00-DX1.8CBD0CCC-C815-475D-87F9-76272F4F715B,virchow2,Virchow2,40x,10x,40× ↔ 10×,14844,14844,200,200,5,0.7079004645347595,0.7434739470481873,0.7256872057914734,0.4357011318206787
HNSC,TCGA-CV-A45O-01Z-00-DX1.8CBD0CCC-C815-475D-87F9-76272F4F715B,virchow2,Virchow2,10x,2p5x,10× ↔ 2.5×,14844,14844,200,200,5,0.6853240728378296,0.7235058546066284,0.704414963722229,0.33127617835998535
HNSC,TCGA-CV-A45O-01Z-00-DX1.8CBD0CCC-C815-475D-87F9-76272F4F715B,virchow2,Virchow2,40x,2p5x,40× ↔ 2.5×,14844,14844,200,200,5,0.5096762776374817,0.5841994285583496,0.5469378530979156,0.12548184394836426
HNSC,TCGA-CV-A6JE-01Z-00-DX1.20137D17-19B3-49FF-9C3D-60933157E409,virchow2,Virchow2,40x,10x,40× ↔ 10×,26402,26402,200,200,5,0.737351655960083,0.7605583071708679,0.7489549815654755,0.9684715270996094
HNSC,TCGA-CV-A6JE-01Z-00-DX1.20137D17-19B3-49FF-9C3D-60933157E409,virchow2,Virchow2,10x,2p5x,10× ↔ 2.5×,26402,26402,200,200,5,0.7208810448646545,0.7349706292152405,0.7279258370399475,0.7355284690856934
HNSC,TCGA-CV-A6JE-01Z-00-DX1.20137D17-19B3-49FF-9C3D-60933157E409,virchow2,Virchow2,40x,2p5x,40× ↔ 2.5×,26402,26402,200,200,5,0.5725541710853577,0.6108829975128174,0.5917185842990875,0.23593568801879883
HNSC,TCGA-CV-A6JU-01Z-00-DX1.35A3A1F0-9D6C-4794-B501-E56E48C51DF9,virchow2,Virchow2,40x,10x,40× ↔ 10×,21938,21938,200,200,5,0.693954586982727,0.743220865726471,0.718587726354599,0.6695437431335449
HNSC,TCGA-CV-A6JU-01Z-00-DX1.35A3A1F0-9D6C-4794-B501-E56E48C51DF9,virchow2,Virchow2,10x,2p5x,10× ↔ 2.5×,21938,21938,200,200,5,0.6975274682044983,0.6995697021484375,0.6985485851764679,0.4758760929107666
HNSC,TCGA-CV-A6JU-01Z-00-DX1.35A3A1F0-9D6C-4794-B501-E56E48C51DF9,virchow2,Virchow2,40x,2p5x,40× ↔ 2.5×,21938,21938,200,200,5,0.49472835659980774,0.5437303781509399,0.5192293673753738,0.2751884460449219
HNSC,TCGA-UF-A719-01Z-00-DX1.4C4ECC2C-C390-4C5E-A709-CF08C113F1A1,virchow2,Virchow2,40x,10x,40× ↔ 10×,21546,21546,200,200,5,0.7074958682060242,0.7217386960983276,0.7146172821521759,0.6536455154418945
HNSC,TCGA-UF-A719-01Z-00-DX1.4C4ECC2C-C390-4C5E-A709-CF08C113F1A1,virchow2,Virchow2,10x,2p5x,10× ↔ 2.5×,21546,21546,200,200,5,0.6633371114730835,0.697770357131958,0.6805537343025208,0.5251748561859131
HNSC,TCGA-UF-A719-01Z-00-DX1.4C4ECC2C-C390-4C5E-A709-CF08C113F1A1,virchow2,Virchow2,40x,2p5x,40× ↔ 2.5×,21546,21546,200,200,5,0.5045187473297119,0.5386181473731995,0.5215684473514557,0.1492917537689209
HNSC,TCGA-BA-6871-01Z-00-DX1.4d9ca329-f8d5-4c31-a20f-9d4fba728326,uni2,UNI2,40x,10x,40× ↔ 10×,14718,14718,200,200,5,0.38057586550712585,0.39835357666015625,0.38946472108364105,0.3051607608795166
HNSC,TCGA-BA-6871-01Z-00-DX1.4d9ca329-f8d5-4c31-a20f-9d4fba728326,uni2,UNI2,10x,2p5x,10× ↔ 2.5×,14718,14718,200,200,5,0.4209132194519043,0.44097062945365906,0.4309419244527817,0.22583317756652832
HNSC,TCGA-BA-6871-01Z-00-DX1.4d9ca329-f8d5-4c31-a20f-9d4fba728326,uni2,UNI2,40x,2p5x,40× ↔ 2.5×,14718,14718,200,200,5,0.1604572981595993,0.14248687028884888,0.1514720842242241,0.0753791332244873
HNSC,TCGA-BA-6872-01Z-00-DX1.F99F6394-D319-4599-B124-D2A6692FA096,uni2,UNI2,40x,10x,40× ↔ 10×,7720,7720,200,200,5,0.49668630957603455,0.5271332263946533,0.5119097679853439,0.15496611595153809
HNSC,TCGA-BA-6872-01Z-00-DX1.F99F6394-D319-4599-B124-D2A6692FA096,uni2,UNI2,10x,2p5x,10× ↔ 2.5×,7720,7720,200,200,5,0.4441545307636261,0.4473901689052582,0.44577234983444214,0.1135554313659668
HNSC,TCGA-BA-6872-01Z-00-DX1.F99F6394-D319-4599-B124-D2A6692FA096,uni2,UNI2,40x,2p5x,40× ↔ 2.5×,7720,7720,200,200,5,0.1935245841741562,0.19480304419994354,0.19416381418704987,0.07958459854125977
HNSC,TCGA-CN-A6V7-01A-01-TS1.F54912D3-1E21-4605-ACFC-142973524AE2,uni2,UNI2,40x,10x,40× ↔ 10×,2536,2536,200,200,5,0.4743151068687439,0.5521347522735596,0.5132249295711517,0.05225205421447754
HNSC,TCGA-CN-A6V7-01A-01-TS1.F54912D3-1E21-4605-ACFC-142973524AE2,uni2,UNI2,10x,2p5x,10× ↔ 2.5×,2536,2536,200,200,5,0.3115312457084656,0.3007046580314636,0.3061179518699646,0.030565500259399414
HNSC,TCGA-CN-A6V7-01A-01-TS1.F54912D3-1E21-4605-ACFC-142973524AE2,uni2,UNI2,40x,2p5x,40× ↔ 2.5×,2536,2536,200,200,5,0.14880479872226715,0.12761279940605164,0.1382087990641594,0.00740814208984375
HNSC,TCGA-CV-6935-01Z-00-DX1.9C449CB2-FB6D-41D1-A4A6-3069DC84A697,uni2,UNI2,40x,10x,40× ↔ 10×,12224,12224,200,200,5,0.394408255815506,0.44561371207237244,0.4200109839439392,0.3202383518218994
HNSC,TCGA-CV-6935-01Z-00-DX1.9C449CB2-FB6D-41D1-A4A6-3069DC84A697,uni2,UNI2,10x,2p5x,10× ↔ 2.5×,12224,12224,200,200,5,0.6008540391921997,0.5872681140899658,0.5940610766410828,0.16307687759399414
HNSC,TCGA-CV-6935-01Z-00-DX1.9C449CB2-FB6D-41D1-A4A6-3069DC84A697,uni2,UNI2,40x,2p5x,40× ↔ 2.5×,12224,12224,200,200,5,0.21484145522117615,0.26119357347488403,0.2380175143480301,0.0439605712890625
HNSC,TCGA-CV-A45O-01Z-00-DX1.8CBD0CCC-C815-475D-87F9-76272F4F715B,uni2,UNI2,40x,10x,40× ↔ 10×,14844,14844,200,200,5,0.4229753911495209,0.44456207752227783,0.43376873433589935,0.3724789619445801
HNSC,TCGA-CV-A45O-01Z-00-DX1.8CBD0CCC-C815-475D-87F9-76272F4F715B,uni2,UNI2,10x,2p5x,10× ↔ 2.5×,14844,14844,200,200,5,0.5560870170593262,0.5694736242294312,0.5627803206443787,0.2745988368988037
HNSC,TCGA-CV-A45O-01Z-00-DX1.8CBD0CCC-C815-475D-87F9-76272F4F715B,uni2,UNI2,40x,2p5x,40× ↔ 2.5×,14844,14844,200,200,5,0.21453121304512024,0.2810467779636383,0.24778899550437927,0.0918436050415039
HNSC,TCGA-CV-A6JE-01Z-00-DX1.20137D17-19B3-49FF-9C3D-60933157E409,uni2,UNI2,40x,10x,40× ↔ 10×,26402,26402,200,200,5,0.4585946500301361,0.49837660789489746,0.4784856289625168,0.7072975635528564
HNSC,TCGA-CV-A6JE-01Z-00-DX1.20137D17-19B3-49FF-9C3D-60933157E409,uni2,UNI2,10x,2p5x,10× ↔ 2.5×,26402,26402,200,200,5,0.5972721576690674,0.5990988612174988,0.5981855094432831,0.40087389945983887
HNSC,TCGA-CV-A6JE-01Z-00-DX1.20137D17-19B3-49FF-9C3D-60933157E409,uni2,UNI2,40x,2p5x,40× ↔ 2.5×,26402,26402,200,200,5,0.3047935366630554,0.36671218276023865,0.33575285971164703,0.10294604301452637
HNSC,TCGA-CV-A6JU-01Z-00-DX1.35A3A1F0-9D6C-4794-B501-E56E48C51DF9,uni2,UNI2,40x,10x,40× ↔ 10×,21938,21938,200,200,5,0.34799811244010925,0.4156983494758606,0.3818482309579849,0.546820878982544
HNSC,TCGA-CV-A6JU-01Z-00-DX1.35A3A1F0-9D6C-4794-B501-E56E48C51DF9,uni2,UNI2,10x,2p5x,10× ↔ 2.5×,21938,21938,200,200,5,0.5725662708282471,0.5831124186515808,0.5778393447399139,0.3893733024597168
HNSC,TCGA-CV-A6JU-01Z-00-DX1.35A3A1F0-9D6C-4794-B501-E56E48C51DF9,uni2,UNI2,40x,2p5x,40× ↔ 2.5×,21938,21938,200,200,5,0.20434924960136414,0.26756685972213745,0.2359580546617508,0.20278573036193848
HNSC,TCGA-UF-A719-01Z-00-DX1.4C4ECC2C-C390-4C5E-A709-CF08C113F1A1,uni2,UNI2,40x,10x,40× ↔ 10×,21546,21546,200,200,5,0.30462557077407837,0.35011130571365356,0.32736843824386597,0.4940619468688965
HNSC,TCGA-UF-A719-01Z-00-DX1.4C4ECC2C-C390-4C5E-A709-CF08C113F1A1,uni2,UNI2,10x,2p5x,10× ↔ 2.5×,21546,21546,200,200,5,0.5406873822212219,0.5573707222938538,0.5490290522575378,0.33639097213745117
HNSC,TCGA-UF-A719-01Z-00-DX1.4C4ECC2C-C390-4C5E-A709-CF08C113F1A1,uni2,UNI2,40x,2p5x,40× ↔ 2.5×,21546,21546,200,200,5,0.17018172144889832,0.24798767268657684,0.20908469706773758,0.20101141929626465
HNSC,TCGA-BA-6871-01Z-00-DX1.4d9ca329-f8d5-4c31-a20f-9d4fba728326,midnight,Midnight,40x,10x,40× ↔ 10×,14718,14718,200,200,5,0.31550440192222595,0.32239627838134766,0.3189503401517868,0.8319337368011475
HNSC,TCGA-BA-6871-01Z-00-DX1.4d9ca329-f8d5-4c31-a20f-9d4fba728326,midnight,Midnight,10x,2p5x,10× ↔ 2.5×,14718,14718,200,200,5,0.44024237990379333,0.5122891068458557,0.4762657433748245,0.4208652973175049
HNSC,TCGA-BA-6871-01Z-00-DX1.4d9ca329-f8d5-4c31-a20f-9d4fba728326,midnight,Midnight,40x,2p5x,40× ↔ 2.5×,14718,14718,200,200,5,0.23100684583187103,0.24247421324253082,0.23674052953720093,0.25750207901000977
HNSC,TCGA-BA-6872-01Z-00-DX1.F99F6394-D319-4599-B124-D2A6692FA096,midnight,Midnight,40x,10x,40× ↔ 10×,7720,7720,200,200,5,0.33991363644599915,0.30370157957077026,0.3218076080083847,0.30440735816955566
HNSC,TCGA-BA-6872-01Z-00-DX1.F99F6394-D319-4599-B124-D2A6692FA096,midnight,Midnight,10x,2p5x,10× ↔ 2.5×,7720,7720,200,200,5,0.44452571868896484,0.5090921521186829,0.47680893540382385,0.17981219291687012
HNSC,TCGA-BA-6872-01Z-00-DX1.F99F6394-D319-4599-B124-D2A6692FA096,midnight,Midnight,40x,2p5x,40× ↔ 2.5×,7720,7720,200,200,5,0.3274529278278351,0.3182244300842285,0.3228386789560318,0.05227088928222656
HNSC,TCGA-CN-A6V7-01A-01-TS1.F54912D3-1E21-4605-ACFC-142973524AE2,midnight,Midnight,40x,10x,40× ↔ 10×,2536,2536,200,200,5,0.2523050010204315,0.25923067331314087,0.2557678371667862,0.10313034057617188
HNSC,TCGA-CN-A6V7-01A-01-TS1.F54912D3-1E21-4605-ACFC-142973524AE2,midnight,Midnight,10x,2p5x,10× ↔ 2.5×,2536,2536,200,200,5,0.3277873396873474,0.47522374987602234,0.4015055447816849,0.05758857727050781
HNSC,TCGA-CN-A6V7-01A-01-TS1.F54912D3-1E21-4605-ACFC-142973524AE2,midnight,Midnight,40x,2p5x,40× ↔ 2.5×,2536,2536,200,200,5,0.24585074186325073,0.22406797111034393,0.23495935648679733,0.013427972793579102
HNSC,TCGA-CV-6935-01Z-00-DX1.9C449CB2-FB6D-41D1-A4A6-3069DC84A697,midnight,Midnight,40x,10x,40× ↔ 10×,12224,12224,200,200,5,0.43282270431518555,0.415301114320755,0.4240619093179703,0.6733360290527344
HNSC,TCGA-CV-6935-01Z-00-DX1.9C449CB2-FB6D-41D1-A4A6-3069DC84A697,midnight,Midnight,10x,2p5x,10× ↔ 2.5×,12224,12224,200,200,5,0.49887311458587646,0.5869276523590088,0.5429003834724426,0.37484216690063477
HNSC,TCGA-CV-6935-01Z-00-DX1.9C449CB2-FB6D-41D1-A4A6-3069DC84A697,midnight,Midnight,40x,2p5x,40× ↔ 2.5×,12224,12224,200,200,5,0.3227429986000061,0.32095202803611755,0.32184751331806183,0.2051694393157959
HNSC,TCGA-CV-A45O-01Z-00-DX1.8CBD0CCC-C815-475D-87F9-76272F4F715B,midnight,Midnight,40x,10x,40× ↔ 10×,14844,14844,200,200,5,0.41709205508232117,0.41560208797454834,0.41634707152843475,0.7629766464233398
HNSC,TCGA-CV-A45O-01Z-00-DX1.8CBD0CCC-C815-475D-87F9-76272F4F715B,midnight,Midnight,10x,2p5x,10× ↔ 2.5×,14844,14844,200,200,5,0.45876723527908325,0.4604114294052124,0.4595893323421478,0.6144440174102783
HNSC,TCGA-CV-A45O-01Z-00-DX1.8CBD0CCC-C815-475D-87F9-76272F4F715B,midnight,Midnight,40x,2p5x,40× ↔ 2.5×,14844,14844,200,200,5,0.32277926802635193,0.2876780331134796,0.30522865056991577,0.198974609375
HNSC,TCGA-CV-A6JE-01Z-00-DX1.20137D17-19B3-49FF-9C3D-60933157E409,midnight,Midnight,40x,10x,40× ↔ 10×,26402,26402,200,200,5,0.38700759410858154,0.401735782623291,0.3943716883659363,1.3773894309997559
HNSC,TCGA-CV-A6JE-01Z-00-DX1.20137D17-19B3-49FF-9C3D-60933157E409,midnight,Midnight,10x,2p5x,10× ↔ 2.5×,26402,26402,200,200,5,0.43286260962486267,0.43548569083213806,0.43417415022850037,1.142587661743164
HNSC,TCGA-CV-A6JE-01Z-00-DX1.20137D17-19B3-49FF-9C3D-60933157E409,midnight,Midnight,40x,2p5x,40× ↔ 2.5×,26402,26402,200,200,5,0.271169513463974,0.2500506341457367,0.26061007380485535,0.7121086120605469
HNSC,TCGA-CV-A6JU-01Z-00-DX1.35A3A1F0-9D6C-4794-B501-E56E48C51DF9,midnight,Midnight,40x,10x,40× ↔ 10×,21938,21938,200,200,5,0.39559662342071533,0.37427496910095215,0.38493579626083374,1.211240291595459
HNSC,TCGA-CV-A6JU-01Z-00-DX1.35A3A1F0-9D6C-4794-B501-E56E48C51DF9,midnight,Midnight,10x,2p5x,10× ↔ 2.5×,21938,21938,200,200,5,0.4468768835067749,0.4541964530944824,0.45053666830062866,0.7162961959838867
HNSC,TCGA-CV-A6JU-01Z-00-DX1.35A3A1F0-9D6C-4794-B501-E56E48C51DF9,midnight,Midnight,40x,2p5x,40× ↔ 2.5×,21938,21938,200,200,5,0.24944749474525452,0.24717120826244354,0.24830935150384903,0.18648457527160645
HNSC,TCGA-UF-A719-01Z-00-DX1.4C4ECC2C-C390-4C5E-A709-CF08C113F1A1,midnight,Midnight,40x,10x,40× ↔ 10×,21546,21546,200,200,5,0.39756056666374207,0.3800709843635559,0.388815775513649,0.9465606212615967
HNSC,TCGA-UF-A719-01Z-00-DX1.4C4ECC2C-C390-4C5E-A709-CF08C113F1A1,midnight,Midnight,10x,2p5x,10× ↔ 2.5×,21546,21546,200,200,5,0.4202498495578766,0.4412308931350708,0.4307403713464737,0.5063538551330566
HNSC,TCGA-UF-A719-01Z-00-DX1.4C4ECC2C-C390-4C5E-A709-CF08C113F1A1,midnight,Midnight,40x,2p5x,40× ↔ 2.5×,21546,21546,200,200,5,0.2530118227005005,0.26798704266548157,0.26049943268299103,0.23647069931030273
HNSC,TCGA-BA-6871-01Z-00-DX1.4d9ca329-f8d5-4c31-a20f-9d4fba728326,gigapath,GigaPath,40x,10x,40× ↔ 10×,14718,14718,200,200,5,0.27073976397514343,0.30099907517433167,0.28586941957473755,0.23493647575378418
HNSC,TCGA-BA-6871-01Z-00-DX1.4d9ca329-f8d5-4c31-a20f-9d4fba728326,gigapath,GigaPath,10x,2p5x,10× ↔ 2.5×,14718,14718,200,200,5,0.2428591251373291,0.5958055853843689,0.419332355260849,0.14582109451293945
HNSC,TCGA-BA-6871-01Z-00-DX1.4d9ca329-f8d5-4c31-a20f-9d4fba728326,gigapath,GigaPath,40x,2p5x,40× ↔ 2.5×,14718,14718,200,200,5,0.12470805644989014,0.1975480169057846,0.16112803667783737,0.050163984298706055
HNSC,TCGA-BA-6872-01Z-00-DX1.F99F6394-D319-4599-B124-D2A6692FA096,gigapath,GigaPath,40x,10x,40× ↔ 10×,7720,7720,200,200,5,0.45795631408691406,0.47168731689453125,0.46482181549072266,0.1541123390197754
HNSC,TCGA-BA-6872-01Z-00-DX1.F99F6394-D319-4599-B124-D2A6692FA096,gigapath,GigaPath,10x,2p5x,10× ↔ 2.5×,7720,7720,200,200,5,0.4502669870853424,0.7775256037712097,0.6138962954282761,0.08399724960327148
HNSC,TCGA-BA-6872-01Z-00-DX1.F99F6394-D319-4599-B124-D2A6692FA096,gigapath,GigaPath,40x,2p5x,40× ↔ 2.5×,7720,7720,200,200,5,0.22735440731048584,0.2504442632198334,0.2388993352651596,0.02733159065246582
HNSC,TCGA-CN-A6V7-01A-01-TS1.F54912D3-1E21-4605-ACFC-142973524AE2,gigapath,GigaPath,40x,10x,40× ↔ 10×,2536,2536,200,200,5,0.36135321855545044,0.5121085047721863,0.43673086166381836,0.04358243942260742
HNSC,TCGA-CN-A6V7-01A-01-TS1.F54912D3-1E21-4605-ACFC-142973524AE2,gigapath,GigaPath,10x,2p5x,10× ↔ 2.5×,2536,2536,200,200,5,0.27309465408325195,0.4558996558189392,0.3644971549510956,0.025228500366210938
HNSC,TCGA-CN-A6V7-01A-01-TS1.F54912D3-1E21-4605-ACFC-142973524AE2,gigapath,GigaPath,40x,2p5x,40× ↔ 2.5×,2536,2536,200,200,5,0.1738739162683487,0.29625266790390015,0.23506329208612442,0.007343292236328125
HNSC,TCGA-CV-6935-01Z-00-DX1.9C449CB2-FB6D-41D1-A4A6-3069DC84A697,gigapath,GigaPath,40x,10x,40× ↔ 10×,12224,12224,200,200,5,0.5402818322181702,0.5731695294380188,0.5567256808280945,0.38417649269104004
HNSC,TCGA-CV-6935-01Z-00-DX1.9C449CB2-FB6D-41D1-A4A6-3069DC84A697,gigapath,GigaPath,10x,2p5x,10× ↔ 2.5×,12224,12224,200,200,5,0.525000274181366,0.716889500617981,0.6209448873996735,0.17583394050598145
HNSC,TCGA-CV-6935-01Z-00-DX1.9C449CB2-FB6D-41D1-A4A6-3069DC84A697,gigapath,GigaPath,40x,2p5x,40× ↔ 2.5×,12224,12224,200,200,5,0.3139563202857971,0.49917227029800415,0.40656429529190063,0.13664579391479492
HNSC,TCGA-CV-A45O-01Z-00-DX1.8CBD0CCC-C815-475D-87F9-76272F4F715B,gigapath,GigaPath,40x,10x,40× ↔ 10×,14844,14844,200,200,5,0.493988037109375,0.5157964825630188,0.5048922598361969,0.2570514678955078
HNSC,TCGA-CV-A45O-01Z-00-DX1.8CBD0CCC-C815-475D-87F9-76272F4F715B,gigapath,GigaPath,10x,2p5x,10× ↔ 2.5×,14844,14844,200,200,5,0.48089128732681274,0.6829032897949219,0.5818972885608673,0.14381980895996094
HNSC,TCGA-CV-A45O-01Z-00-DX1.8CBD0CCC-C815-475D-87F9-76272F4F715B,gigapath,GigaPath,40x,2p5x,40× ↔ 2.5×,14844,14844,200,200,5,0.29905760288238525,0.4047313928604126,0.3518944978713989,0.05338430404663086
HNSC,TCGA-CV-A6JE-01Z-00-DX1.20137D17-19B3-49FF-9C3D-60933157E409,gigapath,GigaPath,40x,10x,40× ↔ 10×,26402,26402,200,200,5,0.5802399516105652,0.6306526064872742,0.6054462790489197,0.5580637454986572
HNSC,TCGA-CV-A6JE-01Z-00-DX1.20137D17-19B3-49FF-9C3D-60933157E409,gigapath,GigaPath,10x,2p5x,10× ↔ 2.5×,26402,26402,200,200,5,0.4200417101383209,0.670315682888031,0.545178696513176,0.4329044818878174
HNSC,TCGA-CV-A6JE-01Z-00-DX1.20137D17-19B3-49FF-9C3D-60933157E409,gigapath,GigaPath,40x,2p5x,40× ↔ 2.5×,26402,26402,200,200,5,0.33613941073417664,0.5087729692459106,0.42245618999004364,0.18662047386169434
HNSC,TCGA-CV-A6JU-01Z-00-DX1.35A3A1F0-9D6C-4794-B501-E56E48C51DF9,gigapath,GigaPath,40x,10x,40× ↔ 10×,21938,21938,200,200,5,0.41592681407928467,0.486795037984848,0.45136092603206635,0.3740272521972656
HNSC,TCGA-CV-A6JU-01Z-00-DX1.35A3A1F0-9D6C-4794-B501-E56E48C51DF9,gigapath,GigaPath,10x,2p5x,10× ↔ 2.5×,21938,21938,200,200,5,0.27925586700439453,0.5746793746948242,0.4269676208496094,0.283160924911499
HNSC,TCGA-CV-A6JU-01Z-00-DX1.35A3A1F0-9D6C-4794-B501-E56E48C51DF9,gigapath,GigaPath,40x,2p5x,40× ↔ 2.5×,21938,21938,200,200,5,0.1425946056842804,0.40819522738456726,0.27539491653442383,0.14092755317687988
HNSC,TCGA-UF-A719-01Z-00-DX1.4C4ECC2C-C390-4C5E-A709-CF08C113F1A1,gigapath,GigaPath,40x,10x,40× ↔ 10×,21546,21546,200,200,5,0.3261246383190155,0.3803296685218811,0.3532271534204483,0.41363096237182617
HNSC,TCGA-UF-A719-01Z-00-DX1.4C4ECC2C-C390-4C5E-A709-CF08C113F1A1,gigapath,GigaPath,10x,2p5x,10× ↔ 2.5×,21546,21546,200,200,5,0.26091477274894714,0.6042876839637756,0.4326012283563614,0.32061004638671875
HNSC,TCGA-UF-A719-01Z-00-DX1.4C4ECC2C-C390-4C5E-A709-CF08C113F1A1,gigapath,GigaPath,40x,2p5x,40× ↔ 2.5×,21546,21546,200,200,5,0.12964853644371033,0.16323886811733246,0.1464437022805214,0.08614206314086914
HNSC,TCGA-BA-6871-01Z-00-DX1.4d9ca329-f8d5-4c31-a20f-9d4fba728326,gigapath_flash,GigaPath-Flash,40x,10x,40× ↔ 10×,14718,14718,200,200,5,0.45141300559043884,0.4681733250617981,0.45979316532611847,0.0645589828491211
HNSC,TCGA-BA-6871-01Z-00-DX1.4d9ca329-f8d5-4c31-a20f-9d4fba728326,gigapath_flash,GigaPath-Flash,10x,2p5x,10× ↔ 2.5×,14718,14718,200,200,5,0.348684698343277,0.6291170120239258,0.4889008551836014,0.03322863578796387
HNSC,TCGA-BA-6871-01Z-00-DX1.4d9ca329-f8d5-4c31-a20f-9d4fba728326,gigapath_flash,GigaPath-Flash,40x,2p5x,40× ↔ 2.5×,14718,14718,200,200,5,0.32368430495262146,0.4567278325557709,0.39020606875419617,0.011466741561889648
HNSC,TCGA-BA-6872-01Z-00-DX1.F99F6394-D319-4599-B124-D2A6692FA096,gigapath_flash,GigaPath-Flash,40x,10x,40× ↔ 10×,7720,7720,200,200,5,0.6221065521240234,0.5967823266983032,0.6094444394111633,0.03974652290344238
HNSC,TCGA-BA-6872-01Z-00-DX1.F99F6394-D319-4599-B124-D2A6692FA096,gigapath_flash,GigaPath-Flash,10x,2p5x,10× ↔ 2.5×,7720,7720,200,200,5,0.5754441022872925,0.8287062048912048,0.7020751535892487,0.02330493927001953
HNSC,TCGA-BA-6872-01Z-00-DX1.F99F6394-D319-4599-B124-D2A6692FA096,gigapath_flash,GigaPath-Flash,40x,2p5x,40× ↔ 2.5×,7720,7720,200,200,5,0.5016559958457947,0.4983033537864685,0.4999796748161316,0.006087541580200195
HNSC,TCGA-CN-A6V7-01A-01-TS1.F54912D3-1E21-4605-ACFC-142973524AE2,gigapath_flash,GigaPath-Flash,40x,10x,40× ↔ 10×,2536,2536,200,200,5,0.6123660802841187,0.6413038372993469,0.6268349587917328,0.012742757797241211
HNSC,TCGA-CN-A6V7-01A-01-TS1.F54912D3-1E21-4605-ACFC-142973524AE2,gigapath_flash,GigaPath-Flash,10x,2p5x,10× ↔ 2.5×,2536,2536,200,200,5,0.4521571695804596,0.5922387838363647,0.5221979767084122,0.008012056350708008
HNSC,TCGA-CN-A6V7-01A-01-TS1.F54912D3-1E21-4605-ACFC-142973524AE2,gigapath_flash,GigaPath-Flash,40x,2p5x,40× ↔ 2.5×,2536,2536,200,200,5,0.4192436635494232,0.5065025687217712,0.46287311613559723,0.0026128292083740234
HNSC,TCGA-CV-6935-01Z-00-DX1.9C449CB2-FB6D-41D1-A4A6-3069DC84A697,gigapath_flash,GigaPath-Flash,40x,10x,40× ↔ 10×,12224,12224,200,200,5,0.717957615852356,0.7075418829917908,0.7127497494220734,0.05219101905822754
HNSC,TCGA-CV-6935-01Z-00-DX1.9C449CB2-FB6D-41D1-A4A6-3069DC84A697,gigapath_flash,GigaPath-Flash,10x,2p5x,10× ↔ 2.5×,12224,12224,200,200,5,0.648751974105835,0.7603561878204346,0.7045540809631348,0.02678394317626953
HNSC,TCGA-CV-6935-01Z-00-DX1.9C449CB2-FB6D-41D1-A4A6-3069DC84A697,gigapath_flash,GigaPath-Flash,40x,2p5x,40× ↔ 2.5×,12224,12224,200,200,5,0.5105077028274536,0.5998066663742065,0.5551571846008301,0.009224414825439453
HNSC,TCGA-CV-A45O-01Z-00-DX1.8CBD0CCC-C815-475D-87F9-76272F4F715B,gigapath_flash,GigaPath-Flash,40x,10x,40× ↔ 10×,14844,14844,200,200,5,0.6505154371261597,0.6489489078521729,0.6497321724891663,0.059081077575683594
HNSC,TCGA-CV-A45O-01Z-00-DX1.8CBD0CCC-C815-475D-87F9-76272F4F715B,gigapath_flash,GigaPath-Flash,10x,2p5x,10× ↔ 2.5×,14844,14844,200,200,5,0.6068012714385986,0.7586678862571716,0.6827345788478851,0.035363197326660156
HNSC,TCGA-CV-A45O-01Z-00-DX1.8CBD0CCC-C815-475D-87F9-76272F4F715B,gigapath_flash,GigaPath-Flash,40x,2p5x,40× ↔ 2.5×,14844,14844,200,200,5,0.5089879631996155,0.5995387434959412,0.5542633533477783,0.01050114631652832
HNSC,TCGA-CV-A6JE-01Z-00-DX1.20137D17-19B3-49FF-9C3D-60933157E409,gigapath_flash,GigaPath-Flash,40x,10x,40× ↔ 10×,26402,26402,200,200,5,0.6818207502365112,0.7180529832839966,0.6999368667602539,0.15723228454589844
HNSC,TCGA-CV-A6JE-01Z-00-DX1.20137D17-19B3-49FF-9C3D-60933157E409,gigapath_flash,GigaPath-Flash,10x,2p5x,10× ↔ 2.5×,26402,26402,200,200,5,0.6674709916114807,0.749542236328125,0.7085066139698029,0.06641387939453125
HNSC,TCGA-CV-A6JE-01Z-00-DX1.20137D17-19B3-49FF-9C3D-60933157E409,gigapath_flash,GigaPath-Flash,40x,2p5x,40× ↔ 2.5×,26402,26402,200,200,5,0.5803907513618469,0.6464274525642395,0.6134091019630432,0.02486395835876465
HNSC,TCGA-CV-A6JU-01Z-00-DX1.35A3A1F0-9D6C-4794-B501-E56E48C51DF9,gigapath_flash,GigaPath-Flash,40x,10x,40× ↔ 10×,21938,21938,200,200,5,0.5414907336235046,0.5873769521713257,0.5644338428974152,0.09771537780761719
HNSC,TCGA-CV-A6JU-01Z-00-DX1.35A3A1F0-9D6C-4794-B501-E56E48C51DF9,gigapath_flash,GigaPath-Flash,10x,2p5x,10× ↔ 2.5×,21938,21938,200,200,5,0.34467267990112305,0.611627995967865,0.478150337934494,0.05787992477416992
HNSC,TCGA-CV-A6JU-01Z-00-DX1.35A3A1F0-9D6C-4794-B501-E56E48C51DF9,gigapath_flash,GigaPath-Flash,40x,2p5x,40× ↔ 2.5×,21938,21938,200,200,5,0.3150511085987091,0.5555205941200256,0.43528585135936737,0.022339820861816406
HNSC,TCGA-UF-A719-01Z-00-DX1.4C4ECC2C-C390-4C5E-A709-CF08C113F1A1,gigapath_flash,GigaPath-Flash,40x,10x,40× ↔ 10×,21546,21546,200,200,5,0.4770236015319824,0.4827673137187958,0.4798954576253891,0.11129355430603027
HNSC,TCGA-UF-A719-01Z-00-DX1.4C4ECC2C-C390-4C5E-A709-CF08C113F1A1,gigapath_flash,GigaPath-Flash,10x,2p5x,10× ↔ 2.5×,21546,21546,200,200,5,0.3449137806892395,0.6971176862716675,0.5210157334804535,0.06439781188964844
HNSC,TCGA-UF-A719-01Z-00-DX1.4C4ECC2C-C390-4C5E-A709-CF08C113F1A1,gigapath_flash,GigaPath-Flash,40x,2p5x,40× ↔ 2.5×,21546,21546,200,200,5,0.25984784960746765,0.4279593229293823,0.343903586268425,0.015232086181640625
KIRC,TCGA-A3-3346-01Z-00-DX1.95280216-fd71-4a03-b452-6e3d667f2542,phikon,Phikon,40x,10x,40× ↔ 10×,2240,2240,200,200,5,0.5333375930786133,0.4964887797832489,0.5149131864309311,0.02309107780456543
KIRC,TCGA-A3-3346-01Z-00-DX1.95280216-fd71-4a03-b452-6e3d667f2542,phikon,Phikon,10x,2p5x,10× ↔ 2.5×,2240,2240,200,200,5,0.5048357248306274,0.7260701656341553,0.6154529452323914,0.014697790145874023
KIRC,TCGA-A3-3346-01Z-00-DX1.95280216-fd71-4a03-b452-6e3d667f2542,phikon,Phikon,40x,2p5x,40× ↔ 2.5×,2240,2240,200,200,5,0.2470567226409912,0.47714996337890625,0.36210334300994873,0.0040318965911865234
KIRC,TCGA-A3-A8CQ-01Z-00-DX1.78DA0827-5FB8-4B9F-A845-22F85830B5FB,phikon,Phikon,40x,10x,40× ↔ 10×,1395,1395,200,200,5,0.4302922785282135,0.41258612275123596,0.42143920063972473,0.018949270248413086
KIRC,TCGA-A3-A8CQ-01Z-00-DX1.78DA0827-5FB8-4B9F-A845-22F85830B5FB,phikon,Phikon,10x,2p5x,10× ↔ 2.5×,1395,1395,200,200,5,0.44908109307289124,0.570873498916626,0.5099772959947586,0.009587287902832031
KIRC,TCGA-A3-A8CQ-01Z-00-DX1.78DA0827-5FB8-4B9F-A845-22F85830B5FB,phikon,Phikon,40x,2p5x,40× ↔ 2.5×,1395,1395,200,200,5,0.16314339637756348,0.33474868535995483,0.24894604086875916,0.0027091503143310547
KIRC,TCGA-AK-3444-01Z-00-DX1.1F0E0B47-29FF-456F-800A-539983FDCFAA,phikon,Phikon,40x,10x,40× ↔ 10×,5029,5029,200,200,5,0.662819504737854,0.6106674075126648,0.6367434561252594,0.0546114444732666
KIRC,TCGA-AK-3444-01Z-00-DX1.1F0E0B47-29FF-456F-800A-539983FDCFAA,phikon,Phikon,10x,2p5x,10× ↔ 2.5×,5029,5029,200,200,5,0.39068591594696045,0.4876360297203064,0.4391609728336334,0.029454469680786133
KIRC,TCGA-AK-3444-01Z-00-DX1.1F0E0B47-29FF-456F-800A-539983FDCFAA,phikon,Phikon,40x,2p5x,40× ↔ 2.5×,5029,5029,200,200,5,0.16190871596336365,0.348959356546402,0.2554340362548828,0.007701873779296875
KIRC,TCGA-B0-5094-01Z-00-DX1.eac31fe2-09da-4ecf-8e25-c073cbb03295,phikon,Phikon,40x,10x,40× ↔ 10×,23201,23201,200,200,5,0.5971564054489136,0.6054559350013733,0.6013061702251434,0.36740899085998535
KIRC,TCGA-B0-5094-01Z-00-DX1.eac31fe2-09da-4ecf-8e25-c073cbb03295,phikon,Phikon,10x,2p5x,10× ↔ 2.5×,23201,23201,200,200,5,0.6322479844093323,0.7613394856452942,0.6967937350273132,0.2575643062591553
KIRC,TCGA-B0-5094-01Z-00-DX1.eac31fe2-09da-4ecf-8e25-c073cbb03295,phikon,Phikon,40x,2p5x,40× ↔ 2.5×,23201,23201,200,200,5,0.37411192059516907,0.5229442715644836,0.44852809607982635,0.10755157470703125
KIRC,TCGA-B0-5106-01Z-00-DX1.564e51a3-be50-4eed-ba9c-4d478b96ffc6,phikon,Phikon,40x,10x,40× ↔ 10×,26156,26156,200,200,5,0.6095523834228516,0.5963900089263916,0.6029711961746216,0.26291584968566895
KIRC,TCGA-B0-5106-01Z-00-DX1.564e51a3-be50-4eed-ba9c-4d478b96ffc6,phikon,Phikon,10x,2p5x,10× ↔ 2.5×,26156,26156,200,200,5,0.532252848148346,0.6216008067131042,0.5769268274307251,0.20355987548828125
KIRC,TCGA-B0-5106-01Z-00-DX1.564e51a3-be50-4eed-ba9c-4d478b96ffc6,phikon,Phikon,40x,2p5x,40× ↔ 2.5×,26156,26156,200,200,5,0.3035537600517273,0.478188157081604,0.39087095856666565,0.07864117622375488
KIRC,TCGA-B0-5711-01Z-00-DX1.6839921f-ec08-4e94-8bf9-4b5a4fcdda45,phikon,Phikon,40x,10x,40× ↔ 10×,23048,23048,200,200,5,0.4627465605735779,0.46204909682273865,0.46239782869815826,0.24230694770812988
KIRC,TCGA-B0-5711-01Z-00-DX1.6839921f-ec08-4e94-8bf9-4b5a4fcdda45,phikon,Phikon,10x,2p5x,10× ↔ 2.5×,23048,23048,200,200,5,0.4974265992641449,0.5645554065704346,0.5309910029172897,0.1725306510925293
KIRC,TCGA-B0-5711-01Z-00-DX1.6839921f-ec08-4e94-8bf9-4b5a4fcdda45,phikon,Phikon,40x,2p5x,40× ↔ 2.5×,23048,23048,200,200,5,0.26330211758613586,0.4112888276576996,0.3372954726219177,0.04221367835998535
KIRC,TCGA-B2-5633-01Z-00-DX1.c55a29ca-468e-46de-9ff5-a51f46fe09fd,phikon,Phikon,40x,10x,40× ↔ 10×,3974,3974,200,200,5,0.572957456111908,0.545171320438385,0.5590643882751465,0.043256282806396484
KIRC,TCGA-B2-5633-01Z-00-DX1.c55a29ca-468e-46de-9ff5-a51f46fe09fd,phikon,Phikon,10x,2p5x,10× ↔ 2.5×,3974,3974,200,200,5,0.42103126645088196,0.5770357251167297,0.49903349578380585,0.024988412857055664
KIRC,TCGA-B2-5633-01Z-00-DX1.c55a29ca-468e-46de-9ff5-a51f46fe09fd,phikon,Phikon,40x,2p5x,40× ↔ 2.5×,3974,3974,200,200,5,0.20973287522792816,0.3663657307624817,0.2880493029952049,0.006078958511352539
KIRC,TCGA-BP-4991-01Z-00-DX1.71305f5c-ca59-48fa-bb82-4b441c1fffdc,phikon,Phikon,40x,10x,40× ↔ 10×,31068,31068,200,200,5,0.6285894513130188,0.6349769234657288,0.6317831873893738,0.4067971706390381
KIRC,TCGA-BP-4991-01Z-00-DX1.71305f5c-ca59-48fa-bb82-4b441c1fffdc,phikon,Phikon,10x,2p5x,10× ↔ 2.5×,31068,31068,200,200,5,0.4282991588115692,0.5106028914451599,0.46945102512836456,0.26305460929870605
KIRC,TCGA-BP-4991-01Z-00-DX1.71305f5c-ca59-48fa-bb82-4b441c1fffdc,phikon,Phikon,40x,2p5x,40× ↔ 2.5×,31068,31068,200,200,5,0.18671958148479462,0.3552730977535248,0.2709963396191597,0.05593609809875488
KIRC,TCGA-BP-5201-01Z-00-DX1.d1a9878e-bb97-48fb-9098-9d9337f06250,phikon,Phikon,40x,10x,40× ↔ 10×,12763,12763,200,200,5,0.824023425579071,0.8069451451301575,0.8154842853546143,0.13201355934143066
KIRC,TCGA-BP-5201-01Z-00-DX1.d1a9878e-bb97-48fb-9098-9d9337f06250,phikon,Phikon,10x,2p5x,10× ↔ 2.5×,12763,12763,200,200,5,0.5439872145652771,0.5652511715888977,0.5546191930770874,0.11177682876586914
KIRC,TCGA-BP-5201-01Z-00-DX1.d1a9878e-bb97-48fb-9098-9d9337f06250,phikon,Phikon,40x,2p5x,40× ↔ 2.5×,12763,12763,200,200,5,0.43419286608695984,0.5162656307220459,0.47522924840450287,0.07283568382263184
KIRC,TCGA-A3-3346-01Z-00-DX1.95280216-fd71-4a03-b452-6e3d667f2542,uni,UNI,40x,10x,40× ↔ 10×,2240,2240,200,200,5,0.3770730495452881,0.3833429515361786,0.38020800054073334,0.033118247985839844
KIRC,TCGA-A3-3346-01Z-00-DX1.95280216-fd71-4a03-b452-6e3d667f2542,uni,UNI,10x,2p5x,10× ↔ 2.5×,2240,2240,200,200,5,0.3103376030921936,0.5577516555786133,0.43404462933540344,0.017605304718017578
KIRC,TCGA-A3-3346-01Z-00-DX1.95280216-fd71-4a03-b452-6e3d667f2542,uni,UNI,40x,2p5x,40× ↔ 2.5×,2240,2240,200,200,5,0.20226076245307922,0.30494242906570435,0.2536015957593918,0.005135059356689453
KIRC,TCGA-A3-A8CQ-01Z-00-DX1.78DA0827-5FB8-4B9F-A845-22F85830B5FB,uni,UNI,40x,10x,40× ↔ 10×,1395,1395,200,200,5,0.2595343291759491,0.2875973880290985,0.2735658586025238,0.020293235778808594
KIRC,TCGA-A3-A8CQ-01Z-00-DX1.78DA0827-5FB8-4B9F-A845-22F85830B5FB,uni,UNI,10x,2p5x,10× ↔ 2.5×,1395,1395,200,200,5,0.26690152287483215,0.35649585723876953,0.31169869005680084,0.011446714401245117
KIRC,TCGA-A3-A8CQ-01Z-00-DX1.78DA0827-5FB8-4B9F-A845-22F85830B5FB,uni,UNI,40x,2p5x,40× ↔ 2.5×,1395,1395,200,200,5,0.2135385423898697,0.3594423532485962,0.28649044781923294,0.0033762454986572266
KIRC,TCGA-AK-3444-01Z-00-DX1.1F0E0B47-29FF-456F-800A-539983FDCFAA,uni,UNI,40x,10x,40× ↔ 10×,5029,5029,200,200,5,0.39309927821159363,0.4153324067592621,0.40421584248542786,0.06412982940673828
KIRC,TCGA-AK-3444-01Z-00-DX1.1F0E0B47-29FF-456F-800A-539983FDCFAA,uni,UNI,10x,2p5x,10× ↔ 2.5×,5029,5029,200,200,5,0.2455134093761444,0.2434721440076828,0.2444927766919136,0.03899216651916504
KIRC,TCGA-AK-3444-01Z-00-DX1.1F0E0B47-29FF-456F-800A-539983FDCFAA,uni,UNI,40x,2p5x,40× ↔ 2.5×,5029,5029,200,200,5,0.10678725689649582,0.1573120802640915,0.13204966858029366,0.009273290634155273
KIRC,TCGA-B0-5094-01Z-00-DX1.eac31fe2-09da-4ecf-8e25-c073cbb03295,uni,UNI,40x,10x,40× ↔ 10×,23201,23201,200,200,5,0.5117524266242981,0.5213764905929565,0.5165644586086273,0.4308171272277832
KIRC,TCGA-B0-5094-01Z-00-DX1.eac31fe2-09da-4ecf-8e25-c073cbb03295,uni,UNI,10x,2p5x,10× ↔ 2.5×,23201,23201,200,200,5,0.47411850094795227,0.6376722455024719,0.5558953732252121,0.28771162033081055
KIRC,TCGA-B0-5094-01Z-00-DX1.eac31fe2-09da-4ecf-8e25-c073cbb03295,uni,UNI,40x,2p5x,40× ↔ 2.5×,23201,23201,200,200,5,0.29271891713142395,0.39485952258110046,0.3437892198562622,0.17647314071655273
KIRC,TCGA-B0-5106-01Z-00-DX1.564e51a3-be50-4eed-ba9c-4d478b96ffc6,uni,UNI,40x,10x,40× ↔ 10×,26156,26156,200,200,5,0.44409069418907166,0.47365260124206543,0.45887164771556854,0.4433438777923584
KIRC,TCGA-B0-5106-01Z-00-DX1.564e51a3-be50-4eed-ba9c-4d478b96ffc6,uni,UNI,10x,2p5x,10× ↔ 2.5×,26156,26156,200,200,5,0.3250531554222107,0.4095310568809509,0.3672921061515808,0.2467937469482422
KIRC,TCGA-B0-5106-01Z-00-DX1.564e51a3-be50-4eed-ba9c-4d478b96ffc6,uni,UNI,40x,2p5x,40× ↔ 2.5×,26156,26156,200,200,5,0.23718248307704926,0.3149109482765198,0.2760467156767845,0.0897984504699707
KIRC,TCGA-B0-5711-01Z-00-DX1.6839921f-ec08-4e94-8bf9-4b5a4fcdda45,uni,UNI,40x,10x,40× ↔ 10×,23048,23048,200,200,5,0.4376720190048218,0.45206397771835327,0.4448679983615875,0.2811121940612793
KIRC,TCGA-B0-5711-01Z-00-DX1.6839921f-ec08-4e94-8bf9-4b5a4fcdda45,uni,UNI,10x,2p5x,10× ↔ 2.5×,23048,23048,200,200,5,0.3542851209640503,0.40532439947128296,0.3798047602176666,0.2164452075958252
KIRC,TCGA-B0-5711-01Z-00-DX1.6839921f-ec08-4e94-8bf9-4b5a4fcdda45,uni,UNI,40x,2p5x,40× ↔ 2.5×,23048,23048,200,200,5,0.26421937346458435,0.3495207130908966,0.3068700432777405,0.16393327713012695
KIRC,TCGA-B2-5633-01Z-00-DX1.c55a29ca-468e-46de-9ff5-a51f46fe09fd,uni,UNI,40x,10x,40× ↔ 10×,3974,3974,200,200,5,0.39637649059295654,0.45789945125579834,0.42713797092437744,0.04381513595581055
KIRC,TCGA-B2-5633-01Z-00-DX1.c55a29ca-468e-46de-9ff5-a51f46fe09fd,uni,UNI,10x,2p5x,10× ↔ 2.5×,3974,3974,200,200,5,0.24003688991069794,0.3926212191581726,0.31632905453443527,0.025905370712280273
KIRC,TCGA-B2-5633-01Z-00-DX1.c55a29ca-468e-46de-9ff5-a51f46fe09fd,uni,UNI,40x,2p5x,40× ↔ 2.5×,3974,3974,200,200,5,0.18684935569763184,0.2564517855644226,0.22165057063102722,0.007622957229614258
KIRC,TCGA-BP-4991-01Z-00-DX1.71305f5c-ca59-48fa-bb82-4b441c1fffdc,uni,UNI,40x,10x,40× ↔ 10×,31068,31068,200,200,5,0.4563050866127014,0.5136010050773621,0.48495304584503174,0.5289416313171387
KIRC,TCGA-BP-4991-01Z-00-DX1.71305f5c-ca59-48fa-bb82-4b441c1fffdc,uni,UNI,10x,2p5x,10× ↔ 2.5×,31068,31068,200,200,5,0.3043201267719269,0.354945570230484,0.32963284850120544,0.3212268352508545
KIRC,TCGA-BP-4991-01Z-00-DX1.71305f5c-ca59-48fa-bb82-4b441c1fffdc,uni,UNI,40x,2p5x,40× ↔ 2.5×,31068,31068,200,200,5,0.1934618502855301,0.25770196318626404,0.22558190673589706,0.1770479679107666
KIRC,TCGA-BP-5201-01Z-00-DX1.d1a9878e-bb97-48fb-9098-9d9337f06250,uni,UNI,40x,10x,40× ↔ 10×,12763,12763,200,200,5,0.5591412782669067,0.5817009806632996,0.5704211294651031,0.15878653526306152
KIRC,TCGA-BP-5201-01Z-00-DX1.d1a9878e-bb97-48fb-9098-9d9337f06250,uni,UNI,10x,2p5x,10× ↔ 2.5×,12763,12763,200,200,5,0.4069638252258301,0.4393199384212494,0.42314188182353973,0.10297799110412598
KIRC,TCGA-BP-5201-01Z-00-DX1.d1a9878e-bb97-48fb-9098-9d9337f06250,uni,UNI,40x,2p5x,40× ↔ 2.5×,12763,12763,200,200,5,0.2654476761817932,0.3800694942474365,0.32275858521461487,0.036576032638549805
KIRC,TCGA-A3-3346-01Z-00-DX1.95280216-fd71-4a03-b452-6e3d667f2542,virchow,Virchow,40x,10x,40× ↔ 10×,2240,2240,200,200,5,0.7806827425956726,0.5628266930580139,0.6717547178268433,0.05855560302734375
KIRC,TCGA-A3-3346-01Z-00-DX1.95280216-fd71-4a03-b452-6e3d667f2542,virchow,Virchow,10x,2p5x,10× ↔ 2.5×,2240,2240,200,200,5,0.5702491402626038,0.7458837628364563,0.65806645154953,0.031258583068847656
KIRC,TCGA-A3-3346-01Z-00-DX1.95280216-fd71-4a03-b452-6e3d667f2542,virchow,Virchow,40x,2p5x,40× ↔ 2.5×,2240,2240,200,200,5,0.4317437708377838,0.4734533131122589,0.45259854197502136,0.010652542114257812
KIRC,TCGA-A3-A8CQ-01Z-00-DX1.78DA0827-5FB8-4B9F-A845-22F85830B5FB,virchow,Virchow,40x,10x,40× ↔ 10×,1395,1395,200,200,5,0.8035469055175781,0.6653198003768921,0.7344333529472351,0.034970760345458984
KIRC,TCGA-A3-A8CQ-01Z-00-DX1.78DA0827-5FB8-4B9F-A845-22F85830B5FB,virchow,Virchow,10x,2p5x,10× ↔ 2.5×,1395,1395,200,200,5,0.517283022403717,0.6060589551925659,0.5616709887981415,0.02100229263305664
KIRC,TCGA-A3-A8CQ-01Z-00-DX1.78DA0827-5FB8-4B9F-A845-22F85830B5FB,virchow,Virchow,40x,2p5x,40× ↔ 2.5×,1395,1395,200,200,5,0.38584402203559875,0.5763322114944458,0.4810881167650223,0.006991147994995117
KIRC,TCGA-AK-3444-01Z-00-DX1.1F0E0B47-29FF-456F-800A-539983FDCFAA,virchow,Virchow,40x,10x,40× ↔ 10×,5029,5029,200,200,5,0.7285047769546509,0.4838905334472656,0.6061976552009583,0.12201046943664551
KIRC,TCGA-AK-3444-01Z-00-DX1.1F0E0B47-29FF-456F-800A-539983FDCFAA,virchow,Virchow,10x,2p5x,10× ↔ 2.5×,5029,5029,200,200,5,0.2640165388584137,0.47974875569343567,0.3718826472759247,0.1330277919769287
KIRC,TCGA-AK-3444-01Z-00-DX1.1F0E0B47-29FF-456F-800A-539983FDCFAA,virchow,Virchow,40x,2p5x,40× ↔ 2.5×,5029,5029,200,200,5,0.14516590535640717,0.33604323863983154,0.24060457199811935,0.0460047721862793
KIRC,TCGA-B0-5094-01Z-00-DX1.eac31fe2-09da-4ecf-8e25-c073cbb03295,virchow,Virchow,40x,10x,40× ↔ 10×,23201,23201,200,200,5,0.8800578117370605,0.7466767430305481,0.8133672773838043,0.8504517078399658
KIRC,TCGA-B0-5094-01Z-00-DX1.eac31fe2-09da-4ecf-8e25-c073cbb03295,virchow,Virchow,10x,2p5x,10× ↔ 2.5×,23201,23201,200,200,5,0.6968501210212708,0.742883563041687,0.7198668420314789,0.31939268112182617
KIRC,TCGA-B0-5094-01Z-00-DX1.eac31fe2-09da-4ecf-8e25-c073cbb03295,virchow,Virchow,40x,2p5x,40× ↔ 2.5×,23201,23201,200,200,5,0.6116121411323547,0.5886228680610657,0.6001175045967102,0.1303858757019043
KIRC,TCGA-B0-5106-01Z-00-DX1.564e51a3-be50-4eed-ba9c-4d478b96ffc6,virchow,Virchow,40x,10x,40× ↔ 10×,26156,26156,200,200,5,0.9027016162872314,0.8394569158554077,0.8710792660713196,0.6875467300415039
KIRC,TCGA-B0-5106-01Z-00-DX1.564e51a3-be50-4eed-ba9c-4d478b96ffc6,virchow,Virchow,10x,2p5x,10× ↔ 2.5×,26156,26156,200,200,5,0.6533522009849548,0.6122534871101379,0.6328028440475464,0.4335014820098877
KIRC,TCGA-B0-5106-01Z-00-DX1.564e51a3-be50-4eed-ba9c-4d478b96ffc6,virchow,Virchow,40x,2p5x,40× ↔ 2.5×,26156,26156,200,200,5,0.6564165949821472,0.54164719581604,0.5990318953990936,0.17558598518371582
KIRC,TCGA-B0-5711-01Z-00-DX1.6839921f-ec08-4e94-8bf9-4b5a4fcdda45,virchow,Virchow,40x,10x,40× ↔ 10×,23048,23048,200,200,5,0.8812059760093689,0.7690670490264893,0.8251365125179291,0.6235177516937256
KIRC,TCGA-B0-5711-01Z-00-DX1.6839921f-ec08-4e94-8bf9-4b5a4fcdda45,virchow,Virchow,10x,2p5x,10× ↔ 2.5×,23048,23048,200,200,5,0.658881664276123,0.5385192036628723,0.5987004339694977,0.4515066146850586
KIRC,TCGA-B0-5711-01Z-00-DX1.6839921f-ec08-4e94-8bf9-4b5a4fcdda45,virchow,Virchow,40x,2p5x,40× ↔ 2.5×,23048,23048,200,200,5,0.6697638034820557,0.5217952728271484,0.595779538154602,0.40608835220336914
KIRC,TCGA-B2-5633-01Z-00-DX1.c55a29ca-468e-46de-9ff5-a51f46fe09fd,virchow,Virchow,40x,10x,40× ↔ 10×,3974,3974,200,200,5,0.85819411277771,0.7917105555534363,0.8249523341655731,0.0693809986114502
KIRC,TCGA-B2-5633-01Z-00-DX1.c55a29ca-468e-46de-9ff5-a51f46fe09fd,virchow,Virchow,10x,2p5x,10× ↔ 2.5×,3974,3974,200,200,5,0.6041164398193359,0.6902833580970764,0.6471998989582062,0.045194149017333984
KIRC,TCGA-B2-5633-01Z-00-DX1.c55a29ca-468e-46de-9ff5-a51f46fe09fd,virchow,Virchow,40x,2p5x,40× ↔ 2.5×,3974,3974,200,200,5,0.6267496943473816,0.48766669631004333,0.5572081953287125,0.024121761322021484
KIRC,TCGA-BP-4991-01Z-00-DX1.71305f5c-ca59-48fa-bb82-4b441c1fffdc,virchow,Virchow,40x,10x,40× ↔ 10×,31068,31068,200,200,5,0.901820182800293,0.8763467073440552,0.8890834450721741,0.9471249580383301
KIRC,TCGA-BP-4991-01Z-00-DX1.71305f5c-ca59-48fa-bb82-4b441c1fffdc,virchow,Virchow,10x,2p5x,10× ↔ 2.5×,31068,31068,200,200,5,0.7089264988899231,0.5232309699058533,0.6160787343978882,0.7273547649383545
KIRC,TCGA-BP-4991-01Z-00-DX1.71305f5c-ca59-48fa-bb82-4b441c1fffdc,virchow,Virchow,40x,2p5x,40× ↔ 2.5×,31068,31068,200,200,5,0.6976011395454407,0.45061248540878296,0.5741068124771118,0.4907217025756836
KIRC,TCGA-BP-5201-01Z-00-DX1.d1a9878e-bb97-48fb-9098-9d9337f06250,virchow,Virchow,40x,10x,40× ↔ 10×,12763,12763,200,200,5,0.8267714977264404,0.7849892973899841,0.8058803975582123,0.20526814460754395
KIRC,TCGA-BP-5201-01Z-00-DX1.d1a9878e-bb97-48fb-9098-9d9337f06250,virchow,Virchow,10x,2p5x,10× ↔ 2.5×,12763,12763,200,200,5,0.6028335690498352,0.7790773510932922,0.6909554600715637,0.13775038719177246
KIRC,TCGA-BP-5201-01Z-00-DX1.d1a9878e-bb97-48fb-9098-9d9337f06250,virchow,Virchow,40x,2p5x,40× ↔ 2.5×,12763,12763,200,200,5,0.6081963181495667,0.7459403276443481,0.6770683228969574,0.07223224639892578
KIRC,TCGA-A3-3346-01Z-00-DX1.95280216-fd71-4a03-b452-6e3d667f2542,virchow2,Virchow2,40x,10x,40× ↔ 10×,2240,2240,200,200,5,0.6430577635765076,0.6606463193893433,0.6518520414829254,0.05600118637084961
KIRC,TCGA-A3-3346-01Z-00-DX1.95280216-fd71-4a03-b452-6e3d667f2542,virchow2,Virchow2,10x,2p5x,10× ↔ 2.5×,2240,2240,200,200,5,0.463277667760849,0.5568047165870667,0.5100411921739578,0.035768747329711914
KIRC,TCGA-A3-3346-01Z-00-DX1.95280216-fd71-4a03-b452-6e3d667f2542,virchow2,Virchow2,40x,2p5x,40× ↔ 2.5×,2240,2240,200,200,5,0.4074855446815491,0.4850527048110962,0.44626912474632263,0.010904788970947266
KIRC,TCGA-A3-A8CQ-01Z-00-DX1.78DA0827-5FB8-4B9F-A845-22F85830B5FB,virchow2,Virchow2,40x,10x,40× ↔ 10×,1395,1395,200,200,5,0.678792417049408,0.7616944909095764,0.7202434539794922,0.03624749183654785
KIRC,TCGA-A3-A8CQ-01Z-00-DX1.78DA0827-5FB8-4B9F-A845-22F85830B5FB,virchow2,Virchow2,10x,2p5x,10× ↔ 2.5×,1395,1395,200,200,5,0.5835613012313843,0.4316750168800354,0.5076181590557098,0.022572994232177734
KIRC,TCGA-A3-A8CQ-01Z-00-DX1.78DA0827-5FB8-4B9F-A845-22F85830B5FB,virchow2,Virchow2,40x,2p5x,40× ↔ 2.5×,1395,1395,200,200,5,0.4980253577232361,0.4150593876838684,0.45654237270355225,0.0071032047271728516
KIRC,TCGA-AK-3444-01Z-00-DX1.1F0E0B47-29FF-456F-800A-539983FDCFAA,virchow2,Virchow2,40x,10x,40× ↔ 10×,5029,5029,200,200,5,0.7524510025978088,0.816421627998352,0.7844363152980804,0.14034676551818848
KIRC,TCGA-AK-3444-01Z-00-DX1.1F0E0B47-29FF-456F-800A-539983FDCFAA,virchow2,Virchow2,10x,2p5x,10× ↔ 2.5×,5029,5029,200,200,5,0.6549171209335327,0.5091182589530945,0.5820176899433136,0.08017849922180176
KIRC,TCGA-AK-3444-01Z-00-DX1.1F0E0B47-29FF-456F-800A-539983FDCFAA,virchow2,Virchow2,40x,2p5x,40× ↔ 2.5×,5029,5029,200,200,5,0.5473578572273254,0.43892234563827515,0.4931401014328003,0.029369592666625977
KIRC,TCGA-B0-5094-01Z-00-DX1.eac31fe2-09da-4ecf-8e25-c073cbb03295,virchow2,Virchow2,40x,10x,40× ↔ 10×,23201,23201,200,200,5,0.8099009394645691,0.8299407958984375,0.8199208676815033,0.9089429378509521
KIRC,TCGA-B0-5094-01Z-00-DX1.eac31fe2-09da-4ecf-8e25-c073cbb03295,virchow2,Virchow2,10x,2p5x,10× ↔ 2.5×,23201,23201,200,200,5,0.7810031175613403,0.7578787207603455,0.7694409191608429,0.6099085807800293
KIRC,TCGA-B0-5094-01Z-00-DX1.eac31fe2-09da-4ecf-8e25-c073cbb03295,virchow2,Virchow2,40x,2p5x,40× ↔ 2.5×,23201,23201,200,200,5,0.6692933440208435,0.6656625270843506,0.667477935552597,0.23331928253173828
KIRC,TCGA-B0-5106-01Z-00-DX1.564e51a3-be50-4eed-ba9c-4d478b96ffc6,virchow2,Virchow2,40x,10x,40× ↔ 10×,26156,26156,200,200,5,0.733163595199585,0.77292400598526,0.7530438005924225,0.8831639289855957
KIRC,TCGA-B0-5106-01Z-00-DX1.564e51a3-be50-4eed-ba9c-4d478b96ffc6,virchow2,Virchow2,10x,2p5x,10× ↔ 2.5×,26156,26156,200,200,5,0.7243984937667847,0.7132999300956726,0.7188492119312286,0.6688668727874756
KIRC,TCGA-B0-5106-01Z-00-DX1.564e51a3-be50-4eed-ba9c-4d478b96ffc6,virchow2,Virchow2,40x,2p5x,40× ↔ 2.5×,26156,26156,200,200,5,0.5368114113807678,0.5992322564125061,0.568021833896637,0.23291826248168945
KIRC,TCGA-B0-5711-01Z-00-DX1.6839921f-ec08-4e94-8bf9-4b5a4fcdda45,virchow2,Virchow2,40x,10x,40× ↔ 10×,23048,23048,200,200,5,0.7511777877807617,0.8019315004348755,0.7765546441078186,0.7206461429595947
KIRC,TCGA-B0-5711-01Z-00-DX1.6839921f-ec08-4e94-8bf9-4b5a4fcdda45,virchow2,Virchow2,10x,2p5x,10× ↔ 2.5×,23048,23048,200,200,5,0.7414209842681885,0.7246562838554382,0.7330386340618134,0.6367464065551758
KIRC,TCGA-B0-5711-01Z-00-DX1.6839921f-ec08-4e94-8bf9-4b5a4fcdda45,virchow2,Virchow2,40x,2p5x,40× ↔ 2.5×,23048,23048,200,200,5,0.5909979343414307,0.6355049014091492,0.6132514178752899,0.3226437568664551
KIRC,TCGA-B2-5633-01Z-00-DX1.c55a29ca-468e-46de-9ff5-a51f46fe09fd,virchow2,Virchow2,40x,10x,40× ↔ 10×,3974,3974,200,200,5,0.7253960967063904,0.7634372711181641,0.7444166839122772,0.11182904243469238
KIRC,TCGA-B2-5633-01Z-00-DX1.c55a29ca-468e-46de-9ff5-a51f46fe09fd,virchow2,Virchow2,10x,2p5x,10× ↔ 2.5×,3974,3974,200,200,5,0.7399116158485413,0.7750210165977478,0.7574663162231445,0.0654458999633789
KIRC,TCGA-B2-5633-01Z-00-DX1.c55a29ca-468e-46de-9ff5-a51f46fe09fd,virchow2,Virchow2,40x,2p5x,40× ↔ 2.5×,3974,3974,200,200,5,0.5842146873474121,0.6838723421096802,0.6340435147285461,0.024234771728515625
KIRC,TCGA-BP-4991-01Z-00-DX1.71305f5c-ca59-48fa-bb82-4b441c1fffdc,virchow2,Virchow2,40x,10x,40× ↔ 10×,31068,31068,200,200,5,0.7843413949012756,0.8386584520339966,0.8114999234676361,1.3721599578857422
KIRC,TCGA-BP-4991-01Z-00-DX1.71305f5c-ca59-48fa-bb82-4b441c1fffdc,virchow2,Virchow2,10x,2p5x,10× ↔ 2.5×,31068,31068,200,200,5,0.8037315011024475,0.743092954158783,0.7734122276306152,0.799717903137207
KIRC,TCGA-BP-4991-01Z-00-DX1.71305f5c-ca59-48fa-bb82-4b441c1fffdc,virchow2,Virchow2,40x,2p5x,40× ↔ 2.5×,31068,31068,200,200,5,0.6705291867256165,0.6750126481056213,0.6727709174156189,0.1760861873626709
KIRC,TCGA-BP-5201-01Z-00-DX1.d1a9878e-bb97-48fb-9098-9d9337f06250,virchow2,Virchow2,40x,10x,40× ↔ 10×,12763,12763,200,200,5,0.6910418272018433,0.6838129162788391,0.6874273717403412,0.3495965003967285
KIRC,TCGA-BP-5201-01Z-00-DX1.d1a9878e-bb97-48fb-9098-9d9337f06250,virchow2,Virchow2,10x,2p5x,10× ↔ 2.5×,12763,12763,200,200,5,0.6129193305969238,0.6559895277023315,0.6344544291496277,0.20878934860229492
KIRC,TCGA-BP-5201-01Z-00-DX1.d1a9878e-bb97-48fb-9098-9d9337f06250,virchow2,Virchow2,40x,2p5x,40× ↔ 2.5×,12763,12763,200,200,5,0.49666792154312134,0.5483466982841492,0.5225073099136353,0.07250213623046875
KIRC,TCGA-A3-3346-01Z-00-DX1.95280216-fd71-4a03-b452-6e3d667f2542,uni2,UNI2,40x,10x,40× ↔ 10×,2240,2240,200,200,5,0.39149534702301025,0.4268246293067932,0.40915998816490173,0.046642303466796875
KIRC,TCGA-A3-3346-01Z-00-DX1.95280216-fd71-4a03-b452-6e3d667f2542,uni2,UNI2,10x,2p5x,10× ↔ 2.5×,2240,2240,200,200,5,0.44999590516090393,0.4426099956035614,0.44630295038223267,0.027471065521240234
KIRC,TCGA-A3-3346-01Z-00-DX1.95280216-fd71-4a03-b452-6e3d667f2542,uni2,UNI2,40x,2p5x,40× ↔ 2.5×,2240,2240,200,200,5,0.17940513789653778,0.18036702275276184,0.1798860803246498,0.007021188735961914
KIRC,TCGA-A3-A8CQ-01Z-00-DX1.78DA0827-5FB8-4B9F-A845-22F85830B5FB,uni2,UNI2,40x,10x,40× ↔ 10×,1395,1395,200,200,5,0.48233762383461,0.5914889574050903,0.5369132906198502,0.031282901763916016
KIRC,TCGA-A3-A8CQ-01Z-00-DX1.78DA0827-5FB8-4B9F-A845-22F85830B5FB,uni2,UNI2,10x,2p5x,10× ↔ 2.5×,1395,1395,200,200,5,0.4842427372932434,0.3876807391643524,0.4359617382287979,0.01821112632751465
KIRC,TCGA-A3-A8CQ-01Z-00-DX1.78DA0827-5FB8-4B9F-A845-22F85830B5FB,uni2,UNI2,40x,2p5x,40× ↔ 2.5×,1395,1395,200,200,5,0.26900479197502136,0.20115289092063904,0.2350788414478302,0.005225419998168945
KIRC,TCGA-AK-3444-01Z-00-DX1.1F0E0B47-29FF-456F-800A-539983FDCFAA,uni2,UNI2,40x,10x,40× ↔ 10×,5029,5029,200,200,5,0.482347697019577,0.5681008100509644,0.5252242535352707,0.10012006759643555
KIRC,TCGA-AK-3444-01Z-00-DX1.1F0E0B47-29FF-456F-800A-539983FDCFAA,uni2,UNI2,10x,2p5x,10× ↔ 2.5×,5029,5029,200,200,5,0.6628429889678955,0.5688812732696533,0.6158621311187744,0.05628800392150879
KIRC,TCGA-AK-3444-01Z-00-DX1.1F0E0B47-29FF-456F-800A-539983FDCFAA,uni2,UNI2,40x,2p5x,40× ↔ 2.5×,5029,5029,200,200,5,0.33780568838119507,0.33546340465545654,0.3366345465183258,0.013417959213256836
KIRC,TCGA-B0-5094-01Z-00-DX1.eac31fe2-09da-4ecf-8e25-c073cbb03295,uni2,UNI2,40x,10x,40× ↔ 10×,23201,23201,200,200,5,0.5513835549354553,0.5837857127189636,0.5675846338272095,0.6610612869262695
KIRC,TCGA-B0-5094-01Z-00-DX1.eac31fe2-09da-4ecf-8e25-c073cbb03295,uni2,UNI2,10x,2p5x,10× ↔ 2.5×,23201,23201,200,200,5,0.5376209020614624,0.543200671672821,0.5404107868671417,0.28786659240722656
KIRC,TCGA-B0-5094-01Z-00-DX1.eac31fe2-09da-4ecf-8e25-c073cbb03295,uni2,UNI2,40x,2p5x,40× ↔ 2.5×,23201,23201,200,200,5,0.27424174547195435,0.27498114109039307,0.2746114432811737,0.17800259590148926
KIRC,TCGA-B0-5106-01Z-00-DX1.564e51a3-be50-4eed-ba9c-4d478b96ffc6,uni2,UNI2,40x,10x,40× ↔ 10×,26156,26156,200,200,5,0.5160292983055115,0.5810767412185669,0.5485530197620392,0.641357421875
KIRC,TCGA-B0-5106-01Z-00-DX1.564e51a3-be50-4eed-ba9c-4d478b96ffc6,uni2,UNI2,10x,2p5x,10× ↔ 2.5×,26156,26156,200,200,5,0.6495928764343262,0.6683318018913269,0.6589623391628265,0.38682103157043457
KIRC,TCGA-B0-5106-01Z-00-DX1.564e51a3-be50-4eed-ba9c-4d478b96ffc6,uni2,UNI2,40x,2p5x,40× ↔ 2.5×,26156,26156,200,200,5,0.3422519564628601,0.42663419246673584,0.384443074464798,0.1360476016998291
KIRC,TCGA-B0-5711-01Z-00-DX1.6839921f-ec08-4e94-8bf9-4b5a4fcdda45,uni2,UNI2,40x,10x,40× ↔ 10×,23048,23048,200,200,5,0.47667503356933594,0.539451003074646,0.508063018321991,0.3819594383239746
KIRC,TCGA-B0-5711-01Z-00-DX1.6839921f-ec08-4e94-8bf9-4b5a4fcdda45,uni2,UNI2,10x,2p5x,10× ↔ 2.5×,23048,23048,200,200,5,0.6208741068840027,0.5933582782745361,0.6071161925792694,0.25881314277648926
KIRC,TCGA-B0-5711-01Z-00-DX1.6839921f-ec08-4e94-8bf9-4b5a4fcdda45,uni2,UNI2,40x,2p5x,40× ↔ 2.5×,23048,23048,200,200,5,0.309711754322052,0.35320693254470825,0.3314593434333801,0.12580132484436035
KIRC,TCGA-B2-5633-01Z-00-DX1.c55a29ca-468e-46de-9ff5-a51f46fe09fd,uni2,UNI2,40x,10x,40× ↔ 10×,3974,3974,200,200,5,0.49546313285827637,0.5638585686683655,0.5296608507633209,0.06561517715454102
KIRC,TCGA-B2-5633-01Z-00-DX1.c55a29ca-468e-46de-9ff5-a51f46fe09fd,uni2,UNI2,10x,2p5x,10× ↔ 2.5×,3974,3974,200,200,5,0.6526011228561401,0.6937394738197327,0.6731702983379364,0.03805375099182129
KIRC,TCGA-B2-5633-01Z-00-DX1.c55a29ca-468e-46de-9ff5-a51f46fe09fd,uni2,UNI2,40x,2p5x,40× ↔ 2.5×,3974,3974,200,200,5,0.3423164188861847,0.45068415999412537,0.39650028944015503,0.011091470718383789
KIRC,TCGA-BP-4991-01Z-00-DX1.71305f5c-ca59-48fa-bb82-4b441c1fffdc,uni2,UNI2,40x,10x,40× ↔ 10×,31068,31068,200,200,5,0.5407518744468689,0.6239185929298401,0.5823352336883545,0.6823320388793945
KIRC,TCGA-BP-4991-01Z-00-DX1.71305f5c-ca59-48fa-bb82-4b441c1fffdc,uni2,UNI2,10x,2p5x,10× ↔ 2.5×,31068,31068,200,200,5,0.659360945224762,0.6465223431587219,0.6529416441917419,0.4829702377319336
KIRC,TCGA-BP-4991-01Z-00-DX1.71305f5c-ca59-48fa-bb82-4b441c1fffdc,uni2,UNI2,40x,2p5x,40× ↔ 2.5×,31068,31068,200,200,5,0.3771132528781891,0.43932396173477173,0.4082186073064804,0.1790027618408203
KIRC,TCGA-BP-5201-01Z-00-DX1.d1a9878e-bb97-48fb-9098-9d9337f06250,uni2,UNI2,40x,10x,40× ↔ 10×,12763,12763,200,200,5,0.6531318426132202,0.6656878590583801,0.6594098508358002,0.25716328620910645
KIRC,TCGA-BP-5201-01Z-00-DX1.d1a9878e-bb97-48fb-9098-9d9337f06250,uni2,UNI2,10x,2p5x,10× ↔ 2.5×,12763,12763,200,200,5,0.5391378402709961,0.4798509180545807,0.5094943791627884,0.14769840240478516
KIRC,TCGA-BP-5201-01Z-00-DX1.d1a9878e-bb97-48fb-9098-9d9337f06250,uni2,UNI2,40x,2p5x,40× ↔ 2.5×,12763,12763,200,200,5,0.34220874309539795,0.28693342208862305,0.3145710825920105,0.04392671585083008
KIRC,TCGA-A3-3346-01Z-00-DX1.95280216-fd71-4a03-b452-6e3d667f2542,midnight,Midnight,40x,10x,40× ↔ 10×,2240,2240,200,200,5,0.3035467267036438,0.30138304829597473,0.30246488749980927,0.09460306167602539
KIRC,TCGA-A3-3346-01Z-00-DX1.95280216-fd71-4a03-b452-6e3d667f2542,midnight,Midnight,10x,2p5x,10× ↔ 2.5×,2240,2240,200,200,5,0.39712005853652954,0.39437776803970337,0.39574891328811646,0.05505824089050293
KIRC,TCGA-A3-3346-01Z-00-DX1.95280216-fd71-4a03-b452-6e3d667f2542,midnight,Midnight,40x,2p5x,40× ↔ 2.5×,2240,2240,200,200,5,0.2846660315990448,0.25534504652023315,0.270005539059639,0.013430356979370117
KIRC,TCGA-A3-A8CQ-01Z-00-DX1.78DA0827-5FB8-4B9F-A845-22F85830B5FB,midnight,Midnight,40x,10x,40× ↔ 10×,1395,1395,200,200,5,0.23697064816951752,0.22559793293476105,0.23128429055213928,0.061319589614868164
KIRC,TCGA-A3-A8CQ-01Z-00-DX1.78DA0827-5FB8-4B9F-A845-22F85830B5FB,midnight,Midnight,10x,2p5x,10× ↔ 2.5×,1395,1395,200,200,5,0.3278292715549469,0.3615540862083435,0.3446916788816452,0.03500866889953613
KIRC,TCGA-A3-A8CQ-01Z-00-DX1.78DA0827-5FB8-4B9F-A845-22F85830B5FB,midnight,Midnight,40x,2p5x,40× ↔ 2.5×,1395,1395,200,200,5,0.2415107935667038,0.25213223695755005,0.24682151526212692,0.008650779724121094
KIRC,TCGA-AK-3444-01Z-00-DX1.1F0E0B47-29FF-456F-800A-539983FDCFAA,midnight,Midnight,40x,10x,40× ↔ 10×,5029,5029,200,200,5,0.3154110014438629,0.3177957236766815,0.3166033625602722,0.2142634391784668
KIRC,TCGA-AK-3444-01Z-00-DX1.1F0E0B47-29FF-456F-800A-539983FDCFAA,midnight,Midnight,10x,2p5x,10× ↔ 2.5×,5029,5029,200,200,5,0.36253249645233154,0.34431737661361694,0.35342493653297424,0.130631685256958
KIRC,TCGA-AK-3444-01Z-00-DX1.1F0E0B47-29FF-456F-800A-539983FDCFAA,midnight,Midnight,40x,2p5x,40× ↔ 2.5×,5029,5029,200,200,5,0.3012430965900421,0.27986809611320496,0.29055559635162354,0.09409213066101074
KIRC,TCGA-B0-5094-01Z-00-DX1.eac31fe2-09da-4ecf-8e25-c073cbb03295,midnight,Midnight,40x,10x,40× ↔ 10×,23201,23201,200,200,5,0.2909403443336487,0.2955198884010315,0.2932301163673401,1.3072364330291748
KIRC,TCGA-B0-5094-01Z-00-DX1.eac31fe2-09da-4ecf-8e25-c073cbb03295,midnight,Midnight,10x,2p5x,10× ↔ 2.5×,23201,23201,200,200,5,0.5076608657836914,0.5007060766220093,0.5041834712028503,0.6619510650634766
KIRC,TCGA-B0-5094-01Z-00-DX1.eac31fe2-09da-4ecf-8e25-c073cbb03295,midnight,Midnight,40x,2p5x,40× ↔ 2.5×,23201,23201,200,200,5,0.2776942551136017,0.26622873544692993,0.2719614952802658,0.4325125217437744
KIRC,TCGA-B0-5106-01Z-00-DX1.564e51a3-be50-4eed-ba9c-4d478b96ffc6,midnight,Midnight,40x,10x,40× ↔ 10×,26156,26156,200,200,5,0.32813602685928345,0.3529595732688904,0.3405478000640869,1.2483372688293457
KIRC,TCGA-B0-5106-01Z-00-DX1.564e51a3-be50-4eed-ba9c-4d478b96ffc6,midnight,Midnight,10x,2p5x,10× ↔ 2.5×,26156,26156,200,200,5,0.411516398191452,0.401919960975647,0.4067181795835495,0.808605432510376
KIRC,TCGA-B0-5106-01Z-00-DX1.564e51a3-be50-4eed-ba9c-4d478b96ffc6,midnight,Midnight,40x,2p5x,40× ↔ 2.5×,26156,26156,200,200,5,0.28149139881134033,0.28018587827682495,0.28083863854408264,0.1844618320465088
KIRC,TCGA-B0-5711-01Z-00-DX1.6839921f-ec08-4e94-8bf9-4b5a4fcdda45,midnight,Midnight,40x,10x,40× ↔ 10×,23048,23048,200,200,5,0.3030087649822235,0.30392032861709595,0.30346454679965973,1.059340476989746
KIRC,TCGA-B0-5711-01Z-00-DX1.6839921f-ec08-4e94-8bf9-4b5a4fcdda45,midnight,Midnight,10x,2p5x,10× ↔ 2.5×,23048,23048,200,200,5,0.38986244797706604,0.38872969150543213,0.3892960697412491,0.782623291015625
KIRC,TCGA-B0-5711-01Z-00-DX1.6839921f-ec08-4e94-8bf9-4b5a4fcdda45,midnight,Midnight,40x,2p5x,40× ↔ 2.5×,23048,23048,200,200,5,0.24987585842609406,0.25983208417892456,0.2548539713025093,0.22655701637268066
KIRC,TCGA-B2-5633-01Z-00-DX1.c55a29ca-468e-46de-9ff5-a51f46fe09fd,midnight,Midnight,40x,10x,40× ↔ 10×,3974,3974,200,200,5,0.33705031871795654,0.3295497000217438,0.33330000936985016,0.1335160732269287
KIRC,TCGA-B2-5633-01Z-00-DX1.c55a29ca-468e-46de-9ff5-a51f46fe09fd,midnight,Midnight,10x,2p5x,10× ↔ 2.5×,3974,3974,200,200,5,0.47536855936050415,0.3766322135925293,0.4260003864765167,0.07648706436157227
KIRC,TCGA-B2-5633-01Z-00-DX1.c55a29ca-468e-46de-9ff5-a51f46fe09fd,midnight,Midnight,40x,2p5x,40× ↔ 2.5×,3974,3974,200,200,5,0.2996269166469574,0.27118661999702454,0.28540676832199097,0.0284421443939209
KIRC,TCGA-BP-4991-01Z-00-DX1.71305f5c-ca59-48fa-bb82-4b441c1fffdc,midnight,Midnight,40x,10x,40× ↔ 10×,31068,31068,200,200,5,0.2510633170604706,0.2625272572040558,0.2567952871322632,1.3826813697814941
KIRC,TCGA-BP-4991-01Z-00-DX1.71305f5c-ca59-48fa-bb82-4b441c1fffdc,midnight,Midnight,10x,2p5x,10× ↔ 2.5×,31068,31068,200,200,5,0.3771708607673645,0.36587557196617126,0.3715232163667679,0.8761398792266846
KIRC,TCGA-BP-4991-01Z-00-DX1.71305f5c-ca59-48fa-bb82-4b441c1fffdc,midnight,Midnight,40x,2p5x,40× ↔ 2.5×,31068,31068,200,200,5,0.26181283593177795,0.26711907982826233,0.26446595788002014,0.28808116912841797
KIRC,TCGA-BP-5201-01Z-00-DX1.d1a9878e-bb97-48fb-9098-9d9337f06250,midnight,Midnight,40x,10x,40× ↔ 10×,12763,12763,200,200,5,0.41493919491767883,0.5800429582595825,0.4974910765886307,0.495699405670166
KIRC,TCGA-BP-5201-01Z-00-DX1.d1a9878e-bb97-48fb-9098-9d9337f06250,midnight,Midnight,10x,2p5x,10× ↔ 2.5×,12763,12763,200,200,5,0.3657075762748718,0.718860924243927,0.5422842502593994,0.35782527923583984
KIRC,TCGA-BP-5201-01Z-00-DX1.d1a9878e-bb97-48fb-9098-9d9337f06250,midnight,Midnight,40x,2p5x,40× ↔ 2.5×,12763,12763,200,200,5,0.5047988295555115,0.4457239508628845,0.475261390209198,0.10348796844482422
KIRC,TCGA-A3-3346-01Z-00-DX1.95280216-fd71-4a03-b452-6e3d667f2542,gigapath,GigaPath,40x,10x,40× ↔ 10×,2240,2240,200,200,5,0.29989999532699585,0.30201271176338196,0.3009563535451889,0.038583993911743164
KIRC,TCGA-A3-3346-01Z-00-DX1.95280216-fd71-4a03-b452-6e3d667f2542,gigapath,GigaPath,10x,2p5x,10× ↔ 2.5×,2240,2240,200,200,5,0.38272470235824585,0.7160881161689758,0.5494064092636108,0.021826982498168945
KIRC,TCGA-A3-3346-01Z-00-DX1.95280216-fd71-4a03-b452-6e3d667f2542,gigapath,GigaPath,40x,2p5x,40× ↔ 2.5×,2240,2240,200,200,5,0.16281919181346893,0.23675580322742462,0.19978749752044678,0.006940364837646484
KIRC,TCGA-A3-A8CQ-01Z-00-DX1.78DA0827-5FB8-4B9F-A845-22F85830B5FB,gigapath,GigaPath,40x,10x,40× ↔ 10×,1395,1395,200,200,5,0.2405516356229782,0.2813953161239624,0.2609734758734703,0.023546695709228516
KIRC,TCGA-A3-A8CQ-01Z-00-DX1.78DA0827-5FB8-4B9F-A845-22F85830B5FB,gigapath,GigaPath,10x,2p5x,10× ↔ 2.5×,1395,1395,200,200,5,0.3221529424190521,0.4964444935321808,0.40929871797561646,0.014607429504394531
KIRC,TCGA-A3-A8CQ-01Z-00-DX1.78DA0827-5FB8-4B9F-A845-22F85830B5FB,gigapath,GigaPath,40x,2p5x,40× ↔ 2.5×,1395,1395,200,200,5,0.17140288650989532,0.2326517403125763,0.2020273134112358,0.004824161529541016
KIRC,TCGA-AK-3444-01Z-00-DX1.1F0E0B47-29FF-456F-800A-539983FDCFAA,gigapath,GigaPath,40x,10x,40× ↔ 10×,5029,5029,200,200,5,0.342221200466156,0.36262473464012146,0.35242296755313873,0.07908344268798828
KIRC,TCGA-AK-3444-01Z-00-DX1.1F0E0B47-29FF-456F-800A-539983FDCFAA,gigapath,GigaPath,10x,2p5x,10× ↔ 2.5×,5029,5029,200,200,5,0.3812483251094818,0.5402126312255859,0.4607304781675339,0.04702949523925781
KIRC,TCGA-AK-3444-01Z-00-DX1.1F0E0B47-29FF-456F-800A-539983FDCFAA,gigapath,GigaPath,40x,2p5x,40× ↔ 2.5×,5029,5029,200,200,5,0.10610639303922653,0.3023597002029419,0.2042330466210842,0.01343846321105957
KIRC,TCGA-B0-5094-01Z-00-DX1.eac31fe2-09da-4ecf-8e25-c073cbb03295,gigapath,GigaPath,40x,10x,40× ↔ 10×,23201,23201,200,200,5,0.5089430212974548,0.543734073638916,0.5263385474681854,0.5778355598449707
KIRC,TCGA-B0-5094-01Z-00-DX1.eac31fe2-09da-4ecf-8e25-c073cbb03295,gigapath,GigaPath,10x,2p5x,10× ↔ 2.5×,23201,23201,200,200,5,0.4242066740989685,0.6508228778839111,0.5375147759914398,0.31446003913879395
KIRC,TCGA-B0-5094-01Z-00-DX1.eac31fe2-09da-4ecf-8e25-c073cbb03295,gigapath,GigaPath,40x,2p5x,40× ↔ 2.5×,23201,23201,200,200,5,0.31240421533584595,0.40498432517051697,0.35869427025318146,0.22563862800598145
KIRC,TCGA-B0-5106-01Z-00-DX1.564e51a3-be50-4eed-ba9c-4d478b96ffc6,gigapath,GigaPath,40x,10x,40× ↔ 10×,26156,26156,200,200,5,0.3984048068523407,0.48431044816970825,0.4413576275110245,0.5866038799285889
KIRC,TCGA-B0-5106-01Z-00-DX1.564e51a3-be50-4eed-ba9c-4d478b96ffc6,gigapath,GigaPath,10x,2p5x,10× ↔ 2.5×,26156,26156,200,200,5,0.3680790364742279,0.5931029915809631,0.4805910140275955,0.27350687980651855
KIRC,TCGA-B0-5106-01Z-00-DX1.564e51a3-be50-4eed-ba9c-4d478b96ffc6,gigapath,GigaPath,40x,2p5x,40× ↔ 2.5×,26156,26156,200,200,5,0.1995045244693756,0.25490668416023254,0.22720560431480408,0.17183756828308105
KIRC,TCGA-B0-5711-01Z-00-DX1.6839921f-ec08-4e94-8bf9-4b5a4fcdda45,gigapath,GigaPath,40x,10x,40× ↔ 10×,23048,23048,200,200,5,0.37876883149147034,0.4303453266620636,0.40455707907676697,0.45369815826416016
KIRC,TCGA-B0-5711-01Z-00-DX1.6839921f-ec08-4e94-8bf9-4b5a4fcdda45,gigapath,GigaPath,10x,2p5x,10× ↔ 2.5×,23048,23048,200,200,5,0.34074196219444275,0.5000040531158447,0.42037300765514374,0.3321866989135742
KIRC,TCGA-B0-5711-01Z-00-DX1.6839921f-ec08-4e94-8bf9-4b5a4fcdda45,gigapath,GigaPath,40x,2p5x,40× ↔ 2.5×,23048,23048,200,200,5,0.21089397370815277,0.27385616302490234,0.24237506836652756,0.189131498336792
KIRC,TCGA-B2-5633-01Z-00-DX1.c55a29ca-468e-46de-9ff5-a51f46fe09fd,gigapath,GigaPath,40x,10x,40× ↔ 10×,3974,3974,200,200,5,0.33229464292526245,0.44767051935195923,0.38998258113861084,0.06487107276916504
KIRC,TCGA-B2-5633-01Z-00-DX1.c55a29ca-468e-46de-9ff5-a51f46fe09fd,gigapath,GigaPath,10x,2p5x,10× ↔ 2.5×,3974,3974,200,200,5,0.3124678134918213,0.5867752432823181,0.4496215283870697,0.03684496879577637
KIRC,TCGA-B2-5633-01Z-00-DX1.c55a29ca-468e-46de-9ff5-a51f46fe09fd,gigapath,GigaPath,40x,2p5x,40× ↔ 2.5×,3974,3974,200,200,5,0.18538247048854828,0.2981329560279846,0.24175771325826645,0.011812925338745117
KIRC,TCGA-BP-4991-01Z-00-DX1.71305f5c-ca59-48fa-bb82-4b441c1fffdc,gigapath,GigaPath,40x,10x,40× ↔ 10×,31068,31068,200,200,5,0.3919033408164978,0.44858279824256897,0.4202430695295334,0.751774787902832
KIRC,TCGA-BP-4991-01Z-00-DX1.71305f5c-ca59-48fa-bb82-4b441c1fffdc,gigapath,GigaPath,10x,2p5x,10× ↔ 2.5×,31068,31068,200,200,5,0.39629462361335754,0.4634738862514496,0.42988425493240356,0.5257458686828613
KIRC,TCGA-BP-4991-01Z-00-DX1.71305f5c-ca59-48fa-bb82-4b441c1fffdc,gigapath,GigaPath,40x,2p5x,40× ↔ 2.5×,31068,31068,200,200,5,0.2657487094402313,0.3026684820652008,0.28420859575271606,0.3989124298095703
KIRC,TCGA-BP-5201-01Z-00-DX1.d1a9878e-bb97-48fb-9098-9d9337f06250,gigapath,GigaPath,40x,10x,40× ↔ 10×,12763,12763,200,200,5,0.45868566632270813,0.5167477130889893,0.4877166897058487,0.2102053165435791
KIRC,TCGA-BP-5201-01Z-00-DX1.d1a9878e-bb97-48fb-9098-9d9337f06250,gigapath,GigaPath,10x,2p5x,10× ↔ 2.5×,12763,12763,200,200,5,0.36561164259910583,0.46147796511650085,0.41354480385780334,0.12777423858642578
KIRC,TCGA-BP-5201-01Z-00-DX1.d1a9878e-bb97-48fb-9098-9d9337f06250,gigapath,GigaPath,40x,2p5x,40× ↔ 2.5×,12763,12763,200,200,5,0.2421673983335495,0.32850366830825806,0.2853355333209038,0.04487419128417969
KIRC,TCGA-A3-3346-01Z-00-DX1.95280216-fd71-4a03-b452-6e3d667f2542,gigapath_flash,GigaPath-Flash,40x,10x,40× ↔ 10×,2240,2240,200,200,5,0.4349472224712372,0.4327217638492584,0.4338344931602478,0.010820388793945312
KIRC,TCGA-A3-3346-01Z-00-DX1.95280216-fd71-4a03-b452-6e3d667f2542,gigapath_flash,GigaPath-Flash,10x,2p5x,10× ↔ 2.5×,2240,2240,200,200,5,0.5008063912391663,0.7603011727333069,0.6305537819862366,0.006589174270629883
KIRC,TCGA-A3-3346-01Z-00-DX1.95280216-fd71-4a03-b452-6e3d667f2542,gigapath_flash,GigaPath-Flash,40x,2p5x,40× ↔ 2.5×,2240,2240,200,200,5,0.3453977406024933,0.5083698034286499,0.4268837720155716,0.0036361217498779297
KIRC,TCGA-A3-A8CQ-01Z-00-DX1.78DA0827-5FB8-4B9F-A845-22F85830B5FB,gigapath_flash,GigaPath-Flash,40x,10x,40× ↔ 10×,1395,1395,200,200,5,0.3864540159702301,0.3913661241531372,0.38891007006168365,0.006726264953613281
KIRC,TCGA-A3-A8CQ-01Z-00-DX1.78DA0827-5FB8-4B9F-A845-22F85830B5FB,gigapath_flash,GigaPath-Flash,10x,2p5x,10× ↔ 2.5×,1395,1395,200,200,5,0.4293961226940155,0.5391032099723816,0.48424966633319855,0.004601240158081055
KIRC,TCGA-A3-A8CQ-01Z-00-DX1.78DA0827-5FB8-4B9F-A845-22F85830B5FB,gigapath_flash,GigaPath-Flash,40x,2p5x,40× ↔ 2.5×,1395,1395,200,200,5,0.41637033224105835,0.5912793278694153,0.5038248300552368,0.0019516944885253906
KIRC,TCGA-AK-3444-01Z-00-DX1.1F0E0B47-29FF-456F-800A-539983FDCFAA,gigapath_flash,GigaPath-Flash,40x,10x,40× ↔ 10×,5029,5029,200,200,5,0.45065703988075256,0.42571988701820374,0.43818846344947815,0.021327733993530273
KIRC,TCGA-AK-3444-01Z-00-DX1.1F0E0B47-29FF-456F-800A-539983FDCFAA,gigapath_flash,GigaPath-Flash,10x,2p5x,10× ↔ 2.5×,5029,5029,200,200,5,0.4026128351688385,0.6075469851493835,0.505079910159111,0.012009382247924805
KIRC,TCGA-AK-3444-01Z-00-DX1.1F0E0B47-29FF-456F-800A-539983FDCFAA,gigapath_flash,GigaPath-Flash,40x,2p5x,40× ↔ 2.5×,5029,5029,200,200,5,0.21383963525295258,0.47616156935691833,0.34500060230493546,0.005012035369873047
KIRC,TCGA-B0-5094-01Z-00-DX1.eac31fe2-09da-4ecf-8e25-c073cbb03295,gigapath_flash,GigaPath-Flash,40x,10x,40× ↔ 10×,23201,23201,200,200,5,0.6848272681236267,0.6716309189796448,0.6782290935516357,0.09738469123840332
KIRC,TCGA-B0-5094-01Z-00-DX1.eac31fe2-09da-4ecf-8e25-c073cbb03295,gigapath_flash,GigaPath-Flash,10x,2p5x,10× ↔ 2.5×,23201,23201,200,200,5,0.5720191597938538,0.7761227488517761,0.6740709543228149,0.059322357177734375
KIRC,TCGA-B0-5094-01Z-00-DX1.eac31fe2-09da-4ecf-8e25-c073cbb03295,gigapath_flash,GigaPath-Flash,40x,2p5x,40× ↔ 2.5×,23201,23201,200,200,5,0.5238061547279358,0.5993459820747375,0.5615760684013367,0.022356748580932617
KIRC,TCGA-B0-5106-01Z-00-DX1.564e51a3-be50-4eed-ba9c-4d478b96ffc6,gigapath_flash,GigaPath-Flash,40x,10x,40× ↔ 10×,26156,26156,200,200,5,0.5814214944839478,0.6155474185943604,0.598484456539154,0.10622286796569824
KIRC,TCGA-B0-5106-01Z-00-DX1.564e51a3-be50-4eed-ba9c-4d478b96ffc6,gigapath_flash,GigaPath-Flash,10x,2p5x,10× ↔ 2.5×,26156,26156,200,200,5,0.47938272356987,0.6359280943870544,0.5576554089784622,0.06946229934692383
KIRC,TCGA-B0-5106-01Z-00-DX1.564e51a3-be50-4eed-ba9c-4d478b96ffc6,gigapath_flash,GigaPath-Flash,40x,2p5x,40× ↔ 2.5×,26156,26156,200,200,5,0.34529203176498413,0.4950679540634155,0.42017999291419983,0.028169631958007812
KIRC,TCGA-B0-5711-01Z-00-DX1.6839921f-ec08-4e94-8bf9-4b5a4fcdda45,gigapath_flash,GigaPath-Flash,40x,10x,40× ↔ 10×,23048,23048,200,200,5,0.5901562571525574,0.5767431259155273,0.5834496915340424,0.10271167755126953
KIRC,TCGA-B0-5711-01Z-00-DX1.6839921f-ec08-4e94-8bf9-4b5a4fcdda45,gigapath_flash,GigaPath-Flash,10x,2p5x,10× ↔ 2.5×,23048,23048,200,200,5,0.5065443515777588,0.5521370768547058,0.5293407142162323,0.06480550765991211
KIRC,TCGA-B0-5711-01Z-00-DX1.6839921f-ec08-4e94-8bf9-4b5a4fcdda45,gigapath_flash,GigaPath-Flash,40x,2p5x,40× ↔ 2.5×,23048,23048,200,200,5,0.45956292748451233,0.5249541997909546,0.49225856363773346,0.023153066635131836
KIRC,TCGA-B2-5633-01Z-00-DX1.c55a29ca-468e-46de-9ff5-a51f46fe09fd,gigapath_flash,GigaPath-Flash,40x,10x,40× ↔ 10×,3974,3974,200,200,5,0.5191593766212463,0.5904966592788696,0.554828017950058,0.018729209899902344
KIRC,TCGA-B2-5633-01Z-00-DX1.c55a29ca-468e-46de-9ff5-a51f46fe09fd,gigapath_flash,GigaPath-Flash,10x,2p5x,10× ↔ 2.5×,3974,3974,200,200,5,0.437123566865921,0.6598251461982727,0.5484743565320969,0.010225534439086914
KIRC,TCGA-B2-5633-01Z-00-DX1.c55a29ca-468e-46de-9ff5-a51f46fe09fd,gigapath_flash,GigaPath-Flash,40x,2p5x,40× ↔ 2.5×,3974,3974,200,200,5,0.3524478077888489,0.4549562633037567,0.4037020355463028,0.0036554336547851562
KIRC,TCGA-BP-4991-01Z-00-DX1.71305f5c-ca59-48fa-bb82-4b441c1fffdc,gigapath_flash,GigaPath-Flash,40x,10x,40× ↔ 10×,31068,31068,200,200,5,0.5636624693870544,0.5720192790031433,0.5678408741950989,0.17741012573242188
KIRC,TCGA-BP-4991-01Z-00-DX1.71305f5c-ca59-48fa-bb82-4b441c1fffdc,gigapath_flash,GigaPath-Flash,10x,2p5x,10× ↔ 2.5×,31068,31068,200,200,5,0.5155850052833557,0.5504005551338196,0.5329927802085876,0.09132933616638184
KIRC,TCGA-BP-4991-01Z-00-DX1.71305f5c-ca59-48fa-bb82-4b441c1fffdc,gigapath_flash,GigaPath-Flash,40x,2p5x,40× ↔ 2.5×,31068,31068,200,200,5,0.4704737067222595,0.5523756146430969,0.5114246606826782,0.03071427345275879
KIRC,TCGA-BP-5201-01Z-00-DX1.d1a9878e-bb97-48fb-9098-9d9337f06250,gigapath_flash,GigaPath-Flash,40x,10x,40× ↔ 10×,12763,12763,200,200,5,0.6962295174598694,0.695145845413208,0.6956876814365387,0.056533098220825195
KIRC,TCGA-BP-5201-01Z-00-DX1.d1a9878e-bb97-48fb-9098-9d9337f06250,gigapath_flash,GigaPath-Flash,10x,2p5x,10× ↔ 2.5×,12763,12763,200,200,5,0.5462524890899658,0.6256765723228455,0.5859645307064056,0.027612686157226562
KIRC,TCGA-BP-5201-01Z-00-DX1.d1a9878e-bb97-48fb-9098-9d9337f06250,gigapath_flash,GigaPath-Flash,40x,2p5x,40× ↔ 2.5×,12763,12763,200,200,5,0.5399824976921082,0.6015779376029968,0.5707802176475525,0.009503602981567383
LUAD,TCGA-55-6986-01Z-00-DX1.ae52d41e-3cd6-4d36-b04b-2ea7d29bd8da,phikon,Phikon,40x,10x,40× ↔ 10×,5951,5951,200,200,5,0.624346137046814,0.6553857326507568,0.6398659348487854,0.03859281539916992
LUAD,TCGA-55-6986-01Z-00-DX1.ae52d41e-3cd6-4d36-b04b-2ea7d29bd8da,phikon,Phikon,10x,2p5x,10× ↔ 2.5×,5951,5951,200,200,5,0.49620047211647034,0.5414859652519226,0.5188432186841965,0.019073963165283203
LUAD,TCGA-55-6986-01Z-00-DX1.ae52d41e-3cd6-4d36-b04b-2ea7d29bd8da,phikon,Phikon,40x,2p5x,40× ↔ 2.5×,5951,5951,200,200,5,0.2544180154800415,0.3884100615978241,0.3214140385389328,0.008661031723022461
LUAD,TCGA-64-5779-01Z-00-DX1.B3268447-DCE0-4927-B5A9-EC4D61E9B17D,phikon,Phikon,40x,10x,40× ↔ 10×,15338,15338,200,200,5,0.6259491443634033,0.598657488822937,0.6123033165931702,0.2556788921356201
LUAD,TCGA-64-5779-01Z-00-DX1.B3268447-DCE0-4927-B5A9-EC4D61E9B17D,phikon,Phikon,10x,2p5x,10× ↔ 2.5×,15338,15338,200,200,5,0.31745654344558716,0.4971729815006256,0.4073147624731064,0.08690190315246582
LUAD,TCGA-64-5779-01Z-00-DX1.B3268447-DCE0-4927-B5A9-EC4D61E9B17D,phikon,Phikon,40x,2p5x,40× ↔ 2.5×,15338,15338,200,200,5,0.11289992928504944,0.264602392911911,0.18875116109848022,0.0942072868347168
LUAD,TCGA-78-7158-01Z-00-DX1.74db3dcd-2715-4ce7-8e48-30c8b7946ba0,phikon,Phikon,40x,10x,40× ↔ 10×,23198,23198,200,200,5,0.6599963307380676,0.6541999578475952,0.6570981442928314,0.30233120918273926
LUAD,TCGA-78-7158-01Z-00-DX1.74db3dcd-2715-4ce7-8e48-30c8b7946ba0,phikon,Phikon,10x,2p5x,10× ↔ 2.5×,23198,23198,200,200,5,0.5998548865318298,0.6970423460006714,0.6484486162662506,0.25042271614074707
LUAD,TCGA-78-7158-01Z-00-DX1.74db3dcd-2715-4ce7-8e48-30c8b7946ba0,phikon,Phikon,40x,2p5x,40× ↔ 2.5×,23198,23198,200,200,5,0.3046579658985138,0.39442554116249084,0.3495417535305023,0.06846976280212402
LUAD,TCGA-78-7163-01Z-00-DX1.42880bdf-271d-41dd-aada-e7ec1156ff31,phikon,Phikon,40x,10x,40× ↔ 10×,21422,21422,200,200,5,0.7845035195350647,0.7341999411582947,0.7593517303466797,0.185227632522583
LUAD,TCGA-78-7163-01Z-00-DX1.42880bdf-271d-41dd-aada-e7ec1156ff31,phikon,Phikon,10x,2p5x,10× ↔ 2.5×,21422,21422,200,200,5,0.5493796467781067,0.5369706749916077,0.5431751608848572,0.1959068775177002
LUAD,TCGA-78-7163-01Z-00-DX1.42880bdf-271d-41dd-aada-e7ec1156ff31,phikon,Phikon,40x,2p5x,40× ↔ 2.5×,21422,21422,200,200,5,0.41840416193008423,0.4084421694278717,0.41342316567897797,0.04311990737915039
LUAD,TCGA-78-7536-01Z-00-DX1.6b066140-8b82-40a5-bd48-430eeb4463fe,phikon,Phikon,40x,10x,40× ↔ 10×,32971,32971,200,200,5,0.5938276052474976,0.6181686520576477,0.6059981286525726,0.2883737087249756
LUAD,TCGA-78-7536-01Z-00-DX1.6b066140-8b82-40a5-bd48-430eeb4463fe,phikon,Phikon,10x,2p5x,10× ↔ 2.5×,32971,32971,200,200,5,0.44178247451782227,0.5724514126777649,0.5071169435977936,0.16545629501342773
LUAD,TCGA-78-7536-01Z-00-DX1.6b066140-8b82-40a5-bd48-430eeb4463fe,phikon,Phikon,40x,2p5x,40× ↔ 2.5×,32971,32971,200,200,5,0.22166688740253448,0.3015565872192383,0.2616117373108864,0.05812215805053711
LUAD,TCGA-86-8668-01Z-00-DX1.d720d486-02c7-4f98-8feb-e0e50a12c158,phikon,Phikon,40x,10x,40× ↔ 10×,14624,14624,200,200,5,0.5741847157478333,0.5772125720977783,0.5756986439228058,0.14586758613586426
LUAD,TCGA-86-8668-01Z-00-DX1.d720d486-02c7-4f98-8feb-e0e50a12c158,phikon,Phikon,10x,2p5x,10× ↔ 2.5×,14624,14624,200,200,5,0.4455282390117645,0.5217681527137756,0.4836481958627701,0.08482193946838379
LUAD,TCGA-86-8668-01Z-00-DX1.d720d486-02c7-4f98-8feb-e0e50a12c158,phikon,Phikon,40x,2p5x,40× ↔ 2.5×,14624,14624,200,200,5,0.1686076670885086,0.36367067694664,0.2661391720175743,0.026915788650512695
LUAD,TCGA-97-A4LX-01Z-00-DX1.B2334672-A626-4E74-B4D1-A79F70F65909,phikon,Phikon,40x,10x,40× ↔ 10×,19346,19346,200,200,5,0.6536889672279358,0.6154662370681763,0.634577602148056,0.20097613334655762
LUAD,TCGA-97-A4LX-01Z-00-DX1.B2334672-A626-4E74-B4D1-A79F70F65909,phikon,Phikon,10x,2p5x,10× ↔ 2.5×,19346,19346,200,200,5,0.4524023234844208,0.5225571990013123,0.4874797612428665,0.12379336357116699
LUAD,TCGA-97-A4LX-01Z-00-DX1.B2334672-A626-4E74-B4D1-A79F70F65909,phikon,Phikon,40x,2p5x,40× ↔ 2.5×,19346,19346,200,200,5,0.1589563488960266,0.2969069182872772,0.22793163359165192,0.03547954559326172
LUAD,TCGA-97-A4M2-01Z-00-DX1.5C72522C-1538-4D68-B517-5FB05A9D401A,phikon,Phikon,40x,10x,40× ↔ 10×,8962,8962,200,200,5,0.6771605610847473,0.6200002431869507,0.648580402135849,0.09303402900695801
LUAD,TCGA-97-A4M2-01Z-00-DX1.5C72522C-1538-4D68-B517-5FB05A9D401A,phikon,Phikon,10x,2p5x,10× ↔ 2.5×,8962,8962,200,200,5,0.43881088495254517,0.509366512298584,0.4740886986255646,0.05271553993225098
LUAD,TCGA-97-A4M2-01Z-00-DX1.5C72522C-1538-4D68-B517-5FB05A9D401A,phikon,Phikon,40x,2p5x,40× ↔ 2.5×,8962,8962,200,200,5,0.14290812611579895,0.24695663154125214,0.19493237882852554,0.01318812370300293
LUAD,TCGA-J2-A4AE-01Z-00-DX1.42C5DE4A-7787-4E59-8969-D12503262C96,phikon,Phikon,40x,10x,40× ↔ 10×,14491,14491,200,200,5,0.6481332182884216,0.6051335334777832,0.6266333758831024,0.1782064437866211
LUAD,TCGA-J2-A4AE-01Z-00-DX1.42C5DE4A-7787-4E59-8969-D12503262C96,phikon,Phikon,10x,2p5x,10× ↔ 2.5×,14491,14491,200,200,5,0.4429952800273895,0.5154439210891724,0.47921960055828094,0.11478066444396973
LUAD,TCGA-J2-A4AE-01Z-00-DX1.42C5DE4A-7787-4E59-8969-D12503262C96,phikon,Phikon,40x,2p5x,40× ↔ 2.5×,14491,14491,200,200,5,0.09776480495929718,0.30296364426612854,0.20036422461271286,0.07194805145263672
LUAD,TCGA-55-6986-01Z-00-DX1.ae52d41e-3cd6-4d36-b04b-2ea7d29bd8da,uni,UNI,40x,10x,40× ↔ 10×,5951,5951,200,200,5,0.4094942808151245,0.4365474581718445,0.4230208694934845,0.05744767189025879
LUAD,TCGA-55-6986-01Z-00-DX1.ae52d41e-3cd6-4d36-b04b-2ea7d29bd8da,uni,UNI,10x,2p5x,10× ↔ 2.5×,5951,5951,200,200,5,0.34622520208358765,0.3719252645969391,0.35907523334026337,0.03421616554260254
LUAD,TCGA-55-6986-01Z-00-DX1.ae52d41e-3cd6-4d36-b04b-2ea7d29bd8da,uni,UNI,40x,2p5x,40× ↔ 2.5×,5951,5951,200,200,5,0.19541238248348236,0.2696388363838196,0.23252560943365097,0.011393547058105469
LUAD,TCGA-64-5779-01Z-00-DX1.B3268447-DCE0-4927-B5A9-EC4D61E9B17D,uni,UNI,40x,10x,40× ↔ 10×,15338,15338,200,200,5,0.4474356770515442,0.4731142222881317,0.46027494966983795,0.34340643882751465
LUAD,TCGA-64-5779-01Z-00-DX1.B3268447-DCE0-4927-B5A9-EC4D61E9B17D,uni,UNI,10x,2p5x,10× ↔ 2.5×,15338,15338,200,200,5,0.21825964748859406,0.31652966141700745,0.26739465445280075,0.19223546981811523
LUAD,TCGA-64-5779-01Z-00-DX1.B3268447-DCE0-4927-B5A9-EC4D61E9B17D,uni,UNI,40x,2p5x,40× ↔ 2.5×,15338,15338,200,200,5,0.08884068578481674,0.1664777398109436,0.12765921279788017,0.049066781997680664
LUAD,TCGA-78-7158-01Z-00-DX1.74db3dcd-2715-4ce7-8e48-30c8b7946ba0,uni,UNI,40x,10x,40× ↔ 10×,23198,23198,200,200,5,0.4455776810646057,0.49238455295562744,0.4689811170101166,0.3053550720214844
LUAD,TCGA-78-7158-01Z-00-DX1.74db3dcd-2715-4ce7-8e48-30c8b7946ba0,uni,UNI,10x,2p5x,10× ↔ 2.5×,23198,23198,200,200,5,0.4500932991504669,0.5343253016471863,0.4922093003988266,0.24097418785095215
LUAD,TCGA-78-7158-01Z-00-DX1.74db3dcd-2715-4ce7-8e48-30c8b7946ba0,uni,UNI,40x,2p5x,40× ↔ 2.5×,23198,23198,200,200,5,0.220120370388031,0.2879916727542877,0.25405602157115936,0.06144595146179199
LUAD,TCGA-78-7163-01Z-00-DX1.42880bdf-271d-41dd-aada-e7ec1156ff31,uni,UNI,40x,10x,40× ↔ 10×,21422,21422,200,200,5,0.4819996953010559,0.5091546177864075,0.4955771565437317,0.23296117782592773
LUAD,TCGA-78-7163-01Z-00-DX1.42880bdf-271d-41dd-aada-e7ec1156ff31,uni,UNI,10x,2p5x,10× ↔ 2.5×,21422,21422,200,200,5,0.42957213521003723,0.4544874429702759,0.44202978909015656,0.14583086967468262
LUAD,TCGA-78-7163-01Z-00-DX1.42880bdf-271d-41dd-aada-e7ec1156ff31,uni,UNI,40x,2p5x,40× ↔ 2.5×,21422,21422,200,200,5,0.3322853147983551,0.37223994731903076,0.35226263105869293,0.0523829460144043
LUAD,TCGA-78-7536-01Z-00-DX1.6b066140-8b82-40a5-bd48-430eeb4463fe,uni,UNI,40x,10x,40× ↔ 10×,32971,32971,200,200,5,0.4269525110721588,0.465095579624176,0.4460240453481674,0.48993778228759766
LUAD,TCGA-78-7536-01Z-00-DX1.6b066140-8b82-40a5-bd48-430eeb4463fe,uni,UNI,10x,2p5x,10× ↔ 2.5×,32971,32971,200,200,5,0.38760778307914734,0.4616435170173645,0.4246256500482559,0.36020946502685547
LUAD,TCGA-78-7536-01Z-00-DX1.6b066140-8b82-40a5-bd48-430eeb4463fe,uni,UNI,40x,2p5x,40× ↔ 2.5×,32971,32971,200,200,5,0.19585318863391876,0.269252747297287,0.23255296796560287,0.24417662620544434
LUAD,TCGA-86-8668-01Z-00-DX1.d720d486-02c7-4f98-8feb-e0e50a12c158,uni,UNI,40x,10x,40× ↔ 10×,14624,14624,200,200,5,0.4151332676410675,0.4314936101436615,0.4233134388923645,0.19470763206481934
LUAD,TCGA-86-8668-01Z-00-DX1.d720d486-02c7-4f98-8feb-e0e50a12c158,uni,UNI,10x,2p5x,10× ↔ 2.5×,14624,14624,200,200,5,0.3191256523132324,0.3181876242160797,0.31865663826465607,0.11714887619018555
LUAD,TCGA-86-8668-01Z-00-DX1.d720d486-02c7-4f98-8feb-e0e50a12c158,uni,UNI,40x,2p5x,40× ↔ 2.5×,14624,14624,200,200,5,0.18975234031677246,0.23749057948589325,0.21362145990133286,0.03511214256286621
LUAD,TCGA-97-A4LX-01Z-00-DX1.B2334672-A626-4E74-B4D1-A79F70F65909,uni,UNI,40x,10x,40× ↔ 10×,19346,19346,200,200,5,0.34558555483818054,0.35056185722351074,0.34807370603084564,0.2639923095703125
LUAD,TCGA-97-A4LX-01Z-00-DX1.B2334672-A626-4E74-B4D1-A79F70F65909,uni,UNI,10x,2p5x,10× ↔ 2.5×,19346,19346,200,200,5,0.2805209159851074,0.3207164704799652,0.3006186932325363,0.15110373497009277
LUAD,TCGA-97-A4LX-01Z-00-DX1.B2334672-A626-4E74-B4D1-A79F70F65909,uni,UNI,40x,2p5x,40× ↔ 2.5×,19346,19346,200,200,5,0.10527444630861282,0.1676366627216339,0.13645555451512337,0.04605722427368164
LUAD,TCGA-97-A4M2-01Z-00-DX1.5C72522C-1538-4D68-B517-5FB05A9D401A,uni,UNI,40x,10x,40× ↔ 10×,8962,8962,200,200,5,0.32597532868385315,0.3716866970062256,0.34883101284503937,0.1306614875793457
LUAD,TCGA-97-A4M2-01Z-00-DX1.5C72522C-1538-4D68-B517-5FB05A9D401A,uni,UNI,10x,2p5x,10× ↔ 2.5×,8962,8962,200,200,5,0.26360660791397095,0.28964507579803467,0.2766258418560028,0.07557106018066406
LUAD,TCGA-97-A4M2-01Z-00-DX1.5C72522C-1538-4D68-B517-5FB05A9D401A,uni,UNI,40x,2p5x,40× ↔ 2.5×,8962,8962,200,200,5,0.10322404652833939,0.16993719339370728,0.13658061996102333,0.02223944664001465
LUAD,TCGA-J2-A4AE-01Z-00-DX1.42C5DE4A-7787-4E59-8969-D12503262C96,uni,UNI,40x,10x,40× ↔ 10×,14491,14491,200,200,5,0.2814815044403076,0.3076470196247101,0.29456426203250885,0.3094017505645752
LUAD,TCGA-J2-A4AE-01Z-00-DX1.42C5DE4A-7787-4E59-8969-D12503262C96,uni,UNI,10x,2p5x,10× ↔ 2.5×,14491,14491,200,200,5,0.2545122802257538,0.31500348448753357,0.2847578823566437,0.12442183494567871
LUAD,TCGA-J2-A4AE-01Z-00-DX1.42C5DE4A-7787-4E59-8969-D12503262C96,uni,UNI,40x,2p5x,40× ↔ 2.5×,14491,14491,200,200,5,0.0741748958826065,0.15473604202270508,0.11445546895265579,0.03460979461669922
LUAD,TCGA-55-6986-01Z-00-DX1.ae52d41e-3cd6-4d36-b04b-2ea7d29bd8da,virchow,Virchow,40x,10x,40× ↔ 10×,5951,5951,200,200,5,0.8328235149383545,0.6913964748382568,0.7621099948883057,0.13222455978393555
LUAD,TCGA-55-6986-01Z-00-DX1.ae52d41e-3cd6-4d36-b04b-2ea7d29bd8da,virchow,Virchow,10x,2p5x,10× ↔ 2.5×,5951,5951,200,200,5,0.5598863959312439,0.5990706086158752,0.5794785022735596,0.07311487197875977
LUAD,TCGA-55-6986-01Z-00-DX1.ae52d41e-3cd6-4d36-b04b-2ea7d29bd8da,virchow,Virchow,40x,2p5x,40× ↔ 2.5×,5951,5951,200,200,5,0.24158866703510284,0.5295594930648804,0.3855740800499916,0.03462386131286621
LUAD,TCGA-64-5779-01Z-00-DX1.B3268447-DCE0-4927-B5A9-EC4D61E9B17D,virchow,Virchow,40x,10x,40× ↔ 10×,15338,15338,200,200,5,0.8056806921958923,0.6469111442565918,0.7262959182262421,0.628629207611084
LUAD,TCGA-64-5779-01Z-00-DX1.B3268447-DCE0-4927-B5A9-EC4D61E9B17D,virchow,Virchow,10x,2p5x,10× ↔ 2.5×,15338,15338,200,200,5,0.2437029629945755,0.5416370034217834,0.3926699832081795,0.48116040229797363
LUAD,TCGA-64-5779-01Z-00-DX1.B3268447-DCE0-4927-B5A9-EC4D61E9B17D,virchow,Virchow,40x,2p5x,40× ↔ 2.5×,15338,15338,200,200,5,0.1467747837305069,0.2203473448753357,0.1835610643029213,0.13759636878967285
LUAD,TCGA-78-7158-01Z-00-DX1.74db3dcd-2715-4ce7-8e48-30c8b7946ba0,virchow,Virchow,40x,10x,40× ↔ 10×,23198,23198,200,200,5,0.881184995174408,0.791265070438385,0.8362250328063965,0.7625415325164795
LUAD,TCGA-78-7158-01Z-00-DX1.74db3dcd-2715-4ce7-8e48-30c8b7946ba0,virchow,Virchow,10x,2p5x,10× ↔ 2.5×,23198,23198,200,200,5,0.5137565732002258,0.6210480332374573,0.5674023032188416,0.3656892776489258
LUAD,TCGA-78-7158-01Z-00-DX1.74db3dcd-2715-4ce7-8e48-30c8b7946ba0,virchow,Virchow,40x,2p5x,40× ↔ 2.5×,23198,23198,200,200,5,0.4660055935382843,0.47877511382102966,0.472390353679657,0.13963603973388672
LUAD,TCGA-78-7163-01Z-00-DX1.42880bdf-271d-41dd-aada-e7ec1156ff31,virchow,Virchow,40x,10x,40× ↔ 10×,21422,21422,200,200,5,0.8692183494567871,0.817963182926178,0.8435907661914825,0.46060657501220703
LUAD,TCGA-78-7163-01Z-00-DX1.42880bdf-271d-41dd-aada-e7ec1156ff31,virchow,Virchow,10x,2p5x,10× ↔ 2.5×,21422,21422,200,200,5,0.718796968460083,0.6118979454040527,0.6653474569320679,0.39298462867736816
LUAD,TCGA-78-7163-01Z-00-DX1.42880bdf-271d-41dd-aada-e7ec1156ff31,virchow,Virchow,40x,2p5x,40× ↔ 2.5×,21422,21422,200,200,5,0.6254459619522095,0.6022571921348572,0.6138515770435333,0.13788270950317383
LUAD,TCGA-78-7536-01Z-00-DX1.6b066140-8b82-40a5-bd48-430eeb4463fe,virchow,Virchow,40x,10x,40× ↔ 10×,32971,32971,200,200,5,0.8465096354484558,0.6418888568878174,0.7441992461681366,0.9490635395050049
LUAD,TCGA-78-7536-01Z-00-DX1.6b066140-8b82-40a5-bd48-430eeb4463fe,virchow,Virchow,10x,2p5x,10× ↔ 2.5×,32971,32971,200,200,5,0.5297611355781555,0.6511169075965881,0.5904390215873718,0.9053640365600586
LUAD,TCGA-78-7536-01Z-00-DX1.6b066140-8b82-40a5-bd48-430eeb4463fe,virchow,Virchow,40x,2p5x,40× ↔ 2.5×,32971,32971,200,200,5,0.3166855573654175,0.4263552129268646,0.37152038514614105,0.9289252758026123
LUAD,TCGA-86-8668-01Z-00-DX1.d720d486-02c7-4f98-8feb-e0e50a12c158,virchow,Virchow,40x,10x,40× ↔ 10×,14624,14624,200,200,5,0.8499487042427063,0.6522161960601807,0.7510824501514435,0.23658251762390137
LUAD,TCGA-86-8668-01Z-00-DX1.d720d486-02c7-4f98-8feb-e0e50a12c158,virchow,Virchow,10x,2p5x,10× ↔ 2.5×,14624,14624,200,200,5,0.46303999423980713,0.4838743507862091,0.4734571725130081,0.15721869468688965
LUAD,TCGA-86-8668-01Z-00-DX1.d720d486-02c7-4f98-8feb-e0e50a12c158,virchow,Virchow,40x,2p5x,40× ↔ 2.5×,14624,14624,200,200,5,0.41095396876335144,0.3809058964252472,0.3959299325942993,0.08289670944213867
LUAD,TCGA-97-A4LX-01Z-00-DX1.B2334672-A626-4E74-B4D1-A79F70F65909,virchow,Virchow,40x,10x,40× ↔ 10×,19346,19346,200,200,5,0.7819454073905945,0.4886970818042755,0.635321244597435,0.46212148666381836
LUAD,TCGA-97-A4LX-01Z-00-DX1.B2334672-A626-4E74-B4D1-A79F70F65909,virchow,Virchow,10x,2p5x,10× ↔ 2.5×,19346,19346,200,200,5,0.22585134208202362,0.3981319069862366,0.3119916245341301,0.3548583984375
LUAD,TCGA-97-A4LX-01Z-00-DX1.B2334672-A626-4E74-B4D1-A79F70F65909,virchow,Virchow,40x,2p5x,40× ↔ 2.5×,19346,19346,200,200,5,0.14563944935798645,0.24580219388008118,0.1957208216190338,0.12873244285583496
LUAD,TCGA-97-A4M2-01Z-00-DX1.5C72522C-1538-4D68-B517-5FB05A9D401A,virchow,Virchow,40x,10x,40× ↔ 10×,8962,8962,200,200,5,0.7975056767463684,0.4658266305923462,0.6316661536693573,0.15043926239013672
LUAD,TCGA-97-A4M2-01Z-00-DX1.5C72522C-1538-4D68-B517-5FB05A9D401A,virchow,Virchow,10x,2p5x,10× ↔ 2.5×,8962,8962,200,200,5,0.3170308470726013,0.3751724064350128,0.34610162675380707,0.09867048263549805
LUAD,TCGA-97-A4M2-01Z-00-DX1.5C72522C-1538-4D68-B517-5FB05A9D401A,virchow,Virchow,40x,2p5x,40× ↔ 2.5×,8962,8962,200,200,5,0.2685985267162323,0.2355726808309555,0.2520856037735939,0.05122661590576172
LUAD,TCGA-J2-A4AE-01Z-00-DX1.42C5DE4A-7787-4E59-8969-D12503262C96,virchow,Virchow,40x,10x,40× ↔ 10×,14491,14491,200,200,5,0.6845477223396301,0.5075002312660217,0.5960239768028259,0.3895125389099121
LUAD,TCGA-J2-A4AE-01Z-00-DX1.42C5DE4A-7787-4E59-8969-D12503262C96,virchow,Virchow,10x,2p5x,10× ↔ 2.5×,14491,14491,200,200,5,0.21507318317890167,0.4092332422733307,0.3121532127261162,0.2889251708984375
LUAD,TCGA-J2-A4AE-01Z-00-DX1.42C5DE4A-7787-4E59-8969-D12503262C96,virchow,Virchow,40x,2p5x,40× ↔ 2.5×,14491,14491,200,200,5,0.12483610212802887,0.24208642542362213,0.1834612637758255,0.21586394309997559
LUAD,TCGA-55-6986-01Z-00-DX1.ae52d41e-3cd6-4d36-b04b-2ea7d29bd8da,virchow2,Virchow2,40x,10x,40× ↔ 10×,5951,5951,200,200,5,0.7081016302108765,0.735429048538208,0.7217653393745422,0.17764687538146973
LUAD,TCGA-55-6986-01Z-00-DX1.ae52d41e-3cd6-4d36-b04b-2ea7d29bd8da,virchow2,Virchow2,10x,2p5x,10× ↔ 2.5×,5951,5951,200,200,5,0.6820564270019531,0.6738075017929077,0.6779319643974304,0.10152745246887207
LUAD,TCGA-55-6986-01Z-00-DX1.ae52d41e-3cd6-4d36-b04b-2ea7d29bd8da,virchow2,Virchow2,40x,2p5x,40× ↔ 2.5×,5951,5951,200,200,5,0.5176984667778015,0.5551793575286865,0.536438912153244,0.034216880798339844
LUAD,TCGA-64-5779-01Z-00-DX1.B3268447-DCE0-4927-B5A9-EC4D61E9B17D,virchow2,Virchow2,40x,10x,40× ↔ 10×,15338,15338,200,200,5,0.69890958070755,0.7038851976394653,0.7013973891735077,0.5757293701171875
LUAD,TCGA-64-5779-01Z-00-DX1.B3268447-DCE0-4927-B5A9-EC4D61E9B17D,virchow2,Virchow2,10x,2p5x,10× ↔ 2.5×,15338,15338,200,200,5,0.6183599233627319,0.6232595443725586,0.6208097338676453,0.3301529884338379
LUAD,TCGA-64-5779-01Z-00-DX1.B3268447-DCE0-4927-B5A9-EC4D61E9B17D,virchow2,Virchow2,40x,2p5x,40× ↔ 2.5×,15338,15338,200,200,5,0.5231585502624512,0.44314342737197876,0.48315098881721497,0.1451272964477539
LUAD,TCGA-78-7158-01Z-00-DX1.74db3dcd-2715-4ce7-8e48-30c8b7946ba0,virchow2,Virchow2,40x,10x,40× ↔ 10×,23198,23198,200,200,5,0.688563346862793,0.7273980379104614,0.7079806923866272,0.8449182510375977
LUAD,TCGA-78-7158-01Z-00-DX1.74db3dcd-2715-4ce7-8e48-30c8b7946ba0,virchow2,Virchow2,10x,2p5x,10× ↔ 2.5×,23198,23198,200,200,5,0.6836196780204773,0.6674879193305969,0.6755537986755371,0.45863866806030273
LUAD,TCGA-78-7158-01Z-00-DX1.74db3dcd-2715-4ce7-8e48-30c8b7946ba0,virchow2,Virchow2,40x,2p5x,40× ↔ 2.5×,23198,23198,200,200,5,0.5096791386604309,0.5191484689712524,0.5144138038158417,0.1308126449584961
LUAD,TCGA-78-7163-01Z-00-DX1.42880bdf-271d-41dd-aada-e7ec1156ff31,virchow2,Virchow2,40x,10x,40× ↔ 10×,21422,21422,200,200,5,0.7226042747497559,0.7647585868835449,0.7436814308166504,0.8239905834197998
LUAD,TCGA-78-7163-01Z-00-DX1.42880bdf-271d-41dd-aada-e7ec1156ff31,virchow2,Virchow2,10x,2p5x,10× ↔ 2.5×,21422,21422,200,200,5,0.7560224533081055,0.7507371306419373,0.7533797919750214,0.3883857727050781
LUAD,TCGA-78-7163-01Z-00-DX1.42880bdf-271d-41dd-aada-e7ec1156ff31,virchow2,Virchow2,40x,2p5x,40× ↔ 2.5×,21422,21422,200,200,5,0.5791271328926086,0.6226362586021423,0.6008816957473755,0.19298100471496582
LUAD,TCGA-78-7536-01Z-00-DX1.6b066140-8b82-40a5-bd48-430eeb4463fe,virchow2,Virchow2,40x,10x,40× ↔ 10×,32971,32971,200,200,5,0.7153982520103455,0.7594940066337585,0.737446129322052,1.1108152866363525
LUAD,TCGA-78-7536-01Z-00-DX1.6b066140-8b82-40a5-bd48-430eeb4463fe,virchow2,Virchow2,10x,2p5x,10× ↔ 2.5×,32971,32971,200,200,5,0.661510705947876,0.6796583533287048,0.6705845296382904,0.7165207862854004
LUAD,TCGA-78-7536-01Z-00-DX1.6b066140-8b82-40a5-bd48-430eeb4463fe,virchow2,Virchow2,40x,2p5x,40× ↔ 2.5×,32971,32971,200,200,5,0.5074902772903442,0.5466076731681824,0.5270489752292633,0.5015335083007812
LUAD,TCGA-86-8668-01Z-00-DX1.d720d486-02c7-4f98-8feb-e0e50a12c158,virchow2,Virchow2,40x,10x,40× ↔ 10×,14624,14624,200,200,5,0.6840717792510986,0.7000604271888733,0.692066103219986,0.48995065689086914
LUAD,TCGA-86-8668-01Z-00-DX1.d720d486-02c7-4f98-8feb-e0e50a12c158,virchow2,Virchow2,10x,2p5x,10× ↔ 2.5×,14624,14624,200,200,5,0.6763079166412354,0.6927428841590881,0.6845254004001617,0.3386528491973877
LUAD,TCGA-86-8668-01Z-00-DX1.d720d486-02c7-4f98-8feb-e0e50a12c158,virchow2,Virchow2,40x,2p5x,40× ↔ 2.5×,14624,14624,200,200,5,0.4928697943687439,0.5504526495933533,0.5216612219810486,0.0907437801361084
LUAD,TCGA-97-A4LX-01Z-00-DX1.B2334672-A626-4E74-B4D1-A79F70F65909,virchow2,Virchow2,40x,10x,40× ↔ 10×,19346,19346,200,200,5,0.6783505082130432,0.7026083469390869,0.6904794275760651,0.8190062046051025
LUAD,TCGA-97-A4LX-01Z-00-DX1.B2334672-A626-4E74-B4D1-A79F70F65909,virchow2,Virchow2,10x,2p5x,10× ↔ 2.5×,19346,19346,200,200,5,0.7111693620681763,0.7458447217941284,0.7285070419311523,0.46875929832458496
LUAD,TCGA-97-A4LX-01Z-00-DX1.B2334672-A626-4E74-B4D1-A79F70F65909,virchow2,Virchow2,40x,2p5x,40× ↔ 2.5×,19346,19346,200,200,5,0.5405102968215942,0.5749215483665466,0.5577159225940704,0.11001944541931152
LUAD,TCGA-97-A4M2-01Z-00-DX1.5C72522C-1538-4D68-B517-5FB05A9D401A,virchow2,Virchow2,40x,10x,40× ↔ 10×,8962,8962,200,200,5,0.6688145399093628,0.6813164949417114,0.6750655174255371,0.31797266006469727
LUAD,TCGA-97-A4M2-01Z-00-DX1.5C72522C-1538-4D68-B517-5FB05A9D401A,virchow2,Virchow2,10x,2p5x,10× ↔ 2.5×,8962,8962,200,200,5,0.6976127624511719,0.7066729664802551,0.7021428644657135,0.1973743438720703
LUAD,TCGA-97-A4M2-01Z-00-DX1.5C72522C-1538-4D68-B517-5FB05A9D401A,virchow2,Virchow2,40x,2p5x,40× ↔ 2.5×,8962,8962,200,200,5,0.514866828918457,0.5337026119232178,0.5242847204208374,0.0908055305480957
LUAD,TCGA-J2-A4AE-01Z-00-DX1.42C5DE4A-7787-4E59-8969-D12503262C96,virchow2,Virchow2,40x,10x,40× ↔ 10×,14491,14491,200,200,5,0.7345056533813477,0.7392320036888123,0.73686882853508,0.6106467247009277
LUAD,TCGA-J2-A4AE-01Z-00-DX1.42C5DE4A-7787-4E59-8969-D12503262C96,virchow2,Virchow2,10x,2p5x,10× ↔ 2.5×,14491,14491,200,200,5,0.699955940246582,0.6927692890167236,0.6963626146316528,0.4693737030029297
LUAD,TCGA-J2-A4AE-01Z-00-DX1.42C5DE4A-7787-4E59-8969-D12503262C96,virchow2,Virchow2,40x,2p5x,40× ↔ 2.5×,14491,14491,200,200,5,0.5658143758773804,0.5368470549583435,0.5513307154178619,0.27761292457580566
LUAD,TCGA-55-6986-01Z-00-DX1.ae52d41e-3cd6-4d36-b04b-2ea7d29bd8da,uni2,UNI2,40x,10x,40× ↔ 10×,5951,5951,200,200,5,0.46110236644744873,0.4960387945175171,0.4785705804824829,0.1265699863433838
LUAD,TCGA-55-6986-01Z-00-DX1.ae52d41e-3cd6-4d36-b04b-2ea7d29bd8da,uni2,UNI2,10x,2p5x,10× ↔ 2.5×,5951,5951,200,200,5,0.5364860892295837,0.537699818611145,0.5370929539203644,0.07307100296020508
LUAD,TCGA-55-6986-01Z-00-DX1.ae52d41e-3cd6-4d36-b04b-2ea7d29bd8da,uni2,UNI2,40x,2p5x,40× ↔ 2.5×,5951,5951,200,200,5,0.2591153681278229,0.2990029752254486,0.27905917167663574,0.022249937057495117
LUAD,TCGA-64-5779-01Z-00-DX1.B3268447-DCE0-4927-B5A9-EC4D61E9B17D,uni2,UNI2,40x,10x,40× ↔ 10×,15338,15338,200,200,5,0.3750647306442261,0.41754552721977234,0.3963051289319992,0.3146505355834961
LUAD,TCGA-64-5779-01Z-00-DX1.B3268447-DCE0-4927-B5A9-EC4D61E9B17D,uni2,UNI2,10x,2p5x,10× ↔ 2.5×,15338,15338,200,200,5,0.5433616638183594,0.5798299908638,0.5615958273410797,0.19170188903808594
LUAD,TCGA-64-5779-01Z-00-DX1.B3268447-DCE0-4927-B5A9-EC4D61E9B17D,uni2,UNI2,40x,2p5x,40× ↔ 2.5×,15338,15338,200,200,5,0.20873069763183594,0.2822021245956421,0.245466411113739,0.07251811027526855
LUAD,TCGA-78-7158-01Z-00-DX1.74db3dcd-2715-4ce7-8e48-30c8b7946ba0,uni2,UNI2,40x,10x,40× ↔ 10×,23198,23198,200,200,5,0.44608789682388306,0.48917755484580994,0.4676327258348465,0.5443682670593262
LUAD,TCGA-78-7158-01Z-00-DX1.74db3dcd-2715-4ce7-8e48-30c8b7946ba0,uni2,UNI2,10x,2p5x,10× ↔ 2.5×,23198,23198,200,200,5,0.5419397354125977,0.5832141637802124,0.562576949596405,0.4117741584777832
LUAD,TCGA-78-7158-01Z-00-DX1.74db3dcd-2715-4ce7-8e48-30c8b7946ba0,uni2,UNI2,40x,2p5x,40× ↔ 2.5×,23198,23198,200,200,5,0.22696715593338013,0.2938099801540375,0.2603885680437088,0.12748336791992188
LUAD,TCGA-78-7163-01Z-00-DX1.42880bdf-271d-41dd-aada-e7ec1156ff31,uni2,UNI2,40x,10x,40× ↔ 10×,21422,21422,200,200,5,0.5524086952209473,0.5662792921066284,0.5593439936637878,0.458418607711792
LUAD,TCGA-78-7163-01Z-00-DX1.42880bdf-271d-41dd-aada-e7ec1156ff31,uni2,UNI2,10x,2p5x,10× ↔ 2.5×,21422,21422,200,200,5,0.6691377758979797,0.6855586171150208,0.6773481965065002,0.3614485263824463
LUAD,TCGA-78-7163-01Z-00-DX1.42880bdf-271d-41dd-aada-e7ec1156ff31,uni2,UNI2,40x,2p5x,40× ↔ 2.5×,21422,21422,200,200,5,0.3801782429218292,0.4336439371109009,0.40691109001636505,0.1911160945892334
LUAD,TCGA-78-7536-01Z-00-DX1.6b066140-8b82-40a5-bd48-430eeb4463fe,uni2,UNI2,40x,10x,40× ↔ 10×,32971,32971,200,200,5,0.4187816381454468,0.46910399198532104,0.4439428150653839,0.7980051040649414
LUAD,TCGA-78-7536-01Z-00-DX1.6b066140-8b82-40a5-bd48-430eeb4463fe,uni2,UNI2,10x,2p5x,10× ↔ 2.5×,32971,32971,200,200,5,0.5207808017730713,0.5375159978866577,0.5291483998298645,0.5037493705749512
LUAD,TCGA-78-7536-01Z-00-DX1.6b066140-8b82-40a5-bd48-430eeb4463fe,uni2,UNI2,40x,2p5x,40× ↔ 2.5×,32971,32971,200,200,5,0.20664706826210022,0.2597743272781372,0.2332106977701187,0.13953232765197754
LUAD,TCGA-86-8668-01Z-00-DX1.d720d486-02c7-4f98-8feb-e0e50a12c158,uni2,UNI2,40x,10x,40× ↔ 10×,14624,14624,200,200,5,0.5102702379226685,0.5468273758888245,0.5285488069057465,0.3075215816497803
LUAD,TCGA-86-8668-01Z-00-DX1.d720d486-02c7-4f98-8feb-e0e50a12c158,uni2,UNI2,10x,2p5x,10× ↔ 2.5×,14624,14624,200,200,5,0.5395879149436951,0.5357120633125305,0.5376499891281128,0.17801761627197266
LUAD,TCGA-86-8668-01Z-00-DX1.d720d486-02c7-4f98-8feb-e0e50a12c158,uni2,UNI2,40x,2p5x,40× ↔ 2.5×,14624,14624,200,200,5,0.26263248920440674,0.27243077754974365,0.2675316333770752,0.12579011917114258
LUAD,TCGA-97-A4LX-01Z-00-DX1.B2334672-A626-4E74-B4D1-A79F70F65909,uni2,UNI2,40x,10x,40× ↔ 10×,19346,19346,200,200,5,0.28804486989974976,0.3220011591911316,0.3050230145454407,0.5117311477661133
LUAD,TCGA-97-A4LX-01Z-00-DX1.B2334672-A626-4E74-B4D1-A79F70F65909,uni2,UNI2,10x,2p5x,10× ↔ 2.5×,19346,19346,200,200,5,0.5754566192626953,0.5925687551498413,0.5840126872062683,0.3570871353149414
LUAD,TCGA-97-A4LX-01Z-00-DX1.B2334672-A626-4E74-B4D1-A79F70F65909,uni2,UNI2,40x,2p5x,40× ↔ 2.5×,19346,19346,200,200,5,0.16279560327529907,0.20738032460212708,0.18508796393871307,0.18210339546203613
LUAD,TCGA-97-A4M2-01Z-00-DX1.5C72522C-1538-4D68-B517-5FB05A9D401A,uni2,UNI2,40x,10x,40× ↔ 10×,8962,8962,200,200,5,0.2843254506587982,0.3334377110004425,0.30888158082962036,0.1843574047088623
LUAD,TCGA-97-A4M2-01Z-00-DX1.5C72522C-1538-4D68-B517-5FB05A9D401A,uni2,UNI2,10x,2p5x,10× ↔ 2.5×,8962,8962,200,200,5,0.549344539642334,0.5551954507827759,0.5522699952125549,0.10601282119750977
LUAD,TCGA-97-A4M2-01Z-00-DX1.5C72522C-1538-4D68-B517-5FB05A9D401A,uni2,UNI2,40x,2p5x,40× ↔ 2.5×,8962,8962,200,200,5,0.1593993753194809,0.2139793187379837,0.1866893470287323,0.031488656997680664
LUAD,TCGA-J2-A4AE-01Z-00-DX1.42C5DE4A-7787-4E59-8969-D12503262C96,uni2,UNI2,40x,10x,40× ↔ 10×,14491,14491,200,200,5,0.2921096980571747,0.3565634787082672,0.32433658838272095,0.2696197032928467
LUAD,TCGA-J2-A4AE-01Z-00-DX1.42C5DE4A-7787-4E59-8969-D12503262C96,uni2,UNI2,10x,2p5x,10× ↔ 2.5×,14491,14491,200,200,5,0.5896567106246948,0.5838451981544495,0.5867509543895721,0.2319347858428955
LUAD,TCGA-J2-A4AE-01Z-00-DX1.42C5DE4A-7787-4E59-8969-D12503262C96,uni2,UNI2,40x,2p5x,40× ↔ 2.5×,14491,14491,200,200,5,0.18722276389598846,0.21588976681232452,0.2015562653541565,0.11033320426940918
LUAD,TCGA-55-6986-01Z-00-DX1.ae52d41e-3cd6-4d36-b04b-2ea7d29bd8da,midnight,Midnight,40x,10x,40× ↔ 10×,5951,5951,200,200,5,0.3451192378997803,0.3340783715248108,0.33959880471229553,0.2971317768096924
LUAD,TCGA-55-6986-01Z-00-DX1.ae52d41e-3cd6-4d36-b04b-2ea7d29bd8da,midnight,Midnight,10x,2p5x,10× ↔ 2.5×,5951,5951,200,200,5,0.47649550437927246,0.45619523525238037,0.4663453698158264,0.18529319763183594
LUAD,TCGA-55-6986-01Z-00-DX1.ae52d41e-3cd6-4d36-b04b-2ea7d29bd8da,midnight,Midnight,40x,2p5x,40× ↔ 2.5×,5951,5951,200,200,5,0.3064183294773102,0.2992127239704132,0.3028155267238617,0.05493354797363281
LUAD,TCGA-64-5779-01Z-00-DX1.B3268447-DCE0-4927-B5A9-EC4D61E9B17D,midnight,Midnight,40x,10x,40× ↔ 10×,15338,15338,200,200,5,0.3678266406059265,0.34061935544013977,0.35422299802303314,0.868922233581543
LUAD,TCGA-64-5779-01Z-00-DX1.B3268447-DCE0-4927-B5A9-EC4D61E9B17D,midnight,Midnight,10x,2p5x,10× ↔ 2.5×,15338,15338,200,200,5,0.47417858242988586,0.4754071831703186,0.47479288280010223,0.36783599853515625
LUAD,TCGA-64-5779-01Z-00-DX1.B3268447-DCE0-4927-B5A9-EC4D61E9B17D,midnight,Midnight,40x,2p5x,40× ↔ 2.5×,15338,15338,200,200,5,0.3619624376296997,0.3586393892765045,0.3603009134531021,0.10521364212036133
LUAD,TCGA-78-7158-01Z-00-DX1.74db3dcd-2715-4ce7-8e48-30c8b7946ba0,midnight,Midnight,40x,10x,40× ↔ 10×,23198,23198,200,200,5,0.3767140805721283,0.3542175889015198,0.36546583473682404,0.9090144634246826
LUAD,TCGA-78-7158-01Z-00-DX1.74db3dcd-2715-4ce7-8e48-30c8b7946ba0,midnight,Midnight,10x,2p5x,10× ↔ 2.5×,23198,23198,200,200,5,0.521493136882782,0.4906591773033142,0.5060761570930481,0.581261396408081
LUAD,TCGA-78-7158-01Z-00-DX1.74db3dcd-2715-4ce7-8e48-30c8b7946ba0,midnight,Midnight,40x,2p5x,40× ↔ 2.5×,23198,23198,200,200,5,0.37262848019599915,0.35572367906570435,0.36417607963085175,0.29124951362609863
LUAD,TCGA-78-7163-01Z-00-DX1.42880bdf-271d-41dd-aada-e7ec1156ff31,midnight,Midnight,40x,10x,40× ↔ 10×,21422,21422,200,200,5,0.7143181562423706,0.6904670596122742,0.7023926079273224,0.7596964836120605
LUAD,TCGA-78-7163-01Z-00-DX1.42880bdf-271d-41dd-aada-e7ec1156ff31,midnight,Midnight,10x,2p5x,10× ↔ 2.5×,21422,21422,200,200,5,0.6540175676345825,0.6559807658195496,0.654999166727066,0.5396113395690918
LUAD,TCGA-78-7163-01Z-00-DX1.42880bdf-271d-41dd-aada-e7ec1156ff31,midnight,Midnight,40x,2p5x,40× ↔ 2.5×,21422,21422,200,200,5,0.678936779499054,0.6182467341423035,0.6485917568206787,0.28920483589172363
LUAD,TCGA-78-7536-01Z-00-DX1.6b066140-8b82-40a5-bd48-430eeb4463fe,midnight,Midnight,40x,10x,40× ↔ 10×,32971,32971,200,200,5,0.3417748212814331,0.33054885268211365,0.3361618369817734,1.5483591556549072
LUAD,TCGA-78-7536-01Z-00-DX1.6b066140-8b82-40a5-bd48-430eeb4463fe,midnight,Midnight,10x,2p5x,10× ↔ 2.5×,32971,32971,200,200,5,0.4771224856376648,0.49109214544296265,0.4841073155403137,0.9795856475830078
LUAD,TCGA-78-7536-01Z-00-DX1.6b066140-8b82-40a5-bd48-430eeb4463fe,midnight,Midnight,40x,2p5x,40× ↔ 2.5×,32971,32971,200,200,5,0.3777729570865631,0.3672422766685486,0.37250761687755585,0.4938488006591797
LUAD,TCGA-86-8668-01Z-00-DX1.d720d486-02c7-4f98-8feb-e0e50a12c158,midnight,Midnight,40x,10x,40× ↔ 10×,14624,14624,200,200,5,0.318679541349411,0.30326274037361145,0.31097114086151123,0.599266529083252
LUAD,TCGA-86-8668-01Z-00-DX1.d720d486-02c7-4f98-8feb-e0e50a12c158,midnight,Midnight,10x,2p5x,10× ↔ 2.5×,14624,14624,200,200,5,0.42717504501342773,0.4162755012512207,0.4217252731323242,0.38512635231018066
LUAD,TCGA-86-8668-01Z-00-DX1.d720d486-02c7-4f98-8feb-e0e50a12c158,midnight,Midnight,40x,2p5x,40× ↔ 2.5×,14624,14624,200,200,5,0.26177093386650085,0.26857951283454895,0.2651752233505249,0.18160653114318848
LUAD,TCGA-97-A4LX-01Z-00-DX1.B2334672-A626-4E74-B4D1-A79F70F65909,midnight,Midnight,40x,10x,40× ↔ 10×,19346,19346,200,200,5,0.37793779373168945,0.3251491189002991,0.35154345631599426,0.966132640838623
LUAD,TCGA-97-A4LX-01Z-00-DX1.B2334672-A626-4E74-B4D1-A79F70F65909,midnight,Midnight,10x,2p5x,10× ↔ 2.5×,19346,19346,200,200,5,0.512412428855896,0.4732930362224579,0.49285273253917694,0.568140983581543
LUAD,TCGA-97-A4LX-01Z-00-DX1.B2334672-A626-4E74-B4D1-A79F70F65909,midnight,Midnight,40x,2p5x,40× ↔ 2.5×,19346,19346,200,200,5,0.3161586821079254,0.28771623969078064,0.301937460899353,0.1316509246826172
LUAD,TCGA-97-A4M2-01Z-00-DX1.5C72522C-1538-4D68-B517-5FB05A9D401A,midnight,Midnight,40x,10x,40× ↔ 10×,8962,8962,200,200,5,0.3564005196094513,0.32035353779792786,0.3383770287036896,0.35945653915405273
LUAD,TCGA-97-A4M2-01Z-00-DX1.5C72522C-1538-4D68-B517-5FB05A9D401A,midnight,Midnight,10x,2p5x,10× ↔ 2.5×,8962,8962,200,200,5,0.478076696395874,0.4254738390445709,0.4517752677202225,0.26812744140625
LUAD,TCGA-97-A4M2-01Z-00-DX1.5C72522C-1538-4D68-B517-5FB05A9D401A,midnight,Midnight,40x,2p5x,40× ↔ 2.5×,8962,8962,200,200,5,0.28675365447998047,0.2595108151435852,0.27313223481178284,0.16008257865905762
LUAD,TCGA-J2-A4AE-01Z-00-DX1.42C5DE4A-7787-4E59-8969-D12503262C96,midnight,Midnight,40x,10x,40× ↔ 10×,14491,14491,200,200,5,0.2865442633628845,0.25182437896728516,0.26918432116508484,0.7074475288391113
LUAD,TCGA-J2-A4AE-01Z-00-DX1.42C5DE4A-7787-4E59-8969-D12503262C96,midnight,Midnight,10x,2p5x,10× ↔ 2.5×,14491,14491,200,200,5,0.34576714038848877,0.3575475513935089,0.35165734589099884,0.3953533172607422
LUAD,TCGA-J2-A4AE-01Z-00-DX1.42C5DE4A-7787-4E59-8969-D12503262C96,midnight,Midnight,40x,2p5x,40× ↔ 2.5×,14491,14491,200,200,5,0.20490196347236633,0.19982539117336273,0.20236367732286453,0.11539769172668457
LUAD,TCGA-55-6986-01Z-00-DX1.ae52d41e-3cd6-4d36-b04b-2ea7d29bd8da,gigapath,GigaPath,40x,10x,40× ↔ 10×,5951,5951,200,200,5,0.3539522588253021,0.3777783215045929,0.3658652901649475,0.10597944259643555
LUAD,TCGA-55-6986-01Z-00-DX1.ae52d41e-3cd6-4d36-b04b-2ea7d29bd8da,gigapath,GigaPath,10x,2p5x,10× ↔ 2.5×,5951,5951,200,200,5,0.40597692131996155,0.594843864440918,0.5004103928804398,0.06113624572753906
LUAD,TCGA-55-6986-01Z-00-DX1.ae52d41e-3cd6-4d36-b04b-2ea7d29bd8da,gigapath,GigaPath,40x,2p5x,40× ↔ 2.5×,5951,5951,200,200,5,0.1647011786699295,0.2592872679233551,0.2119942232966423,0.022055387496948242
LUAD,TCGA-64-5779-01Z-00-DX1.B3268447-DCE0-4927-B5A9-EC4D61E9B17D,gigapath,GigaPath,40x,10x,40× ↔ 10×,15338,15338,200,200,5,0.31156888604164124,0.33211028575897217,0.3218395859003067,0.3961043357849121
LUAD,TCGA-64-5779-01Z-00-DX1.B3268447-DCE0-4927-B5A9-EC4D61E9B17D,gigapath,GigaPath,10x,2p5x,10× ↔ 2.5×,15338,15338,200,200,5,0.30840352177619934,0.6504135727882385,0.47940854728221893,0.17106938362121582
LUAD,TCGA-64-5779-01Z-00-DX1.B3268447-DCE0-4927-B5A9-EC4D61E9B17D,gigapath,GigaPath,40x,2p5x,40× ↔ 2.5×,15338,15338,200,200,5,0.07971499860286713,0.13754810392856598,0.10863155126571655,0.14053583145141602
LUAD,TCGA-78-7158-01Z-00-DX1.74db3dcd-2715-4ce7-8e48-30c8b7946ba0,gigapath,GigaPath,40x,10x,40× ↔ 10×,23198,23198,200,200,5,0.36705124378204346,0.41982296109199524,0.39343710243701935,0.46738433837890625
LUAD,TCGA-78-7158-01Z-00-DX1.74db3dcd-2715-4ce7-8e48-30c8b7946ba0,gigapath,GigaPath,10x,2p5x,10× ↔ 2.5×,23198,23198,200,200,5,0.3465897738933563,0.5924896001815796,0.46953968703746796,0.3294517993927002
LUAD,TCGA-78-7158-01Z-00-DX1.74db3dcd-2715-4ce7-8e48-30c8b7946ba0,gigapath,GigaPath,40x,2p5x,40× ↔ 2.5×,23198,23198,200,200,5,0.24591132998466492,0.32204848527908325,0.2839799076318741,0.12526440620422363
LUAD,TCGA-78-7163-01Z-00-DX1.42880bdf-271d-41dd-aada-e7ec1156ff31,gigapath,GigaPath,40x,10x,40× ↔ 10×,21422,21422,200,200,5,0.46735817193984985,0.5038829445838928,0.48562055826187134,0.3513157367706299
LUAD,TCGA-78-7163-01Z-00-DX1.42880bdf-271d-41dd-aada-e7ec1156ff31,gigapath,GigaPath,10x,2p5x,10× ↔ 2.5×,21422,21422,200,200,5,0.4045700430870056,0.5046781301498413,0.45462408661842346,0.254749059677124
LUAD,TCGA-78-7163-01Z-00-DX1.42880bdf-271d-41dd-aada-e7ec1156ff31,gigapath,GigaPath,40x,2p5x,40× ↔ 2.5×,21422,21422,200,200,5,0.3020005226135254,0.33997225761413574,0.32098639011383057,0.09010982513427734
LUAD,TCGA-78-7536-01Z-00-DX1.6b066140-8b82-40a5-bd48-430eeb4463fe,gigapath,GigaPath,40x,10x,40× ↔ 10×,32971,32971,200,200,5,0.33467936515808105,0.3577198088169098,0.3461995869874954,0.7228827476501465
LUAD,TCGA-78-7536-01Z-00-DX1.6b066140-8b82-40a5-bd48-430eeb4463fe,gigapath,GigaPath,10x,2p5x,10× ↔ 2.5×,32971,32971,200,200,5,0.28025302290916443,0.5945321321487427,0.43739257752895355,0.49793386459350586
LUAD,TCGA-78-7536-01Z-00-DX1.6b066140-8b82-40a5-bd48-430eeb4463fe,gigapath,GigaPath,40x,2p5x,40× ↔ 2.5×,32971,32971,200,200,5,0.1602763682603836,0.23327071964740753,0.19677354395389557,0.8683977127075195
LUAD,TCGA-86-8668-01Z-00-DX1.d720d486-02c7-4f98-8feb-e0e50a12c158,gigapath,GigaPath,40x,10x,40× ↔ 10×,14624,14624,200,200,5,0.317482054233551,0.3162304162979126,0.3168562352657318,0.24418187141418457
LUAD,TCGA-86-8668-01Z-00-DX1.d720d486-02c7-4f98-8feb-e0e50a12c158,gigapath,GigaPath,10x,2p5x,10× ↔ 2.5×,14624,14624,200,200,5,0.41778692603111267,0.5747372508049011,0.4962620884180069,0.17304611206054688
LUAD,TCGA-86-8668-01Z-00-DX1.d720d486-02c7-4f98-8feb-e0e50a12c158,gigapath,GigaPath,40x,2p5x,40× ↔ 2.5×,14624,14624,200,200,5,0.11038867384195328,0.2967345118522644,0.20356159284710884,0.05017209053039551
LUAD,TCGA-97-A4LX-01Z-00-DX1.B2334672-A626-4E74-B4D1-A79F70F65909,gigapath,GigaPath,40x,10x,40× ↔ 10×,19346,19346,200,200,5,0.4806547462940216,0.4963046908378601,0.48847971856594086,0.4877927303314209
LUAD,TCGA-97-A4LX-01Z-00-DX1.B2334672-A626-4E74-B4D1-A79F70F65909,gigapath,GigaPath,10x,2p5x,10× ↔ 2.5×,19346,19346,200,200,5,0.3319406509399414,0.6606382727622986,0.49628946185112,0.24287939071655273
LUAD,TCGA-97-A4LX-01Z-00-DX1.B2334672-A626-4E74-B4D1-A79F70F65909,gigapath,GigaPath,40x,2p5x,40× ↔ 2.5×,19346,19346,200,200,5,0.10907641798257828,0.21951156854629517,0.16429399326443672,0.12678098678588867
LUAD,TCGA-97-A4M2-01Z-00-DX1.5C72522C-1538-4D68-B517-5FB05A9D401A,gigapath,GigaPath,40x,10x,40× ↔ 10×,8962,8962,200,200,5,0.4018575847148895,0.41403093934059143,0.4079442620277405,0.1872572898864746
LUAD,TCGA-97-A4M2-01Z-00-DX1.5C72522C-1538-4D68-B517-5FB05A9D401A,gigapath,GigaPath,10x,2p5x,10× ↔ 2.5×,8962,8962,200,200,5,0.3895587921142578,0.5847012996673584,0.4871300458908081,0.1055135726928711
LUAD,TCGA-97-A4M2-01Z-00-DX1.5C72522C-1538-4D68-B517-5FB05A9D401A,gigapath,GigaPath,40x,2p5x,40× ↔ 2.5×,8962,8962,200,200,5,0.12765878438949585,0.2739362418651581,0.20079751312732697,0.031430959701538086
LUAD,TCGA-J2-A4AE-01Z-00-DX1.42C5DE4A-7787-4E59-8969-D12503262C96,gigapath,GigaPath,40x,10x,40× ↔ 10×,14491,14491,200,200,5,0.3362891376018524,0.357389360666275,0.3468392491340637,0.37902379035949707
LUAD,TCGA-J2-A4AE-01Z-00-DX1.42C5DE4A-7787-4E59-8969-D12503262C96,gigapath,GigaPath,10x,2p5x,10× ↔ 2.5×,14491,14491,200,200,5,0.41267457604408264,0.6560387015342712,0.5343566387891769,0.20208239555358887
LUAD,TCGA-J2-A4AE-01Z-00-DX1.42C5DE4A-7787-4E59-8969-D12503262C96,gigapath,GigaPath,40x,2p5x,40× ↔ 2.5×,14491,14491,200,200,5,0.11942718178033829,0.15282925963401794,0.13612822070717812,0.1766679286956787
LUAD,TCGA-55-6986-01Z-00-DX1.ae52d41e-3cd6-4d36-b04b-2ea7d29bd8da,gigapath_flash,GigaPath-Flash,40x,10x,40× ↔ 10×,5951,5951,200,200,5,0.5397186875343323,0.5660895705223083,0.5529041290283203,0.028017759323120117
LUAD,TCGA-55-6986-01Z-00-DX1.ae52d41e-3cd6-4d36-b04b-2ea7d29bd8da,gigapath_flash,GigaPath-Flash,10x,2p5x,10× ↔ 2.5×,5951,5951,200,200,5,0.5008043646812439,0.5858023166656494,0.5433033406734467,0.015074968338012695
LUAD,TCGA-55-6986-01Z-00-DX1.ae52d41e-3cd6-4d36-b04b-2ea7d29bd8da,gigapath_flash,GigaPath-Flash,40x,2p5x,40× ↔ 2.5×,5951,5951,200,200,5,0.3323999047279358,0.4508315920829773,0.39161574840545654,0.005255937576293945
LUAD,TCGA-64-5779-01Z-00-DX1.B3268447-DCE0-4927-B5A9-EC4D61E9B17D,gigapath_flash,GigaPath-Flash,40x,10x,40× ↔ 10×,15338,15338,200,200,5,0.4806661009788513,0.47792571783065796,0.47929590940475464,0.06364941596984863
LUAD,TCGA-64-5779-01Z-00-DX1.B3268447-DCE0-4927-B5A9-EC4D61E9B17D,gigapath_flash,GigaPath-Flash,10x,2p5x,10× ↔ 2.5×,15338,15338,200,200,5,0.34403762221336365,0.6838870048522949,0.5139623135328293,0.033289194107055664
LUAD,TCGA-64-5779-01Z-00-DX1.B3268447-DCE0-4927-B5A9-EC4D61E9B17D,gigapath_flash,GigaPath-Flash,40x,2p5x,40× ↔ 2.5×,15338,15338,200,200,5,0.23076386749744415,0.33340582251548767,0.2820848450064659,0.01104116439819336
LUAD,TCGA-78-7158-01Z-00-DX1.74db3dcd-2715-4ce7-8e48-30c8b7946ba0,gigapath_flash,GigaPath-Flash,40x,10x,40× ↔ 10×,23198,23198,200,200,5,0.6013458967208862,0.6361923217773438,0.618769109249115,0.09625697135925293
LUAD,TCGA-78-7158-01Z-00-DX1.74db3dcd-2715-4ce7-8e48-30c8b7946ba0,gigapath_flash,GigaPath-Flash,10x,2p5x,10× ↔ 2.5×,23198,23198,200,200,5,0.6069425344467163,0.7015146613121033,0.6542285978794098,0.06323456764221191
LUAD,TCGA-78-7158-01Z-00-DX1.74db3dcd-2715-4ce7-8e48-30c8b7946ba0,gigapath_flash,GigaPath-Flash,40x,2p5x,40× ↔ 2.5×,23198,23198,200,200,5,0.501501739025116,0.5517812371253967,0.5266414880752563,0.022896528244018555
LUAD,TCGA-78-7163-01Z-00-DX1.42880bdf-271d-41dd-aada-e7ec1156ff31,gigapath_flash,GigaPath-Flash,40x,10x,40× ↔ 10×,21422,21422,200,200,5,0.6505355834960938,0.6408528089523315,0.6456941962242126,0.08516073226928711
LUAD,TCGA-78-7163-01Z-00-DX1.42880bdf-271d-41dd-aada-e7ec1156ff31,gigapath_flash,GigaPath-Flash,10x,2p5x,10× ↔ 2.5×,21422,21422,200,200,5,0.5119127631187439,0.5821249485015869,0.5470188558101654,0.051972150802612305
LUAD,TCGA-78-7163-01Z-00-DX1.42880bdf-271d-41dd-aada-e7ec1156ff31,gigapath_flash,GigaPath-Flash,40x,2p5x,40× ↔ 2.5×,21422,21422,200,200,5,0.4953731298446655,0.5521824359893799,0.5237777829170227,0.015516042709350586
LUAD,TCGA-78-7536-01Z-00-DX1.6b066140-8b82-40a5-bd48-430eeb4463fe,gigapath_flash,GigaPath-Flash,40x,10x,40× ↔ 10×,32971,32971,200,200,5,0.5528034567832947,0.5675587058067322,0.5601810812950134,0.17088770866394043
LUAD,TCGA-78-7536-01Z-00-DX1.6b066140-8b82-40a5-bd48-430eeb4463fe,gigapath_flash,GigaPath-Flash,10x,2p5x,10× ↔ 2.5×,32971,32971,200,200,5,0.43603515625,0.6199761629104614,0.5280056595802307,0.09425926208496094
LUAD,TCGA-78-7536-01Z-00-DX1.6b066140-8b82-40a5-bd48-430eeb4463fe,gigapath_flash,GigaPath-Flash,40x,2p5x,40× ↔ 2.5×,32971,32971,200,200,5,0.3475927412509918,0.47888579964637756,0.4132392704486847,0.030429601669311523
LUAD,TCGA-86-8668-01Z-00-DX1.d720d486-02c7-4f98-8feb-e0e50a12c158,gigapath_flash,GigaPath-Flash,40x,10x,40× ↔ 10×,14624,14624,200,200,5,0.4087563157081604,0.3982068598270416,0.403481587767601,0.07130694389343262
LUAD,TCGA-86-8668-01Z-00-DX1.d720d486-02c7-4f98-8feb-e0e50a12c158,gigapath_flash,GigaPath-Flash,10x,2p5x,10× ↔ 2.5×,14624,14624,200,200,5,0.44416090846061707,0.5575540661811829,0.5008574873209,0.0402371883392334
LUAD,TCGA-86-8668-01Z-00-DX1.d720d486-02c7-4f98-8feb-e0e50a12c158,gigapath_flash,GigaPath-Flash,40x,2p5x,40× ↔ 2.5×,14624,14624,200,200,5,0.2083151936531067,0.37150663137435913,0.2899109125137329,0.010770797729492188
LUAD,TCGA-97-A4LX-01Z-00-DX1.B2334672-A626-4E74-B4D1-A79F70F65909,gigapath_flash,GigaPath-Flash,40x,10x,40× ↔ 10×,19346,19346,200,200,5,0.6102725863456726,0.6217535138130188,0.6160130500793457,0.09803652763366699
LUAD,TCGA-97-A4LX-01Z-00-DX1.B2334672-A626-4E74-B4D1-A79F70F65909,gigapath_flash,GigaPath-Flash,10x,2p5x,10× ↔ 2.5×,19346,19346,200,200,5,0.4715895354747772,0.7153002023696899,0.5934448689222336,0.05121946334838867
LUAD,TCGA-97-A4LX-01Z-00-DX1.B2334672-A626-4E74-B4D1-A79F70F65909,gigapath_flash,GigaPath-Flash,40x,2p5x,40× ↔ 2.5×,19346,19346,200,200,5,0.33435431122779846,0.47342291474342346,0.40388861298561096,0.013898849487304688
LUAD,TCGA-97-A4M2-01Z-00-DX1.5C72522C-1538-4D68-B517-5FB05A9D401A,gigapath_flash,GigaPath-Flash,40x,10x,40× ↔ 10×,8962,8962,200,200,5,0.6025384664535522,0.5926490426063538,0.597593754529953,0.04852294921875
LUAD,TCGA-97-A4M2-01Z-00-DX1.5C72522C-1538-4D68-B517-5FB05A9D401A,gigapath_flash,GigaPath-Flash,10x,2p5x,10× ↔ 2.5×,8962,8962,200,200,5,0.511859655380249,0.6369902491569519,0.5744249522686005,0.026841402053833008
LUAD,TCGA-97-A4M2-01Z-00-DX1.5C72522C-1538-4D68-B517-5FB05A9D401A,gigapath_flash,GigaPath-Flash,40x,2p5x,40× ↔ 2.5×,8962,8962,200,200,5,0.3738098740577698,0.4744042754173279,0.42410707473754883,0.007186174392700195
LUAD,TCGA-J2-A4AE-01Z-00-DX1.42C5DE4A-7787-4E59-8969-D12503262C96,gigapath_flash,GigaPath-Flash,40x,10x,40× ↔ 10×,14491,14491,200,200,5,0.5075132846832275,0.5185126662254333,0.5130129754543304,0.0718080997467041
LUAD,TCGA-J2-A4AE-01Z-00-DX1.42C5DE4A-7787-4E59-8969-D12503262C96,gigapath_flash,GigaPath-Flash,10x,2p5x,10× ↔ 2.5×,14491,14491,200,200,5,0.471689373254776,0.6598277688026428,0.5657585710287094,0.04196000099182129
LUAD,TCGA-J2-A4AE-01Z-00-DX1.42C5DE4A-7787-4E59-8969-D12503262C96,gigapath_flash,GigaPath-Flash,40x,2p5x,40× ↔ 2.5×,14491,14491,200,200,5,0.3386366069316864,0.4409931004047394,0.3898148536682129,0.010935306549072266
STAD,TCGA-BR-6452-01Z-00-DX1.aec8246e-9dce-436d-9faa-df8fa1f6e47c,phikon,Phikon,40x,10x,40× ↔ 10×,15303,15303,200,200,5,0.5687469244003296,0.6178669929504395,0.5933069586753845,0.24084901809692383
STAD,TCGA-BR-6452-01Z-00-DX1.aec8246e-9dce-436d-9faa-df8fa1f6e47c,phikon,Phikon,10x,2p5x,10× ↔ 2.5×,15303,15303,200,200,5,0.5518903136253357,0.5824848413467407,0.5671875774860382,0.10072827339172363
STAD,TCGA-BR-6452-01Z-00-DX1.aec8246e-9dce-436d-9faa-df8fa1f6e47c,phikon,Phikon,40x,2p5x,40× ↔ 2.5×,15303,15303,200,200,5,0.2567601203918457,0.41145655512809753,0.3341083377599716,0.08852076530456543
STAD,TCGA-BR-6454-01Z-00-DX1.63fb6280-2b43-49b2-960a-eb9c0e8b617c,phikon,Phikon,40x,10x,40× ↔ 10×,15740,15740,200,200,5,0.5802506804466248,0.5913184881210327,0.5857845842838287,0.18479061126708984
STAD,TCGA-BR-6454-01Z-00-DX1.63fb6280-2b43-49b2-960a-eb9c0e8b617c,phikon,Phikon,10x,2p5x,10× ↔ 2.5×,15740,15740,200,200,5,0.4404003918170929,0.4884708821773529,0.4644356369972229,0.17295289039611816
STAD,TCGA-BR-6454-01Z-00-DX1.63fb6280-2b43-49b2-960a-eb9c0e8b617c,phikon,Phikon,40x,2p5x,40× ↔ 2.5×,15740,15740,200,200,5,0.19524455070495605,0.3510688245296478,0.27315668761730194,0.029694557189941406
STAD,TCGA-BR-A4CQ-01Z-00-DX1.B63282A5-154D-441B-BF96-5BB26CB6D95E,phikon,Phikon,40x,10x,40× ↔ 10×,13809,13809,200,200,5,0.6613289713859558,0.6658855080604553,0.6636072397232056,0.13999462127685547
STAD,TCGA-BR-A4CQ-01Z-00-DX1.B63282A5-154D-441B-BF96-5BB26CB6D95E,phikon,Phikon,10x,2p5x,10× ↔ 2.5×,13809,13809,200,200,5,0.4488040804862976,0.5460129976272583,0.49740853905677795,0.11136651039123535
STAD,TCGA-BR-A4CQ-01Z-00-DX1.B63282A5-154D-441B-BF96-5BB26CB6D95E,phikon,Phikon,40x,2p5x,40× ↔ 2.5×,13809,13809,200,200,5,0.1883724182844162,0.38062599301338196,0.2844992056488991,0.032911062240600586
STAD,TCGA-CD-A487-01Z-00-DX1.A026BD2F-B721-4340-83D5-7AA39227C90F,phikon,Phikon,40x,10x,40× ↔ 10×,20251,20251,200,200,5,0.7300973534584045,0.7134215235710144,0.7217594385147095,0.2556452751159668
STAD,TCGA-CD-A487-01Z-00-DX1.A026BD2F-B721-4340-83D5-7AA39227C90F,phikon,Phikon,10x,2p5x,10× ↔ 2.5×,20251,20251,200,200,5,0.4383600652217865,0.5609709024429321,0.4996654838323593,0.17614531517028809
STAD,TCGA-CD-A487-01Z-00-DX1.A026BD2F-B721-4340-83D5-7AA39227C90F,phikon,Phikon,40x,2p5x,40× ↔ 2.5×,20251,20251,200,200,5,0.21390119194984436,0.3572188913822174,0.2855600416660309,0.2015528678894043
STAD,TCGA-FP-8209-01Z-00-DX1.a5e13081-1631-44d4-8d6a-c229a22c2311,phikon,Phikon,40x,10x,40× ↔ 10×,3901,3901,200,200,5,0.5226531028747559,0.5389068722724915,0.5307799875736237,0.04364323616027832
STAD,TCGA-FP-8209-01Z-00-DX1.a5e13081-1631-44d4-8d6a-c229a22c2311,phikon,Phikon,10x,2p5x,10× ↔ 2.5×,3901,3901,200,200,5,0.5037575960159302,0.5901184678077698,0.54693803191185,0.023420333862304688
STAD,TCGA-FP-8209-01Z-00-DX1.a5e13081-1631-44d4-8d6a-c229a22c2311,phikon,Phikon,40x,2p5x,40× ↔ 2.5×,3901,3901,200,200,5,0.2469479888677597,0.41406065225601196,0.33050432056188583,0.00622105598449707
STAD,TCGA-SW-A7EA-01Z-00-DX1.C5E1BE0E-0A25-4480-A3AC-DB2ED7471A4E,phikon,Phikon,40x,10x,40× ↔ 10×,6449,6449,200,200,5,0.7736291289329529,0.7385528683662415,0.7560909986495972,0.06822705268859863
STAD,TCGA-SW-A7EA-01Z-00-DX1.C5E1BE0E-0A25-4480-A3AC-DB2ED7471A4E,phikon,Phikon,10x,2p5x,10× ↔ 2.5×,6449,6449,200,200,5,0.531658411026001,0.6977503895759583,0.6147044003009796,0.038611650466918945
STAD,TCGA-SW-A7EA-01Z-00-DX1.C5E1BE0E-0A25-4480-A3AC-DB2ED7471A4E,phikon,Phikon,40x,2p5x,40× ↔ 2.5×,6449,6449,200,200,5,0.2851869463920593,0.39866137504577637,0.34192416071891785,0.009995222091674805
STAD,TCGA-VQ-A8PY-01Z-00-DX1.EA2C7386-012A-442A-95B3-FFA12BD2684D,phikon,Phikon,40x,10x,40× ↔ 10×,22399,22399,200,200,5,0.6556728482246399,0.6416711211204529,0.6486719846725464,0.2301192283630371
STAD,TCGA-VQ-A8PY-01Z-00-DX1.EA2C7386-012A-442A-95B3-FFA12BD2684D,phikon,Phikon,10x,2p5x,10× ↔ 2.5×,22399,22399,200,200,5,0.4668874144554138,0.5161579847335815,0.4915226995944977,0.12345290184020996
STAD,TCGA-VQ-A8PY-01Z-00-DX1.EA2C7386-012A-442A-95B3-FFA12BD2684D,phikon,Phikon,40x,2p5x,40× ↔ 2.5×,22399,22399,200,200,5,0.21458163857460022,0.27844473719596863,0.24651318788528442,0.04037308692932129
STAD,TCGA-VQ-A924-01Z-00-DX1.736B41F3-9678-4FAF-AE86-FCAC4F6DCBD3,phikon,Phikon,40x,10x,40× ↔ 10×,12960,12960,200,200,5,0.6688110828399658,0.6960342526435852,0.6824226677417755,0.13433241844177246
STAD,TCGA-VQ-A924-01Z-00-DX1.736B41F3-9678-4FAF-AE86-FCAC4F6DCBD3,phikon,Phikon,10x,2p5x,10× ↔ 2.5×,12960,12960,200,200,5,0.4299401640892029,0.5328709483146667,0.4814055562019348,0.09136605262756348
STAD,TCGA-VQ-A924-01Z-00-DX1.736B41F3-9678-4FAF-AE86-FCAC4F6DCBD3,phikon,Phikon,40x,2p5x,40× ↔ 2.5×,12960,12960,200,200,5,0.1595197468996048,0.3268883526325226,0.2432040497660637,0.02597665786743164
STAD,TCGA-ZQ-A9CR-01Z-00-DX1.C9AC9991-7054-4068-A7AA-9D1EB7F040A3,phikon,Phikon,40x,10x,40× ↔ 10×,31585,31585,200,200,5,0.74808669090271,0.7338537573814392,0.7409702241420746,0.44401121139526367
STAD,TCGA-ZQ-A9CR-01Z-00-DX1.C9AC9991-7054-4068-A7AA-9D1EB7F040A3,phikon,Phikon,10x,2p5x,10× ↔ 2.5×,31585,31585,200,200,5,0.5871715545654297,0.6606472730636597,0.6239094138145447,0.250596284866333
STAD,TCGA-ZQ-A9CR-01Z-00-DX1.C9AC9991-7054-4068-A7AA-9D1EB7F040A3,phikon,Phikon,40x,2p5x,40× ↔ 2.5×,31585,31585,200,200,5,0.43885573744773865,0.5601404309272766,0.49949808418750763,0.0653834342956543
STAD,TCGA-BR-6452-01Z-00-DX1.aec8246e-9dce-436d-9faa-df8fa1f6e47c,uni,UNI,40x,10x,40× ↔ 10×,15303,15303,200,200,5,0.4308910369873047,0.4666196405887604,0.44875533878803253,0.20832204818725586
STAD,TCGA-BR-6452-01Z-00-DX1.aec8246e-9dce-436d-9faa-df8fa1f6e47c,uni,UNI,10x,2p5x,10× ↔ 2.5×,15303,15303,200,200,5,0.3444077968597412,0.36710113286972046,0.35575446486473083,0.14223384857177734
STAD,TCGA-BR-6452-01Z-00-DX1.aec8246e-9dce-436d-9faa-df8fa1f6e47c,uni,UNI,40x,2p5x,40× ↔ 2.5×,15303,15303,200,200,5,0.20668533444404602,0.2528418004512787,0.22976356744766235,0.04301714897155762
STAD,TCGA-BR-6454-01Z-00-DX1.63fb6280-2b43-49b2-960a-eb9c0e8b617c,uni,UNI,40x,10x,40× ↔ 10×,15740,15740,200,200,5,0.41585853695869446,0.4697771370410919,0.4428178369998932,0.28888750076293945
STAD,TCGA-BR-6454-01Z-00-DX1.63fb6280-2b43-49b2-960a-eb9c0e8b617c,uni,UNI,10x,2p5x,10× ↔ 2.5×,15740,15740,200,200,5,0.32759740948677063,0.3256562054157257,0.32662680745124817,0.2531728744506836
STAD,TCGA-BR-6454-01Z-00-DX1.63fb6280-2b43-49b2-960a-eb9c0e8b617c,uni,UNI,40x,2p5x,40× ↔ 2.5×,15740,15740,200,200,5,0.20052729547023773,0.2515321969985962,0.22602974623441696,0.12525033950805664
STAD,TCGA-BR-A4CQ-01Z-00-DX1.B63282A5-154D-441B-BF96-5BB26CB6D95E,uni,UNI,40x,10x,40× ↔ 10×,13809,13809,200,200,5,0.36003929376602173,0.41581666469573975,0.38792797923088074,0.1979811191558838
STAD,TCGA-BR-A4CQ-01Z-00-DX1.B63282A5-154D-441B-BF96-5BB26CB6D95E,uni,UNI,10x,2p5x,10× ↔ 2.5×,13809,13809,200,200,5,0.31254348158836365,0.33402130007743835,0.323282390832901,0.176011323928833
STAD,TCGA-BR-A4CQ-01Z-00-DX1.B63282A5-154D-441B-BF96-5BB26CB6D95E,uni,UNI,40x,2p5x,40× ↔ 2.5×,13809,13809,200,200,5,0.13500308990478516,0.18827174603939056,0.16163741797208786,0.047315359115600586
STAD,TCGA-CD-A487-01Z-00-DX1.A026BD2F-B721-4340-83D5-7AA39227C90F,uni,UNI,40x,10x,40× ↔ 10×,20251,20251,200,200,5,0.40147268772125244,0.4275757074356079,0.4145241975784302,0.33347487449645996
STAD,TCGA-CD-A487-01Z-00-DX1.A026BD2F-B721-4340-83D5-7AA39227C90F,uni,UNI,10x,2p5x,10× ↔ 2.5×,20251,20251,200,200,5,0.33799833059310913,0.37747272849082947,0.3577355295419693,0.15871763229370117
STAD,TCGA-CD-A487-01Z-00-DX1.A026BD2F-B721-4340-83D5-7AA39227C90F,uni,UNI,40x,2p5x,40× ↔ 2.5×,20251,20251,200,200,5,0.17931918799877167,0.2146538347005844,0.19698651134967804,0.04799079895019531
STAD,TCGA-FP-8209-01Z-00-DX1.a5e13081-1631-44d4-8d6a-c229a22c2311,uni,UNI,40x,10x,40× ↔ 10×,3901,3901,200,200,5,0.3657771348953247,0.38734331727027893,0.3765602260828018,0.0534055233001709
STAD,TCGA-FP-8209-01Z-00-DX1.a5e13081-1631-44d4-8d6a-c229a22c2311,uni,UNI,10x,2p5x,10× ↔ 2.5×,3901,3901,200,200,5,0.3684704601764679,0.3985792100429535,0.3835248351097107,0.029839515686035156
STAD,TCGA-FP-8209-01Z-00-DX1.a5e13081-1631-44d4-8d6a-c229a22c2311,uni,UNI,40x,2p5x,40× ↔ 2.5×,3901,3901,200,200,5,0.21458464860916138,0.25595682859420776,0.23527073860168457,0.007892370223999023
STAD,TCGA-SW-A7EA-01Z-00-DX1.C5E1BE0E-0A25-4480-A3AC-DB2ED7471A4E,uni,UNI,40x,10x,40× ↔ 10×,6449,6449,200,200,5,0.5205783247947693,0.5385135412216187,0.529545933008194,0.0885629653930664
STAD,TCGA-SW-A7EA-01Z-00-DX1.C5E1BE0E-0A25-4480-A3AC-DB2ED7471A4E,uni,UNI,10x,2p5x,10× ↔ 2.5×,6449,6449,200,200,5,0.3833065629005432,0.5253921151161194,0.4543493390083313,0.04748988151550293
STAD,TCGA-SW-A7EA-01Z-00-DX1.C5E1BE0E-0A25-4480-A3AC-DB2ED7471A4E,uni,UNI,40x,2p5x,40× ↔ 2.5×,6449,6449,200,200,5,0.2221960723400116,0.2580821216106415,0.24013909697532654,0.01229405403137207
STAD,TCGA-VQ-A8PY-01Z-00-DX1.EA2C7386-012A-442A-95B3-FFA12BD2684D,uni,UNI,40x,10x,40× ↔ 10×,22399,22399,200,200,5,0.37870359420776367,0.4079180061817169,0.3933108001947403,0.39916443824768066
STAD,TCGA-VQ-A8PY-01Z-00-DX1.EA2C7386-012A-442A-95B3-FFA12BD2684D,uni,UNI,10x,2p5x,10× ↔ 2.5×,22399,22399,200,200,5,0.3437045216560364,0.3352988362312317,0.33950167894363403,0.2194507122039795
STAD,TCGA-VQ-A8PY-01Z-00-DX1.EA2C7386-012A-442A-95B3-FFA12BD2684D,uni,UNI,40x,2p5x,40× ↔ 2.5×,22399,22399,200,200,5,0.14855745434761047,0.19209788739681244,0.17032767087221146,0.06318831443786621
STAD,TCGA-VQ-A924-01Z-00-DX1.736B41F3-9678-4FAF-AE86-FCAC4F6DCBD3,uni,UNI,40x,10x,40× ↔ 10×,12960,12960,200,200,5,0.3788112998008728,0.39116522669792175,0.3849882632493973,0.17470598220825195
STAD,TCGA-VQ-A924-01Z-00-DX1.736B41F3-9678-4FAF-AE86-FCAC4F6DCBD3,uni,UNI,10x,2p5x,10× ↔ 2.5×,12960,12960,200,200,5,0.2918177843093872,0.3623896837234497,0.32710373401641846,0.10016179084777832
STAD,TCGA-VQ-A924-01Z-00-DX1.736B41F3-9678-4FAF-AE86-FCAC4F6DCBD3,uni,UNI,40x,2p5x,40× ↔ 2.5×,12960,12960,200,200,5,0.10219939798116684,0.1973763257265091,0.14978786185383797,0.030769824981689453
STAD,TCGA-ZQ-A9CR-01Z-00-DX1.C9AC9991-7054-4068-A7AA-9D1EB7F040A3,uni,UNI,40x,10x,40× ↔ 10×,31585,31585,200,200,5,0.5303129553794861,0.5476409792900085,0.5389769673347473,0.5514721870422363
STAD,TCGA-ZQ-A9CR-01Z-00-DX1.C9AC9991-7054-4068-A7AA-9D1EB7F040A3,uni,UNI,10x,2p5x,10× ↔ 2.5×,31585,31585,200,200,5,0.40041959285736084,0.4435042440891266,0.4219619184732437,0.3699333667755127
STAD,TCGA-ZQ-A9CR-01Z-00-DX1.C9AC9991-7054-4068-A7AA-9D1EB7F040A3,uni,UNI,40x,2p5x,40× ↔ 2.5×,31585,31585,200,200,5,0.316610187292099,0.3479779064655304,0.3322940468788147,0.17631769180297852
STAD,TCGA-BR-6452-01Z-00-DX1.aec8246e-9dce-436d-9faa-df8fa1f6e47c,virchow,Virchow,40x,10x,40× ↔ 10×,15303,15303,200,200,5,0.869789719581604,0.7024585604667664,0.7861241400241852,0.41727137565612793
STAD,TCGA-BR-6452-01Z-00-DX1.aec8246e-9dce-436d-9faa-df8fa1f6e47c,virchow,Virchow,10x,2p5x,10× ↔ 2.5×,15303,15303,200,200,5,0.5538029074668884,0.496459037065506,0.5251309722661972,0.1903524398803711
STAD,TCGA-BR-6452-01Z-00-DX1.aec8246e-9dce-436d-9faa-df8fa1f6e47c,virchow,Virchow,40x,2p5x,40× ↔ 2.5×,15303,15303,200,200,5,0.5196446180343628,0.4271390438079834,0.4733918309211731,0.17677760124206543
STAD,TCGA-BR-6454-01Z-00-DX1.63fb6280-2b43-49b2-960a-eb9c0e8b617c,virchow,Virchow,40x,10x,40× ↔ 10×,15740,15740,200,200,5,0.8321865797042847,0.6020959615707397,0.7171412706375122,0.29985690116882324
STAD,TCGA-BR-6454-01Z-00-DX1.63fb6280-2b43-49b2-960a-eb9c0e8b617c,virchow,Virchow,10x,2p5x,10× ↔ 2.5×,15740,15740,200,200,5,0.5099658370018005,0.4169052541255951,0.4634355455636978,0.2534675598144531
STAD,TCGA-BR-6454-01Z-00-DX1.63fb6280-2b43-49b2-960a-eb9c0e8b617c,virchow,Virchow,40x,2p5x,40× ↔ 2.5×,15740,15740,200,200,5,0.3538963198661804,0.3904759883880615,0.37218615412712097,0.1148831844329834
STAD,TCGA-BR-A4CQ-01Z-00-DX1.B63282A5-154D-441B-BF96-5BB26CB6D95E,virchow,Virchow,40x,10x,40× ↔ 10×,13809,13809,200,200,5,0.8431724309921265,0.7749181985855103,0.8090453147888184,0.36511778831481934
STAD,TCGA-BR-A4CQ-01Z-00-DX1.B63282A5-154D-441B-BF96-5BB26CB6D95E,virchow,Virchow,10x,2p5x,10× ↔ 2.5×,13809,13809,200,200,5,0.26779723167419434,0.4458869695663452,0.3568421006202698,0.24603819847106934
STAD,TCGA-BR-A4CQ-01Z-00-DX1.B63282A5-154D-441B-BF96-5BB26CB6D95E,virchow,Virchow,40x,2p5x,40× ↔ 2.5×,13809,13809,200,200,5,0.18161803483963013,0.2972976565361023,0.2394578456878662,0.08701014518737793
STAD,TCGA-CD-A487-01Z-00-DX1.A026BD2F-B721-4340-83D5-7AA39227C90F,virchow,Virchow,40x,10x,40× ↔ 10×,20251,20251,200,200,5,0.7213119268417358,0.6212033629417419,0.6712576448917389,0.5873496532440186
STAD,TCGA-CD-A487-01Z-00-DX1.A026BD2F-B721-4340-83D5-7AA39227C90F,virchow,Virchow,10x,2p5x,10× ↔ 2.5×,20251,20251,200,200,5,0.30879664421081543,0.5402004718780518,0.4244985580444336,0.4331521987915039
STAD,TCGA-CD-A487-01Z-00-DX1.A026BD2F-B721-4340-83D5-7AA39227C90F,virchow,Virchow,40x,2p5x,40× ↔ 2.5×,20251,20251,200,200,5,0.3348522186279297,0.40799903869628906,0.3714256286621094,0.25891804695129395
STAD,TCGA-FP-8209-01Z-00-DX1.a5e13081-1631-44d4-8d6a-c229a22c2311,virchow,Virchow,40x,10x,40× ↔ 10×,3901,3901,200,200,5,0.7810522317886353,0.6410346627235413,0.7110434472560883,0.0689706802368164
STAD,TCGA-FP-8209-01Z-00-DX1.a5e13081-1631-44d4-8d6a-c229a22c2311,virchow,Virchow,10x,2p5x,10× ↔ 2.5×,3901,3901,200,200,5,0.5814374685287476,0.615199625492096,0.5983185470104218,0.04423689842224121
STAD,TCGA-FP-8209-01Z-00-DX1.a5e13081-1631-44d4-8d6a-c229a22c2311,virchow,Virchow,40x,2p5x,40× ↔ 2.5×,3901,3901,200,200,5,0.3689698278903961,0.4974555969238281,0.4332127124071121,0.023052215576171875
STAD,TCGA-SW-A7EA-01Z-00-DX1.C5E1BE0E-0A25-4480-A3AC-DB2ED7471A4E,virchow,Virchow,40x,10x,40× ↔ 10×,6449,6449,200,200,5,0.8079423308372498,0.7287294864654541,0.7683359086513519,0.09988903999328613
STAD,TCGA-SW-A7EA-01Z-00-DX1.C5E1BE0E-0A25-4480-A3AC-DB2ED7471A4E,virchow,Virchow,10x,2p5x,10× ↔ 2.5×,6449,6449,200,200,5,0.524540901184082,0.6408029794692993,0.5826719403266907,0.06824421882629395
STAD,TCGA-SW-A7EA-01Z-00-DX1.C5E1BE0E-0A25-4480-A3AC-DB2ED7471A4E,virchow,Virchow,40x,2p5x,40× ↔ 2.5×,6449,6449,200,200,5,0.40553250908851624,0.4384084641933441,0.4219704866409302,0.03771519660949707
STAD,TCGA-VQ-A8PY-01Z-00-DX1.EA2C7386-012A-442A-95B3-FFA12BD2684D,virchow,Virchow,40x,10x,40× ↔ 10×,22399,22399,200,200,5,0.7596592307090759,0.5965755581855774,0.6781173944473267,0.81357741355896
STAD,TCGA-VQ-A8PY-01Z-00-DX1.EA2C7386-012A-442A-95B3-FFA12BD2684D,virchow,Virchow,10x,2p5x,10× ↔ 2.5×,22399,22399,200,200,5,0.29289960861206055,0.4046040177345276,0.34875181317329407,0.645270586013794
STAD,TCGA-VQ-A8PY-01Z-00-DX1.EA2C7386-012A-442A-95B3-FFA12BD2684D,virchow,Virchow,40x,2p5x,40× ↔ 2.5×,22399,22399,200,200,5,0.23350390791893005,0.25132328271865845,0.24241359531879425,0.38271594047546387
STAD,TCGA-VQ-A924-01Z-00-DX1.736B41F3-9678-4FAF-AE86-FCAC4F6DCBD3,virchow,Virchow,40x,10x,40× ↔ 10×,12960,12960,200,200,5,0.5924416184425354,0.5427578687667847,0.56759974360466,0.21270036697387695
STAD,TCGA-VQ-A924-01Z-00-DX1.736B41F3-9678-4FAF-AE86-FCAC4F6DCBD3,virchow,Virchow,10x,2p5x,10× ↔ 2.5×,12960,12960,200,200,5,0.21576011180877686,0.5500311851501465,0.38289564847946167,0.14095687866210938
STAD,TCGA-VQ-A924-01Z-00-DX1.736B41F3-9678-4FAF-AE86-FCAC4F6DCBD3,virchow,Virchow,40x,2p5x,40× ↔ 2.5×,12960,12960,200,200,5,0.15406477451324463,0.482409805059433,0.3182372897863388,0.0730583667755127
STAD,TCGA-ZQ-A9CR-01Z-00-DX1.C9AC9991-7054-4068-A7AA-9D1EB7F040A3,virchow,Virchow,40x,10x,40× ↔ 10×,31585,31585,200,200,5,0.9176670908927917,0.8950634598731995,0.9063652753829956,0.7817337512969971
STAD,TCGA-ZQ-A9CR-01Z-00-DX1.C9AC9991-7054-4068-A7AA-9D1EB7F040A3,virchow,Virchow,10x,2p5x,10× ↔ 2.5×,31585,31585,200,200,5,0.6824138760566711,0.6561919450759888,0.66930291056633,0.590195894241333
STAD,TCGA-ZQ-A9CR-01Z-00-DX1.C9AC9991-7054-4068-A7AA-9D1EB7F040A3,virchow,Virchow,40x,2p5x,40× ↔ 2.5×,31585,31585,200,200,5,0.6400901079177856,0.5492310523986816,0.5946605801582336,0.3600022792816162
STAD,TCGA-BR-6452-01Z-00-DX1.aec8246e-9dce-436d-9faa-df8fa1f6e47c,virchow2,Virchow2,40x,10x,40× ↔ 10×,15303,15303,200,200,5,0.7012818455696106,0.7297019958496094,0.71549192070961,0.4953916072845459
STAD,TCGA-BR-6452-01Z-00-DX1.aec8246e-9dce-436d-9faa-df8fa1f6e47c,virchow2,Virchow2,10x,2p5x,10× ↔ 2.5×,15303,15303,200,200,5,0.6253993511199951,0.6049442291259766,0.6151717901229858,0.2750117778778076
STAD,TCGA-BR-6452-01Z-00-DX1.aec8246e-9dce-436d-9faa-df8fa1f6e47c,virchow2,Virchow2,40x,2p5x,40× ↔ 2.5×,15303,15303,200,200,5,0.490136057138443,0.4558265507221222,0.4729813039302826,0.08575010299682617
STAD,TCGA-BR-6454-01Z-00-DX1.63fb6280-2b43-49b2-960a-eb9c0e8b617c,virchow2,Virchow2,40x,10x,40× ↔ 10×,15740,15740,200,200,5,0.6805505156517029,0.7016165256500244,0.6910835206508636,0.6330552101135254
STAD,TCGA-BR-6454-01Z-00-DX1.63fb6280-2b43-49b2-960a-eb9c0e8b617c,virchow2,Virchow2,10x,2p5x,10× ↔ 2.5×,15740,15740,200,200,5,0.6428248286247253,0.7231321334838867,0.682978481054306,0.4024631977081299
STAD,TCGA-BR-6454-01Z-00-DX1.63fb6280-2b43-49b2-960a-eb9c0e8b617c,virchow2,Virchow2,40x,2p5x,40× ↔ 2.5×,15740,15740,200,200,5,0.4957195222377777,0.549803614616394,0.5227615684270859,0.11637115478515625
STAD,TCGA-BR-A4CQ-01Z-00-DX1.B63282A5-154D-441B-BF96-5BB26CB6D95E,virchow2,Virchow2,40x,10x,40× ↔ 10×,13809,13809,200,200,5,0.6689298748970032,0.6924601793289185,0.6806950271129608,0.4654579162597656
STAD,TCGA-BR-A4CQ-01Z-00-DX1.B63282A5-154D-441B-BF96-5BB26CB6D95E,virchow2,Virchow2,10x,2p5x,10× ↔ 2.5×,13809,13809,200,200,5,0.6586271524429321,0.6971942782402039,0.677910715341568,0.32823705673217773
STAD,TCGA-BR-A4CQ-01Z-00-DX1.B63282A5-154D-441B-BF96-5BB26CB6D95E,virchow2,Virchow2,40x,2p5x,40× ↔ 2.5×,13809,13809,200,200,5,0.47227662801742554,0.5281882882118225,0.500232458114624,0.08719968795776367
STAD,TCGA-CD-A487-01Z-00-DX1.A026BD2F-B721-4340-83D5-7AA39227C90F,virchow2,Virchow2,40x,10x,40× ↔ 10×,20251,20251,200,200,5,0.6435288190841675,0.6931441426277161,0.6683364808559418,0.8472378253936768
STAD,TCGA-CD-A487-01Z-00-DX1.A026BD2F-B721-4340-83D5-7AA39227C90F,virchow2,Virchow2,10x,2p5x,10× ↔ 2.5×,20251,20251,200,200,5,0.6722761392593384,0.6913029551506042,0.6817895472049713,0.6681315898895264
STAD,TCGA-CD-A487-01Z-00-DX1.A026BD2F-B721-4340-83D5-7AA39227C90F,virchow2,Virchow2,40x,2p5x,40× ↔ 2.5×,20251,20251,200,200,5,0.45432916283607483,0.5289158225059509,0.4916224926710129,0.41886329650878906
STAD,TCGA-FP-8209-01Z-00-DX1.a5e13081-1631-44d4-8d6a-c229a22c2311,virchow2,Virchow2,40x,10x,40× ↔ 10×,3901,3901,200,200,5,0.6938878297805786,0.7157494425773621,0.7048186361789703,0.13556385040283203
STAD,TCGA-FP-8209-01Z-00-DX1.a5e13081-1631-44d4-8d6a-c229a22c2311,virchow2,Virchow2,10x,2p5x,10× ↔ 2.5×,3901,3901,200,200,5,0.6092676520347595,0.6307069063186646,0.619987279176712,0.0790097713470459
STAD,TCGA-FP-8209-01Z-00-DX1.a5e13081-1631-44d4-8d6a-c229a22c2311,virchow2,Virchow2,40x,2p5x,40× ↔ 2.5×,3901,3901,200,200,5,0.4933161437511444,0.5263777375221252,0.5098469406366348,0.023197174072265625
STAD,TCGA-SW-A7EA-01Z-00-DX1.C5E1BE0E-0A25-4480-A3AC-DB2ED7471A4E,virchow2,Virchow2,40x,10x,40× ↔ 10×,6449,6449,200,200,5,0.6980915665626526,0.6773484945297241,0.6877200305461884,0.22173142433166504
STAD,TCGA-SW-A7EA-01Z-00-DX1.C5E1BE0E-0A25-4480-A3AC-DB2ED7471A4E,virchow2,Virchow2,10x,2p5x,10× ↔ 2.5×,6449,6449,200,200,5,0.6614373922348022,0.7028936743736267,0.6821655333042145,0.12798643112182617
STAD,TCGA-SW-A7EA-01Z-00-DX1.C5E1BE0E-0A25-4480-A3AC-DB2ED7471A4E,virchow2,Virchow2,40x,2p5x,40× ↔ 2.5×,6449,6449,200,200,5,0.48992204666137695,0.5432530045509338,0.5165875256061554,0.0374147891998291
STAD,TCGA-VQ-A8PY-01Z-00-DX1.EA2C7386-012A-442A-95B3-FFA12BD2684D,virchow2,Virchow2,40x,10x,40× ↔ 10×,22399,22399,200,200,5,0.721065878868103,0.7465255856513977,0.7337957322597504,1.0290329456329346
STAD,TCGA-VQ-A8PY-01Z-00-DX1.EA2C7386-012A-442A-95B3-FFA12BD2684D,virchow2,Virchow2,10x,2p5x,10× ↔ 2.5×,22399,22399,200,200,5,0.6976381540298462,0.7149919867515564,0.7063150703907013,0.555410623550415
STAD,TCGA-VQ-A8PY-01Z-00-DX1.EA2C7386-012A-442A-95B3-FFA12BD2684D,virchow2,Virchow2,40x,2p5x,40× ↔ 2.5×,22399,22399,200,200,5,0.5334734916687012,0.5743488669395447,0.5539111793041229,0.31433677673339844
STAD,TCGA-VQ-A924-01Z-00-DX1.736B41F3-9678-4FAF-AE86-FCAC4F6DCBD3,virchow2,Virchow2,40x,10x,40× ↔ 10×,12960,12960,200,200,5,0.7508003115653992,0.7931628227233887,0.7719815671443939,0.43231630325317383
STAD,TCGA-VQ-A924-01Z-00-DX1.736B41F3-9678-4FAF-AE86-FCAC4F6DCBD3,virchow2,Virchow2,10x,2p5x,10× ↔ 2.5×,12960,12960,200,200,5,0.7133896946907043,0.5941881537437439,0.6537889242172241,0.2580101490020752
STAD,TCGA-VQ-A924-01Z-00-DX1.736B41F3-9678-4FAF-AE86-FCAC4F6DCBD3,virchow2,Virchow2,40x,2p5x,40× ↔ 2.5×,12960,12960,200,200,5,0.5453117489814758,0.48800116777420044,0.5166564583778381,0.08985114097595215
STAD,TCGA-ZQ-A9CR-01Z-00-DX1.C9AC9991-7054-4068-A7AA-9D1EB7F040A3,virchow2,Virchow2,40x,10x,40× ↔ 10×,31585,31585,200,200,5,0.7125024795532227,0.7668026685714722,0.7396525740623474,1.4519145488739014
STAD,TCGA-ZQ-A9CR-01Z-00-DX1.C9AC9991-7054-4068-A7AA-9D1EB7F040A3,virchow2,Virchow2,10x,2p5x,10× ↔ 2.5×,31585,31585,200,200,5,0.6816619038581848,0.6968360543251038,0.6892489790916443,1.0848636627197266
STAD,TCGA-ZQ-A9CR-01Z-00-DX1.C9AC9991-7054-4068-A7AA-9D1EB7F040A3,virchow2,Virchow2,40x,2p5x,40× ↔ 2.5×,31585,31585,200,200,5,0.526844322681427,0.5570521354675293,0.5419482290744781,0.5553395748138428
STAD,TCGA-BR-6452-01Z-00-DX1.aec8246e-9dce-436d-9faa-df8fa1f6e47c,uni2,UNI2,40x,10x,40× ↔ 10×,15303,15303,200,200,5,0.4544767737388611,0.47732946276664734,0.4659031182527542,0.2476823329925537
STAD,TCGA-BR-6452-01Z-00-DX1.aec8246e-9dce-436d-9faa-df8fa1f6e47c,uni2,UNI2,10x,2p5x,10× ↔ 2.5×,15303,15303,200,200,5,0.5490252375602722,0.5602151155471802,0.5546201765537262,0.15423202514648438
STAD,TCGA-BR-6452-01Z-00-DX1.aec8246e-9dce-436d-9faa-df8fa1f6e47c,uni2,UNI2,40x,2p5x,40× ↔ 2.5×,15303,15303,200,200,5,0.2395590990781784,0.2719508409500122,0.2557549700140953,0.053246498107910156
STAD,TCGA-BR-6454-01Z-00-DX1.63fb6280-2b43-49b2-960a-eb9c0e8b617c,uni2,UNI2,40x,10x,40× ↔ 10×,15740,15740,200,200,5,0.4637483060359955,0.5157754421234131,0.4897618740797043,0.25532078742980957
STAD,TCGA-BR-6454-01Z-00-DX1.63fb6280-2b43-49b2-960a-eb9c0e8b617c,uni2,UNI2,10x,2p5x,10× ↔ 2.5×,15740,15740,200,200,5,0.5125669836997986,0.5473106503486633,0.529938817024231,0.15690231323242188
STAD,TCGA-BR-6454-01Z-00-DX1.63fb6280-2b43-49b2-960a-eb9c0e8b617c,uni2,UNI2,40x,2p5x,40× ↔ 2.5×,15740,15740,200,200,5,0.21772605180740356,0.2855052351951599,0.25161564350128174,0.05486631393432617
STAD,TCGA-BR-A4CQ-01Z-00-DX1.B63282A5-154D-441B-BF96-5BB26CB6D95E,uni2,UNI2,40x,10x,40× ↔ 10×,13809,13809,200,200,5,0.3196578025817871,0.3503933548927307,0.3350255787372589,0.23012399673461914
STAD,TCGA-BR-A4CQ-01Z-00-DX1.B63282A5-154D-441B-BF96-5BB26CB6D95E,uni2,UNI2,10x,2p5x,10× ↔ 2.5×,13809,13809,200,200,5,0.49591127038002014,0.5166332125663757,0.5062722414731979,0.31298279762268066
STAD,TCGA-BR-A4CQ-01Z-00-DX1.B63282A5-154D-441B-BF96-5BB26CB6D95E,uni2,UNI2,40x,2p5x,40× ↔ 2.5×,13809,13809,200,200,5,0.1833897978067398,0.23314718902111053,0.20826849341392517,0.0498659610748291
STAD,TCGA-CD-A487-01Z-00-DX1.A026BD2F-B721-4340-83D5-7AA39227C90F,uni2,UNI2,40x,10x,40× ↔ 10×,20251,20251,200,200,5,0.4126839339733124,0.4316471815109253,0.42216555774211884,0.4459071159362793
STAD,TCGA-CD-A487-01Z-00-DX1.A026BD2F-B721-4340-83D5-7AA39227C90F,uni2,UNI2,10x,2p5x,10× ↔ 2.5×,20251,20251,200,200,5,0.5015605092048645,0.5085790753364563,0.5050697922706604,0.3874094486236572
STAD,TCGA-CD-A487-01Z-00-DX1.A026BD2F-B721-4340-83D5-7AA39227C90F,uni2,UNI2,40x,2p5x,40× ↔ 2.5×,20251,20251,200,200,5,0.18958625197410583,0.21177585422992706,0.20068105310201645,0.23412823677062988
STAD,TCGA-FP-8209-01Z-00-DX1.a5e13081-1631-44d4-8d6a-c229a22c2311,uni2,UNI2,40x,10x,40× ↔ 10×,3901,3901,200,200,5,0.39819982647895813,0.4490032196044922,0.42360152304172516,0.08381485939025879
STAD,TCGA-FP-8209-01Z-00-DX1.a5e13081-1631-44d4-8d6a-c229a22c2311,uni2,UNI2,10x,2p5x,10× ↔ 2.5×,3901,3901,200,200,5,0.44235870242118835,0.45086634159088135,0.44661252200603485,0.04618477821350098
STAD,TCGA-FP-8209-01Z-00-DX1.a5e13081-1631-44d4-8d6a-c229a22c2311,uni2,UNI2,40x,2p5x,40× ↔ 2.5×,3901,3901,200,200,5,0.16033092141151428,0.19076049327850342,0.17554570734500885,0.011022806167602539
STAD,TCGA-SW-A7EA-01Z-00-DX1.C5E1BE0E-0A25-4480-A3AC-DB2ED7471A4E,uni2,UNI2,40x,10x,40× ↔ 10×,6449,6449,200,200,5,0.4086419343948364,0.4122788906097412,0.4104604125022888,0.10600805282592773
STAD,TCGA-SW-A7EA-01Z-00-DX1.C5E1BE0E-0A25-4480-A3AC-DB2ED7471A4E,uni2,UNI2,10x,2p5x,10× ↔ 2.5×,6449,6449,200,200,5,0.49786248803138733,0.4880291521549225,0.4929458200931549,0.06519317626953125
STAD,TCGA-SW-A7EA-01Z-00-DX1.C5E1BE0E-0A25-4480-A3AC-DB2ED7471A4E,uni2,UNI2,40x,2p5x,40× ↔ 2.5×,6449,6449,200,200,5,0.2004522830247879,0.19961220026016235,0.20003224164247513,0.024304628372192383
STAD,TCGA-VQ-A8PY-01Z-00-DX1.EA2C7386-012A-442A-95B3-FFA12BD2684D,uni2,UNI2,40x,10x,40× ↔ 10×,22399,22399,200,200,5,0.3350052535533905,0.3771858811378479,0.3560955673456192,0.4576399326324463
STAD,TCGA-VQ-A8PY-01Z-00-DX1.EA2C7386-012A-442A-95B3-FFA12BD2684D,uni2,UNI2,10x,2p5x,10× ↔ 2.5×,22399,22399,200,200,5,0.5802945494651794,0.5967772603034973,0.5885359048843384,0.23797130584716797
STAD,TCGA-VQ-A8PY-01Z-00-DX1.EA2C7386-012A-442A-95B3-FFA12BD2684D,uni2,UNI2,40x,2p5x,40× ↔ 2.5×,22399,22399,200,200,5,0.20435094833374023,0.2733394205570221,0.23884518444538116,0.07872366905212402
STAD,TCGA-VQ-A924-01Z-00-DX1.736B41F3-9678-4FAF-AE86-FCAC4F6DCBD3,uni2,UNI2,40x,10x,40× ↔ 10×,12960,12960,200,200,5,0.3614546060562134,0.3828437328338623,0.37214916944503784,0.22082090377807617
STAD,TCGA-VQ-A924-01Z-00-DX1.736B41F3-9678-4FAF-AE86-FCAC4F6DCBD3,uni2,UNI2,10x,2p5x,10× ↔ 2.5×,12960,12960,200,200,5,0.5370533466339111,0.5431105494499207,0.5400819480419159,0.1326465606689453
STAD,TCGA-VQ-A924-01Z-00-DX1.736B41F3-9678-4FAF-AE86-FCAC4F6DCBD3,uni2,UNI2,40x,2p5x,40× ↔ 2.5×,12960,12960,200,200,5,0.19675619900226593,0.2516857981681824,0.22422099858522415,0.04818391799926758
STAD,TCGA-ZQ-A9CR-01Z-00-DX1.C9AC9991-7054-4068-A7AA-9D1EB7F040A3,uni2,UNI2,40x,10x,40× ↔ 10×,31585,31585,200,200,5,0.5302209258079529,0.5399431586265564,0.5350820422172546,0.6977138519287109
STAD,TCGA-ZQ-A9CR-01Z-00-DX1.C9AC9991-7054-4068-A7AA-9D1EB7F040A3,uni2,UNI2,10x,2p5x,10× ↔ 2.5×,31585,31585,200,200,5,0.5272167325019836,0.5341784358024597,0.5306975841522217,0.37656211853027344
STAD,TCGA-ZQ-A9CR-01Z-00-DX1.C9AC9991-7054-4068-A7AA-9D1EB7F040A3,uni2,UNI2,40x,2p5x,40× ↔ 2.5×,31585,31585,200,200,5,0.29582756757736206,0.27160754799842834,0.2837175577878952,0.10900378227233887
STAD,TCGA-BR-6452-01Z-00-DX1.aec8246e-9dce-436d-9faa-df8fa1f6e47c,midnight,Midnight,40x,10x,40× ↔ 10×,15303,15303,200,200,5,0.29127052426338196,0.2762735188007355,0.2837720215320587,0.5063869953155518
STAD,TCGA-BR-6452-01Z-00-DX1.aec8246e-9dce-436d-9faa-df8fa1f6e47c,midnight,Midnight,10x,2p5x,10× ↔ 2.5×,15303,15303,200,200,5,0.4036411941051483,0.4491502344608307,0.4263957142829895,0.387131929397583
STAD,TCGA-BR-6452-01Z-00-DX1.aec8246e-9dce-436d-9faa-df8fa1f6e47c,midnight,Midnight,40x,2p5x,40× ↔ 2.5×,15303,15303,200,200,5,0.2417123019695282,0.2384500503540039,0.24008117616176605,0.190338134765625
STAD,TCGA-BR-6454-01Z-00-DX1.63fb6280-2b43-49b2-960a-eb9c0e8b617c,midnight,Midnight,40x,10x,40× ↔ 10×,15740,15740,200,200,5,0.290378212928772,0.25641483068466187,0.2733965218067169,0.668461799621582
STAD,TCGA-BR-6454-01Z-00-DX1.63fb6280-2b43-49b2-960a-eb9c0e8b617c,midnight,Midnight,10x,2p5x,10× ↔ 2.5×,15740,15740,200,200,5,0.35535573959350586,0.3892657458782196,0.37231074273586273,0.35859107971191406
STAD,TCGA-BR-6454-01Z-00-DX1.63fb6280-2b43-49b2-960a-eb9c0e8b617c,midnight,Midnight,40x,2p5x,40× ↔ 2.5×,15740,15740,200,200,5,0.27667349576950073,0.25450462102890015,0.26558905839920044,0.1332263946533203
STAD,TCGA-BR-A4CQ-01Z-00-DX1.B63282A5-154D-441B-BF96-5BB26CB6D95E,midnight,Midnight,40x,10x,40× ↔ 10×,13809,13809,200,200,5,0.3777902126312256,0.36461031436920166,0.3712002635002136,0.5220634937286377
STAD,TCGA-BR-A4CQ-01Z-00-DX1.B63282A5-154D-441B-BF96-5BB26CB6D95E,midnight,Midnight,10x,2p5x,10× ↔ 2.5×,13809,13809,200,200,5,0.4482060968875885,0.46802443265914917,0.45811526477336884,0.49260520935058594
STAD,TCGA-BR-A4CQ-01Z-00-DX1.B63282A5-154D-441B-BF96-5BB26CB6D95E,midnight,Midnight,40x,2p5x,40× ↔ 2.5×,13809,13809,200,200,5,0.2935282588005066,0.30824512243270874,0.30088669061660767,0.2085425853729248
STAD,TCGA-CD-A487-01Z-00-DX1.A026BD2F-B721-4340-83D5-7AA39227C90F,midnight,Midnight,40x,10x,40× ↔ 10×,20251,20251,200,200,5,0.3691192865371704,0.35242563486099243,0.3607724606990814,0.9460616111755371
STAD,TCGA-CD-A487-01Z-00-DX1.A026BD2F-B721-4340-83D5-7AA39227C90F,midnight,Midnight,10x,2p5x,10× ↔ 2.5×,20251,20251,200,200,5,0.37268638610839844,0.4318664073944092,0.4022763967514038,0.50390625
STAD,TCGA-CD-A487-01Z-00-DX1.A026BD2F-B721-4340-83D5-7AA39227C90F,midnight,Midnight,40x,2p5x,40× ↔ 2.5×,20251,20251,200,200,5,0.2753857374191284,0.2752988040447235,0.27534227073192596,0.14047002792358398
STAD,TCGA-FP-8209-01Z-00-DX1.a5e13081-1631-44d4-8d6a-c229a22c2311,midnight,Midnight,40x,10x,40× ↔ 10×,3901,3901,200,200,5,0.4132540822029114,0.4209134578704834,0.4170837700366974,0.1603403091430664
STAD,TCGA-FP-8209-01Z-00-DX1.a5e13081-1631-44d4-8d6a-c229a22c2311,midnight,Midnight,10x,2p5x,10× ↔ 2.5×,3901,3901,200,200,5,0.4738036096096039,0.4710497558116913,0.4724266827106476,0.0930945873260498
STAD,TCGA-FP-8209-01Z-00-DX1.a5e13081-1631-44d4-8d6a-c229a22c2311,midnight,Midnight,40x,2p5x,40× ↔ 2.5×,3901,3901,200,200,5,0.2922367453575134,0.27735021710395813,0.2847934812307358,0.02830648422241211
STAD,TCGA-SW-A7EA-01Z-00-DX1.C5E1BE0E-0A25-4480-A3AC-DB2ED7471A4E,midnight,Midnight,40x,10x,40× ↔ 10×,6449,6449,200,200,5,0.4261767566204071,0.3653993010520935,0.3957880288362503,0.26091456413269043
STAD,TCGA-SW-A7EA-01Z-00-DX1.C5E1BE0E-0A25-4480-A3AC-DB2ED7471A4E,midnight,Midnight,10x,2p5x,10× ↔ 2.5×,6449,6449,200,200,5,0.5448644161224365,0.6034318804740906,0.5741481482982635,0.15523695945739746
STAD,TCGA-SW-A7EA-01Z-00-DX1.C5E1BE0E-0A25-4480-A3AC-DB2ED7471A4E,midnight,Midnight,40x,2p5x,40× ↔ 2.5×,6449,6449,200,200,5,0.4223306179046631,0.4130502939224243,0.4176904559135437,0.047247886657714844
STAD,TCGA-VQ-A8PY-01Z-00-DX1.EA2C7386-012A-442A-95B3-FFA12BD2684D,midnight,Midnight,40x,10x,40× ↔ 10×,22399,22399,200,200,5,0.4115244150161743,0.4344084858894348,0.42296645045280457,1.1263535022735596
STAD,TCGA-VQ-A8PY-01Z-00-DX1.EA2C7386-012A-442A-95B3-FFA12BD2684D,midnight,Midnight,10x,2p5x,10× ↔ 2.5×,22399,22399,200,200,5,0.46096765995025635,0.48591476678848267,0.4734412133693695,0.8469319343566895
STAD,TCGA-VQ-A8PY-01Z-00-DX1.EA2C7386-012A-442A-95B3-FFA12BD2684D,midnight,Midnight,40x,2p5x,40× ↔ 2.5×,22399,22399,200,200,5,0.2819797694683075,0.3042723834514618,0.29312607645988464,0.4050772190093994
STAD,TCGA-VQ-A924-01Z-00-DX1.736B41F3-9678-4FAF-AE86-FCAC4F6DCBD3,midnight,Midnight,40x,10x,40× ↔ 10×,12960,12960,200,200,5,0.3032485246658325,0.28360944986343384,0.2934289872646332,0.4047586917877197
STAD,TCGA-VQ-A924-01Z-00-DX1.736B41F3-9678-4FAF-AE86-FCAC4F6DCBD3,midnight,Midnight,10x,2p5x,10× ↔ 2.5×,12960,12960,200,200,5,0.3534257411956787,0.3935416340827942,0.37348368763923645,0.2599003314971924
STAD,TCGA-VQ-A924-01Z-00-DX1.736B41F3-9678-4FAF-AE86-FCAC4F6DCBD3,midnight,Midnight,40x,2p5x,40× ↔ 2.5×,12960,12960,200,200,5,0.2632414698600769,0.2581138610839844,0.26067766547203064,0.08811092376708984
STAD,TCGA-ZQ-A9CR-01Z-00-DX1.C9AC9991-7054-4068-A7AA-9D1EB7F040A3,midnight,Midnight,40x,10x,40× ↔ 10×,31585,31585,200,200,5,0.452248752117157,0.46069860458374023,0.4564736783504486,1.4119141101837158
STAD,TCGA-ZQ-A9CR-01Z-00-DX1.C9AC9991-7054-4068-A7AA-9D1EB7F040A3,midnight,Midnight,10x,2p5x,10× ↔ 2.5×,31585,31585,200,200,5,0.47382962703704834,0.5255994200706482,0.49971452355384827,1.0085034370422363
STAD,TCGA-ZQ-A9CR-01Z-00-DX1.C9AC9991-7054-4068-A7AA-9D1EB7F040A3,midnight,Midnight,40x,2p5x,40× ↔ 2.5×,31585,31585,200,200,5,0.32019513845443726,0.3395863175392151,0.32989072799682617,0.30693721771240234
STAD,TCGA-BR-6452-01Z-00-DX1.aec8246e-9dce-436d-9faa-df8fa1f6e47c,gigapath,GigaPath,40x,10x,40× ↔ 10×,15303,15303,200,200,5,0.2854907810688019,0.30307650566101074,0.2942836433649063,0.3078291416168213
STAD,TCGA-BR-6452-01Z-00-DX1.aec8246e-9dce-436d-9faa-df8fa1f6e47c,gigapath,GigaPath,10x,2p5x,10× ↔ 2.5×,15303,15303,200,200,5,0.48018622398376465,0.635304868221283,0.5577455461025238,0.1777353286743164
STAD,TCGA-BR-6452-01Z-00-DX1.aec8246e-9dce-436d-9faa-df8fa1f6e47c,gigapath,GigaPath,40x,2p5x,40× ↔ 2.5×,15303,15303,200,200,5,0.14266285300254822,0.23712706565856934,0.18989495933055878,0.05364251136779785
STAD,TCGA-BR-6454-01Z-00-DX1.63fb6280-2b43-49b2-960a-eb9c0e8b617c,gigapath,GigaPath,40x,10x,40× ↔ 10×,15740,15740,200,200,5,0.29817575216293335,0.3401205241680145,0.31914813816547394,0.3177835941314697
STAD,TCGA-BR-6454-01Z-00-DX1.63fb6280-2b43-49b2-960a-eb9c0e8b617c,gigapath,GigaPath,10x,2p5x,10× ↔ 2.5×,15740,15740,200,200,5,0.3419376313686371,0.5129415988922119,0.4274396151304245,0.18254542350769043
STAD,TCGA-BR-6454-01Z-00-DX1.63fb6280-2b43-49b2-960a-eb9c0e8b617c,gigapath,GigaPath,40x,2p5x,40× ↔ 2.5×,15740,15740,200,200,5,0.12622161209583282,0.18609538674354553,0.15615849941968918,0.054398298263549805
STAD,TCGA-BR-A4CQ-01Z-00-DX1.B63282A5-154D-441B-BF96-5BB26CB6D95E,gigapath,GigaPath,40x,10x,40× ↔ 10×,13809,13809,200,200,5,0.3301110863685608,0.34419623017311096,0.3371536582708359,0.35465431213378906
STAD,TCGA-BR-A4CQ-01Z-00-DX1.B63282A5-154D-441B-BF96-5BB26CB6D95E,gigapath,GigaPath,10x,2p5x,10× ↔ 2.5×,13809,13809,200,200,5,0.5094174742698669,0.684735119342804,0.5970762968063354,0.1851060390472412
STAD,TCGA-BR-A4CQ-01Z-00-DX1.B63282A5-154D-441B-BF96-5BB26CB6D95E,gigapath,GigaPath,40x,2p5x,40× ↔ 2.5×,13809,13809,200,200,5,0.11922428756952286,0.1787712275981903,0.14899775758385658,0.10057878494262695
STAD,TCGA-CD-A487-01Z-00-DX1.A026BD2F-B721-4340-83D5-7AA39227C90F,gigapath,GigaPath,40x,10x,40× ↔ 10×,20251,20251,200,200,5,0.41265958547592163,0.4600791931152344,0.436369389295578,0.49240541458129883
STAD,TCGA-CD-A487-01Z-00-DX1.A026BD2F-B721-4340-83D5-7AA39227C90F,gigapath,GigaPath,10x,2p5x,10× ↔ 2.5×,20251,20251,200,200,5,0.33791789412498474,0.7016361951828003,0.5197770446538925,0.36443233489990234
STAD,TCGA-CD-A487-01Z-00-DX1.A026BD2F-B721-4340-83D5-7AA39227C90F,gigapath,GigaPath,40x,2p5x,40× ↔ 2.5×,20251,20251,200,200,5,0.16141273081302643,0.23165638744831085,0.19653455913066864,0.0710153579711914
STAD,TCGA-FP-8209-01Z-00-DX1.a5e13081-1631-44d4-8d6a-c229a22c2311,gigapath,GigaPath,40x,10x,40× ↔ 10×,3901,3901,200,200,5,0.2966609001159668,0.30664756894111633,0.30165423452854156,0.07960915565490723
STAD,TCGA-FP-8209-01Z-00-DX1.a5e13081-1631-44d4-8d6a-c229a22c2311,gigapath,GigaPath,10x,2p5x,10× ↔ 2.5×,3901,3901,200,200,5,0.3951691687107086,0.585804283618927,0.4904867261648178,0.0447688102722168
STAD,TCGA-FP-8209-01Z-00-DX1.a5e13081-1631-44d4-8d6a-c229a22c2311,gigapath,GigaPath,40x,2p5x,40× ↔ 2.5×,3901,3901,200,200,5,0.14565244317054749,0.2262355387210846,0.18594399094581604,0.010706424713134766
STAD,TCGA-SW-A7EA-01Z-00-DX1.C5E1BE0E-0A25-4480-A3AC-DB2ED7471A4E,gigapath,GigaPath,40x,10x,40× ↔ 10×,6449,6449,200,200,5,0.4094044268131256,0.4022790491580963,0.40584173798561096,0.1333465576171875
STAD,TCGA-SW-A7EA-01Z-00-DX1.C5E1BE0E-0A25-4480-A3AC-DB2ED7471A4E,gigapath,GigaPath,10x,2p5x,10× ↔ 2.5×,6449,6449,200,200,5,0.41432029008865356,0.6458480954170227,0.5300841927528381,0.07859420776367188
STAD,TCGA-SW-A7EA-01Z-00-DX1.C5E1BE0E-0A25-4480-A3AC-DB2ED7471A4E,gigapath,GigaPath,40x,2p5x,40× ↔ 2.5×,6449,6449,200,200,5,0.164535254240036,0.24462354183197021,0.2045793980360031,0.024157047271728516
STAD,TCGA-VQ-A8PY-01Z-00-DX1.EA2C7386-012A-442A-95B3-FFA12BD2684D,gigapath,GigaPath,40x,10x,40× ↔ 10×,22399,22399,200,200,5,0.36509785056114197,0.40915000438690186,0.3871239274740219,0.6396582126617432
STAD,TCGA-VQ-A8PY-01Z-00-DX1.EA2C7386-012A-442A-95B3-FFA12BD2684D,gigapath,GigaPath,10x,2p5x,10× ↔ 2.5×,22399,22399,200,200,5,0.3596585690975189,0.6332574486732483,0.4964580088853836,0.4191858768463135
STAD,TCGA-VQ-A8PY-01Z-00-DX1.EA2C7386-012A-442A-95B3-FFA12BD2684D,gigapath,GigaPath,40x,2p5x,40× ↔ 2.5×,22399,22399,200,200,5,0.14547321200370789,0.2781929075717926,0.21183305978775024,0.19677281379699707
STAD,TCGA-VQ-A924-01Z-00-DX1.736B41F3-9678-4FAF-AE86-FCAC4F6DCBD3,gigapath,GigaPath,40x,10x,40× ↔ 10×,12960,12960,200,200,5,0.33726397156715393,0.355591356754303,0.34642766416072845,0.2971665859222412
STAD,TCGA-VQ-A924-01Z-00-DX1.736B41F3-9678-4FAF-AE86-FCAC4F6DCBD3,gigapath,GigaPath,10x,2p5x,10× ↔ 2.5×,12960,12960,200,200,5,0.31990694999694824,0.5937575697898865,0.45683225989341736,0.15798568725585938
STAD,TCGA-VQ-A924-01Z-00-DX1.736B41F3-9678-4FAF-AE86-FCAC4F6DCBD3,gigapath,GigaPath,40x,2p5x,40× ↔ 2.5×,12960,12960,200,200,5,0.16174101829528809,0.31806081533432007,0.23990091681480408,0.05135750770568848
STAD,TCGA-ZQ-A9CR-01Z-00-DX1.C9AC9991-7054-4068-A7AA-9D1EB7F040A3,gigapath,GigaPath,40x,10x,40× ↔ 10×,31585,31585,200,200,5,0.42676660418510437,0.4447479844093323,0.4357572942972183,0.8404252529144287
STAD,TCGA-ZQ-A9CR-01Z-00-DX1.C9AC9991-7054-4068-A7AA-9D1EB7F040A3,gigapath,GigaPath,10x,2p5x,10× ↔ 2.5×,31585,31585,200,200,5,0.453251451253891,0.6960591077804565,0.5746552795171738,0.4344913959503174
STAD,TCGA-ZQ-A9CR-01Z-00-DX1.C9AC9991-7054-4068-A7AA-9D1EB7F040A3,gigapath,GigaPath,40x,2p5x,40× ↔ 2.5×,31585,31585,200,200,5,0.2514107823371887,0.48359420895576477,0.36750249564647675,0.2731509208679199
STAD,TCGA-BR-6452-01Z-00-DX1.aec8246e-9dce-436d-9faa-df8fa1f6e47c,gigapath_flash,GigaPath-Flash,40x,10x,40× ↔ 10×,15303,15303,200,200,5,0.45045164227485657,0.4898032248020172,0.4701274335384369,0.08135628700256348
STAD,TCGA-BR-6452-01Z-00-DX1.aec8246e-9dce-436d-9faa-df8fa1f6e47c,gigapath_flash,GigaPath-Flash,10x,2p5x,10× ↔ 2.5×,15303,15303,200,200,5,0.5617220997810364,0.6385475993156433,0.6001348495483398,0.04383230209350586
STAD,TCGA-BR-6452-01Z-00-DX1.aec8246e-9dce-436d-9faa-df8fa1f6e47c,gigapath_flash,GigaPath-Flash,40x,2p5x,40× ↔ 2.5×,15303,15303,200,200,5,0.30043238401412964,0.42928922176361084,0.36486080288887024,0.011378049850463867
STAD,TCGA-BR-6454-01Z-00-DX1.63fb6280-2b43-49b2-960a-eb9c0e8b617c,gigapath_flash,GigaPath-Flash,40x,10x,40× ↔ 10×,15740,15740,200,200,5,0.4304424226284027,0.48108720779418945,0.4557648152112961,0.08117938041687012
STAD,TCGA-BR-6454-01Z-00-DX1.63fb6280-2b43-49b2-960a-eb9c0e8b617c,gigapath_flash,GigaPath-Flash,10x,2p5x,10× ↔ 2.5×,15740,15740,200,200,5,0.4785362780094147,0.5896050333976746,0.5340706557035446,0.046042680740356445
STAD,TCGA-BR-6454-01Z-00-DX1.63fb6280-2b43-49b2-960a-eb9c0e8b617c,gigapath_flash,GigaPath-Flash,40x,2p5x,40× ↔ 2.5×,15740,15740,200,200,5,0.27321991324424744,0.4788118600845337,0.37601588666439056,0.01127481460571289
STAD,TCGA-BR-A4CQ-01Z-00-DX1.B63282A5-154D-441B-BF96-5BB26CB6D95E,gigapath_flash,GigaPath-Flash,40x,10x,40× ↔ 10×,13809,13809,200,200,5,0.5372895002365112,0.5524173974990845,0.5448534488677979,0.0690617561340332
STAD,TCGA-BR-A4CQ-01Z-00-DX1.B63282A5-154D-441B-BF96-5BB26CB6D95E,gigapath_flash,GigaPath-Flash,10x,2p5x,10× ↔ 2.5×,13809,13809,200,200,5,0.5664597749710083,0.7241661548614502,0.6453129649162292,0.040651798248291016
STAD,TCGA-BR-A4CQ-01Z-00-DX1.B63282A5-154D-441B-BF96-5BB26CB6D95E,gigapath_flash,GigaPath-Flash,40x,2p5x,40× ↔ 2.5×,13809,13809,200,200,5,0.3652612566947937,0.4932210445404053,0.4292411506175995,0.010404586791992188
STAD,TCGA-CD-A487-01Z-00-DX1.A026BD2F-B721-4340-83D5-7AA39227C90F,gigapath_flash,GigaPath-Flash,40x,10x,40× ↔ 10×,20251,20251,200,200,5,0.6147841215133667,0.5973537564277649,0.6060689389705658,0.10215544700622559
STAD,TCGA-CD-A487-01Z-00-DX1.A026BD2F-B721-4340-83D5-7AA39227C90F,gigapath_flash,GigaPath-Flash,10x,2p5x,10× ↔ 2.5×,20251,20251,200,200,5,0.48918479681015015,0.7644904255867004,0.6268376111984253,0.05668997764587402
STAD,TCGA-CD-A487-01Z-00-DX1.A026BD2F-B721-4340-83D5-7AA39227C90F,gigapath_flash,GigaPath-Flash,40x,2p5x,40× ↔ 2.5×,20251,20251,200,200,5,0.4113945960998535,0.4611082673072815,0.4362514317035675,0.014243364334106445
STAD,TCGA-FP-8209-01Z-00-DX1.a5e13081-1631-44d4-8d6a-c229a22c2311,gigapath_flash,GigaPath-Flash,40x,10x,40× ↔ 10×,3901,3901,200,200,5,0.45983588695526123,0.4574313163757324,0.4586336016654968,0.023838520050048828
STAD,TCGA-FP-8209-01Z-00-DX1.a5e13081-1631-44d4-8d6a-c229a22c2311,gigapath_flash,GigaPath-Flash,10x,2p5x,10× ↔ 2.5×,3901,3901,200,200,5,0.5305194854736328,0.6388251185417175,0.5846723020076752,0.01216888427734375
STAD,TCGA-FP-8209-01Z-00-DX1.a5e13081-1631-44d4-8d6a-c229a22c2311,gigapath_flash,GigaPath-Flash,40x,2p5x,40× ↔ 2.5×,3901,3901,200,200,5,0.3633488118648529,0.4461343288421631,0.404741570353508,0.0036225318908691406
STAD,TCGA-SW-A7EA-01Z-00-DX1.C5E1BE0E-0A25-4480-A3AC-DB2ED7471A4E,gigapath_flash,GigaPath-Flash,40x,10x,40× ↔ 10×,6449,6449,200,200,5,0.6023371815681458,0.6103371381759644,0.606337159872055,0.03349661827087402
STAD,TCGA-SW-A7EA-01Z-00-DX1.C5E1BE0E-0A25-4480-A3AC-DB2ED7471A4E,gigapath_flash,GigaPath-Flash,10x,2p5x,10× ↔ 2.5×,6449,6449,200,200,5,0.5985135436058044,0.7329118251800537,0.6657126843929291,0.01975870132446289
STAD,TCGA-SW-A7EA-01Z-00-DX1.C5E1BE0E-0A25-4480-A3AC-DB2ED7471A4E,gigapath_flash,GigaPath-Flash,40x,2p5x,40× ↔ 2.5×,6449,6449,200,200,5,0.3619508147239685,0.483050674200058,0.42250074446201324,0.005822181701660156
STAD,TCGA-VQ-A8PY-01Z-00-DX1.EA2C7386-012A-442A-95B3-FFA12BD2684D,gigapath_flash,GigaPath-Flash,40x,10x,40× ↔ 10×,22399,22399,200,200,5,0.5640300512313843,0.5880985260009766,0.5760642886161804,0.1463003158569336
STAD,TCGA-VQ-A8PY-01Z-00-DX1.EA2C7386-012A-442A-95B3-FFA12BD2684D,gigapath_flash,GigaPath-Flash,10x,2p5x,10× ↔ 2.5×,22399,22399,200,200,5,0.4768998920917511,0.6752450466156006,0.5760724693536758,0.11006546020507812
STAD,TCGA-VQ-A8PY-01Z-00-DX1.EA2C7386-012A-442A-95B3-FFA12BD2684D,gigapath_flash,GigaPath-Flash,40x,2p5x,40× ↔ 2.5×,22399,22399,200,200,5,0.4268389344215393,0.4814848303794861,0.4541618824005127,0.03191018104553223
STAD,TCGA-VQ-A924-01Z-00-DX1.736B41F3-9678-4FAF-AE86-FCAC4F6DCBD3,gigapath_flash,GigaPath-Flash,40x,10x,40× ↔ 10×,12960,12960,200,200,5,0.5258727669715881,0.5427586436271667,0.5343157052993774,0.06452655792236328
STAD,TCGA-VQ-A924-01Z-00-DX1.736B41F3-9678-4FAF-AE86-FCAC4F6DCBD3,gigapath_flash,GigaPath-Flash,10x,2p5x,10× ↔ 2.5×,12960,12960,200,200,5,0.5164546370506287,0.6689683198928833,0.592711478471756,0.03854632377624512
STAD,TCGA-VQ-A924-01Z-00-DX1.736B41F3-9678-4FAF-AE86-FCAC4F6DCBD3,gigapath_flash,GigaPath-Flash,40x,2p5x,40× ↔ 2.5×,12960,12960,200,200,5,0.3880724608898163,0.5234255790710449,0.4557490199804306,0.00970005989074707
STAD,TCGA-ZQ-A9CR-01Z-00-DX1.C9AC9991-7054-4068-A7AA-9D1EB7F040A3,gigapath_flash,GigaPath-Flash,40x,10x,40× ↔ 10×,31585,31585,200,200,5,0.59670490026474,0.6090590357780457,0.6028819680213928,0.17330169677734375
STAD,TCGA-ZQ-A9CR-01Z-00-DX1.C9AC9991-7054-4068-A7AA-9D1EB7F040A3,gigapath_flash,GigaPath-Flash,10x,2p5x,10× ↔ 2.5×,31585,31585,200,200,5,0.5394409894943237,0.7061190605163574,0.6227800250053406,0.09673571586608887
STAD,TCGA-ZQ-A9CR-01Z-00-DX1.C9AC9991-7054-4068-A7AA-9D1EB7F040A3,gigapath_flash,GigaPath-Flash,40x,2p5x,40× ↔ 2.5×,31585,31585,200,200,5,0.39791929721832275,0.6542449593544006,0.5260821282863617,0.056499481201171875
UCEC,TCGA-A5-A0GX-01Z-00-DX1.7E713D1A-5858-4648-957D-77189E43CFAA,phikon,Phikon,40x,10x,40× ↔ 10×,26039,26039,200,200,5,0.7654556632041931,0.7623887658119202,0.7639222145080566,0.3911159038543701
UCEC,TCGA-A5-A0GX-01Z-00-DX1.7E713D1A-5858-4648-957D-77189E43CFAA,phikon,Phikon,10x,2p5x,10× ↔ 2.5×,26039,26039,200,200,5,0.4518849849700928,0.5131428241729736,0.4825139045715332,0.20828962326049805
UCEC,TCGA-A5-A0GX-01Z-00-DX1.7E713D1A-5858-4648-957D-77189E43CFAA,phikon,Phikon,40x,2p5x,40× ↔ 2.5×,26039,26039,200,200,5,0.1726353019475937,0.251221626996994,0.21192846447229385,0.06190204620361328
UCEC,TCGA-A5-A0R7-01Z-00-DX1.D21E6974-22A3-4A68-8B4E-14E84A7A50A5,phikon,Phikon,40x,10x,40× ↔ 10×,45564,45564,200,200,5,0.6997368931770325,0.6744867563247681,0.6871118247509003,0.5485701560974121
UCEC,TCGA-A5-A0R7-01Z-00-DX1.D21E6974-22A3-4A68-8B4E-14E84A7A50A5,phikon,Phikon,10x,2p5x,10× ↔ 2.5×,45564,45564,200,200,5,0.4558018743991852,0.5088948011398315,0.48234833776950836,0.35767507553100586
UCEC,TCGA-A5-A0R7-01Z-00-DX1.D21E6974-22A3-4A68-8B4E-14E84A7A50A5,phikon,Phikon,40x,2p5x,40× ↔ 2.5×,45564,45564,200,200,5,0.17775285243988037,0.26430293917655945,0.2210278958082199,0.1276857852935791
UCEC,TCGA-AX-A05U-01Z-00-DX1.1EBFC727-B5D5-4543-BBA9-4254ABD3D584,phikon,Phikon,40x,10x,40× ↔ 10×,42082,42082,200,200,5,0.7633915543556213,0.7543438673019409,0.7588677108287811,0.5245795249938965
UCEC,TCGA-AX-A05U-01Z-00-DX1.1EBFC727-B5D5-4543-BBA9-4254ABD3D584,phikon,Phikon,10x,2p5x,10× ↔ 2.5×,42082,42082,200,200,5,0.4978328347206116,0.5742517709732056,0.5360423028469086,0.35521650314331055
UCEC,TCGA-AX-A05U-01Z-00-DX1.1EBFC727-B5D5-4543-BBA9-4254ABD3D584,phikon,Phikon,40x,2p5x,40× ↔ 2.5×,42082,42082,200,200,5,0.2722706198692322,0.3272354006767273,0.29975301027297974,0.207427978515625
UCEC,TCGA-AX-A06B-01Z-00-DX2.1757C039-99F7-4087-A9E5-D340AF7220D4,phikon,Phikon,40x,10x,40× ↔ 10×,10560,10560,200,200,5,0.6605276465415955,0.6479158401489258,0.6542217433452606,0.08790993690490723
UCEC,TCGA-AX-A06B-01Z-00-DX2.1757C039-99F7-4087-A9E5-D340AF7220D4,phikon,Phikon,10x,2p5x,10× ↔ 2.5×,10560,10560,200,200,5,0.44866758584976196,0.6659550070762634,0.5573112964630127,0.0501856803894043
UCEC,TCGA-AX-A06B-01Z-00-DX2.1757C039-99F7-4087-A9E5-D340AF7220D4,phikon,Phikon,40x,2p5x,40× ↔ 2.5×,10560,10560,200,200,5,0.19058844447135925,0.2704256474971771,0.2305070459842682,0.014957904815673828
UCEC,TCGA-AX-A0J0-01Z-00-DX2.56C668BE-03B8-4B87-A226-AABD97D53C38,phikon,Phikon,40x,10x,40× ↔ 10×,34978,34978,200,200,5,0.7005570530891418,0.7282677292823792,0.7144123911857605,0.34468603134155273
UCEC,TCGA-AX-A0J0-01Z-00-DX2.56C668BE-03B8-4B87-A226-AABD97D53C38,phikon,Phikon,10x,2p5x,10× ↔ 2.5×,34978,34978,200,200,5,0.4548724889755249,0.5425310730934143,0.4987017810344696,0.26331162452697754
UCEC,TCGA-AX-A0J0-01Z-00-DX2.56C668BE-03B8-4B87-A226-AABD97D53C38,phikon,Phikon,40x,2p5x,40× ↔ 2.5×,34978,34978,200,200,5,0.22827613353729248,0.34979426860809326,0.28903520107269287,0.10518884658813477
UCEC,TCGA-B5-A11F-01Z-00-DX1.3F1C053D-E81E-4C8D-965D-6F3DE29D9511,phikon,Phikon,40x,10x,40× ↔ 10×,22717,22717,200,200,5,0.6960963010787964,0.6909668445587158,0.6935315728187561,0.19664597511291504
UCEC,TCGA-B5-A11F-01Z-00-DX1.3F1C053D-E81E-4C8D-965D-6F3DE29D9511,phikon,Phikon,10x,2p5x,10× ↔ 2.5×,22717,22717,200,200,5,0.39452093839645386,0.45977920293807983,0.42715007066726685,0.11900162696838379
UCEC,TCGA-B5-A11F-01Z-00-DX1.3F1C053D-E81E-4C8D-965D-6F3DE29D9511,phikon,Phikon,40x,2p5x,40× ↔ 2.5×,22717,22717,200,200,5,0.1489851027727127,0.2599644660949707,0.2044747844338417,0.11585783958435059
UCEC,TCGA-BG-A0W1-01Z-00-DX1.8E06269C-1278-478B-A128-59FA911B1649,phikon,Phikon,40x,10x,40× ↔ 10×,26648,26648,200,200,5,0.5887889862060547,0.5702044367790222,0.5794967114925385,0.29028797149658203
UCEC,TCGA-BG-A0W1-01Z-00-DX1.8E06269C-1278-478B-A128-59FA911B1649,phikon,Phikon,10x,2p5x,10× ↔ 2.5×,26648,26648,200,200,5,0.4008167088031769,0.4547920227050781,0.4278043657541275,0.18884897232055664
UCEC,TCGA-BG-A0W1-01Z-00-DX1.8E06269C-1278-478B-A128-59FA911B1649,phikon,Phikon,40x,2p5x,40× ↔ 2.5×,26648,26648,200,200,5,0.0991833284497261,0.26036185026168823,0.17977258935570717,0.049592018127441406
UCEC,TCGA-EY-A1GQ-01Z-00-DX1.03D52C6F-515E-4A4F-A08E-31D773BCC67F,phikon,Phikon,40x,10x,40× ↔ 10×,20550,20550,200,200,5,0.6437190175056458,0.6554690599441528,0.6495940387248993,0.16854047775268555
UCEC,TCGA-EY-A1GQ-01Z-00-DX1.03D52C6F-515E-4A4F-A08E-31D773BCC67F,phikon,Phikon,10x,2p5x,10× ↔ 2.5×,20550,20550,200,200,5,0.4062596559524536,0.4830160439014435,0.44463784992694855,0.1451723575592041
UCEC,TCGA-EY-A1GQ-01Z-00-DX1.03D52C6F-515E-4A4F-A08E-31D773BCC67F,phikon,Phikon,40x,2p5x,40× ↔ 2.5×,20550,20550,200,200,5,0.17336806654930115,0.2451307624578476,0.20924941450357437,0.03920722007751465
UCEC,TCGA-FI-A2EX-01Z-00-DX1.127F5153-745D-43E6-83CA-DE2738702C62,phikon,Phikon,40x,10x,40× ↔ 10×,21945,21945,200,200,5,0.7543186545372009,0.7446316480636597,0.7494751513004303,0.3298647403717041
UCEC,TCGA-FI-A2EX-01Z-00-DX1.127F5153-745D-43E6-83CA-DE2738702C62,phikon,Phikon,10x,2p5x,10× ↔ 2.5×,21945,21945,200,200,5,0.48318374156951904,0.6484119892120361,0.5657978653907776,0.12620258331298828
UCEC,TCGA-FI-A2EX-01Z-00-DX1.127F5153-745D-43E6-83CA-DE2738702C62,phikon,Phikon,40x,2p5x,40× ↔ 2.5×,21945,21945,200,200,5,0.2322370857000351,0.31765472888946533,0.2749459072947502,0.04460954666137695
UCEC,TCGA-A5-A0GX-01Z-00-DX1.7E713D1A-5858-4648-957D-77189E43CFAA,uni,UNI,40x,10x,40× ↔ 10×,26039,26039,200,200,5,0.38349783420562744,0.4308701753616333,0.40718400478363037,0.44828367233276367
UCEC,TCGA-A5-A0GX-01Z-00-DX1.7E713D1A-5858-4648-957D-77189E43CFAA,uni,UNI,10x,2p5x,10× ↔ 2.5×,26039,26039,200,200,5,0.3856460154056549,0.34917381405830383,0.36740991473197937,0.22996163368225098
UCEC,TCGA-A5-A0GX-01Z-00-DX1.7E713D1A-5858-4648-957D-77189E43CFAA,uni,UNI,40x,2p5x,40× ↔ 2.5×,26039,26039,200,200,5,0.16052991151809692,0.17853692173957825,0.16953341662883759,0.17151832580566406
UCEC,TCGA-A5-A0R7-01Z-00-DX1.D21E6974-22A3-4A68-8B4E-14E84A7A50A5,uni,UNI,40x,10x,40× ↔ 10×,45564,45564,200,200,5,0.34780141711235046,0.38580337166786194,0.3668023943901062,0.8155539035797119
UCEC,TCGA-A5-A0R7-01Z-00-DX1.D21E6974-22A3-4A68-8B4E-14E84A7A50A5,uni,UNI,10x,2p5x,10× ↔ 2.5×,45564,45564,200,200,5,0.31147557497024536,0.32454344630241394,0.31800951063632965,0.5374400615692139
UCEC,TCGA-A5-A0R7-01Z-00-DX1.D21E6974-22A3-4A68-8B4E-14E84A7A50A5,uni,UNI,40x,2p5x,40× ↔ 2.5×,45564,45564,200,200,5,0.12926001846790314,0.17612792551517487,0.152693971991539,0.24191069602966309
UCEC,TCGA-AX-A05U-01Z-00-DX1.1EBFC727-B5D5-4543-BBA9-4254ABD3D584,uni,UNI,40x,10x,40× ↔ 10×,42082,42082,200,200,5,0.43593183159828186,0.4744703471660614,0.45520108938217163,0.6536962985992432
UCEC,TCGA-AX-A05U-01Z-00-DX1.1EBFC727-B5D5-4543-BBA9-4254ABD3D584,uni,UNI,10x,2p5x,10× ↔ 2.5×,42082,42082,200,200,5,0.3775334060192108,0.4106957018375397,0.39411455392837524,0.4495093822479248
UCEC,TCGA-AX-A05U-01Z-00-DX1.1EBFC727-B5D5-4543-BBA9-4254ABD3D584,uni,UNI,40x,2p5x,40× ↔ 2.5×,42082,42082,200,200,5,0.17747552692890167,0.23685218393802643,0.20716385543346405,0.1775193214416504
UCEC,TCGA-AX-A06B-01Z-00-DX2.1757C039-99F7-4087-A9E5-D340AF7220D4,uni,UNI,40x,10x,40× ↔ 10×,10560,10560,200,200,5,0.3554086685180664,0.3840714693069458,0.3697400689125061,0.1206352710723877
UCEC,TCGA-AX-A06B-01Z-00-DX2.1757C039-99F7-4087-A9E5-D340AF7220D4,uni,UNI,10x,2p5x,10× ↔ 2.5×,10560,10560,200,200,5,0.347125381231308,0.3369150459766388,0.3420202136039734,0.07107782363891602
UCEC,TCGA-AX-A06B-01Z-00-DX2.1757C039-99F7-4087-A9E5-D340AF7220D4,uni,UNI,40x,2p5x,40× ↔ 2.5×,10560,10560,200,200,5,0.13492926955223083,0.16118134558200836,0.1480553075671196,0.026349544525146484
UCEC,TCGA-AX-A0J0-01Z-00-DX2.56C668BE-03B8-4B87-A226-AABD97D53C38,uni,UNI,40x,10x,40× ↔ 10×,34978,34978,200,200,5,0.40605175495147705,0.44744253158569336,0.4267471432685852,0.5527558326721191
UCEC,TCGA-AX-A0J0-01Z-00-DX2.56C668BE-03B8-4B87-A226-AABD97D53C38,uni,UNI,10x,2p5x,10× ↔ 2.5×,34978,34978,200,200,5,0.2988350987434387,0.3471561670303345,0.3229956328868866,0.2776799201965332
UCEC,TCGA-AX-A0J0-01Z-00-DX2.56C668BE-03B8-4B87-A226-AABD97D53C38,uni,UNI,40x,2p5x,40× ↔ 2.5×,34978,34978,200,200,5,0.1581161916255951,0.20038898289203644,0.17925258725881577,0.0819709300994873
UCEC,TCGA-B5-A11F-01Z-00-DX1.3F1C053D-E81E-4C8D-965D-6F3DE29D9511,uni,UNI,40x,10x,40× ↔ 10×,22717,22717,200,200,5,0.36892184615135193,0.39640361070632935,0.38266272842884064,0.26520347595214844
UCEC,TCGA-B5-A11F-01Z-00-DX1.3F1C053D-E81E-4C8D-965D-6F3DE29D9511,uni,UNI,10x,2p5x,10× ↔ 2.5×,22717,22717,200,200,5,0.23055650293827057,0.2691497504711151,0.24985312670469284,0.20842957496643066
UCEC,TCGA-B5-A11F-01Z-00-DX1.3F1C053D-E81E-4C8D-965D-6F3DE29D9511,uni,UNI,40x,2p5x,40× ↔ 2.5×,22717,22717,200,200,5,0.09548936039209366,0.13518670201301575,0.1153380312025547,0.12263870239257812
UCEC,TCGA-BG-A0W1-01Z-00-DX1.8E06269C-1278-478B-A128-59FA911B1649,uni,UNI,40x,10x,40× ↔ 10×,26648,26648,200,200,5,0.3895014822483063,0.3987365663051605,0.3941190242767334,0.3853285312652588
UCEC,TCGA-BG-A0W1-01Z-00-DX1.8E06269C-1278-478B-A128-59FA911B1649,uni,UNI,10x,2p5x,10× ↔ 2.5×,26648,26648,200,200,5,0.3164503872394562,0.3036137521266937,0.31003206968307495,0.22489333152770996
UCEC,TCGA-BG-A0W1-01Z-00-DX1.8E06269C-1278-478B-A128-59FA911B1649,uni,UNI,40x,2p5x,40× ↔ 2.5×,26648,26648,200,200,5,0.14263825118541718,0.16278906166553497,0.15271365642547607,0.14720940589904785
UCEC,TCGA-EY-A1GQ-01Z-00-DX1.03D52C6F-515E-4A4F-A08E-31D773BCC67F,uni,UNI,40x,10x,40× ↔ 10×,20550,20550,200,200,5,0.4043733775615692,0.4098271131515503,0.40710024535655975,0.22592735290527344
UCEC,TCGA-EY-A1GQ-01Z-00-DX1.03D52C6F-515E-4A4F-A08E-31D773BCC67F,uni,UNI,10x,2p5x,10× ↔ 2.5×,20550,20550,200,200,5,0.2903645932674408,0.37051162123680115,0.33043810725212097,0.15039944648742676
UCEC,TCGA-EY-A1GQ-01Z-00-DX1.03D52C6F-515E-4A4F-A08E-31D773BCC67F,uni,UNI,40x,2p5x,40× ↔ 2.5×,20550,20550,200,200,5,0.10268659144639969,0.17543692886829376,0.13906176015734673,0.05773758888244629
UCEC,TCGA-FI-A2EX-01Z-00-DX1.127F5153-745D-43E6-83CA-DE2738702C62,uni,UNI,40x,10x,40× ↔ 10×,21945,21945,200,200,5,0.408811092376709,0.45530715584754944,0.4320591241121292,0.3920586109161377
UCEC,TCGA-FI-A2EX-01Z-00-DX1.127F5153-745D-43E6-83CA-DE2738702C62,uni,UNI,10x,2p5x,10× ↔ 2.5×,21945,21945,200,200,5,0.3169640600681305,0.3624197244644165,0.3396918922662735,0.20200037956237793
UCEC,TCGA-FI-A2EX-01Z-00-DX1.127F5153-745D-43E6-83CA-DE2738702C62,uni,UNI,40x,2p5x,40× ↔ 2.5×,21945,21945,200,200,5,0.1650085747241974,0.18353070318698883,0.1742696389555931,0.1427152156829834
UCEC,TCGA-A5-A0GX-01Z-00-DX1.7E713D1A-5858-4648-957D-77189E43CFAA,virchow,Virchow,40x,10x,40× ↔ 10×,26039,26039,200,200,5,0.8102819919586182,0.7037912607192993,0.7570366263389587,0.8957886695861816
UCEC,TCGA-A5-A0GX-01Z-00-DX1.7E713D1A-5858-4648-957D-77189E43CFAA,virchow,Virchow,10x,2p5x,10× ↔ 2.5×,26039,26039,200,200,5,0.2714954614639282,0.4443295896053314,0.3579125255346298,0.8377695083618164
UCEC,TCGA-A5-A0GX-01Z-00-DX1.7E713D1A-5858-4648-957D-77189E43CFAA,virchow,Virchow,40x,2p5x,40× ↔ 2.5×,26039,26039,200,200,5,0.3995627164840698,0.2702440321445465,0.33490337431430817,0.3396780490875244
UCEC,TCGA-A5-A0R7-01Z-00-DX1.D21E6974-22A3-4A68-8B4E-14E84A7A50A5,virchow,Virchow,40x,10x,40× ↔ 10×,45564,45564,200,200,5,0.7650974988937378,0.6453474760055542,0.705222487449646,1.0488929748535156
UCEC,TCGA-A5-A0R7-01Z-00-DX1.D21E6974-22A3-4A68-8B4E-14E84A7A50A5,virchow,Virchow,10x,2p5x,10× ↔ 2.5×,45564,45564,200,200,5,0.28740301728248596,0.3741287887096405,0.33076590299606323,0.8299698829650879
UCEC,TCGA-A5-A0R7-01Z-00-DX1.D21E6974-22A3-4A68-8B4E-14E84A7A50A5,virchow,Virchow,40x,2p5x,40× ↔ 2.5×,45564,45564,200,200,5,0.38357025384902954,0.32340559363365173,0.35348792374134064,0.3797183036804199
UCEC,TCGA-AX-A05U-01Z-00-DX1.1EBFC727-B5D5-4543-BBA9-4254ABD3D584,virchow,Virchow,40x,10x,40× ↔ 10×,42082,42082,200,200,5,0.6920721530914307,0.692125678062439,0.6920989155769348,0.9502696990966797
UCEC,TCGA-AX-A05U-01Z-00-DX1.1EBFC727-B5D5-4543-BBA9-4254ABD3D584,virchow,Virchow,10x,2p5x,10× ↔ 2.5×,42082,42082,200,200,5,0.2747049629688263,0.4642268121242523,0.3694658875465393,0.9147484302520752
UCEC,TCGA-AX-A05U-01Z-00-DX1.1EBFC727-B5D5-4543-BBA9-4254ABD3D584,virchow,Virchow,40x,2p5x,40× ↔ 2.5×,42082,42082,200,200,5,0.23421788215637207,0.35491207242012024,0.29456497728824615,0.8919923305511475
UCEC,TCGA-AX-A06B-01Z-00-DX2.1757C039-99F7-4087-A9E5-D340AF7220D4,virchow,Virchow,40x,10x,40× ↔ 10×,10560,10560,200,200,5,0.7987224459648132,0.6414899826049805,0.7201062142848969,0.1691124439239502
UCEC,TCGA-AX-A06B-01Z-00-DX2.1757C039-99F7-4087-A9E5-D340AF7220D4,virchow,Virchow,10x,2p5x,10× ↔ 2.5×,10560,10560,200,200,5,0.24939708411693573,0.48376360535621643,0.3665803447365761,0.11423778533935547
UCEC,TCGA-AX-A06B-01Z-00-DX2.1757C039-99F7-4087-A9E5-D340AF7220D4,virchow,Virchow,40x,2p5x,40× ↔ 2.5×,10560,10560,200,200,5,0.1874566674232483,0.24522335827350616,0.21634001284837723,0.060239553451538086
UCEC,TCGA-AX-A0J0-01Z-00-DX2.56C668BE-03B8-4B87-A226-AABD97D53C38,virchow,Virchow,40x,10x,40× ↔ 10×,34978,34978,200,200,5,0.7931504845619202,0.6343839168548584,0.7137672007083893,0.7674620151519775
UCEC,TCGA-AX-A0J0-01Z-00-DX2.56C668BE-03B8-4B87-A226-AABD97D53C38,virchow,Virchow,10x,2p5x,10× ↔ 2.5×,34978,34978,200,200,5,0.30195388197898865,0.5589684844017029,0.43046118319034576,0.5650529861450195
UCEC,TCGA-AX-A0J0-01Z-00-DX2.56C668BE-03B8-4B87-A226-AABD97D53C38,virchow,Virchow,40x,2p5x,40× ↔ 2.5×,34978,34978,200,200,5,0.2876054048538208,0.30083465576171875,0.2942200303077698,0.34690093994140625
UCEC,TCGA-B5-A11F-01Z-00-DX1.3F1C053D-E81E-4C8D-965D-6F3DE29D9511,virchow,Virchow,40x,10x,40× ↔ 10×,22717,22717,200,200,5,0.5822948217391968,0.7505793571472168,0.6664370894432068,0.37528562545776367
UCEC,TCGA-B5-A11F-01Z-00-DX1.3F1C053D-E81E-4C8D-965D-6F3DE29D9511,virchow,Virchow,10x,2p5x,10× ↔ 2.5×,22717,22717,200,200,5,0.19326792657375336,0.39287269115448,0.29307030886411667,0.35807204246520996
UCEC,TCGA-B5-A11F-01Z-00-DX1.3F1C053D-E81E-4C8D-965D-6F3DE29D9511,virchow,Virchow,40x,2p5x,40× ↔ 2.5×,22717,22717,200,200,5,0.16667072474956512,0.22973491251468658,0.19820281863212585,0.36388373374938965
UCEC,TCGA-BG-A0W1-01Z-00-DX1.8E06269C-1278-478B-A128-59FA911B1649,virchow,Virchow,40x,10x,40× ↔ 10×,26648,26648,200,200,5,0.4780921936035156,0.6624361276626587,0.5702641606330872,0.6773440837860107
UCEC,TCGA-BG-A0W1-01Z-00-DX1.8E06269C-1278-478B-A128-59FA911B1649,virchow,Virchow,10x,2p5x,10× ↔ 2.5×,26648,26648,200,200,5,0.19217735528945923,0.32880353927612305,0.26049044728279114,0.40697526931762695
UCEC,TCGA-BG-A0W1-01Z-00-DX1.8E06269C-1278-478B-A128-59FA911B1649,virchow,Virchow,40x,2p5x,40× ↔ 2.5×,26648,26648,200,200,5,0.15005463361740112,0.22250837087631226,0.1862815022468567,0.16629528999328613
UCEC,TCGA-EY-A1GQ-01Z-00-DX1.03D52C6F-515E-4A4F-A08E-31D773BCC67F,virchow,Virchow,40x,10x,40× ↔ 10×,20550,20550,200,200,5,0.6385476589202881,0.5079305171966553,0.5732390880584717,0.49091053009033203
UCEC,TCGA-EY-A1GQ-01Z-00-DX1.03D52C6F-515E-4A4F-A08E-31D773BCC67F,virchow,Virchow,10x,2p5x,10× ↔ 2.5×,20550,20550,200,200,5,0.23302657902240753,0.45036718249320984,0.3416968807578087,0.29833126068115234
UCEC,TCGA-EY-A1GQ-01Z-00-DX1.03D52C6F-515E-4A4F-A08E-31D773BCC67F,virchow,Virchow,40x,2p5x,40× ↔ 2.5×,20550,20550,200,200,5,0.11831147968769073,0.18925407528877258,0.15378277748823166,0.23959565162658691
UCEC,TCGA-FI-A2EX-01Z-00-DX1.127F5153-745D-43E6-83CA-DE2738702C62,virchow,Virchow,40x,10x,40× ↔ 10×,21945,21945,200,200,5,0.8155981302261353,0.6946499347686768,0.755124032497406,0.5503203868865967
UCEC,TCGA-FI-A2EX-01Z-00-DX1.127F5153-745D-43E6-83CA-DE2738702C62,virchow,Virchow,10x,2p5x,10× ↔ 2.5×,21945,21945,200,200,5,0.3197811245918274,0.47000652551651,0.3948938250541687,0.3181753158569336
UCEC,TCGA-FI-A2EX-01Z-00-DX1.127F5153-745D-43E6-83CA-DE2738702C62,virchow,Virchow,40x,2p5x,40× ↔ 2.5×,21945,21945,200,200,5,0.2999163866043091,0.32665136456489563,0.31328387558460236,0.14297699928283691
UCEC,TCGA-A5-A0GX-01Z-00-DX1.7E713D1A-5858-4648-957D-77189E43CFAA,virchow2,Virchow2,40x,10x,40× ↔ 10×,26039,26039,200,200,5,0.6700568795204163,0.7267839908599854,0.6984204351902008,1.165497064590454
UCEC,TCGA-A5-A0GX-01Z-00-DX1.7E713D1A-5858-4648-957D-77189E43CFAA,virchow2,Virchow2,10x,2p5x,10× ↔ 2.5×,26039,26039,200,200,5,0.7514445185661316,0.759678840637207,0.7555616796016693,0.7699873447418213
UCEC,TCGA-A5-A0GX-01Z-00-DX1.7E713D1A-5858-4648-957D-77189E43CFAA,virchow2,Virchow2,40x,2p5x,40× ↔ 2.5×,26039,26039,200,200,5,0.4956653416156769,0.5843597054481506,0.5400125235319138,0.2701692581176758
UCEC,TCGA-A5-A0R7-01Z-00-DX1.D21E6974-22A3-4A68-8B4E-14E84A7A50A5,virchow2,Virchow2,40x,10x,40× ↔ 10×,45564,45564,200,200,5,0.6286355257034302,0.6722940802574158,0.650464802980423,2.067776679992676
UCEC,TCGA-A5-A0R7-01Z-00-DX1.D21E6974-22A3-4A68-8B4E-14E84A7A50A5,virchow2,Virchow2,10x,2p5x,10× ↔ 2.5×,45564,45564,200,200,5,0.7238291501998901,0.7633981704711914,0.7436136603355408,1.1754043102264404
UCEC,TCGA-A5-A0R7-01Z-00-DX1.D21E6974-22A3-4A68-8B4E-14E84A7A50A5,virchow2,Virchow2,40x,2p5x,40× ↔ 2.5×,45564,45564,200,200,5,0.46295809745788574,0.5406729578971863,0.501815527677536,0.38227367401123047
UCEC,TCGA-AX-A05U-01Z-00-DX1.1EBFC727-B5D5-4543-BBA9-4254ABD3D584,virchow2,Virchow2,40x,10x,40× ↔ 10×,42082,42082,200,200,5,0.6915239095687866,0.7372749447822571,0.7143994271755219,1.7387893199920654
UCEC,TCGA-AX-A05U-01Z-00-DX1.1EBFC727-B5D5-4543-BBA9-4254ABD3D584,virchow2,Virchow2,10x,2p5x,10× ↔ 2.5×,42082,42082,200,200,5,0.7492135167121887,0.7392676472663879,0.7442405819892883,1.3827855587005615
UCEC,TCGA-AX-A05U-01Z-00-DX1.1EBFC727-B5D5-4543-BBA9-4254ABD3D584,virchow2,Virchow2,40x,2p5x,40× ↔ 2.5×,42082,42082,200,200,5,0.5053584575653076,0.539225161075592,0.5222918093204498,0.794788122177124
UCEC,TCGA-AX-A06B-01Z-00-DX2.1757C039-99F7-4087-A9E5-D340AF7220D4,virchow2,Virchow2,40x,10x,40× ↔ 10×,10560,10560,200,200,5,0.705574631690979,0.7160356044769287,0.7108051180839539,0.29050755500793457
UCEC,TCGA-AX-A06B-01Z-00-DX2.1757C039-99F7-4087-A9E5-D340AF7220D4,virchow2,Virchow2,10x,2p5x,10× ↔ 2.5×,10560,10560,200,200,5,0.6265724301338196,0.6835712790489197,0.6550718545913696,0.1709589958190918
UCEC,TCGA-AX-A06B-01Z-00-DX2.1757C039-99F7-4087-A9E5-D340AF7220D4,virchow2,Virchow2,40x,2p5x,40× ↔ 2.5×,10560,10560,200,200,5,0.5079154968261719,0.5263592600822449,0.5171373784542084,0.06017160415649414
UCEC,TCGA-AX-A0J0-01Z-00-DX2.56C668BE-03B8-4B87-A226-AABD97D53C38,virchow2,Virchow2,40x,10x,40× ↔ 10×,34978,34978,200,200,5,0.6947929263114929,0.7106027603149414,0.7026978433132172,1.2596745491027832
UCEC,TCGA-AX-A0J0-01Z-00-DX2.56C668BE-03B8-4B87-A226-AABD97D53C38,virchow2,Virchow2,10x,2p5x,10× ↔ 2.5×,34978,34978,200,200,5,0.6977018713951111,0.7242138981819153,0.7109578847885132,0.9027478694915771
UCEC,TCGA-AX-A0J0-01Z-00-DX2.56C668BE-03B8-4B87-A226-AABD97D53C38,virchow2,Virchow2,40x,2p5x,40× ↔ 2.5×,34978,34978,200,200,5,0.5301603078842163,0.5185925960540771,0.5243764519691467,0.40545201301574707
UCEC,TCGA-B5-A11F-01Z-00-DX1.3F1C053D-E81E-4C8D-965D-6F3DE29D9511,virchow2,Virchow2,40x,10x,40× ↔ 10×,22717,22717,200,200,5,0.6629284620285034,0.6948161125183105,0.678872287273407,0.6831943988800049
UCEC,TCGA-B5-A11F-01Z-00-DX1.3F1C053D-E81E-4C8D-965D-6F3DE29D9511,virchow2,Virchow2,10x,2p5x,10× ↔ 2.5×,22717,22717,200,200,5,0.7010995149612427,0.706074059009552,0.7035867869853973,0.43224287033081055
UCEC,TCGA-B5-A11F-01Z-00-DX1.3F1C053D-E81E-4C8D-965D-6F3DE29D9511,virchow2,Virchow2,40x,2p5x,40× ↔ 2.5×,22717,22717,200,200,5,0.48375487327575684,0.521690845489502,0.5027228593826294,0.12604784965515137
UCEC,TCGA-BG-A0W1-01Z-00-DX1.8E06269C-1278-478B-A128-59FA911B1649,virchow2,Virchow2,40x,10x,40× ↔ 10×,26648,26648,200,200,5,0.6809049844741821,0.6929655075073242,0.6869352459907532,0.8627350330352783
UCEC,TCGA-BG-A0W1-01Z-00-DX1.8E06269C-1278-478B-A128-59FA911B1649,virchow2,Virchow2,10x,2p5x,10× ↔ 2.5×,26648,26648,200,200,5,0.6991815567016602,0.695857048034668,0.6975193023681641,0.5039277076721191
UCEC,TCGA-BG-A0W1-01Z-00-DX1.8E06269C-1278-478B-A128-59FA911B1649,virchow2,Virchow2,40x,2p5x,40× ↔ 2.5×,26648,26648,200,200,5,0.5034491419792175,0.49855703115463257,0.501003086566925,0.1482689380645752
UCEC,TCGA-EY-A1GQ-01Z-00-DX1.03D52C6F-515E-4A4F-A08E-31D773BCC67F,virchow2,Virchow2,40x,10x,40× ↔ 10×,20550,20550,200,200,5,0.7215213775634766,0.7171754837036133,0.7193484306335449,0.5483241081237793
UCEC,TCGA-EY-A1GQ-01Z-00-DX1.03D52C6F-515E-4A4F-A08E-31D773BCC67F,virchow2,Virchow2,10x,2p5x,10× ↔ 2.5×,20550,20550,200,200,5,0.6545132398605347,0.6448046565055847,0.6496589481830597,0.3297755718231201
UCEC,TCGA-EY-A1GQ-01Z-00-DX1.03D52C6F-515E-4A4F-A08E-31D773BCC67F,virchow2,Virchow2,40x,2p5x,40× ↔ 2.5×,20550,20550,200,200,5,0.5399320721626282,0.49198904633522034,0.5159605592489243,0.11240339279174805
UCEC,TCGA-FI-A2EX-01Z-00-DX1.127F5153-745D-43E6-83CA-DE2738702C62,virchow2,Virchow2,40x,10x,40× ↔ 10×,21945,21945,200,200,5,0.6791344881057739,0.7304360866546631,0.7047852873802185,0.9176416397094727
UCEC,TCGA-FI-A2EX-01Z-00-DX1.127F5153-745D-43E6-83CA-DE2738702C62,virchow2,Virchow2,10x,2p5x,10× ↔ 2.5×,21945,21945,200,200,5,0.7331665754318237,0.7354870438575745,0.7343268096446991,0.6259002685546875
UCEC,TCGA-FI-A2EX-01Z-00-DX1.127F5153-745D-43E6-83CA-DE2738702C62,virchow2,Virchow2,40x,2p5x,40× ↔ 2.5×,21945,21945,200,200,5,0.5103909373283386,0.5593501329421997,0.5348705351352692,0.31412625312805176
UCEC,TCGA-A5-A0GX-01Z-00-DX1.7E713D1A-5858-4648-957D-77189E43CFAA,uni2,UNI2,40x,10x,40× ↔ 10×,26039,26039,200,200,5,0.3906898498535156,0.45075365900993347,0.42072175443172455,0.5089919567108154
UCEC,TCGA-A5-A0GX-01Z-00-DX1.7E713D1A-5858-4648-957D-77189E43CFAA,uni2,UNI2,10x,2p5x,10× ↔ 2.5×,26039,26039,200,200,5,0.6043390035629272,0.5952795147895813,0.5998092591762543,0.3006579875946045
UCEC,TCGA-A5-A0GX-01Z-00-DX1.7E713D1A-5858-4648-957D-77189E43CFAA,uni2,UNI2,40x,2p5x,40× ↔ 2.5×,26039,26039,200,200,5,0.2732436954975128,0.3331044018268585,0.30317404866218567,0.08967828750610352
UCEC,TCGA-A5-A0R7-01Z-00-DX1.D21E6974-22A3-4A68-8B4E-14E84A7A50A5,uni2,UNI2,40x,10x,40× ↔ 10×,45564,45564,200,200,5,0.2921997010707855,0.35451769828796387,0.3233586996793747,1.2369496822357178
UCEC,TCGA-A5-A0R7-01Z-00-DX1.D21E6974-22A3-4A68-8B4E-14E84A7A50A5,uni2,UNI2,10x,2p5x,10× ↔ 2.5×,45564,45564,200,200,5,0.5557892322540283,0.6021263003349304,0.5789577662944794,0.6889846324920654
UCEC,TCGA-A5-A0R7-01Z-00-DX1.D21E6974-22A3-4A68-8B4E-14E84A7A50A5,uni2,UNI2,40x,2p5x,40× ↔ 2.5×,45564,45564,200,200,5,0.2089109718799591,0.28139278292655945,0.24515187740325928,0.15796256065368652
UCEC,TCGA-AX-A05U-01Z-00-DX1.1EBFC727-B5D5-4543-BBA9-4254ABD3D584,uni2,UNI2,40x,10x,40× ↔ 10×,42082,42082,200,200,5,0.3794466257095337,0.4593362808227539,0.4193914532661438,0.6962499618530273
UCEC,TCGA-AX-A05U-01Z-00-DX1.1EBFC727-B5D5-4543-BBA9-4254ABD3D584,uni2,UNI2,10x,2p5x,10× ↔ 2.5×,42082,42082,200,200,5,0.608420193195343,0.6119825839996338,0.6102013885974884,0.38667821884155273
UCEC,TCGA-AX-A05U-01Z-00-DX1.1EBFC727-B5D5-4543-BBA9-4254ABD3D584,uni2,UNI2,40x,2p5x,40× ↔ 2.5×,42082,42082,200,200,5,0.23456573486328125,0.30599531531333923,0.27028052508831024,0.30525636672973633
UCEC,TCGA-AX-A06B-01Z-00-DX2.1757C039-99F7-4087-A9E5-D340AF7220D4,uni2,UNI2,40x,10x,40× ↔ 10×,10560,10560,200,200,5,0.327125608921051,0.34592223167419434,0.3365239202976227,0.10635733604431152
UCEC,TCGA-AX-A06B-01Z-00-DX2.1757C039-99F7-4087-A9E5-D340AF7220D4,uni2,UNI2,10x,2p5x,10× ↔ 2.5×,10560,10560,200,200,5,0.4886482059955597,0.5109243392944336,0.49978627264499664,0.07007217407226562
UCEC,TCGA-AX-A06B-01Z-00-DX2.1757C039-99F7-4087-A9E5-D340AF7220D4,uni2,UNI2,40x,2p5x,40× ↔ 2.5×,10560,10560,200,200,5,0.16698503494262695,0.21531455218791962,0.19114979356527328,0.03754401206970215
UCEC,TCGA-AX-A0J0-01Z-00-DX2.56C668BE-03B8-4B87-A226-AABD97D53C38,uni2,UNI2,40x,10x,40× ↔ 10×,34978,34978,200,200,5,0.38573336601257324,0.43677183985710144,0.41125260293483734,0.4280815124511719
UCEC,TCGA-AX-A0J0-01Z-00-DX2.56C668BE-03B8-4B87-A226-AABD97D53C38,uni2,UNI2,10x,2p5x,10× ↔ 2.5×,34978,34978,200,200,5,0.549500584602356,0.5735200643539429,0.5615103244781494,0.24434208869934082
UCEC,TCGA-AX-A0J0-01Z-00-DX2.56C668BE-03B8-4B87-A226-AABD97D53C38,uni2,UNI2,40x,2p5x,40× ↔ 2.5×,34978,34978,200,200,5,0.2326257973909378,0.3001190423965454,0.2663724198937416,0.25783634185791016
UCEC,TCGA-B5-A11F-01Z-00-DX1.3F1C053D-E81E-4C8D-965D-6F3DE29D9511,uni2,UNI2,40x,10x,40× ↔ 10×,22717,22717,200,200,5,0.374347984790802,0.45241233706474304,0.4133801609277725,0.2224264144897461
UCEC,TCGA-B5-A11F-01Z-00-DX1.3F1C053D-E81E-4C8D-965D-6F3DE29D9511,uni2,UNI2,10x,2p5x,10× ↔ 2.5×,22717,22717,200,200,5,0.5300391316413879,0.5218744874000549,0.5259568095207214,0.2259056568145752
UCEC,TCGA-B5-A11F-01Z-00-DX1.3F1C053D-E81E-4C8D-965D-6F3DE29D9511,uni2,UNI2,40x,2p5x,40× ↔ 2.5×,22717,22717,200,200,5,0.22689782083034515,0.2819620966911316,0.2544299587607384,0.2264232635498047
UCEC,TCGA-BG-A0W1-01Z-00-DX1.8E06269C-1278-478B-A128-59FA911B1649,uni2,UNI2,40x,10x,40× ↔ 10×,26648,26648,200,200,5,0.3623480796813965,0.4218054413795471,0.3920767605304718,0.39032721519470215
UCEC,TCGA-BG-A0W1-01Z-00-DX1.8E06269C-1278-478B-A128-59FA911B1649,uni2,UNI2,10x,2p5x,10× ↔ 2.5×,26648,26648,200,200,5,0.5643121600151062,0.571739137172699,0.5680256485939026,0.26740384101867676
UCEC,TCGA-BG-A0W1-01Z-00-DX1.8E06269C-1278-478B-A128-59FA911B1649,uni2,UNI2,40x,2p5x,40× ↔ 2.5×,26648,26648,200,200,5,0.26742422580718994,0.3046492636203766,0.28603674471378326,0.10170459747314453
UCEC,TCGA-EY-A1GQ-01Z-00-DX1.03D52C6F-515E-4A4F-A08E-31D773BCC67F,uni2,UNI2,40x,10x,40× ↔ 10×,20550,20550,200,200,5,0.3085649311542511,0.3855554163455963,0.3470601737499237,0.21228957176208496
UCEC,TCGA-EY-A1GQ-01Z-00-DX1.03D52C6F-515E-4A4F-A08E-31D773BCC67F,uni2,UNI2,10x,2p5x,10× ↔ 2.5×,20550,20550,200,200,5,0.5646114349365234,0.5663439035415649,0.5654776692390442,0.2121140956878662
UCEC,TCGA-EY-A1GQ-01Z-00-DX1.03D52C6F-515E-4A4F-A08E-31D773BCC67F,uni2,UNI2,40x,2p5x,40× ↔ 2.5×,20550,20550,200,200,5,0.19016321003437042,0.25972145795822144,0.22494233399629593,0.13363051414489746
UCEC,TCGA-FI-A2EX-01Z-00-DX1.127F5153-745D-43E6-83CA-DE2738702C62,uni2,UNI2,40x,10x,40× ↔ 10×,21945,21945,200,200,5,0.45843610167503357,0.5163431167602539,0.48738960921764374,0.31991100311279297
UCEC,TCGA-FI-A2EX-01Z-00-DX1.127F5153-745D-43E6-83CA-DE2738702C62,uni2,UNI2,10x,2p5x,10× ↔ 2.5×,21945,21945,200,200,5,0.5609681606292725,0.5541115403175354,0.5575398504734039,0.18832898139953613
UCEC,TCGA-FI-A2EX-01Z-00-DX1.127F5153-745D-43E6-83CA-DE2738702C62,uni2,UNI2,40x,2p5x,40× ↔ 2.5×,21945,21945,200,200,5,0.30649080872535706,0.3349551260471344,0.3207229673862457,0.16883397102355957
UCEC,TCGA-A5-A0GX-01Z-00-DX1.7E713D1A-5858-4648-957D-77189E43CFAA,midnight,Midnight,40x,10x,40× ↔ 10×,26039,26039,200,200,5,0.3284212350845337,0.32378265261650085,0.3261019438505173,1.3268508911132812
UCEC,TCGA-A5-A0GX-01Z-00-DX1.7E713D1A-5858-4648-957D-77189E43CFAA,midnight,Midnight,10x,2p5x,10× ↔ 2.5×,26039,26039,200,200,5,0.33878082036972046,0.34134331345558167,0.34006206691265106,0.8168227672576904
UCEC,TCGA-A5-A0GX-01Z-00-DX1.7E713D1A-5858-4648-957D-77189E43CFAA,midnight,Midnight,40x,2p5x,40× ↔ 2.5×,26039,26039,200,200,5,0.3024744391441345,0.28699272871017456,0.29473358392715454,0.30190157890319824
UCEC,TCGA-A5-A0R7-01Z-00-DX1.D21E6974-22A3-4A68-8B4E-14E84A7A50A5,midnight,Midnight,40x,10x,40× ↔ 10×,45564,45564,200,200,5,0.3490651547908783,0.3400405943393707,0.3445528745651245,2.462334394454956
UCEC,TCGA-A5-A0R7-01Z-00-DX1.D21E6974-22A3-4A68-8B4E-14E84A7A50A5,midnight,Midnight,10x,2p5x,10× ↔ 2.5×,45564,45564,200,200,5,0.3928820788860321,0.3838557004928589,0.3883688896894455,1.659102201461792
UCEC,TCGA-A5-A0R7-01Z-00-DX1.D21E6974-22A3-4A68-8B4E-14E84A7A50A5,midnight,Midnight,40x,2p5x,40× ↔ 2.5×,45564,45564,200,200,5,0.26476988196372986,0.2591380774974823,0.2619539797306061,0.6482024192810059
UCEC,TCGA-AX-A05U-01Z-00-DX1.1EBFC727-B5D5-4543-BBA9-4254ABD3D584,midnight,Midnight,40x,10x,40× ↔ 10×,42082,42082,200,200,5,0.35267573595046997,0.33155006170272827,0.3421128988265991,1.5500633716583252
UCEC,TCGA-AX-A05U-01Z-00-DX1.1EBFC727-B5D5-4543-BBA9-4254ABD3D584,midnight,Midnight,10x,2p5x,10× ↔ 2.5×,42082,42082,200,200,5,0.3374495506286621,0.364086776971817,0.35076816380023956,0.8772916793823242
UCEC,TCGA-AX-A05U-01Z-00-DX1.1EBFC727-B5D5-4543-BBA9-4254ABD3D584,midnight,Midnight,40x,2p5x,40× ↔ 2.5×,42082,42082,200,200,5,0.22072434425354004,0.20303763449192047,0.21188098937273026,0.5031909942626953
UCEC,TCGA-AX-A06B-01Z-00-DX2.1757C039-99F7-4087-A9E5-D340AF7220D4,midnight,Midnight,40x,10x,40× ↔ 10×,10560,10560,200,200,5,0.34357622265815735,0.3238637447357178,0.33371998369693756,0.20893621444702148
UCEC,TCGA-AX-A06B-01Z-00-DX2.1757C039-99F7-4087-A9E5-D340AF7220D4,midnight,Midnight,10x,2p5x,10× ↔ 2.5×,10560,10560,200,200,5,0.4716898500919342,0.5325692892074585,0.5021295696496964,0.13909339904785156
UCEC,TCGA-AX-A06B-01Z-00-DX2.1757C039-99F7-4087-A9E5-D340AF7220D4,midnight,Midnight,40x,2p5x,40× ↔ 2.5×,10560,10560,200,200,5,0.2938074469566345,0.30969303846359253,0.3017502427101135,0.07177472114562988
UCEC,TCGA-AX-A0J0-01Z-00-DX2.56C668BE-03B8-4B87-A226-AABD97D53C38,midnight,Midnight,40x,10x,40× ↔ 10×,34978,34978,200,200,5,0.3151433765888214,0.32863983511924744,0.3218916058540344,1.0760259628295898
UCEC,TCGA-AX-A0J0-01Z-00-DX2.56C668BE-03B8-4B87-A226-AABD97D53C38,midnight,Midnight,10x,2p5x,10× ↔ 2.5×,34978,34978,200,200,5,0.41245561838150024,0.3771732747554779,0.3948144465684891,0.7471010684967041
UCEC,TCGA-AX-A0J0-01Z-00-DX2.56C668BE-03B8-4B87-A226-AABD97D53C38,midnight,Midnight,40x,2p5x,40× ↔ 2.5×,34978,34978,200,200,5,0.28748783469200134,0.26962581276893616,0.27855682373046875,0.38538575172424316
UCEC,TCGA-B5-A11F-01Z-00-DX1.3F1C053D-E81E-4C8D-965D-6F3DE29D9511,midnight,Midnight,40x,10x,40× ↔ 10×,22717,22717,200,200,5,0.33765527606010437,0.3513355851173401,0.34449543058872223,0.5384669303894043
UCEC,TCGA-B5-A11F-01Z-00-DX1.3F1C053D-E81E-4C8D-965D-6F3DE29D9511,midnight,Midnight,10x,2p5x,10× ↔ 2.5×,22717,22717,200,200,5,0.37753093242645264,0.3493519127368927,0.36344142258167267,0.3983900547027588
UCEC,TCGA-B5-A11F-01Z-00-DX1.3F1C053D-E81E-4C8D-965D-6F3DE29D9511,midnight,Midnight,40x,2p5x,40× ↔ 2.5×,22717,22717,200,200,5,0.25020578503608704,0.22051887214183807,0.23536232858896255,0.15779995918273926
UCEC,TCGA-BG-A0W1-01Z-00-DX1.8E06269C-1278-478B-A128-59FA911B1649,midnight,Midnight,40x,10x,40× ↔ 10×,26648,26648,200,200,5,0.2879548668861389,0.2784835994243622,0.28321923315525055,0.763232946395874
UCEC,TCGA-BG-A0W1-01Z-00-DX1.8E06269C-1278-478B-A128-59FA911B1649,midnight,Midnight,10x,2p5x,10× ↔ 2.5×,26648,26648,200,200,5,0.3204207122325897,0.32106101512908936,0.32074086368083954,0.5829875469207764
UCEC,TCGA-BG-A0W1-01Z-00-DX1.8E06269C-1278-478B-A128-59FA911B1649,midnight,Midnight,40x,2p5x,40× ↔ 2.5×,26648,26648,200,200,5,0.22534386813640594,0.2210216075181961,0.22318273782730103,0.3115074634552002
UCEC,TCGA-EY-A1GQ-01Z-00-DX1.03D52C6F-515E-4A4F-A08E-31D773BCC67F,midnight,Midnight,40x,10x,40× ↔ 10×,20550,20550,200,200,5,0.35802534222602844,0.36038002371788025,0.35920268297195435,0.5644593238830566
UCEC,TCGA-EY-A1GQ-01Z-00-DX1.03D52C6F-515E-4A4F-A08E-31D773BCC67F,midnight,Midnight,10x,2p5x,10× ↔ 2.5×,20550,20550,200,200,5,0.4257722795009613,0.41636812686920166,0.4210702031850815,0.4874451160430908
UCEC,TCGA-EY-A1GQ-01Z-00-DX1.03D52C6F-515E-4A4F-A08E-31D773BCC67F,midnight,Midnight,40x,2p5x,40× ↔ 2.5×,20550,20550,200,200,5,0.3772541582584381,0.3667376935482025,0.3719959259033203,0.44359922409057617
UCEC,TCGA-FI-A2EX-01Z-00-DX1.127F5153-745D-43E6-83CA-DE2738702C62,midnight,Midnight,40x,10x,40× ↔ 10×,21945,21945,200,200,5,0.32501301169395447,0.3306725323200226,0.3278427720069885,0.5385608673095703
UCEC,TCGA-FI-A2EX-01Z-00-DX1.127F5153-745D-43E6-83CA-DE2738702C62,midnight,Midnight,10x,2p5x,10× ↔ 2.5×,21945,21945,200,200,5,0.3882743716239929,0.34860578179359436,0.36844007670879364,0.4288370609283447
UCEC,TCGA-FI-A2EX-01Z-00-DX1.127F5153-745D-43E6-83CA-DE2738702C62,midnight,Midnight,40x,2p5x,40× ↔ 2.5×,21945,21945,200,200,5,0.29037898778915405,0.2360660433769226,0.26322251558303833,0.24946093559265137
UCEC,TCGA-A5-A0GX-01Z-00-DX1.7E713D1A-5858-4648-957D-77189E43CFAA,gigapath,GigaPath,40x,10x,40× ↔ 10×,26039,26039,200,200,5,0.40214791893959045,0.4579646587371826,0.43005628883838654,0.5353193283081055
UCEC,TCGA-A5-A0GX-01Z-00-DX1.7E713D1A-5858-4648-957D-77189E43CFAA,gigapath,GigaPath,10x,2p5x,10× ↔ 2.5×,26039,26039,200,200,5,0.45045217871665955,0.6886080503463745,0.569530114531517,0.3956305980682373
UCEC,TCGA-A5-A0GX-01Z-00-DX1.7E713D1A-5858-4648-957D-77189E43CFAA,gigapath,GigaPath,40x,2p5x,40× ↔ 2.5×,26039,26039,200,200,5,0.13922201097011566,0.39728042483329773,0.2682512179017067,0.10758256912231445
UCEC,TCGA-A5-A0R7-01Z-00-DX1.D21E6974-22A3-4A68-8B4E-14E84A7A50A5,gigapath,GigaPath,40x,10x,40× ↔ 10×,45564,45564,200,200,5,0.3727530539035797,0.42771899700164795,0.40023602545261383,1.276750087738037
UCEC,TCGA-A5-A0R7-01Z-00-DX1.D21E6974-22A3-4A68-8B4E-14E84A7A50A5,gigapath,GigaPath,10x,2p5x,10× ↔ 2.5×,45564,45564,200,200,5,0.3341517448425293,0.6794043779373169,0.5067780613899231,0.7120203971862793
UCEC,TCGA-A5-A0R7-01Z-00-DX1.D21E6974-22A3-4A68-8B4E-14E84A7A50A5,gigapath,GigaPath,40x,2p5x,40× ↔ 2.5×,45564,45564,200,200,5,0.10830474644899368,0.21257884800434113,0.1604417972266674,0.3048820495605469
UCEC,TCGA-AX-A05U-01Z-00-DX1.1EBFC727-B5D5-4543-BBA9-4254ABD3D584,gigapath,GigaPath,40x,10x,40× ↔ 10×,42082,42082,200,200,5,0.3528474271297455,0.4072352647781372,0.38004134595394135,0.9656107425689697
UCEC,TCGA-AX-A05U-01Z-00-DX1.1EBFC727-B5D5-4543-BBA9-4254ABD3D584,gigapath,GigaPath,10x,2p5x,10× ↔ 2.5×,42082,42082,200,200,5,0.42748725414276123,0.6742063164710999,0.5508467853069305,0.6615715026855469
UCEC,TCGA-AX-A05U-01Z-00-DX1.1EBFC727-B5D5-4543-BBA9-4254ABD3D584,gigapath,GigaPath,40x,2p5x,40× ↔ 2.5×,42082,42082,200,200,5,0.18796834349632263,0.23545192182064056,0.2117101326584816,0.2809946537017822
UCEC,TCGA-AX-A06B-01Z-00-DX2.1757C039-99F7-4087-A9E5-D340AF7220D4,gigapath,GigaPath,40x,10x,40× ↔ 10×,10560,10560,200,200,5,0.3568735122680664,0.40579620003700256,0.3813348561525345,0.18718743324279785
UCEC,TCGA-AX-A06B-01Z-00-DX2.1757C039-99F7-4087-A9E5-D340AF7220D4,gigapath,GigaPath,10x,2p5x,10× ↔ 2.5×,10560,10560,200,200,5,0.46334272623062134,0.6959349513053894,0.5796388387680054,0.10837125778198242
UCEC,TCGA-AX-A06B-01Z-00-DX2.1757C039-99F7-4087-A9E5-D340AF7220D4,gigapath,GigaPath,40x,2p5x,40× ↔ 2.5×,10560,10560,200,200,5,0.15104033052921295,0.22281001508235931,0.18692517280578613,0.0373532772064209
UCEC,TCGA-AX-A0J0-01Z-00-DX2.56C668BE-03B8-4B87-A226-AABD97D53C38,gigapath,GigaPath,40x,10x,40× ↔ 10×,34978,34978,200,200,5,0.31132104992866516,0.33211496472358704,0.3217180073261261,0.7223656177520752
UCEC,TCGA-AX-A0J0-01Z-00-DX2.56C668BE-03B8-4B87-A226-AABD97D53C38,gigapath,GigaPath,10x,2p5x,10× ↔ 2.5×,34978,34978,200,200,5,0.523195207118988,0.7195421457290649,0.6213686764240265,0.539595365524292
UCEC,TCGA-AX-A0J0-01Z-00-DX2.56C668BE-03B8-4B87-A226-AABD97D53C38,gigapath,GigaPath,40x,2p5x,40× ↔ 2.5×,34978,34978,200,200,5,0.09968686103820801,0.17748300731182098,0.1385849341750145,0.22691106796264648
UCEC,TCGA-B5-A11F-01Z-00-DX1.3F1C053D-E81E-4C8D-965D-6F3DE29D9511,gigapath,GigaPath,40x,10x,40× ↔ 10×,22717,22717,200,200,5,0.2895372807979584,0.39487695693969727,0.3422071188688278,0.39525651931762695
UCEC,TCGA-B5-A11F-01Z-00-DX1.3F1C053D-E81E-4C8D-965D-6F3DE29D9511,gigapath,GigaPath,10x,2p5x,10× ↔ 2.5×,22717,22717,200,200,5,0.3380529284477234,0.6302253007888794,0.4841391146183014,0.29329514503479004
UCEC,TCGA-B5-A11F-01Z-00-DX1.3F1C053D-E81E-4C8D-965D-6F3DE29D9511,gigapath,GigaPath,40x,2p5x,40× ↔ 2.5×,22717,22717,200,200,5,0.11586098372936249,0.25849857926368713,0.1871797814965248,0.15542984008789062
UCEC,TCGA-BG-A0W1-01Z-00-DX1.8E06269C-1278-478B-A128-59FA911B1649,gigapath,GigaPath,40x,10x,40× ↔ 10×,26648,26648,200,200,5,0.37195560336112976,0.451872855424881,0.41191422939300537,0.6862056255340576
UCEC,TCGA-BG-A0W1-01Z-00-DX1.8E06269C-1278-478B-A128-59FA911B1649,gigapath,GigaPath,10x,2p5x,10× ↔ 2.5×,26648,26648,200,200,5,0.2890137732028961,0.5937770009040833,0.4413953870534897,0.41351819038391113
UCEC,TCGA-BG-A0W1-01Z-00-DX1.8E06269C-1278-478B-A128-59FA911B1649,gigapath,GigaPath,40x,2p5x,40× ↔ 2.5×,26648,26648,200,200,5,0.10830697417259216,0.19124622642993927,0.14977660030126572,0.1679079532623291
UCEC,TCGA-EY-A1GQ-01Z-00-DX1.03D52C6F-515E-4A4F-A08E-31D773BCC67F,gigapath,GigaPath,40x,10x,40× ↔ 10×,20550,20550,200,200,5,0.32274553179740906,0.3520001173019409,0.337372824549675,0.38441920280456543
UCEC,TCGA-EY-A1GQ-01Z-00-DX1.03D52C6F-515E-4A4F-A08E-31D773BCC67F,gigapath,GigaPath,10x,2p5x,10× ↔ 2.5×,20550,20550,200,200,5,0.4009176790714264,0.6503841876983643,0.5256509333848953,0.21257448196411133
UCEC,TCGA-EY-A1GQ-01Z-00-DX1.03D52C6F-515E-4A4F-A08E-31D773BCC67F,gigapath,GigaPath,40x,2p5x,40× ↔ 2.5×,20550,20550,200,200,5,0.10267084091901779,0.24806427955627441,0.1753675602376461,0.07196426391601562
UCEC,TCGA-FI-A2EX-01Z-00-DX1.127F5153-745D-43E6-83CA-DE2738702C62,gigapath,GigaPath,40x,10x,40× ↔ 10×,21945,21945,200,200,5,0.3756886124610901,0.4248144030570984,0.40025150775909424,0.48397397994995117
UCEC,TCGA-FI-A2EX-01Z-00-DX1.127F5153-745D-43E6-83CA-DE2738702C62,gigapath,GigaPath,10x,2p5x,10× ↔ 2.5×,21945,21945,200,200,5,0.5678354501724243,0.7506246566772461,0.6592300534248352,0.3329946994781494
UCEC,TCGA-FI-A2EX-01Z-00-DX1.127F5153-745D-43E6-83CA-DE2738702C62,gigapath,GigaPath,40x,2p5x,40× ↔ 2.5×,21945,21945,200,200,5,0.21039053797721863,0.40819716453552246,0.30929385125637054,0.16401982307434082
UCEC,TCGA-A5-A0GX-01Z-00-DX1.7E713D1A-5858-4648-957D-77189E43CFAA,gigapath_flash,GigaPath-Flash,40x,10x,40× ↔ 10×,26039,26039,200,200,5,0.6202238202095032,0.6371267437934875,0.6286752820014954,0.13693547248840332
UCEC,TCGA-A5-A0GX-01Z-00-DX1.7E713D1A-5858-4648-957D-77189E43CFAA,gigapath_flash,GigaPath-Flash,10x,2p5x,10× ↔ 2.5×,26039,26039,200,200,5,0.5502782464027405,0.7441330552101135,0.647205650806427,0.08028125762939453
UCEC,TCGA-A5-A0GX-01Z-00-DX1.7E713D1A-5858-4648-957D-77189E43CFAA,gigapath_flash,GigaPath-Flash,40x,2p5x,40× ↔ 2.5×,26039,26039,200,200,5,0.39367935061454773,0.6727322936058044,0.5332058221101761,0.02489948272705078
UCEC,TCGA-A5-A0R7-01Z-00-DX1.D21E6974-22A3-4A68-8B4E-14E84A7A50A5,gigapath_flash,GigaPath-Flash,40x,10x,40× ↔ 10×,45564,45564,200,200,5,0.5489488244056702,0.5838521718978882,0.5664004981517792,0.22699856758117676
UCEC,TCGA-A5-A0R7-01Z-00-DX1.D21E6974-22A3-4A68-8B4E-14E84A7A50A5,gigapath_flash,GigaPath-Flash,10x,2p5x,10× ↔ 2.5×,45564,45564,200,200,5,0.4969801902770996,0.6653486490249634,0.5811644196510315,0.14870595932006836
UCEC,TCGA-A5-A0R7-01Z-00-DX1.D21E6974-22A3-4A68-8B4E-14E84A7A50A5,gigapath_flash,GigaPath-Flash,40x,2p5x,40× ↔ 2.5×,45564,45564,200,200,5,0.3557702898979187,0.44195619225502014,0.3988632410764694,0.04114890098571777
UCEC,TCGA-AX-A05U-01Z-00-DX1.1EBFC727-B5D5-4543-BBA9-4254ABD3D584,gigapath_flash,GigaPath-Flash,40x,10x,40× ↔ 10×,42082,42082,200,200,5,0.5967134237289429,0.599417507648468,0.5980654656887054,0.2590763568878174
UCEC,TCGA-AX-A05U-01Z-00-DX1.1EBFC727-B5D5-4543-BBA9-4254ABD3D584,gigapath_flash,GigaPath-Flash,10x,2p5x,10× ↔ 2.5×,42082,42082,200,200,5,0.5953690409660339,0.782765805721283,0.6890674233436584,0.15633177757263184
UCEC,TCGA-AX-A05U-01Z-00-DX1.1EBFC727-B5D5-4543-BBA9-4254ABD3D584,gigapath_flash,GigaPath-Flash,40x,2p5x,40× ↔ 2.5×,42082,42082,200,200,5,0.4978824555873871,0.5412010550498962,0.5195417553186417,0.05292224884033203
UCEC,TCGA-AX-A06B-01Z-00-DX2.1757C039-99F7-4087-A9E5-D340AF7220D4,gigapath_flash,GigaPath-Flash,40x,10x,40× ↔ 10×,10560,10560,200,200,5,0.558046817779541,0.5838855504989624,0.5709661841392517,0.04311060905456543
UCEC,TCGA-AX-A06B-01Z-00-DX2.1757C039-99F7-4087-A9E5-D340AF7220D4,gigapath_flash,GigaPath-Flash,10x,2p5x,10× ↔ 2.5×,10560,10560,200,200,5,0.5537264347076416,0.7596834897994995,0.6567049622535706,0.025008201599121094
UCEC,TCGA-AX-A06B-01Z-00-DX2.1757C039-99F7-4087-A9E5-D340AF7220D4,gigapath_flash,GigaPath-Flash,40x,2p5x,40× ↔ 2.5×,10560,10560,200,200,5,0.35181358456611633,0.46005189418792725,0.4059327393770218,0.00874471664428711
UCEC,TCGA-AX-A0J0-01Z-00-DX2.56C668BE-03B8-4B87-A226-AABD97D53C38,gigapath_flash,GigaPath-Flash,40x,10x,40× ↔ 10×,34978,34978,200,200,5,0.48288199305534363,0.511835515499115,0.4973587542772293,0.1623377799987793
UCEC,TCGA-AX-A0J0-01Z-00-DX2.56C668BE-03B8-4B87-A226-AABD97D53C38,gigapath_flash,GigaPath-Flash,10x,2p5x,10× ↔ 2.5×,34978,34978,200,200,5,0.5550320148468018,0.7549422979354858,0.6549871563911438,0.15900564193725586
UCEC,TCGA-AX-A0J0-01Z-00-DX2.56C668BE-03B8-4B87-A226-AABD97D53C38,gigapath_flash,GigaPath-Flash,40x,2p5x,40× ↔ 2.5×,34978,34978,200,200,5,0.33383190631866455,0.4817011058330536,0.40776650607585907,0.06165647506713867
UCEC,TCGA-B5-A11F-01Z-00-DX1.3F1C053D-E81E-4C8D-965D-6F3DE29D9511,gigapath_flash,GigaPath-Flash,40x,10x,40× ↔ 10×,22717,22717,200,200,5,0.41072797775268555,0.5164158344268799,0.4635719060897827,0.09588146209716797
UCEC,TCGA-B5-A11F-01Z-00-DX1.3F1C053D-E81E-4C8D-965D-6F3DE29D9511,gigapath_flash,GigaPath-Flash,10x,2p5x,10× ↔ 2.5×,22717,22717,200,200,5,0.39861807227134705,0.595694899559021,0.497156485915184,0.08690977096557617
UCEC,TCGA-B5-A11F-01Z-00-DX1.3F1C053D-E81E-4C8D-965D-6F3DE29D9511,gigapath_flash,GigaPath-Flash,40x,2p5x,40× ↔ 2.5×,22717,22717,200,200,5,0.28969481587409973,0.47026270627975464,0.3799787610769272,0.05701494216918945
UCEC,TCGA-BG-A0W1-01Z-00-DX1.8E06269C-1278-478B-A128-59FA911B1649,gigapath_flash,GigaPath-Flash,40x,10x,40× ↔ 10×,26648,26648,200,200,5,0.5061654448509216,0.5377964377403259,0.5219809412956238,0.19709038734436035
UCEC,TCGA-BG-A0W1-01Z-00-DX1.8E06269C-1278-478B-A128-59FA911B1649,gigapath_flash,GigaPath-Flash,10x,2p5x,10× ↔ 2.5×,26648,26648,200,200,5,0.4567670226097107,0.641373336315155,0.5490701794624329,0.10573244094848633
UCEC,TCGA-BG-A0W1-01Z-00-DX1.8E06269C-1278-478B-A128-59FA911B1649,gigapath_flash,GigaPath-Flash,40x,2p5x,40× ↔ 2.5×,26648,26648,200,200,5,0.30725738406181335,0.515070378780365,0.4111638814210892,0.03402566909790039
UCEC,TCGA-EY-A1GQ-01Z-00-DX1.03D52C6F-515E-4A4F-A08E-31D773BCC67F,gigapath_flash,GigaPath-Flash,40x,10x,40× ↔ 10×,20550,20550,200,200,5,0.4686976969242096,0.4780673086643219,0.47338250279426575,0.079925537109375
UCEC,TCGA-EY-A1GQ-01Z-00-DX1.03D52C6F-515E-4A4F-A08E-31D773BCC67F,gigapath_flash,GigaPath-Flash,10x,2p5x,10× ↔ 2.5×,20550,20550,200,200,5,0.5590786933898926,0.7245301008224487,0.6418043971061707,0.051631927490234375
UCEC,TCGA-EY-A1GQ-01Z-00-DX1.03D52C6F-515E-4A4F-A08E-31D773BCC67F,gigapath_flash,GigaPath-Flash,40x,2p5x,40× ↔ 2.5×,20550,20550,200,200,5,0.35529544949531555,0.5052721500396729,0.4302837997674942,0.01472926139831543
UCEC,TCGA-FI-A2EX-01Z-00-DX1.127F5153-745D-43E6-83CA-DE2738702C62,gigapath_flash,GigaPath-Flash,40x,10x,40× ↔ 10×,21945,21945,200,200,5,0.58811354637146,0.5936822891235352,0.5908979177474976,0.10246491432189941
UCEC,TCGA-FI-A2EX-01Z-00-DX1.127F5153-745D-43E6-83CA-DE2738702C62,gigapath_flash,GigaPath-Flash,10x,2p5x,10× ↔ 2.5×,21945,21945,200,200,5,0.6126998662948608,0.7996417284011841,0.7061707973480225,0.06149029731750488
UCEC,TCGA-FI-A2EX-01Z-00-DX1.127F5153-745D-43E6-83CA-DE2738702C62,gigapath_flash,GigaPath-Flash,40x,2p5x,40× ↔ 2.5×,21945,21945,200,200,5,0.4597071409225464,0.628282904624939,0.5439950227737427,0.026166200637817383
