cancer,case_id,model,model_display,k,metric,hit,n_same_cancer_in_topk,top1_similarity,top1_cancer,top1_case
BLCA,TCGA-CF-A3MF-01Z-00-DX1.91768C26-5BB1-4DE6-9737-AA26BD687A75,phikon,Phikon,1,Recall@1,0,0,0.4942969083786011,STAD,TCGA-CD-A487-01Z-00-DX1.A026BD2F-B721-4340-83D5-7AA39227C90F
BLCA,TCGA-CF-A3MF-01Z-00-DX1.91768C26-5BB1-4DE6-9737-AA26BD687A75,phikon,Phikon,5,Recall@5,1,2,0.4942969083786011,STAD,TCGA-CD-A487-01Z-00-DX1.A026BD2F-B721-4340-83D5-7AA39227C90F
BLCA,TCGA-CF-A3MF-01Z-00-DX1.91768C26-5BB1-4DE6-9737-AA26BD687A75,phikon,Phikon,10,Recall@10,1,3,0.4942969083786011,STAD,TCGA-CD-A487-01Z-00-DX1.A026BD2F-B721-4340-83D5-7AA39227C90F
BLCA,TCGA-CU-A0YN-01Z-00-DX1.6C5EAAAF-8F14-49D3-8FFC-9BDAE56CAFD0,phikon,Phikon,1,Recall@1,0,0,0.4872319996356964,BRCA,TCGA-AN-A0G0-01Z-00-DX1.BE0BB5DF-DEDA-48D8-B5D8-2735C767F28F
BLCA,TCGA-CU-A0YN-01Z-00-DX1.6C5EAAAF-8F14-49D3-8FFC-9BDAE56CAFD0,phikon,Phikon,5,Recall@5,0,0,0.4872319996356964,BRCA,TCGA-AN-A0G0-01Z-00-DX1.BE0BB5DF-DEDA-48D8-B5D8-2735C767F28F
BLCA,TCGA-CU-A0YN-01Z-00-DX1.6C5EAAAF-8F14-49D3-8FFC-9BDAE56CAFD0,phikon,Phikon,10,Recall@10,1,1,0.4872319996356964,BRCA,TCGA-AN-A0G0-01Z-00-DX1.BE0BB5DF-DEDA-48D8-B5D8-2735C767F28F
BLCA,TCGA-DK-A6AW-01Z-00-DX1.C2453A8C-8282-443C-9E76-5B6CAD2FE69B,phikon,Phikon,1,Recall@1,0,0,0.6128636598587036,BRCA,TCGA-E2-A14P-01Z-00-DX1.663B02FF-C64B-41A6-8685-FD61CD76F9C6
BLCA,TCGA-DK-A6AW-01Z-00-DX1.C2453A8C-8282-443C-9E76-5B6CAD2FE69B,phikon,Phikon,5,Recall@5,1,1,0.6128636598587036,BRCA,TCGA-E2-A14P-01Z-00-DX1.663B02FF-C64B-41A6-8685-FD61CD76F9C6
BLCA,TCGA-DK-A6AW-01Z-00-DX1.C2453A8C-8282-443C-9E76-5B6CAD2FE69B,phikon,Phikon,10,Recall@10,1,2,0.6128636598587036,BRCA,TCGA-E2-A14P-01Z-00-DX1.663B02FF-C64B-41A6-8685-FD61CD76F9C6
BLCA,TCGA-DK-AA6L-01A-01-TSA.5794F0C6-9ED6-489A-9621-18CCC5935548,phikon,Phikon,1,Recall@1,1,1,0.7843080163002014,BLCA,TCGA-DK-AA77-01A-01-TSA.26CAF5CB-CC4F-4522-BD2B-343FB70205FE
BLCA,TCGA-DK-AA6L-01A-01-TSA.5794F0C6-9ED6-489A-9621-18CCC5935548,phikon,Phikon,5,Recall@5,1,1,0.7843080163002014,BLCA,TCGA-DK-AA77-01A-01-TSA.26CAF5CB-CC4F-4522-BD2B-343FB70205FE
BLCA,TCGA-DK-AA6L-01A-01-TSA.5794F0C6-9ED6-489A-9621-18CCC5935548,phikon,Phikon,10,Recall@10,1,1,0.7843080163002014,BLCA,TCGA-DK-AA77-01A-01-TSA.26CAF5CB-CC4F-4522-BD2B-343FB70205FE
BLCA,TCGA-DK-AA77-01A-01-TSA.26CAF5CB-CC4F-4522-BD2B-343FB70205FE,phikon,Phikon,1,Recall@1,0,0,0.9023540019989014,HNSC,TCGA-CN-A6V7-01A-01-TS1.F54912D3-1E21-4605-ACFC-142973524AE2
BLCA,TCGA-DK-AA77-01A-01-TSA.26CAF5CB-CC4F-4522-BD2B-343FB70205FE,phikon,Phikon,5,Recall@5,1,1,0.9023540019989014,HNSC,TCGA-CN-A6V7-01A-01-TS1.F54912D3-1E21-4605-ACFC-142973524AE2
BLCA,TCGA-DK-AA77-01A-01-TSA.26CAF5CB-CC4F-4522-BD2B-343FB70205FE,phikon,Phikon,10,Recall@10,1,3,0.9023540019989014,HNSC,TCGA-CN-A6V7-01A-01-TS1.F54912D3-1E21-4605-ACFC-142973524AE2
BLCA,TCGA-FD-A6TK-01Z-00-DX1.B685DA87-72A6-4C38-8AA1-40B6E543383C,phikon,Phikon,1,Recall@1,1,1,0.69845050573349,BLCA,TCGA-XF-A8HB-01Z-00-DX1.D6874152-D20A-4CA4-8E8B-8CBAB5F7D7B5
BLCA,TCGA-FD-A6TK-01Z-00-DX1.B685DA87-72A6-4C38-8AA1-40B6E543383C,phikon,Phikon,5,Recall@5,1,1,0.69845050573349,BLCA,TCGA-XF-A8HB-01Z-00-DX1.D6874152-D20A-4CA4-8E8B-8CBAB5F7D7B5
BLCA,TCGA-FD-A6TK-01Z-00-DX1.B685DA87-72A6-4C38-8AA1-40B6E543383C,phikon,Phikon,10,Recall@10,1,2,0.69845050573349,BLCA,TCGA-XF-A8HB-01Z-00-DX1.D6874152-D20A-4CA4-8E8B-8CBAB5F7D7B5
BLCA,TCGA-GU-AATP-01Z-00-DX1.0D8EC37C-88E7-49D5-A76D-F0A4A3FD8AE4,phikon,Phikon,1,Recall@1,1,1,0.6242512464523315,BLCA,TCGA-ZF-A9R1-01Z-00-DX1.74520759-D448-45B5-B8AD-45502C99A519
BLCA,TCGA-GU-AATP-01Z-00-DX1.0D8EC37C-88E7-49D5-A76D-F0A4A3FD8AE4,phikon,Phikon,5,Recall@5,1,3,0.6242512464523315,BLCA,TCGA-ZF-A9R1-01Z-00-DX1.74520759-D448-45B5-B8AD-45502C99A519
BLCA,TCGA-GU-AATP-01Z-00-DX1.0D8EC37C-88E7-49D5-A76D-F0A4A3FD8AE4,phikon,Phikon,10,Recall@10,1,5,0.6242512464523315,BLCA,TCGA-ZF-A9R1-01Z-00-DX1.74520759-D448-45B5-B8AD-45502C99A519
BLCA,TCGA-XF-A8HB-01Z-00-DX1.D6874152-D20A-4CA4-8E8B-8CBAB5F7D7B5,phikon,Phikon,1,Recall@1,1,1,0.69845050573349,BLCA,TCGA-FD-A6TK-01Z-00-DX1.B685DA87-72A6-4C38-8AA1-40B6E543383C
BLCA,TCGA-XF-A8HB-01Z-00-DX1.D6874152-D20A-4CA4-8E8B-8CBAB5F7D7B5,phikon,Phikon,5,Recall@5,1,3,0.69845050573349,BLCA,TCGA-FD-A6TK-01Z-00-DX1.B685DA87-72A6-4C38-8AA1-40B6E543383C
BLCA,TCGA-XF-A8HB-01Z-00-DX1.D6874152-D20A-4CA4-8E8B-8CBAB5F7D7B5,phikon,Phikon,10,Recall@10,1,4,0.69845050573349,BLCA,TCGA-FD-A6TK-01Z-00-DX1.B685DA87-72A6-4C38-8AA1-40B6E543383C
BLCA,TCGA-ZF-A9R1-01Z-00-DX1.74520759-D448-45B5-B8AD-45502C99A519,phikon,Phikon,1,Recall@1,1,1,0.6242512464523315,BLCA,TCGA-GU-AATP-01Z-00-DX1.0D8EC37C-88E7-49D5-A76D-F0A4A3FD8AE4
BLCA,TCGA-ZF-A9R1-01Z-00-DX1.74520759-D448-45B5-B8AD-45502C99A519,phikon,Phikon,5,Recall@5,1,3,0.6242512464523315,BLCA,TCGA-GU-AATP-01Z-00-DX1.0D8EC37C-88E7-49D5-A76D-F0A4A3FD8AE4
BLCA,TCGA-ZF-A9R1-01Z-00-DX1.74520759-D448-45B5-B8AD-45502C99A519,phikon,Phikon,10,Recall@10,1,4,0.6242512464523315,BLCA,TCGA-GU-AATP-01Z-00-DX1.0D8EC37C-88E7-49D5-A76D-F0A4A3FD8AE4
BLCA,TCGA-ZF-AA51-01Z-00-DX1.128C9731-C206-4E71-9A64-864FA9FD7E96,phikon,Phikon,1,Recall@1,0,0,0.5932413935661316,UCEC,TCGA-AX-A06B-01Z-00-DX2.1757C039-99F7-4087-A9E5-D340AF7220D4
BLCA,TCGA-ZF-AA51-01Z-00-DX1.128C9731-C206-4E71-9A64-864FA9FD7E96,phikon,Phikon,5,Recall@5,1,2,0.5932413935661316,UCEC,TCGA-AX-A06B-01Z-00-DX2.1757C039-99F7-4087-A9E5-D340AF7220D4
BLCA,TCGA-ZF-AA51-01Z-00-DX1.128C9731-C206-4E71-9A64-864FA9FD7E96,phikon,Phikon,10,Recall@10,1,3,0.5932413935661316,UCEC,TCGA-AX-A06B-01Z-00-DX2.1757C039-99F7-4087-A9E5-D340AF7220D4
BRCA,TCGA-A7-A2KD-01Z-00-DX1.BFF2DFC8-1D95-4DC2-98FC-5BD7D7C6CDF5,phikon,Phikon,1,Recall@1,1,1,0.5116115808486938,BRCA,TCGA-BH-A0C1-01Z-00-DX1.21FE357E-B182-4397-BFEF-7E96E994236A
BRCA,TCGA-A7-A2KD-01Z-00-DX1.BFF2DFC8-1D95-4DC2-98FC-5BD7D7C6CDF5,phikon,Phikon,5,Recall@5,1,2,0.5116115808486938,BRCA,TCGA-BH-A0C1-01Z-00-DX1.21FE357E-B182-4397-BFEF-7E96E994236A
BRCA,TCGA-A7-A2KD-01Z-00-DX1.BFF2DFC8-1D95-4DC2-98FC-5BD7D7C6CDF5,phikon,Phikon,10,Recall@10,1,3,0.5116115808486938,BRCA,TCGA-BH-A0C1-01Z-00-DX1.21FE357E-B182-4397-BFEF-7E96E994236A
BRCA,TCGA-AN-A0G0-01Z-00-DX1.BE0BB5DF-DEDA-48D8-B5D8-2735C767F28F,phikon,Phikon,1,Recall@1,1,1,0.5761464834213257,BRCA,TCGA-AR-A2LK-01Z-00-DX1.FBD59C38-CD4E-4C22-BC74-A57C192A9BBC
BRCA,TCGA-AN-A0G0-01Z-00-DX1.BE0BB5DF-DEDA-48D8-B5D8-2735C767F28F,phikon,Phikon,5,Recall@5,1,2,0.5761464834213257,BRCA,TCGA-AR-A2LK-01Z-00-DX1.FBD59C38-CD4E-4C22-BC74-A57C192A9BBC
BRCA,TCGA-AN-A0G0-01Z-00-DX1.BE0BB5DF-DEDA-48D8-B5D8-2735C767F28F,phikon,Phikon,10,Recall@10,1,3,0.5761464834213257,BRCA,TCGA-AR-A2LK-01Z-00-DX1.FBD59C38-CD4E-4C22-BC74-A57C192A9BBC
BRCA,TCGA-AQ-A04L-01Z-00-DX1.F35BF4DD-896A-43C2-8DA6-C67945C003BE,phikon,Phikon,1,Recall@1,1,1,0.5854476094245911,BRCA,TCGA-BH-A0C1-01Z-00-DX1.21FE357E-B182-4397-BFEF-7E96E994236A
BRCA,TCGA-AQ-A04L-01Z-00-DX1.F35BF4DD-896A-43C2-8DA6-C67945C003BE,phikon,Phikon,5,Recall@5,1,4,0.5854476094245911,BRCA,TCGA-BH-A0C1-01Z-00-DX1.21FE357E-B182-4397-BFEF-7E96E994236A
BRCA,TCGA-AQ-A04L-01Z-00-DX1.F35BF4DD-896A-43C2-8DA6-C67945C003BE,phikon,Phikon,10,Recall@10,1,6,0.5854476094245911,BRCA,TCGA-BH-A0C1-01Z-00-DX1.21FE357E-B182-4397-BFEF-7E96E994236A
BRCA,TCGA-AR-A2LK-01Z-00-DX1.FBD59C38-CD4E-4C22-BC74-A57C192A9BBC,phikon,Phikon,1,Recall@1,1,1,0.861251950263977,BRCA,TCGA-AR-A5QM-01Z-00-DX1.A9017CED-FF57-4090-95B9-94DC91854347
BRCA,TCGA-AR-A2LK-01Z-00-DX1.FBD59C38-CD4E-4C22-BC74-A57C192A9BBC,phikon,Phikon,5,Recall@5,1,3,0.861251950263977,BRCA,TCGA-AR-A5QM-01Z-00-DX1.A9017CED-FF57-4090-95B9-94DC91854347
BRCA,TCGA-AR-A2LK-01Z-00-DX1.FBD59C38-CD4E-4C22-BC74-A57C192A9BBC,phikon,Phikon,10,Recall@10,1,4,0.861251950263977,BRCA,TCGA-AR-A5QM-01Z-00-DX1.A9017CED-FF57-4090-95B9-94DC91854347
BRCA,TCGA-AR-A5QM-01Z-00-DX1.A9017CED-FF57-4090-95B9-94DC91854347,phikon,Phikon,1,Recall@1,1,1,0.861251950263977,BRCA,TCGA-AR-A2LK-01Z-00-DX1.FBD59C38-CD4E-4C22-BC74-A57C192A9BBC
BRCA,TCGA-AR-A5QM-01Z-00-DX1.A9017CED-FF57-4090-95B9-94DC91854347,phikon,Phikon,5,Recall@5,1,3,0.861251950263977,BRCA,TCGA-AR-A2LK-01Z-00-DX1.FBD59C38-CD4E-4C22-BC74-A57C192A9BBC
BRCA,TCGA-AR-A5QM-01Z-00-DX1.A9017CED-FF57-4090-95B9-94DC91854347,phikon,Phikon,10,Recall@10,1,6,0.861251950263977,BRCA,TCGA-AR-A2LK-01Z-00-DX1.FBD59C38-CD4E-4C22-BC74-A57C192A9BBC
BRCA,TCGA-BH-A0C1-01Z-00-DX1.21FE357E-B182-4397-BFEF-7E96E994236A,phikon,Phikon,1,Recall@1,1,1,0.5854476094245911,BRCA,TCGA-AQ-A04L-01Z-00-DX1.F35BF4DD-896A-43C2-8DA6-C67945C003BE
BRCA,TCGA-BH-A0C1-01Z-00-DX1.21FE357E-B182-4397-BFEF-7E96E994236A,phikon,Phikon,5,Recall@5,1,3,0.5854476094245911,BRCA,TCGA-AQ-A04L-01Z-00-DX1.F35BF4DD-896A-43C2-8DA6-C67945C003BE
BRCA,TCGA-BH-A0C1-01Z-00-DX1.21FE357E-B182-4397-BFEF-7E96E994236A,phikon,Phikon,10,Recall@10,1,6,0.5854476094245911,BRCA,TCGA-AQ-A04L-01Z-00-DX1.F35BF4DD-896A-43C2-8DA6-C67945C003BE
BRCA,TCGA-D8-A1X8-01Z-00-DX1.DDA3866E-C7CC-4650-BE2B-5C9A98A2D531,phikon,Phikon,1,Recall@1,1,1,0.6341936588287354,BRCA,TCGA-E2-A14P-01Z-00-DX1.663B02FF-C64B-41A6-8685-FD61CD76F9C6
BRCA,TCGA-D8-A1X8-01Z-00-DX1.DDA3866E-C7CC-4650-BE2B-5C9A98A2D531,phikon,Phikon,5,Recall@5,1,2,0.6341936588287354,BRCA,TCGA-E2-A14P-01Z-00-DX1.663B02FF-C64B-41A6-8685-FD61CD76F9C6
BRCA,TCGA-D8-A1X8-01Z-00-DX1.DDA3866E-C7CC-4650-BE2B-5C9A98A2D531,phikon,Phikon,10,Recall@10,1,5,0.6341936588287354,BRCA,TCGA-E2-A14P-01Z-00-DX1.663B02FF-C64B-41A6-8685-FD61CD76F9C6
BRCA,TCGA-E2-A14P-01Z-00-DX1.663B02FF-C64B-41A6-8685-FD61CD76F9C6,phikon,Phikon,1,Recall@1,1,1,0.6341936588287354,BRCA,TCGA-D8-A1X8-01Z-00-DX1.DDA3866E-C7CC-4650-BE2B-5C9A98A2D531
BRCA,TCGA-E2-A14P-01Z-00-DX1.663B02FF-C64B-41A6-8685-FD61CD76F9C6,phikon,Phikon,5,Recall@5,1,3,0.6341936588287354,BRCA,TCGA-D8-A1X8-01Z-00-DX1.DDA3866E-C7CC-4650-BE2B-5C9A98A2D531
BRCA,TCGA-E2-A14P-01Z-00-DX1.663B02FF-C64B-41A6-8685-FD61CD76F9C6,phikon,Phikon,10,Recall@10,1,5,0.6341936588287354,BRCA,TCGA-D8-A1X8-01Z-00-DX1.DDA3866E-C7CC-4650-BE2B-5C9A98A2D531
BRCA,TCGA-E2-A1LA-01Z-00-DX1.AE49E943-B830-4ED9-B09E-E499441BC2EC,phikon,Phikon,1,Recall@1,1,1,0.6290788650512695,BRCA,TCGA-AR-A5QM-01Z-00-DX1.A9017CED-FF57-4090-95B9-94DC91854347
BRCA,TCGA-E2-A1LA-01Z-00-DX1.AE49E943-B830-4ED9-B09E-E499441BC2EC,phikon,Phikon,5,Recall@5,1,3,0.6290788650512695,BRCA,TCGA-AR-A5QM-01Z-00-DX1.A9017CED-FF57-4090-95B9-94DC91854347
BRCA,TCGA-E2-A1LA-01Z-00-DX1.AE49E943-B830-4ED9-B09E-E499441BC2EC,phikon,Phikon,10,Recall@10,1,5,0.6290788650512695,BRCA,TCGA-AR-A5QM-01Z-00-DX1.A9017CED-FF57-4090-95B9-94DC91854347
BRCA,TCGA-GM-A3XN-01Z-00-DX1.49F5C8AC-0328-4BC2-9FE2-E7150B7A42E2,phikon,Phikon,1,Recall@1,0,0,0.5907062292098999,HNSC,TCGA-CV-A6JU-01Z-00-DX1.35A3A1F0-9D6C-4794-B501-E56E48C51DF9
BRCA,TCGA-GM-A3XN-01Z-00-DX1.49F5C8AC-0328-4BC2-9FE2-E7150B7A42E2,phikon,Phikon,5,Recall@5,1,4,0.5907062292098999,HNSC,TCGA-CV-A6JU-01Z-00-DX1.35A3A1F0-9D6C-4794-B501-E56E48C51DF9
BRCA,TCGA-GM-A3XN-01Z-00-DX1.49F5C8AC-0328-4BC2-9FE2-E7150B7A42E2,phikon,Phikon,10,Recall@10,1,6,0.5907062292098999,HNSC,TCGA-CV-A6JU-01Z-00-DX1.35A3A1F0-9D6C-4794-B501-E56E48C51DF9
COAD,TCGA-AY-A8YK-01Z-00-DX1.89E3C546-0425-449B-A6FB-1C35168EA7EB,phikon,Phikon,1,Recall@1,0,0,0.6251627802848816,HNSC,TCGA-CV-A45O-01Z-00-DX1.8CBD0CCC-C815-475D-87F9-76272F4F715B
COAD,TCGA-AY-A8YK-01Z-00-DX1.89E3C546-0425-449B-A6FB-1C35168EA7EB,phikon,Phikon,5,Recall@5,1,1,0.6251627802848816,HNSC,TCGA-CV-A45O-01Z-00-DX1.8CBD0CCC-C815-475D-87F9-76272F4F715B
COAD,TCGA-AY-A8YK-01Z-00-DX1.89E3C546-0425-449B-A6FB-1C35168EA7EB,phikon,Phikon,10,Recall@10,1,2,0.6251627802848816,HNSC,TCGA-CV-A45O-01Z-00-DX1.8CBD0CCC-C815-475D-87F9-76272F4F715B
COAD,TCGA-CK-4947-01Z-00-DX1.b257d5fd-b97b-4987-b088-77f044ca7fe2,phikon,Phikon,1,Recall@1,0,0,0.6977714896202087,HNSC,TCGA-BA-6871-01Z-00-DX1.4d9ca329-f8d5-4c31-a20f-9d4fba728326
COAD,TCGA-CK-4947-01Z-00-DX1.b257d5fd-b97b-4987-b088-77f044ca7fe2,phikon,Phikon,5,Recall@5,1,2,0.6977714896202087,HNSC,TCGA-BA-6871-01Z-00-DX1.4d9ca329-f8d5-4c31-a20f-9d4fba728326
COAD,TCGA-CK-4947-01Z-00-DX1.b257d5fd-b97b-4987-b088-77f044ca7fe2,phikon,Phikon,10,Recall@10,1,5,0.6977714896202087,HNSC,TCGA-BA-6871-01Z-00-DX1.4d9ca329-f8d5-4c31-a20f-9d4fba728326
COAD,TCGA-CM-6168-01Z-00-DX1.96af6eb2-9d51-4671-baf8-1a73d0c66869,phikon,Phikon,1,Recall@1,1,1,0.9233969449996948,COAD,TCGA-CM-6169-01Z-00-DX1.0381c243-02b8-4f1d-840c-19ef44d4b92c
COAD,TCGA-CM-6168-01Z-00-DX1.96af6eb2-9d51-4671-baf8-1a73d0c66869,phikon,Phikon,5,Recall@5,1,4,0.9233969449996948,COAD,TCGA-CM-6169-01Z-00-DX1.0381c243-02b8-4f1d-840c-19ef44d4b92c
COAD,TCGA-CM-6168-01Z-00-DX1.96af6eb2-9d51-4671-baf8-1a73d0c66869,phikon,Phikon,10,Recall@10,1,5,0.9233969449996948,COAD,TCGA-CM-6169-01Z-00-DX1.0381c243-02b8-4f1d-840c-19ef44d4b92c
COAD,TCGA-CM-6169-01Z-00-DX1.0381c243-02b8-4f1d-840c-19ef44d4b92c,phikon,Phikon,1,Recall@1,1,1,0.9233969449996948,COAD,TCGA-CM-6168-01Z-00-DX1.96af6eb2-9d51-4671-baf8-1a73d0c66869
COAD,TCGA-CM-6169-01Z-00-DX1.0381c243-02b8-4f1d-840c-19ef44d4b92c,phikon,Phikon,5,Recall@5,1,2,0.9233969449996948,COAD,TCGA-CM-6168-01Z-00-DX1.96af6eb2-9d51-4671-baf8-1a73d0c66869
COAD,TCGA-CM-6169-01Z-00-DX1.0381c243-02b8-4f1d-840c-19ef44d4b92c,phikon,Phikon,10,Recall@10,1,4,0.9233969449996948,COAD,TCGA-CM-6168-01Z-00-DX1.96af6eb2-9d51-4671-baf8-1a73d0c66869
COAD,TCGA-G4-6309-01Z-00-DX1.3eb20fdc-eb86-4bd5-8194-76b02d4fa472,phikon,Phikon,1,Recall@1,1,1,0.8522311449050903,COAD,TCGA-G4-6588-01Z-00-DX1.0747172e-f630-4b7c-9341-55078585ae00
COAD,TCGA-G4-6309-01Z-00-DX1.3eb20fdc-eb86-4bd5-8194-76b02d4fa472,phikon,Phikon,5,Recall@5,1,3,0.8522311449050903,COAD,TCGA-G4-6588-01Z-00-DX1.0747172e-f630-4b7c-9341-55078585ae00
COAD,TCGA-G4-6309-01Z-00-DX1.3eb20fdc-eb86-4bd5-8194-76b02d4fa472,phikon,Phikon,10,Recall@10,1,5,0.8522311449050903,COAD,TCGA-G4-6588-01Z-00-DX1.0747172e-f630-4b7c-9341-55078585ae00
COAD,TCGA-G4-6310-01Z-00-DX1.b88472d4-3adc-4e4d-b0f2-0dc195a3d7df,phikon,Phikon,1,Recall@1,1,1,0.8455414772033691,COAD,TCGA-G4-6588-01Z-00-DX1.0747172e-f630-4b7c-9341-55078585ae00
COAD,TCGA-G4-6310-01Z-00-DX1.b88472d4-3adc-4e4d-b0f2-0dc195a3d7df,phikon,Phikon,5,Recall@5,1,4,0.8455414772033691,COAD,TCGA-G4-6588-01Z-00-DX1.0747172e-f630-4b7c-9341-55078585ae00
COAD,TCGA-G4-6310-01Z-00-DX1.b88472d4-3adc-4e4d-b0f2-0dc195a3d7df,phikon,Phikon,10,Recall@10,1,4,0.8455414772033691,COAD,TCGA-G4-6588-01Z-00-DX1.0747172e-f630-4b7c-9341-55078585ae00
COAD,TCGA-G4-6588-01Z-00-DX1.0747172e-f630-4b7c-9341-55078585ae00,phikon,Phikon,1,Recall@1,1,1,0.8522311449050903,COAD,TCGA-G4-6309-01Z-00-DX1.3eb20fdc-eb86-4bd5-8194-76b02d4fa472
COAD,TCGA-G4-6588-01Z-00-DX1.0747172e-f630-4b7c-9341-55078585ae00,phikon,Phikon,5,Recall@5,1,3,0.8522311449050903,COAD,TCGA-G4-6309-01Z-00-DX1.3eb20fdc-eb86-4bd5-8194-76b02d4fa472
COAD,TCGA-G4-6588-01Z-00-DX1.0747172e-f630-4b7c-9341-55078585ae00,phikon,Phikon,10,Recall@10,1,5,0.8522311449050903,COAD,TCGA-G4-6309-01Z-00-DX1.3eb20fdc-eb86-4bd5-8194-76b02d4fa472
HNSC,TCGA-BA-6871-01Z-00-DX1.4d9ca329-f8d5-4c31-a20f-9d4fba728326,phikon,Phikon,1,Recall@1,0,0,0.6977714896202087,COAD,TCGA-CK-4947-01Z-00-DX1.b257d5fd-b97b-4987-b088-77f044ca7fe2
HNSC,TCGA-BA-6871-01Z-00-DX1.4d9ca329-f8d5-4c31-a20f-9d4fba728326,phikon,Phikon,5,Recall@5,0,0,0.6977714896202087,COAD,TCGA-CK-4947-01Z-00-DX1.b257d5fd-b97b-4987-b088-77f044ca7fe2
HNSC,TCGA-BA-6871-01Z-00-DX1.4d9ca329-f8d5-4c31-a20f-9d4fba728326,phikon,Phikon,10,Recall@10,0,0,0.6977714896202087,COAD,TCGA-CK-4947-01Z-00-DX1.b257d5fd-b97b-4987-b088-77f044ca7fe2
HNSC,TCGA-BA-6872-01Z-00-DX1.F99F6394-D319-4599-B124-D2A6692FA096,phikon,Phikon,1,Recall@1,0,0,0.5467823147773743,KIRC,TCGA-BP-4991-01Z-00-DX1.71305f5c-ca59-48fa-bb82-4b441c1fffdc
HNSC,TCGA-BA-6872-01Z-00-DX1.F99F6394-D319-4599-B124-D2A6692FA096,phikon,Phikon,5,Recall@5,0,0,0.5467823147773743,KIRC,TCGA-BP-4991-01Z-00-DX1.71305f5c-ca59-48fa-bb82-4b441c1fffdc
HNSC,TCGA-BA-6872-01Z-00-DX1.F99F6394-D319-4599-B124-D2A6692FA096,phikon,Phikon,10,Recall@10,1,1,0.5467823147773743,KIRC,TCGA-BP-4991-01Z-00-DX1.71305f5c-ca59-48fa-bb82-4b441c1fffdc
HNSC,TCGA-CN-A6V7-01A-01-TS1.F54912D3-1E21-4605-ACFC-142973524AE2,phikon,Phikon,1,Recall@1,0,0,0.9023540019989014,BLCA,TCGA-DK-AA77-01A-01-TSA.26CAF5CB-CC4F-4522-BD2B-343FB70205FE
HNSC,TCGA-CN-A6V7-01A-01-TS1.F54912D3-1E21-4605-ACFC-142973524AE2,phikon,Phikon,5,Recall@5,1,2,0.9023540019989014,BLCA,TCGA-DK-AA77-01A-01-TSA.26CAF5CB-CC4F-4522-BD2B-343FB70205FE
HNSC,TCGA-CN-A6V7-01A-01-TS1.F54912D3-1E21-4605-ACFC-142973524AE2,phikon,Phikon,10,Recall@10,1,3,0.9023540019989014,BLCA,TCGA-DK-AA77-01A-01-TSA.26CAF5CB-CC4F-4522-BD2B-343FB70205FE
HNSC,TCGA-CV-6935-01Z-00-DX1.9C449CB2-FB6D-41D1-A4A6-3069DC84A697,phikon,Phikon,1,Recall@1,1,1,0.8317142128944397,HNSC,TCGA-CV-A45O-01Z-00-DX1.8CBD0CCC-C815-475D-87F9-76272F4F715B
HNSC,TCGA-CV-6935-01Z-00-DX1.9C449CB2-FB6D-41D1-A4A6-3069DC84A697,phikon,Phikon,5,Recall@5,1,3,0.8317142128944397,HNSC,TCGA-CV-A45O-01Z-00-DX1.8CBD0CCC-C815-475D-87F9-76272F4F715B
HNSC,TCGA-CV-6935-01Z-00-DX1.9C449CB2-FB6D-41D1-A4A6-3069DC84A697,phikon,Phikon,10,Recall@10,1,4,0.8317142128944397,HNSC,TCGA-CV-A45O-01Z-00-DX1.8CBD0CCC-C815-475D-87F9-76272F4F715B
HNSC,TCGA-CV-A45O-01Z-00-DX1.8CBD0CCC-C815-475D-87F9-76272F4F715B,phikon,Phikon,1,Recall@1,1,1,0.8317142128944397,HNSC,TCGA-CV-6935-01Z-00-DX1.9C449CB2-FB6D-41D1-A4A6-3069DC84A697
HNSC,TCGA-CV-A45O-01Z-00-DX1.8CBD0CCC-C815-475D-87F9-76272F4F715B,phikon,Phikon,5,Recall@5,1,3,0.8317142128944397,HNSC,TCGA-CV-6935-01Z-00-DX1.9C449CB2-FB6D-41D1-A4A6-3069DC84A697
HNSC,TCGA-CV-A45O-01Z-00-DX1.8CBD0CCC-C815-475D-87F9-76272F4F715B,phikon,Phikon,10,Recall@10,1,4,0.8317142128944397,HNSC,TCGA-CV-6935-01Z-00-DX1.9C449CB2-FB6D-41D1-A4A6-3069DC84A697
HNSC,TCGA-CV-A6JE-01Z-00-DX1.20137D17-19B3-49FF-9C3D-60933157E409,phikon,Phikon,1,Recall@1,1,1,0.7811781167984009,HNSC,TCGA-CV-A45O-01Z-00-DX1.8CBD0CCC-C815-475D-87F9-76272F4F715B
HNSC,TCGA-CV-A6JE-01Z-00-DX1.20137D17-19B3-49FF-9C3D-60933157E409,phikon,Phikon,5,Recall@5,1,2,0.7811781167984009,HNSC,TCGA-CV-A45O-01Z-00-DX1.8CBD0CCC-C815-475D-87F9-76272F4F715B
HNSC,TCGA-CV-A6JE-01Z-00-DX1.20137D17-19B3-49FF-9C3D-60933157E409,phikon,Phikon,10,Recall@10,1,3,0.7811781167984009,HNSC,TCGA-CV-A45O-01Z-00-DX1.8CBD0CCC-C815-475D-87F9-76272F4F715B
HNSC,TCGA-CV-A6JU-01Z-00-DX1.35A3A1F0-9D6C-4794-B501-E56E48C51DF9,phikon,Phikon,1,Recall@1,1,1,0.675495445728302,HNSC,TCGA-UF-A719-01Z-00-DX1.4C4ECC2C-C390-4C5E-A709-CF08C113F1A1
HNSC,TCGA-CV-A6JU-01Z-00-DX1.35A3A1F0-9D6C-4794-B501-E56E48C51DF9,phikon,Phikon,5,Recall@5,1,1,0.675495445728302,HNSC,TCGA-UF-A719-01Z-00-DX1.4C4ECC2C-C390-4C5E-A709-CF08C113F1A1
HNSC,TCGA-CV-A6JU-01Z-00-DX1.35A3A1F0-9D6C-4794-B501-E56E48C51DF9,phikon,Phikon,10,Recall@10,1,2,0.675495445728302,HNSC,TCGA-UF-A719-01Z-00-DX1.4C4ECC2C-C390-4C5E-A709-CF08C113F1A1
HNSC,TCGA-UF-A719-01Z-00-DX1.4C4ECC2C-C390-4C5E-A709-CF08C113F1A1,phikon,Phikon,1,Recall@1,1,1,0.675495445728302,HNSC,TCGA-CV-A6JU-01Z-00-DX1.35A3A1F0-9D6C-4794-B501-E56E48C51DF9
HNSC,TCGA-UF-A719-01Z-00-DX1.4C4ECC2C-C390-4C5E-A709-CF08C113F1A1,phikon,Phikon,5,Recall@5,1,1,0.675495445728302,HNSC,TCGA-CV-A6JU-01Z-00-DX1.35A3A1F0-9D6C-4794-B501-E56E48C51DF9
HNSC,TCGA-UF-A719-01Z-00-DX1.4C4ECC2C-C390-4C5E-A709-CF08C113F1A1,phikon,Phikon,10,Recall@10,1,2,0.675495445728302,HNSC,TCGA-CV-A6JU-01Z-00-DX1.35A3A1F0-9D6C-4794-B501-E56E48C51DF9
KIRC,TCGA-A3-3346-01Z-00-DX1.95280216-fd71-4a03-b452-6e3d667f2542,phikon,Phikon,1,Recall@1,0,0,0.7385121583938599,STAD,TCGA-FP-8209-01Z-00-DX1.a5e13081-1631-44d4-8d6a-c229a22c2311
KIRC,TCGA-A3-3346-01Z-00-DX1.95280216-fd71-4a03-b452-6e3d667f2542,phikon,Phikon,5,Recall@5,1,2,0.7385121583938599,STAD,TCGA-FP-8209-01Z-00-DX1.a5e13081-1631-44d4-8d6a-c229a22c2311
KIRC,TCGA-A3-3346-01Z-00-DX1.95280216-fd71-4a03-b452-6e3d667f2542,phikon,Phikon,10,Recall@10,1,3,0.7385121583938599,STAD,TCGA-FP-8209-01Z-00-DX1.a5e13081-1631-44d4-8d6a-c229a22c2311
KIRC,TCGA-A3-A8CQ-01Z-00-DX1.78DA0827-5FB8-4B9F-A845-22F85830B5FB,phikon,Phikon,1,Recall@1,1,1,0.6777123808860779,KIRC,TCGA-B2-5633-01Z-00-DX1.c55a29ca-468e-46de-9ff5-a51f46fe09fd
KIRC,TCGA-A3-A8CQ-01Z-00-DX1.78DA0827-5FB8-4B9F-A845-22F85830B5FB,phikon,Phikon,5,Recall@5,1,3,0.6777123808860779,KIRC,TCGA-B2-5633-01Z-00-DX1.c55a29ca-468e-46de-9ff5-a51f46fe09fd
KIRC,TCGA-A3-A8CQ-01Z-00-DX1.78DA0827-5FB8-4B9F-A845-22F85830B5FB,phikon,Phikon,10,Recall@10,1,5,0.6777123808860779,KIRC,TCGA-B2-5633-01Z-00-DX1.c55a29ca-468e-46de-9ff5-a51f46fe09fd
KIRC,TCGA-AK-3444-01Z-00-DX1.1F0E0B47-29FF-456F-800A-539983FDCFAA,phikon,Phikon,1,Recall@1,0,0,0.6434977650642395,LUAD,TCGA-64-5779-01Z-00-DX1.B3268447-DCE0-4927-B5A9-EC4D61E9B17D
KIRC,TCGA-AK-3444-01Z-00-DX1.1F0E0B47-29FF-456F-800A-539983FDCFAA,phikon,Phikon,5,Recall@5,0,0,0.6434977650642395,LUAD,TCGA-64-5779-01Z-00-DX1.B3268447-DCE0-4927-B5A9-EC4D61E9B17D
KIRC,TCGA-AK-3444-01Z-00-DX1.1F0E0B47-29FF-456F-800A-539983FDCFAA,phikon,Phikon,10,Recall@10,1,2,0.6434977650642395,LUAD,TCGA-64-5779-01Z-00-DX1.B3268447-DCE0-4927-B5A9-EC4D61E9B17D
KIRC,TCGA-B0-5094-01Z-00-DX1.eac31fe2-09da-4ecf-8e25-c073cbb03295,phikon,Phikon,1,Recall@1,1,1,0.7623822093009949,KIRC,TCGA-B0-5711-01Z-00-DX1.6839921f-ec08-4e94-8bf9-4b5a4fcdda45
KIRC,TCGA-B0-5094-01Z-00-DX1.eac31fe2-09da-4ecf-8e25-c073cbb03295,phikon,Phikon,5,Recall@5,1,4,0.7623822093009949,KIRC,TCGA-B0-5711-01Z-00-DX1.6839921f-ec08-4e94-8bf9-4b5a4fcdda45
KIRC,TCGA-B0-5094-01Z-00-DX1.eac31fe2-09da-4ecf-8e25-c073cbb03295,phikon,Phikon,10,Recall@10,1,5,0.7623822093009949,KIRC,TCGA-B0-5711-01Z-00-DX1.6839921f-ec08-4e94-8bf9-4b5a4fcdda45
KIRC,TCGA-B0-5106-01Z-00-DX1.564e51a3-be50-4eed-ba9c-4d478b96ffc6,phikon,Phikon,1,Recall@1,1,1,0.7823513746261597,KIRC,TCGA-B0-5711-01Z-00-DX1.6839921f-ec08-4e94-8bf9-4b5a4fcdda45
KIRC,TCGA-B0-5106-01Z-00-DX1.564e51a3-be50-4eed-ba9c-4d478b96ffc6,phikon,Phikon,5,Recall@5,1,3,0.7823513746261597,KIRC,TCGA-B0-5711-01Z-00-DX1.6839921f-ec08-4e94-8bf9-4b5a4fcdda45
KIRC,TCGA-B0-5106-01Z-00-DX1.564e51a3-be50-4eed-ba9c-4d478b96ffc6,phikon,Phikon,10,Recall@10,1,6,0.7823513746261597,KIRC,TCGA-B0-5711-01Z-00-DX1.6839921f-ec08-4e94-8bf9-4b5a4fcdda45
KIRC,TCGA-B0-5711-01Z-00-DX1.6839921f-ec08-4e94-8bf9-4b5a4fcdda45,phikon,Phikon,1,Recall@1,1,1,0.7823513746261597,KIRC,TCGA-B0-5106-01Z-00-DX1.564e51a3-be50-4eed-ba9c-4d478b96ffc6
KIRC,TCGA-B0-5711-01Z-00-DX1.6839921f-ec08-4e94-8bf9-4b5a4fcdda45,phikon,Phikon,5,Recall@5,1,5,0.7823513746261597,KIRC,TCGA-B0-5106-01Z-00-DX1.564e51a3-be50-4eed-ba9c-4d478b96ffc6
KIRC,TCGA-B0-5711-01Z-00-DX1.6839921f-ec08-4e94-8bf9-4b5a4fcdda45,phikon,Phikon,10,Recall@10,1,6,0.7823513746261597,KIRC,TCGA-B0-5106-01Z-00-DX1.564e51a3-be50-4eed-ba9c-4d478b96ffc6
KIRC,TCGA-B2-5633-01Z-00-DX1.c55a29ca-468e-46de-9ff5-a51f46fe09fd,phikon,Phikon,1,Recall@1,1,1,0.7080239057540894,KIRC,TCGA-B0-5094-01Z-00-DX1.eac31fe2-09da-4ecf-8e25-c073cbb03295
KIRC,TCGA-B2-5633-01Z-00-DX1.c55a29ca-468e-46de-9ff5-a51f46fe09fd,phikon,Phikon,5,Recall@5,1,5,0.7080239057540894,KIRC,TCGA-B0-5094-01Z-00-DX1.eac31fe2-09da-4ecf-8e25-c073cbb03295
KIRC,TCGA-B2-5633-01Z-00-DX1.c55a29ca-468e-46de-9ff5-a51f46fe09fd,phikon,Phikon,10,Recall@10,1,7,0.7080239057540894,KIRC,TCGA-B0-5094-01Z-00-DX1.eac31fe2-09da-4ecf-8e25-c073cbb03295
KIRC,TCGA-BP-4991-01Z-00-DX1.71305f5c-ca59-48fa-bb82-4b441c1fffdc,phikon,Phikon,1,Recall@1,1,1,0.656588613986969,KIRC,TCGA-B0-5711-01Z-00-DX1.6839921f-ec08-4e94-8bf9-4b5a4fcdda45
KIRC,TCGA-BP-4991-01Z-00-DX1.71305f5c-ca59-48fa-bb82-4b441c1fffdc,phikon,Phikon,5,Recall@5,1,5,0.656588613986969,KIRC,TCGA-B0-5711-01Z-00-DX1.6839921f-ec08-4e94-8bf9-4b5a4fcdda45
KIRC,TCGA-BP-4991-01Z-00-DX1.71305f5c-ca59-48fa-bb82-4b441c1fffdc,phikon,Phikon,10,Recall@10,1,6,0.656588613986969,KIRC,TCGA-B0-5711-01Z-00-DX1.6839921f-ec08-4e94-8bf9-4b5a4fcdda45
KIRC,TCGA-BP-5201-01Z-00-DX1.d1a9878e-bb97-48fb-9098-9d9337f06250,phikon,Phikon,1,Recall@1,1,1,0.5746302008628845,KIRC,TCGA-B0-5106-01Z-00-DX1.564e51a3-be50-4eed-ba9c-4d478b96ffc6
KIRC,TCGA-BP-5201-01Z-00-DX1.d1a9878e-bb97-48fb-9098-9d9337f06250,phikon,Phikon,5,Recall@5,1,3,0.5746302008628845,KIRC,TCGA-B0-5106-01Z-00-DX1.564e51a3-be50-4eed-ba9c-4d478b96ffc6
KIRC,TCGA-BP-5201-01Z-00-DX1.d1a9878e-bb97-48fb-9098-9d9337f06250,phikon,Phikon,10,Recall@10,1,6,0.5746302008628845,KIRC,TCGA-B0-5106-01Z-00-DX1.564e51a3-be50-4eed-ba9c-4d478b96ffc6
LUAD,TCGA-55-6986-01Z-00-DX1.ae52d41e-3cd6-4d36-b04b-2ea7d29bd8da,phikon,Phikon,1,Recall@1,0,0,0.7506009936332703,STAD,TCGA-FP-8209-01Z-00-DX1.a5e13081-1631-44d4-8d6a-c229a22c2311
LUAD,TCGA-55-6986-01Z-00-DX1.ae52d41e-3cd6-4d36-b04b-2ea7d29bd8da,phikon,Phikon,5,Recall@5,1,1,0.7506009936332703,STAD,TCGA-FP-8209-01Z-00-DX1.a5e13081-1631-44d4-8d6a-c229a22c2311
LUAD,TCGA-55-6986-01Z-00-DX1.ae52d41e-3cd6-4d36-b04b-2ea7d29bd8da,phikon,Phikon,10,Recall@10,1,2,0.7506009936332703,STAD,TCGA-FP-8209-01Z-00-DX1.a5e13081-1631-44d4-8d6a-c229a22c2311
LUAD,TCGA-64-5779-01Z-00-DX1.B3268447-DCE0-4927-B5A9-EC4D61E9B17D,phikon,Phikon,1,Recall@1,0,0,0.6434977650642395,KIRC,TCGA-AK-3444-01Z-00-DX1.1F0E0B47-29FF-456F-800A-539983FDCFAA
LUAD,TCGA-64-5779-01Z-00-DX1.B3268447-DCE0-4927-B5A9-EC4D61E9B17D,phikon,Phikon,5,Recall@5,0,0,0.6434977650642395,KIRC,TCGA-AK-3444-01Z-00-DX1.1F0E0B47-29FF-456F-800A-539983FDCFAA
LUAD,TCGA-64-5779-01Z-00-DX1.B3268447-DCE0-4927-B5A9-EC4D61E9B17D,phikon,Phikon,10,Recall@10,0,0,0.6434977650642395,KIRC,TCGA-AK-3444-01Z-00-DX1.1F0E0B47-29FF-456F-800A-539983FDCFAA
LUAD,TCGA-78-7158-01Z-00-DX1.74db3dcd-2715-4ce7-8e48-30c8b7946ba0,phikon,Phikon,1,Recall@1,1,1,0.7569063305854797,LUAD,TCGA-78-7536-01Z-00-DX1.6b066140-8b82-40a5-bd48-430eeb4463fe
LUAD,TCGA-78-7158-01Z-00-DX1.74db3dcd-2715-4ce7-8e48-30c8b7946ba0,phikon,Phikon,5,Recall@5,1,3,0.7569063305854797,LUAD,TCGA-78-7536-01Z-00-DX1.6b066140-8b82-40a5-bd48-430eeb4463fe
LUAD,TCGA-78-7158-01Z-00-DX1.74db3dcd-2715-4ce7-8e48-30c8b7946ba0,phikon,Phikon,10,Recall@10,1,3,0.7569063305854797,LUAD,TCGA-78-7536-01Z-00-DX1.6b066140-8b82-40a5-bd48-430eeb4463fe
LUAD,TCGA-78-7163-01Z-00-DX1.42880bdf-271d-41dd-aada-e7ec1156ff31,phikon,Phikon,1,Recall@1,1,1,0.5932859182357788,LUAD,TCGA-78-7158-01Z-00-DX1.74db3dcd-2715-4ce7-8e48-30c8b7946ba0
LUAD,TCGA-78-7163-01Z-00-DX1.42880bdf-271d-41dd-aada-e7ec1156ff31,phikon,Phikon,5,Recall@5,1,2,0.5932859182357788,LUAD,TCGA-78-7158-01Z-00-DX1.74db3dcd-2715-4ce7-8e48-30c8b7946ba0
LUAD,TCGA-78-7163-01Z-00-DX1.42880bdf-271d-41dd-aada-e7ec1156ff31,phikon,Phikon,10,Recall@10,1,3,0.5932859182357788,LUAD,TCGA-78-7158-01Z-00-DX1.74db3dcd-2715-4ce7-8e48-30c8b7946ba0
LUAD,TCGA-78-7536-01Z-00-DX1.6b066140-8b82-40a5-bd48-430eeb4463fe,phikon,Phikon,1,Recall@1,1,1,0.7569063305854797,LUAD,TCGA-78-7158-01Z-00-DX1.74db3dcd-2715-4ce7-8e48-30c8b7946ba0
LUAD,TCGA-78-7536-01Z-00-DX1.6b066140-8b82-40a5-bd48-430eeb4463fe,phikon,Phikon,5,Recall@5,1,2,0.7569063305854797,LUAD,TCGA-78-7158-01Z-00-DX1.74db3dcd-2715-4ce7-8e48-30c8b7946ba0
LUAD,TCGA-78-7536-01Z-00-DX1.6b066140-8b82-40a5-bd48-430eeb4463fe,phikon,Phikon,10,Recall@10,1,3,0.7569063305854797,LUAD,TCGA-78-7158-01Z-00-DX1.74db3dcd-2715-4ce7-8e48-30c8b7946ba0
LUAD,TCGA-86-8668-01Z-00-DX1.d720d486-02c7-4f98-8feb-e0e50a12c158,phikon,Phikon,1,Recall@1,0,0,0.7012197971343994,STAD,TCGA-BR-6452-01Z-00-DX1.aec8246e-9dce-436d-9faa-df8fa1f6e47c
LUAD,TCGA-86-8668-01Z-00-DX1.d720d486-02c7-4f98-8feb-e0e50a12c158,phikon,Phikon,5,Recall@5,1,1,0.7012197971343994,STAD,TCGA-BR-6452-01Z-00-DX1.aec8246e-9dce-436d-9faa-df8fa1f6e47c
LUAD,TCGA-86-8668-01Z-00-DX1.d720d486-02c7-4f98-8feb-e0e50a12c158,phikon,Phikon,10,Recall@10,1,1,0.7012197971343994,STAD,TCGA-BR-6452-01Z-00-DX1.aec8246e-9dce-436d-9faa-df8fa1f6e47c
LUAD,TCGA-97-A4LX-01Z-00-DX1.B2334672-A626-4E74-B4D1-A79F70F65909,phikon,Phikon,1,Recall@1,1,1,0.9154592156410217,LUAD,TCGA-97-A4M2-01Z-00-DX1.5C72522C-1538-4D68-B517-5FB05A9D401A
LUAD,TCGA-97-A4LX-01Z-00-DX1.B2334672-A626-4E74-B4D1-A79F70F65909,phikon,Phikon,5,Recall@5,1,2,0.9154592156410217,LUAD,TCGA-97-A4M2-01Z-00-DX1.5C72522C-1538-4D68-B517-5FB05A9D401A
LUAD,TCGA-97-A4LX-01Z-00-DX1.B2334672-A626-4E74-B4D1-A79F70F65909,phikon,Phikon,10,Recall@10,1,2,0.9154592156410217,LUAD,TCGA-97-A4M2-01Z-00-DX1.5C72522C-1538-4D68-B517-5FB05A9D401A
LUAD,TCGA-97-A4M2-01Z-00-DX1.5C72522C-1538-4D68-B517-5FB05A9D401A,phikon,Phikon,1,Recall@1,1,1,0.9154592156410217,LUAD,TCGA-97-A4LX-01Z-00-DX1.B2334672-A626-4E74-B4D1-A79F70F65909
LUAD,TCGA-97-A4M2-01Z-00-DX1.5C72522C-1538-4D68-B517-5FB05A9D401A,phikon,Phikon,5,Recall@5,1,2,0.9154592156410217,LUAD,TCGA-97-A4LX-01Z-00-DX1.B2334672-A626-4E74-B4D1-A79F70F65909
LUAD,TCGA-97-A4M2-01Z-00-DX1.5C72522C-1538-4D68-B517-5FB05A9D401A,phikon,Phikon,10,Recall@10,1,2,0.9154592156410217,LUAD,TCGA-97-A4LX-01Z-00-DX1.B2334672-A626-4E74-B4D1-A79F70F65909
LUAD,TCGA-J2-A4AE-01Z-00-DX1.42C5DE4A-7787-4E59-8969-D12503262C96,phikon,Phikon,1,Recall@1,1,1,0.7295478582382202,LUAD,TCGA-97-A4LX-01Z-00-DX1.B2334672-A626-4E74-B4D1-A79F70F65909
LUAD,TCGA-J2-A4AE-01Z-00-DX1.42C5DE4A-7787-4E59-8969-D12503262C96,phikon,Phikon,5,Recall@5,1,3,0.7295478582382202,LUAD,TCGA-97-A4LX-01Z-00-DX1.B2334672-A626-4E74-B4D1-A79F70F65909
LUAD,TCGA-J2-A4AE-01Z-00-DX1.42C5DE4A-7787-4E59-8969-D12503262C96,phikon,Phikon,10,Recall@10,1,4,0.7295478582382202,LUAD,TCGA-97-A4LX-01Z-00-DX1.B2334672-A626-4E74-B4D1-A79F70F65909
STAD,TCGA-BR-6452-01Z-00-DX1.aec8246e-9dce-436d-9faa-df8fa1f6e47c,phikon,Phikon,1,Recall@1,1,1,0.7684820294380188,STAD,TCGA-BR-6454-01Z-00-DX1.63fb6280-2b43-49b2-960a-eb9c0e8b617c
STAD,TCGA-BR-6452-01Z-00-DX1.aec8246e-9dce-436d-9faa-df8fa1f6e47c,phikon,Phikon,5,Recall@5,1,2,0.7684820294380188,STAD,TCGA-BR-6454-01Z-00-DX1.63fb6280-2b43-49b2-960a-eb9c0e8b617c
STAD,TCGA-BR-6452-01Z-00-DX1.aec8246e-9dce-436d-9faa-df8fa1f6e47c,phikon,Phikon,10,Recall@10,1,2,0.7684820294380188,STAD,TCGA-BR-6454-01Z-00-DX1.63fb6280-2b43-49b2-960a-eb9c0e8b617c
STAD,TCGA-BR-6454-01Z-00-DX1.63fb6280-2b43-49b2-960a-eb9c0e8b617c,phikon,Phikon,1,Recall@1,1,1,0.7684820294380188,STAD,TCGA-BR-6452-01Z-00-DX1.aec8246e-9dce-436d-9faa-df8fa1f6e47c
STAD,TCGA-BR-6454-01Z-00-DX1.63fb6280-2b43-49b2-960a-eb9c0e8b617c,phikon,Phikon,5,Recall@5,1,1,0.7684820294380188,STAD,TCGA-BR-6452-01Z-00-DX1.aec8246e-9dce-436d-9faa-df8fa1f6e47c
STAD,TCGA-BR-6454-01Z-00-DX1.63fb6280-2b43-49b2-960a-eb9c0e8b617c,phikon,Phikon,10,Recall@10,1,3,0.7684820294380188,STAD,TCGA-BR-6452-01Z-00-DX1.aec8246e-9dce-436d-9faa-df8fa1f6e47c
STAD,TCGA-BR-A4CQ-01Z-00-DX1.B63282A5-154D-441B-BF96-5BB26CB6D95E,phikon,Phikon,1,Recall@1,1,1,0.5743570923805237,STAD,TCGA-VQ-A8PY-01Z-00-DX1.EA2C7386-012A-442A-95B3-FFA12BD2684D
STAD,TCGA-BR-A4CQ-01Z-00-DX1.B63282A5-154D-441B-BF96-5BB26CB6D95E,phikon,Phikon,5,Recall@5,1,1,0.5743570923805237,STAD,TCGA-VQ-A8PY-01Z-00-DX1.EA2C7386-012A-442A-95B3-FFA12BD2684D
STAD,TCGA-BR-A4CQ-01Z-00-DX1.B63282A5-154D-441B-BF96-5BB26CB6D95E,phikon,Phikon,10,Recall@10,1,2,0.5743570923805237,STAD,TCGA-VQ-A8PY-01Z-00-DX1.EA2C7386-012A-442A-95B3-FFA12BD2684D
STAD,TCGA-CD-A487-01Z-00-DX1.A026BD2F-B721-4340-83D5-7AA39227C90F,phikon,Phikon,1,Recall@1,0,0,0.5881529450416565,BRCA,TCGA-AR-A2LK-01Z-00-DX1.FBD59C38-CD4E-4C22-BC74-A57C192A9BBC
STAD,TCGA-CD-A487-01Z-00-DX1.A026BD2F-B721-4340-83D5-7AA39227C90F,phikon,Phikon,5,Recall@5,1,1,0.5881529450416565,BRCA,TCGA-AR-A2LK-01Z-00-DX1.FBD59C38-CD4E-4C22-BC74-A57C192A9BBC
STAD,TCGA-CD-A487-01Z-00-DX1.A026BD2F-B721-4340-83D5-7AA39227C90F,phikon,Phikon,10,Recall@10,1,1,0.5881529450416565,BRCA,TCGA-AR-A2LK-01Z-00-DX1.FBD59C38-CD4E-4C22-BC74-A57C192A9BBC
STAD,TCGA-FP-8209-01Z-00-DX1.a5e13081-1631-44d4-8d6a-c229a22c2311,phikon,Phikon,1,Recall@1,0,0,0.7506009936332703,LUAD,TCGA-55-6986-01Z-00-DX1.ae52d41e-3cd6-4d36-b04b-2ea7d29bd8da
STAD,TCGA-FP-8209-01Z-00-DX1.a5e13081-1631-44d4-8d6a-c229a22c2311,phikon,Phikon,5,Recall@5,0,0,0.7506009936332703,LUAD,TCGA-55-6986-01Z-00-DX1.ae52d41e-3cd6-4d36-b04b-2ea7d29bd8da
STAD,TCGA-FP-8209-01Z-00-DX1.a5e13081-1631-44d4-8d6a-c229a22c2311,phikon,Phikon,10,Recall@10,1,1,0.7506009936332703,LUAD,TCGA-55-6986-01Z-00-DX1.ae52d41e-3cd6-4d36-b04b-2ea7d29bd8da
STAD,TCGA-SW-A7EA-01Z-00-DX1.C5E1BE0E-0A25-4480-A3AC-DB2ED7471A4E,phikon,Phikon,1,Recall@1,1,1,0.4714342951774597,STAD,TCGA-BR-A4CQ-01Z-00-DX1.B63282A5-154D-441B-BF96-5BB26CB6D95E
STAD,TCGA-SW-A7EA-01Z-00-DX1.C5E1BE0E-0A25-4480-A3AC-DB2ED7471A4E,phikon,Phikon,5,Recall@5,1,1,0.4714342951774597,STAD,TCGA-BR-A4CQ-01Z-00-DX1.B63282A5-154D-441B-BF96-5BB26CB6D95E
STAD,TCGA-SW-A7EA-01Z-00-DX1.C5E1BE0E-0A25-4480-A3AC-DB2ED7471A4E,phikon,Phikon,10,Recall@10,1,3,0.4714342951774597,STAD,TCGA-BR-A4CQ-01Z-00-DX1.B63282A5-154D-441B-BF96-5BB26CB6D95E
STAD,TCGA-VQ-A8PY-01Z-00-DX1.EA2C7386-012A-442A-95B3-FFA12BD2684D,phikon,Phikon,1,Recall@1,0,0,0.5983917713165283,BLCA,TCGA-ZF-A9R1-01Z-00-DX1.74520759-D448-45B5-B8AD-45502C99A519
STAD,TCGA-VQ-A8PY-01Z-00-DX1.EA2C7386-012A-442A-95B3-FFA12BD2684D,phikon,Phikon,5,Recall@5,1,1,0.5983917713165283,BLCA,TCGA-ZF-A9R1-01Z-00-DX1.74520759-D448-45B5-B8AD-45502C99A519
STAD,TCGA-VQ-A8PY-01Z-00-DX1.EA2C7386-012A-442A-95B3-FFA12BD2684D,phikon,Phikon,10,Recall@10,1,3,0.5983917713165283,BLCA,TCGA-ZF-A9R1-01Z-00-DX1.74520759-D448-45B5-B8AD-45502C99A519
STAD,TCGA-VQ-A924-01Z-00-DX1.736B41F3-9678-4FAF-AE86-FCAC4F6DCBD3,phikon,Phikon,1,Recall@1,0,0,0.6629161834716797,HNSC,TCGA-UF-A719-01Z-00-DX1.4C4ECC2C-C390-4C5E-A709-CF08C113F1A1
STAD,TCGA-VQ-A924-01Z-00-DX1.736B41F3-9678-4FAF-AE86-FCAC4F6DCBD3,phikon,Phikon,5,Recall@5,1,1,0.6629161834716797,HNSC,TCGA-UF-A719-01Z-00-DX1.4C4ECC2C-C390-4C5E-A709-CF08C113F1A1
STAD,TCGA-VQ-A924-01Z-00-DX1.736B41F3-9678-4FAF-AE86-FCAC4F6DCBD3,phikon,Phikon,10,Recall@10,1,2,0.6629161834716797,HNSC,TCGA-UF-A719-01Z-00-DX1.4C4ECC2C-C390-4C5E-A709-CF08C113F1A1
STAD,TCGA-ZQ-A9CR-01Z-00-DX1.C9AC9991-7054-4068-A7AA-9D1EB7F040A3,phikon,Phikon,1,Recall@1,1,1,0.6421082019805908,STAD,TCGA-BR-6452-01Z-00-DX1.aec8246e-9dce-436d-9faa-df8fa1f6e47c
STAD,TCGA-ZQ-A9CR-01Z-00-DX1.C9AC9991-7054-4068-A7AA-9D1EB7F040A3,phikon,Phikon,5,Recall@5,1,2,0.6421082019805908,STAD,TCGA-BR-6452-01Z-00-DX1.aec8246e-9dce-436d-9faa-df8fa1f6e47c
STAD,TCGA-ZQ-A9CR-01Z-00-DX1.C9AC9991-7054-4068-A7AA-9D1EB7F040A3,phikon,Phikon,10,Recall@10,1,2,0.6421082019805908,STAD,TCGA-BR-6452-01Z-00-DX1.aec8246e-9dce-436d-9faa-df8fa1f6e47c
UCEC,TCGA-A5-A0GX-01Z-00-DX1.7E713D1A-5858-4648-957D-77189E43CFAA,phikon,Phikon,1,Recall@1,1,1,0.5848550200462341,UCEC,TCGA-FI-A2EX-01Z-00-DX1.127F5153-745D-43E6-83CA-DE2738702C62
UCEC,TCGA-A5-A0GX-01Z-00-DX1.7E713D1A-5858-4648-957D-77189E43CFAA,phikon,Phikon,5,Recall@5,1,5,0.5848550200462341,UCEC,TCGA-FI-A2EX-01Z-00-DX1.127F5153-745D-43E6-83CA-DE2738702C62
UCEC,TCGA-A5-A0GX-01Z-00-DX1.7E713D1A-5858-4648-957D-77189E43CFAA,phikon,Phikon,10,Recall@10,1,6,0.5848550200462341,UCEC,TCGA-FI-A2EX-01Z-00-DX1.127F5153-745D-43E6-83CA-DE2738702C62
UCEC,TCGA-A5-A0R7-01Z-00-DX1.D21E6974-22A3-4A68-8B4E-14E84A7A50A5,phikon,Phikon,1,Recall@1,1,1,0.6224694848060608,UCEC,TCGA-AX-A0J0-01Z-00-DX2.56C668BE-03B8-4B87-A226-AABD97D53C38
UCEC,TCGA-A5-A0R7-01Z-00-DX1.D21E6974-22A3-4A68-8B4E-14E84A7A50A5,phikon,Phikon,5,Recall@5,1,3,0.6224694848060608,UCEC,TCGA-AX-A0J0-01Z-00-DX2.56C668BE-03B8-4B87-A226-AABD97D53C38
UCEC,TCGA-A5-A0R7-01Z-00-DX1.D21E6974-22A3-4A68-8B4E-14E84A7A50A5,phikon,Phikon,10,Recall@10,1,4,0.6224694848060608,UCEC,TCGA-AX-A0J0-01Z-00-DX2.56C668BE-03B8-4B87-A226-AABD97D53C38
UCEC,TCGA-AX-A05U-01Z-00-DX1.1EBFC727-B5D5-4543-BBA9-4254ABD3D584,phikon,Phikon,1,Recall@1,1,1,0.5560584664344788,UCEC,TCGA-FI-A2EX-01Z-00-DX1.127F5153-745D-43E6-83CA-DE2738702C62
UCEC,TCGA-AX-A05U-01Z-00-DX1.1EBFC727-B5D5-4543-BBA9-4254ABD3D584,phikon,Phikon,5,Recall@5,1,4,0.5560584664344788,UCEC,TCGA-FI-A2EX-01Z-00-DX1.127F5153-745D-43E6-83CA-DE2738702C62
UCEC,TCGA-AX-A05U-01Z-00-DX1.1EBFC727-B5D5-4543-BBA9-4254ABD3D584,phikon,Phikon,10,Recall@10,1,6,0.5560584664344788,UCEC,TCGA-FI-A2EX-01Z-00-DX1.127F5153-745D-43E6-83CA-DE2738702C62
UCEC,TCGA-AX-A06B-01Z-00-DX2.1757C039-99F7-4087-A9E5-D340AF7220D4,phikon,Phikon,1,Recall@1,1,1,0.6268072128295898,UCEC,TCGA-FI-A2EX-01Z-00-DX1.127F5153-745D-43E6-83CA-DE2738702C62
UCEC,TCGA-AX-A06B-01Z-00-DX2.1757C039-99F7-4087-A9E5-D340AF7220D4,phikon,Phikon,5,Recall@5,1,3,0.6268072128295898,UCEC,TCGA-FI-A2EX-01Z-00-DX1.127F5153-745D-43E6-83CA-DE2738702C62
UCEC,TCGA-AX-A06B-01Z-00-DX2.1757C039-99F7-4087-A9E5-D340AF7220D4,phikon,Phikon,10,Recall@10,1,5,0.6268072128295898,UCEC,TCGA-FI-A2EX-01Z-00-DX1.127F5153-745D-43E6-83CA-DE2738702C62
UCEC,TCGA-AX-A0J0-01Z-00-DX2.56C668BE-03B8-4B87-A226-AABD97D53C38,phikon,Phikon,1,Recall@1,1,1,0.8253468871116638,UCEC,TCGA-FI-A2EX-01Z-00-DX1.127F5153-745D-43E6-83CA-DE2738702C62
UCEC,TCGA-AX-A0J0-01Z-00-DX2.56C668BE-03B8-4B87-A226-AABD97D53C38,phikon,Phikon,5,Recall@5,1,4,0.8253468871116638,UCEC,TCGA-FI-A2EX-01Z-00-DX1.127F5153-745D-43E6-83CA-DE2738702C62
UCEC,TCGA-AX-A0J0-01Z-00-DX2.56C668BE-03B8-4B87-A226-AABD97D53C38,phikon,Phikon,10,Recall@10,1,6,0.8253468871116638,UCEC,TCGA-FI-A2EX-01Z-00-DX1.127F5153-745D-43E6-83CA-DE2738702C62
UCEC,TCGA-B5-A11F-01Z-00-DX1.3F1C053D-E81E-4C8D-965D-6F3DE29D9511,phikon,Phikon,1,Recall@1,1,1,0.5428642630577087,UCEC,TCGA-A5-A0R7-01Z-00-DX1.D21E6974-22A3-4A68-8B4E-14E84A7A50A5
UCEC,TCGA-B5-A11F-01Z-00-DX1.3F1C053D-E81E-4C8D-965D-6F3DE29D9511,phikon,Phikon,5,Recall@5,1,3,0.5428642630577087,UCEC,TCGA-A5-A0R7-01Z-00-DX1.D21E6974-22A3-4A68-8B4E-14E84A7A50A5
UCEC,TCGA-B5-A11F-01Z-00-DX1.3F1C053D-E81E-4C8D-965D-6F3DE29D9511,phikon,Phikon,10,Recall@10,1,5,0.5428642630577087,UCEC,TCGA-A5-A0R7-01Z-00-DX1.D21E6974-22A3-4A68-8B4E-14E84A7A50A5
UCEC,TCGA-BG-A0W1-01Z-00-DX1.8E06269C-1278-478B-A128-59FA911B1649,phikon,Phikon,1,Recall@1,0,0,0.6425156593322754,HNSC,TCGA-UF-A719-01Z-00-DX1.4C4ECC2C-C390-4C5E-A709-CF08C113F1A1
UCEC,TCGA-BG-A0W1-01Z-00-DX1.8E06269C-1278-478B-A128-59FA911B1649,phikon,Phikon,5,Recall@5,1,2,0.6425156593322754,HNSC,TCGA-UF-A719-01Z-00-DX1.4C4ECC2C-C390-4C5E-A709-CF08C113F1A1
UCEC,TCGA-BG-A0W1-01Z-00-DX1.8E06269C-1278-478B-A128-59FA911B1649,phikon,Phikon,10,Recall@10,1,5,0.6425156593322754,HNSC,TCGA-UF-A719-01Z-00-DX1.4C4ECC2C-C390-4C5E-A709-CF08C113F1A1
UCEC,TCGA-EY-A1GQ-01Z-00-DX1.03D52C6F-515E-4A4F-A08E-31D773BCC67F,phikon,Phikon,1,Recall@1,1,1,0.5030621290206909,UCEC,TCGA-AX-A06B-01Z-00-DX2.1757C039-99F7-4087-A9E5-D340AF7220D4
UCEC,TCGA-EY-A1GQ-01Z-00-DX1.03D52C6F-515E-4A4F-A08E-31D773BCC67F,phikon,Phikon,5,Recall@5,1,2,0.5030621290206909,UCEC,TCGA-AX-A06B-01Z-00-DX2.1757C039-99F7-4087-A9E5-D340AF7220D4
UCEC,TCGA-EY-A1GQ-01Z-00-DX1.03D52C6F-515E-4A4F-A08E-31D773BCC67F,phikon,Phikon,10,Recall@10,1,4,0.5030621290206909,UCEC,TCGA-AX-A06B-01Z-00-DX2.1757C039-99F7-4087-A9E5-D340AF7220D4
UCEC,TCGA-FI-A2EX-01Z-00-DX1.127F5153-745D-43E6-83CA-DE2738702C62,phikon,Phikon,1,Recall@1,1,1,0.8253468871116638,UCEC,TCGA-AX-A0J0-01Z-00-DX2.56C668BE-03B8-4B87-A226-AABD97D53C38
UCEC,TCGA-FI-A2EX-01Z-00-DX1.127F5153-745D-43E6-83CA-DE2738702C62,phikon,Phikon,5,Recall@5,1,4,0.8253468871116638,UCEC,TCGA-AX-A0J0-01Z-00-DX2.56C668BE-03B8-4B87-A226-AABD97D53C38
UCEC,TCGA-FI-A2EX-01Z-00-DX1.127F5153-745D-43E6-83CA-DE2738702C62,phikon,Phikon,10,Recall@10,1,7,0.8253468871116638,UCEC,TCGA-AX-A0J0-01Z-00-DX2.56C668BE-03B8-4B87-A226-AABD97D53C38
BLCA,TCGA-CF-A3MF-01Z-00-DX1.91768C26-5BB1-4DE6-9737-AA26BD687A75,uni,UNI,1,Recall@1,0,0,0.6245193481445312,STAD,TCGA-CD-A487-01Z-00-DX1.A026BD2F-B721-4340-83D5-7AA39227C90F
BLCA,TCGA-CF-A3MF-01Z-00-DX1.91768C26-5BB1-4DE6-9737-AA26BD687A75,uni,UNI,5,Recall@5,1,1,0.6245193481445312,STAD,TCGA-CD-A487-01Z-00-DX1.A026BD2F-B721-4340-83D5-7AA39227C90F
BLCA,TCGA-CF-A3MF-01Z-00-DX1.91768C26-5BB1-4DE6-9737-AA26BD687A75,uni,UNI,10,Recall@10,1,2,0.6245193481445312,STAD,TCGA-CD-A487-01Z-00-DX1.A026BD2F-B721-4340-83D5-7AA39227C90F
BLCA,TCGA-CU-A0YN-01Z-00-DX1.6C5EAAAF-8F14-49D3-8FFC-9BDAE56CAFD0,uni,UNI,1,Recall@1,0,0,0.6716591119766235,UCEC,TCGA-AX-A0J0-01Z-00-DX2.56C668BE-03B8-4B87-A226-AABD97D53C38
BLCA,TCGA-CU-A0YN-01Z-00-DX1.6C5EAAAF-8F14-49D3-8FFC-9BDAE56CAFD0,uni,UNI,5,Recall@5,1,1,0.6716591119766235,UCEC,TCGA-AX-A0J0-01Z-00-DX2.56C668BE-03B8-4B87-A226-AABD97D53C38
BLCA,TCGA-CU-A0YN-01Z-00-DX1.6C5EAAAF-8F14-49D3-8FFC-9BDAE56CAFD0,uni,UNI,10,Recall@10,1,2,0.6716591119766235,UCEC,TCGA-AX-A0J0-01Z-00-DX2.56C668BE-03B8-4B87-A226-AABD97D53C38
BLCA,TCGA-DK-A6AW-01Z-00-DX1.C2453A8C-8282-443C-9E76-5B6CAD2FE69B,uni,UNI,1,Recall@1,0,0,0.724568784236908,BRCA,TCGA-E2-A14P-01Z-00-DX1.663B02FF-C64B-41A6-8685-FD61CD76F9C6
BLCA,TCGA-DK-A6AW-01Z-00-DX1.C2453A8C-8282-443C-9E76-5B6CAD2FE69B,uni,UNI,5,Recall@5,1,2,0.724568784236908,BRCA,TCGA-E2-A14P-01Z-00-DX1.663B02FF-C64B-41A6-8685-FD61CD76F9C6
BLCA,TCGA-DK-A6AW-01Z-00-DX1.C2453A8C-8282-443C-9E76-5B6CAD2FE69B,uni,UNI,10,Recall@10,1,4,0.724568784236908,BRCA,TCGA-E2-A14P-01Z-00-DX1.663B02FF-C64B-41A6-8685-FD61CD76F9C6
BLCA,TCGA-DK-AA6L-01A-01-TSA.5794F0C6-9ED6-489A-9621-18CCC5935548,uni,UNI,1,Recall@1,0,0,0.7220014929771423,HNSC,TCGA-CN-A6V7-01A-01-TS1.F54912D3-1E21-4605-ACFC-142973524AE2
BLCA,TCGA-DK-AA6L-01A-01-TSA.5794F0C6-9ED6-489A-9621-18CCC5935548,uni,UNI,5,Recall@5,1,1,0.7220014929771423,HNSC,TCGA-CN-A6V7-01A-01-TS1.F54912D3-1E21-4605-ACFC-142973524AE2
BLCA,TCGA-DK-AA6L-01A-01-TSA.5794F0C6-9ED6-489A-9621-18CCC5935548,uni,UNI,10,Recall@10,1,2,0.7220014929771423,HNSC,TCGA-CN-A6V7-01A-01-TS1.F54912D3-1E21-4605-ACFC-142973524AE2
BLCA,TCGA-DK-AA77-01A-01-TSA.26CAF5CB-CC4F-4522-BD2B-343FB70205FE,uni,UNI,1,Recall@1,0,0,0.8980198502540588,HNSC,TCGA-CN-A6V7-01A-01-TS1.F54912D3-1E21-4605-ACFC-142973524AE2
BLCA,TCGA-DK-AA77-01A-01-TSA.26CAF5CB-CC4F-4522-BD2B-343FB70205FE,uni,UNI,5,Recall@5,1,2,0.8980198502540588,HNSC,TCGA-CN-A6V7-01A-01-TS1.F54912D3-1E21-4605-ACFC-142973524AE2
BLCA,TCGA-DK-AA77-01A-01-TSA.26CAF5CB-CC4F-4522-BD2B-343FB70205FE,uni,UNI,10,Recall@10,1,3,0.8980198502540588,HNSC,TCGA-CN-A6V7-01A-01-TS1.F54912D3-1E21-4605-ACFC-142973524AE2
BLCA,TCGA-FD-A6TK-01Z-00-DX1.B685DA87-72A6-4C38-8AA1-40B6E543383C,uni,UNI,1,Recall@1,1,1,0.8154356479644775,BLCA,TCGA-XF-A8HB-01Z-00-DX1.D6874152-D20A-4CA4-8E8B-8CBAB5F7D7B5
BLCA,TCGA-FD-A6TK-01Z-00-DX1.B685DA87-72A6-4C38-8AA1-40B6E543383C,uni,UNI,5,Recall@5,1,3,0.8154356479644775,BLCA,TCGA-XF-A8HB-01Z-00-DX1.D6874152-D20A-4CA4-8E8B-8CBAB5F7D7B5
BLCA,TCGA-FD-A6TK-01Z-00-DX1.B685DA87-72A6-4C38-8AA1-40B6E543383C,uni,UNI,10,Recall@10,1,3,0.8154356479644775,BLCA,TCGA-XF-A8HB-01Z-00-DX1.D6874152-D20A-4CA4-8E8B-8CBAB5F7D7B5
BLCA,TCGA-GU-AATP-01Z-00-DX1.0D8EC37C-88E7-49D5-A76D-F0A4A3FD8AE4,uni,UNI,1,Recall@1,1,1,0.7571031451225281,BLCA,TCGA-XF-A8HB-01Z-00-DX1.D6874152-D20A-4CA4-8E8B-8CBAB5F7D7B5
BLCA,TCGA-GU-AATP-01Z-00-DX1.0D8EC37C-88E7-49D5-A76D-F0A4A3FD8AE4,uni,UNI,5,Recall@5,1,3,0.7571031451225281,BLCA,TCGA-XF-A8HB-01Z-00-DX1.D6874152-D20A-4CA4-8E8B-8CBAB5F7D7B5
BLCA,TCGA-GU-AATP-01Z-00-DX1.0D8EC37C-88E7-49D5-A76D-F0A4A3FD8AE4,uni,UNI,10,Recall@10,1,4,0.7571031451225281,BLCA,TCGA-XF-A8HB-01Z-00-DX1.D6874152-D20A-4CA4-8E8B-8CBAB5F7D7B5
BLCA,TCGA-XF-A8HB-01Z-00-DX1.D6874152-D20A-4CA4-8E8B-8CBAB5F7D7B5,uni,UNI,1,Recall@1,1,1,0.8154356479644775,BLCA,TCGA-FD-A6TK-01Z-00-DX1.B685DA87-72A6-4C38-8AA1-40B6E543383C
BLCA,TCGA-XF-A8HB-01Z-00-DX1.D6874152-D20A-4CA4-8E8B-8CBAB5F7D7B5,uni,UNI,5,Recall@5,1,3,0.8154356479644775,BLCA,TCGA-FD-A6TK-01Z-00-DX1.B685DA87-72A6-4C38-8AA1-40B6E543383C
BLCA,TCGA-XF-A8HB-01Z-00-DX1.D6874152-D20A-4CA4-8E8B-8CBAB5F7D7B5,uni,UNI,10,Recall@10,1,3,0.8154356479644775,BLCA,TCGA-FD-A6TK-01Z-00-DX1.B685DA87-72A6-4C38-8AA1-40B6E543383C
BLCA,TCGA-ZF-A9R1-01Z-00-DX1.74520759-D448-45B5-B8AD-45502C99A519,uni,UNI,1,Recall@1,1,1,0.7645429372787476,BLCA,TCGA-XF-A8HB-01Z-00-DX1.D6874152-D20A-4CA4-8E8B-8CBAB5F7D7B5
BLCA,TCGA-ZF-A9R1-01Z-00-DX1.74520759-D448-45B5-B8AD-45502C99A519,uni,UNI,5,Recall@5,1,3,0.7645429372787476,BLCA,TCGA-XF-A8HB-01Z-00-DX1.D6874152-D20A-4CA4-8E8B-8CBAB5F7D7B5
BLCA,TCGA-ZF-A9R1-01Z-00-DX1.74520759-D448-45B5-B8AD-45502C99A519,uni,UNI,10,Recall@10,1,5,0.7645429372787476,BLCA,TCGA-XF-A8HB-01Z-00-DX1.D6874152-D20A-4CA4-8E8B-8CBAB5F7D7B5
BLCA,TCGA-ZF-AA51-01Z-00-DX1.128C9731-C206-4E71-9A64-864FA9FD7E96,uni,UNI,1,Recall@1,0,0,0.7366727590560913,UCEC,TCGA-AX-A06B-01Z-00-DX2.1757C039-99F7-4087-A9E5-D340AF7220D4
BLCA,TCGA-ZF-AA51-01Z-00-DX1.128C9731-C206-4E71-9A64-864FA9FD7E96,uni,UNI,5,Recall@5,1,1,0.7366727590560913,UCEC,TCGA-AX-A06B-01Z-00-DX2.1757C039-99F7-4087-A9E5-D340AF7220D4
BLCA,TCGA-ZF-AA51-01Z-00-DX1.128C9731-C206-4E71-9A64-864FA9FD7E96,uni,UNI,10,Recall@10,1,4,0.7366727590560913,UCEC,TCGA-AX-A06B-01Z-00-DX2.1757C039-99F7-4087-A9E5-D340AF7220D4
BRCA,TCGA-A7-A2KD-01Z-00-DX1.BFF2DFC8-1D95-4DC2-98FC-5BD7D7C6CDF5,uni,UNI,1,Recall@1,0,0,0.6596181392669678,STAD,TCGA-BR-A4CQ-01Z-00-DX1.B63282A5-154D-441B-BF96-5BB26CB6D95E
BRCA,TCGA-A7-A2KD-01Z-00-DX1.BFF2DFC8-1D95-4DC2-98FC-5BD7D7C6CDF5,uni,UNI,5,Recall@5,1,3,0.6596181392669678,STAD,TCGA-BR-A4CQ-01Z-00-DX1.B63282A5-154D-441B-BF96-5BB26CB6D95E
BRCA,TCGA-A7-A2KD-01Z-00-DX1.BFF2DFC8-1D95-4DC2-98FC-5BD7D7C6CDF5,uni,UNI,10,Recall@10,1,4,0.6596181392669678,STAD,TCGA-BR-A4CQ-01Z-00-DX1.B63282A5-154D-441B-BF96-5BB26CB6D95E
BRCA,TCGA-AN-A0G0-01Z-00-DX1.BE0BB5DF-DEDA-48D8-B5D8-2735C767F28F,uni,UNI,1,Recall@1,0,0,0.5752840638160706,BLCA,TCGA-CU-A0YN-01Z-00-DX1.6C5EAAAF-8F14-49D3-8FFC-9BDAE56CAFD0
BRCA,TCGA-AN-A0G0-01Z-00-DX1.BE0BB5DF-DEDA-48D8-B5D8-2735C767F28F,uni,UNI,5,Recall@5,1,2,0.5752840638160706,BLCA,TCGA-CU-A0YN-01Z-00-DX1.6C5EAAAF-8F14-49D3-8FFC-9BDAE56CAFD0
BRCA,TCGA-AN-A0G0-01Z-00-DX1.BE0BB5DF-DEDA-48D8-B5D8-2735C767F28F,uni,UNI,10,Recall@10,1,3,0.5752840638160706,BLCA,TCGA-CU-A0YN-01Z-00-DX1.6C5EAAAF-8F14-49D3-8FFC-9BDAE56CAFD0
BRCA,TCGA-AQ-A04L-01Z-00-DX1.F35BF4DD-896A-43C2-8DA6-C67945C003BE,uni,UNI,1,Recall@1,0,0,0.6432969570159912,STAD,TCGA-ZQ-A9CR-01Z-00-DX1.C9AC9991-7054-4068-A7AA-9D1EB7F040A3
BRCA,TCGA-AQ-A04L-01Z-00-DX1.F35BF4DD-896A-43C2-8DA6-C67945C003BE,uni,UNI,5,Recall@5,1,2,0.6432969570159912,STAD,TCGA-ZQ-A9CR-01Z-00-DX1.C9AC9991-7054-4068-A7AA-9D1EB7F040A3
BRCA,TCGA-AQ-A04L-01Z-00-DX1.F35BF4DD-896A-43C2-8DA6-C67945C003BE,uni,UNI,10,Recall@10,1,3,0.6432969570159912,STAD,TCGA-ZQ-A9CR-01Z-00-DX1.C9AC9991-7054-4068-A7AA-9D1EB7F040A3
BRCA,TCGA-AR-A2LK-01Z-00-DX1.FBD59C38-CD4E-4C22-BC74-A57C192A9BBC,uni,UNI,1,Recall@1,1,1,0.8481656908988953,BRCA,TCGA-AR-A5QM-01Z-00-DX1.A9017CED-FF57-4090-95B9-94DC91854347
BRCA,TCGA-AR-A2LK-01Z-00-DX1.FBD59C38-CD4E-4C22-BC74-A57C192A9BBC,uni,UNI,5,Recall@5,1,3,0.8481656908988953,BRCA,TCGA-AR-A5QM-01Z-00-DX1.A9017CED-FF57-4090-95B9-94DC91854347
BRCA,TCGA-AR-A2LK-01Z-00-DX1.FBD59C38-CD4E-4C22-BC74-A57C192A9BBC,uni,UNI,10,Recall@10,1,6,0.8481656908988953,BRCA,TCGA-AR-A5QM-01Z-00-DX1.A9017CED-FF57-4090-95B9-94DC91854347
BRCA,TCGA-AR-A5QM-01Z-00-DX1.A9017CED-FF57-4090-95B9-94DC91854347,uni,UNI,1,Recall@1,1,1,0.8481656908988953,BRCA,TCGA-AR-A2LK-01Z-00-DX1.FBD59C38-CD4E-4C22-BC74-A57C192A9BBC
BRCA,TCGA-AR-A5QM-01Z-00-DX1.A9017CED-FF57-4090-95B9-94DC91854347,uni,UNI,5,Recall@5,1,4,0.8481656908988953,BRCA,TCGA-AR-A2LK-01Z-00-DX1.FBD59C38-CD4E-4C22-BC74-A57C192A9BBC
BRCA,TCGA-AR-A5QM-01Z-00-DX1.A9017CED-FF57-4090-95B9-94DC91854347,uni,UNI,10,Recall@10,1,6,0.8481656908988953,BRCA,TCGA-AR-A2LK-01Z-00-DX1.FBD59C38-CD4E-4C22-BC74-A57C192A9BBC
BRCA,TCGA-BH-A0C1-01Z-00-DX1.21FE357E-B182-4397-BFEF-7E96E994236A,uni,UNI,1,Recall@1,1,1,0.6969092488288879,BRCA,TCGA-GM-A3XN-01Z-00-DX1.49F5C8AC-0328-4BC2-9FE2-E7150B7A42E2
BRCA,TCGA-BH-A0C1-01Z-00-DX1.21FE357E-B182-4397-BFEF-7E96E994236A,uni,UNI,5,Recall@5,1,4,0.6969092488288879,BRCA,TCGA-GM-A3XN-01Z-00-DX1.49F5C8AC-0328-4BC2-9FE2-E7150B7A42E2
BRCA,TCGA-BH-A0C1-01Z-00-DX1.21FE357E-B182-4397-BFEF-7E96E994236A,uni,UNI,10,Recall@10,1,7,0.6969092488288879,BRCA,TCGA-GM-A3XN-01Z-00-DX1.49F5C8AC-0328-4BC2-9FE2-E7150B7A42E2
BRCA,TCGA-D8-A1X8-01Z-00-DX1.DDA3866E-C7CC-4650-BE2B-5C9A98A2D531,uni,UNI,1,Recall@1,1,1,0.6519241333007812,BRCA,TCGA-E2-A14P-01Z-00-DX1.663B02FF-C64B-41A6-8685-FD61CD76F9C6
BRCA,TCGA-D8-A1X8-01Z-00-DX1.DDA3866E-C7CC-4650-BE2B-5C9A98A2D531,uni,UNI,5,Recall@5,1,3,0.6519241333007812,BRCA,TCGA-E2-A14P-01Z-00-DX1.663B02FF-C64B-41A6-8685-FD61CD76F9C6
BRCA,TCGA-D8-A1X8-01Z-00-DX1.DDA3866E-C7CC-4650-BE2B-5C9A98A2D531,uni,UNI,10,Recall@10,1,4,0.6519241333007812,BRCA,TCGA-E2-A14P-01Z-00-DX1.663B02FF-C64B-41A6-8685-FD61CD76F9C6
BRCA,TCGA-E2-A14P-01Z-00-DX1.663B02FF-C64B-41A6-8685-FD61CD76F9C6,uni,UNI,1,Recall@1,0,0,0.724568784236908,BLCA,TCGA-DK-A6AW-01Z-00-DX1.C2453A8C-8282-443C-9E76-5B6CAD2FE69B
BRCA,TCGA-E2-A14P-01Z-00-DX1.663B02FF-C64B-41A6-8685-FD61CD76F9C6,uni,UNI,5,Recall@5,1,3,0.724568784236908,BLCA,TCGA-DK-A6AW-01Z-00-DX1.C2453A8C-8282-443C-9E76-5B6CAD2FE69B
BRCA,TCGA-E2-A14P-01Z-00-DX1.663B02FF-C64B-41A6-8685-FD61CD76F9C6,uni,UNI,10,Recall@10,1,3,0.724568784236908,BLCA,TCGA-DK-A6AW-01Z-00-DX1.C2453A8C-8282-443C-9E76-5B6CAD2FE69B
BRCA,TCGA-E2-A1LA-01Z-00-DX1.AE49E943-B830-4ED9-B09E-E499441BC2EC,uni,UNI,1,Recall@1,0,0,0.7010352611541748,BLCA,TCGA-ZF-A9R1-01Z-00-DX1.74520759-D448-45B5-B8AD-45502C99A519
BRCA,TCGA-E2-A1LA-01Z-00-DX1.AE49E943-B830-4ED9-B09E-E499441BC2EC,uni,UNI,5,Recall@5,1,2,0.7010352611541748,BLCA,TCGA-ZF-A9R1-01Z-00-DX1.74520759-D448-45B5-B8AD-45502C99A519
BRCA,TCGA-E2-A1LA-01Z-00-DX1.AE49E943-B830-4ED9-B09E-E499441BC2EC,uni,UNI,10,Recall@10,1,6,0.7010352611541748,BLCA,TCGA-ZF-A9R1-01Z-00-DX1.74520759-D448-45B5-B8AD-45502C99A519
BRCA,TCGA-GM-A3XN-01Z-00-DX1.49F5C8AC-0328-4BC2-9FE2-E7150B7A42E2,uni,UNI,1,Recall@1,1,1,0.7439639568328857,BRCA,TCGA-AR-A5QM-01Z-00-DX1.A9017CED-FF57-4090-95B9-94DC91854347
BRCA,TCGA-GM-A3XN-01Z-00-DX1.49F5C8AC-0328-4BC2-9FE2-E7150B7A42E2,uni,UNI,5,Recall@5,1,5,0.7439639568328857,BRCA,TCGA-AR-A5QM-01Z-00-DX1.A9017CED-FF57-4090-95B9-94DC91854347
BRCA,TCGA-GM-A3XN-01Z-00-DX1.49F5C8AC-0328-4BC2-9FE2-E7150B7A42E2,uni,UNI,10,Recall@10,1,6,0.7439639568328857,BRCA,TCGA-AR-A5QM-01Z-00-DX1.A9017CED-FF57-4090-95B9-94DC91854347
COAD,TCGA-AY-A8YK-01Z-00-DX1.89E3C546-0425-449B-A6FB-1C35168EA7EB,uni,UNI,1,Recall@1,0,0,0.6462293863296509,HNSC,TCGA-CV-A45O-01Z-00-DX1.8CBD0CCC-C815-475D-87F9-76272F4F715B
COAD,TCGA-AY-A8YK-01Z-00-DX1.89E3C546-0425-449B-A6FB-1C35168EA7EB,uni,UNI,5,Recall@5,1,2,0.6462293863296509,HNSC,TCGA-CV-A45O-01Z-00-DX1.8CBD0CCC-C815-475D-87F9-76272F4F715B
COAD,TCGA-AY-A8YK-01Z-00-DX1.89E3C546-0425-449B-A6FB-1C35168EA7EB,uni,UNI,10,Recall@10,1,2,0.6462293863296509,HNSC,TCGA-CV-A45O-01Z-00-DX1.8CBD0CCC-C815-475D-87F9-76272F4F715B
COAD,TCGA-CK-4947-01Z-00-DX1.b257d5fd-b97b-4987-b088-77f044ca7fe2,uni,UNI,1,Recall@1,1,1,0.7777706980705261,COAD,TCGA-G4-6588-01Z-00-DX1.0747172e-f630-4b7c-9341-55078585ae00
COAD,TCGA-CK-4947-01Z-00-DX1.b257d5fd-b97b-4987-b088-77f044ca7fe2,uni,UNI,5,Recall@5,1,5,0.7777706980705261,COAD,TCGA-G4-6588-01Z-00-DX1.0747172e-f630-4b7c-9341-55078585ae00
COAD,TCGA-CK-4947-01Z-00-DX1.b257d5fd-b97b-4987-b088-77f044ca7fe2,uni,UNI,10,Recall@10,1,5,0.7777706980705261,COAD,TCGA-G4-6588-01Z-00-DX1.0747172e-f630-4b7c-9341-55078585ae00
COAD,TCGA-CM-6168-01Z-00-DX1.96af6eb2-9d51-4671-baf8-1a73d0c66869,uni,UNI,1,Recall@1,1,1,0.9202162623405457,COAD,TCGA-CM-6169-01Z-00-DX1.0381c243-02b8-4f1d-840c-19ef44d4b92c
COAD,TCGA-CM-6168-01Z-00-DX1.96af6eb2-9d51-4671-baf8-1a73d0c66869,uni,UNI,5,Recall@5,1,4,0.9202162623405457,COAD,TCGA-CM-6169-01Z-00-DX1.0381c243-02b8-4f1d-840c-19ef44d4b92c
COAD,TCGA-CM-6168-01Z-00-DX1.96af6eb2-9d51-4671-baf8-1a73d0c66869,uni,UNI,10,Recall@10,1,5,0.9202162623405457,COAD,TCGA-CM-6169-01Z-00-DX1.0381c243-02b8-4f1d-840c-19ef44d4b92c
COAD,TCGA-CM-6169-01Z-00-DX1.0381c243-02b8-4f1d-840c-19ef44d4b92c,uni,UNI,1,Recall@1,1,1,0.9202162623405457,COAD,TCGA-CM-6168-01Z-00-DX1.96af6eb2-9d51-4671-baf8-1a73d0c66869
COAD,TCGA-CM-6169-01Z-00-DX1.0381c243-02b8-4f1d-840c-19ef44d4b92c,uni,UNI,5,Recall@5,1,4,0.9202162623405457,COAD,TCGA-CM-6168-01Z-00-DX1.96af6eb2-9d51-4671-baf8-1a73d0c66869
COAD,TCGA-CM-6169-01Z-00-DX1.0381c243-02b8-4f1d-840c-19ef44d4b92c,uni,UNI,10,Recall@10,1,5,0.9202162623405457,COAD,TCGA-CM-6168-01Z-00-DX1.96af6eb2-9d51-4671-baf8-1a73d0c66869
COAD,TCGA-G4-6309-01Z-00-DX1.3eb20fdc-eb86-4bd5-8194-76b02d4fa472,uni,UNI,1,Recall@1,1,1,0.9103348255157471,COAD,TCGA-G4-6588-01Z-00-DX1.0747172e-f630-4b7c-9341-55078585ae00
COAD,TCGA-G4-6309-01Z-00-DX1.3eb20fdc-eb86-4bd5-8194-76b02d4fa472,uni,UNI,5,Recall@5,1,4,0.9103348255157471,COAD,TCGA-G4-6588-01Z-00-DX1.0747172e-f630-4b7c-9341-55078585ae00
COAD,TCGA-G4-6309-01Z-00-DX1.3eb20fdc-eb86-4bd5-8194-76b02d4fa472,uni,UNI,10,Recall@10,1,5,0.9103348255157471,COAD,TCGA-G4-6588-01Z-00-DX1.0747172e-f630-4b7c-9341-55078585ae00
COAD,TCGA-G4-6310-01Z-00-DX1.b88472d4-3adc-4e4d-b0f2-0dc195a3d7df,uni,UNI,1,Recall@1,1,1,0.868975043296814,COAD,TCGA-G4-6309-01Z-00-DX1.3eb20fdc-eb86-4bd5-8194-76b02d4fa472
COAD,TCGA-G4-6310-01Z-00-DX1.b88472d4-3adc-4e4d-b0f2-0dc195a3d7df,uni,UNI,5,Recall@5,1,5,0.868975043296814,COAD,TCGA-G4-6309-01Z-00-DX1.3eb20fdc-eb86-4bd5-8194-76b02d4fa472
COAD,TCGA-G4-6310-01Z-00-DX1.b88472d4-3adc-4e4d-b0f2-0dc195a3d7df,uni,UNI,10,Recall@10,1,5,0.868975043296814,COAD,TCGA-G4-6309-01Z-00-DX1.3eb20fdc-eb86-4bd5-8194-76b02d4fa472
COAD,TCGA-G4-6588-01Z-00-DX1.0747172e-f630-4b7c-9341-55078585ae00,uni,UNI,1,Recall@1,1,1,0.9103348255157471,COAD,TCGA-G4-6309-01Z-00-DX1.3eb20fdc-eb86-4bd5-8194-76b02d4fa472
COAD,TCGA-G4-6588-01Z-00-DX1.0747172e-f630-4b7c-9341-55078585ae00,uni,UNI,5,Recall@5,1,4,0.9103348255157471,COAD,TCGA-G4-6309-01Z-00-DX1.3eb20fdc-eb86-4bd5-8194-76b02d4fa472
COAD,TCGA-G4-6588-01Z-00-DX1.0747172e-f630-4b7c-9341-55078585ae00,uni,UNI,10,Recall@10,1,5,0.9103348255157471,COAD,TCGA-G4-6309-01Z-00-DX1.3eb20fdc-eb86-4bd5-8194-76b02d4fa472
HNSC,TCGA-BA-6871-01Z-00-DX1.4d9ca329-f8d5-4c31-a20f-9d4fba728326,uni,UNI,1,Recall@1,0,0,0.7463659048080444,COAD,TCGA-CM-6169-01Z-00-DX1.0381c243-02b8-4f1d-840c-19ef44d4b92c
HNSC,TCGA-BA-6871-01Z-00-DX1.4d9ca329-f8d5-4c31-a20f-9d4fba728326,uni,UNI,5,Recall@5,0,0,0.7463659048080444,COAD,TCGA-CM-6169-01Z-00-DX1.0381c243-02b8-4f1d-840c-19ef44d4b92c
HNSC,TCGA-BA-6871-01Z-00-DX1.4d9ca329-f8d5-4c31-a20f-9d4fba728326,uni,UNI,10,Recall@10,0,0,0.7463659048080444,COAD,TCGA-CM-6169-01Z-00-DX1.0381c243-02b8-4f1d-840c-19ef44d4b92c
HNSC,TCGA-BA-6872-01Z-00-DX1.F99F6394-D319-4599-B124-D2A6692FA096,uni,UNI,1,Recall@1,0,0,0.6420138478279114,COAD,TCGA-G4-6309-01Z-00-DX1.3eb20fdc-eb86-4bd5-8194-76b02d4fa472
HNSC,TCGA-BA-6872-01Z-00-DX1.F99F6394-D319-4599-B124-D2A6692FA096,uni,UNI,5,Recall@5,0,0,0.6420138478279114,COAD,TCGA-G4-6309-01Z-00-DX1.3eb20fdc-eb86-4bd5-8194-76b02d4fa472
HNSC,TCGA-BA-6872-01Z-00-DX1.F99F6394-D319-4599-B124-D2A6692FA096,uni,UNI,10,Recall@10,0,0,0.6420138478279114,COAD,TCGA-G4-6309-01Z-00-DX1.3eb20fdc-eb86-4bd5-8194-76b02d4fa472
HNSC,TCGA-CN-A6V7-01A-01-TS1.F54912D3-1E21-4605-ACFC-142973524AE2,uni,UNI,1,Recall@1,0,0,0.8980198502540588,BLCA,TCGA-DK-AA77-01A-01-TSA.26CAF5CB-CC4F-4522-BD2B-343FB70205FE
HNSC,TCGA-CN-A6V7-01A-01-TS1.F54912D3-1E21-4605-ACFC-142973524AE2,uni,UNI,5,Recall@5,1,2,0.8980198502540588,BLCA,TCGA-DK-AA77-01A-01-TSA.26CAF5CB-CC4F-4522-BD2B-343FB70205FE
HNSC,TCGA-CN-A6V7-01A-01-TS1.F54912D3-1E21-4605-ACFC-142973524AE2,uni,UNI,10,Recall@10,1,3,0.8980198502540588,BLCA,TCGA-DK-AA77-01A-01-TSA.26CAF5CB-CC4F-4522-BD2B-343FB70205FE
HNSC,TCGA-CV-6935-01Z-00-DX1.9C449CB2-FB6D-41D1-A4A6-3069DC84A697,uni,UNI,1,Recall@1,1,1,0.8209561109542847,HNSC,TCGA-CV-A45O-01Z-00-DX1.8CBD0CCC-C815-475D-87F9-76272F4F715B
HNSC,TCGA-CV-6935-01Z-00-DX1.9C449CB2-FB6D-41D1-A4A6-3069DC84A697,uni,UNI,5,Recall@5,1,3,0.8209561109542847,HNSC,TCGA-CV-A45O-01Z-00-DX1.8CBD0CCC-C815-475D-87F9-76272F4F715B
HNSC,TCGA-CV-6935-01Z-00-DX1.9C449CB2-FB6D-41D1-A4A6-3069DC84A697,uni,UNI,10,Recall@10,1,3,0.8209561109542847,HNSC,TCGA-CV-A45O-01Z-00-DX1.8CBD0CCC-C815-475D-87F9-76272F4F715B
HNSC,TCGA-CV-A45O-01Z-00-DX1.8CBD0CCC-C815-475D-87F9-76272F4F715B,uni,UNI,1,Recall@1,1,1,0.8209561109542847,HNSC,TCGA-CV-6935-01Z-00-DX1.9C449CB2-FB6D-41D1-A4A6-3069DC84A697
HNSC,TCGA-CV-A45O-01Z-00-DX1.8CBD0CCC-C815-475D-87F9-76272F4F715B,uni,UNI,5,Recall@5,1,3,0.8209561109542847,HNSC,TCGA-CV-6935-01Z-00-DX1.9C449CB2-FB6D-41D1-A4A6-3069DC84A697
HNSC,TCGA-CV-A45O-01Z-00-DX1.8CBD0CCC-C815-475D-87F9-76272F4F715B,uni,UNI,10,Recall@10,1,3,0.8209561109542847,HNSC,TCGA-CV-6935-01Z-00-DX1.9C449CB2-FB6D-41D1-A4A6-3069DC84A697
HNSC,TCGA-CV-A6JE-01Z-00-DX1.20137D17-19B3-49FF-9C3D-60933157E409,uni,UNI,1,Recall@1,1,1,0.7766685485839844,HNSC,TCGA-CV-A45O-01Z-00-DX1.8CBD0CCC-C815-475D-87F9-76272F4F715B
HNSC,TCGA-CV-A6JE-01Z-00-DX1.20137D17-19B3-49FF-9C3D-60933157E409,uni,UNI,5,Recall@5,1,2,0.7766685485839844,HNSC,TCGA-CV-A45O-01Z-00-DX1.8CBD0CCC-C815-475D-87F9-76272F4F715B
HNSC,TCGA-CV-A6JE-01Z-00-DX1.20137D17-19B3-49FF-9C3D-60933157E409,uni,UNI,10,Recall@10,1,3,0.7766685485839844,HNSC,TCGA-CV-A45O-01Z-00-DX1.8CBD0CCC-C815-475D-87F9-76272F4F715B
HNSC,TCGA-CV-A6JU-01Z-00-DX1.35A3A1F0-9D6C-4794-B501-E56E48C51DF9,uni,UNI,1,Recall@1,0,0,0.6348897814750671,BRCA,TCGA-E2-A14P-01Z-00-DX1.663B02FF-C64B-41A6-8685-FD61CD76F9C6
HNSC,TCGA-CV-A6JU-01Z-00-DX1.35A3A1F0-9D6C-4794-B501-E56E48C51DF9,uni,UNI,5,Recall@5,1,2,0.6348897814750671,BRCA,TCGA-E2-A14P-01Z-00-DX1.663B02FF-C64B-41A6-8685-FD61CD76F9C6
HNSC,TCGA-CV-A6JU-01Z-00-DX1.35A3A1F0-9D6C-4794-B501-E56E48C51DF9,uni,UNI,10,Recall@10,1,3,0.6348897814750671,BRCA,TCGA-E2-A14P-01Z-00-DX1.663B02FF-C64B-41A6-8685-FD61CD76F9C6
HNSC,TCGA-UF-A719-01Z-00-DX1.4C4ECC2C-C390-4C5E-A709-CF08C113F1A1,uni,UNI,1,Recall@1,0,0,0.6896461248397827,STAD,TCGA-VQ-A924-01Z-00-DX1.736B41F3-9678-4FAF-AE86-FCAC4F6DCBD3
HNSC,TCGA-UF-A719-01Z-00-DX1.4C4ECC2C-C390-4C5E-A709-CF08C113F1A1,uni,UNI,5,Recall@5,1,1,0.6896461248397827,STAD,TCGA-VQ-A924-01Z-00-DX1.736B41F3-9678-4FAF-AE86-FCAC4F6DCBD3
HNSC,TCGA-UF-A719-01Z-00-DX1.4C4ECC2C-C390-4C5E-A709-CF08C113F1A1,uni,UNI,10,Recall@10,1,1,0.6896461248397827,STAD,TCGA-VQ-A924-01Z-00-DX1.736B41F3-9678-4FAF-AE86-FCAC4F6DCBD3
KIRC,TCGA-A3-3346-01Z-00-DX1.95280216-fd71-4a03-b452-6e3d667f2542,uni,UNI,1,Recall@1,1,1,0.7825132012367249,KIRC,TCGA-B0-5711-01Z-00-DX1.6839921f-ec08-4e94-8bf9-4b5a4fcdda45
KIRC,TCGA-A3-3346-01Z-00-DX1.95280216-fd71-4a03-b452-6e3d667f2542,uni,UNI,5,Recall@5,1,3,0.7825132012367249,KIRC,TCGA-B0-5711-01Z-00-DX1.6839921f-ec08-4e94-8bf9-4b5a4fcdda45
KIRC,TCGA-A3-3346-01Z-00-DX1.95280216-fd71-4a03-b452-6e3d667f2542,uni,UNI,10,Recall@10,1,4,0.7825132012367249,KIRC,TCGA-B0-5711-01Z-00-DX1.6839921f-ec08-4e94-8bf9-4b5a4fcdda45
KIRC,TCGA-A3-A8CQ-01Z-00-DX1.78DA0827-5FB8-4B9F-A845-22F85830B5FB,uni,UNI,1,Recall@1,1,1,0.760246753692627,KIRC,TCGA-B2-5633-01Z-00-DX1.c55a29ca-468e-46de-9ff5-a51f46fe09fd
KIRC,TCGA-A3-A8CQ-01Z-00-DX1.78DA0827-5FB8-4B9F-A845-22F85830B5FB,uni,UNI,5,Recall@5,1,4,0.760246753692627,KIRC,TCGA-B2-5633-01Z-00-DX1.c55a29ca-468e-46de-9ff5-a51f46fe09fd
KIRC,TCGA-A3-A8CQ-01Z-00-DX1.78DA0827-5FB8-4B9F-A845-22F85830B5FB,uni,UNI,10,Recall@10,1,6,0.760246753692627,KIRC,TCGA-B2-5633-01Z-00-DX1.c55a29ca-468e-46de-9ff5-a51f46fe09fd
KIRC,TCGA-AK-3444-01Z-00-DX1.1F0E0B47-29FF-456F-800A-539983FDCFAA,uni,UNI,1,Recall@1,0,0,0.6348230838775635,LUAD,TCGA-64-5779-01Z-00-DX1.B3268447-DCE0-4927-B5A9-EC4D61E9B17D
KIRC,TCGA-AK-3444-01Z-00-DX1.1F0E0B47-29FF-456F-800A-539983FDCFAA,uni,UNI,5,Recall@5,1,4,0.6348230838775635,LUAD,TCGA-64-5779-01Z-00-DX1.B3268447-DCE0-4927-B5A9-EC4D61E9B17D
KIRC,TCGA-AK-3444-01Z-00-DX1.1F0E0B47-29FF-456F-800A-539983FDCFAA,uni,UNI,10,Recall@10,1,7,0.6348230838775635,LUAD,TCGA-64-5779-01Z-00-DX1.B3268447-DCE0-4927-B5A9-EC4D61E9B17D
KIRC,TCGA-B0-5094-01Z-00-DX1.eac31fe2-09da-4ecf-8e25-c073cbb03295,uni,UNI,1,Recall@1,1,1,0.8056749105453491,KIRC,TCGA-B0-5711-01Z-00-DX1.6839921f-ec08-4e94-8bf9-4b5a4fcdda45
KIRC,TCGA-B0-5094-01Z-00-DX1.eac31fe2-09da-4ecf-8e25-c073cbb03295,uni,UNI,5,Recall@5,1,5,0.8056749105453491,KIRC,TCGA-B0-5711-01Z-00-DX1.6839921f-ec08-4e94-8bf9-4b5a4fcdda45
KIRC,TCGA-B0-5094-01Z-00-DX1.eac31fe2-09da-4ecf-8e25-c073cbb03295,uni,UNI,10,Recall@10,1,5,0.8056749105453491,KIRC,TCGA-B0-5711-01Z-00-DX1.6839921f-ec08-4e94-8bf9-4b5a4fcdda45
KIRC,TCGA-B0-5106-01Z-00-DX1.564e51a3-be50-4eed-ba9c-4d478b96ffc6,uni,UNI,1,Recall@1,1,1,0.8725435137748718,KIRC,TCGA-B0-5711-01Z-00-DX1.6839921f-ec08-4e94-8bf9-4b5a4fcdda45
KIRC,TCGA-B0-5106-01Z-00-DX1.564e51a3-be50-4eed-ba9c-4d478b96ffc6,uni,UNI,5,Recall@5,1,4,0.8725435137748718,KIRC,TCGA-B0-5711-01Z-00-DX1.6839921f-ec08-4e94-8bf9-4b5a4fcdda45
KIRC,TCGA-B0-5106-01Z-00-DX1.564e51a3-be50-4eed-ba9c-4d478b96ffc6,uni,UNI,10,Recall@10,1,5,0.8725435137748718,KIRC,TCGA-B0-5711-01Z-00-DX1.6839921f-ec08-4e94-8bf9-4b5a4fcdda45
KIRC,TCGA-B0-5711-01Z-00-DX1.6839921f-ec08-4e94-8bf9-4b5a4fcdda45,uni,UNI,1,Recall@1,1,1,0.8725435137748718,KIRC,TCGA-B0-5106-01Z-00-DX1.564e51a3-be50-4eed-ba9c-4d478b96ffc6
KIRC,TCGA-B0-5711-01Z-00-DX1.6839921f-ec08-4e94-8bf9-4b5a4fcdda45,uni,UNI,5,Recall@5,1,5,0.8725435137748718,KIRC,TCGA-B0-5106-01Z-00-DX1.564e51a3-be50-4eed-ba9c-4d478b96ffc6
KIRC,TCGA-B0-5711-01Z-00-DX1.6839921f-ec08-4e94-8bf9-4b5a4fcdda45,uni,UNI,10,Recall@10,1,6,0.8725435137748718,KIRC,TCGA-B0-5106-01Z-00-DX1.564e51a3-be50-4eed-ba9c-4d478b96ffc6
KIRC,TCGA-B2-5633-01Z-00-DX1.c55a29ca-468e-46de-9ff5-a51f46fe09fd,uni,UNI,1,Recall@1,1,1,0.7846064567565918,KIRC,TCGA-B0-5711-01Z-00-DX1.6839921f-ec08-4e94-8bf9-4b5a4fcdda45
KIRC,TCGA-B2-5633-01Z-00-DX1.c55a29ca-468e-46de-9ff5-a51f46fe09fd,uni,UNI,5,Recall@5,1,5,0.7846064567565918,KIRC,TCGA-B0-5711-01Z-00-DX1.6839921f-ec08-4e94-8bf9-4b5a4fcdda45
KIRC,TCGA-B2-5633-01Z-00-DX1.c55a29ca-468e-46de-9ff5-a51f46fe09fd,uni,UNI,10,Recall@10,1,6,0.7846064567565918,KIRC,TCGA-B0-5711-01Z-00-DX1.6839921f-ec08-4e94-8bf9-4b5a4fcdda45
KIRC,TCGA-BP-4991-01Z-00-DX1.71305f5c-ca59-48fa-bb82-4b441c1fffdc,uni,UNI,1,Recall@1,1,1,0.7426334619522095,KIRC,TCGA-B0-5711-01Z-00-DX1.6839921f-ec08-4e94-8bf9-4b5a4fcdda45
KIRC,TCGA-BP-4991-01Z-00-DX1.71305f5c-ca59-48fa-bb82-4b441c1fffdc,uni,UNI,5,Recall@5,1,5,0.7426334619522095,KIRC,TCGA-B0-5711-01Z-00-DX1.6839921f-ec08-4e94-8bf9-4b5a4fcdda45
KIRC,TCGA-BP-4991-01Z-00-DX1.71305f5c-ca59-48fa-bb82-4b441c1fffdc,uni,UNI,10,Recall@10,1,6,0.7426334619522095,KIRC,TCGA-B0-5711-01Z-00-DX1.6839921f-ec08-4e94-8bf9-4b5a4fcdda45
KIRC,TCGA-BP-5201-01Z-00-DX1.d1a9878e-bb97-48fb-9098-9d9337f06250,uni,UNI,1,Recall@1,1,1,0.5807317495346069,KIRC,TCGA-B0-5106-01Z-00-DX1.564e51a3-be50-4eed-ba9c-4d478b96ffc6
KIRC,TCGA-BP-5201-01Z-00-DX1.d1a9878e-bb97-48fb-9098-9d9337f06250,uni,UNI,5,Recall@5,1,5,0.5807317495346069,KIRC,TCGA-B0-5106-01Z-00-DX1.564e51a3-be50-4eed-ba9c-4d478b96ffc6
KIRC,TCGA-BP-5201-01Z-00-DX1.d1a9878e-bb97-48fb-9098-9d9337f06250,uni,UNI,10,Recall@10,1,5,0.5807317495346069,KIRC,TCGA-B0-5106-01Z-00-DX1.564e51a3-be50-4eed-ba9c-4d478b96ffc6
LUAD,TCGA-55-6986-01Z-00-DX1.ae52d41e-3cd6-4d36-b04b-2ea7d29bd8da,uni,UNI,1,Recall@1,0,0,0.7438945770263672,COAD,TCGA-G4-6588-01Z-00-DX1.0747172e-f630-4b7c-9341-55078585ae00
LUAD,TCGA-55-6986-01Z-00-DX1.ae52d41e-3cd6-4d36-b04b-2ea7d29bd8da,uni,UNI,5,Recall@5,1,1,0.7438945770263672,COAD,TCGA-G4-6588-01Z-00-DX1.0747172e-f630-4b7c-9341-55078585ae00
LUAD,TCGA-55-6986-01Z-00-DX1.ae52d41e-3cd6-4d36-b04b-2ea7d29bd8da,uni,UNI,10,Recall@10,1,3,0.7438945770263672,COAD,TCGA-G4-6588-01Z-00-DX1.0747172e-f630-4b7c-9341-55078585ae00
LUAD,TCGA-64-5779-01Z-00-DX1.B3268447-DCE0-4927-B5A9-EC4D61E9B17D,uni,UNI,1,Recall@1,0,0,0.6348230838775635,KIRC,TCGA-AK-3444-01Z-00-DX1.1F0E0B47-29FF-456F-800A-539983FDCFAA
LUAD,TCGA-64-5779-01Z-00-DX1.B3268447-DCE0-4927-B5A9-EC4D61E9B17D,uni,UNI,5,Recall@5,0,0,0.6348230838775635,KIRC,TCGA-AK-3444-01Z-00-DX1.1F0E0B47-29FF-456F-800A-539983FDCFAA
LUAD,TCGA-64-5779-01Z-00-DX1.B3268447-DCE0-4927-B5A9-EC4D61E9B17D,uni,UNI,10,Recall@10,0,0,0.6348230838775635,KIRC,TCGA-AK-3444-01Z-00-DX1.1F0E0B47-29FF-456F-800A-539983FDCFAA
LUAD,TCGA-78-7158-01Z-00-DX1.74db3dcd-2715-4ce7-8e48-30c8b7946ba0,uni,UNI,1,Recall@1,1,1,0.7546308636665344,LUAD,TCGA-78-7536-01Z-00-DX1.6b066140-8b82-40a5-bd48-430eeb4463fe
LUAD,TCGA-78-7158-01Z-00-DX1.74db3dcd-2715-4ce7-8e48-30c8b7946ba0,uni,UNI,5,Recall@5,1,2,0.7546308636665344,LUAD,TCGA-78-7536-01Z-00-DX1.6b066140-8b82-40a5-bd48-430eeb4463fe
LUAD,TCGA-78-7158-01Z-00-DX1.74db3dcd-2715-4ce7-8e48-30c8b7946ba0,uni,UNI,10,Recall@10,1,3,0.7546308636665344,LUAD,TCGA-78-7536-01Z-00-DX1.6b066140-8b82-40a5-bd48-430eeb4463fe
LUAD,TCGA-78-7163-01Z-00-DX1.42880bdf-271d-41dd-aada-e7ec1156ff31,uni,UNI,1,Recall@1,1,1,0.6626722812652588,LUAD,TCGA-55-6986-01Z-00-DX1.ae52d41e-3cd6-4d36-b04b-2ea7d29bd8da
LUAD,TCGA-78-7163-01Z-00-DX1.42880bdf-271d-41dd-aada-e7ec1156ff31,uni,UNI,5,Recall@5,1,1,0.6626722812652588,LUAD,TCGA-55-6986-01Z-00-DX1.ae52d41e-3cd6-4d36-b04b-2ea7d29bd8da
LUAD,TCGA-78-7163-01Z-00-DX1.42880bdf-271d-41dd-aada-e7ec1156ff31,uni,UNI,10,Recall@10,1,2,0.6626722812652588,LUAD,TCGA-55-6986-01Z-00-DX1.ae52d41e-3cd6-4d36-b04b-2ea7d29bd8da
LUAD,TCGA-78-7536-01Z-00-DX1.6b066140-8b82-40a5-bd48-430eeb4463fe,uni,UNI,1,Recall@1,1,1,0.7546308636665344,LUAD,TCGA-78-7158-01Z-00-DX1.74db3dcd-2715-4ce7-8e48-30c8b7946ba0
LUAD,TCGA-78-7536-01Z-00-DX1.6b066140-8b82-40a5-bd48-430eeb4463fe,uni,UNI,5,Recall@5,1,1,0.7546308636665344,LUAD,TCGA-78-7158-01Z-00-DX1.74db3dcd-2715-4ce7-8e48-30c8b7946ba0
LUAD,TCGA-78-7536-01Z-00-DX1.6b066140-8b82-40a5-bd48-430eeb4463fe,uni,UNI,10,Recall@10,1,2,0.7546308636665344,LUAD,TCGA-78-7158-01Z-00-DX1.74db3dcd-2715-4ce7-8e48-30c8b7946ba0
LUAD,TCGA-86-8668-01Z-00-DX1.d720d486-02c7-4f98-8feb-e0e50a12c158,uni,UNI,1,Recall@1,0,0,0.7542690634727478,KIRC,TCGA-A3-3346-01Z-00-DX1.95280216-fd71-4a03-b452-6e3d667f2542
LUAD,TCGA-86-8668-01Z-00-DX1.d720d486-02c7-4f98-8feb-e0e50a12c158,uni,UNI,5,Recall@5,1,1,0.7542690634727478,KIRC,TCGA-A3-3346-01Z-00-DX1.95280216-fd71-4a03-b452-6e3d667f2542
LUAD,TCGA-86-8668-01Z-00-DX1.d720d486-02c7-4f98-8feb-e0e50a12c158,uni,UNI,10,Recall@10,1,1,0.7542690634727478,KIRC,TCGA-A3-3346-01Z-00-DX1.95280216-fd71-4a03-b452-6e3d667f2542
LUAD,TCGA-97-A4LX-01Z-00-DX1.B2334672-A626-4E74-B4D1-A79F70F65909,uni,UNI,1,Recall@1,1,1,0.8061590194702148,LUAD,TCGA-97-A4M2-01Z-00-DX1.5C72522C-1538-4D68-B517-5FB05A9D401A
LUAD,TCGA-97-A4LX-01Z-00-DX1.B2334672-A626-4E74-B4D1-A79F70F65909,uni,UNI,5,Recall@5,1,2,0.8061590194702148,LUAD,TCGA-97-A4M2-01Z-00-DX1.5C72522C-1538-4D68-B517-5FB05A9D401A
LUAD,TCGA-97-A4LX-01Z-00-DX1.B2334672-A626-4E74-B4D1-A79F70F65909,uni,UNI,10,Recall@10,1,3,0.8061590194702148,LUAD,TCGA-97-A4M2-01Z-00-DX1.5C72522C-1538-4D68-B517-5FB05A9D401A
LUAD,TCGA-97-A4M2-01Z-00-DX1.5C72522C-1538-4D68-B517-5FB05A9D401A,uni,UNI,1,Recall@1,1,1,0.8061590194702148,LUAD,TCGA-97-A4LX-01Z-00-DX1.B2334672-A626-4E74-B4D1-A79F70F65909
LUAD,TCGA-97-A4M2-01Z-00-DX1.5C72522C-1538-4D68-B517-5FB05A9D401A,uni,UNI,5,Recall@5,1,2,0.8061590194702148,LUAD,TCGA-97-A4LX-01Z-00-DX1.B2334672-A626-4E74-B4D1-A79F70F65909
LUAD,TCGA-97-A4M2-01Z-00-DX1.5C72522C-1538-4D68-B517-5FB05A9D401A,uni,UNI,10,Recall@10,1,2,0.8061590194702148,LUAD,TCGA-97-A4LX-01Z-00-DX1.B2334672-A626-4E74-B4D1-A79F70F65909
LUAD,TCGA-J2-A4AE-01Z-00-DX1.42C5DE4A-7787-4E59-8969-D12503262C96,uni,UNI,1,Recall@1,1,1,0.7427144646644592,LUAD,TCGA-97-A4LX-01Z-00-DX1.B2334672-A626-4E74-B4D1-A79F70F65909
LUAD,TCGA-J2-A4AE-01Z-00-DX1.42C5DE4A-7787-4E59-8969-D12503262C96,uni,UNI,5,Recall@5,1,3,0.7427144646644592,LUAD,TCGA-97-A4LX-01Z-00-DX1.B2334672-A626-4E74-B4D1-A79F70F65909
LUAD,TCGA-J2-A4AE-01Z-00-DX1.42C5DE4A-7787-4E59-8969-D12503262C96,uni,UNI,10,Recall@10,1,4,0.7427144646644592,LUAD,TCGA-97-A4LX-01Z-00-DX1.B2334672-A626-4E74-B4D1-A79F70F65909
STAD,TCGA-BR-6452-01Z-00-DX1.aec8246e-9dce-436d-9faa-df8fa1f6e47c,uni,UNI,1,Recall@1,1,1,0.8608514666557312,STAD,TCGA-BR-6454-01Z-00-DX1.63fb6280-2b43-49b2-960a-eb9c0e8b617c
STAD,TCGA-BR-6452-01Z-00-DX1.aec8246e-9dce-436d-9faa-df8fa1f6e47c,uni,UNI,5,Recall@5,1,2,0.8608514666557312,STAD,TCGA-BR-6454-01Z-00-DX1.63fb6280-2b43-49b2-960a-eb9c0e8b617c
STAD,TCGA-BR-6452-01Z-00-DX1.aec8246e-9dce-436d-9faa-df8fa1f6e47c,uni,UNI,10,Recall@10,1,2,0.8608514666557312,STAD,TCGA-BR-6454-01Z-00-DX1.63fb6280-2b43-49b2-960a-eb9c0e8b617c
STAD,TCGA-BR-6454-01Z-00-DX1.63fb6280-2b43-49b2-960a-eb9c0e8b617c,uni,UNI,1,Recall@1,1,1,0.8608514666557312,STAD,TCGA-BR-6452-01Z-00-DX1.aec8246e-9dce-436d-9faa-df8fa1f6e47c
STAD,TCGA-BR-6454-01Z-00-DX1.63fb6280-2b43-49b2-960a-eb9c0e8b617c,uni,UNI,5,Recall@5,1,2,0.8608514666557312,STAD,TCGA-BR-6452-01Z-00-DX1.aec8246e-9dce-436d-9faa-df8fa1f6e47c
STAD,TCGA-BR-6454-01Z-00-DX1.63fb6280-2b43-49b2-960a-eb9c0e8b617c,uni,UNI,10,Recall@10,1,4,0.8608514666557312,STAD,TCGA-BR-6452-01Z-00-DX1.aec8246e-9dce-436d-9faa-df8fa1f6e47c
STAD,TCGA-BR-A4CQ-01Z-00-DX1.B63282A5-154D-441B-BF96-5BB26CB6D95E,uni,UNI,1,Recall@1,0,0,0.7511203289031982,UCEC,TCGA-AX-A0J0-01Z-00-DX2.56C668BE-03B8-4B87-A226-AABD97D53C38
STAD,TCGA-BR-A4CQ-01Z-00-DX1.B63282A5-154D-441B-BF96-5BB26CB6D95E,uni,UNI,5,Recall@5,1,3,0.7511203289031982,UCEC,TCGA-AX-A0J0-01Z-00-DX2.56C668BE-03B8-4B87-A226-AABD97D53C38
STAD,TCGA-BR-A4CQ-01Z-00-DX1.B63282A5-154D-441B-BF96-5BB26CB6D95E,uni,UNI,10,Recall@10,1,5,0.7511203289031982,UCEC,TCGA-AX-A0J0-01Z-00-DX2.56C668BE-03B8-4B87-A226-AABD97D53C38
STAD,TCGA-CD-A487-01Z-00-DX1.A026BD2F-B721-4340-83D5-7AA39227C90F,uni,UNI,1,Recall@1,0,0,0.7508803606033325,UCEC,TCGA-AX-A06B-01Z-00-DX2.1757C039-99F7-4087-A9E5-D340AF7220D4
STAD,TCGA-CD-A487-01Z-00-DX1.A026BD2F-B721-4340-83D5-7AA39227C90F,uni,UNI,5,Recall@5,1,1,0.7508803606033325,UCEC,TCGA-AX-A06B-01Z-00-DX2.1757C039-99F7-4087-A9E5-D340AF7220D4
STAD,TCGA-CD-A487-01Z-00-DX1.A026BD2F-B721-4340-83D5-7AA39227C90F,uni,UNI,10,Recall@10,1,3,0.7508803606033325,UCEC,TCGA-AX-A06B-01Z-00-DX2.1757C039-99F7-4087-A9E5-D340AF7220D4
STAD,TCGA-FP-8209-01Z-00-DX1.a5e13081-1631-44d4-8d6a-c229a22c2311,uni,UNI,1,Recall@1,0,0,0.8232294917106628,COAD,TCGA-G4-6309-01Z-00-DX1.3eb20fdc-eb86-4bd5-8194-76b02d4fa472
STAD,TCGA-FP-8209-01Z-00-DX1.a5e13081-1631-44d4-8d6a-c229a22c2311,uni,UNI,5,Recall@5,0,0,0.8232294917106628,COAD,TCGA-G4-6309-01Z-00-DX1.3eb20fdc-eb86-4bd5-8194-76b02d4fa472
STAD,TCGA-FP-8209-01Z-00-DX1.a5e13081-1631-44d4-8d6a-c229a22c2311,uni,UNI,10,Recall@10,0,0,0.8232294917106628,COAD,TCGA-G4-6309-01Z-00-DX1.3eb20fdc-eb86-4bd5-8194-76b02d4fa472
STAD,TCGA-SW-A7EA-01Z-00-DX1.C5E1BE0E-0A25-4480-A3AC-DB2ED7471A4E,uni,UNI,1,Recall@1,1,1,0.6711184978485107,STAD,TCGA-BR-A4CQ-01Z-00-DX1.B63282A5-154D-441B-BF96-5BB26CB6D95E
STAD,TCGA-SW-A7EA-01Z-00-DX1.C5E1BE0E-0A25-4480-A3AC-DB2ED7471A4E,uni,UNI,5,Recall@5,1,3,0.6711184978485107,STAD,TCGA-BR-A4CQ-01Z-00-DX1.B63282A5-154D-441B-BF96-5BB26CB6D95E
STAD,TCGA-SW-A7EA-01Z-00-DX1.C5E1BE0E-0A25-4480-A3AC-DB2ED7471A4E,uni,UNI,10,Recall@10,1,4,0.6711184978485107,STAD,TCGA-BR-A4CQ-01Z-00-DX1.B63282A5-154D-441B-BF96-5BB26CB6D95E
STAD,TCGA-VQ-A8PY-01Z-00-DX1.EA2C7386-012A-442A-95B3-FFA12BD2684D,uni,UNI,1,Recall@1,0,0,0.7473933100700378,BLCA,TCGA-ZF-A9R1-01Z-00-DX1.74520759-D448-45B5-B8AD-45502C99A519
STAD,TCGA-VQ-A8PY-01Z-00-DX1.EA2C7386-012A-442A-95B3-FFA12BD2684D,uni,UNI,5,Recall@5,1,1,0.7473933100700378,BLCA,TCGA-ZF-A9R1-01Z-00-DX1.74520759-D448-45B5-B8AD-45502C99A519
STAD,TCGA-VQ-A8PY-01Z-00-DX1.EA2C7386-012A-442A-95B3-FFA12BD2684D,uni,UNI,10,Recall@10,1,2,0.7473933100700378,BLCA,TCGA-ZF-A9R1-01Z-00-DX1.74520759-D448-45B5-B8AD-45502C99A519
STAD,TCGA-VQ-A924-01Z-00-DX1.736B41F3-9678-4FAF-AE86-FCAC4F6DCBD3,uni,UNI,1,Recall@1,0,0,0.6896461248397827,HNSC,TCGA-UF-A719-01Z-00-DX1.4C4ECC2C-C390-4C5E-A709-CF08C113F1A1
STAD,TCGA-VQ-A924-01Z-00-DX1.736B41F3-9678-4FAF-AE86-FCAC4F6DCBD3,uni,UNI,5,Recall@5,1,2,0.6896461248397827,HNSC,TCGA-UF-A719-01Z-00-DX1.4C4ECC2C-C390-4C5E-A709-CF08C113F1A1
STAD,TCGA-VQ-A924-01Z-00-DX1.736B41F3-9678-4FAF-AE86-FCAC4F6DCBD3,uni,UNI,10,Recall@10,1,2,0.6896461248397827,HNSC,TCGA-UF-A719-01Z-00-DX1.4C4ECC2C-C390-4C5E-A709-CF08C113F1A1
STAD,TCGA-ZQ-A9CR-01Z-00-DX1.C9AC9991-7054-4068-A7AA-9D1EB7F040A3,uni,UNI,1,Recall@1,1,1,0.7664240002632141,STAD,TCGA-BR-6452-01Z-00-DX1.aec8246e-9dce-436d-9faa-df8fa1f6e47c
STAD,TCGA-ZQ-A9CR-01Z-00-DX1.C9AC9991-7054-4068-A7AA-9D1EB7F040A3,uni,UNI,5,Recall@5,1,2,0.7664240002632141,STAD,TCGA-BR-6452-01Z-00-DX1.aec8246e-9dce-436d-9faa-df8fa1f6e47c
STAD,TCGA-ZQ-A9CR-01Z-00-DX1.C9AC9991-7054-4068-A7AA-9D1EB7F040A3,uni,UNI,10,Recall@10,1,5,0.7664240002632141,STAD,TCGA-BR-6452-01Z-00-DX1.aec8246e-9dce-436d-9faa-df8fa1f6e47c
UCEC,TCGA-A5-A0GX-01Z-00-DX1.7E713D1A-5858-4648-957D-77189E43CFAA,uni,UNI,1,Recall@1,1,1,0.7377761006355286,UCEC,TCGA-A5-A0R7-01Z-00-DX1.D21E6974-22A3-4A68-8B4E-14E84A7A50A5
UCEC,TCGA-A5-A0GX-01Z-00-DX1.7E713D1A-5858-4648-957D-77189E43CFAA,uni,UNI,5,Recall@5,1,5,0.7377761006355286,UCEC,TCGA-A5-A0R7-01Z-00-DX1.D21E6974-22A3-4A68-8B4E-14E84A7A50A5
UCEC,TCGA-A5-A0GX-01Z-00-DX1.7E713D1A-5858-4648-957D-77189E43CFAA,uni,UNI,10,Recall@10,1,7,0.7377761006355286,UCEC,TCGA-A5-A0R7-01Z-00-DX1.D21E6974-22A3-4A68-8B4E-14E84A7A50A5
UCEC,TCGA-A5-A0R7-01Z-00-DX1.D21E6974-22A3-4A68-8B4E-14E84A7A50A5,uni,UNI,1,Recall@1,1,1,0.7377761006355286,UCEC,TCGA-A5-A0GX-01Z-00-DX1.7E713D1A-5858-4648-957D-77189E43CFAA
UCEC,TCGA-A5-A0R7-01Z-00-DX1.D21E6974-22A3-4A68-8B4E-14E84A7A50A5,uni,UNI,5,Recall@5,1,4,0.7377761006355286,UCEC,TCGA-A5-A0GX-01Z-00-DX1.7E713D1A-5858-4648-957D-77189E43CFAA
UCEC,TCGA-A5-A0R7-01Z-00-DX1.D21E6974-22A3-4A68-8B4E-14E84A7A50A5,uni,UNI,10,Recall@10,1,6,0.7377761006355286,UCEC,TCGA-A5-A0GX-01Z-00-DX1.7E713D1A-5858-4648-957D-77189E43CFAA
UCEC,TCGA-AX-A05U-01Z-00-DX1.1EBFC727-B5D5-4543-BBA9-4254ABD3D584,uni,UNI,1,Recall@1,1,1,0.6651057004928589,UCEC,TCGA-A5-A0GX-01Z-00-DX1.7E713D1A-5858-4648-957D-77189E43CFAA
UCEC,TCGA-AX-A05U-01Z-00-DX1.1EBFC727-B5D5-4543-BBA9-4254ABD3D584,uni,UNI,5,Recall@5,1,5,0.6651057004928589,UCEC,TCGA-A5-A0GX-01Z-00-DX1.7E713D1A-5858-4648-957D-77189E43CFAA
UCEC,TCGA-AX-A05U-01Z-00-DX1.1EBFC727-B5D5-4543-BBA9-4254ABD3D584,uni,UNI,10,Recall@10,1,5,0.6651057004928589,UCEC,TCGA-A5-A0GX-01Z-00-DX1.7E713D1A-5858-4648-957D-77189E43CFAA
UCEC,TCGA-AX-A06B-01Z-00-DX2.1757C039-99F7-4087-A9E5-D340AF7220D4,uni,UNI,1,Recall@1,0,0,0.7508803606033325,STAD,TCGA-CD-A487-01Z-00-DX1.A026BD2F-B721-4340-83D5-7AA39227C90F
UCEC,TCGA-AX-A06B-01Z-00-DX2.1757C039-99F7-4087-A9E5-D340AF7220D4,uni,UNI,5,Recall@5,1,2,0.7508803606033325,STAD,TCGA-CD-A487-01Z-00-DX1.A026BD2F-B721-4340-83D5-7AA39227C90F
UCEC,TCGA-AX-A06B-01Z-00-DX2.1757C039-99F7-4087-A9E5-D340AF7220D4,uni,UNI,10,Recall@10,1,4,0.7508803606033325,STAD,TCGA-CD-A487-01Z-00-DX1.A026BD2F-B721-4340-83D5-7AA39227C90F
UCEC,TCGA-AX-A0J0-01Z-00-DX2.56C668BE-03B8-4B87-A226-AABD97D53C38,uni,UNI,1,Recall@1,1,1,0.8515795469284058,UCEC,TCGA-FI-A2EX-01Z-00-DX1.127F5153-745D-43E6-83CA-DE2738702C62
UCEC,TCGA-AX-A0J0-01Z-00-DX2.56C668BE-03B8-4B87-A226-AABD97D53C38,uni,UNI,5,Recall@5,1,3,0.8515795469284058,UCEC,TCGA-FI-A2EX-01Z-00-DX1.127F5153-745D-43E6-83CA-DE2738702C62
UCEC,TCGA-AX-A0J0-01Z-00-DX2.56C668BE-03B8-4B87-A226-AABD97D53C38,uni,UNI,10,Recall@10,1,4,0.8515795469284058,UCEC,TCGA-FI-A2EX-01Z-00-DX1.127F5153-745D-43E6-83CA-DE2738702C62
UCEC,TCGA-B5-A11F-01Z-00-DX1.3F1C053D-E81E-4C8D-965D-6F3DE29D9511,uni,UNI,1,Recall@1,1,1,0.6773305535316467,UCEC,TCGA-A5-A0R7-01Z-00-DX1.D21E6974-22A3-4A68-8B4E-14E84A7A50A5
UCEC,TCGA-B5-A11F-01Z-00-DX1.3F1C053D-E81E-4C8D-965D-6F3DE29D9511,uni,UNI,5,Recall@5,1,5,0.6773305535316467,UCEC,TCGA-A5-A0R7-01Z-00-DX1.D21E6974-22A3-4A68-8B4E-14E84A7A50A5
UCEC,TCGA-B5-A11F-01Z-00-DX1.3F1C053D-E81E-4C8D-965D-6F3DE29D9511,uni,UNI,10,Recall@10,1,6,0.6773305535316467,UCEC,TCGA-A5-A0R7-01Z-00-DX1.D21E6974-22A3-4A68-8B4E-14E84A7A50A5
UCEC,TCGA-BG-A0W1-01Z-00-DX1.8E06269C-1278-478B-A128-59FA911B1649,uni,UNI,1,Recall@1,1,1,0.6998405456542969,UCEC,TCGA-A5-A0GX-01Z-00-DX1.7E713D1A-5858-4648-957D-77189E43CFAA
UCEC,TCGA-BG-A0W1-01Z-00-DX1.8E06269C-1278-478B-A128-59FA911B1649,uni,UNI,5,Recall@5,1,3,0.6998405456542969,UCEC,TCGA-A5-A0GX-01Z-00-DX1.7E713D1A-5858-4648-957D-77189E43CFAA
UCEC,TCGA-BG-A0W1-01Z-00-DX1.8E06269C-1278-478B-A128-59FA911B1649,uni,UNI,10,Recall@10,1,6,0.6998405456542969,UCEC,TCGA-A5-A0GX-01Z-00-DX1.7E713D1A-5858-4648-957D-77189E43CFAA
UCEC,TCGA-EY-A1GQ-01Z-00-DX1.03D52C6F-515E-4A4F-A08E-31D773BCC67F,uni,UNI,1,Recall@1,1,1,0.6408906579017639,UCEC,TCGA-AX-A06B-01Z-00-DX2.1757C039-99F7-4087-A9E5-D340AF7220D4
UCEC,TCGA-EY-A1GQ-01Z-00-DX1.03D52C6F-515E-4A4F-A08E-31D773BCC67F,uni,UNI,5,Recall@5,1,1,0.6408906579017639,UCEC,TCGA-AX-A06B-01Z-00-DX2.1757C039-99F7-4087-A9E5-D340AF7220D4
UCEC,TCGA-EY-A1GQ-01Z-00-DX1.03D52C6F-515E-4A4F-A08E-31D773BCC67F,uni,UNI,10,Recall@10,1,3,0.6408906579017639,UCEC,TCGA-AX-A06B-01Z-00-DX2.1757C039-99F7-4087-A9E5-D340AF7220D4
UCEC,TCGA-FI-A2EX-01Z-00-DX1.127F5153-745D-43E6-83CA-DE2738702C62,uni,UNI,1,Recall@1,1,1,0.8515795469284058,UCEC,TCGA-AX-A0J0-01Z-00-DX2.56C668BE-03B8-4B87-A226-AABD97D53C38
UCEC,TCGA-FI-A2EX-01Z-00-DX1.127F5153-745D-43E6-83CA-DE2738702C62,uni,UNI,5,Recall@5,1,4,0.8515795469284058,UCEC,TCGA-AX-A0J0-01Z-00-DX2.56C668BE-03B8-4B87-A226-AABD97D53C38
UCEC,TCGA-FI-A2EX-01Z-00-DX1.127F5153-745D-43E6-83CA-DE2738702C62,uni,UNI,10,Recall@10,1,7,0.8515795469284058,UCEC,TCGA-AX-A0J0-01Z-00-DX2.56C668BE-03B8-4B87-A226-AABD97D53C38
BLCA,TCGA-CF-A3MF-01Z-00-DX1.91768C26-5BB1-4DE6-9737-AA26BD687A75,virchow,Virchow,1,Recall@1,0,0,0.823424756526947,UCEC,TCGA-AX-A06B-01Z-00-DX2.1757C039-99F7-4087-A9E5-D340AF7220D4
BLCA,TCGA-CF-A3MF-01Z-00-DX1.91768C26-5BB1-4DE6-9737-AA26BD687A75,virchow,Virchow,5,Recall@5,1,2,0.823424756526947,UCEC,TCGA-AX-A06B-01Z-00-DX2.1757C039-99F7-4087-A9E5-D340AF7220D4
BLCA,TCGA-CF-A3MF-01Z-00-DX1.91768C26-5BB1-4DE6-9737-AA26BD687A75,virchow,Virchow,10,Recall@10,1,4,0.823424756526947,UCEC,TCGA-AX-A06B-01Z-00-DX2.1757C039-99F7-4087-A9E5-D340AF7220D4
BLCA,TCGA-CU-A0YN-01Z-00-DX1.6C5EAAAF-8F14-49D3-8FFC-9BDAE56CAFD0,virchow,Virchow,1,Recall@1,0,0,0.8809913992881775,LUAD,TCGA-64-5779-01Z-00-DX1.B3268447-DCE0-4927-B5A9-EC4D61E9B17D
BLCA,TCGA-CU-A0YN-01Z-00-DX1.6C5EAAAF-8F14-49D3-8FFC-9BDAE56CAFD0,virchow,Virchow,5,Recall@5,1,1,0.8809913992881775,LUAD,TCGA-64-5779-01Z-00-DX1.B3268447-DCE0-4927-B5A9-EC4D61E9B17D
BLCA,TCGA-CU-A0YN-01Z-00-DX1.6C5EAAAF-8F14-49D3-8FFC-9BDAE56CAFD0,virchow,Virchow,10,Recall@10,1,3,0.8809913992881775,LUAD,TCGA-64-5779-01Z-00-DX1.B3268447-DCE0-4927-B5A9-EC4D61E9B17D
BLCA,TCGA-DK-A6AW-01Z-00-DX1.C2453A8C-8282-443C-9E76-5B6CAD2FE69B,virchow,Virchow,1,Recall@1,0,0,0.8816474676132202,BRCA,TCGA-E2-A14P-01Z-00-DX1.663B02FF-C64B-41A6-8685-FD61CD76F9C6
BLCA,TCGA-DK-A6AW-01Z-00-DX1.C2453A8C-8282-443C-9E76-5B6CAD2FE69B,virchow,Virchow,5,Recall@5,1,1,0.8816474676132202,BRCA,TCGA-E2-A14P-01Z-00-DX1.663B02FF-C64B-41A6-8685-FD61CD76F9C6
BLCA,TCGA-DK-A6AW-01Z-00-DX1.C2453A8C-8282-443C-9E76-5B6CAD2FE69B,virchow,Virchow,10,Recall@10,1,2,0.8816474676132202,BRCA,TCGA-E2-A14P-01Z-00-DX1.663B02FF-C64B-41A6-8685-FD61CD76F9C6
BLCA,TCGA-DK-AA6L-01A-01-TSA.5794F0C6-9ED6-489A-9621-18CCC5935548,virchow,Virchow,1,Recall@1,0,0,0.8484683632850647,STAD,TCGA-BR-A4CQ-01Z-00-DX1.B63282A5-154D-441B-BF96-5BB26CB6D95E
BLCA,TCGA-DK-AA6L-01A-01-TSA.5794F0C6-9ED6-489A-9621-18CCC5935548,virchow,Virchow,5,Recall@5,1,2,0.8484683632850647,STAD,TCGA-BR-A4CQ-01Z-00-DX1.B63282A5-154D-441B-BF96-5BB26CB6D95E
BLCA,TCGA-DK-AA6L-01A-01-TSA.5794F0C6-9ED6-489A-9621-18CCC5935548,virchow,Virchow,10,Recall@10,1,4,0.8484683632850647,STAD,TCGA-BR-A4CQ-01Z-00-DX1.B63282A5-154D-441B-BF96-5BB26CB6D95E
BLCA,TCGA-DK-AA77-01A-01-TSA.26CAF5CB-CC4F-4522-BD2B-343FB70205FE,virchow,Virchow,1,Recall@1,0,0,0.933769702911377,HNSC,TCGA-CN-A6V7-01A-01-TS1.F54912D3-1E21-4605-ACFC-142973524AE2
BLCA,TCGA-DK-AA77-01A-01-TSA.26CAF5CB-CC4F-4522-BD2B-343FB70205FE,virchow,Virchow,5,Recall@5,1,4,0.933769702911377,HNSC,TCGA-CN-A6V7-01A-01-TS1.F54912D3-1E21-4605-ACFC-142973524AE2
BLCA,TCGA-DK-AA77-01A-01-TSA.26CAF5CB-CC4F-4522-BD2B-343FB70205FE,virchow,Virchow,10,Recall@10,1,4,0.933769702911377,HNSC,TCGA-CN-A6V7-01A-01-TS1.F54912D3-1E21-4605-ACFC-142973524AE2
BLCA,TCGA-FD-A6TK-01Z-00-DX1.B685DA87-72A6-4C38-8AA1-40B6E543383C,virchow,Virchow,1,Recall@1,1,1,0.9405079483985901,BLCA,TCGA-XF-A8HB-01Z-00-DX1.D6874152-D20A-4CA4-8E8B-8CBAB5F7D7B5
BLCA,TCGA-FD-A6TK-01Z-00-DX1.B685DA87-72A6-4C38-8AA1-40B6E543383C,virchow,Virchow,5,Recall@5,1,2,0.9405079483985901,BLCA,TCGA-XF-A8HB-01Z-00-DX1.D6874152-D20A-4CA4-8E8B-8CBAB5F7D7B5
BLCA,TCGA-FD-A6TK-01Z-00-DX1.B685DA87-72A6-4C38-8AA1-40B6E543383C,virchow,Virchow,10,Recall@10,1,3,0.9405079483985901,BLCA,TCGA-XF-A8HB-01Z-00-DX1.D6874152-D20A-4CA4-8E8B-8CBAB5F7D7B5
BLCA,TCGA-GU-AATP-01Z-00-DX1.0D8EC37C-88E7-49D5-A76D-F0A4A3FD8AE4,virchow,Virchow,1,Recall@1,1,1,0.921130895614624,BLCA,TCGA-XF-A8HB-01Z-00-DX1.D6874152-D20A-4CA4-8E8B-8CBAB5F7D7B5
BLCA,TCGA-GU-AATP-01Z-00-DX1.0D8EC37C-88E7-49D5-A76D-F0A4A3FD8AE4,virchow,Virchow,5,Recall@5,1,3,0.921130895614624,BLCA,TCGA-XF-A8HB-01Z-00-DX1.D6874152-D20A-4CA4-8E8B-8CBAB5F7D7B5
BLCA,TCGA-GU-AATP-01Z-00-DX1.0D8EC37C-88E7-49D5-A76D-F0A4A3FD8AE4,virchow,Virchow,10,Recall@10,1,4,0.921130895614624,BLCA,TCGA-XF-A8HB-01Z-00-DX1.D6874152-D20A-4CA4-8E8B-8CBAB5F7D7B5
BLCA,TCGA-XF-A8HB-01Z-00-DX1.D6874152-D20A-4CA4-8E8B-8CBAB5F7D7B5,virchow,Virchow,1,Recall@1,1,1,0.9405079483985901,BLCA,TCGA-FD-A6TK-01Z-00-DX1.B685DA87-72A6-4C38-8AA1-40B6E543383C
BLCA,TCGA-XF-A8HB-01Z-00-DX1.D6874152-D20A-4CA4-8E8B-8CBAB5F7D7B5,virchow,Virchow,5,Recall@5,1,3,0.9405079483985901,BLCA,TCGA-FD-A6TK-01Z-00-DX1.B685DA87-72A6-4C38-8AA1-40B6E543383C
BLCA,TCGA-XF-A8HB-01Z-00-DX1.D6874152-D20A-4CA4-8E8B-8CBAB5F7D7B5,virchow,Virchow,10,Recall@10,1,3,0.9405079483985901,BLCA,TCGA-FD-A6TK-01Z-00-DX1.B685DA87-72A6-4C38-8AA1-40B6E543383C
BLCA,TCGA-ZF-A9R1-01Z-00-DX1.74520759-D448-45B5-B8AD-45502C99A519,virchow,Virchow,1,Recall@1,1,1,0.9366699457168579,BLCA,TCGA-FD-A6TK-01Z-00-DX1.B685DA87-72A6-4C38-8AA1-40B6E543383C
BLCA,TCGA-ZF-A9R1-01Z-00-DX1.74520759-D448-45B5-B8AD-45502C99A519,virchow,Virchow,5,Recall@5,1,3,0.9366699457168579,BLCA,TCGA-FD-A6TK-01Z-00-DX1.B685DA87-72A6-4C38-8AA1-40B6E543383C
BLCA,TCGA-ZF-A9R1-01Z-00-DX1.74520759-D448-45B5-B8AD-45502C99A519,virchow,Virchow,10,Recall@10,1,3,0.9366699457168579,BLCA,TCGA-FD-A6TK-01Z-00-DX1.B685DA87-72A6-4C38-8AA1-40B6E543383C
BLCA,TCGA-ZF-AA51-01Z-00-DX1.128C9731-C206-4E71-9A64-864FA9FD7E96,virchow,Virchow,1,Recall@1,0,0,0.8635972738265991,UCEC,TCGA-AX-A06B-01Z-00-DX2.1757C039-99F7-4087-A9E5-D340AF7220D4
BLCA,TCGA-ZF-AA51-01Z-00-DX1.128C9731-C206-4E71-9A64-864FA9FD7E96,virchow,Virchow,5,Recall@5,1,2,0.8635972738265991,UCEC,TCGA-AX-A06B-01Z-00-DX2.1757C039-99F7-4087-A9E5-D340AF7220D4
BLCA,TCGA-ZF-AA51-01Z-00-DX1.128C9731-C206-4E71-9A64-864FA9FD7E96,virchow,Virchow,10,Recall@10,1,4,0.8635972738265991,UCEC,TCGA-AX-A06B-01Z-00-DX2.1757C039-99F7-4087-A9E5-D340AF7220D4
BRCA,TCGA-A7-A2KD-01Z-00-DX1.BFF2DFC8-1D95-4DC2-98FC-5BD7D7C6CDF5,virchow,Virchow,1,Recall@1,0,0,0.9081618189811707,STAD,TCGA-BR-A4CQ-01Z-00-DX1.B63282A5-154D-441B-BF96-5BB26CB6D95E
BRCA,TCGA-A7-A2KD-01Z-00-DX1.BFF2DFC8-1D95-4DC2-98FC-5BD7D7C6CDF5,virchow,Virchow,5,Recall@5,1,2,0.9081618189811707,STAD,TCGA-BR-A4CQ-01Z-00-DX1.B63282A5-154D-441B-BF96-5BB26CB6D95E
BRCA,TCGA-A7-A2KD-01Z-00-DX1.BFF2DFC8-1D95-4DC2-98FC-5BD7D7C6CDF5,virchow,Virchow,10,Recall@10,1,4,0.9081618189811707,STAD,TCGA-BR-A4CQ-01Z-00-DX1.B63282A5-154D-441B-BF96-5BB26CB6D95E
BRCA,TCGA-AN-A0G0-01Z-00-DX1.BE0BB5DF-DEDA-48D8-B5D8-2735C767F28F,virchow,Virchow,1,Recall@1,1,1,0.784737229347229,BRCA,TCGA-AR-A2LK-01Z-00-DX1.FBD59C38-CD4E-4C22-BC74-A57C192A9BBC
BRCA,TCGA-AN-A0G0-01Z-00-DX1.BE0BB5DF-DEDA-48D8-B5D8-2735C767F28F,virchow,Virchow,5,Recall@5,1,1,0.784737229347229,BRCA,TCGA-AR-A2LK-01Z-00-DX1.FBD59C38-CD4E-4C22-BC74-A57C192A9BBC
BRCA,TCGA-AN-A0G0-01Z-00-DX1.BE0BB5DF-DEDA-48D8-B5D8-2735C767F28F,virchow,Virchow,10,Recall@10,1,3,0.784737229347229,BRCA,TCGA-AR-A2LK-01Z-00-DX1.FBD59C38-CD4E-4C22-BC74-A57C192A9BBC
BRCA,TCGA-AQ-A04L-01Z-00-DX1.F35BF4DD-896A-43C2-8DA6-C67945C003BE,virchow,Virchow,1,Recall@1,0,0,0.9204745292663574,BLCA,TCGA-ZF-A9R1-01Z-00-DX1.74520759-D448-45B5-B8AD-45502C99A519
BRCA,TCGA-AQ-A04L-01Z-00-DX1.F35BF4DD-896A-43C2-8DA6-C67945C003BE,virchow,Virchow,5,Recall@5,1,3,0.9204745292663574,BLCA,TCGA-ZF-A9R1-01Z-00-DX1.74520759-D448-45B5-B8AD-45502C99A519
BRCA,TCGA-AQ-A04L-01Z-00-DX1.F35BF4DD-896A-43C2-8DA6-C67945C003BE,virchow,Virchow,10,Recall@10,1,6,0.9204745292663574,BLCA,TCGA-ZF-A9R1-01Z-00-DX1.74520759-D448-45B5-B8AD-45502C99A519
BRCA,TCGA-AR-A2LK-01Z-00-DX1.FBD59C38-CD4E-4C22-BC74-A57C192A9BBC,virchow,Virchow,1,Recall@1,1,1,0.9324548244476318,BRCA,TCGA-AR-A5QM-01Z-00-DX1.A9017CED-FF57-4090-95B9-94DC91854347
BRCA,TCGA-AR-A2LK-01Z-00-DX1.FBD59C38-CD4E-4C22-BC74-A57C192A9BBC,virchow,Virchow,5,Recall@5,1,3,0.9324548244476318,BRCA,TCGA-AR-A5QM-01Z-00-DX1.A9017CED-FF57-4090-95B9-94DC91854347
BRCA,TCGA-AR-A2LK-01Z-00-DX1.FBD59C38-CD4E-4C22-BC74-A57C192A9BBC,virchow,Virchow,10,Recall@10,1,6,0.9324548244476318,BRCA,TCGA-AR-A5QM-01Z-00-DX1.A9017CED-FF57-4090-95B9-94DC91854347
BRCA,TCGA-AR-A5QM-01Z-00-DX1.A9017CED-FF57-4090-95B9-94DC91854347,virchow,Virchow,1,Recall@1,1,1,0.9324548244476318,BRCA,TCGA-AR-A2LK-01Z-00-DX1.FBD59C38-CD4E-4C22-BC74-A57C192A9BBC
BRCA,TCGA-AR-A5QM-01Z-00-DX1.A9017CED-FF57-4090-95B9-94DC91854347,virchow,Virchow,5,Recall@5,1,4,0.9324548244476318,BRCA,TCGA-AR-A2LK-01Z-00-DX1.FBD59C38-CD4E-4C22-BC74-A57C192A9BBC
BRCA,TCGA-AR-A5QM-01Z-00-DX1.A9017CED-FF57-4090-95B9-94DC91854347,virchow,Virchow,10,Recall@10,1,6,0.9324548244476318,BRCA,TCGA-AR-A2LK-01Z-00-DX1.FBD59C38-CD4E-4C22-BC74-A57C192A9BBC
BRCA,TCGA-BH-A0C1-01Z-00-DX1.21FE357E-B182-4397-BFEF-7E96E994236A,virchow,Virchow,1,Recall@1,1,1,0.9294030666351318,BRCA,TCGA-GM-A3XN-01Z-00-DX1.49F5C8AC-0328-4BC2-9FE2-E7150B7A42E2
BRCA,TCGA-BH-A0C1-01Z-00-DX1.21FE357E-B182-4397-BFEF-7E96E994236A,virchow,Virchow,5,Recall@5,1,4,0.9294030666351318,BRCA,TCGA-GM-A3XN-01Z-00-DX1.49F5C8AC-0328-4BC2-9FE2-E7150B7A42E2
BRCA,TCGA-BH-A0C1-01Z-00-DX1.21FE357E-B182-4397-BFEF-7E96E994236A,virchow,Virchow,10,Recall@10,1,7,0.9294030666351318,BRCA,TCGA-GM-A3XN-01Z-00-DX1.49F5C8AC-0328-4BC2-9FE2-E7150B7A42E2
BRCA,TCGA-D8-A1X8-01Z-00-DX1.DDA3866E-C7CC-4650-BE2B-5C9A98A2D531,virchow,Virchow,1,Recall@1,1,1,0.8691956996917725,BRCA,TCGA-GM-A3XN-01Z-00-DX1.49F5C8AC-0328-4BC2-9FE2-E7150B7A42E2
BRCA,TCGA-D8-A1X8-01Z-00-DX1.DDA3866E-C7CC-4650-BE2B-5C9A98A2D531,virchow,Virchow,5,Recall@5,1,4,0.8691956996917725,BRCA,TCGA-GM-A3XN-01Z-00-DX1.49F5C8AC-0328-4BC2-9FE2-E7150B7A42E2
BRCA,TCGA-D8-A1X8-01Z-00-DX1.DDA3866E-C7CC-4650-BE2B-5C9A98A2D531,virchow,Virchow,10,Recall@10,1,7,0.8691956996917725,BRCA,TCGA-GM-A3XN-01Z-00-DX1.49F5C8AC-0328-4BC2-9FE2-E7150B7A42E2
BRCA,TCGA-E2-A14P-01Z-00-DX1.663B02FF-C64B-41A6-8685-FD61CD76F9C6,virchow,Virchow,1,Recall@1,1,1,0.8846791982650757,BRCA,TCGA-AR-A2LK-01Z-00-DX1.FBD59C38-CD4E-4C22-BC74-A57C192A9BBC
BRCA,TCGA-E2-A14P-01Z-00-DX1.663B02FF-C64B-41A6-8685-FD61CD76F9C6,virchow,Virchow,5,Recall@5,1,3,0.8846791982650757,BRCA,TCGA-AR-A2LK-01Z-00-DX1.FBD59C38-CD4E-4C22-BC74-A57C192A9BBC
BRCA,TCGA-E2-A14P-01Z-00-DX1.663B02FF-C64B-41A6-8685-FD61CD76F9C6,virchow,Virchow,10,Recall@10,1,5,0.8846791982650757,BRCA,TCGA-AR-A2LK-01Z-00-DX1.FBD59C38-CD4E-4C22-BC74-A57C192A9BBC
BRCA,TCGA-E2-A1LA-01Z-00-DX1.AE49E943-B830-4ED9-B09E-E499441BC2EC,virchow,Virchow,1,Recall@1,1,1,0.8704450130462646,BRCA,TCGA-BH-A0C1-01Z-00-DX1.21FE357E-B182-4397-BFEF-7E96E994236A
BRCA,TCGA-E2-A1LA-01Z-00-DX1.AE49E943-B830-4ED9-B09E-E499441BC2EC,virchow,Virchow,5,Recall@5,1,3,0.8704450130462646,BRCA,TCGA-BH-A0C1-01Z-00-DX1.21FE357E-B182-4397-BFEF-7E96E994236A
BRCA,TCGA-E2-A1LA-01Z-00-DX1.AE49E943-B830-4ED9-B09E-E499441BC2EC,virchow,Virchow,10,Recall@10,1,6,0.8704450130462646,BRCA,TCGA-BH-A0C1-01Z-00-DX1.21FE357E-B182-4397-BFEF-7E96E994236A
BRCA,TCGA-GM-A3XN-01Z-00-DX1.49F5C8AC-0328-4BC2-9FE2-E7150B7A42E2,virchow,Virchow,1,Recall@1,1,1,0.9294030666351318,BRCA,TCGA-BH-A0C1-01Z-00-DX1.21FE357E-B182-4397-BFEF-7E96E994236A
BRCA,TCGA-GM-A3XN-01Z-00-DX1.49F5C8AC-0328-4BC2-9FE2-E7150B7A42E2,virchow,Virchow,5,Recall@5,1,3,0.9294030666351318,BRCA,TCGA-BH-A0C1-01Z-00-DX1.21FE357E-B182-4397-BFEF-7E96E994236A
BRCA,TCGA-GM-A3XN-01Z-00-DX1.49F5C8AC-0328-4BC2-9FE2-E7150B7A42E2,virchow,Virchow,10,Recall@10,1,6,0.9294030666351318,BRCA,TCGA-BH-A0C1-01Z-00-DX1.21FE357E-B182-4397-BFEF-7E96E994236A
COAD,TCGA-AY-A8YK-01Z-00-DX1.89E3C546-0425-449B-A6FB-1C35168EA7EB,virchow,Virchow,1,Recall@1,0,0,0.8420521020889282,STAD,TCGA-BR-A4CQ-01Z-00-DX1.B63282A5-154D-441B-BF96-5BB26CB6D95E
COAD,TCGA-AY-A8YK-01Z-00-DX1.89E3C546-0425-449B-A6FB-1C35168EA7EB,virchow,Virchow,5,Recall@5,0,0,0.8420521020889282,STAD,TCGA-BR-A4CQ-01Z-00-DX1.B63282A5-154D-441B-BF96-5BB26CB6D95E
COAD,TCGA-AY-A8YK-01Z-00-DX1.89E3C546-0425-449B-A6FB-1C35168EA7EB,virchow,Virchow,10,Recall@10,0,0,0.8420521020889282,STAD,TCGA-BR-A4CQ-01Z-00-DX1.B63282A5-154D-441B-BF96-5BB26CB6D95E
COAD,TCGA-CK-4947-01Z-00-DX1.b257d5fd-b97b-4987-b088-77f044ca7fe2,virchow,Virchow,1,Recall@1,0,0,0.9463750720024109,KIRC,TCGA-B0-5106-01Z-00-DX1.564e51a3-be50-4eed-ba9c-4d478b96ffc6
COAD,TCGA-CK-4947-01Z-00-DX1.b257d5fd-b97b-4987-b088-77f044ca7fe2,virchow,Virchow,5,Recall@5,1,1,0.9463750720024109,KIRC,TCGA-B0-5106-01Z-00-DX1.564e51a3-be50-4eed-ba9c-4d478b96ffc6
COAD,TCGA-CK-4947-01Z-00-DX1.b257d5fd-b97b-4987-b088-77f044ca7fe2,virchow,Virchow,10,Recall@10,1,5,0.9463750720024109,KIRC,TCGA-B0-5106-01Z-00-DX1.564e51a3-be50-4eed-ba9c-4d478b96ffc6
COAD,TCGA-CM-6168-01Z-00-DX1.96af6eb2-9d51-4671-baf8-1a73d0c66869,virchow,Virchow,1,Recall@1,1,1,0.9757477045059204,COAD,TCGA-CM-6169-01Z-00-DX1.0381c243-02b8-4f1d-840c-19ef44d4b92c
COAD,TCGA-CM-6168-01Z-00-DX1.96af6eb2-9d51-4671-baf8-1a73d0c66869,virchow,Virchow,5,Recall@5,1,4,0.9757477045059204,COAD,TCGA-CM-6169-01Z-00-DX1.0381c243-02b8-4f1d-840c-19ef44d4b92c
COAD,TCGA-CM-6168-01Z-00-DX1.96af6eb2-9d51-4671-baf8-1a73d0c66869,virchow,Virchow,10,Recall@10,1,5,0.9757477045059204,COAD,TCGA-CM-6169-01Z-00-DX1.0381c243-02b8-4f1d-840c-19ef44d4b92c
COAD,TCGA-CM-6169-01Z-00-DX1.0381c243-02b8-4f1d-840c-19ef44d4b92c,virchow,Virchow,1,Recall@1,1,1,0.9757477045059204,COAD,TCGA-CM-6168-01Z-00-DX1.96af6eb2-9d51-4671-baf8-1a73d0c66869
COAD,TCGA-CM-6169-01Z-00-DX1.0381c243-02b8-4f1d-840c-19ef44d4b92c,virchow,Virchow,5,Recall@5,1,3,0.9757477045059204,COAD,TCGA-CM-6168-01Z-00-DX1.96af6eb2-9d51-4671-baf8-1a73d0c66869
COAD,TCGA-CM-6169-01Z-00-DX1.0381c243-02b8-4f1d-840c-19ef44d4b92c,virchow,Virchow,10,Recall@10,1,4,0.9757477045059204,COAD,TCGA-CM-6168-01Z-00-DX1.96af6eb2-9d51-4671-baf8-1a73d0c66869
COAD,TCGA-G4-6309-01Z-00-DX1.3eb20fdc-eb86-4bd5-8194-76b02d4fa472,virchow,Virchow,1,Recall@1,1,1,0.9817568063735962,COAD,TCGA-G4-6588-01Z-00-DX1.0747172e-f630-4b7c-9341-55078585ae00
COAD,TCGA-G4-6309-01Z-00-DX1.3eb20fdc-eb86-4bd5-8194-76b02d4fa472,virchow,Virchow,5,Recall@5,1,4,0.9817568063735962,COAD,TCGA-G4-6588-01Z-00-DX1.0747172e-f630-4b7c-9341-55078585ae00
COAD,TCGA-G4-6309-01Z-00-DX1.3eb20fdc-eb86-4bd5-8194-76b02d4fa472,virchow,Virchow,10,Recall@10,1,5,0.9817568063735962,COAD,TCGA-G4-6588-01Z-00-DX1.0747172e-f630-4b7c-9341-55078585ae00
COAD,TCGA-G4-6310-01Z-00-DX1.b88472d4-3adc-4e4d-b0f2-0dc195a3d7df,virchow,Virchow,1,Recall@1,1,1,0.9680851697921753,COAD,TCGA-G4-6309-01Z-00-DX1.3eb20fdc-eb86-4bd5-8194-76b02d4fa472
COAD,TCGA-G4-6310-01Z-00-DX1.b88472d4-3adc-4e4d-b0f2-0dc195a3d7df,virchow,Virchow,5,Recall@5,1,4,0.9680851697921753,COAD,TCGA-G4-6309-01Z-00-DX1.3eb20fdc-eb86-4bd5-8194-76b02d4fa472
COAD,TCGA-G4-6310-01Z-00-DX1.b88472d4-3adc-4e4d-b0f2-0dc195a3d7df,virchow,Virchow,10,Recall@10,1,5,0.9680851697921753,COAD,TCGA-G4-6309-01Z-00-DX1.3eb20fdc-eb86-4bd5-8194-76b02d4fa472
COAD,TCGA-G4-6588-01Z-00-DX1.0747172e-f630-4b7c-9341-55078585ae00,virchow,Virchow,1,Recall@1,1,1,0.9817568063735962,COAD,TCGA-G4-6309-01Z-00-DX1.3eb20fdc-eb86-4bd5-8194-76b02d4fa472
COAD,TCGA-G4-6588-01Z-00-DX1.0747172e-f630-4b7c-9341-55078585ae00,virchow,Virchow,5,Recall@5,1,4,0.9817568063735962,COAD,TCGA-G4-6309-01Z-00-DX1.3eb20fdc-eb86-4bd5-8194-76b02d4fa472
COAD,TCGA-G4-6588-01Z-00-DX1.0747172e-f630-4b7c-9341-55078585ae00,virchow,Virchow,10,Recall@10,1,5,0.9817568063735962,COAD,TCGA-G4-6309-01Z-00-DX1.3eb20fdc-eb86-4bd5-8194-76b02d4fa472
HNSC,TCGA-BA-6871-01Z-00-DX1.4d9ca329-f8d5-4c31-a20f-9d4fba728326,virchow,Virchow,1,Recall@1,0,0,0.9471054077148438,COAD,TCGA-CM-6169-01Z-00-DX1.0381c243-02b8-4f1d-840c-19ef44d4b92c
HNSC,TCGA-BA-6871-01Z-00-DX1.4d9ca329-f8d5-4c31-a20f-9d4fba728326,virchow,Virchow,5,Recall@5,0,0,0.9471054077148438,COAD,TCGA-CM-6169-01Z-00-DX1.0381c243-02b8-4f1d-840c-19ef44d4b92c
HNSC,TCGA-BA-6871-01Z-00-DX1.4d9ca329-f8d5-4c31-a20f-9d4fba728326,virchow,Virchow,10,Recall@10,0,0,0.9471054077148438,COAD,TCGA-CM-6169-01Z-00-DX1.0381c243-02b8-4f1d-840c-19ef44d4b92c
HNSC,TCGA-BA-6872-01Z-00-DX1.F99F6394-D319-4599-B124-D2A6692FA096,virchow,Virchow,1,Recall@1,0,0,0.8940397500991821,KIRC,TCGA-B0-5094-01Z-00-DX1.eac31fe2-09da-4ecf-8e25-c073cbb03295
HNSC,TCGA-BA-6872-01Z-00-DX1.F99F6394-D319-4599-B124-D2A6692FA096,virchow,Virchow,5,Recall@5,0,0,0.8940397500991821,KIRC,TCGA-B0-5094-01Z-00-DX1.eac31fe2-09da-4ecf-8e25-c073cbb03295
HNSC,TCGA-BA-6872-01Z-00-DX1.F99F6394-D319-4599-B124-D2A6692FA096,virchow,Virchow,10,Recall@10,1,1,0.8940397500991821,KIRC,TCGA-B0-5094-01Z-00-DX1.eac31fe2-09da-4ecf-8e25-c073cbb03295
HNSC,TCGA-CN-A6V7-01A-01-TS1.F54912D3-1E21-4605-ACFC-142973524AE2,virchow,Virchow,1,Recall@1,0,0,0.933769702911377,BLCA,TCGA-DK-AA77-01A-01-TSA.26CAF5CB-CC4F-4522-BD2B-343FB70205FE
HNSC,TCGA-CN-A6V7-01A-01-TS1.F54912D3-1E21-4605-ACFC-142973524AE2,virchow,Virchow,5,Recall@5,1,1,0.933769702911377,BLCA,TCGA-DK-AA77-01A-01-TSA.26CAF5CB-CC4F-4522-BD2B-343FB70205FE
HNSC,TCGA-CN-A6V7-01A-01-TS1.F54912D3-1E21-4605-ACFC-142973524AE2,virchow,Virchow,10,Recall@10,1,2,0.933769702911377,BLCA,TCGA-DK-AA77-01A-01-TSA.26CAF5CB-CC4F-4522-BD2B-343FB70205FE
HNSC,TCGA-CV-6935-01Z-00-DX1.9C449CB2-FB6D-41D1-A4A6-3069DC84A697,virchow,Virchow,1,Recall@1,1,1,0.8700812458992004,HNSC,TCGA-CV-A45O-01Z-00-DX1.8CBD0CCC-C815-475D-87F9-76272F4F715B
HNSC,TCGA-CV-6935-01Z-00-DX1.9C449CB2-FB6D-41D1-A4A6-3069DC84A697,virchow,Virchow,5,Recall@5,1,3,0.8700812458992004,HNSC,TCGA-CV-A45O-01Z-00-DX1.8CBD0CCC-C815-475D-87F9-76272F4F715B
HNSC,TCGA-CV-6935-01Z-00-DX1.9C449CB2-FB6D-41D1-A4A6-3069DC84A697,virchow,Virchow,10,Recall@10,1,3,0.8700812458992004,HNSC,TCGA-CV-A45O-01Z-00-DX1.8CBD0CCC-C815-475D-87F9-76272F4F715B
HNSC,TCGA-CV-A45O-01Z-00-DX1.8CBD0CCC-C815-475D-87F9-76272F4F715B,virchow,Virchow,1,Recall@1,1,1,0.8700812458992004,HNSC,TCGA-CV-6935-01Z-00-DX1.9C449CB2-FB6D-41D1-A4A6-3069DC84A697
HNSC,TCGA-CV-A45O-01Z-00-DX1.8CBD0CCC-C815-475D-87F9-76272F4F715B,virchow,Virchow,5,Recall@5,1,4,0.8700812458992004,HNSC,TCGA-CV-6935-01Z-00-DX1.9C449CB2-FB6D-41D1-A4A6-3069DC84A697
HNSC,TCGA-CV-A45O-01Z-00-DX1.8CBD0CCC-C815-475D-87F9-76272F4F715B,virchow,Virchow,10,Recall@10,1,4,0.8700812458992004,HNSC,TCGA-CV-6935-01Z-00-DX1.9C449CB2-FB6D-41D1-A4A6-3069DC84A697
HNSC,TCGA-CV-A6JE-01Z-00-DX1.20137D17-19B3-49FF-9C3D-60933157E409,virchow,Virchow,1,Recall@1,1,1,0.8331499099731445,HNSC,TCGA-CV-A45O-01Z-00-DX1.8CBD0CCC-C815-475D-87F9-76272F4F715B
HNSC,TCGA-CV-A6JE-01Z-00-DX1.20137D17-19B3-49FF-9C3D-60933157E409,virchow,Virchow,5,Recall@5,1,2,0.8331499099731445,HNSC,TCGA-CV-A45O-01Z-00-DX1.8CBD0CCC-C815-475D-87F9-76272F4F715B
HNSC,TCGA-CV-A6JE-01Z-00-DX1.20137D17-19B3-49FF-9C3D-60933157E409,virchow,Virchow,10,Recall@10,1,3,0.8331499099731445,HNSC,TCGA-CV-A45O-01Z-00-DX1.8CBD0CCC-C815-475D-87F9-76272F4F715B
HNSC,TCGA-CV-A6JU-01Z-00-DX1.35A3A1F0-9D6C-4794-B501-E56E48C51DF9,virchow,Virchow,1,Recall@1,1,1,0.8288496136665344,HNSC,TCGA-UF-A719-01Z-00-DX1.4C4ECC2C-C390-4C5E-A709-CF08C113F1A1
HNSC,TCGA-CV-A6JU-01Z-00-DX1.35A3A1F0-9D6C-4794-B501-E56E48C51DF9,virchow,Virchow,5,Recall@5,1,1,0.8288496136665344,HNSC,TCGA-UF-A719-01Z-00-DX1.4C4ECC2C-C390-4C5E-A709-CF08C113F1A1
HNSC,TCGA-CV-A6JU-01Z-00-DX1.35A3A1F0-9D6C-4794-B501-E56E48C51DF9,virchow,Virchow,10,Recall@10,1,2,0.8288496136665344,HNSC,TCGA-UF-A719-01Z-00-DX1.4C4ECC2C-C390-4C5E-A709-CF08C113F1A1
HNSC,TCGA-UF-A719-01Z-00-DX1.4C4ECC2C-C390-4C5E-A709-CF08C113F1A1,virchow,Virchow,1,Recall@1,0,0,0.8695375919342041,BRCA,TCGA-E2-A14P-01Z-00-DX1.663B02FF-C64B-41A6-8685-FD61CD76F9C6
HNSC,TCGA-UF-A719-01Z-00-DX1.4C4ECC2C-C390-4C5E-A709-CF08C113F1A1,virchow,Virchow,5,Recall@5,0,0,0.8695375919342041,BRCA,TCGA-E2-A14P-01Z-00-DX1.663B02FF-C64B-41A6-8685-FD61CD76F9C6
HNSC,TCGA-UF-A719-01Z-00-DX1.4C4ECC2C-C390-4C5E-A709-CF08C113F1A1,virchow,Virchow,10,Recall@10,1,2,0.8695375919342041,BRCA,TCGA-E2-A14P-01Z-00-DX1.663B02FF-C64B-41A6-8685-FD61CD76F9C6
KIRC,TCGA-A3-3346-01Z-00-DX1.95280216-fd71-4a03-b452-6e3d667f2542,virchow,Virchow,1,Recall@1,1,1,0.9431867599487305,KIRC,TCGA-B0-5094-01Z-00-DX1.eac31fe2-09da-4ecf-8e25-c073cbb03295
KIRC,TCGA-A3-3346-01Z-00-DX1.95280216-fd71-4a03-b452-6e3d667f2542,virchow,Virchow,5,Recall@5,1,2,0.9431867599487305,KIRC,TCGA-B0-5094-01Z-00-DX1.eac31fe2-09da-4ecf-8e25-c073cbb03295
KIRC,TCGA-A3-3346-01Z-00-DX1.95280216-fd71-4a03-b452-6e3d667f2542,virchow,Virchow,10,Recall@10,1,3,0.9431867599487305,KIRC,TCGA-B0-5094-01Z-00-DX1.eac31fe2-09da-4ecf-8e25-c073cbb03295
KIRC,TCGA-A3-A8CQ-01Z-00-DX1.78DA0827-5FB8-4B9F-A845-22F85830B5FB,virchow,Virchow,1,Recall@1,1,1,0.9408460855484009,KIRC,TCGA-A3-3346-01Z-00-DX1.95280216-fd71-4a03-b452-6e3d667f2542
KIRC,TCGA-A3-A8CQ-01Z-00-DX1.78DA0827-5FB8-4B9F-A845-22F85830B5FB,virchow,Virchow,5,Recall@5,1,3,0.9408460855484009,KIRC,TCGA-A3-3346-01Z-00-DX1.95280216-fd71-4a03-b452-6e3d667f2542
KIRC,TCGA-A3-A8CQ-01Z-00-DX1.78DA0827-5FB8-4B9F-A845-22F85830B5FB,virchow,Virchow,10,Recall@10,1,4,0.9408460855484009,KIRC,TCGA-A3-3346-01Z-00-DX1.95280216-fd71-4a03-b452-6e3d667f2542
KIRC,TCGA-AK-3444-01Z-00-DX1.1F0E0B47-29FF-456F-800A-539983FDCFAA,virchow,Virchow,1,Recall@1,0,0,0.8479382991790771,LUAD,TCGA-64-5779-01Z-00-DX1.B3268447-DCE0-4927-B5A9-EC4D61E9B17D
KIRC,TCGA-AK-3444-01Z-00-DX1.1F0E0B47-29FF-456F-800A-539983FDCFAA,virchow,Virchow,5,Recall@5,0,0,0.8479382991790771,LUAD,TCGA-64-5779-01Z-00-DX1.B3268447-DCE0-4927-B5A9-EC4D61E9B17D
KIRC,TCGA-AK-3444-01Z-00-DX1.1F0E0B47-29FF-456F-800A-539983FDCFAA,virchow,Virchow,10,Recall@10,1,2,0.8479382991790771,LUAD,TCGA-64-5779-01Z-00-DX1.B3268447-DCE0-4927-B5A9-EC4D61E9B17D
KIRC,TCGA-B0-5094-01Z-00-DX1.eac31fe2-09da-4ecf-8e25-c073cbb03295,virchow,Virchow,1,Recall@1,1,1,0.9431867599487305,KIRC,TCGA-A3-3346-01Z-00-DX1.95280216-fd71-4a03-b452-6e3d667f2542
KIRC,TCGA-B0-5094-01Z-00-DX1.eac31fe2-09da-4ecf-8e25-c073cbb03295,virchow,Virchow,5,Recall@5,1,3,0.9431867599487305,KIRC,TCGA-A3-3346-01Z-00-DX1.95280216-fd71-4a03-b452-6e3d667f2542
KIRC,TCGA-B0-5094-01Z-00-DX1.eac31fe2-09da-4ecf-8e25-c073cbb03295,virchow,Virchow,10,Recall@10,1,5,0.9431867599487305,KIRC,TCGA-A3-3346-01Z-00-DX1.95280216-fd71-4a03-b452-6e3d667f2542
KIRC,TCGA-B0-5106-01Z-00-DX1.564e51a3-be50-4eed-ba9c-4d478b96ffc6,virchow,Virchow,1,Recall@1,1,1,0.9717363119125366,KIRC,TCGA-B0-5711-01Z-00-DX1.6839921f-ec08-4e94-8bf9-4b5a4fcdda45
KIRC,TCGA-B0-5106-01Z-00-DX1.564e51a3-be50-4eed-ba9c-4d478b96ffc6,virchow,Virchow,5,Recall@5,1,2,0.9717363119125366,KIRC,TCGA-B0-5711-01Z-00-DX1.6839921f-ec08-4e94-8bf9-4b5a4fcdda45
KIRC,TCGA-B0-5106-01Z-00-DX1.564e51a3-be50-4eed-ba9c-4d478b96ffc6,virchow,Virchow,10,Recall@10,1,4,0.9717363119125366,KIRC,TCGA-B0-5711-01Z-00-DX1.6839921f-ec08-4e94-8bf9-4b5a4fcdda45
KIRC,TCGA-B0-5711-01Z-00-DX1.6839921f-ec08-4e94-8bf9-4b5a4fcdda45,virchow,Virchow,1,Recall@1,1,1,0.9717363119125366,KIRC,TCGA-B0-5106-01Z-00-DX1.564e51a3-be50-4eed-ba9c-4d478b96ffc6
KIRC,TCGA-B0-5711-01Z-00-DX1.6839921f-ec08-4e94-8bf9-4b5a4fcdda45,virchow,Virchow,5,Recall@5,1,3,0.9717363119125366,KIRC,TCGA-B0-5106-01Z-00-DX1.564e51a3-be50-4eed-ba9c-4d478b96ffc6
KIRC,TCGA-B0-5711-01Z-00-DX1.6839921f-ec08-4e94-8bf9-4b5a4fcdda45,virchow,Virchow,10,Recall@10,1,5,0.9717363119125366,KIRC,TCGA-B0-5106-01Z-00-DX1.564e51a3-be50-4eed-ba9c-4d478b96ffc6
KIRC,TCGA-B2-5633-01Z-00-DX1.c55a29ca-468e-46de-9ff5-a51f46fe09fd,virchow,Virchow,1,Recall@1,1,1,0.9274866580963135,KIRC,TCGA-A3-A8CQ-01Z-00-DX1.78DA0827-5FB8-4B9F-A845-22F85830B5FB
KIRC,TCGA-B2-5633-01Z-00-DX1.c55a29ca-468e-46de-9ff5-a51f46fe09fd,virchow,Virchow,5,Recall@5,1,5,0.9274866580963135,KIRC,TCGA-A3-A8CQ-01Z-00-DX1.78DA0827-5FB8-4B9F-A845-22F85830B5FB
KIRC,TCGA-B2-5633-01Z-00-DX1.c55a29ca-468e-46de-9ff5-a51f46fe09fd,virchow,Virchow,10,Recall@10,1,6,0.9274866580963135,KIRC,TCGA-A3-A8CQ-01Z-00-DX1.78DA0827-5FB8-4B9F-A845-22F85830B5FB
KIRC,TCGA-BP-4991-01Z-00-DX1.71305f5c-ca59-48fa-bb82-4b441c1fffdc,virchow,Virchow,1,Recall@1,1,1,0.9561644792556763,KIRC,TCGA-B0-5106-01Z-00-DX1.564e51a3-be50-4eed-ba9c-4d478b96ffc6
KIRC,TCGA-BP-4991-01Z-00-DX1.71305f5c-ca59-48fa-bb82-4b441c1fffdc,virchow,Virchow,5,Recall@5,1,3,0.9561644792556763,KIRC,TCGA-B0-5106-01Z-00-DX1.564e51a3-be50-4eed-ba9c-4d478b96ffc6
KIRC,TCGA-BP-4991-01Z-00-DX1.71305f5c-ca59-48fa-bb82-4b441c1fffdc,virchow,Virchow,10,Recall@10,1,4,0.9561644792556763,KIRC,TCGA-B0-5106-01Z-00-DX1.564e51a3-be50-4eed-ba9c-4d478b96ffc6
KIRC,TCGA-BP-5201-01Z-00-DX1.d1a9878e-bb97-48fb-9098-9d9337f06250,virchow,Virchow,1,Recall@1,0,0,0.8085803985595703,LUAD,TCGA-78-7163-01Z-00-DX1.42880bdf-271d-41dd-aada-e7ec1156ff31
KIRC,TCGA-BP-5201-01Z-00-DX1.d1a9878e-bb97-48fb-9098-9d9337f06250,virchow,Virchow,5,Recall@5,1,2,0.8085803985595703,LUAD,TCGA-78-7163-01Z-00-DX1.42880bdf-271d-41dd-aada-e7ec1156ff31
KIRC,TCGA-BP-5201-01Z-00-DX1.d1a9878e-bb97-48fb-9098-9d9337f06250,virchow,Virchow,10,Recall@10,1,5,0.8085803985595703,LUAD,TCGA-78-7163-01Z-00-DX1.42880bdf-271d-41dd-aada-e7ec1156ff31
LUAD,TCGA-55-6986-01Z-00-DX1.ae52d41e-3cd6-4d36-b04b-2ea7d29bd8da,virchow,Virchow,1,Recall@1,0,0,0.9460574984550476,COAD,TCGA-G4-6588-01Z-00-DX1.0747172e-f630-4b7c-9341-55078585ae00
LUAD,TCGA-55-6986-01Z-00-DX1.ae52d41e-3cd6-4d36-b04b-2ea7d29bd8da,virchow,Virchow,5,Recall@5,0,0,0.9460574984550476,COAD,TCGA-G4-6588-01Z-00-DX1.0747172e-f630-4b7c-9341-55078585ae00
LUAD,TCGA-55-6986-01Z-00-DX1.ae52d41e-3cd6-4d36-b04b-2ea7d29bd8da,virchow,Virchow,10,Recall@10,1,1,0.9460574984550476,COAD,TCGA-G4-6588-01Z-00-DX1.0747172e-f630-4b7c-9341-55078585ae00
LUAD,TCGA-64-5779-01Z-00-DX1.B3268447-DCE0-4927-B5A9-EC4D61E9B17D,virchow,Virchow,1,Recall@1,0,0,0.8809913992881775,BLCA,TCGA-CU-A0YN-01Z-00-DX1.6C5EAAAF-8F14-49D3-8FFC-9BDAE56CAFD0
LUAD,TCGA-64-5779-01Z-00-DX1.B3268447-DCE0-4927-B5A9-EC4D61E9B17D,virchow,Virchow,5,Recall@5,0,0,0.8809913992881775,BLCA,TCGA-CU-A0YN-01Z-00-DX1.6C5EAAAF-8F14-49D3-8FFC-9BDAE56CAFD0
LUAD,TCGA-64-5779-01Z-00-DX1.B3268447-DCE0-4927-B5A9-EC4D61E9B17D,virchow,Virchow,10,Recall@10,0,0,0.8809913992881775,BLCA,TCGA-CU-A0YN-01Z-00-DX1.6C5EAAAF-8F14-49D3-8FFC-9BDAE56CAFD0
LUAD,TCGA-78-7158-01Z-00-DX1.74db3dcd-2715-4ce7-8e48-30c8b7946ba0,virchow,Virchow,1,Recall@1,0,0,0.9301213622093201,COAD,TCGA-CK-4947-01Z-00-DX1.b257d5fd-b97b-4987-b088-77f044ca7fe2
LUAD,TCGA-78-7158-01Z-00-DX1.74db3dcd-2715-4ce7-8e48-30c8b7946ba0,virchow,Virchow,5,Recall@5,1,1,0.9301213622093201,COAD,TCGA-CK-4947-01Z-00-DX1.b257d5fd-b97b-4987-b088-77f044ca7fe2
LUAD,TCGA-78-7158-01Z-00-DX1.74db3dcd-2715-4ce7-8e48-30c8b7946ba0,virchow,Virchow,10,Recall@10,1,3,0.9301213622093201,COAD,TCGA-CK-4947-01Z-00-DX1.b257d5fd-b97b-4987-b088-77f044ca7fe2
LUAD,TCGA-78-7163-01Z-00-DX1.42880bdf-271d-41dd-aada-e7ec1156ff31,virchow,Virchow,1,Recall@1,0,0,0.890241801738739,KIRC,TCGA-B2-5633-01Z-00-DX1.c55a29ca-468e-46de-9ff5-a51f46fe09fd
LUAD,TCGA-78-7163-01Z-00-DX1.42880bdf-271d-41dd-aada-e7ec1156ff31,virchow,Virchow,5,Recall@5,1,1,0.890241801738739,KIRC,TCGA-B2-5633-01Z-00-DX1.c55a29ca-468e-46de-9ff5-a51f46fe09fd
LUAD,TCGA-78-7163-01Z-00-DX1.42880bdf-271d-41dd-aada-e7ec1156ff31,virchow,Virchow,10,Recall@10,1,1,0.890241801738739,KIRC,TCGA-B2-5633-01Z-00-DX1.c55a29ca-468e-46de-9ff5-a51f46fe09fd
LUAD,TCGA-78-7536-01Z-00-DX1.6b066140-8b82-40a5-bd48-430eeb4463fe,virchow,Virchow,1,Recall@1,0,0,0.9215689301490784,COAD,TCGA-CM-6169-01Z-00-DX1.0381c243-02b8-4f1d-840c-19ef44d4b92c
LUAD,TCGA-78-7536-01Z-00-DX1.6b066140-8b82-40a5-bd48-430eeb4463fe,virchow,Virchow,5,Recall@5,1,1,0.9215689301490784,COAD,TCGA-CM-6169-01Z-00-DX1.0381c243-02b8-4f1d-840c-19ef44d4b92c
LUAD,TCGA-78-7536-01Z-00-DX1.6b066140-8b82-40a5-bd48-430eeb4463fe,virchow,Virchow,10,Recall@10,1,2,0.9215689301490784,COAD,TCGA-CM-6169-01Z-00-DX1.0381c243-02b8-4f1d-840c-19ef44d4b92c
LUAD,TCGA-86-8668-01Z-00-DX1.d720d486-02c7-4f98-8feb-e0e50a12c158,virchow,Virchow,1,Recall@1,0,0,0.94401615858078,STAD,TCGA-BR-6452-01Z-00-DX1.aec8246e-9dce-436d-9faa-df8fa1f6e47c
LUAD,TCGA-86-8668-01Z-00-DX1.d720d486-02c7-4f98-8feb-e0e50a12c158,virchow,Virchow,5,Recall@5,1,2,0.94401615858078,STAD,TCGA-BR-6452-01Z-00-DX1.aec8246e-9dce-436d-9faa-df8fa1f6e47c
LUAD,TCGA-86-8668-01Z-00-DX1.d720d486-02c7-4f98-8feb-e0e50a12c158,virchow,Virchow,10,Recall@10,1,2,0.94401615858078,STAD,TCGA-BR-6452-01Z-00-DX1.aec8246e-9dce-436d-9faa-df8fa1f6e47c
LUAD,TCGA-97-A4LX-01Z-00-DX1.B2334672-A626-4E74-B4D1-A79F70F65909,virchow,Virchow,1,Recall@1,1,1,0.9155313372612,LUAD,TCGA-97-A4M2-01Z-00-DX1.5C72522C-1538-4D68-B517-5FB05A9D401A
LUAD,TCGA-97-A4LX-01Z-00-DX1.B2334672-A626-4E74-B4D1-A79F70F65909,virchow,Virchow,5,Recall@5,1,2,0.9155313372612,LUAD,TCGA-97-A4M2-01Z-00-DX1.5C72522C-1538-4D68-B517-5FB05A9D401A
LUAD,TCGA-97-A4LX-01Z-00-DX1.B2334672-A626-4E74-B4D1-A79F70F65909,virchow,Virchow,10,Recall@10,1,3,0.9155313372612,LUAD,TCGA-97-A4M2-01Z-00-DX1.5C72522C-1538-4D68-B517-5FB05A9D401A
LUAD,TCGA-97-A4M2-01Z-00-DX1.5C72522C-1538-4D68-B517-5FB05A9D401A,virchow,Virchow,1,Recall@1,1,1,0.9155313372612,LUAD,TCGA-97-A4LX-01Z-00-DX1.B2334672-A626-4E74-B4D1-A79F70F65909
LUAD,TCGA-97-A4M2-01Z-00-DX1.5C72522C-1538-4D68-B517-5FB05A9D401A,virchow,Virchow,5,Recall@5,1,2,0.9155313372612,LUAD,TCGA-97-A4LX-01Z-00-DX1.B2334672-A626-4E74-B4D1-A79F70F65909
LUAD,TCGA-97-A4M2-01Z-00-DX1.5C72522C-1538-4D68-B517-5FB05A9D401A,virchow,Virchow,10,Recall@10,1,2,0.9155313372612,LUAD,TCGA-97-A4LX-01Z-00-DX1.B2334672-A626-4E74-B4D1-A79F70F65909
LUAD,TCGA-J2-A4AE-01Z-00-DX1.42C5DE4A-7787-4E59-8969-D12503262C96,virchow,Virchow,1,Recall@1,1,1,0.901902437210083,LUAD,TCGA-97-A4LX-01Z-00-DX1.B2334672-A626-4E74-B4D1-A79F70F65909
LUAD,TCGA-J2-A4AE-01Z-00-DX1.42C5DE4A-7787-4E59-8969-D12503262C96,virchow,Virchow,5,Recall@5,1,2,0.901902437210083,LUAD,TCGA-97-A4LX-01Z-00-DX1.B2334672-A626-4E74-B4D1-A79F70F65909
LUAD,TCGA-J2-A4AE-01Z-00-DX1.42C5DE4A-7787-4E59-8969-D12503262C96,virchow,Virchow,10,Recall@10,1,3,0.901902437210083,LUAD,TCGA-97-A4LX-01Z-00-DX1.B2334672-A626-4E74-B4D1-A79F70F65909
STAD,TCGA-BR-6452-01Z-00-DX1.aec8246e-9dce-436d-9faa-df8fa1f6e47c,virchow,Virchow,1,Recall@1,0,0,0.94401615858078,LUAD,TCGA-86-8668-01Z-00-DX1.d720d486-02c7-4f98-8feb-e0e50a12c158
STAD,TCGA-BR-6452-01Z-00-DX1.aec8246e-9dce-436d-9faa-df8fa1f6e47c,virchow,Virchow,5,Recall@5,1,1,0.94401615858078,LUAD,TCGA-86-8668-01Z-00-DX1.d720d486-02c7-4f98-8feb-e0e50a12c158
STAD,TCGA-BR-6452-01Z-00-DX1.aec8246e-9dce-436d-9faa-df8fa1f6e47c,virchow,Virchow,10,Recall@10,1,2,0.94401615858078,LUAD,TCGA-86-8668-01Z-00-DX1.d720d486-02c7-4f98-8feb-e0e50a12c158
STAD,TCGA-BR-6454-01Z-00-DX1.63fb6280-2b43-49b2-960a-eb9c0e8b617c,virchow,Virchow,1,Recall@1,1,1,0.9367592930793762,STAD,TCGA-BR-6452-01Z-00-DX1.aec8246e-9dce-436d-9faa-df8fa1f6e47c
STAD,TCGA-BR-6454-01Z-00-DX1.63fb6280-2b43-49b2-960a-eb9c0e8b617c,virchow,Virchow,5,Recall@5,1,1,0.9367592930793762,STAD,TCGA-BR-6452-01Z-00-DX1.aec8246e-9dce-436d-9faa-df8fa1f6e47c
STAD,TCGA-BR-6454-01Z-00-DX1.63fb6280-2b43-49b2-960a-eb9c0e8b617c,virchow,Virchow,10,Recall@10,1,2,0.9367592930793762,STAD,TCGA-BR-6452-01Z-00-DX1.aec8246e-9dce-436d-9faa-df8fa1f6e47c
STAD,TCGA-BR-A4CQ-01Z-00-DX1.B63282A5-154D-441B-BF96-5BB26CB6D95E,virchow,Virchow,1,Recall@1,0,0,0.9124516844749451,UCEC,TCGA-AX-A06B-01Z-00-DX2.1757C039-99F7-4087-A9E5-D340AF7220D4
STAD,TCGA-BR-A4CQ-01Z-00-DX1.B63282A5-154D-441B-BF96-5BB26CB6D95E,virchow,Virchow,5,Recall@5,1,1,0.9124516844749451,UCEC,TCGA-AX-A06B-01Z-00-DX2.1757C039-99F7-4087-A9E5-D340AF7220D4
STAD,TCGA-BR-A4CQ-01Z-00-DX1.B63282A5-154D-441B-BF96-5BB26CB6D95E,virchow,Virchow,10,Recall@10,1,1,0.9124516844749451,UCEC,TCGA-AX-A06B-01Z-00-DX2.1757C039-99F7-4087-A9E5-D340AF7220D4
STAD,TCGA-CD-A487-01Z-00-DX1.A026BD2F-B721-4340-83D5-7AA39227C90F,virchow,Virchow,1,Recall@1,1,1,0.9112374782562256,STAD,TCGA-VQ-A8PY-01Z-00-DX1.EA2C7386-012A-442A-95B3-FFA12BD2684D
STAD,TCGA-CD-A487-01Z-00-DX1.A026BD2F-B721-4340-83D5-7AA39227C90F,virchow,Virchow,5,Recall@5,1,1,0.9112374782562256,STAD,TCGA-VQ-A8PY-01Z-00-DX1.EA2C7386-012A-442A-95B3-FFA12BD2684D
STAD,TCGA-CD-A487-01Z-00-DX1.A026BD2F-B721-4340-83D5-7AA39227C90F,virchow,Virchow,10,Recall@10,1,2,0.9112374782562256,STAD,TCGA-VQ-A8PY-01Z-00-DX1.EA2C7386-012A-442A-95B3-FFA12BD2684D
STAD,TCGA-FP-8209-01Z-00-DX1.a5e13081-1631-44d4-8d6a-c229a22c2311,virchow,Virchow,1,Recall@1,0,0,0.9514132142066956,COAD,TCGA-G4-6309-01Z-00-DX1.3eb20fdc-eb86-4bd5-8194-76b02d4fa472
STAD,TCGA-FP-8209-01Z-00-DX1.a5e13081-1631-44d4-8d6a-c229a22c2311,virchow,Virchow,5,Recall@5,0,0,0.9514132142066956,COAD,TCGA-G4-6309-01Z-00-DX1.3eb20fdc-eb86-4bd5-8194-76b02d4fa472
STAD,TCGA-FP-8209-01Z-00-DX1.a5e13081-1631-44d4-8d6a-c229a22c2311,virchow,Virchow,10,Recall@10,1,1,0.9514132142066956,COAD,TCGA-G4-6309-01Z-00-DX1.3eb20fdc-eb86-4bd5-8194-76b02d4fa472
STAD,TCGA-SW-A7EA-01Z-00-DX1.C5E1BE0E-0A25-4480-A3AC-DB2ED7471A4E,virchow,Virchow,1,Recall@1,1,1,0.840509295463562,STAD,TCGA-BR-A4CQ-01Z-00-DX1.B63282A5-154D-441B-BF96-5BB26CB6D95E
STAD,TCGA-SW-A7EA-01Z-00-DX1.C5E1BE0E-0A25-4480-A3AC-DB2ED7471A4E,virchow,Virchow,5,Recall@5,1,1,0.840509295463562,STAD,TCGA-BR-A4CQ-01Z-00-DX1.B63282A5-154D-441B-BF96-5BB26CB6D95E
STAD,TCGA-SW-A7EA-01Z-00-DX1.C5E1BE0E-0A25-4480-A3AC-DB2ED7471A4E,virchow,Virchow,10,Recall@10,1,2,0.840509295463562,STAD,TCGA-BR-A4CQ-01Z-00-DX1.B63282A5-154D-441B-BF96-5BB26CB6D95E
STAD,TCGA-VQ-A8PY-01Z-00-DX1.EA2C7386-012A-442A-95B3-FFA12BD2684D,virchow,Virchow,1,Recall@1,1,1,0.9112374782562256,STAD,TCGA-CD-A487-01Z-00-DX1.A026BD2F-B721-4340-83D5-7AA39227C90F
STAD,TCGA-VQ-A8PY-01Z-00-DX1.EA2C7386-012A-442A-95B3-FFA12BD2684D,virchow,Virchow,5,Recall@5,1,2,0.9112374782562256,STAD,TCGA-CD-A487-01Z-00-DX1.A026BD2F-B721-4340-83D5-7AA39227C90F
STAD,TCGA-VQ-A8PY-01Z-00-DX1.EA2C7386-012A-442A-95B3-FFA12BD2684D,virchow,Virchow,10,Recall@10,1,2,0.9112374782562256,STAD,TCGA-CD-A487-01Z-00-DX1.A026BD2F-B721-4340-83D5-7AA39227C90F
STAD,TCGA-VQ-A924-01Z-00-DX1.736B41F3-9678-4FAF-AE86-FCAC4F6DCBD3,virchow,Virchow,1,Recall@1,0,0,0.8534819483757019,UCEC,TCGA-AX-A06B-01Z-00-DX2.1757C039-99F7-4087-A9E5-D340AF7220D4
STAD,TCGA-VQ-A924-01Z-00-DX1.736B41F3-9678-4FAF-AE86-FCAC4F6DCBD3,virchow,Virchow,5,Recall@5,1,1,0.8534819483757019,UCEC,TCGA-AX-A06B-01Z-00-DX2.1757C039-99F7-4087-A9E5-D340AF7220D4
STAD,TCGA-VQ-A924-01Z-00-DX1.736B41F3-9678-4FAF-AE86-FCAC4F6DCBD3,virchow,Virchow,10,Recall@10,1,3,0.8534819483757019,UCEC,TCGA-AX-A06B-01Z-00-DX2.1757C039-99F7-4087-A9E5-D340AF7220D4
STAD,TCGA-ZQ-A9CR-01Z-00-DX1.C9AC9991-7054-4068-A7AA-9D1EB7F040A3,virchow,Virchow,1,Recall@1,0,0,0.9573887586593628,KIRC,TCGA-B0-5106-01Z-00-DX1.564e51a3-be50-4eed-ba9c-4d478b96ffc6
STAD,TCGA-ZQ-A9CR-01Z-00-DX1.C9AC9991-7054-4068-A7AA-9D1EB7F040A3,virchow,Virchow,5,Recall@5,1,1,0.9573887586593628,KIRC,TCGA-B0-5106-01Z-00-DX1.564e51a3-be50-4eed-ba9c-4d478b96ffc6
STAD,TCGA-ZQ-A9CR-01Z-00-DX1.C9AC9991-7054-4068-A7AA-9D1EB7F040A3,virchow,Virchow,10,Recall@10,1,1,0.9573887586593628,KIRC,TCGA-B0-5106-01Z-00-DX1.564e51a3-be50-4eed-ba9c-4d478b96ffc6
UCEC,TCGA-A5-A0GX-01Z-00-DX1.7E713D1A-5858-4648-957D-77189E43CFAA,virchow,Virchow,1,Recall@1,1,1,0.9275462627410889,UCEC,TCGA-A5-A0R7-01Z-00-DX1.D21E6974-22A3-4A68-8B4E-14E84A7A50A5
UCEC,TCGA-A5-A0GX-01Z-00-DX1.7E713D1A-5858-4648-957D-77189E43CFAA,virchow,Virchow,5,Recall@5,1,5,0.9275462627410889,UCEC,TCGA-A5-A0R7-01Z-00-DX1.D21E6974-22A3-4A68-8B4E-14E84A7A50A5
UCEC,TCGA-A5-A0GX-01Z-00-DX1.7E713D1A-5858-4648-957D-77189E43CFAA,virchow,Virchow,10,Recall@10,1,7,0.9275462627410889,UCEC,TCGA-A5-A0R7-01Z-00-DX1.D21E6974-22A3-4A68-8B4E-14E84A7A50A5
UCEC,TCGA-A5-A0R7-01Z-00-DX1.D21E6974-22A3-4A68-8B4E-14E84A7A50A5,virchow,Virchow,1,Recall@1,1,1,0.9275462627410889,UCEC,TCGA-A5-A0GX-01Z-00-DX1.7E713D1A-5858-4648-957D-77189E43CFAA
UCEC,TCGA-A5-A0R7-01Z-00-DX1.D21E6974-22A3-4A68-8B4E-14E84A7A50A5,virchow,Virchow,5,Recall@5,1,5,0.9275462627410889,UCEC,TCGA-A5-A0GX-01Z-00-DX1.7E713D1A-5858-4648-957D-77189E43CFAA
UCEC,TCGA-A5-A0R7-01Z-00-DX1.D21E6974-22A3-4A68-8B4E-14E84A7A50A5,virchow,Virchow,10,Recall@10,1,5,0.9275462627410889,UCEC,TCGA-A5-A0GX-01Z-00-DX1.7E713D1A-5858-4648-957D-77189E43CFAA
UCEC,TCGA-AX-A05U-01Z-00-DX1.1EBFC727-B5D5-4543-BBA9-4254ABD3D584,virchow,Virchow,1,Recall@1,1,1,0.9197835922241211,UCEC,TCGA-A5-A0GX-01Z-00-DX1.7E713D1A-5858-4648-957D-77189E43CFAA
UCEC,TCGA-AX-A05U-01Z-00-DX1.1EBFC727-B5D5-4543-BBA9-4254ABD3D584,virchow,Virchow,5,Recall@5,1,5,0.9197835922241211,UCEC,TCGA-A5-A0GX-01Z-00-DX1.7E713D1A-5858-4648-957D-77189E43CFAA
UCEC,TCGA-AX-A05U-01Z-00-DX1.1EBFC727-B5D5-4543-BBA9-4254ABD3D584,virchow,Virchow,10,Recall@10,1,7,0.9197835922241211,UCEC,TCGA-A5-A0GX-01Z-00-DX1.7E713D1A-5858-4648-957D-77189E43CFAA
UCEC,TCGA-AX-A06B-01Z-00-DX2.1757C039-99F7-4087-A9E5-D340AF7220D4,virchow,Virchow,1,Recall@1,0,0,0.9124516844749451,STAD,TCGA-BR-A4CQ-01Z-00-DX1.B63282A5-154D-441B-BF96-5BB26CB6D95E
UCEC,TCGA-AX-A06B-01Z-00-DX2.1757C039-99F7-4087-A9E5-D340AF7220D4,virchow,Virchow,5,Recall@5,1,3,0.9124516844749451,STAD,TCGA-BR-A4CQ-01Z-00-DX1.B63282A5-154D-441B-BF96-5BB26CB6D95E
UCEC,TCGA-AX-A06B-01Z-00-DX2.1757C039-99F7-4087-A9E5-D340AF7220D4,virchow,Virchow,10,Recall@10,1,3,0.9124516844749451,STAD,TCGA-BR-A4CQ-01Z-00-DX1.B63282A5-154D-441B-BF96-5BB26CB6D95E
UCEC,TCGA-AX-A0J0-01Z-00-DX2.56C668BE-03B8-4B87-A226-AABD97D53C38,virchow,Virchow,1,Recall@1,1,1,0.9506061673164368,UCEC,TCGA-FI-A2EX-01Z-00-DX1.127F5153-745D-43E6-83CA-DE2738702C62
UCEC,TCGA-AX-A0J0-01Z-00-DX2.56C668BE-03B8-4B87-A226-AABD97D53C38,virchow,Virchow,5,Recall@5,1,4,0.9506061673164368,UCEC,TCGA-FI-A2EX-01Z-00-DX1.127F5153-745D-43E6-83CA-DE2738702C62
UCEC,TCGA-AX-A0J0-01Z-00-DX2.56C668BE-03B8-4B87-A226-AABD97D53C38,virchow,Virchow,10,Recall@10,1,7,0.9506061673164368,UCEC,TCGA-FI-A2EX-01Z-00-DX1.127F5153-745D-43E6-83CA-DE2738702C62
UCEC,TCGA-B5-A11F-01Z-00-DX1.3F1C053D-E81E-4C8D-965D-6F3DE29D9511,virchow,Virchow,1,Recall@1,1,1,0.8518495559692383,UCEC,TCGA-BG-A0W1-01Z-00-DX1.8E06269C-1278-478B-A128-59FA911B1649
UCEC,TCGA-B5-A11F-01Z-00-DX1.3F1C053D-E81E-4C8D-965D-6F3DE29D9511,virchow,Virchow,5,Recall@5,1,5,0.8518495559692383,UCEC,TCGA-BG-A0W1-01Z-00-DX1.8E06269C-1278-478B-A128-59FA911B1649
UCEC,TCGA-B5-A11F-01Z-00-DX1.3F1C053D-E81E-4C8D-965D-6F3DE29D9511,virchow,Virchow,10,Recall@10,1,7,0.8518495559692383,UCEC,TCGA-BG-A0W1-01Z-00-DX1.8E06269C-1278-478B-A128-59FA911B1649
UCEC,TCGA-BG-A0W1-01Z-00-DX1.8E06269C-1278-478B-A128-59FA911B1649,virchow,Virchow,1,Recall@1,1,1,0.8968072533607483,UCEC,TCGA-A5-A0GX-01Z-00-DX1.7E713D1A-5858-4648-957D-77189E43CFAA
UCEC,TCGA-BG-A0W1-01Z-00-DX1.8E06269C-1278-478B-A128-59FA911B1649,virchow,Virchow,5,Recall@5,1,5,0.8968072533607483,UCEC,TCGA-A5-A0GX-01Z-00-DX1.7E713D1A-5858-4648-957D-77189E43CFAA
UCEC,TCGA-BG-A0W1-01Z-00-DX1.8E06269C-1278-478B-A128-59FA911B1649,virchow,Virchow,10,Recall@10,1,8,0.8968072533607483,UCEC,TCGA-A5-A0GX-01Z-00-DX1.7E713D1A-5858-4648-957D-77189E43CFAA
UCEC,TCGA-EY-A1GQ-01Z-00-DX1.03D52C6F-515E-4A4F-A08E-31D773BCC67F,virchow,Virchow,1,Recall@1,1,1,0.8821485638618469,UCEC,TCGA-AX-A06B-01Z-00-DX2.1757C039-99F7-4087-A9E5-D340AF7220D4
UCEC,TCGA-EY-A1GQ-01Z-00-DX1.03D52C6F-515E-4A4F-A08E-31D773BCC67F,virchow,Virchow,5,Recall@5,1,2,0.8821485638618469,UCEC,TCGA-AX-A06B-01Z-00-DX2.1757C039-99F7-4087-A9E5-D340AF7220D4
UCEC,TCGA-EY-A1GQ-01Z-00-DX1.03D52C6F-515E-4A4F-A08E-31D773BCC67F,virchow,Virchow,10,Recall@10,1,2,0.8821485638618469,UCEC,TCGA-AX-A06B-01Z-00-DX2.1757C039-99F7-4087-A9E5-D340AF7220D4
UCEC,TCGA-FI-A2EX-01Z-00-DX1.127F5153-745D-43E6-83CA-DE2738702C62,virchow,Virchow,1,Recall@1,1,1,0.9506061673164368,UCEC,TCGA-AX-A0J0-01Z-00-DX2.56C668BE-03B8-4B87-A226-AABD97D53C38
UCEC,TCGA-FI-A2EX-01Z-00-DX1.127F5153-745D-43E6-83CA-DE2738702C62,virchow,Virchow,5,Recall@5,1,5,0.9506061673164368,UCEC,TCGA-AX-A0J0-01Z-00-DX2.56C668BE-03B8-4B87-A226-AABD97D53C38
UCEC,TCGA-FI-A2EX-01Z-00-DX1.127F5153-745D-43E6-83CA-DE2738702C62,virchow,Virchow,10,Recall@10,1,6,0.9506061673164368,UCEC,TCGA-AX-A0J0-01Z-00-DX2.56C668BE-03B8-4B87-A226-AABD97D53C38
BLCA,TCGA-CF-A3MF-01Z-00-DX1.91768C26-5BB1-4DE6-9737-AA26BD687A75,virchow2,Virchow2,1,Recall@1,0,0,0.6895227432250977,LUAD,TCGA-64-5779-01Z-00-DX1.B3268447-DCE0-4927-B5A9-EC4D61E9B17D
BLCA,TCGA-CF-A3MF-01Z-00-DX1.91768C26-5BB1-4DE6-9737-AA26BD687A75,virchow2,Virchow2,5,Recall@5,1,1,0.6895227432250977,LUAD,TCGA-64-5779-01Z-00-DX1.B3268447-DCE0-4927-B5A9-EC4D61E9B17D
BLCA,TCGA-CF-A3MF-01Z-00-DX1.91768C26-5BB1-4DE6-9737-AA26BD687A75,virchow2,Virchow2,10,Recall@10,1,2,0.6895227432250977,LUAD,TCGA-64-5779-01Z-00-DX1.B3268447-DCE0-4927-B5A9-EC4D61E9B17D
BLCA,TCGA-CU-A0YN-01Z-00-DX1.6C5EAAAF-8F14-49D3-8FFC-9BDAE56CAFD0,virchow2,Virchow2,1,Recall@1,0,0,0.8423526883125305,HNSC,TCGA-BA-6871-01Z-00-DX1.4d9ca329-f8d5-4c31-a20f-9d4fba728326
BLCA,TCGA-CU-A0YN-01Z-00-DX1.6C5EAAAF-8F14-49D3-8FFC-9BDAE56CAFD0,virchow2,Virchow2,5,Recall@5,1,2,0.8423526883125305,HNSC,TCGA-BA-6871-01Z-00-DX1.4d9ca329-f8d5-4c31-a20f-9d4fba728326
BLCA,TCGA-CU-A0YN-01Z-00-DX1.6C5EAAAF-8F14-49D3-8FFC-9BDAE56CAFD0,virchow2,Virchow2,10,Recall@10,1,2,0.8423526883125305,HNSC,TCGA-BA-6871-01Z-00-DX1.4d9ca329-f8d5-4c31-a20f-9d4fba728326
BLCA,TCGA-DK-A6AW-01Z-00-DX1.C2453A8C-8282-443C-9E76-5B6CAD2FE69B,virchow2,Virchow2,1,Recall@1,0,0,0.8122150897979736,HNSC,TCGA-UF-A719-01Z-00-DX1.4C4ECC2C-C390-4C5E-A709-CF08C113F1A1
BLCA,TCGA-DK-A6AW-01Z-00-DX1.C2453A8C-8282-443C-9E76-5B6CAD2FE69B,virchow2,Virchow2,5,Recall@5,1,1,0.8122150897979736,HNSC,TCGA-UF-A719-01Z-00-DX1.4C4ECC2C-C390-4C5E-A709-CF08C113F1A1
BLCA,TCGA-DK-A6AW-01Z-00-DX1.C2453A8C-8282-443C-9E76-5B6CAD2FE69B,virchow2,Virchow2,10,Recall@10,1,3,0.8122150897979736,HNSC,TCGA-UF-A719-01Z-00-DX1.4C4ECC2C-C390-4C5E-A709-CF08C113F1A1
BLCA,TCGA-DK-AA6L-01A-01-TSA.5794F0C6-9ED6-489A-9621-18CCC5935548,virchow2,Virchow2,1,Recall@1,1,1,0.8201016187667847,BLCA,TCGA-DK-AA77-01A-01-TSA.26CAF5CB-CC4F-4522-BD2B-343FB70205FE
BLCA,TCGA-DK-AA6L-01A-01-TSA.5794F0C6-9ED6-489A-9621-18CCC5935548,virchow2,Virchow2,5,Recall@5,1,1,0.8201016187667847,BLCA,TCGA-DK-AA77-01A-01-TSA.26CAF5CB-CC4F-4522-BD2B-343FB70205FE
BLCA,TCGA-DK-AA6L-01A-01-TSA.5794F0C6-9ED6-489A-9621-18CCC5935548,virchow2,Virchow2,10,Recall@10,1,1,0.8201016187667847,BLCA,TCGA-DK-AA77-01A-01-TSA.26CAF5CB-CC4F-4522-BD2B-343FB70205FE
BLCA,TCGA-DK-AA77-01A-01-TSA.26CAF5CB-CC4F-4522-BD2B-343FB70205FE,virchow2,Virchow2,1,Recall@1,0,0,0.9207450747489929,HNSC,TCGA-CN-A6V7-01A-01-TS1.F54912D3-1E21-4605-ACFC-142973524AE2
BLCA,TCGA-DK-AA77-01A-01-TSA.26CAF5CB-CC4F-4522-BD2B-343FB70205FE,virchow2,Virchow2,5,Recall@5,1,2,0.9207450747489929,HNSC,TCGA-CN-A6V7-01A-01-TS1.F54912D3-1E21-4605-ACFC-142973524AE2
BLCA,TCGA-DK-AA77-01A-01-TSA.26CAF5CB-CC4F-4522-BD2B-343FB70205FE,virchow2,Virchow2,10,Recall@10,1,4,0.9207450747489929,HNSC,TCGA-CN-A6V7-01A-01-TS1.F54912D3-1E21-4605-ACFC-142973524AE2
BLCA,TCGA-FD-A6TK-01Z-00-DX1.B685DA87-72A6-4C38-8AA1-40B6E543383C,virchow2,Virchow2,1,Recall@1,1,1,0.8847200870513916,BLCA,TCGA-XF-A8HB-01Z-00-DX1.D6874152-D20A-4CA4-8E8B-8CBAB5F7D7B5
BLCA,TCGA-FD-A6TK-01Z-00-DX1.B685DA87-72A6-4C38-8AA1-40B6E543383C,virchow2,Virchow2,5,Recall@5,1,3,0.8847200870513916,BLCA,TCGA-XF-A8HB-01Z-00-DX1.D6874152-D20A-4CA4-8E8B-8CBAB5F7D7B5
BLCA,TCGA-FD-A6TK-01Z-00-DX1.B685DA87-72A6-4C38-8AA1-40B6E543383C,virchow2,Virchow2,10,Recall@10,1,4,0.8847200870513916,BLCA,TCGA-XF-A8HB-01Z-00-DX1.D6874152-D20A-4CA4-8E8B-8CBAB5F7D7B5
BLCA,TCGA-GU-AATP-01Z-00-DX1.0D8EC37C-88E7-49D5-A76D-F0A4A3FD8AE4,virchow2,Virchow2,1,Recall@1,1,1,0.8514221906661987,BLCA,TCGA-ZF-A9R1-01Z-00-DX1.74520759-D448-45B5-B8AD-45502C99A519
BLCA,TCGA-GU-AATP-01Z-00-DX1.0D8EC37C-88E7-49D5-A76D-F0A4A3FD8AE4,virchow2,Virchow2,5,Recall@5,1,3,0.8514221906661987,BLCA,TCGA-ZF-A9R1-01Z-00-DX1.74520759-D448-45B5-B8AD-45502C99A519
BLCA,TCGA-GU-AATP-01Z-00-DX1.0D8EC37C-88E7-49D5-A76D-F0A4A3FD8AE4,virchow2,Virchow2,10,Recall@10,1,5,0.8514221906661987,BLCA,TCGA-ZF-A9R1-01Z-00-DX1.74520759-D448-45B5-B8AD-45502C99A519
BLCA,TCGA-XF-A8HB-01Z-00-DX1.D6874152-D20A-4CA4-8E8B-8CBAB5F7D7B5,virchow2,Virchow2,1,Recall@1,1,1,0.8847200870513916,BLCA,TCGA-FD-A6TK-01Z-00-DX1.B685DA87-72A6-4C38-8AA1-40B6E543383C
BLCA,TCGA-XF-A8HB-01Z-00-DX1.D6874152-D20A-4CA4-8E8B-8CBAB5F7D7B5,virchow2,Virchow2,5,Recall@5,1,3,0.8847200870513916,BLCA,TCGA-FD-A6TK-01Z-00-DX1.B685DA87-72A6-4C38-8AA1-40B6E543383C
BLCA,TCGA-XF-A8HB-01Z-00-DX1.D6874152-D20A-4CA4-8E8B-8CBAB5F7D7B5,virchow2,Virchow2,10,Recall@10,1,4,0.8847200870513916,BLCA,TCGA-FD-A6TK-01Z-00-DX1.B685DA87-72A6-4C38-8AA1-40B6E543383C
BLCA,TCGA-ZF-A9R1-01Z-00-DX1.74520759-D448-45B5-B8AD-45502C99A519,virchow2,Virchow2,1,Recall@1,1,1,0.8726872801780701,BLCA,TCGA-FD-A6TK-01Z-00-DX1.B685DA87-72A6-4C38-8AA1-40B6E543383C
BLCA,TCGA-ZF-A9R1-01Z-00-DX1.74520759-D448-45B5-B8AD-45502C99A519,virchow2,Virchow2,5,Recall@5,1,3,0.8726872801780701,BLCA,TCGA-FD-A6TK-01Z-00-DX1.B685DA87-72A6-4C38-8AA1-40B6E543383C
BLCA,TCGA-ZF-A9R1-01Z-00-DX1.74520759-D448-45B5-B8AD-45502C99A519,virchow2,Virchow2,10,Recall@10,1,4,0.8726872801780701,BLCA,TCGA-FD-A6TK-01Z-00-DX1.B685DA87-72A6-4C38-8AA1-40B6E543383C
BLCA,TCGA-ZF-AA51-01Z-00-DX1.128C9731-C206-4E71-9A64-864FA9FD7E96,virchow2,Virchow2,1,Recall@1,0,0,0.7991140484809875,HNSC,TCGA-BA-6871-01Z-00-DX1.4d9ca329-f8d5-4c31-a20f-9d4fba728326
BLCA,TCGA-ZF-AA51-01Z-00-DX1.128C9731-C206-4E71-9A64-864FA9FD7E96,virchow2,Virchow2,5,Recall@5,1,2,0.7991140484809875,HNSC,TCGA-BA-6871-01Z-00-DX1.4d9ca329-f8d5-4c31-a20f-9d4fba728326
BLCA,TCGA-ZF-AA51-01Z-00-DX1.128C9731-C206-4E71-9A64-864FA9FD7E96,virchow2,Virchow2,10,Recall@10,1,2,0.7991140484809875,HNSC,TCGA-BA-6871-01Z-00-DX1.4d9ca329-f8d5-4c31-a20f-9d4fba728326
BRCA,TCGA-A7-A2KD-01Z-00-DX1.BFF2DFC8-1D95-4DC2-98FC-5BD7D7C6CDF5,virchow2,Virchow2,1,Recall@1,1,1,0.7817628383636475,BRCA,TCGA-AR-A2LK-01Z-00-DX1.FBD59C38-CD4E-4C22-BC74-A57C192A9BBC
BRCA,TCGA-A7-A2KD-01Z-00-DX1.BFF2DFC8-1D95-4DC2-98FC-5BD7D7C6CDF5,virchow2,Virchow2,5,Recall@5,1,3,0.7817628383636475,BRCA,TCGA-AR-A2LK-01Z-00-DX1.FBD59C38-CD4E-4C22-BC74-A57C192A9BBC
BRCA,TCGA-A7-A2KD-01Z-00-DX1.BFF2DFC8-1D95-4DC2-98FC-5BD7D7C6CDF5,virchow2,Virchow2,10,Recall@10,1,6,0.7817628383636475,BRCA,TCGA-AR-A2LK-01Z-00-DX1.FBD59C38-CD4E-4C22-BC74-A57C192A9BBC
BRCA,TCGA-AN-A0G0-01Z-00-DX1.BE0BB5DF-DEDA-48D8-B5D8-2735C767F28F,virchow2,Virchow2,1,Recall@1,1,1,0.7425613403320312,BRCA,TCGA-AR-A2LK-01Z-00-DX1.FBD59C38-CD4E-4C22-BC74-A57C192A9BBC
BRCA,TCGA-AN-A0G0-01Z-00-DX1.BE0BB5DF-DEDA-48D8-B5D8-2735C767F28F,virchow2,Virchow2,5,Recall@5,1,3,0.7425613403320312,BRCA,TCGA-AR-A2LK-01Z-00-DX1.FBD59C38-CD4E-4C22-BC74-A57C192A9BBC
BRCA,TCGA-AN-A0G0-01Z-00-DX1.BE0BB5DF-DEDA-48D8-B5D8-2735C767F28F,virchow2,Virchow2,10,Recall@10,1,5,0.7425613403320312,BRCA,TCGA-AR-A2LK-01Z-00-DX1.FBD59C38-CD4E-4C22-BC74-A57C192A9BBC
BRCA,TCGA-AQ-A04L-01Z-00-DX1.F35BF4DD-896A-43C2-8DA6-C67945C003BE,virchow2,Virchow2,1,Recall@1,1,1,0.873714804649353,BRCA,TCGA-E2-A1LA-01Z-00-DX1.AE49E943-B830-4ED9-B09E-E499441BC2EC
BRCA,TCGA-AQ-A04L-01Z-00-DX1.F35BF4DD-896A-43C2-8DA6-C67945C003BE,virchow2,Virchow2,5,Recall@5,1,5,0.873714804649353,BRCA,TCGA-E2-A1LA-01Z-00-DX1.AE49E943-B830-4ED9-B09E-E499441BC2EC
BRCA,TCGA-AQ-A04L-01Z-00-DX1.F35BF4DD-896A-43C2-8DA6-C67945C003BE,virchow2,Virchow2,10,Recall@10,1,7,0.873714804649353,BRCA,TCGA-E2-A1LA-01Z-00-DX1.AE49E943-B830-4ED9-B09E-E499441BC2EC
BRCA,TCGA-AR-A2LK-01Z-00-DX1.FBD59C38-CD4E-4C22-BC74-A57C192A9BBC,virchow2,Virchow2,1,Recall@1,1,1,0.9326960444450378,BRCA,TCGA-AR-A5QM-01Z-00-DX1.A9017CED-FF57-4090-95B9-94DC91854347
BRCA,TCGA-AR-A2LK-01Z-00-DX1.FBD59C38-CD4E-4C22-BC74-A57C192A9BBC,virchow2,Virchow2,5,Recall@5,1,5,0.9326960444450378,BRCA,TCGA-AR-A5QM-01Z-00-DX1.A9017CED-FF57-4090-95B9-94DC91854347
BRCA,TCGA-AR-A2LK-01Z-00-DX1.FBD59C38-CD4E-4C22-BC74-A57C192A9BBC,virchow2,Virchow2,10,Recall@10,1,8,0.9326960444450378,BRCA,TCGA-AR-A5QM-01Z-00-DX1.A9017CED-FF57-4090-95B9-94DC91854347
BRCA,TCGA-AR-A5QM-01Z-00-DX1.A9017CED-FF57-4090-95B9-94DC91854347,virchow2,Virchow2,1,Recall@1,1,1,0.9326960444450378,BRCA,TCGA-AR-A2LK-01Z-00-DX1.FBD59C38-CD4E-4C22-BC74-A57C192A9BBC
BRCA,TCGA-AR-A5QM-01Z-00-DX1.A9017CED-FF57-4090-95B9-94DC91854347,virchow2,Virchow2,5,Recall@5,1,5,0.9326960444450378,BRCA,TCGA-AR-A2LK-01Z-00-DX1.FBD59C38-CD4E-4C22-BC74-A57C192A9BBC
BRCA,TCGA-AR-A5QM-01Z-00-DX1.A9017CED-FF57-4090-95B9-94DC91854347,virchow2,Virchow2,10,Recall@10,1,7,0.9326960444450378,BRCA,TCGA-AR-A2LK-01Z-00-DX1.FBD59C38-CD4E-4C22-BC74-A57C192A9BBC
BRCA,TCGA-BH-A0C1-01Z-00-DX1.21FE357E-B182-4397-BFEF-7E96E994236A,virchow2,Virchow2,1,Recall@1,1,1,0.878207802772522,BRCA,TCGA-AR-A2LK-01Z-00-DX1.FBD59C38-CD4E-4C22-BC74-A57C192A9BBC
BRCA,TCGA-BH-A0C1-01Z-00-DX1.21FE357E-B182-4397-BFEF-7E96E994236A,virchow2,Virchow2,5,Recall@5,1,5,0.878207802772522,BRCA,TCGA-AR-A2LK-01Z-00-DX1.FBD59C38-CD4E-4C22-BC74-A57C192A9BBC
BRCA,TCGA-BH-A0C1-01Z-00-DX1.21FE357E-B182-4397-BFEF-7E96E994236A,virchow2,Virchow2,10,Recall@10,1,8,0.878207802772522,BRCA,TCGA-AR-A2LK-01Z-00-DX1.FBD59C38-CD4E-4C22-BC74-A57C192A9BBC
BRCA,TCGA-D8-A1X8-01Z-00-DX1.DDA3866E-C7CC-4650-BE2B-5C9A98A2D531,virchow2,Virchow2,1,Recall@1,1,1,0.852772057056427,BRCA,TCGA-GM-A3XN-01Z-00-DX1.49F5C8AC-0328-4BC2-9FE2-E7150B7A42E2
BRCA,TCGA-D8-A1X8-01Z-00-DX1.DDA3866E-C7CC-4650-BE2B-5C9A98A2D531,virchow2,Virchow2,5,Recall@5,1,5,0.852772057056427,BRCA,TCGA-GM-A3XN-01Z-00-DX1.49F5C8AC-0328-4BC2-9FE2-E7150B7A42E2
BRCA,TCGA-D8-A1X8-01Z-00-DX1.DDA3866E-C7CC-4650-BE2B-5C9A98A2D531,virchow2,Virchow2,10,Recall@10,1,7,0.852772057056427,BRCA,TCGA-GM-A3XN-01Z-00-DX1.49F5C8AC-0328-4BC2-9FE2-E7150B7A42E2
BRCA,TCGA-E2-A14P-01Z-00-DX1.663B02FF-C64B-41A6-8685-FD61CD76F9C6,virchow2,Virchow2,1,Recall@1,1,1,0.8344098925590515,BRCA,TCGA-E2-A1LA-01Z-00-DX1.AE49E943-B830-4ED9-B09E-E499441BC2EC
BRCA,TCGA-E2-A14P-01Z-00-DX1.663B02FF-C64B-41A6-8685-FD61CD76F9C6,virchow2,Virchow2,5,Recall@5,1,4,0.8344098925590515,BRCA,TCGA-E2-A1LA-01Z-00-DX1.AE49E943-B830-4ED9-B09E-E499441BC2EC
BRCA,TCGA-E2-A14P-01Z-00-DX1.663B02FF-C64B-41A6-8685-FD61CD76F9C6,virchow2,Virchow2,10,Recall@10,1,7,0.8344098925590515,BRCA,TCGA-E2-A1LA-01Z-00-DX1.AE49E943-B830-4ED9-B09E-E499441BC2EC
BRCA,TCGA-E2-A1LA-01Z-00-DX1.AE49E943-B830-4ED9-B09E-E499441BC2EC,virchow2,Virchow2,1,Recall@1,1,1,0.873714804649353,BRCA,TCGA-AQ-A04L-01Z-00-DX1.F35BF4DD-896A-43C2-8DA6-C67945C003BE
BRCA,TCGA-E2-A1LA-01Z-00-DX1.AE49E943-B830-4ED9-B09E-E499441BC2EC,virchow2,Virchow2,5,Recall@5,1,5,0.873714804649353,BRCA,TCGA-AQ-A04L-01Z-00-DX1.F35BF4DD-896A-43C2-8DA6-C67945C003BE
BRCA,TCGA-E2-A1LA-01Z-00-DX1.AE49E943-B830-4ED9-B09E-E499441BC2EC,virchow2,Virchow2,10,Recall@10,1,7,0.873714804649353,BRCA,TCGA-AQ-A04L-01Z-00-DX1.F35BF4DD-896A-43C2-8DA6-C67945C003BE
BRCA,TCGA-GM-A3XN-01Z-00-DX1.49F5C8AC-0328-4BC2-9FE2-E7150B7A42E2,virchow2,Virchow2,1,Recall@1,1,1,0.902961015701294,BRCA,TCGA-AR-A5QM-01Z-00-DX1.A9017CED-FF57-4090-95B9-94DC91854347
BRCA,TCGA-GM-A3XN-01Z-00-DX1.49F5C8AC-0328-4BC2-9FE2-E7150B7A42E2,virchow2,Virchow2,5,Recall@5,1,5,0.902961015701294,BRCA,TCGA-AR-A5QM-01Z-00-DX1.A9017CED-FF57-4090-95B9-94DC91854347
BRCA,TCGA-GM-A3XN-01Z-00-DX1.49F5C8AC-0328-4BC2-9FE2-E7150B7A42E2,virchow2,Virchow2,10,Recall@10,1,7,0.902961015701294,BRCA,TCGA-AR-A5QM-01Z-00-DX1.A9017CED-FF57-4090-95B9-94DC91854347
COAD,TCGA-AY-A8YK-01Z-00-DX1.89E3C546-0425-449B-A6FB-1C35168EA7EB,virchow2,Virchow2,1,Recall@1,1,1,0.7928715944290161,COAD,TCGA-CM-6169-01Z-00-DX1.0381c243-02b8-4f1d-840c-19ef44d4b92c
COAD,TCGA-AY-A8YK-01Z-00-DX1.89E3C546-0425-449B-A6FB-1C35168EA7EB,virchow2,Virchow2,5,Recall@5,1,3,0.7928715944290161,COAD,TCGA-CM-6169-01Z-00-DX1.0381c243-02b8-4f1d-840c-19ef44d4b92c
COAD,TCGA-AY-A8YK-01Z-00-DX1.89E3C546-0425-449B-A6FB-1C35168EA7EB,virchow2,Virchow2,10,Recall@10,1,4,0.7928715944290161,COAD,TCGA-CM-6169-01Z-00-DX1.0381c243-02b8-4f1d-840c-19ef44d4b92c
COAD,TCGA-CK-4947-01Z-00-DX1.b257d5fd-b97b-4987-b088-77f044ca7fe2,virchow2,Virchow2,1,Recall@1,1,1,0.8352195024490356,COAD,TCGA-CM-6169-01Z-00-DX1.0381c243-02b8-4f1d-840c-19ef44d4b92c
COAD,TCGA-CK-4947-01Z-00-DX1.b257d5fd-b97b-4987-b088-77f044ca7fe2,virchow2,Virchow2,5,Recall@5,1,4,0.8352195024490356,COAD,TCGA-CM-6169-01Z-00-DX1.0381c243-02b8-4f1d-840c-19ef44d4b92c
COAD,TCGA-CK-4947-01Z-00-DX1.b257d5fd-b97b-4987-b088-77f044ca7fe2,virchow2,Virchow2,10,Recall@10,1,5,0.8352195024490356,COAD,TCGA-CM-6169-01Z-00-DX1.0381c243-02b8-4f1d-840c-19ef44d4b92c
COAD,TCGA-CM-6168-01Z-00-DX1.96af6eb2-9d51-4671-baf8-1a73d0c66869,virchow2,Virchow2,1,Recall@1,1,1,0.901481568813324,COAD,TCGA-CM-6169-01Z-00-DX1.0381c243-02b8-4f1d-840c-19ef44d4b92c
COAD,TCGA-CM-6168-01Z-00-DX1.96af6eb2-9d51-4671-baf8-1a73d0c66869,virchow2,Virchow2,5,Recall@5,1,4,0.901481568813324,COAD,TCGA-CM-6169-01Z-00-DX1.0381c243-02b8-4f1d-840c-19ef44d4b92c
COAD,TCGA-CM-6168-01Z-00-DX1.96af6eb2-9d51-4671-baf8-1a73d0c66869,virchow2,Virchow2,10,Recall@10,1,5,0.901481568813324,COAD,TCGA-CM-6169-01Z-00-DX1.0381c243-02b8-4f1d-840c-19ef44d4b92c
COAD,TCGA-CM-6169-01Z-00-DX1.0381c243-02b8-4f1d-840c-19ef44d4b92c,virchow2,Virchow2,1,Recall@1,1,1,0.901481568813324,COAD,TCGA-CM-6168-01Z-00-DX1.96af6eb2-9d51-4671-baf8-1a73d0c66869
COAD,TCGA-CM-6169-01Z-00-DX1.0381c243-02b8-4f1d-840c-19ef44d4b92c,virchow2,Virchow2,5,Recall@5,1,4,0.901481568813324,COAD,TCGA-CM-6168-01Z-00-DX1.96af6eb2-9d51-4671-baf8-1a73d0c66869
COAD,TCGA-CM-6169-01Z-00-DX1.0381c243-02b8-4f1d-840c-19ef44d4b92c,virchow2,Virchow2,10,Recall@10,1,6,0.901481568813324,COAD,TCGA-CM-6168-01Z-00-DX1.96af6eb2-9d51-4671-baf8-1a73d0c66869
COAD,TCGA-G4-6309-01Z-00-DX1.3eb20fdc-eb86-4bd5-8194-76b02d4fa472,virchow2,Virchow2,1,Recall@1,1,1,0.9451824426651001,COAD,TCGA-G4-6588-01Z-00-DX1.0747172e-f630-4b7c-9341-55078585ae00
COAD,TCGA-G4-6309-01Z-00-DX1.3eb20fdc-eb86-4bd5-8194-76b02d4fa472,virchow2,Virchow2,5,Recall@5,1,4,0.9451824426651001,COAD,TCGA-G4-6588-01Z-00-DX1.0747172e-f630-4b7c-9341-55078585ae00
COAD,TCGA-G4-6309-01Z-00-DX1.3eb20fdc-eb86-4bd5-8194-76b02d4fa472,virchow2,Virchow2,10,Recall@10,1,5,0.9451824426651001,COAD,TCGA-G4-6588-01Z-00-DX1.0747172e-f630-4b7c-9341-55078585ae00
COAD,TCGA-G4-6310-01Z-00-DX1.b88472d4-3adc-4e4d-b0f2-0dc195a3d7df,virchow2,Virchow2,1,Recall@1,1,1,0.8821150660514832,COAD,TCGA-G4-6309-01Z-00-DX1.3eb20fdc-eb86-4bd5-8194-76b02d4fa472
COAD,TCGA-G4-6310-01Z-00-DX1.b88472d4-3adc-4e4d-b0f2-0dc195a3d7df,virchow2,Virchow2,5,Recall@5,1,4,0.8821150660514832,COAD,TCGA-G4-6309-01Z-00-DX1.3eb20fdc-eb86-4bd5-8194-76b02d4fa472
COAD,TCGA-G4-6310-01Z-00-DX1.b88472d4-3adc-4e4d-b0f2-0dc195a3d7df,virchow2,Virchow2,10,Recall@10,1,5,0.8821150660514832,COAD,TCGA-G4-6309-01Z-00-DX1.3eb20fdc-eb86-4bd5-8194-76b02d4fa472
COAD,TCGA-G4-6588-01Z-00-DX1.0747172e-f630-4b7c-9341-55078585ae00,virchow2,Virchow2,1,Recall@1,1,1,0.9451824426651001,COAD,TCGA-G4-6309-01Z-00-DX1.3eb20fdc-eb86-4bd5-8194-76b02d4fa472
COAD,TCGA-G4-6588-01Z-00-DX1.0747172e-f630-4b7c-9341-55078585ae00,virchow2,Virchow2,5,Recall@5,1,4,0.9451824426651001,COAD,TCGA-G4-6309-01Z-00-DX1.3eb20fdc-eb86-4bd5-8194-76b02d4fa472
COAD,TCGA-G4-6588-01Z-00-DX1.0747172e-f630-4b7c-9341-55078585ae00,virchow2,Virchow2,10,Recall@10,1,6,0.9451824426651001,COAD,TCGA-G4-6309-01Z-00-DX1.3eb20fdc-eb86-4bd5-8194-76b02d4fa472
HNSC,TCGA-BA-6871-01Z-00-DX1.4d9ca329-f8d5-4c31-a20f-9d4fba728326,virchow2,Virchow2,1,Recall@1,0,0,0.8423526883125305,BLCA,TCGA-CU-A0YN-01Z-00-DX1.6C5EAAAF-8F14-49D3-8FFC-9BDAE56CAFD0
HNSC,TCGA-BA-6871-01Z-00-DX1.4d9ca329-f8d5-4c31-a20f-9d4fba728326,virchow2,Virchow2,5,Recall@5,0,0,0.8423526883125305,BLCA,TCGA-CU-A0YN-01Z-00-DX1.6C5EAAAF-8F14-49D3-8FFC-9BDAE56CAFD0
HNSC,TCGA-BA-6871-01Z-00-DX1.4d9ca329-f8d5-4c31-a20f-9d4fba728326,virchow2,Virchow2,10,Recall@10,0,0,0.8423526883125305,BLCA,TCGA-CU-A0YN-01Z-00-DX1.6C5EAAAF-8F14-49D3-8FFC-9BDAE56CAFD0
HNSC,TCGA-BA-6872-01Z-00-DX1.F99F6394-D319-4599-B124-D2A6692FA096,virchow2,Virchow2,1,Recall@1,0,0,0.6824465394020081,COAD,TCGA-G4-6309-01Z-00-DX1.3eb20fdc-eb86-4bd5-8194-76b02d4fa472
HNSC,TCGA-BA-6872-01Z-00-DX1.F99F6394-D319-4599-B124-D2A6692FA096,virchow2,Virchow2,5,Recall@5,1,1,0.6824465394020081,COAD,TCGA-G4-6309-01Z-00-DX1.3eb20fdc-eb86-4bd5-8194-76b02d4fa472
HNSC,TCGA-BA-6872-01Z-00-DX1.F99F6394-D319-4599-B124-D2A6692FA096,virchow2,Virchow2,10,Recall@10,1,2,0.6824465394020081,COAD,TCGA-G4-6309-01Z-00-DX1.3eb20fdc-eb86-4bd5-8194-76b02d4fa472
HNSC,TCGA-CN-A6V7-01A-01-TS1.F54912D3-1E21-4605-ACFC-142973524AE2,virchow2,Virchow2,1,Recall@1,0,0,0.9207450747489929,BLCA,TCGA-DK-AA77-01A-01-TSA.26CAF5CB-CC4F-4522-BD2B-343FB70205FE
HNSC,TCGA-CN-A6V7-01A-01-TS1.F54912D3-1E21-4605-ACFC-142973524AE2,virchow2,Virchow2,5,Recall@5,1,1,0.9207450747489929,BLCA,TCGA-DK-AA77-01A-01-TSA.26CAF5CB-CC4F-4522-BD2B-343FB70205FE
HNSC,TCGA-CN-A6V7-01A-01-TS1.F54912D3-1E21-4605-ACFC-142973524AE2,virchow2,Virchow2,10,Recall@10,1,2,0.9207450747489929,BLCA,TCGA-DK-AA77-01A-01-TSA.26CAF5CB-CC4F-4522-BD2B-343FB70205FE
HNSC,TCGA-CV-6935-01Z-00-DX1.9C449CB2-FB6D-41D1-A4A6-3069DC84A697,virchow2,Virchow2,1,Recall@1,1,1,0.8381675481796265,HNSC,TCGA-CV-A45O-01Z-00-DX1.8CBD0CCC-C815-475D-87F9-76272F4F715B
HNSC,TCGA-CV-6935-01Z-00-DX1.9C449CB2-FB6D-41D1-A4A6-3069DC84A697,virchow2,Virchow2,5,Recall@5,1,3,0.8381675481796265,HNSC,TCGA-CV-A45O-01Z-00-DX1.8CBD0CCC-C815-475D-87F9-76272F4F715B
HNSC,TCGA-CV-6935-01Z-00-DX1.9C449CB2-FB6D-41D1-A4A6-3069DC84A697,virchow2,Virchow2,10,Recall@10,1,3,0.8381675481796265,HNSC,TCGA-CV-A45O-01Z-00-DX1.8CBD0CCC-C815-475D-87F9-76272F4F715B
HNSC,TCGA-CV-A45O-01Z-00-DX1.8CBD0CCC-C815-475D-87F9-76272F4F715B,virchow2,Virchow2,1,Recall@1,1,1,0.8381675481796265,HNSC,TCGA-CV-6935-01Z-00-DX1.9C449CB2-FB6D-41D1-A4A6-3069DC84A697
HNSC,TCGA-CV-A45O-01Z-00-DX1.8CBD0CCC-C815-475D-87F9-76272F4F715B,virchow2,Virchow2,5,Recall@5,1,4,0.8381675481796265,HNSC,TCGA-CV-6935-01Z-00-DX1.9C449CB2-FB6D-41D1-A4A6-3069DC84A697
HNSC,TCGA-CV-A45O-01Z-00-DX1.8CBD0CCC-C815-475D-87F9-76272F4F715B,virchow2,Virchow2,10,Recall@10,1,5,0.8381675481796265,HNSC,TCGA-CV-6935-01Z-00-DX1.9C449CB2-FB6D-41D1-A4A6-3069DC84A697
HNSC,TCGA-CV-A6JE-01Z-00-DX1.20137D17-19B3-49FF-9C3D-60933157E409,virchow2,Virchow2,1,Recall@1,0,0,0.7572745084762573,BLCA,TCGA-FD-A6TK-01Z-00-DX1.B685DA87-72A6-4C38-8AA1-40B6E543383C
HNSC,TCGA-CV-A6JE-01Z-00-DX1.20137D17-19B3-49FF-9C3D-60933157E409,virchow2,Virchow2,5,Recall@5,1,3,0.7572745084762573,BLCA,TCGA-FD-A6TK-01Z-00-DX1.B685DA87-72A6-4C38-8AA1-40B6E543383C
HNSC,TCGA-CV-A6JE-01Z-00-DX1.20137D17-19B3-49FF-9C3D-60933157E409,virchow2,Virchow2,10,Recall@10,1,4,0.7572745084762573,BLCA,TCGA-FD-A6TK-01Z-00-DX1.B685DA87-72A6-4C38-8AA1-40B6E543383C
HNSC,TCGA-CV-A6JU-01Z-00-DX1.35A3A1F0-9D6C-4794-B501-E56E48C51DF9,virchow2,Virchow2,1,Recall@1,1,1,0.7989158034324646,HNSC,TCGA-UF-A719-01Z-00-DX1.4C4ECC2C-C390-4C5E-A709-CF08C113F1A1
HNSC,TCGA-CV-A6JU-01Z-00-DX1.35A3A1F0-9D6C-4794-B501-E56E48C51DF9,virchow2,Virchow2,5,Recall@5,1,3,0.7989158034324646,HNSC,TCGA-UF-A719-01Z-00-DX1.4C4ECC2C-C390-4C5E-A709-CF08C113F1A1
HNSC,TCGA-CV-A6JU-01Z-00-DX1.35A3A1F0-9D6C-4794-B501-E56E48C51DF9,virchow2,Virchow2,10,Recall@10,1,3,0.7989158034324646,HNSC,TCGA-UF-A719-01Z-00-DX1.4C4ECC2C-C390-4C5E-A709-CF08C113F1A1
HNSC,TCGA-UF-A719-01Z-00-DX1.4C4ECC2C-C390-4C5E-A709-CF08C113F1A1,virchow2,Virchow2,1,Recall@1,0,0,0.8142035007476807,STAD,TCGA-VQ-A8PY-01Z-00-DX1.EA2C7386-012A-442A-95B3-FFA12BD2684D
HNSC,TCGA-UF-A719-01Z-00-DX1.4C4ECC2C-C390-4C5E-A709-CF08C113F1A1,virchow2,Virchow2,5,Recall@5,1,1,0.8142035007476807,STAD,TCGA-VQ-A8PY-01Z-00-DX1.EA2C7386-012A-442A-95B3-FFA12BD2684D
HNSC,TCGA-UF-A719-01Z-00-DX1.4C4ECC2C-C390-4C5E-A709-CF08C113F1A1,virchow2,Virchow2,10,Recall@10,1,1,0.8142035007476807,STAD,TCGA-VQ-A8PY-01Z-00-DX1.EA2C7386-012A-442A-95B3-FFA12BD2684D
KIRC,TCGA-A3-3346-01Z-00-DX1.95280216-fd71-4a03-b452-6e3d667f2542,virchow2,Virchow2,1,Recall@1,1,1,0.6765092015266418,KIRC,TCGA-B0-5106-01Z-00-DX1.564e51a3-be50-4eed-ba9c-4d478b96ffc6
KIRC,TCGA-A3-3346-01Z-00-DX1.95280216-fd71-4a03-b452-6e3d667f2542,virchow2,Virchow2,5,Recall@5,1,2,0.6765092015266418,KIRC,TCGA-B0-5106-01Z-00-DX1.564e51a3-be50-4eed-ba9c-4d478b96ffc6
KIRC,TCGA-A3-3346-01Z-00-DX1.95280216-fd71-4a03-b452-6e3d667f2542,virchow2,Virchow2,10,Recall@10,1,5,0.6765092015266418,KIRC,TCGA-B0-5106-01Z-00-DX1.564e51a3-be50-4eed-ba9c-4d478b96ffc6
KIRC,TCGA-A3-A8CQ-01Z-00-DX1.78DA0827-5FB8-4B9F-A845-22F85830B5FB,virchow2,Virchow2,1,Recall@1,1,1,0.8826112747192383,KIRC,TCGA-B2-5633-01Z-00-DX1.c55a29ca-468e-46de-9ff5-a51f46fe09fd
KIRC,TCGA-A3-A8CQ-01Z-00-DX1.78DA0827-5FB8-4B9F-A845-22F85830B5FB,virchow2,Virchow2,5,Recall@5,1,5,0.8826112747192383,KIRC,TCGA-B2-5633-01Z-00-DX1.c55a29ca-468e-46de-9ff5-a51f46fe09fd
KIRC,TCGA-A3-A8CQ-01Z-00-DX1.78DA0827-5FB8-4B9F-A845-22F85830B5FB,virchow2,Virchow2,10,Recall@10,1,6,0.8826112747192383,KIRC,TCGA-B2-5633-01Z-00-DX1.c55a29ca-468e-46de-9ff5-a51f46fe09fd
KIRC,TCGA-AK-3444-01Z-00-DX1.1F0E0B47-29FF-456F-800A-539983FDCFAA,virchow2,Virchow2,1,Recall@1,1,1,0.8331124186515808,KIRC,TCGA-A3-A8CQ-01Z-00-DX1.78DA0827-5FB8-4B9F-A845-22F85830B5FB
KIRC,TCGA-AK-3444-01Z-00-DX1.1F0E0B47-29FF-456F-800A-539983FDCFAA,virchow2,Virchow2,5,Recall@5,1,5,0.8331124186515808,KIRC,TCGA-A3-A8CQ-01Z-00-DX1.78DA0827-5FB8-4B9F-A845-22F85830B5FB
KIRC,TCGA-AK-3444-01Z-00-DX1.1F0E0B47-29FF-456F-800A-539983FDCFAA,virchow2,Virchow2,10,Recall@10,1,6,0.8331124186515808,KIRC,TCGA-A3-A8CQ-01Z-00-DX1.78DA0827-5FB8-4B9F-A845-22F85830B5FB
KIRC,TCGA-B0-5094-01Z-00-DX1.eac31fe2-09da-4ecf-8e25-c073cbb03295,virchow2,Virchow2,1,Recall@1,1,1,0.8827250599861145,KIRC,TCGA-B0-5711-01Z-00-DX1.6839921f-ec08-4e94-8bf9-4b5a4fcdda45
KIRC,TCGA-B0-5094-01Z-00-DX1.eac31fe2-09da-4ecf-8e25-c073cbb03295,virchow2,Virchow2,5,Recall@5,1,5,0.8827250599861145,KIRC,TCGA-B0-5711-01Z-00-DX1.6839921f-ec08-4e94-8bf9-4b5a4fcdda45
KIRC,TCGA-B0-5094-01Z-00-DX1.eac31fe2-09da-4ecf-8e25-c073cbb03295,virchow2,Virchow2,10,Recall@10,1,5,0.8827250599861145,KIRC,TCGA-B0-5711-01Z-00-DX1.6839921f-ec08-4e94-8bf9-4b5a4fcdda45
KIRC,TCGA-B0-5106-01Z-00-DX1.564e51a3-be50-4eed-ba9c-4d478b96ffc6,virchow2,Virchow2,1,Recall@1,1,1,0.9202396869659424,KIRC,TCGA-B0-5711-01Z-00-DX1.6839921f-ec08-4e94-8bf9-4b5a4fcdda45
KIRC,TCGA-B0-5106-01Z-00-DX1.564e51a3-be50-4eed-ba9c-4d478b96ffc6,virchow2,Virchow2,5,Recall@5,1,5,0.9202396869659424,KIRC,TCGA-B0-5711-01Z-00-DX1.6839921f-ec08-4e94-8bf9-4b5a4fcdda45
KIRC,TCGA-B0-5106-01Z-00-DX1.564e51a3-be50-4eed-ba9c-4d478b96ffc6,virchow2,Virchow2,10,Recall@10,1,6,0.9202396869659424,KIRC,TCGA-B0-5711-01Z-00-DX1.6839921f-ec08-4e94-8bf9-4b5a4fcdda45
KIRC,TCGA-B0-5711-01Z-00-DX1.6839921f-ec08-4e94-8bf9-4b5a4fcdda45,virchow2,Virchow2,1,Recall@1,1,1,0.9202396869659424,KIRC,TCGA-B0-5106-01Z-00-DX1.564e51a3-be50-4eed-ba9c-4d478b96ffc6
KIRC,TCGA-B0-5711-01Z-00-DX1.6839921f-ec08-4e94-8bf9-4b5a4fcdda45,virchow2,Virchow2,5,Recall@5,1,5,0.9202396869659424,KIRC,TCGA-B0-5106-01Z-00-DX1.564e51a3-be50-4eed-ba9c-4d478b96ffc6
KIRC,TCGA-B0-5711-01Z-00-DX1.6839921f-ec08-4e94-8bf9-4b5a4fcdda45,virchow2,Virchow2,10,Recall@10,1,6,0.9202396869659424,KIRC,TCGA-B0-5106-01Z-00-DX1.564e51a3-be50-4eed-ba9c-4d478b96ffc6
KIRC,TCGA-B2-5633-01Z-00-DX1.c55a29ca-468e-46de-9ff5-a51f46fe09fd,virchow2,Virchow2,1,Recall@1,1,1,0.8826112747192383,KIRC,TCGA-A3-A8CQ-01Z-00-DX1.78DA0827-5FB8-4B9F-A845-22F85830B5FB
KIRC,TCGA-B2-5633-01Z-00-DX1.c55a29ca-468e-46de-9ff5-a51f46fe09fd,virchow2,Virchow2,5,Recall@5,1,5,0.8826112747192383,KIRC,TCGA-A3-A8CQ-01Z-00-DX1.78DA0827-5FB8-4B9F-A845-22F85830B5FB
KIRC,TCGA-B2-5633-01Z-00-DX1.c55a29ca-468e-46de-9ff5-a51f46fe09fd,virchow2,Virchow2,10,Recall@10,1,6,0.8826112747192383,KIRC,TCGA-A3-A8CQ-01Z-00-DX1.78DA0827-5FB8-4B9F-A845-22F85830B5FB
KIRC,TCGA-BP-4991-01Z-00-DX1.71305f5c-ca59-48fa-bb82-4b441c1fffdc,virchow2,Virchow2,1,Recall@1,1,1,0.8983390927314758,KIRC,TCGA-B0-5711-01Z-00-DX1.6839921f-ec08-4e94-8bf9-4b5a4fcdda45
KIRC,TCGA-BP-4991-01Z-00-DX1.71305f5c-ca59-48fa-bb82-4b441c1fffdc,virchow2,Virchow2,5,Recall@5,1,5,0.8983390927314758,KIRC,TCGA-B0-5711-01Z-00-DX1.6839921f-ec08-4e94-8bf9-4b5a4fcdda45
KIRC,TCGA-BP-4991-01Z-00-DX1.71305f5c-ca59-48fa-bb82-4b441c1fffdc,virchow2,Virchow2,10,Recall@10,1,6,0.8983390927314758,KIRC,TCGA-B0-5711-01Z-00-DX1.6839921f-ec08-4e94-8bf9-4b5a4fcdda45
KIRC,TCGA-BP-5201-01Z-00-DX1.d1a9878e-bb97-48fb-9098-9d9337f06250,virchow2,Virchow2,1,Recall@1,0,0,0.6262661814689636,BLCA,TCGA-DK-AA77-01A-01-TSA.26CAF5CB-CC4F-4522-BD2B-343FB70205FE
KIRC,TCGA-BP-5201-01Z-00-DX1.d1a9878e-bb97-48fb-9098-9d9337f06250,virchow2,Virchow2,5,Recall@5,1,1,0.6262661814689636,BLCA,TCGA-DK-AA77-01A-01-TSA.26CAF5CB-CC4F-4522-BD2B-343FB70205FE
KIRC,TCGA-BP-5201-01Z-00-DX1.d1a9878e-bb97-48fb-9098-9d9337f06250,virchow2,Virchow2,10,Recall@10,1,4,0.6262661814689636,BLCA,TCGA-DK-AA77-01A-01-TSA.26CAF5CB-CC4F-4522-BD2B-343FB70205FE
LUAD,TCGA-55-6986-01Z-00-DX1.ae52d41e-3cd6-4d36-b04b-2ea7d29bd8da,virchow2,Virchow2,1,Recall@1,1,1,0.8633483648300171,LUAD,TCGA-86-8668-01Z-00-DX1.d720d486-02c7-4f98-8feb-e0e50a12c158
LUAD,TCGA-55-6986-01Z-00-DX1.ae52d41e-3cd6-4d36-b04b-2ea7d29bd8da,virchow2,Virchow2,5,Recall@5,1,5,0.8633483648300171,LUAD,TCGA-86-8668-01Z-00-DX1.d720d486-02c7-4f98-8feb-e0e50a12c158
LUAD,TCGA-55-6986-01Z-00-DX1.ae52d41e-3cd6-4d36-b04b-2ea7d29bd8da,virchow2,Virchow2,10,Recall@10,1,6,0.8633483648300171,LUAD,TCGA-86-8668-01Z-00-DX1.d720d486-02c7-4f98-8feb-e0e50a12c158
LUAD,TCGA-64-5779-01Z-00-DX1.B3268447-DCE0-4927-B5A9-EC4D61E9B17D,virchow2,Virchow2,1,Recall@1,0,0,0.7666647434234619,UCEC,TCGA-EY-A1GQ-01Z-00-DX1.03D52C6F-515E-4A4F-A08E-31D773BCC67F
LUAD,TCGA-64-5779-01Z-00-DX1.B3268447-DCE0-4927-B5A9-EC4D61E9B17D,virchow2,Virchow2,5,Recall@5,1,1,0.7666647434234619,UCEC,TCGA-EY-A1GQ-01Z-00-DX1.03D52C6F-515E-4A4F-A08E-31D773BCC67F
LUAD,TCGA-64-5779-01Z-00-DX1.B3268447-DCE0-4927-B5A9-EC4D61E9B17D,virchow2,Virchow2,10,Recall@10,1,2,0.7666647434234619,UCEC,TCGA-EY-A1GQ-01Z-00-DX1.03D52C6F-515E-4A4F-A08E-31D773BCC67F
LUAD,TCGA-78-7158-01Z-00-DX1.74db3dcd-2715-4ce7-8e48-30c8b7946ba0,virchow2,Virchow2,1,Recall@1,1,1,0.8321574330329895,LUAD,TCGA-55-6986-01Z-00-DX1.ae52d41e-3cd6-4d36-b04b-2ea7d29bd8da
LUAD,TCGA-78-7158-01Z-00-DX1.74db3dcd-2715-4ce7-8e48-30c8b7946ba0,virchow2,Virchow2,5,Recall@5,1,3,0.8321574330329895,LUAD,TCGA-55-6986-01Z-00-DX1.ae52d41e-3cd6-4d36-b04b-2ea7d29bd8da
LUAD,TCGA-78-7158-01Z-00-DX1.74db3dcd-2715-4ce7-8e48-30c8b7946ba0,virchow2,Virchow2,10,Recall@10,1,3,0.8321574330329895,LUAD,TCGA-55-6986-01Z-00-DX1.ae52d41e-3cd6-4d36-b04b-2ea7d29bd8da
LUAD,TCGA-78-7163-01Z-00-DX1.42880bdf-271d-41dd-aada-e7ec1156ff31,virchow2,Virchow2,1,Recall@1,1,1,0.7844479084014893,LUAD,TCGA-55-6986-01Z-00-DX1.ae52d41e-3cd6-4d36-b04b-2ea7d29bd8da
LUAD,TCGA-78-7163-01Z-00-DX1.42880bdf-271d-41dd-aada-e7ec1156ff31,virchow2,Virchow2,5,Recall@5,1,3,0.7844479084014893,LUAD,TCGA-55-6986-01Z-00-DX1.ae52d41e-3cd6-4d36-b04b-2ea7d29bd8da
LUAD,TCGA-78-7163-01Z-00-DX1.42880bdf-271d-41dd-aada-e7ec1156ff31,virchow2,Virchow2,10,Recall@10,1,5,0.7844479084014893,LUAD,TCGA-55-6986-01Z-00-DX1.ae52d41e-3cd6-4d36-b04b-2ea7d29bd8da
LUAD,TCGA-78-7536-01Z-00-DX1.6b066140-8b82-40a5-bd48-430eeb4463fe,virchow2,Virchow2,1,Recall@1,1,1,0.7955222129821777,LUAD,TCGA-78-7158-01Z-00-DX1.74db3dcd-2715-4ce7-8e48-30c8b7946ba0
LUAD,TCGA-78-7536-01Z-00-DX1.6b066140-8b82-40a5-bd48-430eeb4463fe,virchow2,Virchow2,5,Recall@5,1,2,0.7955222129821777,LUAD,TCGA-78-7158-01Z-00-DX1.74db3dcd-2715-4ce7-8e48-30c8b7946ba0
LUAD,TCGA-78-7536-01Z-00-DX1.6b066140-8b82-40a5-bd48-430eeb4463fe,virchow2,Virchow2,10,Recall@10,1,2,0.7955222129821777,LUAD,TCGA-78-7158-01Z-00-DX1.74db3dcd-2715-4ce7-8e48-30c8b7946ba0
LUAD,TCGA-86-8668-01Z-00-DX1.d720d486-02c7-4f98-8feb-e0e50a12c158,virchow2,Virchow2,1,Recall@1,1,1,0.8633483648300171,LUAD,TCGA-55-6986-01Z-00-DX1.ae52d41e-3cd6-4d36-b04b-2ea7d29bd8da
LUAD,TCGA-86-8668-01Z-00-DX1.d720d486-02c7-4f98-8feb-e0e50a12c158,virchow2,Virchow2,5,Recall@5,1,4,0.8633483648300171,LUAD,TCGA-55-6986-01Z-00-DX1.ae52d41e-3cd6-4d36-b04b-2ea7d29bd8da
LUAD,TCGA-86-8668-01Z-00-DX1.d720d486-02c7-4f98-8feb-e0e50a12c158,virchow2,Virchow2,10,Recall@10,1,6,0.8633483648300171,LUAD,TCGA-55-6986-01Z-00-DX1.ae52d41e-3cd6-4d36-b04b-2ea7d29bd8da
LUAD,TCGA-97-A4LX-01Z-00-DX1.B2334672-A626-4E74-B4D1-A79F70F65909,virchow2,Virchow2,1,Recall@1,1,1,0.9031697511672974,LUAD,TCGA-97-A4M2-01Z-00-DX1.5C72522C-1538-4D68-B517-5FB05A9D401A
LUAD,TCGA-97-A4LX-01Z-00-DX1.B2334672-A626-4E74-B4D1-A79F70F65909,virchow2,Virchow2,5,Recall@5,1,5,0.9031697511672974,LUAD,TCGA-97-A4M2-01Z-00-DX1.5C72522C-1538-4D68-B517-5FB05A9D401A
LUAD,TCGA-97-A4LX-01Z-00-DX1.B2334672-A626-4E74-B4D1-A79F70F65909,virchow2,Virchow2,10,Recall@10,1,5,0.9031697511672974,LUAD,TCGA-97-A4M2-01Z-00-DX1.5C72522C-1538-4D68-B517-5FB05A9D401A
LUAD,TCGA-97-A4M2-01Z-00-DX1.5C72522C-1538-4D68-B517-5FB05A9D401A,virchow2,Virchow2,1,Recall@1,1,1,0.9031697511672974,LUAD,TCGA-97-A4LX-01Z-00-DX1.B2334672-A626-4E74-B4D1-A79F70F65909
LUAD,TCGA-97-A4M2-01Z-00-DX1.5C72522C-1538-4D68-B517-5FB05A9D401A,virchow2,Virchow2,5,Recall@5,1,4,0.9031697511672974,LUAD,TCGA-97-A4LX-01Z-00-DX1.B2334672-A626-4E74-B4D1-A79F70F65909
LUAD,TCGA-97-A4M2-01Z-00-DX1.5C72522C-1538-4D68-B517-5FB05A9D401A,virchow2,Virchow2,10,Recall@10,1,4,0.9031697511672974,LUAD,TCGA-97-A4LX-01Z-00-DX1.B2334672-A626-4E74-B4D1-A79F70F65909
LUAD,TCGA-J2-A4AE-01Z-00-DX1.42C5DE4A-7787-4E59-8969-D12503262C96,virchow2,Virchow2,1,Recall@1,1,1,0.8799606561660767,LUAD,TCGA-97-A4LX-01Z-00-DX1.B2334672-A626-4E74-B4D1-A79F70F65909
LUAD,TCGA-J2-A4AE-01Z-00-DX1.42C5DE4A-7787-4E59-8969-D12503262C96,virchow2,Virchow2,5,Recall@5,1,4,0.8799606561660767,LUAD,TCGA-97-A4LX-01Z-00-DX1.B2334672-A626-4E74-B4D1-A79F70F65909
LUAD,TCGA-J2-A4AE-01Z-00-DX1.42C5DE4A-7787-4E59-8969-D12503262C96,virchow2,Virchow2,10,Recall@10,1,4,0.8799606561660767,LUAD,TCGA-97-A4LX-01Z-00-DX1.B2334672-A626-4E74-B4D1-A79F70F65909
STAD,TCGA-BR-6452-01Z-00-DX1.aec8246e-9dce-436d-9faa-df8fa1f6e47c,virchow2,Virchow2,1,Recall@1,0,0,0.8628166913986206,COAD,TCGA-G4-6309-01Z-00-DX1.3eb20fdc-eb86-4bd5-8194-76b02d4fa472
STAD,TCGA-BR-6452-01Z-00-DX1.aec8246e-9dce-436d-9faa-df8fa1f6e47c,virchow2,Virchow2,5,Recall@5,1,2,0.8628166913986206,COAD,TCGA-G4-6309-01Z-00-DX1.3eb20fdc-eb86-4bd5-8194-76b02d4fa472
STAD,TCGA-BR-6452-01Z-00-DX1.aec8246e-9dce-436d-9faa-df8fa1f6e47c,virchow2,Virchow2,10,Recall@10,1,3,0.8628166913986206,COAD,TCGA-G4-6309-01Z-00-DX1.3eb20fdc-eb86-4bd5-8194-76b02d4fa472
STAD,TCGA-BR-6454-01Z-00-DX1.63fb6280-2b43-49b2-960a-eb9c0e8b617c,virchow2,Virchow2,1,Recall@1,1,1,0.8454046845436096,STAD,TCGA-BR-6452-01Z-00-DX1.aec8246e-9dce-436d-9faa-df8fa1f6e47c
STAD,TCGA-BR-6454-01Z-00-DX1.63fb6280-2b43-49b2-960a-eb9c0e8b617c,virchow2,Virchow2,5,Recall@5,1,4,0.8454046845436096,STAD,TCGA-BR-6452-01Z-00-DX1.aec8246e-9dce-436d-9faa-df8fa1f6e47c
STAD,TCGA-BR-6454-01Z-00-DX1.63fb6280-2b43-49b2-960a-eb9c0e8b617c,virchow2,Virchow2,10,Recall@10,1,4,0.8454046845436096,STAD,TCGA-BR-6452-01Z-00-DX1.aec8246e-9dce-436d-9faa-df8fa1f6e47c
STAD,TCGA-BR-A4CQ-01Z-00-DX1.B63282A5-154D-441B-BF96-5BB26CB6D95E,virchow2,Virchow2,1,Recall@1,1,1,0.8369979858398438,STAD,TCGA-VQ-A8PY-01Z-00-DX1.EA2C7386-012A-442A-95B3-FFA12BD2684D
STAD,TCGA-BR-A4CQ-01Z-00-DX1.B63282A5-154D-441B-BF96-5BB26CB6D95E,virchow2,Virchow2,5,Recall@5,1,1,0.8369979858398438,STAD,TCGA-VQ-A8PY-01Z-00-DX1.EA2C7386-012A-442A-95B3-FFA12BD2684D
STAD,TCGA-BR-A4CQ-01Z-00-DX1.B63282A5-154D-441B-BF96-5BB26CB6D95E,virchow2,Virchow2,10,Recall@10,1,5,0.8369979858398438,STAD,TCGA-VQ-A8PY-01Z-00-DX1.EA2C7386-012A-442A-95B3-FFA12BD2684D
STAD,TCGA-CD-A487-01Z-00-DX1.A026BD2F-B721-4340-83D5-7AA39227C90F,virchow2,Virchow2,1,Recall@1,1,1,0.7673860788345337,STAD,TCGA-BR-A4CQ-01Z-00-DX1.B63282A5-154D-441B-BF96-5BB26CB6D95E
STAD,TCGA-CD-A487-01Z-00-DX1.A026BD2F-B721-4340-83D5-7AA39227C90F,virchow2,Virchow2,5,Recall@5,1,4,0.7673860788345337,STAD,TCGA-BR-A4CQ-01Z-00-DX1.B63282A5-154D-441B-BF96-5BB26CB6D95E
STAD,TCGA-CD-A487-01Z-00-DX1.A026BD2F-B721-4340-83D5-7AA39227C90F,virchow2,Virchow2,10,Recall@10,1,4,0.7673860788345337,STAD,TCGA-BR-A4CQ-01Z-00-DX1.B63282A5-154D-441B-BF96-5BB26CB6D95E
STAD,TCGA-FP-8209-01Z-00-DX1.a5e13081-1631-44d4-8d6a-c229a22c2311,virchow2,Virchow2,1,Recall@1,0,0,0.7986438870429993,COAD,TCGA-G4-6309-01Z-00-DX1.3eb20fdc-eb86-4bd5-8194-76b02d4fa472
STAD,TCGA-FP-8209-01Z-00-DX1.a5e13081-1631-44d4-8d6a-c229a22c2311,virchow2,Virchow2,5,Recall@5,1,3,0.7986438870429993,COAD,TCGA-G4-6309-01Z-00-DX1.3eb20fdc-eb86-4bd5-8194-76b02d4fa472
STAD,TCGA-FP-8209-01Z-00-DX1.a5e13081-1631-44d4-8d6a-c229a22c2311,virchow2,Virchow2,10,Recall@10,1,5,0.7986438870429993,COAD,TCGA-G4-6309-01Z-00-DX1.3eb20fdc-eb86-4bd5-8194-76b02d4fa472
STAD,TCGA-SW-A7EA-01Z-00-DX1.C5E1BE0E-0A25-4480-A3AC-DB2ED7471A4E,virchow2,Virchow2,1,Recall@1,1,1,0.773941159248352,STAD,TCGA-BR-A4CQ-01Z-00-DX1.B63282A5-154D-441B-BF96-5BB26CB6D95E
STAD,TCGA-SW-A7EA-01Z-00-DX1.C5E1BE0E-0A25-4480-A3AC-DB2ED7471A4E,virchow2,Virchow2,5,Recall@5,1,4,0.773941159248352,STAD,TCGA-BR-A4CQ-01Z-00-DX1.B63282A5-154D-441B-BF96-5BB26CB6D95E
STAD,TCGA-SW-A7EA-01Z-00-DX1.C5E1BE0E-0A25-4480-A3AC-DB2ED7471A4E,virchow2,Virchow2,10,Recall@10,1,5,0.773941159248352,STAD,TCGA-BR-A4CQ-01Z-00-DX1.B63282A5-154D-441B-BF96-5BB26CB6D95E
STAD,TCGA-VQ-A8PY-01Z-00-DX1.EA2C7386-012A-442A-95B3-FFA12BD2684D,virchow2,Virchow2,1,Recall@1,0,0,0.8688371181488037,BLCA,TCGA-FD-A6TK-01Z-00-DX1.B685DA87-72A6-4C38-8AA1-40B6E543383C
STAD,TCGA-VQ-A8PY-01Z-00-DX1.EA2C7386-012A-442A-95B3-FFA12BD2684D,virchow2,Virchow2,5,Recall@5,1,1,0.8688371181488037,BLCA,TCGA-FD-A6TK-01Z-00-DX1.B685DA87-72A6-4C38-8AA1-40B6E543383C
STAD,TCGA-VQ-A8PY-01Z-00-DX1.EA2C7386-012A-442A-95B3-FFA12BD2684D,virchow2,Virchow2,10,Recall@10,1,1,0.8688371181488037,BLCA,TCGA-FD-A6TK-01Z-00-DX1.B685DA87-72A6-4C38-8AA1-40B6E543383C
STAD,TCGA-VQ-A924-01Z-00-DX1.736B41F3-9678-4FAF-AE86-FCAC4F6DCBD3,virchow2,Virchow2,1,Recall@1,0,0,0.8133314847946167,COAD,TCGA-CM-6169-01Z-00-DX1.0381c243-02b8-4f1d-840c-19ef44d4b92c
STAD,TCGA-VQ-A924-01Z-00-DX1.736B41F3-9678-4FAF-AE86-FCAC4F6DCBD3,virchow2,Virchow2,5,Recall@5,0,0,0.8133314847946167,COAD,TCGA-CM-6169-01Z-00-DX1.0381c243-02b8-4f1d-840c-19ef44d4b92c
STAD,TCGA-VQ-A924-01Z-00-DX1.736B41F3-9678-4FAF-AE86-FCAC4F6DCBD3,virchow2,Virchow2,10,Recall@10,1,3,0.8133314847946167,COAD,TCGA-CM-6169-01Z-00-DX1.0381c243-02b8-4f1d-840c-19ef44d4b92c
STAD,TCGA-ZQ-A9CR-01Z-00-DX1.C9AC9991-7054-4068-A7AA-9D1EB7F040A3,virchow2,Virchow2,1,Recall@1,0,0,0.8466904163360596,COAD,TCGA-G4-6309-01Z-00-DX1.3eb20fdc-eb86-4bd5-8194-76b02d4fa472
STAD,TCGA-ZQ-A9CR-01Z-00-DX1.C9AC9991-7054-4068-A7AA-9D1EB7F040A3,virchow2,Virchow2,5,Recall@5,1,1,0.8466904163360596,COAD,TCGA-G4-6309-01Z-00-DX1.3eb20fdc-eb86-4bd5-8194-76b02d4fa472
STAD,TCGA-ZQ-A9CR-01Z-00-DX1.C9AC9991-7054-4068-A7AA-9D1EB7F040A3,virchow2,Virchow2,10,Recall@10,1,2,0.8466904163360596,COAD,TCGA-G4-6309-01Z-00-DX1.3eb20fdc-eb86-4bd5-8194-76b02d4fa472
UCEC,TCGA-A5-A0GX-01Z-00-DX1.7E713D1A-5858-4648-957D-77189E43CFAA,virchow2,Virchow2,1,Recall@1,1,1,0.8696131706237793,UCEC,TCGA-AX-A05U-01Z-00-DX1.1EBFC727-B5D5-4543-BBA9-4254ABD3D584
UCEC,TCGA-A5-A0GX-01Z-00-DX1.7E713D1A-5858-4648-957D-77189E43CFAA,virchow2,Virchow2,5,Recall@5,1,5,0.8696131706237793,UCEC,TCGA-AX-A05U-01Z-00-DX1.1EBFC727-B5D5-4543-BBA9-4254ABD3D584
UCEC,TCGA-A5-A0GX-01Z-00-DX1.7E713D1A-5858-4648-957D-77189E43CFAA,virchow2,Virchow2,10,Recall@10,1,6,0.8696131706237793,UCEC,TCGA-AX-A05U-01Z-00-DX1.1EBFC727-B5D5-4543-BBA9-4254ABD3D584
UCEC,TCGA-A5-A0R7-01Z-00-DX1.D21E6974-22A3-4A68-8B4E-14E84A7A50A5,virchow2,Virchow2,1,Recall@1,1,1,0.8340338468551636,UCEC,TCGA-A5-A0GX-01Z-00-DX1.7E713D1A-5858-4648-957D-77189E43CFAA
UCEC,TCGA-A5-A0R7-01Z-00-DX1.D21E6974-22A3-4A68-8B4E-14E84A7A50A5,virchow2,Virchow2,5,Recall@5,1,5,0.8340338468551636,UCEC,TCGA-A5-A0GX-01Z-00-DX1.7E713D1A-5858-4648-957D-77189E43CFAA
UCEC,TCGA-A5-A0R7-01Z-00-DX1.D21E6974-22A3-4A68-8B4E-14E84A7A50A5,virchow2,Virchow2,10,Recall@10,1,6,0.8340338468551636,UCEC,TCGA-A5-A0GX-01Z-00-DX1.7E713D1A-5858-4648-957D-77189E43CFAA
UCEC,TCGA-AX-A05U-01Z-00-DX1.1EBFC727-B5D5-4543-BBA9-4254ABD3D584,virchow2,Virchow2,1,Recall@1,1,1,0.8696131706237793,UCEC,TCGA-A5-A0GX-01Z-00-DX1.7E713D1A-5858-4648-957D-77189E43CFAA
UCEC,TCGA-AX-A05U-01Z-00-DX1.1EBFC727-B5D5-4543-BBA9-4254ABD3D584,virchow2,Virchow2,5,Recall@5,1,5,0.8696131706237793,UCEC,TCGA-A5-A0GX-01Z-00-DX1.7E713D1A-5858-4648-957D-77189E43CFAA
UCEC,TCGA-AX-A05U-01Z-00-DX1.1EBFC727-B5D5-4543-BBA9-4254ABD3D584,virchow2,Virchow2,10,Recall@10,1,7,0.8696131706237793,UCEC,TCGA-A5-A0GX-01Z-00-DX1.7E713D1A-5858-4648-957D-77189E43CFAA
UCEC,TCGA-AX-A06B-01Z-00-DX2.1757C039-99F7-4087-A9E5-D340AF7220D4,virchow2,Virchow2,1,Recall@1,1,1,0.8338956832885742,UCEC,TCGA-EY-A1GQ-01Z-00-DX1.03D52C6F-515E-4A4F-A08E-31D773BCC67F
UCEC,TCGA-AX-A06B-01Z-00-DX2.1757C039-99F7-4087-A9E5-D340AF7220D4,virchow2,Virchow2,5,Recall@5,1,2,0.8338956832885742,UCEC,TCGA-EY-A1GQ-01Z-00-DX1.03D52C6F-515E-4A4F-A08E-31D773BCC67F
UCEC,TCGA-AX-A06B-01Z-00-DX2.1757C039-99F7-4087-A9E5-D340AF7220D4,virchow2,Virchow2,10,Recall@10,1,4,0.8338956832885742,UCEC,TCGA-EY-A1GQ-01Z-00-DX1.03D52C6F-515E-4A4F-A08E-31D773BCC67F
UCEC,TCGA-AX-A0J0-01Z-00-DX2.56C668BE-03B8-4B87-A226-AABD97D53C38,virchow2,Virchow2,1,Recall@1,1,1,0.9200453162193298,UCEC,TCGA-FI-A2EX-01Z-00-DX1.127F5153-745D-43E6-83CA-DE2738702C62
UCEC,TCGA-AX-A0J0-01Z-00-DX2.56C668BE-03B8-4B87-A226-AABD97D53C38,virchow2,Virchow2,5,Recall@5,1,5,0.9200453162193298,UCEC,TCGA-FI-A2EX-01Z-00-DX1.127F5153-745D-43E6-83CA-DE2738702C62
UCEC,TCGA-AX-A0J0-01Z-00-DX2.56C668BE-03B8-4B87-A226-AABD97D53C38,virchow2,Virchow2,10,Recall@10,1,7,0.9200453162193298,UCEC,TCGA-FI-A2EX-01Z-00-DX1.127F5153-745D-43E6-83CA-DE2738702C62
UCEC,TCGA-B5-A11F-01Z-00-DX1.3F1C053D-E81E-4C8D-965D-6F3DE29D9511,virchow2,Virchow2,1,Recall@1,1,1,0.8238980174064636,UCEC,TCGA-BG-A0W1-01Z-00-DX1.8E06269C-1278-478B-A128-59FA911B1649
UCEC,TCGA-B5-A11F-01Z-00-DX1.3F1C053D-E81E-4C8D-965D-6F3DE29D9511,virchow2,Virchow2,5,Recall@5,1,5,0.8238980174064636,UCEC,TCGA-BG-A0W1-01Z-00-DX1.8E06269C-1278-478B-A128-59FA911B1649
UCEC,TCGA-B5-A11F-01Z-00-DX1.3F1C053D-E81E-4C8D-965D-6F3DE29D9511,virchow2,Virchow2,10,Recall@10,1,6,0.8238980174064636,UCEC,TCGA-BG-A0W1-01Z-00-DX1.8E06269C-1278-478B-A128-59FA911B1649
UCEC,TCGA-BG-A0W1-01Z-00-DX1.8E06269C-1278-478B-A128-59FA911B1649,virchow2,Virchow2,1,Recall@1,1,1,0.8581473231315613,UCEC,TCGA-AX-A0J0-01Z-00-DX2.56C668BE-03B8-4B87-A226-AABD97D53C38
UCEC,TCGA-BG-A0W1-01Z-00-DX1.8E06269C-1278-478B-A128-59FA911B1649,virchow2,Virchow2,5,Recall@5,1,5,0.8581473231315613,UCEC,TCGA-AX-A0J0-01Z-00-DX2.56C668BE-03B8-4B87-A226-AABD97D53C38
UCEC,TCGA-BG-A0W1-01Z-00-DX1.8E06269C-1278-478B-A128-59FA911B1649,virchow2,Virchow2,10,Recall@10,1,7,0.8581473231315613,UCEC,TCGA-AX-A0J0-01Z-00-DX2.56C668BE-03B8-4B87-A226-AABD97D53C38
UCEC,TCGA-EY-A1GQ-01Z-00-DX1.03D52C6F-515E-4A4F-A08E-31D773BCC67F,virchow2,Virchow2,1,Recall@1,1,1,0.8338956832885742,UCEC,TCGA-AX-A06B-01Z-00-DX2.1757C039-99F7-4087-A9E5-D340AF7220D4
UCEC,TCGA-EY-A1GQ-01Z-00-DX1.03D52C6F-515E-4A4F-A08E-31D773BCC67F,virchow2,Virchow2,5,Recall@5,1,2,0.8338956832885742,UCEC,TCGA-AX-A06B-01Z-00-DX2.1757C039-99F7-4087-A9E5-D340AF7220D4
UCEC,TCGA-EY-A1GQ-01Z-00-DX1.03D52C6F-515E-4A4F-A08E-31D773BCC67F,virchow2,Virchow2,10,Recall@10,1,3,0.8338956832885742,UCEC,TCGA-AX-A06B-01Z-00-DX2.1757C039-99F7-4087-A9E5-D340AF7220D4
UCEC,TCGA-FI-A2EX-01Z-00-DX1.127F5153-745D-43E6-83CA-DE2738702C62,virchow2,Virchow2,1,Recall@1,1,1,0.9200453162193298,UCEC,TCGA-AX-A0J0-01Z-00-DX2.56C668BE-03B8-4B87-A226-AABD97D53C38
UCEC,TCGA-FI-A2EX-01Z-00-DX1.127F5153-745D-43E6-83CA-DE2738702C62,virchow2,Virchow2,5,Recall@5,1,5,0.9200453162193298,UCEC,TCGA-AX-A0J0-01Z-00-DX2.56C668BE-03B8-4B87-A226-AABD97D53C38
UCEC,TCGA-FI-A2EX-01Z-00-DX1.127F5153-745D-43E6-83CA-DE2738702C62,virchow2,Virchow2,10,Recall@10,1,7,0.9200453162193298,UCEC,TCGA-AX-A0J0-01Z-00-DX2.56C668BE-03B8-4B87-A226-AABD97D53C38
BLCA,TCGA-CF-A3MF-01Z-00-DX1.91768C26-5BB1-4DE6-9737-AA26BD687A75,uni2,UNI2,1,Recall@1,1,1,0.5104078054428101,BLCA,TCGA-CU-A0YN-01Z-00-DX1.6C5EAAAF-8F14-49D3-8FFC-9BDAE56CAFD0
BLCA,TCGA-CF-A3MF-01Z-00-DX1.91768C26-5BB1-4DE6-9737-AA26BD687A75,uni2,UNI2,5,Recall@5,1,3,0.5104078054428101,BLCA,TCGA-CU-A0YN-01Z-00-DX1.6C5EAAAF-8F14-49D3-8FFC-9BDAE56CAFD0
BLCA,TCGA-CF-A3MF-01Z-00-DX1.91768C26-5BB1-4DE6-9737-AA26BD687A75,uni2,UNI2,10,Recall@10,1,3,0.5104078054428101,BLCA,TCGA-CU-A0YN-01Z-00-DX1.6C5EAAAF-8F14-49D3-8FFC-9BDAE56CAFD0
BLCA,TCGA-CU-A0YN-01Z-00-DX1.6C5EAAAF-8F14-49D3-8FFC-9BDAE56CAFD0,uni2,UNI2,1,Recall@1,0,0,0.6370539665222168,HNSC,TCGA-BA-6871-01Z-00-DX1.4d9ca329-f8d5-4c31-a20f-9d4fba728326
BLCA,TCGA-CU-A0YN-01Z-00-DX1.6C5EAAAF-8F14-49D3-8FFC-9BDAE56CAFD0,uni2,UNI2,5,Recall@5,1,1,0.6370539665222168,HNSC,TCGA-BA-6871-01Z-00-DX1.4d9ca329-f8d5-4c31-a20f-9d4fba728326
BLCA,TCGA-CU-A0YN-01Z-00-DX1.6C5EAAAF-8F14-49D3-8FFC-9BDAE56CAFD0,uni2,UNI2,10,Recall@10,1,2,0.6370539665222168,HNSC,TCGA-BA-6871-01Z-00-DX1.4d9ca329-f8d5-4c31-a20f-9d4fba728326
BLCA,TCGA-DK-A6AW-01Z-00-DX1.C2453A8C-8282-443C-9E76-5B6CAD2FE69B,uni2,UNI2,1,Recall@1,0,0,0.6885003447532654,BRCA,TCGA-E2-A14P-01Z-00-DX1.663B02FF-C64B-41A6-8685-FD61CD76F9C6
BLCA,TCGA-DK-A6AW-01Z-00-DX1.C2453A8C-8282-443C-9E76-5B6CAD2FE69B,uni2,UNI2,5,Recall@5,1,3,0.6885003447532654,BRCA,TCGA-E2-A14P-01Z-00-DX1.663B02FF-C64B-41A6-8685-FD61CD76F9C6
BLCA,TCGA-DK-A6AW-01Z-00-DX1.C2453A8C-8282-443C-9E76-5B6CAD2FE69B,uni2,UNI2,10,Recall@10,1,4,0.6885003447532654,BRCA,TCGA-E2-A14P-01Z-00-DX1.663B02FF-C64B-41A6-8685-FD61CD76F9C6
BLCA,TCGA-DK-AA6L-01A-01-TSA.5794F0C6-9ED6-489A-9621-18CCC5935548,uni2,UNI2,1,Recall@1,0,0,0.717880129814148,HNSC,TCGA-CN-A6V7-01A-01-TS1.F54912D3-1E21-4605-ACFC-142973524AE2
BLCA,TCGA-DK-AA6L-01A-01-TSA.5794F0C6-9ED6-489A-9621-18CCC5935548,uni2,UNI2,5,Recall@5,1,1,0.717880129814148,HNSC,TCGA-CN-A6V7-01A-01-TS1.F54912D3-1E21-4605-ACFC-142973524AE2
BLCA,TCGA-DK-AA6L-01A-01-TSA.5794F0C6-9ED6-489A-9621-18CCC5935548,uni2,UNI2,10,Recall@10,1,1,0.717880129814148,HNSC,TCGA-CN-A6V7-01A-01-TS1.F54912D3-1E21-4605-ACFC-142973524AE2
BLCA,TCGA-DK-AA77-01A-01-TSA.26CAF5CB-CC4F-4522-BD2B-343FB70205FE,uni2,UNI2,1,Recall@1,0,0,0.885693371295929,HNSC,TCGA-CN-A6V7-01A-01-TS1.F54912D3-1E21-4605-ACFC-142973524AE2
BLCA,TCGA-DK-AA77-01A-01-TSA.26CAF5CB-CC4F-4522-BD2B-343FB70205FE,uni2,UNI2,5,Recall@5,1,3,0.885693371295929,HNSC,TCGA-CN-A6V7-01A-01-TS1.F54912D3-1E21-4605-ACFC-142973524AE2
BLCA,TCGA-DK-AA77-01A-01-TSA.26CAF5CB-CC4F-4522-BD2B-343FB70205FE,uni2,UNI2,10,Recall@10,1,4,0.885693371295929,HNSC,TCGA-CN-A6V7-01A-01-TS1.F54912D3-1E21-4605-ACFC-142973524AE2
BLCA,TCGA-FD-A6TK-01Z-00-DX1.B685DA87-72A6-4C38-8AA1-40B6E543383C,uni2,UNI2,1,Recall@1,1,1,0.8643798828125,BLCA,TCGA-XF-A8HB-01Z-00-DX1.D6874152-D20A-4CA4-8E8B-8CBAB5F7D7B5
BLCA,TCGA-FD-A6TK-01Z-00-DX1.B685DA87-72A6-4C38-8AA1-40B6E543383C,uni2,UNI2,5,Recall@5,1,3,0.8643798828125,BLCA,TCGA-XF-A8HB-01Z-00-DX1.D6874152-D20A-4CA4-8E8B-8CBAB5F7D7B5
BLCA,TCGA-FD-A6TK-01Z-00-DX1.B685DA87-72A6-4C38-8AA1-40B6E543383C,uni2,UNI2,10,Recall@10,1,3,0.8643798828125,BLCA,TCGA-XF-A8HB-01Z-00-DX1.D6874152-D20A-4CA4-8E8B-8CBAB5F7D7B5
BLCA,TCGA-GU-AATP-01Z-00-DX1.0D8EC37C-88E7-49D5-A76D-F0A4A3FD8AE4,uni2,UNI2,1,Recall@1,1,1,0.8222233057022095,BLCA,TCGA-XF-A8HB-01Z-00-DX1.D6874152-D20A-4CA4-8E8B-8CBAB5F7D7B5
BLCA,TCGA-GU-AATP-01Z-00-DX1.0D8EC37C-88E7-49D5-A76D-F0A4A3FD8AE4,uni2,UNI2,5,Recall@5,1,3,0.8222233057022095,BLCA,TCGA-XF-A8HB-01Z-00-DX1.D6874152-D20A-4CA4-8E8B-8CBAB5F7D7B5
BLCA,TCGA-GU-AATP-01Z-00-DX1.0D8EC37C-88E7-49D5-A76D-F0A4A3FD8AE4,uni2,UNI2,10,Recall@10,1,4,0.8222233057022095,BLCA,TCGA-XF-A8HB-01Z-00-DX1.D6874152-D20A-4CA4-8E8B-8CBAB5F7D7B5
BLCA,TCGA-XF-A8HB-01Z-00-DX1.D6874152-D20A-4CA4-8E8B-8CBAB5F7D7B5,uni2,UNI2,1,Recall@1,1,1,0.8643798828125,BLCA,TCGA-FD-A6TK-01Z-00-DX1.B685DA87-72A6-4C38-8AA1-40B6E543383C
BLCA,TCGA-XF-A8HB-01Z-00-DX1.D6874152-D20A-4CA4-8E8B-8CBAB5F7D7B5,uni2,UNI2,5,Recall@5,1,3,0.8643798828125,BLCA,TCGA-FD-A6TK-01Z-00-DX1.B685DA87-72A6-4C38-8AA1-40B6E543383C
BLCA,TCGA-XF-A8HB-01Z-00-DX1.D6874152-D20A-4CA4-8E8B-8CBAB5F7D7B5,uni2,UNI2,10,Recall@10,1,4,0.8643798828125,BLCA,TCGA-FD-A6TK-01Z-00-DX1.B685DA87-72A6-4C38-8AA1-40B6E543383C
BLCA,TCGA-ZF-A9R1-01Z-00-DX1.74520759-D448-45B5-B8AD-45502C99A519,uni2,UNI2,1,Recall@1,1,1,0.7877078652381897,BLCA,TCGA-FD-A6TK-01Z-00-DX1.B685DA87-72A6-4C38-8AA1-40B6E543383C
BLCA,TCGA-ZF-A9R1-01Z-00-DX1.74520759-D448-45B5-B8AD-45502C99A519,uni2,UNI2,5,Recall@5,1,3,0.7877078652381897,BLCA,TCGA-FD-A6TK-01Z-00-DX1.B685DA87-72A6-4C38-8AA1-40B6E543383C
BLCA,TCGA-ZF-A9R1-01Z-00-DX1.74520759-D448-45B5-B8AD-45502C99A519,uni2,UNI2,10,Recall@10,1,4,0.7877078652381897,BLCA,TCGA-FD-A6TK-01Z-00-DX1.B685DA87-72A6-4C38-8AA1-40B6E543383C
BLCA,TCGA-ZF-AA51-01Z-00-DX1.128C9731-C206-4E71-9A64-864FA9FD7E96,uni2,UNI2,1,Recall@1,0,0,0.5979099273681641,UCEC,TCGA-AX-A06B-01Z-00-DX2.1757C039-99F7-4087-A9E5-D340AF7220D4
BLCA,TCGA-ZF-AA51-01Z-00-DX1.128C9731-C206-4E71-9A64-864FA9FD7E96,uni2,UNI2,5,Recall@5,1,2,0.5979099273681641,UCEC,TCGA-AX-A06B-01Z-00-DX2.1757C039-99F7-4087-A9E5-D340AF7220D4
BLCA,TCGA-ZF-AA51-01Z-00-DX1.128C9731-C206-4E71-9A64-864FA9FD7E96,uni2,UNI2,10,Recall@10,1,4,0.5979099273681641,UCEC,TCGA-AX-A06B-01Z-00-DX2.1757C039-99F7-4087-A9E5-D340AF7220D4
BRCA,TCGA-A7-A2KD-01Z-00-DX1.BFF2DFC8-1D95-4DC2-98FC-5BD7D7C6CDF5,uni2,UNI2,1,Recall@1,1,1,0.6621717810630798,BRCA,TCGA-BH-A0C1-01Z-00-DX1.21FE357E-B182-4397-BFEF-7E96E994236A
BRCA,TCGA-A7-A2KD-01Z-00-DX1.BFF2DFC8-1D95-4DC2-98FC-5BD7D7C6CDF5,uni2,UNI2,5,Recall@5,1,4,0.6621717810630798,BRCA,TCGA-BH-A0C1-01Z-00-DX1.21FE357E-B182-4397-BFEF-7E96E994236A
BRCA,TCGA-A7-A2KD-01Z-00-DX1.BFF2DFC8-1D95-4DC2-98FC-5BD7D7C6CDF5,uni2,UNI2,10,Recall@10,1,5,0.6621717810630798,BRCA,TCGA-BH-A0C1-01Z-00-DX1.21FE357E-B182-4397-BFEF-7E96E994236A
BRCA,TCGA-AN-A0G0-01Z-00-DX1.BE0BB5DF-DEDA-48D8-B5D8-2735C767F28F,uni2,UNI2,1,Recall@1,1,1,0.6563584804534912,BRCA,TCGA-A7-A2KD-01Z-00-DX1.BFF2DFC8-1D95-4DC2-98FC-5BD7D7C6CDF5
BRCA,TCGA-AN-A0G0-01Z-00-DX1.BE0BB5DF-DEDA-48D8-B5D8-2735C767F28F,uni2,UNI2,5,Recall@5,1,3,0.6563584804534912,BRCA,TCGA-A7-A2KD-01Z-00-DX1.BFF2DFC8-1D95-4DC2-98FC-5BD7D7C6CDF5
BRCA,TCGA-AN-A0G0-01Z-00-DX1.BE0BB5DF-DEDA-48D8-B5D8-2735C767F28F,uni2,UNI2,10,Recall@10,1,5,0.6563584804534912,BRCA,TCGA-A7-A2KD-01Z-00-DX1.BFF2DFC8-1D95-4DC2-98FC-5BD7D7C6CDF5
BRCA,TCGA-AQ-A04L-01Z-00-DX1.F35BF4DD-896A-43C2-8DA6-C67945C003BE,uni2,UNI2,1,Recall@1,1,1,0.6717378497123718,BRCA,TCGA-BH-A0C1-01Z-00-DX1.21FE357E-B182-4397-BFEF-7E96E994236A
BRCA,TCGA-AQ-A04L-01Z-00-DX1.F35BF4DD-896A-43C2-8DA6-C67945C003BE,uni2,UNI2,5,Recall@5,1,5,0.6717378497123718,BRCA,TCGA-BH-A0C1-01Z-00-DX1.21FE357E-B182-4397-BFEF-7E96E994236A
BRCA,TCGA-AQ-A04L-01Z-00-DX1.F35BF4DD-896A-43C2-8DA6-C67945C003BE,uni2,UNI2,10,Recall@10,1,8,0.6717378497123718,BRCA,TCGA-BH-A0C1-01Z-00-DX1.21FE357E-B182-4397-BFEF-7E96E994236A
BRCA,TCGA-AR-A2LK-01Z-00-DX1.FBD59C38-CD4E-4C22-BC74-A57C192A9BBC,uni2,UNI2,1,Recall@1,1,1,0.8728055953979492,BRCA,TCGA-AR-A5QM-01Z-00-DX1.A9017CED-FF57-4090-95B9-94DC91854347
BRCA,TCGA-AR-A2LK-01Z-00-DX1.FBD59C38-CD4E-4C22-BC74-A57C192A9BBC,uni2,UNI2,5,Recall@5,1,5,0.8728055953979492,BRCA,TCGA-AR-A5QM-01Z-00-DX1.A9017CED-FF57-4090-95B9-94DC91854347
BRCA,TCGA-AR-A2LK-01Z-00-DX1.FBD59C38-CD4E-4C22-BC74-A57C192A9BBC,uni2,UNI2,10,Recall@10,1,8,0.8728055953979492,BRCA,TCGA-AR-A5QM-01Z-00-DX1.A9017CED-FF57-4090-95B9-94DC91854347
BRCA,TCGA-AR-A5QM-01Z-00-DX1.A9017CED-FF57-4090-95B9-94DC91854347,uni2,UNI2,1,Recall@1,1,1,0.8728055953979492,BRCA,TCGA-AR-A2LK-01Z-00-DX1.FBD59C38-CD4E-4C22-BC74-A57C192A9BBC
BRCA,TCGA-AR-A5QM-01Z-00-DX1.A9017CED-FF57-4090-95B9-94DC91854347,uni2,UNI2,5,Recall@5,1,5,0.8728055953979492,BRCA,TCGA-AR-A2LK-01Z-00-DX1.FBD59C38-CD4E-4C22-BC74-A57C192A9BBC
BRCA,TCGA-AR-A5QM-01Z-00-DX1.A9017CED-FF57-4090-95B9-94DC91854347,uni2,UNI2,10,Recall@10,1,7,0.8728055953979492,BRCA,TCGA-AR-A2LK-01Z-00-DX1.FBD59C38-CD4E-4C22-BC74-A57C192A9BBC
BRCA,TCGA-BH-A0C1-01Z-00-DX1.21FE357E-B182-4397-BFEF-7E96E994236A,uni2,UNI2,1,Recall@1,1,1,0.8245490789413452,BRCA,TCGA-GM-A3XN-01Z-00-DX1.49F5C8AC-0328-4BC2-9FE2-E7150B7A42E2
BRCA,TCGA-BH-A0C1-01Z-00-DX1.21FE357E-B182-4397-BFEF-7E96E994236A,uni2,UNI2,5,Recall@5,1,4,0.8245490789413452,BRCA,TCGA-GM-A3XN-01Z-00-DX1.49F5C8AC-0328-4BC2-9FE2-E7150B7A42E2
BRCA,TCGA-BH-A0C1-01Z-00-DX1.21FE357E-B182-4397-BFEF-7E96E994236A,uni2,UNI2,10,Recall@10,1,8,0.8245490789413452,BRCA,TCGA-GM-A3XN-01Z-00-DX1.49F5C8AC-0328-4BC2-9FE2-E7150B7A42E2
BRCA,TCGA-D8-A1X8-01Z-00-DX1.DDA3866E-C7CC-4650-BE2B-5C9A98A2D531,uni2,UNI2,1,Recall@1,1,1,0.7702481746673584,BRCA,TCGA-GM-A3XN-01Z-00-DX1.49F5C8AC-0328-4BC2-9FE2-E7150B7A42E2
BRCA,TCGA-D8-A1X8-01Z-00-DX1.DDA3866E-C7CC-4650-BE2B-5C9A98A2D531,uni2,UNI2,5,Recall@5,1,5,0.7702481746673584,BRCA,TCGA-GM-A3XN-01Z-00-DX1.49F5C8AC-0328-4BC2-9FE2-E7150B7A42E2
BRCA,TCGA-D8-A1X8-01Z-00-DX1.DDA3866E-C7CC-4650-BE2B-5C9A98A2D531,uni2,UNI2,10,Recall@10,1,7,0.7702481746673584,BRCA,TCGA-GM-A3XN-01Z-00-DX1.49F5C8AC-0328-4BC2-9FE2-E7150B7A42E2
BRCA,TCGA-E2-A14P-01Z-00-DX1.663B02FF-C64B-41A6-8685-FD61CD76F9C6,uni2,UNI2,1,Recall@1,1,1,0.7278311252593994,BRCA,TCGA-GM-A3XN-01Z-00-DX1.49F5C8AC-0328-4BC2-9FE2-E7150B7A42E2
BRCA,TCGA-E2-A14P-01Z-00-DX1.663B02FF-C64B-41A6-8685-FD61CD76F9C6,uni2,UNI2,5,Recall@5,1,3,0.7278311252593994,BRCA,TCGA-GM-A3XN-01Z-00-DX1.49F5C8AC-0328-4BC2-9FE2-E7150B7A42E2
BRCA,TCGA-E2-A14P-01Z-00-DX1.663B02FF-C64B-41A6-8685-FD61CD76F9C6,uni2,UNI2,10,Recall@10,1,6,0.7278311252593994,BRCA,TCGA-GM-A3XN-01Z-00-DX1.49F5C8AC-0328-4BC2-9FE2-E7150B7A42E2
BRCA,TCGA-E2-A1LA-01Z-00-DX1.AE49E943-B830-4ED9-B09E-E499441BC2EC,uni2,UNI2,1,Recall@1,1,1,0.74809730052948,BRCA,TCGA-BH-A0C1-01Z-00-DX1.21FE357E-B182-4397-BFEF-7E96E994236A
BRCA,TCGA-E2-A1LA-01Z-00-DX1.AE49E943-B830-4ED9-B09E-E499441BC2EC,uni2,UNI2,5,Recall@5,1,4,0.74809730052948,BRCA,TCGA-BH-A0C1-01Z-00-DX1.21FE357E-B182-4397-BFEF-7E96E994236A
BRCA,TCGA-E2-A1LA-01Z-00-DX1.AE49E943-B830-4ED9-B09E-E499441BC2EC,uni2,UNI2,10,Recall@10,1,7,0.74809730052948,BRCA,TCGA-BH-A0C1-01Z-00-DX1.21FE357E-B182-4397-BFEF-7E96E994236A
BRCA,TCGA-GM-A3XN-01Z-00-DX1.49F5C8AC-0328-4BC2-9FE2-E7150B7A42E2,uni2,UNI2,1,Recall@1,1,1,0.8311910033226013,BRCA,TCGA-AR-A5QM-01Z-00-DX1.A9017CED-FF57-4090-95B9-94DC91854347
BRCA,TCGA-GM-A3XN-01Z-00-DX1.49F5C8AC-0328-4BC2-9FE2-E7150B7A42E2,uni2,UNI2,5,Recall@5,1,5,0.8311910033226013,BRCA,TCGA-AR-A5QM-01Z-00-DX1.A9017CED-FF57-4090-95B9-94DC91854347
BRCA,TCGA-GM-A3XN-01Z-00-DX1.49F5C8AC-0328-4BC2-9FE2-E7150B7A42E2,uni2,UNI2,10,Recall@10,1,7,0.8311910033226013,BRCA,TCGA-AR-A5QM-01Z-00-DX1.A9017CED-FF57-4090-95B9-94DC91854347
COAD,TCGA-AY-A8YK-01Z-00-DX1.89E3C546-0425-449B-A6FB-1C35168EA7EB,uni2,UNI2,1,Recall@1,1,1,0.6423740386962891,COAD,TCGA-CM-6169-01Z-00-DX1.0381c243-02b8-4f1d-840c-19ef44d4b92c
COAD,TCGA-AY-A8YK-01Z-00-DX1.89E3C546-0425-449B-A6FB-1C35168EA7EB,uni2,UNI2,5,Recall@5,1,2,0.6423740386962891,COAD,TCGA-CM-6169-01Z-00-DX1.0381c243-02b8-4f1d-840c-19ef44d4b92c
COAD,TCGA-AY-A8YK-01Z-00-DX1.89E3C546-0425-449B-A6FB-1C35168EA7EB,uni2,UNI2,10,Recall@10,1,4,0.6423740386962891,COAD,TCGA-CM-6169-01Z-00-DX1.0381c243-02b8-4f1d-840c-19ef44d4b92c
COAD,TCGA-CK-4947-01Z-00-DX1.b257d5fd-b97b-4987-b088-77f044ca7fe2,uni2,UNI2,1,Recall@1,1,1,0.7772091627120972,COAD,TCGA-G4-6588-01Z-00-DX1.0747172e-f630-4b7c-9341-55078585ae00
COAD,TCGA-CK-4947-01Z-00-DX1.b257d5fd-b97b-4987-b088-77f044ca7fe2,uni2,UNI2,5,Recall@5,1,5,0.7772091627120972,COAD,TCGA-G4-6588-01Z-00-DX1.0747172e-f630-4b7c-9341-55078585ae00
COAD,TCGA-CK-4947-01Z-00-DX1.b257d5fd-b97b-4987-b088-77f044ca7fe2,uni2,UNI2,10,Recall@10,1,5,0.7772091627120972,COAD,TCGA-G4-6588-01Z-00-DX1.0747172e-f630-4b7c-9341-55078585ae00
COAD,TCGA-CM-6168-01Z-00-DX1.96af6eb2-9d51-4671-baf8-1a73d0c66869,uni2,UNI2,1,Recall@1,1,1,0.8672786355018616,COAD,TCGA-CM-6169-01Z-00-DX1.0381c243-02b8-4f1d-840c-19ef44d4b92c
COAD,TCGA-CM-6168-01Z-00-DX1.96af6eb2-9d51-4671-baf8-1a73d0c66869,uni2,UNI2,5,Recall@5,1,4,0.8672786355018616,COAD,TCGA-CM-6169-01Z-00-DX1.0381c243-02b8-4f1d-840c-19ef44d4b92c
COAD,TCGA-CM-6168-01Z-00-DX1.96af6eb2-9d51-4671-baf8-1a73d0c66869,uni2,UNI2,10,Recall@10,1,5,0.8672786355018616,COAD,TCGA-CM-6169-01Z-00-DX1.0381c243-02b8-4f1d-840c-19ef44d4b92c
COAD,TCGA-CM-6169-01Z-00-DX1.0381c243-02b8-4f1d-840c-19ef44d4b92c,uni2,UNI2,1,Recall@1,1,1,0.8672786355018616,COAD,TCGA-CM-6168-01Z-00-DX1.96af6eb2-9d51-4671-baf8-1a73d0c66869
COAD,TCGA-CM-6169-01Z-00-DX1.0381c243-02b8-4f1d-840c-19ef44d4b92c,uni2,UNI2,5,Recall@5,1,5,0.8672786355018616,COAD,TCGA-CM-6168-01Z-00-DX1.96af6eb2-9d51-4671-baf8-1a73d0c66869
COAD,TCGA-CM-6169-01Z-00-DX1.0381c243-02b8-4f1d-840c-19ef44d4b92c,uni2,UNI2,10,Recall@10,1,6,0.8672786355018616,COAD,TCGA-CM-6168-01Z-00-DX1.96af6eb2-9d51-4671-baf8-1a73d0c66869
COAD,TCGA-G4-6309-01Z-00-DX1.3eb20fdc-eb86-4bd5-8194-76b02d4fa472,uni2,UNI2,1,Recall@1,1,1,0.8981754779815674,COAD,TCGA-G4-6588-01Z-00-DX1.0747172e-f630-4b7c-9341-55078585ae00
COAD,TCGA-G4-6309-01Z-00-DX1.3eb20fdc-eb86-4bd5-8194-76b02d4fa472,uni2,UNI2,5,Recall@5,1,4,0.8981754779815674,COAD,TCGA-G4-6588-01Z-00-DX1.0747172e-f630-4b7c-9341-55078585ae00
COAD,TCGA-G4-6309-01Z-00-DX1.3eb20fdc-eb86-4bd5-8194-76b02d4fa472,uni2,UNI2,10,Recall@10,1,5,0.8981754779815674,COAD,TCGA-G4-6588-01Z-00-DX1.0747172e-f630-4b7c-9341-55078585ae00
COAD,TCGA-G4-6310-01Z-00-DX1.b88472d4-3adc-4e4d-b0f2-0dc195a3d7df,uni2,UNI2,1,Recall@1,1,1,0.8232347965240479,COAD,TCGA-CM-6168-01Z-00-DX1.96af6eb2-9d51-4671-baf8-1a73d0c66869
COAD,TCGA-G4-6310-01Z-00-DX1.b88472d4-3adc-4e4d-b0f2-0dc195a3d7df,uni2,UNI2,5,Recall@5,1,4,0.8232347965240479,COAD,TCGA-CM-6168-01Z-00-DX1.96af6eb2-9d51-4671-baf8-1a73d0c66869
COAD,TCGA-G4-6310-01Z-00-DX1.b88472d4-3adc-4e4d-b0f2-0dc195a3d7df,uni2,UNI2,10,Recall@10,1,5,0.8232347965240479,COAD,TCGA-CM-6168-01Z-00-DX1.96af6eb2-9d51-4671-baf8-1a73d0c66869
COAD,TCGA-G4-6588-01Z-00-DX1.0747172e-f630-4b7c-9341-55078585ae00,uni2,UNI2,1,Recall@1,1,1,0.8981754779815674,COAD,TCGA-G4-6309-01Z-00-DX1.3eb20fdc-eb86-4bd5-8194-76b02d4fa472
COAD,TCGA-G4-6588-01Z-00-DX1.0747172e-f630-4b7c-9341-55078585ae00,uni2,UNI2,5,Recall@5,1,5,0.8981754779815674,COAD,TCGA-G4-6309-01Z-00-DX1.3eb20fdc-eb86-4bd5-8194-76b02d4fa472
COAD,TCGA-G4-6588-01Z-00-DX1.0747172e-f630-4b7c-9341-55078585ae00,uni2,UNI2,10,Recall@10,1,5,0.8981754779815674,COAD,TCGA-G4-6309-01Z-00-DX1.3eb20fdc-eb86-4bd5-8194-76b02d4fa472
HNSC,TCGA-BA-6871-01Z-00-DX1.4d9ca329-f8d5-4c31-a20f-9d4fba728326,uni2,UNI2,1,Recall@1,0,0,0.6745778918266296,COAD,TCGA-CK-4947-01Z-00-DX1.b257d5fd-b97b-4987-b088-77f044ca7fe2
HNSC,TCGA-BA-6871-01Z-00-DX1.4d9ca329-f8d5-4c31-a20f-9d4fba728326,uni2,UNI2,5,Recall@5,0,0,0.6745778918266296,COAD,TCGA-CK-4947-01Z-00-DX1.b257d5fd-b97b-4987-b088-77f044ca7fe2
HNSC,TCGA-BA-6871-01Z-00-DX1.4d9ca329-f8d5-4c31-a20f-9d4fba728326,uni2,UNI2,10,Recall@10,1,2,0.6745778918266296,COAD,TCGA-CK-4947-01Z-00-DX1.b257d5fd-b97b-4987-b088-77f044ca7fe2
HNSC,TCGA-BA-6872-01Z-00-DX1.F99F6394-D319-4599-B124-D2A6692FA096,uni2,UNI2,1,Recall@1,1,1,0.5715543031692505,HNSC,TCGA-BA-6871-01Z-00-DX1.4d9ca329-f8d5-4c31-a20f-9d4fba728326
HNSC,TCGA-BA-6872-01Z-00-DX1.F99F6394-D319-4599-B124-D2A6692FA096,uni2,UNI2,5,Recall@5,1,2,0.5715543031692505,HNSC,TCGA-BA-6871-01Z-00-DX1.4d9ca329-f8d5-4c31-a20f-9d4fba728326
HNSC,TCGA-BA-6872-01Z-00-DX1.F99F6394-D319-4599-B124-D2A6692FA096,uni2,UNI2,10,Recall@10,1,2,0.5715543031692505,HNSC,TCGA-BA-6871-01Z-00-DX1.4d9ca329-f8d5-4c31-a20f-9d4fba728326
HNSC,TCGA-CN-A6V7-01A-01-TS1.F54912D3-1E21-4605-ACFC-142973524AE2,uni2,UNI2,1,Recall@1,0,0,0.885693371295929,BLCA,TCGA-DK-AA77-01A-01-TSA.26CAF5CB-CC4F-4522-BD2B-343FB70205FE
HNSC,TCGA-CN-A6V7-01A-01-TS1.F54912D3-1E21-4605-ACFC-142973524AE2,uni2,UNI2,5,Recall@5,1,2,0.885693371295929,BLCA,TCGA-DK-AA77-01A-01-TSA.26CAF5CB-CC4F-4522-BD2B-343FB70205FE
HNSC,TCGA-CN-A6V7-01A-01-TS1.F54912D3-1E21-4605-ACFC-142973524AE2,uni2,UNI2,10,Recall@10,1,3,0.885693371295929,BLCA,TCGA-DK-AA77-01A-01-TSA.26CAF5CB-CC4F-4522-BD2B-343FB70205FE
HNSC,TCGA-CV-6935-01Z-00-DX1.9C449CB2-FB6D-41D1-A4A6-3069DC84A697,uni2,UNI2,1,Recall@1,1,1,0.7610533237457275,HNSC,TCGA-CV-A45O-01Z-00-DX1.8CBD0CCC-C815-475D-87F9-76272F4F715B
HNSC,TCGA-CV-6935-01Z-00-DX1.9C449CB2-FB6D-41D1-A4A6-3069DC84A697,uni2,UNI2,5,Recall@5,1,3,0.7610533237457275,HNSC,TCGA-CV-A45O-01Z-00-DX1.8CBD0CCC-C815-475D-87F9-76272F4F715B
HNSC,TCGA-CV-6935-01Z-00-DX1.9C449CB2-FB6D-41D1-A4A6-3069DC84A697,uni2,UNI2,10,Recall@10,1,3,0.7610533237457275,HNSC,TCGA-CV-A45O-01Z-00-DX1.8CBD0CCC-C815-475D-87F9-76272F4F715B
HNSC,TCGA-CV-A45O-01Z-00-DX1.8CBD0CCC-C815-475D-87F9-76272F4F715B,uni2,UNI2,1,Recall@1,1,1,0.7610533237457275,HNSC,TCGA-CV-6935-01Z-00-DX1.9C449CB2-FB6D-41D1-A4A6-3069DC84A697
HNSC,TCGA-CV-A45O-01Z-00-DX1.8CBD0CCC-C815-475D-87F9-76272F4F715B,uni2,UNI2,5,Recall@5,1,4,0.7610533237457275,HNSC,TCGA-CV-6935-01Z-00-DX1.9C449CB2-FB6D-41D1-A4A6-3069DC84A697
HNSC,TCGA-CV-A45O-01Z-00-DX1.8CBD0CCC-C815-475D-87F9-76272F4F715B,uni2,UNI2,10,Recall@10,1,4,0.7610533237457275,HNSC,TCGA-CV-6935-01Z-00-DX1.9C449CB2-FB6D-41D1-A4A6-3069DC84A697
HNSC,TCGA-CV-A6JE-01Z-00-DX1.20137D17-19B3-49FF-9C3D-60933157E409,uni2,UNI2,1,Recall@1,1,1,0.6593766808509827,HNSC,TCGA-CV-A45O-01Z-00-DX1.8CBD0CCC-C815-475D-87F9-76272F4F715B
HNSC,TCGA-CV-A6JE-01Z-00-DX1.20137D17-19B3-49FF-9C3D-60933157E409,uni2,UNI2,5,Recall@5,1,3,0.6593766808509827,HNSC,TCGA-CV-A45O-01Z-00-DX1.8CBD0CCC-C815-475D-87F9-76272F4F715B
HNSC,TCGA-CV-A6JE-01Z-00-DX1.20137D17-19B3-49FF-9C3D-60933157E409,uni2,UNI2,10,Recall@10,1,4,0.6593766808509827,HNSC,TCGA-CV-A45O-01Z-00-DX1.8CBD0CCC-C815-475D-87F9-76272F4F715B
HNSC,TCGA-CV-A6JU-01Z-00-DX1.35A3A1F0-9D6C-4794-B501-E56E48C51DF9,uni2,UNI2,1,Recall@1,1,1,0.6619435548782349,HNSC,TCGA-UF-A719-01Z-00-DX1.4C4ECC2C-C390-4C5E-A709-CF08C113F1A1
HNSC,TCGA-CV-A6JU-01Z-00-DX1.35A3A1F0-9D6C-4794-B501-E56E48C51DF9,uni2,UNI2,5,Recall@5,1,2,0.6619435548782349,HNSC,TCGA-UF-A719-01Z-00-DX1.4C4ECC2C-C390-4C5E-A709-CF08C113F1A1
HNSC,TCGA-CV-A6JU-01Z-00-DX1.35A3A1F0-9D6C-4794-B501-E56E48C51DF9,uni2,UNI2,10,Recall@10,1,3,0.6619435548782349,HNSC,TCGA-UF-A719-01Z-00-DX1.4C4ECC2C-C390-4C5E-A709-CF08C113F1A1
HNSC,TCGA-UF-A719-01Z-00-DX1.4C4ECC2C-C390-4C5E-A709-CF08C113F1A1,uni2,UNI2,1,Recall@1,0,0,0.7289752960205078,STAD,TCGA-VQ-A8PY-01Z-00-DX1.EA2C7386-012A-442A-95B3-FFA12BD2684D
HNSC,TCGA-UF-A719-01Z-00-DX1.4C4ECC2C-C390-4C5E-A709-CF08C113F1A1,uni2,UNI2,5,Recall@5,1,1,0.7289752960205078,STAD,TCGA-VQ-A8PY-01Z-00-DX1.EA2C7386-012A-442A-95B3-FFA12BD2684D
HNSC,TCGA-UF-A719-01Z-00-DX1.4C4ECC2C-C390-4C5E-A709-CF08C113F1A1,uni2,UNI2,10,Recall@10,1,2,0.7289752960205078,STAD,TCGA-VQ-A8PY-01Z-00-DX1.EA2C7386-012A-442A-95B3-FFA12BD2684D
KIRC,TCGA-A3-3346-01Z-00-DX1.95280216-fd71-4a03-b452-6e3d667f2542,uni2,UNI2,1,Recall@1,1,1,0.6959391236305237,KIRC,TCGA-B0-5094-01Z-00-DX1.eac31fe2-09da-4ecf-8e25-c073cbb03295
KIRC,TCGA-A3-3346-01Z-00-DX1.95280216-fd71-4a03-b452-6e3d667f2542,uni2,UNI2,5,Recall@5,1,5,0.6959391236305237,KIRC,TCGA-B0-5094-01Z-00-DX1.eac31fe2-09da-4ecf-8e25-c073cbb03295
KIRC,TCGA-A3-3346-01Z-00-DX1.95280216-fd71-4a03-b452-6e3d667f2542,uni2,UNI2,10,Recall@10,1,7,0.6959391236305237,KIRC,TCGA-B0-5094-01Z-00-DX1.eac31fe2-09da-4ecf-8e25-c073cbb03295
KIRC,TCGA-A3-A8CQ-01Z-00-DX1.78DA0827-5FB8-4B9F-A845-22F85830B5FB,uni2,UNI2,1,Recall@1,1,1,0.8234221935272217,KIRC,TCGA-B0-5711-01Z-00-DX1.6839921f-ec08-4e94-8bf9-4b5a4fcdda45
KIRC,TCGA-A3-A8CQ-01Z-00-DX1.78DA0827-5FB8-4B9F-A845-22F85830B5FB,uni2,UNI2,5,Recall@5,1,5,0.8234221935272217,KIRC,TCGA-B0-5711-01Z-00-DX1.6839921f-ec08-4e94-8bf9-4b5a4fcdda45
KIRC,TCGA-A3-A8CQ-01Z-00-DX1.78DA0827-5FB8-4B9F-A845-22F85830B5FB,uni2,UNI2,10,Recall@10,1,7,0.8234221935272217,KIRC,TCGA-B0-5711-01Z-00-DX1.6839921f-ec08-4e94-8bf9-4b5a4fcdda45
KIRC,TCGA-AK-3444-01Z-00-DX1.1F0E0B47-29FF-456F-800A-539983FDCFAA,uni2,UNI2,1,Recall@1,1,1,0.7695436477661133,KIRC,TCGA-B0-5711-01Z-00-DX1.6839921f-ec08-4e94-8bf9-4b5a4fcdda45
KIRC,TCGA-AK-3444-01Z-00-DX1.1F0E0B47-29FF-456F-800A-539983FDCFAA,uni2,UNI2,5,Recall@5,1,5,0.7695436477661133,KIRC,TCGA-B0-5711-01Z-00-DX1.6839921f-ec08-4e94-8bf9-4b5a4fcdda45
KIRC,TCGA-AK-3444-01Z-00-DX1.1F0E0B47-29FF-456F-800A-539983FDCFAA,uni2,UNI2,10,Recall@10,1,8,0.7695436477661133,KIRC,TCGA-B0-5711-01Z-00-DX1.6839921f-ec08-4e94-8bf9-4b5a4fcdda45
KIRC,TCGA-B0-5094-01Z-00-DX1.eac31fe2-09da-4ecf-8e25-c073cbb03295,uni2,UNI2,1,Recall@1,1,1,0.7189560532569885,KIRC,TCGA-B0-5711-01Z-00-DX1.6839921f-ec08-4e94-8bf9-4b5a4fcdda45
KIRC,TCGA-B0-5094-01Z-00-DX1.eac31fe2-09da-4ecf-8e25-c073cbb03295,uni2,UNI2,5,Recall@5,1,5,0.7189560532569885,KIRC,TCGA-B0-5711-01Z-00-DX1.6839921f-ec08-4e94-8bf9-4b5a4fcdda45
KIRC,TCGA-B0-5094-01Z-00-DX1.eac31fe2-09da-4ecf-8e25-c073cbb03295,uni2,UNI2,10,Recall@10,1,6,0.7189560532569885,KIRC,TCGA-B0-5711-01Z-00-DX1.6839921f-ec08-4e94-8bf9-4b5a4fcdda45
KIRC,TCGA-B0-5106-01Z-00-DX1.564e51a3-be50-4eed-ba9c-4d478b96ffc6,uni2,UNI2,1,Recall@1,1,1,0.8907235860824585,KIRC,TCGA-B0-5711-01Z-00-DX1.6839921f-ec08-4e94-8bf9-4b5a4fcdda45
KIRC,TCGA-B0-5106-01Z-00-DX1.564e51a3-be50-4eed-ba9c-4d478b96ffc6,uni2,UNI2,5,Recall@5,1,5,0.8907235860824585,KIRC,TCGA-B0-5711-01Z-00-DX1.6839921f-ec08-4e94-8bf9-4b5a4fcdda45
KIRC,TCGA-B0-5106-01Z-00-DX1.564e51a3-be50-4eed-ba9c-4d478b96ffc6,uni2,UNI2,10,Recall@10,1,7,0.8907235860824585,KIRC,TCGA-B0-5711-01Z-00-DX1.6839921f-ec08-4e94-8bf9-4b5a4fcdda45
KIRC,TCGA-B0-5711-01Z-00-DX1.6839921f-ec08-4e94-8bf9-4b5a4fcdda45,uni2,UNI2,1,Recall@1,1,1,0.8907235860824585,KIRC,TCGA-B0-5106-01Z-00-DX1.564e51a3-be50-4eed-ba9c-4d478b96ffc6
KIRC,TCGA-B0-5711-01Z-00-DX1.6839921f-ec08-4e94-8bf9-4b5a4fcdda45,uni2,UNI2,5,Recall@5,1,5,0.8907235860824585,KIRC,TCGA-B0-5106-01Z-00-DX1.564e51a3-be50-4eed-ba9c-4d478b96ffc6
KIRC,TCGA-B0-5711-01Z-00-DX1.6839921f-ec08-4e94-8bf9-4b5a4fcdda45,uni2,UNI2,10,Recall@10,1,7,0.8907235860824585,KIRC,TCGA-B0-5106-01Z-00-DX1.564e51a3-be50-4eed-ba9c-4d478b96ffc6
KIRC,TCGA-B2-5633-01Z-00-DX1.c55a29ca-468e-46de-9ff5-a51f46fe09fd,uni2,UNI2,1,Recall@1,1,1,0.8290160894393921,KIRC,TCGA-B0-5106-01Z-00-DX1.564e51a3-be50-4eed-ba9c-4d478b96ffc6
KIRC,TCGA-B2-5633-01Z-00-DX1.c55a29ca-468e-46de-9ff5-a51f46fe09fd,uni2,UNI2,5,Recall@5,1,5,0.8290160894393921,KIRC,TCGA-B0-5106-01Z-00-DX1.564e51a3-be50-4eed-ba9c-4d478b96ffc6
KIRC,TCGA-B2-5633-01Z-00-DX1.c55a29ca-468e-46de-9ff5-a51f46fe09fd,uni2,UNI2,10,Recall@10,1,8,0.8290160894393921,KIRC,TCGA-B0-5106-01Z-00-DX1.564e51a3-be50-4eed-ba9c-4d478b96ffc6
KIRC,TCGA-BP-4991-01Z-00-DX1.71305f5c-ca59-48fa-bb82-4b441c1fffdc,uni2,UNI2,1,Recall@1,1,1,0.801559329032898,KIRC,TCGA-B0-5106-01Z-00-DX1.564e51a3-be50-4eed-ba9c-4d478b96ffc6
KIRC,TCGA-BP-4991-01Z-00-DX1.71305f5c-ca59-48fa-bb82-4b441c1fffdc,uni2,UNI2,5,Recall@5,1,5,0.801559329032898,KIRC,TCGA-B0-5106-01Z-00-DX1.564e51a3-be50-4eed-ba9c-4d478b96ffc6
KIRC,TCGA-BP-4991-01Z-00-DX1.71305f5c-ca59-48fa-bb82-4b441c1fffdc,uni2,UNI2,10,Recall@10,1,7,0.801559329032898,KIRC,TCGA-B0-5106-01Z-00-DX1.564e51a3-be50-4eed-ba9c-4d478b96ffc6
KIRC,TCGA-BP-5201-01Z-00-DX1.d1a9878e-bb97-48fb-9098-9d9337f06250,uni2,UNI2,1,Recall@1,1,1,0.4615582823753357,KIRC,TCGA-B0-5094-01Z-00-DX1.eac31fe2-09da-4ecf-8e25-c073cbb03295
KIRC,TCGA-BP-5201-01Z-00-DX1.d1a9878e-bb97-48fb-9098-9d9337f06250,uni2,UNI2,5,Recall@5,1,2,0.4615582823753357,KIRC,TCGA-B0-5094-01Z-00-DX1.eac31fe2-09da-4ecf-8e25-c073cbb03295
KIRC,TCGA-BP-5201-01Z-00-DX1.d1a9878e-bb97-48fb-9098-9d9337f06250,uni2,UNI2,10,Recall@10,1,6,0.4615582823753357,KIRC,TCGA-B0-5094-01Z-00-DX1.eac31fe2-09da-4ecf-8e25-c073cbb03295
LUAD,TCGA-55-6986-01Z-00-DX1.ae52d41e-3cd6-4d36-b04b-2ea7d29bd8da,uni2,UNI2,1,Recall@1,1,1,0.7673724889755249,LUAD,TCGA-86-8668-01Z-00-DX1.d720d486-02c7-4f98-8feb-e0e50a12c158
LUAD,TCGA-55-6986-01Z-00-DX1.ae52d41e-3cd6-4d36-b04b-2ea7d29bd8da,uni2,UNI2,5,Recall@5,1,5,0.7673724889755249,LUAD,TCGA-86-8668-01Z-00-DX1.d720d486-02c7-4f98-8feb-e0e50a12c158
LUAD,TCGA-55-6986-01Z-00-DX1.ae52d41e-3cd6-4d36-b04b-2ea7d29bd8da,uni2,UNI2,10,Recall@10,1,6,0.7673724889755249,LUAD,TCGA-86-8668-01Z-00-DX1.d720d486-02c7-4f98-8feb-e0e50a12c158
LUAD,TCGA-64-5779-01Z-00-DX1.B3268447-DCE0-4927-B5A9-EC4D61E9B17D,uni2,UNI2,1,Recall@1,0,0,0.5598884224891663,UCEC,TCGA-EY-A1GQ-01Z-00-DX1.03D52C6F-515E-4A4F-A08E-31D773BCC67F
LUAD,TCGA-64-5779-01Z-00-DX1.B3268447-DCE0-4927-B5A9-EC4D61E9B17D,uni2,UNI2,5,Recall@5,1,1,0.5598884224891663,UCEC,TCGA-EY-A1GQ-01Z-00-DX1.03D52C6F-515E-4A4F-A08E-31D773BCC67F
LUAD,TCGA-64-5779-01Z-00-DX1.B3268447-DCE0-4927-B5A9-EC4D61E9B17D,uni2,UNI2,10,Recall@10,1,1,0.5598884224891663,UCEC,TCGA-EY-A1GQ-01Z-00-DX1.03D52C6F-515E-4A4F-A08E-31D773BCC67F
LUAD,TCGA-78-7158-01Z-00-DX1.74db3dcd-2715-4ce7-8e48-30c8b7946ba0,uni2,UNI2,1,Recall@1,1,1,0.69851154088974,LUAD,TCGA-55-6986-01Z-00-DX1.ae52d41e-3cd6-4d36-b04b-2ea7d29bd8da
LUAD,TCGA-78-7158-01Z-00-DX1.74db3dcd-2715-4ce7-8e48-30c8b7946ba0,uni2,UNI2,5,Recall@5,1,4,0.69851154088974,LUAD,TCGA-55-6986-01Z-00-DX1.ae52d41e-3cd6-4d36-b04b-2ea7d29bd8da
LUAD,TCGA-78-7158-01Z-00-DX1.74db3dcd-2715-4ce7-8e48-30c8b7946ba0,uni2,UNI2,10,Recall@10,1,7,0.69851154088974,LUAD,TCGA-55-6986-01Z-00-DX1.ae52d41e-3cd6-4d36-b04b-2ea7d29bd8da
LUAD,TCGA-78-7163-01Z-00-DX1.42880bdf-271d-41dd-aada-e7ec1156ff31,uni2,UNI2,1,Recall@1,1,1,0.7192109823226929,LUAD,TCGA-55-6986-01Z-00-DX1.ae52d41e-3cd6-4d36-b04b-2ea7d29bd8da
LUAD,TCGA-78-7163-01Z-00-DX1.42880bdf-271d-41dd-aada-e7ec1156ff31,uni2,UNI2,5,Recall@5,1,5,0.7192109823226929,LUAD,TCGA-55-6986-01Z-00-DX1.ae52d41e-3cd6-4d36-b04b-2ea7d29bd8da
LUAD,TCGA-78-7163-01Z-00-DX1.42880bdf-271d-41dd-aada-e7ec1156ff31,uni2,UNI2,10,Recall@10,1,7,0.7192109823226929,LUAD,TCGA-55-6986-01Z-00-DX1.ae52d41e-3cd6-4d36-b04b-2ea7d29bd8da
LUAD,TCGA-78-7536-01Z-00-DX1.6b066140-8b82-40a5-bd48-430eeb4463fe,uni2,UNI2,1,Recall@1,0,0,0.596660315990448,COAD,TCGA-CM-6169-01Z-00-DX1.0381c243-02b8-4f1d-840c-19ef44d4b92c
LUAD,TCGA-78-7536-01Z-00-DX1.6b066140-8b82-40a5-bd48-430eeb4463fe,uni2,UNI2,5,Recall@5,1,2,0.596660315990448,COAD,TCGA-CM-6169-01Z-00-DX1.0381c243-02b8-4f1d-840c-19ef44d4b92c
LUAD,TCGA-78-7536-01Z-00-DX1.6b066140-8b82-40a5-bd48-430eeb4463fe,uni2,UNI2,10,Recall@10,1,3,0.596660315990448,COAD,TCGA-CM-6169-01Z-00-DX1.0381c243-02b8-4f1d-840c-19ef44d4b92c
LUAD,TCGA-86-8668-01Z-00-DX1.d720d486-02c7-4f98-8feb-e0e50a12c158,uni2,UNI2,1,Recall@1,1,1,0.7673724889755249,LUAD,TCGA-55-6986-01Z-00-DX1.ae52d41e-3cd6-4d36-b04b-2ea7d29bd8da
LUAD,TCGA-86-8668-01Z-00-DX1.d720d486-02c7-4f98-8feb-e0e50a12c158,uni2,UNI2,5,Recall@5,1,5,0.7673724889755249,LUAD,TCGA-55-6986-01Z-00-DX1.ae52d41e-3cd6-4d36-b04b-2ea7d29bd8da
LUAD,TCGA-86-8668-01Z-00-DX1.d720d486-02c7-4f98-8feb-e0e50a12c158,uni2,UNI2,10,Recall@10,1,6,0.7673724889755249,LUAD,TCGA-55-6986-01Z-00-DX1.ae52d41e-3cd6-4d36-b04b-2ea7d29bd8da
LUAD,TCGA-97-A4LX-01Z-00-DX1.B2334672-A626-4E74-B4D1-A79F70F65909,uni2,UNI2,1,Recall@1,1,1,0.8826802968978882,LUAD,TCGA-97-A4M2-01Z-00-DX1.5C72522C-1538-4D68-B517-5FB05A9D401A
LUAD,TCGA-97-A4LX-01Z-00-DX1.B2334672-A626-4E74-B4D1-A79F70F65909,uni2,UNI2,5,Recall@5,1,4,0.8826802968978882,LUAD,TCGA-97-A4M2-01Z-00-DX1.5C72522C-1538-4D68-B517-5FB05A9D401A
LUAD,TCGA-97-A4LX-01Z-00-DX1.B2334672-A626-4E74-B4D1-A79F70F65909,uni2,UNI2,10,Recall@10,1,5,0.8826802968978882,LUAD,TCGA-97-A4M2-01Z-00-DX1.5C72522C-1538-4D68-B517-5FB05A9D401A
LUAD,TCGA-97-A4M2-01Z-00-DX1.5C72522C-1538-4D68-B517-5FB05A9D401A,uni2,UNI2,1,Recall@1,1,1,0.8826802968978882,LUAD,TCGA-97-A4LX-01Z-00-DX1.B2334672-A626-4E74-B4D1-A79F70F65909
LUAD,TCGA-97-A4M2-01Z-00-DX1.5C72522C-1538-4D68-B517-5FB05A9D401A,uni2,UNI2,5,Recall@5,1,5,0.8826802968978882,LUAD,TCGA-97-A4LX-01Z-00-DX1.B2334672-A626-4E74-B4D1-A79F70F65909
LUAD,TCGA-97-A4M2-01Z-00-DX1.5C72522C-1538-4D68-B517-5FB05A9D401A,uni2,UNI2,10,Recall@10,1,6,0.8826802968978882,LUAD,TCGA-97-A4LX-01Z-00-DX1.B2334672-A626-4E74-B4D1-A79F70F65909
LUAD,TCGA-J2-A4AE-01Z-00-DX1.42C5DE4A-7787-4E59-8969-D12503262C96,uni2,UNI2,1,Recall@1,1,1,0.8513634204864502,LUAD,TCGA-97-A4LX-01Z-00-DX1.B2334672-A626-4E74-B4D1-A79F70F65909
LUAD,TCGA-J2-A4AE-01Z-00-DX1.42C5DE4A-7787-4E59-8969-D12503262C96,uni2,UNI2,5,Recall@5,1,5,0.8513634204864502,LUAD,TCGA-97-A4LX-01Z-00-DX1.B2334672-A626-4E74-B4D1-A79F70F65909
LUAD,TCGA-J2-A4AE-01Z-00-DX1.42C5DE4A-7787-4E59-8969-D12503262C96,uni2,UNI2,10,Recall@10,1,6,0.8513634204864502,LUAD,TCGA-97-A4LX-01Z-00-DX1.B2334672-A626-4E74-B4D1-A79F70F65909
STAD,TCGA-BR-6452-01Z-00-DX1.aec8246e-9dce-436d-9faa-df8fa1f6e47c,uni2,UNI2,1,Recall@1,1,1,0.816699206829071,STAD,TCGA-BR-6454-01Z-00-DX1.63fb6280-2b43-49b2-960a-eb9c0e8b617c
STAD,TCGA-BR-6452-01Z-00-DX1.aec8246e-9dce-436d-9faa-df8fa1f6e47c,uni2,UNI2,5,Recall@5,1,3,0.816699206829071,STAD,TCGA-BR-6454-01Z-00-DX1.63fb6280-2b43-49b2-960a-eb9c0e8b617c
STAD,TCGA-BR-6452-01Z-00-DX1.aec8246e-9dce-436d-9faa-df8fa1f6e47c,uni2,UNI2,10,Recall@10,1,3,0.816699206829071,STAD,TCGA-BR-6454-01Z-00-DX1.63fb6280-2b43-49b2-960a-eb9c0e8b617c
STAD,TCGA-BR-6454-01Z-00-DX1.63fb6280-2b43-49b2-960a-eb9c0e8b617c,uni2,UNI2,1,Recall@1,1,1,0.816699206829071,STAD,TCGA-BR-6452-01Z-00-DX1.aec8246e-9dce-436d-9faa-df8fa1f6e47c
STAD,TCGA-BR-6454-01Z-00-DX1.63fb6280-2b43-49b2-960a-eb9c0e8b617c,uni2,UNI2,5,Recall@5,1,3,0.816699206829071,STAD,TCGA-BR-6452-01Z-00-DX1.aec8246e-9dce-436d-9faa-df8fa1f6e47c
STAD,TCGA-BR-6454-01Z-00-DX1.63fb6280-2b43-49b2-960a-eb9c0e8b617c,uni2,UNI2,10,Recall@10,1,4,0.816699206829071,STAD,TCGA-BR-6452-01Z-00-DX1.aec8246e-9dce-436d-9faa-df8fa1f6e47c
STAD,TCGA-BR-A4CQ-01Z-00-DX1.B63282A5-154D-441B-BF96-5BB26CB6D95E,uni2,UNI2,1,Recall@1,0,0,0.705219030380249,UCEC,TCGA-AX-A06B-01Z-00-DX2.1757C039-99F7-4087-A9E5-D340AF7220D4
STAD,TCGA-BR-A4CQ-01Z-00-DX1.B63282A5-154D-441B-BF96-5BB26CB6D95E,uni2,UNI2,5,Recall@5,1,3,0.705219030380249,UCEC,TCGA-AX-A06B-01Z-00-DX2.1757C039-99F7-4087-A9E5-D340AF7220D4
STAD,TCGA-BR-A4CQ-01Z-00-DX1.B63282A5-154D-441B-BF96-5BB26CB6D95E,uni2,UNI2,10,Recall@10,1,5,0.705219030380249,UCEC,TCGA-AX-A06B-01Z-00-DX2.1757C039-99F7-4087-A9E5-D340AF7220D4
STAD,TCGA-CD-A487-01Z-00-DX1.A026BD2F-B721-4340-83D5-7AA39227C90F,uni2,UNI2,1,Recall@1,1,1,0.6744334697723389,STAD,TCGA-VQ-A8PY-01Z-00-DX1.EA2C7386-012A-442A-95B3-FFA12BD2684D
STAD,TCGA-CD-A487-01Z-00-DX1.A026BD2F-B721-4340-83D5-7AA39227C90F,uni2,UNI2,5,Recall@5,1,2,0.6744334697723389,STAD,TCGA-VQ-A8PY-01Z-00-DX1.EA2C7386-012A-442A-95B3-FFA12BD2684D
STAD,TCGA-CD-A487-01Z-00-DX1.A026BD2F-B721-4340-83D5-7AA39227C90F,uni2,UNI2,10,Recall@10,1,3,0.6744334697723389,STAD,TCGA-VQ-A8PY-01Z-00-DX1.EA2C7386-012A-442A-95B3-FFA12BD2684D
STAD,TCGA-FP-8209-01Z-00-DX1.a5e13081-1631-44d4-8d6a-c229a22c2311,uni2,UNI2,1,Recall@1,0,0,0.7356223464012146,COAD,TCGA-G4-6309-01Z-00-DX1.3eb20fdc-eb86-4bd5-8194-76b02d4fa472
STAD,TCGA-FP-8209-01Z-00-DX1.a5e13081-1631-44d4-8d6a-c229a22c2311,uni2,UNI2,5,Recall@5,1,1,0.7356223464012146,COAD,TCGA-G4-6309-01Z-00-DX1.3eb20fdc-eb86-4bd5-8194-76b02d4fa472
STAD,TCGA-FP-8209-01Z-00-DX1.a5e13081-1631-44d4-8d6a-c229a22c2311,uni2,UNI2,10,Recall@10,1,2,0.7356223464012146,COAD,TCGA-G4-6309-01Z-00-DX1.3eb20fdc-eb86-4bd5-8194-76b02d4fa472
STAD,TCGA-SW-A7EA-01Z-00-DX1.C5E1BE0E-0A25-4480-A3AC-DB2ED7471A4E,uni2,UNI2,1,Recall@1,1,1,0.6241223812103271,STAD,TCGA-CD-A487-01Z-00-DX1.A026BD2F-B721-4340-83D5-7AA39227C90F
STAD,TCGA-SW-A7EA-01Z-00-DX1.C5E1BE0E-0A25-4480-A3AC-DB2ED7471A4E,uni2,UNI2,5,Recall@5,1,4,0.6241223812103271,STAD,TCGA-CD-A487-01Z-00-DX1.A026BD2F-B721-4340-83D5-7AA39227C90F
STAD,TCGA-SW-A7EA-01Z-00-DX1.C5E1BE0E-0A25-4480-A3AC-DB2ED7471A4E,uni2,UNI2,10,Recall@10,1,4,0.6241223812103271,STAD,TCGA-CD-A487-01Z-00-DX1.A026BD2F-B721-4340-83D5-7AA39227C90F
STAD,TCGA-VQ-A8PY-01Z-00-DX1.EA2C7386-012A-442A-95B3-FFA12BD2684D,uni2,UNI2,1,Recall@1,0,0,0.7626165151596069,BLCA,TCGA-FD-A6TK-01Z-00-DX1.B685DA87-72A6-4C38-8AA1-40B6E543383C
STAD,TCGA-VQ-A8PY-01Z-00-DX1.EA2C7386-012A-442A-95B3-FFA12BD2684D,uni2,UNI2,5,Recall@5,1,1,0.7626165151596069,BLCA,TCGA-FD-A6TK-01Z-00-DX1.B685DA87-72A6-4C38-8AA1-40B6E543383C
STAD,TCGA-VQ-A8PY-01Z-00-DX1.EA2C7386-012A-442A-95B3-FFA12BD2684D,uni2,UNI2,10,Recall@10,1,2,0.7626165151596069,BLCA,TCGA-FD-A6TK-01Z-00-DX1.B685DA87-72A6-4C38-8AA1-40B6E543383C
STAD,TCGA-VQ-A924-01Z-00-DX1.736B41F3-9678-4FAF-AE86-FCAC4F6DCBD3,uni2,UNI2,1,Recall@1,1,1,0.6958434581756592,STAD,TCGA-BR-A4CQ-01Z-00-DX1.B63282A5-154D-441B-BF96-5BB26CB6D95E
STAD,TCGA-VQ-A924-01Z-00-DX1.736B41F3-9678-4FAF-AE86-FCAC4F6DCBD3,uni2,UNI2,5,Recall@5,1,2,0.6958434581756592,STAD,TCGA-BR-A4CQ-01Z-00-DX1.B63282A5-154D-441B-BF96-5BB26CB6D95E
STAD,TCGA-VQ-A924-01Z-00-DX1.736B41F3-9678-4FAF-AE86-FCAC4F6DCBD3,uni2,UNI2,10,Recall@10,1,4,0.6958434581756592,STAD,TCGA-BR-A4CQ-01Z-00-DX1.B63282A5-154D-441B-BF96-5BB26CB6D95E
STAD,TCGA-ZQ-A9CR-01Z-00-DX1.C9AC9991-7054-4068-A7AA-9D1EB7F040A3,uni2,UNI2,1,Recall@1,0,0,0.7112147808074951,COAD,TCGA-G4-6309-01Z-00-DX1.3eb20fdc-eb86-4bd5-8194-76b02d4fa472
STAD,TCGA-ZQ-A9CR-01Z-00-DX1.C9AC9991-7054-4068-A7AA-9D1EB7F040A3,uni2,UNI2,5,Recall@5,1,1,0.7112147808074951,COAD,TCGA-G4-6309-01Z-00-DX1.3eb20fdc-eb86-4bd5-8194-76b02d4fa472
STAD,TCGA-ZQ-A9CR-01Z-00-DX1.C9AC9991-7054-4068-A7AA-9D1EB7F040A3,uni2,UNI2,10,Recall@10,1,3,0.7112147808074951,COAD,TCGA-G4-6309-01Z-00-DX1.3eb20fdc-eb86-4bd5-8194-76b02d4fa472
UCEC,TCGA-A5-A0GX-01Z-00-DX1.7E713D1A-5858-4648-957D-77189E43CFAA,uni2,UNI2,1,Recall@1,1,1,0.8228878378868103,UCEC,TCGA-A5-A0R7-01Z-00-DX1.D21E6974-22A3-4A68-8B4E-14E84A7A50A5
UCEC,TCGA-A5-A0GX-01Z-00-DX1.7E713D1A-5858-4648-957D-77189E43CFAA,uni2,UNI2,5,Recall@5,1,5,0.8228878378868103,UCEC,TCGA-A5-A0R7-01Z-00-DX1.D21E6974-22A3-4A68-8B4E-14E84A7A50A5
UCEC,TCGA-A5-A0GX-01Z-00-DX1.7E713D1A-5858-4648-957D-77189E43CFAA,uni2,UNI2,10,Recall@10,1,7,0.8228878378868103,UCEC,TCGA-A5-A0R7-01Z-00-DX1.D21E6974-22A3-4A68-8B4E-14E84A7A50A5
UCEC,TCGA-A5-A0R7-01Z-00-DX1.D21E6974-22A3-4A68-8B4E-14E84A7A50A5,uni2,UNI2,1,Recall@1,1,1,0.8228878378868103,UCEC,TCGA-A5-A0GX-01Z-00-DX1.7E713D1A-5858-4648-957D-77189E43CFAA
UCEC,TCGA-A5-A0R7-01Z-00-DX1.D21E6974-22A3-4A68-8B4E-14E84A7A50A5,uni2,UNI2,5,Recall@5,1,5,0.8228878378868103,UCEC,TCGA-A5-A0GX-01Z-00-DX1.7E713D1A-5858-4648-957D-77189E43CFAA
UCEC,TCGA-A5-A0R7-01Z-00-DX1.D21E6974-22A3-4A68-8B4E-14E84A7A50A5,uni2,UNI2,10,Recall@10,1,6,0.8228878378868103,UCEC,TCGA-A5-A0GX-01Z-00-DX1.7E713D1A-5858-4648-957D-77189E43CFAA
UCEC,TCGA-AX-A05U-01Z-00-DX1.1EBFC727-B5D5-4543-BBA9-4254ABD3D584,uni2,UNI2,1,Recall@1,1,1,0.7998390197753906,UCEC,TCGA-A5-A0GX-01Z-00-DX1.7E713D1A-5858-4648-957D-77189E43CFAA
UCEC,TCGA-AX-A05U-01Z-00-DX1.1EBFC727-B5D5-4543-BBA9-4254ABD3D584,uni2,UNI2,5,Recall@5,1,5,0.7998390197753906,UCEC,TCGA-A5-A0GX-01Z-00-DX1.7E713D1A-5858-4648-957D-77189E43CFAA
UCEC,TCGA-AX-A05U-01Z-00-DX1.1EBFC727-B5D5-4543-BBA9-4254ABD3D584,uni2,UNI2,10,Recall@10,1,7,0.7998390197753906,UCEC,TCGA-A5-A0GX-01Z-00-DX1.7E713D1A-5858-4648-957D-77189E43CFAA
UCEC,TCGA-AX-A06B-01Z-00-DX2.1757C039-99F7-4087-A9E5-D340AF7220D4,uni2,UNI2,1,Recall@1,1,1,0.7107475399971008,UCEC,TCGA-AX-A0J0-01Z-00-DX2.56C668BE-03B8-4B87-A226-AABD97D53C38
UCEC,TCGA-AX-A06B-01Z-00-DX2.1757C039-99F7-4087-A9E5-D340AF7220D4,uni2,UNI2,5,Recall@5,1,3,0.7107475399971008,UCEC,TCGA-AX-A0J0-01Z-00-DX2.56C668BE-03B8-4B87-A226-AABD97D53C38
UCEC,TCGA-AX-A06B-01Z-00-DX2.1757C039-99F7-4087-A9E5-D340AF7220D4,uni2,UNI2,10,Recall@10,1,5,0.7107475399971008,UCEC,TCGA-AX-A0J0-01Z-00-DX2.56C668BE-03B8-4B87-A226-AABD97D53C38
UCEC,TCGA-AX-A0J0-01Z-00-DX2.56C668BE-03B8-4B87-A226-AABD97D53C38,uni2,UNI2,1,Recall@1,1,1,0.8547771573066711,UCEC,TCGA-FI-A2EX-01Z-00-DX1.127F5153-745D-43E6-83CA-DE2738702C62
UCEC,TCGA-AX-A0J0-01Z-00-DX2.56C668BE-03B8-4B87-A226-AABD97D53C38,uni2,UNI2,5,Recall@5,1,5,0.8547771573066711,UCEC,TCGA-FI-A2EX-01Z-00-DX1.127F5153-745D-43E6-83CA-DE2738702C62
UCEC,TCGA-AX-A0J0-01Z-00-DX2.56C668BE-03B8-4B87-A226-AABD97D53C38,uni2,UNI2,10,Recall@10,1,7,0.8547771573066711,UCEC,TCGA-FI-A2EX-01Z-00-DX1.127F5153-745D-43E6-83CA-DE2738702C62
UCEC,TCGA-B5-A11F-01Z-00-DX1.3F1C053D-E81E-4C8D-965D-6F3DE29D9511,uni2,UNI2,1,Recall@1,1,1,0.7789322137832642,UCEC,TCGA-BG-A0W1-01Z-00-DX1.8E06269C-1278-478B-A128-59FA911B1649
UCEC,TCGA-B5-A11F-01Z-00-DX1.3F1C053D-E81E-4C8D-965D-6F3DE29D9511,uni2,UNI2,5,Recall@5,1,5,0.7789322137832642,UCEC,TCGA-BG-A0W1-01Z-00-DX1.8E06269C-1278-478B-A128-59FA911B1649
UCEC,TCGA-B5-A11F-01Z-00-DX1.3F1C053D-E81E-4C8D-965D-6F3DE29D9511,uni2,UNI2,10,Recall@10,1,7,0.7789322137832642,UCEC,TCGA-BG-A0W1-01Z-00-DX1.8E06269C-1278-478B-A128-59FA911B1649
UCEC,TCGA-BG-A0W1-01Z-00-DX1.8E06269C-1278-478B-A128-59FA911B1649,uni2,UNI2,1,Recall@1,1,1,0.7789322137832642,UCEC,TCGA-B5-A11F-01Z-00-DX1.3F1C053D-E81E-4C8D-965D-6F3DE29D9511
UCEC,TCGA-BG-A0W1-01Z-00-DX1.8E06269C-1278-478B-A128-59FA911B1649,uni2,UNI2,5,Recall@5,1,5,0.7789322137832642,UCEC,TCGA-B5-A11F-01Z-00-DX1.3F1C053D-E81E-4C8D-965D-6F3DE29D9511
UCEC,TCGA-BG-A0W1-01Z-00-DX1.8E06269C-1278-478B-A128-59FA911B1649,uni2,UNI2,10,Recall@10,1,7,0.7789322137832642,UCEC,TCGA-B5-A11F-01Z-00-DX1.3F1C053D-E81E-4C8D-965D-6F3DE29D9511
UCEC,TCGA-EY-A1GQ-01Z-00-DX1.03D52C6F-515E-4A4F-A08E-31D773BCC67F,uni2,UNI2,1,Recall@1,1,1,0.6738609671592712,UCEC,TCGA-AX-A06B-01Z-00-DX2.1757C039-99F7-4087-A9E5-D340AF7220D4
UCEC,TCGA-EY-A1GQ-01Z-00-DX1.03D52C6F-515E-4A4F-A08E-31D773BCC67F,uni2,UNI2,5,Recall@5,1,1,0.6738609671592712,UCEC,TCGA-AX-A06B-01Z-00-DX2.1757C039-99F7-4087-A9E5-D340AF7220D4
UCEC,TCGA-EY-A1GQ-01Z-00-DX1.03D52C6F-515E-4A4F-A08E-31D773BCC67F,uni2,UNI2,10,Recall@10,1,3,0.6738609671592712,UCEC,TCGA-AX-A06B-01Z-00-DX2.1757C039-99F7-4087-A9E5-D340AF7220D4
UCEC,TCGA-FI-A2EX-01Z-00-DX1.127F5153-745D-43E6-83CA-DE2738702C62,uni2,UNI2,1,Recall@1,1,1,0.8547771573066711,UCEC,TCGA-AX-A0J0-01Z-00-DX2.56C668BE-03B8-4B87-A226-AABD97D53C38
UCEC,TCGA-FI-A2EX-01Z-00-DX1.127F5153-745D-43E6-83CA-DE2738702C62,uni2,UNI2,5,Recall@5,1,5,0.8547771573066711,UCEC,TCGA-AX-A0J0-01Z-00-DX2.56C668BE-03B8-4B87-A226-AABD97D53C38
UCEC,TCGA-FI-A2EX-01Z-00-DX1.127F5153-745D-43E6-83CA-DE2738702C62,uni2,UNI2,10,Recall@10,1,7,0.8547771573066711,UCEC,TCGA-AX-A0J0-01Z-00-DX2.56C668BE-03B8-4B87-A226-AABD97D53C38
BLCA,TCGA-CF-A3MF-01Z-00-DX1.91768C26-5BB1-4DE6-9737-AA26BD687A75,midnight,Midnight,1,Recall@1,1,1,0.8516435623168945,BLCA,TCGA-CU-A0YN-01Z-00-DX1.6C5EAAAF-8F14-49D3-8FFC-9BDAE56CAFD0
BLCA,TCGA-CF-A3MF-01Z-00-DX1.91768C26-5BB1-4DE6-9737-AA26BD687A75,midnight,Midnight,5,Recall@5,1,1,0.8516435623168945,BLCA,TCGA-CU-A0YN-01Z-00-DX1.6C5EAAAF-8F14-49D3-8FFC-9BDAE56CAFD0
BLCA,TCGA-CF-A3MF-01Z-00-DX1.91768C26-5BB1-4DE6-9737-AA26BD687A75,midnight,Midnight,10,Recall@10,1,1,0.8516435623168945,BLCA,TCGA-CU-A0YN-01Z-00-DX1.6C5EAAAF-8F14-49D3-8FFC-9BDAE56CAFD0
BLCA,TCGA-CU-A0YN-01Z-00-DX1.6C5EAAAF-8F14-49D3-8FFC-9BDAE56CAFD0,midnight,Midnight,1,Recall@1,1,1,0.8516435623168945,BLCA,TCGA-CF-A3MF-01Z-00-DX1.91768C26-5BB1-4DE6-9737-AA26BD687A75
BLCA,TCGA-CU-A0YN-01Z-00-DX1.6C5EAAAF-8F14-49D3-8FFC-9BDAE56CAFD0,midnight,Midnight,5,Recall@5,1,2,0.8516435623168945,BLCA,TCGA-CF-A3MF-01Z-00-DX1.91768C26-5BB1-4DE6-9737-AA26BD687A75
BLCA,TCGA-CU-A0YN-01Z-00-DX1.6C5EAAAF-8F14-49D3-8FFC-9BDAE56CAFD0,midnight,Midnight,10,Recall@10,1,2,0.8516435623168945,BLCA,TCGA-CF-A3MF-01Z-00-DX1.91768C26-5BB1-4DE6-9737-AA26BD687A75
BLCA,TCGA-DK-A6AW-01Z-00-DX1.C2453A8C-8282-443C-9E76-5B6CAD2FE69B,midnight,Midnight,1,Recall@1,0,0,0.7387925386428833,BRCA,TCGA-AN-A0G0-01Z-00-DX1.BE0BB5DF-DEDA-48D8-B5D8-2735C767F28F
BLCA,TCGA-DK-A6AW-01Z-00-DX1.C2453A8C-8282-443C-9E76-5B6CAD2FE69B,midnight,Midnight,5,Recall@5,1,1,0.7387925386428833,BRCA,TCGA-AN-A0G0-01Z-00-DX1.BE0BB5DF-DEDA-48D8-B5D8-2735C767F28F
BLCA,TCGA-DK-A6AW-01Z-00-DX1.C2453A8C-8282-443C-9E76-5B6CAD2FE69B,midnight,Midnight,10,Recall@10,1,1,0.7387925386428833,BRCA,TCGA-AN-A0G0-01Z-00-DX1.BE0BB5DF-DEDA-48D8-B5D8-2735C767F28F
BLCA,TCGA-DK-AA6L-01A-01-TSA.5794F0C6-9ED6-489A-9621-18CCC5935548,midnight,Midnight,1,Recall@1,1,1,0.9074413180351257,BLCA,TCGA-DK-AA77-01A-01-TSA.26CAF5CB-CC4F-4522-BD2B-343FB70205FE
BLCA,TCGA-DK-AA6L-01A-01-TSA.5794F0C6-9ED6-489A-9621-18CCC5935548,midnight,Midnight,5,Recall@5,1,1,0.9074413180351257,BLCA,TCGA-DK-AA77-01A-01-TSA.26CAF5CB-CC4F-4522-BD2B-343FB70205FE
BLCA,TCGA-DK-AA6L-01A-01-TSA.5794F0C6-9ED6-489A-9621-18CCC5935548,midnight,Midnight,10,Recall@10,1,2,0.9074413180351257,BLCA,TCGA-DK-AA77-01A-01-TSA.26CAF5CB-CC4F-4522-BD2B-343FB70205FE
BLCA,TCGA-DK-AA77-01A-01-TSA.26CAF5CB-CC4F-4522-BD2B-343FB70205FE,midnight,Midnight,1,Recall@1,0,0,0.9525878429412842,HNSC,TCGA-CN-A6V7-01A-01-TS1.F54912D3-1E21-4605-ACFC-142973524AE2
BLCA,TCGA-DK-AA77-01A-01-TSA.26CAF5CB-CC4F-4522-BD2B-343FB70205FE,midnight,Midnight,5,Recall@5,1,2,0.9525878429412842,HNSC,TCGA-CN-A6V7-01A-01-TS1.F54912D3-1E21-4605-ACFC-142973524AE2
BLCA,TCGA-DK-AA77-01A-01-TSA.26CAF5CB-CC4F-4522-BD2B-343FB70205FE,midnight,Midnight,10,Recall@10,1,2,0.9525878429412842,HNSC,TCGA-CN-A6V7-01A-01-TS1.F54912D3-1E21-4605-ACFC-142973524AE2
BLCA,TCGA-FD-A6TK-01Z-00-DX1.B685DA87-72A6-4C38-8AA1-40B6E543383C,midnight,Midnight,1,Recall@1,1,1,0.8984038233757019,BLCA,TCGA-XF-A8HB-01Z-00-DX1.D6874152-D20A-4CA4-8E8B-8CBAB5F7D7B5
BLCA,TCGA-FD-A6TK-01Z-00-DX1.B685DA87-72A6-4C38-8AA1-40B6E543383C,midnight,Midnight,5,Recall@5,1,3,0.8984038233757019,BLCA,TCGA-XF-A8HB-01Z-00-DX1.D6874152-D20A-4CA4-8E8B-8CBAB5F7D7B5
BLCA,TCGA-FD-A6TK-01Z-00-DX1.B685DA87-72A6-4C38-8AA1-40B6E543383C,midnight,Midnight,10,Recall@10,1,3,0.8984038233757019,BLCA,TCGA-XF-A8HB-01Z-00-DX1.D6874152-D20A-4CA4-8E8B-8CBAB5F7D7B5
BLCA,TCGA-GU-AATP-01Z-00-DX1.0D8EC37C-88E7-49D5-A76D-F0A4A3FD8AE4,midnight,Midnight,1,Recall@1,1,1,0.9088655710220337,BLCA,TCGA-XF-A8HB-01Z-00-DX1.D6874152-D20A-4CA4-8E8B-8CBAB5F7D7B5
BLCA,TCGA-GU-AATP-01Z-00-DX1.0D8EC37C-88E7-49D5-A76D-F0A4A3FD8AE4,midnight,Midnight,5,Recall@5,1,3,0.9088655710220337,BLCA,TCGA-XF-A8HB-01Z-00-DX1.D6874152-D20A-4CA4-8E8B-8CBAB5F7D7B5
BLCA,TCGA-GU-AATP-01Z-00-DX1.0D8EC37C-88E7-49D5-A76D-F0A4A3FD8AE4,midnight,Midnight,10,Recall@10,1,3,0.9088655710220337,BLCA,TCGA-XF-A8HB-01Z-00-DX1.D6874152-D20A-4CA4-8E8B-8CBAB5F7D7B5
BLCA,TCGA-XF-A8HB-01Z-00-DX1.D6874152-D20A-4CA4-8E8B-8CBAB5F7D7B5,midnight,Midnight,1,Recall@1,1,1,0.9088655710220337,BLCA,TCGA-GU-AATP-01Z-00-DX1.0D8EC37C-88E7-49D5-A76D-F0A4A3FD8AE4
BLCA,TCGA-XF-A8HB-01Z-00-DX1.D6874152-D20A-4CA4-8E8B-8CBAB5F7D7B5,midnight,Midnight,5,Recall@5,1,3,0.9088655710220337,BLCA,TCGA-GU-AATP-01Z-00-DX1.0D8EC37C-88E7-49D5-A76D-F0A4A3FD8AE4
BLCA,TCGA-XF-A8HB-01Z-00-DX1.D6874152-D20A-4CA4-8E8B-8CBAB5F7D7B5,midnight,Midnight,10,Recall@10,1,3,0.9088655710220337,BLCA,TCGA-GU-AATP-01Z-00-DX1.0D8EC37C-88E7-49D5-A76D-F0A4A3FD8AE4
BLCA,TCGA-ZF-A9R1-01Z-00-DX1.74520759-D448-45B5-B8AD-45502C99A519,midnight,Midnight,1,Recall@1,1,1,0.837142288684845,BLCA,TCGA-FD-A6TK-01Z-00-DX1.B685DA87-72A6-4C38-8AA1-40B6E543383C
BLCA,TCGA-ZF-A9R1-01Z-00-DX1.74520759-D448-45B5-B8AD-45502C99A519,midnight,Midnight,5,Recall@5,1,3,0.837142288684845,BLCA,TCGA-FD-A6TK-01Z-00-DX1.B685DA87-72A6-4C38-8AA1-40B6E543383C
BLCA,TCGA-ZF-A9R1-01Z-00-DX1.74520759-D448-45B5-B8AD-45502C99A519,midnight,Midnight,10,Recall@10,1,3,0.837142288684845,BLCA,TCGA-FD-A6TK-01Z-00-DX1.B685DA87-72A6-4C38-8AA1-40B6E543383C
BLCA,TCGA-ZF-AA51-01Z-00-DX1.128C9731-C206-4E71-9A64-864FA9FD7E96,midnight,Midnight,1,Recall@1,0,0,0.677761971950531,LUAD,TCGA-64-5779-01Z-00-DX1.B3268447-DCE0-4927-B5A9-EC4D61E9B17D
BLCA,TCGA-ZF-AA51-01Z-00-DX1.128C9731-C206-4E71-9A64-864FA9FD7E96,midnight,Midnight,5,Recall@5,1,2,0.677761971950531,LUAD,TCGA-64-5779-01Z-00-DX1.B3268447-DCE0-4927-B5A9-EC4D61E9B17D
BLCA,TCGA-ZF-AA51-01Z-00-DX1.128C9731-C206-4E71-9A64-864FA9FD7E96,midnight,Midnight,10,Recall@10,1,2,0.677761971950531,LUAD,TCGA-64-5779-01Z-00-DX1.B3268447-DCE0-4927-B5A9-EC4D61E9B17D
BRCA,TCGA-A7-A2KD-01Z-00-DX1.BFF2DFC8-1D95-4DC2-98FC-5BD7D7C6CDF5,midnight,Midnight,1,Recall@1,1,1,0.6723233461380005,BRCA,TCGA-BH-A0C1-01Z-00-DX1.21FE357E-B182-4397-BFEF-7E96E994236A
BRCA,TCGA-A7-A2KD-01Z-00-DX1.BFF2DFC8-1D95-4DC2-98FC-5BD7D7C6CDF5,midnight,Midnight,5,Recall@5,1,3,0.6723233461380005,BRCA,TCGA-BH-A0C1-01Z-00-DX1.21FE357E-B182-4397-BFEF-7E96E994236A
BRCA,TCGA-A7-A2KD-01Z-00-DX1.BFF2DFC8-1D95-4DC2-98FC-5BD7D7C6CDF5,midnight,Midnight,10,Recall@10,1,4,0.6723233461380005,BRCA,TCGA-BH-A0C1-01Z-00-DX1.21FE357E-B182-4397-BFEF-7E96E994236A
BRCA,TCGA-AN-A0G0-01Z-00-DX1.BE0BB5DF-DEDA-48D8-B5D8-2735C767F28F,midnight,Midnight,1,Recall@1,0,0,0.7387925386428833,BLCA,TCGA-DK-A6AW-01Z-00-DX1.C2453A8C-8282-443C-9E76-5B6CAD2FE69B
BRCA,TCGA-AN-A0G0-01Z-00-DX1.BE0BB5DF-DEDA-48D8-B5D8-2735C767F28F,midnight,Midnight,5,Recall@5,0,0,0.7387925386428833,BLCA,TCGA-DK-A6AW-01Z-00-DX1.C2453A8C-8282-443C-9E76-5B6CAD2FE69B
BRCA,TCGA-AN-A0G0-01Z-00-DX1.BE0BB5DF-DEDA-48D8-B5D8-2735C767F28F,midnight,Midnight,10,Recall@10,1,2,0.7387925386428833,BLCA,TCGA-DK-A6AW-01Z-00-DX1.C2453A8C-8282-443C-9E76-5B6CAD2FE69B
BRCA,TCGA-AQ-A04L-01Z-00-DX1.F35BF4DD-896A-43C2-8DA6-C67945C003BE,midnight,Midnight,1,Recall@1,1,1,0.8563829064369202,BRCA,TCGA-E2-A1LA-01Z-00-DX1.AE49E943-B830-4ED9-B09E-E499441BC2EC
BRCA,TCGA-AQ-A04L-01Z-00-DX1.F35BF4DD-896A-43C2-8DA6-C67945C003BE,midnight,Midnight,5,Recall@5,1,5,0.8563829064369202,BRCA,TCGA-E2-A1LA-01Z-00-DX1.AE49E943-B830-4ED9-B09E-E499441BC2EC
BRCA,TCGA-AQ-A04L-01Z-00-DX1.F35BF4DD-896A-43C2-8DA6-C67945C003BE,midnight,Midnight,10,Recall@10,1,7,0.8563829064369202,BRCA,TCGA-E2-A1LA-01Z-00-DX1.AE49E943-B830-4ED9-B09E-E499441BC2EC
BRCA,TCGA-AR-A2LK-01Z-00-DX1.FBD59C38-CD4E-4C22-BC74-A57C192A9BBC,midnight,Midnight,1,Recall@1,1,1,0.9230028390884399,BRCA,TCGA-AR-A5QM-01Z-00-DX1.A9017CED-FF57-4090-95B9-94DC91854347
BRCA,TCGA-AR-A2LK-01Z-00-DX1.FBD59C38-CD4E-4C22-BC74-A57C192A9BBC,midnight,Midnight,5,Recall@5,1,5,0.9230028390884399,BRCA,TCGA-AR-A5QM-01Z-00-DX1.A9017CED-FF57-4090-95B9-94DC91854347
BRCA,TCGA-AR-A2LK-01Z-00-DX1.FBD59C38-CD4E-4C22-BC74-A57C192A9BBC,midnight,Midnight,10,Recall@10,1,7,0.9230028390884399,BRCA,TCGA-AR-A5QM-01Z-00-DX1.A9017CED-FF57-4090-95B9-94DC91854347
BRCA,TCGA-AR-A5QM-01Z-00-DX1.A9017CED-FF57-4090-95B9-94DC91854347,midnight,Midnight,1,Recall@1,1,1,0.9230028390884399,BRCA,TCGA-AR-A2LK-01Z-00-DX1.FBD59C38-CD4E-4C22-BC74-A57C192A9BBC
BRCA,TCGA-AR-A5QM-01Z-00-DX1.A9017CED-FF57-4090-95B9-94DC91854347,midnight,Midnight,5,Recall@5,1,5,0.9230028390884399,BRCA,TCGA-AR-A2LK-01Z-00-DX1.FBD59C38-CD4E-4C22-BC74-A57C192A9BBC
BRCA,TCGA-AR-A5QM-01Z-00-DX1.A9017CED-FF57-4090-95B9-94DC91854347,midnight,Midnight,10,Recall@10,1,7,0.9230028390884399,BRCA,TCGA-AR-A2LK-01Z-00-DX1.FBD59C38-CD4E-4C22-BC74-A57C192A9BBC
BRCA,TCGA-BH-A0C1-01Z-00-DX1.21FE357E-B182-4397-BFEF-7E96E994236A,midnight,Midnight,1,Recall@1,1,1,0.8138618469238281,BRCA,TCGA-AQ-A04L-01Z-00-DX1.F35BF4DD-896A-43C2-8DA6-C67945C003BE
BRCA,TCGA-BH-A0C1-01Z-00-DX1.21FE357E-B182-4397-BFEF-7E96E994236A,midnight,Midnight,5,Recall@5,1,5,0.8138618469238281,BRCA,TCGA-AQ-A04L-01Z-00-DX1.F35BF4DD-896A-43C2-8DA6-C67945C003BE
BRCA,TCGA-BH-A0C1-01Z-00-DX1.21FE357E-B182-4397-BFEF-7E96E994236A,midnight,Midnight,10,Recall@10,1,8,0.8138618469238281,BRCA,TCGA-AQ-A04L-01Z-00-DX1.F35BF4DD-896A-43C2-8DA6-C67945C003BE
BRCA,TCGA-D8-A1X8-01Z-00-DX1.DDA3866E-C7CC-4650-BE2B-5C9A98A2D531,midnight,Midnight,1,Recall@1,1,1,0.9015161991119385,BRCA,TCGA-GM-A3XN-01Z-00-DX1.49F5C8AC-0328-4BC2-9FE2-E7150B7A42E2
BRCA,TCGA-D8-A1X8-01Z-00-DX1.DDA3866E-C7CC-4650-BE2B-5C9A98A2D531,midnight,Midnight,5,Recall@5,1,5,0.9015161991119385,BRCA,TCGA-GM-A3XN-01Z-00-DX1.49F5C8AC-0328-4BC2-9FE2-E7150B7A42E2
BRCA,TCGA-D8-A1X8-01Z-00-DX1.DDA3866E-C7CC-4650-BE2B-5C9A98A2D531,midnight,Midnight,10,Recall@10,1,7,0.9015161991119385,BRCA,TCGA-GM-A3XN-01Z-00-DX1.49F5C8AC-0328-4BC2-9FE2-E7150B7A42E2
BRCA,TCGA-E2-A14P-01Z-00-DX1.663B02FF-C64B-41A6-8685-FD61CD76F9C6,midnight,Midnight,1,Recall@1,1,1,0.8265789747238159,BRCA,TCGA-AR-A2LK-01Z-00-DX1.FBD59C38-CD4E-4C22-BC74-A57C192A9BBC
BRCA,TCGA-E2-A14P-01Z-00-DX1.663B02FF-C64B-41A6-8685-FD61CD76F9C6,midnight,Midnight,5,Recall@5,1,5,0.8265789747238159,BRCA,TCGA-AR-A2LK-01Z-00-DX1.FBD59C38-CD4E-4C22-BC74-A57C192A9BBC
BRCA,TCGA-E2-A14P-01Z-00-DX1.663B02FF-C64B-41A6-8685-FD61CD76F9C6,midnight,Midnight,10,Recall@10,1,7,0.8265789747238159,BRCA,TCGA-AR-A2LK-01Z-00-DX1.FBD59C38-CD4E-4C22-BC74-A57C192A9BBC
BRCA,TCGA-E2-A1LA-01Z-00-DX1.AE49E943-B830-4ED9-B09E-E499441BC2EC,midnight,Midnight,1,Recall@1,1,1,0.8701513409614563,BRCA,TCGA-D8-A1X8-01Z-00-DX1.DDA3866E-C7CC-4650-BE2B-5C9A98A2D531
BRCA,TCGA-E2-A1LA-01Z-00-DX1.AE49E943-B830-4ED9-B09E-E499441BC2EC,midnight,Midnight,5,Recall@5,1,5,0.8701513409614563,BRCA,TCGA-D8-A1X8-01Z-00-DX1.DDA3866E-C7CC-4650-BE2B-5C9A98A2D531
BRCA,TCGA-E2-A1LA-01Z-00-DX1.AE49E943-B830-4ED9-B09E-E499441BC2EC,midnight,Midnight,10,Recall@10,1,7,0.8701513409614563,BRCA,TCGA-D8-A1X8-01Z-00-DX1.DDA3866E-C7CC-4650-BE2B-5C9A98A2D531
BRCA,TCGA-GM-A3XN-01Z-00-DX1.49F5C8AC-0328-4BC2-9FE2-E7150B7A42E2,midnight,Midnight,1,Recall@1,1,1,0.9015161991119385,BRCA,TCGA-D8-A1X8-01Z-00-DX1.DDA3866E-C7CC-4650-BE2B-5C9A98A2D531
BRCA,TCGA-GM-A3XN-01Z-00-DX1.49F5C8AC-0328-4BC2-9FE2-E7150B7A42E2,midnight,Midnight,5,Recall@5,1,5,0.9015161991119385,BRCA,TCGA-D8-A1X8-01Z-00-DX1.DDA3866E-C7CC-4650-BE2B-5C9A98A2D531
BRCA,TCGA-GM-A3XN-01Z-00-DX1.49F5C8AC-0328-4BC2-9FE2-E7150B7A42E2,midnight,Midnight,10,Recall@10,1,7,0.9015161991119385,BRCA,TCGA-D8-A1X8-01Z-00-DX1.DDA3866E-C7CC-4650-BE2B-5C9A98A2D531
COAD,TCGA-AY-A8YK-01Z-00-DX1.89E3C546-0425-449B-A6FB-1C35168EA7EB,midnight,Midnight,1,Recall@1,0,0,0.78943932056427,STAD,TCGA-BR-6454-01Z-00-DX1.63fb6280-2b43-49b2-960a-eb9c0e8b617c
COAD,TCGA-AY-A8YK-01Z-00-DX1.89E3C546-0425-449B-A6FB-1C35168EA7EB,midnight,Midnight,5,Recall@5,1,1,0.78943932056427,STAD,TCGA-BR-6454-01Z-00-DX1.63fb6280-2b43-49b2-960a-eb9c0e8b617c
COAD,TCGA-AY-A8YK-01Z-00-DX1.89E3C546-0425-449B-A6FB-1C35168EA7EB,midnight,Midnight,10,Recall@10,1,3,0.78943932056427,STAD,TCGA-BR-6454-01Z-00-DX1.63fb6280-2b43-49b2-960a-eb9c0e8b617c
COAD,TCGA-CK-4947-01Z-00-DX1.b257d5fd-b97b-4987-b088-77f044ca7fe2,midnight,Midnight,1,Recall@1,1,1,0.847186803817749,COAD,TCGA-CM-6169-01Z-00-DX1.0381c243-02b8-4f1d-840c-19ef44d4b92c
COAD,TCGA-CK-4947-01Z-00-DX1.b257d5fd-b97b-4987-b088-77f044ca7fe2,midnight,Midnight,5,Recall@5,1,3,0.847186803817749,COAD,TCGA-CM-6169-01Z-00-DX1.0381c243-02b8-4f1d-840c-19ef44d4b92c
COAD,TCGA-CK-4947-01Z-00-DX1.b257d5fd-b97b-4987-b088-77f044ca7fe2,midnight,Midnight,10,Recall@10,1,5,0.847186803817749,COAD,TCGA-CM-6169-01Z-00-DX1.0381c243-02b8-4f1d-840c-19ef44d4b92c
COAD,TCGA-CM-6168-01Z-00-DX1.96af6eb2-9d51-4671-baf8-1a73d0c66869,midnight,Midnight,1,Recall@1,1,1,0.9020645618438721,COAD,TCGA-CM-6169-01Z-00-DX1.0381c243-02b8-4f1d-840c-19ef44d4b92c
COAD,TCGA-CM-6168-01Z-00-DX1.96af6eb2-9d51-4671-baf8-1a73d0c66869,midnight,Midnight,5,Recall@5,1,4,0.9020645618438721,COAD,TCGA-CM-6169-01Z-00-DX1.0381c243-02b8-4f1d-840c-19ef44d4b92c
COAD,TCGA-CM-6168-01Z-00-DX1.96af6eb2-9d51-4671-baf8-1a73d0c66869,midnight,Midnight,10,Recall@10,1,5,0.9020645618438721,COAD,TCGA-CM-6169-01Z-00-DX1.0381c243-02b8-4f1d-840c-19ef44d4b92c
COAD,TCGA-CM-6169-01Z-00-DX1.0381c243-02b8-4f1d-840c-19ef44d4b92c,midnight,Midnight,1,Recall@1,1,1,0.9211776256561279,COAD,TCGA-G4-6309-01Z-00-DX1.3eb20fdc-eb86-4bd5-8194-76b02d4fa472
COAD,TCGA-CM-6169-01Z-00-DX1.0381c243-02b8-4f1d-840c-19ef44d4b92c,midnight,Midnight,5,Recall@5,1,4,0.9211776256561279,COAD,TCGA-G4-6309-01Z-00-DX1.3eb20fdc-eb86-4bd5-8194-76b02d4fa472
COAD,TCGA-CM-6169-01Z-00-DX1.0381c243-02b8-4f1d-840c-19ef44d4b92c,midnight,Midnight,10,Recall@10,1,6,0.9211776256561279,COAD,TCGA-G4-6309-01Z-00-DX1.3eb20fdc-eb86-4bd5-8194-76b02d4fa472
COAD,TCGA-G4-6309-01Z-00-DX1.3eb20fdc-eb86-4bd5-8194-76b02d4fa472,midnight,Midnight,1,Recall@1,1,1,0.9492502808570862,COAD,TCGA-G4-6588-01Z-00-DX1.0747172e-f630-4b7c-9341-55078585ae00
COAD,TCGA-G4-6309-01Z-00-DX1.3eb20fdc-eb86-4bd5-8194-76b02d4fa472,midnight,Midnight,5,Recall@5,1,4,0.9492502808570862,COAD,TCGA-G4-6588-01Z-00-DX1.0747172e-f630-4b7c-9341-55078585ae00
COAD,TCGA-G4-6309-01Z-00-DX1.3eb20fdc-eb86-4bd5-8194-76b02d4fa472,midnight,Midnight,10,Recall@10,1,5,0.9492502808570862,COAD,TCGA-G4-6588-01Z-00-DX1.0747172e-f630-4b7c-9341-55078585ae00
COAD,TCGA-G4-6310-01Z-00-DX1.b88472d4-3adc-4e4d-b0f2-0dc195a3d7df,midnight,Midnight,1,Recall@1,1,1,0.8838309645652771,COAD,TCGA-CM-6168-01Z-00-DX1.96af6eb2-9d51-4671-baf8-1a73d0c66869
COAD,TCGA-G4-6310-01Z-00-DX1.b88472d4-3adc-4e4d-b0f2-0dc195a3d7df,midnight,Midnight,5,Recall@5,1,4,0.8838309645652771,COAD,TCGA-CM-6168-01Z-00-DX1.96af6eb2-9d51-4671-baf8-1a73d0c66869
COAD,TCGA-G4-6310-01Z-00-DX1.b88472d4-3adc-4e4d-b0f2-0dc195a3d7df,midnight,Midnight,10,Recall@10,1,5,0.8838309645652771,COAD,TCGA-CM-6168-01Z-00-DX1.96af6eb2-9d51-4671-baf8-1a73d0c66869
COAD,TCGA-G4-6588-01Z-00-DX1.0747172e-f630-4b7c-9341-55078585ae00,midnight,Midnight,1,Recall@1,1,1,0.9492502808570862,COAD,TCGA-G4-6309-01Z-00-DX1.3eb20fdc-eb86-4bd5-8194-76b02d4fa472
COAD,TCGA-G4-6588-01Z-00-DX1.0747172e-f630-4b7c-9341-55078585ae00,midnight,Midnight,5,Recall@5,1,4,0.9492502808570862,COAD,TCGA-G4-6309-01Z-00-DX1.3eb20fdc-eb86-4bd5-8194-76b02d4fa472
COAD,TCGA-G4-6588-01Z-00-DX1.0747172e-f630-4b7c-9341-55078585ae00,midnight,Midnight,10,Recall@10,1,6,0.9492502808570862,COAD,TCGA-G4-6309-01Z-00-DX1.3eb20fdc-eb86-4bd5-8194-76b02d4fa472
HNSC,TCGA-BA-6871-01Z-00-DX1.4d9ca329-f8d5-4c31-a20f-9d4fba728326,midnight,Midnight,1,Recall@1,0,0,0.6541890501976013,BLCA,TCGA-CU-A0YN-01Z-00-DX1.6C5EAAAF-8F14-49D3-8FFC-9BDAE56CAFD0
HNSC,TCGA-BA-6871-01Z-00-DX1.4d9ca329-f8d5-4c31-a20f-9d4fba728326,midnight,Midnight,5,Recall@5,0,0,0.6541890501976013,BLCA,TCGA-CU-A0YN-01Z-00-DX1.6C5EAAAF-8F14-49D3-8FFC-9BDAE56CAFD0
HNSC,TCGA-BA-6871-01Z-00-DX1.4d9ca329-f8d5-4c31-a20f-9d4fba728326,midnight,Midnight,10,Recall@10,0,0,0.6541890501976013,BLCA,TCGA-CU-A0YN-01Z-00-DX1.6C5EAAAF-8F14-49D3-8FFC-9BDAE56CAFD0
HNSC,TCGA-BA-6872-01Z-00-DX1.F99F6394-D319-4599-B124-D2A6692FA096,midnight,Midnight,1,Recall@1,1,1,0.7083411812782288,HNSC,TCGA-CV-6935-01Z-00-DX1.9C449CB2-FB6D-41D1-A4A6-3069DC84A697
HNSC,TCGA-BA-6872-01Z-00-DX1.F99F6394-D319-4599-B124-D2A6692FA096,midnight,Midnight,5,Recall@5,1,3,0.7083411812782288,HNSC,TCGA-CV-6935-01Z-00-DX1.9C449CB2-FB6D-41D1-A4A6-3069DC84A697
HNSC,TCGA-BA-6872-01Z-00-DX1.F99F6394-D319-4599-B124-D2A6692FA096,midnight,Midnight,10,Recall@10,1,4,0.7083411812782288,HNSC,TCGA-CV-6935-01Z-00-DX1.9C449CB2-FB6D-41D1-A4A6-3069DC84A697
HNSC,TCGA-CN-A6V7-01A-01-TS1.F54912D3-1E21-4605-ACFC-142973524AE2,midnight,Midnight,1,Recall@1,0,0,0.9525878429412842,BLCA,TCGA-DK-AA77-01A-01-TSA.26CAF5CB-CC4F-4522-BD2B-343FB70205FE
HNSC,TCGA-CN-A6V7-01A-01-TS1.F54912D3-1E21-4605-ACFC-142973524AE2,midnight,Midnight,5,Recall@5,0,0,0.9525878429412842,BLCA,TCGA-DK-AA77-01A-01-TSA.26CAF5CB-CC4F-4522-BD2B-343FB70205FE
HNSC,TCGA-CN-A6V7-01A-01-TS1.F54912D3-1E21-4605-ACFC-142973524AE2,midnight,Midnight,10,Recall@10,0,0,0.9525878429412842,BLCA,TCGA-DK-AA77-01A-01-TSA.26CAF5CB-CC4F-4522-BD2B-343FB70205FE
HNSC,TCGA-CV-6935-01Z-00-DX1.9C449CB2-FB6D-41D1-A4A6-3069DC84A697,midnight,Midnight,1,Recall@1,1,1,0.9082421660423279,HNSC,TCGA-CV-A45O-01Z-00-DX1.8CBD0CCC-C815-475D-87F9-76272F4F715B
HNSC,TCGA-CV-6935-01Z-00-DX1.9C449CB2-FB6D-41D1-A4A6-3069DC84A697,midnight,Midnight,5,Recall@5,1,5,0.9082421660423279,HNSC,TCGA-CV-A45O-01Z-00-DX1.8CBD0CCC-C815-475D-87F9-76272F4F715B
HNSC,TCGA-CV-6935-01Z-00-DX1.9C449CB2-FB6D-41D1-A4A6-3069DC84A697,midnight,Midnight,10,Recall@10,1,5,0.9082421660423279,HNSC,TCGA-CV-A45O-01Z-00-DX1.8CBD0CCC-C815-475D-87F9-76272F4F715B
HNSC,TCGA-CV-A45O-01Z-00-DX1.8CBD0CCC-C815-475D-87F9-76272F4F715B,midnight,Midnight,1,Recall@1,1,1,0.9082421660423279,HNSC,TCGA-CV-6935-01Z-00-DX1.9C449CB2-FB6D-41D1-A4A6-3069DC84A697
HNSC,TCGA-CV-A45O-01Z-00-DX1.8CBD0CCC-C815-475D-87F9-76272F4F715B,midnight,Midnight,5,Recall@5,1,5,0.9082421660423279,HNSC,TCGA-CV-6935-01Z-00-DX1.9C449CB2-FB6D-41D1-A4A6-3069DC84A697
HNSC,TCGA-CV-A45O-01Z-00-DX1.8CBD0CCC-C815-475D-87F9-76272F4F715B,midnight,Midnight,10,Recall@10,1,5,0.9082421660423279,HNSC,TCGA-CV-6935-01Z-00-DX1.9C449CB2-FB6D-41D1-A4A6-3069DC84A697
HNSC,TCGA-CV-A6JE-01Z-00-DX1.20137D17-19B3-49FF-9C3D-60933157E409,midnight,Midnight,1,Recall@1,1,1,0.821216881275177,HNSC,TCGA-CV-A6JU-01Z-00-DX1.35A3A1F0-9D6C-4794-B501-E56E48C51DF9
HNSC,TCGA-CV-A6JE-01Z-00-DX1.20137D17-19B3-49FF-9C3D-60933157E409,midnight,Midnight,5,Recall@5,1,3,0.821216881275177,HNSC,TCGA-CV-A6JU-01Z-00-DX1.35A3A1F0-9D6C-4794-B501-E56E48C51DF9
HNSC,TCGA-CV-A6JE-01Z-00-DX1.20137D17-19B3-49FF-9C3D-60933157E409,midnight,Midnight,10,Recall@10,1,3,0.821216881275177,HNSC,TCGA-CV-A6JU-01Z-00-DX1.35A3A1F0-9D6C-4794-B501-E56E48C51DF9
HNSC,TCGA-CV-A6JU-01Z-00-DX1.35A3A1F0-9D6C-4794-B501-E56E48C51DF9,midnight,Midnight,1,Recall@1,1,1,0.8246523141860962,HNSC,TCGA-CV-A45O-01Z-00-DX1.8CBD0CCC-C815-475D-87F9-76272F4F715B
HNSC,TCGA-CV-A6JU-01Z-00-DX1.35A3A1F0-9D6C-4794-B501-E56E48C51DF9,midnight,Midnight,5,Recall@5,1,4,0.8246523141860962,HNSC,TCGA-CV-A45O-01Z-00-DX1.8CBD0CCC-C815-475D-87F9-76272F4F715B
HNSC,TCGA-CV-A6JU-01Z-00-DX1.35A3A1F0-9D6C-4794-B501-E56E48C51DF9,midnight,Midnight,10,Recall@10,1,4,0.8246523141860962,HNSC,TCGA-CV-A45O-01Z-00-DX1.8CBD0CCC-C815-475D-87F9-76272F4F715B
HNSC,TCGA-UF-A719-01Z-00-DX1.4C4ECC2C-C390-4C5E-A709-CF08C113F1A1,midnight,Midnight,1,Recall@1,1,1,0.7712441682815552,HNSC,TCGA-CV-A45O-01Z-00-DX1.8CBD0CCC-C815-475D-87F9-76272F4F715B
HNSC,TCGA-UF-A719-01Z-00-DX1.4C4ECC2C-C390-4C5E-A709-CF08C113F1A1,midnight,Midnight,5,Recall@5,1,3,0.7712441682815552,HNSC,TCGA-CV-A45O-01Z-00-DX1.8CBD0CCC-C815-475D-87F9-76272F4F715B
HNSC,TCGA-UF-A719-01Z-00-DX1.4C4ECC2C-C390-4C5E-A709-CF08C113F1A1,midnight,Midnight,10,Recall@10,1,4,0.7712441682815552,HNSC,TCGA-CV-A45O-01Z-00-DX1.8CBD0CCC-C815-475D-87F9-76272F4F715B
KIRC,TCGA-A3-3346-01Z-00-DX1.95280216-fd71-4a03-b452-6e3d667f2542,midnight,Midnight,1,Recall@1,1,1,0.8102005124092102,KIRC,TCGA-B0-5094-01Z-00-DX1.eac31fe2-09da-4ecf-8e25-c073cbb03295
KIRC,TCGA-A3-3346-01Z-00-DX1.95280216-fd71-4a03-b452-6e3d667f2542,midnight,Midnight,5,Recall@5,1,5,0.8102005124092102,KIRC,TCGA-B0-5094-01Z-00-DX1.eac31fe2-09da-4ecf-8e25-c073cbb03295
KIRC,TCGA-A3-3346-01Z-00-DX1.95280216-fd71-4a03-b452-6e3d667f2542,midnight,Midnight,10,Recall@10,1,6,0.8102005124092102,KIRC,TCGA-B0-5094-01Z-00-DX1.eac31fe2-09da-4ecf-8e25-c073cbb03295
KIRC,TCGA-A3-A8CQ-01Z-00-DX1.78DA0827-5FB8-4B9F-A845-22F85830B5FB,midnight,Midnight,1,Recall@1,1,1,0.8599216938018799,KIRC,TCGA-B0-5711-01Z-00-DX1.6839921f-ec08-4e94-8bf9-4b5a4fcdda45
KIRC,TCGA-A3-A8CQ-01Z-00-DX1.78DA0827-5FB8-4B9F-A845-22F85830B5FB,midnight,Midnight,5,Recall@5,1,5,0.8599216938018799,KIRC,TCGA-B0-5711-01Z-00-DX1.6839921f-ec08-4e94-8bf9-4b5a4fcdda45
KIRC,TCGA-A3-A8CQ-01Z-00-DX1.78DA0827-5FB8-4B9F-A845-22F85830B5FB,midnight,Midnight,10,Recall@10,1,7,0.8599216938018799,KIRC,TCGA-B0-5711-01Z-00-DX1.6839921f-ec08-4e94-8bf9-4b5a4fcdda45
KIRC,TCGA-AK-3444-01Z-00-DX1.1F0E0B47-29FF-456F-800A-539983FDCFAA,midnight,Midnight,1,Recall@1,1,1,0.8174143433570862,KIRC,TCGA-A3-A8CQ-01Z-00-DX1.78DA0827-5FB8-4B9F-A845-22F85830B5FB
KIRC,TCGA-AK-3444-01Z-00-DX1.1F0E0B47-29FF-456F-800A-539983FDCFAA,midnight,Midnight,5,Recall@5,1,5,0.8174143433570862,KIRC,TCGA-A3-A8CQ-01Z-00-DX1.78DA0827-5FB8-4B9F-A845-22F85830B5FB
KIRC,TCGA-AK-3444-01Z-00-DX1.1F0E0B47-29FF-456F-800A-539983FDCFAA,midnight,Midnight,10,Recall@10,1,6,0.8174143433570862,KIRC,TCGA-A3-A8CQ-01Z-00-DX1.78DA0827-5FB8-4B9F-A845-22F85830B5FB
KIRC,TCGA-B0-5094-01Z-00-DX1.eac31fe2-09da-4ecf-8e25-c073cbb03295,midnight,Midnight,1,Recall@1,1,1,0.8102005124092102,KIRC,TCGA-A3-3346-01Z-00-DX1.95280216-fd71-4a03-b452-6e3d667f2542
KIRC,TCGA-B0-5094-01Z-00-DX1.eac31fe2-09da-4ecf-8e25-c073cbb03295,midnight,Midnight,5,Recall@5,1,5,0.8102005124092102,KIRC,TCGA-A3-3346-01Z-00-DX1.95280216-fd71-4a03-b452-6e3d667f2542
KIRC,TCGA-B0-5094-01Z-00-DX1.eac31fe2-09da-4ecf-8e25-c073cbb03295,midnight,Midnight,10,Recall@10,1,6,0.8102005124092102,KIRC,TCGA-A3-3346-01Z-00-DX1.95280216-fd71-4a03-b452-6e3d667f2542
KIRC,TCGA-B0-5106-01Z-00-DX1.564e51a3-be50-4eed-ba9c-4d478b96ffc6,midnight,Midnight,1,Recall@1,1,1,0.9338071346282959,KIRC,TCGA-B0-5711-01Z-00-DX1.6839921f-ec08-4e94-8bf9-4b5a4fcdda45
KIRC,TCGA-B0-5106-01Z-00-DX1.564e51a3-be50-4eed-ba9c-4d478b96ffc6,midnight,Midnight,5,Recall@5,1,5,0.9338071346282959,KIRC,TCGA-B0-5711-01Z-00-DX1.6839921f-ec08-4e94-8bf9-4b5a4fcdda45
KIRC,TCGA-B0-5106-01Z-00-DX1.564e51a3-be50-4eed-ba9c-4d478b96ffc6,midnight,Midnight,10,Recall@10,1,7,0.9338071346282959,KIRC,TCGA-B0-5711-01Z-00-DX1.6839921f-ec08-4e94-8bf9-4b5a4fcdda45
KIRC,TCGA-B0-5711-01Z-00-DX1.6839921f-ec08-4e94-8bf9-4b5a4fcdda45,midnight,Midnight,1,Recall@1,1,1,0.9338071346282959,KIRC,TCGA-B0-5106-01Z-00-DX1.564e51a3-be50-4eed-ba9c-4d478b96ffc6
KIRC,TCGA-B0-5711-01Z-00-DX1.6839921f-ec08-4e94-8bf9-4b5a4fcdda45,midnight,Midnight,5,Recall@5,1,5,0.9338071346282959,KIRC,TCGA-B0-5106-01Z-00-DX1.564e51a3-be50-4eed-ba9c-4d478b96ffc6
KIRC,TCGA-B0-5711-01Z-00-DX1.6839921f-ec08-4e94-8bf9-4b5a4fcdda45,midnight,Midnight,10,Recall@10,1,7,0.9338071346282959,KIRC,TCGA-B0-5106-01Z-00-DX1.564e51a3-be50-4eed-ba9c-4d478b96ffc6
KIRC,TCGA-B2-5633-01Z-00-DX1.c55a29ca-468e-46de-9ff5-a51f46fe09fd,midnight,Midnight,1,Recall@1,1,1,0.849221408367157,KIRC,TCGA-B0-5106-01Z-00-DX1.564e51a3-be50-4eed-ba9c-4d478b96ffc6
KIRC,TCGA-B2-5633-01Z-00-DX1.c55a29ca-468e-46de-9ff5-a51f46fe09fd,midnight,Midnight,5,Recall@5,1,5,0.849221408367157,KIRC,TCGA-B0-5106-01Z-00-DX1.564e51a3-be50-4eed-ba9c-4d478b96ffc6
KIRC,TCGA-B2-5633-01Z-00-DX1.c55a29ca-468e-46de-9ff5-a51f46fe09fd,midnight,Midnight,10,Recall@10,1,7,0.849221408367157,KIRC,TCGA-B0-5106-01Z-00-DX1.564e51a3-be50-4eed-ba9c-4d478b96ffc6
KIRC,TCGA-BP-4991-01Z-00-DX1.71305f5c-ca59-48fa-bb82-4b441c1fffdc,midnight,Midnight,1,Recall@1,1,1,0.8381445407867432,KIRC,TCGA-B0-5106-01Z-00-DX1.564e51a3-be50-4eed-ba9c-4d478b96ffc6
KIRC,TCGA-BP-4991-01Z-00-DX1.71305f5c-ca59-48fa-bb82-4b441c1fffdc,midnight,Midnight,5,Recall@5,1,5,0.8381445407867432,KIRC,TCGA-B0-5106-01Z-00-DX1.564e51a3-be50-4eed-ba9c-4d478b96ffc6
KIRC,TCGA-BP-4991-01Z-00-DX1.71305f5c-ca59-48fa-bb82-4b441c1fffdc,midnight,Midnight,10,Recall@10,1,6,0.8381445407867432,KIRC,TCGA-B0-5106-01Z-00-DX1.564e51a3-be50-4eed-ba9c-4d478b96ffc6
KIRC,TCGA-BP-5201-01Z-00-DX1.d1a9878e-bb97-48fb-9098-9d9337f06250,midnight,Midnight,1,Recall@1,0,0,0.736242949962616,BLCA,TCGA-DK-AA6L-01A-01-TSA.5794F0C6-9ED6-489A-9621-18CCC5935548
KIRC,TCGA-BP-5201-01Z-00-DX1.d1a9878e-bb97-48fb-9098-9d9337f06250,midnight,Midnight,5,Recall@5,1,1,0.736242949962616,BLCA,TCGA-DK-AA6L-01A-01-TSA.5794F0C6-9ED6-489A-9621-18CCC5935548
KIRC,TCGA-BP-5201-01Z-00-DX1.d1a9878e-bb97-48fb-9098-9d9337f06250,midnight,Midnight,10,Recall@10,1,1,0.736242949962616,BLCA,TCGA-DK-AA6L-01A-01-TSA.5794F0C6-9ED6-489A-9621-18CCC5935548
LUAD,TCGA-55-6986-01Z-00-DX1.ae52d41e-3cd6-4d36-b04b-2ea7d29bd8da,midnight,Midnight,1,Recall@1,1,1,0.9217590689659119,LUAD,TCGA-86-8668-01Z-00-DX1.d720d486-02c7-4f98-8feb-e0e50a12c158
LUAD,TCGA-55-6986-01Z-00-DX1.ae52d41e-3cd6-4d36-b04b-2ea7d29bd8da,midnight,Midnight,5,Recall@5,1,5,0.9217590689659119,LUAD,TCGA-86-8668-01Z-00-DX1.d720d486-02c7-4f98-8feb-e0e50a12c158
LUAD,TCGA-55-6986-01Z-00-DX1.ae52d41e-3cd6-4d36-b04b-2ea7d29bd8da,midnight,Midnight,10,Recall@10,1,5,0.9217590689659119,LUAD,TCGA-86-8668-01Z-00-DX1.d720d486-02c7-4f98-8feb-e0e50a12c158
LUAD,TCGA-64-5779-01Z-00-DX1.B3268447-DCE0-4927-B5A9-EC4D61E9B17D,midnight,Midnight,1,Recall@1,1,1,0.8236130475997925,LUAD,TCGA-78-7536-01Z-00-DX1.6b066140-8b82-40a5-bd48-430eeb4463fe
LUAD,TCGA-64-5779-01Z-00-DX1.B3268447-DCE0-4927-B5A9-EC4D61E9B17D,midnight,Midnight,5,Recall@5,1,1,0.8236130475997925,LUAD,TCGA-78-7536-01Z-00-DX1.6b066140-8b82-40a5-bd48-430eeb4463fe
LUAD,TCGA-64-5779-01Z-00-DX1.B3268447-DCE0-4927-B5A9-EC4D61E9B17D,midnight,Midnight,10,Recall@10,1,1,0.8236130475997925,LUAD,TCGA-78-7536-01Z-00-DX1.6b066140-8b82-40a5-bd48-430eeb4463fe
LUAD,TCGA-78-7158-01Z-00-DX1.74db3dcd-2715-4ce7-8e48-30c8b7946ba0,midnight,Midnight,1,Recall@1,1,1,0.8960517048835754,LUAD,TCGA-55-6986-01Z-00-DX1.ae52d41e-3cd6-4d36-b04b-2ea7d29bd8da
LUAD,TCGA-78-7158-01Z-00-DX1.74db3dcd-2715-4ce7-8e48-30c8b7946ba0,midnight,Midnight,5,Recall@5,1,3,0.8960517048835754,LUAD,TCGA-55-6986-01Z-00-DX1.ae52d41e-3cd6-4d36-b04b-2ea7d29bd8da
LUAD,TCGA-78-7158-01Z-00-DX1.74db3dcd-2715-4ce7-8e48-30c8b7946ba0,midnight,Midnight,10,Recall@10,1,3,0.8960517048835754,LUAD,TCGA-55-6986-01Z-00-DX1.ae52d41e-3cd6-4d36-b04b-2ea7d29bd8da
LUAD,TCGA-78-7163-01Z-00-DX1.42880bdf-271d-41dd-aada-e7ec1156ff31,midnight,Midnight,1,Recall@1,1,1,0.5722010731697083,LUAD,TCGA-55-6986-01Z-00-DX1.ae52d41e-3cd6-4d36-b04b-2ea7d29bd8da
LUAD,TCGA-78-7163-01Z-00-DX1.42880bdf-271d-41dd-aada-e7ec1156ff31,midnight,Midnight,5,Recall@5,1,2,0.5722010731697083,LUAD,TCGA-55-6986-01Z-00-DX1.ae52d41e-3cd6-4d36-b04b-2ea7d29bd8da
LUAD,TCGA-78-7163-01Z-00-DX1.42880bdf-271d-41dd-aada-e7ec1156ff31,midnight,Midnight,10,Recall@10,1,3,0.5722010731697083,LUAD,TCGA-55-6986-01Z-00-DX1.ae52d41e-3cd6-4d36-b04b-2ea7d29bd8da
LUAD,TCGA-78-7536-01Z-00-DX1.6b066140-8b82-40a5-bd48-430eeb4463fe,midnight,Midnight,1,Recall@1,1,1,0.8236130475997925,LUAD,TCGA-64-5779-01Z-00-DX1.B3268447-DCE0-4927-B5A9-EC4D61E9B17D
LUAD,TCGA-78-7536-01Z-00-DX1.6b066140-8b82-40a5-bd48-430eeb4463fe,midnight,Midnight,5,Recall@5,1,2,0.8236130475997925,LUAD,TCGA-64-5779-01Z-00-DX1.B3268447-DCE0-4927-B5A9-EC4D61E9B17D
LUAD,TCGA-78-7536-01Z-00-DX1.6b066140-8b82-40a5-bd48-430eeb4463fe,midnight,Midnight,10,Recall@10,1,3,0.8236130475997925,LUAD,TCGA-64-5779-01Z-00-DX1.B3268447-DCE0-4927-B5A9-EC4D61E9B17D
LUAD,TCGA-86-8668-01Z-00-DX1.d720d486-02c7-4f98-8feb-e0e50a12c158,midnight,Midnight,1,Recall@1,1,1,0.9217590689659119,LUAD,TCGA-55-6986-01Z-00-DX1.ae52d41e-3cd6-4d36-b04b-2ea7d29bd8da
LUAD,TCGA-86-8668-01Z-00-DX1.d720d486-02c7-4f98-8feb-e0e50a12c158,midnight,Midnight,5,Recall@5,1,5,0.9217590689659119,LUAD,TCGA-55-6986-01Z-00-DX1.ae52d41e-3cd6-4d36-b04b-2ea7d29bd8da
LUAD,TCGA-86-8668-01Z-00-DX1.d720d486-02c7-4f98-8feb-e0e50a12c158,midnight,Midnight,10,Recall@10,1,5,0.9217590689659119,LUAD,TCGA-55-6986-01Z-00-DX1.ae52d41e-3cd6-4d36-b04b-2ea7d29bd8da
LUAD,TCGA-97-A4LX-01Z-00-DX1.B2334672-A626-4E74-B4D1-A79F70F65909,midnight,Midnight,1,Recall@1,1,1,0.9497784376144409,LUAD,TCGA-97-A4M2-01Z-00-DX1.5C72522C-1538-4D68-B517-5FB05A9D401A
LUAD,TCGA-97-A4LX-01Z-00-DX1.B2334672-A626-4E74-B4D1-A79F70F65909,midnight,Midnight,5,Recall@5,1,5,0.9497784376144409,LUAD,TCGA-97-A4M2-01Z-00-DX1.5C72522C-1538-4D68-B517-5FB05A9D401A
LUAD,TCGA-97-A4LX-01Z-00-DX1.B2334672-A626-4E74-B4D1-A79F70F65909,midnight,Midnight,10,Recall@10,1,5,0.9497784376144409,LUAD,TCGA-97-A4M2-01Z-00-DX1.5C72522C-1538-4D68-B517-5FB05A9D401A
LUAD,TCGA-97-A4M2-01Z-00-DX1.5C72522C-1538-4D68-B517-5FB05A9D401A,midnight,Midnight,1,Recall@1,1,1,0.9497784376144409,LUAD,TCGA-97-A4LX-01Z-00-DX1.B2334672-A626-4E74-B4D1-A79F70F65909
LUAD,TCGA-97-A4M2-01Z-00-DX1.5C72522C-1538-4D68-B517-5FB05A9D401A,midnight,Midnight,5,Recall@5,1,5,0.9497784376144409,LUAD,TCGA-97-A4LX-01Z-00-DX1.B2334672-A626-4E74-B4D1-A79F70F65909
LUAD,TCGA-97-A4M2-01Z-00-DX1.5C72522C-1538-4D68-B517-5FB05A9D401A,midnight,Midnight,10,Recall@10,1,5,0.9497784376144409,LUAD,TCGA-97-A4LX-01Z-00-DX1.B2334672-A626-4E74-B4D1-A79F70F65909
LUAD,TCGA-J2-A4AE-01Z-00-DX1.42C5DE4A-7787-4E59-8969-D12503262C96,midnight,Midnight,1,Recall@1,1,1,0.8928025960922241,LUAD,TCGA-97-A4M2-01Z-00-DX1.5C72522C-1538-4D68-B517-5FB05A9D401A
LUAD,TCGA-J2-A4AE-01Z-00-DX1.42C5DE4A-7787-4E59-8969-D12503262C96,midnight,Midnight,5,Recall@5,1,5,0.8928025960922241,LUAD,TCGA-97-A4M2-01Z-00-DX1.5C72522C-1538-4D68-B517-5FB05A9D401A
LUAD,TCGA-J2-A4AE-01Z-00-DX1.42C5DE4A-7787-4E59-8969-D12503262C96,midnight,Midnight,10,Recall@10,1,5,0.8928025960922241,LUAD,TCGA-97-A4M2-01Z-00-DX1.5C72522C-1538-4D68-B517-5FB05A9D401A
STAD,TCGA-BR-6452-01Z-00-DX1.aec8246e-9dce-436d-9faa-df8fa1f6e47c,midnight,Midnight,1,Recall@1,0,0,0.8780053853988647,COAD,TCGA-G4-6588-01Z-00-DX1.0747172e-f630-4b7c-9341-55078585ae00
STAD,TCGA-BR-6452-01Z-00-DX1.aec8246e-9dce-436d-9faa-df8fa1f6e47c,midnight,Midnight,5,Recall@5,1,1,0.8780053853988647,COAD,TCGA-G4-6588-01Z-00-DX1.0747172e-f630-4b7c-9341-55078585ae00
STAD,TCGA-BR-6452-01Z-00-DX1.aec8246e-9dce-436d-9faa-df8fa1f6e47c,midnight,Midnight,10,Recall@10,1,3,0.8780053853988647,COAD,TCGA-G4-6588-01Z-00-DX1.0747172e-f630-4b7c-9341-55078585ae00
STAD,TCGA-BR-6454-01Z-00-DX1.63fb6280-2b43-49b2-960a-eb9c0e8b617c,midnight,Midnight,1,Recall@1,1,1,0.8633705377578735,STAD,TCGA-BR-6452-01Z-00-DX1.aec8246e-9dce-436d-9faa-df8fa1f6e47c
STAD,TCGA-BR-6454-01Z-00-DX1.63fb6280-2b43-49b2-960a-eb9c0e8b617c,midnight,Midnight,5,Recall@5,1,1,0.8633705377578735,STAD,TCGA-BR-6452-01Z-00-DX1.aec8246e-9dce-436d-9faa-df8fa1f6e47c
STAD,TCGA-BR-6454-01Z-00-DX1.63fb6280-2b43-49b2-960a-eb9c0e8b617c,midnight,Midnight,10,Recall@10,1,4,0.8633705377578735,STAD,TCGA-BR-6452-01Z-00-DX1.aec8246e-9dce-436d-9faa-df8fa1f6e47c
STAD,TCGA-BR-A4CQ-01Z-00-DX1.B63282A5-154D-441B-BF96-5BB26CB6D95E,midnight,Midnight,1,Recall@1,1,1,0.7923428416252136,STAD,TCGA-VQ-A924-01Z-00-DX1.736B41F3-9678-4FAF-AE86-FCAC4F6DCBD3
STAD,TCGA-BR-A4CQ-01Z-00-DX1.B63282A5-154D-441B-BF96-5BB26CB6D95E,midnight,Midnight,5,Recall@5,1,2,0.7923428416252136,STAD,TCGA-VQ-A924-01Z-00-DX1.736B41F3-9678-4FAF-AE86-FCAC4F6DCBD3
STAD,TCGA-BR-A4CQ-01Z-00-DX1.B63282A5-154D-441B-BF96-5BB26CB6D95E,midnight,Midnight,10,Recall@10,1,5,0.7923428416252136,STAD,TCGA-VQ-A924-01Z-00-DX1.736B41F3-9678-4FAF-AE86-FCAC4F6DCBD3
STAD,TCGA-CD-A487-01Z-00-DX1.A026BD2F-B721-4340-83D5-7AA39227C90F,midnight,Midnight,1,Recall@1,1,1,0.7681480646133423,STAD,TCGA-VQ-A8PY-01Z-00-DX1.EA2C7386-012A-442A-95B3-FFA12BD2684D
STAD,TCGA-CD-A487-01Z-00-DX1.A026BD2F-B721-4340-83D5-7AA39227C90F,midnight,Midnight,5,Recall@5,1,2,0.7681480646133423,STAD,TCGA-VQ-A8PY-01Z-00-DX1.EA2C7386-012A-442A-95B3-FFA12BD2684D
STAD,TCGA-CD-A487-01Z-00-DX1.A026BD2F-B721-4340-83D5-7AA39227C90F,midnight,Midnight,10,Recall@10,1,3,0.7681480646133423,STAD,TCGA-VQ-A8PY-01Z-00-DX1.EA2C7386-012A-442A-95B3-FFA12BD2684D
STAD,TCGA-FP-8209-01Z-00-DX1.a5e13081-1631-44d4-8d6a-c229a22c2311,midnight,Midnight,1,Recall@1,1,1,0.7736557722091675,STAD,TCGA-ZQ-A9CR-01Z-00-DX1.C9AC9991-7054-4068-A7AA-9D1EB7F040A3
STAD,TCGA-FP-8209-01Z-00-DX1.a5e13081-1631-44d4-8d6a-c229a22c2311,midnight,Midnight,5,Recall@5,1,2,0.7736557722091675,STAD,TCGA-ZQ-A9CR-01Z-00-DX1.C9AC9991-7054-4068-A7AA-9D1EB7F040A3
STAD,TCGA-FP-8209-01Z-00-DX1.a5e13081-1631-44d4-8d6a-c229a22c2311,midnight,Midnight,10,Recall@10,1,4,0.7736557722091675,STAD,TCGA-ZQ-A9CR-01Z-00-DX1.C9AC9991-7054-4068-A7AA-9D1EB7F040A3
STAD,TCGA-SW-A7EA-01Z-00-DX1.C5E1BE0E-0A25-4480-A3AC-DB2ED7471A4E,midnight,Midnight,1,Recall@1,1,1,0.6469677090644836,STAD,TCGA-CD-A487-01Z-00-DX1.A026BD2F-B721-4340-83D5-7AA39227C90F
STAD,TCGA-SW-A7EA-01Z-00-DX1.C5E1BE0E-0A25-4480-A3AC-DB2ED7471A4E,midnight,Midnight,5,Recall@5,1,2,0.6469677090644836,STAD,TCGA-CD-A487-01Z-00-DX1.A026BD2F-B721-4340-83D5-7AA39227C90F
STAD,TCGA-SW-A7EA-01Z-00-DX1.C5E1BE0E-0A25-4480-A3AC-DB2ED7471A4E,midnight,Midnight,10,Recall@10,1,2,0.6469677090644836,STAD,TCGA-CD-A487-01Z-00-DX1.A026BD2F-B721-4340-83D5-7AA39227C90F
STAD,TCGA-VQ-A8PY-01Z-00-DX1.EA2C7386-012A-442A-95B3-FFA12BD2684D,midnight,Midnight,1,Recall@1,0,0,0.7736594080924988,BLCA,TCGA-FD-A6TK-01Z-00-DX1.B685DA87-72A6-4C38-8AA1-40B6E543383C
STAD,TCGA-VQ-A8PY-01Z-00-DX1.EA2C7386-012A-442A-95B3-FFA12BD2684D,midnight,Midnight,5,Recall@5,1,2,0.7736594080924988,BLCA,TCGA-FD-A6TK-01Z-00-DX1.B685DA87-72A6-4C38-8AA1-40B6E543383C
STAD,TCGA-VQ-A8PY-01Z-00-DX1.EA2C7386-012A-442A-95B3-FFA12BD2684D,midnight,Midnight,10,Recall@10,1,4,0.7736594080924988,BLCA,TCGA-FD-A6TK-01Z-00-DX1.B685DA87-72A6-4C38-8AA1-40B6E543383C
STAD,TCGA-VQ-A924-01Z-00-DX1.736B41F3-9678-4FAF-AE86-FCAC4F6DCBD3,midnight,Midnight,1,Recall@1,1,1,0.7923428416252136,STAD,TCGA-BR-A4CQ-01Z-00-DX1.B63282A5-154D-441B-BF96-5BB26CB6D95E
STAD,TCGA-VQ-A924-01Z-00-DX1.736B41F3-9678-4FAF-AE86-FCAC4F6DCBD3,midnight,Midnight,5,Recall@5,1,2,0.7923428416252136,STAD,TCGA-BR-A4CQ-01Z-00-DX1.B63282A5-154D-441B-BF96-5BB26CB6D95E
STAD,TCGA-VQ-A924-01Z-00-DX1.736B41F3-9678-4FAF-AE86-FCAC4F6DCBD3,midnight,Midnight,10,Recall@10,1,5,0.7923428416252136,STAD,TCGA-BR-A4CQ-01Z-00-DX1.B63282A5-154D-441B-BF96-5BB26CB6D95E
STAD,TCGA-ZQ-A9CR-01Z-00-DX1.C9AC9991-7054-4068-A7AA-9D1EB7F040A3,midnight,Midnight,1,Recall@1,0,0,0.8056067824363708,COAD,TCGA-G4-6309-01Z-00-DX1.3eb20fdc-eb86-4bd5-8194-76b02d4fa472
STAD,TCGA-ZQ-A9CR-01Z-00-DX1.C9AC9991-7054-4068-A7AA-9D1EB7F040A3,midnight,Midnight,5,Recall@5,1,1,0.8056067824363708,COAD,TCGA-G4-6309-01Z-00-DX1.3eb20fdc-eb86-4bd5-8194-76b02d4fa472
STAD,TCGA-ZQ-A9CR-01Z-00-DX1.C9AC9991-7054-4068-A7AA-9D1EB7F040A3,midnight,Midnight,10,Recall@10,1,4,0.8056067824363708,COAD,TCGA-G4-6309-01Z-00-DX1.3eb20fdc-eb86-4bd5-8194-76b02d4fa472
UCEC,TCGA-A5-A0GX-01Z-00-DX1.7E713D1A-5858-4648-957D-77189E43CFAA,midnight,Midnight,1,Recall@1,1,1,0.8584119081497192,UCEC,TCGA-BG-A0W1-01Z-00-DX1.8E06269C-1278-478B-A128-59FA911B1649
UCEC,TCGA-A5-A0GX-01Z-00-DX1.7E713D1A-5858-4648-957D-77189E43CFAA,midnight,Midnight,5,Recall@5,1,5,0.8584119081497192,UCEC,TCGA-BG-A0W1-01Z-00-DX1.8E06269C-1278-478B-A128-59FA911B1649
UCEC,TCGA-A5-A0GX-01Z-00-DX1.7E713D1A-5858-4648-957D-77189E43CFAA,midnight,Midnight,10,Recall@10,1,6,0.8584119081497192,UCEC,TCGA-BG-A0W1-01Z-00-DX1.8E06269C-1278-478B-A128-59FA911B1649
UCEC,TCGA-A5-A0R7-01Z-00-DX1.D21E6974-22A3-4A68-8B4E-14E84A7A50A5,midnight,Midnight,1,Recall@1,1,1,0.8837970495223999,UCEC,TCGA-B5-A11F-01Z-00-DX1.3F1C053D-E81E-4C8D-965D-6F3DE29D9511
UCEC,TCGA-A5-A0R7-01Z-00-DX1.D21E6974-22A3-4A68-8B4E-14E84A7A50A5,midnight,Midnight,5,Recall@5,1,5,0.8837970495223999,UCEC,TCGA-B5-A11F-01Z-00-DX1.3F1C053D-E81E-4C8D-965D-6F3DE29D9511
UCEC,TCGA-A5-A0R7-01Z-00-DX1.D21E6974-22A3-4A68-8B4E-14E84A7A50A5,midnight,Midnight,10,Recall@10,1,6,0.8837970495223999,UCEC,TCGA-B5-A11F-01Z-00-DX1.3F1C053D-E81E-4C8D-965D-6F3DE29D9511
UCEC,TCGA-AX-A05U-01Z-00-DX1.1EBFC727-B5D5-4543-BBA9-4254ABD3D584,midnight,Midnight,1,Recall@1,1,1,0.8729569315910339,UCEC,TCGA-FI-A2EX-01Z-00-DX1.127F5153-745D-43E6-83CA-DE2738702C62
UCEC,TCGA-AX-A05U-01Z-00-DX1.1EBFC727-B5D5-4543-BBA9-4254ABD3D584,midnight,Midnight,5,Recall@5,1,5,0.8729569315910339,UCEC,TCGA-FI-A2EX-01Z-00-DX1.127F5153-745D-43E6-83CA-DE2738702C62
UCEC,TCGA-AX-A05U-01Z-00-DX1.1EBFC727-B5D5-4543-BBA9-4254ABD3D584,midnight,Midnight,10,Recall@10,1,7,0.8729569315910339,UCEC,TCGA-FI-A2EX-01Z-00-DX1.127F5153-745D-43E6-83CA-DE2738702C62
UCEC,TCGA-AX-A06B-01Z-00-DX2.1757C039-99F7-4087-A9E5-D340AF7220D4,midnight,Midnight,1,Recall@1,1,1,0.659693717956543,UCEC,TCGA-AX-A0J0-01Z-00-DX2.56C668BE-03B8-4B87-A226-AABD97D53C38
UCEC,TCGA-AX-A06B-01Z-00-DX2.1757C039-99F7-4087-A9E5-D340AF7220D4,midnight,Midnight,5,Recall@5,1,4,0.659693717956543,UCEC,TCGA-AX-A0J0-01Z-00-DX2.56C668BE-03B8-4B87-A226-AABD97D53C38
UCEC,TCGA-AX-A06B-01Z-00-DX2.1757C039-99F7-4087-A9E5-D340AF7220D4,midnight,Midnight,10,Recall@10,1,6,0.659693717956543,UCEC,TCGA-AX-A0J0-01Z-00-DX2.56C668BE-03B8-4B87-A226-AABD97D53C38
UCEC,TCGA-AX-A0J0-01Z-00-DX2.56C668BE-03B8-4B87-A226-AABD97D53C38,midnight,Midnight,1,Recall@1,1,1,0.8912814259529114,UCEC,TCGA-B5-A11F-01Z-00-DX1.3F1C053D-E81E-4C8D-965D-6F3DE29D9511
UCEC,TCGA-AX-A0J0-01Z-00-DX2.56C668BE-03B8-4B87-A226-AABD97D53C38,midnight,Midnight,5,Recall@5,1,5,0.8912814259529114,UCEC,TCGA-B5-A11F-01Z-00-DX1.3F1C053D-E81E-4C8D-965D-6F3DE29D9511
UCEC,TCGA-AX-A0J0-01Z-00-DX2.56C668BE-03B8-4B87-A226-AABD97D53C38,midnight,Midnight,10,Recall@10,1,7,0.8912814259529114,UCEC,TCGA-B5-A11F-01Z-00-DX1.3F1C053D-E81E-4C8D-965D-6F3DE29D9511
UCEC,TCGA-B5-A11F-01Z-00-DX1.3F1C053D-E81E-4C8D-965D-6F3DE29D9511,midnight,Midnight,1,Recall@1,1,1,0.8912814259529114,UCEC,TCGA-AX-A0J0-01Z-00-DX2.56C668BE-03B8-4B87-A226-AABD97D53C38
UCEC,TCGA-B5-A11F-01Z-00-DX1.3F1C053D-E81E-4C8D-965D-6F3DE29D9511,midnight,Midnight,5,Recall@5,1,5,0.8912814259529114,UCEC,TCGA-AX-A0J0-01Z-00-DX2.56C668BE-03B8-4B87-A226-AABD97D53C38
UCEC,TCGA-B5-A11F-01Z-00-DX1.3F1C053D-E81E-4C8D-965D-6F3DE29D9511,midnight,Midnight,10,Recall@10,1,6,0.8912814259529114,UCEC,TCGA-AX-A0J0-01Z-00-DX2.56C668BE-03B8-4B87-A226-AABD97D53C38
UCEC,TCGA-BG-A0W1-01Z-00-DX1.8E06269C-1278-478B-A128-59FA911B1649,midnight,Midnight,1,Recall@1,1,1,0.884712278842926,UCEC,TCGA-AX-A0J0-01Z-00-DX2.56C668BE-03B8-4B87-A226-AABD97D53C38
UCEC,TCGA-BG-A0W1-01Z-00-DX1.8E06269C-1278-478B-A128-59FA911B1649,midnight,Midnight,5,Recall@5,1,5,0.884712278842926,UCEC,TCGA-AX-A0J0-01Z-00-DX2.56C668BE-03B8-4B87-A226-AABD97D53C38
UCEC,TCGA-BG-A0W1-01Z-00-DX1.8E06269C-1278-478B-A128-59FA911B1649,midnight,Midnight,10,Recall@10,1,7,0.884712278842926,UCEC,TCGA-AX-A0J0-01Z-00-DX2.56C668BE-03B8-4B87-A226-AABD97D53C38
UCEC,TCGA-EY-A1GQ-01Z-00-DX1.03D52C6F-515E-4A4F-A08E-31D773BCC67F,midnight,Midnight,1,Recall@1,1,1,0.7609531283378601,UCEC,TCGA-AX-A0J0-01Z-00-DX2.56C668BE-03B8-4B87-A226-AABD97D53C38
UCEC,TCGA-EY-A1GQ-01Z-00-DX1.03D52C6F-515E-4A4F-A08E-31D773BCC67F,midnight,Midnight,5,Recall@5,1,3,0.7609531283378601,UCEC,TCGA-AX-A0J0-01Z-00-DX2.56C668BE-03B8-4B87-A226-AABD97D53C38
UCEC,TCGA-EY-A1GQ-01Z-00-DX1.03D52C6F-515E-4A4F-A08E-31D773BCC67F,midnight,Midnight,10,Recall@10,1,4,0.7609531283378601,UCEC,TCGA-AX-A0J0-01Z-00-DX2.56C668BE-03B8-4B87-A226-AABD97D53C38
UCEC,TCGA-FI-A2EX-01Z-00-DX1.127F5153-745D-43E6-83CA-DE2738702C62,midnight,Midnight,1,Recall@1,1,1,0.8905941247940063,UCEC,TCGA-AX-A0J0-01Z-00-DX2.56C668BE-03B8-4B87-A226-AABD97D53C38
UCEC,TCGA-FI-A2EX-01Z-00-DX1.127F5153-745D-43E6-83CA-DE2738702C62,midnight,Midnight,5,Recall@5,1,5,0.8905941247940063,UCEC,TCGA-AX-A0J0-01Z-00-DX2.56C668BE-03B8-4B87-A226-AABD97D53C38
UCEC,TCGA-FI-A2EX-01Z-00-DX1.127F5153-745D-43E6-83CA-DE2738702C62,midnight,Midnight,10,Recall@10,1,7,0.8905941247940063,UCEC,TCGA-AX-A0J0-01Z-00-DX2.56C668BE-03B8-4B87-A226-AABD97D53C38
BLCA,TCGA-CF-A3MF-01Z-00-DX1.91768C26-5BB1-4DE6-9737-AA26BD687A75,gigapath,GigaPath,1,Recall@1,0,0,0.7822651863098145,UCEC,TCGA-AX-A06B-01Z-00-DX2.1757C039-99F7-4087-A9E5-D340AF7220D4
BLCA,TCGA-CF-A3MF-01Z-00-DX1.91768C26-5BB1-4DE6-9737-AA26BD687A75,gigapath,GigaPath,5,Recall@5,1,2,0.7822651863098145,UCEC,TCGA-AX-A06B-01Z-00-DX2.1757C039-99F7-4087-A9E5-D340AF7220D4
BLCA,TCGA-CF-A3MF-01Z-00-DX1.91768C26-5BB1-4DE6-9737-AA26BD687A75,gigapath,GigaPath,10,Recall@10,1,2,0.7822651863098145,UCEC,TCGA-AX-A06B-01Z-00-DX2.1757C039-99F7-4087-A9E5-D340AF7220D4
BLCA,TCGA-CU-A0YN-01Z-00-DX1.6C5EAAAF-8F14-49D3-8FFC-9BDAE56CAFD0,gigapath,GigaPath,1,Recall@1,0,0,0.7803406119346619,BRCA,TCGA-AN-A0G0-01Z-00-DX1.BE0BB5DF-DEDA-48D8-B5D8-2735C767F28F
BLCA,TCGA-CU-A0YN-01Z-00-DX1.6C5EAAAF-8F14-49D3-8FFC-9BDAE56CAFD0,gigapath,GigaPath,5,Recall@5,0,0,0.7803406119346619,BRCA,TCGA-AN-A0G0-01Z-00-DX1.BE0BB5DF-DEDA-48D8-B5D8-2735C767F28F
BLCA,TCGA-CU-A0YN-01Z-00-DX1.6C5EAAAF-8F14-49D3-8FFC-9BDAE56CAFD0,gigapath,GigaPath,10,Recall@10,1,3,0.7803406119346619,BRCA,TCGA-AN-A0G0-01Z-00-DX1.BE0BB5DF-DEDA-48D8-B5D8-2735C767F28F
BLCA,TCGA-DK-A6AW-01Z-00-DX1.C2453A8C-8282-443C-9E76-5B6CAD2FE69B,gigapath,GigaPath,1,Recall@1,0,0,0.8013527393341064,COAD,TCGA-G4-6309-01Z-00-DX1.3eb20fdc-eb86-4bd5-8194-76b02d4fa472
BLCA,TCGA-DK-A6AW-01Z-00-DX1.C2453A8C-8282-443C-9E76-5B6CAD2FE69B,gigapath,GigaPath,5,Recall@5,0,0,0.8013527393341064,COAD,TCGA-G4-6309-01Z-00-DX1.3eb20fdc-eb86-4bd5-8194-76b02d4fa472
BLCA,TCGA-DK-A6AW-01Z-00-DX1.C2453A8C-8282-443C-9E76-5B6CAD2FE69B,gigapath,GigaPath,10,Recall@10,1,1,0.8013527393341064,COAD,TCGA-G4-6309-01Z-00-DX1.3eb20fdc-eb86-4bd5-8194-76b02d4fa472
BLCA,TCGA-DK-AA6L-01A-01-TSA.5794F0C6-9ED6-489A-9621-18CCC5935548,gigapath,GigaPath,1,Recall@1,0,0,0.7953889966011047,HNSC,TCGA-CN-A6V7-01A-01-TS1.F54912D3-1E21-4605-ACFC-142973524AE2
BLCA,TCGA-DK-AA6L-01A-01-TSA.5794F0C6-9ED6-489A-9621-18CCC5935548,gigapath,GigaPath,5,Recall@5,1,1,0.7953889966011047,HNSC,TCGA-CN-A6V7-01A-01-TS1.F54912D3-1E21-4605-ACFC-142973524AE2
BLCA,TCGA-DK-AA6L-01A-01-TSA.5794F0C6-9ED6-489A-9621-18CCC5935548,gigapath,GigaPath,10,Recall@10,1,1,0.7953889966011047,HNSC,TCGA-CN-A6V7-01A-01-TS1.F54912D3-1E21-4605-ACFC-142973524AE2
BLCA,TCGA-DK-AA77-01A-01-TSA.26CAF5CB-CC4F-4522-BD2B-343FB70205FE,gigapath,GigaPath,1,Recall@1,0,0,0.9298655986785889,HNSC,TCGA-CN-A6V7-01A-01-TS1.F54912D3-1E21-4605-ACFC-142973524AE2
BLCA,TCGA-DK-AA77-01A-01-TSA.26CAF5CB-CC4F-4522-BD2B-343FB70205FE,gigapath,GigaPath,5,Recall@5,1,2,0.9298655986785889,HNSC,TCGA-CN-A6V7-01A-01-TS1.F54912D3-1E21-4605-ACFC-142973524AE2
BLCA,TCGA-DK-AA77-01A-01-TSA.26CAF5CB-CC4F-4522-BD2B-343FB70205FE,gigapath,GigaPath,10,Recall@10,1,2,0.9298655986785889,HNSC,TCGA-CN-A6V7-01A-01-TS1.F54912D3-1E21-4605-ACFC-142973524AE2
BLCA,TCGA-FD-A6TK-01Z-00-DX1.B685DA87-72A6-4C38-8AA1-40B6E543383C,gigapath,GigaPath,1,Recall@1,1,1,0.9079305529594421,BLCA,TCGA-XF-A8HB-01Z-00-DX1.D6874152-D20A-4CA4-8E8B-8CBAB5F7D7B5
BLCA,TCGA-FD-A6TK-01Z-00-DX1.B685DA87-72A6-4C38-8AA1-40B6E543383C,gigapath,GigaPath,5,Recall@5,1,1,0.9079305529594421,BLCA,TCGA-XF-A8HB-01Z-00-DX1.D6874152-D20A-4CA4-8E8B-8CBAB5F7D7B5
BLCA,TCGA-FD-A6TK-01Z-00-DX1.B685DA87-72A6-4C38-8AA1-40B6E543383C,gigapath,GigaPath,10,Recall@10,1,2,0.9079305529594421,BLCA,TCGA-XF-A8HB-01Z-00-DX1.D6874152-D20A-4CA4-8E8B-8CBAB5F7D7B5
BLCA,TCGA-GU-AATP-01Z-00-DX1.0D8EC37C-88E7-49D5-A76D-F0A4A3FD8AE4,gigapath,GigaPath,1,Recall@1,1,1,0.8676568269729614,BLCA,TCGA-ZF-A9R1-01Z-00-DX1.74520759-D448-45B5-B8AD-45502C99A519
BLCA,TCGA-GU-AATP-01Z-00-DX1.0D8EC37C-88E7-49D5-A76D-F0A4A3FD8AE4,gigapath,GigaPath,5,Recall@5,1,3,0.8676568269729614,BLCA,TCGA-ZF-A9R1-01Z-00-DX1.74520759-D448-45B5-B8AD-45502C99A519
BLCA,TCGA-GU-AATP-01Z-00-DX1.0D8EC37C-88E7-49D5-A76D-F0A4A3FD8AE4,gigapath,GigaPath,10,Recall@10,1,3,0.8676568269729614,BLCA,TCGA-ZF-A9R1-01Z-00-DX1.74520759-D448-45B5-B8AD-45502C99A519
BLCA,TCGA-XF-A8HB-01Z-00-DX1.D6874152-D20A-4CA4-8E8B-8CBAB5F7D7B5,gigapath,GigaPath,1,Recall@1,1,1,0.9079305529594421,BLCA,TCGA-FD-A6TK-01Z-00-DX1.B685DA87-72A6-4C38-8AA1-40B6E543383C
BLCA,TCGA-XF-A8HB-01Z-00-DX1.D6874152-D20A-4CA4-8E8B-8CBAB5F7D7B5,gigapath,GigaPath,5,Recall@5,1,3,0.9079305529594421,BLCA,TCGA-FD-A6TK-01Z-00-DX1.B685DA87-72A6-4C38-8AA1-40B6E543383C
BLCA,TCGA-XF-A8HB-01Z-00-DX1.D6874152-D20A-4CA4-8E8B-8CBAB5F7D7B5,gigapath,GigaPath,10,Recall@10,1,3,0.9079305529594421,BLCA,TCGA-FD-A6TK-01Z-00-DX1.B685DA87-72A6-4C38-8AA1-40B6E543383C
BLCA,TCGA-ZF-A9R1-01Z-00-DX1.74520759-D448-45B5-B8AD-45502C99A519,gigapath,GigaPath,1,Recall@1,1,1,0.8676568269729614,BLCA,TCGA-GU-AATP-01Z-00-DX1.0D8EC37C-88E7-49D5-A76D-F0A4A3FD8AE4
BLCA,TCGA-ZF-A9R1-01Z-00-DX1.74520759-D448-45B5-B8AD-45502C99A519,gigapath,GigaPath,5,Recall@5,1,2,0.8676568269729614,BLCA,TCGA-GU-AATP-01Z-00-DX1.0D8EC37C-88E7-49D5-A76D-F0A4A3FD8AE4
BLCA,TCGA-ZF-A9R1-01Z-00-DX1.74520759-D448-45B5-B8AD-45502C99A519,gigapath,GigaPath,10,Recall@10,1,3,0.8676568269729614,BLCA,TCGA-GU-AATP-01Z-00-DX1.0D8EC37C-88E7-49D5-A76D-F0A4A3FD8AE4
BLCA,TCGA-ZF-AA51-01Z-00-DX1.128C9731-C206-4E71-9A64-864FA9FD7E96,gigapath,GigaPath,1,Recall@1,0,0,0.8349196314811707,UCEC,TCGA-AX-A06B-01Z-00-DX2.1757C039-99F7-4087-A9E5-D340AF7220D4
BLCA,TCGA-ZF-AA51-01Z-00-DX1.128C9731-C206-4E71-9A64-864FA9FD7E96,gigapath,GigaPath,5,Recall@5,1,1,0.8349196314811707,UCEC,TCGA-AX-A06B-01Z-00-DX2.1757C039-99F7-4087-A9E5-D340AF7220D4
BLCA,TCGA-ZF-AA51-01Z-00-DX1.128C9731-C206-4E71-9A64-864FA9FD7E96,gigapath,GigaPath,10,Recall@10,1,4,0.8349196314811707,UCEC,TCGA-AX-A06B-01Z-00-DX2.1757C039-99F7-4087-A9E5-D340AF7220D4
BRCA,TCGA-A7-A2KD-01Z-00-DX1.BFF2DFC8-1D95-4DC2-98FC-5BD7D7C6CDF5,gigapath,GigaPath,1,Recall@1,0,0,0.7966663837432861,STAD,TCGA-BR-A4CQ-01Z-00-DX1.B63282A5-154D-441B-BF96-5BB26CB6D95E
BRCA,TCGA-A7-A2KD-01Z-00-DX1.BFF2DFC8-1D95-4DC2-98FC-5BD7D7C6CDF5,gigapath,GigaPath,5,Recall@5,1,1,0.7966663837432861,STAD,TCGA-BR-A4CQ-01Z-00-DX1.B63282A5-154D-441B-BF96-5BB26CB6D95E
BRCA,TCGA-A7-A2KD-01Z-00-DX1.BFF2DFC8-1D95-4DC2-98FC-5BD7D7C6CDF5,gigapath,GigaPath,10,Recall@10,1,3,0.7966663837432861,STAD,TCGA-BR-A4CQ-01Z-00-DX1.B63282A5-154D-441B-BF96-5BB26CB6D95E
BRCA,TCGA-AN-A0G0-01Z-00-DX1.BE0BB5DF-DEDA-48D8-B5D8-2735C767F28F,gigapath,GigaPath,1,Recall@1,0,0,0.7872331142425537,UCEC,TCGA-EY-A1GQ-01Z-00-DX1.03D52C6F-515E-4A4F-A08E-31D773BCC67F
BRCA,TCGA-AN-A0G0-01Z-00-DX1.BE0BB5DF-DEDA-48D8-B5D8-2735C767F28F,gigapath,GigaPath,5,Recall@5,1,1,0.7872331142425537,UCEC,TCGA-EY-A1GQ-01Z-00-DX1.03D52C6F-515E-4A4F-A08E-31D773BCC67F
BRCA,TCGA-AN-A0G0-01Z-00-DX1.BE0BB5DF-DEDA-48D8-B5D8-2735C767F28F,gigapath,GigaPath,10,Recall@10,1,4,0.7872331142425537,UCEC,TCGA-EY-A1GQ-01Z-00-DX1.03D52C6F-515E-4A4F-A08E-31D773BCC67F
BRCA,TCGA-AQ-A04L-01Z-00-DX1.F35BF4DD-896A-43C2-8DA6-C67945C003BE,gigapath,GigaPath,1,Recall@1,1,1,0.8562757968902588,BRCA,TCGA-E2-A1LA-01Z-00-DX1.AE49E943-B830-4ED9-B09E-E499441BC2EC
BRCA,TCGA-AQ-A04L-01Z-00-DX1.F35BF4DD-896A-43C2-8DA6-C67945C003BE,gigapath,GigaPath,5,Recall@5,1,4,0.8562757968902588,BRCA,TCGA-E2-A1LA-01Z-00-DX1.AE49E943-B830-4ED9-B09E-E499441BC2EC
BRCA,TCGA-AQ-A04L-01Z-00-DX1.F35BF4DD-896A-43C2-8DA6-C67945C003BE,gigapath,GigaPath,10,Recall@10,1,4,0.8562757968902588,BRCA,TCGA-E2-A1LA-01Z-00-DX1.AE49E943-B830-4ED9-B09E-E499441BC2EC
BRCA,TCGA-AR-A2LK-01Z-00-DX1.FBD59C38-CD4E-4C22-BC74-A57C192A9BBC,gigapath,GigaPath,1,Recall@1,1,1,0.911244809627533,BRCA,TCGA-AR-A5QM-01Z-00-DX1.A9017CED-FF57-4090-95B9-94DC91854347
BRCA,TCGA-AR-A2LK-01Z-00-DX1.FBD59C38-CD4E-4C22-BC74-A57C192A9BBC,gigapath,GigaPath,5,Recall@5,1,2,0.911244809627533,BRCA,TCGA-AR-A5QM-01Z-00-DX1.A9017CED-FF57-4090-95B9-94DC91854347
BRCA,TCGA-AR-A2LK-01Z-00-DX1.FBD59C38-CD4E-4C22-BC74-A57C192A9BBC,gigapath,GigaPath,10,Recall@10,1,5,0.911244809627533,BRCA,TCGA-AR-A5QM-01Z-00-DX1.A9017CED-FF57-4090-95B9-94DC91854347
BRCA,TCGA-AR-A5QM-01Z-00-DX1.A9017CED-FF57-4090-95B9-94DC91854347,gigapath,GigaPath,1,Recall@1,1,1,0.911244809627533,BRCA,TCGA-AR-A2LK-01Z-00-DX1.FBD59C38-CD4E-4C22-BC74-A57C192A9BBC
BRCA,TCGA-AR-A5QM-01Z-00-DX1.A9017CED-FF57-4090-95B9-94DC91854347,gigapath,GigaPath,5,Recall@5,1,4,0.911244809627533,BRCA,TCGA-AR-A2LK-01Z-00-DX1.FBD59C38-CD4E-4C22-BC74-A57C192A9BBC
BRCA,TCGA-AR-A5QM-01Z-00-DX1.A9017CED-FF57-4090-95B9-94DC91854347,gigapath,GigaPath,10,Recall@10,1,6,0.911244809627533,BRCA,TCGA-AR-A2LK-01Z-00-DX1.FBD59C38-CD4E-4C22-BC74-A57C192A9BBC
BRCA,TCGA-BH-A0C1-01Z-00-DX1.21FE357E-B182-4397-BFEF-7E96E994236A,gigapath,GigaPath,1,Recall@1,0,0,0.8450868129730225,BLCA,TCGA-ZF-A9R1-01Z-00-DX1.74520759-D448-45B5-B8AD-45502C99A519
BRCA,TCGA-BH-A0C1-01Z-00-DX1.21FE357E-B182-4397-BFEF-7E96E994236A,gigapath,GigaPath,5,Recall@5,1,4,0.8450868129730225,BLCA,TCGA-ZF-A9R1-01Z-00-DX1.74520759-D448-45B5-B8AD-45502C99A519
BRCA,TCGA-BH-A0C1-01Z-00-DX1.21FE357E-B182-4397-BFEF-7E96E994236A,gigapath,GigaPath,10,Recall@10,1,7,0.8450868129730225,BLCA,TCGA-ZF-A9R1-01Z-00-DX1.74520759-D448-45B5-B8AD-45502C99A519
BRCA,TCGA-D8-A1X8-01Z-00-DX1.DDA3866E-C7CC-4650-BE2B-5C9A98A2D531,gigapath,GigaPath,1,Recall@1,1,1,0.7844647765159607,BRCA,TCGA-E2-A14P-01Z-00-DX1.663B02FF-C64B-41A6-8685-FD61CD76F9C6
BRCA,TCGA-D8-A1X8-01Z-00-DX1.DDA3866E-C7CC-4650-BE2B-5C9A98A2D531,gigapath,GigaPath,5,Recall@5,1,4,0.7844647765159607,BRCA,TCGA-E2-A14P-01Z-00-DX1.663B02FF-C64B-41A6-8685-FD61CD76F9C6
BRCA,TCGA-D8-A1X8-01Z-00-DX1.DDA3866E-C7CC-4650-BE2B-5C9A98A2D531,gigapath,GigaPath,10,Recall@10,1,6,0.7844647765159607,BRCA,TCGA-E2-A14P-01Z-00-DX1.663B02FF-C64B-41A6-8685-FD61CD76F9C6
BRCA,TCGA-E2-A14P-01Z-00-DX1.663B02FF-C64B-41A6-8685-FD61CD76F9C6,gigapath,GigaPath,1,Recall@1,1,1,0.8075783252716064,BRCA,TCGA-E2-A1LA-01Z-00-DX1.AE49E943-B830-4ED9-B09E-E499441BC2EC
BRCA,TCGA-E2-A14P-01Z-00-DX1.663B02FF-C64B-41A6-8685-FD61CD76F9C6,gigapath,GigaPath,5,Recall@5,1,5,0.8075783252716064,BRCA,TCGA-E2-A1LA-01Z-00-DX1.AE49E943-B830-4ED9-B09E-E499441BC2EC
BRCA,TCGA-E2-A14P-01Z-00-DX1.663B02FF-C64B-41A6-8685-FD61CD76F9C6,gigapath,GigaPath,10,Recall@10,1,5,0.8075783252716064,BRCA,TCGA-E2-A1LA-01Z-00-DX1.AE49E943-B830-4ED9-B09E-E499441BC2EC
BRCA,TCGA-E2-A1LA-01Z-00-DX1.AE49E943-B830-4ED9-B09E-E499441BC2EC,gigapath,GigaPath,1,Recall@1,1,1,0.8562757968902588,BRCA,TCGA-AQ-A04L-01Z-00-DX1.F35BF4DD-896A-43C2-8DA6-C67945C003BE
BRCA,TCGA-E2-A1LA-01Z-00-DX1.AE49E943-B830-4ED9-B09E-E499441BC2EC,gigapath,GigaPath,5,Recall@5,1,3,0.8562757968902588,BRCA,TCGA-AQ-A04L-01Z-00-DX1.F35BF4DD-896A-43C2-8DA6-C67945C003BE
BRCA,TCGA-E2-A1LA-01Z-00-DX1.AE49E943-B830-4ED9-B09E-E499441BC2EC,gigapath,GigaPath,10,Recall@10,1,5,0.8562757968902588,BRCA,TCGA-AQ-A04L-01Z-00-DX1.F35BF4DD-896A-43C2-8DA6-C67945C003BE
BRCA,TCGA-GM-A3XN-01Z-00-DX1.49F5C8AC-0328-4BC2-9FE2-E7150B7A42E2,gigapath,GigaPath,1,Recall@1,1,1,0.8514857292175293,BRCA,TCGA-AR-A5QM-01Z-00-DX1.A9017CED-FF57-4090-95B9-94DC91854347
BRCA,TCGA-GM-A3XN-01Z-00-DX1.49F5C8AC-0328-4BC2-9FE2-E7150B7A42E2,gigapath,GigaPath,5,Recall@5,1,5,0.8514857292175293,BRCA,TCGA-AR-A5QM-01Z-00-DX1.A9017CED-FF57-4090-95B9-94DC91854347
BRCA,TCGA-GM-A3XN-01Z-00-DX1.49F5C8AC-0328-4BC2-9FE2-E7150B7A42E2,gigapath,GigaPath,10,Recall@10,1,7,0.8514857292175293,BRCA,TCGA-AR-A5QM-01Z-00-DX1.A9017CED-FF57-4090-95B9-94DC91854347
COAD,TCGA-AY-A8YK-01Z-00-DX1.89E3C546-0425-449B-A6FB-1C35168EA7EB,gigapath,GigaPath,1,Recall@1,1,1,0.7639625668525696,COAD,TCGA-CM-6168-01Z-00-DX1.96af6eb2-9d51-4671-baf8-1a73d0c66869
COAD,TCGA-AY-A8YK-01Z-00-DX1.89E3C546-0425-449B-A6FB-1C35168EA7EB,gigapath,GigaPath,5,Recall@5,1,2,0.7639625668525696,COAD,TCGA-CM-6168-01Z-00-DX1.96af6eb2-9d51-4671-baf8-1a73d0c66869
COAD,TCGA-AY-A8YK-01Z-00-DX1.89E3C546-0425-449B-A6FB-1C35168EA7EB,gigapath,GigaPath,10,Recall@10,1,2,0.7639625668525696,COAD,TCGA-CM-6168-01Z-00-DX1.96af6eb2-9d51-4671-baf8-1a73d0c66869
COAD,TCGA-CK-4947-01Z-00-DX1.b257d5fd-b97b-4987-b088-77f044ca7fe2,gigapath,GigaPath,1,Recall@1,1,1,0.8317661285400391,COAD,TCGA-G4-6310-01Z-00-DX1.b88472d4-3adc-4e4d-b0f2-0dc195a3d7df
COAD,TCGA-CK-4947-01Z-00-DX1.b257d5fd-b97b-4987-b088-77f044ca7fe2,gigapath,GigaPath,5,Recall@5,1,4,0.8317661285400391,COAD,TCGA-G4-6310-01Z-00-DX1.b88472d4-3adc-4e4d-b0f2-0dc195a3d7df
COAD,TCGA-CK-4947-01Z-00-DX1.b257d5fd-b97b-4987-b088-77f044ca7fe2,gigapath,GigaPath,10,Recall@10,1,5,0.8317661285400391,COAD,TCGA-G4-6310-01Z-00-DX1.b88472d4-3adc-4e4d-b0f2-0dc195a3d7df
COAD,TCGA-CM-6168-01Z-00-DX1.96af6eb2-9d51-4671-baf8-1a73d0c66869,gigapath,GigaPath,1,Recall@1,1,1,0.9379450678825378,COAD,TCGA-CM-6169-01Z-00-DX1.0381c243-02b8-4f1d-840c-19ef44d4b92c
COAD,TCGA-CM-6168-01Z-00-DX1.96af6eb2-9d51-4671-baf8-1a73d0c66869,gigapath,GigaPath,5,Recall@5,1,4,0.9379450678825378,COAD,TCGA-CM-6169-01Z-00-DX1.0381c243-02b8-4f1d-840c-19ef44d4b92c
COAD,TCGA-CM-6168-01Z-00-DX1.96af6eb2-9d51-4671-baf8-1a73d0c66869,gigapath,GigaPath,10,Recall@10,1,5,0.9379450678825378,COAD,TCGA-CM-6169-01Z-00-DX1.0381c243-02b8-4f1d-840c-19ef44d4b92c
COAD,TCGA-CM-6169-01Z-00-DX1.0381c243-02b8-4f1d-840c-19ef44d4b92c,gigapath,GigaPath,1,Recall@1,1,1,0.9379450678825378,COAD,TCGA-CM-6168-01Z-00-DX1.96af6eb2-9d51-4671-baf8-1a73d0c66869
COAD,TCGA-CM-6169-01Z-00-DX1.0381c243-02b8-4f1d-840c-19ef44d4b92c,gigapath,GigaPath,5,Recall@5,1,4,0.9379450678825378,COAD,TCGA-CM-6168-01Z-00-DX1.96af6eb2-9d51-4671-baf8-1a73d0c66869
COAD,TCGA-CM-6169-01Z-00-DX1.0381c243-02b8-4f1d-840c-19ef44d4b92c,gigapath,GigaPath,10,Recall@10,1,5,0.9379450678825378,COAD,TCGA-CM-6168-01Z-00-DX1.96af6eb2-9d51-4671-baf8-1a73d0c66869
COAD,TCGA-G4-6309-01Z-00-DX1.3eb20fdc-eb86-4bd5-8194-76b02d4fa472,gigapath,GigaPath,1,Recall@1,1,1,0.9307896494865417,COAD,TCGA-G4-6588-01Z-00-DX1.0747172e-f630-4b7c-9341-55078585ae00
COAD,TCGA-G4-6309-01Z-00-DX1.3eb20fdc-eb86-4bd5-8194-76b02d4fa472,gigapath,GigaPath,5,Recall@5,1,2,0.9307896494865417,COAD,TCGA-G4-6588-01Z-00-DX1.0747172e-f630-4b7c-9341-55078585ae00
COAD,TCGA-G4-6309-01Z-00-DX1.3eb20fdc-eb86-4bd5-8194-76b02d4fa472,gigapath,GigaPath,10,Recall@10,1,4,0.9307896494865417,COAD,TCGA-G4-6588-01Z-00-DX1.0747172e-f630-4b7c-9341-55078585ae00
COAD,TCGA-G4-6310-01Z-00-DX1.b88472d4-3adc-4e4d-b0f2-0dc195a3d7df,gigapath,GigaPath,1,Recall@1,1,1,0.8722168207168579,COAD,TCGA-G4-6588-01Z-00-DX1.0747172e-f630-4b7c-9341-55078585ae00
COAD,TCGA-G4-6310-01Z-00-DX1.b88472d4-3adc-4e4d-b0f2-0dc195a3d7df,gigapath,GigaPath,5,Recall@5,1,4,0.8722168207168579,COAD,TCGA-G4-6588-01Z-00-DX1.0747172e-f630-4b7c-9341-55078585ae00
COAD,TCGA-G4-6310-01Z-00-DX1.b88472d4-3adc-4e4d-b0f2-0dc195a3d7df,gigapath,GigaPath,10,Recall@10,1,5,0.8722168207168579,COAD,TCGA-G4-6588-01Z-00-DX1.0747172e-f630-4b7c-9341-55078585ae00
COAD,TCGA-G4-6588-01Z-00-DX1.0747172e-f630-4b7c-9341-55078585ae00,gigapath,GigaPath,1,Recall@1,1,1,0.9307896494865417,COAD,TCGA-G4-6309-01Z-00-DX1.3eb20fdc-eb86-4bd5-8194-76b02d4fa472
COAD,TCGA-G4-6588-01Z-00-DX1.0747172e-f630-4b7c-9341-55078585ae00,gigapath,GigaPath,5,Recall@5,1,2,0.9307896494865417,COAD,TCGA-G4-6309-01Z-00-DX1.3eb20fdc-eb86-4bd5-8194-76b02d4fa472
COAD,TCGA-G4-6588-01Z-00-DX1.0747172e-f630-4b7c-9341-55078585ae00,gigapath,GigaPath,10,Recall@10,1,5,0.9307896494865417,COAD,TCGA-G4-6309-01Z-00-DX1.3eb20fdc-eb86-4bd5-8194-76b02d4fa472
HNSC,TCGA-BA-6871-01Z-00-DX1.4d9ca329-f8d5-4c31-a20f-9d4fba728326,gigapath,GigaPath,1,Recall@1,0,0,0.7877822518348694,COAD,TCGA-G4-6588-01Z-00-DX1.0747172e-f630-4b7c-9341-55078585ae00
HNSC,TCGA-BA-6871-01Z-00-DX1.4d9ca329-f8d5-4c31-a20f-9d4fba728326,gigapath,GigaPath,5,Recall@5,0,0,0.7877822518348694,COAD,TCGA-G4-6588-01Z-00-DX1.0747172e-f630-4b7c-9341-55078585ae00
HNSC,TCGA-BA-6871-01Z-00-DX1.4d9ca329-f8d5-4c31-a20f-9d4fba728326,gigapath,GigaPath,10,Recall@10,0,0,0.7877822518348694,COAD,TCGA-G4-6588-01Z-00-DX1.0747172e-f630-4b7c-9341-55078585ae00
HNSC,TCGA-BA-6872-01Z-00-DX1.F99F6394-D319-4599-B124-D2A6692FA096,gigapath,GigaPath,1,Recall@1,0,0,0.702022910118103,COAD,TCGA-G4-6309-01Z-00-DX1.3eb20fdc-eb86-4bd5-8194-76b02d4fa472
HNSC,TCGA-BA-6872-01Z-00-DX1.F99F6394-D319-4599-B124-D2A6692FA096,gigapath,GigaPath,5,Recall@5,0,0,0.702022910118103,COAD,TCGA-G4-6309-01Z-00-DX1.3eb20fdc-eb86-4bd5-8194-76b02d4fa472
HNSC,TCGA-BA-6872-01Z-00-DX1.F99F6394-D319-4599-B124-D2A6692FA096,gigapath,GigaPath,10,Recall@10,0,0,0.702022910118103,COAD,TCGA-G4-6309-01Z-00-DX1.3eb20fdc-eb86-4bd5-8194-76b02d4fa472
HNSC,TCGA-CN-A6V7-01A-01-TS1.F54912D3-1E21-4605-ACFC-142973524AE2,gigapath,GigaPath,1,Recall@1,0,0,0.9298655986785889,BLCA,TCGA-DK-AA77-01A-01-TSA.26CAF5CB-CC4F-4522-BD2B-343FB70205FE
HNSC,TCGA-CN-A6V7-01A-01-TS1.F54912D3-1E21-4605-ACFC-142973524AE2,gigapath,GigaPath,5,Recall@5,1,2,0.9298655986785889,BLCA,TCGA-DK-AA77-01A-01-TSA.26CAF5CB-CC4F-4522-BD2B-343FB70205FE
HNSC,TCGA-CN-A6V7-01A-01-TS1.F54912D3-1E21-4605-ACFC-142973524AE2,gigapath,GigaPath,10,Recall@10,1,2,0.9298655986785889,BLCA,TCGA-DK-AA77-01A-01-TSA.26CAF5CB-CC4F-4522-BD2B-343FB70205FE
HNSC,TCGA-CV-6935-01Z-00-DX1.9C449CB2-FB6D-41D1-A4A6-3069DC84A697,gigapath,GigaPath,1,Recall@1,1,1,0.8449772000312805,HNSC,TCGA-CV-A45O-01Z-00-DX1.8CBD0CCC-C815-475D-87F9-76272F4F715B
HNSC,TCGA-CV-6935-01Z-00-DX1.9C449CB2-FB6D-41D1-A4A6-3069DC84A697,gigapath,GigaPath,5,Recall@5,1,2,0.8449772000312805,HNSC,TCGA-CV-A45O-01Z-00-DX1.8CBD0CCC-C815-475D-87F9-76272F4F715B
HNSC,TCGA-CV-6935-01Z-00-DX1.9C449CB2-FB6D-41D1-A4A6-3069DC84A697,gigapath,GigaPath,10,Recall@10,1,3,0.8449772000312805,HNSC,TCGA-CV-A45O-01Z-00-DX1.8CBD0CCC-C815-475D-87F9-76272F4F715B
HNSC,TCGA-CV-A45O-01Z-00-DX1.8CBD0CCC-C815-475D-87F9-76272F4F715B,gigapath,GigaPath,1,Recall@1,1,1,0.8449772000312805,HNSC,TCGA-CV-6935-01Z-00-DX1.9C449CB2-FB6D-41D1-A4A6-3069DC84A697
HNSC,TCGA-CV-A45O-01Z-00-DX1.8CBD0CCC-C815-475D-87F9-76272F4F715B,gigapath,GigaPath,5,Recall@5,1,2,0.8449772000312805,HNSC,TCGA-CV-6935-01Z-00-DX1.9C449CB2-FB6D-41D1-A4A6-3069DC84A697
HNSC,TCGA-CV-A45O-01Z-00-DX1.8CBD0CCC-C815-475D-87F9-76272F4F715B,gigapath,GigaPath,10,Recall@10,1,2,0.8449772000312805,HNSC,TCGA-CV-6935-01Z-00-DX1.9C449CB2-FB6D-41D1-A4A6-3069DC84A697
HNSC,TCGA-CV-A6JE-01Z-00-DX1.20137D17-19B3-49FF-9C3D-60933157E409,gigapath,GigaPath,1,Recall@1,1,1,0.8195332288742065,HNSC,TCGA-CV-A45O-01Z-00-DX1.8CBD0CCC-C815-475D-87F9-76272F4F715B
HNSC,TCGA-CV-A6JE-01Z-00-DX1.20137D17-19B3-49FF-9C3D-60933157E409,gigapath,GigaPath,5,Recall@5,1,2,0.8195332288742065,HNSC,TCGA-CV-A45O-01Z-00-DX1.8CBD0CCC-C815-475D-87F9-76272F4F715B
HNSC,TCGA-CV-A6JE-01Z-00-DX1.20137D17-19B3-49FF-9C3D-60933157E409,gigapath,GigaPath,10,Recall@10,1,2,0.8195332288742065,HNSC,TCGA-CV-A45O-01Z-00-DX1.8CBD0CCC-C815-475D-87F9-76272F4F715B
HNSC,TCGA-CV-A6JU-01Z-00-DX1.35A3A1F0-9D6C-4794-B501-E56E48C51DF9,gigapath,GigaPath,1,Recall@1,1,1,0.783963143825531,HNSC,TCGA-UF-A719-01Z-00-DX1.4C4ECC2C-C390-4C5E-A709-CF08C113F1A1
HNSC,TCGA-CV-A6JU-01Z-00-DX1.35A3A1F0-9D6C-4794-B501-E56E48C51DF9,gigapath,GigaPath,5,Recall@5,1,1,0.783963143825531,HNSC,TCGA-UF-A719-01Z-00-DX1.4C4ECC2C-C390-4C5E-A709-CF08C113F1A1
HNSC,TCGA-CV-A6JU-01Z-00-DX1.35A3A1F0-9D6C-4794-B501-E56E48C51DF9,gigapath,GigaPath,10,Recall@10,1,2,0.783963143825531,HNSC,TCGA-UF-A719-01Z-00-DX1.4C4ECC2C-C390-4C5E-A709-CF08C113F1A1
HNSC,TCGA-UF-A719-01Z-00-DX1.4C4ECC2C-C390-4C5E-A709-CF08C113F1A1,gigapath,GigaPath,1,Recall@1,0,0,0.7999656796455383,STAD,TCGA-VQ-A924-01Z-00-DX1.736B41F3-9678-4FAF-AE86-FCAC4F6DCBD3
HNSC,TCGA-UF-A719-01Z-00-DX1.4C4ECC2C-C390-4C5E-A709-CF08C113F1A1,gigapath,GigaPath,5,Recall@5,1,1,0.7999656796455383,STAD,TCGA-VQ-A924-01Z-00-DX1.736B41F3-9678-4FAF-AE86-FCAC4F6DCBD3
HNSC,TCGA-UF-A719-01Z-00-DX1.4C4ECC2C-C390-4C5E-A709-CF08C113F1A1,gigapath,GigaPath,10,Recall@10,1,1,0.7999656796455383,STAD,TCGA-VQ-A924-01Z-00-DX1.736B41F3-9678-4FAF-AE86-FCAC4F6DCBD3
KIRC,TCGA-A3-3346-01Z-00-DX1.95280216-fd71-4a03-b452-6e3d667f2542,gigapath,GigaPath,1,Recall@1,1,1,0.8306092619895935,KIRC,TCGA-B0-5711-01Z-00-DX1.6839921f-ec08-4e94-8bf9-4b5a4fcdda45
KIRC,TCGA-A3-3346-01Z-00-DX1.95280216-fd71-4a03-b452-6e3d667f2542,gigapath,GigaPath,5,Recall@5,1,3,0.8306092619895935,KIRC,TCGA-B0-5711-01Z-00-DX1.6839921f-ec08-4e94-8bf9-4b5a4fcdda45
KIRC,TCGA-A3-3346-01Z-00-DX1.95280216-fd71-4a03-b452-6e3d667f2542,gigapath,GigaPath,10,Recall@10,1,5,0.8306092619895935,KIRC,TCGA-B0-5711-01Z-00-DX1.6839921f-ec08-4e94-8bf9-4b5a4fcdda45
KIRC,TCGA-A3-A8CQ-01Z-00-DX1.78DA0827-5FB8-4B9F-A845-22F85830B5FB,gigapath,GigaPath,1,Recall@1,1,1,0.8314993381500244,KIRC,TCGA-B2-5633-01Z-00-DX1.c55a29ca-468e-46de-9ff5-a51f46fe09fd
KIRC,TCGA-A3-A8CQ-01Z-00-DX1.78DA0827-5FB8-4B9F-A845-22F85830B5FB,gigapath,GigaPath,5,Recall@5,1,5,0.8314993381500244,KIRC,TCGA-B2-5633-01Z-00-DX1.c55a29ca-468e-46de-9ff5-a51f46fe09fd
KIRC,TCGA-A3-A8CQ-01Z-00-DX1.78DA0827-5FB8-4B9F-A845-22F85830B5FB,gigapath,GigaPath,10,Recall@10,1,7,0.8314993381500244,KIRC,TCGA-B2-5633-01Z-00-DX1.c55a29ca-468e-46de-9ff5-a51f46fe09fd
KIRC,TCGA-AK-3444-01Z-00-DX1.1F0E0B47-29FF-456F-800A-539983FDCFAA,gigapath,GigaPath,1,Recall@1,1,1,0.7622928619384766,KIRC,TCGA-B0-5711-01Z-00-DX1.6839921f-ec08-4e94-8bf9-4b5a4fcdda45
KIRC,TCGA-AK-3444-01Z-00-DX1.1F0E0B47-29FF-456F-800A-539983FDCFAA,gigapath,GigaPath,5,Recall@5,1,4,0.7622928619384766,KIRC,TCGA-B0-5711-01Z-00-DX1.6839921f-ec08-4e94-8bf9-4b5a4fcdda45
KIRC,TCGA-AK-3444-01Z-00-DX1.1F0E0B47-29FF-456F-800A-539983FDCFAA,gigapath,GigaPath,10,Recall@10,1,6,0.7622928619384766,KIRC,TCGA-B0-5711-01Z-00-DX1.6839921f-ec08-4e94-8bf9-4b5a4fcdda45
KIRC,TCGA-B0-5094-01Z-00-DX1.eac31fe2-09da-4ecf-8e25-c073cbb03295,gigapath,GigaPath,1,Recall@1,1,1,0.8253383040428162,KIRC,TCGA-B0-5711-01Z-00-DX1.6839921f-ec08-4e94-8bf9-4b5a4fcdda45
KIRC,TCGA-B0-5094-01Z-00-DX1.eac31fe2-09da-4ecf-8e25-c073cbb03295,gigapath,GigaPath,5,Recall@5,1,5,0.8253383040428162,KIRC,TCGA-B0-5711-01Z-00-DX1.6839921f-ec08-4e94-8bf9-4b5a4fcdda45
KIRC,TCGA-B0-5094-01Z-00-DX1.eac31fe2-09da-4ecf-8e25-c073cbb03295,gigapath,GigaPath,10,Recall@10,1,6,0.8253383040428162,KIRC,TCGA-B0-5711-01Z-00-DX1.6839921f-ec08-4e94-8bf9-4b5a4fcdda45
KIRC,TCGA-B0-5106-01Z-00-DX1.564e51a3-be50-4eed-ba9c-4d478b96ffc6,gigapath,GigaPath,1,Recall@1,1,1,0.8932520151138306,KIRC,TCGA-B0-5711-01Z-00-DX1.6839921f-ec08-4e94-8bf9-4b5a4fcdda45
KIRC,TCGA-B0-5106-01Z-00-DX1.564e51a3-be50-4eed-ba9c-4d478b96ffc6,gigapath,GigaPath,5,Recall@5,1,4,0.8932520151138306,KIRC,TCGA-B0-5711-01Z-00-DX1.6839921f-ec08-4e94-8bf9-4b5a4fcdda45
KIRC,TCGA-B0-5106-01Z-00-DX1.564e51a3-be50-4eed-ba9c-4d478b96ffc6,gigapath,GigaPath,10,Recall@10,1,5,0.8932520151138306,KIRC,TCGA-B0-5711-01Z-00-DX1.6839921f-ec08-4e94-8bf9-4b5a4fcdda45
KIRC,TCGA-B0-5711-01Z-00-DX1.6839921f-ec08-4e94-8bf9-4b5a4fcdda45,gigapath,GigaPath,1,Recall@1,1,1,0.8932520151138306,KIRC,TCGA-B0-5106-01Z-00-DX1.564e51a3-be50-4eed-ba9c-4d478b96ffc6
KIRC,TCGA-B0-5711-01Z-00-DX1.6839921f-ec08-4e94-8bf9-4b5a4fcdda45,gigapath,GigaPath,5,Recall@5,1,5,0.8932520151138306,KIRC,TCGA-B0-5106-01Z-00-DX1.564e51a3-be50-4eed-ba9c-4d478b96ffc6
KIRC,TCGA-B0-5711-01Z-00-DX1.6839921f-ec08-4e94-8bf9-4b5a4fcdda45,gigapath,GigaPath,10,Recall@10,1,7,0.8932520151138306,KIRC,TCGA-B0-5106-01Z-00-DX1.564e51a3-be50-4eed-ba9c-4d478b96ffc6
KIRC,TCGA-B2-5633-01Z-00-DX1.c55a29ca-468e-46de-9ff5-a51f46fe09fd,gigapath,GigaPath,1,Recall@1,1,1,0.8343691825866699,KIRC,TCGA-B0-5711-01Z-00-DX1.6839921f-ec08-4e94-8bf9-4b5a4fcdda45
KIRC,TCGA-B2-5633-01Z-00-DX1.c55a29ca-468e-46de-9ff5-a51f46fe09fd,gigapath,GigaPath,5,Recall@5,1,5,0.8343691825866699,KIRC,TCGA-B0-5711-01Z-00-DX1.6839921f-ec08-4e94-8bf9-4b5a4fcdda45
KIRC,TCGA-B2-5633-01Z-00-DX1.c55a29ca-468e-46de-9ff5-a51f46fe09fd,gigapath,GigaPath,10,Recall@10,1,7,0.8343691825866699,KIRC,TCGA-B0-5711-01Z-00-DX1.6839921f-ec08-4e94-8bf9-4b5a4fcdda45
KIRC,TCGA-BP-4991-01Z-00-DX1.71305f5c-ca59-48fa-bb82-4b441c1fffdc,gigapath,GigaPath,1,Recall@1,1,1,0.8597304224967957,KIRC,TCGA-B0-5711-01Z-00-DX1.6839921f-ec08-4e94-8bf9-4b5a4fcdda45
KIRC,TCGA-BP-4991-01Z-00-DX1.71305f5c-ca59-48fa-bb82-4b441c1fffdc,gigapath,GigaPath,5,Recall@5,1,5,0.8597304224967957,KIRC,TCGA-B0-5711-01Z-00-DX1.6839921f-ec08-4e94-8bf9-4b5a4fcdda45
KIRC,TCGA-BP-4991-01Z-00-DX1.71305f5c-ca59-48fa-bb82-4b441c1fffdc,gigapath,GigaPath,10,Recall@10,1,6,0.8597304224967957,KIRC,TCGA-B0-5711-01Z-00-DX1.6839921f-ec08-4e94-8bf9-4b5a4fcdda45
KIRC,TCGA-BP-5201-01Z-00-DX1.d1a9878e-bb97-48fb-9098-9d9337f06250,gigapath,GigaPath,1,Recall@1,0,0,0.5835320949554443,LUAD,TCGA-78-7163-01Z-00-DX1.42880bdf-271d-41dd-aada-e7ec1156ff31
KIRC,TCGA-BP-5201-01Z-00-DX1.d1a9878e-bb97-48fb-9098-9d9337f06250,gigapath,GigaPath,5,Recall@5,1,3,0.5835320949554443,LUAD,TCGA-78-7163-01Z-00-DX1.42880bdf-271d-41dd-aada-e7ec1156ff31
KIRC,TCGA-BP-5201-01Z-00-DX1.d1a9878e-bb97-48fb-9098-9d9337f06250,gigapath,GigaPath,10,Recall@10,1,6,0.5835320949554443,LUAD,TCGA-78-7163-01Z-00-DX1.42880bdf-271d-41dd-aada-e7ec1156ff31
LUAD,TCGA-55-6986-01Z-00-DX1.ae52d41e-3cd6-4d36-b04b-2ea7d29bd8da,gigapath,GigaPath,1,Recall@1,1,1,0.8170857429504395,LUAD,TCGA-86-8668-01Z-00-DX1.d720d486-02c7-4f98-8feb-e0e50a12c158
LUAD,TCGA-55-6986-01Z-00-DX1.ae52d41e-3cd6-4d36-b04b-2ea7d29bd8da,gigapath,GigaPath,5,Recall@5,1,1,0.8170857429504395,LUAD,TCGA-86-8668-01Z-00-DX1.d720d486-02c7-4f98-8feb-e0e50a12c158
LUAD,TCGA-55-6986-01Z-00-DX1.ae52d41e-3cd6-4d36-b04b-2ea7d29bd8da,gigapath,GigaPath,10,Recall@10,1,3,0.8170857429504395,LUAD,TCGA-86-8668-01Z-00-DX1.d720d486-02c7-4f98-8feb-e0e50a12c158
LUAD,TCGA-64-5779-01Z-00-DX1.B3268447-DCE0-4927-B5A9-EC4D61E9B17D,gigapath,GigaPath,1,Recall@1,0,0,0.7926771640777588,HNSC,TCGA-UF-A719-01Z-00-DX1.4C4ECC2C-C390-4C5E-A709-CF08C113F1A1
LUAD,TCGA-64-5779-01Z-00-DX1.B3268447-DCE0-4927-B5A9-EC4D61E9B17D,gigapath,GigaPath,5,Recall@5,0,0,0.7926771640777588,HNSC,TCGA-UF-A719-01Z-00-DX1.4C4ECC2C-C390-4C5E-A709-CF08C113F1A1
LUAD,TCGA-64-5779-01Z-00-DX1.B3268447-DCE0-4927-B5A9-EC4D61E9B17D,gigapath,GigaPath,10,Recall@10,0,0,0.7926771640777588,HNSC,TCGA-UF-A719-01Z-00-DX1.4C4ECC2C-C390-4C5E-A709-CF08C113F1A1
LUAD,TCGA-78-7158-01Z-00-DX1.74db3dcd-2715-4ce7-8e48-30c8b7946ba0,gigapath,GigaPath,1,Recall@1,1,1,0.7942667603492737,LUAD,TCGA-78-7536-01Z-00-DX1.6b066140-8b82-40a5-bd48-430eeb4463fe
LUAD,TCGA-78-7158-01Z-00-DX1.74db3dcd-2715-4ce7-8e48-30c8b7946ba0,gigapath,GigaPath,5,Recall@5,1,2,0.7942667603492737,LUAD,TCGA-78-7536-01Z-00-DX1.6b066140-8b82-40a5-bd48-430eeb4463fe
LUAD,TCGA-78-7158-01Z-00-DX1.74db3dcd-2715-4ce7-8e48-30c8b7946ba0,gigapath,GigaPath,10,Recall@10,1,3,0.7942667603492737,LUAD,TCGA-78-7536-01Z-00-DX1.6b066140-8b82-40a5-bd48-430eeb4463fe
LUAD,TCGA-78-7163-01Z-00-DX1.42880bdf-271d-41dd-aada-e7ec1156ff31,gigapath,GigaPath,1,Recall@1,1,1,0.756083071231842,LUAD,TCGA-55-6986-01Z-00-DX1.ae52d41e-3cd6-4d36-b04b-2ea7d29bd8da
LUAD,TCGA-78-7163-01Z-00-DX1.42880bdf-271d-41dd-aada-e7ec1156ff31,gigapath,GigaPath,5,Recall@5,1,2,0.756083071231842,LUAD,TCGA-55-6986-01Z-00-DX1.ae52d41e-3cd6-4d36-b04b-2ea7d29bd8da
LUAD,TCGA-78-7163-01Z-00-DX1.42880bdf-271d-41dd-aada-e7ec1156ff31,gigapath,GigaPath,10,Recall@10,1,4,0.756083071231842,LUAD,TCGA-55-6986-01Z-00-DX1.ae52d41e-3cd6-4d36-b04b-2ea7d29bd8da
LUAD,TCGA-78-7536-01Z-00-DX1.6b066140-8b82-40a5-bd48-430eeb4463fe,gigapath,GigaPath,1,Recall@1,1,1,0.7942667603492737,LUAD,TCGA-78-7158-01Z-00-DX1.74db3dcd-2715-4ce7-8e48-30c8b7946ba0
LUAD,TCGA-78-7536-01Z-00-DX1.6b066140-8b82-40a5-bd48-430eeb4463fe,gigapath,GigaPath,5,Recall@5,1,2,0.7942667603492737,LUAD,TCGA-78-7158-01Z-00-DX1.74db3dcd-2715-4ce7-8e48-30c8b7946ba0
LUAD,TCGA-78-7536-01Z-00-DX1.6b066140-8b82-40a5-bd48-430eeb4463fe,gigapath,GigaPath,10,Recall@10,1,2,0.7942667603492737,LUAD,TCGA-78-7158-01Z-00-DX1.74db3dcd-2715-4ce7-8e48-30c8b7946ba0
LUAD,TCGA-86-8668-01Z-00-DX1.d720d486-02c7-4f98-8feb-e0e50a12c158,gigapath,GigaPath,1,Recall@1,0,0,0.8300479054450989,STAD,TCGA-BR-6452-01Z-00-DX1.aec8246e-9dce-436d-9faa-df8fa1f6e47c
LUAD,TCGA-86-8668-01Z-00-DX1.d720d486-02c7-4f98-8feb-e0e50a12c158,gigapath,GigaPath,5,Recall@5,1,1,0.8300479054450989,STAD,TCGA-BR-6452-01Z-00-DX1.aec8246e-9dce-436d-9faa-df8fa1f6e47c
LUAD,TCGA-86-8668-01Z-00-DX1.d720d486-02c7-4f98-8feb-e0e50a12c158,gigapath,GigaPath,10,Recall@10,1,1,0.8300479054450989,STAD,TCGA-BR-6452-01Z-00-DX1.aec8246e-9dce-436d-9faa-df8fa1f6e47c
LUAD,TCGA-97-A4LX-01Z-00-DX1.B2334672-A626-4E74-B4D1-A79F70F65909,gigapath,GigaPath,1,Recall@1,1,1,0.9158083200454712,LUAD,TCGA-97-A4M2-01Z-00-DX1.5C72522C-1538-4D68-B517-5FB05A9D401A
LUAD,TCGA-97-A4LX-01Z-00-DX1.B2334672-A626-4E74-B4D1-A79F70F65909,gigapath,GigaPath,5,Recall@5,1,2,0.9158083200454712,LUAD,TCGA-97-A4M2-01Z-00-DX1.5C72522C-1538-4D68-B517-5FB05A9D401A
LUAD,TCGA-97-A4LX-01Z-00-DX1.B2334672-A626-4E74-B4D1-A79F70F65909,gigapath,GigaPath,10,Recall@10,1,2,0.9158083200454712,LUAD,TCGA-97-A4M2-01Z-00-DX1.5C72522C-1538-4D68-B517-5FB05A9D401A
LUAD,TCGA-97-A4M2-01Z-00-DX1.5C72522C-1538-4D68-B517-5FB05A9D401A,gigapath,GigaPath,1,Recall@1,1,1,0.9158083200454712,LUAD,TCGA-97-A4LX-01Z-00-DX1.B2334672-A626-4E74-B4D1-A79F70F65909
LUAD,TCGA-97-A4M2-01Z-00-DX1.5C72522C-1538-4D68-B517-5FB05A9D401A,gigapath,GigaPath,5,Recall@5,1,2,0.9158083200454712,LUAD,TCGA-97-A4LX-01Z-00-DX1.B2334672-A626-4E74-B4D1-A79F70F65909
LUAD,TCGA-97-A4M2-01Z-00-DX1.5C72522C-1538-4D68-B517-5FB05A9D401A,gigapath,GigaPath,10,Recall@10,1,2,0.9158083200454712,LUAD,TCGA-97-A4LX-01Z-00-DX1.B2334672-A626-4E74-B4D1-A79F70F65909
LUAD,TCGA-J2-A4AE-01Z-00-DX1.42C5DE4A-7787-4E59-8969-D12503262C96,gigapath,GigaPath,1,Recall@1,1,1,0.8448784351348877,LUAD,TCGA-97-A4LX-01Z-00-DX1.B2334672-A626-4E74-B4D1-A79F70F65909
LUAD,TCGA-J2-A4AE-01Z-00-DX1.42C5DE4A-7787-4E59-8969-D12503262C96,gigapath,GigaPath,5,Recall@5,1,3,0.8448784351348877,LUAD,TCGA-97-A4LX-01Z-00-DX1.B2334672-A626-4E74-B4D1-A79F70F65909
LUAD,TCGA-J2-A4AE-01Z-00-DX1.42C5DE4A-7787-4E59-8969-D12503262C96,gigapath,GigaPath,10,Recall@10,1,3,0.8448784351348877,LUAD,TCGA-97-A4LX-01Z-00-DX1.B2334672-A626-4E74-B4D1-A79F70F65909
STAD,TCGA-BR-6452-01Z-00-DX1.aec8246e-9dce-436d-9faa-df8fa1f6e47c,gigapath,GigaPath,1,Recall@1,1,1,0.8647449016571045,STAD,TCGA-BR-6454-01Z-00-DX1.63fb6280-2b43-49b2-960a-eb9c0e8b617c
STAD,TCGA-BR-6452-01Z-00-DX1.aec8246e-9dce-436d-9faa-df8fa1f6e47c,gigapath,GigaPath,5,Recall@5,1,2,0.8647449016571045,STAD,TCGA-BR-6454-01Z-00-DX1.63fb6280-2b43-49b2-960a-eb9c0e8b617c
STAD,TCGA-BR-6452-01Z-00-DX1.aec8246e-9dce-436d-9faa-df8fa1f6e47c,gigapath,GigaPath,10,Recall@10,1,3,0.8647449016571045,STAD,TCGA-BR-6454-01Z-00-DX1.63fb6280-2b43-49b2-960a-eb9c0e8b617c
STAD,TCGA-BR-6454-01Z-00-DX1.63fb6280-2b43-49b2-960a-eb9c0e8b617c,gigapath,GigaPath,1,Recall@1,1,1,0.8647449016571045,STAD,TCGA-BR-6452-01Z-00-DX1.aec8246e-9dce-436d-9faa-df8fa1f6e47c
STAD,TCGA-BR-6454-01Z-00-DX1.63fb6280-2b43-49b2-960a-eb9c0e8b617c,gigapath,GigaPath,5,Recall@5,1,2,0.8647449016571045,STAD,TCGA-BR-6452-01Z-00-DX1.aec8246e-9dce-436d-9faa-df8fa1f6e47c
STAD,TCGA-BR-6454-01Z-00-DX1.63fb6280-2b43-49b2-960a-eb9c0e8b617c,gigapath,GigaPath,10,Recall@10,1,4,0.8647449016571045,STAD,TCGA-BR-6452-01Z-00-DX1.aec8246e-9dce-436d-9faa-df8fa1f6e47c
STAD,TCGA-BR-A4CQ-01Z-00-DX1.B63282A5-154D-441B-BF96-5BB26CB6D95E,gigapath,GigaPath,1,Recall@1,1,1,0.8830806016921997,STAD,TCGA-VQ-A8PY-01Z-00-DX1.EA2C7386-012A-442A-95B3-FFA12BD2684D
STAD,TCGA-BR-A4CQ-01Z-00-DX1.B63282A5-154D-441B-BF96-5BB26CB6D95E,gigapath,GigaPath,5,Recall@5,1,1,0.8830806016921997,STAD,TCGA-VQ-A8PY-01Z-00-DX1.EA2C7386-012A-442A-95B3-FFA12BD2684D
STAD,TCGA-BR-A4CQ-01Z-00-DX1.B63282A5-154D-441B-BF96-5BB26CB6D95E,gigapath,GigaPath,10,Recall@10,1,1,0.8830806016921997,STAD,TCGA-VQ-A8PY-01Z-00-DX1.EA2C7386-012A-442A-95B3-FFA12BD2684D
STAD,TCGA-CD-A487-01Z-00-DX1.A026BD2F-B721-4340-83D5-7AA39227C90F,gigapath,GigaPath,1,Recall@1,0,0,0.8407717943191528,UCEC,TCGA-AX-A06B-01Z-00-DX2.1757C039-99F7-4087-A9E5-D340AF7220D4
STAD,TCGA-CD-A487-01Z-00-DX1.A026BD2F-B721-4340-83D5-7AA39227C90F,gigapath,GigaPath,5,Recall@5,1,1,0.8407717943191528,UCEC,TCGA-AX-A06B-01Z-00-DX2.1757C039-99F7-4087-A9E5-D340AF7220D4
STAD,TCGA-CD-A487-01Z-00-DX1.A026BD2F-B721-4340-83D5-7AA39227C90F,gigapath,GigaPath,10,Recall@10,1,2,0.8407717943191528,UCEC,TCGA-AX-A06B-01Z-00-DX2.1757C039-99F7-4087-A9E5-D340AF7220D4
STAD,TCGA-FP-8209-01Z-00-DX1.a5e13081-1631-44d4-8d6a-c229a22c2311,gigapath,GigaPath,1,Recall@1,0,0,0.8573638796806335,COAD,TCGA-G4-6309-01Z-00-DX1.3eb20fdc-eb86-4bd5-8194-76b02d4fa472
STAD,TCGA-FP-8209-01Z-00-DX1.a5e13081-1631-44d4-8d6a-c229a22c2311,gigapath,GigaPath,5,Recall@5,1,1,0.8573638796806335,COAD,TCGA-G4-6309-01Z-00-DX1.3eb20fdc-eb86-4bd5-8194-76b02d4fa472
STAD,TCGA-FP-8209-01Z-00-DX1.a5e13081-1631-44d4-8d6a-c229a22c2311,gigapath,GigaPath,10,Recall@10,1,1,0.8573638796806335,COAD,TCGA-G4-6309-01Z-00-DX1.3eb20fdc-eb86-4bd5-8194-76b02d4fa472
STAD,TCGA-SW-A7EA-01Z-00-DX1.C5E1BE0E-0A25-4480-A3AC-DB2ED7471A4E,gigapath,GigaPath,1,Recall@1,1,1,0.7204184532165527,STAD,TCGA-BR-A4CQ-01Z-00-DX1.B63282A5-154D-441B-BF96-5BB26CB6D95E
STAD,TCGA-SW-A7EA-01Z-00-DX1.C5E1BE0E-0A25-4480-A3AC-DB2ED7471A4E,gigapath,GigaPath,5,Recall@5,1,2,0.7204184532165527,STAD,TCGA-BR-A4CQ-01Z-00-DX1.B63282A5-154D-441B-BF96-5BB26CB6D95E
STAD,TCGA-SW-A7EA-01Z-00-DX1.C5E1BE0E-0A25-4480-A3AC-DB2ED7471A4E,gigapath,GigaPath,10,Recall@10,1,5,0.7204184532165527,STAD,TCGA-BR-A4CQ-01Z-00-DX1.B63282A5-154D-441B-BF96-5BB26CB6D95E
STAD,TCGA-VQ-A8PY-01Z-00-DX1.EA2C7386-012A-442A-95B3-FFA12BD2684D,gigapath,GigaPath,1,Recall@1,1,1,0.8830806016921997,STAD,TCGA-BR-A4CQ-01Z-00-DX1.B63282A5-154D-441B-BF96-5BB26CB6D95E
STAD,TCGA-VQ-A8PY-01Z-00-DX1.EA2C7386-012A-442A-95B3-FFA12BD2684D,gigapath,GigaPath,5,Recall@5,1,1,0.8830806016921997,STAD,TCGA-BR-A4CQ-01Z-00-DX1.B63282A5-154D-441B-BF96-5BB26CB6D95E
STAD,TCGA-VQ-A8PY-01Z-00-DX1.EA2C7386-012A-442A-95B3-FFA12BD2684D,gigapath,GigaPath,10,Recall@10,1,2,0.8830806016921997,STAD,TCGA-BR-A4CQ-01Z-00-DX1.B63282A5-154D-441B-BF96-5BB26CB6D95E
STAD,TCGA-VQ-A924-01Z-00-DX1.736B41F3-9678-4FAF-AE86-FCAC4F6DCBD3,gigapath,GigaPath,1,Recall@1,0,0,0.7999656796455383,HNSC,TCGA-UF-A719-01Z-00-DX1.4C4ECC2C-C390-4C5E-A709-CF08C113F1A1
STAD,TCGA-VQ-A924-01Z-00-DX1.736B41F3-9678-4FAF-AE86-FCAC4F6DCBD3,gigapath,GigaPath,5,Recall@5,1,2,0.7999656796455383,HNSC,TCGA-UF-A719-01Z-00-DX1.4C4ECC2C-C390-4C5E-A709-CF08C113F1A1
STAD,TCGA-VQ-A924-01Z-00-DX1.736B41F3-9678-4FAF-AE86-FCAC4F6DCBD3,gigapath,GigaPath,10,Recall@10,1,2,0.7999656796455383,HNSC,TCGA-UF-A719-01Z-00-DX1.4C4ECC2C-C390-4C5E-A709-CF08C113F1A1
STAD,TCGA-ZQ-A9CR-01Z-00-DX1.C9AC9991-7054-4068-A7AA-9D1EB7F040A3,gigapath,GigaPath,1,Recall@1,0,0,0.853267252445221,COAD,TCGA-G4-6309-01Z-00-DX1.3eb20fdc-eb86-4bd5-8194-76b02d4fa472
STAD,TCGA-ZQ-A9CR-01Z-00-DX1.C9AC9991-7054-4068-A7AA-9D1EB7F040A3,gigapath,GigaPath,5,Recall@5,1,2,0.853267252445221,COAD,TCGA-G4-6309-01Z-00-DX1.3eb20fdc-eb86-4bd5-8194-76b02d4fa472
STAD,TCGA-ZQ-A9CR-01Z-00-DX1.C9AC9991-7054-4068-A7AA-9D1EB7F040A3,gigapath,GigaPath,10,Recall@10,1,3,0.853267252445221,COAD,TCGA-G4-6309-01Z-00-DX1.3eb20fdc-eb86-4bd5-8194-76b02d4fa472
UCEC,TCGA-A5-A0GX-01Z-00-DX1.7E713D1A-5858-4648-957D-77189E43CFAA,gigapath,GigaPath,1,Recall@1,1,1,0.8364370465278625,UCEC,TCGA-AX-A05U-01Z-00-DX1.1EBFC727-B5D5-4543-BBA9-4254ABD3D584
UCEC,TCGA-A5-A0GX-01Z-00-DX1.7E713D1A-5858-4648-957D-77189E43CFAA,gigapath,GigaPath,5,Recall@5,1,5,0.8364370465278625,UCEC,TCGA-AX-A05U-01Z-00-DX1.1EBFC727-B5D5-4543-BBA9-4254ABD3D584
UCEC,TCGA-A5-A0GX-01Z-00-DX1.7E713D1A-5858-4648-957D-77189E43CFAA,gigapath,GigaPath,10,Recall@10,1,7,0.8364370465278625,UCEC,TCGA-AX-A05U-01Z-00-DX1.1EBFC727-B5D5-4543-BBA9-4254ABD3D584
UCEC,TCGA-A5-A0R7-01Z-00-DX1.D21E6974-22A3-4A68-8B4E-14E84A7A50A5,gigapath,GigaPath,1,Recall@1,0,0,0.8299782872200012,BLCA,TCGA-FD-A6TK-01Z-00-DX1.B685DA87-72A6-4C38-8AA1-40B6E543383C
UCEC,TCGA-A5-A0R7-01Z-00-DX1.D21E6974-22A3-4A68-8B4E-14E84A7A50A5,gigapath,GigaPath,5,Recall@5,1,3,0.8299782872200012,BLCA,TCGA-FD-A6TK-01Z-00-DX1.B685DA87-72A6-4C38-8AA1-40B6E543383C
UCEC,TCGA-A5-A0R7-01Z-00-DX1.D21E6974-22A3-4A68-8B4E-14E84A7A50A5,gigapath,GigaPath,10,Recall@10,1,6,0.8299782872200012,BLCA,TCGA-FD-A6TK-01Z-00-DX1.B685DA87-72A6-4C38-8AA1-40B6E543383C
UCEC,TCGA-AX-A05U-01Z-00-DX1.1EBFC727-B5D5-4543-BBA9-4254ABD3D584,gigapath,GigaPath,1,Recall@1,1,1,0.8364370465278625,UCEC,TCGA-A5-A0GX-01Z-00-DX1.7E713D1A-5858-4648-957D-77189E43CFAA
UCEC,TCGA-AX-A05U-01Z-00-DX1.1EBFC727-B5D5-4543-BBA9-4254ABD3D584,gigapath,GigaPath,5,Recall@5,1,5,0.8364370465278625,UCEC,TCGA-A5-A0GX-01Z-00-DX1.7E713D1A-5858-4648-957D-77189E43CFAA
UCEC,TCGA-AX-A05U-01Z-00-DX1.1EBFC727-B5D5-4543-BBA9-4254ABD3D584,gigapath,GigaPath,10,Recall@10,1,5,0.8364370465278625,UCEC,TCGA-A5-A0GX-01Z-00-DX1.7E713D1A-5858-4648-957D-77189E43CFAA
UCEC,TCGA-AX-A06B-01Z-00-DX2.1757C039-99F7-4087-A9E5-D340AF7220D4,gigapath,GigaPath,1,Recall@1,0,0,0.8407717943191528,STAD,TCGA-CD-A487-01Z-00-DX1.A026BD2F-B721-4340-83D5-7AA39227C90F
UCEC,TCGA-AX-A06B-01Z-00-DX2.1757C039-99F7-4087-A9E5-D340AF7220D4,gigapath,GigaPath,5,Recall@5,1,2,0.8407717943191528,STAD,TCGA-CD-A487-01Z-00-DX1.A026BD2F-B721-4340-83D5-7AA39227C90F
UCEC,TCGA-AX-A06B-01Z-00-DX2.1757C039-99F7-4087-A9E5-D340AF7220D4,gigapath,GigaPath,10,Recall@10,1,4,0.8407717943191528,STAD,TCGA-CD-A487-01Z-00-DX1.A026BD2F-B721-4340-83D5-7AA39227C90F
UCEC,TCGA-AX-A0J0-01Z-00-DX2.56C668BE-03B8-4B87-A226-AABD97D53C38,gigapath,GigaPath,1,Recall@1,1,1,0.9202674031257629,UCEC,TCGA-FI-A2EX-01Z-00-DX1.127F5153-745D-43E6-83CA-DE2738702C62
UCEC,TCGA-AX-A0J0-01Z-00-DX2.56C668BE-03B8-4B87-A226-AABD97D53C38,gigapath,GigaPath,5,Recall@5,1,3,0.9202674031257629,UCEC,TCGA-FI-A2EX-01Z-00-DX1.127F5153-745D-43E6-83CA-DE2738702C62
UCEC,TCGA-AX-A0J0-01Z-00-DX2.56C668BE-03B8-4B87-A226-AABD97D53C38,gigapath,GigaPath,10,Recall@10,1,5,0.9202674031257629,UCEC,TCGA-FI-A2EX-01Z-00-DX1.127F5153-745D-43E6-83CA-DE2738702C62
UCEC,TCGA-B5-A11F-01Z-00-DX1.3F1C053D-E81E-4C8D-965D-6F3DE29D9511,gigapath,GigaPath,1,Recall@1,1,1,0.7507221698760986,UCEC,TCGA-A5-A0R7-01Z-00-DX1.D21E6974-22A3-4A68-8B4E-14E84A7A50A5
UCEC,TCGA-B5-A11F-01Z-00-DX1.3F1C053D-E81E-4C8D-965D-6F3DE29D9511,gigapath,GigaPath,5,Recall@5,1,5,0.7507221698760986,UCEC,TCGA-A5-A0R7-01Z-00-DX1.D21E6974-22A3-4A68-8B4E-14E84A7A50A5
UCEC,TCGA-B5-A11F-01Z-00-DX1.3F1C053D-E81E-4C8D-965D-6F3DE29D9511,gigapath,GigaPath,10,Recall@10,1,6,0.7507221698760986,UCEC,TCGA-A5-A0R7-01Z-00-DX1.D21E6974-22A3-4A68-8B4E-14E84A7A50A5
UCEC,TCGA-BG-A0W1-01Z-00-DX1.8E06269C-1278-478B-A128-59FA911B1649,gigapath,GigaPath,1,Recall@1,1,1,0.7644634246826172,UCEC,TCGA-A5-A0GX-01Z-00-DX1.7E713D1A-5858-4648-957D-77189E43CFAA
UCEC,TCGA-BG-A0W1-01Z-00-DX1.8E06269C-1278-478B-A128-59FA911B1649,gigapath,GigaPath,5,Recall@5,1,3,0.7644634246826172,UCEC,TCGA-A5-A0GX-01Z-00-DX1.7E713D1A-5858-4648-957D-77189E43CFAA
UCEC,TCGA-BG-A0W1-01Z-00-DX1.8E06269C-1278-478B-A128-59FA911B1649,gigapath,GigaPath,10,Recall@10,1,6,0.7644634246826172,UCEC,TCGA-A5-A0GX-01Z-00-DX1.7E713D1A-5858-4648-957D-77189E43CFAA
UCEC,TCGA-EY-A1GQ-01Z-00-DX1.03D52C6F-515E-4A4F-A08E-31D773BCC67F,gigapath,GigaPath,1,Recall@1,1,1,0.8057571053504944,UCEC,TCGA-AX-A0J0-01Z-00-DX2.56C668BE-03B8-4B87-A226-AABD97D53C38
UCEC,TCGA-EY-A1GQ-01Z-00-DX1.03D52C6F-515E-4A4F-A08E-31D773BCC67F,gigapath,GigaPath,5,Recall@5,1,2,0.8057571053504944,UCEC,TCGA-AX-A0J0-01Z-00-DX2.56C668BE-03B8-4B87-A226-AABD97D53C38
UCEC,TCGA-EY-A1GQ-01Z-00-DX1.03D52C6F-515E-4A4F-A08E-31D773BCC67F,gigapath,GigaPath,10,Recall@10,1,3,0.8057571053504944,UCEC,TCGA-AX-A0J0-01Z-00-DX2.56C668BE-03B8-4B87-A226-AABD97D53C38
UCEC,TCGA-FI-A2EX-01Z-00-DX1.127F5153-745D-43E6-83CA-DE2738702C62,gigapath,GigaPath,1,Recall@1,1,1,0.9202674031257629,UCEC,TCGA-AX-A0J0-01Z-00-DX2.56C668BE-03B8-4B87-A226-AABD97D53C38
UCEC,TCGA-FI-A2EX-01Z-00-DX1.127F5153-745D-43E6-83CA-DE2738702C62,gigapath,GigaPath,5,Recall@5,1,3,0.9202674031257629,UCEC,TCGA-AX-A0J0-01Z-00-DX2.56C668BE-03B8-4B87-A226-AABD97D53C38
UCEC,TCGA-FI-A2EX-01Z-00-DX1.127F5153-745D-43E6-83CA-DE2738702C62,gigapath,GigaPath,10,Recall@10,1,5,0.9202674031257629,UCEC,TCGA-AX-A0J0-01Z-00-DX2.56C668BE-03B8-4B87-A226-AABD97D53C38
BLCA,TCGA-CF-A3MF-01Z-00-DX1.91768C26-5BB1-4DE6-9737-AA26BD687A75,gigapath_flash,GigaPath-Flash,1,Recall@1,0,0,0.8619849681854248,UCEC,TCGA-AX-A06B-01Z-00-DX2.1757C039-99F7-4087-A9E5-D340AF7220D4
BLCA,TCGA-CF-A3MF-01Z-00-DX1.91768C26-5BB1-4DE6-9737-AA26BD687A75,gigapath_flash,GigaPath-Flash,5,Recall@5,1,1,0.8619849681854248,UCEC,TCGA-AX-A06B-01Z-00-DX2.1757C039-99F7-4087-A9E5-D340AF7220D4
BLCA,TCGA-CF-A3MF-01Z-00-DX1.91768C26-5BB1-4DE6-9737-AA26BD687A75,gigapath_flash,GigaPath-Flash,10,Recall@10,1,2,0.8619849681854248,UCEC,TCGA-AX-A06B-01Z-00-DX2.1757C039-99F7-4087-A9E5-D340AF7220D4
BLCA,TCGA-CU-A0YN-01Z-00-DX1.6C5EAAAF-8F14-49D3-8FFC-9BDAE56CAFD0,gigapath_flash,GigaPath-Flash,1,Recall@1,0,0,0.8872215747833252,BRCA,TCGA-AN-A0G0-01Z-00-DX1.BE0BB5DF-DEDA-48D8-B5D8-2735C767F28F
BLCA,TCGA-CU-A0YN-01Z-00-DX1.6C5EAAAF-8F14-49D3-8FFC-9BDAE56CAFD0,gigapath_flash,GigaPath-Flash,5,Recall@5,0,0,0.8872215747833252,BRCA,TCGA-AN-A0G0-01Z-00-DX1.BE0BB5DF-DEDA-48D8-B5D8-2735C767F28F
BLCA,TCGA-CU-A0YN-01Z-00-DX1.6C5EAAAF-8F14-49D3-8FFC-9BDAE56CAFD0,gigapath_flash,GigaPath-Flash,10,Recall@10,1,1,0.8872215747833252,BRCA,TCGA-AN-A0G0-01Z-00-DX1.BE0BB5DF-DEDA-48D8-B5D8-2735C767F28F
BLCA,TCGA-DK-A6AW-01Z-00-DX1.C2453A8C-8282-443C-9E76-5B6CAD2FE69B,gigapath_flash,GigaPath-Flash,1,Recall@1,0,0,0.8725794553756714,COAD,TCGA-G4-6309-01Z-00-DX1.3eb20fdc-eb86-4bd5-8194-76b02d4fa472
BLCA,TCGA-DK-A6AW-01Z-00-DX1.C2453A8C-8282-443C-9E76-5B6CAD2FE69B,gigapath_flash,GigaPath-Flash,5,Recall@5,0,0,0.8725794553756714,COAD,TCGA-G4-6309-01Z-00-DX1.3eb20fdc-eb86-4bd5-8194-76b02d4fa472
BLCA,TCGA-DK-A6AW-01Z-00-DX1.C2453A8C-8282-443C-9E76-5B6CAD2FE69B,gigapath_flash,GigaPath-Flash,10,Recall@10,1,1,0.8725794553756714,COAD,TCGA-G4-6309-01Z-00-DX1.3eb20fdc-eb86-4bd5-8194-76b02d4fa472
BLCA,TCGA-DK-AA6L-01A-01-TSA.5794F0C6-9ED6-489A-9621-18CCC5935548,gigapath_flash,GigaPath-Flash,1,Recall@1,0,0,0.8627009987831116,HNSC,TCGA-CN-A6V7-01A-01-TS1.F54912D3-1E21-4605-ACFC-142973524AE2
BLCA,TCGA-DK-AA6L-01A-01-TSA.5794F0C6-9ED6-489A-9621-18CCC5935548,gigapath_flash,GigaPath-Flash,5,Recall@5,1,1,0.8627009987831116,HNSC,TCGA-CN-A6V7-01A-01-TS1.F54912D3-1E21-4605-ACFC-142973524AE2
BLCA,TCGA-DK-AA6L-01A-01-TSA.5794F0C6-9ED6-489A-9621-18CCC5935548,gigapath_flash,GigaPath-Flash,10,Recall@10,1,1,0.8627009987831116,HNSC,TCGA-CN-A6V7-01A-01-TS1.F54912D3-1E21-4605-ACFC-142973524AE2
BLCA,TCGA-DK-AA77-01A-01-TSA.26CAF5CB-CC4F-4522-BD2B-343FB70205FE,gigapath_flash,GigaPath-Flash,1,Recall@1,0,0,0.9493122100830078,HNSC,TCGA-CN-A6V7-01A-01-TS1.F54912D3-1E21-4605-ACFC-142973524AE2
BLCA,TCGA-DK-AA77-01A-01-TSA.26CAF5CB-CC4F-4522-BD2B-343FB70205FE,gigapath_flash,GigaPath-Flash,5,Recall@5,1,1,0.9493122100830078,HNSC,TCGA-CN-A6V7-01A-01-TS1.F54912D3-1E21-4605-ACFC-142973524AE2
BLCA,TCGA-DK-AA77-01A-01-TSA.26CAF5CB-CC4F-4522-BD2B-343FB70205FE,gigapath_flash,GigaPath-Flash,10,Recall@10,1,3,0.9493122100830078,HNSC,TCGA-CN-A6V7-01A-01-TS1.F54912D3-1E21-4605-ACFC-142973524AE2
BLCA,TCGA-FD-A6TK-01Z-00-DX1.B685DA87-72A6-4C38-8AA1-40B6E543383C,gigapath_flash,GigaPath-Flash,1,Recall@1,1,1,0.9481158256530762,BLCA,TCGA-XF-A8HB-01Z-00-DX1.D6874152-D20A-4CA4-8E8B-8CBAB5F7D7B5
BLCA,TCGA-FD-A6TK-01Z-00-DX1.B685DA87-72A6-4C38-8AA1-40B6E543383C,gigapath_flash,GigaPath-Flash,5,Recall@5,1,1,0.9481158256530762,BLCA,TCGA-XF-A8HB-01Z-00-DX1.D6874152-D20A-4CA4-8E8B-8CBAB5F7D7B5
BLCA,TCGA-FD-A6TK-01Z-00-DX1.B685DA87-72A6-4C38-8AA1-40B6E543383C,gigapath_flash,GigaPath-Flash,10,Recall@10,1,1,0.9481158256530762,BLCA,TCGA-XF-A8HB-01Z-00-DX1.D6874152-D20A-4CA4-8E8B-8CBAB5F7D7B5
BLCA,TCGA-GU-AATP-01Z-00-DX1.0D8EC37C-88E7-49D5-A76D-F0A4A3FD8AE4,gigapath_flash,GigaPath-Flash,1,Recall@1,1,1,0.9101961851119995,BLCA,TCGA-ZF-A9R1-01Z-00-DX1.74520759-D448-45B5-B8AD-45502C99A519
BLCA,TCGA-GU-AATP-01Z-00-DX1.0D8EC37C-88E7-49D5-A76D-F0A4A3FD8AE4,gigapath_flash,GigaPath-Flash,5,Recall@5,1,3,0.9101961851119995,BLCA,TCGA-ZF-A9R1-01Z-00-DX1.74520759-D448-45B5-B8AD-45502C99A519
BLCA,TCGA-GU-AATP-01Z-00-DX1.0D8EC37C-88E7-49D5-A76D-F0A4A3FD8AE4,gigapath_flash,GigaPath-Flash,10,Recall@10,1,3,0.9101961851119995,BLCA,TCGA-ZF-A9R1-01Z-00-DX1.74520759-D448-45B5-B8AD-45502C99A519
BLCA,TCGA-XF-A8HB-01Z-00-DX1.D6874152-D20A-4CA4-8E8B-8CBAB5F7D7B5,gigapath_flash,GigaPath-Flash,1,Recall@1,1,1,0.9481158256530762,BLCA,TCGA-FD-A6TK-01Z-00-DX1.B685DA87-72A6-4C38-8AA1-40B6E543383C
BLCA,TCGA-XF-A8HB-01Z-00-DX1.D6874152-D20A-4CA4-8E8B-8CBAB5F7D7B5,gigapath_flash,GigaPath-Flash,5,Recall@5,1,3,0.9481158256530762,BLCA,TCGA-FD-A6TK-01Z-00-DX1.B685DA87-72A6-4C38-8AA1-40B6E543383C
BLCA,TCGA-XF-A8HB-01Z-00-DX1.D6874152-D20A-4CA4-8E8B-8CBAB5F7D7B5,gigapath_flash,GigaPath-Flash,10,Recall@10,1,3,0.9481158256530762,BLCA,TCGA-FD-A6TK-01Z-00-DX1.B685DA87-72A6-4C38-8AA1-40B6E543383C
BLCA,TCGA-ZF-A9R1-01Z-00-DX1.74520759-D448-45B5-B8AD-45502C99A519,gigapath_flash,GigaPath-Flash,1,Recall@1,1,1,0.9101961851119995,BLCA,TCGA-GU-AATP-01Z-00-DX1.0D8EC37C-88E7-49D5-A76D-F0A4A3FD8AE4
BLCA,TCGA-ZF-A9R1-01Z-00-DX1.74520759-D448-45B5-B8AD-45502C99A519,gigapath_flash,GigaPath-Flash,5,Recall@5,1,3,0.9101961851119995,BLCA,TCGA-GU-AATP-01Z-00-DX1.0D8EC37C-88E7-49D5-A76D-F0A4A3FD8AE4
BLCA,TCGA-ZF-A9R1-01Z-00-DX1.74520759-D448-45B5-B8AD-45502C99A519,gigapath_flash,GigaPath-Flash,10,Recall@10,1,3,0.9101961851119995,BLCA,TCGA-GU-AATP-01Z-00-DX1.0D8EC37C-88E7-49D5-A76D-F0A4A3FD8AE4
BLCA,TCGA-ZF-AA51-01Z-00-DX1.128C9731-C206-4E71-9A64-864FA9FD7E96,gigapath_flash,GigaPath-Flash,1,Recall@1,0,0,0.875180721282959,UCEC,TCGA-AX-A06B-01Z-00-DX2.1757C039-99F7-4087-A9E5-D340AF7220D4
BLCA,TCGA-ZF-AA51-01Z-00-DX1.128C9731-C206-4E71-9A64-864FA9FD7E96,gigapath_flash,GigaPath-Flash,5,Recall@5,1,1,0.875180721282959,UCEC,TCGA-AX-A06B-01Z-00-DX2.1757C039-99F7-4087-A9E5-D340AF7220D4
BLCA,TCGA-ZF-AA51-01Z-00-DX1.128C9731-C206-4E71-9A64-864FA9FD7E96,gigapath_flash,GigaPath-Flash,10,Recall@10,1,2,0.875180721282959,UCEC,TCGA-AX-A06B-01Z-00-DX2.1757C039-99F7-4087-A9E5-D340AF7220D4
BRCA,TCGA-A7-A2KD-01Z-00-DX1.BFF2DFC8-1D95-4DC2-98FC-5BD7D7C6CDF5,gigapath_flash,GigaPath-Flash,1,Recall@1,0,0,0.8773841857910156,STAD,TCGA-BR-A4CQ-01Z-00-DX1.B63282A5-154D-441B-BF96-5BB26CB6D95E
BRCA,TCGA-A7-A2KD-01Z-00-DX1.BFF2DFC8-1D95-4DC2-98FC-5BD7D7C6CDF5,gigapath_flash,GigaPath-Flash,5,Recall@5,1,1,0.8773841857910156,STAD,TCGA-BR-A4CQ-01Z-00-DX1.B63282A5-154D-441B-BF96-5BB26CB6D95E
BRCA,TCGA-A7-A2KD-01Z-00-DX1.BFF2DFC8-1D95-4DC2-98FC-5BD7D7C6CDF5,gigapath_flash,GigaPath-Flash,10,Recall@10,1,3,0.8773841857910156,STAD,TCGA-BR-A4CQ-01Z-00-DX1.B63282A5-154D-441B-BF96-5BB26CB6D95E
BRCA,TCGA-AN-A0G0-01Z-00-DX1.BE0BB5DF-DEDA-48D8-B5D8-2735C767F28F,gigapath_flash,GigaPath-Flash,1,Recall@1,0,0,0.89404296875,UCEC,TCGA-EY-A1GQ-01Z-00-DX1.03D52C6F-515E-4A4F-A08E-31D773BCC67F
BRCA,TCGA-AN-A0G0-01Z-00-DX1.BE0BB5DF-DEDA-48D8-B5D8-2735C767F28F,gigapath_flash,GigaPath-Flash,5,Recall@5,1,1,0.89404296875,UCEC,TCGA-EY-A1GQ-01Z-00-DX1.03D52C6F-515E-4A4F-A08E-31D773BCC67F
BRCA,TCGA-AN-A0G0-01Z-00-DX1.BE0BB5DF-DEDA-48D8-B5D8-2735C767F28F,gigapath_flash,GigaPath-Flash,10,Recall@10,1,2,0.89404296875,UCEC,TCGA-EY-A1GQ-01Z-00-DX1.03D52C6F-515E-4A4F-A08E-31D773BCC67F
BRCA,TCGA-AQ-A04L-01Z-00-DX1.F35BF4DD-896A-43C2-8DA6-C67945C003BE,gigapath_flash,GigaPath-Flash,1,Recall@1,1,1,0.9055838584899902,BRCA,TCGA-AR-A5QM-01Z-00-DX1.A9017CED-FF57-4090-95B9-94DC91854347
BRCA,TCGA-AQ-A04L-01Z-00-DX1.F35BF4DD-896A-43C2-8DA6-C67945C003BE,gigapath_flash,GigaPath-Flash,5,Recall@5,1,3,0.9055838584899902,BRCA,TCGA-AR-A5QM-01Z-00-DX1.A9017CED-FF57-4090-95B9-94DC91854347
BRCA,TCGA-AQ-A04L-01Z-00-DX1.F35BF4DD-896A-43C2-8DA6-C67945C003BE,gigapath_flash,GigaPath-Flash,10,Recall@10,1,7,0.9055838584899902,BRCA,TCGA-AR-A5QM-01Z-00-DX1.A9017CED-FF57-4090-95B9-94DC91854347
BRCA,TCGA-AR-A2LK-01Z-00-DX1.FBD59C38-CD4E-4C22-BC74-A57C192A9BBC,gigapath_flash,GigaPath-Flash,1,Recall@1,1,1,0.9529211521148682,BRCA,TCGA-AR-A5QM-01Z-00-DX1.A9017CED-FF57-4090-95B9-94DC91854347
BRCA,TCGA-AR-A2LK-01Z-00-DX1.FBD59C38-CD4E-4C22-BC74-A57C192A9BBC,gigapath_flash,GigaPath-Flash,5,Recall@5,1,1,0.9529211521148682,BRCA,TCGA-AR-A5QM-01Z-00-DX1.A9017CED-FF57-4090-95B9-94DC91854347
BRCA,TCGA-AR-A2LK-01Z-00-DX1.FBD59C38-CD4E-4C22-BC74-A57C192A9BBC,gigapath_flash,GigaPath-Flash,10,Recall@10,1,3,0.9529211521148682,BRCA,TCGA-AR-A5QM-01Z-00-DX1.A9017CED-FF57-4090-95B9-94DC91854347
BRCA,TCGA-AR-A5QM-01Z-00-DX1.A9017CED-FF57-4090-95B9-94DC91854347,gigapath_flash,GigaPath-Flash,1,Recall@1,1,1,0.9529211521148682,BRCA,TCGA-AR-A2LK-01Z-00-DX1.FBD59C38-CD4E-4C22-BC74-A57C192A9BBC
BRCA,TCGA-AR-A5QM-01Z-00-DX1.A9017CED-FF57-4090-95B9-94DC91854347,gigapath_flash,GigaPath-Flash,5,Recall@5,1,4,0.9529211521148682,BRCA,TCGA-AR-A2LK-01Z-00-DX1.FBD59C38-CD4E-4C22-BC74-A57C192A9BBC
BRCA,TCGA-AR-A5QM-01Z-00-DX1.A9017CED-FF57-4090-95B9-94DC91854347,gigapath_flash,GigaPath-Flash,10,Recall@10,1,6,0.9529211521148682,BRCA,TCGA-AR-A2LK-01Z-00-DX1.FBD59C38-CD4E-4C22-BC74-A57C192A9BBC
BRCA,TCGA-BH-A0C1-01Z-00-DX1.21FE357E-B182-4397-BFEF-7E96E994236A,gigapath_flash,GigaPath-Flash,1,Recall@1,0,0,0.9051497578620911,BLCA,TCGA-ZF-A9R1-01Z-00-DX1.74520759-D448-45B5-B8AD-45502C99A519
BRCA,TCGA-BH-A0C1-01Z-00-DX1.21FE357E-B182-4397-BFEF-7E96E994236A,gigapath_flash,GigaPath-Flash,5,Recall@5,1,4,0.9051497578620911,BLCA,TCGA-ZF-A9R1-01Z-00-DX1.74520759-D448-45B5-B8AD-45502C99A519
BRCA,TCGA-BH-A0C1-01Z-00-DX1.21FE357E-B182-4397-BFEF-7E96E994236A,gigapath_flash,GigaPath-Flash,10,Recall@10,1,6,0.9051497578620911,BLCA,TCGA-ZF-A9R1-01Z-00-DX1.74520759-D448-45B5-B8AD-45502C99A519
BRCA,TCGA-D8-A1X8-01Z-00-DX1.DDA3866E-C7CC-4650-BE2B-5C9A98A2D531,gigapath_flash,GigaPath-Flash,1,Recall@1,1,1,0.8462087512016296,BRCA,TCGA-GM-A3XN-01Z-00-DX1.49F5C8AC-0328-4BC2-9FE2-E7150B7A42E2
BRCA,TCGA-D8-A1X8-01Z-00-DX1.DDA3866E-C7CC-4650-BE2B-5C9A98A2D531,gigapath_flash,GigaPath-Flash,5,Recall@5,1,5,0.8462087512016296,BRCA,TCGA-GM-A3XN-01Z-00-DX1.49F5C8AC-0328-4BC2-9FE2-E7150B7A42E2
BRCA,TCGA-D8-A1X8-01Z-00-DX1.DDA3866E-C7CC-4650-BE2B-5C9A98A2D531,gigapath_flash,GigaPath-Flash,10,Recall@10,1,6,0.8462087512016296,BRCA,TCGA-GM-A3XN-01Z-00-DX1.49F5C8AC-0328-4BC2-9FE2-E7150B7A42E2
BRCA,TCGA-E2-A14P-01Z-00-DX1.663B02FF-C64B-41A6-8685-FD61CD76F9C6,gigapath_flash,GigaPath-Flash,1,Recall@1,1,1,0.8812693953514099,BRCA,TCGA-E2-A1LA-01Z-00-DX1.AE49E943-B830-4ED9-B09E-E499441BC2EC
BRCA,TCGA-E2-A14P-01Z-00-DX1.663B02FF-C64B-41A6-8685-FD61CD76F9C6,gigapath_flash,GigaPath-Flash,5,Recall@5,1,3,0.8812693953514099,BRCA,TCGA-E2-A1LA-01Z-00-DX1.AE49E943-B830-4ED9-B09E-E499441BC2EC
BRCA,TCGA-E2-A14P-01Z-00-DX1.663B02FF-C64B-41A6-8685-FD61CD76F9C6,gigapath_flash,GigaPath-Flash,10,Recall@10,1,6,0.8812693953514099,BRCA,TCGA-E2-A1LA-01Z-00-DX1.AE49E943-B830-4ED9-B09E-E499441BC2EC
BRCA,TCGA-E2-A1LA-01Z-00-DX1.AE49E943-B830-4ED9-B09E-E499441BC2EC,gigapath_flash,GigaPath-Flash,1,Recall@1,1,1,0.8976072072982788,BRCA,TCGA-AR-A2LK-01Z-00-DX1.FBD59C38-CD4E-4C22-BC74-A57C192A9BBC
BRCA,TCGA-E2-A1LA-01Z-00-DX1.AE49E943-B830-4ED9-B09E-E499441BC2EC,gigapath_flash,GigaPath-Flash,5,Recall@5,1,3,0.8976072072982788,BRCA,TCGA-AR-A2LK-01Z-00-DX1.FBD59C38-CD4E-4C22-BC74-A57C192A9BBC
BRCA,TCGA-E2-A1LA-01Z-00-DX1.AE49E943-B830-4ED9-B09E-E499441BC2EC,gigapath_flash,GigaPath-Flash,10,Recall@10,1,6,0.8976072072982788,BRCA,TCGA-AR-A2LK-01Z-00-DX1.FBD59C38-CD4E-4C22-BC74-A57C192A9BBC
BRCA,TCGA-GM-A3XN-01Z-00-DX1.49F5C8AC-0328-4BC2-9FE2-E7150B7A42E2,gigapath_flash,GigaPath-Flash,1,Recall@1,1,1,0.9211907982826233,BRCA,TCGA-AR-A5QM-01Z-00-DX1.A9017CED-FF57-4090-95B9-94DC91854347
BRCA,TCGA-GM-A3XN-01Z-00-DX1.49F5C8AC-0328-4BC2-9FE2-E7150B7A42E2,gigapath_flash,GigaPath-Flash,5,Recall@5,1,4,0.9211907982826233,BRCA,TCGA-AR-A5QM-01Z-00-DX1.A9017CED-FF57-4090-95B9-94DC91854347
BRCA,TCGA-GM-A3XN-01Z-00-DX1.49F5C8AC-0328-4BC2-9FE2-E7150B7A42E2,gigapath_flash,GigaPath-Flash,10,Recall@10,1,7,0.9211907982826233,BRCA,TCGA-AR-A5QM-01Z-00-DX1.A9017CED-FF57-4090-95B9-94DC91854347
COAD,TCGA-AY-A8YK-01Z-00-DX1.89E3C546-0425-449B-A6FB-1C35168EA7EB,gigapath_flash,GigaPath-Flash,1,Recall@1,0,0,0.8497586250305176,BRCA,TCGA-AN-A0G0-01Z-00-DX1.BE0BB5DF-DEDA-48D8-B5D8-2735C767F28F
COAD,TCGA-AY-A8YK-01Z-00-DX1.89E3C546-0425-449B-A6FB-1C35168EA7EB,gigapath_flash,GigaPath-Flash,5,Recall@5,1,1,0.8497586250305176,BRCA,TCGA-AN-A0G0-01Z-00-DX1.BE0BB5DF-DEDA-48D8-B5D8-2735C767F28F
COAD,TCGA-AY-A8YK-01Z-00-DX1.89E3C546-0425-449B-A6FB-1C35168EA7EB,gigapath_flash,GigaPath-Flash,10,Recall@10,1,2,0.8497586250305176,BRCA,TCGA-AN-A0G0-01Z-00-DX1.BE0BB5DF-DEDA-48D8-B5D8-2735C767F28F
COAD,TCGA-CK-4947-01Z-00-DX1.b257d5fd-b97b-4987-b088-77f044ca7fe2,gigapath_flash,GigaPath-Flash,1,Recall@1,0,0,0.8651728630065918,STAD,TCGA-ZQ-A9CR-01Z-00-DX1.C9AC9991-7054-4068-A7AA-9D1EB7F040A3
COAD,TCGA-CK-4947-01Z-00-DX1.b257d5fd-b97b-4987-b088-77f044ca7fe2,gigapath_flash,GigaPath-Flash,5,Recall@5,1,1,0.8651728630065918,STAD,TCGA-ZQ-A9CR-01Z-00-DX1.C9AC9991-7054-4068-A7AA-9D1EB7F040A3
COAD,TCGA-CK-4947-01Z-00-DX1.b257d5fd-b97b-4987-b088-77f044ca7fe2,gigapath_flash,GigaPath-Flash,10,Recall@10,1,4,0.8651728630065918,STAD,TCGA-ZQ-A9CR-01Z-00-DX1.C9AC9991-7054-4068-A7AA-9D1EB7F040A3
COAD,TCGA-CM-6168-01Z-00-DX1.96af6eb2-9d51-4671-baf8-1a73d0c66869,gigapath_flash,GigaPath-Flash,1,Recall@1,1,1,0.9595409631729126,COAD,TCGA-CM-6169-01Z-00-DX1.0381c243-02b8-4f1d-840c-19ef44d4b92c
COAD,TCGA-CM-6168-01Z-00-DX1.96af6eb2-9d51-4671-baf8-1a73d0c66869,gigapath_flash,GigaPath-Flash,5,Recall@5,1,4,0.9595409631729126,COAD,TCGA-CM-6169-01Z-00-DX1.0381c243-02b8-4f1d-840c-19ef44d4b92c
COAD,TCGA-CM-6168-01Z-00-DX1.96af6eb2-9d51-4671-baf8-1a73d0c66869,gigapath_flash,GigaPath-Flash,10,Recall@10,1,5,0.9595409631729126,COAD,TCGA-CM-6169-01Z-00-DX1.0381c243-02b8-4f1d-840c-19ef44d4b92c
COAD,TCGA-CM-6169-01Z-00-DX1.0381c243-02b8-4f1d-840c-19ef44d4b92c,gigapath_flash,GigaPath-Flash,1,Recall@1,1,1,0.9595409631729126,COAD,TCGA-CM-6168-01Z-00-DX1.96af6eb2-9d51-4671-baf8-1a73d0c66869
COAD,TCGA-CM-6169-01Z-00-DX1.0381c243-02b8-4f1d-840c-19ef44d4b92c,gigapath_flash,GigaPath-Flash,5,Recall@5,1,2,0.9595409631729126,COAD,TCGA-CM-6168-01Z-00-DX1.96af6eb2-9d51-4671-baf8-1a73d0c66869
COAD,TCGA-CM-6169-01Z-00-DX1.0381c243-02b8-4f1d-840c-19ef44d4b92c,gigapath_flash,GigaPath-Flash,10,Recall@10,1,3,0.9595409631729126,COAD,TCGA-CM-6168-01Z-00-DX1.96af6eb2-9d51-4671-baf8-1a73d0c66869
COAD,TCGA-G4-6309-01Z-00-DX1.3eb20fdc-eb86-4bd5-8194-76b02d4fa472,gigapath_flash,GigaPath-Flash,1,Recall@1,1,1,0.943172812461853,COAD,TCGA-G4-6588-01Z-00-DX1.0747172e-f630-4b7c-9341-55078585ae00
COAD,TCGA-G4-6309-01Z-00-DX1.3eb20fdc-eb86-4bd5-8194-76b02d4fa472,gigapath_flash,GigaPath-Flash,5,Recall@5,1,4,0.943172812461853,COAD,TCGA-G4-6588-01Z-00-DX1.0747172e-f630-4b7c-9341-55078585ae00
COAD,TCGA-G4-6309-01Z-00-DX1.3eb20fdc-eb86-4bd5-8194-76b02d4fa472,gigapath_flash,GigaPath-Flash,10,Recall@10,1,4,0.943172812461853,COAD,TCGA-G4-6588-01Z-00-DX1.0747172e-f630-4b7c-9341-55078585ae00
COAD,TCGA-G4-6310-01Z-00-DX1.b88472d4-3adc-4e4d-b0f2-0dc195a3d7df,gigapath_flash,GigaPath-Flash,1,Recall@1,1,1,0.902328372001648,COAD,TCGA-G4-6588-01Z-00-DX1.0747172e-f630-4b7c-9341-55078585ae00
COAD,TCGA-G4-6310-01Z-00-DX1.b88472d4-3adc-4e4d-b0f2-0dc195a3d7df,gigapath_flash,GigaPath-Flash,5,Recall@5,1,3,0.902328372001648,COAD,TCGA-G4-6588-01Z-00-DX1.0747172e-f630-4b7c-9341-55078585ae00
COAD,TCGA-G4-6310-01Z-00-DX1.b88472d4-3adc-4e4d-b0f2-0dc195a3d7df,gigapath_flash,GigaPath-Flash,10,Recall@10,1,5,0.902328372001648,COAD,TCGA-G4-6588-01Z-00-DX1.0747172e-f630-4b7c-9341-55078585ae00
COAD,TCGA-G4-6588-01Z-00-DX1.0747172e-f630-4b7c-9341-55078585ae00,gigapath_flash,GigaPath-Flash,1,Recall@1,1,1,0.943172812461853,COAD,TCGA-G4-6309-01Z-00-DX1.3eb20fdc-eb86-4bd5-8194-76b02d4fa472
COAD,TCGA-G4-6588-01Z-00-DX1.0747172e-f630-4b7c-9341-55078585ae00,gigapath_flash,GigaPath-Flash,5,Recall@5,1,4,0.943172812461853,COAD,TCGA-G4-6309-01Z-00-DX1.3eb20fdc-eb86-4bd5-8194-76b02d4fa472
COAD,TCGA-G4-6588-01Z-00-DX1.0747172e-f630-4b7c-9341-55078585ae00,gigapath_flash,GigaPath-Flash,10,Recall@10,1,5,0.943172812461853,COAD,TCGA-G4-6309-01Z-00-DX1.3eb20fdc-eb86-4bd5-8194-76b02d4fa472
HNSC,TCGA-BA-6871-01Z-00-DX1.4d9ca329-f8d5-4c31-a20f-9d4fba728326,gigapath_flash,GigaPath-Flash,1,Recall@1,0,0,0.8265807032585144,COAD,TCGA-G4-6588-01Z-00-DX1.0747172e-f630-4b7c-9341-55078585ae00
HNSC,TCGA-BA-6871-01Z-00-DX1.4d9ca329-f8d5-4c31-a20f-9d4fba728326,gigapath_flash,GigaPath-Flash,5,Recall@5,1,1,0.8265807032585144,COAD,TCGA-G4-6588-01Z-00-DX1.0747172e-f630-4b7c-9341-55078585ae00
HNSC,TCGA-BA-6871-01Z-00-DX1.4d9ca329-f8d5-4c31-a20f-9d4fba728326,gigapath_flash,GigaPath-Flash,10,Recall@10,1,1,0.8265807032585144,COAD,TCGA-G4-6588-01Z-00-DX1.0747172e-f630-4b7c-9341-55078585ae00
HNSC,TCGA-BA-6872-01Z-00-DX1.F99F6394-D319-4599-B124-D2A6692FA096,gigapath_flash,GigaPath-Flash,1,Recall@1,0,0,0.7668615579605103,BLCA,TCGA-ZF-AA51-01Z-00-DX1.128C9731-C206-4E71-9A64-864FA9FD7E96
HNSC,TCGA-BA-6872-01Z-00-DX1.F99F6394-D319-4599-B124-D2A6692FA096,gigapath_flash,GigaPath-Flash,5,Recall@5,0,0,0.7668615579605103,BLCA,TCGA-ZF-AA51-01Z-00-DX1.128C9731-C206-4E71-9A64-864FA9FD7E96
HNSC,TCGA-BA-6872-01Z-00-DX1.F99F6394-D319-4599-B124-D2A6692FA096,gigapath_flash,GigaPath-Flash,10,Recall@10,0,0,0.7668615579605103,BLCA,TCGA-ZF-AA51-01Z-00-DX1.128C9731-C206-4E71-9A64-864FA9FD7E96
HNSC,TCGA-CN-A6V7-01A-01-TS1.F54912D3-1E21-4605-ACFC-142973524AE2,gigapath_flash,GigaPath-Flash,1,Recall@1,0,0,0.9493122100830078,BLCA,TCGA-DK-AA77-01A-01-TSA.26CAF5CB-CC4F-4522-BD2B-343FB70205FE
HNSC,TCGA-CN-A6V7-01A-01-TS1.F54912D3-1E21-4605-ACFC-142973524AE2,gigapath_flash,GigaPath-Flash,5,Recall@5,1,2,0.9493122100830078,BLCA,TCGA-DK-AA77-01A-01-TSA.26CAF5CB-CC4F-4522-BD2B-343FB70205FE
HNSC,TCGA-CN-A6V7-01A-01-TS1.F54912D3-1E21-4605-ACFC-142973524AE2,gigapath_flash,GigaPath-Flash,10,Recall@10,1,2,0.9493122100830078,BLCA,TCGA-DK-AA77-01A-01-TSA.26CAF5CB-CC4F-4522-BD2B-343FB70205FE
HNSC,TCGA-CV-6935-01Z-00-DX1.9C449CB2-FB6D-41D1-A4A6-3069DC84A697,gigapath_flash,GigaPath-Flash,1,Recall@1,1,1,0.9100010991096497,HNSC,TCGA-CV-A45O-01Z-00-DX1.8CBD0CCC-C815-475D-87F9-76272F4F715B
HNSC,TCGA-CV-6935-01Z-00-DX1.9C449CB2-FB6D-41D1-A4A6-3069DC84A697,gigapath_flash,GigaPath-Flash,5,Recall@5,1,3,0.9100010991096497,HNSC,TCGA-CV-A45O-01Z-00-DX1.8CBD0CCC-C815-475D-87F9-76272F4F715B
HNSC,TCGA-CV-6935-01Z-00-DX1.9C449CB2-FB6D-41D1-A4A6-3069DC84A697,gigapath_flash,GigaPath-Flash,10,Recall@10,1,3,0.9100010991096497,HNSC,TCGA-CV-A45O-01Z-00-DX1.8CBD0CCC-C815-475D-87F9-76272F4F715B
HNSC,TCGA-CV-A45O-01Z-00-DX1.8CBD0CCC-C815-475D-87F9-76272F4F715B,gigapath_flash,GigaPath-Flash,1,Recall@1,1,1,0.9100010991096497,HNSC,TCGA-CV-6935-01Z-00-DX1.9C449CB2-FB6D-41D1-A4A6-3069DC84A697
HNSC,TCGA-CV-A45O-01Z-00-DX1.8CBD0CCC-C815-475D-87F9-76272F4F715B,gigapath_flash,GigaPath-Flash,5,Recall@5,1,2,0.9100010991096497,HNSC,TCGA-CV-6935-01Z-00-DX1.9C449CB2-FB6D-41D1-A4A6-3069DC84A697
HNSC,TCGA-CV-A45O-01Z-00-DX1.8CBD0CCC-C815-475D-87F9-76272F4F715B,gigapath_flash,GigaPath-Flash,10,Recall@10,1,2,0.9100010991096497,HNSC,TCGA-CV-6935-01Z-00-DX1.9C449CB2-FB6D-41D1-A4A6-3069DC84A697
HNSC,TCGA-CV-A6JE-01Z-00-DX1.20137D17-19B3-49FF-9C3D-60933157E409,gigapath_flash,GigaPath-Flash,1,Recall@1,1,1,0.9087735414505005,HNSC,TCGA-CV-A45O-01Z-00-DX1.8CBD0CCC-C815-475D-87F9-76272F4F715B
HNSC,TCGA-CV-A6JE-01Z-00-DX1.20137D17-19B3-49FF-9C3D-60933157E409,gigapath_flash,GigaPath-Flash,5,Recall@5,1,2,0.9087735414505005,HNSC,TCGA-CV-A45O-01Z-00-DX1.8CBD0CCC-C815-475D-87F9-76272F4F715B
HNSC,TCGA-CV-A6JE-01Z-00-DX1.20137D17-19B3-49FF-9C3D-60933157E409,gigapath_flash,GigaPath-Flash,10,Recall@10,1,2,0.9087735414505005,HNSC,TCGA-CV-A45O-01Z-00-DX1.8CBD0CCC-C815-475D-87F9-76272F4F715B
HNSC,TCGA-CV-A6JU-01Z-00-DX1.35A3A1F0-9D6C-4794-B501-E56E48C51DF9,gigapath_flash,GigaPath-Flash,1,Recall@1,0,0,0.8164743185043335,BRCA,TCGA-E2-A14P-01Z-00-DX1.663B02FF-C64B-41A6-8685-FD61CD76F9C6
HNSC,TCGA-CV-A6JU-01Z-00-DX1.35A3A1F0-9D6C-4794-B501-E56E48C51DF9,gigapath_flash,GigaPath-Flash,5,Recall@5,1,1,0.8164743185043335,BRCA,TCGA-E2-A14P-01Z-00-DX1.663B02FF-C64B-41A6-8685-FD61CD76F9C6
HNSC,TCGA-CV-A6JU-01Z-00-DX1.35A3A1F0-9D6C-4794-B501-E56E48C51DF9,gigapath_flash,GigaPath-Flash,10,Recall@10,1,2,0.8164743185043335,BRCA,TCGA-E2-A14P-01Z-00-DX1.663B02FF-C64B-41A6-8685-FD61CD76F9C6
HNSC,TCGA-UF-A719-01Z-00-DX1.4C4ECC2C-C390-4C5E-A709-CF08C113F1A1,gigapath_flash,GigaPath-Flash,1,Recall@1,0,0,0.8889544606208801,STAD,TCGA-VQ-A924-01Z-00-DX1.736B41F3-9678-4FAF-AE86-FCAC4F6DCBD3
HNSC,TCGA-UF-A719-01Z-00-DX1.4C4ECC2C-C390-4C5E-A709-CF08C113F1A1,gigapath_flash,GigaPath-Flash,5,Recall@5,0,0,0.8889544606208801,STAD,TCGA-VQ-A924-01Z-00-DX1.736B41F3-9678-4FAF-AE86-FCAC4F6DCBD3
HNSC,TCGA-UF-A719-01Z-00-DX1.4C4ECC2C-C390-4C5E-A709-CF08C113F1A1,gigapath_flash,GigaPath-Flash,10,Recall@10,0,0,0.8889544606208801,STAD,TCGA-VQ-A924-01Z-00-DX1.736B41F3-9678-4FAF-AE86-FCAC4F6DCBD3
KIRC,TCGA-A3-3346-01Z-00-DX1.95280216-fd71-4a03-b452-6e3d667f2542,gigapath_flash,GigaPath-Flash,1,Recall@1,1,1,0.8827962279319763,KIRC,TCGA-B0-5711-01Z-00-DX1.6839921f-ec08-4e94-8bf9-4b5a4fcdda45
KIRC,TCGA-A3-3346-01Z-00-DX1.95280216-fd71-4a03-b452-6e3d667f2542,gigapath_flash,GigaPath-Flash,5,Recall@5,1,4,0.8827962279319763,KIRC,TCGA-B0-5711-01Z-00-DX1.6839921f-ec08-4e94-8bf9-4b5a4fcdda45
KIRC,TCGA-A3-3346-01Z-00-DX1.95280216-fd71-4a03-b452-6e3d667f2542,gigapath_flash,GigaPath-Flash,10,Recall@10,1,6,0.8827962279319763,KIRC,TCGA-B0-5711-01Z-00-DX1.6839921f-ec08-4e94-8bf9-4b5a4fcdda45
KIRC,TCGA-A3-A8CQ-01Z-00-DX1.78DA0827-5FB8-4B9F-A845-22F85830B5FB,gigapath_flash,GigaPath-Flash,1,Recall@1,1,1,0.8745889067649841,KIRC,TCGA-B0-5094-01Z-00-DX1.eac31fe2-09da-4ecf-8e25-c073cbb03295
KIRC,TCGA-A3-A8CQ-01Z-00-DX1.78DA0827-5FB8-4B9F-A845-22F85830B5FB,gigapath_flash,GigaPath-Flash,5,Recall@5,1,5,0.8745889067649841,KIRC,TCGA-B0-5094-01Z-00-DX1.eac31fe2-09da-4ecf-8e25-c073cbb03295
KIRC,TCGA-A3-A8CQ-01Z-00-DX1.78DA0827-5FB8-4B9F-A845-22F85830B5FB,gigapath_flash,GigaPath-Flash,10,Recall@10,1,5,0.8745889067649841,KIRC,TCGA-B0-5094-01Z-00-DX1.eac31fe2-09da-4ecf-8e25-c073cbb03295
KIRC,TCGA-AK-3444-01Z-00-DX1.1F0E0B47-29FF-456F-800A-539983FDCFAA,gigapath_flash,GigaPath-Flash,1,Recall@1,0,0,0.8307169675827026,LUAD,TCGA-64-5779-01Z-00-DX1.B3268447-DCE0-4927-B5A9-EC4D61E9B17D
KIRC,TCGA-AK-3444-01Z-00-DX1.1F0E0B47-29FF-456F-800A-539983FDCFAA,gigapath_flash,GigaPath-Flash,5,Recall@5,1,4,0.8307169675827026,LUAD,TCGA-64-5779-01Z-00-DX1.B3268447-DCE0-4927-B5A9-EC4D61E9B17D
KIRC,TCGA-AK-3444-01Z-00-DX1.1F0E0B47-29FF-456F-800A-539983FDCFAA,gigapath_flash,GigaPath-Flash,10,Recall@10,1,6,0.8307169675827026,LUAD,TCGA-64-5779-01Z-00-DX1.B3268447-DCE0-4927-B5A9-EC4D61E9B17D
KIRC,TCGA-B0-5094-01Z-00-DX1.eac31fe2-09da-4ecf-8e25-c073cbb03295,gigapath_flash,GigaPath-Flash,1,Recall@1,1,1,0.8880029916763306,KIRC,TCGA-B0-5711-01Z-00-DX1.6839921f-ec08-4e94-8bf9-4b5a4fcdda45
KIRC,TCGA-B0-5094-01Z-00-DX1.eac31fe2-09da-4ecf-8e25-c073cbb03295,gigapath_flash,GigaPath-Flash,5,Recall@5,1,5,0.8880029916763306,KIRC,TCGA-B0-5711-01Z-00-DX1.6839921f-ec08-4e94-8bf9-4b5a4fcdda45
KIRC,TCGA-B0-5094-01Z-00-DX1.eac31fe2-09da-4ecf-8e25-c073cbb03295,gigapath_flash,GigaPath-Flash,10,Recall@10,1,6,0.8880029916763306,KIRC,TCGA-B0-5711-01Z-00-DX1.6839921f-ec08-4e94-8bf9-4b5a4fcdda45
KIRC,TCGA-B0-5106-01Z-00-DX1.564e51a3-be50-4eed-ba9c-4d478b96ffc6,gigapath_flash,GigaPath-Flash,1,Recall@1,1,1,0.9114428758621216,KIRC,TCGA-B0-5711-01Z-00-DX1.6839921f-ec08-4e94-8bf9-4b5a4fcdda45
KIRC,TCGA-B0-5106-01Z-00-DX1.564e51a3-be50-4eed-ba9c-4d478b96ffc6,gigapath_flash,GigaPath-Flash,5,Recall@5,1,3,0.9114428758621216,KIRC,TCGA-B0-5711-01Z-00-DX1.6839921f-ec08-4e94-8bf9-4b5a4fcdda45
KIRC,TCGA-B0-5106-01Z-00-DX1.564e51a3-be50-4eed-ba9c-4d478b96ffc6,gigapath_flash,GigaPath-Flash,10,Recall@10,1,5,0.9114428758621216,KIRC,TCGA-B0-5711-01Z-00-DX1.6839921f-ec08-4e94-8bf9-4b5a4fcdda45
KIRC,TCGA-B0-5711-01Z-00-DX1.6839921f-ec08-4e94-8bf9-4b5a4fcdda45,gigapath_flash,GigaPath-Flash,1,Recall@1,1,1,0.9185479283332825,KIRC,TCGA-BP-4991-01Z-00-DX1.71305f5c-ca59-48fa-bb82-4b441c1fffdc
KIRC,TCGA-B0-5711-01Z-00-DX1.6839921f-ec08-4e94-8bf9-4b5a4fcdda45,gigapath_flash,GigaPath-Flash,5,Recall@5,1,5,0.9185479283332825,KIRC,TCGA-BP-4991-01Z-00-DX1.71305f5c-ca59-48fa-bb82-4b441c1fffdc
KIRC,TCGA-B0-5711-01Z-00-DX1.6839921f-ec08-4e94-8bf9-4b5a4fcdda45,gigapath_flash,GigaPath-Flash,10,Recall@10,1,6,0.9185479283332825,KIRC,TCGA-BP-4991-01Z-00-DX1.71305f5c-ca59-48fa-bb82-4b441c1fffdc
KIRC,TCGA-B2-5633-01Z-00-DX1.c55a29ca-468e-46de-9ff5-a51f46fe09fd,gigapath_flash,GigaPath-Flash,1,Recall@1,1,1,0.8821457028388977,KIRC,TCGA-B0-5711-01Z-00-DX1.6839921f-ec08-4e94-8bf9-4b5a4fcdda45
KIRC,TCGA-B2-5633-01Z-00-DX1.c55a29ca-468e-46de-9ff5-a51f46fe09fd,gigapath_flash,GigaPath-Flash,5,Recall@5,1,5,0.8821457028388977,KIRC,TCGA-B0-5711-01Z-00-DX1.6839921f-ec08-4e94-8bf9-4b5a4fcdda45
KIRC,TCGA-B2-5633-01Z-00-DX1.c55a29ca-468e-46de-9ff5-a51f46fe09fd,gigapath_flash,GigaPath-Flash,10,Recall@10,1,6,0.8821457028388977,KIRC,TCGA-B0-5711-01Z-00-DX1.6839921f-ec08-4e94-8bf9-4b5a4fcdda45
KIRC,TCGA-BP-4991-01Z-00-DX1.71305f5c-ca59-48fa-bb82-4b441c1fffdc,gigapath_flash,GigaPath-Flash,1,Recall@1,1,1,0.9185479283332825,KIRC,TCGA-B0-5711-01Z-00-DX1.6839921f-ec08-4e94-8bf9-4b5a4fcdda45
KIRC,TCGA-BP-4991-01Z-00-DX1.71305f5c-ca59-48fa-bb82-4b441c1fffdc,gigapath_flash,GigaPath-Flash,5,Recall@5,1,5,0.9185479283332825,KIRC,TCGA-B0-5711-01Z-00-DX1.6839921f-ec08-4e94-8bf9-4b5a4fcdda45
KIRC,TCGA-BP-4991-01Z-00-DX1.71305f5c-ca59-48fa-bb82-4b441c1fffdc,gigapath_flash,GigaPath-Flash,10,Recall@10,1,6,0.9185479283332825,KIRC,TCGA-B0-5711-01Z-00-DX1.6839921f-ec08-4e94-8bf9-4b5a4fcdda45
KIRC,TCGA-BP-5201-01Z-00-DX1.d1a9878e-bb97-48fb-9098-9d9337f06250,gigapath_flash,GigaPath-Flash,1,Recall@1,0,0,0.7922133803367615,LUAD,TCGA-78-7163-01Z-00-DX1.42880bdf-271d-41dd-aada-e7ec1156ff31
KIRC,TCGA-BP-5201-01Z-00-DX1.d1a9878e-bb97-48fb-9098-9d9337f06250,gigapath_flash,GigaPath-Flash,5,Recall@5,1,3,0.7922133803367615,LUAD,TCGA-78-7163-01Z-00-DX1.42880bdf-271d-41dd-aada-e7ec1156ff31
KIRC,TCGA-BP-5201-01Z-00-DX1.d1a9878e-bb97-48fb-9098-9d9337f06250,gigapath_flash,GigaPath-Flash,10,Recall@10,1,4,0.7922133803367615,LUAD,TCGA-78-7163-01Z-00-DX1.42880bdf-271d-41dd-aada-e7ec1156ff31
LUAD,TCGA-55-6986-01Z-00-DX1.ae52d41e-3cd6-4d36-b04b-2ea7d29bd8da,gigapath_flash,GigaPath-Flash,1,Recall@1,0,0,0.8917199373245239,COAD,TCGA-CM-6169-01Z-00-DX1.0381c243-02b8-4f1d-840c-19ef44d4b92c
LUAD,TCGA-55-6986-01Z-00-DX1.ae52d41e-3cd6-4d36-b04b-2ea7d29bd8da,gigapath_flash,GigaPath-Flash,5,Recall@5,1,1,0.8917199373245239,COAD,TCGA-CM-6169-01Z-00-DX1.0381c243-02b8-4f1d-840c-19ef44d4b92c
LUAD,TCGA-55-6986-01Z-00-DX1.ae52d41e-3cd6-4d36-b04b-2ea7d29bd8da,gigapath_flash,GigaPath-Flash,10,Recall@10,1,4,0.8917199373245239,COAD,TCGA-CM-6169-01Z-00-DX1.0381c243-02b8-4f1d-840c-19ef44d4b92c
LUAD,TCGA-64-5779-01Z-00-DX1.B3268447-DCE0-4927-B5A9-EC4D61E9B17D,gigapath_flash,GigaPath-Flash,1,Recall@1,0,0,0.8472233414649963,HNSC,TCGA-UF-A719-01Z-00-DX1.4C4ECC2C-C390-4C5E-A709-CF08C113F1A1
LUAD,TCGA-64-5779-01Z-00-DX1.B3268447-DCE0-4927-B5A9-EC4D61E9B17D,gigapath_flash,GigaPath-Flash,5,Recall@5,0,0,0.8472233414649963,HNSC,TCGA-UF-A719-01Z-00-DX1.4C4ECC2C-C390-4C5E-A709-CF08C113F1A1
LUAD,TCGA-64-5779-01Z-00-DX1.B3268447-DCE0-4927-B5A9-EC4D61E9B17D,gigapath_flash,GigaPath-Flash,10,Recall@10,0,0,0.8472233414649963,HNSC,TCGA-UF-A719-01Z-00-DX1.4C4ECC2C-C390-4C5E-A709-CF08C113F1A1
LUAD,TCGA-78-7158-01Z-00-DX1.74db3dcd-2715-4ce7-8e48-30c8b7946ba0,gigapath_flash,GigaPath-Flash,1,Recall@1,1,1,0.8930269479751587,LUAD,TCGA-78-7536-01Z-00-DX1.6b066140-8b82-40a5-bd48-430eeb4463fe
LUAD,TCGA-78-7158-01Z-00-DX1.74db3dcd-2715-4ce7-8e48-30c8b7946ba0,gigapath_flash,GigaPath-Flash,5,Recall@5,1,2,0.8930269479751587,LUAD,TCGA-78-7536-01Z-00-DX1.6b066140-8b82-40a5-bd48-430eeb4463fe
LUAD,TCGA-78-7158-01Z-00-DX1.74db3dcd-2715-4ce7-8e48-30c8b7946ba0,gigapath_flash,GigaPath-Flash,10,Recall@10,1,2,0.8930269479751587,LUAD,TCGA-78-7536-01Z-00-DX1.6b066140-8b82-40a5-bd48-430eeb4463fe
LUAD,TCGA-78-7163-01Z-00-DX1.42880bdf-271d-41dd-aada-e7ec1156ff31,gigapath_flash,GigaPath-Flash,1,Recall@1,0,0,0.80638587474823,KIRC,TCGA-B0-5711-01Z-00-DX1.6839921f-ec08-4e94-8bf9-4b5a4fcdda45
LUAD,TCGA-78-7163-01Z-00-DX1.42880bdf-271d-41dd-aada-e7ec1156ff31,gigapath_flash,GigaPath-Flash,5,Recall@5,1,1,0.80638587474823,KIRC,TCGA-B0-5711-01Z-00-DX1.6839921f-ec08-4e94-8bf9-4b5a4fcdda45
LUAD,TCGA-78-7163-01Z-00-DX1.42880bdf-271d-41dd-aada-e7ec1156ff31,gigapath_flash,GigaPath-Flash,10,Recall@10,1,2,0.80638587474823,KIRC,TCGA-B0-5711-01Z-00-DX1.6839921f-ec08-4e94-8bf9-4b5a4fcdda45
LUAD,TCGA-78-7536-01Z-00-DX1.6b066140-8b82-40a5-bd48-430eeb4463fe,gigapath_flash,GigaPath-Flash,1,Recall@1,1,1,0.8930269479751587,LUAD,TCGA-78-7158-01Z-00-DX1.74db3dcd-2715-4ce7-8e48-30c8b7946ba0
LUAD,TCGA-78-7536-01Z-00-DX1.6b066140-8b82-40a5-bd48-430eeb4463fe,gigapath_flash,GigaPath-Flash,5,Recall@5,1,2,0.8930269479751587,LUAD,TCGA-78-7158-01Z-00-DX1.74db3dcd-2715-4ce7-8e48-30c8b7946ba0
LUAD,TCGA-78-7536-01Z-00-DX1.6b066140-8b82-40a5-bd48-430eeb4463fe,gigapath_flash,GigaPath-Flash,10,Recall@10,1,2,0.8930269479751587,LUAD,TCGA-78-7158-01Z-00-DX1.74db3dcd-2715-4ce7-8e48-30c8b7946ba0
LUAD,TCGA-86-8668-01Z-00-DX1.d720d486-02c7-4f98-8feb-e0e50a12c158,gigapath_flash,GigaPath-Flash,1,Recall@1,1,1,0.8673454523086548,LUAD,TCGA-55-6986-01Z-00-DX1.ae52d41e-3cd6-4d36-b04b-2ea7d29bd8da
LUAD,TCGA-86-8668-01Z-00-DX1.d720d486-02c7-4f98-8feb-e0e50a12c158,gigapath_flash,GigaPath-Flash,5,Recall@5,1,1,0.8673454523086548,LUAD,TCGA-55-6986-01Z-00-DX1.ae52d41e-3cd6-4d36-b04b-2ea7d29bd8da
LUAD,TCGA-86-8668-01Z-00-DX1.d720d486-02c7-4f98-8feb-e0e50a12c158,gigapath_flash,GigaPath-Flash,10,Recall@10,1,1,0.8673454523086548,LUAD,TCGA-55-6986-01Z-00-DX1.ae52d41e-3cd6-4d36-b04b-2ea7d29bd8da
LUAD,TCGA-97-A4LX-01Z-00-DX1.B2334672-A626-4E74-B4D1-A79F70F65909,gigapath_flash,GigaPath-Flash,1,Recall@1,1,1,0.949766218662262,LUAD,TCGA-97-A4M2-01Z-00-DX1.5C72522C-1538-4D68-B517-5FB05A9D401A
LUAD,TCGA-97-A4LX-01Z-00-DX1.B2334672-A626-4E74-B4D1-A79F70F65909,gigapath_flash,GigaPath-Flash,5,Recall@5,1,2,0.949766218662262,LUAD,TCGA-97-A4M2-01Z-00-DX1.5C72522C-1538-4D68-B517-5FB05A9D401A
LUAD,TCGA-97-A4LX-01Z-00-DX1.B2334672-A626-4E74-B4D1-A79F70F65909,gigapath_flash,GigaPath-Flash,10,Recall@10,1,3,0.949766218662262,LUAD,TCGA-97-A4M2-01Z-00-DX1.5C72522C-1538-4D68-B517-5FB05A9D401A
LUAD,TCGA-97-A4M2-01Z-00-DX1.5C72522C-1538-4D68-B517-5FB05A9D401A,gigapath_flash,GigaPath-Flash,1,Recall@1,1,1,0.949766218662262,LUAD,TCGA-97-A4LX-01Z-00-DX1.B2334672-A626-4E74-B4D1-A79F70F65909
LUAD,TCGA-97-A4M2-01Z-00-DX1.5C72522C-1538-4D68-B517-5FB05A9D401A,gigapath_flash,GigaPath-Flash,5,Recall@5,1,2,0.949766218662262,LUAD,TCGA-97-A4LX-01Z-00-DX1.B2334672-A626-4E74-B4D1-A79F70F65909
LUAD,TCGA-97-A4M2-01Z-00-DX1.5C72522C-1538-4D68-B517-5FB05A9D401A,gigapath_flash,GigaPath-Flash,10,Recall@10,1,3,0.949766218662262,LUAD,TCGA-97-A4LX-01Z-00-DX1.B2334672-A626-4E74-B4D1-A79F70F65909
LUAD,TCGA-J2-A4AE-01Z-00-DX1.42C5DE4A-7787-4E59-8969-D12503262C96,gigapath_flash,GigaPath-Flash,1,Recall@1,1,1,0.9262809753417969,LUAD,TCGA-97-A4LX-01Z-00-DX1.B2334672-A626-4E74-B4D1-A79F70F65909
LUAD,TCGA-J2-A4AE-01Z-00-DX1.42C5DE4A-7787-4E59-8969-D12503262C96,gigapath_flash,GigaPath-Flash,5,Recall@5,1,3,0.9262809753417969,LUAD,TCGA-97-A4LX-01Z-00-DX1.B2334672-A626-4E74-B4D1-A79F70F65909
LUAD,TCGA-J2-A4AE-01Z-00-DX1.42C5DE4A-7787-4E59-8969-D12503262C96,gigapath_flash,GigaPath-Flash,10,Recall@10,1,4,0.9262809753417969,LUAD,TCGA-97-A4LX-01Z-00-DX1.B2334672-A626-4E74-B4D1-A79F70F65909
STAD,TCGA-BR-6452-01Z-00-DX1.aec8246e-9dce-436d-9faa-df8fa1f6e47c,gigapath_flash,GigaPath-Flash,1,Recall@1,1,1,0.9048188924789429,STAD,TCGA-BR-6454-01Z-00-DX1.63fb6280-2b43-49b2-960a-eb9c0e8b617c
STAD,TCGA-BR-6452-01Z-00-DX1.aec8246e-9dce-436d-9faa-df8fa1f6e47c,gigapath_flash,GigaPath-Flash,5,Recall@5,1,2,0.9048188924789429,STAD,TCGA-BR-6454-01Z-00-DX1.63fb6280-2b43-49b2-960a-eb9c0e8b617c
STAD,TCGA-BR-6452-01Z-00-DX1.aec8246e-9dce-436d-9faa-df8fa1f6e47c,gigapath_flash,GigaPath-Flash,10,Recall@10,1,3,0.9048188924789429,STAD,TCGA-BR-6454-01Z-00-DX1.63fb6280-2b43-49b2-960a-eb9c0e8b617c
STAD,TCGA-BR-6454-01Z-00-DX1.63fb6280-2b43-49b2-960a-eb9c0e8b617c,gigapath_flash,GigaPath-Flash,1,Recall@1,1,1,0.9048188924789429,STAD,TCGA-BR-6452-01Z-00-DX1.aec8246e-9dce-436d-9faa-df8fa1f6e47c
STAD,TCGA-BR-6454-01Z-00-DX1.63fb6280-2b43-49b2-960a-eb9c0e8b617c,gigapath_flash,GigaPath-Flash,5,Recall@5,1,2,0.9048188924789429,STAD,TCGA-BR-6452-01Z-00-DX1.aec8246e-9dce-436d-9faa-df8fa1f6e47c
STAD,TCGA-BR-6454-01Z-00-DX1.63fb6280-2b43-49b2-960a-eb9c0e8b617c,gigapath_flash,GigaPath-Flash,10,Recall@10,1,4,0.9048188924789429,STAD,TCGA-BR-6452-01Z-00-DX1.aec8246e-9dce-436d-9faa-df8fa1f6e47c
STAD,TCGA-BR-A4CQ-01Z-00-DX1.B63282A5-154D-441B-BF96-5BB26CB6D95E,gigapath_flash,GigaPath-Flash,1,Recall@1,0,0,0.9299416542053223,UCEC,TCGA-AX-A0J0-01Z-00-DX2.56C668BE-03B8-4B87-A226-AABD97D53C38
STAD,TCGA-BR-A4CQ-01Z-00-DX1.B63282A5-154D-441B-BF96-5BB26CB6D95E,gigapath_flash,GigaPath-Flash,5,Recall@5,1,1,0.9299416542053223,UCEC,TCGA-AX-A0J0-01Z-00-DX2.56C668BE-03B8-4B87-A226-AABD97D53C38
STAD,TCGA-BR-A4CQ-01Z-00-DX1.B63282A5-154D-441B-BF96-5BB26CB6D95E,gigapath_flash,GigaPath-Flash,10,Recall@10,1,2,0.9299416542053223,UCEC,TCGA-AX-A0J0-01Z-00-DX2.56C668BE-03B8-4B87-A226-AABD97D53C38
STAD,TCGA-CD-A487-01Z-00-DX1.A026BD2F-B721-4340-83D5-7AA39227C90F,gigapath_flash,GigaPath-Flash,1,Recall@1,0,0,0.9094263315200806,BRCA,TCGA-AR-A2LK-01Z-00-DX1.FBD59C38-CD4E-4C22-BC74-A57C192A9BBC
STAD,TCGA-CD-A487-01Z-00-DX1.A026BD2F-B721-4340-83D5-7AA39227C90F,gigapath_flash,GigaPath-Flash,5,Recall@5,1,1,0.9094263315200806,BRCA,TCGA-AR-A2LK-01Z-00-DX1.FBD59C38-CD4E-4C22-BC74-A57C192A9BBC
STAD,TCGA-CD-A487-01Z-00-DX1.A026BD2F-B721-4340-83D5-7AA39227C90F,gigapath_flash,GigaPath-Flash,10,Recall@10,1,2,0.9094263315200806,BRCA,TCGA-AR-A2LK-01Z-00-DX1.FBD59C38-CD4E-4C22-BC74-A57C192A9BBC
STAD,TCGA-FP-8209-01Z-00-DX1.a5e13081-1631-44d4-8d6a-c229a22c2311,gigapath_flash,GigaPath-Flash,1,Recall@1,0,0,0.9084581732749939,COAD,TCGA-G4-6309-01Z-00-DX1.3eb20fdc-eb86-4bd5-8194-76b02d4fa472
STAD,TCGA-FP-8209-01Z-00-DX1.a5e13081-1631-44d4-8d6a-c229a22c2311,gigapath_flash,GigaPath-Flash,5,Recall@5,1,1,0.9084581732749939,COAD,TCGA-G4-6309-01Z-00-DX1.3eb20fdc-eb86-4bd5-8194-76b02d4fa472
STAD,TCGA-FP-8209-01Z-00-DX1.a5e13081-1631-44d4-8d6a-c229a22c2311,gigapath_flash,GigaPath-Flash,10,Recall@10,1,1,0.9084581732749939,COAD,TCGA-G4-6309-01Z-00-DX1.3eb20fdc-eb86-4bd5-8194-76b02d4fa472
STAD,TCGA-SW-A7EA-01Z-00-DX1.C5E1BE0E-0A25-4480-A3AC-DB2ED7471A4E,gigapath_flash,GigaPath-Flash,1,Recall@1,1,1,0.8249150514602661,STAD,TCGA-BR-A4CQ-01Z-00-DX1.B63282A5-154D-441B-BF96-5BB26CB6D95E
STAD,TCGA-SW-A7EA-01Z-00-DX1.C5E1BE0E-0A25-4480-A3AC-DB2ED7471A4E,gigapath_flash,GigaPath-Flash,5,Recall@5,1,4,0.8249150514602661,STAD,TCGA-BR-A4CQ-01Z-00-DX1.B63282A5-154D-441B-BF96-5BB26CB6D95E
STAD,TCGA-SW-A7EA-01Z-00-DX1.C5E1BE0E-0A25-4480-A3AC-DB2ED7471A4E,gigapath_flash,GigaPath-Flash,10,Recall@10,1,4,0.8249150514602661,STAD,TCGA-BR-A4CQ-01Z-00-DX1.B63282A5-154D-441B-BF96-5BB26CB6D95E
STAD,TCGA-VQ-A8PY-01Z-00-DX1.EA2C7386-012A-442A-95B3-FFA12BD2684D,gigapath_flash,GigaPath-Flash,1,Recall@1,1,1,0.925105094909668,STAD,TCGA-BR-A4CQ-01Z-00-DX1.B63282A5-154D-441B-BF96-5BB26CB6D95E
STAD,TCGA-VQ-A8PY-01Z-00-DX1.EA2C7386-012A-442A-95B3-FFA12BD2684D,gigapath_flash,GigaPath-Flash,5,Recall@5,1,2,0.925105094909668,STAD,TCGA-BR-A4CQ-01Z-00-DX1.B63282A5-154D-441B-BF96-5BB26CB6D95E
STAD,TCGA-VQ-A8PY-01Z-00-DX1.EA2C7386-012A-442A-95B3-FFA12BD2684D,gigapath_flash,GigaPath-Flash,10,Recall@10,1,2,0.925105094909668,STAD,TCGA-BR-A4CQ-01Z-00-DX1.B63282A5-154D-441B-BF96-5BB26CB6D95E
STAD,TCGA-VQ-A924-01Z-00-DX1.736B41F3-9678-4FAF-AE86-FCAC4F6DCBD3,gigapath_flash,GigaPath-Flash,1,Recall@1,0,0,0.8889544606208801,HNSC,TCGA-UF-A719-01Z-00-DX1.4C4ECC2C-C390-4C5E-A709-CF08C113F1A1
STAD,TCGA-VQ-A924-01Z-00-DX1.736B41F3-9678-4FAF-AE86-FCAC4F6DCBD3,gigapath_flash,GigaPath-Flash,5,Recall@5,1,1,0.8889544606208801,HNSC,TCGA-UF-A719-01Z-00-DX1.4C4ECC2C-C390-4C5E-A709-CF08C113F1A1
STAD,TCGA-VQ-A924-01Z-00-DX1.736B41F3-9678-4FAF-AE86-FCAC4F6DCBD3,gigapath_flash,GigaPath-Flash,10,Recall@10,1,2,0.8889544606208801,HNSC,TCGA-UF-A719-01Z-00-DX1.4C4ECC2C-C390-4C5E-A709-CF08C113F1A1
STAD,TCGA-ZQ-A9CR-01Z-00-DX1.C9AC9991-7054-4068-A7AA-9D1EB7F040A3,gigapath_flash,GigaPath-Flash,1,Recall@1,1,1,0.8748279213905334,STAD,TCGA-FP-8209-01Z-00-DX1.a5e13081-1631-44d4-8d6a-c229a22c2311
STAD,TCGA-ZQ-A9CR-01Z-00-DX1.C9AC9991-7054-4068-A7AA-9D1EB7F040A3,gigapath_flash,GigaPath-Flash,5,Recall@5,1,1,0.8748279213905334,STAD,TCGA-FP-8209-01Z-00-DX1.a5e13081-1631-44d4-8d6a-c229a22c2311
STAD,TCGA-ZQ-A9CR-01Z-00-DX1.C9AC9991-7054-4068-A7AA-9D1EB7F040A3,gigapath_flash,GigaPath-Flash,10,Recall@10,1,2,0.8748279213905334,STAD,TCGA-FP-8209-01Z-00-DX1.a5e13081-1631-44d4-8d6a-c229a22c2311
UCEC,TCGA-A5-A0GX-01Z-00-DX1.7E713D1A-5858-4648-957D-77189E43CFAA,gigapath_flash,GigaPath-Flash,1,Recall@1,1,1,0.9114753603935242,UCEC,TCGA-A5-A0R7-01Z-00-DX1.D21E6974-22A3-4A68-8B4E-14E84A7A50A5
UCEC,TCGA-A5-A0GX-01Z-00-DX1.7E713D1A-5858-4648-957D-77189E43CFAA,gigapath_flash,GigaPath-Flash,5,Recall@5,1,5,0.9114753603935242,UCEC,TCGA-A5-A0R7-01Z-00-DX1.D21E6974-22A3-4A68-8B4E-14E84A7A50A5
UCEC,TCGA-A5-A0GX-01Z-00-DX1.7E713D1A-5858-4648-957D-77189E43CFAA,gigapath_flash,GigaPath-Flash,10,Recall@10,1,6,0.9114753603935242,UCEC,TCGA-A5-A0R7-01Z-00-DX1.D21E6974-22A3-4A68-8B4E-14E84A7A50A5
UCEC,TCGA-A5-A0R7-01Z-00-DX1.D21E6974-22A3-4A68-8B4E-14E84A7A50A5,gigapath_flash,GigaPath-Flash,1,Recall@1,1,1,0.9114753603935242,UCEC,TCGA-A5-A0GX-01Z-00-DX1.7E713D1A-5858-4648-957D-77189E43CFAA
UCEC,TCGA-A5-A0R7-01Z-00-DX1.D21E6974-22A3-4A68-8B4E-14E84A7A50A5,gigapath_flash,GigaPath-Flash,5,Recall@5,1,3,0.9114753603935242,UCEC,TCGA-A5-A0GX-01Z-00-DX1.7E713D1A-5858-4648-957D-77189E43CFAA
UCEC,TCGA-A5-A0R7-01Z-00-DX1.D21E6974-22A3-4A68-8B4E-14E84A7A50A5,gigapath_flash,GigaPath-Flash,10,Recall@10,1,5,0.9114753603935242,UCEC,TCGA-A5-A0GX-01Z-00-DX1.7E713D1A-5858-4648-957D-77189E43CFAA
UCEC,TCGA-AX-A05U-01Z-00-DX1.1EBFC727-B5D5-4543-BBA9-4254ABD3D584,gigapath_flash,GigaPath-Flash,1,Recall@1,1,1,0.8999460935592651,UCEC,TCGA-FI-A2EX-01Z-00-DX1.127F5153-745D-43E6-83CA-DE2738702C62
UCEC,TCGA-AX-A05U-01Z-00-DX1.1EBFC727-B5D5-4543-BBA9-4254ABD3D584,gigapath_flash,GigaPath-Flash,5,Recall@5,1,3,0.8999460935592651,UCEC,TCGA-FI-A2EX-01Z-00-DX1.127F5153-745D-43E6-83CA-DE2738702C62
UCEC,TCGA-AX-A05U-01Z-00-DX1.1EBFC727-B5D5-4543-BBA9-4254ABD3D584,gigapath_flash,GigaPath-Flash,10,Recall@10,1,4,0.8999460935592651,UCEC,TCGA-FI-A2EX-01Z-00-DX1.127F5153-745D-43E6-83CA-DE2738702C62
UCEC,TCGA-AX-A06B-01Z-00-DX2.1757C039-99F7-4087-A9E5-D340AF7220D4,gigapath_flash,GigaPath-Flash,1,Recall@1,1,1,0.895889163017273,UCEC,TCGA-FI-A2EX-01Z-00-DX1.127F5153-745D-43E6-83CA-DE2738702C62
UCEC,TCGA-AX-A06B-01Z-00-DX2.1757C039-99F7-4087-A9E5-D340AF7220D4,gigapath_flash,GigaPath-Flash,5,Recall@5,1,3,0.895889163017273,UCEC,TCGA-FI-A2EX-01Z-00-DX1.127F5153-745D-43E6-83CA-DE2738702C62
UCEC,TCGA-AX-A06B-01Z-00-DX2.1757C039-99F7-4087-A9E5-D340AF7220D4,gigapath_flash,GigaPath-Flash,10,Recall@10,1,4,0.895889163017273,UCEC,TCGA-FI-A2EX-01Z-00-DX1.127F5153-745D-43E6-83CA-DE2738702C62
UCEC,TCGA-AX-A0J0-01Z-00-DX2.56C668BE-03B8-4B87-A226-AABD97D53C38,gigapath_flash,GigaPath-Flash,1,Recall@1,1,1,0.9451920986175537,UCEC,TCGA-FI-A2EX-01Z-00-DX1.127F5153-745D-43E6-83CA-DE2738702C62
UCEC,TCGA-AX-A0J0-01Z-00-DX2.56C668BE-03B8-4B87-A226-AABD97D53C38,gigapath_flash,GigaPath-Flash,5,Recall@5,1,4,0.9451920986175537,UCEC,TCGA-FI-A2EX-01Z-00-DX1.127F5153-745D-43E6-83CA-DE2738702C62
UCEC,TCGA-AX-A0J0-01Z-00-DX2.56C668BE-03B8-4B87-A226-AABD97D53C38,gigapath_flash,GigaPath-Flash,10,Recall@10,1,6,0.9451920986175537,UCEC,TCGA-FI-A2EX-01Z-00-DX1.127F5153-745D-43E6-83CA-DE2738702C62
UCEC,TCGA-B5-A11F-01Z-00-DX1.3F1C053D-E81E-4C8D-965D-6F3DE29D9511,gigapath_flash,GigaPath-Flash,1,Recall@1,1,1,0.859679102897644,UCEC,TCGA-BG-A0W1-01Z-00-DX1.8E06269C-1278-478B-A128-59FA911B1649
UCEC,TCGA-B5-A11F-01Z-00-DX1.3F1C053D-E81E-4C8D-965D-6F3DE29D9511,gigapath_flash,GigaPath-Flash,5,Recall@5,1,5,0.859679102897644,UCEC,TCGA-BG-A0W1-01Z-00-DX1.8E06269C-1278-478B-A128-59FA911B1649
UCEC,TCGA-B5-A11F-01Z-00-DX1.3F1C053D-E81E-4C8D-965D-6F3DE29D9511,gigapath_flash,GigaPath-Flash,10,Recall@10,1,6,0.859679102897644,UCEC,TCGA-BG-A0W1-01Z-00-DX1.8E06269C-1278-478B-A128-59FA911B1649
UCEC,TCGA-BG-A0W1-01Z-00-DX1.8E06269C-1278-478B-A128-59FA911B1649,gigapath_flash,GigaPath-Flash,1,Recall@1,1,1,0.8769737482070923,UCEC,TCGA-A5-A0GX-01Z-00-DX1.7E713D1A-5858-4648-957D-77189E43CFAA
UCEC,TCGA-BG-A0W1-01Z-00-DX1.8E06269C-1278-478B-A128-59FA911B1649,gigapath_flash,GigaPath-Flash,5,Recall@5,1,3,0.8769737482070923,UCEC,TCGA-A5-A0GX-01Z-00-DX1.7E713D1A-5858-4648-957D-77189E43CFAA
UCEC,TCGA-BG-A0W1-01Z-00-DX1.8E06269C-1278-478B-A128-59FA911B1649,gigapath_flash,GigaPath-Flash,10,Recall@10,1,6,0.8769737482070923,UCEC,TCGA-A5-A0GX-01Z-00-DX1.7E713D1A-5858-4648-957D-77189E43CFAA
UCEC,TCGA-EY-A1GQ-01Z-00-DX1.03D52C6F-515E-4A4F-A08E-31D773BCC67F,gigapath_flash,GigaPath-Flash,1,Recall@1,1,1,0.8996793031692505,UCEC,TCGA-AX-A0J0-01Z-00-DX2.56C668BE-03B8-4B87-A226-AABD97D53C38
UCEC,TCGA-EY-A1GQ-01Z-00-DX1.03D52C6F-515E-4A4F-A08E-31D773BCC67F,gigapath_flash,GigaPath-Flash,5,Recall@5,1,2,0.8996793031692505,UCEC,TCGA-AX-A0J0-01Z-00-DX2.56C668BE-03B8-4B87-A226-AABD97D53C38
UCEC,TCGA-EY-A1GQ-01Z-00-DX1.03D52C6F-515E-4A4F-A08E-31D773BCC67F,gigapath_flash,GigaPath-Flash,10,Recall@10,1,4,0.8996793031692505,UCEC,TCGA-AX-A0J0-01Z-00-DX2.56C668BE-03B8-4B87-A226-AABD97D53C38
UCEC,TCGA-FI-A2EX-01Z-00-DX1.127F5153-745D-43E6-83CA-DE2738702C62,gigapath_flash,GigaPath-Flash,1,Recall@1,1,1,0.9451920986175537,UCEC,TCGA-AX-A0J0-01Z-00-DX2.56C668BE-03B8-4B87-A226-AABD97D53C38
UCEC,TCGA-FI-A2EX-01Z-00-DX1.127F5153-745D-43E6-83CA-DE2738702C62,gigapath_flash,GigaPath-Flash,5,Recall@5,1,4,0.9451920986175537,UCEC,TCGA-AX-A0J0-01Z-00-DX2.56C668BE-03B8-4B87-A226-AABD97D53C38
UCEC,TCGA-FI-A2EX-01Z-00-DX1.127F5153-745D-43E6-83CA-DE2738702C62,gigapath_flash,GigaPath-Flash,10,Recall@10,1,6,0.9451920986175537,UCEC,TCGA-AX-A0J0-01Z-00-DX2.56C668BE-03B8-4B87-A226-AABD97D53C38
