cancer,case_id,model,model_display,scale_a,scale_b,scale_pair,n_total_patches,n_sampled_patches,k_neighbors,nps
BLCA,TCGA-CF-A3MF-01Z-00-DX1.91768C26-5BB1-4DE6-9737-AA26BD687A75,phikon,Phikon,40x,10x,40× ↔ 10×,26138,1000,10,0.203000009059906
BLCA,TCGA-CF-A3MF-01Z-00-DX1.91768C26-5BB1-4DE6-9737-AA26BD687A75,phikon,Phikon,10x,2p5x,10× ↔ 2.5×,26138,1000,10,0.1990000158548355
BLCA,TCGA-CF-A3MF-01Z-00-DX1.91768C26-5BB1-4DE6-9737-AA26BD687A75,phikon,Phikon,40x,2p5x,40× ↔ 2.5×,26138,1000,10,0.1080000028014183
BLCA,TCGA-CU-A0YN-01Z-00-DX1.6C5EAAAF-8F14-49D3-8FFC-9BDAE56CAFD0,phikon,Phikon,40x,10x,40× ↔ 10×,2880,1000,10,0.1753000169992447
BLCA,TCGA-CU-A0YN-01Z-00-DX1.6C5EAAAF-8F14-49D3-8FFC-9BDAE56CAFD0,phikon,Phikon,10x,2p5x,10× ↔ 2.5×,2880,1000,10,0.3627000153064728
BLCA,TCGA-CU-A0YN-01Z-00-DX1.6C5EAAAF-8F14-49D3-8FFC-9BDAE56CAFD0,phikon,Phikon,40x,2p5x,40× ↔ 2.5×,2880,1000,10,0.12400000542402267
BLCA,TCGA-DK-A6AW-01Z-00-DX1.C2453A8C-8282-443C-9E76-5B6CAD2FE69B,phikon,Phikon,40x,10x,40× ↔ 10×,15233,1000,10,0.32770001888275146
BLCA,TCGA-DK-A6AW-01Z-00-DX1.C2453A8C-8282-443C-9E76-5B6CAD2FE69B,phikon,Phikon,10x,2p5x,10× ↔ 2.5×,15233,1000,10,0.3663000166416168
BLCA,TCGA-DK-A6AW-01Z-00-DX1.C2453A8C-8282-443C-9E76-5B6CAD2FE69B,phikon,Phikon,40x,2p5x,40× ↔ 2.5×,15233,1000,10,0.2242000252008438
BLCA,TCGA-DK-AA6L-01A-01-TSA.5794F0C6-9ED6-489A-9621-18CCC5935548,phikon,Phikon,40x,10x,40× ↔ 10×,7165,1000,10,0.19740000367164612
BLCA,TCGA-DK-AA6L-01A-01-TSA.5794F0C6-9ED6-489A-9621-18CCC5935548,phikon,Phikon,10x,2p5x,10× ↔ 2.5×,7165,1000,10,0.287600040435791
BLCA,TCGA-DK-AA6L-01A-01-TSA.5794F0C6-9ED6-489A-9621-18CCC5935548,phikon,Phikon,40x,2p5x,40× ↔ 2.5×,7165,1000,10,0.12810000777244568
BLCA,TCGA-DK-AA77-01A-01-TSA.26CAF5CB-CC4F-4522-BD2B-343FB70205FE,phikon,Phikon,40x,10x,40× ↔ 10×,3872,1000,10,0.14190001785755157
BLCA,TCGA-DK-AA77-01A-01-TSA.26CAF5CB-CC4F-4522-BD2B-343FB70205FE,phikon,Phikon,10x,2p5x,10× ↔ 2.5×,3872,1000,10,0.24010001122951508
BLCA,TCGA-DK-AA77-01A-01-TSA.26CAF5CB-CC4F-4522-BD2B-343FB70205FE,phikon,Phikon,40x,2p5x,40× ↔ 2.5×,3872,1000,10,0.09630000591278076
BLCA,TCGA-FD-A6TK-01Z-00-DX1.B685DA87-72A6-4C38-8AA1-40B6E543383C,phikon,Phikon,40x,10x,40× ↔ 10×,19445,1000,10,0.30559998750686646
BLCA,TCGA-FD-A6TK-01Z-00-DX1.B685DA87-72A6-4C38-8AA1-40B6E543383C,phikon,Phikon,10x,2p5x,10× ↔ 2.5×,19445,1000,10,0.31780001521110535
BLCA,TCGA-FD-A6TK-01Z-00-DX1.B685DA87-72A6-4C38-8AA1-40B6E543383C,phikon,Phikon,40x,2p5x,40× ↔ 2.5×,19445,1000,10,0.20530001819133759
BLCA,TCGA-GU-AATP-01Z-00-DX1.0D8EC37C-88E7-49D5-A76D-F0A4A3FD8AE4,phikon,Phikon,40x,10x,40× ↔ 10×,22018,1000,10,0.2654000222682953
BLCA,TCGA-GU-AATP-01Z-00-DX1.0D8EC37C-88E7-49D5-A76D-F0A4A3FD8AE4,phikon,Phikon,10x,2p5x,10× ↔ 2.5×,22018,1000,10,0.2848000228404999
BLCA,TCGA-GU-AATP-01Z-00-DX1.0D8EC37C-88E7-49D5-A76D-F0A4A3FD8AE4,phikon,Phikon,40x,2p5x,40× ↔ 2.5×,22018,1000,10,0.16950000822544098
BLCA,TCGA-XF-A8HB-01Z-00-DX1.D6874152-D20A-4CA4-8E8B-8CBAB5F7D7B5,phikon,Phikon,40x,10x,40× ↔ 10×,14662,1000,10,0.2752000391483307
BLCA,TCGA-XF-A8HB-01Z-00-DX1.D6874152-D20A-4CA4-8E8B-8CBAB5F7D7B5,phikon,Phikon,10x,2p5x,10× ↔ 2.5×,14662,1000,10,0.2630999982357025
BLCA,TCGA-XF-A8HB-01Z-00-DX1.D6874152-D20A-4CA4-8E8B-8CBAB5F7D7B5,phikon,Phikon,40x,2p5x,40× ↔ 2.5×,14662,1000,10,0.16089999675750732
BLCA,TCGA-ZF-A9R1-01Z-00-DX1.74520759-D448-45B5-B8AD-45502C99A519,phikon,Phikon,40x,10x,40× ↔ 10×,16065,1000,10,0.34290000796318054
BLCA,TCGA-ZF-A9R1-01Z-00-DX1.74520759-D448-45B5-B8AD-45502C99A519,phikon,Phikon,10x,2p5x,10× ↔ 2.5×,16065,1000,10,0.320000022649765
BLCA,TCGA-ZF-A9R1-01Z-00-DX1.74520759-D448-45B5-B8AD-45502C99A519,phikon,Phikon,40x,2p5x,40× ↔ 2.5×,16065,1000,10,0.20760001242160797
BLCA,TCGA-ZF-AA51-01Z-00-DX1.128C9731-C206-4E71-9A64-864FA9FD7E96,phikon,Phikon,40x,10x,40× ↔ 10×,22108,1000,10,0.3620000183582306
BLCA,TCGA-ZF-AA51-01Z-00-DX1.128C9731-C206-4E71-9A64-864FA9FD7E96,phikon,Phikon,10x,2p5x,10× ↔ 2.5×,22108,1000,10,0.25220000743865967
BLCA,TCGA-ZF-AA51-01Z-00-DX1.128C9731-C206-4E71-9A64-864FA9FD7E96,phikon,Phikon,40x,2p5x,40× ↔ 2.5×,22108,1000,10,0.19280001521110535
BRCA,TCGA-A7-A2KD-01Z-00-DX1.BFF2DFC8-1D95-4DC2-98FC-5BD7D7C6CDF5,phikon,Phikon,40x,10x,40× ↔ 10×,13242,1000,10,0.29360002279281616
BRCA,TCGA-A7-A2KD-01Z-00-DX1.BFF2DFC8-1D95-4DC2-98FC-5BD7D7C6CDF5,phikon,Phikon,10x,2p5x,10× ↔ 2.5×,13242,1000,10,0.3915000259876251
BRCA,TCGA-A7-A2KD-01Z-00-DX1.BFF2DFC8-1D95-4DC2-98FC-5BD7D7C6CDF5,phikon,Phikon,40x,2p5x,40× ↔ 2.5×,13242,1000,10,0.20260001718997955
BRCA,TCGA-AN-A0G0-01Z-00-DX1.BE0BB5DF-DEDA-48D8-B5D8-2735C767F28F,phikon,Phikon,40x,10x,40× ↔ 10×,4987,1000,10,0.21890000998973846
BRCA,TCGA-AN-A0G0-01Z-00-DX1.BE0BB5DF-DEDA-48D8-B5D8-2735C767F28F,phikon,Phikon,10x,2p5x,10× ↔ 2.5×,4987,1000,10,0.33329999446868896
BRCA,TCGA-AN-A0G0-01Z-00-DX1.BE0BB5DF-DEDA-48D8-B5D8-2735C767F28F,phikon,Phikon,40x,2p5x,40× ↔ 2.5×,4987,1000,10,0.13760001957416534
BRCA,TCGA-AQ-A04L-01Z-00-DX1.F35BF4DD-896A-43C2-8DA6-C67945C003BE,phikon,Phikon,40x,10x,40× ↔ 10×,6966,1000,10,0.224900022149086
BRCA,TCGA-AQ-A04L-01Z-00-DX1.F35BF4DD-896A-43C2-8DA6-C67945C003BE,phikon,Phikon,10x,2p5x,10× ↔ 2.5×,6966,1000,10,0.29030004143714905
BRCA,TCGA-AQ-A04L-01Z-00-DX1.F35BF4DD-896A-43C2-8DA6-C67945C003BE,phikon,Phikon,40x,2p5x,40× ↔ 2.5×,6966,1000,10,0.1397000253200531
BRCA,TCGA-AR-A2LK-01Z-00-DX1.FBD59C38-CD4E-4C22-BC74-A57C192A9BBC,phikon,Phikon,40x,10x,40× ↔ 10×,11925,1000,10,0.3094000518321991
BRCA,TCGA-AR-A2LK-01Z-00-DX1.FBD59C38-CD4E-4C22-BC74-A57C192A9BBC,phikon,Phikon,10x,2p5x,10× ↔ 2.5×,11925,1000,10,0.3330000042915344
BRCA,TCGA-AR-A2LK-01Z-00-DX1.FBD59C38-CD4E-4C22-BC74-A57C192A9BBC,phikon,Phikon,40x,2p5x,40× ↔ 2.5×,11925,1000,10,0.1988000124692917
BRCA,TCGA-AR-A5QM-01Z-00-DX1.A9017CED-FF57-4090-95B9-94DC91854347,phikon,Phikon,40x,10x,40× ↔ 10×,13639,1000,10,0.2175000160932541
BRCA,TCGA-AR-A5QM-01Z-00-DX1.A9017CED-FF57-4090-95B9-94DC91854347,phikon,Phikon,10x,2p5x,10× ↔ 2.5×,13639,1000,10,0.286700040102005
BRCA,TCGA-AR-A5QM-01Z-00-DX1.A9017CED-FF57-4090-95B9-94DC91854347,phikon,Phikon,40x,2p5x,40× ↔ 2.5×,13639,1000,10,0.1371000111103058
BRCA,TCGA-BH-A0C1-01Z-00-DX1.21FE357E-B182-4397-BFEF-7E96E994236A,phikon,Phikon,40x,10x,40× ↔ 10×,14097,1000,10,0.24990002810955048
BRCA,TCGA-BH-A0C1-01Z-00-DX1.21FE357E-B182-4397-BFEF-7E96E994236A,phikon,Phikon,10x,2p5x,10× ↔ 2.5×,14097,1000,10,0.3436000347137451
BRCA,TCGA-BH-A0C1-01Z-00-DX1.21FE357E-B182-4397-BFEF-7E96E994236A,phikon,Phikon,40x,2p5x,40× ↔ 2.5×,14097,1000,10,0.17270001769065857
BRCA,TCGA-D8-A1X8-01Z-00-DX1.DDA3866E-C7CC-4650-BE2B-5C9A98A2D531,phikon,Phikon,40x,10x,40× ↔ 10×,13628,1000,10,0.28369998931884766
BRCA,TCGA-D8-A1X8-01Z-00-DX1.DDA3866E-C7CC-4650-BE2B-5C9A98A2D531,phikon,Phikon,10x,2p5x,10× ↔ 2.5×,13628,1000,10,0.30650001764297485
BRCA,TCGA-D8-A1X8-01Z-00-DX1.DDA3866E-C7CC-4650-BE2B-5C9A98A2D531,phikon,Phikon,40x,2p5x,40× ↔ 2.5×,13628,1000,10,0.17830002307891846
BRCA,TCGA-E2-A14P-01Z-00-DX1.663B02FF-C64B-41A6-8685-FD61CD76F9C6,phikon,Phikon,40x,10x,40× ↔ 10×,17521,1000,10,0.2696000337600708
BRCA,TCGA-E2-A14P-01Z-00-DX1.663B02FF-C64B-41A6-8685-FD61CD76F9C6,phikon,Phikon,10x,2p5x,10× ↔ 2.5×,17521,1000,10,0.27320003509521484
BRCA,TCGA-E2-A14P-01Z-00-DX1.663B02FF-C64B-41A6-8685-FD61CD76F9C6,phikon,Phikon,40x,2p5x,40× ↔ 2.5×,17521,1000,10,0.16110001504421234
BRCA,TCGA-E2-A1LA-01Z-00-DX1.AE49E943-B830-4ED9-B09E-E499441BC2EC,phikon,Phikon,40x,10x,40× ↔ 10×,16576,1000,10,0.34780001640319824
BRCA,TCGA-E2-A1LA-01Z-00-DX1.AE49E943-B830-4ED9-B09E-E499441BC2EC,phikon,Phikon,10x,2p5x,10× ↔ 2.5×,16576,1000,10,0.3637000322341919
BRCA,TCGA-E2-A1LA-01Z-00-DX1.AE49E943-B830-4ED9-B09E-E499441BC2EC,phikon,Phikon,40x,2p5x,40× ↔ 2.5×,16576,1000,10,0.23970001935958862
BRCA,TCGA-GM-A3XN-01Z-00-DX1.49F5C8AC-0328-4BC2-9FE2-E7150B7A42E2,phikon,Phikon,40x,10x,40× ↔ 10×,18199,1000,10,0.24570000171661377
BRCA,TCGA-GM-A3XN-01Z-00-DX1.49F5C8AC-0328-4BC2-9FE2-E7150B7A42E2,phikon,Phikon,10x,2p5x,10× ↔ 2.5×,18199,1000,10,0.29520002007484436
BRCA,TCGA-GM-A3XN-01Z-00-DX1.49F5C8AC-0328-4BC2-9FE2-E7150B7A42E2,phikon,Phikon,40x,2p5x,40× ↔ 2.5×,18199,1000,10,0.1583000123500824
COAD,TCGA-AY-A8YK-01Z-00-DX1.89E3C546-0425-449B-A6FB-1C35168EA7EB,phikon,Phikon,40x,10x,40× ↔ 10×,8285,1000,10,0.24180002510547638
COAD,TCGA-AY-A8YK-01Z-00-DX1.89E3C546-0425-449B-A6FB-1C35168EA7EB,phikon,Phikon,10x,2p5x,10× ↔ 2.5×,8285,1000,10,0.33959999680519104
COAD,TCGA-AY-A8YK-01Z-00-DX1.89E3C546-0425-449B-A6FB-1C35168EA7EB,phikon,Phikon,40x,2p5x,40× ↔ 2.5×,8285,1000,10,0.15730001032352448
COAD,TCGA-CK-4947-01Z-00-DX1.b257d5fd-b97b-4987-b088-77f044ca7fe2,phikon,Phikon,40x,10x,40× ↔ 10×,23336,1000,10,0.28759998083114624
COAD,TCGA-CK-4947-01Z-00-DX1.b257d5fd-b97b-4987-b088-77f044ca7fe2,phikon,Phikon,10x,2p5x,10× ↔ 2.5×,23336,1000,10,0.32280001044273376
COAD,TCGA-CK-4947-01Z-00-DX1.b257d5fd-b97b-4987-b088-77f044ca7fe2,phikon,Phikon,40x,2p5x,40× ↔ 2.5×,23336,1000,10,0.1827000230550766
COAD,TCGA-CM-6168-01Z-00-DX1.96af6eb2-9d51-4671-baf8-1a73d0c66869,phikon,Phikon,40x,10x,40× ↔ 10×,24102,1000,10,0.35370004177093506
COAD,TCGA-CM-6168-01Z-00-DX1.96af6eb2-9d51-4671-baf8-1a73d0c66869,phikon,Phikon,10x,2p5x,10× ↔ 2.5×,24102,1000,10,0.3530000150203705
COAD,TCGA-CM-6168-01Z-00-DX1.96af6eb2-9d51-4671-baf8-1a73d0c66869,phikon,Phikon,40x,2p5x,40× ↔ 2.5×,24102,1000,10,0.2273000180721283
COAD,TCGA-CM-6169-01Z-00-DX1.0381c243-02b8-4f1d-840c-19ef44d4b92c,phikon,Phikon,40x,10x,40× ↔ 10×,18522,1000,10,0.2793000340461731
COAD,TCGA-CM-6169-01Z-00-DX1.0381c243-02b8-4f1d-840c-19ef44d4b92c,phikon,Phikon,10x,2p5x,10× ↔ 2.5×,18522,1000,10,0.2962000370025635
COAD,TCGA-CM-6169-01Z-00-DX1.0381c243-02b8-4f1d-840c-19ef44d4b92c,phikon,Phikon,40x,2p5x,40× ↔ 2.5×,18522,1000,10,0.16429999470710754
COAD,TCGA-G4-6309-01Z-00-DX1.3eb20fdc-eb86-4bd5-8194-76b02d4fa472,phikon,Phikon,40x,10x,40× ↔ 10×,17070,1000,10,0.32440000772476196
COAD,TCGA-G4-6309-01Z-00-DX1.3eb20fdc-eb86-4bd5-8194-76b02d4fa472,phikon,Phikon,10x,2p5x,10× ↔ 2.5×,17070,1000,10,0.32750001549720764
COAD,TCGA-G4-6309-01Z-00-DX1.3eb20fdc-eb86-4bd5-8194-76b02d4fa472,phikon,Phikon,40x,2p5x,40× ↔ 2.5×,17070,1000,10,0.2144000083208084
COAD,TCGA-G4-6310-01Z-00-DX1.b88472d4-3adc-4e4d-b0f2-0dc195a3d7df,phikon,Phikon,40x,10x,40× ↔ 10×,16917,1000,10,0.3147999942302704
COAD,TCGA-G4-6310-01Z-00-DX1.b88472d4-3adc-4e4d-b0f2-0dc195a3d7df,phikon,Phikon,10x,2p5x,10× ↔ 2.5×,16917,1000,10,0.3701000213623047
COAD,TCGA-G4-6310-01Z-00-DX1.b88472d4-3adc-4e4d-b0f2-0dc195a3d7df,phikon,Phikon,40x,2p5x,40× ↔ 2.5×,16917,1000,10,0.23000000417232513
COAD,TCGA-G4-6588-01Z-00-DX1.0747172e-f630-4b7c-9341-55078585ae00,phikon,Phikon,40x,10x,40× ↔ 10×,20553,1000,10,0.3156000077724457
COAD,TCGA-G4-6588-01Z-00-DX1.0747172e-f630-4b7c-9341-55078585ae00,phikon,Phikon,10x,2p5x,10× ↔ 2.5×,20553,1000,10,0.34530001878738403
COAD,TCGA-G4-6588-01Z-00-DX1.0747172e-f630-4b7c-9341-55078585ae00,phikon,Phikon,40x,2p5x,40× ↔ 2.5×,20553,1000,10,0.20910002291202545
HNSC,TCGA-BA-6871-01Z-00-DX1.4d9ca329-f8d5-4c31-a20f-9d4fba728326,phikon,Phikon,40x,10x,40× ↔ 10×,14718,1000,10,0.22380003333091736
HNSC,TCGA-BA-6871-01Z-00-DX1.4d9ca329-f8d5-4c31-a20f-9d4fba728326,phikon,Phikon,10x,2p5x,10× ↔ 2.5×,14718,1000,10,0.24140001833438873
HNSC,TCGA-BA-6871-01Z-00-DX1.4d9ca329-f8d5-4c31-a20f-9d4fba728326,phikon,Phikon,40x,2p5x,40× ↔ 2.5×,14718,1000,10,0.14360001683235168
HNSC,TCGA-BA-6872-01Z-00-DX1.F99F6394-D319-4599-B124-D2A6692FA096,phikon,Phikon,40x,10x,40× ↔ 10×,7720,1000,10,0.2037000209093094
HNSC,TCGA-BA-6872-01Z-00-DX1.F99F6394-D319-4599-B124-D2A6692FA096,phikon,Phikon,10x,2p5x,10× ↔ 2.5×,7720,1000,10,0.29590001702308655
HNSC,TCGA-BA-6872-01Z-00-DX1.F99F6394-D319-4599-B124-D2A6692FA096,phikon,Phikon,40x,2p5x,40× ↔ 2.5×,7720,1000,10,0.13860000669956207
HNSC,TCGA-CN-A6V7-01A-01-TS1.F54912D3-1E21-4605-ACFC-142973524AE2,phikon,Phikon,40x,10x,40× ↔ 10×,2536,1000,10,0.14630001783370972
HNSC,TCGA-CN-A6V7-01A-01-TS1.F54912D3-1E21-4605-ACFC-142973524AE2,phikon,Phikon,10x,2p5x,10× ↔ 2.5×,2536,1000,10,0.34540003538131714
HNSC,TCGA-CN-A6V7-01A-01-TS1.F54912D3-1E21-4605-ACFC-142973524AE2,phikon,Phikon,40x,2p5x,40× ↔ 2.5×,2536,1000,10,0.11170001327991486
HNSC,TCGA-CV-6935-01Z-00-DX1.9C449CB2-FB6D-41D1-A4A6-3069DC84A697,phikon,Phikon,40x,10x,40× ↔ 10×,12224,1000,10,0.20280000567436218
HNSC,TCGA-CV-6935-01Z-00-DX1.9C449CB2-FB6D-41D1-A4A6-3069DC84A697,phikon,Phikon,10x,2p5x,10× ↔ 2.5×,12224,1000,10,0.2572999894618988
HNSC,TCGA-CV-6935-01Z-00-DX1.9C449CB2-FB6D-41D1-A4A6-3069DC84A697,phikon,Phikon,40x,2p5x,40× ↔ 2.5×,12224,1000,10,0.1234000101685524
HNSC,TCGA-CV-A45O-01Z-00-DX1.8CBD0CCC-C815-475D-87F9-76272F4F715B,phikon,Phikon,40x,10x,40× ↔ 10×,14844,1000,10,0.26410001516342163
HNSC,TCGA-CV-A45O-01Z-00-DX1.8CBD0CCC-C815-475D-87F9-76272F4F715B,phikon,Phikon,10x,2p5x,10× ↔ 2.5×,14844,1000,10,0.28600001335144043
HNSC,TCGA-CV-A45O-01Z-00-DX1.8CBD0CCC-C815-475D-87F9-76272F4F715B,phikon,Phikon,40x,2p5x,40× ↔ 2.5×,14844,1000,10,0.16580000519752502
HNSC,TCGA-CV-A6JE-01Z-00-DX1.20137D17-19B3-49FF-9C3D-60933157E409,phikon,Phikon,40x,10x,40× ↔ 10×,26402,1000,10,0.2508000433444977
HNSC,TCGA-CV-A6JE-01Z-00-DX1.20137D17-19B3-49FF-9C3D-60933157E409,phikon,Phikon,10x,2p5x,10× ↔ 2.5×,26402,1000,10,0.31870001554489136
HNSC,TCGA-CV-A6JE-01Z-00-DX1.20137D17-19B3-49FF-9C3D-60933157E409,phikon,Phikon,40x,2p5x,40× ↔ 2.5×,26402,1000,10,0.16870002448558807
HNSC,TCGA-CV-A6JU-01Z-00-DX1.35A3A1F0-9D6C-4794-B501-E56E48C51DF9,phikon,Phikon,40x,10x,40× ↔ 10×,21938,1000,10,0.2872999906539917
HNSC,TCGA-CV-A6JU-01Z-00-DX1.35A3A1F0-9D6C-4794-B501-E56E48C51DF9,phikon,Phikon,10x,2p5x,10× ↔ 2.5×,21938,1000,10,0.2971000075340271
HNSC,TCGA-CV-A6JU-01Z-00-DX1.35A3A1F0-9D6C-4794-B501-E56E48C51DF9,phikon,Phikon,40x,2p5x,40× ↔ 2.5×,21938,1000,10,0.17000000178813934
HNSC,TCGA-UF-A719-01Z-00-DX1.4C4ECC2C-C390-4C5E-A709-CF08C113F1A1,phikon,Phikon,40x,10x,40× ↔ 10×,21546,1000,10,0.33000001311302185
HNSC,TCGA-UF-A719-01Z-00-DX1.4C4ECC2C-C390-4C5E-A709-CF08C113F1A1,phikon,Phikon,10x,2p5x,10× ↔ 2.5×,21546,1000,10,0.3043000400066376
HNSC,TCGA-UF-A719-01Z-00-DX1.4C4ECC2C-C390-4C5E-A709-CF08C113F1A1,phikon,Phikon,40x,2p5x,40× ↔ 2.5×,21546,1000,10,0.2013999968767166
KIRC,TCGA-A3-3346-01Z-00-DX1.95280216-fd71-4a03-b452-6e3d667f2542,phikon,Phikon,40x,10x,40× ↔ 10×,2240,1000,10,0.23340001702308655
KIRC,TCGA-A3-3346-01Z-00-DX1.95280216-fd71-4a03-b452-6e3d667f2542,phikon,Phikon,10x,2p5x,10× ↔ 2.5×,2240,1000,10,0.3903000056743622
KIRC,TCGA-A3-3346-01Z-00-DX1.95280216-fd71-4a03-b452-6e3d667f2542,phikon,Phikon,40x,2p5x,40× ↔ 2.5×,2240,1000,10,0.1819000244140625
KIRC,TCGA-A3-A8CQ-01Z-00-DX1.78DA0827-5FB8-4B9F-A845-22F85830B5FB,phikon,Phikon,40x,10x,40× ↔ 10×,1395,1000,10,0.19180001318454742
KIRC,TCGA-A3-A8CQ-01Z-00-DX1.78DA0827-5FB8-4B9F-A845-22F85830B5FB,phikon,Phikon,10x,2p5x,10× ↔ 2.5×,1395,1000,10,0.4385000169277191
KIRC,TCGA-A3-A8CQ-01Z-00-DX1.78DA0827-5FB8-4B9F-A845-22F85830B5FB,phikon,Phikon,40x,2p5x,40× ↔ 2.5×,1395,1000,10,0.1470000296831131
KIRC,TCGA-AK-3444-01Z-00-DX1.1F0E0B47-29FF-456F-800A-539983FDCFAA,phikon,Phikon,40x,10x,40× ↔ 10×,5029,1000,10,0.24290001392364502
KIRC,TCGA-AK-3444-01Z-00-DX1.1F0E0B47-29FF-456F-800A-539983FDCFAA,phikon,Phikon,10x,2p5x,10× ↔ 2.5×,5029,1000,10,0.30800002813339233
KIRC,TCGA-AK-3444-01Z-00-DX1.1F0E0B47-29FF-456F-800A-539983FDCFAA,phikon,Phikon,40x,2p5x,40× ↔ 2.5×,5029,1000,10,0.1859000027179718
KIRC,TCGA-B0-5094-01Z-00-DX1.eac31fe2-09da-4ecf-8e25-c073cbb03295,phikon,Phikon,40x,10x,40× ↔ 10×,23201,1000,10,0.2916000187397003
KIRC,TCGA-B0-5094-01Z-00-DX1.eac31fe2-09da-4ecf-8e25-c073cbb03295,phikon,Phikon,10x,2p5x,10× ↔ 2.5×,23201,1000,10,0.29600000381469727
KIRC,TCGA-B0-5094-01Z-00-DX1.eac31fe2-09da-4ecf-8e25-c073cbb03295,phikon,Phikon,40x,2p5x,40× ↔ 2.5×,23201,1000,10,0.19670002162456512
KIRC,TCGA-B0-5106-01Z-00-DX1.564e51a3-be50-4eed-ba9c-4d478b96ffc6,phikon,Phikon,40x,10x,40× ↔ 10×,26156,1000,10,0.24880000948905945
KIRC,TCGA-B0-5106-01Z-00-DX1.564e51a3-be50-4eed-ba9c-4d478b96ffc6,phikon,Phikon,10x,2p5x,10× ↔ 2.5×,26156,1000,10,0.3290000259876251
KIRC,TCGA-B0-5106-01Z-00-DX1.564e51a3-be50-4eed-ba9c-4d478b96ffc6,phikon,Phikon,40x,2p5x,40× ↔ 2.5×,26156,1000,10,0.1746000200510025
KIRC,TCGA-B0-5711-01Z-00-DX1.6839921f-ec08-4e94-8bf9-4b5a4fcdda45,phikon,Phikon,40x,10x,40× ↔ 10×,23048,1000,10,0.2888000011444092
KIRC,TCGA-B0-5711-01Z-00-DX1.6839921f-ec08-4e94-8bf9-4b5a4fcdda45,phikon,Phikon,10x,2p5x,10× ↔ 2.5×,23048,1000,10,0.36550000309944153
KIRC,TCGA-B0-5711-01Z-00-DX1.6839921f-ec08-4e94-8bf9-4b5a4fcdda45,phikon,Phikon,40x,2p5x,40× ↔ 2.5×,23048,1000,10,0.21570001542568207
KIRC,TCGA-B2-5633-01Z-00-DX1.c55a29ca-468e-46de-9ff5-a51f46fe09fd,phikon,Phikon,40x,10x,40× ↔ 10×,3974,1000,10,0.2624000310897827
KIRC,TCGA-B2-5633-01Z-00-DX1.c55a29ca-468e-46de-9ff5-a51f46fe09fd,phikon,Phikon,10x,2p5x,10× ↔ 2.5×,3974,1000,10,0.37870001792907715
KIRC,TCGA-B2-5633-01Z-00-DX1.c55a29ca-468e-46de-9ff5-a51f46fe09fd,phikon,Phikon,40x,2p5x,40× ↔ 2.5×,3974,1000,10,0.18440000712871552
KIRC,TCGA-BP-4991-01Z-00-DX1.71305f5c-ca59-48fa-bb82-4b441c1fffdc,phikon,Phikon,40x,10x,40× ↔ 10×,31068,1000,10,0.27570003271102905
KIRC,TCGA-BP-4991-01Z-00-DX1.71305f5c-ca59-48fa-bb82-4b441c1fffdc,phikon,Phikon,10x,2p5x,10× ↔ 2.5×,31068,1000,10,0.3475000262260437
KIRC,TCGA-BP-4991-01Z-00-DX1.71305f5c-ca59-48fa-bb82-4b441c1fffdc,phikon,Phikon,40x,2p5x,40× ↔ 2.5×,31068,1000,10,0.1980000138282776
KIRC,TCGA-BP-5201-01Z-00-DX1.d1a9878e-bb97-48fb-9098-9d9337f06250,phikon,Phikon,40x,10x,40× ↔ 10×,12763,1000,10,0.21450001001358032
KIRC,TCGA-BP-5201-01Z-00-DX1.d1a9878e-bb97-48fb-9098-9d9337f06250,phikon,Phikon,10x,2p5x,10× ↔ 2.5×,12763,1000,10,0.24480001628398895
KIRC,TCGA-BP-5201-01Z-00-DX1.d1a9878e-bb97-48fb-9098-9d9337f06250,phikon,Phikon,40x,2p5x,40× ↔ 2.5×,12763,1000,10,0.12730000913143158
LUAD,TCGA-55-6986-01Z-00-DX1.ae52d41e-3cd6-4d36-b04b-2ea7d29bd8da,phikon,Phikon,40x,10x,40× ↔ 10×,5951,1000,10,0.22040000557899475
LUAD,TCGA-55-6986-01Z-00-DX1.ae52d41e-3cd6-4d36-b04b-2ea7d29bd8da,phikon,Phikon,10x,2p5x,10× ↔ 2.5×,5951,1000,10,0.32750001549720764
LUAD,TCGA-55-6986-01Z-00-DX1.ae52d41e-3cd6-4d36-b04b-2ea7d29bd8da,phikon,Phikon,40x,2p5x,40× ↔ 2.5×,5951,1000,10,0.15150000154972076
LUAD,TCGA-64-5779-01Z-00-DX1.B3268447-DCE0-4927-B5A9-EC4D61E9B17D,phikon,Phikon,40x,10x,40× ↔ 10×,15338,1000,10,0.2168000042438507
LUAD,TCGA-64-5779-01Z-00-DX1.B3268447-DCE0-4927-B5A9-EC4D61E9B17D,phikon,Phikon,10x,2p5x,10× ↔ 2.5×,15338,1000,10,0.19540001451969147
LUAD,TCGA-64-5779-01Z-00-DX1.B3268447-DCE0-4927-B5A9-EC4D61E9B17D,phikon,Phikon,40x,2p5x,40× ↔ 2.5×,15338,1000,10,0.11680001020431519
LUAD,TCGA-78-7158-01Z-00-DX1.74db3dcd-2715-4ce7-8e48-30c8b7946ba0,phikon,Phikon,40x,10x,40× ↔ 10×,23198,1000,10,0.18010000884532928
LUAD,TCGA-78-7158-01Z-00-DX1.74db3dcd-2715-4ce7-8e48-30c8b7946ba0,phikon,Phikon,10x,2p5x,10× ↔ 2.5×,23198,1000,10,0.2580999732017517
LUAD,TCGA-78-7158-01Z-00-DX1.74db3dcd-2715-4ce7-8e48-30c8b7946ba0,phikon,Phikon,40x,2p5x,40× ↔ 2.5×,23198,1000,10,0.12570001184940338
LUAD,TCGA-78-7163-01Z-00-DX1.42880bdf-271d-41dd-aada-e7ec1156ff31,phikon,Phikon,40x,10x,40× ↔ 10×,21422,1000,10,0.16450001299381256
LUAD,TCGA-78-7163-01Z-00-DX1.42880bdf-271d-41dd-aada-e7ec1156ff31,phikon,Phikon,10x,2p5x,10× ↔ 2.5×,21422,1000,10,0.23520001769065857
LUAD,TCGA-78-7163-01Z-00-DX1.42880bdf-271d-41dd-aada-e7ec1156ff31,phikon,Phikon,40x,2p5x,40× ↔ 2.5×,21422,1000,10,0.11310001462697983
LUAD,TCGA-78-7536-01Z-00-DX1.6b066140-8b82-40a5-bd48-430eeb4463fe,phikon,Phikon,40x,10x,40× ↔ 10×,32971,1000,10,0.140500009059906
LUAD,TCGA-78-7536-01Z-00-DX1.6b066140-8b82-40a5-bd48-430eeb4463fe,phikon,Phikon,10x,2p5x,10× ↔ 2.5×,32971,1000,10,0.19789999723434448
LUAD,TCGA-78-7536-01Z-00-DX1.6b066140-8b82-40a5-bd48-430eeb4463fe,phikon,Phikon,40x,2p5x,40× ↔ 2.5×,32971,1000,10,0.09150000661611557
LUAD,TCGA-86-8668-01Z-00-DX1.d720d486-02c7-4f98-8feb-e0e50a12c158,phikon,Phikon,40x,10x,40× ↔ 10×,14624,1000,10,0.20570001006126404
LUAD,TCGA-86-8668-01Z-00-DX1.d720d486-02c7-4f98-8feb-e0e50a12c158,phikon,Phikon,10x,2p5x,10× ↔ 2.5×,14624,1000,10,0.27070003747940063
LUAD,TCGA-86-8668-01Z-00-DX1.d720d486-02c7-4f98-8feb-e0e50a12c158,phikon,Phikon,40x,2p5x,40× ↔ 2.5×,14624,1000,10,0.14730000495910645
LUAD,TCGA-97-A4LX-01Z-00-DX1.B2334672-A626-4E74-B4D1-A79F70F65909,phikon,Phikon,40x,10x,40× ↔ 10×,19346,1000,10,0.15770000219345093
LUAD,TCGA-97-A4LX-01Z-00-DX1.B2334672-A626-4E74-B4D1-A79F70F65909,phikon,Phikon,10x,2p5x,10× ↔ 2.5×,19346,1000,10,0.19300000369548798
LUAD,TCGA-97-A4LX-01Z-00-DX1.B2334672-A626-4E74-B4D1-A79F70F65909,phikon,Phikon,40x,2p5x,40× ↔ 2.5×,19346,1000,10,0.08470000326633453
LUAD,TCGA-97-A4M2-01Z-00-DX1.5C72522C-1538-4D68-B517-5FB05A9D401A,phikon,Phikon,40x,10x,40× ↔ 10×,8962,1000,10,0.22690002620220184
LUAD,TCGA-97-A4M2-01Z-00-DX1.5C72522C-1538-4D68-B517-5FB05A9D401A,phikon,Phikon,10x,2p5x,10× ↔ 2.5×,8962,1000,10,0.2818000018596649
LUAD,TCGA-97-A4M2-01Z-00-DX1.5C72522C-1538-4D68-B517-5FB05A9D401A,phikon,Phikon,40x,2p5x,40× ↔ 2.5×,8962,1000,10,0.14069999754428864
LUAD,TCGA-J2-A4AE-01Z-00-DX1.42C5DE4A-7787-4E59-8969-D12503262C96,phikon,Phikon,40x,10x,40× ↔ 10×,14491,1000,10,0.24210001528263092
LUAD,TCGA-J2-A4AE-01Z-00-DX1.42C5DE4A-7787-4E59-8969-D12503262C96,phikon,Phikon,10x,2p5x,10× ↔ 2.5×,14491,1000,10,0.300400048494339
LUAD,TCGA-J2-A4AE-01Z-00-DX1.42C5DE4A-7787-4E59-8969-D12503262C96,phikon,Phikon,40x,2p5x,40× ↔ 2.5×,14491,1000,10,0.17070001363754272
STAD,TCGA-BR-6452-01Z-00-DX1.aec8246e-9dce-436d-9faa-df8fa1f6e47c,phikon,Phikon,40x,10x,40× ↔ 10×,15303,1000,10,0.30230003595352173
STAD,TCGA-BR-6452-01Z-00-DX1.aec8246e-9dce-436d-9faa-df8fa1f6e47c,phikon,Phikon,10x,2p5x,10× ↔ 2.5×,15303,1000,10,0.34720003604888916
STAD,TCGA-BR-6452-01Z-00-DX1.aec8246e-9dce-436d-9faa-df8fa1f6e47c,phikon,Phikon,40x,2p5x,40× ↔ 2.5×,15303,1000,10,0.20750001072883606
STAD,TCGA-BR-6454-01Z-00-DX1.63fb6280-2b43-49b2-960a-eb9c0e8b617c,phikon,Phikon,40x,10x,40× ↔ 10×,15740,1000,10,0.18450000882148743
STAD,TCGA-BR-6454-01Z-00-DX1.63fb6280-2b43-49b2-960a-eb9c0e8b617c,phikon,Phikon,10x,2p5x,10× ↔ 2.5×,15740,1000,10,0.2613000273704529
STAD,TCGA-BR-6454-01Z-00-DX1.63fb6280-2b43-49b2-960a-eb9c0e8b617c,phikon,Phikon,40x,2p5x,40× ↔ 2.5×,15740,1000,10,0.13280002772808075
STAD,TCGA-BR-A4CQ-01Z-00-DX1.B63282A5-154D-441B-BF96-5BB26CB6D95E,phikon,Phikon,40x,10x,40× ↔ 10×,13809,1000,10,0.28139999508857727
STAD,TCGA-BR-A4CQ-01Z-00-DX1.B63282A5-154D-441B-BF96-5BB26CB6D95E,phikon,Phikon,10x,2p5x,10× ↔ 2.5×,13809,1000,10,0.38020002841949463
STAD,TCGA-BR-A4CQ-01Z-00-DX1.B63282A5-154D-441B-BF96-5BB26CB6D95E,phikon,Phikon,40x,2p5x,40× ↔ 2.5×,13809,1000,10,0.1981000155210495
STAD,TCGA-CD-A487-01Z-00-DX1.A026BD2F-B721-4340-83D5-7AA39227C90F,phikon,Phikon,40x,10x,40× ↔ 10×,20251,1000,10,0.40980005264282227
STAD,TCGA-CD-A487-01Z-00-DX1.A026BD2F-B721-4340-83D5-7AA39227C90F,phikon,Phikon,10x,2p5x,10× ↔ 2.5×,20251,1000,10,0.4296000301837921
STAD,TCGA-CD-A487-01Z-00-DX1.A026BD2F-B721-4340-83D5-7AA39227C90F,phikon,Phikon,40x,2p5x,40× ↔ 2.5×,20251,1000,10,0.29740002751350403
STAD,TCGA-FP-8209-01Z-00-DX1.a5e13081-1631-44d4-8d6a-c229a22c2311,phikon,Phikon,40x,10x,40× ↔ 10×,3901,1000,10,0.32850000262260437
STAD,TCGA-FP-8209-01Z-00-DX1.a5e13081-1631-44d4-8d6a-c229a22c2311,phikon,Phikon,10x,2p5x,10× ↔ 2.5×,3901,1000,10,0.3871000111103058
STAD,TCGA-FP-8209-01Z-00-DX1.a5e13081-1631-44d4-8d6a-c229a22c2311,phikon,Phikon,40x,2p5x,40× ↔ 2.5×,3901,1000,10,0.2379000186920166
STAD,TCGA-SW-A7EA-01Z-00-DX1.C5E1BE0E-0A25-4480-A3AC-DB2ED7471A4E,phikon,Phikon,40x,10x,40× ↔ 10×,6449,1000,10,0.24720002710819244
STAD,TCGA-SW-A7EA-01Z-00-DX1.C5E1BE0E-0A25-4480-A3AC-DB2ED7471A4E,phikon,Phikon,10x,2p5x,10× ↔ 2.5×,6449,1000,10,0.3419000208377838
STAD,TCGA-SW-A7EA-01Z-00-DX1.C5E1BE0E-0A25-4480-A3AC-DB2ED7471A4E,phikon,Phikon,40x,2p5x,40× ↔ 2.5×,6449,1000,10,0.17170001566410065
STAD,TCGA-VQ-A8PY-01Z-00-DX1.EA2C7386-012A-442A-95B3-FFA12BD2684D,phikon,Phikon,40x,10x,40× ↔ 10×,22399,1000,10,0.3702000379562378
STAD,TCGA-VQ-A8PY-01Z-00-DX1.EA2C7386-012A-442A-95B3-FFA12BD2684D,phikon,Phikon,10x,2p5x,10× ↔ 2.5×,22399,1000,10,0.3874000310897827
STAD,TCGA-VQ-A8PY-01Z-00-DX1.EA2C7386-012A-442A-95B3-FFA12BD2684D,phikon,Phikon,40x,2p5x,40× ↔ 2.5×,22399,1000,10,0.2573000192642212
STAD,TCGA-VQ-A924-01Z-00-DX1.736B41F3-9678-4FAF-AE86-FCAC4F6DCBD3,phikon,Phikon,40x,10x,40× ↔ 10×,12960,1000,10,0.24740001559257507
STAD,TCGA-VQ-A924-01Z-00-DX1.736B41F3-9678-4FAF-AE86-FCAC4F6DCBD3,phikon,Phikon,10x,2p5x,10× ↔ 2.5×,12960,1000,10,0.3677000403404236
STAD,TCGA-VQ-A924-01Z-00-DX1.736B41F3-9678-4FAF-AE86-FCAC4F6DCBD3,phikon,Phikon,40x,2p5x,40× ↔ 2.5×,12960,1000,10,0.1787000149488449
STAD,TCGA-ZQ-A9CR-01Z-00-DX1.C9AC9991-7054-4068-A7AA-9D1EB7F040A3,phikon,Phikon,40x,10x,40× ↔ 10×,31585,1000,10,0.3119000196456909
STAD,TCGA-ZQ-A9CR-01Z-00-DX1.C9AC9991-7054-4068-A7AA-9D1EB7F040A3,phikon,Phikon,10x,2p5x,10× ↔ 2.5×,31585,1000,10,0.30570003390312195
STAD,TCGA-ZQ-A9CR-01Z-00-DX1.C9AC9991-7054-4068-A7AA-9D1EB7F040A3,phikon,Phikon,40x,2p5x,40× ↔ 2.5×,31585,1000,10,0.21660001575946808
UCEC,TCGA-A5-A0GX-01Z-00-DX1.7E713D1A-5858-4648-957D-77189E43CFAA,phikon,Phikon,40x,10x,40× ↔ 10×,26039,1000,10,0.250900000333786
UCEC,TCGA-A5-A0GX-01Z-00-DX1.7E713D1A-5858-4648-957D-77189E43CFAA,phikon,Phikon,10x,2p5x,10× ↔ 2.5×,26039,1000,10,0.26840001344680786
UCEC,TCGA-A5-A0GX-01Z-00-DX1.7E713D1A-5858-4648-957D-77189E43CFAA,phikon,Phikon,40x,2p5x,40× ↔ 2.5×,26039,1000,10,0.1656000167131424
UCEC,TCGA-A5-A0R7-01Z-00-DX1.D21E6974-22A3-4A68-8B4E-14E84A7A50A5,phikon,Phikon,40x,10x,40× ↔ 10×,45564,1000,10,0.28050002455711365
UCEC,TCGA-A5-A0R7-01Z-00-DX1.D21E6974-22A3-4A68-8B4E-14E84A7A50A5,phikon,Phikon,10x,2p5x,10× ↔ 2.5×,45564,1000,10,0.28870001435279846
UCEC,TCGA-A5-A0R7-01Z-00-DX1.D21E6974-22A3-4A68-8B4E-14E84A7A50A5,phikon,Phikon,40x,2p5x,40× ↔ 2.5×,45564,1000,10,0.16990000009536743
UCEC,TCGA-AX-A05U-01Z-00-DX1.1EBFC727-B5D5-4543-BBA9-4254ABD3D584,phikon,Phikon,40x,10x,40× ↔ 10×,42082,1000,10,0.30320003628730774
UCEC,TCGA-AX-A05U-01Z-00-DX1.1EBFC727-B5D5-4543-BBA9-4254ABD3D584,phikon,Phikon,10x,2p5x,10× ↔ 2.5×,42082,1000,10,0.33480000495910645
UCEC,TCGA-AX-A05U-01Z-00-DX1.1EBFC727-B5D5-4543-BBA9-4254ABD3D584,phikon,Phikon,40x,2p5x,40× ↔ 2.5×,42082,1000,10,0.19290000200271606
UCEC,TCGA-AX-A06B-01Z-00-DX2.1757C039-99F7-4087-A9E5-D340AF7220D4,phikon,Phikon,40x,10x,40× ↔ 10×,10560,1000,10,0.29190000891685486
UCEC,TCGA-AX-A06B-01Z-00-DX2.1757C039-99F7-4087-A9E5-D340AF7220D4,phikon,Phikon,10x,2p5x,10× ↔ 2.5×,10560,1000,10,0.32940003275871277
UCEC,TCGA-AX-A06B-01Z-00-DX2.1757C039-99F7-4087-A9E5-D340AF7220D4,phikon,Phikon,40x,2p5x,40× ↔ 2.5×,10560,1000,10,0.21650001406669617
UCEC,TCGA-AX-A0J0-01Z-00-DX2.56C668BE-03B8-4B87-A226-AABD97D53C38,phikon,Phikon,40x,10x,40× ↔ 10×,34978,1000,10,0.3077000379562378
UCEC,TCGA-AX-A0J0-01Z-00-DX2.56C668BE-03B8-4B87-A226-AABD97D53C38,phikon,Phikon,10x,2p5x,10× ↔ 2.5×,34978,1000,10,0.3068000376224518
UCEC,TCGA-AX-A0J0-01Z-00-DX2.56C668BE-03B8-4B87-A226-AABD97D53C38,phikon,Phikon,40x,2p5x,40× ↔ 2.5×,34978,1000,10,0.20760001242160797
UCEC,TCGA-B5-A11F-01Z-00-DX1.3F1C053D-E81E-4C8D-965D-6F3DE29D9511,phikon,Phikon,40x,10x,40× ↔ 10×,22717,1000,10,0.26090002059936523
UCEC,TCGA-B5-A11F-01Z-00-DX1.3F1C053D-E81E-4C8D-965D-6F3DE29D9511,phikon,Phikon,10x,2p5x,10× ↔ 2.5×,22717,1000,10,0.3035000264644623
UCEC,TCGA-B5-A11F-01Z-00-DX1.3F1C053D-E81E-4C8D-965D-6F3DE29D9511,phikon,Phikon,40x,2p5x,40× ↔ 2.5×,22717,1000,10,0.16860000789165497
UCEC,TCGA-BG-A0W1-01Z-00-DX1.8E06269C-1278-478B-A128-59FA911B1649,phikon,Phikon,40x,10x,40× ↔ 10×,26648,1000,10,0.3054000437259674
UCEC,TCGA-BG-A0W1-01Z-00-DX1.8E06269C-1278-478B-A128-59FA911B1649,phikon,Phikon,10x,2p5x,10× ↔ 2.5×,26648,1000,10,0.3167000412940979
UCEC,TCGA-BG-A0W1-01Z-00-DX1.8E06269C-1278-478B-A128-59FA911B1649,phikon,Phikon,40x,2p5x,40× ↔ 2.5×,26648,1000,10,0.2070000171661377
UCEC,TCGA-EY-A1GQ-01Z-00-DX1.03D52C6F-515E-4A4F-A08E-31D773BCC67F,phikon,Phikon,40x,10x,40× ↔ 10×,20550,1000,10,0.15389999747276306
UCEC,TCGA-EY-A1GQ-01Z-00-DX1.03D52C6F-515E-4A4F-A08E-31D773BCC67F,phikon,Phikon,10x,2p5x,10× ↔ 2.5×,20550,1000,10,0.2760000228881836
UCEC,TCGA-EY-A1GQ-01Z-00-DX1.03D52C6F-515E-4A4F-A08E-31D773BCC67F,phikon,Phikon,40x,2p5x,40× ↔ 2.5×,20550,1000,10,0.10550001263618469
UCEC,TCGA-FI-A2EX-01Z-00-DX1.127F5153-745D-43E6-83CA-DE2738702C62,phikon,Phikon,40x,10x,40× ↔ 10×,21945,1000,10,0.2857000231742859
UCEC,TCGA-FI-A2EX-01Z-00-DX1.127F5153-745D-43E6-83CA-DE2738702C62,phikon,Phikon,10x,2p5x,10× ↔ 2.5×,21945,1000,10,0.2935999929904938
UCEC,TCGA-FI-A2EX-01Z-00-DX1.127F5153-745D-43E6-83CA-DE2738702C62,phikon,Phikon,40x,2p5x,40× ↔ 2.5×,21945,1000,10,0.20550000667572021
BLCA,TCGA-CF-A3MF-01Z-00-DX1.91768C26-5BB1-4DE6-9737-AA26BD687A75,uni,UNI,40x,10x,40× ↔ 10×,26138,1000,10,0.20640000700950623
BLCA,TCGA-CF-A3MF-01Z-00-DX1.91768C26-5BB1-4DE6-9737-AA26BD687A75,uni,UNI,10x,2p5x,10× ↔ 2.5×,26138,1000,10,0.1818000078201294
BLCA,TCGA-CF-A3MF-01Z-00-DX1.91768C26-5BB1-4DE6-9737-AA26BD687A75,uni,UNI,40x,2p5x,40× ↔ 2.5×,26138,1000,10,0.09530000388622284
BLCA,TCGA-CU-A0YN-01Z-00-DX1.6C5EAAAF-8F14-49D3-8FFC-9BDAE56CAFD0,uni,UNI,40x,10x,40× ↔ 10×,2880,1000,10,0.16950000822544098
BLCA,TCGA-CU-A0YN-01Z-00-DX1.6C5EAAAF-8F14-49D3-8FFC-9BDAE56CAFD0,uni,UNI,10x,2p5x,10× ↔ 2.5×,2880,1000,10,0.37860000133514404
BLCA,TCGA-CU-A0YN-01Z-00-DX1.6C5EAAAF-8F14-49D3-8FFC-9BDAE56CAFD0,uni,UNI,40x,2p5x,40× ↔ 2.5×,2880,1000,10,0.10730000585317612
BLCA,TCGA-DK-A6AW-01Z-00-DX1.C2453A8C-8282-443C-9E76-5B6CAD2FE69B,uni,UNI,40x,10x,40× ↔ 10×,15233,1000,10,0.2979000508785248
BLCA,TCGA-DK-A6AW-01Z-00-DX1.C2453A8C-8282-443C-9E76-5B6CAD2FE69B,uni,UNI,10x,2p5x,10× ↔ 2.5×,15233,1000,10,0.3615000247955322
BLCA,TCGA-DK-A6AW-01Z-00-DX1.C2453A8C-8282-443C-9E76-5B6CAD2FE69B,uni,UNI,40x,2p5x,40× ↔ 2.5×,15233,1000,10,0.1917000263929367
BLCA,TCGA-DK-AA6L-01A-01-TSA.5794F0C6-9ED6-489A-9621-18CCC5935548,uni,UNI,40x,10x,40× ↔ 10×,7165,1000,10,0.18410001695156097
BLCA,TCGA-DK-AA6L-01A-01-TSA.5794F0C6-9ED6-489A-9621-18CCC5935548,uni,UNI,10x,2p5x,10× ↔ 2.5×,7165,1000,10,0.24150000512599945
BLCA,TCGA-DK-AA6L-01A-01-TSA.5794F0C6-9ED6-489A-9621-18CCC5935548,uni,UNI,40x,2p5x,40× ↔ 2.5×,7165,1000,10,0.10580001026391983
BLCA,TCGA-DK-AA77-01A-01-TSA.26CAF5CB-CC4F-4522-BD2B-343FB70205FE,uni,UNI,40x,10x,40× ↔ 10×,3872,1000,10,0.14000000059604645
BLCA,TCGA-DK-AA77-01A-01-TSA.26CAF5CB-CC4F-4522-BD2B-343FB70205FE,uni,UNI,10x,2p5x,10× ↔ 2.5×,3872,1000,10,0.2346000224351883
BLCA,TCGA-DK-AA77-01A-01-TSA.26CAF5CB-CC4F-4522-BD2B-343FB70205FE,uni,UNI,40x,2p5x,40× ↔ 2.5×,3872,1000,10,0.07560001313686371
BLCA,TCGA-FD-A6TK-01Z-00-DX1.B685DA87-72A6-4C38-8AA1-40B6E543383C,uni,UNI,40x,10x,40× ↔ 10×,19445,1000,10,0.30470001697540283
BLCA,TCGA-FD-A6TK-01Z-00-DX1.B685DA87-72A6-4C38-8AA1-40B6E543383C,uni,UNI,10x,2p5x,10× ↔ 2.5×,19445,1000,10,0.3028000295162201
BLCA,TCGA-FD-A6TK-01Z-00-DX1.B685DA87-72A6-4C38-8AA1-40B6E543383C,uni,UNI,40x,2p5x,40× ↔ 2.5×,19445,1000,10,0.1882999986410141
BLCA,TCGA-GU-AATP-01Z-00-DX1.0D8EC37C-88E7-49D5-A76D-F0A4A3FD8AE4,uni,UNI,40x,10x,40× ↔ 10×,22018,1000,10,0.2754000127315521
BLCA,TCGA-GU-AATP-01Z-00-DX1.0D8EC37C-88E7-49D5-A76D-F0A4A3FD8AE4,uni,UNI,10x,2p5x,10× ↔ 2.5×,22018,1000,10,0.2653999924659729
BLCA,TCGA-GU-AATP-01Z-00-DX1.0D8EC37C-88E7-49D5-A76D-F0A4A3FD8AE4,uni,UNI,40x,2p5x,40× ↔ 2.5×,22018,1000,10,0.15210001170635223
BLCA,TCGA-XF-A8HB-01Z-00-DX1.D6874152-D20A-4CA4-8E8B-8CBAB5F7D7B5,uni,UNI,40x,10x,40× ↔ 10×,14662,1000,10,0.2769000232219696
BLCA,TCGA-XF-A8HB-01Z-00-DX1.D6874152-D20A-4CA4-8E8B-8CBAB5F7D7B5,uni,UNI,10x,2p5x,10× ↔ 2.5×,14662,1000,10,0.24010001122951508
BLCA,TCGA-XF-A8HB-01Z-00-DX1.D6874152-D20A-4CA4-8E8B-8CBAB5F7D7B5,uni,UNI,40x,2p5x,40× ↔ 2.5×,14662,1000,10,0.1381000131368637
BLCA,TCGA-ZF-A9R1-01Z-00-DX1.74520759-D448-45B5-B8AD-45502C99A519,uni,UNI,40x,10x,40× ↔ 10×,16065,1000,10,0.33890002965927124
BLCA,TCGA-ZF-A9R1-01Z-00-DX1.74520759-D448-45B5-B8AD-45502C99A519,uni,UNI,10x,2p5x,10× ↔ 2.5×,16065,1000,10,0.295600026845932
BLCA,TCGA-ZF-A9R1-01Z-00-DX1.74520759-D448-45B5-B8AD-45502C99A519,uni,UNI,40x,2p5x,40× ↔ 2.5×,16065,1000,10,0.1876000165939331
BLCA,TCGA-ZF-AA51-01Z-00-DX1.128C9731-C206-4E71-9A64-864FA9FD7E96,uni,UNI,40x,10x,40× ↔ 10×,22108,1000,10,0.33900001645088196
BLCA,TCGA-ZF-AA51-01Z-00-DX1.128C9731-C206-4E71-9A64-864FA9FD7E96,uni,UNI,10x,2p5x,10× ↔ 2.5×,22108,1000,10,0.24810001254081726
BLCA,TCGA-ZF-AA51-01Z-00-DX1.128C9731-C206-4E71-9A64-864FA9FD7E96,uni,UNI,40x,2p5x,40× ↔ 2.5×,22108,1000,10,0.1738000214099884
BRCA,TCGA-A7-A2KD-01Z-00-DX1.BFF2DFC8-1D95-4DC2-98FC-5BD7D7C6CDF5,uni,UNI,40x,10x,40× ↔ 10×,13242,1000,10,0.22200001776218414
BRCA,TCGA-A7-A2KD-01Z-00-DX1.BFF2DFC8-1D95-4DC2-98FC-5BD7D7C6CDF5,uni,UNI,10x,2p5x,10× ↔ 2.5×,13242,1000,10,0.3060000240802765
BRCA,TCGA-A7-A2KD-01Z-00-DX1.BFF2DFC8-1D95-4DC2-98FC-5BD7D7C6CDF5,uni,UNI,40x,2p5x,40× ↔ 2.5×,13242,1000,10,0.14230000972747803
BRCA,TCGA-AN-A0G0-01Z-00-DX1.BE0BB5DF-DEDA-48D8-B5D8-2735C767F28F,uni,UNI,40x,10x,40× ↔ 10×,4987,1000,10,0.1811000108718872
BRCA,TCGA-AN-A0G0-01Z-00-DX1.BE0BB5DF-DEDA-48D8-B5D8-2735C767F28F,uni,UNI,10x,2p5x,10× ↔ 2.5×,4987,1000,10,0.25929999351501465
BRCA,TCGA-AN-A0G0-01Z-00-DX1.BE0BB5DF-DEDA-48D8-B5D8-2735C767F28F,uni,UNI,40x,2p5x,40× ↔ 2.5×,4987,1000,10,0.1031000092625618
BRCA,TCGA-AQ-A04L-01Z-00-DX1.F35BF4DD-896A-43C2-8DA6-C67945C003BE,uni,UNI,40x,10x,40× ↔ 10×,6966,1000,10,0.1916000097990036
BRCA,TCGA-AQ-A04L-01Z-00-DX1.F35BF4DD-896A-43C2-8DA6-C67945C003BE,uni,UNI,10x,2p5x,10× ↔ 2.5×,6966,1000,10,0.26270002126693726
BRCA,TCGA-AQ-A04L-01Z-00-DX1.F35BF4DD-896A-43C2-8DA6-C67945C003BE,uni,UNI,40x,2p5x,40× ↔ 2.5×,6966,1000,10,0.10490000993013382
BRCA,TCGA-AR-A2LK-01Z-00-DX1.FBD59C38-CD4E-4C22-BC74-A57C192A9BBC,uni,UNI,40x,10x,40× ↔ 10×,11925,1000,10,0.26180002093315125
BRCA,TCGA-AR-A2LK-01Z-00-DX1.FBD59C38-CD4E-4C22-BC74-A57C192A9BBC,uni,UNI,10x,2p5x,10× ↔ 2.5×,11925,1000,10,0.295600026845932
BRCA,TCGA-AR-A2LK-01Z-00-DX1.FBD59C38-CD4E-4C22-BC74-A57C192A9BBC,uni,UNI,40x,2p5x,40× ↔ 2.5×,11925,1000,10,0.16279999911785126
BRCA,TCGA-AR-A5QM-01Z-00-DX1.A9017CED-FF57-4090-95B9-94DC91854347,uni,UNI,40x,10x,40× ↔ 10×,13639,1000,10,0.19990000128746033
BRCA,TCGA-AR-A5QM-01Z-00-DX1.A9017CED-FF57-4090-95B9-94DC91854347,uni,UNI,10x,2p5x,10× ↔ 2.5×,13639,1000,10,0.24310001730918884
BRCA,TCGA-AR-A5QM-01Z-00-DX1.A9017CED-FF57-4090-95B9-94DC91854347,uni,UNI,40x,2p5x,40× ↔ 2.5×,13639,1000,10,0.11790000647306442
BRCA,TCGA-BH-A0C1-01Z-00-DX1.21FE357E-B182-4397-BFEF-7E96E994236A,uni,UNI,40x,10x,40× ↔ 10×,14097,1000,10,0.2136000096797943
BRCA,TCGA-BH-A0C1-01Z-00-DX1.21FE357E-B182-4397-BFEF-7E96E994236A,uni,UNI,10x,2p5x,10× ↔ 2.5×,14097,1000,10,0.30260002613067627
BRCA,TCGA-BH-A0C1-01Z-00-DX1.21FE357E-B182-4397-BFEF-7E96E994236A,uni,UNI,40x,2p5x,40× ↔ 2.5×,14097,1000,10,0.13950000703334808
BRCA,TCGA-D8-A1X8-01Z-00-DX1.DDA3866E-C7CC-4650-BE2B-5C9A98A2D531,uni,UNI,40x,10x,40× ↔ 10×,13628,1000,10,0.2714000344276428
BRCA,TCGA-D8-A1X8-01Z-00-DX1.DDA3866E-C7CC-4650-BE2B-5C9A98A2D531,uni,UNI,10x,2p5x,10× ↔ 2.5×,13628,1000,10,0.29420003294944763
BRCA,TCGA-D8-A1X8-01Z-00-DX1.DDA3866E-C7CC-4650-BE2B-5C9A98A2D531,uni,UNI,40x,2p5x,40× ↔ 2.5×,13628,1000,10,0.1657000184059143
BRCA,TCGA-E2-A14P-01Z-00-DX1.663B02FF-C64B-41A6-8685-FD61CD76F9C6,uni,UNI,40x,10x,40× ↔ 10×,17521,1000,10,0.23920001089572906
BRCA,TCGA-E2-A14P-01Z-00-DX1.663B02FF-C64B-41A6-8685-FD61CD76F9C6,uni,UNI,10x,2p5x,10× ↔ 2.5×,17521,1000,10,0.22870002686977386
BRCA,TCGA-E2-A14P-01Z-00-DX1.663B02FF-C64B-41A6-8685-FD61CD76F9C6,uni,UNI,40x,2p5x,40× ↔ 2.5×,17521,1000,10,0.1357000172138214
BRCA,TCGA-E2-A1LA-01Z-00-DX1.AE49E943-B830-4ED9-B09E-E499441BC2EC,uni,UNI,40x,10x,40× ↔ 10×,16576,1000,10,0.3312000334262848
BRCA,TCGA-E2-A1LA-01Z-00-DX1.AE49E943-B830-4ED9-B09E-E499441BC2EC,uni,UNI,10x,2p5x,10× ↔ 2.5×,16576,1000,10,0.3367000222206116
BRCA,TCGA-E2-A1LA-01Z-00-DX1.AE49E943-B830-4ED9-B09E-E499441BC2EC,uni,UNI,40x,2p5x,40× ↔ 2.5×,16576,1000,10,0.2127000093460083
BRCA,TCGA-GM-A3XN-01Z-00-DX1.49F5C8AC-0328-4BC2-9FE2-E7150B7A42E2,uni,UNI,40x,10x,40× ↔ 10×,18199,1000,10,0.21420001983642578
BRCA,TCGA-GM-A3XN-01Z-00-DX1.49F5C8AC-0328-4BC2-9FE2-E7150B7A42E2,uni,UNI,10x,2p5x,10× ↔ 2.5×,18199,1000,10,0.2526000142097473
BRCA,TCGA-GM-A3XN-01Z-00-DX1.49F5C8AC-0328-4BC2-9FE2-E7150B7A42E2,uni,UNI,40x,2p5x,40× ↔ 2.5×,18199,1000,10,0.12839999794960022
COAD,TCGA-AY-A8YK-01Z-00-DX1.89E3C546-0425-449B-A6FB-1C35168EA7EB,uni,UNI,40x,10x,40× ↔ 10×,8285,1000,10,0.22690001130104065
COAD,TCGA-AY-A8YK-01Z-00-DX1.89E3C546-0425-449B-A6FB-1C35168EA7EB,uni,UNI,10x,2p5x,10× ↔ 2.5×,8285,1000,10,0.3101000189781189
COAD,TCGA-AY-A8YK-01Z-00-DX1.89E3C546-0425-449B-A6FB-1C35168EA7EB,uni,UNI,40x,2p5x,40× ↔ 2.5×,8285,1000,10,0.13250000774860382
COAD,TCGA-CK-4947-01Z-00-DX1.b257d5fd-b97b-4987-b088-77f044ca7fe2,uni,UNI,40x,10x,40× ↔ 10×,23336,1000,10,0.25209999084472656
COAD,TCGA-CK-4947-01Z-00-DX1.b257d5fd-b97b-4987-b088-77f044ca7fe2,uni,UNI,10x,2p5x,10× ↔ 2.5×,23336,1000,10,0.26360002160072327
COAD,TCGA-CK-4947-01Z-00-DX1.b257d5fd-b97b-4987-b088-77f044ca7fe2,uni,UNI,40x,2p5x,40× ↔ 2.5×,23336,1000,10,0.14630000293254852
COAD,TCGA-CM-6168-01Z-00-DX1.96af6eb2-9d51-4671-baf8-1a73d0c66869,uni,UNI,40x,10x,40× ↔ 10×,24102,1000,10,0.3517000377178192
COAD,TCGA-CM-6168-01Z-00-DX1.96af6eb2-9d51-4671-baf8-1a73d0c66869,uni,UNI,10x,2p5x,10× ↔ 2.5×,24102,1000,10,0.3305000066757202
COAD,TCGA-CM-6168-01Z-00-DX1.96af6eb2-9d51-4671-baf8-1a73d0c66869,uni,UNI,40x,2p5x,40× ↔ 2.5×,24102,1000,10,0.2062000185251236
COAD,TCGA-CM-6169-01Z-00-DX1.0381c243-02b8-4f1d-840c-19ef44d4b92c,uni,UNI,40x,10x,40× ↔ 10×,18522,1000,10,0.2660999894142151
COAD,TCGA-CM-6169-01Z-00-DX1.0381c243-02b8-4f1d-840c-19ef44d4b92c,uni,UNI,10x,2p5x,10× ↔ 2.5×,18522,1000,10,0.254800021648407
COAD,TCGA-CM-6169-01Z-00-DX1.0381c243-02b8-4f1d-840c-19ef44d4b92c,uni,UNI,40x,2p5x,40× ↔ 2.5×,18522,1000,10,0.13950000703334808
COAD,TCGA-G4-6309-01Z-00-DX1.3eb20fdc-eb86-4bd5-8194-76b02d4fa472,uni,UNI,40x,10x,40× ↔ 10×,17070,1000,10,0.3165000081062317
COAD,TCGA-G4-6309-01Z-00-DX1.3eb20fdc-eb86-4bd5-8194-76b02d4fa472,uni,UNI,10x,2p5x,10× ↔ 2.5×,17070,1000,10,0.30640003085136414
COAD,TCGA-G4-6309-01Z-00-DX1.3eb20fdc-eb86-4bd5-8194-76b02d4fa472,uni,UNI,40x,2p5x,40× ↔ 2.5×,17070,1000,10,0.18820002675056458
COAD,TCGA-G4-6310-01Z-00-DX1.b88472d4-3adc-4e4d-b0f2-0dc195a3d7df,uni,UNI,40x,10x,40× ↔ 10×,16917,1000,10,0.2888000011444092
COAD,TCGA-G4-6310-01Z-00-DX1.b88472d4-3adc-4e4d-b0f2-0dc195a3d7df,uni,UNI,10x,2p5x,10× ↔ 2.5×,16917,1000,10,0.32260000705718994
COAD,TCGA-G4-6310-01Z-00-DX1.b88472d4-3adc-4e4d-b0f2-0dc195a3d7df,uni,UNI,40x,2p5x,40× ↔ 2.5×,16917,1000,10,0.18170000612735748
COAD,TCGA-G4-6588-01Z-00-DX1.0747172e-f630-4b7c-9341-55078585ae00,uni,UNI,40x,10x,40× ↔ 10×,20553,1000,10,0.29010000824928284
COAD,TCGA-G4-6588-01Z-00-DX1.0747172e-f630-4b7c-9341-55078585ae00,uni,UNI,10x,2p5x,10× ↔ 2.5×,20553,1000,10,0.3029000461101532
COAD,TCGA-G4-6588-01Z-00-DX1.0747172e-f630-4b7c-9341-55078585ae00,uni,UNI,40x,2p5x,40× ↔ 2.5×,20553,1000,10,0.16680000722408295
HNSC,TCGA-BA-6871-01Z-00-DX1.4d9ca329-f8d5-4c31-a20f-9d4fba728326,uni,UNI,40x,10x,40× ↔ 10×,14718,1000,10,0.19690002501010895
HNSC,TCGA-BA-6871-01Z-00-DX1.4d9ca329-f8d5-4c31-a20f-9d4fba728326,uni,UNI,10x,2p5x,10× ↔ 2.5×,14718,1000,10,0.20530001819133759
HNSC,TCGA-BA-6871-01Z-00-DX1.4d9ca329-f8d5-4c31-a20f-9d4fba728326,uni,UNI,40x,2p5x,40× ↔ 2.5×,14718,1000,10,0.0998000055551529
HNSC,TCGA-BA-6872-01Z-00-DX1.F99F6394-D319-4599-B124-D2A6692FA096,uni,UNI,40x,10x,40× ↔ 10×,7720,1000,10,0.2062000185251236
HNSC,TCGA-BA-6872-01Z-00-DX1.F99F6394-D319-4599-B124-D2A6692FA096,uni,UNI,10x,2p5x,10× ↔ 2.5×,7720,1000,10,0.3345000147819519
HNSC,TCGA-BA-6872-01Z-00-DX1.F99F6394-D319-4599-B124-D2A6692FA096,uni,UNI,40x,2p5x,40× ↔ 2.5×,7720,1000,10,0.13700000941753387
HNSC,TCGA-CN-A6V7-01A-01-TS1.F54912D3-1E21-4605-ACFC-142973524AE2,uni,UNI,40x,10x,40× ↔ 10×,2536,1000,10,0.13260000944137573
HNSC,TCGA-CN-A6V7-01A-01-TS1.F54912D3-1E21-4605-ACFC-142973524AE2,uni,UNI,10x,2p5x,10× ↔ 2.5×,2536,1000,10,0.3143000304698944
HNSC,TCGA-CN-A6V7-01A-01-TS1.F54912D3-1E21-4605-ACFC-142973524AE2,uni,UNI,40x,2p5x,40× ↔ 2.5×,2536,1000,10,0.08130000531673431
HNSC,TCGA-CV-6935-01Z-00-DX1.9C449CB2-FB6D-41D1-A4A6-3069DC84A697,uni,UNI,40x,10x,40× ↔ 10×,12224,1000,10,0.21300001442432404
HNSC,TCGA-CV-6935-01Z-00-DX1.9C449CB2-FB6D-41D1-A4A6-3069DC84A697,uni,UNI,10x,2p5x,10× ↔ 2.5×,12224,1000,10,0.2531000077724457
HNSC,TCGA-CV-6935-01Z-00-DX1.9C449CB2-FB6D-41D1-A4A6-3069DC84A697,uni,UNI,40x,2p5x,40× ↔ 2.5×,12224,1000,10,0.11780001223087311
HNSC,TCGA-CV-A45O-01Z-00-DX1.8CBD0CCC-C815-475D-87F9-76272F4F715B,uni,UNI,40x,10x,40× ↔ 10×,14844,1000,10,0.29930001497268677
HNSC,TCGA-CV-A45O-01Z-00-DX1.8CBD0CCC-C815-475D-87F9-76272F4F715B,uni,UNI,10x,2p5x,10× ↔ 2.5×,14844,1000,10,0.2827000319957733
HNSC,TCGA-CV-A45O-01Z-00-DX1.8CBD0CCC-C815-475D-87F9-76272F4F715B,uni,UNI,40x,2p5x,40× ↔ 2.5×,14844,1000,10,0.15820001065731049
HNSC,TCGA-CV-A6JE-01Z-00-DX1.20137D17-19B3-49FF-9C3D-60933157E409,uni,UNI,40x,10x,40× ↔ 10×,26402,1000,10,0.27129998803138733
HNSC,TCGA-CV-A6JE-01Z-00-DX1.20137D17-19B3-49FF-9C3D-60933157E409,uni,UNI,10x,2p5x,10× ↔ 2.5×,26402,1000,10,0.29270002245903015
HNSC,TCGA-CV-A6JE-01Z-00-DX1.20137D17-19B3-49FF-9C3D-60933157E409,uni,UNI,40x,2p5x,40× ↔ 2.5×,26402,1000,10,0.1526000201702118
HNSC,TCGA-CV-A6JU-01Z-00-DX1.35A3A1F0-9D6C-4794-B501-E56E48C51DF9,uni,UNI,40x,10x,40× ↔ 10×,21938,1000,10,0.29740002751350403
HNSC,TCGA-CV-A6JU-01Z-00-DX1.35A3A1F0-9D6C-4794-B501-E56E48C51DF9,uni,UNI,10x,2p5x,10× ↔ 2.5×,21938,1000,10,0.2852000296115875
HNSC,TCGA-CV-A6JU-01Z-00-DX1.35A3A1F0-9D6C-4794-B501-E56E48C51DF9,uni,UNI,40x,2p5x,40× ↔ 2.5×,21938,1000,10,0.1615000069141388
HNSC,TCGA-UF-A719-01Z-00-DX1.4C4ECC2C-C390-4C5E-A709-CF08C113F1A1,uni,UNI,40x,10x,40× ↔ 10×,21546,1000,10,0.31029999256134033
HNSC,TCGA-UF-A719-01Z-00-DX1.4C4ECC2C-C390-4C5E-A709-CF08C113F1A1,uni,UNI,10x,2p5x,10× ↔ 2.5×,21546,1000,10,0.2738000452518463
HNSC,TCGA-UF-A719-01Z-00-DX1.4C4ECC2C-C390-4C5E-A709-CF08C113F1A1,uni,UNI,40x,2p5x,40× ↔ 2.5×,21546,1000,10,0.17170001566410065
KIRC,TCGA-A3-3346-01Z-00-DX1.95280216-fd71-4a03-b452-6e3d667f2542,uni,UNI,40x,10x,40× ↔ 10×,2240,1000,10,0.2119000256061554
KIRC,TCGA-A3-3346-01Z-00-DX1.95280216-fd71-4a03-b452-6e3d667f2542,uni,UNI,10x,2p5x,10× ↔ 2.5×,2240,1000,10,0.388200044631958
KIRC,TCGA-A3-3346-01Z-00-DX1.95280216-fd71-4a03-b452-6e3d667f2542,uni,UNI,40x,2p5x,40× ↔ 2.5×,2240,1000,10,0.15560001134872437
KIRC,TCGA-A3-A8CQ-01Z-00-DX1.78DA0827-5FB8-4B9F-A845-22F85830B5FB,uni,UNI,40x,10x,40× ↔ 10×,1395,1000,10,0.16460001468658447
KIRC,TCGA-A3-A8CQ-01Z-00-DX1.78DA0827-5FB8-4B9F-A845-22F85830B5FB,uni,UNI,10x,2p5x,10× ↔ 2.5×,1395,1000,10,0.41030001640319824
KIRC,TCGA-A3-A8CQ-01Z-00-DX1.78DA0827-5FB8-4B9F-A845-22F85830B5FB,uni,UNI,40x,2p5x,40× ↔ 2.5×,1395,1000,10,0.11540000140666962
KIRC,TCGA-AK-3444-01Z-00-DX1.1F0E0B47-29FF-456F-800A-539983FDCFAA,uni,UNI,40x,10x,40× ↔ 10×,5029,1000,10,0.1972000151872635
KIRC,TCGA-AK-3444-01Z-00-DX1.1F0E0B47-29FF-456F-800A-539983FDCFAA,uni,UNI,10x,2p5x,10× ↔ 2.5×,5029,1000,10,0.3305000066757202
KIRC,TCGA-AK-3444-01Z-00-DX1.1F0E0B47-29FF-456F-800A-539983FDCFAA,uni,UNI,40x,2p5x,40× ↔ 2.5×,5029,1000,10,0.14480000734329224
KIRC,TCGA-B0-5094-01Z-00-DX1.eac31fe2-09da-4ecf-8e25-c073cbb03295,uni,UNI,40x,10x,40× ↔ 10×,23201,1000,10,0.2735000252723694
KIRC,TCGA-B0-5094-01Z-00-DX1.eac31fe2-09da-4ecf-8e25-c073cbb03295,uni,UNI,10x,2p5x,10× ↔ 2.5×,23201,1000,10,0.26920002698898315
KIRC,TCGA-B0-5094-01Z-00-DX1.eac31fe2-09da-4ecf-8e25-c073cbb03295,uni,UNI,40x,2p5x,40× ↔ 2.5×,23201,1000,10,0.1534000188112259
KIRC,TCGA-B0-5106-01Z-00-DX1.564e51a3-be50-4eed-ba9c-4d478b96ffc6,uni,UNI,40x,10x,40× ↔ 10×,26156,1000,10,0.22300000488758087
KIRC,TCGA-B0-5106-01Z-00-DX1.564e51a3-be50-4eed-ba9c-4d478b96ffc6,uni,UNI,10x,2p5x,10× ↔ 2.5×,26156,1000,10,0.2982000410556793
KIRC,TCGA-B0-5106-01Z-00-DX1.564e51a3-be50-4eed-ba9c-4d478b96ffc6,uni,UNI,40x,2p5x,40× ↔ 2.5×,26156,1000,10,0.14190001785755157
KIRC,TCGA-B0-5711-01Z-00-DX1.6839921f-ec08-4e94-8bf9-4b5a4fcdda45,uni,UNI,40x,10x,40× ↔ 10×,23048,1000,10,0.22870001196861267
KIRC,TCGA-B0-5711-01Z-00-DX1.6839921f-ec08-4e94-8bf9-4b5a4fcdda45,uni,UNI,10x,2p5x,10× ↔ 2.5×,23048,1000,10,0.29829999804496765
KIRC,TCGA-B0-5711-01Z-00-DX1.6839921f-ec08-4e94-8bf9-4b5a4fcdda45,uni,UNI,40x,2p5x,40× ↔ 2.5×,23048,1000,10,0.15440000593662262
KIRC,TCGA-B2-5633-01Z-00-DX1.c55a29ca-468e-46de-9ff5-a51f46fe09fd,uni,UNI,40x,10x,40× ↔ 10×,3974,1000,10,0.234700009226799
KIRC,TCGA-B2-5633-01Z-00-DX1.c55a29ca-468e-46de-9ff5-a51f46fe09fd,uni,UNI,10x,2p5x,10× ↔ 2.5×,3974,1000,10,0.32930004596710205
KIRC,TCGA-B2-5633-01Z-00-DX1.c55a29ca-468e-46de-9ff5-a51f46fe09fd,uni,UNI,40x,2p5x,40× ↔ 2.5×,3974,1000,10,0.14500001072883606
KIRC,TCGA-BP-4991-01Z-00-DX1.71305f5c-ca59-48fa-bb82-4b441c1fffdc,uni,UNI,40x,10x,40× ↔ 10×,31068,1000,10,0.2331000119447708
KIRC,TCGA-BP-4991-01Z-00-DX1.71305f5c-ca59-48fa-bb82-4b441c1fffdc,uni,UNI,10x,2p5x,10× ↔ 2.5×,31068,1000,10,0.2945000231266022
KIRC,TCGA-BP-4991-01Z-00-DX1.71305f5c-ca59-48fa-bb82-4b441c1fffdc,uni,UNI,40x,2p5x,40× ↔ 2.5×,31068,1000,10,0.14570002257823944
KIRC,TCGA-BP-5201-01Z-00-DX1.d1a9878e-bb97-48fb-9098-9d9337f06250,uni,UNI,40x,10x,40× ↔ 10×,12763,1000,10,0.20580002665519714
KIRC,TCGA-BP-5201-01Z-00-DX1.d1a9878e-bb97-48fb-9098-9d9337f06250,uni,UNI,10x,2p5x,10× ↔ 2.5×,12763,1000,10,0.22500000894069672
KIRC,TCGA-BP-5201-01Z-00-DX1.d1a9878e-bb97-48fb-9098-9d9337f06250,uni,UNI,40x,2p5x,40× ↔ 2.5×,12763,1000,10,0.11330001056194305
LUAD,TCGA-55-6986-01Z-00-DX1.ae52d41e-3cd6-4d36-b04b-2ea7d29bd8da,uni,UNI,40x,10x,40× ↔ 10×,5951,1000,10,0.22960001230239868
LUAD,TCGA-55-6986-01Z-00-DX1.ae52d41e-3cd6-4d36-b04b-2ea7d29bd8da,uni,UNI,10x,2p5x,10× ↔ 2.5×,5951,1000,10,0.2932000160217285
LUAD,TCGA-55-6986-01Z-00-DX1.ae52d41e-3cd6-4d36-b04b-2ea7d29bd8da,uni,UNI,40x,2p5x,40× ↔ 2.5×,5951,1000,10,0.13089999556541443
LUAD,TCGA-64-5779-01Z-00-DX1.B3268447-DCE0-4927-B5A9-EC4D61E9B17D,uni,UNI,40x,10x,40× ↔ 10×,15338,1000,10,0.20080001652240753
LUAD,TCGA-64-5779-01Z-00-DX1.B3268447-DCE0-4927-B5A9-EC4D61E9B17D,uni,UNI,10x,2p5x,10× ↔ 2.5×,15338,1000,10,0.15770000219345093
LUAD,TCGA-64-5779-01Z-00-DX1.B3268447-DCE0-4927-B5A9-EC4D61E9B17D,uni,UNI,40x,2p5x,40× ↔ 2.5×,15338,1000,10,0.09360001236200333
LUAD,TCGA-78-7158-01Z-00-DX1.74db3dcd-2715-4ce7-8e48-30c8b7946ba0,uni,UNI,40x,10x,40× ↔ 10×,23198,1000,10,0.164000004529953
LUAD,TCGA-78-7158-01Z-00-DX1.74db3dcd-2715-4ce7-8e48-30c8b7946ba0,uni,UNI,10x,2p5x,10× ↔ 2.5×,23198,1000,10,0.22470001876354218
LUAD,TCGA-78-7158-01Z-00-DX1.74db3dcd-2715-4ce7-8e48-30c8b7946ba0,uni,UNI,40x,2p5x,40× ↔ 2.5×,23198,1000,10,0.09800000488758087
LUAD,TCGA-78-7163-01Z-00-DX1.42880bdf-271d-41dd-aada-e7ec1156ff31,uni,UNI,40x,10x,40× ↔ 10×,21422,1000,10,0.16210001707077026
LUAD,TCGA-78-7163-01Z-00-DX1.42880bdf-271d-41dd-aada-e7ec1156ff31,uni,UNI,10x,2p5x,10× ↔ 2.5×,21422,1000,10,0.2095000147819519
LUAD,TCGA-78-7163-01Z-00-DX1.42880bdf-271d-41dd-aada-e7ec1156ff31,uni,UNI,40x,2p5x,40× ↔ 2.5×,21422,1000,10,0.09680000692605972
LUAD,TCGA-78-7536-01Z-00-DX1.6b066140-8b82-40a5-bd48-430eeb4463fe,uni,UNI,40x,10x,40× ↔ 10×,32971,1000,10,0.14480000734329224
LUAD,TCGA-78-7536-01Z-00-DX1.6b066140-8b82-40a5-bd48-430eeb4463fe,uni,UNI,10x,2p5x,10× ↔ 2.5×,32971,1000,10,0.15300001204013824
LUAD,TCGA-78-7536-01Z-00-DX1.6b066140-8b82-40a5-bd48-430eeb4463fe,uni,UNI,40x,2p5x,40× ↔ 2.5×,32971,1000,10,0.06750000268220901
LUAD,TCGA-86-8668-01Z-00-DX1.d720d486-02c7-4f98-8feb-e0e50a12c158,uni,UNI,40x,10x,40× ↔ 10×,14624,1000,10,0.2029000073671341
LUAD,TCGA-86-8668-01Z-00-DX1.d720d486-02c7-4f98-8feb-e0e50a12c158,uni,UNI,10x,2p5x,10× ↔ 2.5×,14624,1000,10,0.24650000035762787
LUAD,TCGA-86-8668-01Z-00-DX1.d720d486-02c7-4f98-8feb-e0e50a12c158,uni,UNI,40x,2p5x,40× ↔ 2.5×,14624,1000,10,0.11160000413656235
LUAD,TCGA-97-A4LX-01Z-00-DX1.B2334672-A626-4E74-B4D1-A79F70F65909,uni,UNI,40x,10x,40× ↔ 10×,19346,1000,10,0.1761000156402588
LUAD,TCGA-97-A4LX-01Z-00-DX1.B2334672-A626-4E74-B4D1-A79F70F65909,uni,UNI,10x,2p5x,10× ↔ 2.5×,19346,1000,10,0.1567000150680542
LUAD,TCGA-97-A4LX-01Z-00-DX1.B2334672-A626-4E74-B4D1-A79F70F65909,uni,UNI,40x,2p5x,40× ↔ 2.5×,19346,1000,10,0.07919999957084656
LUAD,TCGA-97-A4M2-01Z-00-DX1.5C72522C-1538-4D68-B517-5FB05A9D401A,uni,UNI,40x,10x,40× ↔ 10×,8962,1000,10,0.23640000820159912
LUAD,TCGA-97-A4M2-01Z-00-DX1.5C72522C-1538-4D68-B517-5FB05A9D401A,uni,UNI,10x,2p5x,10× ↔ 2.5×,8962,1000,10,0.24800001084804535
LUAD,TCGA-97-A4M2-01Z-00-DX1.5C72522C-1538-4D68-B517-5FB05A9D401A,uni,UNI,40x,2p5x,40× ↔ 2.5×,8962,1000,10,0.12200000882148743
LUAD,TCGA-J2-A4AE-01Z-00-DX1.42C5DE4A-7787-4E59-8969-D12503262C96,uni,UNI,40x,10x,40× ↔ 10×,14491,1000,10,0.224900022149086
LUAD,TCGA-J2-A4AE-01Z-00-DX1.42C5DE4A-7787-4E59-8969-D12503262C96,uni,UNI,10x,2p5x,10× ↔ 2.5×,14491,1000,10,0.2378000020980835
LUAD,TCGA-J2-A4AE-01Z-00-DX1.42C5DE4A-7787-4E59-8969-D12503262C96,uni,UNI,40x,2p5x,40× ↔ 2.5×,14491,1000,10,0.12310001254081726
STAD,TCGA-BR-6452-01Z-00-DX1.aec8246e-9dce-436d-9faa-df8fa1f6e47c,uni,UNI,40x,10x,40× ↔ 10×,15303,1000,10,0.2687999904155731
STAD,TCGA-BR-6452-01Z-00-DX1.aec8246e-9dce-436d-9faa-df8fa1f6e47c,uni,UNI,10x,2p5x,10× ↔ 2.5×,15303,1000,10,0.31790003180503845
STAD,TCGA-BR-6452-01Z-00-DX1.aec8246e-9dce-436d-9faa-df8fa1f6e47c,uni,UNI,40x,2p5x,40× ↔ 2.5×,15303,1000,10,0.16470001637935638
STAD,TCGA-BR-6454-01Z-00-DX1.63fb6280-2b43-49b2-960a-eb9c0e8b617c,uni,UNI,40x,10x,40× ↔ 10×,15740,1000,10,0.13960000872612
STAD,TCGA-BR-6454-01Z-00-DX1.63fb6280-2b43-49b2-960a-eb9c0e8b617c,uni,UNI,10x,2p5x,10× ↔ 2.5×,15740,1000,10,0.20430001616477966
STAD,TCGA-BR-6454-01Z-00-DX1.63fb6280-2b43-49b2-960a-eb9c0e8b617c,uni,UNI,40x,2p5x,40× ↔ 2.5×,15740,1000,10,0.08430000394582748
STAD,TCGA-BR-A4CQ-01Z-00-DX1.B63282A5-154D-441B-BF96-5BB26CB6D95E,uni,UNI,40x,10x,40× ↔ 10×,13809,1000,10,0.24880000948905945
STAD,TCGA-BR-A4CQ-01Z-00-DX1.B63282A5-154D-441B-BF96-5BB26CB6D95E,uni,UNI,10x,2p5x,10× ↔ 2.5×,13809,1000,10,0.34130004048347473
STAD,TCGA-BR-A4CQ-01Z-00-DX1.B63282A5-154D-441B-BF96-5BB26CB6D95E,uni,UNI,40x,2p5x,40× ↔ 2.5×,13809,1000,10,0.15330001711845398
STAD,TCGA-CD-A487-01Z-00-DX1.A026BD2F-B721-4340-83D5-7AA39227C90F,uni,UNI,40x,10x,40× ↔ 10×,20251,1000,10,0.3335000276565552
STAD,TCGA-CD-A487-01Z-00-DX1.A026BD2F-B721-4340-83D5-7AA39227C90F,uni,UNI,10x,2p5x,10× ↔ 2.5×,20251,1000,10,0.39350003004074097
STAD,TCGA-CD-A487-01Z-00-DX1.A026BD2F-B721-4340-83D5-7AA39227C90F,uni,UNI,40x,2p5x,40× ↔ 2.5×,20251,1000,10,0.24020002782344818
STAD,TCGA-FP-8209-01Z-00-DX1.a5e13081-1631-44d4-8d6a-c229a22c2311,uni,UNI,40x,10x,40× ↔ 10×,3901,1000,10,0.30260002613067627
STAD,TCGA-FP-8209-01Z-00-DX1.a5e13081-1631-44d4-8d6a-c229a22c2311,uni,UNI,10x,2p5x,10× ↔ 2.5×,3901,1000,10,0.37890005111694336
STAD,TCGA-FP-8209-01Z-00-DX1.a5e13081-1631-44d4-8d6a-c229a22c2311,uni,UNI,40x,2p5x,40× ↔ 2.5×,3901,1000,10,0.2079000025987625
STAD,TCGA-SW-A7EA-01Z-00-DX1.C5E1BE0E-0A25-4480-A3AC-DB2ED7471A4E,uni,UNI,40x,10x,40× ↔ 10×,6449,1000,10,0.24480001628398895
STAD,TCGA-SW-A7EA-01Z-00-DX1.C5E1BE0E-0A25-4480-A3AC-DB2ED7471A4E,uni,UNI,10x,2p5x,10× ↔ 2.5×,6449,1000,10,0.3452000319957733
STAD,TCGA-SW-A7EA-01Z-00-DX1.C5E1BE0E-0A25-4480-A3AC-DB2ED7471A4E,uni,UNI,40x,2p5x,40× ↔ 2.5×,6449,1000,10,0.16820000112056732
STAD,TCGA-VQ-A8PY-01Z-00-DX1.EA2C7386-012A-442A-95B3-FFA12BD2684D,uni,UNI,40x,10x,40× ↔ 10×,22399,1000,10,0.3224000334739685
STAD,TCGA-VQ-A8PY-01Z-00-DX1.EA2C7386-012A-442A-95B3-FFA12BD2684D,uni,UNI,10x,2p5x,10× ↔ 2.5×,22399,1000,10,0.3419000208377838
STAD,TCGA-VQ-A8PY-01Z-00-DX1.EA2C7386-012A-442A-95B3-FFA12BD2684D,uni,UNI,40x,2p5x,40× ↔ 2.5×,22399,1000,10,0.21080002188682556
STAD,TCGA-VQ-A924-01Z-00-DX1.736B41F3-9678-4FAF-AE86-FCAC4F6DCBD3,uni,UNI,40x,10x,40× ↔ 10×,12960,1000,10,0.19750000536441803
STAD,TCGA-VQ-A924-01Z-00-DX1.736B41F3-9678-4FAF-AE86-FCAC4F6DCBD3,uni,UNI,10x,2p5x,10× ↔ 2.5×,12960,1000,10,0.2897000312805176
STAD,TCGA-VQ-A924-01Z-00-DX1.736B41F3-9678-4FAF-AE86-FCAC4F6DCBD3,uni,UNI,40x,2p5x,40× ↔ 2.5×,12960,1000,10,0.13370001316070557
STAD,TCGA-ZQ-A9CR-01Z-00-DX1.C9AC9991-7054-4068-A7AA-9D1EB7F040A3,uni,UNI,40x,10x,40× ↔ 10×,31585,1000,10,0.2669000029563904
STAD,TCGA-ZQ-A9CR-01Z-00-DX1.C9AC9991-7054-4068-A7AA-9D1EB7F040A3,uni,UNI,10x,2p5x,10× ↔ 2.5×,31585,1000,10,0.2786000072956085
STAD,TCGA-ZQ-A9CR-01Z-00-DX1.C9AC9991-7054-4068-A7AA-9D1EB7F040A3,uni,UNI,40x,2p5x,40× ↔ 2.5×,31585,1000,10,0.1657000184059143
UCEC,TCGA-A5-A0GX-01Z-00-DX1.7E713D1A-5858-4648-957D-77189E43CFAA,uni,UNI,40x,10x,40× ↔ 10×,26039,1000,10,0.20210000872612
UCEC,TCGA-A5-A0GX-01Z-00-DX1.7E713D1A-5858-4648-957D-77189E43CFAA,uni,UNI,10x,2p5x,10× ↔ 2.5×,26039,1000,10,0.2233000099658966
UCEC,TCGA-A5-A0GX-01Z-00-DX1.7E713D1A-5858-4648-957D-77189E43CFAA,uni,UNI,40x,2p5x,40× ↔ 2.5×,26039,1000,10,0.12060001492500305
UCEC,TCGA-A5-A0R7-01Z-00-DX1.D21E6974-22A3-4A68-8B4E-14E84A7A50A5,uni,UNI,40x,10x,40× ↔ 10×,45564,1000,10,0.21820002794265747
UCEC,TCGA-A5-A0R7-01Z-00-DX1.D21E6974-22A3-4A68-8B4E-14E84A7A50A5,uni,UNI,10x,2p5x,10× ↔ 2.5×,45564,1000,10,0.22700001299381256
UCEC,TCGA-A5-A0R7-01Z-00-DX1.D21E6974-22A3-4A68-8B4E-14E84A7A50A5,uni,UNI,40x,2p5x,40× ↔ 2.5×,45564,1000,10,0.11880000680685043
UCEC,TCGA-AX-A05U-01Z-00-DX1.1EBFC727-B5D5-4543-BBA9-4254ABD3D584,uni,UNI,40x,10x,40× ↔ 10×,42082,1000,10,0.2502000331878662
UCEC,TCGA-AX-A05U-01Z-00-DX1.1EBFC727-B5D5-4543-BBA9-4254ABD3D584,uni,UNI,10x,2p5x,10× ↔ 2.5×,42082,1000,10,0.2718000113964081
UCEC,TCGA-AX-A05U-01Z-00-DX1.1EBFC727-B5D5-4543-BBA9-4254ABD3D584,uni,UNI,40x,2p5x,40× ↔ 2.5×,42082,1000,10,0.1544000208377838
UCEC,TCGA-AX-A06B-01Z-00-DX2.1757C039-99F7-4087-A9E5-D340AF7220D4,uni,UNI,40x,10x,40× ↔ 10×,10560,1000,10,0.2565000057220459
UCEC,TCGA-AX-A06B-01Z-00-DX2.1757C039-99F7-4087-A9E5-D340AF7220D4,uni,UNI,10x,2p5x,10× ↔ 2.5×,10560,1000,10,0.2851000130176544
UCEC,TCGA-AX-A06B-01Z-00-DX2.1757C039-99F7-4087-A9E5-D340AF7220D4,uni,UNI,40x,2p5x,40× ↔ 2.5×,10560,1000,10,0.16600000858306885
UCEC,TCGA-AX-A0J0-01Z-00-DX2.56C668BE-03B8-4B87-A226-AABD97D53C38,uni,UNI,40x,10x,40× ↔ 10×,34978,1000,10,0.2750000059604645
UCEC,TCGA-AX-A0J0-01Z-00-DX2.56C668BE-03B8-4B87-A226-AABD97D53C38,uni,UNI,10x,2p5x,10× ↔ 2.5×,34978,1000,10,0.25870001316070557
UCEC,TCGA-AX-A0J0-01Z-00-DX2.56C668BE-03B8-4B87-A226-AABD97D53C38,uni,UNI,40x,2p5x,40× ↔ 2.5×,34978,1000,10,0.1527000218629837
UCEC,TCGA-B5-A11F-01Z-00-DX1.3F1C053D-E81E-4C8D-965D-6F3DE29D9511,uni,UNI,40x,10x,40× ↔ 10×,22717,1000,10,0.23820002377033234
UCEC,TCGA-B5-A11F-01Z-00-DX1.3F1C053D-E81E-4C8D-965D-6F3DE29D9511,uni,UNI,10x,2p5x,10× ↔ 2.5×,22717,1000,10,0.24890001118183136
UCEC,TCGA-B5-A11F-01Z-00-DX1.3F1C053D-E81E-4C8D-965D-6F3DE29D9511,uni,UNI,40x,2p5x,40× ↔ 2.5×,22717,1000,10,0.14020001888275146
UCEC,TCGA-BG-A0W1-01Z-00-DX1.8E06269C-1278-478B-A128-59FA911B1649,uni,UNI,40x,10x,40× ↔ 10×,26648,1000,10,0.23320002853870392
UCEC,TCGA-BG-A0W1-01Z-00-DX1.8E06269C-1278-478B-A128-59FA911B1649,uni,UNI,10x,2p5x,10× ↔ 2.5×,26648,1000,10,0.2550000250339508
UCEC,TCGA-BG-A0W1-01Z-00-DX1.8E06269C-1278-478B-A128-59FA911B1649,uni,UNI,40x,2p5x,40× ↔ 2.5×,26648,1000,10,0.14220000803470612
UCEC,TCGA-EY-A1GQ-01Z-00-DX1.03D52C6F-515E-4A4F-A08E-31D773BCC67F,uni,UNI,40x,10x,40× ↔ 10×,20550,1000,10,0.1373000144958496
UCEC,TCGA-EY-A1GQ-01Z-00-DX1.03D52C6F-515E-4A4F-A08E-31D773BCC67F,uni,UNI,10x,2p5x,10× ↔ 2.5×,20550,1000,10,0.2119000107049942
UCEC,TCGA-EY-A1GQ-01Z-00-DX1.03D52C6F-515E-4A4F-A08E-31D773BCC67F,uni,UNI,40x,2p5x,40× ↔ 2.5×,20550,1000,10,0.07450000196695328
UCEC,TCGA-FI-A2EX-01Z-00-DX1.127F5153-745D-43E6-83CA-DE2738702C62,uni,UNI,40x,10x,40× ↔ 10×,21945,1000,10,0.2718000113964081
UCEC,TCGA-FI-A2EX-01Z-00-DX1.127F5153-745D-43E6-83CA-DE2738702C62,uni,UNI,10x,2p5x,10× ↔ 2.5×,21945,1000,10,0.2856000065803528
UCEC,TCGA-FI-A2EX-01Z-00-DX1.127F5153-745D-43E6-83CA-DE2738702C62,uni,UNI,40x,2p5x,40× ↔ 2.5×,21945,1000,10,0.16310001909732819
BLCA,TCGA-CF-A3MF-01Z-00-DX1.91768C26-5BB1-4DE6-9737-AA26BD687A75,virchow,Virchow,40x,10x,40× ↔ 10×,26138,1000,10,0.1720000058412552
BLCA,TCGA-CF-A3MF-01Z-00-DX1.91768C26-5BB1-4DE6-9737-AA26BD687A75,virchow,Virchow,10x,2p5x,10× ↔ 2.5×,26138,1000,10,0.1292000114917755
BLCA,TCGA-CF-A3MF-01Z-00-DX1.91768C26-5BB1-4DE6-9737-AA26BD687A75,virchow,Virchow,40x,2p5x,40× ↔ 2.5×,26138,1000,10,0.07760000973939896
BLCA,TCGA-CU-A0YN-01Z-00-DX1.6C5EAAAF-8F14-49D3-8FFC-9BDAE56CAFD0,virchow,Virchow,40x,10x,40× ↔ 10×,2880,1000,10,0.1598999947309494
BLCA,TCGA-CU-A0YN-01Z-00-DX1.6C5EAAAF-8F14-49D3-8FFC-9BDAE56CAFD0,virchow,Virchow,10x,2p5x,10× ↔ 2.5×,2880,1000,10,0.24020002782344818
BLCA,TCGA-CU-A0YN-01Z-00-DX1.6C5EAAAF-8F14-49D3-8FFC-9BDAE56CAFD0,virchow,Virchow,40x,2p5x,40× ↔ 2.5×,2880,1000,10,0.0983000099658966
BLCA,TCGA-DK-A6AW-01Z-00-DX1.C2453A8C-8282-443C-9E76-5B6CAD2FE69B,virchow,Virchow,40x,10x,40× ↔ 10×,15233,1000,10,0.2802000343799591
BLCA,TCGA-DK-A6AW-01Z-00-DX1.C2453A8C-8282-443C-9E76-5B6CAD2FE69B,virchow,Virchow,10x,2p5x,10× ↔ 2.5×,15233,1000,10,0.2857000231742859
BLCA,TCGA-DK-A6AW-01Z-00-DX1.C2453A8C-8282-443C-9E76-5B6CAD2FE69B,virchow,Virchow,40x,2p5x,40× ↔ 2.5×,15233,1000,10,0.17589999735355377
BLCA,TCGA-DK-AA6L-01A-01-TSA.5794F0C6-9ED6-489A-9621-18CCC5935548,virchow,Virchow,40x,10x,40× ↔ 10×,7165,1000,10,0.15700002014636993
BLCA,TCGA-DK-AA6L-01A-01-TSA.5794F0C6-9ED6-489A-9621-18CCC5935548,virchow,Virchow,10x,2p5x,10× ↔ 2.5×,7165,1000,10,0.20029999315738678
BLCA,TCGA-DK-AA6L-01A-01-TSA.5794F0C6-9ED6-489A-9621-18CCC5935548,virchow,Virchow,40x,2p5x,40× ↔ 2.5×,7165,1000,10,0.09319999814033508
BLCA,TCGA-DK-AA77-01A-01-TSA.26CAF5CB-CC4F-4522-BD2B-343FB70205FE,virchow,Virchow,40x,10x,40× ↔ 10×,3872,1000,10,0.0966000035405159
BLCA,TCGA-DK-AA77-01A-01-TSA.26CAF5CB-CC4F-4522-BD2B-343FB70205FE,virchow,Virchow,10x,2p5x,10× ↔ 2.5×,3872,1000,10,0.1900000125169754
BLCA,TCGA-DK-AA77-01A-01-TSA.26CAF5CB-CC4F-4522-BD2B-343FB70205FE,virchow,Virchow,40x,2p5x,40× ↔ 2.5×,3872,1000,10,0.05480000749230385
BLCA,TCGA-FD-A6TK-01Z-00-DX1.B685DA87-72A6-4C38-8AA1-40B6E543383C,virchow,Virchow,40x,10x,40× ↔ 10×,19445,1000,10,0.3012000322341919
BLCA,TCGA-FD-A6TK-01Z-00-DX1.B685DA87-72A6-4C38-8AA1-40B6E543383C,virchow,Virchow,10x,2p5x,10× ↔ 2.5×,19445,1000,10,0.2549000084400177
BLCA,TCGA-FD-A6TK-01Z-00-DX1.B685DA87-72A6-4C38-8AA1-40B6E543383C,virchow,Virchow,40x,2p5x,40× ↔ 2.5×,19445,1000,10,0.17000000178813934
BLCA,TCGA-GU-AATP-01Z-00-DX1.0D8EC37C-88E7-49D5-A76D-F0A4A3FD8AE4,virchow,Virchow,40x,10x,40× ↔ 10×,22018,1000,10,0.2842999994754791
BLCA,TCGA-GU-AATP-01Z-00-DX1.0D8EC37C-88E7-49D5-A76D-F0A4A3FD8AE4,virchow,Virchow,10x,2p5x,10× ↔ 2.5×,22018,1000,10,0.22910001873970032
BLCA,TCGA-GU-AATP-01Z-00-DX1.0D8EC37C-88E7-49D5-A76D-F0A4A3FD8AE4,virchow,Virchow,40x,2p5x,40× ↔ 2.5×,22018,1000,10,0.14430001378059387
BLCA,TCGA-XF-A8HB-01Z-00-DX1.D6874152-D20A-4CA4-8E8B-8CBAB5F7D7B5,virchow,Virchow,40x,10x,40× ↔ 10×,14662,1000,10,0.2649000287055969
BLCA,TCGA-XF-A8HB-01Z-00-DX1.D6874152-D20A-4CA4-8E8B-8CBAB5F7D7B5,virchow,Virchow,10x,2p5x,10× ↔ 2.5×,14662,1000,10,0.203000009059906
BLCA,TCGA-XF-A8HB-01Z-00-DX1.D6874152-D20A-4CA4-8E8B-8CBAB5F7D7B5,virchow,Virchow,40x,2p5x,40× ↔ 2.5×,14662,1000,10,0.12520000338554382
BLCA,TCGA-ZF-A9R1-01Z-00-DX1.74520759-D448-45B5-B8AD-45502C99A519,virchow,Virchow,40x,10x,40× ↔ 10×,16065,1000,10,0.32620003819465637
BLCA,TCGA-ZF-A9R1-01Z-00-DX1.74520759-D448-45B5-B8AD-45502C99A519,virchow,Virchow,10x,2p5x,10× ↔ 2.5×,16065,1000,10,0.24870000779628754
BLCA,TCGA-ZF-A9R1-01Z-00-DX1.74520759-D448-45B5-B8AD-45502C99A519,virchow,Virchow,40x,2p5x,40× ↔ 2.5×,16065,1000,10,0.1721000075340271
BLCA,TCGA-ZF-AA51-01Z-00-DX1.128C9731-C206-4E71-9A64-864FA9FD7E96,virchow,Virchow,40x,10x,40× ↔ 10×,22108,1000,10,0.325300008058548
BLCA,TCGA-ZF-AA51-01Z-00-DX1.128C9731-C206-4E71-9A64-864FA9FD7E96,virchow,Virchow,10x,2p5x,10× ↔ 2.5×,22108,1000,10,0.19940000772476196
BLCA,TCGA-ZF-AA51-01Z-00-DX1.128C9731-C206-4E71-9A64-864FA9FD7E96,virchow,Virchow,40x,2p5x,40× ↔ 2.5×,22108,1000,10,0.14920000731945038
BRCA,TCGA-A7-A2KD-01Z-00-DX1.BFF2DFC8-1D95-4DC2-98FC-5BD7D7C6CDF5,virchow,Virchow,40x,10x,40× ↔ 10×,13242,1000,10,0.20750002562999725
BRCA,TCGA-A7-A2KD-01Z-00-DX1.BFF2DFC8-1D95-4DC2-98FC-5BD7D7C6CDF5,virchow,Virchow,10x,2p5x,10× ↔ 2.5×,13242,1000,10,0.22860001027584076
BRCA,TCGA-A7-A2KD-01Z-00-DX1.BFF2DFC8-1D95-4DC2-98FC-5BD7D7C6CDF5,virchow,Virchow,40x,2p5x,40× ↔ 2.5×,13242,1000,10,0.13339999318122864
BRCA,TCGA-AN-A0G0-01Z-00-DX1.BE0BB5DF-DEDA-48D8-B5D8-2735C767F28F,virchow,Virchow,40x,10x,40× ↔ 10×,4987,1000,10,0.1567000150680542
BRCA,TCGA-AN-A0G0-01Z-00-DX1.BE0BB5DF-DEDA-48D8-B5D8-2735C767F28F,virchow,Virchow,10x,2p5x,10× ↔ 2.5×,4987,1000,10,0.2216000109910965
BRCA,TCGA-AN-A0G0-01Z-00-DX1.BE0BB5DF-DEDA-48D8-B5D8-2735C767F28F,virchow,Virchow,40x,2p5x,40× ↔ 2.5×,4987,1000,10,0.09520000964403152
BRCA,TCGA-AQ-A04L-01Z-00-DX1.F35BF4DD-896A-43C2-8DA6-C67945C003BE,virchow,Virchow,40x,10x,40× ↔ 10×,6966,1000,10,0.20489999651908875
BRCA,TCGA-AQ-A04L-01Z-00-DX1.F35BF4DD-896A-43C2-8DA6-C67945C003BE,virchow,Virchow,10x,2p5x,10× ↔ 2.5×,6966,1000,10,0.23100000619888306
BRCA,TCGA-AQ-A04L-01Z-00-DX1.F35BF4DD-896A-43C2-8DA6-C67945C003BE,virchow,Virchow,40x,2p5x,40× ↔ 2.5×,6966,1000,10,0.10140001028776169
BRCA,TCGA-AR-A2LK-01Z-00-DX1.FBD59C38-CD4E-4C22-BC74-A57C192A9BBC,virchow,Virchow,40x,10x,40× ↔ 10×,11925,1000,10,0.2331000119447708
BRCA,TCGA-AR-A2LK-01Z-00-DX1.FBD59C38-CD4E-4C22-BC74-A57C192A9BBC,virchow,Virchow,10x,2p5x,10× ↔ 2.5×,11925,1000,10,0.25280001759529114
BRCA,TCGA-AR-A2LK-01Z-00-DX1.FBD59C38-CD4E-4C22-BC74-A57C192A9BBC,virchow,Virchow,40x,2p5x,40× ↔ 2.5×,11925,1000,10,0.15220001339912415
BRCA,TCGA-AR-A5QM-01Z-00-DX1.A9017CED-FF57-4090-95B9-94DC91854347,virchow,Virchow,40x,10x,40× ↔ 10×,13639,1000,10,0.1844000220298767
BRCA,TCGA-AR-A5QM-01Z-00-DX1.A9017CED-FF57-4090-95B9-94DC91854347,virchow,Virchow,10x,2p5x,10× ↔ 2.5×,13639,1000,10,0.1988000124692917
BRCA,TCGA-AR-A5QM-01Z-00-DX1.A9017CED-FF57-4090-95B9-94DC91854347,virchow,Virchow,40x,2p5x,40× ↔ 2.5×,13639,1000,10,0.11250000447034836
BRCA,TCGA-BH-A0C1-01Z-00-DX1.21FE357E-B182-4397-BFEF-7E96E994236A,virchow,Virchow,40x,10x,40× ↔ 10×,14097,1000,10,0.23420003056526184
BRCA,TCGA-BH-A0C1-01Z-00-DX1.21FE357E-B182-4397-BFEF-7E96E994236A,virchow,Virchow,10x,2p5x,10× ↔ 2.5×,14097,1000,10,0.2582000195980072
BRCA,TCGA-BH-A0C1-01Z-00-DX1.21FE357E-B182-4397-BFEF-7E96E994236A,virchow,Virchow,40x,2p5x,40× ↔ 2.5×,14097,1000,10,0.14750000834465027
BRCA,TCGA-D8-A1X8-01Z-00-DX1.DDA3866E-C7CC-4650-BE2B-5C9A98A2D531,virchow,Virchow,40x,10x,40× ↔ 10×,13628,1000,10,0.2639000117778778
BRCA,TCGA-D8-A1X8-01Z-00-DX1.DDA3866E-C7CC-4650-BE2B-5C9A98A2D531,virchow,Virchow,10x,2p5x,10× ↔ 2.5×,13628,1000,10,0.25710001587867737
BRCA,TCGA-D8-A1X8-01Z-00-DX1.DDA3866E-C7CC-4650-BE2B-5C9A98A2D531,virchow,Virchow,40x,2p5x,40× ↔ 2.5×,13628,1000,10,0.15389999747276306
BRCA,TCGA-E2-A14P-01Z-00-DX1.663B02FF-C64B-41A6-8685-FD61CD76F9C6,virchow,Virchow,40x,10x,40× ↔ 10×,17521,1000,10,0.23820002377033234
BRCA,TCGA-E2-A14P-01Z-00-DX1.663B02FF-C64B-41A6-8685-FD61CD76F9C6,virchow,Virchow,10x,2p5x,10× ↔ 2.5×,17521,1000,10,0.2038000077009201
BRCA,TCGA-E2-A14P-01Z-00-DX1.663B02FF-C64B-41A6-8685-FD61CD76F9C6,virchow,Virchow,40x,2p5x,40× ↔ 2.5×,17521,1000,10,0.1267000138759613
BRCA,TCGA-E2-A1LA-01Z-00-DX1.AE49E943-B830-4ED9-B09E-E499441BC2EC,virchow,Virchow,40x,10x,40× ↔ 10×,16576,1000,10,0.32739999890327454
BRCA,TCGA-E2-A1LA-01Z-00-DX1.AE49E943-B830-4ED9-B09E-E499441BC2EC,virchow,Virchow,10x,2p5x,10× ↔ 2.5×,16576,1000,10,0.3143000304698944
BRCA,TCGA-E2-A1LA-01Z-00-DX1.AE49E943-B830-4ED9-B09E-E499441BC2EC,virchow,Virchow,40x,2p5x,40× ↔ 2.5×,16576,1000,10,0.21560001373291016
BRCA,TCGA-GM-A3XN-01Z-00-DX1.49F5C8AC-0328-4BC2-9FE2-E7150B7A42E2,virchow,Virchow,40x,10x,40× ↔ 10×,18199,1000,10,0.2240000069141388
BRCA,TCGA-GM-A3XN-01Z-00-DX1.49F5C8AC-0328-4BC2-9FE2-E7150B7A42E2,virchow,Virchow,10x,2p5x,10× ↔ 2.5×,18199,1000,10,0.20550000667572021
BRCA,TCGA-GM-A3XN-01Z-00-DX1.49F5C8AC-0328-4BC2-9FE2-E7150B7A42E2,virchow,Virchow,40x,2p5x,40× ↔ 2.5×,18199,1000,10,0.12720000743865967
COAD,TCGA-AY-A8YK-01Z-00-DX1.89E3C546-0425-449B-A6FB-1C35168EA7EB,virchow,Virchow,40x,10x,40× ↔ 10×,8285,1000,10,0.20490002632141113
COAD,TCGA-AY-A8YK-01Z-00-DX1.89E3C546-0425-449B-A6FB-1C35168EA7EB,virchow,Virchow,10x,2p5x,10× ↔ 2.5×,8285,1000,10,0.24210001528263092
COAD,TCGA-AY-A8YK-01Z-00-DX1.89E3C546-0425-449B-A6FB-1C35168EA7EB,virchow,Virchow,40x,2p5x,40× ↔ 2.5×,8285,1000,10,0.12190001457929611
COAD,TCGA-CK-4947-01Z-00-DX1.b257d5fd-b97b-4987-b088-77f044ca7fe2,virchow,Virchow,40x,10x,40× ↔ 10×,23336,1000,10,0.20310001075267792
COAD,TCGA-CK-4947-01Z-00-DX1.b257d5fd-b97b-4987-b088-77f044ca7fe2,virchow,Virchow,10x,2p5x,10× ↔ 2.5×,23336,1000,10,0.2013000100851059
COAD,TCGA-CK-4947-01Z-00-DX1.b257d5fd-b97b-4987-b088-77f044ca7fe2,virchow,Virchow,40x,2p5x,40× ↔ 2.5×,23336,1000,10,0.13870002329349518
COAD,TCGA-CM-6168-01Z-00-DX1.96af6eb2-9d51-4671-baf8-1a73d0c66869,virchow,Virchow,40x,10x,40× ↔ 10×,24102,1000,10,0.27730002999305725
COAD,TCGA-CM-6168-01Z-00-DX1.96af6eb2-9d51-4671-baf8-1a73d0c66869,virchow,Virchow,10x,2p5x,10× ↔ 2.5×,24102,1000,10,0.275299996137619
COAD,TCGA-CM-6168-01Z-00-DX1.96af6eb2-9d51-4671-baf8-1a73d0c66869,virchow,Virchow,40x,2p5x,40× ↔ 2.5×,24102,1000,10,0.17810001969337463
COAD,TCGA-CM-6169-01Z-00-DX1.0381c243-02b8-4f1d-840c-19ef44d4b92c,virchow,Virchow,40x,10x,40× ↔ 10×,18522,1000,10,0.21230003237724304
COAD,TCGA-CM-6169-01Z-00-DX1.0381c243-02b8-4f1d-840c-19ef44d4b92c,virchow,Virchow,10x,2p5x,10× ↔ 2.5×,18522,1000,10,0.20900000631809235
COAD,TCGA-CM-6169-01Z-00-DX1.0381c243-02b8-4f1d-840c-19ef44d4b92c,virchow,Virchow,40x,2p5x,40× ↔ 2.5×,18522,1000,10,0.12220001220703125
COAD,TCGA-G4-6309-01Z-00-DX1.3eb20fdc-eb86-4bd5-8194-76b02d4fa472,virchow,Virchow,40x,10x,40× ↔ 10×,17070,1000,10,0.26989999413490295
COAD,TCGA-G4-6309-01Z-00-DX1.3eb20fdc-eb86-4bd5-8194-76b02d4fa472,virchow,Virchow,10x,2p5x,10× ↔ 2.5×,17070,1000,10,0.2541000247001648
COAD,TCGA-G4-6309-01Z-00-DX1.3eb20fdc-eb86-4bd5-8194-76b02d4fa472,virchow,Virchow,40x,2p5x,40× ↔ 2.5×,17070,1000,10,0.16830001771450043
COAD,TCGA-G4-6310-01Z-00-DX1.b88472d4-3adc-4e4d-b0f2-0dc195a3d7df,virchow,Virchow,40x,10x,40× ↔ 10×,16917,1000,10,0.25940003991127014
COAD,TCGA-G4-6310-01Z-00-DX1.b88472d4-3adc-4e4d-b0f2-0dc195a3d7df,virchow,Virchow,10x,2p5x,10× ↔ 2.5×,16917,1000,10,0.2653999924659729
COAD,TCGA-G4-6310-01Z-00-DX1.b88472d4-3adc-4e4d-b0f2-0dc195a3d7df,virchow,Virchow,40x,2p5x,40× ↔ 2.5×,16917,1000,10,0.17330001294612885
COAD,TCGA-G4-6588-01Z-00-DX1.0747172e-f630-4b7c-9341-55078585ae00,virchow,Virchow,40x,10x,40× ↔ 10×,20553,1000,10,0.24379999935626984
COAD,TCGA-G4-6588-01Z-00-DX1.0747172e-f630-4b7c-9341-55078585ae00,virchow,Virchow,10x,2p5x,10× ↔ 2.5×,20553,1000,10,0.25790002942085266
COAD,TCGA-G4-6588-01Z-00-DX1.0747172e-f630-4b7c-9341-55078585ae00,virchow,Virchow,40x,2p5x,40× ↔ 2.5×,20553,1000,10,0.14730000495910645
HNSC,TCGA-BA-6871-01Z-00-DX1.4d9ca329-f8d5-4c31-a20f-9d4fba728326,virchow,Virchow,40x,10x,40× ↔ 10×,14718,1000,10,0.17440000176429749
HNSC,TCGA-BA-6871-01Z-00-DX1.4d9ca329-f8d5-4c31-a20f-9d4fba728326,virchow,Virchow,10x,2p5x,10× ↔ 2.5×,14718,1000,10,0.15720002353191376
HNSC,TCGA-BA-6871-01Z-00-DX1.4d9ca329-f8d5-4c31-a20f-9d4fba728326,virchow,Virchow,40x,2p5x,40× ↔ 2.5×,14718,1000,10,0.08820001035928726
HNSC,TCGA-BA-6872-01Z-00-DX1.F99F6394-D319-4599-B124-D2A6692FA096,virchow,Virchow,40x,10x,40× ↔ 10×,7720,1000,10,0.14740000665187836
HNSC,TCGA-BA-6872-01Z-00-DX1.F99F6394-D319-4599-B124-D2A6692FA096,virchow,Virchow,10x,2p5x,10× ↔ 2.5×,7720,1000,10,0.22140000760555267
HNSC,TCGA-BA-6872-01Z-00-DX1.F99F6394-D319-4599-B124-D2A6692FA096,virchow,Virchow,40x,2p5x,40× ↔ 2.5×,7720,1000,10,0.09450000524520874
HNSC,TCGA-CN-A6V7-01A-01-TS1.F54912D3-1E21-4605-ACFC-142973524AE2,virchow,Virchow,40x,10x,40× ↔ 10×,2536,1000,10,0.10040001571178436
HNSC,TCGA-CN-A6V7-01A-01-TS1.F54912D3-1E21-4605-ACFC-142973524AE2,virchow,Virchow,10x,2p5x,10× ↔ 2.5×,2536,1000,10,0.24020002782344818
HNSC,TCGA-CN-A6V7-01A-01-TS1.F54912D3-1E21-4605-ACFC-142973524AE2,virchow,Virchow,40x,2p5x,40× ↔ 2.5×,2536,1000,10,0.07190000265836716
HNSC,TCGA-CV-6935-01Z-00-DX1.9C449CB2-FB6D-41D1-A4A6-3069DC84A697,virchow,Virchow,40x,10x,40× ↔ 10×,12224,1000,10,0.1664000004529953
HNSC,TCGA-CV-6935-01Z-00-DX1.9C449CB2-FB6D-41D1-A4A6-3069DC84A697,virchow,Virchow,10x,2p5x,10× ↔ 2.5×,12224,1000,10,0.19280001521110535
HNSC,TCGA-CV-6935-01Z-00-DX1.9C449CB2-FB6D-41D1-A4A6-3069DC84A697,virchow,Virchow,40x,2p5x,40× ↔ 2.5×,12224,1000,10,0.09600000083446503
HNSC,TCGA-CV-A45O-01Z-00-DX1.8CBD0CCC-C815-475D-87F9-76272F4F715B,virchow,Virchow,40x,10x,40× ↔ 10×,14844,1000,10,0.24550001323223114
HNSC,TCGA-CV-A45O-01Z-00-DX1.8CBD0CCC-C815-475D-87F9-76272F4F715B,virchow,Virchow,10x,2p5x,10× ↔ 2.5×,14844,1000,10,0.22380000352859497
HNSC,TCGA-CV-A45O-01Z-00-DX1.8CBD0CCC-C815-475D-87F9-76272F4F715B,virchow,Virchow,40x,2p5x,40× ↔ 2.5×,14844,1000,10,0.1371999979019165
HNSC,TCGA-CV-A6JE-01Z-00-DX1.20137D17-19B3-49FF-9C3D-60933157E409,virchow,Virchow,40x,10x,40× ↔ 10×,26402,1000,10,0.24050001800060272
HNSC,TCGA-CV-A6JE-01Z-00-DX1.20137D17-19B3-49FF-9C3D-60933157E409,virchow,Virchow,10x,2p5x,10× ↔ 2.5×,26402,1000,10,0.23920001089572906
HNSC,TCGA-CV-A6JE-01Z-00-DX1.20137D17-19B3-49FF-9C3D-60933157E409,virchow,Virchow,40x,2p5x,40× ↔ 2.5×,26402,1000,10,0.12849999964237213
HNSC,TCGA-CV-A6JU-01Z-00-DX1.35A3A1F0-9D6C-4794-B501-E56E48C51DF9,virchow,Virchow,40x,10x,40× ↔ 10×,21938,1000,10,0.2768000066280365
HNSC,TCGA-CV-A6JU-01Z-00-DX1.35A3A1F0-9D6C-4794-B501-E56E48C51DF9,virchow,Virchow,10x,2p5x,10× ↔ 2.5×,21938,1000,10,0.2168000191450119
HNSC,TCGA-CV-A6JU-01Z-00-DX1.35A3A1F0-9D6C-4794-B501-E56E48C51DF9,virchow,Virchow,40x,2p5x,40× ↔ 2.5×,21938,1000,10,0.13379999995231628
HNSC,TCGA-UF-A719-01Z-00-DX1.4C4ECC2C-C390-4C5E-A709-CF08C113F1A1,virchow,Virchow,40x,10x,40× ↔ 10×,21546,1000,10,0.27990004420280457
HNSC,TCGA-UF-A719-01Z-00-DX1.4C4ECC2C-C390-4C5E-A709-CF08C113F1A1,virchow,Virchow,10x,2p5x,10× ↔ 2.5×,21546,1000,10,0.2297000139951706
HNSC,TCGA-UF-A719-01Z-00-DX1.4C4ECC2C-C390-4C5E-A709-CF08C113F1A1,virchow,Virchow,40x,2p5x,40× ↔ 2.5×,21546,1000,10,0.14790001511573792
KIRC,TCGA-A3-3346-01Z-00-DX1.95280216-fd71-4a03-b452-6e3d667f2542,virchow,Virchow,40x,10x,40× ↔ 10×,2240,1000,10,0.16840000450611115
KIRC,TCGA-A3-3346-01Z-00-DX1.95280216-fd71-4a03-b452-6e3d667f2542,virchow,Virchow,10x,2p5x,10× ↔ 2.5×,2240,1000,10,0.3002000153064728
KIRC,TCGA-A3-3346-01Z-00-DX1.95280216-fd71-4a03-b452-6e3d667f2542,virchow,Virchow,40x,2p5x,40× ↔ 2.5×,2240,1000,10,0.139800027012825
KIRC,TCGA-A3-A8CQ-01Z-00-DX1.78DA0827-5FB8-4B9F-A845-22F85830B5FB,virchow,Virchow,40x,10x,40× ↔ 10×,1395,1000,10,0.1349000185728073
KIRC,TCGA-A3-A8CQ-01Z-00-DX1.78DA0827-5FB8-4B9F-A845-22F85830B5FB,virchow,Virchow,10x,2p5x,10× ↔ 2.5×,1395,1000,10,0.3343999981880188
KIRC,TCGA-A3-A8CQ-01Z-00-DX1.78DA0827-5FB8-4B9F-A845-22F85830B5FB,virchow,Virchow,40x,2p5x,40× ↔ 2.5×,1395,1000,10,0.11720000207424164
KIRC,TCGA-AK-3444-01Z-00-DX1.1F0E0B47-29FF-456F-800A-539983FDCFAA,virchow,Virchow,40x,10x,40× ↔ 10×,5029,1000,10,0.169700026512146
KIRC,TCGA-AK-3444-01Z-00-DX1.1F0E0B47-29FF-456F-800A-539983FDCFAA,virchow,Virchow,10x,2p5x,10× ↔ 2.5×,5029,1000,10,0.23610001802444458
KIRC,TCGA-AK-3444-01Z-00-DX1.1F0E0B47-29FF-456F-800A-539983FDCFAA,virchow,Virchow,40x,2p5x,40× ↔ 2.5×,5029,1000,10,0.13300000131130219
KIRC,TCGA-B0-5094-01Z-00-DX1.eac31fe2-09da-4ecf-8e25-c073cbb03295,virchow,Virchow,40x,10x,40× ↔ 10×,23201,1000,10,0.2168000340461731
KIRC,TCGA-B0-5094-01Z-00-DX1.eac31fe2-09da-4ecf-8e25-c073cbb03295,virchow,Virchow,10x,2p5x,10× ↔ 2.5×,23201,1000,10,0.20930002629756927
KIRC,TCGA-B0-5094-01Z-00-DX1.eac31fe2-09da-4ecf-8e25-c073cbb03295,virchow,Virchow,40x,2p5x,40× ↔ 2.5×,23201,1000,10,0.14070001244544983
KIRC,TCGA-B0-5106-01Z-00-DX1.564e51a3-be50-4eed-ba9c-4d478b96ffc6,virchow,Virchow,40x,10x,40× ↔ 10×,26156,1000,10,0.1925000101327896
KIRC,TCGA-B0-5106-01Z-00-DX1.564e51a3-be50-4eed-ba9c-4d478b96ffc6,virchow,Virchow,10x,2p5x,10× ↔ 2.5×,26156,1000,10,0.23090000450611115
KIRC,TCGA-B0-5106-01Z-00-DX1.564e51a3-be50-4eed-ba9c-4d478b96ffc6,virchow,Virchow,40x,2p5x,40× ↔ 2.5×,26156,1000,10,0.11390000581741333
KIRC,TCGA-B0-5711-01Z-00-DX1.6839921f-ec08-4e94-8bf9-4b5a4fcdda45,virchow,Virchow,40x,10x,40× ↔ 10×,23048,1000,10,0.1972000151872635
KIRC,TCGA-B0-5711-01Z-00-DX1.6839921f-ec08-4e94-8bf9-4b5a4fcdda45,virchow,Virchow,10x,2p5x,10× ↔ 2.5×,23048,1000,10,0.24800001084804535
KIRC,TCGA-B0-5711-01Z-00-DX1.6839921f-ec08-4e94-8bf9-4b5a4fcdda45,virchow,Virchow,40x,2p5x,40× ↔ 2.5×,23048,1000,10,0.14740002155303955
KIRC,TCGA-B2-5633-01Z-00-DX1.c55a29ca-468e-46de-9ff5-a51f46fe09fd,virchow,Virchow,40x,10x,40× ↔ 10×,3974,1000,10,0.2039000242948532
KIRC,TCGA-B2-5633-01Z-00-DX1.c55a29ca-468e-46de-9ff5-a51f46fe09fd,virchow,Virchow,10x,2p5x,10× ↔ 2.5×,3974,1000,10,0.2558000087738037
KIRC,TCGA-B2-5633-01Z-00-DX1.c55a29ca-468e-46de-9ff5-a51f46fe09fd,virchow,Virchow,40x,2p5x,40× ↔ 2.5×,3974,1000,10,0.1388999968767166
KIRC,TCGA-BP-4991-01Z-00-DX1.71305f5c-ca59-48fa-bb82-4b441c1fffdc,virchow,Virchow,40x,10x,40× ↔ 10×,31068,1000,10,0.2290000170469284
KIRC,TCGA-BP-4991-01Z-00-DX1.71305f5c-ca59-48fa-bb82-4b441c1fffdc,virchow,Virchow,10x,2p5x,10× ↔ 2.5×,31068,1000,10,0.2574000358581543
KIRC,TCGA-BP-4991-01Z-00-DX1.71305f5c-ca59-48fa-bb82-4b441c1fffdc,virchow,Virchow,40x,2p5x,40× ↔ 2.5×,31068,1000,10,0.13850000500679016
KIRC,TCGA-BP-5201-01Z-00-DX1.d1a9878e-bb97-48fb-9098-9d9337f06250,virchow,Virchow,40x,10x,40× ↔ 10×,12763,1000,10,0.13190001249313354
KIRC,TCGA-BP-5201-01Z-00-DX1.d1a9878e-bb97-48fb-9098-9d9337f06250,virchow,Virchow,10x,2p5x,10× ↔ 2.5×,12763,1000,10,0.16860000789165497
KIRC,TCGA-BP-5201-01Z-00-DX1.d1a9878e-bb97-48fb-9098-9d9337f06250,virchow,Virchow,40x,2p5x,40× ↔ 2.5×,12763,1000,10,0.08800000697374344
LUAD,TCGA-55-6986-01Z-00-DX1.ae52d41e-3cd6-4d36-b04b-2ea7d29bd8da,virchow,Virchow,40x,10x,40× ↔ 10×,5951,1000,10,0.1859000027179718
LUAD,TCGA-55-6986-01Z-00-DX1.ae52d41e-3cd6-4d36-b04b-2ea7d29bd8da,virchow,Virchow,10x,2p5x,10× ↔ 2.5×,5951,1000,10,0.22770002484321594
LUAD,TCGA-55-6986-01Z-00-DX1.ae52d41e-3cd6-4d36-b04b-2ea7d29bd8da,virchow,Virchow,40x,2p5x,40× ↔ 2.5×,5951,1000,10,0.12459999322891235
LUAD,TCGA-64-5779-01Z-00-DX1.B3268447-DCE0-4927-B5A9-EC4D61E9B17D,virchow,Virchow,40x,10x,40× ↔ 10×,15338,1000,10,0.17920000851154327
LUAD,TCGA-64-5779-01Z-00-DX1.B3268447-DCE0-4927-B5A9-EC4D61E9B17D,virchow,Virchow,10x,2p5x,10× ↔ 2.5×,15338,1000,10,0.12550000846385956
LUAD,TCGA-64-5779-01Z-00-DX1.B3268447-DCE0-4927-B5A9-EC4D61E9B17D,virchow,Virchow,40x,2p5x,40× ↔ 2.5×,15338,1000,10,0.07700000703334808
LUAD,TCGA-78-7158-01Z-00-DX1.74db3dcd-2715-4ce7-8e48-30c8b7946ba0,virchow,Virchow,40x,10x,40× ↔ 10×,23198,1000,10,0.11060000956058502
LUAD,TCGA-78-7158-01Z-00-DX1.74db3dcd-2715-4ce7-8e48-30c8b7946ba0,virchow,Virchow,10x,2p5x,10× ↔ 2.5×,23198,1000,10,0.1339000016450882
LUAD,TCGA-78-7158-01Z-00-DX1.74db3dcd-2715-4ce7-8e48-30c8b7946ba0,virchow,Virchow,40x,2p5x,40× ↔ 2.5×,23198,1000,10,0.07520000636577606
LUAD,TCGA-78-7163-01Z-00-DX1.42880bdf-271d-41dd-aada-e7ec1156ff31,virchow,Virchow,40x,10x,40× ↔ 10×,21422,1000,10,0.13199999928474426
LUAD,TCGA-78-7163-01Z-00-DX1.42880bdf-271d-41dd-aada-e7ec1156ff31,virchow,Virchow,10x,2p5x,10× ↔ 2.5×,21422,1000,10,0.17069999873638153
LUAD,TCGA-78-7163-01Z-00-DX1.42880bdf-271d-41dd-aada-e7ec1156ff31,virchow,Virchow,40x,2p5x,40× ↔ 2.5×,21422,1000,10,0.08270000666379929
LUAD,TCGA-78-7536-01Z-00-DX1.6b066140-8b82-40a5-bd48-430eeb4463fe,virchow,Virchow,40x,10x,40× ↔ 10×,32971,1000,10,0.1096000149846077
LUAD,TCGA-78-7536-01Z-00-DX1.6b066140-8b82-40a5-bd48-430eeb4463fe,virchow,Virchow,10x,2p5x,10× ↔ 2.5×,32971,1000,10,0.10700000822544098
LUAD,TCGA-78-7536-01Z-00-DX1.6b066140-8b82-40a5-bd48-430eeb4463fe,virchow,Virchow,40x,2p5x,40× ↔ 2.5×,32971,1000,10,0.05740000307559967
LUAD,TCGA-86-8668-01Z-00-DX1.d720d486-02c7-4f98-8feb-e0e50a12c158,virchow,Virchow,40x,10x,40× ↔ 10×,14624,1000,10,0.16130003333091736
LUAD,TCGA-86-8668-01Z-00-DX1.d720d486-02c7-4f98-8feb-e0e50a12c158,virchow,Virchow,10x,2p5x,10× ↔ 2.5×,14624,1000,10,0.188400000333786
LUAD,TCGA-86-8668-01Z-00-DX1.d720d486-02c7-4f98-8feb-e0e50a12c158,virchow,Virchow,40x,2p5x,40× ↔ 2.5×,14624,1000,10,0.10220000147819519
LUAD,TCGA-97-A4LX-01Z-00-DX1.B2334672-A626-4E74-B4D1-A79F70F65909,virchow,Virchow,40x,10x,40× ↔ 10×,19346,1000,10,0.14320002496242523
LUAD,TCGA-97-A4LX-01Z-00-DX1.B2334672-A626-4E74-B4D1-A79F70F65909,virchow,Virchow,10x,2p5x,10× ↔ 2.5×,19346,1000,10,0.11280000954866409
LUAD,TCGA-97-A4LX-01Z-00-DX1.B2334672-A626-4E74-B4D1-A79F70F65909,virchow,Virchow,40x,2p5x,40× ↔ 2.5×,19346,1000,10,0.06980000436306
LUAD,TCGA-97-A4M2-01Z-00-DX1.5C72522C-1538-4D68-B517-5FB05A9D401A,virchow,Virchow,40x,10x,40× ↔ 10×,8962,1000,10,0.17550000548362732
LUAD,TCGA-97-A4M2-01Z-00-DX1.5C72522C-1538-4D68-B517-5FB05A9D401A,virchow,Virchow,10x,2p5x,10× ↔ 2.5×,8962,1000,10,0.18010000884532928
LUAD,TCGA-97-A4M2-01Z-00-DX1.5C72522C-1538-4D68-B517-5FB05A9D401A,virchow,Virchow,40x,2p5x,40× ↔ 2.5×,8962,1000,10,0.10100000351667404
LUAD,TCGA-J2-A4AE-01Z-00-DX1.42C5DE4A-7787-4E59-8969-D12503262C96,virchow,Virchow,40x,10x,40× ↔ 10×,14491,1000,10,0.15540000796318054
LUAD,TCGA-J2-A4AE-01Z-00-DX1.42C5DE4A-7787-4E59-8969-D12503262C96,virchow,Virchow,10x,2p5x,10× ↔ 2.5×,14491,1000,10,0.19110001623630524
LUAD,TCGA-J2-A4AE-01Z-00-DX1.42C5DE4A-7787-4E59-8969-D12503262C96,virchow,Virchow,40x,2p5x,40× ↔ 2.5×,14491,1000,10,0.09680000692605972
STAD,TCGA-BR-6452-01Z-00-DX1.aec8246e-9dce-436d-9faa-df8fa1f6e47c,virchow,Virchow,40x,10x,40× ↔ 10×,15303,1000,10,0.21070002019405365
STAD,TCGA-BR-6452-01Z-00-DX1.aec8246e-9dce-436d-9faa-df8fa1f6e47c,virchow,Virchow,10x,2p5x,10× ↔ 2.5×,15303,1000,10,0.22430002689361572
STAD,TCGA-BR-6452-01Z-00-DX1.aec8246e-9dce-436d-9faa-df8fa1f6e47c,virchow,Virchow,40x,2p5x,40× ↔ 2.5×,15303,1000,10,0.14230000972747803
STAD,TCGA-BR-6454-01Z-00-DX1.63fb6280-2b43-49b2-960a-eb9c0e8b617c,virchow,Virchow,40x,10x,40× ↔ 10×,15740,1000,10,0.12680001556873322
STAD,TCGA-BR-6454-01Z-00-DX1.63fb6280-2b43-49b2-960a-eb9c0e8b617c,virchow,Virchow,10x,2p5x,10× ↔ 2.5×,15740,1000,10,0.1527000069618225
STAD,TCGA-BR-6454-01Z-00-DX1.63fb6280-2b43-49b2-960a-eb9c0e8b617c,virchow,Virchow,40x,2p5x,40× ↔ 2.5×,15740,1000,10,0.0723000094294548
STAD,TCGA-BR-A4CQ-01Z-00-DX1.B63282A5-154D-441B-BF96-5BB26CB6D95E,virchow,Virchow,40x,10x,40× ↔ 10×,13809,1000,10,0.2386000156402588
STAD,TCGA-BR-A4CQ-01Z-00-DX1.B63282A5-154D-441B-BF96-5BB26CB6D95E,virchow,Virchow,10x,2p5x,10× ↔ 2.5×,13809,1000,10,0.25210002064704895
STAD,TCGA-BR-A4CQ-01Z-00-DX1.B63282A5-154D-441B-BF96-5BB26CB6D95E,virchow,Virchow,40x,2p5x,40× ↔ 2.5×,13809,1000,10,0.13850000500679016
STAD,TCGA-CD-A487-01Z-00-DX1.A026BD2F-B721-4340-83D5-7AA39227C90F,virchow,Virchow,40x,10x,40× ↔ 10×,20251,1000,10,0.27810001373291016
STAD,TCGA-CD-A487-01Z-00-DX1.A026BD2F-B721-4340-83D5-7AA39227C90F,virchow,Virchow,10x,2p5x,10× ↔ 2.5×,20251,1000,10,0.3077000379562378
STAD,TCGA-CD-A487-01Z-00-DX1.A026BD2F-B721-4340-83D5-7AA39227C90F,virchow,Virchow,40x,2p5x,40× ↔ 2.5×,20251,1000,10,0.18860001862049103
STAD,TCGA-FP-8209-01Z-00-DX1.a5e13081-1631-44d4-8d6a-c229a22c2311,virchow,Virchow,40x,10x,40× ↔ 10×,3901,1000,10,0.27959999442100525
STAD,TCGA-FP-8209-01Z-00-DX1.a5e13081-1631-44d4-8d6a-c229a22c2311,virchow,Virchow,10x,2p5x,10× ↔ 2.5×,3901,1000,10,0.3472999930381775
STAD,TCGA-FP-8209-01Z-00-DX1.a5e13081-1631-44d4-8d6a-c229a22c2311,virchow,Virchow,40x,2p5x,40× ↔ 2.5×,3901,1000,10,0.2135000228881836
STAD,TCGA-SW-A7EA-01Z-00-DX1.C5E1BE0E-0A25-4480-A3AC-DB2ED7471A4E,virchow,Virchow,40x,10x,40× ↔ 10×,6449,1000,10,0.19930000603199005
STAD,TCGA-SW-A7EA-01Z-00-DX1.C5E1BE0E-0A25-4480-A3AC-DB2ED7471A4E,virchow,Virchow,10x,2p5x,10× ↔ 2.5×,6449,1000,10,0.2866000235080719
STAD,TCGA-SW-A7EA-01Z-00-DX1.C5E1BE0E-0A25-4480-A3AC-DB2ED7471A4E,virchow,Virchow,40x,2p5x,40× ↔ 2.5×,6449,1000,10,0.13590000569820404
STAD,TCGA-VQ-A8PY-01Z-00-DX1.EA2C7386-012A-442A-95B3-FFA12BD2684D,virchow,Virchow,40x,10x,40× ↔ 10×,22399,1000,10,0.31380003690719604
STAD,TCGA-VQ-A8PY-01Z-00-DX1.EA2C7386-012A-442A-95B3-FFA12BD2684D,virchow,Virchow,10x,2p5x,10× ↔ 2.5×,22399,1000,10,0.28530004620552063
STAD,TCGA-VQ-A8PY-01Z-00-DX1.EA2C7386-012A-442A-95B3-FFA12BD2684D,virchow,Virchow,40x,2p5x,40× ↔ 2.5×,22399,1000,10,0.18330003321170807
STAD,TCGA-VQ-A924-01Z-00-DX1.736B41F3-9678-4FAF-AE86-FCAC4F6DCBD3,virchow,Virchow,40x,10x,40× ↔ 10×,12960,1000,10,0.17980001866817474
STAD,TCGA-VQ-A924-01Z-00-DX1.736B41F3-9678-4FAF-AE86-FCAC4F6DCBD3,virchow,Virchow,10x,2p5x,10× ↔ 2.5×,12960,1000,10,0.2444000244140625
STAD,TCGA-VQ-A924-01Z-00-DX1.736B41F3-9678-4FAF-AE86-FCAC4F6DCBD3,virchow,Virchow,40x,2p5x,40× ↔ 2.5×,12960,1000,10,0.12090000510215759
STAD,TCGA-ZQ-A9CR-01Z-00-DX1.C9AC9991-7054-4068-A7AA-9D1EB7F040A3,virchow,Virchow,40x,10x,40× ↔ 10×,31585,1000,10,0.25710001587867737
STAD,TCGA-ZQ-A9CR-01Z-00-DX1.C9AC9991-7054-4068-A7AA-9D1EB7F040A3,virchow,Virchow,10x,2p5x,10× ↔ 2.5×,31585,1000,10,0.24880002439022064
STAD,TCGA-ZQ-A9CR-01Z-00-DX1.C9AC9991-7054-4068-A7AA-9D1EB7F040A3,virchow,Virchow,40x,2p5x,40× ↔ 2.5×,31585,1000,10,0.15810000896453857
UCEC,TCGA-A5-A0GX-01Z-00-DX1.7E713D1A-5858-4648-957D-77189E43CFAA,virchow,Virchow,40x,10x,40× ↔ 10×,26039,1000,10,0.21530000865459442
UCEC,TCGA-A5-A0GX-01Z-00-DX1.7E713D1A-5858-4648-957D-77189E43CFAA,virchow,Virchow,10x,2p5x,10× ↔ 2.5×,26039,1000,10,0.19770002365112305
UCEC,TCGA-A5-A0GX-01Z-00-DX1.7E713D1A-5858-4648-957D-77189E43CFAA,virchow,Virchow,40x,2p5x,40× ↔ 2.5×,26039,1000,10,0.11790000647306442
UCEC,TCGA-A5-A0R7-01Z-00-DX1.D21E6974-22A3-4A68-8B4E-14E84A7A50A5,virchow,Virchow,40x,10x,40× ↔ 10×,45564,1000,10,0.1981000155210495
UCEC,TCGA-A5-A0R7-01Z-00-DX1.D21E6974-22A3-4A68-8B4E-14E84A7A50A5,virchow,Virchow,10x,2p5x,10× ↔ 2.5×,45564,1000,10,0.15890002250671387
UCEC,TCGA-A5-A0R7-01Z-00-DX1.D21E6974-22A3-4A68-8B4E-14E84A7A50A5,virchow,Virchow,40x,2p5x,40× ↔ 2.5×,45564,1000,10,0.10010001063346863
UCEC,TCGA-AX-A05U-01Z-00-DX1.1EBFC727-B5D5-4543-BBA9-4254ABD3D584,virchow,Virchow,40x,10x,40× ↔ 10×,42082,1000,10,0.22370001673698425
UCEC,TCGA-AX-A05U-01Z-00-DX1.1EBFC727-B5D5-4543-BBA9-4254ABD3D584,virchow,Virchow,10x,2p5x,10× ↔ 2.5×,42082,1000,10,0.21300001442432404
UCEC,TCGA-AX-A05U-01Z-00-DX1.1EBFC727-B5D5-4543-BBA9-4254ABD3D584,virchow,Virchow,40x,2p5x,40× ↔ 2.5×,42082,1000,10,0.13450002670288086
UCEC,TCGA-AX-A06B-01Z-00-DX2.1757C039-99F7-4087-A9E5-D340AF7220D4,virchow,Virchow,40x,10x,40× ↔ 10×,10560,1000,10,0.20730000734329224
UCEC,TCGA-AX-A06B-01Z-00-DX2.1757C039-99F7-4087-A9E5-D340AF7220D4,virchow,Virchow,10x,2p5x,10× ↔ 2.5×,10560,1000,10,0.2249000072479248
UCEC,TCGA-AX-A06B-01Z-00-DX2.1757C039-99F7-4087-A9E5-D340AF7220D4,virchow,Virchow,40x,2p5x,40× ↔ 2.5×,10560,1000,10,0.1429000049829483
UCEC,TCGA-AX-A0J0-01Z-00-DX2.56C668BE-03B8-4B87-A226-AABD97D53C38,virchow,Virchow,40x,10x,40× ↔ 10×,34978,1000,10,0.23480002582073212
UCEC,TCGA-AX-A0J0-01Z-00-DX2.56C668BE-03B8-4B87-A226-AABD97D53C38,virchow,Virchow,10x,2p5x,10× ↔ 2.5×,34978,1000,10,0.19709999859333038
UCEC,TCGA-AX-A0J0-01Z-00-DX2.56C668BE-03B8-4B87-A226-AABD97D53C38,virchow,Virchow,40x,2p5x,40× ↔ 2.5×,34978,1000,10,0.1339000016450882
UCEC,TCGA-B5-A11F-01Z-00-DX1.3F1C053D-E81E-4C8D-965D-6F3DE29D9511,virchow,Virchow,40x,10x,40× ↔ 10×,22717,1000,10,0.21610002219676971
UCEC,TCGA-B5-A11F-01Z-00-DX1.3F1C053D-E81E-4C8D-965D-6F3DE29D9511,virchow,Virchow,10x,2p5x,10× ↔ 2.5×,22717,1000,10,0.23090000450611115
UCEC,TCGA-B5-A11F-01Z-00-DX1.3F1C053D-E81E-4C8D-965D-6F3DE29D9511,virchow,Virchow,40x,2p5x,40× ↔ 2.5×,22717,1000,10,0.12450000643730164
UCEC,TCGA-BG-A0W1-01Z-00-DX1.8E06269C-1278-478B-A128-59FA911B1649,virchow,Virchow,40x,10x,40× ↔ 10×,26648,1000,10,0.2322000116109848
UCEC,TCGA-BG-A0W1-01Z-00-DX1.8E06269C-1278-478B-A128-59FA911B1649,virchow,Virchow,10x,2p5x,10× ↔ 2.5×,26648,1000,10,0.21380001306533813
UCEC,TCGA-BG-A0W1-01Z-00-DX1.8E06269C-1278-478B-A128-59FA911B1649,virchow,Virchow,40x,2p5x,40× ↔ 2.5×,26648,1000,10,0.12890000641345978
UCEC,TCGA-EY-A1GQ-01Z-00-DX1.03D52C6F-515E-4A4F-A08E-31D773BCC67F,virchow,Virchow,40x,10x,40× ↔ 10×,20550,1000,10,0.1168999969959259
UCEC,TCGA-EY-A1GQ-01Z-00-DX1.03D52C6F-515E-4A4F-A08E-31D773BCC67F,virchow,Virchow,10x,2p5x,10× ↔ 2.5×,20550,1000,10,0.155100017786026
UCEC,TCGA-EY-A1GQ-01Z-00-DX1.03D52C6F-515E-4A4F-A08E-31D773BCC67F,virchow,Virchow,40x,2p5x,40× ↔ 2.5×,20550,1000,10,0.06200000271201134
UCEC,TCGA-FI-A2EX-01Z-00-DX1.127F5153-745D-43E6-83CA-DE2738702C62,virchow,Virchow,40x,10x,40× ↔ 10×,21945,1000,10,0.2183000147342682
UCEC,TCGA-FI-A2EX-01Z-00-DX1.127F5153-745D-43E6-83CA-DE2738702C62,virchow,Virchow,10x,2p5x,10× ↔ 2.5×,21945,1000,10,0.19990000128746033
UCEC,TCGA-FI-A2EX-01Z-00-DX1.127F5153-745D-43E6-83CA-DE2738702C62,virchow,Virchow,40x,2p5x,40× ↔ 2.5×,21945,1000,10,0.15000000596046448
BLCA,TCGA-CF-A3MF-01Z-00-DX1.91768C26-5BB1-4DE6-9737-AA26BD687A75,virchow2,Virchow2,40x,10x,40× ↔ 10×,26138,1000,10,0.14840002357959747
BLCA,TCGA-CF-A3MF-01Z-00-DX1.91768C26-5BB1-4DE6-9737-AA26BD687A75,virchow2,Virchow2,10x,2p5x,10× ↔ 2.5×,26138,1000,10,0.15090002119541168
BLCA,TCGA-CF-A3MF-01Z-00-DX1.91768C26-5BB1-4DE6-9737-AA26BD687A75,virchow2,Virchow2,40x,2p5x,40× ↔ 2.5×,26138,1000,10,0.0786999985575676
BLCA,TCGA-CU-A0YN-01Z-00-DX1.6C5EAAAF-8F14-49D3-8FFC-9BDAE56CAFD0,virchow2,Virchow2,40x,10x,40× ↔ 10×,2880,1000,10,0.1340000033378601
BLCA,TCGA-CU-A0YN-01Z-00-DX1.6C5EAAAF-8F14-49D3-8FFC-9BDAE56CAFD0,virchow2,Virchow2,10x,2p5x,10× ↔ 2.5×,2880,1000,10,0.2990000247955322
BLCA,TCGA-CU-A0YN-01Z-00-DX1.6C5EAAAF-8F14-49D3-8FFC-9BDAE56CAFD0,virchow2,Virchow2,40x,2p5x,40× ↔ 2.5×,2880,1000,10,0.10000000149011612
BLCA,TCGA-DK-A6AW-01Z-00-DX1.C2453A8C-8282-443C-9E76-5B6CAD2FE69B,virchow2,Virchow2,40x,10x,40× ↔ 10×,15233,1000,10,0.2136000096797943
BLCA,TCGA-DK-A6AW-01Z-00-DX1.C2453A8C-8282-443C-9E76-5B6CAD2FE69B,virchow2,Virchow2,10x,2p5x,10× ↔ 2.5×,15233,1000,10,0.2962999939918518
BLCA,TCGA-DK-A6AW-01Z-00-DX1.C2453A8C-8282-443C-9E76-5B6CAD2FE69B,virchow2,Virchow2,40x,2p5x,40× ↔ 2.5×,15233,1000,10,0.14790000021457672
BLCA,TCGA-DK-AA6L-01A-01-TSA.5794F0C6-9ED6-489A-9621-18CCC5935548,virchow2,Virchow2,40x,10x,40× ↔ 10×,7165,1000,10,0.12770001590251923
BLCA,TCGA-DK-AA6L-01A-01-TSA.5794F0C6-9ED6-489A-9621-18CCC5935548,virchow2,Virchow2,10x,2p5x,10× ↔ 2.5×,7165,1000,10,0.20980001986026764
BLCA,TCGA-DK-AA6L-01A-01-TSA.5794F0C6-9ED6-489A-9621-18CCC5935548,virchow2,Virchow2,40x,2p5x,40× ↔ 2.5×,7165,1000,10,0.08620000630617142
BLCA,TCGA-DK-AA77-01A-01-TSA.26CAF5CB-CC4F-4522-BD2B-343FB70205FE,virchow2,Virchow2,40x,10x,40× ↔ 10×,3872,1000,10,0.07990000396966934
BLCA,TCGA-DK-AA77-01A-01-TSA.26CAF5CB-CC4F-4522-BD2B-343FB70205FE,virchow2,Virchow2,10x,2p5x,10× ↔ 2.5×,3872,1000,10,0.15300001204013824
BLCA,TCGA-DK-AA77-01A-01-TSA.26CAF5CB-CC4F-4522-BD2B-343FB70205FE,virchow2,Virchow2,40x,2p5x,40× ↔ 2.5×,3872,1000,10,0.056800004094839096
BLCA,TCGA-FD-A6TK-01Z-00-DX1.B685DA87-72A6-4C38-8AA1-40B6E543383C,virchow2,Virchow2,40x,10x,40× ↔ 10×,19445,1000,10,0.2184000015258789
BLCA,TCGA-FD-A6TK-01Z-00-DX1.B685DA87-72A6-4C38-8AA1-40B6E543383C,virchow2,Virchow2,10x,2p5x,10× ↔ 2.5×,19445,1000,10,0.27150002121925354
BLCA,TCGA-FD-A6TK-01Z-00-DX1.B685DA87-72A6-4C38-8AA1-40B6E543383C,virchow2,Virchow2,40x,2p5x,40× ↔ 2.5×,19445,1000,10,0.1501000076532364
BLCA,TCGA-GU-AATP-01Z-00-DX1.0D8EC37C-88E7-49D5-A76D-F0A4A3FD8AE4,virchow2,Virchow2,40x,10x,40× ↔ 10×,22018,1000,10,0.2128000110387802
BLCA,TCGA-GU-AATP-01Z-00-DX1.0D8EC37C-88E7-49D5-A76D-F0A4A3FD8AE4,virchow2,Virchow2,10x,2p5x,10× ↔ 2.5×,22018,1000,10,0.24170002341270447
BLCA,TCGA-GU-AATP-01Z-00-DX1.0D8EC37C-88E7-49D5-A76D-F0A4A3FD8AE4,virchow2,Virchow2,40x,2p5x,40× ↔ 2.5×,22018,1000,10,0.125900000333786
BLCA,TCGA-XF-A8HB-01Z-00-DX1.D6874152-D20A-4CA4-8E8B-8CBAB5F7D7B5,virchow2,Virchow2,40x,10x,40× ↔ 10×,14662,1000,10,0.1900000125169754
BLCA,TCGA-XF-A8HB-01Z-00-DX1.D6874152-D20A-4CA4-8E8B-8CBAB5F7D7B5,virchow2,Virchow2,10x,2p5x,10× ↔ 2.5×,14662,1000,10,0.2046000212430954
BLCA,TCGA-XF-A8HB-01Z-00-DX1.D6874152-D20A-4CA4-8E8B-8CBAB5F7D7B5,virchow2,Virchow2,40x,2p5x,40× ↔ 2.5×,14662,1000,10,0.10450000315904617
BLCA,TCGA-ZF-A9R1-01Z-00-DX1.74520759-D448-45B5-B8AD-45502C99A519,virchow2,Virchow2,40x,10x,40× ↔ 10×,16065,1000,10,0.23840001225471497
BLCA,TCGA-ZF-A9R1-01Z-00-DX1.74520759-D448-45B5-B8AD-45502C99A519,virchow2,Virchow2,10x,2p5x,10× ↔ 2.5×,16065,1000,10,0.26489999890327454
BLCA,TCGA-ZF-A9R1-01Z-00-DX1.74520759-D448-45B5-B8AD-45502C99A519,virchow2,Virchow2,40x,2p5x,40× ↔ 2.5×,16065,1000,10,0.14490000903606415
BLCA,TCGA-ZF-AA51-01Z-00-DX1.128C9731-C206-4E71-9A64-864FA9FD7E96,virchow2,Virchow2,40x,10x,40× ↔ 10×,22108,1000,10,0.26690003275871277
BLCA,TCGA-ZF-AA51-01Z-00-DX1.128C9731-C206-4E71-9A64-864FA9FD7E96,virchow2,Virchow2,10x,2p5x,10× ↔ 2.5×,22108,1000,10,0.22470000386238098
BLCA,TCGA-ZF-AA51-01Z-00-DX1.128C9731-C206-4E71-9A64-864FA9FD7E96,virchow2,Virchow2,40x,2p5x,40× ↔ 2.5×,22108,1000,10,0.14710000157356262
BRCA,TCGA-A7-A2KD-01Z-00-DX1.BFF2DFC8-1D95-4DC2-98FC-5BD7D7C6CDF5,virchow2,Virchow2,40x,10x,40× ↔ 10×,13242,1000,10,0.14230000972747803
BRCA,TCGA-A7-A2KD-01Z-00-DX1.BFF2DFC8-1D95-4DC2-98FC-5BD7D7C6CDF5,virchow2,Virchow2,10x,2p5x,10× ↔ 2.5×,13242,1000,10,0.28029999136924744
BRCA,TCGA-A7-A2KD-01Z-00-DX1.BFF2DFC8-1D95-4DC2-98FC-5BD7D7C6CDF5,virchow2,Virchow2,40x,2p5x,40× ↔ 2.5×,13242,1000,10,0.11730001121759415
BRCA,TCGA-AN-A0G0-01Z-00-DX1.BE0BB5DF-DEDA-48D8-B5D8-2735C767F28F,virchow2,Virchow2,40x,10x,40× ↔ 10×,4987,1000,10,0.11650000512599945
BRCA,TCGA-AN-A0G0-01Z-00-DX1.BE0BB5DF-DEDA-48D8-B5D8-2735C767F28F,virchow2,Virchow2,10x,2p5x,10× ↔ 2.5×,4987,1000,10,0.22630001604557037
BRCA,TCGA-AN-A0G0-01Z-00-DX1.BE0BB5DF-DEDA-48D8-B5D8-2735C767F28F,virchow2,Virchow2,40x,2p5x,40× ↔ 2.5×,4987,1000,10,0.08940000087022781
BRCA,TCGA-AQ-A04L-01Z-00-DX1.F35BF4DD-896A-43C2-8DA6-C67945C003BE,virchow2,Virchow2,40x,10x,40× ↔ 10×,6966,1000,10,0.14920000731945038
BRCA,TCGA-AQ-A04L-01Z-00-DX1.F35BF4DD-896A-43C2-8DA6-C67945C003BE,virchow2,Virchow2,10x,2p5x,10× ↔ 2.5×,6966,1000,10,0.23420003056526184
BRCA,TCGA-AQ-A04L-01Z-00-DX1.F35BF4DD-896A-43C2-8DA6-C67945C003BE,virchow2,Virchow2,40x,2p5x,40× ↔ 2.5×,6966,1000,10,0.09770000725984573
BRCA,TCGA-AR-A2LK-01Z-00-DX1.FBD59C38-CD4E-4C22-BC74-A57C192A9BBC,virchow2,Virchow2,40x,10x,40× ↔ 10×,11925,1000,10,0.20180003345012665
BRCA,TCGA-AR-A2LK-01Z-00-DX1.FBD59C38-CD4E-4C22-BC74-A57C192A9BBC,virchow2,Virchow2,10x,2p5x,10× ↔ 2.5×,11925,1000,10,0.2559000253677368
BRCA,TCGA-AR-A2LK-01Z-00-DX1.FBD59C38-CD4E-4C22-BC74-A57C192A9BBC,virchow2,Virchow2,40x,2p5x,40× ↔ 2.5×,11925,1000,10,0.13420002162456512
BRCA,TCGA-AR-A5QM-01Z-00-DX1.A9017CED-FF57-4090-95B9-94DC91854347,virchow2,Virchow2,40x,10x,40× ↔ 10×,13639,1000,10,0.14170001447200775
BRCA,TCGA-AR-A5QM-01Z-00-DX1.A9017CED-FF57-4090-95B9-94DC91854347,virchow2,Virchow2,10x,2p5x,10× ↔ 2.5×,13639,1000,10,0.23120002448558807
BRCA,TCGA-AR-A5QM-01Z-00-DX1.A9017CED-FF57-4090-95B9-94DC91854347,virchow2,Virchow2,40x,2p5x,40× ↔ 2.5×,13639,1000,10,0.09680000692605972
BRCA,TCGA-BH-A0C1-01Z-00-DX1.21FE357E-B182-4397-BFEF-7E96E994236A,virchow2,Virchow2,40x,10x,40× ↔ 10×,14097,1000,10,0.16510000824928284
BRCA,TCGA-BH-A0C1-01Z-00-DX1.21FE357E-B182-4397-BFEF-7E96E994236A,virchow2,Virchow2,10x,2p5x,10× ↔ 2.5×,14097,1000,10,0.26510003209114075
BRCA,TCGA-BH-A0C1-01Z-00-DX1.21FE357E-B182-4397-BFEF-7E96E994236A,virchow2,Virchow2,40x,2p5x,40× ↔ 2.5×,14097,1000,10,0.12310001254081726
BRCA,TCGA-D8-A1X8-01Z-00-DX1.DDA3866E-C7CC-4650-BE2B-5C9A98A2D531,virchow2,Virchow2,40x,10x,40× ↔ 10×,13628,1000,10,0.20120002329349518
BRCA,TCGA-D8-A1X8-01Z-00-DX1.DDA3866E-C7CC-4650-BE2B-5C9A98A2D531,virchow2,Virchow2,10x,2p5x,10× ↔ 2.5×,13628,1000,10,0.25210002064704895
BRCA,TCGA-D8-A1X8-01Z-00-DX1.DDA3866E-C7CC-4650-BE2B-5C9A98A2D531,virchow2,Virchow2,40x,2p5x,40× ↔ 2.5×,13628,1000,10,0.131400004029274
BRCA,TCGA-E2-A14P-01Z-00-DX1.663B02FF-C64B-41A6-8685-FD61CD76F9C6,virchow2,Virchow2,40x,10x,40× ↔ 10×,17521,1000,10,0.17430001497268677
BRCA,TCGA-E2-A14P-01Z-00-DX1.663B02FF-C64B-41A6-8685-FD61CD76F9C6,virchow2,Virchow2,10x,2p5x,10× ↔ 2.5×,17521,1000,10,0.21660001575946808
BRCA,TCGA-E2-A14P-01Z-00-DX1.663B02FF-C64B-41A6-8685-FD61CD76F9C6,virchow2,Virchow2,40x,2p5x,40× ↔ 2.5×,17521,1000,10,0.11340000480413437
BRCA,TCGA-E2-A1LA-01Z-00-DX1.AE49E943-B830-4ED9-B09E-E499441BC2EC,virchow2,Virchow2,40x,10x,40× ↔ 10×,16576,1000,10,0.2540000081062317
BRCA,TCGA-E2-A1LA-01Z-00-DX1.AE49E943-B830-4ED9-B09E-E499441BC2EC,virchow2,Virchow2,10x,2p5x,10× ↔ 2.5×,16576,1000,10,0.32660001516342163
BRCA,TCGA-E2-A1LA-01Z-00-DX1.AE49E943-B830-4ED9-B09E-E499441BC2EC,virchow2,Virchow2,40x,2p5x,40× ↔ 2.5×,16576,1000,10,0.20020002126693726
BRCA,TCGA-GM-A3XN-01Z-00-DX1.49F5C8AC-0328-4BC2-9FE2-E7150B7A42E2,virchow2,Virchow2,40x,10x,40× ↔ 10×,18199,1000,10,0.16180001199245453
BRCA,TCGA-GM-A3XN-01Z-00-DX1.49F5C8AC-0328-4BC2-9FE2-E7150B7A42E2,virchow2,Virchow2,10x,2p5x,10× ↔ 2.5×,18199,1000,10,0.23800000548362732
BRCA,TCGA-GM-A3XN-01Z-00-DX1.49F5C8AC-0328-4BC2-9FE2-E7150B7A42E2,virchow2,Virchow2,40x,2p5x,40× ↔ 2.5×,18199,1000,10,0.11030001193284988
COAD,TCGA-AY-A8YK-01Z-00-DX1.89E3C546-0425-449B-A6FB-1C35168EA7EB,virchow2,Virchow2,40x,10x,40× ↔ 10×,8285,1000,10,0.17139999568462372
COAD,TCGA-AY-A8YK-01Z-00-DX1.89E3C546-0425-449B-A6FB-1C35168EA7EB,virchow2,Virchow2,10x,2p5x,10× ↔ 2.5×,8285,1000,10,0.3133000135421753
COAD,TCGA-AY-A8YK-01Z-00-DX1.89E3C546-0425-449B-A6FB-1C35168EA7EB,virchow2,Virchow2,40x,2p5x,40× ↔ 2.5×,8285,1000,10,0.12480001151561737
COAD,TCGA-CK-4947-01Z-00-DX1.b257d5fd-b97b-4987-b088-77f044ca7fe2,virchow2,Virchow2,40x,10x,40× ↔ 10×,23336,1000,10,0.1873999983072281
COAD,TCGA-CK-4947-01Z-00-DX1.b257d5fd-b97b-4987-b088-77f044ca7fe2,virchow2,Virchow2,10x,2p5x,10× ↔ 2.5×,23336,1000,10,0.22800001502037048
COAD,TCGA-CK-4947-01Z-00-DX1.b257d5fd-b97b-4987-b088-77f044ca7fe2,virchow2,Virchow2,40x,2p5x,40× ↔ 2.5×,23336,1000,10,0.1242000088095665
COAD,TCGA-CM-6168-01Z-00-DX1.96af6eb2-9d51-4671-baf8-1a73d0c66869,virchow2,Virchow2,40x,10x,40× ↔ 10×,24102,1000,10,0.25600001215934753
COAD,TCGA-CM-6168-01Z-00-DX1.96af6eb2-9d51-4671-baf8-1a73d0c66869,virchow2,Virchow2,10x,2p5x,10× ↔ 2.5×,24102,1000,10,0.3039000332355499
COAD,TCGA-CM-6168-01Z-00-DX1.96af6eb2-9d51-4671-baf8-1a73d0c66869,virchow2,Virchow2,40x,2p5x,40× ↔ 2.5×,24102,1000,10,0.16550001502037048
COAD,TCGA-CM-6169-01Z-00-DX1.0381c243-02b8-4f1d-840c-19ef44d4b92c,virchow2,Virchow2,40x,10x,40× ↔ 10×,18522,1000,10,0.19770000874996185
COAD,TCGA-CM-6169-01Z-00-DX1.0381c243-02b8-4f1d-840c-19ef44d4b92c,virchow2,Virchow2,10x,2p5x,10× ↔ 2.5×,18522,1000,10,0.24460001289844513
COAD,TCGA-CM-6169-01Z-00-DX1.0381c243-02b8-4f1d-840c-19ef44d4b92c,virchow2,Virchow2,40x,2p5x,40× ↔ 2.5×,18522,1000,10,0.12950000166893005
COAD,TCGA-G4-6309-01Z-00-DX1.3eb20fdc-eb86-4bd5-8194-76b02d4fa472,virchow2,Virchow2,40x,10x,40× ↔ 10×,17070,1000,10,0.23820002377033234
COAD,TCGA-G4-6309-01Z-00-DX1.3eb20fdc-eb86-4bd5-8194-76b02d4fa472,virchow2,Virchow2,10x,2p5x,10× ↔ 2.5×,17070,1000,10,0.300400048494339
COAD,TCGA-G4-6309-01Z-00-DX1.3eb20fdc-eb86-4bd5-8194-76b02d4fa472,virchow2,Virchow2,40x,2p5x,40× ↔ 2.5×,17070,1000,10,0.16600000858306885
COAD,TCGA-G4-6310-01Z-00-DX1.b88472d4-3adc-4e4d-b0f2-0dc195a3d7df,virchow2,Virchow2,40x,10x,40× ↔ 10×,16917,1000,10,0.21960002183914185
COAD,TCGA-G4-6310-01Z-00-DX1.b88472d4-3adc-4e4d-b0f2-0dc195a3d7df,virchow2,Virchow2,10x,2p5x,10× ↔ 2.5×,16917,1000,10,0.2978000044822693
COAD,TCGA-G4-6310-01Z-00-DX1.b88472d4-3adc-4e4d-b0f2-0dc195a3d7df,virchow2,Virchow2,40x,2p5x,40× ↔ 2.5×,16917,1000,10,0.15000000596046448
COAD,TCGA-G4-6588-01Z-00-DX1.0747172e-f630-4b7c-9341-55078585ae00,virchow2,Virchow2,40x,10x,40× ↔ 10×,20553,1000,10,0.20910002291202545
COAD,TCGA-G4-6588-01Z-00-DX1.0747172e-f630-4b7c-9341-55078585ae00,virchow2,Virchow2,10x,2p5x,10× ↔ 2.5×,20553,1000,10,0.28940004110336304
COAD,TCGA-G4-6588-01Z-00-DX1.0747172e-f630-4b7c-9341-55078585ae00,virchow2,Virchow2,40x,2p5x,40× ↔ 2.5×,20553,1000,10,0.14690001308918
HNSC,TCGA-BA-6871-01Z-00-DX1.4d9ca329-f8d5-4c31-a20f-9d4fba728326,virchow2,Virchow2,40x,10x,40× ↔ 10×,14718,1000,10,0.14900000393390656
HNSC,TCGA-BA-6871-01Z-00-DX1.4d9ca329-f8d5-4c31-a20f-9d4fba728326,virchow2,Virchow2,10x,2p5x,10× ↔ 2.5×,14718,1000,10,0.19850000739097595
HNSC,TCGA-BA-6871-01Z-00-DX1.4d9ca329-f8d5-4c31-a20f-9d4fba728326,virchow2,Virchow2,40x,2p5x,40× ↔ 2.5×,14718,1000,10,0.08860000967979431
HNSC,TCGA-BA-6872-01Z-00-DX1.F99F6394-D319-4599-B124-D2A6692FA096,virchow2,Virchow2,40x,10x,40× ↔ 10×,7720,1000,10,0.13580001890659332
HNSC,TCGA-BA-6872-01Z-00-DX1.F99F6394-D319-4599-B124-D2A6692FA096,virchow2,Virchow2,10x,2p5x,10× ↔ 2.5×,7720,1000,10,0.24160002171993256
HNSC,TCGA-BA-6872-01Z-00-DX1.F99F6394-D319-4599-B124-D2A6692FA096,virchow2,Virchow2,40x,2p5x,40× ↔ 2.5×,7720,1000,10,0.0934000015258789
HNSC,TCGA-CN-A6V7-01A-01-TS1.F54912D3-1E21-4605-ACFC-142973524AE2,virchow2,Virchow2,40x,10x,40× ↔ 10×,2536,1000,10,0.08210001140832901
HNSC,TCGA-CN-A6V7-01A-01-TS1.F54912D3-1E21-4605-ACFC-142973524AE2,virchow2,Virchow2,10x,2p5x,10× ↔ 2.5×,2536,1000,10,0.22070002555847168
HNSC,TCGA-CN-A6V7-01A-01-TS1.F54912D3-1E21-4605-ACFC-142973524AE2,virchow2,Virchow2,40x,2p5x,40× ↔ 2.5×,2536,1000,10,0.06970000267028809
HNSC,TCGA-CV-6935-01Z-00-DX1.9C449CB2-FB6D-41D1-A4A6-3069DC84A697,virchow2,Virchow2,40x,10x,40× ↔ 10×,12224,1000,10,0.14070001244544983
HNSC,TCGA-CV-6935-01Z-00-DX1.9C449CB2-FB6D-41D1-A4A6-3069DC84A697,virchow2,Virchow2,10x,2p5x,10× ↔ 2.5×,12224,1000,10,0.20750002562999725
HNSC,TCGA-CV-6935-01Z-00-DX1.9C449CB2-FB6D-41D1-A4A6-3069DC84A697,virchow2,Virchow2,40x,2p5x,40× ↔ 2.5×,12224,1000,10,0.09150000661611557
HNSC,TCGA-CV-A45O-01Z-00-DX1.8CBD0CCC-C815-475D-87F9-76272F4F715B,virchow2,Virchow2,40x,10x,40× ↔ 10×,14844,1000,10,0.19920001924037933
HNSC,TCGA-CV-A45O-01Z-00-DX1.8CBD0CCC-C815-475D-87F9-76272F4F715B,virchow2,Virchow2,10x,2p5x,10× ↔ 2.5×,14844,1000,10,0.22830002009868622
HNSC,TCGA-CV-A45O-01Z-00-DX1.8CBD0CCC-C815-475D-87F9-76272F4F715B,virchow2,Virchow2,40x,2p5x,40× ↔ 2.5×,14844,1000,10,0.11880000680685043
HNSC,TCGA-CV-A6JE-01Z-00-DX1.20137D17-19B3-49FF-9C3D-60933157E409,virchow2,Virchow2,40x,10x,40× ↔ 10×,26402,1000,10,0.18410001695156097
HNSC,TCGA-CV-A6JE-01Z-00-DX1.20137D17-19B3-49FF-9C3D-60933157E409,virchow2,Virchow2,10x,2p5x,10× ↔ 2.5×,26402,1000,10,0.23830001056194305
HNSC,TCGA-CV-A6JE-01Z-00-DX1.20137D17-19B3-49FF-9C3D-60933157E409,virchow2,Virchow2,40x,2p5x,40× ↔ 2.5×,26402,1000,10,0.1250000149011612
HNSC,TCGA-CV-A6JU-01Z-00-DX1.35A3A1F0-9D6C-4794-B501-E56E48C51DF9,virchow2,Virchow2,40x,10x,40× ↔ 10×,21938,1000,10,0.1957000195980072
HNSC,TCGA-CV-A6JU-01Z-00-DX1.35A3A1F0-9D6C-4794-B501-E56E48C51DF9,virchow2,Virchow2,10x,2p5x,10× ↔ 2.5×,21938,1000,10,0.24410001933574677
HNSC,TCGA-CV-A6JU-01Z-00-DX1.35A3A1F0-9D6C-4794-B501-E56E48C51DF9,virchow2,Virchow2,40x,2p5x,40× ↔ 2.5×,21938,1000,10,0.12430001050233841
HNSC,TCGA-UF-A719-01Z-00-DX1.4C4ECC2C-C390-4C5E-A709-CF08C113F1A1,virchow2,Virchow2,40x,10x,40× ↔ 10×,21546,1000,10,0.2184000015258789
HNSC,TCGA-UF-A719-01Z-00-DX1.4C4ECC2C-C390-4C5E-A709-CF08C113F1A1,virchow2,Virchow2,10x,2p5x,10× ↔ 2.5×,21546,1000,10,0.2736999988555908
HNSC,TCGA-UF-A719-01Z-00-DX1.4C4ECC2C-C390-4C5E-A709-CF08C113F1A1,virchow2,Virchow2,40x,2p5x,40× ↔ 2.5×,21546,1000,10,0.1526000201702118
KIRC,TCGA-A3-3346-01Z-00-DX1.95280216-fd71-4a03-b452-6e3d667f2542,virchow2,Virchow2,40x,10x,40× ↔ 10×,2240,1000,10,0.14070001244544983
KIRC,TCGA-A3-3346-01Z-00-DX1.95280216-fd71-4a03-b452-6e3d667f2542,virchow2,Virchow2,10x,2p5x,10× ↔ 2.5×,2240,1000,10,0.30730000138282776
KIRC,TCGA-A3-3346-01Z-00-DX1.95280216-fd71-4a03-b452-6e3d667f2542,virchow2,Virchow2,40x,2p5x,40× ↔ 2.5×,2240,1000,10,0.11190000921487808
KIRC,TCGA-A3-A8CQ-01Z-00-DX1.78DA0827-5FB8-4B9F-A845-22F85830B5FB,virchow2,Virchow2,40x,10x,40× ↔ 10×,1395,1000,10,0.1373000144958496
KIRC,TCGA-A3-A8CQ-01Z-00-DX1.78DA0827-5FB8-4B9F-A845-22F85830B5FB,virchow2,Virchow2,10x,2p5x,10× ↔ 2.5×,1395,1000,10,0.30079999566078186
KIRC,TCGA-A3-A8CQ-01Z-00-DX1.78DA0827-5FB8-4B9F-A845-22F85830B5FB,virchow2,Virchow2,40x,2p5x,40× ↔ 2.5×,1395,1000,10,0.10710000991821289
KIRC,TCGA-AK-3444-01Z-00-DX1.1F0E0B47-29FF-456F-800A-539983FDCFAA,virchow2,Virchow2,40x,10x,40× ↔ 10×,5029,1000,10,0.15630000829696655
KIRC,TCGA-AK-3444-01Z-00-DX1.1F0E0B47-29FF-456F-800A-539983FDCFAA,virchow2,Virchow2,10x,2p5x,10× ↔ 2.5×,5029,1000,10,0.2797999978065491
KIRC,TCGA-AK-3444-01Z-00-DX1.1F0E0B47-29FF-456F-800A-539983FDCFAA,virchow2,Virchow2,40x,2p5x,40× ↔ 2.5×,5029,1000,10,0.11620000004768372
KIRC,TCGA-B0-5094-01Z-00-DX1.eac31fe2-09da-4ecf-8e25-c073cbb03295,virchow2,Virchow2,40x,10x,40× ↔ 10×,23201,1000,10,0.21320000290870667
KIRC,TCGA-B0-5094-01Z-00-DX1.eac31fe2-09da-4ecf-8e25-c073cbb03295,virchow2,Virchow2,10x,2p5x,10× ↔ 2.5×,23201,1000,10,0.2435000091791153
KIRC,TCGA-B0-5094-01Z-00-DX1.eac31fe2-09da-4ecf-8e25-c073cbb03295,virchow2,Virchow2,40x,2p5x,40× ↔ 2.5×,23201,1000,10,0.1381000131368637
KIRC,TCGA-B0-5106-01Z-00-DX1.564e51a3-be50-4eed-ba9c-4d478b96ffc6,virchow2,Virchow2,40x,10x,40× ↔ 10×,26156,1000,10,0.1607000231742859
KIRC,TCGA-B0-5106-01Z-00-DX1.564e51a3-be50-4eed-ba9c-4d478b96ffc6,virchow2,Virchow2,10x,2p5x,10× ↔ 2.5×,26156,1000,10,0.2452000230550766
KIRC,TCGA-B0-5106-01Z-00-DX1.564e51a3-be50-4eed-ba9c-4d478b96ffc6,virchow2,Virchow2,40x,2p5x,40× ↔ 2.5×,26156,1000,10,0.11140001565217972
KIRC,TCGA-B0-5711-01Z-00-DX1.6839921f-ec08-4e94-8bf9-4b5a4fcdda45,virchow2,Virchow2,40x,10x,40× ↔ 10×,23048,1000,10,0.18460001051425934
KIRC,TCGA-B0-5711-01Z-00-DX1.6839921f-ec08-4e94-8bf9-4b5a4fcdda45,virchow2,Virchow2,10x,2p5x,10× ↔ 2.5×,23048,1000,10,0.28220003843307495
KIRC,TCGA-B0-5711-01Z-00-DX1.6839921f-ec08-4e94-8bf9-4b5a4fcdda45,virchow2,Virchow2,40x,2p5x,40× ↔ 2.5×,23048,1000,10,0.13050000369548798
KIRC,TCGA-B2-5633-01Z-00-DX1.c55a29ca-468e-46de-9ff5-a51f46fe09fd,virchow2,Virchow2,40x,10x,40× ↔ 10×,3974,1000,10,0.19270002841949463
KIRC,TCGA-B2-5633-01Z-00-DX1.c55a29ca-468e-46de-9ff5-a51f46fe09fd,virchow2,Virchow2,10x,2p5x,10× ↔ 2.5×,3974,1000,10,0.2818000018596649
KIRC,TCGA-B2-5633-01Z-00-DX1.c55a29ca-468e-46de-9ff5-a51f46fe09fd,virchow2,Virchow2,40x,2p5x,40× ↔ 2.5×,3974,1000,10,0.1290000081062317
KIRC,TCGA-BP-4991-01Z-00-DX1.71305f5c-ca59-48fa-bb82-4b441c1fffdc,virchow2,Virchow2,40x,10x,40× ↔ 10×,31068,1000,10,0.18460001051425934
KIRC,TCGA-BP-4991-01Z-00-DX1.71305f5c-ca59-48fa-bb82-4b441c1fffdc,virchow2,Virchow2,10x,2p5x,10× ↔ 2.5×,31068,1000,10,0.28029999136924744
KIRC,TCGA-BP-4991-01Z-00-DX1.71305f5c-ca59-48fa-bb82-4b441c1fffdc,virchow2,Virchow2,40x,2p5x,40× ↔ 2.5×,31068,1000,10,0.13300000131130219
KIRC,TCGA-BP-5201-01Z-00-DX1.d1a9878e-bb97-48fb-9098-9d9337f06250,virchow2,Virchow2,40x,10x,40× ↔ 10×,12763,1000,10,0.13990001380443573
KIRC,TCGA-BP-5201-01Z-00-DX1.d1a9878e-bb97-48fb-9098-9d9337f06250,virchow2,Virchow2,10x,2p5x,10× ↔ 2.5×,12763,1000,10,0.17570002377033234
KIRC,TCGA-BP-5201-01Z-00-DX1.d1a9878e-bb97-48fb-9098-9d9337f06250,virchow2,Virchow2,40x,2p5x,40× ↔ 2.5×,12763,1000,10,0.09960000962018967
LUAD,TCGA-55-6986-01Z-00-DX1.ae52d41e-3cd6-4d36-b04b-2ea7d29bd8da,virchow2,Virchow2,40x,10x,40× ↔ 10×,5951,1000,10,0.15540000796318054
LUAD,TCGA-55-6986-01Z-00-DX1.ae52d41e-3cd6-4d36-b04b-2ea7d29bd8da,virchow2,Virchow2,10x,2p5x,10× ↔ 2.5×,5951,1000,10,0.2615000009536743
LUAD,TCGA-55-6986-01Z-00-DX1.ae52d41e-3cd6-4d36-b04b-2ea7d29bd8da,virchow2,Virchow2,40x,2p5x,40× ↔ 2.5×,5951,1000,10,0.1039000079035759
LUAD,TCGA-64-5779-01Z-00-DX1.B3268447-DCE0-4927-B5A9-EC4D61E9B17D,virchow2,Virchow2,40x,10x,40× ↔ 10×,15338,1000,10,0.120899997651577
LUAD,TCGA-64-5779-01Z-00-DX1.B3268447-DCE0-4927-B5A9-EC4D61E9B17D,virchow2,Virchow2,10x,2p5x,10× ↔ 2.5×,15338,1000,10,0.13180001080036163
LUAD,TCGA-64-5779-01Z-00-DX1.B3268447-DCE0-4927-B5A9-EC4D61E9B17D,virchow2,Virchow2,40x,2p5x,40× ↔ 2.5×,15338,1000,10,0.07510001212358475
LUAD,TCGA-78-7158-01Z-00-DX1.74db3dcd-2715-4ce7-8e48-30c8b7946ba0,virchow2,Virchow2,40x,10x,40× ↔ 10×,23198,1000,10,0.1064000055193901
LUAD,TCGA-78-7158-01Z-00-DX1.74db3dcd-2715-4ce7-8e48-30c8b7946ba0,virchow2,Virchow2,10x,2p5x,10× ↔ 2.5×,23198,1000,10,0.1908000260591507
LUAD,TCGA-78-7158-01Z-00-DX1.74db3dcd-2715-4ce7-8e48-30c8b7946ba0,virchow2,Virchow2,40x,2p5x,40× ↔ 2.5×,23198,1000,10,0.07410000264644623
LUAD,TCGA-78-7163-01Z-00-DX1.42880bdf-271d-41dd-aada-e7ec1156ff31,virchow2,Virchow2,40x,10x,40× ↔ 10×,21422,1000,10,0.10140000283718109
LUAD,TCGA-78-7163-01Z-00-DX1.42880bdf-271d-41dd-aada-e7ec1156ff31,virchow2,Virchow2,10x,2p5x,10× ↔ 2.5×,21422,1000,10,0.15940000116825104
LUAD,TCGA-78-7163-01Z-00-DX1.42880bdf-271d-41dd-aada-e7ec1156ff31,virchow2,Virchow2,40x,2p5x,40× ↔ 2.5×,21422,1000,10,0.06680000573396683
LUAD,TCGA-78-7536-01Z-00-DX1.6b066140-8b82-40a5-bd48-430eeb4463fe,virchow2,Virchow2,40x,10x,40× ↔ 10×,32971,1000,10,0.09310000389814377
LUAD,TCGA-78-7536-01Z-00-DX1.6b066140-8b82-40a5-bd48-430eeb4463fe,virchow2,Virchow2,10x,2p5x,10× ↔ 2.5×,32971,1000,10,0.13030001521110535
LUAD,TCGA-78-7536-01Z-00-DX1.6b066140-8b82-40a5-bd48-430eeb4463fe,virchow2,Virchow2,40x,2p5x,40× ↔ 2.5×,32971,1000,10,0.0560000017285347
LUAD,TCGA-86-8668-01Z-00-DX1.d720d486-02c7-4f98-8feb-e0e50a12c158,virchow2,Virchow2,40x,10x,40× ↔ 10×,14624,1000,10,0.13110001385211945
LUAD,TCGA-86-8668-01Z-00-DX1.d720d486-02c7-4f98-8feb-e0e50a12c158,virchow2,Virchow2,10x,2p5x,10× ↔ 2.5×,14624,1000,10,0.19920000433921814
LUAD,TCGA-86-8668-01Z-00-DX1.d720d486-02c7-4f98-8feb-e0e50a12c158,virchow2,Virchow2,40x,2p5x,40× ↔ 2.5×,14624,1000,10,0.09690000861883163
LUAD,TCGA-97-A4LX-01Z-00-DX1.B2334672-A626-4E74-B4D1-A79F70F65909,virchow2,Virchow2,40x,10x,40× ↔ 10×,19346,1000,10,0.10840001702308655
LUAD,TCGA-97-A4LX-01Z-00-DX1.B2334672-A626-4E74-B4D1-A79F70F65909,virchow2,Virchow2,10x,2p5x,10× ↔ 2.5×,19346,1000,10,0.14400000870227814
LUAD,TCGA-97-A4LX-01Z-00-DX1.B2334672-A626-4E74-B4D1-A79F70F65909,virchow2,Virchow2,40x,2p5x,40× ↔ 2.5×,19346,1000,10,0.0650000050663948
LUAD,TCGA-97-A4M2-01Z-00-DX1.5C72522C-1538-4D68-B517-5FB05A9D401A,virchow2,Virchow2,40x,10x,40× ↔ 10×,8962,1000,10,0.15730001032352448
LUAD,TCGA-97-A4M2-01Z-00-DX1.5C72522C-1538-4D68-B517-5FB05A9D401A,virchow2,Virchow2,10x,2p5x,10× ↔ 2.5×,8962,1000,10,0.20800000429153442
LUAD,TCGA-97-A4M2-01Z-00-DX1.5C72522C-1538-4D68-B517-5FB05A9D401A,virchow2,Virchow2,40x,2p5x,40× ↔ 2.5×,8962,1000,10,0.09650000184774399
LUAD,TCGA-J2-A4AE-01Z-00-DX1.42C5DE4A-7787-4E59-8969-D12503262C96,virchow2,Virchow2,40x,10x,40× ↔ 10×,14491,1000,10,0.15150001645088196
LUAD,TCGA-J2-A4AE-01Z-00-DX1.42C5DE4A-7787-4E59-8969-D12503262C96,virchow2,Virchow2,10x,2p5x,10× ↔ 2.5×,14491,1000,10,0.2102000117301941
LUAD,TCGA-J2-A4AE-01Z-00-DX1.42C5DE4A-7787-4E59-8969-D12503262C96,virchow2,Virchow2,40x,2p5x,40× ↔ 2.5×,14491,1000,10,0.10260000079870224
STAD,TCGA-BR-6452-01Z-00-DX1.aec8246e-9dce-436d-9faa-df8fa1f6e47c,virchow2,Virchow2,40x,10x,40× ↔ 10×,15303,1000,10,0.20100000500679016
STAD,TCGA-BR-6452-01Z-00-DX1.aec8246e-9dce-436d-9faa-df8fa1f6e47c,virchow2,Virchow2,10x,2p5x,10× ↔ 2.5×,15303,1000,10,0.30730003118515015
STAD,TCGA-BR-6452-01Z-00-DX1.aec8246e-9dce-436d-9faa-df8fa1f6e47c,virchow2,Virchow2,40x,2p5x,40× ↔ 2.5×,15303,1000,10,0.14150001108646393
STAD,TCGA-BR-6454-01Z-00-DX1.63fb6280-2b43-49b2-960a-eb9c0e8b617c,virchow2,Virchow2,40x,10x,40× ↔ 10×,15740,1000,10,0.08890000730752945
STAD,TCGA-BR-6454-01Z-00-DX1.63fb6280-2b43-49b2-960a-eb9c0e8b617c,virchow2,Virchow2,10x,2p5x,10× ↔ 2.5×,15740,1000,10,0.18720002472400665
STAD,TCGA-BR-6454-01Z-00-DX1.63fb6280-2b43-49b2-960a-eb9c0e8b617c,virchow2,Virchow2,40x,2p5x,40× ↔ 2.5×,15740,1000,10,0.06790000200271606
STAD,TCGA-BR-A4CQ-01Z-00-DX1.B63282A5-154D-441B-BF96-5BB26CB6D95E,virchow2,Virchow2,40x,10x,40× ↔ 10×,13809,1000,10,0.18320001661777496
STAD,TCGA-BR-A4CQ-01Z-00-DX1.B63282A5-154D-441B-BF96-5BB26CB6D95E,virchow2,Virchow2,10x,2p5x,10× ↔ 2.5×,13809,1000,10,0.3060000240802765
STAD,TCGA-BR-A4CQ-01Z-00-DX1.B63282A5-154D-441B-BF96-5BB26CB6D95E,virchow2,Virchow2,40x,2p5x,40× ↔ 2.5×,13809,1000,10,0.13500000536441803
STAD,TCGA-CD-A487-01Z-00-DX1.A026BD2F-B721-4340-83D5-7AA39227C90F,virchow2,Virchow2,40x,10x,40× ↔ 10×,20251,1000,10,0.21529999375343323
STAD,TCGA-CD-A487-01Z-00-DX1.A026BD2F-B721-4340-83D5-7AA39227C90F,virchow2,Virchow2,10x,2p5x,10× ↔ 2.5×,20251,1000,10,0.3360000252723694
STAD,TCGA-CD-A487-01Z-00-DX1.A026BD2F-B721-4340-83D5-7AA39227C90F,virchow2,Virchow2,40x,2p5x,40× ↔ 2.5×,20251,1000,10,0.17520001530647278
STAD,TCGA-FP-8209-01Z-00-DX1.a5e13081-1631-44d4-8d6a-c229a22c2311,virchow2,Virchow2,40x,10x,40× ↔ 10×,3901,1000,10,0.2419000118970871
STAD,TCGA-FP-8209-01Z-00-DX1.a5e13081-1631-44d4-8d6a-c229a22c2311,virchow2,Virchow2,10x,2p5x,10× ↔ 2.5×,3901,1000,10,0.33000001311302185
STAD,TCGA-FP-8209-01Z-00-DX1.a5e13081-1631-44d4-8d6a-c229a22c2311,virchow2,Virchow2,40x,2p5x,40× ↔ 2.5×,3901,1000,10,0.1721000075340271
STAD,TCGA-SW-A7EA-01Z-00-DX1.C5E1BE0E-0A25-4480-A3AC-DB2ED7471A4E,virchow2,Virchow2,40x,10x,40× ↔ 10×,6449,1000,10,0.19130000472068787
STAD,TCGA-SW-A7EA-01Z-00-DX1.C5E1BE0E-0A25-4480-A3AC-DB2ED7471A4E,virchow2,Virchow2,10x,2p5x,10× ↔ 2.5×,6449,1000,10,0.3147999942302704
STAD,TCGA-SW-A7EA-01Z-00-DX1.C5E1BE0E-0A25-4480-A3AC-DB2ED7471A4E,virchow2,Virchow2,40x,2p5x,40× ↔ 2.5×,6449,1000,10,0.1412999927997589
STAD,TCGA-VQ-A8PY-01Z-00-DX1.EA2C7386-012A-442A-95B3-FFA12BD2684D,virchow2,Virchow2,40x,10x,40× ↔ 10×,22399,1000,10,0.23170000314712524
STAD,TCGA-VQ-A8PY-01Z-00-DX1.EA2C7386-012A-442A-95B3-FFA12BD2684D,virchow2,Virchow2,10x,2p5x,10× ↔ 2.5×,22399,1000,10,0.2948000133037567
STAD,TCGA-VQ-A8PY-01Z-00-DX1.EA2C7386-012A-442A-95B3-FFA12BD2684D,virchow2,Virchow2,40x,2p5x,40× ↔ 2.5×,22399,1000,10,0.15970002114772797
STAD,TCGA-VQ-A924-01Z-00-DX1.736B41F3-9678-4FAF-AE86-FCAC4F6DCBD3,virchow2,Virchow2,40x,10x,40× ↔ 10×,12960,1000,10,0.14360001683235168
STAD,TCGA-VQ-A924-01Z-00-DX1.736B41F3-9678-4FAF-AE86-FCAC4F6DCBD3,virchow2,Virchow2,10x,2p5x,10× ↔ 2.5×,12960,1000,10,0.26579999923706055
STAD,TCGA-VQ-A924-01Z-00-DX1.736B41F3-9678-4FAF-AE86-FCAC4F6DCBD3,virchow2,Virchow2,40x,2p5x,40× ↔ 2.5×,12960,1000,10,0.10330000519752502
STAD,TCGA-ZQ-A9CR-01Z-00-DX1.C9AC9991-7054-4068-A7AA-9D1EB7F040A3,virchow2,Virchow2,40x,10x,40× ↔ 10×,31585,1000,10,0.18900001049041748
STAD,TCGA-ZQ-A9CR-01Z-00-DX1.C9AC9991-7054-4068-A7AA-9D1EB7F040A3,virchow2,Virchow2,10x,2p5x,10× ↔ 2.5×,31585,1000,10,0.25380000472068787
STAD,TCGA-ZQ-A9CR-01Z-00-DX1.C9AC9991-7054-4068-A7AA-9D1EB7F040A3,virchow2,Virchow2,40x,2p5x,40× ↔ 2.5×,31585,1000,10,0.14440001547336578
UCEC,TCGA-A5-A0GX-01Z-00-DX1.7E713D1A-5858-4648-957D-77189E43CFAA,virchow2,Virchow2,40x,10x,40× ↔ 10×,26039,1000,10,0.15630000829696655
UCEC,TCGA-A5-A0GX-01Z-00-DX1.7E713D1A-5858-4648-957D-77189E43CFAA,virchow2,Virchow2,10x,2p5x,10× ↔ 2.5×,26039,1000,10,0.23430001735687256
UCEC,TCGA-A5-A0GX-01Z-00-DX1.7E713D1A-5858-4648-957D-77189E43CFAA,virchow2,Virchow2,40x,2p5x,40× ↔ 2.5×,26039,1000,10,0.10220000147819519
UCEC,TCGA-A5-A0R7-01Z-00-DX1.D21E6974-22A3-4A68-8B4E-14E84A7A50A5,virchow2,Virchow2,40x,10x,40× ↔ 10×,45564,1000,10,0.1550000011920929
UCEC,TCGA-A5-A0R7-01Z-00-DX1.D21E6974-22A3-4A68-8B4E-14E84A7A50A5,virchow2,Virchow2,10x,2p5x,10× ↔ 2.5×,45564,1000,10,0.21470001339912415
UCEC,TCGA-A5-A0R7-01Z-00-DX1.D21E6974-22A3-4A68-8B4E-14E84A7A50A5,virchow2,Virchow2,40x,2p5x,40× ↔ 2.5×,45564,1000,10,0.10110001266002655
UCEC,TCGA-AX-A05U-01Z-00-DX1.1EBFC727-B5D5-4543-BBA9-4254ABD3D584,virchow2,Virchow2,40x,10x,40× ↔ 10×,42082,1000,10,0.16550001502037048
UCEC,TCGA-AX-A05U-01Z-00-DX1.1EBFC727-B5D5-4543-BBA9-4254ABD3D584,virchow2,Virchow2,10x,2p5x,10× ↔ 2.5×,42082,1000,10,0.23770003020763397
UCEC,TCGA-AX-A05U-01Z-00-DX1.1EBFC727-B5D5-4543-BBA9-4254ABD3D584,virchow2,Virchow2,40x,2p5x,40× ↔ 2.5×,42082,1000,10,0.10890000313520432
UCEC,TCGA-AX-A06B-01Z-00-DX2.1757C039-99F7-4087-A9E5-D340AF7220D4,virchow2,Virchow2,40x,10x,40× ↔ 10×,10560,1000,10,0.16020001471042633
UCEC,TCGA-AX-A06B-01Z-00-DX2.1757C039-99F7-4087-A9E5-D340AF7220D4,virchow2,Virchow2,10x,2p5x,10× ↔ 2.5×,10560,1000,10,0.22520002722740173
UCEC,TCGA-AX-A06B-01Z-00-DX2.1757C039-99F7-4087-A9E5-D340AF7220D4,virchow2,Virchow2,40x,2p5x,40× ↔ 2.5×,10560,1000,10,0.1282000094652176
UCEC,TCGA-AX-A0J0-01Z-00-DX2.56C668BE-03B8-4B87-A226-AABD97D53C38,virchow2,Virchow2,40x,10x,40× ↔ 10×,34978,1000,10,0.21250000596046448
UCEC,TCGA-AX-A0J0-01Z-00-DX2.56C668BE-03B8-4B87-A226-AABD97D53C38,virchow2,Virchow2,10x,2p5x,10× ↔ 2.5×,34978,1000,10,0.24880000948905945
UCEC,TCGA-AX-A0J0-01Z-00-DX2.56C668BE-03B8-4B87-A226-AABD97D53C38,virchow2,Virchow2,40x,2p5x,40× ↔ 2.5×,34978,1000,10,0.13850000500679016
UCEC,TCGA-B5-A11F-01Z-00-DX1.3F1C053D-E81E-4C8D-965D-6F3DE29D9511,virchow2,Virchow2,40x,10x,40× ↔ 10×,22717,1000,10,0.19670002162456512
UCEC,TCGA-B5-A11F-01Z-00-DX1.3F1C053D-E81E-4C8D-965D-6F3DE29D9511,virchow2,Virchow2,10x,2p5x,10× ↔ 2.5×,22717,1000,10,0.27410000562667847
UCEC,TCGA-B5-A11F-01Z-00-DX1.3F1C053D-E81E-4C8D-965D-6F3DE29D9511,virchow2,Virchow2,40x,2p5x,40× ↔ 2.5×,22717,1000,10,0.1290000081062317
UCEC,TCGA-BG-A0W1-01Z-00-DX1.8E06269C-1278-478B-A128-59FA911B1649,virchow2,Virchow2,40x,10x,40× ↔ 10×,26648,1000,10,0.1990000158548355
UCEC,TCGA-BG-A0W1-01Z-00-DX1.8E06269C-1278-478B-A128-59FA911B1649,virchow2,Virchow2,10x,2p5x,10× ↔ 2.5×,26648,1000,10,0.2677000164985657
UCEC,TCGA-BG-A0W1-01Z-00-DX1.8E06269C-1278-478B-A128-59FA911B1649,virchow2,Virchow2,40x,2p5x,40× ↔ 2.5×,26648,1000,10,0.15060001611709595
UCEC,TCGA-EY-A1GQ-01Z-00-DX1.03D52C6F-515E-4A4F-A08E-31D773BCC67F,virchow2,Virchow2,40x,10x,40× ↔ 10×,20550,1000,10,0.09630000591278076
UCEC,TCGA-EY-A1GQ-01Z-00-DX1.03D52C6F-515E-4A4F-A08E-31D773BCC67F,virchow2,Virchow2,10x,2p5x,10× ↔ 2.5×,20550,1000,10,0.21130000054836273
UCEC,TCGA-EY-A1GQ-01Z-00-DX1.03D52C6F-515E-4A4F-A08E-31D773BCC67F,virchow2,Virchow2,40x,2p5x,40× ↔ 2.5×,20550,1000,10,0.06710001081228256
UCEC,TCGA-FI-A2EX-01Z-00-DX1.127F5153-745D-43E6-83CA-DE2738702C62,virchow2,Virchow2,40x,10x,40× ↔ 10×,21945,1000,10,0.21010001003742218
UCEC,TCGA-FI-A2EX-01Z-00-DX1.127F5153-745D-43E6-83CA-DE2738702C62,virchow2,Virchow2,10x,2p5x,10× ↔ 2.5×,21945,1000,10,0.26759999990463257
UCEC,TCGA-FI-A2EX-01Z-00-DX1.127F5153-745D-43E6-83CA-DE2738702C62,virchow2,Virchow2,40x,2p5x,40× ↔ 2.5×,21945,1000,10,0.13460001349449158
BLCA,TCGA-CF-A3MF-01Z-00-DX1.91768C26-5BB1-4DE6-9737-AA26BD687A75,uni2,UNI2,40x,10x,40× ↔ 10×,26138,1000,10,0.17740000784397125
BLCA,TCGA-CF-A3MF-01Z-00-DX1.91768C26-5BB1-4DE6-9737-AA26BD687A75,uni2,UNI2,10x,2p5x,10× ↔ 2.5×,26138,1000,10,0.18410001695156097
BLCA,TCGA-CF-A3MF-01Z-00-DX1.91768C26-5BB1-4DE6-9737-AA26BD687A75,uni2,UNI2,40x,2p5x,40× ↔ 2.5×,26138,1000,10,0.09130001068115234
BLCA,TCGA-CU-A0YN-01Z-00-DX1.6C5EAAAF-8F14-49D3-8FFC-9BDAE56CAFD0,uni2,UNI2,40x,10x,40× ↔ 10×,2880,1000,10,0.15650001168251038
BLCA,TCGA-CU-A0YN-01Z-00-DX1.6C5EAAAF-8F14-49D3-8FFC-9BDAE56CAFD0,uni2,UNI2,10x,2p5x,10× ↔ 2.5×,2880,1000,10,0.3750000596046448
BLCA,TCGA-CU-A0YN-01Z-00-DX1.6C5EAAAF-8F14-49D3-8FFC-9BDAE56CAFD0,uni2,UNI2,40x,2p5x,40× ↔ 2.5×,2880,1000,10,0.11520001292228699
BLCA,TCGA-DK-A6AW-01Z-00-DX1.C2453A8C-8282-443C-9E76-5B6CAD2FE69B,uni2,UNI2,40x,10x,40× ↔ 10×,15233,1000,10,0.26750001311302185
BLCA,TCGA-DK-A6AW-01Z-00-DX1.C2453A8C-8282-443C-9E76-5B6CAD2FE69B,uni2,UNI2,10x,2p5x,10× ↔ 2.5×,15233,1000,10,0.3660000264644623
BLCA,TCGA-DK-A6AW-01Z-00-DX1.C2453A8C-8282-443C-9E76-5B6CAD2FE69B,uni2,UNI2,40x,2p5x,40× ↔ 2.5×,15233,1000,10,0.1981000155210495
BLCA,TCGA-DK-AA6L-01A-01-TSA.5794F0C6-9ED6-489A-9621-18CCC5935548,uni2,UNI2,40x,10x,40× ↔ 10×,7165,1000,10,0.15380001068115234
BLCA,TCGA-DK-AA6L-01A-01-TSA.5794F0C6-9ED6-489A-9621-18CCC5935548,uni2,UNI2,10x,2p5x,10× ↔ 2.5×,7165,1000,10,0.2761000096797943
BLCA,TCGA-DK-AA6L-01A-01-TSA.5794F0C6-9ED6-489A-9621-18CCC5935548,uni2,UNI2,40x,2p5x,40× ↔ 2.5×,7165,1000,10,0.1080000028014183
BLCA,TCGA-DK-AA77-01A-01-TSA.26CAF5CB-CC4F-4522-BD2B-343FB70205FE,uni2,UNI2,40x,10x,40× ↔ 10×,3872,1000,10,0.09970001131296158
BLCA,TCGA-DK-AA77-01A-01-TSA.26CAF5CB-CC4F-4522-BD2B-343FB70205FE,uni2,UNI2,10x,2p5x,10× ↔ 2.5×,3872,1000,10,0.21050001680850983
BLCA,TCGA-DK-AA77-01A-01-TSA.26CAF5CB-CC4F-4522-BD2B-343FB70205FE,uni2,UNI2,40x,2p5x,40× ↔ 2.5×,3872,1000,10,0.0731000080704689
BLCA,TCGA-FD-A6TK-01Z-00-DX1.B685DA87-72A6-4C38-8AA1-40B6E543383C,uni2,UNI2,40x,10x,40× ↔ 10×,19445,1000,10,0.2607000172138214
BLCA,TCGA-FD-A6TK-01Z-00-DX1.B685DA87-72A6-4C38-8AA1-40B6E543383C,uni2,UNI2,10x,2p5x,10× ↔ 2.5×,19445,1000,10,0.33070001006126404
BLCA,TCGA-FD-A6TK-01Z-00-DX1.B685DA87-72A6-4C38-8AA1-40B6E543383C,uni2,UNI2,40x,2p5x,40× ↔ 2.5×,19445,1000,10,0.18450000882148743
BLCA,TCGA-GU-AATP-01Z-00-DX1.0D8EC37C-88E7-49D5-A76D-F0A4A3FD8AE4,uni2,UNI2,40x,10x,40× ↔ 10×,22018,1000,10,0.22530001401901245
BLCA,TCGA-GU-AATP-01Z-00-DX1.0D8EC37C-88E7-49D5-A76D-F0A4A3FD8AE4,uni2,UNI2,10x,2p5x,10× ↔ 2.5×,22018,1000,10,0.2899000346660614
BLCA,TCGA-GU-AATP-01Z-00-DX1.0D8EC37C-88E7-49D5-A76D-F0A4A3FD8AE4,uni2,UNI2,40x,2p5x,40× ↔ 2.5×,22018,1000,10,0.14600001275539398
BLCA,TCGA-XF-A8HB-01Z-00-DX1.D6874152-D20A-4CA4-8E8B-8CBAB5F7D7B5,uni2,UNI2,40x,10x,40× ↔ 10×,14662,1000,10,0.23590001463890076
BLCA,TCGA-XF-A8HB-01Z-00-DX1.D6874152-D20A-4CA4-8E8B-8CBAB5F7D7B5,uni2,UNI2,10x,2p5x,10× ↔ 2.5×,14662,1000,10,0.26440003514289856
BLCA,TCGA-XF-A8HB-01Z-00-DX1.D6874152-D20A-4CA4-8E8B-8CBAB5F7D7B5,uni2,UNI2,40x,2p5x,40× ↔ 2.5×,14662,1000,10,0.1306000053882599
BLCA,TCGA-ZF-A9R1-01Z-00-DX1.74520759-D448-45B5-B8AD-45502C99A519,uni2,UNI2,40x,10x,40× ↔ 10×,16065,1000,10,0.29909998178482056
BLCA,TCGA-ZF-A9R1-01Z-00-DX1.74520759-D448-45B5-B8AD-45502C99A519,uni2,UNI2,10x,2p5x,10× ↔ 2.5×,16065,1000,10,0.3156000077724457
BLCA,TCGA-ZF-A9R1-01Z-00-DX1.74520759-D448-45B5-B8AD-45502C99A519,uni2,UNI2,40x,2p5x,40× ↔ 2.5×,16065,1000,10,0.18070000410079956
BLCA,TCGA-ZF-AA51-01Z-00-DX1.128C9731-C206-4E71-9A64-864FA9FD7E96,uni2,UNI2,40x,10x,40× ↔ 10×,22108,1000,10,0.3118000328540802
BLCA,TCGA-ZF-AA51-01Z-00-DX1.128C9731-C206-4E71-9A64-864FA9FD7E96,uni2,UNI2,10x,2p5x,10× ↔ 2.5×,22108,1000,10,0.27970001101493835
BLCA,TCGA-ZF-AA51-01Z-00-DX1.128C9731-C206-4E71-9A64-864FA9FD7E96,uni2,UNI2,40x,2p5x,40× ↔ 2.5×,22108,1000,10,0.17960001528263092
BRCA,TCGA-A7-A2KD-01Z-00-DX1.BFF2DFC8-1D95-4DC2-98FC-5BD7D7C6CDF5,uni2,UNI2,40x,10x,40× ↔ 10×,13242,1000,10,0.203000009059906
BRCA,TCGA-A7-A2KD-01Z-00-DX1.BFF2DFC8-1D95-4DC2-98FC-5BD7D7C6CDF5,uni2,UNI2,10x,2p5x,10× ↔ 2.5×,13242,1000,10,0.33320003747940063
BRCA,TCGA-A7-A2KD-01Z-00-DX1.BFF2DFC8-1D95-4DC2-98FC-5BD7D7C6CDF5,uni2,UNI2,40x,2p5x,40× ↔ 2.5×,13242,1000,10,0.14660000801086426
BRCA,TCGA-AN-A0G0-01Z-00-DX1.BE0BB5DF-DEDA-48D8-B5D8-2735C767F28F,uni2,UNI2,40x,10x,40× ↔ 10×,4987,1000,10,0.14990000426769257
BRCA,TCGA-AN-A0G0-01Z-00-DX1.BE0BB5DF-DEDA-48D8-B5D8-2735C767F28F,uni2,UNI2,10x,2p5x,10× ↔ 2.5×,4987,1000,10,0.289000004529953
BRCA,TCGA-AN-A0G0-01Z-00-DX1.BE0BB5DF-DEDA-48D8-B5D8-2735C767F28F,uni2,UNI2,40x,2p5x,40× ↔ 2.5×,4987,1000,10,0.10220000892877579
BRCA,TCGA-AQ-A04L-01Z-00-DX1.F35BF4DD-896A-43C2-8DA6-C67945C003BE,uni2,UNI2,40x,10x,40× ↔ 10×,6966,1000,10,0.1768999993801117
BRCA,TCGA-AQ-A04L-01Z-00-DX1.F35BF4DD-896A-43C2-8DA6-C67945C003BE,uni2,UNI2,10x,2p5x,10× ↔ 2.5×,6966,1000,10,0.2704000473022461
BRCA,TCGA-AQ-A04L-01Z-00-DX1.F35BF4DD-896A-43C2-8DA6-C67945C003BE,uni2,UNI2,40x,2p5x,40× ↔ 2.5×,6966,1000,10,0.12110000848770142
BRCA,TCGA-AR-A2LK-01Z-00-DX1.FBD59C38-CD4E-4C22-BC74-A57C192A9BBC,uni2,UNI2,40x,10x,40× ↔ 10×,11925,1000,10,0.23330000042915344
BRCA,TCGA-AR-A2LK-01Z-00-DX1.FBD59C38-CD4E-4C22-BC74-A57C192A9BBC,uni2,UNI2,10x,2p5x,10× ↔ 2.5×,11925,1000,10,0.3022000193595886
BRCA,TCGA-AR-A2LK-01Z-00-DX1.FBD59C38-CD4E-4C22-BC74-A57C192A9BBC,uni2,UNI2,40x,2p5x,40× ↔ 2.5×,11925,1000,10,0.15460000932216644
BRCA,TCGA-AR-A5QM-01Z-00-DX1.A9017CED-FF57-4090-95B9-94DC91854347,uni2,UNI2,40x,10x,40× ↔ 10×,13639,1000,10,0.16680000722408295
BRCA,TCGA-AR-A5QM-01Z-00-DX1.A9017CED-FF57-4090-95B9-94DC91854347,uni2,UNI2,10x,2p5x,10× ↔ 2.5×,13639,1000,10,0.25600001215934753
BRCA,TCGA-AR-A5QM-01Z-00-DX1.A9017CED-FF57-4090-95B9-94DC91854347,uni2,UNI2,40x,2p5x,40× ↔ 2.5×,13639,1000,10,0.11870001256465912
BRCA,TCGA-BH-A0C1-01Z-00-DX1.21FE357E-B182-4397-BFEF-7E96E994236A,uni2,UNI2,40x,10x,40× ↔ 10×,14097,1000,10,0.19620002806186676
BRCA,TCGA-BH-A0C1-01Z-00-DX1.21FE357E-B182-4397-BFEF-7E96E994236A,uni2,UNI2,10x,2p5x,10× ↔ 2.5×,14097,1000,10,0.30410003662109375
BRCA,TCGA-BH-A0C1-01Z-00-DX1.21FE357E-B182-4397-BFEF-7E96E994236A,uni2,UNI2,40x,2p5x,40× ↔ 2.5×,14097,1000,10,0.14139999449253082
BRCA,TCGA-D8-A1X8-01Z-00-DX1.DDA3866E-C7CC-4650-BE2B-5C9A98A2D531,uni2,UNI2,40x,10x,40× ↔ 10×,13628,1000,10,0.23200000822544098
BRCA,TCGA-D8-A1X8-01Z-00-DX1.DDA3866E-C7CC-4650-BE2B-5C9A98A2D531,uni2,UNI2,10x,2p5x,10× ↔ 2.5×,13628,1000,10,0.30230000615119934
BRCA,TCGA-D8-A1X8-01Z-00-DX1.DDA3866E-C7CC-4650-BE2B-5C9A98A2D531,uni2,UNI2,40x,2p5x,40× ↔ 2.5×,13628,1000,10,0.1511000096797943
BRCA,TCGA-E2-A14P-01Z-00-DX1.663B02FF-C64B-41A6-8685-FD61CD76F9C6,uni2,UNI2,40x,10x,40× ↔ 10×,17521,1000,10,0.21250000596046448
BRCA,TCGA-E2-A14P-01Z-00-DX1.663B02FF-C64B-41A6-8685-FD61CD76F9C6,uni2,UNI2,10x,2p5x,10× ↔ 2.5×,17521,1000,10,0.26829999685287476
BRCA,TCGA-E2-A14P-01Z-00-DX1.663B02FF-C64B-41A6-8685-FD61CD76F9C6,uni2,UNI2,40x,2p5x,40× ↔ 2.5×,17521,1000,10,0.13820001482963562
BRCA,TCGA-E2-A1LA-01Z-00-DX1.AE49E943-B830-4ED9-B09E-E499441BC2EC,uni2,UNI2,40x,10x,40× ↔ 10×,16576,1000,10,0.31640005111694336
BRCA,TCGA-E2-A1LA-01Z-00-DX1.AE49E943-B830-4ED9-B09E-E499441BC2EC,uni2,UNI2,10x,2p5x,10× ↔ 2.5×,16576,1000,10,0.3726000487804413
BRCA,TCGA-E2-A1LA-01Z-00-DX1.AE49E943-B830-4ED9-B09E-E499441BC2EC,uni2,UNI2,40x,2p5x,40× ↔ 2.5×,16576,1000,10,0.22430001199245453
BRCA,TCGA-GM-A3XN-01Z-00-DX1.49F5C8AC-0328-4BC2-9FE2-E7150B7A42E2,uni2,UNI2,40x,10x,40× ↔ 10×,18199,1000,10,0.1820000261068344
BRCA,TCGA-GM-A3XN-01Z-00-DX1.49F5C8AC-0328-4BC2-9FE2-E7150B7A42E2,uni2,UNI2,10x,2p5x,10× ↔ 2.5×,18199,1000,10,0.2653000056743622
BRCA,TCGA-GM-A3XN-01Z-00-DX1.49F5C8AC-0328-4BC2-9FE2-E7150B7A42E2,uni2,UNI2,40x,2p5x,40× ↔ 2.5×,18199,1000,10,0.12130001187324524
COAD,TCGA-AY-A8YK-01Z-00-DX1.89E3C546-0425-449B-A6FB-1C35168EA7EB,uni2,UNI2,40x,10x,40× ↔ 10×,8285,1000,10,0.1883000135421753
COAD,TCGA-AY-A8YK-01Z-00-DX1.89E3C546-0425-449B-A6FB-1C35168EA7EB,uni2,UNI2,10x,2p5x,10× ↔ 2.5×,8285,1000,10,0.3376000225543976
COAD,TCGA-AY-A8YK-01Z-00-DX1.89E3C546-0425-449B-A6FB-1C35168EA7EB,uni2,UNI2,40x,2p5x,40× ↔ 2.5×,8285,1000,10,0.13770002126693726
COAD,TCGA-CK-4947-01Z-00-DX1.b257d5fd-b97b-4987-b088-77f044ca7fe2,uni2,UNI2,40x,10x,40× ↔ 10×,23336,1000,10,0.26590004563331604
COAD,TCGA-CK-4947-01Z-00-DX1.b257d5fd-b97b-4987-b088-77f044ca7fe2,uni2,UNI2,10x,2p5x,10× ↔ 2.5×,23336,1000,10,0.30959999561309814
COAD,TCGA-CK-4947-01Z-00-DX1.b257d5fd-b97b-4987-b088-77f044ca7fe2,uni2,UNI2,40x,2p5x,40× ↔ 2.5×,23336,1000,10,0.1738000065088272
COAD,TCGA-CM-6168-01Z-00-DX1.96af6eb2-9d51-4671-baf8-1a73d0c66869,uni2,UNI2,40x,10x,40× ↔ 10×,24102,1000,10,0.3221000134944916
COAD,TCGA-CM-6168-01Z-00-DX1.96af6eb2-9d51-4671-baf8-1a73d0c66869,uni2,UNI2,10x,2p5x,10× ↔ 2.5×,24102,1000,10,0.36900001764297485
COAD,TCGA-CM-6168-01Z-00-DX1.96af6eb2-9d51-4671-baf8-1a73d0c66869,uni2,UNI2,40x,2p5x,40× ↔ 2.5×,24102,1000,10,0.21289999783039093
COAD,TCGA-CM-6169-01Z-00-DX1.0381c243-02b8-4f1d-840c-19ef44d4b92c,uni2,UNI2,40x,10x,40× ↔ 10×,18522,1000,10,0.25880002975463867
COAD,TCGA-CM-6169-01Z-00-DX1.0381c243-02b8-4f1d-840c-19ef44d4b92c,uni2,UNI2,10x,2p5x,10× ↔ 2.5×,18522,1000,10,0.3078000247478485
COAD,TCGA-CM-6169-01Z-00-DX1.0381c243-02b8-4f1d-840c-19ef44d4b92c,uni2,UNI2,40x,2p5x,40× ↔ 2.5×,18522,1000,10,0.15550000965595245
COAD,TCGA-G4-6309-01Z-00-DX1.3eb20fdc-eb86-4bd5-8194-76b02d4fa472,uni2,UNI2,40x,10x,40× ↔ 10×,17070,1000,10,0.30560001730918884
COAD,TCGA-G4-6309-01Z-00-DX1.3eb20fdc-eb86-4bd5-8194-76b02d4fa472,uni2,UNI2,10x,2p5x,10× ↔ 2.5×,17070,1000,10,0.35790005326271057
COAD,TCGA-G4-6309-01Z-00-DX1.3eb20fdc-eb86-4bd5-8194-76b02d4fa472,uni2,UNI2,40x,2p5x,40× ↔ 2.5×,17070,1000,10,0.19780002534389496
COAD,TCGA-G4-6310-01Z-00-DX1.b88472d4-3adc-4e4d-b0f2-0dc195a3d7df,uni2,UNI2,40x,10x,40× ↔ 10×,16917,1000,10,0.26920002698898315
COAD,TCGA-G4-6310-01Z-00-DX1.b88472d4-3adc-4e4d-b0f2-0dc195a3d7df,uni2,UNI2,10x,2p5x,10× ↔ 2.5×,16917,1000,10,0.347400039434433
COAD,TCGA-G4-6310-01Z-00-DX1.b88472d4-3adc-4e4d-b0f2-0dc195a3d7df,uni2,UNI2,40x,2p5x,40× ↔ 2.5×,16917,1000,10,0.1916000097990036
COAD,TCGA-G4-6588-01Z-00-DX1.0747172e-f630-4b7c-9341-55078585ae00,uni2,UNI2,40x,10x,40× ↔ 10×,20553,1000,10,0.2679000198841095
COAD,TCGA-G4-6588-01Z-00-DX1.0747172e-f630-4b7c-9341-55078585ae00,uni2,UNI2,10x,2p5x,10× ↔ 2.5×,20553,1000,10,0.33980000019073486
COAD,TCGA-G4-6588-01Z-00-DX1.0747172e-f630-4b7c-9341-55078585ae00,uni2,UNI2,40x,2p5x,40× ↔ 2.5×,20553,1000,10,0.17100000381469727
HNSC,TCGA-BA-6871-01Z-00-DX1.4d9ca329-f8d5-4c31-a20f-9d4fba728326,uni2,UNI2,40x,10x,40× ↔ 10×,14718,1000,10,0.19750000536441803
HNSC,TCGA-BA-6871-01Z-00-DX1.4d9ca329-f8d5-4c31-a20f-9d4fba728326,uni2,UNI2,10x,2p5x,10× ↔ 2.5×,14718,1000,10,0.2354000061750412
HNSC,TCGA-BA-6871-01Z-00-DX1.4d9ca329-f8d5-4c31-a20f-9d4fba728326,uni2,UNI2,40x,2p5x,40× ↔ 2.5×,14718,1000,10,0.11150000244379044
HNSC,TCGA-BA-6872-01Z-00-DX1.F99F6394-D319-4599-B124-D2A6692FA096,uni2,UNI2,40x,10x,40× ↔ 10×,7720,1000,10,0.18710000813007355
HNSC,TCGA-BA-6872-01Z-00-DX1.F99F6394-D319-4599-B124-D2A6692FA096,uni2,UNI2,10x,2p5x,10× ↔ 2.5×,7720,1000,10,0.31870001554489136
HNSC,TCGA-BA-6872-01Z-00-DX1.F99F6394-D319-4599-B124-D2A6692FA096,uni2,UNI2,40x,2p5x,40× ↔ 2.5×,7720,1000,10,0.12480001151561737
HNSC,TCGA-CN-A6V7-01A-01-TS1.F54912D3-1E21-4605-ACFC-142973524AE2,uni2,UNI2,40x,10x,40× ↔ 10×,2536,1000,10,0.1039000079035759
HNSC,TCGA-CN-A6V7-01A-01-TS1.F54912D3-1E21-4605-ACFC-142973524AE2,uni2,UNI2,10x,2p5x,10× ↔ 2.5×,2536,1000,10,0.2985000014305115
HNSC,TCGA-CN-A6V7-01A-01-TS1.F54912D3-1E21-4605-ACFC-142973524AE2,uni2,UNI2,40x,2p5x,40× ↔ 2.5×,2536,1000,10,0.07810000330209732
HNSC,TCGA-CV-6935-01Z-00-DX1.9C449CB2-FB6D-41D1-A4A6-3069DC84A697,uni2,UNI2,40x,10x,40× ↔ 10×,12224,1000,10,0.17840002477169037
HNSC,TCGA-CV-6935-01Z-00-DX1.9C449CB2-FB6D-41D1-A4A6-3069DC84A697,uni2,UNI2,10x,2p5x,10× ↔ 2.5×,12224,1000,10,0.26030001044273376
HNSC,TCGA-CV-6935-01Z-00-DX1.9C449CB2-FB6D-41D1-A4A6-3069DC84A697,uni2,UNI2,40x,2p5x,40× ↔ 2.5×,12224,1000,10,0.12360000610351562
HNSC,TCGA-CV-A45O-01Z-00-DX1.8CBD0CCC-C815-475D-87F9-76272F4F715B,uni2,UNI2,40x,10x,40× ↔ 10×,14844,1000,10,0.26420003175735474
HNSC,TCGA-CV-A45O-01Z-00-DX1.8CBD0CCC-C815-475D-87F9-76272F4F715B,uni2,UNI2,10x,2p5x,10× ↔ 2.5×,14844,1000,10,0.3197000324726105
HNSC,TCGA-CV-A45O-01Z-00-DX1.8CBD0CCC-C815-475D-87F9-76272F4F715B,uni2,UNI2,40x,2p5x,40× ↔ 2.5×,14844,1000,10,0.16310001909732819
HNSC,TCGA-CV-A6JE-01Z-00-DX1.20137D17-19B3-49FF-9C3D-60933157E409,uni2,UNI2,40x,10x,40× ↔ 10×,26402,1000,10,0.23640000820159912
HNSC,TCGA-CV-A6JE-01Z-00-DX1.20137D17-19B3-49FF-9C3D-60933157E409,uni2,UNI2,10x,2p5x,10× ↔ 2.5×,26402,1000,10,0.3101000189781189
HNSC,TCGA-CV-A6JE-01Z-00-DX1.20137D17-19B3-49FF-9C3D-60933157E409,uni2,UNI2,40x,2p5x,40× ↔ 2.5×,26402,1000,10,0.15389999747276306
HNSC,TCGA-CV-A6JU-01Z-00-DX1.35A3A1F0-9D6C-4794-B501-E56E48C51DF9,uni2,UNI2,40x,10x,40× ↔ 10×,21938,1000,10,0.2582000195980072
HNSC,TCGA-CV-A6JU-01Z-00-DX1.35A3A1F0-9D6C-4794-B501-E56E48C51DF9,uni2,UNI2,10x,2p5x,10× ↔ 2.5×,21938,1000,10,0.31310001015663147
HNSC,TCGA-CV-A6JU-01Z-00-DX1.35A3A1F0-9D6C-4794-B501-E56E48C51DF9,uni2,UNI2,40x,2p5x,40× ↔ 2.5×,21938,1000,10,0.16140000522136688
HNSC,TCGA-UF-A719-01Z-00-DX1.4C4ECC2C-C390-4C5E-A709-CF08C113F1A1,uni2,UNI2,40x,10x,40× ↔ 10×,21546,1000,10,0.2836000323295593
HNSC,TCGA-UF-A719-01Z-00-DX1.4C4ECC2C-C390-4C5E-A709-CF08C113F1A1,uni2,UNI2,10x,2p5x,10× ↔ 2.5×,21546,1000,10,0.30320003628730774
HNSC,TCGA-UF-A719-01Z-00-DX1.4C4ECC2C-C390-4C5E-A709-CF08C113F1A1,uni2,UNI2,40x,2p5x,40× ↔ 2.5×,21546,1000,10,0.17440001666545868
KIRC,TCGA-A3-3346-01Z-00-DX1.95280216-fd71-4a03-b452-6e3d667f2542,uni2,UNI2,40x,10x,40× ↔ 10×,2240,1000,10,0.1973000317811966
KIRC,TCGA-A3-3346-01Z-00-DX1.95280216-fd71-4a03-b452-6e3d667f2542,uni2,UNI2,10x,2p5x,10× ↔ 2.5×,2240,1000,10,0.40320003032684326
KIRC,TCGA-A3-3346-01Z-00-DX1.95280216-fd71-4a03-b452-6e3d667f2542,uni2,UNI2,40x,2p5x,40× ↔ 2.5×,2240,1000,10,0.15460000932216644
KIRC,TCGA-A3-A8CQ-01Z-00-DX1.78DA0827-5FB8-4B9F-A845-22F85830B5FB,uni2,UNI2,40x,10x,40× ↔ 10×,1395,1000,10,0.13420002162456512
KIRC,TCGA-A3-A8CQ-01Z-00-DX1.78DA0827-5FB8-4B9F-A845-22F85830B5FB,uni2,UNI2,10x,2p5x,10× ↔ 2.5×,1395,1000,10,0.3928000032901764
KIRC,TCGA-A3-A8CQ-01Z-00-DX1.78DA0827-5FB8-4B9F-A845-22F85830B5FB,uni2,UNI2,40x,2p5x,40× ↔ 2.5×,1395,1000,10,0.10460001230239868
KIRC,TCGA-AK-3444-01Z-00-DX1.1F0E0B47-29FF-456F-800A-539983FDCFAA,uni2,UNI2,40x,10x,40× ↔ 10×,5029,1000,10,0.1738000065088272
KIRC,TCGA-AK-3444-01Z-00-DX1.1F0E0B47-29FF-456F-800A-539983FDCFAA,uni2,UNI2,10x,2p5x,10× ↔ 2.5×,5029,1000,10,0.30170002579689026
KIRC,TCGA-AK-3444-01Z-00-DX1.1F0E0B47-29FF-456F-800A-539983FDCFAA,uni2,UNI2,40x,2p5x,40× ↔ 2.5×,5029,1000,10,0.140299990773201
KIRC,TCGA-B0-5094-01Z-00-DX1.eac31fe2-09da-4ecf-8e25-c073cbb03295,uni2,UNI2,40x,10x,40× ↔ 10×,23201,1000,10,0.24620002508163452
KIRC,TCGA-B0-5094-01Z-00-DX1.eac31fe2-09da-4ecf-8e25-c073cbb03295,uni2,UNI2,10x,2p5x,10× ↔ 2.5×,23201,1000,10,0.27820003032684326
KIRC,TCGA-B0-5094-01Z-00-DX1.eac31fe2-09da-4ecf-8e25-c073cbb03295,uni2,UNI2,40x,2p5x,40× ↔ 2.5×,23201,1000,10,0.1599000096321106
KIRC,TCGA-B0-5106-01Z-00-DX1.564e51a3-be50-4eed-ba9c-4d478b96ffc6,uni2,UNI2,40x,10x,40× ↔ 10×,26156,1000,10,0.21240001916885376
KIRC,TCGA-B0-5106-01Z-00-DX1.564e51a3-be50-4eed-ba9c-4d478b96ffc6,uni2,UNI2,10x,2p5x,10× ↔ 2.5×,26156,1000,10,0.3035000264644623
KIRC,TCGA-B0-5106-01Z-00-DX1.564e51a3-be50-4eed-ba9c-4d478b96ffc6,uni2,UNI2,40x,2p5x,40× ↔ 2.5×,26156,1000,10,0.14270001649856567
KIRC,TCGA-B0-5711-01Z-00-DX1.6839921f-ec08-4e94-8bf9-4b5a4fcdda45,uni2,UNI2,40x,10x,40× ↔ 10×,23048,1000,10,0.23080001771450043
KIRC,TCGA-B0-5711-01Z-00-DX1.6839921f-ec08-4e94-8bf9-4b5a4fcdda45,uni2,UNI2,10x,2p5x,10× ↔ 2.5×,23048,1000,10,0.31029999256134033
KIRC,TCGA-B0-5711-01Z-00-DX1.6839921f-ec08-4e94-8bf9-4b5a4fcdda45,uni2,UNI2,40x,2p5x,40× ↔ 2.5×,23048,1000,10,0.1632000207901001
KIRC,TCGA-B2-5633-01Z-00-DX1.c55a29ca-468e-46de-9ff5-a51f46fe09fd,uni2,UNI2,40x,10x,40× ↔ 10×,3974,1000,10,0.19610001146793365
KIRC,TCGA-B2-5633-01Z-00-DX1.c55a29ca-468e-46de-9ff5-a51f46fe09fd,uni2,UNI2,10x,2p5x,10× ↔ 2.5×,3974,1000,10,0.3198000192642212
KIRC,TCGA-B2-5633-01Z-00-DX1.c55a29ca-468e-46de-9ff5-a51f46fe09fd,uni2,UNI2,40x,2p5x,40× ↔ 2.5×,3974,1000,10,0.13770002126693726
KIRC,TCGA-BP-4991-01Z-00-DX1.71305f5c-ca59-48fa-bb82-4b441c1fffdc,uni2,UNI2,40x,10x,40× ↔ 10×,31068,1000,10,0.21330001950263977
KIRC,TCGA-BP-4991-01Z-00-DX1.71305f5c-ca59-48fa-bb82-4b441c1fffdc,uni2,UNI2,10x,2p5x,10× ↔ 2.5×,31068,1000,10,0.301800012588501
KIRC,TCGA-BP-4991-01Z-00-DX1.71305f5c-ca59-48fa-bb82-4b441c1fffdc,uni2,UNI2,40x,2p5x,40× ↔ 2.5×,31068,1000,10,0.15600000321865082
KIRC,TCGA-BP-5201-01Z-00-DX1.d1a9878e-bb97-48fb-9098-9d9337f06250,uni2,UNI2,40x,10x,40× ↔ 10×,12763,1000,10,0.15650001168251038
KIRC,TCGA-BP-5201-01Z-00-DX1.d1a9878e-bb97-48fb-9098-9d9337f06250,uni2,UNI2,10x,2p5x,10× ↔ 2.5×,12763,1000,10,0.20070001482963562
KIRC,TCGA-BP-5201-01Z-00-DX1.d1a9878e-bb97-48fb-9098-9d9337f06250,uni2,UNI2,40x,2p5x,40× ↔ 2.5×,12763,1000,10,0.0950000062584877
LUAD,TCGA-55-6986-01Z-00-DX1.ae52d41e-3cd6-4d36-b04b-2ea7d29bd8da,uni2,UNI2,40x,10x,40× ↔ 10×,5951,1000,10,0.20820000767707825
LUAD,TCGA-55-6986-01Z-00-DX1.ae52d41e-3cd6-4d36-b04b-2ea7d29bd8da,uni2,UNI2,10x,2p5x,10× ↔ 2.5×,5951,1000,10,0.31550002098083496
LUAD,TCGA-55-6986-01Z-00-DX1.ae52d41e-3cd6-4d36-b04b-2ea7d29bd8da,uni2,UNI2,40x,2p5x,40× ↔ 2.5×,5951,1000,10,0.13430000841617584
LUAD,TCGA-64-5779-01Z-00-DX1.B3268447-DCE0-4927-B5A9-EC4D61E9B17D,uni2,UNI2,40x,10x,40× ↔ 10×,15338,1000,10,0.18720000982284546
LUAD,TCGA-64-5779-01Z-00-DX1.B3268447-DCE0-4927-B5A9-EC4D61E9B17D,uni2,UNI2,10x,2p5x,10× ↔ 2.5×,15338,1000,10,0.18940000236034393
LUAD,TCGA-64-5779-01Z-00-DX1.B3268447-DCE0-4927-B5A9-EC4D61E9B17D,uni2,UNI2,40x,2p5x,40× ↔ 2.5×,15338,1000,10,0.10080000758171082
LUAD,TCGA-78-7158-01Z-00-DX1.74db3dcd-2715-4ce7-8e48-30c8b7946ba0,uni2,UNI2,40x,10x,40× ↔ 10×,23198,1000,10,0.16380001604557037
LUAD,TCGA-78-7158-01Z-00-DX1.74db3dcd-2715-4ce7-8e48-30c8b7946ba0,uni2,UNI2,10x,2p5x,10× ↔ 2.5×,23198,1000,10,0.23690000176429749
LUAD,TCGA-78-7158-01Z-00-DX1.74db3dcd-2715-4ce7-8e48-30c8b7946ba0,uni2,UNI2,40x,2p5x,40× ↔ 2.5×,23198,1000,10,0.10190001130104065
LUAD,TCGA-78-7163-01Z-00-DX1.42880bdf-271d-41dd-aada-e7ec1156ff31,uni2,UNI2,40x,10x,40× ↔ 10×,21422,1000,10,0.1469999998807907
LUAD,TCGA-78-7163-01Z-00-DX1.42880bdf-271d-41dd-aada-e7ec1156ff31,uni2,UNI2,10x,2p5x,10× ↔ 2.5×,21422,1000,10,0.22550001740455627
LUAD,TCGA-78-7163-01Z-00-DX1.42880bdf-271d-41dd-aada-e7ec1156ff31,uni2,UNI2,40x,2p5x,40× ↔ 2.5×,21422,1000,10,0.09150000661611557
LUAD,TCGA-78-7536-01Z-00-DX1.6b066140-8b82-40a5-bd48-430eeb4463fe,uni2,UNI2,40x,10x,40× ↔ 10×,32971,1000,10,0.1437000185251236
LUAD,TCGA-78-7536-01Z-00-DX1.6b066140-8b82-40a5-bd48-430eeb4463fe,uni2,UNI2,10x,2p5x,10× ↔ 2.5×,32971,1000,10,0.17970000207424164
LUAD,TCGA-78-7536-01Z-00-DX1.6b066140-8b82-40a5-bd48-430eeb4463fe,uni2,UNI2,40x,2p5x,40× ↔ 2.5×,32971,1000,10,0.07889999449253082
LUAD,TCGA-86-8668-01Z-00-DX1.d720d486-02c7-4f98-8feb-e0e50a12c158,uni2,UNI2,40x,10x,40× ↔ 10×,14624,1000,10,0.17310000956058502
LUAD,TCGA-86-8668-01Z-00-DX1.d720d486-02c7-4f98-8feb-e0e50a12c158,uni2,UNI2,10x,2p5x,10× ↔ 2.5×,14624,1000,10,0.2436000108718872
LUAD,TCGA-86-8668-01Z-00-DX1.d720d486-02c7-4f98-8feb-e0e50a12c158,uni2,UNI2,40x,2p5x,40× ↔ 2.5×,14624,1000,10,0.11180000752210617
LUAD,TCGA-97-A4LX-01Z-00-DX1.B2334672-A626-4E74-B4D1-A79F70F65909,uni2,UNI2,40x,10x,40× ↔ 10×,19346,1000,10,0.1282000094652176
LUAD,TCGA-97-A4LX-01Z-00-DX1.B2334672-A626-4E74-B4D1-A79F70F65909,uni2,UNI2,10x,2p5x,10× ↔ 2.5×,19346,1000,10,0.16920001804828644
LUAD,TCGA-97-A4LX-01Z-00-DX1.B2334672-A626-4E74-B4D1-A79F70F65909,uni2,UNI2,40x,2p5x,40× ↔ 2.5×,19346,1000,10,0.0706000104546547
LUAD,TCGA-97-A4M2-01Z-00-DX1.5C72522C-1538-4D68-B517-5FB05A9D401A,uni2,UNI2,40x,10x,40× ↔ 10×,8962,1000,10,0.18900001049041748
LUAD,TCGA-97-A4M2-01Z-00-DX1.5C72522C-1538-4D68-B517-5FB05A9D401A,uni2,UNI2,10x,2p5x,10× ↔ 2.5×,8962,1000,10,0.2572999894618988
LUAD,TCGA-97-A4M2-01Z-00-DX1.5C72522C-1538-4D68-B517-5FB05A9D401A,uni2,UNI2,40x,2p5x,40× ↔ 2.5×,8962,1000,10,0.1137000098824501
LUAD,TCGA-J2-A4AE-01Z-00-DX1.42C5DE4A-7787-4E59-8969-D12503262C96,uni2,UNI2,40x,10x,40× ↔ 10×,14491,1000,10,0.1664000153541565
LUAD,TCGA-J2-A4AE-01Z-00-DX1.42C5DE4A-7787-4E59-8969-D12503262C96,uni2,UNI2,10x,2p5x,10× ↔ 2.5×,14491,1000,10,0.24170002341270447
LUAD,TCGA-J2-A4AE-01Z-00-DX1.42C5DE4A-7787-4E59-8969-D12503262C96,uni2,UNI2,40x,2p5x,40× ↔ 2.5×,14491,1000,10,0.10570000112056732
STAD,TCGA-BR-6452-01Z-00-DX1.aec8246e-9dce-436d-9faa-df8fa1f6e47c,uni2,UNI2,40x,10x,40× ↔ 10×,15303,1000,10,0.2660999894142151
STAD,TCGA-BR-6452-01Z-00-DX1.aec8246e-9dce-436d-9faa-df8fa1f6e47c,uni2,UNI2,10x,2p5x,10× ↔ 2.5×,15303,1000,10,0.34220004081726074
STAD,TCGA-BR-6452-01Z-00-DX1.aec8246e-9dce-436d-9faa-df8fa1f6e47c,uni2,UNI2,40x,2p5x,40× ↔ 2.5×,15303,1000,10,0.1730000078678131
STAD,TCGA-BR-6454-01Z-00-DX1.63fb6280-2b43-49b2-960a-eb9c0e8b617c,uni2,UNI2,40x,10x,40× ↔ 10×,15740,1000,10,0.1429000049829483
STAD,TCGA-BR-6454-01Z-00-DX1.63fb6280-2b43-49b2-960a-eb9c0e8b617c,uni2,UNI2,10x,2p5x,10× ↔ 2.5×,15740,1000,10,0.24320001900196075
STAD,TCGA-BR-6454-01Z-00-DX1.63fb6280-2b43-49b2-960a-eb9c0e8b617c,uni2,UNI2,40x,2p5x,40× ↔ 2.5×,15740,1000,10,0.08669999986886978
STAD,TCGA-BR-A4CQ-01Z-00-DX1.B63282A5-154D-441B-BF96-5BB26CB6D95E,uni2,UNI2,40x,10x,40× ↔ 10×,13809,1000,10,0.24180001020431519
STAD,TCGA-BR-A4CQ-01Z-00-DX1.B63282A5-154D-441B-BF96-5BB26CB6D95E,uni2,UNI2,10x,2p5x,10× ↔ 2.5×,13809,1000,10,0.37220004200935364
STAD,TCGA-BR-A4CQ-01Z-00-DX1.B63282A5-154D-441B-BF96-5BB26CB6D95E,uni2,UNI2,40x,2p5x,40× ↔ 2.5×,13809,1000,10,0.17320001125335693
STAD,TCGA-CD-A487-01Z-00-DX1.A026BD2F-B721-4340-83D5-7AA39227C90F,uni2,UNI2,40x,10x,40× ↔ 10×,20251,1000,10,0.3208000361919403
STAD,TCGA-CD-A487-01Z-00-DX1.A026BD2F-B721-4340-83D5-7AA39227C90F,uni2,UNI2,10x,2p5x,10× ↔ 2.5×,20251,1000,10,0.41620001196861267
STAD,TCGA-CD-A487-01Z-00-DX1.A026BD2F-B721-4340-83D5-7AA39227C90F,uni2,UNI2,40x,2p5x,40× ↔ 2.5×,20251,1000,10,0.25060001015663147
STAD,TCGA-FP-8209-01Z-00-DX1.a5e13081-1631-44d4-8d6a-c229a22c2311,uni2,UNI2,40x,10x,40× ↔ 10×,3901,1000,10,0.2922000288963318
STAD,TCGA-FP-8209-01Z-00-DX1.a5e13081-1631-44d4-8d6a-c229a22c2311,uni2,UNI2,10x,2p5x,10× ↔ 2.5×,3901,1000,10,0.38690003752708435
STAD,TCGA-FP-8209-01Z-00-DX1.a5e13081-1631-44d4-8d6a-c229a22c2311,uni2,UNI2,40x,2p5x,40× ↔ 2.5×,3901,1000,10,0.217600017786026
STAD,TCGA-SW-A7EA-01Z-00-DX1.C5E1BE0E-0A25-4480-A3AC-DB2ED7471A4E,uni2,UNI2,40x,10x,40× ↔ 10×,6449,1000,10,0.2168000191450119
STAD,TCGA-SW-A7EA-01Z-00-DX1.C5E1BE0E-0A25-4480-A3AC-DB2ED7471A4E,uni2,UNI2,10x,2p5x,10× ↔ 2.5×,6449,1000,10,0.35030001401901245
STAD,TCGA-SW-A7EA-01Z-00-DX1.C5E1BE0E-0A25-4480-A3AC-DB2ED7471A4E,uni2,UNI2,40x,2p5x,40× ↔ 2.5×,6449,1000,10,0.17400000989437103
STAD,TCGA-VQ-A8PY-01Z-00-DX1.EA2C7386-012A-442A-95B3-FFA12BD2684D,uni2,UNI2,40x,10x,40× ↔ 10×,22399,1000,10,0.30230003595352173
STAD,TCGA-VQ-A8PY-01Z-00-DX1.EA2C7386-012A-442A-95B3-FFA12BD2684D,uni2,UNI2,10x,2p5x,10× ↔ 2.5×,22399,1000,10,0.3645000159740448
STAD,TCGA-VQ-A8PY-01Z-00-DX1.EA2C7386-012A-442A-95B3-FFA12BD2684D,uni2,UNI2,40x,2p5x,40× ↔ 2.5×,22399,1000,10,0.21060001850128174
STAD,TCGA-VQ-A924-01Z-00-DX1.736B41F3-9678-4FAF-AE86-FCAC4F6DCBD3,uni2,UNI2,40x,10x,40× ↔ 10×,12960,1000,10,0.18400001525878906
STAD,TCGA-VQ-A924-01Z-00-DX1.736B41F3-9678-4FAF-AE86-FCAC4F6DCBD3,uni2,UNI2,10x,2p5x,10× ↔ 2.5×,12960,1000,10,0.3302000164985657
STAD,TCGA-VQ-A924-01Z-00-DX1.736B41F3-9678-4FAF-AE86-FCAC4F6DCBD3,uni2,UNI2,40x,2p5x,40× ↔ 2.5×,12960,1000,10,0.13870002329349518
STAD,TCGA-ZQ-A9CR-01Z-00-DX1.C9AC9991-7054-4068-A7AA-9D1EB7F040A3,uni2,UNI2,40x,10x,40× ↔ 10×,31585,1000,10,0.280100017786026
STAD,TCGA-ZQ-A9CR-01Z-00-DX1.C9AC9991-7054-4068-A7AA-9D1EB7F040A3,uni2,UNI2,10x,2p5x,10× ↔ 2.5×,31585,1000,10,0.3093000054359436
STAD,TCGA-ZQ-A9CR-01Z-00-DX1.C9AC9991-7054-4068-A7AA-9D1EB7F040A3,uni2,UNI2,40x,2p5x,40× ↔ 2.5×,31585,1000,10,0.19220001995563507
UCEC,TCGA-A5-A0GX-01Z-00-DX1.7E713D1A-5858-4648-957D-77189E43CFAA,uni2,UNI2,40x,10x,40× ↔ 10×,26039,1000,10,0.1737000197172165
UCEC,TCGA-A5-A0GX-01Z-00-DX1.7E713D1A-5858-4648-957D-77189E43CFAA,uni2,UNI2,10x,2p5x,10× ↔ 2.5×,26039,1000,10,0.2208000272512436
UCEC,TCGA-A5-A0GX-01Z-00-DX1.7E713D1A-5858-4648-957D-77189E43CFAA,uni2,UNI2,40x,2p5x,40× ↔ 2.5×,26039,1000,10,0.12240001559257507
UCEC,TCGA-A5-A0R7-01Z-00-DX1.D21E6974-22A3-4A68-8B4E-14E84A7A50A5,uni2,UNI2,40x,10x,40× ↔ 10×,45564,1000,10,0.17239999771118164
UCEC,TCGA-A5-A0R7-01Z-00-DX1.D21E6974-22A3-4A68-8B4E-14E84A7A50A5,uni2,UNI2,10x,2p5x,10× ↔ 2.5×,45564,1000,10,0.23080001771450043
UCEC,TCGA-A5-A0R7-01Z-00-DX1.D21E6974-22A3-4A68-8B4E-14E84A7A50A5,uni2,UNI2,40x,2p5x,40× ↔ 2.5×,45564,1000,10,0.10540000349283218
UCEC,TCGA-AX-A05U-01Z-00-DX1.1EBFC727-B5D5-4543-BBA9-4254ABD3D584,uni2,UNI2,40x,10x,40× ↔ 10×,42082,1000,10,0.21160002052783966
UCEC,TCGA-AX-A05U-01Z-00-DX1.1EBFC727-B5D5-4543-BBA9-4254ABD3D584,uni2,UNI2,10x,2p5x,10× ↔ 2.5×,42082,1000,10,0.27660003304481506
UCEC,TCGA-AX-A05U-01Z-00-DX1.1EBFC727-B5D5-4543-BBA9-4254ABD3D584,uni2,UNI2,40x,2p5x,40× ↔ 2.5×,42082,1000,10,0.14979998767375946
UCEC,TCGA-AX-A06B-01Z-00-DX2.1757C039-99F7-4087-A9E5-D340AF7220D4,uni2,UNI2,40x,10x,40× ↔ 10×,10560,1000,10,0.22230000793933868
UCEC,TCGA-AX-A06B-01Z-00-DX2.1757C039-99F7-4087-A9E5-D340AF7220D4,uni2,UNI2,10x,2p5x,10× ↔ 2.5×,10560,1000,10,0.30550000071525574
UCEC,TCGA-AX-A06B-01Z-00-DX2.1757C039-99F7-4087-A9E5-D340AF7220D4,uni2,UNI2,40x,2p5x,40× ↔ 2.5×,10560,1000,10,0.16630001366138458
UCEC,TCGA-AX-A0J0-01Z-00-DX2.56C668BE-03B8-4B87-A226-AABD97D53C38,uni2,UNI2,40x,10x,40× ↔ 10×,34978,1000,10,0.25279998779296875
UCEC,TCGA-AX-A0J0-01Z-00-DX2.56C668BE-03B8-4B87-A226-AABD97D53C38,uni2,UNI2,10x,2p5x,10× ↔ 2.5×,34978,1000,10,0.2757999897003174
UCEC,TCGA-AX-A0J0-01Z-00-DX2.56C668BE-03B8-4B87-A226-AABD97D53C38,uni2,UNI2,40x,2p5x,40× ↔ 2.5×,34978,1000,10,0.16290000081062317
UCEC,TCGA-B5-A11F-01Z-00-DX1.3F1C053D-E81E-4C8D-965D-6F3DE29D9511,uni2,UNI2,40x,10x,40× ↔ 10×,22717,1000,10,0.20570002496242523
UCEC,TCGA-B5-A11F-01Z-00-DX1.3F1C053D-E81E-4C8D-965D-6F3DE29D9511,uni2,UNI2,10x,2p5x,10× ↔ 2.5×,22717,1000,10,0.27400001883506775
UCEC,TCGA-B5-A11F-01Z-00-DX1.3F1C053D-E81E-4C8D-965D-6F3DE29D9511,uni2,UNI2,40x,2p5x,40× ↔ 2.5×,22717,1000,10,0.1421000063419342
UCEC,TCGA-BG-A0W1-01Z-00-DX1.8E06269C-1278-478B-A128-59FA911B1649,uni2,UNI2,40x,10x,40× ↔ 10×,26648,1000,10,0.20070001482963562
UCEC,TCGA-BG-A0W1-01Z-00-DX1.8E06269C-1278-478B-A128-59FA911B1649,uni2,UNI2,10x,2p5x,10× ↔ 2.5×,26648,1000,10,0.2670000195503235
UCEC,TCGA-BG-A0W1-01Z-00-DX1.8E06269C-1278-478B-A128-59FA911B1649,uni2,UNI2,40x,2p5x,40× ↔ 2.5×,26648,1000,10,0.14000000059604645
UCEC,TCGA-EY-A1GQ-01Z-00-DX1.03D52C6F-515E-4A4F-A08E-31D773BCC67F,uni2,UNI2,40x,10x,40× ↔ 10×,20550,1000,10,0.11550000309944153
UCEC,TCGA-EY-A1GQ-01Z-00-DX1.03D52C6F-515E-4A4F-A08E-31D773BCC67F,uni2,UNI2,10x,2p5x,10× ↔ 2.5×,20550,1000,10,0.23320002853870392
UCEC,TCGA-EY-A1GQ-01Z-00-DX1.03D52C6F-515E-4A4F-A08E-31D773BCC67F,uni2,UNI2,40x,2p5x,40× ↔ 2.5×,20550,1000,10,0.07700000703334808
UCEC,TCGA-FI-A2EX-01Z-00-DX1.127F5153-745D-43E6-83CA-DE2738702C62,uni2,UNI2,40x,10x,40× ↔ 10×,21945,1000,10,0.2312999963760376
UCEC,TCGA-FI-A2EX-01Z-00-DX1.127F5153-745D-43E6-83CA-DE2738702C62,uni2,UNI2,10x,2p5x,10× ↔ 2.5×,21945,1000,10,0.2826000154018402
UCEC,TCGA-FI-A2EX-01Z-00-DX1.127F5153-745D-43E6-83CA-DE2738702C62,uni2,UNI2,40x,2p5x,40× ↔ 2.5×,21945,1000,10,0.16450001299381256
BLCA,TCGA-CF-A3MF-01Z-00-DX1.91768C26-5BB1-4DE6-9737-AA26BD687A75,midnight,Midnight,40x,10x,40× ↔ 10×,26138,1000,10,0.16040001809597015
BLCA,TCGA-CF-A3MF-01Z-00-DX1.91768C26-5BB1-4DE6-9737-AA26BD687A75,midnight,Midnight,10x,2p5x,10× ↔ 2.5×,26138,1000,10,0.1705000102519989
BLCA,TCGA-CF-A3MF-01Z-00-DX1.91768C26-5BB1-4DE6-9737-AA26BD687A75,midnight,Midnight,40x,2p5x,40× ↔ 2.5×,26138,1000,10,0.08820000290870667
BLCA,TCGA-CU-A0YN-01Z-00-DX1.6C5EAAAF-8F14-49D3-8FFC-9BDAE56CAFD0,midnight,Midnight,40x,10x,40× ↔ 10×,2880,1000,10,0.11670000106096268
BLCA,TCGA-CU-A0YN-01Z-00-DX1.6C5EAAAF-8F14-49D3-8FFC-9BDAE56CAFD0,midnight,Midnight,10x,2p5x,10× ↔ 2.5×,2880,1000,10,0.3124000132083893
BLCA,TCGA-CU-A0YN-01Z-00-DX1.6C5EAAAF-8F14-49D3-8FFC-9BDAE56CAFD0,midnight,Midnight,40x,2p5x,40× ↔ 2.5×,2880,1000,10,0.07930000871419907
BLCA,TCGA-DK-A6AW-01Z-00-DX1.C2453A8C-8282-443C-9E76-5B6CAD2FE69B,midnight,Midnight,40x,10x,40× ↔ 10×,15233,1000,10,0.23530003428459167
BLCA,TCGA-DK-A6AW-01Z-00-DX1.C2453A8C-8282-443C-9E76-5B6CAD2FE69B,midnight,Midnight,10x,2p5x,10× ↔ 2.5×,15233,1000,10,0.29600000381469727
BLCA,TCGA-DK-A6AW-01Z-00-DX1.C2453A8C-8282-443C-9E76-5B6CAD2FE69B,midnight,Midnight,40x,2p5x,40× ↔ 2.5×,15233,1000,10,0.14880001544952393
BLCA,TCGA-DK-AA6L-01A-01-TSA.5794F0C6-9ED6-489A-9621-18CCC5935548,midnight,Midnight,40x,10x,40× ↔ 10×,7165,1000,10,0.1381000131368637
BLCA,TCGA-DK-AA6L-01A-01-TSA.5794F0C6-9ED6-489A-9621-18CCC5935548,midnight,Midnight,10x,2p5x,10× ↔ 2.5×,7165,1000,10,0.18090000748634338
BLCA,TCGA-DK-AA6L-01A-01-TSA.5794F0C6-9ED6-489A-9621-18CCC5935548,midnight,Midnight,40x,2p5x,40× ↔ 2.5×,7165,1000,10,0.07650000602006912
BLCA,TCGA-DK-AA77-01A-01-TSA.26CAF5CB-CC4F-4522-BD2B-343FB70205FE,midnight,Midnight,40x,10x,40× ↔ 10×,3872,1000,10,0.09300000220537186
BLCA,TCGA-DK-AA77-01A-01-TSA.26CAF5CB-CC4F-4522-BD2B-343FB70205FE,midnight,Midnight,10x,2p5x,10× ↔ 2.5×,3872,1000,10,0.13590002059936523
BLCA,TCGA-DK-AA77-01A-01-TSA.26CAF5CB-CC4F-4522-BD2B-343FB70205FE,midnight,Midnight,40x,2p5x,40× ↔ 2.5×,3872,1000,10,0.05220000073313713
BLCA,TCGA-FD-A6TK-01Z-00-DX1.B685DA87-72A6-4C38-8AA1-40B6E543383C,midnight,Midnight,40x,10x,40× ↔ 10×,19445,1000,10,0.23970001935958862
BLCA,TCGA-FD-A6TK-01Z-00-DX1.B685DA87-72A6-4C38-8AA1-40B6E543383C,midnight,Midnight,10x,2p5x,10× ↔ 2.5×,19445,1000,10,0.2777999937534332
BLCA,TCGA-FD-A6TK-01Z-00-DX1.B685DA87-72A6-4C38-8AA1-40B6E543383C,midnight,Midnight,40x,2p5x,40× ↔ 2.5×,19445,1000,10,0.14139999449253082
BLCA,TCGA-GU-AATP-01Z-00-DX1.0D8EC37C-88E7-49D5-A76D-F0A4A3FD8AE4,midnight,Midnight,40x,10x,40× ↔ 10×,22018,1000,10,0.2046000212430954
BLCA,TCGA-GU-AATP-01Z-00-DX1.0D8EC37C-88E7-49D5-A76D-F0A4A3FD8AE4,midnight,Midnight,10x,2p5x,10× ↔ 2.5×,22018,1000,10,0.23290002346038818
BLCA,TCGA-GU-AATP-01Z-00-DX1.0D8EC37C-88E7-49D5-A76D-F0A4A3FD8AE4,midnight,Midnight,40x,2p5x,40× ↔ 2.5×,22018,1000,10,0.13199999928474426
BLCA,TCGA-XF-A8HB-01Z-00-DX1.D6874152-D20A-4CA4-8E8B-8CBAB5F7D7B5,midnight,Midnight,40x,10x,40× ↔ 10×,14662,1000,10,0.21050001680850983
BLCA,TCGA-XF-A8HB-01Z-00-DX1.D6874152-D20A-4CA4-8E8B-8CBAB5F7D7B5,midnight,Midnight,10x,2p5x,10× ↔ 2.5×,14662,1000,10,0.22180001437664032
BLCA,TCGA-XF-A8HB-01Z-00-DX1.D6874152-D20A-4CA4-8E8B-8CBAB5F7D7B5,midnight,Midnight,40x,2p5x,40× ↔ 2.5×,14662,1000,10,0.10340000689029694
BLCA,TCGA-ZF-A9R1-01Z-00-DX1.74520759-D448-45B5-B8AD-45502C99A519,midnight,Midnight,40x,10x,40× ↔ 10×,16065,1000,10,0.2639999985694885
BLCA,TCGA-ZF-A9R1-01Z-00-DX1.74520759-D448-45B5-B8AD-45502C99A519,midnight,Midnight,10x,2p5x,10× ↔ 2.5×,16065,1000,10,0.27970001101493835
BLCA,TCGA-ZF-A9R1-01Z-00-DX1.74520759-D448-45B5-B8AD-45502C99A519,midnight,Midnight,40x,2p5x,40× ↔ 2.5×,16065,1000,10,0.15890000760555267
BLCA,TCGA-ZF-AA51-01Z-00-DX1.128C9731-C206-4E71-9A64-864FA9FD7E96,midnight,Midnight,40x,10x,40× ↔ 10×,22108,1000,10,0.25360003113746643
BLCA,TCGA-ZF-AA51-01Z-00-DX1.128C9731-C206-4E71-9A64-864FA9FD7E96,midnight,Midnight,10x,2p5x,10× ↔ 2.5×,22108,1000,10,0.2232000231742859
BLCA,TCGA-ZF-AA51-01Z-00-DX1.128C9731-C206-4E71-9A64-864FA9FD7E96,midnight,Midnight,40x,2p5x,40× ↔ 2.5×,22108,1000,10,0.14150001108646393
BRCA,TCGA-A7-A2KD-01Z-00-DX1.BFF2DFC8-1D95-4DC2-98FC-5BD7D7C6CDF5,midnight,Midnight,40x,10x,40× ↔ 10×,13242,1000,10,0.16200000047683716
BRCA,TCGA-A7-A2KD-01Z-00-DX1.BFF2DFC8-1D95-4DC2-98FC-5BD7D7C6CDF5,midnight,Midnight,10x,2p5x,10× ↔ 2.5×,13242,1000,10,0.2742000222206116
BRCA,TCGA-A7-A2KD-01Z-00-DX1.BFF2DFC8-1D95-4DC2-98FC-5BD7D7C6CDF5,midnight,Midnight,40x,2p5x,40× ↔ 2.5×,13242,1000,10,0.1104000136256218
BRCA,TCGA-AN-A0G0-01Z-00-DX1.BE0BB5DF-DEDA-48D8-B5D8-2735C767F28F,midnight,Midnight,40x,10x,40× ↔ 10×,4987,1000,10,0.13530002534389496
BRCA,TCGA-AN-A0G0-01Z-00-DX1.BE0BB5DF-DEDA-48D8-B5D8-2735C767F28F,midnight,Midnight,10x,2p5x,10× ↔ 2.5×,4987,1000,10,0.24040000140666962
BRCA,TCGA-AN-A0G0-01Z-00-DX1.BE0BB5DF-DEDA-48D8-B5D8-2735C767F28F,midnight,Midnight,40x,2p5x,40× ↔ 2.5×,4987,1000,10,0.08030000329017639
BRCA,TCGA-AQ-A04L-01Z-00-DX1.F35BF4DD-896A-43C2-8DA6-C67945C003BE,midnight,Midnight,40x,10x,40× ↔ 10×,6966,1000,10,0.16120001673698425
BRCA,TCGA-AQ-A04L-01Z-00-DX1.F35BF4DD-896A-43C2-8DA6-C67945C003BE,midnight,Midnight,10x,2p5x,10× ↔ 2.5×,6966,1000,10,0.22050000727176666
BRCA,TCGA-AQ-A04L-01Z-00-DX1.F35BF4DD-896A-43C2-8DA6-C67945C003BE,midnight,Midnight,40x,2p5x,40× ↔ 2.5×,6966,1000,10,0.08760000765323639
BRCA,TCGA-AR-A2LK-01Z-00-DX1.FBD59C38-CD4E-4C22-BC74-A57C192A9BBC,midnight,Midnight,40x,10x,40× ↔ 10×,11925,1000,10,0.19910001754760742
BRCA,TCGA-AR-A2LK-01Z-00-DX1.FBD59C38-CD4E-4C22-BC74-A57C192A9BBC,midnight,Midnight,10x,2p5x,10× ↔ 2.5×,11925,1000,10,0.24970000982284546
BRCA,TCGA-AR-A2LK-01Z-00-DX1.FBD59C38-CD4E-4C22-BC74-A57C192A9BBC,midnight,Midnight,40x,2p5x,40× ↔ 2.5×,11925,1000,10,0.11760000884532928
BRCA,TCGA-AR-A5QM-01Z-00-DX1.A9017CED-FF57-4090-95B9-94DC91854347,midnight,Midnight,40x,10x,40× ↔ 10×,13639,1000,10,0.13910001516342163
BRCA,TCGA-AR-A5QM-01Z-00-DX1.A9017CED-FF57-4090-95B9-94DC91854347,midnight,Midnight,10x,2p5x,10× ↔ 2.5×,13639,1000,10,0.19700001180171967
BRCA,TCGA-AR-A5QM-01Z-00-DX1.A9017CED-FF57-4090-95B9-94DC91854347,midnight,Midnight,40x,2p5x,40× ↔ 2.5×,13639,1000,10,0.08340000361204147
BRCA,TCGA-BH-A0C1-01Z-00-DX1.21FE357E-B182-4397-BFEF-7E96E994236A,midnight,Midnight,40x,10x,40× ↔ 10×,14097,1000,10,0.17900000512599945
BRCA,TCGA-BH-A0C1-01Z-00-DX1.21FE357E-B182-4397-BFEF-7E96E994236A,midnight,Midnight,10x,2p5x,10× ↔ 2.5×,14097,1000,10,0.2769000232219696
BRCA,TCGA-BH-A0C1-01Z-00-DX1.21FE357E-B182-4397-BFEF-7E96E994236A,midnight,Midnight,40x,2p5x,40× ↔ 2.5×,14097,1000,10,0.11880000680685043
BRCA,TCGA-D8-A1X8-01Z-00-DX1.DDA3866E-C7CC-4650-BE2B-5C9A98A2D531,midnight,Midnight,40x,10x,40× ↔ 10×,13628,1000,10,0.22270002961158752
BRCA,TCGA-D8-A1X8-01Z-00-DX1.DDA3866E-C7CC-4650-BE2B-5C9A98A2D531,midnight,Midnight,10x,2p5x,10× ↔ 2.5×,13628,1000,10,0.24500000476837158
BRCA,TCGA-D8-A1X8-01Z-00-DX1.DDA3866E-C7CC-4650-BE2B-5C9A98A2D531,midnight,Midnight,40x,2p5x,40× ↔ 2.5×,13628,1000,10,0.12640000879764557
BRCA,TCGA-E2-A14P-01Z-00-DX1.663B02FF-C64B-41A6-8685-FD61CD76F9C6,midnight,Midnight,40x,10x,40× ↔ 10×,17521,1000,10,0.20520000159740448
BRCA,TCGA-E2-A14P-01Z-00-DX1.663B02FF-C64B-41A6-8685-FD61CD76F9C6,midnight,Midnight,10x,2p5x,10× ↔ 2.5×,17521,1000,10,0.21710000932216644
BRCA,TCGA-E2-A14P-01Z-00-DX1.663B02FF-C64B-41A6-8685-FD61CD76F9C6,midnight,Midnight,40x,2p5x,40× ↔ 2.5×,17521,1000,10,0.11569999903440475
BRCA,TCGA-E2-A1LA-01Z-00-DX1.AE49E943-B830-4ED9-B09E-E499441BC2EC,midnight,Midnight,40x,10x,40× ↔ 10×,16576,1000,10,0.2891000211238861
BRCA,TCGA-E2-A1LA-01Z-00-DX1.AE49E943-B830-4ED9-B09E-E499441BC2EC,midnight,Midnight,10x,2p5x,10× ↔ 2.5×,16576,1000,10,0.3127000331878662
BRCA,TCGA-E2-A1LA-01Z-00-DX1.AE49E943-B830-4ED9-B09E-E499441BC2EC,midnight,Midnight,40x,2p5x,40× ↔ 2.5×,16576,1000,10,0.18300001323223114
BRCA,TCGA-GM-A3XN-01Z-00-DX1.49F5C8AC-0328-4BC2-9FE2-E7150B7A42E2,midnight,Midnight,40x,10x,40× ↔ 10×,18199,1000,10,0.16950000822544098
BRCA,TCGA-GM-A3XN-01Z-00-DX1.49F5C8AC-0328-4BC2-9FE2-E7150B7A42E2,midnight,Midnight,10x,2p5x,10× ↔ 2.5×,18199,1000,10,0.23120002448558807
BRCA,TCGA-GM-A3XN-01Z-00-DX1.49F5C8AC-0328-4BC2-9FE2-E7150B7A42E2,midnight,Midnight,40x,2p5x,40× ↔ 2.5×,18199,1000,10,0.10250001400709152
COAD,TCGA-AY-A8YK-01Z-00-DX1.89E3C546-0425-449B-A6FB-1C35168EA7EB,midnight,Midnight,40x,10x,40× ↔ 10×,8285,1000,10,0.18230001628398895
COAD,TCGA-AY-A8YK-01Z-00-DX1.89E3C546-0425-449B-A6FB-1C35168EA7EB,midnight,Midnight,10x,2p5x,10× ↔ 2.5×,8285,1000,10,0.2865000069141388
COAD,TCGA-AY-A8YK-01Z-00-DX1.89E3C546-0425-449B-A6FB-1C35168EA7EB,midnight,Midnight,40x,2p5x,40× ↔ 2.5×,8285,1000,10,0.11570000648498535
COAD,TCGA-CK-4947-01Z-00-DX1.b257d5fd-b97b-4987-b088-77f044ca7fe2,midnight,Midnight,40x,10x,40× ↔ 10×,23336,1000,10,0.2069000005722046
COAD,TCGA-CK-4947-01Z-00-DX1.b257d5fd-b97b-4987-b088-77f044ca7fe2,midnight,Midnight,10x,2p5x,10× ↔ 2.5×,23336,1000,10,0.24730001389980316
COAD,TCGA-CK-4947-01Z-00-DX1.b257d5fd-b97b-4987-b088-77f044ca7fe2,midnight,Midnight,40x,2p5x,40× ↔ 2.5×,23336,1000,10,0.12710000574588776
COAD,TCGA-CM-6168-01Z-00-DX1.96af6eb2-9d51-4671-baf8-1a73d0c66869,midnight,Midnight,40x,10x,40× ↔ 10×,24102,1000,10,0.2771000564098358
COAD,TCGA-CM-6168-01Z-00-DX1.96af6eb2-9d51-4671-baf8-1a73d0c66869,midnight,Midnight,10x,2p5x,10× ↔ 2.5×,24102,1000,10,0.32450002431869507
COAD,TCGA-CM-6168-01Z-00-DX1.96af6eb2-9d51-4671-baf8-1a73d0c66869,midnight,Midnight,40x,2p5x,40× ↔ 2.5×,24102,1000,10,0.1712000072002411
COAD,TCGA-CM-6169-01Z-00-DX1.0381c243-02b8-4f1d-840c-19ef44d4b92c,midnight,Midnight,40x,10x,40× ↔ 10×,18522,1000,10,0.23000000417232513
COAD,TCGA-CM-6169-01Z-00-DX1.0381c243-02b8-4f1d-840c-19ef44d4b92c,midnight,Midnight,10x,2p5x,10× ↔ 2.5×,18522,1000,10,0.25200000405311584
COAD,TCGA-CM-6169-01Z-00-DX1.0381c243-02b8-4f1d-840c-19ef44d4b92c,midnight,Midnight,40x,2p5x,40× ↔ 2.5×,18522,1000,10,0.12770001590251923
COAD,TCGA-G4-6309-01Z-00-DX1.3eb20fdc-eb86-4bd5-8194-76b02d4fa472,midnight,Midnight,40x,10x,40× ↔ 10×,17070,1000,10,0.2662000358104706
COAD,TCGA-G4-6309-01Z-00-DX1.3eb20fdc-eb86-4bd5-8194-76b02d4fa472,midnight,Midnight,10x,2p5x,10× ↔ 2.5×,17070,1000,10,0.2985000014305115
COAD,TCGA-G4-6309-01Z-00-DX1.3eb20fdc-eb86-4bd5-8194-76b02d4fa472,midnight,Midnight,40x,2p5x,40× ↔ 2.5×,17070,1000,10,0.171300008893013
COAD,TCGA-G4-6310-01Z-00-DX1.b88472d4-3adc-4e4d-b0f2-0dc195a3d7df,midnight,Midnight,40x,10x,40× ↔ 10×,16917,1000,10,0.2201000154018402
COAD,TCGA-G4-6310-01Z-00-DX1.b88472d4-3adc-4e4d-b0f2-0dc195a3d7df,midnight,Midnight,10x,2p5x,10× ↔ 2.5×,16917,1000,10,0.2767000198364258
COAD,TCGA-G4-6310-01Z-00-DX1.b88472d4-3adc-4e4d-b0f2-0dc195a3d7df,midnight,Midnight,40x,2p5x,40× ↔ 2.5×,16917,1000,10,0.14300000667572021
COAD,TCGA-G4-6588-01Z-00-DX1.0747172e-f630-4b7c-9341-55078585ae00,midnight,Midnight,40x,10x,40× ↔ 10×,20553,1000,10,0.21850000321865082
COAD,TCGA-G4-6588-01Z-00-DX1.0747172e-f630-4b7c-9341-55078585ae00,midnight,Midnight,10x,2p5x,10× ↔ 2.5×,20553,1000,10,0.2742000222206116
COAD,TCGA-G4-6588-01Z-00-DX1.0747172e-f630-4b7c-9341-55078585ae00,midnight,Midnight,40x,2p5x,40× ↔ 2.5×,20553,1000,10,0.12890000641345978
HNSC,TCGA-BA-6871-01Z-00-DX1.4d9ca329-f8d5-4c31-a20f-9d4fba728326,midnight,Midnight,40x,10x,40× ↔ 10×,14718,1000,10,0.14770002663135529
HNSC,TCGA-BA-6871-01Z-00-DX1.4d9ca329-f8d5-4c31-a20f-9d4fba728326,midnight,Midnight,10x,2p5x,10× ↔ 2.5×,14718,1000,10,0.16120000183582306
HNSC,TCGA-BA-6871-01Z-00-DX1.4d9ca329-f8d5-4c31-a20f-9d4fba728326,midnight,Midnight,40x,2p5x,40× ↔ 2.5×,14718,1000,10,0.0812000036239624
HNSC,TCGA-BA-6872-01Z-00-DX1.F99F6394-D319-4599-B124-D2A6692FA096,midnight,Midnight,40x,10x,40× ↔ 10×,7720,1000,10,0.17150001227855682
HNSC,TCGA-BA-6872-01Z-00-DX1.F99F6394-D319-4599-B124-D2A6692FA096,midnight,Midnight,10x,2p5x,10× ↔ 2.5×,7720,1000,10,0.23910002410411835
HNSC,TCGA-BA-6872-01Z-00-DX1.F99F6394-D319-4599-B124-D2A6692FA096,midnight,Midnight,40x,2p5x,40× ↔ 2.5×,7720,1000,10,0.09480001032352448
HNSC,TCGA-CN-A6V7-01A-01-TS1.F54912D3-1E21-4605-ACFC-142973524AE2,midnight,Midnight,40x,10x,40× ↔ 10×,2536,1000,10,0.07220000773668289
HNSC,TCGA-CN-A6V7-01A-01-TS1.F54912D3-1E21-4605-ACFC-142973524AE2,midnight,Midnight,10x,2p5x,10× ↔ 2.5×,2536,1000,10,0.1768999993801117
HNSC,TCGA-CN-A6V7-01A-01-TS1.F54912D3-1E21-4605-ACFC-142973524AE2,midnight,Midnight,40x,2p5x,40× ↔ 2.5×,2536,1000,10,0.0568000003695488
HNSC,TCGA-CV-6935-01Z-00-DX1.9C449CB2-FB6D-41D1-A4A6-3069DC84A697,midnight,Midnight,40x,10x,40× ↔ 10×,12224,1000,10,0.18160001933574677
HNSC,TCGA-CV-6935-01Z-00-DX1.9C449CB2-FB6D-41D1-A4A6-3069DC84A697,midnight,Midnight,10x,2p5x,10× ↔ 2.5×,12224,1000,10,0.23030000925064087
HNSC,TCGA-CV-6935-01Z-00-DX1.9C449CB2-FB6D-41D1-A4A6-3069DC84A697,midnight,Midnight,40x,2p5x,40× ↔ 2.5×,12224,1000,10,0.10980001091957092
HNSC,TCGA-CV-A45O-01Z-00-DX1.8CBD0CCC-C815-475D-87F9-76272F4F715B,midnight,Midnight,40x,10x,40× ↔ 10×,14844,1000,10,0.23260001838207245
HNSC,TCGA-CV-A45O-01Z-00-DX1.8CBD0CCC-C815-475D-87F9-76272F4F715B,midnight,Midnight,10x,2p5x,10× ↔ 2.5×,14844,1000,10,0.2679000198841095
HNSC,TCGA-CV-A45O-01Z-00-DX1.8CBD0CCC-C815-475D-87F9-76272F4F715B,midnight,Midnight,40x,2p5x,40× ↔ 2.5×,14844,1000,10,0.13410000503063202
HNSC,TCGA-CV-A6JE-01Z-00-DX1.20137D17-19B3-49FF-9C3D-60933157E409,midnight,Midnight,40x,10x,40× ↔ 10×,26402,1000,10,0.19450001418590546
HNSC,TCGA-CV-A6JE-01Z-00-DX1.20137D17-19B3-49FF-9C3D-60933157E409,midnight,Midnight,10x,2p5x,10× ↔ 2.5×,26402,1000,10,0.26739999651908875
HNSC,TCGA-CV-A6JE-01Z-00-DX1.20137D17-19B3-49FF-9C3D-60933157E409,midnight,Midnight,40x,2p5x,40× ↔ 2.5×,26402,1000,10,0.1283000111579895
HNSC,TCGA-CV-A6JU-01Z-00-DX1.35A3A1F0-9D6C-4794-B501-E56E48C51DF9,midnight,Midnight,40x,10x,40× ↔ 10×,21938,1000,10,0.2378000169992447
HNSC,TCGA-CV-A6JU-01Z-00-DX1.35A3A1F0-9D6C-4794-B501-E56E48C51DF9,midnight,Midnight,10x,2p5x,10× ↔ 2.5×,21938,1000,10,0.2673000395298004
HNSC,TCGA-CV-A6JU-01Z-00-DX1.35A3A1F0-9D6C-4794-B501-E56E48C51DF9,midnight,Midnight,40x,2p5x,40× ↔ 2.5×,21938,1000,10,0.13090001046657562
HNSC,TCGA-UF-A719-01Z-00-DX1.4C4ECC2C-C390-4C5E-A709-CF08C113F1A1,midnight,Midnight,40x,10x,40× ↔ 10×,21546,1000,10,0.23970001935958862
HNSC,TCGA-UF-A719-01Z-00-DX1.4C4ECC2C-C390-4C5E-A709-CF08C113F1A1,midnight,Midnight,10x,2p5x,10× ↔ 2.5×,21546,1000,10,0.25530004501342773
HNSC,TCGA-UF-A719-01Z-00-DX1.4C4ECC2C-C390-4C5E-A709-CF08C113F1A1,midnight,Midnight,40x,2p5x,40× ↔ 2.5×,21546,1000,10,0.14020001888275146
KIRC,TCGA-A3-3346-01Z-00-DX1.95280216-fd71-4a03-b452-6e3d667f2542,midnight,Midnight,40x,10x,40× ↔ 10×,2240,1000,10,0.16100001335144043
KIRC,TCGA-A3-3346-01Z-00-DX1.95280216-fd71-4a03-b452-6e3d667f2542,midnight,Midnight,10x,2p5x,10× ↔ 2.5×,2240,1000,10,0.29760003089904785
KIRC,TCGA-A3-3346-01Z-00-DX1.95280216-fd71-4a03-b452-6e3d667f2542,midnight,Midnight,40x,2p5x,40× ↔ 2.5×,2240,1000,10,0.11190000921487808
KIRC,TCGA-A3-A8CQ-01Z-00-DX1.78DA0827-5FB8-4B9F-A845-22F85830B5FB,midnight,Midnight,40x,10x,40× ↔ 10×,1395,1000,10,0.13250000774860382
KIRC,TCGA-A3-A8CQ-01Z-00-DX1.78DA0827-5FB8-4B9F-A845-22F85830B5FB,midnight,Midnight,10x,2p5x,10× ↔ 2.5×,1395,1000,10,0.2745000123977661
KIRC,TCGA-A3-A8CQ-01Z-00-DX1.78DA0827-5FB8-4B9F-A845-22F85830B5FB,midnight,Midnight,40x,2p5x,40× ↔ 2.5×,1395,1000,10,0.08190000802278519
KIRC,TCGA-AK-3444-01Z-00-DX1.1F0E0B47-29FF-456F-800A-539983FDCFAA,midnight,Midnight,40x,10x,40× ↔ 10×,5029,1000,10,0.17820002138614655
KIRC,TCGA-AK-3444-01Z-00-DX1.1F0E0B47-29FF-456F-800A-539983FDCFAA,midnight,Midnight,10x,2p5x,10× ↔ 2.5×,5029,1000,10,0.2794000208377838
KIRC,TCGA-AK-3444-01Z-00-DX1.1F0E0B47-29FF-456F-800A-539983FDCFAA,midnight,Midnight,40x,2p5x,40× ↔ 2.5×,5029,1000,10,0.1193000078201294
KIRC,TCGA-B0-5094-01Z-00-DX1.eac31fe2-09da-4ecf-8e25-c073cbb03295,midnight,Midnight,40x,10x,40× ↔ 10×,23201,1000,10,0.23440000414848328
KIRC,TCGA-B0-5094-01Z-00-DX1.eac31fe2-09da-4ecf-8e25-c073cbb03295,midnight,Midnight,10x,2p5x,10× ↔ 2.5×,23201,1000,10,0.24639999866485596
KIRC,TCGA-B0-5094-01Z-00-DX1.eac31fe2-09da-4ecf-8e25-c073cbb03295,midnight,Midnight,40x,2p5x,40× ↔ 2.5×,23201,1000,10,0.139800027012825
KIRC,TCGA-B0-5106-01Z-00-DX1.564e51a3-be50-4eed-ba9c-4d478b96ffc6,midnight,Midnight,40x,10x,40× ↔ 10×,26156,1000,10,0.19550003111362457
KIRC,TCGA-B0-5106-01Z-00-DX1.564e51a3-be50-4eed-ba9c-4d478b96ffc6,midnight,Midnight,10x,2p5x,10× ↔ 2.5×,26156,1000,10,0.27639999985694885
KIRC,TCGA-B0-5106-01Z-00-DX1.564e51a3-be50-4eed-ba9c-4d478b96ffc6,midnight,Midnight,40x,2p5x,40× ↔ 2.5×,26156,1000,10,0.12570001184940338
KIRC,TCGA-B0-5711-01Z-00-DX1.6839921f-ec08-4e94-8bf9-4b5a4fcdda45,midnight,Midnight,40x,10x,40× ↔ 10×,23048,1000,10,0.19300000369548798
KIRC,TCGA-B0-5711-01Z-00-DX1.6839921f-ec08-4e94-8bf9-4b5a4fcdda45,midnight,Midnight,10x,2p5x,10× ↔ 2.5×,23048,1000,10,0.2815000116825104
KIRC,TCGA-B0-5711-01Z-00-DX1.6839921f-ec08-4e94-8bf9-4b5a4fcdda45,midnight,Midnight,40x,2p5x,40× ↔ 2.5×,23048,1000,10,0.1308000087738037
KIRC,TCGA-B2-5633-01Z-00-DX1.c55a29ca-468e-46de-9ff5-a51f46fe09fd,midnight,Midnight,40x,10x,40× ↔ 10×,3974,1000,10,0.18050001561641693
KIRC,TCGA-B2-5633-01Z-00-DX1.c55a29ca-468e-46de-9ff5-a51f46fe09fd,midnight,Midnight,10x,2p5x,10× ↔ 2.5×,3974,1000,10,0.2752000391483307
KIRC,TCGA-B2-5633-01Z-00-DX1.c55a29ca-468e-46de-9ff5-a51f46fe09fd,midnight,Midnight,40x,2p5x,40× ↔ 2.5×,3974,1000,10,0.12010001391172409
KIRC,TCGA-BP-4991-01Z-00-DX1.71305f5c-ca59-48fa-bb82-4b441c1fffdc,midnight,Midnight,40x,10x,40× ↔ 10×,31068,1000,10,0.19600000977516174
KIRC,TCGA-BP-4991-01Z-00-DX1.71305f5c-ca59-48fa-bb82-4b441c1fffdc,midnight,Midnight,10x,2p5x,10× ↔ 2.5×,31068,1000,10,0.27900001406669617
KIRC,TCGA-BP-4991-01Z-00-DX1.71305f5c-ca59-48fa-bb82-4b441c1fffdc,midnight,Midnight,40x,2p5x,40× ↔ 2.5×,31068,1000,10,0.13130000233650208
KIRC,TCGA-BP-5201-01Z-00-DX1.d1a9878e-bb97-48fb-9098-9d9337f06250,midnight,Midnight,40x,10x,40× ↔ 10×,12763,1000,10,0.14820000529289246
KIRC,TCGA-BP-5201-01Z-00-DX1.d1a9878e-bb97-48fb-9098-9d9337f06250,midnight,Midnight,10x,2p5x,10× ↔ 2.5×,12763,1000,10,0.19350001215934753
KIRC,TCGA-BP-5201-01Z-00-DX1.d1a9878e-bb97-48fb-9098-9d9337f06250,midnight,Midnight,40x,2p5x,40× ↔ 2.5×,12763,1000,10,0.09380000829696655
LUAD,TCGA-55-6986-01Z-00-DX1.ae52d41e-3cd6-4d36-b04b-2ea7d29bd8da,midnight,Midnight,40x,10x,40× ↔ 10×,5951,1000,10,0.17070001363754272
LUAD,TCGA-55-6986-01Z-00-DX1.ae52d41e-3cd6-4d36-b04b-2ea7d29bd8da,midnight,Midnight,10x,2p5x,10× ↔ 2.5×,5951,1000,10,0.22610001266002655
LUAD,TCGA-55-6986-01Z-00-DX1.ae52d41e-3cd6-4d36-b04b-2ea7d29bd8da,midnight,Midnight,40x,2p5x,40× ↔ 2.5×,5951,1000,10,0.09670000523328781
LUAD,TCGA-64-5779-01Z-00-DX1.B3268447-DCE0-4927-B5A9-EC4D61E9B17D,midnight,Midnight,40x,10x,40× ↔ 10×,15338,1000,10,0.15320000052452087
LUAD,TCGA-64-5779-01Z-00-DX1.B3268447-DCE0-4927-B5A9-EC4D61E9B17D,midnight,Midnight,10x,2p5x,10× ↔ 2.5×,15338,1000,10,0.14090000092983246
LUAD,TCGA-64-5779-01Z-00-DX1.B3268447-DCE0-4927-B5A9-EC4D61E9B17D,midnight,Midnight,40x,2p5x,40× ↔ 2.5×,15338,1000,10,0.07430000603199005
LUAD,TCGA-78-7158-01Z-00-DX1.74db3dcd-2715-4ce7-8e48-30c8b7946ba0,midnight,Midnight,40x,10x,40× ↔ 10×,23198,1000,10,0.13050000369548798
LUAD,TCGA-78-7158-01Z-00-DX1.74db3dcd-2715-4ce7-8e48-30c8b7946ba0,midnight,Midnight,10x,2p5x,10× ↔ 2.5×,23198,1000,10,0.17500001192092896
LUAD,TCGA-78-7158-01Z-00-DX1.74db3dcd-2715-4ce7-8e48-30c8b7946ba0,midnight,Midnight,40x,2p5x,40× ↔ 2.5×,23198,1000,10,0.07830000668764114
LUAD,TCGA-78-7163-01Z-00-DX1.42880bdf-271d-41dd-aada-e7ec1156ff31,midnight,Midnight,40x,10x,40× ↔ 10×,21422,1000,10,0.12870001792907715
LUAD,TCGA-78-7163-01Z-00-DX1.42880bdf-271d-41dd-aada-e7ec1156ff31,midnight,Midnight,10x,2p5x,10× ↔ 2.5×,21422,1000,10,0.1826000213623047
LUAD,TCGA-78-7163-01Z-00-DX1.42880bdf-271d-41dd-aada-e7ec1156ff31,midnight,Midnight,40x,2p5x,40× ↔ 2.5×,21422,1000,10,0.07180000841617584
LUAD,TCGA-78-7536-01Z-00-DX1.6b066140-8b82-40a5-bd48-430eeb4463fe,midnight,Midnight,40x,10x,40× ↔ 10×,32971,1000,10,0.10370001196861267
LUAD,TCGA-78-7536-01Z-00-DX1.6b066140-8b82-40a5-bd48-430eeb4463fe,midnight,Midnight,10x,2p5x,10× ↔ 2.5×,32971,1000,10,0.1161000058054924
LUAD,TCGA-78-7536-01Z-00-DX1.6b066140-8b82-40a5-bd48-430eeb4463fe,midnight,Midnight,40x,2p5x,40× ↔ 2.5×,32971,1000,10,0.05260000005364418
LUAD,TCGA-86-8668-01Z-00-DX1.d720d486-02c7-4f98-8feb-e0e50a12c158,midnight,Midnight,40x,10x,40× ↔ 10×,14624,1000,10,0.14080001413822174
LUAD,TCGA-86-8668-01Z-00-DX1.d720d486-02c7-4f98-8feb-e0e50a12c158,midnight,Midnight,10x,2p5x,10× ↔ 2.5×,14624,1000,10,0.18970002233982086
LUAD,TCGA-86-8668-01Z-00-DX1.d720d486-02c7-4f98-8feb-e0e50a12c158,midnight,Midnight,40x,2p5x,40× ↔ 2.5×,14624,1000,10,0.08630000799894333
LUAD,TCGA-97-A4LX-01Z-00-DX1.B2334672-A626-4E74-B4D1-A79F70F65909,midnight,Midnight,40x,10x,40× ↔ 10×,19346,1000,10,0.11590000987052917
LUAD,TCGA-97-A4LX-01Z-00-DX1.B2334672-A626-4E74-B4D1-A79F70F65909,midnight,Midnight,10x,2p5x,10× ↔ 2.5×,19346,1000,10,0.12800000607967377
LUAD,TCGA-97-A4LX-01Z-00-DX1.B2334672-A626-4E74-B4D1-A79F70F65909,midnight,Midnight,40x,2p5x,40× ↔ 2.5×,19346,1000,10,0.05820000171661377
LUAD,TCGA-97-A4M2-01Z-00-DX1.5C72522C-1538-4D68-B517-5FB05A9D401A,midnight,Midnight,40x,10x,40× ↔ 10×,8962,1000,10,0.16500000655651093
LUAD,TCGA-97-A4M2-01Z-00-DX1.5C72522C-1538-4D68-B517-5FB05A9D401A,midnight,Midnight,10x,2p5x,10× ↔ 2.5×,8962,1000,10,0.1867000013589859
LUAD,TCGA-97-A4M2-01Z-00-DX1.5C72522C-1538-4D68-B517-5FB05A9D401A,midnight,Midnight,40x,2p5x,40× ↔ 2.5×,8962,1000,10,0.08160001039505005
LUAD,TCGA-J2-A4AE-01Z-00-DX1.42C5DE4A-7787-4E59-8969-D12503262C96,midnight,Midnight,40x,10x,40× ↔ 10×,14491,1000,10,0.14070001244544983
LUAD,TCGA-J2-A4AE-01Z-00-DX1.42C5DE4A-7787-4E59-8969-D12503262C96,midnight,Midnight,10x,2p5x,10× ↔ 2.5×,14491,1000,10,0.19870001077651978
LUAD,TCGA-J2-A4AE-01Z-00-DX1.42C5DE4A-7787-4E59-8969-D12503262C96,midnight,Midnight,40x,2p5x,40× ↔ 2.5×,14491,1000,10,0.08030000329017639
STAD,TCGA-BR-6452-01Z-00-DX1.aec8246e-9dce-436d-9faa-df8fa1f6e47c,midnight,Midnight,40x,10x,40× ↔ 10×,15303,1000,10,0.20600001513957977
STAD,TCGA-BR-6452-01Z-00-DX1.aec8246e-9dce-436d-9faa-df8fa1f6e47c,midnight,Midnight,10x,2p5x,10× ↔ 2.5×,15303,1000,10,0.2591000199317932
STAD,TCGA-BR-6452-01Z-00-DX1.aec8246e-9dce-436d-9faa-df8fa1f6e47c,midnight,Midnight,40x,2p5x,40× ↔ 2.5×,15303,1000,10,0.12680001556873322
STAD,TCGA-BR-6454-01Z-00-DX1.63fb6280-2b43-49b2-960a-eb9c0e8b617c,midnight,Midnight,40x,10x,40× ↔ 10×,15740,1000,10,0.10360001027584076
STAD,TCGA-BR-6454-01Z-00-DX1.63fb6280-2b43-49b2-960a-eb9c0e8b617c,midnight,Midnight,10x,2p5x,10× ↔ 2.5×,15740,1000,10,0.1623000055551529
STAD,TCGA-BR-6454-01Z-00-DX1.63fb6280-2b43-49b2-960a-eb9c0e8b617c,midnight,Midnight,40x,2p5x,40× ↔ 2.5×,15740,1000,10,0.05320000275969505
STAD,TCGA-BR-A4CQ-01Z-00-DX1.B63282A5-154D-441B-BF96-5BB26CB6D95E,midnight,Midnight,40x,10x,40× ↔ 10×,13809,1000,10,0.18800000846385956
STAD,TCGA-BR-A4CQ-01Z-00-DX1.B63282A5-154D-441B-BF96-5BB26CB6D95E,midnight,Midnight,10x,2p5x,10× ↔ 2.5×,13809,1000,10,0.2874000370502472
STAD,TCGA-BR-A4CQ-01Z-00-DX1.B63282A5-154D-441B-BF96-5BB26CB6D95E,midnight,Midnight,40x,2p5x,40× ↔ 2.5×,13809,1000,10,0.11900000274181366
STAD,TCGA-CD-A487-01Z-00-DX1.A026BD2F-B721-4340-83D5-7AA39227C90F,midnight,Midnight,40x,10x,40× ↔ 10×,20251,1000,10,0.2697000205516815
STAD,TCGA-CD-A487-01Z-00-DX1.A026BD2F-B721-4340-83D5-7AA39227C90F,midnight,Midnight,10x,2p5x,10× ↔ 2.5×,20251,1000,10,0.34170001745224
STAD,TCGA-CD-A487-01Z-00-DX1.A026BD2F-B721-4340-83D5-7AA39227C90F,midnight,Midnight,40x,2p5x,40× ↔ 2.5×,20251,1000,10,0.19439999759197235
STAD,TCGA-FP-8209-01Z-00-DX1.a5e13081-1631-44d4-8d6a-c229a22c2311,midnight,Midnight,40x,10x,40× ↔ 10×,3901,1000,10,0.27090004086494446
STAD,TCGA-FP-8209-01Z-00-DX1.a5e13081-1631-44d4-8d6a-c229a22c2311,midnight,Midnight,10x,2p5x,10× ↔ 2.5×,3901,1000,10,0.320900022983551
STAD,TCGA-FP-8209-01Z-00-DX1.a5e13081-1631-44d4-8d6a-c229a22c2311,midnight,Midnight,40x,2p5x,40× ↔ 2.5×,3901,1000,10,0.1623000055551529
STAD,TCGA-SW-A7EA-01Z-00-DX1.C5E1BE0E-0A25-4480-A3AC-DB2ED7471A4E,midnight,Midnight,40x,10x,40× ↔ 10×,6449,1000,10,0.20610001683235168
STAD,TCGA-SW-A7EA-01Z-00-DX1.C5E1BE0E-0A25-4480-A3AC-DB2ED7471A4E,midnight,Midnight,10x,2p5x,10× ↔ 2.5×,6449,1000,10,0.34150001406669617
STAD,TCGA-SW-A7EA-01Z-00-DX1.C5E1BE0E-0A25-4480-A3AC-DB2ED7471A4E,midnight,Midnight,40x,2p5x,40× ↔ 2.5×,6449,1000,10,0.14590001106262207
STAD,TCGA-VQ-A8PY-01Z-00-DX1.EA2C7386-012A-442A-95B3-FFA12BD2684D,midnight,Midnight,40x,10x,40× ↔ 10×,22399,1000,10,0.24639999866485596
STAD,TCGA-VQ-A8PY-01Z-00-DX1.EA2C7386-012A-442A-95B3-FFA12BD2684D,midnight,Midnight,10x,2p5x,10× ↔ 2.5×,22399,1000,10,0.3118000328540802
STAD,TCGA-VQ-A8PY-01Z-00-DX1.EA2C7386-012A-442A-95B3-FFA12BD2684D,midnight,Midnight,40x,2p5x,40× ↔ 2.5×,22399,1000,10,0.1672000139951706
STAD,TCGA-VQ-A924-01Z-00-DX1.736B41F3-9678-4FAF-AE86-FCAC4F6DCBD3,midnight,Midnight,40x,10x,40× ↔ 10×,12960,1000,10,0.14430002868175507
STAD,TCGA-VQ-A924-01Z-00-DX1.736B41F3-9678-4FAF-AE86-FCAC4F6DCBD3,midnight,Midnight,10x,2p5x,10× ↔ 2.5×,12960,1000,10,0.25839999318122864
STAD,TCGA-VQ-A924-01Z-00-DX1.736B41F3-9678-4FAF-AE86-FCAC4F6DCBD3,midnight,Midnight,40x,2p5x,40× ↔ 2.5×,12960,1000,10,0.1031000092625618
STAD,TCGA-ZQ-A9CR-01Z-00-DX1.C9AC9991-7054-4068-A7AA-9D1EB7F040A3,midnight,Midnight,40x,10x,40× ↔ 10×,31585,1000,10,0.2436000108718872
STAD,TCGA-ZQ-A9CR-01Z-00-DX1.C9AC9991-7054-4068-A7AA-9D1EB7F040A3,midnight,Midnight,10x,2p5x,10× ↔ 2.5×,31585,1000,10,0.265500009059906
STAD,TCGA-ZQ-A9CR-01Z-00-DX1.C9AC9991-7054-4068-A7AA-9D1EB7F040A3,midnight,Midnight,40x,2p5x,40× ↔ 2.5×,31585,1000,10,0.14650000631809235
UCEC,TCGA-A5-A0GX-01Z-00-DX1.7E713D1A-5858-4648-957D-77189E43CFAA,midnight,Midnight,40x,10x,40× ↔ 10×,26039,1000,10,0.1600000113248825
UCEC,TCGA-A5-A0GX-01Z-00-DX1.7E713D1A-5858-4648-957D-77189E43CFAA,midnight,Midnight,10x,2p5x,10× ↔ 2.5×,26039,1000,10,0.21070002019405365
UCEC,TCGA-A5-A0GX-01Z-00-DX1.7E713D1A-5858-4648-957D-77189E43CFAA,midnight,Midnight,40x,2p5x,40× ↔ 2.5×,26039,1000,10,0.10040000826120377
UCEC,TCGA-A5-A0R7-01Z-00-DX1.D21E6974-22A3-4A68-8B4E-14E84A7A50A5,midnight,Midnight,40x,10x,40× ↔ 10×,45564,1000,10,0.14829999208450317
UCEC,TCGA-A5-A0R7-01Z-00-DX1.D21E6974-22A3-4A68-8B4E-14E84A7A50A5,midnight,Midnight,10x,2p5x,10× ↔ 2.5×,45564,1000,10,0.1997000277042389
UCEC,TCGA-A5-A0R7-01Z-00-DX1.D21E6974-22A3-4A68-8B4E-14E84A7A50A5,midnight,Midnight,40x,2p5x,40× ↔ 2.5×,45564,1000,10,0.08750001341104507
UCEC,TCGA-AX-A05U-01Z-00-DX1.1EBFC727-B5D5-4543-BBA9-4254ABD3D584,midnight,Midnight,40x,10x,40× ↔ 10×,42082,1000,10,0.15219999849796295
UCEC,TCGA-AX-A05U-01Z-00-DX1.1EBFC727-B5D5-4543-BBA9-4254ABD3D584,midnight,Midnight,10x,2p5x,10× ↔ 2.5×,42082,1000,10,0.2191000133752823
UCEC,TCGA-AX-A05U-01Z-00-DX1.1EBFC727-B5D5-4543-BBA9-4254ABD3D584,midnight,Midnight,40x,2p5x,40× ↔ 2.5×,42082,1000,10,0.10380000621080399
UCEC,TCGA-AX-A06B-01Z-00-DX2.1757C039-99F7-4087-A9E5-D340AF7220D4,midnight,Midnight,40x,10x,40× ↔ 10×,10560,1000,10,0.19100001454353333
UCEC,TCGA-AX-A06B-01Z-00-DX2.1757C039-99F7-4087-A9E5-D340AF7220D4,midnight,Midnight,10x,2p5x,10× ↔ 2.5×,10560,1000,10,0.23420003056526184
UCEC,TCGA-AX-A06B-01Z-00-DX2.1757C039-99F7-4087-A9E5-D340AF7220D4,midnight,Midnight,40x,2p5x,40× ↔ 2.5×,10560,1000,10,0.12350000441074371
UCEC,TCGA-AX-A0J0-01Z-00-DX2.56C668BE-03B8-4B87-A226-AABD97D53C38,midnight,Midnight,40x,10x,40× ↔ 10×,34978,1000,10,0.20670001208782196
UCEC,TCGA-AX-A0J0-01Z-00-DX2.56C668BE-03B8-4B87-A226-AABD97D53C38,midnight,Midnight,10x,2p5x,10× ↔ 2.5×,34978,1000,10,0.23260001838207245
UCEC,TCGA-AX-A0J0-01Z-00-DX2.56C668BE-03B8-4B87-A226-AABD97D53C38,midnight,Midnight,40x,2p5x,40× ↔ 2.5×,34978,1000,10,0.12849999964237213
UCEC,TCGA-B5-A11F-01Z-00-DX1.3F1C053D-E81E-4C8D-965D-6F3DE29D9511,midnight,Midnight,40x,10x,40× ↔ 10×,22717,1000,10,0.18980000913143158
UCEC,TCGA-B5-A11F-01Z-00-DX1.3F1C053D-E81E-4C8D-965D-6F3DE29D9511,midnight,Midnight,10x,2p5x,10× ↔ 2.5×,22717,1000,10,0.2478000372648239
UCEC,TCGA-B5-A11F-01Z-00-DX1.3F1C053D-E81E-4C8D-965D-6F3DE29D9511,midnight,Midnight,40x,2p5x,40× ↔ 2.5×,22717,1000,10,0.11430000513792038
UCEC,TCGA-BG-A0W1-01Z-00-DX1.8E06269C-1278-478B-A128-59FA911B1649,midnight,Midnight,40x,10x,40× ↔ 10×,26648,1000,10,0.19370000064373016
UCEC,TCGA-BG-A0W1-01Z-00-DX1.8E06269C-1278-478B-A128-59FA911B1649,midnight,Midnight,10x,2p5x,10× ↔ 2.5×,26648,1000,10,0.24470002949237823
UCEC,TCGA-BG-A0W1-01Z-00-DX1.8E06269C-1278-478B-A128-59FA911B1649,midnight,Midnight,40x,2p5x,40× ↔ 2.5×,26648,1000,10,0.12550000846385956
UCEC,TCGA-EY-A1GQ-01Z-00-DX1.03D52C6F-515E-4A4F-A08E-31D773BCC67F,midnight,Midnight,40x,10x,40× ↔ 10×,20550,1000,10,0.0990000069141388
UCEC,TCGA-EY-A1GQ-01Z-00-DX1.03D52C6F-515E-4A4F-A08E-31D773BCC67F,midnight,Midnight,10x,2p5x,10× ↔ 2.5×,20550,1000,10,0.20500001311302185
UCEC,TCGA-EY-A1GQ-01Z-00-DX1.03D52C6F-515E-4A4F-A08E-31D773BCC67F,midnight,Midnight,40x,2p5x,40× ↔ 2.5×,20550,1000,10,0.06040000542998314
UCEC,TCGA-FI-A2EX-01Z-00-DX1.127F5153-745D-43E6-83CA-DE2738702C62,midnight,Midnight,40x,10x,40× ↔ 10×,21945,1000,10,0.19950000941753387
UCEC,TCGA-FI-A2EX-01Z-00-DX1.127F5153-745D-43E6-83CA-DE2738702C62,midnight,Midnight,10x,2p5x,10× ↔ 2.5×,21945,1000,10,0.24279999732971191
UCEC,TCGA-FI-A2EX-01Z-00-DX1.127F5153-745D-43E6-83CA-DE2738702C62,midnight,Midnight,40x,2p5x,40× ↔ 2.5×,21945,1000,10,0.12530000507831573
BLCA,TCGA-CF-A3MF-01Z-00-DX1.91768C26-5BB1-4DE6-9737-AA26BD687A75,gigapath,GigaPath,40x,10x,40× ↔ 10×,26138,1000,10,0.1737000197172165
BLCA,TCGA-CF-A3MF-01Z-00-DX1.91768C26-5BB1-4DE6-9737-AA26BD687A75,gigapath,GigaPath,10x,2p5x,10× ↔ 2.5×,26138,1000,10,0.16440001130104065
BLCA,TCGA-CF-A3MF-01Z-00-DX1.91768C26-5BB1-4DE6-9737-AA26BD687A75,gigapath,GigaPath,40x,2p5x,40× ↔ 2.5×,26138,1000,10,0.08600001037120819
BLCA,TCGA-CU-A0YN-01Z-00-DX1.6C5EAAAF-8F14-49D3-8FFC-9BDAE56CAFD0,gigapath,GigaPath,40x,10x,40× ↔ 10×,2880,1000,10,0.13420002162456512
BLCA,TCGA-CU-A0YN-01Z-00-DX1.6C5EAAAF-8F14-49D3-8FFC-9BDAE56CAFD0,gigapath,GigaPath,10x,2p5x,10× ↔ 2.5×,2880,1000,10,0.3401000201702118
BLCA,TCGA-CU-A0YN-01Z-00-DX1.6C5EAAAF-8F14-49D3-8FFC-9BDAE56CAFD0,gigapath,GigaPath,40x,2p5x,40× ↔ 2.5×,2880,1000,10,0.09380000829696655
BLCA,TCGA-DK-A6AW-01Z-00-DX1.C2453A8C-8282-443C-9E76-5B6CAD2FE69B,gigapath,GigaPath,40x,10x,40× ↔ 10×,15233,1000,10,0.22420001029968262
BLCA,TCGA-DK-A6AW-01Z-00-DX1.C2453A8C-8282-443C-9E76-5B6CAD2FE69B,gigapath,GigaPath,10x,2p5x,10× ↔ 2.5×,15233,1000,10,0.3230000138282776
BLCA,TCGA-DK-A6AW-01Z-00-DX1.C2453A8C-8282-443C-9E76-5B6CAD2FE69B,gigapath,GigaPath,40x,2p5x,40× ↔ 2.5×,15233,1000,10,0.15200001001358032
BLCA,TCGA-DK-AA6L-01A-01-TSA.5794F0C6-9ED6-489A-9621-18CCC5935548,gigapath,GigaPath,40x,10x,40× ↔ 10×,7165,1000,10,0.1324000060558319
BLCA,TCGA-DK-AA6L-01A-01-TSA.5794F0C6-9ED6-489A-9621-18CCC5935548,gigapath,GigaPath,10x,2p5x,10× ↔ 2.5×,7165,1000,10,0.2111000120639801
BLCA,TCGA-DK-AA6L-01A-01-TSA.5794F0C6-9ED6-489A-9621-18CCC5935548,gigapath,GigaPath,40x,2p5x,40× ↔ 2.5×,7165,1000,10,0.08400000631809235
BLCA,TCGA-DK-AA77-01A-01-TSA.26CAF5CB-CC4F-4522-BD2B-343FB70205FE,gigapath,GigaPath,40x,10x,40× ↔ 10×,3872,1000,10,0.09640000760555267
BLCA,TCGA-DK-AA77-01A-01-TSA.26CAF5CB-CC4F-4522-BD2B-343FB70205FE,gigapath,GigaPath,10x,2p5x,10× ↔ 2.5×,3872,1000,10,0.20530001819133759
BLCA,TCGA-DK-AA77-01A-01-TSA.26CAF5CB-CC4F-4522-BD2B-343FB70205FE,gigapath,GigaPath,40x,2p5x,40× ↔ 2.5×,3872,1000,10,0.06050000339746475
BLCA,TCGA-FD-A6TK-01Z-00-DX1.B685DA87-72A6-4C38-8AA1-40B6E543383C,gigapath,GigaPath,40x,10x,40× ↔ 10×,19445,1000,10,0.23520001769065857
BLCA,TCGA-FD-A6TK-01Z-00-DX1.B685DA87-72A6-4C38-8AA1-40B6E543383C,gigapath,GigaPath,10x,2p5x,10× ↔ 2.5×,19445,1000,10,0.28220003843307495
BLCA,TCGA-FD-A6TK-01Z-00-DX1.B685DA87-72A6-4C38-8AA1-40B6E543383C,gigapath,GigaPath,40x,2p5x,40× ↔ 2.5×,19445,1000,10,0.14660000801086426
BLCA,TCGA-GU-AATP-01Z-00-DX1.0D8EC37C-88E7-49D5-A76D-F0A4A3FD8AE4,gigapath,GigaPath,40x,10x,40× ↔ 10×,22018,1000,10,0.19840002059936523
BLCA,TCGA-GU-AATP-01Z-00-DX1.0D8EC37C-88E7-49D5-A76D-F0A4A3FD8AE4,gigapath,GigaPath,10x,2p5x,10× ↔ 2.5×,22018,1000,10,0.2673000395298004
BLCA,TCGA-GU-AATP-01Z-00-DX1.0D8EC37C-88E7-49D5-A76D-F0A4A3FD8AE4,gigapath,GigaPath,40x,2p5x,40× ↔ 2.5×,22018,1000,10,0.12470000237226486
BLCA,TCGA-XF-A8HB-01Z-00-DX1.D6874152-D20A-4CA4-8E8B-8CBAB5F7D7B5,gigapath,GigaPath,40x,10x,40× ↔ 10×,14662,1000,10,0.20080001652240753
BLCA,TCGA-XF-A8HB-01Z-00-DX1.D6874152-D20A-4CA4-8E8B-8CBAB5F7D7B5,gigapath,GigaPath,10x,2p5x,10× ↔ 2.5×,14662,1000,10,0.2346000224351883
BLCA,TCGA-XF-A8HB-01Z-00-DX1.D6874152-D20A-4CA4-8E8B-8CBAB5F7D7B5,gigapath,GigaPath,40x,2p5x,40× ↔ 2.5×,14662,1000,10,0.11260001361370087
BLCA,TCGA-ZF-A9R1-01Z-00-DX1.74520759-D448-45B5-B8AD-45502C99A519,gigapath,GigaPath,40x,10x,40× ↔ 10×,16065,1000,10,0.26980000734329224
BLCA,TCGA-ZF-A9R1-01Z-00-DX1.74520759-D448-45B5-B8AD-45502C99A519,gigapath,GigaPath,10x,2p5x,10× ↔ 2.5×,16065,1000,10,0.3100000023841858
BLCA,TCGA-ZF-A9R1-01Z-00-DX1.74520759-D448-45B5-B8AD-45502C99A519,gigapath,GigaPath,40x,2p5x,40× ↔ 2.5×,16065,1000,10,0.16460001468658447
BLCA,TCGA-ZF-AA51-01Z-00-DX1.128C9731-C206-4E71-9A64-864FA9FD7E96,gigapath,GigaPath,40x,10x,40× ↔ 10×,22108,1000,10,0.2678000032901764
BLCA,TCGA-ZF-AA51-01Z-00-DX1.128C9731-C206-4E71-9A64-864FA9FD7E96,gigapath,GigaPath,10x,2p5x,10× ↔ 2.5×,22108,1000,10,0.25290000438690186
BLCA,TCGA-ZF-AA51-01Z-00-DX1.128C9731-C206-4E71-9A64-864FA9FD7E96,gigapath,GigaPath,40x,2p5x,40× ↔ 2.5×,22108,1000,10,0.16330000758171082
BRCA,TCGA-A7-A2KD-01Z-00-DX1.BFF2DFC8-1D95-4DC2-98FC-5BD7D7C6CDF5,gigapath,GigaPath,40x,10x,40× ↔ 10×,13242,1000,10,0.14270001649856567
BRCA,TCGA-A7-A2KD-01Z-00-DX1.BFF2DFC8-1D95-4DC2-98FC-5BD7D7C6CDF5,gigapath,GigaPath,10x,2p5x,10× ↔ 2.5×,13242,1000,10,0.2908000349998474
BRCA,TCGA-A7-A2KD-01Z-00-DX1.BFF2DFC8-1D95-4DC2-98FC-5BD7D7C6CDF5,gigapath,GigaPath,40x,2p5x,40× ↔ 2.5×,13242,1000,10,0.10080000758171082
BRCA,TCGA-AN-A0G0-01Z-00-DX1.BE0BB5DF-DEDA-48D8-B5D8-2735C767F28F,gigapath,GigaPath,40x,10x,40× ↔ 10×,4987,1000,10,0.12360001355409622
BRCA,TCGA-AN-A0G0-01Z-00-DX1.BE0BB5DF-DEDA-48D8-B5D8-2735C767F28F,gigapath,GigaPath,10x,2p5x,10× ↔ 2.5×,4987,1000,10,0.25609999895095825
BRCA,TCGA-AN-A0G0-01Z-00-DX1.BE0BB5DF-DEDA-48D8-B5D8-2735C767F28F,gigapath,GigaPath,40x,2p5x,40× ↔ 2.5×,4987,1000,10,0.08310001343488693
BRCA,TCGA-AQ-A04L-01Z-00-DX1.F35BF4DD-896A-43C2-8DA6-C67945C003BE,gigapath,GigaPath,40x,10x,40× ↔ 10×,6966,1000,10,0.1429000049829483
BRCA,TCGA-AQ-A04L-01Z-00-DX1.F35BF4DD-896A-43C2-8DA6-C67945C003BE,gigapath,GigaPath,10x,2p5x,10× ↔ 2.5×,6966,1000,10,0.23570002615451813
BRCA,TCGA-AQ-A04L-01Z-00-DX1.F35BF4DD-896A-43C2-8DA6-C67945C003BE,gigapath,GigaPath,40x,2p5x,40× ↔ 2.5×,6966,1000,10,0.0852000042796135
BRCA,TCGA-AR-A2LK-01Z-00-DX1.FBD59C38-CD4E-4C22-BC74-A57C192A9BBC,gigapath,GigaPath,40x,10x,40× ↔ 10×,11925,1000,10,0.17930001020431519
BRCA,TCGA-AR-A2LK-01Z-00-DX1.FBD59C38-CD4E-4C22-BC74-A57C192A9BBC,gigapath,GigaPath,10x,2p5x,10× ↔ 2.5×,11925,1000,10,0.2840000092983246
BRCA,TCGA-AR-A2LK-01Z-00-DX1.FBD59C38-CD4E-4C22-BC74-A57C192A9BBC,gigapath,GigaPath,40x,2p5x,40× ↔ 2.5×,11925,1000,10,0.11870001256465912
BRCA,TCGA-AR-A5QM-01Z-00-DX1.A9017CED-FF57-4090-95B9-94DC91854347,gigapath,GigaPath,40x,10x,40× ↔ 10×,13639,1000,10,0.14150001108646393
BRCA,TCGA-AR-A5QM-01Z-00-DX1.A9017CED-FF57-4090-95B9-94DC91854347,gigapath,GigaPath,10x,2p5x,10× ↔ 2.5×,13639,1000,10,0.22280001640319824
BRCA,TCGA-AR-A5QM-01Z-00-DX1.A9017CED-FF57-4090-95B9-94DC91854347,gigapath,GigaPath,40x,2p5x,40× ↔ 2.5×,13639,1000,10,0.08670000731945038
BRCA,TCGA-BH-A0C1-01Z-00-DX1.21FE357E-B182-4397-BFEF-7E96E994236A,gigapath,GigaPath,40x,10x,40× ↔ 10×,14097,1000,10,0.15080000460147858
BRCA,TCGA-BH-A0C1-01Z-00-DX1.21FE357E-B182-4397-BFEF-7E96E994236A,gigapath,GigaPath,10x,2p5x,10× ↔ 2.5×,14097,1000,10,0.2844000458717346
BRCA,TCGA-BH-A0C1-01Z-00-DX1.21FE357E-B182-4397-BFEF-7E96E994236A,gigapath,GigaPath,40x,2p5x,40× ↔ 2.5×,14097,1000,10,0.10270000249147415
BRCA,TCGA-D8-A1X8-01Z-00-DX1.DDA3866E-C7CC-4650-BE2B-5C9A98A2D531,gigapath,GigaPath,40x,10x,40× ↔ 10×,13628,1000,10,0.20210000872612
BRCA,TCGA-D8-A1X8-01Z-00-DX1.DDA3866E-C7CC-4650-BE2B-5C9A98A2D531,gigapath,GigaPath,10x,2p5x,10× ↔ 2.5×,13628,1000,10,0.258400022983551
BRCA,TCGA-D8-A1X8-01Z-00-DX1.DDA3866E-C7CC-4650-BE2B-5C9A98A2D531,gigapath,GigaPath,40x,2p5x,40× ↔ 2.5×,13628,1000,10,0.125900000333786
BRCA,TCGA-E2-A14P-01Z-00-DX1.663B02FF-C64B-41A6-8685-FD61CD76F9C6,gigapath,GigaPath,40x,10x,40× ↔ 10×,17521,1000,10,0.20120002329349518
BRCA,TCGA-E2-A14P-01Z-00-DX1.663B02FF-C64B-41A6-8685-FD61CD76F9C6,gigapath,GigaPath,10x,2p5x,10× ↔ 2.5×,17521,1000,10,0.24550001323223114
BRCA,TCGA-E2-A14P-01Z-00-DX1.663B02FF-C64B-41A6-8685-FD61CD76F9C6,gigapath,GigaPath,40x,2p5x,40× ↔ 2.5×,17521,1000,10,0.11700001358985901
BRCA,TCGA-E2-A1LA-01Z-00-DX1.AE49E943-B830-4ED9-B09E-E499441BC2EC,gigapath,GigaPath,40x,10x,40× ↔ 10×,16576,1000,10,0.2459000200033188
BRCA,TCGA-E2-A1LA-01Z-00-DX1.AE49E943-B830-4ED9-B09E-E499441BC2EC,gigapath,GigaPath,10x,2p5x,10× ↔ 2.5×,16576,1000,10,0.3375000059604645
BRCA,TCGA-E2-A1LA-01Z-00-DX1.AE49E943-B830-4ED9-B09E-E499441BC2EC,gigapath,GigaPath,40x,2p5x,40× ↔ 2.5×,16576,1000,10,0.17260001599788666
BRCA,TCGA-GM-A3XN-01Z-00-DX1.49F5C8AC-0328-4BC2-9FE2-E7150B7A42E2,gigapath,GigaPath,40x,10x,40× ↔ 10×,18199,1000,10,0.16450001299381256
BRCA,TCGA-GM-A3XN-01Z-00-DX1.49F5C8AC-0328-4BC2-9FE2-E7150B7A42E2,gigapath,GigaPath,10x,2p5x,10× ↔ 2.5×,18199,1000,10,0.24670001864433289
BRCA,TCGA-GM-A3XN-01Z-00-DX1.49F5C8AC-0328-4BC2-9FE2-E7150B7A42E2,gigapath,GigaPath,40x,2p5x,40× ↔ 2.5×,18199,1000,10,0.10340000689029694
COAD,TCGA-AY-A8YK-01Z-00-DX1.89E3C546-0425-449B-A6FB-1C35168EA7EB,gigapath,GigaPath,40x,10x,40× ↔ 10×,8285,1000,10,0.18530002236366272
COAD,TCGA-AY-A8YK-01Z-00-DX1.89E3C546-0425-449B-A6FB-1C35168EA7EB,gigapath,GigaPath,10x,2p5x,10× ↔ 2.5×,8285,1000,10,0.3005000352859497
COAD,TCGA-AY-A8YK-01Z-00-DX1.89E3C546-0425-449B-A6FB-1C35168EA7EB,gigapath,GigaPath,40x,2p5x,40× ↔ 2.5×,8285,1000,10,0.1046999990940094
COAD,TCGA-CK-4947-01Z-00-DX1.b257d5fd-b97b-4987-b088-77f044ca7fe2,gigapath,GigaPath,40x,10x,40× ↔ 10×,23336,1000,10,0.193200021982193
COAD,TCGA-CK-4947-01Z-00-DX1.b257d5fd-b97b-4987-b088-77f044ca7fe2,gigapath,GigaPath,10x,2p5x,10× ↔ 2.5×,23336,1000,10,0.25120002031326294
COAD,TCGA-CK-4947-01Z-00-DX1.b257d5fd-b97b-4987-b088-77f044ca7fe2,gigapath,GigaPath,40x,2p5x,40× ↔ 2.5×,23336,1000,10,0.11180000752210617
COAD,TCGA-CM-6168-01Z-00-DX1.96af6eb2-9d51-4671-baf8-1a73d0c66869,gigapath,GigaPath,40x,10x,40× ↔ 10×,24102,1000,10,0.2784000337123871
COAD,TCGA-CM-6168-01Z-00-DX1.96af6eb2-9d51-4671-baf8-1a73d0c66869,gigapath,GigaPath,10x,2p5x,10× ↔ 2.5×,24102,1000,10,0.323900043964386
COAD,TCGA-CM-6168-01Z-00-DX1.96af6eb2-9d51-4671-baf8-1a73d0c66869,gigapath,GigaPath,40x,2p5x,40× ↔ 2.5×,24102,1000,10,0.1745000034570694
COAD,TCGA-CM-6169-01Z-00-DX1.0381c243-02b8-4f1d-840c-19ef44d4b92c,gigapath,GigaPath,40x,10x,40× ↔ 10×,18522,1000,10,0.21960003674030304
COAD,TCGA-CM-6169-01Z-00-DX1.0381c243-02b8-4f1d-840c-19ef44d4b92c,gigapath,GigaPath,10x,2p5x,10× ↔ 2.5×,18522,1000,10,0.25610002875328064
COAD,TCGA-CM-6169-01Z-00-DX1.0381c243-02b8-4f1d-840c-19ef44d4b92c,gigapath,GigaPath,40x,2p5x,40× ↔ 2.5×,18522,1000,10,0.11969999969005585
COAD,TCGA-G4-6309-01Z-00-DX1.3eb20fdc-eb86-4bd5-8194-76b02d4fa472,gigapath,GigaPath,40x,10x,40× ↔ 10×,17070,1000,10,0.27300000190734863
COAD,TCGA-G4-6309-01Z-00-DX1.3eb20fdc-eb86-4bd5-8194-76b02d4fa472,gigapath,GigaPath,10x,2p5x,10× ↔ 2.5×,17070,1000,10,0.28630000352859497
COAD,TCGA-G4-6309-01Z-00-DX1.3eb20fdc-eb86-4bd5-8194-76b02d4fa472,gigapath,GigaPath,40x,2p5x,40× ↔ 2.5×,17070,1000,10,0.15940000116825104
COAD,TCGA-G4-6310-01Z-00-DX1.b88472d4-3adc-4e4d-b0f2-0dc195a3d7df,gigapath,GigaPath,40x,10x,40× ↔ 10×,16917,1000,10,0.2363000214099884
COAD,TCGA-G4-6310-01Z-00-DX1.b88472d4-3adc-4e4d-b0f2-0dc195a3d7df,gigapath,GigaPath,10x,2p5x,10× ↔ 2.5×,16917,1000,10,0.30559998750686646
COAD,TCGA-G4-6310-01Z-00-DX1.b88472d4-3adc-4e4d-b0f2-0dc195a3d7df,gigapath,GigaPath,40x,2p5x,40× ↔ 2.5×,16917,1000,10,0.1615000218153
COAD,TCGA-G4-6588-01Z-00-DX1.0747172e-f630-4b7c-9341-55078585ae00,gigapath,GigaPath,40x,10x,40× ↔ 10×,20553,1000,10,0.24000002443790436
COAD,TCGA-G4-6588-01Z-00-DX1.0747172e-f630-4b7c-9341-55078585ae00,gigapath,GigaPath,10x,2p5x,10× ↔ 2.5×,20553,1000,10,0.27310001850128174
COAD,TCGA-G4-6588-01Z-00-DX1.0747172e-f630-4b7c-9341-55078585ae00,gigapath,GigaPath,40x,2p5x,40× ↔ 2.5×,20553,1000,10,0.1454000025987625
HNSC,TCGA-BA-6871-01Z-00-DX1.4d9ca329-f8d5-4c31-a20f-9d4fba728326,gigapath,GigaPath,40x,10x,40× ↔ 10×,14718,1000,10,0.1680000126361847
HNSC,TCGA-BA-6871-01Z-00-DX1.4d9ca329-f8d5-4c31-a20f-9d4fba728326,gigapath,GigaPath,10x,2p5x,10× ↔ 2.5×,14718,1000,10,0.1873999983072281
HNSC,TCGA-BA-6871-01Z-00-DX1.4d9ca329-f8d5-4c31-a20f-9d4fba728326,gigapath,GigaPath,40x,2p5x,40× ↔ 2.5×,14718,1000,10,0.08250000327825546
HNSC,TCGA-BA-6872-01Z-00-DX1.F99F6394-D319-4599-B124-D2A6692FA096,gigapath,GigaPath,40x,10x,40× ↔ 10×,7720,1000,10,0.1575000137090683
HNSC,TCGA-BA-6872-01Z-00-DX1.F99F6394-D319-4599-B124-D2A6692FA096,gigapath,GigaPath,10x,2p5x,10× ↔ 2.5×,7720,1000,10,0.2754000127315521
HNSC,TCGA-BA-6872-01Z-00-DX1.F99F6394-D319-4599-B124-D2A6692FA096,gigapath,GigaPath,40x,2p5x,40× ↔ 2.5×,7720,1000,10,0.11100000888109207
HNSC,TCGA-CN-A6V7-01A-01-TS1.F54912D3-1E21-4605-ACFC-142973524AE2,gigapath,GigaPath,40x,10x,40× ↔ 10×,2536,1000,10,0.09510000795125961
HNSC,TCGA-CN-A6V7-01A-01-TS1.F54912D3-1E21-4605-ACFC-142973524AE2,gigapath,GigaPath,10x,2p5x,10× ↔ 2.5×,2536,1000,10,0.24990002810955048
HNSC,TCGA-CN-A6V7-01A-01-TS1.F54912D3-1E21-4605-ACFC-142973524AE2,gigapath,GigaPath,40x,2p5x,40× ↔ 2.5×,2536,1000,10,0.06710000336170197
HNSC,TCGA-CV-6935-01Z-00-DX1.9C449CB2-FB6D-41D1-A4A6-3069DC84A697,gigapath,GigaPath,40x,10x,40× ↔ 10×,12224,1000,10,0.14580000936985016
HNSC,TCGA-CV-6935-01Z-00-DX1.9C449CB2-FB6D-41D1-A4A6-3069DC84A697,gigapath,GigaPath,10x,2p5x,10× ↔ 2.5×,12224,1000,10,0.22950001060962677
HNSC,TCGA-CV-6935-01Z-00-DX1.9C449CB2-FB6D-41D1-A4A6-3069DC84A697,gigapath,GigaPath,40x,2p5x,40× ↔ 2.5×,12224,1000,10,0.08560001105070114
HNSC,TCGA-CV-A45O-01Z-00-DX1.8CBD0CCC-C815-475D-87F9-76272F4F715B,gigapath,GigaPath,40x,10x,40× ↔ 10×,14844,1000,10,0.23850001394748688
HNSC,TCGA-CV-A45O-01Z-00-DX1.8CBD0CCC-C815-475D-87F9-76272F4F715B,gigapath,GigaPath,10x,2p5x,10× ↔ 2.5×,14844,1000,10,0.26100000739097595
HNSC,TCGA-CV-A45O-01Z-00-DX1.8CBD0CCC-C815-475D-87F9-76272F4F715B,gigapath,GigaPath,40x,2p5x,40× ↔ 2.5×,14844,1000,10,0.12930001318454742
HNSC,TCGA-CV-A6JE-01Z-00-DX1.20137D17-19B3-49FF-9C3D-60933157E409,gigapath,GigaPath,40x,10x,40× ↔ 10×,26402,1000,10,0.18410001695156097
HNSC,TCGA-CV-A6JE-01Z-00-DX1.20137D17-19B3-49FF-9C3D-60933157E409,gigapath,GigaPath,10x,2p5x,10× ↔ 2.5×,26402,1000,10,0.2582000195980072
HNSC,TCGA-CV-A6JE-01Z-00-DX1.20137D17-19B3-49FF-9C3D-60933157E409,gigapath,GigaPath,40x,2p5x,40× ↔ 2.5×,26402,1000,10,0.10740001499652863
HNSC,TCGA-CV-A6JU-01Z-00-DX1.35A3A1F0-9D6C-4794-B501-E56E48C51DF9,gigapath,GigaPath,40x,10x,40× ↔ 10×,21938,1000,10,0.23340001702308655
HNSC,TCGA-CV-A6JU-01Z-00-DX1.35A3A1F0-9D6C-4794-B501-E56E48C51DF9,gigapath,GigaPath,10x,2p5x,10× ↔ 2.5×,21938,1000,10,0.2740999758243561
HNSC,TCGA-CV-A6JU-01Z-00-DX1.35A3A1F0-9D6C-4794-B501-E56E48C51DF9,gigapath,GigaPath,40x,2p5x,40× ↔ 2.5×,21938,1000,10,0.13250000774860382
HNSC,TCGA-UF-A719-01Z-00-DX1.4C4ECC2C-C390-4C5E-A709-CF08C113F1A1,gigapath,GigaPath,40x,10x,40× ↔ 10×,21546,1000,10,0.2591000199317932
HNSC,TCGA-UF-A719-01Z-00-DX1.4C4ECC2C-C390-4C5E-A709-CF08C113F1A1,gigapath,GigaPath,10x,2p5x,10× ↔ 2.5×,21546,1000,10,0.2939999997615814
HNSC,TCGA-UF-A719-01Z-00-DX1.4C4ECC2C-C390-4C5E-A709-CF08C113F1A1,gigapath,GigaPath,40x,2p5x,40× ↔ 2.5×,21546,1000,10,0.14800000190734863
KIRC,TCGA-A3-3346-01Z-00-DX1.95280216-fd71-4a03-b452-6e3d667f2542,gigapath,GigaPath,40x,10x,40× ↔ 10×,2240,1000,10,0.15839999914169312
KIRC,TCGA-A3-3346-01Z-00-DX1.95280216-fd71-4a03-b452-6e3d667f2542,gigapath,GigaPath,10x,2p5x,10× ↔ 2.5×,2240,1000,10,0.3361000120639801
KIRC,TCGA-A3-3346-01Z-00-DX1.95280216-fd71-4a03-b452-6e3d667f2542,gigapath,GigaPath,40x,2p5x,40× ↔ 2.5×,2240,1000,10,0.11870000511407852
KIRC,TCGA-A3-A8CQ-01Z-00-DX1.78DA0827-5FB8-4B9F-A845-22F85830B5FB,gigapath,GigaPath,40x,10x,40× ↔ 10×,1395,1000,10,0.12170000374317169
KIRC,TCGA-A3-A8CQ-01Z-00-DX1.78DA0827-5FB8-4B9F-A845-22F85830B5FB,gigapath,GigaPath,10x,2p5x,10× ↔ 2.5×,1395,1000,10,0.3297000229358673
KIRC,TCGA-A3-A8CQ-01Z-00-DX1.78DA0827-5FB8-4B9F-A845-22F85830B5FB,gigapath,GigaPath,40x,2p5x,40× ↔ 2.5×,1395,1000,10,0.08740001171827316
KIRC,TCGA-AK-3444-01Z-00-DX1.1F0E0B47-29FF-456F-800A-539983FDCFAA,gigapath,GigaPath,40x,10x,40× ↔ 10×,5029,1000,10,0.14350000023841858
KIRC,TCGA-AK-3444-01Z-00-DX1.1F0E0B47-29FF-456F-800A-539983FDCFAA,gigapath,GigaPath,10x,2p5x,10× ↔ 2.5×,5029,1000,10,0.27150002121925354
KIRC,TCGA-AK-3444-01Z-00-DX1.1F0E0B47-29FF-456F-800A-539983FDCFAA,gigapath,GigaPath,40x,2p5x,40× ↔ 2.5×,5029,1000,10,0.12150000780820847
KIRC,TCGA-B0-5094-01Z-00-DX1.eac31fe2-09da-4ecf-8e25-c073cbb03295,gigapath,GigaPath,40x,10x,40× ↔ 10×,23201,1000,10,0.21380002796649933
KIRC,TCGA-B0-5094-01Z-00-DX1.eac31fe2-09da-4ecf-8e25-c073cbb03295,gigapath,GigaPath,10x,2p5x,10× ↔ 2.5×,23201,1000,10,0.24160002171993256
KIRC,TCGA-B0-5094-01Z-00-DX1.eac31fe2-09da-4ecf-8e25-c073cbb03295,gigapath,GigaPath,40x,2p5x,40× ↔ 2.5×,23201,1000,10,0.1324000060558319
KIRC,TCGA-B0-5106-01Z-00-DX1.564e51a3-be50-4eed-ba9c-4d478b96ffc6,gigapath,GigaPath,40x,10x,40× ↔ 10×,26156,1000,10,0.16710001230239868
KIRC,TCGA-B0-5106-01Z-00-DX1.564e51a3-be50-4eed-ba9c-4d478b96ffc6,gigapath,GigaPath,10x,2p5x,10× ↔ 2.5×,26156,1000,10,0.24630001187324524
KIRC,TCGA-B0-5106-01Z-00-DX1.564e51a3-be50-4eed-ba9c-4d478b96ffc6,gigapath,GigaPath,40x,2p5x,40× ↔ 2.5×,26156,1000,10,0.11220000684261322
KIRC,TCGA-B0-5711-01Z-00-DX1.6839921f-ec08-4e94-8bf9-4b5a4fcdda45,gigapath,GigaPath,40x,10x,40× ↔ 10×,23048,1000,10,0.16770000755786896
KIRC,TCGA-B0-5711-01Z-00-DX1.6839921f-ec08-4e94-8bf9-4b5a4fcdda45,gigapath,GigaPath,10x,2p5x,10× ↔ 2.5×,23048,1000,10,0.25210002064704895
KIRC,TCGA-B0-5711-01Z-00-DX1.6839921f-ec08-4e94-8bf9-4b5a4fcdda45,gigapath,GigaPath,40x,2p5x,40× ↔ 2.5×,23048,1000,10,0.11590000987052917
KIRC,TCGA-B2-5633-01Z-00-DX1.c55a29ca-468e-46de-9ff5-a51f46fe09fd,gigapath,GigaPath,40x,10x,40× ↔ 10×,3974,1000,10,0.18780000507831573
KIRC,TCGA-B2-5633-01Z-00-DX1.c55a29ca-468e-46de-9ff5-a51f46fe09fd,gigapath,GigaPath,10x,2p5x,10× ↔ 2.5×,3974,1000,10,0.3022000193595886
KIRC,TCGA-B2-5633-01Z-00-DX1.c55a29ca-468e-46de-9ff5-a51f46fe09fd,gigapath,GigaPath,40x,2p5x,40× ↔ 2.5×,3974,1000,10,0.12330000847578049
KIRC,TCGA-BP-4991-01Z-00-DX1.71305f5c-ca59-48fa-bb82-4b441c1fffdc,gigapath,GigaPath,40x,10x,40× ↔ 10×,31068,1000,10,0.15400001406669617
KIRC,TCGA-BP-4991-01Z-00-DX1.71305f5c-ca59-48fa-bb82-4b441c1fffdc,gigapath,GigaPath,10x,2p5x,10× ↔ 2.5×,31068,1000,10,0.2437000274658203
KIRC,TCGA-BP-4991-01Z-00-DX1.71305f5c-ca59-48fa-bb82-4b441c1fffdc,gigapath,GigaPath,40x,2p5x,40× ↔ 2.5×,31068,1000,10,0.10730000585317612
KIRC,TCGA-BP-5201-01Z-00-DX1.d1a9878e-bb97-48fb-9098-9d9337f06250,gigapath,GigaPath,40x,10x,40× ↔ 10×,12763,1000,10,0.1924000233411789
KIRC,TCGA-BP-5201-01Z-00-DX1.d1a9878e-bb97-48fb-9098-9d9337f06250,gigapath,GigaPath,10x,2p5x,10× ↔ 2.5×,12763,1000,10,0.20980001986026764
KIRC,TCGA-BP-5201-01Z-00-DX1.d1a9878e-bb97-48fb-9098-9d9337f06250,gigapath,GigaPath,40x,2p5x,40× ↔ 2.5×,12763,1000,10,0.10480000823736191
LUAD,TCGA-55-6986-01Z-00-DX1.ae52d41e-3cd6-4d36-b04b-2ea7d29bd8da,gigapath,GigaPath,40x,10x,40× ↔ 10×,5951,1000,10,0.19530002772808075
LUAD,TCGA-55-6986-01Z-00-DX1.ae52d41e-3cd6-4d36-b04b-2ea7d29bd8da,gigapath,GigaPath,10x,2p5x,10× ↔ 2.5×,5951,1000,10,0.2851000130176544
LUAD,TCGA-55-6986-01Z-00-DX1.ae52d41e-3cd6-4d36-b04b-2ea7d29bd8da,gigapath,GigaPath,40x,2p5x,40× ↔ 2.5×,5951,1000,10,0.11700000613927841
LUAD,TCGA-64-5779-01Z-00-DX1.B3268447-DCE0-4927-B5A9-EC4D61E9B17D,gigapath,GigaPath,40x,10x,40× ↔ 10×,15338,1000,10,0.1599000096321106
LUAD,TCGA-64-5779-01Z-00-DX1.B3268447-DCE0-4927-B5A9-EC4D61E9B17D,gigapath,GigaPath,10x,2p5x,10× ↔ 2.5×,15338,1000,10,0.17920000851154327
LUAD,TCGA-64-5779-01Z-00-DX1.B3268447-DCE0-4927-B5A9-EC4D61E9B17D,gigapath,GigaPath,40x,2p5x,40× ↔ 2.5×,15338,1000,10,0.08169999718666077
LUAD,TCGA-78-7158-01Z-00-DX1.74db3dcd-2715-4ce7-8e48-30c8b7946ba0,gigapath,GigaPath,40x,10x,40× ↔ 10×,23198,1000,10,0.11880000680685043
LUAD,TCGA-78-7158-01Z-00-DX1.74db3dcd-2715-4ce7-8e48-30c8b7946ba0,gigapath,GigaPath,10x,2p5x,10× ↔ 2.5×,23198,1000,10,0.19690002501010895
LUAD,TCGA-78-7158-01Z-00-DX1.74db3dcd-2715-4ce7-8e48-30c8b7946ba0,gigapath,GigaPath,40x,2p5x,40× ↔ 2.5×,23198,1000,10,0.07290000468492508
LUAD,TCGA-78-7163-01Z-00-DX1.42880bdf-271d-41dd-aada-e7ec1156ff31,gigapath,GigaPath,40x,10x,40× ↔ 10×,21422,1000,10,0.14720001816749573
LUAD,TCGA-78-7163-01Z-00-DX1.42880bdf-271d-41dd-aada-e7ec1156ff31,gigapath,GigaPath,10x,2p5x,10× ↔ 2.5×,21422,1000,10,0.19190001487731934
LUAD,TCGA-78-7163-01Z-00-DX1.42880bdf-271d-41dd-aada-e7ec1156ff31,gigapath,GigaPath,40x,2p5x,40× ↔ 2.5×,21422,1000,10,0.08450000733137131
LUAD,TCGA-78-7536-01Z-00-DX1.6b066140-8b82-40a5-bd48-430eeb4463fe,gigapath,GigaPath,40x,10x,40× ↔ 10×,32971,1000,10,0.10700000822544098
LUAD,TCGA-78-7536-01Z-00-DX1.6b066140-8b82-40a5-bd48-430eeb4463fe,gigapath,GigaPath,10x,2p5x,10× ↔ 2.5×,32971,1000,10,0.14030000567436218
LUAD,TCGA-78-7536-01Z-00-DX1.6b066140-8b82-40a5-bd48-430eeb4463fe,gigapath,GigaPath,40x,2p5x,40× ↔ 2.5×,32971,1000,10,0.05090000480413437
LUAD,TCGA-86-8668-01Z-00-DX1.d720d486-02c7-4f98-8feb-e0e50a12c158,gigapath,GigaPath,40x,10x,40× ↔ 10×,14624,1000,10,0.1518000066280365
LUAD,TCGA-86-8668-01Z-00-DX1.d720d486-02c7-4f98-8feb-e0e50a12c158,gigapath,GigaPath,10x,2p5x,10× ↔ 2.5×,14624,1000,10,0.241100013256073
LUAD,TCGA-86-8668-01Z-00-DX1.d720d486-02c7-4f98-8feb-e0e50a12c158,gigapath,GigaPath,40x,2p5x,40× ↔ 2.5×,14624,1000,10,0.09470000118017197
LUAD,TCGA-97-A4LX-01Z-00-DX1.B2334672-A626-4E74-B4D1-A79F70F65909,gigapath,GigaPath,40x,10x,40× ↔ 10×,19346,1000,10,0.12200001627206802
LUAD,TCGA-97-A4LX-01Z-00-DX1.B2334672-A626-4E74-B4D1-A79F70F65909,gigapath,GigaPath,10x,2p5x,10× ↔ 2.5×,19346,1000,10,0.15610001981258392
LUAD,TCGA-97-A4LX-01Z-00-DX1.B2334672-A626-4E74-B4D1-A79F70F65909,gigapath,GigaPath,40x,2p5x,40× ↔ 2.5×,19346,1000,10,0.060300007462501526
LUAD,TCGA-97-A4M2-01Z-00-DX1.5C72522C-1538-4D68-B517-5FB05A9D401A,gigapath,GigaPath,40x,10x,40× ↔ 10×,8962,1000,10,0.16760002076625824
LUAD,TCGA-97-A4M2-01Z-00-DX1.5C72522C-1538-4D68-B517-5FB05A9D401A,gigapath,GigaPath,10x,2p5x,10× ↔ 2.5×,8962,1000,10,0.22019998729228973
LUAD,TCGA-97-A4M2-01Z-00-DX1.5C72522C-1538-4D68-B517-5FB05A9D401A,gigapath,GigaPath,40x,2p5x,40× ↔ 2.5×,8962,1000,10,0.09150000661611557
LUAD,TCGA-J2-A4AE-01Z-00-DX1.42C5DE4A-7787-4E59-8969-D12503262C96,gigapath,GigaPath,40x,10x,40× ↔ 10×,14491,1000,10,0.1593000292778015
LUAD,TCGA-J2-A4AE-01Z-00-DX1.42C5DE4A-7787-4E59-8969-D12503262C96,gigapath,GigaPath,10x,2p5x,10× ↔ 2.5×,14491,1000,10,0.2745000123977661
LUAD,TCGA-J2-A4AE-01Z-00-DX1.42C5DE4A-7787-4E59-8969-D12503262C96,gigapath,GigaPath,40x,2p5x,40× ↔ 2.5×,14491,1000,10,0.09570000320672989
STAD,TCGA-BR-6452-01Z-00-DX1.aec8246e-9dce-436d-9faa-df8fa1f6e47c,gigapath,GigaPath,40x,10x,40× ↔ 10×,15303,1000,10,0.21580001711845398
STAD,TCGA-BR-6452-01Z-00-DX1.aec8246e-9dce-436d-9faa-df8fa1f6e47c,gigapath,GigaPath,10x,2p5x,10× ↔ 2.5×,15303,1000,10,0.30340003967285156
STAD,TCGA-BR-6452-01Z-00-DX1.aec8246e-9dce-436d-9faa-df8fa1f6e47c,gigapath,GigaPath,40x,2p5x,40× ↔ 2.5×,15303,1000,10,0.13220001757144928
STAD,TCGA-BR-6454-01Z-00-DX1.63fb6280-2b43-49b2-960a-eb9c0e8b617c,gigapath,GigaPath,40x,10x,40× ↔ 10×,15740,1000,10,0.12700000405311584
STAD,TCGA-BR-6454-01Z-00-DX1.63fb6280-2b43-49b2-960a-eb9c0e8b617c,gigapath,GigaPath,10x,2p5x,10× ↔ 2.5×,15740,1000,10,0.19789999723434448
STAD,TCGA-BR-6454-01Z-00-DX1.63fb6280-2b43-49b2-960a-eb9c0e8b617c,gigapath,GigaPath,40x,2p5x,40× ↔ 2.5×,15740,1000,10,0.06360000371932983
STAD,TCGA-BR-A4CQ-01Z-00-DX1.B63282A5-154D-441B-BF96-5BB26CB6D95E,gigapath,GigaPath,40x,10x,40× ↔ 10×,13809,1000,10,0.18900001049041748
STAD,TCGA-BR-A4CQ-01Z-00-DX1.B63282A5-154D-441B-BF96-5BB26CB6D95E,gigapath,GigaPath,10x,2p5x,10× ↔ 2.5×,13809,1000,10,0.3092000186443329
STAD,TCGA-BR-A4CQ-01Z-00-DX1.B63282A5-154D-441B-BF96-5BB26CB6D95E,gigapath,GigaPath,40x,2p5x,40× ↔ 2.5×,13809,1000,10,0.11870000511407852
STAD,TCGA-CD-A487-01Z-00-DX1.A026BD2F-B721-4340-83D5-7AA39227C90F,gigapath,GigaPath,40x,10x,40× ↔ 10×,20251,1000,10,0.22700001299381256
STAD,TCGA-CD-A487-01Z-00-DX1.A026BD2F-B721-4340-83D5-7AA39227C90F,gigapath,GigaPath,10x,2p5x,10× ↔ 2.5×,20251,1000,10,0.3587000370025635
STAD,TCGA-CD-A487-01Z-00-DX1.A026BD2F-B721-4340-83D5-7AA39227C90F,gigapath,GigaPath,40x,2p5x,40× ↔ 2.5×,20251,1000,10,0.18130001425743103
STAD,TCGA-FP-8209-01Z-00-DX1.a5e13081-1631-44d4-8d6a-c229a22c2311,gigapath,GigaPath,40x,10x,40× ↔ 10×,3901,1000,10,0.23180001974105835
STAD,TCGA-FP-8209-01Z-00-DX1.a5e13081-1631-44d4-8d6a-c229a22c2311,gigapath,GigaPath,10x,2p5x,10× ↔ 2.5×,3901,1000,10,0.37470003962516785
STAD,TCGA-FP-8209-01Z-00-DX1.a5e13081-1631-44d4-8d6a-c229a22c2311,gigapath,GigaPath,40x,2p5x,40× ↔ 2.5×,3901,1000,10,0.17520001530647278
STAD,TCGA-SW-A7EA-01Z-00-DX1.C5E1BE0E-0A25-4480-A3AC-DB2ED7471A4E,gigapath,GigaPath,40x,10x,40× ↔ 10×,6449,1000,10,0.1900000125169754
STAD,TCGA-SW-A7EA-01Z-00-DX1.C5E1BE0E-0A25-4480-A3AC-DB2ED7471A4E,gigapath,GigaPath,10x,2p5x,10× ↔ 2.5×,6449,1000,10,0.3118000328540802
STAD,TCGA-SW-A7EA-01Z-00-DX1.C5E1BE0E-0A25-4480-A3AC-DB2ED7471A4E,gigapath,GigaPath,40x,2p5x,40× ↔ 2.5×,6449,1000,10,0.1347000151872635
STAD,TCGA-VQ-A8PY-01Z-00-DX1.EA2C7386-012A-442A-95B3-FFA12BD2684D,gigapath,GigaPath,40x,10x,40× ↔ 10×,22399,1000,10,0.23740002512931824
STAD,TCGA-VQ-A8PY-01Z-00-DX1.EA2C7386-012A-442A-95B3-FFA12BD2684D,gigapath,GigaPath,10x,2p5x,10× ↔ 2.5×,22399,1000,10,0.33490005135536194
STAD,TCGA-VQ-A8PY-01Z-00-DX1.EA2C7386-012A-442A-95B3-FFA12BD2684D,gigapath,GigaPath,40x,2p5x,40× ↔ 2.5×,22399,1000,10,0.17030000686645508
STAD,TCGA-VQ-A924-01Z-00-DX1.736B41F3-9678-4FAF-AE86-FCAC4F6DCBD3,gigapath,GigaPath,40x,10x,40× ↔ 10×,12960,1000,10,0.15880000591278076
STAD,TCGA-VQ-A924-01Z-00-DX1.736B41F3-9678-4FAF-AE86-FCAC4F6DCBD3,gigapath,GigaPath,10x,2p5x,10× ↔ 2.5×,12960,1000,10,0.2851000130176544
STAD,TCGA-VQ-A924-01Z-00-DX1.736B41F3-9678-4FAF-AE86-FCAC4F6DCBD3,gigapath,GigaPath,40x,2p5x,40× ↔ 2.5×,12960,1000,10,0.10540001094341278
STAD,TCGA-ZQ-A9CR-01Z-00-DX1.C9AC9991-7054-4068-A7AA-9D1EB7F040A3,gigapath,GigaPath,40x,10x,40× ↔ 10×,31585,1000,10,0.21000000834465027
STAD,TCGA-ZQ-A9CR-01Z-00-DX1.C9AC9991-7054-4068-A7AA-9D1EB7F040A3,gigapath,GigaPath,10x,2p5x,10× ↔ 2.5×,31585,1000,10,0.26110002398490906
STAD,TCGA-ZQ-A9CR-01Z-00-DX1.C9AC9991-7054-4068-A7AA-9D1EB7F040A3,gigapath,GigaPath,40x,2p5x,40× ↔ 2.5×,31585,1000,10,0.14080001413822174
UCEC,TCGA-A5-A0GX-01Z-00-DX1.7E713D1A-5858-4648-957D-77189E43CFAA,gigapath,GigaPath,40x,10x,40× ↔ 10×,26039,1000,10,0.1543000042438507
UCEC,TCGA-A5-A0GX-01Z-00-DX1.7E713D1A-5858-4648-957D-77189E43CFAA,gigapath,GigaPath,10x,2p5x,10× ↔ 2.5×,26039,1000,10,0.21890002489089966
UCEC,TCGA-A5-A0GX-01Z-00-DX1.7E713D1A-5858-4648-957D-77189E43CFAA,gigapath,GigaPath,40x,2p5x,40× ↔ 2.5×,26039,1000,10,0.09080000966787338
UCEC,TCGA-A5-A0R7-01Z-00-DX1.D21E6974-22A3-4A68-8B4E-14E84A7A50A5,gigapath,GigaPath,40x,10x,40× ↔ 10×,45564,1000,10,0.16030001640319824
UCEC,TCGA-A5-A0R7-01Z-00-DX1.D21E6974-22A3-4A68-8B4E-14E84A7A50A5,gigapath,GigaPath,10x,2p5x,10× ↔ 2.5×,45564,1000,10,0.2150000035762787
UCEC,TCGA-A5-A0R7-01Z-00-DX1.D21E6974-22A3-4A68-8B4E-14E84A7A50A5,gigapath,GigaPath,40x,2p5x,40× ↔ 2.5×,45564,1000,10,0.08619999885559082
UCEC,TCGA-AX-A05U-01Z-00-DX1.1EBFC727-B5D5-4543-BBA9-4254ABD3D584,gigapath,GigaPath,40x,10x,40× ↔ 10×,42082,1000,10,0.17470002174377441
UCEC,TCGA-AX-A05U-01Z-00-DX1.1EBFC727-B5D5-4543-BBA9-4254ABD3D584,gigapath,GigaPath,10x,2p5x,10× ↔ 2.5×,42082,1000,10,0.24290001392364502
UCEC,TCGA-AX-A05U-01Z-00-DX1.1EBFC727-B5D5-4543-BBA9-4254ABD3D584,gigapath,GigaPath,40x,2p5x,40× ↔ 2.5×,42082,1000,10,0.11510001122951508
UCEC,TCGA-AX-A06B-01Z-00-DX2.1757C039-99F7-4087-A9E5-D340AF7220D4,gigapath,GigaPath,40x,10x,40× ↔ 10×,10560,1000,10,0.1843000054359436
UCEC,TCGA-AX-A06B-01Z-00-DX2.1757C039-99F7-4087-A9E5-D340AF7220D4,gigapath,GigaPath,10x,2p5x,10× ↔ 2.5×,10560,1000,10,0.27810001373291016
UCEC,TCGA-AX-A06B-01Z-00-DX2.1757C039-99F7-4087-A9E5-D340AF7220D4,gigapath,GigaPath,40x,2p5x,40× ↔ 2.5×,10560,1000,10,0.13210001587867737
UCEC,TCGA-AX-A0J0-01Z-00-DX2.56C668BE-03B8-4B87-A226-AABD97D53C38,gigapath,GigaPath,40x,10x,40× ↔ 10×,34978,1000,10,0.2029000073671341
UCEC,TCGA-AX-A0J0-01Z-00-DX2.56C668BE-03B8-4B87-A226-AABD97D53C38,gigapath,GigaPath,10x,2p5x,10× ↔ 2.5×,34978,1000,10,0.24160002171993256
UCEC,TCGA-AX-A0J0-01Z-00-DX2.56C668BE-03B8-4B87-A226-AABD97D53C38,gigapath,GigaPath,40x,2p5x,40× ↔ 2.5×,34978,1000,10,0.12390000373125076
UCEC,TCGA-B5-A11F-01Z-00-DX1.3F1C053D-E81E-4C8D-965D-6F3DE29D9511,gigapath,GigaPath,40x,10x,40× ↔ 10×,22717,1000,10,0.18250000476837158
UCEC,TCGA-B5-A11F-01Z-00-DX1.3F1C053D-E81E-4C8D-965D-6F3DE29D9511,gigapath,GigaPath,10x,2p5x,10× ↔ 2.5×,22717,1000,10,0.2233000099658966
UCEC,TCGA-B5-A11F-01Z-00-DX1.3F1C053D-E81E-4C8D-965D-6F3DE29D9511,gigapath,GigaPath,40x,2p5x,40× ↔ 2.5×,22717,1000,10,0.1056000143289566
UCEC,TCGA-BG-A0W1-01Z-00-DX1.8E06269C-1278-478B-A128-59FA911B1649,gigapath,GigaPath,40x,10x,40× ↔ 10×,26648,1000,10,0.19190001487731934
UCEC,TCGA-BG-A0W1-01Z-00-DX1.8E06269C-1278-478B-A128-59FA911B1649,gigapath,GigaPath,10x,2p5x,10× ↔ 2.5×,26648,1000,10,0.25839999318122864
UCEC,TCGA-BG-A0W1-01Z-00-DX1.8E06269C-1278-478B-A128-59FA911B1649,gigapath,GigaPath,40x,2p5x,40× ↔ 2.5×,26648,1000,10,0.12150000780820847
UCEC,TCGA-EY-A1GQ-01Z-00-DX1.03D52C6F-515E-4A4F-A08E-31D773BCC67F,gigapath,GigaPath,40x,10x,40× ↔ 10×,20550,1000,10,0.09630000591278076
UCEC,TCGA-EY-A1GQ-01Z-00-DX1.03D52C6F-515E-4A4F-A08E-31D773BCC67F,gigapath,GigaPath,10x,2p5x,10× ↔ 2.5×,20550,1000,10,0.2120000123977661
UCEC,TCGA-EY-A1GQ-01Z-00-DX1.03D52C6F-515E-4A4F-A08E-31D773BCC67F,gigapath,GigaPath,40x,2p5x,40× ↔ 2.5×,20550,1000,10,0.06070000305771828
UCEC,TCGA-FI-A2EX-01Z-00-DX1.127F5153-745D-43E6-83CA-DE2738702C62,gigapath,GigaPath,40x,10x,40× ↔ 10×,21945,1000,10,0.19340001046657562
UCEC,TCGA-FI-A2EX-01Z-00-DX1.127F5153-745D-43E6-83CA-DE2738702C62,gigapath,GigaPath,10x,2p5x,10× ↔ 2.5×,21945,1000,10,0.2467000037431717
UCEC,TCGA-FI-A2EX-01Z-00-DX1.127F5153-745D-43E6-83CA-DE2738702C62,gigapath,GigaPath,40x,2p5x,40× ↔ 2.5×,21945,1000,10,0.123400017619133
BLCA,TCGA-CF-A3MF-01Z-00-DX1.91768C26-5BB1-4DE6-9737-AA26BD687A75,gigapath_flash,GigaPath-Flash,40x,10x,40× ↔ 10×,26138,1000,10,0.1597999930381775
BLCA,TCGA-CF-A3MF-01Z-00-DX1.91768C26-5BB1-4DE6-9737-AA26BD687A75,gigapath_flash,GigaPath-Flash,10x,2p5x,10× ↔ 2.5×,26138,1000,10,0.15489999949932098
BLCA,TCGA-CF-A3MF-01Z-00-DX1.91768C26-5BB1-4DE6-9737-AA26BD687A75,gigapath_flash,GigaPath-Flash,40x,2p5x,40× ↔ 2.5×,26138,1000,10,0.07740000635385513
BLCA,TCGA-CU-A0YN-01Z-00-DX1.6C5EAAAF-8F14-49D3-8FFC-9BDAE56CAFD0,gigapath_flash,GigaPath-Flash,40x,10x,40× ↔ 10×,2880,1000,10,0.12400000542402267
BLCA,TCGA-CU-A0YN-01Z-00-DX1.6C5EAAAF-8F14-49D3-8FFC-9BDAE56CAFD0,gigapath_flash,GigaPath-Flash,10x,2p5x,10× ↔ 2.5×,2880,1000,10,0.3011000156402588
BLCA,TCGA-CU-A0YN-01Z-00-DX1.6C5EAAAF-8F14-49D3-8FFC-9BDAE56CAFD0,gigapath_flash,GigaPath-Flash,40x,2p5x,40× ↔ 2.5×,2880,1000,10,0.0861000120639801
BLCA,TCGA-DK-A6AW-01Z-00-DX1.C2453A8C-8282-443C-9E76-5B6CAD2FE69B,gigapath_flash,GigaPath-Flash,40x,10x,40× ↔ 10×,15233,1000,10,0.22230002284049988
BLCA,TCGA-DK-A6AW-01Z-00-DX1.C2453A8C-8282-443C-9E76-5B6CAD2FE69B,gigapath_flash,GigaPath-Flash,10x,2p5x,10× ↔ 2.5×,15233,1000,10,0.3175000250339508
BLCA,TCGA-DK-A6AW-01Z-00-DX1.C2453A8C-8282-443C-9E76-5B6CAD2FE69B,gigapath_flash,GigaPath-Flash,40x,2p5x,40× ↔ 2.5×,15233,1000,10,0.14810001850128174
BLCA,TCGA-DK-AA6L-01A-01-TSA.5794F0C6-9ED6-489A-9621-18CCC5935548,gigapath_flash,GigaPath-Flash,40x,10x,40× ↔ 10×,7165,1000,10,0.14139999449253082
BLCA,TCGA-DK-AA6L-01A-01-TSA.5794F0C6-9ED6-489A-9621-18CCC5935548,gigapath_flash,GigaPath-Flash,10x,2p5x,10× ↔ 2.5×,7165,1000,10,0.22770000994205475
BLCA,TCGA-DK-AA6L-01A-01-TSA.5794F0C6-9ED6-489A-9621-18CCC5935548,gigapath_flash,GigaPath-Flash,40x,2p5x,40× ↔ 2.5×,7165,1000,10,0.09400000423192978
BLCA,TCGA-DK-AA77-01A-01-TSA.26CAF5CB-CC4F-4522-BD2B-343FB70205FE,gigapath_flash,GigaPath-Flash,40x,10x,40× ↔ 10×,3872,1000,10,0.10600000619888306
BLCA,TCGA-DK-AA77-01A-01-TSA.26CAF5CB-CC4F-4522-BD2B-343FB70205FE,gigapath_flash,GigaPath-Flash,10x,2p5x,10× ↔ 2.5×,3872,1000,10,0.20030002295970917
BLCA,TCGA-DK-AA77-01A-01-TSA.26CAF5CB-CC4F-4522-BD2B-343FB70205FE,gigapath_flash,GigaPath-Flash,40x,2p5x,40× ↔ 2.5×,3872,1000,10,0.06419999897480011
BLCA,TCGA-FD-A6TK-01Z-00-DX1.B685DA87-72A6-4C38-8AA1-40B6E543383C,gigapath_flash,GigaPath-Flash,40x,10x,40× ↔ 10×,19445,1000,10,0.22680002450942993
BLCA,TCGA-FD-A6TK-01Z-00-DX1.B685DA87-72A6-4C38-8AA1-40B6E543383C,gigapath_flash,GigaPath-Flash,10x,2p5x,10× ↔ 2.5×,19445,1000,10,0.2614000141620636
BLCA,TCGA-FD-A6TK-01Z-00-DX1.B685DA87-72A6-4C38-8AA1-40B6E543383C,gigapath_flash,GigaPath-Flash,40x,2p5x,40× ↔ 2.5×,19445,1000,10,0.12849999964237213
BLCA,TCGA-GU-AATP-01Z-00-DX1.0D8EC37C-88E7-49D5-A76D-F0A4A3FD8AE4,gigapath_flash,GigaPath-Flash,40x,10x,40× ↔ 10×,22018,1000,10,0.21289999783039093
BLCA,TCGA-GU-AATP-01Z-00-DX1.0D8EC37C-88E7-49D5-A76D-F0A4A3FD8AE4,gigapath_flash,GigaPath-Flash,10x,2p5x,10× ↔ 2.5×,22018,1000,10,0.24900001287460327
BLCA,TCGA-GU-AATP-01Z-00-DX1.0D8EC37C-88E7-49D5-A76D-F0A4A3FD8AE4,gigapath_flash,GigaPath-Flash,40x,2p5x,40× ↔ 2.5×,22018,1000,10,0.12150000780820847
BLCA,TCGA-XF-A8HB-01Z-00-DX1.D6874152-D20A-4CA4-8E8B-8CBAB5F7D7B5,gigapath_flash,GigaPath-Flash,40x,10x,40× ↔ 10×,14662,1000,10,0.20239999890327454
BLCA,TCGA-XF-A8HB-01Z-00-DX1.D6874152-D20A-4CA4-8E8B-8CBAB5F7D7B5,gigapath_flash,GigaPath-Flash,10x,2p5x,10× ↔ 2.5×,14662,1000,10,0.2119000107049942
BLCA,TCGA-XF-A8HB-01Z-00-DX1.D6874152-D20A-4CA4-8E8B-8CBAB5F7D7B5,gigapath_flash,GigaPath-Flash,40x,2p5x,40× ↔ 2.5×,14662,1000,10,0.108800008893013
BLCA,TCGA-ZF-A9R1-01Z-00-DX1.74520759-D448-45B5-B8AD-45502C99A519,gigapath_flash,GigaPath-Flash,40x,10x,40× ↔ 10×,16065,1000,10,0.265500009059906
BLCA,TCGA-ZF-A9R1-01Z-00-DX1.74520759-D448-45B5-B8AD-45502C99A519,gigapath_flash,GigaPath-Flash,10x,2p5x,10× ↔ 2.5×,16065,1000,10,0.2794000506401062
BLCA,TCGA-ZF-A9R1-01Z-00-DX1.74520759-D448-45B5-B8AD-45502C99A519,gigapath_flash,GigaPath-Flash,40x,2p5x,40× ↔ 2.5×,16065,1000,10,0.1591000109910965
BLCA,TCGA-ZF-AA51-01Z-00-DX1.128C9731-C206-4E71-9A64-864FA9FD7E96,gigapath_flash,GigaPath-Flash,40x,10x,40× ↔ 10×,22108,1000,10,0.2665000259876251
BLCA,TCGA-ZF-AA51-01Z-00-DX1.128C9731-C206-4E71-9A64-864FA9FD7E96,gigapath_flash,GigaPath-Flash,10x,2p5x,10× ↔ 2.5×,22108,1000,10,0.22390000522136688
BLCA,TCGA-ZF-AA51-01Z-00-DX1.128C9731-C206-4E71-9A64-864FA9FD7E96,gigapath_flash,GigaPath-Flash,40x,2p5x,40× ↔ 2.5×,22108,1000,10,0.14339999854564667
BRCA,TCGA-A7-A2KD-01Z-00-DX1.BFF2DFC8-1D95-4DC2-98FC-5BD7D7C6CDF5,gigapath_flash,GigaPath-Flash,40x,10x,40× ↔ 10×,13242,1000,10,0.14390000700950623
BRCA,TCGA-A7-A2KD-01Z-00-DX1.BFF2DFC8-1D95-4DC2-98FC-5BD7D7C6CDF5,gigapath_flash,GigaPath-Flash,10x,2p5x,10× ↔ 2.5×,13242,1000,10,0.28850001096725464
BRCA,TCGA-A7-A2KD-01Z-00-DX1.BFF2DFC8-1D95-4DC2-98FC-5BD7D7C6CDF5,gigapath_flash,GigaPath-Flash,40x,2p5x,40× ↔ 2.5×,13242,1000,10,0.09470000863075256
BRCA,TCGA-AN-A0G0-01Z-00-DX1.BE0BB5DF-DEDA-48D8-B5D8-2735C767F28F,gigapath_flash,GigaPath-Flash,40x,10x,40× ↔ 10×,4987,1000,10,0.12710000574588776
BRCA,TCGA-AN-A0G0-01Z-00-DX1.BE0BB5DF-DEDA-48D8-B5D8-2735C767F28F,gigapath_flash,GigaPath-Flash,10x,2p5x,10× ↔ 2.5×,4987,1000,10,0.24870002269744873
BRCA,TCGA-AN-A0G0-01Z-00-DX1.BE0BB5DF-DEDA-48D8-B5D8-2735C767F28F,gigapath_flash,GigaPath-Flash,40x,2p5x,40× ↔ 2.5×,4987,1000,10,0.08710000663995743
BRCA,TCGA-AQ-A04L-01Z-00-DX1.F35BF4DD-896A-43C2-8DA6-C67945C003BE,gigapath_flash,GigaPath-Flash,40x,10x,40× ↔ 10×,6966,1000,10,0.1388000249862671
BRCA,TCGA-AQ-A04L-01Z-00-DX1.F35BF4DD-896A-43C2-8DA6-C67945C003BE,gigapath_flash,GigaPath-Flash,10x,2p5x,10× ↔ 2.5×,6966,1000,10,0.2168000191450119
BRCA,TCGA-AQ-A04L-01Z-00-DX1.F35BF4DD-896A-43C2-8DA6-C67945C003BE,gigapath_flash,GigaPath-Flash,40x,2p5x,40× ↔ 2.5×,6966,1000,10,0.08950000256299973
BRCA,TCGA-AR-A2LK-01Z-00-DX1.FBD59C38-CD4E-4C22-BC74-A57C192A9BBC,gigapath_flash,GigaPath-Flash,40x,10x,40× ↔ 10×,11925,1000,10,0.17650000751018524
BRCA,TCGA-AR-A2LK-01Z-00-DX1.FBD59C38-CD4E-4C22-BC74-A57C192A9BBC,gigapath_flash,GigaPath-Flash,10x,2p5x,10× ↔ 2.5×,11925,1000,10,0.26660001277923584
BRCA,TCGA-AR-A2LK-01Z-00-DX1.FBD59C38-CD4E-4C22-BC74-A57C192A9BBC,gigapath_flash,GigaPath-Flash,40x,2p5x,40× ↔ 2.5×,11925,1000,10,0.11330001056194305
BRCA,TCGA-AR-A5QM-01Z-00-DX1.A9017CED-FF57-4090-95B9-94DC91854347,gigapath_flash,GigaPath-Flash,40x,10x,40× ↔ 10×,13639,1000,10,0.13650000095367432
BRCA,TCGA-AR-A5QM-01Z-00-DX1.A9017CED-FF57-4090-95B9-94DC91854347,gigapath_flash,GigaPath-Flash,10x,2p5x,10× ↔ 2.5×,13639,1000,10,0.20170001685619354
BRCA,TCGA-AR-A5QM-01Z-00-DX1.A9017CED-FF57-4090-95B9-94DC91854347,gigapath_flash,GigaPath-Flash,40x,2p5x,40× ↔ 2.5×,13639,1000,10,0.08420000970363617
BRCA,TCGA-BH-A0C1-01Z-00-DX1.21FE357E-B182-4397-BFEF-7E96E994236A,gigapath_flash,GigaPath-Flash,40x,10x,40× ↔ 10×,14097,1000,10,0.155100017786026
BRCA,TCGA-BH-A0C1-01Z-00-DX1.21FE357E-B182-4397-BFEF-7E96E994236A,gigapath_flash,GigaPath-Flash,10x,2p5x,10× ↔ 2.5×,14097,1000,10,0.2606000006198883
BRCA,TCGA-BH-A0C1-01Z-00-DX1.21FE357E-B182-4397-BFEF-7E96E994236A,gigapath_flash,GigaPath-Flash,40x,2p5x,40× ↔ 2.5×,14097,1000,10,0.09760001301765442
BRCA,TCGA-D8-A1X8-01Z-00-DX1.DDA3866E-C7CC-4650-BE2B-5C9A98A2D531,gigapath_flash,GigaPath-Flash,40x,10x,40× ↔ 10×,13628,1000,10,0.2169000208377838
BRCA,TCGA-D8-A1X8-01Z-00-DX1.DDA3866E-C7CC-4650-BE2B-5C9A98A2D531,gigapath_flash,GigaPath-Flash,10x,2p5x,10× ↔ 2.5×,13628,1000,10,0.2541000247001648
BRCA,TCGA-D8-A1X8-01Z-00-DX1.DDA3866E-C7CC-4650-BE2B-5C9A98A2D531,gigapath_flash,GigaPath-Flash,40x,2p5x,40× ↔ 2.5×,13628,1000,10,0.12120000272989273
BRCA,TCGA-E2-A14P-01Z-00-DX1.663B02FF-C64B-41A6-8685-FD61CD76F9C6,gigapath_flash,GigaPath-Flash,40x,10x,40× ↔ 10×,17521,1000,10,0.1981000155210495
BRCA,TCGA-E2-A14P-01Z-00-DX1.663B02FF-C64B-41A6-8685-FD61CD76F9C6,gigapath_flash,GigaPath-Flash,10x,2p5x,10× ↔ 2.5×,17521,1000,10,0.22130002081394196
BRCA,TCGA-E2-A14P-01Z-00-DX1.663B02FF-C64B-41A6-8685-FD61CD76F9C6,gigapath_flash,GigaPath-Flash,40x,2p5x,40× ↔ 2.5×,17521,1000,10,0.11030001193284988
BRCA,TCGA-E2-A1LA-01Z-00-DX1.AE49E943-B830-4ED9-B09E-E499441BC2EC,gigapath_flash,GigaPath-Flash,40x,10x,40× ↔ 10×,16576,1000,10,0.262800008058548
BRCA,TCGA-E2-A1LA-01Z-00-DX1.AE49E943-B830-4ED9-B09E-E499441BC2EC,gigapath_flash,GigaPath-Flash,10x,2p5x,10× ↔ 2.5×,16576,1000,10,0.32350000739097595
BRCA,TCGA-E2-A1LA-01Z-00-DX1.AE49E943-B830-4ED9-B09E-E499441BC2EC,gigapath_flash,GigaPath-Flash,40x,2p5x,40× ↔ 2.5×,16576,1000,10,0.16280001401901245
BRCA,TCGA-GM-A3XN-01Z-00-DX1.49F5C8AC-0328-4BC2-9FE2-E7150B7A42E2,gigapath_flash,GigaPath-Flash,40x,10x,40× ↔ 10×,18199,1000,10,0.15850000083446503
BRCA,TCGA-GM-A3XN-01Z-00-DX1.49F5C8AC-0328-4BC2-9FE2-E7150B7A42E2,gigapath_flash,GigaPath-Flash,10x,2p5x,10× ↔ 2.5×,18199,1000,10,0.22050000727176666
BRCA,TCGA-GM-A3XN-01Z-00-DX1.49F5C8AC-0328-4BC2-9FE2-E7150B7A42E2,gigapath_flash,GigaPath-Flash,40x,2p5x,40× ↔ 2.5×,18199,1000,10,0.09270001202821732
COAD,TCGA-AY-A8YK-01Z-00-DX1.89E3C546-0425-449B-A6FB-1C35168EA7EB,gigapath_flash,GigaPath-Flash,40x,10x,40× ↔ 10×,8285,1000,10,0.1657000184059143
COAD,TCGA-AY-A8YK-01Z-00-DX1.89E3C546-0425-449B-A6FB-1C35168EA7EB,gigapath_flash,GigaPath-Flash,10x,2p5x,10× ↔ 2.5×,8285,1000,10,0.2913000285625458
COAD,TCGA-AY-A8YK-01Z-00-DX1.89E3C546-0425-449B-A6FB-1C35168EA7EB,gigapath_flash,GigaPath-Flash,40x,2p5x,40× ↔ 2.5×,8285,1000,10,0.10190000385046005
COAD,TCGA-CK-4947-01Z-00-DX1.b257d5fd-b97b-4987-b088-77f044ca7fe2,gigapath_flash,GigaPath-Flash,40x,10x,40× ↔ 10×,23336,1000,10,0.19180002808570862
COAD,TCGA-CK-4947-01Z-00-DX1.b257d5fd-b97b-4987-b088-77f044ca7fe2,gigapath_flash,GigaPath-Flash,10x,2p5x,10× ↔ 2.5×,23336,1000,10,0.24010001122951508
COAD,TCGA-CK-4947-01Z-00-DX1.b257d5fd-b97b-4987-b088-77f044ca7fe2,gigapath_flash,GigaPath-Flash,40x,2p5x,40× ↔ 2.5×,23336,1000,10,0.10270000249147415
COAD,TCGA-CM-6168-01Z-00-DX1.96af6eb2-9d51-4671-baf8-1a73d0c66869,gigapath_flash,GigaPath-Flash,40x,10x,40× ↔ 10×,24102,1000,10,0.2637999951839447
COAD,TCGA-CM-6168-01Z-00-DX1.96af6eb2-9d51-4671-baf8-1a73d0c66869,gigapath_flash,GigaPath-Flash,10x,2p5x,10× ↔ 2.5×,24102,1000,10,0.3061000108718872
COAD,TCGA-CM-6168-01Z-00-DX1.96af6eb2-9d51-4671-baf8-1a73d0c66869,gigapath_flash,GigaPath-Flash,40x,2p5x,40× ↔ 2.5×,24102,1000,10,0.15960001945495605
COAD,TCGA-CM-6169-01Z-00-DX1.0381c243-02b8-4f1d-840c-19ef44d4b92c,gigapath_flash,GigaPath-Flash,40x,10x,40× ↔ 10×,18522,1000,10,0.21330001950263977
COAD,TCGA-CM-6169-01Z-00-DX1.0381c243-02b8-4f1d-840c-19ef44d4b92c,gigapath_flash,GigaPath-Flash,10x,2p5x,10× ↔ 2.5×,18522,1000,10,0.24779999256134033
COAD,TCGA-CM-6169-01Z-00-DX1.0381c243-02b8-4f1d-840c-19ef44d4b92c,gigapath_flash,GigaPath-Flash,40x,2p5x,40× ↔ 2.5×,18522,1000,10,0.11490000784397125
COAD,TCGA-G4-6309-01Z-00-DX1.3eb20fdc-eb86-4bd5-8194-76b02d4fa472,gigapath_flash,GigaPath-Flash,40x,10x,40× ↔ 10×,17070,1000,10,0.2689000368118286
COAD,TCGA-G4-6309-01Z-00-DX1.3eb20fdc-eb86-4bd5-8194-76b02d4fa472,gigapath_flash,GigaPath-Flash,10x,2p5x,10× ↔ 2.5×,17070,1000,10,0.2793000340461731
COAD,TCGA-G4-6309-01Z-00-DX1.3eb20fdc-eb86-4bd5-8194-76b02d4fa472,gigapath_flash,GigaPath-Flash,40x,2p5x,40× ↔ 2.5×,17070,1000,10,0.1624000072479248
COAD,TCGA-G4-6310-01Z-00-DX1.b88472d4-3adc-4e4d-b0f2-0dc195a3d7df,gigapath_flash,GigaPath-Flash,40x,10x,40× ↔ 10×,16917,1000,10,0.23400001227855682
COAD,TCGA-G4-6310-01Z-00-DX1.b88472d4-3adc-4e4d-b0f2-0dc195a3d7df,gigapath_flash,GigaPath-Flash,10x,2p5x,10× ↔ 2.5×,16917,1000,10,0.2955000102519989
COAD,TCGA-G4-6310-01Z-00-DX1.b88472d4-3adc-4e4d-b0f2-0dc195a3d7df,gigapath_flash,GigaPath-Flash,40x,2p5x,40× ↔ 2.5×,16917,1000,10,0.1446000188589096
COAD,TCGA-G4-6588-01Z-00-DX1.0747172e-f630-4b7c-9341-55078585ae00,gigapath_flash,GigaPath-Flash,40x,10x,40× ↔ 10×,20553,1000,10,0.24220001697540283
COAD,TCGA-G4-6588-01Z-00-DX1.0747172e-f630-4b7c-9341-55078585ae00,gigapath_flash,GigaPath-Flash,10x,2p5x,10× ↔ 2.5×,20553,1000,10,0.2702000141143799
COAD,TCGA-G4-6588-01Z-00-DX1.0747172e-f630-4b7c-9341-55078585ae00,gigapath_flash,GigaPath-Flash,40x,2p5x,40× ↔ 2.5×,20553,1000,10,0.1357000172138214
HNSC,TCGA-BA-6871-01Z-00-DX1.4d9ca329-f8d5-4c31-a20f-9d4fba728326,gigapath_flash,GigaPath-Flash,40x,10x,40× ↔ 10×,14718,1000,10,0.1623000055551529
HNSC,TCGA-BA-6871-01Z-00-DX1.4d9ca329-f8d5-4c31-a20f-9d4fba728326,gigapath_flash,GigaPath-Flash,10x,2p5x,10× ↔ 2.5×,14718,1000,10,0.19290000200271606
HNSC,TCGA-BA-6871-01Z-00-DX1.4d9ca329-f8d5-4c31-a20f-9d4fba728326,gigapath_flash,GigaPath-Flash,40x,2p5x,40× ↔ 2.5×,14718,1000,10,0.08380001038312912
HNSC,TCGA-BA-6872-01Z-00-DX1.F99F6394-D319-4599-B124-D2A6692FA096,gigapath_flash,GigaPath-Flash,40x,10x,40× ↔ 10×,7720,1000,10,0.15879999101161957
HNSC,TCGA-BA-6872-01Z-00-DX1.F99F6394-D319-4599-B124-D2A6692FA096,gigapath_flash,GigaPath-Flash,10x,2p5x,10× ↔ 2.5×,7720,1000,10,0.25200000405311584
HNSC,TCGA-BA-6872-01Z-00-DX1.F99F6394-D319-4599-B124-D2A6692FA096,gigapath_flash,GigaPath-Flash,40x,2p5x,40× ↔ 2.5×,7720,1000,10,0.10290000587701797
HNSC,TCGA-CN-A6V7-01A-01-TS1.F54912D3-1E21-4605-ACFC-142973524AE2,gigapath_flash,GigaPath-Flash,40x,10x,40× ↔ 10×,2536,1000,10,0.09490000456571579
HNSC,TCGA-CN-A6V7-01A-01-TS1.F54912D3-1E21-4605-ACFC-142973524AE2,gigapath_flash,GigaPath-Flash,10x,2p5x,10× ↔ 2.5×,2536,1000,10,0.2622000277042389
HNSC,TCGA-CN-A6V7-01A-01-TS1.F54912D3-1E21-4605-ACFC-142973524AE2,gigapath_flash,GigaPath-Flash,40x,2p5x,40× ↔ 2.5×,2536,1000,10,0.06930000334978104
HNSC,TCGA-CV-6935-01Z-00-DX1.9C449CB2-FB6D-41D1-A4A6-3069DC84A697,gigapath_flash,GigaPath-Flash,40x,10x,40× ↔ 10×,12224,1000,10,0.15860001742839813
HNSC,TCGA-CV-6935-01Z-00-DX1.9C449CB2-FB6D-41D1-A4A6-3069DC84A697,gigapath_flash,GigaPath-Flash,10x,2p5x,10× ↔ 2.5×,12224,1000,10,0.23170001804828644
HNSC,TCGA-CV-6935-01Z-00-DX1.9C449CB2-FB6D-41D1-A4A6-3069DC84A697,gigapath_flash,GigaPath-Flash,40x,2p5x,40× ↔ 2.5×,12224,1000,10,0.09310000389814377
HNSC,TCGA-CV-A45O-01Z-00-DX1.8CBD0CCC-C815-475D-87F9-76272F4F715B,gigapath_flash,GigaPath-Flash,40x,10x,40× ↔ 10×,14844,1000,10,0.21860001981258392
HNSC,TCGA-CV-A45O-01Z-00-DX1.8CBD0CCC-C815-475D-87F9-76272F4F715B,gigapath_flash,GigaPath-Flash,10x,2p5x,10× ↔ 2.5×,14844,1000,10,0.2581000328063965
HNSC,TCGA-CV-A45O-01Z-00-DX1.8CBD0CCC-C815-475D-87F9-76272F4F715B,gigapath_flash,GigaPath-Flash,40x,2p5x,40× ↔ 2.5×,14844,1000,10,0.11870001256465912
HNSC,TCGA-CV-A6JE-01Z-00-DX1.20137D17-19B3-49FF-9C3D-60933157E409,gigapath_flash,GigaPath-Flash,40x,10x,40× ↔ 10×,26402,1000,10,0.17239999771118164
HNSC,TCGA-CV-A6JE-01Z-00-DX1.20137D17-19B3-49FF-9C3D-60933157E409,gigapath_flash,GigaPath-Flash,10x,2p5x,10× ↔ 2.5×,26402,1000,10,0.24950000643730164
HNSC,TCGA-CV-A6JE-01Z-00-DX1.20137D17-19B3-49FF-9C3D-60933157E409,gigapath_flash,GigaPath-Flash,40x,2p5x,40× ↔ 2.5×,26402,1000,10,0.1031000092625618
HNSC,TCGA-CV-A6JU-01Z-00-DX1.35A3A1F0-9D6C-4794-B501-E56E48C51DF9,gigapath_flash,GigaPath-Flash,40x,10x,40× ↔ 10×,21938,1000,10,0.20850001275539398
HNSC,TCGA-CV-A6JU-01Z-00-DX1.35A3A1F0-9D6C-4794-B501-E56E48C51DF9,gigapath_flash,GigaPath-Flash,10x,2p5x,10× ↔ 2.5×,21938,1000,10,0.2461000233888626
HNSC,TCGA-CV-A6JU-01Z-00-DX1.35A3A1F0-9D6C-4794-B501-E56E48C51DF9,gigapath_flash,GigaPath-Flash,40x,2p5x,40× ↔ 2.5×,21938,1000,10,0.11650000512599945
HNSC,TCGA-UF-A719-01Z-00-DX1.4C4ECC2C-C390-4C5E-A709-CF08C113F1A1,gigapath_flash,GigaPath-Flash,40x,10x,40× ↔ 10×,21546,1000,10,0.2330000102519989
HNSC,TCGA-UF-A719-01Z-00-DX1.4C4ECC2C-C390-4C5E-A709-CF08C113F1A1,gigapath_flash,GigaPath-Flash,10x,2p5x,10× ↔ 2.5×,21546,1000,10,0.25780001282691956
HNSC,TCGA-UF-A719-01Z-00-DX1.4C4ECC2C-C390-4C5E-A709-CF08C113F1A1,gigapath_flash,GigaPath-Flash,40x,2p5x,40× ↔ 2.5×,21546,1000,10,0.13120001554489136
KIRC,TCGA-A3-3346-01Z-00-DX1.95280216-fd71-4a03-b452-6e3d667f2542,gigapath_flash,GigaPath-Flash,40x,10x,40× ↔ 10×,2240,1000,10,0.169700026512146
KIRC,TCGA-A3-3346-01Z-00-DX1.95280216-fd71-4a03-b452-6e3d667f2542,gigapath_flash,GigaPath-Flash,10x,2p5x,10× ↔ 2.5×,2240,1000,10,0.3378000259399414
KIRC,TCGA-A3-3346-01Z-00-DX1.95280216-fd71-4a03-b452-6e3d667f2542,gigapath_flash,GigaPath-Flash,40x,2p5x,40× ↔ 2.5×,2240,1000,10,0.12700000405311584
KIRC,TCGA-A3-A8CQ-01Z-00-DX1.78DA0827-5FB8-4B9F-A845-22F85830B5FB,gigapath_flash,GigaPath-Flash,40x,10x,40× ↔ 10×,1395,1000,10,0.1153000071644783
KIRC,TCGA-A3-A8CQ-01Z-00-DX1.78DA0827-5FB8-4B9F-A845-22F85830B5FB,gigapath_flash,GigaPath-Flash,10x,2p5x,10× ↔ 2.5×,1395,1000,10,0.35830000042915344
KIRC,TCGA-A3-A8CQ-01Z-00-DX1.78DA0827-5FB8-4B9F-A845-22F85830B5FB,gigapath_flash,GigaPath-Flash,40x,2p5x,40× ↔ 2.5×,1395,1000,10,0.08580000698566437
KIRC,TCGA-AK-3444-01Z-00-DX1.1F0E0B47-29FF-456F-800A-539983FDCFAA,gigapath_flash,GigaPath-Flash,40x,10x,40× ↔ 10×,5029,1000,10,0.1363000124692917
KIRC,TCGA-AK-3444-01Z-00-DX1.1F0E0B47-29FF-456F-800A-539983FDCFAA,gigapath_flash,GigaPath-Flash,10x,2p5x,10× ↔ 2.5×,5029,1000,10,0.262800008058548
KIRC,TCGA-AK-3444-01Z-00-DX1.1F0E0B47-29FF-456F-800A-539983FDCFAA,gigapath_flash,GigaPath-Flash,40x,2p5x,40× ↔ 2.5×,5029,1000,10,0.10710000991821289
KIRC,TCGA-B0-5094-01Z-00-DX1.eac31fe2-09da-4ecf-8e25-c073cbb03295,gigapath_flash,GigaPath-Flash,40x,10x,40× ↔ 10×,23201,1000,10,0.20810002088546753
KIRC,TCGA-B0-5094-01Z-00-DX1.eac31fe2-09da-4ecf-8e25-c073cbb03295,gigapath_flash,GigaPath-Flash,10x,2p5x,10× ↔ 2.5×,23201,1000,10,0.23570001125335693
KIRC,TCGA-B0-5094-01Z-00-DX1.eac31fe2-09da-4ecf-8e25-c073cbb03295,gigapath_flash,GigaPath-Flash,40x,2p5x,40× ↔ 2.5×,23201,1000,10,0.13520002365112305
KIRC,TCGA-B0-5106-01Z-00-DX1.564e51a3-be50-4eed-ba9c-4d478b96ffc6,gigapath_flash,GigaPath-Flash,40x,10x,40× ↔ 10×,26156,1000,10,0.18250000476837158
KIRC,TCGA-B0-5106-01Z-00-DX1.564e51a3-be50-4eed-ba9c-4d478b96ffc6,gigapath_flash,GigaPath-Flash,10x,2p5x,10× ↔ 2.5×,26156,1000,10,0.24250002205371857
KIRC,TCGA-B0-5106-01Z-00-DX1.564e51a3-be50-4eed-ba9c-4d478b96ffc6,gigapath_flash,GigaPath-Flash,40x,2p5x,40× ↔ 2.5×,26156,1000,10,0.11060000956058502
KIRC,TCGA-B0-5711-01Z-00-DX1.6839921f-ec08-4e94-8bf9-4b5a4fcdda45,gigapath_flash,GigaPath-Flash,40x,10x,40× ↔ 10×,23048,1000,10,0.178600013256073
KIRC,TCGA-B0-5711-01Z-00-DX1.6839921f-ec08-4e94-8bf9-4b5a4fcdda45,gigapath_flash,GigaPath-Flash,10x,2p5x,10× ↔ 2.5×,23048,1000,10,0.2664000391960144
KIRC,TCGA-B0-5711-01Z-00-DX1.6839921f-ec08-4e94-8bf9-4b5a4fcdda45,gigapath_flash,GigaPath-Flash,40x,2p5x,40× ↔ 2.5×,23048,1000,10,0.1290000081062317
KIRC,TCGA-B2-5633-01Z-00-DX1.c55a29ca-468e-46de-9ff5-a51f46fe09fd,gigapath_flash,GigaPath-Flash,40x,10x,40× ↔ 10×,3974,1000,10,0.18980000913143158
KIRC,TCGA-B2-5633-01Z-00-DX1.c55a29ca-468e-46de-9ff5-a51f46fe09fd,gigapath_flash,GigaPath-Flash,10x,2p5x,10× ↔ 2.5×,3974,1000,10,0.31210002303123474
KIRC,TCGA-B2-5633-01Z-00-DX1.c55a29ca-468e-46de-9ff5-a51f46fe09fd,gigapath_flash,GigaPath-Flash,40x,2p5x,40× ↔ 2.5×,3974,1000,10,0.12570001184940338
KIRC,TCGA-BP-4991-01Z-00-DX1.71305f5c-ca59-48fa-bb82-4b441c1fffdc,gigapath_flash,GigaPath-Flash,40x,10x,40× ↔ 10×,31068,1000,10,0.1573999971151352
KIRC,TCGA-BP-4991-01Z-00-DX1.71305f5c-ca59-48fa-bb82-4b441c1fffdc,gigapath_flash,GigaPath-Flash,10x,2p5x,10× ↔ 2.5×,31068,1000,10,0.24729999899864197
KIRC,TCGA-BP-4991-01Z-00-DX1.71305f5c-ca59-48fa-bb82-4b441c1fffdc,gigapath_flash,GigaPath-Flash,40x,2p5x,40× ↔ 2.5×,31068,1000,10,0.12160000950098038
KIRC,TCGA-BP-5201-01Z-00-DX1.d1a9878e-bb97-48fb-9098-9d9337f06250,gigapath_flash,GigaPath-Flash,40x,10x,40× ↔ 10×,12763,1000,10,0.19840002059936523
KIRC,TCGA-BP-5201-01Z-00-DX1.d1a9878e-bb97-48fb-9098-9d9337f06250,gigapath_flash,GigaPath-Flash,10x,2p5x,10× ↔ 2.5×,12763,1000,10,0.21970002353191376
KIRC,TCGA-BP-5201-01Z-00-DX1.d1a9878e-bb97-48fb-9098-9d9337f06250,gigapath_flash,GigaPath-Flash,40x,2p5x,40× ↔ 2.5×,12763,1000,10,0.1080000028014183
LUAD,TCGA-55-6986-01Z-00-DX1.ae52d41e-3cd6-4d36-b04b-2ea7d29bd8da,gigapath_flash,GigaPath-Flash,40x,10x,40× ↔ 10×,5951,1000,10,0.1842999905347824
LUAD,TCGA-55-6986-01Z-00-DX1.ae52d41e-3cd6-4d36-b04b-2ea7d29bd8da,gigapath_flash,GigaPath-Flash,10x,2p5x,10× ↔ 2.5×,5951,1000,10,0.25780001282691956
LUAD,TCGA-55-6986-01Z-00-DX1.ae52d41e-3cd6-4d36-b04b-2ea7d29bd8da,gigapath_flash,GigaPath-Flash,40x,2p5x,40× ↔ 2.5×,5951,1000,10,0.10980001091957092
LUAD,TCGA-64-5779-01Z-00-DX1.B3268447-DCE0-4927-B5A9-EC4D61E9B17D,gigapath_flash,GigaPath-Flash,40x,10x,40× ↔ 10×,15338,1000,10,0.1615000069141388
LUAD,TCGA-64-5779-01Z-00-DX1.B3268447-DCE0-4927-B5A9-EC4D61E9B17D,gigapath_flash,GigaPath-Flash,10x,2p5x,10× ↔ 2.5×,15338,1000,10,0.1607000231742859
LUAD,TCGA-64-5779-01Z-00-DX1.B3268447-DCE0-4927-B5A9-EC4D61E9B17D,gigapath_flash,GigaPath-Flash,40x,2p5x,40× ↔ 2.5×,15338,1000,10,0.07890000939369202
LUAD,TCGA-78-7158-01Z-00-DX1.74db3dcd-2715-4ce7-8e48-30c8b7946ba0,gigapath_flash,GigaPath-Flash,40x,10x,40× ↔ 10×,23198,1000,10,0.11350000649690628
LUAD,TCGA-78-7158-01Z-00-DX1.74db3dcd-2715-4ce7-8e48-30c8b7946ba0,gigapath_flash,GigaPath-Flash,10x,2p5x,10× ↔ 2.5×,23198,1000,10,0.19140000641345978
LUAD,TCGA-78-7158-01Z-00-DX1.74db3dcd-2715-4ce7-8e48-30c8b7946ba0,gigapath_flash,GigaPath-Flash,40x,2p5x,40× ↔ 2.5×,23198,1000,10,0.06830000877380371
LUAD,TCGA-78-7163-01Z-00-DX1.42880bdf-271d-41dd-aada-e7ec1156ff31,gigapath_flash,GigaPath-Flash,40x,10x,40× ↔ 10×,21422,1000,10,0.14250001311302185
LUAD,TCGA-78-7163-01Z-00-DX1.42880bdf-271d-41dd-aada-e7ec1156ff31,gigapath_flash,GigaPath-Flash,10x,2p5x,10× ↔ 2.5×,21422,1000,10,0.19690001010894775
LUAD,TCGA-78-7163-01Z-00-DX1.42880bdf-271d-41dd-aada-e7ec1156ff31,gigapath_flash,GigaPath-Flash,40x,2p5x,40× ↔ 2.5×,21422,1000,10,0.08660001307725906
LUAD,TCGA-78-7536-01Z-00-DX1.6b066140-8b82-40a5-bd48-430eeb4463fe,gigapath_flash,GigaPath-Flash,40x,10x,40× ↔ 10×,32971,1000,10,0.10160001367330551
LUAD,TCGA-78-7536-01Z-00-DX1.6b066140-8b82-40a5-bd48-430eeb4463fe,gigapath_flash,GigaPath-Flash,10x,2p5x,10× ↔ 2.5×,32971,1000,10,0.13859999179840088
LUAD,TCGA-78-7536-01Z-00-DX1.6b066140-8b82-40a5-bd48-430eeb4463fe,gigapath_flash,GigaPath-Flash,40x,2p5x,40× ↔ 2.5×,32971,1000,10,0.050599999725818634
LUAD,TCGA-86-8668-01Z-00-DX1.d720d486-02c7-4f98-8feb-e0e50a12c158,gigapath_flash,GigaPath-Flash,40x,10x,40× ↔ 10×,14624,1000,10,0.16100001335144043
LUAD,TCGA-86-8668-01Z-00-DX1.d720d486-02c7-4f98-8feb-e0e50a12c158,gigapath_flash,GigaPath-Flash,10x,2p5x,10× ↔ 2.5×,14624,1000,10,0.23500001430511475
LUAD,TCGA-86-8668-01Z-00-DX1.d720d486-02c7-4f98-8feb-e0e50a12c158,gigapath_flash,GigaPath-Flash,40x,2p5x,40× ↔ 2.5×,14624,1000,10,0.09530000388622284
LUAD,TCGA-97-A4LX-01Z-00-DX1.B2334672-A626-4E74-B4D1-A79F70F65909,gigapath_flash,GigaPath-Flash,40x,10x,40× ↔ 10×,19346,1000,10,0.11390000581741333
LUAD,TCGA-97-A4LX-01Z-00-DX1.B2334672-A626-4E74-B4D1-A79F70F65909,gigapath_flash,GigaPath-Flash,10x,2p5x,10× ↔ 2.5×,19346,1000,10,0.1412000060081482
LUAD,TCGA-97-A4LX-01Z-00-DX1.B2334672-A626-4E74-B4D1-A79F70F65909,gigapath_flash,GigaPath-Flash,40x,2p5x,40× ↔ 2.5×,19346,1000,10,0.05310000106692314
LUAD,TCGA-97-A4M2-01Z-00-DX1.5C72522C-1538-4D68-B517-5FB05A9D401A,gigapath_flash,GigaPath-Flash,40x,10x,40× ↔ 10×,8962,1000,10,0.16140002012252808
LUAD,TCGA-97-A4M2-01Z-00-DX1.5C72522C-1538-4D68-B517-5FB05A9D401A,gigapath_flash,GigaPath-Flash,10x,2p5x,10× ↔ 2.5×,8962,1000,10,0.22460001707077026
LUAD,TCGA-97-A4M2-01Z-00-DX1.5C72522C-1538-4D68-B517-5FB05A9D401A,gigapath_flash,GigaPath-Flash,40x,2p5x,40× ↔ 2.5×,8962,1000,10,0.08590001612901688
LUAD,TCGA-J2-A4AE-01Z-00-DX1.42C5DE4A-7787-4E59-8969-D12503262C96,gigapath_flash,GigaPath-Flash,40x,10x,40× ↔ 10×,14491,1000,10,0.14000000059604645
LUAD,TCGA-J2-A4AE-01Z-00-DX1.42C5DE4A-7787-4E59-8969-D12503262C96,gigapath_flash,GigaPath-Flash,10x,2p5x,10× ↔ 2.5×,14491,1000,10,0.2501000165939331
LUAD,TCGA-J2-A4AE-01Z-00-DX1.42C5DE4A-7787-4E59-8969-D12503262C96,gigapath_flash,GigaPath-Flash,40x,2p5x,40× ↔ 2.5×,14491,1000,10,0.08350000530481339
STAD,TCGA-BR-6452-01Z-00-DX1.aec8246e-9dce-436d-9faa-df8fa1f6e47c,gigapath_flash,GigaPath-Flash,40x,10x,40× ↔ 10×,15303,1000,10,0.2038000077009201
STAD,TCGA-BR-6452-01Z-00-DX1.aec8246e-9dce-436d-9faa-df8fa1f6e47c,gigapath_flash,GigaPath-Flash,10x,2p5x,10× ↔ 2.5×,15303,1000,10,0.28470003604888916
STAD,TCGA-BR-6452-01Z-00-DX1.aec8246e-9dce-436d-9faa-df8fa1f6e47c,gigapath_flash,GigaPath-Flash,40x,2p5x,40× ↔ 2.5×,15303,1000,10,0.12050000578165054
STAD,TCGA-BR-6454-01Z-00-DX1.63fb6280-2b43-49b2-960a-eb9c0e8b617c,gigapath_flash,GigaPath-Flash,40x,10x,40× ↔ 10×,15740,1000,10,0.1283000111579895
STAD,TCGA-BR-6454-01Z-00-DX1.63fb6280-2b43-49b2-960a-eb9c0e8b617c,gigapath_flash,GigaPath-Flash,10x,2p5x,10× ↔ 2.5×,15740,1000,10,0.18160001933574677
STAD,TCGA-BR-6454-01Z-00-DX1.63fb6280-2b43-49b2-960a-eb9c0e8b617c,gigapath_flash,GigaPath-Flash,40x,2p5x,40× ↔ 2.5×,15740,1000,10,0.07450000196695328
STAD,TCGA-BR-A4CQ-01Z-00-DX1.B63282A5-154D-441B-BF96-5BB26CB6D95E,gigapath_flash,GigaPath-Flash,40x,10x,40× ↔ 10×,13809,1000,10,0.18360000848770142
STAD,TCGA-BR-A4CQ-01Z-00-DX1.B63282A5-154D-441B-BF96-5BB26CB6D95E,gigapath_flash,GigaPath-Flash,10x,2p5x,10× ↔ 2.5×,13809,1000,10,0.2883000373840332
STAD,TCGA-BR-A4CQ-01Z-00-DX1.B63282A5-154D-441B-BF96-5BB26CB6D95E,gigapath_flash,GigaPath-Flash,40x,2p5x,40× ↔ 2.5×,13809,1000,10,0.10760001093149185
STAD,TCGA-CD-A487-01Z-00-DX1.A026BD2F-B721-4340-83D5-7AA39227C90F,gigapath_flash,GigaPath-Flash,40x,10x,40× ↔ 10×,20251,1000,10,0.22780001163482666
STAD,TCGA-CD-A487-01Z-00-DX1.A026BD2F-B721-4340-83D5-7AA39227C90F,gigapath_flash,GigaPath-Flash,10x,2p5x,10× ↔ 2.5×,20251,1000,10,0.33150002360343933
STAD,TCGA-CD-A487-01Z-00-DX1.A026BD2F-B721-4340-83D5-7AA39227C90F,gigapath_flash,GigaPath-Flash,40x,2p5x,40× ↔ 2.5×,20251,1000,10,0.16710001230239868
STAD,TCGA-FP-8209-01Z-00-DX1.a5e13081-1631-44d4-8d6a-c229a22c2311,gigapath_flash,GigaPath-Flash,40x,10x,40× ↔ 10×,3901,1000,10,0.241100013256073
STAD,TCGA-FP-8209-01Z-00-DX1.a5e13081-1631-44d4-8d6a-c229a22c2311,gigapath_flash,GigaPath-Flash,10x,2p5x,10× ↔ 2.5×,3901,1000,10,0.35020002722740173
STAD,TCGA-FP-8209-01Z-00-DX1.a5e13081-1631-44d4-8d6a-c229a22c2311,gigapath_flash,GigaPath-Flash,40x,2p5x,40× ↔ 2.5×,3901,1000,10,0.17480002343654633
STAD,TCGA-SW-A7EA-01Z-00-DX1.C5E1BE0E-0A25-4480-A3AC-DB2ED7471A4E,gigapath_flash,GigaPath-Flash,40x,10x,40× ↔ 10×,6449,1000,10,0.20280002057552338
STAD,TCGA-SW-A7EA-01Z-00-DX1.C5E1BE0E-0A25-4480-A3AC-DB2ED7471A4E,gigapath_flash,GigaPath-Flash,10x,2p5x,10× ↔ 2.5×,6449,1000,10,0.31960001587867737
STAD,TCGA-SW-A7EA-01Z-00-DX1.C5E1BE0E-0A25-4480-A3AC-DB2ED7471A4E,gigapath_flash,GigaPath-Flash,40x,2p5x,40× ↔ 2.5×,6449,1000,10,0.14020000398159027
STAD,TCGA-VQ-A8PY-01Z-00-DX1.EA2C7386-012A-442A-95B3-FFA12BD2684D,gigapath_flash,GigaPath-Flash,40x,10x,40× ↔ 10×,22399,1000,10,0.24750001728534698
STAD,TCGA-VQ-A8PY-01Z-00-DX1.EA2C7386-012A-442A-95B3-FFA12BD2684D,gigapath_flash,GigaPath-Flash,10x,2p5x,10× ↔ 2.5×,22399,1000,10,0.3132000267505646
STAD,TCGA-VQ-A8PY-01Z-00-DX1.EA2C7386-012A-442A-95B3-FFA12BD2684D,gigapath_flash,GigaPath-Flash,40x,2p5x,40× ↔ 2.5×,22399,1000,10,0.1559000164270401
STAD,TCGA-VQ-A924-01Z-00-DX1.736B41F3-9678-4FAF-AE86-FCAC4F6DCBD3,gigapath_flash,GigaPath-Flash,40x,10x,40× ↔ 10×,12960,1000,10,0.14230000972747803
STAD,TCGA-VQ-A924-01Z-00-DX1.736B41F3-9678-4FAF-AE86-FCAC4F6DCBD3,gigapath_flash,GigaPath-Flash,10x,2p5x,10× ↔ 2.5×,12960,1000,10,0.27900001406669617
STAD,TCGA-VQ-A924-01Z-00-DX1.736B41F3-9678-4FAF-AE86-FCAC4F6DCBD3,gigapath_flash,GigaPath-Flash,40x,2p5x,40× ↔ 2.5×,12960,1000,10,0.09590000659227371
STAD,TCGA-ZQ-A9CR-01Z-00-DX1.C9AC9991-7054-4068-A7AA-9D1EB7F040A3,gigapath_flash,GigaPath-Flash,40x,10x,40× ↔ 10×,31585,1000,10,0.21720002591609955
STAD,TCGA-ZQ-A9CR-01Z-00-DX1.C9AC9991-7054-4068-A7AA-9D1EB7F040A3,gigapath_flash,GigaPath-Flash,10x,2p5x,10× ↔ 2.5×,31585,1000,10,0.2517000138759613
STAD,TCGA-ZQ-A9CR-01Z-00-DX1.C9AC9991-7054-4068-A7AA-9D1EB7F040A3,gigapath_flash,GigaPath-Flash,40x,2p5x,40× ↔ 2.5×,31585,1000,10,0.13280001282691956
UCEC,TCGA-A5-A0GX-01Z-00-DX1.7E713D1A-5858-4648-957D-77189E43CFAA,gigapath_flash,GigaPath-Flash,40x,10x,40× ↔ 10×,26039,1000,10,0.15470002591609955
UCEC,TCGA-A5-A0GX-01Z-00-DX1.7E713D1A-5858-4648-957D-77189E43CFAA,gigapath_flash,GigaPath-Flash,10x,2p5x,10× ↔ 2.5×,26039,1000,10,0.19690002501010895
UCEC,TCGA-A5-A0GX-01Z-00-DX1.7E713D1A-5858-4648-957D-77189E43CFAA,gigapath_flash,GigaPath-Flash,40x,2p5x,40× ↔ 2.5×,26039,1000,10,0.08640000969171524
UCEC,TCGA-A5-A0R7-01Z-00-DX1.D21E6974-22A3-4A68-8B4E-14E84A7A50A5,gigapath_flash,GigaPath-Flash,40x,10x,40× ↔ 10×,45564,1000,10,0.14640000462532043
UCEC,TCGA-A5-A0R7-01Z-00-DX1.D21E6974-22A3-4A68-8B4E-14E84A7A50A5,gigapath_flash,GigaPath-Flash,10x,2p5x,10× ↔ 2.5×,45564,1000,10,0.18950000405311584
UCEC,TCGA-A5-A0R7-01Z-00-DX1.D21E6974-22A3-4A68-8B4E-14E84A7A50A5,gigapath_flash,GigaPath-Flash,40x,2p5x,40× ↔ 2.5×,45564,1000,10,0.08090000599622726
UCEC,TCGA-AX-A05U-01Z-00-DX1.1EBFC727-B5D5-4543-BBA9-4254ABD3D584,gigapath_flash,GigaPath-Flash,40x,10x,40× ↔ 10×,42082,1000,10,0.19670002162456512
UCEC,TCGA-AX-A05U-01Z-00-DX1.1EBFC727-B5D5-4543-BBA9-4254ABD3D584,gigapath_flash,GigaPath-Flash,10x,2p5x,10× ↔ 2.5×,42082,1000,10,0.2345000058412552
UCEC,TCGA-AX-A05U-01Z-00-DX1.1EBFC727-B5D5-4543-BBA9-4254ABD3D584,gigapath_flash,GigaPath-Flash,40x,2p5x,40× ↔ 2.5×,42082,1000,10,0.1202000081539154
UCEC,TCGA-AX-A06B-01Z-00-DX2.1757C039-99F7-4087-A9E5-D340AF7220D4,gigapath_flash,GigaPath-Flash,40x,10x,40× ↔ 10×,10560,1000,10,0.1738000065088272
UCEC,TCGA-AX-A06B-01Z-00-DX2.1757C039-99F7-4087-A9E5-D340AF7220D4,gigapath_flash,GigaPath-Flash,10x,2p5x,10× ↔ 2.5×,10560,1000,10,0.26109999418258667
UCEC,TCGA-AX-A06B-01Z-00-DX2.1757C039-99F7-4087-A9E5-D340AF7220D4,gigapath_flash,GigaPath-Flash,40x,2p5x,40× ↔ 2.5×,10560,1000,10,0.12620000541210175
UCEC,TCGA-AX-A0J0-01Z-00-DX2.56C668BE-03B8-4B87-A226-AABD97D53C38,gigapath_flash,GigaPath-Flash,40x,10x,40× ↔ 10×,34978,1000,10,0.19670002162456512
UCEC,TCGA-AX-A0J0-01Z-00-DX2.56C668BE-03B8-4B87-A226-AABD97D53C38,gigapath_flash,GigaPath-Flash,10x,2p5x,10× ↔ 2.5×,34978,1000,10,0.22710001468658447
UCEC,TCGA-AX-A0J0-01Z-00-DX2.56C668BE-03B8-4B87-A226-AABD97D53C38,gigapath_flash,GigaPath-Flash,40x,2p5x,40× ↔ 2.5×,34978,1000,10,0.11250000447034836
UCEC,TCGA-B5-A11F-01Z-00-DX1.3F1C053D-E81E-4C8D-965D-6F3DE29D9511,gigapath_flash,GigaPath-Flash,40x,10x,40× ↔ 10×,22717,1000,10,0.17890000343322754
UCEC,TCGA-B5-A11F-01Z-00-DX1.3F1C053D-E81E-4C8D-965D-6F3DE29D9511,gigapath_flash,GigaPath-Flash,10x,2p5x,10× ↔ 2.5×,22717,1000,10,0.22780002653598785
UCEC,TCGA-B5-A11F-01Z-00-DX1.3F1C053D-E81E-4C8D-965D-6F3DE29D9511,gigapath_flash,GigaPath-Flash,40x,2p5x,40× ↔ 2.5×,22717,1000,10,0.0999000072479248
UCEC,TCGA-BG-A0W1-01Z-00-DX1.8E06269C-1278-478B-A128-59FA911B1649,gigapath_flash,GigaPath-Flash,40x,10x,40× ↔ 10×,26648,1000,10,0.18530002236366272
UCEC,TCGA-BG-A0W1-01Z-00-DX1.8E06269C-1278-478B-A128-59FA911B1649,gigapath_flash,GigaPath-Flash,10x,2p5x,10× ↔ 2.5×,26648,1000,10,0.251800000667572
UCEC,TCGA-BG-A0W1-01Z-00-DX1.8E06269C-1278-478B-A128-59FA911B1649,gigapath_flash,GigaPath-Flash,40x,2p5x,40× ↔ 2.5×,26648,1000,10,0.11430000513792038
UCEC,TCGA-EY-A1GQ-01Z-00-DX1.03D52C6F-515E-4A4F-A08E-31D773BCC67F,gigapath_flash,GigaPath-Flash,40x,10x,40× ↔ 10×,20550,1000,10,0.08470000326633453
UCEC,TCGA-EY-A1GQ-01Z-00-DX1.03D52C6F-515E-4A4F-A08E-31D773BCC67F,gigapath_flash,GigaPath-Flash,10x,2p5x,10× ↔ 2.5×,20550,1000,10,0.1933000087738037
UCEC,TCGA-EY-A1GQ-01Z-00-DX1.03D52C6F-515E-4A4F-A08E-31D773BCC67F,gigapath_flash,GigaPath-Flash,40x,2p5x,40× ↔ 2.5×,20550,1000,10,0.055000003427267075
UCEC,TCGA-FI-A2EX-01Z-00-DX1.127F5153-745D-43E6-83CA-DE2738702C62,gigapath_flash,GigaPath-Flash,40x,10x,40× ↔ 10×,21945,1000,10,0.1884000152349472
UCEC,TCGA-FI-A2EX-01Z-00-DX1.127F5153-745D-43E6-83CA-DE2738702C62,gigapath_flash,GigaPath-Flash,10x,2p5x,10× ↔ 2.5×,21945,1000,10,0.22500000894069672
UCEC,TCGA-FI-A2EX-01Z-00-DX1.127F5153-745D-43E6-83CA-DE2738702C62,gigapath_flash,GigaPath-Flash,40x,2p5x,40× ↔ 2.5×,21945,1000,10,0.11600000411272049
