cancer,case_id,model,model_display,global_alignment,relative_retention,cross_scale_retrieval,neighborhood_preservation,shift_robustness,mean_shift_loss
BLCA,TCGA-CF-A3MF-01Z-00-DX1.91768C26-5BB1-4DE6-9737-AA26BD687A75,gigapath,GigaPath,0.5136952002843221,0.6836841130800677,0.42795759936173755,0.1413666804631551,-0.7856349709281993,0.7856349709281993
BLCA,TCGA-CF-A3MF-01Z-00-DX1.91768C26-5BB1-4DE6-9737-AA26BD687A75,gigapath_flash,GigaPath-Flash,0.5372503499190012,0.6535080161553659,0.554747074842453,0.1306999996304512,-2.213350123574393,2.213350123574393
BLCA,TCGA-CF-A3MF-01Z-00-DX1.91768C26-5BB1-4DE6-9737-AA26BD687A75,midnight,Midnight,0.779941181341807,0.8106986295421202,0.4287731448809306,0.1397000104188919,-0.2581931208293358,0.2581931208293358
BLCA,TCGA-CF-A3MF-01Z-00-DX1.91768C26-5BB1-4DE6-9737-AA26BD687A75,phikon,Phikon,0.7480584979057312,0.8205458743776285,0.5248387455940247,0.1700000092387199,-0.10017940336425492,0.10017940336425492
BLCA,TCGA-CF-A3MF-01Z-00-DX1.91768C26-5BB1-4DE6-9737-AA26BD687A75,uni,UNI,0.6436449488004049,0.7780344322071358,0.38158363352219266,0.1611666729052861,-1.1182892637999862,1.1182892637999862
BLCA,TCGA-CF-A3MF-01Z-00-DX1.91768C26-5BB1-4DE6-9737-AA26BD687A75,uni2,UNI2,0.5878037810325623,0.8050370977169651,0.436595285932223,0.1509333451588948,-0.9791574609911291,0.9791574609911291
BLCA,TCGA-CF-A3MF-01Z-00-DX1.91768C26-5BB1-4DE6-9737-AA26BD687A75,virchow,Virchow,0.6782480478286743,0.8982439765169623,0.524381106098493,0.1262666756908098,-4.714811048196193,4.714811048196193
BLCA,TCGA-CF-A3MF-01Z-00-DX1.91768C26-5BB1-4DE6-9737-AA26BD687A75,virchow2,Virchow2,0.42358561356862384,0.8140998668798428,0.6369178543488184,0.1260000144441922,-1.3837865877367932,1.3837865877367932
BLCA,TCGA-CU-A0YN-01Z-00-DX1.6C5EAAAF-8F14-49D3-8FFC-9BDAE56CAFD0,gigapath,GigaPath,0.4945426384607951,0.535040276920794,0.3273322669168313,0.1893666833639145,-0.5943672112768394,0.5943672112768394
BLCA,TCGA-CU-A0YN-01Z-00-DX1.6C5EAAAF-8F14-49D3-8FFC-9BDAE56CAFD0,gigapath_flash,GigaPath-Flash,0.43529707193374634,0.5028009294164415,0.4674767429629962,0.1704000110427538,-1.5552922854580717,1.5552922854580717
BLCA,TCGA-CU-A0YN-01Z-00-DX1.6C5EAAAF-8F14-49D3-8FFC-9BDAE56CAFD0,midnight,Midnight,0.3643382042646408,0.2760331937136513,0.3663201828797658,0.1694666743278503,-0.1540396540148805,0.1540396540148805
BLCA,TCGA-CU-A0YN-01Z-00-DX1.6C5EAAAF-8F14-49D3-8FFC-9BDAE56CAFD0,phikon,Phikon,0.5924441814422607,0.6376158833899733,0.4257798070708911,0.2206666792432467,0.5140036946146341,-0.5140036946146341
BLCA,TCGA-CU-A0YN-01Z-00-DX1.6C5EAAAF-8F14-49D3-8FFC-9BDAE56CAFD0,uni,UNI,0.5143469075361887,0.5652609698087022,0.2538493325312932,0.218466671804587,0.41857106212849887,-0.41857106212849887
BLCA,TCGA-CU-A0YN-01Z-00-DX1.6C5EAAAF-8F14-49D3-8FFC-9BDAE56CAFD0,uni2,UNI2,0.5422621965408325,0.6205675224645688,0.3330630883574486,0.2155666947364807,0.2927574165327018,-0.2927574165327018
BLCA,TCGA-CU-A0YN-01Z-00-DX1.6C5EAAAF-8F14-49D3-8FFC-9BDAE56CAFD0,virchow,Virchow,0.4455646177132924,0.5823994336362915,0.39539573589960736,0.1661333441734314,-3.7876846778466122,3.7876846778466122
BLCA,TCGA-CU-A0YN-01Z-00-DX1.6C5EAAAF-8F14-49D3-8FFC-9BDAE56CAFD0,virchow2,Virchow2,0.2421121150255203,0.347014845961223,0.6357810298601786,0.1776666765411695,-0.9686935588434402,0.9686935588434402
BLCA,TCGA-DK-A6AW-01Z-00-DX1.C2453A8C-8282-443C-9E76-5B6CAD2FE69B,gigapath,GigaPath,0.7830098072687784,0.8893632787156152,0.30472956721981365,0.2330666780471801,-1.3009767197750153,1.3009767197750153
BLCA,TCGA-DK-A6AW-01Z-00-DX1.C2453A8C-8282-443C-9E76-5B6CAD2FE69B,gigapath_flash,GigaPath-Flash,0.7293107310930887,0.8192478889671002,0.4451191971699397,0.2293000221252441,-1.8178118510577508,1.8178118510577508
BLCA,TCGA-DK-A6AW-01Z-00-DX1.C2453A8C-8282-443C-9E76-5B6CAD2FE69B,midnight,Midnight,0.9046316941579183,0.9225819398950764,0.3592071980237961,0.2267000178496042,0.12480796150035203,-0.12480796150035203
BLCA,TCGA-DK-A6AW-01Z-00-DX1.C2453A8C-8282-443C-9E76-5B6CAD2FE69B,phikon,Phikon,0.8628619313240051,0.9126195289121796,0.4376938169201215,0.306066686908404,-0.5713170375143561,0.5713170375143561
BLCA,TCGA-DK-A6AW-01Z-00-DX1.C2453A8C-8282-443C-9E76-5B6CAD2FE69B,uni,UNI,0.8114664951960245,0.8862229515395512,0.27568936472137767,0.2837000340223312,-1.5802854204482595,1.5802854204482595
BLCA,TCGA-DK-A6AW-01Z-00-DX1.C2453A8C-8282-443C-9E76-5B6CAD2FE69B,uni2,UNI2,0.8613779147466024,0.9378419857664192,0.3140647560358047,0.2772000183661778,-0.9867997724218527,0.9867997724218527
BLCA,TCGA-DK-A6AW-01Z-00-DX1.C2453A8C-8282-443C-9E76-5B6CAD2FE69B,virchow,Virchow,0.8286545872688293,0.934504328648041,0.34605459123849863,0.2472666849692662,-4.274068932533485,4.274068932533485
BLCA,TCGA-DK-A6AW-01Z-00-DX1.C2453A8C-8282-443C-9E76-5B6CAD2FE69B,virchow2,Virchow2,0.5119346082210541,0.8100211150903017,0.6009651571512222,0.2192666679620742,-1.8522706390301698,1.8522706390301698
BLCA,TCGA-DK-AA6L-01A-01-TSA.5794F0C6-9ED6-489A-9621-18CCC5935548,gigapath,GigaPath,0.4130982259909312,0.4612655090432228,0.3449501544237137,0.1425000081459681,1.6849468680107749,-1.6849468680107749
BLCA,TCGA-DK-AA6L-01A-01-TSA.5794F0C6-9ED6-489A-9621-18CCC5935548,gigapath_flash,GigaPath-Flash,0.4478558500607808,0.4824912727629449,0.5512728740771612,0.1543666695555051,-2.1044908912924014,2.1044908912924014
BLCA,TCGA-DK-AA6L-01A-01-TSA.5794F0C6-9ED6-489A-9621-18CCC5935548,midnight,Midnight,0.3483029554287593,0.3606032413036917,0.3356623326738675,0.1318333422144254,-0.5650717602832285,0.5650717602832285
BLCA,TCGA-DK-AA6L-01A-01-TSA.5794F0C6-9ED6-489A-9621-18CCC5935548,phikon,Phikon,0.5401241083939871,0.6124166332531007,0.5381305168072382,0.2043666839599609,-1.7861443915365132,1.7861443915365132
BLCA,TCGA-DK-AA6L-01A-01-TSA.5794F0C6-9ED6-489A-9621-18CCC5935548,uni,UNI,0.45584043860435486,0.4931187865964441,0.3148002848029136,0.1771333441138267,-0.45434084240510636,0.45434084240510636
BLCA,TCGA-DK-AA6L-01A-01-TSA.5794F0C6-9ED6-489A-9621-18CCC5935548,uni2,UNI2,0.4706829289595286,0.5550425810815796,0.38825572033723194,0.1793000077207883,0.16517756804041922,-0.16517756804041922
BLCA,TCGA-DK-AA6L-01A-01-TSA.5794F0C6-9ED6-489A-9621-18CCC5935548,virchow,Virchow,0.3799465944369634,0.4068123364601958,0.44689201315244037,0.1501666704813639,-1.6804049947214597,1.6804049947214597
BLCA,TCGA-DK-AA6L-01A-01-TSA.5794F0C6-9ED6-489A-9621-18CCC5935548,virchow2,Virchow2,0.2691239317258199,0.4679434926259317,0.5695987294117609,0.1412333473563194,-0.3566842197911983,0.3566842197911983
BLCA,TCGA-DK-AA77-01A-01-TSA.26CAF5CB-CC4F-4522-BD2B-343FB70205FE,gigapath,GigaPath,0.352455402414004,0.4106461616504327,0.36356626947720844,0.120733343064785,-1.4500123746268825,1.4500123746268825
BLCA,TCGA-DK-AA77-01A-01-TSA.26CAF5CB-CC4F-4522-BD2B-343FB70205FE,gigapath_flash,GigaPath-Flash,0.4057761877775192,0.428078012917743,0.5281992703676224,0.1235000093777974,-1.6112715571257892,1.6112715571257892
BLCA,TCGA-DK-AA77-01A-01-TSA.26CAF5CB-CC4F-4522-BD2B-343FB70205FE,midnight,Midnight,0.20750629653533295,0.3628791723151214,0.3066123301784197,0.093700007845958,0.7099332807530623,-0.7099332807530623
BLCA,TCGA-DK-AA77-01A-01-TSA.26CAF5CB-CC4F-4522-BD2B-343FB70205FE,phikon,Phikon,0.4453588128089905,0.5591360677533387,0.5293425271908442,0.1594333449999491,-2.267293044005229,2.267293044005229
BLCA,TCGA-DK-AA77-01A-01-TSA.26CAF5CB-CC4F-4522-BD2B-343FB70205FE,uni,UNI,0.40821238855520886,0.4117230492164996,0.366747185587883,0.1500666787226995,-1.783206335808383,1.783206335808383
BLCA,TCGA-DK-AA77-01A-01-TSA.26CAF5CB-CC4F-4522-BD2B-343FB70205FE,uni2,UNI2,0.3450056811173757,0.4309680642847648,0.37293792764345807,0.1277666787306467,-0.271261241210777,0.271261241210777
BLCA,TCGA-DK-AA77-01A-01-TSA.26CAF5CB-CC4F-4522-BD2B-343FB70205FE,virchow,Virchow,0.3339088310798009,0.3481775081999669,0.4432080090045929,0.1138000078499317,-5.049098411388536,5.049098411388536
BLCA,TCGA-DK-AA77-01A-01-TSA.26CAF5CB-CC4F-4522-BD2B-343FB70205FE,virchow2,Virchow2,0.12919717530409489,0.4658526293675889,0.5708509286244711,0.0965666733682155,0.588797918089558,-0.588797918089558
BLCA,TCGA-FD-A6TK-01Z-00-DX1.B685DA87-72A6-4C38-8AA1-40B6E543383C,gigapath,GigaPath,0.7093238433202108,0.8472043154860821,0.39763306826353073,0.2213333547115326,-1.4813697972152504,1.4813697972152504
BLCA,TCGA-FD-A6TK-01Z-00-DX1.B685DA87-72A6-4C38-8AA1-40B6E543383C,gigapath_flash,GigaPath-Flash,0.7088765899340311,0.8356353760761264,0.5818467885255814,0.2055666794379552,-1.7366939435374469,1.7366939435374469
BLCA,TCGA-FD-A6TK-01Z-00-DX1.B685DA87-72A6-4C38-8AA1-40B6E543383C,midnight,Midnight,0.7985728979110718,0.8066624338786903,0.36581970751285553,0.2196333358685175,-0.2146362005352455,0.2146362005352455
BLCA,TCGA-FD-A6TK-01Z-00-DX1.B685DA87-72A6-4C38-8AA1-40B6E543383C,phikon,Phikon,0.8141793012619019,0.8438838796407748,0.5177782525618871,0.2762333403031031,-0.9471335346924036,0.9471335346924036
BLCA,TCGA-FD-A6TK-01Z-00-DX1.B685DA87-72A6-4C38-8AA1-40B6E543383C,uni,UNI,0.7283755739529928,0.8438236099613725,0.30267102768023807,0.265266681710879,-1.366998340763862,1.366998340763862
BLCA,TCGA-FD-A6TK-01Z-00-DX1.B685DA87-72A6-4C38-8AA1-40B6E543383C,uni2,UNI2,0.7696916460990906,0.8230222662559058,0.35398291051387787,0.2586333453655243,-1.2766322655290805,1.2766322655290805
BLCA,TCGA-FD-A6TK-01Z-00-DX1.B685DA87-72A6-4C38-8AA1-40B6E543383C,virchow,Virchow,0.6614800492922465,0.7249887357017075,0.5558976332346598,0.2420333474874496,-4.167882558516211,4.167882558516211
BLCA,TCGA-FD-A6TK-01Z-00-DX1.B685DA87-72A6-4C38-8AA1-40B6E543383C,virchow2,Virchow2,0.3511904676755269,0.6383533183877352,0.6653900245825449,0.2133333434661229,-1.4662212482939287,1.4662212482939287
BLCA,TCGA-GU-AATP-01Z-00-DX1.0D8EC37C-88E7-49D5-A76D-F0A4A3FD8AE4,gigapath,GigaPath,0.6586769024531046,0.7357085314573365,0.37896206229925156,0.1968000208338101,-0.9921624364518594,0.9921624364518594
BLCA,TCGA-GU-AATP-01Z-00-DX1.0D8EC37C-88E7-49D5-A76D-F0A4A3FD8AE4,gigapath_flash,GigaPath-Flash,0.626202921072642,0.7082313487553348,0.524389922618866,0.1944666728377342,-1.4732385709091622,1.4732385709091622
BLCA,TCGA-GU-AATP-01Z-00-DX1.0D8EC37C-88E7-49D5-A76D-F0A4A3FD8AE4,midnight,Midnight,0.7715521852175394,0.7916887334975031,0.35169431070486706,0.1898333479960759,-0.15106192431022367,0.15106192431022367
BLCA,TCGA-GU-AATP-01Z-00-DX1.0D8EC37C-88E7-49D5-A76D-F0A4A3FD8AE4,phikon,Phikon,0.7527697086334229,0.8067683997923378,0.4494473934173584,0.2399000177780787,-1.4469477741760068,1.4469477741760068
BLCA,TCGA-GU-AATP-01Z-00-DX1.0D8EC37C-88E7-49D5-A76D-F0A4A3FD8AE4,uni,UNI,0.6812679568926493,0.7846233044248834,0.2959128568569819,0.2309666723012924,-1.5812748095621265,1.5812748095621265
BLCA,TCGA-GU-AATP-01Z-00-DX1.0D8EC37C-88E7-49D5-A76D-F0A4A3FD8AE4,uni2,UNI2,0.7206132213274637,0.7856874807987712,0.3700980717937152,0.2204000204801559,-1.3023574362374783,1.3023574362374783
BLCA,TCGA-GU-AATP-01Z-00-DX1.0D8EC37C-88E7-49D5-A76D-F0A4A3FD8AE4,virchow,Virchow,0.6384765207767487,0.6854858877047437,0.4599776566028595,0.2192333439985911,-3.908160817500525,3.908160817500525
BLCA,TCGA-GU-AATP-01Z-00-DX1.0D8EC37C-88E7-49D5-A76D-F0A4A3FD8AE4,virchow2,Virchow2,0.36467642585436505,0.7119040849842256,0.6577493449052175,0.1934666782617569,-0.8552997572940699,0.8552997572940699
BLCA,TCGA-XF-A8HB-01Z-00-DX1.D6874152-D20A-4CA4-8E8B-8CBAB5F7D7B5,gigapath,GigaPath,0.574179490407308,0.6633820677858633,0.377598587423563,0.1826666841904322,-0.6974681717280514,0.6974681717280514
BLCA,TCGA-XF-A8HB-01Z-00-DX1.D6874152-D20A-4CA4-8E8B-8CBAB5F7D7B5,gigapath_flash,GigaPath-Flash,0.5672366221745809,0.6183259634904809,0.5477244655291239,0.1743666728337606,-1.296710512362201,1.296710512362201
BLCA,TCGA-XF-A8HB-01Z-00-DX1.D6874152-D20A-4CA4-8E8B-8CBAB5F7D7B5,midnight,Midnight,0.6643661856651306,0.5944225955743827,0.367484097679456,0.1785666793584823,-0.14639432434702576,0.14639432434702576
BLCA,TCGA-XF-A8HB-01Z-00-DX1.D6874152-D20A-4CA4-8E8B-8CBAB5F7D7B5,phikon,Phikon,0.6667237281799316,0.7593208565172731,0.46543629219134647,0.2330666780471801,-1.9645001644934814,1.9645001644934814
BLCA,TCGA-XF-A8HB-01Z-00-DX1.D6874152-D20A-4CA4-8E8B-8CBAB5F7D7B5,uni,UNI,0.597266952196757,0.6914880010872879,0.30099020649989444,0.2183666825294494,-1.3121532968483531,1.3121532968483531
BLCA,TCGA-XF-A8HB-01Z-00-DX1.D6874152-D20A-4CA4-8E8B-8CBAB5F7D7B5,uni2,UNI2,0.6367601851622263,0.664824897660445,0.36645445227622986,0.2103000183900197,-1.0637553218949487,1.0637553218949487
BLCA,TCGA-XF-A8HB-01Z-00-DX1.D6874152-D20A-4CA4-8E8B-8CBAB5F7D7B5,virchow,Virchow,0.5214153925577799,0.5250325470690126,0.49979691207408905,0.1977000137170156,-3.3034402178619846,3.3034402178619846
BLCA,TCGA-XF-A8HB-01Z-00-DX1.D6874152-D20A-4CA4-8E8B-8CBAB5F7D7B5,virchow2,Virchow2,0.2614289621512095,0.4947836099066118,0.6712393561999003,0.166366678973039,-1.2640057613320037,1.2640057613320037
BLCA,TCGA-ZF-A9R1-01Z-00-DX1.74520759-D448-45B5-B8AD-45502C99A519,gigapath,GigaPath,0.6475911140441895,0.7852930589057405,0.35664457579453784,0.2481333414713541,-0.9900877449393997,0.9900877449393997
BLCA,TCGA-ZF-A9R1-01Z-00-DX1.74520759-D448-45B5-B8AD-45502C99A519,gigapath_flash,GigaPath-Flash,0.6166809101899465,0.7000837029809029,0.549540122350057,0.2346666902303695,-2.0941311133945777,2.0941311133945777
BLCA,TCGA-ZF-A9R1-01Z-00-DX1.74520759-D448-45B5-B8AD-45502C99A519,midnight,Midnight,0.7145207126935323,0.7292555772982248,0.40148428579171497,0.2342000057299932,-0.28405514724140024,0.28405514724140024
BLCA,TCGA-ZF-A9R1-01Z-00-DX1.74520759-D448-45B5-B8AD-45502C99A519,phikon,Phikon,0.7655317584673563,0.8204493894786896,0.518719325462977,0.2901666810115178,-1.5913059329975783,1.5913059329975783
BLCA,TCGA-ZF-A9R1-01Z-00-DX1.74520759-D448-45B5-B8AD-45502C99A519,uni,UNI,0.665155291557312,0.76291312441343,0.31604623546202976,0.2740333576997121,-1.8132204705304005,1.8132204705304005
BLCA,TCGA-ZF-A9R1-01Z-00-DX1.74520759-D448-45B5-B8AD-45502C99A519,uni2,UNI2,0.6542532245318095,0.6995276718112642,0.33192729701598483,0.2651333312193553,-1.3499769961298178,1.3499769961298178
BLCA,TCGA-ZF-A9R1-01Z-00-DX1.74520759-D448-45B5-B8AD-45502C99A519,virchow,Virchow,0.6386792063713074,0.7268322202748754,0.56006587545077,0.249000017841657,-3.3289954203304535,3.3289954203304535
BLCA,TCGA-ZF-A9R1-01Z-00-DX1.74520759-D448-45B5-B8AD-45502C99A519,virchow2,Virchow2,0.3107890536387761,0.6261045874577665,0.6487266520659128,0.2160666733980178,-1.4625943174824356,1.4625943174824356
BLCA,TCGA-ZF-AA51-01Z-00-DX1.128C9731-C206-4E71-9A64-864FA9FD7E96,gigapath,GigaPath,0.645705501238505,0.7622698170248431,0.4206446632742882,0.228000005086263,-1.4305742753579047,1.4305742753579047
BLCA,TCGA-ZF-AA51-01Z-00-DX1.128C9731-C206-4E71-9A64-864FA9FD7E96,gigapath_flash,GigaPath-Flash,0.5961053470770518,0.7737521821494695,0.5843067119518915,0.2112666765848795,-1.637730457894716,1.637730457894716
BLCA,TCGA-ZF-AA51-01Z-00-DX1.128C9731-C206-4E71-9A64-864FA9FD7E96,midnight,Midnight,0.7966479460398356,0.8506152180647625,0.4134613474210103,0.2061000217994054,-0.0140631063125073,0.0140631063125073
BLCA,TCGA-ZF-AA51-01Z-00-DX1.128C9731-C206-4E71-9A64-864FA9FD7E96,phikon,Phikon,0.746750553448995,0.8097612649208257,0.5910882949829102,0.2690000136693318,-1.6307965579941779,1.6307965579941779
BLCA,TCGA-ZF-AA51-01Z-00-DX1.128C9731-C206-4E71-9A64-864FA9FD7E96,uni,UNI,0.6841466625531515,0.7671917899314074,0.34861454864343006,0.2536333501338959,-1.9291858835639484,1.9291858835639484
BLCA,TCGA-ZF-AA51-01Z-00-DX1.128C9731-C206-4E71-9A64-864FA9FD7E96,uni2,UNI2,0.7427433927853903,0.8187122050916574,0.3449537108341853,0.2570333530505498,-0.9191089414022654,0.9191089414022654
BLCA,TCGA-ZF-AA51-01Z-00-DX1.128C9731-C206-4E71-9A64-864FA9FD7E96,virchow,Virchow,0.6246789693832397,0.7451089648881312,0.5052660504976908,0.2246333410342534,-3.692519798962729,3.692519798962729
BLCA,TCGA-ZF-AA51-01Z-00-DX1.128C9731-C206-4E71-9A64-864FA9FD7E96,virchow2,Virchow2,0.4419782857100169,0.6709440241074793,0.6863290071487427,0.2129000127315521,-1.3775611658837792,1.3775611658837792
BRCA,TCGA-A7-A2KD-01Z-00-DX1.BFF2DFC8-1D95-4DC2-98FC-5BD7D7C6CDF5,gigapath,GigaPath,0.4808053970336914,0.4905336017925455,0.30580015480518336,0.1781000196933746,-0.2884603267271887,0.2884603267271887
BRCA,TCGA-A7-A2KD-01Z-00-DX1.BFF2DFC8-1D95-4DC2-98FC-5BD7D7C6CDF5,gigapath_flash,GigaPath-Flash,0.4525776008764903,0.4623824187940756,0.47790421545505524,0.1757000088691711,-2.4001113224963224,2.4001113224963224
BRCA,TCGA-A7-A2KD-01Z-00-DX1.BFF2DFC8-1D95-4DC2-98FC-5BD7D7C6CDF5,midnight,Midnight,0.6667828361193339,0.7076130572343979,0.29551569620768225,0.1822000121076901,-0.8401463784779518,0.8401463784779518
BRCA,TCGA-A7-A2KD-01Z-00-DX1.BFF2DFC8-1D95-4DC2-98FC-5BD7D7C6CDF5,phikon,Phikon,0.6473516424496969,0.692320563744791,0.38204720616340637,0.2959000219901402,-2.674921046283584,2.674921046283584
BRCA,TCGA-A7-A2KD-01Z-00-DX1.BFF2DFC8-1D95-4DC2-98FC-5BD7D7C6CDF5,uni,UNI,0.5683768093585968,0.6506707464166175,0.24338763579726216,0.2234333505233129,-1.213834351253569,1.213834351253569
BRCA,TCGA-A7-A2KD-01Z-00-DX1.BFF2DFC8-1D95-4DC2-98FC-5BD7D7C6CDF5,uni2,UNI2,0.6164497633775076,0.7182545818682466,0.35296853880087536,0.2276000181833903,-0.9873055865643204,0.9873055865643204
BRCA,TCGA-A7-A2KD-01Z-00-DX1.BFF2DFC8-1D95-4DC2-98FC-5BD7D7C6CDF5,virchow,Virchow,0.4975765446821849,0.6355131935236845,0.4078506827354431,0.1898333430290222,-1.1576582922687593,1.1576582922687593
BRCA,TCGA-A7-A2KD-01Z-00-DX1.BFF2DFC8-1D95-4DC2-98FC-5BD7D7C6CDF5,virchow2,Virchow2,0.3697283665339152,0.425725253251932,0.6188084234793981,0.1799666707714398,-0.36322995728684243,0.36322995728684243
BRCA,TCGA-AN-A0G0-01Z-00-DX1.BE0BB5DF-DEDA-48D8-B5D8-2735C767F28F,gigapath,GigaPath,0.6104502181212107,0.7010427970931736,0.29164524500568706,0.1542666753133138,-1.5540662859995165,1.5540662859995165
BRCA,TCGA-AN-A0G0-01Z-00-DX1.BE0BB5DF-DEDA-48D8-B5D8-2735C767F28F,gigapath_flash,GigaPath-Flash,0.6158446073532104,0.7116572446270928,0.438102920850118,0.1543000116944313,-2.537331302064792,2.537331302064792
BRCA,TCGA-AN-A0G0-01Z-00-DX1.BE0BB5DF-DEDA-48D8-B5D8-2735C767F28F,midnight,Midnight,0.6947802106539408,0.6893341140757585,0.39081744849681854,0.1520000100135803,0.040275170374321816,-0.040275170374321816
BRCA,TCGA-AN-A0G0-01Z-00-DX1.BE0BB5DF-DEDA-48D8-B5D8-2735C767F28F,phikon,Phikon,0.7339930534362793,0.808519169035001,0.35477521146337193,0.2299333413441976,-1.7610168587778763,1.7610168587778763
BRCA,TCGA-AN-A0G0-01Z-00-DX1.BE0BB5DF-DEDA-48D8-B5D8-2735C767F28F,uni,UNI,0.6146193345387777,0.6776946664329565,0.21457845966021216,0.1811666712164878,-1.0633306927322954,1.0633306927322954
BRCA,TCGA-AN-A0G0-01Z-00-DX1.BE0BB5DF-DEDA-48D8-B5D8-2735C767F28F,uni2,UNI2,0.6198902726173401,0.7000009865356915,0.2899120363096396,0.1803666725754737,-1.1366133243111054,1.1366133243111054
BRCA,TCGA-AN-A0G0-01Z-00-DX1.BE0BB5DF-DEDA-48D8-B5D8-2735C767F28F,virchow,Virchow,0.528489738702774,0.5772494637746629,0.3436663895845413,0.157833345234394,-3.217750719056695,3.217750719056695
BRCA,TCGA-AN-A0G0-01Z-00-DX1.BE0BB5DF-DEDA-48D8-B5D8-2735C767F28F,virchow2,Virchow2,0.4274703562259674,0.5419751852071191,0.6134364555279413,0.1440666740139325,-0.9466424931660186,0.9466424931660186
BRCA,TCGA-AQ-A04L-01Z-00-DX1.F35BF4DD-896A-43C2-8DA6-C67945C003BE,gigapath,GigaPath,0.718290388584137,0.7967191052383686,0.45446116477251053,0.1546000118056933,-2.547643739458057,2.547643739458057
BRCA,TCGA-AQ-A04L-01Z-00-DX1.F35BF4DD-896A-43C2-8DA6-C67945C003BE,gigapath_flash,GigaPath-Flash,0.7095022797584534,0.7810918192274146,0.5974124918381373,0.1483666822314262,-2.3072303353178962,2.3072303353178962
BRCA,TCGA-AQ-A04L-01Z-00-DX1.F35BF4DD-896A-43C2-8DA6-C67945C003BE,midnight,Midnight,0.808659831682841,0.8388790422249023,0.353484387199084,0.1564333438873291,-0.3768905374564382,0.3768905374564382
BRCA,TCGA-AQ-A04L-01Z-00-DX1.F35BF4DD-896A-43C2-8DA6-C67945C003BE,phikon,Phikon,0.8341183662414551,0.8795678853044137,0.5717997203270594,0.2183000296354293,-3.0984967498813067,3.0984967498813067
BRCA,TCGA-AQ-A04L-01Z-00-DX1.F35BF4DD-896A-43C2-8DA6-C67945C003BE,uni,UNI,0.7927160660425822,0.8738775577529467,0.36290068676074344,0.1864000136653582,-2.0279410838212777,2.0279410838212777
BRCA,TCGA-AQ-A04L-01Z-00-DX1.F35BF4DD-896A-43C2-8DA6-C67945C003BE,uni2,UNI2,0.8130613366762797,0.8583846512141373,0.37962939341862995,0.1894666850566864,-0.24052363100343296,0.24052363100343296
BRCA,TCGA-AQ-A04L-01Z-00-DX1.F35BF4DD-896A-43C2-8DA6-C67945C003BE,virchow,Virchow,0.7658122579256693,0.8769253706333687,0.6073884765307108,0.1791000043352445,-1.949504676198822,1.949504676198822
BRCA,TCGA-AQ-A04L-01Z-00-DX1.F35BF4DD-896A-43C2-8DA6-C67945C003BE,virchow2,Virchow2,0.4062858720620473,0.561913367045691,0.6777443985144297,0.1603666817148526,-0.586789988955129,0.586789988955129
BRCA,TCGA-AR-A2LK-01Z-00-DX1.FBD59C38-CD4E-4C22-BC74-A57C192A9BBC,gigapath,GigaPath,0.5337582131226858,0.6379050806340395,0.35270384202400845,0.1940000106890996,-1.4666355233856914,1.4666355233856914
BRCA,TCGA-AR-A2LK-01Z-00-DX1.FBD59C38-CD4E-4C22-BC74-A57C192A9BBC,gigapath_flash,GigaPath-Flash,0.5644537607828776,0.6731682338855471,0.5358939121166865,0.1854666769504547,-2.5860042486831745,2.5860042486831745
BRCA,TCGA-AR-A2LK-01Z-00-DX1.FBD59C38-CD4E-4C22-BC74-A57C192A9BBC,midnight,Midnight,0.6227100988229116,0.7129714154043884,0.3482040862242381,0.1888000120719274,-0.28667608423434204,0.28667608423434204
BRCA,TCGA-AR-A2LK-01Z-00-DX1.FBD59C38-CD4E-4C22-BC74-A57C192A9BBC,phikon,Phikon,0.6137423117955526,0.6349721032892046,0.419884675492843,0.2804000228643417,-1.773176821922995,1.773176821922995
BRCA,TCGA-AR-A2LK-01Z-00-DX1.FBD59C38-CD4E-4C22-BC74-A57C192A9BBC,uni,UNI,0.5878269275029501,0.696704918820985,0.26485789691408473,0.2400666822989781,-0.9776579207056488,0.9776579207056488
BRCA,TCGA-AR-A2LK-01Z-00-DX1.FBD59C38-CD4E-4C22-BC74-A57C192A9BBC,uni2,UNI2,0.5933691064516703,0.6990655200574892,0.31713944176832837,0.2300333430369695,-0.6068931893566797,0.6068931893566797
BRCA,TCGA-AR-A2LK-01Z-00-DX1.FBD59C38-CD4E-4C22-BC74-A57C192A9BBC,virchow,Virchow,0.5598496297995249,0.6846314220770423,0.45174820224444073,0.212700014313062,-2.6981144904195844,2.6981144904195844
BRCA,TCGA-AR-A2LK-01Z-00-DX1.FBD59C38-CD4E-4C22-BC74-A57C192A9BBC,virchow2,Virchow2,0.37233737607796985,0.522405017983742,0.6383082171281179,0.1973000268141428,-0.2888667269464161,0.2888667269464161
BRCA,TCGA-AR-A5QM-01Z-00-DX1.A9017CED-FF57-4090-95B9-94DC91854347,gigapath,GigaPath,0.501689205567042,0.6745992273579576,0.350290780266126,0.1503333449363708,-1.646347432768025,1.646347432768025
BRCA,TCGA-AR-A5QM-01Z-00-DX1.A9017CED-FF57-4090-95B9-94DC91854347,gigapath_flash,GigaPath-Flash,0.5288762549559275,0.6526176913402776,0.5284833163022995,0.140800009171168,-2.6868905452726284,2.6868905452726284
BRCA,TCGA-AR-A5QM-01Z-00-DX1.A9017CED-FF57-4090-95B9-94DC91854347,midnight,Midnight,0.6117576062679291,0.6526348884803354,0.3647075990835826,0.1398333435257276,-0.39704511401276205,0.39704511401276205
BRCA,TCGA-AR-A5QM-01Z-00-DX1.A9017CED-FF57-4090-95B9-94DC91854347,phikon,Phikon,0.5669018030166626,0.6238886584282638,0.42864851529399556,0.2137666891018549,-1.6418058693172763,1.6418058693172763
BRCA,TCGA-AR-A5QM-01Z-00-DX1.A9017CED-FF57-4090-95B9-94DC91854347,uni,UNI,0.5802931487560272,0.7051188904377275,0.2571619935333729,0.1869666750232378,-0.9363292874625467,0.9363292874625467
BRCA,TCGA-AR-A5QM-01Z-00-DX1.A9017CED-FF57-4090-95B9-94DC91854347,uni2,UNI2,0.6055951217810313,0.7029538011955457,0.3194381097952525,0.1805000106493632,-0.6965575784146019,0.6965575784146019
BRCA,TCGA-AR-A5QM-01Z-00-DX1.A9017CED-FF57-4090-95B9-94DC91854347,virchow,Virchow,0.5781112313270569,0.7116539003597142,0.46875684956709546,0.1652333463231722,-1.720042526960382,1.720042526960382
BRCA,TCGA-AR-A5QM-01Z-00-DX1.A9017CED-FF57-4090-95B9-94DC91854347,virchow2,Virchow2,0.36122610171635944,0.476168496974675,0.6503720631202062,0.1565666819612185,-0.13036095510867163,0.13036095510867163
BRCA,TCGA-BH-A0C1-01Z-00-DX1.21FE357E-B182-4397-BFEF-7E96E994236A,gigapath,GigaPath,0.6932030916213989,0.8071637194644481,0.39323700467745465,0.1793000176548957,-2.034466743351765,2.034466743351765
BRCA,TCGA-BH-A0C1-01Z-00-DX1.21FE357E-B182-4397-BFEF-7E96E994236A,gigapath_flash,GigaPath-Flash,0.7167895833651224,0.7789409718852264,0.574544737736384,0.1711000104745229,-2.9357180147348574,2.9357180147348574
BRCA,TCGA-BH-A0C1-01Z-00-DX1.21FE357E-B182-4397-BFEF-7E96E994236A,midnight,Midnight,0.8262810111045837,0.8581990345178991,0.33952859540780383,0.1915666783849398,-0.4157484609804818,0.4157484609804818
BRCA,TCGA-BH-A0C1-01Z-00-DX1.21FE357E-B182-4397-BFEF-7E96E994236A,phikon,Phikon,0.7724028627077738,0.8222290074429565,0.4338034229973952,0.2554000268379847,-3.379466230115652,3.379466230115652
BRCA,TCGA-BH-A0C1-01Z-00-DX1.21FE357E-B182-4397-BFEF-7E96E994236A,uni,UNI,0.7463606397310892,0.8439497037612405,0.2853479757905006,0.2185666809479395,-1.2727584357292396,1.2727584357292396
BRCA,TCGA-BH-A0C1-01Z-00-DX1.21FE357E-B182-4397-BFEF-7E96E994236A,uni2,UNI2,0.7717077732086182,0.8662036228051119,0.324357142051061,0.2139000197251638,-0.940163686021428,0.940163686021428
BRCA,TCGA-BH-A0C1-01Z-00-DX1.21FE357E-B182-4397-BFEF-7E96E994236A,virchow,Virchow,0.773523231347402,0.9369418627286462,0.4848047693570455,0.2133000195026397,-1.5369389080306164,1.5369389080306164
BRCA,TCGA-BH-A0C1-01Z-00-DX1.21FE357E-B182-4397-BFEF-7E96E994236A,virchow2,Virchow2,0.46810033917427063,0.8387331318047961,0.6389864335457484,0.1844333509604136,-0.2074816784824834,0.2074816784824834
BRCA,TCGA-D8-A1X8-01Z-00-DX1.DDA3866E-C7CC-4650-BE2B-5C9A98A2D531,gigapath,GigaPath,0.5897702773412069,0.6896396658222989,0.34484406560659403,0.195466677347819,-2.6758055629724526,2.6758055629724526
BRCA,TCGA-D8-A1X8-01Z-00-DX1.DDA3866E-C7CC-4650-BE2B-5C9A98A2D531,gigapath_flash,GigaPath-Flash,0.5454302231470743,0.5859595108555699,0.513782928387324,0.1974000160892804,-2.4930786137315555,2.4930786137315555
BRCA,TCGA-D8-A1X8-01Z-00-DX1.DDA3866E-C7CC-4650-BE2B-5C9A98A2D531,midnight,Midnight,0.7677512566248575,0.7929880162367215,0.36544464031855256,0.1980333477258682,-0.4620988500382648,0.4620988500382648
BRCA,TCGA-D8-A1X8-01Z-00-DX1.DDA3866E-C7CC-4650-BE2B-5C9A98A2D531,phikon,Phikon,0.7202249566713969,0.7782008379488371,0.4854784111181895,0.256166676680247,-2.2546908248866746,2.2546908248866746
BRCA,TCGA-D8-A1X8-01Z-00-DX1.DDA3866E-C7CC-4650-BE2B-5C9A98A2D531,uni,UNI,0.7106655637423197,0.7805506651806059,0.3322194715340932,0.2437666952610016,-2.0975003279331075,2.0975003279331075
BRCA,TCGA-D8-A1X8-01Z-00-DX1.DDA3866E-C7CC-4650-BE2B-5C9A98A2D531,uni2,UNI2,0.7180912693341573,0.81046560797683,0.3525739734371503,0.2284666746854782,-1.3138874865039687,1.3138874865039687
BRCA,TCGA-D8-A1X8-01Z-00-DX1.DDA3866E-C7CC-4650-BE2B-5C9A98A2D531,virchow,Virchow,0.6342702706654867,0.730753822132362,0.4524436444044113,0.224966675043106,-1.528902588825527,1.528902588825527
BRCA,TCGA-D8-A1X8-01Z-00-DX1.DDA3866E-C7CC-4650-BE2B-5C9A98A2D531,virchow2,Virchow2,0.37519389390945435,0.6507472705147372,0.6536005139350891,0.1949000159899393,-0.90845424881248,0.90845424881248
BRCA,TCGA-E2-A14P-01Z-00-DX1.663B02FF-C64B-41A6-8685-FD61CD76F9C6,gigapath,GigaPath,0.7624697287877401,0.8572751300740107,0.31550772363940877,0.1879000167051951,-1.8781496148827712,1.8781496148827712
BRCA,TCGA-E2-A14P-01Z-00-DX1.663B02FF-C64B-41A6-8685-FD61CD76F9C6,gigapath_flash,GigaPath-Flash,0.7846129139264425,0.8630888647810157,0.442915012439092,0.1765666827559471,-2.7994076448314957,2.7994076448314957
BRCA,TCGA-E2-A14P-01Z-00-DX1.663B02FF-C64B-41A6-8685-FD61CD76F9C6,midnight,Midnight,0.8299233317375183,0.8910848718999144,0.36434219280878705,0.1793333366513252,-0.2858317252815435,0.2858317252815435
BRCA,TCGA-E2-A14P-01Z-00-DX1.663B02FF-C64B-41A6-8685-FD61CD76F9C6,phikon,Phikon,0.8764256834983826,0.9189267360254452,0.4229118873675664,0.2346333612998326,-2.346502523739296,2.346502523739296
BRCA,TCGA-E2-A14P-01Z-00-DX1.663B02FF-C64B-41A6-8685-FD61CD76F9C6,uni,UNI,0.7479101022084554,0.8177379798573179,0.260178904980421,0.2012000183264414,-1.6061815210751835,1.6061815210751835
BRCA,TCGA-E2-A14P-01Z-00-DX1.663B02FF-C64B-41A6-8685-FD61CD76F9C6,uni2,UNI2,0.8058408697446188,0.8969057283729679,0.3303986539443334,0.2063333392143249,-1.1090364728656243,1.1090364728656243
BRCA,TCGA-E2-A14P-01Z-00-DX1.663B02FF-C64B-41A6-8685-FD61CD76F9C6,virchow,Virchow,0.7506987452507019,0.8525554156184596,0.41574929157892865,0.1895666817824045,-2.682422280766373,2.682422280766373
BRCA,TCGA-E2-A14P-01Z-00-DX1.663B02FF-C64B-41A6-8685-FD61CD76F9C6,virchow2,Virchow2,0.46291883786519367,0.660921229679748,0.6231178641319275,0.1681000118454297,-0.5489537092885224,0.5489537092885224
BRCA,TCGA-E2-A1LA-01Z-00-DX1.AE49E943-B830-4ED9-B09E-E499441BC2EC,gigapath,GigaPath,0.7338472207387289,0.8212356611861242,0.3847504109144211,0.2520000139872233,-1.8563113979425343,1.8563113979425343
BRCA,TCGA-E2-A1LA-01Z-00-DX1.AE49E943-B830-4ED9-B09E-E499441BC2EC,gigapath_flash,GigaPath-Flash,0.7099589904149374,0.7557884260591914,0.526498039563497,0.2497000098228454,-2.2123839059559196,2.2123839059559196
BRCA,TCGA-E2-A1LA-01Z-00-DX1.AE49E943-B830-4ED9-B09E-E499441BC2EC,midnight,Midnight,0.8016022245089213,0.8341611937937388,0.36816535890102386,0.2616000225146611,-0.5406469239484569,0.5406469239484569
BRCA,TCGA-E2-A1LA-01Z-00-DX1.AE49E943-B830-4ED9-B09E-E499441BC2EC,phikon,Phikon,0.8148637413978577,0.8436681369855149,0.4797981108228366,0.3170666893323262,-2.677398355124312,2.677398355124312
BRCA,TCGA-E2-A1LA-01Z-00-DX1.AE49E943-B830-4ED9-B09E-E499441BC2EC,uni,UNI,0.7585286498069763,0.8406911441234565,0.28534164528052003,0.2935333549976349,-1.487095722319971,1.487095722319971
BRCA,TCGA-E2-A1LA-01Z-00-DX1.AE49E943-B830-4ED9-B09E-E499441BC2EC,uni2,UNI2,0.8112520972887675,0.9208365557743968,0.3377905587355296,0.3044333706299464,-1.2499890135750193,1.2499890135750193
BRCA,TCGA-E2-A1LA-01Z-00-DX1.AE49E943-B830-4ED9-B09E-E499441BC2EC,virchow,Virchow,0.7674767176310221,0.832595272863852,0.4752195825179418,0.2857666810353597,-1.7644263518945162,1.7644263518945162
BRCA,TCGA-E2-A1LA-01Z-00-DX1.AE49E943-B830-4ED9-B09E-E499441BC2EC,virchow2,Virchow2,0.4814544916152954,0.7741727976057697,0.6083035270373026,0.2602666815121968,-0.7588620919693306,0.7588620919693306
BRCA,TCGA-GM-A3XN-01Z-00-DX1.49F5C8AC-0328-4BC2-9FE2-E7150B7A42E2,gigapath,GigaPath,0.6260424057642618,0.7553183275266565,0.3268701260288556,0.1715333461761474,-1.8143255287833842,1.8143255287833842
BRCA,TCGA-GM-A3XN-01Z-00-DX1.49F5C8AC-0328-4BC2-9FE2-E7150B7A42E2,gigapath_flash,GigaPath-Flash,0.616532951593399,0.7224975377332616,0.5071195214986801,0.1572333400448163,-3.176413812162355,3.176413812162355
BRCA,TCGA-GM-A3XN-01Z-00-DX1.49F5C8AC-0328-4BC2-9FE2-E7150B7A42E2,midnight,Midnight,0.7419711351394653,0.7526203775678786,0.3580679049094518,0.1677333489060402,-0.4755533683881842,0.4755533683881842
BRCA,TCGA-GM-A3XN-01Z-00-DX1.49F5C8AC-0328-4BC2-9FE2-E7150B7A42E2,phikon,Phikon,0.7512516776720682,0.8225822344479571,0.46369774639606476,0.2330666780471801,-2.187816390930215,2.187816390930215
BRCA,TCGA-GM-A3XN-01Z-00-DX1.49F5C8AC-0328-4BC2-9FE2-E7150B7A42E2,uni,UNI,0.6738606492678324,0.8063832744886636,0.26862667004267377,0.1984000106652577,-1.0952157804028677,1.0952157804028677
BRCA,TCGA-GM-A3XN-01Z-00-DX1.49F5C8AC-0328-4BC2-9FE2-E7150B7A42E2,uni2,UNI2,0.6925318241119385,0.7756677515571901,0.3260633399089177,0.1895333478848139,-0.8794251542603606,0.8794251542603606
BRCA,TCGA-GM-A3XN-01Z-00-DX1.49F5C8AC-0328-4BC2-9FE2-E7150B7A42E2,virchow,Virchow,0.6587908466657003,0.807176368502574,0.5112135211626688,0.1855666736761728,-1.9226723505296377,1.9226723505296377
BRCA,TCGA-GM-A3XN-01Z-00-DX1.49F5C8AC-0328-4BC2-9FE2-E7150B7A42E2,virchow2,Virchow2,0.47416043281555176,0.6448534810784338,0.6517114142576853,0.1700333431363105,-0.22108485333426695,0.22108485333426695
COAD,TCGA-AY-A8YK-01Z-00-DX1.89E3C546-0425-449B-A6FB-1C35168EA7EB,gigapath,GigaPath,0.5649404227733612,0.6419196222981001,0.3212905973196029,0.1968333522478739,-3.731076781839808,3.731076781839808
COAD,TCGA-AY-A8YK-01Z-00-DX1.89E3C546-0425-449B-A6FB-1C35168EA7EB,gigapath_flash,GigaPath-Flash,0.542103111743927,0.6040025372972725,0.5017428944508234,0.18630001693964,-1.2177105325724442,1.2177105325724442
COAD,TCGA-AY-A8YK-01Z-00-DX1.89E3C546-0425-449B-A6FB-1C35168EA7EB,midnight,Midnight,0.7059632341066996,0.6820783248425834,0.30993208785851795,0.1948333432277043,0.4292607275632841,-0.4292607275632841
COAD,TCGA-AY-A8YK-01Z-00-DX1.89E3C546-0425-449B-A6FB-1C35168EA7EB,phikon,Phikon,0.735239585240682,0.819226738399878,0.5106389919916788,0.2462333440780639,-0.8960307077256767,0.8960307077256767
COAD,TCGA-AY-A8YK-01Z-00-DX1.89E3C546-0425-449B-A6FB-1C35168EA7EB,uni,UNI,0.6312245925267538,0.7189294748795396,0.32850112269322074,0.2231666793425878,-2.904663328482814,2.904663328482814
COAD,TCGA-AY-A8YK-01Z-00-DX1.89E3C546-0425-449B-A6FB-1C35168EA7EB,uni2,UNI2,0.6606584588686625,0.7222211215750818,0.3749960983792941,0.22120001912117,-1.0877899131260982,1.0877899131260982
COAD,TCGA-AY-A8YK-01Z-00-DX1.89E3C546-0425-449B-A6FB-1C35168EA7EB,virchow,Virchow,0.6033323407173157,0.7941694632474241,0.4694638748963674,0.1896333520611127,-1.2690600157468852,1.2690600157468852
COAD,TCGA-AY-A8YK-01Z-00-DX1.89E3C546-0425-449B-A6FB-1C35168EA7EB,virchow2,Virchow2,0.5075254042943319,0.623940080552504,0.6778543293476105,0.2031666735808054,-0.9269175070859625,0.9269175070859625
COAD,TCGA-CK-4947-01Z-00-DX1.b257d5fd-b97b-4987-b088-77f044ca7fe2,gigapath,GigaPath,0.5007691284020742,0.5869630772341513,0.3640229006608327,0.185400016605854,-2.5416648415305176,2.5416648415305176
COAD,TCGA-CK-4947-01Z-00-DX1.b257d5fd-b97b-4987-b088-77f044ca7fe2,gigapath_flash,GigaPath-Flash,0.5673577090104421,0.6247527291991157,0.553676168123881,0.1782000139355659,-1.2174972736387681,1.2174972736387681
COAD,TCGA-CK-4947-01Z-00-DX1.b257d5fd-b97b-4987-b088-77f044ca7fe2,midnight,Midnight,0.688406785329183,0.7629376013041893,0.38113296528657276,0.1937666734059651,-1.294488129358024,1.294488129358024
COAD,TCGA-CK-4947-01Z-00-DX1.b257d5fd-b97b-4987-b088-77f044ca7fe2,phikon,Phikon,0.7216709852218628,0.8026906158306859,0.529364600777626,0.2643666714429855,-1.4637893085352203,1.4637893085352203
COAD,TCGA-CK-4947-01Z-00-DX1.b257d5fd-b97b-4987-b088-77f044ca7fe2,uni,UNI,0.6337624788284302,0.7275826574014013,0.3945528070131938,0.2206666717926661,-2.4894366255785814,2.4894366255785814
COAD,TCGA-CK-4947-01Z-00-DX1.b257d5fd-b97b-4987-b088-77f044ca7fe2,uni2,UNI2,0.6643185019493103,0.7535720162182523,0.3648952394723892,0.2497666825850804,-2.373991481503458,2.373991481503458
COAD,TCGA-CK-4947-01Z-00-DX1.b257d5fd-b97b-4987-b088-77f044ca7fe2,virchow,Virchow,0.45201626420021057,0.8622933745456921,0.6831108033657074,0.1810333480437596,-1.488620747564132,1.488620747564132
COAD,TCGA-CK-4947-01Z-00-DX1.b257d5fd-b97b-4987-b088-77f044ca7fe2,virchow2,Virchow2,0.37230409185091656,0.5904405725332693,0.643287738164266,0.1798666740457216,-1.8827190555542257,1.8827190555542257
COAD,TCGA-CM-6168-01Z-00-DX1.96af6eb2-9d51-4671-baf8-1a73d0c66869,gigapath,GigaPath,0.5818865696589152,0.6660091302586603,0.4120713993906975,0.2589333603779475,-1.8315322095885795,1.8315322095885795
COAD,TCGA-CM-6168-01Z-00-DX1.96af6eb2-9d51-4671-baf8-1a73d0c66869,gigapath_flash,GigaPath-Flash,0.6380204061667124,0.6944360154042719,0.5835814426342646,0.2431666751702626,-1.0266945645222514,1.0266945645222514
COAD,TCGA-CM-6168-01Z-00-DX1.96af6eb2-9d51-4671-baf8-1a73d0c66869,midnight,Midnight,0.8166891733805338,0.8299664354965494,0.3572816451390584,0.2576000293095906,-0.6362841842229429,0.6362841842229429
COAD,TCGA-CM-6168-01Z-00-DX1.96af6eb2-9d51-4671-baf8-1a73d0c66869,phikon,Phikon,0.7921834786732992,0.8229482650527942,0.575520783662796,0.3113333582878113,-0.9341258158748962,0.9341258158748962
COAD,TCGA-CM-6168-01Z-00-DX1.96af6eb2-9d51-4671-baf8-1a73d0c66869,uni,UNI,0.6970831354459127,0.796523481441221,0.40478233993053436,0.296133354306221,-1.2961967333892659,1.2961967333892659
COAD,TCGA-CM-6168-01Z-00-DX1.96af6eb2-9d51-4671-baf8-1a73d0c66869,uni2,UNI2,0.7884800632794698,0.8518604912036827,0.3902091433604558,0.3013333429892857,-1.7932625610505217,1.7932625610505217
COAD,TCGA-CM-6168-01Z-00-DX1.96af6eb2-9d51-4671-baf8-1a73d0c66869,virchow,Virchow,0.5370406111081442,0.7593374969885298,0.710655023654302,0.2435666819413503,-1.5196991214590896,1.5196991214590896
COAD,TCGA-CM-6168-01Z-00-DX1.96af6eb2-9d51-4671-baf8-1a73d0c66869,virchow2,Virchow2,0.3994865616162618,0.6151177146964105,0.6451040407021841,0.2418000201384226,-0.9801551271002663,0.9801551271002663
COAD,TCGA-CM-6169-01Z-00-DX1.0381c243-02b8-4f1d-840c-19ef44d4b92c,gigapath,GigaPath,0.6634753743807474,0.7780588333899724,0.3810565744837125,0.1984666883945465,-1.9610425916949523,1.9610425916949523
COAD,TCGA-CM-6169-01Z-00-DX1.0381c243-02b8-4f1d-840c-19ef44d4b92c,gigapath_flash,GigaPath-Flash,0.7051722804705302,0.7955333668343292,0.5937094390392303,0.1920000066359838,-0.9312686173270142,0.9312686173270142
COAD,TCGA-CM-6169-01Z-00-DX1.0381c243-02b8-4f1d-840c-19ef44d4b92c,midnight,Midnight,0.7798693577448527,0.8057158043444013,0.36380141973495483,0.2032333413759867,-0.9174852508567152,0.9174852508567152
COAD,TCGA-CM-6169-01Z-00-DX1.0381c243-02b8-4f1d-840c-19ef44d4b92c,phikon,Phikon,0.8135430812835693,0.8683667734158831,0.5352941453456879,0.2466000219186147,-1.044300105675169,1.044300105675169
COAD,TCGA-CM-6169-01Z-00-DX1.0381c243-02b8-4f1d-840c-19ef44d4b92c,uni,UNI,0.6889481941858927,0.7799858707419817,0.40179241200288135,0.2201333393653234,-1.4537307425090469,1.4537307425090469
COAD,TCGA-CM-6169-01Z-00-DX1.0381c243-02b8-4f1d-840c-19ef44d4b92c,uni2,UNI2,0.7728546063105265,0.867370152767867,0.36479352414608,0.2407000213861465,-1.9396840355639005,1.9396840355639005
COAD,TCGA-CM-6169-01Z-00-DX1.0381c243-02b8-4f1d-840c-19ef44d4b92c,virchow,Virchow,0.5120222767194113,0.8032289819760042,0.698034425576528,0.1811666836341222,-2.1421122777075685,2.1421122777075685
COAD,TCGA-CM-6169-01Z-00-DX1.0381c243-02b8-4f1d-840c-19ef44d4b92c,virchow2,Virchow2,0.4332335789998372,0.6530445632343127,0.6583267450332642,0.1906000077724456,-1.3197619163409804,1.3197619163409804
COAD,TCGA-G4-6309-01Z-00-DX1.3eb20fdc-eb86-4bd5-8194-76b02d4fa472,gigapath,GigaPath,0.5804064075152079,0.68823752052218,0.37341781705617905,0.2395666688680648,-2.112975482899675,2.112975482899675
COAD,TCGA-G4-6309-01Z-00-DX1.3eb20fdc-eb86-4bd5-8194-76b02d4fa472,gigapath_flash,GigaPath-Flash,0.6460698743661245,0.6950523198957244,0.5253846098979315,0.2368666927019755,-0.811226124096867,0.811226124096867
COAD,TCGA-G4-6309-01Z-00-DX1.3eb20fdc-eb86-4bd5-8194-76b02d4fa472,midnight,Midnight,0.8272706468900045,0.8529315164868415,0.3552297204732895,0.2453333487113317,-0.5563889547220984,0.5563889547220984
COAD,TCGA-G4-6309-01Z-00-DX1.3eb20fdc-eb86-4bd5-8194-76b02d4fa472,phikon,Phikon,0.7932040890057882,0.8283269598463591,0.5733402619759241,0.288766677180926,-1.3149997312583424,1.3149997312583424
COAD,TCGA-G4-6309-01Z-00-DX1.3eb20fdc-eb86-4bd5-8194-76b02d4fa472,uni,UNI,0.7139125267664591,0.7839632705584857,0.3723788782954216,0.2703666885693868,-1.6075029665974938,1.6075029665974938
COAD,TCGA-G4-6309-01Z-00-DX1.3eb20fdc-eb86-4bd5-8194-76b02d4fa472,uni2,UNI2,0.8078219493230184,0.8630620616907723,0.37656524280707043,0.2871000319719314,-1.7752702570562129,1.7752702570562129
COAD,TCGA-G4-6309-01Z-00-DX1.3eb20fdc-eb86-4bd5-8194-76b02d4fa472,virchow,Virchow,0.5642685095469157,0.7368603438738911,0.6383021076520284,0.230766678849856,-1.2479637953672877,1.2479637953672877
COAD,TCGA-G4-6309-01Z-00-DX1.3eb20fdc-eb86-4bd5-8194-76b02d4fa472,virchow2,Virchow2,0.4558211763699849,0.6592373286304724,0.6439833343029022,0.2348666936159134,-1.8254010926895825,1.8254010926895825
COAD,TCGA-G4-6310-01Z-00-DX1.b88472d4-3adc-4e4d-b0f2-0dc195a3d7df,gigapath,GigaPath,0.6756195624669393,0.809012983313965,0.3622729827960332,0.2344666769107183,-1.9069652916619098,1.9069652916619098
COAD,TCGA-G4-6310-01Z-00-DX1.b88472d4-3adc-4e4d-b0f2-0dc195a3d7df,gigapath_flash,GigaPath-Flash,0.694295068581899,0.7246763488214231,0.5181474834680557,0.2247000137964884,-1.010764926844805,1.010764926844805
COAD,TCGA-G4-6310-01Z-00-DX1.b88472d4-3adc-4e4d-b0f2-0dc195a3d7df,midnight,Midnight,0.8091504772504171,0.8100399720871924,0.3430023168524106,0.2132666806379954,-1.3197796486460578,1.3197796486460578
COAD,TCGA-G4-6310-01Z-00-DX1.b88472d4-3adc-4e4d-b0f2-0dc195a3d7df,phikon,Phikon,0.840553085009257,0.8902201087726009,0.5244465470314026,0.3049666732549667,-1.5018973643305258,1.5018973643305258
COAD,TCGA-G4-6310-01Z-00-DX1.b88472d4-3adc-4e4d-b0f2-0dc195a3d7df,uni,UNI,0.7684670686721802,0.8411025000395738,0.37069707612196606,0.2643666714429855,-1.7708249866228958,1.7708249866228958
COAD,TCGA-G4-6310-01Z-00-DX1.b88472d4-3adc-4e4d-b0f2-0dc195a3d7df,uni2,UNI2,0.828713039557139,0.8670814480026797,0.3708653748035431,0.2694000254074732,-2.1528842555758416,2.1528842555758416
COAD,TCGA-G4-6310-01Z-00-DX1.b88472d4-3adc-4e4d-b0f2-0dc195a3d7df,virchow,Virchow,0.5714658200740814,0.8134343103452155,0.6202054619789124,0.2327000151077906,-1.5880345654535697,1.5880345654535697
COAD,TCGA-G4-6310-01Z-00-DX1.b88472d4-3adc-4e4d-b0f2-0dc195a3d7df,virchow2,Virchow2,0.45836153626441956,0.7351533748659251,0.6072756995757421,0.2224666774272918,-1.4083462676754077,1.4083462676754077
COAD,TCGA-G4-6588-01Z-00-DX1.0747172e-f630-4b7c-9341-55078585ae00,gigapath,GigaPath,0.6480735739072164,0.7401503173379558,0.3747105573614438,0.2195000151793162,-2.039175147141807,2.039175147141807
COAD,TCGA-G4-6588-01Z-00-DX1.0747172e-f630-4b7c-9341-55078585ae00,gigapath_flash,GigaPath-Flash,0.6872476935386658,0.7333975045149255,0.529019296169281,0.2160333494345347,-0.8693810240318071,0.8693810240318071
COAD,TCGA-G4-6588-01Z-00-DX1.0747172e-f630-4b7c-9341-55078585ae00,midnight,Midnight,0.7985641360282898,0.8172323034159628,0.3346949021021525,0.207200010617574,-0.5130952785071242,0.5130952785071242
COAD,TCGA-G4-6588-01Z-00-DX1.0747172e-f630-4b7c-9341-55078585ae00,phikon,Phikon,0.7996150851249695,0.8447782104082721,0.5626484652360281,0.2900000164906184,-1.3819899936084472,1.3819899936084472
COAD,TCGA-G4-6588-01Z-00-DX1.0747172e-f630-4b7c-9341-55078585ae00,uni,UNI,0.7338179151217142,0.7866594859180545,0.3862814555565515,0.2532666871945063,-1.6989762944541773,1.6989762944541773
COAD,TCGA-G4-6588-01Z-00-DX1.0747172e-f630-4b7c-9341-55078585ae00,uni2,UNI2,0.8255227009455363,0.8858311211767741,0.3749117503563563,0.2595666746298472,-1.7214588258576602,1.7214588258576602
COAD,TCGA-G4-6588-01Z-00-DX1.0747172e-f630-4b7c-9341-55078585ae00,virchow,Virchow,0.5849303503831228,0.7861352136140479,0.643306185801824,0.2163333445787429,-1.3927092118765652,1.3927092118765652
COAD,TCGA-G4-6588-01Z-00-DX1.0747172e-f630-4b7c-9341-55078585ae00,virchow2,Virchow2,0.5088965396086375,0.653253598441834,0.6714627544085184,0.2151333590348561,-1.4164038099025134,1.4164038099025134
HNSC,TCGA-BA-6871-01Z-00-DX1.4d9ca329-f8d5-4c31-a20f-9d4fba728326,gigapath,GigaPath,0.42091482877731323,0.4688182062453581,0.28877660383780795,0.1459666714072227,2.080144713365608,-2.080144713365608
HNSC,TCGA-BA-6871-01Z-00-DX1.4d9ca329-f8d5-4c31-a20f-9d4fba728326,gigapath_flash,GigaPath-Flash,0.415142888824145,0.4826535242760715,0.44630002975463867,0.146333339313666,0.8526258270142641,-0.8526258270142641
HNSC,TCGA-BA-6871-01Z-00-DX1.4d9ca329-f8d5-4c31-a20f-9d4fba728326,midnight,Midnight,0.3930380046367645,0.5755651977091014,0.34398553768793744,0.1300333440303802,-0.8001460084262934,0.8001460084262934
HNSC,TCGA-BA-6871-01Z-00-DX1.4d9ca329-f8d5-4c31-a20f-9d4fba728326,phikon,Phikon,0.518623411655426,0.6282361512556459,0.4394610971212387,0.2029333561658859,0.9849731537174621,-0.9849731537174621
HNSC,TCGA-BA-6871-01Z-00-DX1.4d9ca329-f8d5-4c31-a20f-9d4fba728326,uni,UNI,0.47855035463968915,0.5030497901470964,0.3355527420838674,0.1673333495855331,1.1471737370288155,-1.1471737370288155
HNSC,TCGA-BA-6871-01Z-00-DX1.4d9ca329-f8d5-4c31-a20f-9d4fba728326,uni2,UNI2,0.5449849367141724,0.5978146716632867,0.3239595765868823,0.1814666713277498,0.4372953152018592,-0.4372953152018592
HNSC,TCGA-BA-6871-01Z-00-DX1.4d9ca329-f8d5-4c31-a20f-9d4fba728326,virchow,Virchow,0.42260770003000897,0.5365324707832176,0.5393267124891281,0.1399333452184995,-0.245297422587213,0.245297422587213
HNSC,TCGA-BA-6871-01Z-00-DX1.4d9ca329-f8d5-4c31-a20f-9d4fba728326,virchow2,Virchow2,0.3328655660152435,0.482218708944722,0.6224442174037298,0.1453666736682256,1.1652382026726904,-1.1652382026726904
HNSC,TCGA-BA-6872-01Z-00-DX1.F99F6394-D319-4599-B124-D2A6692FA096,gigapath,GigaPath,0.5498926738897959,0.6926807487318805,0.4392058153947194,0.1813000117739041,1.107617969777885,-1.107617969777885
HNSC,TCGA-BA-6872-01Z-00-DX1.F99F6394-D319-4599-B124-D2A6692FA096,gigapath_flash,GigaPath-Flash,0.5675305128097534,0.6910745641543891,0.6038330892721812,0.1712333336472511,0.820427148467474,-0.820427148467474
HNSC,TCGA-BA-6872-01Z-00-DX1.F99F6394-D319-4599-B124-D2A6692FA096,midnight,Midnight,0.7085297107696533,0.7537279393271992,0.37381840745608014,0.1684666822353998,-0.7664483211584209,0.7664483211584209
HNSC,TCGA-BA-6872-01Z-00-DX1.F99F6394-D319-4599-B124-D2A6692FA096,phikon,Phikon,0.6431570847829183,0.7296220793159206,0.6498117595911026,0.2127333482106526,-0.21825575572028544,0.21825575572028544
HNSC,TCGA-BA-6872-01Z-00-DX1.F99F6394-D319-4599-B124-D2A6692FA096,uni,UNI,0.6391036411126455,0.6953909701400458,0.4691920429468155,0.2259000142415364,-0.5459493492443522,0.5459493492443522
HNSC,TCGA-BA-6872-01Z-00-DX1.F99F6394-D319-4599-B124-D2A6692FA096,uni2,UNI2,0.6695361932118734,0.7270635374293838,0.3839486440022786,0.2102000117301941,-1.3071902012071681,1.3071902012071681
HNSC,TCGA-BA-6872-01Z-00-DX1.F99F6394-D319-4599-B124-D2A6692FA096,virchow,Virchow,0.5183930496374766,0.5999001854098112,0.6858402192592621,0.1544333398342132,-3.8334517099965164,3.8334517099965164
HNSC,TCGA-BA-6872-01Z-00-DX1.F99F6394-D319-4599-B124-D2A6692FA096,virchow2,Virchow2,0.4567825297514598,0.6437562040429352,0.6687781314055125,0.1569333473841349,0.13242252233527868,-0.13242252233527868
HNSC,TCGA-CN-A6V7-01A-01-TS1.F54912D3-1E21-4605-ACFC-142973524AE2,gigapath,GigaPath,0.3610733250776927,0.4780264599260173,0.34543043623367947,0.137366679807504,4.394114504781507,-4.394114504781507
HNSC,TCGA-CN-A6V7-01A-01-TS1.F54912D3-1E21-4605-ACFC-142973524AE2,gigapath_flash,GigaPath-Flash,0.40296758711338043,0.4381037795945595,0.5373020172119141,0.1421333452065785,2.677500910137219,-2.677500910137219
HNSC,TCGA-CN-A6V7-01A-01-TS1.F54912D3-1E21-4605-ACFC-142973524AE2,midnight,Midnight,0.21750621994336442,0.4781844004575409,0.29741091281175613,0.1019666691621144,3.5881381664540037,-3.5881381664540037
HNSC,TCGA-CN-A6V7-01A-01-TS1.F54912D3-1E21-4605-ACFC-142973524AE2,phikon,Phikon,0.47378529111544293,0.5771786639593373,0.5245339274406433,0.2011333554983139,2.197138322074076,-2.197138322074076
HNSC,TCGA-CN-A6V7-01A-01-TS1.F54912D3-1E21-4605-ACFC-142973524AE2,uni,UNI,0.4305478632450104,0.5061713803087491,0.3474162220954895,0.1760666817426681,3.4050292128435387,-3.4050292128435387
HNSC,TCGA-CN-A6V7-01A-01-TS1.F54912D3-1E21-4605-ACFC-142973524AE2,uni2,UNI2,0.3915615181128184,0.5139560375815186,0.3191838935017586,0.1601666708787282,2.1631293431155116,-2.1631293431155116
HNSC,TCGA-CN-A6V7-01A-01-TS1.F54912D3-1E21-4605-ACFC-142973524AE2,virchow,Virchow,0.34986379245917004,0.5263934425641517,0.41228070855140686,0.1375000153978665,2.8119634457314104,-2.8119634457314104
HNSC,TCGA-CN-A6V7-01A-01-TS1.F54912D3-1E21-4605-ACFC-142973524AE2,virchow2,Virchow2,0.17022644728422165,0.3625899282063414,0.6019641558329264,0.1241666798790295,2.7031461923780356,-2.7031461923780356
HNSC,TCGA-CV-6935-01Z-00-DX1.9C449CB2-FB6D-41D1-A4A6-3069DC84A697,gigapath,GigaPath,0.7223477562268575,0.7782828887408865,0.5280782878398895,0.153633343676726,-0.2818609707840571,0.2818609707840571
HNSC,TCGA-CV-6935-01Z-00-DX1.9C449CB2-FB6D-41D1-A4A6-3069DC84A697,gigapath_flash,GigaPath-Flash,0.7361602981885275,0.7657160485888188,0.6574870049953461,0.1611333464582761,-0.4244911187757822,0.4244911187757822
HNSC,TCGA-CV-6935-01Z-00-DX1.9C449CB2-FB6D-41D1-A4A6-3069DC84A697,midnight,Midnight,0.718164841334025,0.7693092451839126,0.4296032687028249,0.1739000131686528,-0.3254078209783513,0.3254078209783513
HNSC,TCGA-CV-6935-01Z-00-DX1.9C449CB2-FB6D-41D1-A4A6-3069DC84A697,phikon,Phikon,0.8192280729611715,0.8620174998904179,0.6428005347649256,0.1945000017682711,-0.19560580702082445,0.19560580702082445
HNSC,TCGA-CV-6935-01Z-00-DX1.9C449CB2-FB6D-41D1-A4A6-3069DC84A697,uni,UNI,0.7672462264696757,0.8251982102458516,0.4443301185965538,0.1946333448092142,-0.2759223848113853,0.2759223848113853
HNSC,TCGA-CV-6935-01Z-00-DX1.9C449CB2-FB6D-41D1-A4A6-3069DC84A697,uni2,UNI2,0.7808809876441956,0.850801933013998,0.4173631916443507,0.1874333471059799,-0.5876785748328527,0.5876785748328527
HNSC,TCGA-CV-6935-01Z-00-DX1.9C449CB2-FB6D-41D1-A4A6-3069DC84A697,virchow,Virchow,0.6921617190043131,0.7965651614925101,0.5641012241442999,0.1517333388328552,-2.108145330982066,2.108145330982066
HNSC,TCGA-CV-6935-01Z-00-DX1.9C449CB2-FB6D-41D1-A4A6-3069DC84A697,virchow2,Virchow2,0.418852557738622,0.7100449808261928,0.6355140805244446,0.1465666815638542,-0.08996609407973319,0.08996609407973319
HNSC,TCGA-CV-A45O-01Z-00-DX1.8CBD0CCC-C815-475D-87F9-76272F4F715B,gigapath,GigaPath,0.6170659859975179,0.6873300758191242,0.47956134875615436,0.20960001150767,-0.30639467181815455,0.30639467181815455
HNSC,TCGA-CV-A45O-01Z-00-DX1.8CBD0CCC-C815-475D-87F9-76272F4F715B,gigapath_flash,GigaPath-Flash,0.5980459749698639,0.7042875838238344,0.6289100348949432,0.1984666883945465,-0.2050811472967358,0.2050811472967358
HNSC,TCGA-CV-A45O-01Z-00-DX1.8CBD0CCC-C815-475D-87F9-76272F4F715B,midnight,Midnight,0.6833096345265707,0.6747967018091767,0.39372168481349945,0.2115333477656046,-0.38633762958289986,0.38633762958289986
HNSC,TCGA-CV-A45O-01Z-00-DX1.8CBD0CCC-C815-475D-87F9-76272F4F715B,phikon,Phikon,0.7739950021107992,0.8400158897938256,0.5922142366568247,0.2386333445707956,-0.1913793362828703,0.1913793362828703
HNSC,TCGA-CV-A45O-01Z-00-DX1.8CBD0CCC-C815-475D-87F9-76272F4F715B,uni,UNI,0.7010386983553568,0.7714862462441281,0.4345214267571767,0.2467333525419235,-0.22510427610586006,0.22510427610586006
HNSC,TCGA-CV-A45O-01Z-00-DX1.8CBD0CCC-C815-475D-87F9-76272F4F715B,uni2,UNI2,0.6847425103187561,0.7203909147856222,0.41477935016155243,0.2490000277757644,-0.34571587514906493,0.34571587514906493
HNSC,TCGA-CV-A45O-01Z-00-DX1.8CBD0CCC-C815-475D-87F9-76272F4F715B,virchow,Virchow,0.4960176348686218,0.5905629834856101,0.5103145589431127,0.2021666715542475,-2.1291316406477154,2.1291316406477154
HNSC,TCGA-CV-A45O-01Z-00-DX1.8CBD0CCC-C815-475D-87F9-76272F4F715B,virchow2,Virchow2,0.37981392443180084,0.5619029083615309,0.6590133408705393,0.1821000153819719,-0.11339382924296569,0.11339382924296569
HNSC,TCGA-CV-A6JE-01Z-00-DX1.20137D17-19B3-49FF-9C3D-60933157E409,gigapath,GigaPath,0.5700766742229462,0.6218950438716424,0.5243603885173798,0.1832333505153656,-0.4579844439285755,0.4579844439285755
HNSC,TCGA-CV-A6JE-01Z-00-DX1.20137D17-19B3-49FF-9C3D-60933157E409,gigapath_flash,GigaPath-Flash,0.5564118723074595,0.6468037567147987,0.6739508608977,0.1750000044703483,-1.3019923128233932,1.3019923128233932
HNSC,TCGA-CV-A6JE-01Z-00-DX1.20137D17-19B3-49FF-9C3D-60933157E409,midnight,Midnight,0.7127383152643839,0.7280193880717791,0.363051970799764,0.1967333406209945,-1.0736031143780311,1.0736031143780311
HNSC,TCGA-CV-A6JE-01Z-00-DX1.20137D17-19B3-49FF-9C3D-60933157E409,phikon,Phikon,0.6957420508066813,0.7412098286172606,0.6239627599716187,0.2460666944583257,-0.14670365864366314,0.14670365864366314
HNSC,TCGA-CV-A6JE-01Z-00-DX1.20137D17-19B3-49FF-9C3D-60933157E409,uni,UNI,0.6825013359387716,0.724428054312782,0.426791692773501,0.2388666768868764,-0.2991993760760383,0.2991993760760383
HNSC,TCGA-CV-A6JE-01Z-00-DX1.20137D17-19B3-49FF-9C3D-60933157E409,uni2,UNI2,0.7078385750452677,0.7262412880137746,0.4708079993724823,0.2334666748841603,-0.5807518466320544,0.5807518466320544
HNSC,TCGA-CV-A6JE-01Z-00-DX1.20137D17-19B3-49FF-9C3D-60933157E409,virchow,Virchow,0.5587985813617706,0.5714104884534196,0.5712894747654597,0.2027333428462346,-1.643732063422313,1.643732063422313
HNSC,TCGA-CV-A6JE-01Z-00-DX1.20137D17-19B3-49FF-9C3D-60933157E409,virchow2,Virchow2,0.38212549686431885,0.6409509644984582,0.6895331343015035,0.1824666808048884,-0.1486851635314827,0.1486851635314827
HNSC,TCGA-CV-A6JU-01Z-00-DX1.35A3A1F0-9D6C-4794-B501-E56E48C51DF9,gigapath,GigaPath,0.58895210425059,0.6787819867729686,0.3845744878053665,0.2133333335320154,-0.4200962835149279,0.4200962835149279
HNSC,TCGA-CV-A6JU-01Z-00-DX1.35A3A1F0-9D6C-4794-B501-E56E48C51DF9,gigapath_flash,GigaPath-Flash,0.5619424482186636,0.6885074450728842,0.49262334406375885,0.1903666804234186,-0.2671486808949671,0.2671486808949671
HNSC,TCGA-CV-A6JU-01Z-00-DX1.35A3A1F0-9D6C-4794-B501-E56E48C51DF9,midnight,Midnight,0.7177301446596781,0.7272050979037549,0.36126060535510374,0.2120000223318735,-0.5486896551933399,0.5486896551933399
HNSC,TCGA-CV-A6JU-01Z-00-DX1.35A3A1F0-9D6C-4794-B501-E56E48C51DF9,phikon,Phikon,0.6509332060813904,0.7237000640718203,0.5374698489904404,0.2514666666587193,0.07734066024418337,-0.07734066024418337
HNSC,TCGA-CV-A6JU-01Z-00-DX1.35A3A1F0-9D6C-4794-B501-E56E48C51DF9,uni,UNI,0.6174655755360922,0.6974261883921758,0.31789251416921616,0.2480333546797434,-0.35504411227267596,0.35504411227267596
HNSC,TCGA-CV-A6JU-01Z-00-DX1.35A3A1F0-9D6C-4794-B501-E56E48C51DF9,uni2,UNI2,0.7148661414782206,0.7409118392011799,0.39854854345321655,0.2442333449920018,-0.37611434673633404,0.37611434673633404
HNSC,TCGA-CV-A6JU-01Z-00-DX1.35A3A1F0-9D6C-4794-B501-E56E48C51DF9,virchow,Virchow,0.5575544039408366,0.6482790537376585,0.40848687539498013,0.2091333419084549,-1.3951693195529815,1.3951693195529815
HNSC,TCGA-CV-A6JU-01Z-00-DX1.35A3A1F0-9D6C-4794-B501-E56E48C51DF9,virchow2,Virchow2,0.3487939735253652,0.6419503241192114,0.6454552263021469,0.1880333498120308,-0.05664540053823189,0.05664540053823189
HNSC,TCGA-UF-A719-01Z-00-DX1.4C4ECC2C-C390-4C5E-A709-CF08C113F1A1,gigapath,GigaPath,0.6174050370852152,0.6598411277345049,0.3107573613524437,0.2337000072002411,1.3945694948235117,-1.3945694948235117
HNSC,TCGA-UF-A719-01Z-00-DX1.4C4ECC2C-C390-4C5E-A709-CF08C113F1A1,gigapath_flash,GigaPath-Flash,0.5099912186463674,0.5411639437775351,0.4482715924580892,0.2073333462079366,1.0473407234825147,-1.0473407234825147
HNSC,TCGA-UF-A719-01Z-00-DX1.4C4ECC2C-C390-4C5E-A709-CF08C113F1A1,midnight,Midnight,0.774471660455068,0.7850418912638326,0.3600185265143712,0.2117333610852559,-1.0356154802526745,1.0356154802526745
HNSC,TCGA-UF-A719-01Z-00-DX1.4C4ECC2C-C390-4C5E-A709-CF08C113F1A1,phikon,Phikon,0.6897727251052856,0.7775006069237671,0.42583702752987546,0.2785666833321253,0.6314729378370244,-0.6314729378370244
HNSC,TCGA-UF-A719-01Z-00-DX1.4C4ECC2C-C390-4C5E-A709-CF08C113F1A1,uni,UNI,0.6123562355836233,0.6890444568888374,0.28323451305429137,0.2519333511590957,0.5776395223813131,-0.5776395223813131
HNSC,TCGA-UF-A719-01Z-00-DX1.4C4ECC2C-C390-4C5E-A709-CF08C113F1A1,uni2,UNI2,0.7248382965723673,0.7708764807596704,0.36182739585638046,0.2537333617607752,-0.25573214791402066,0.25573214791402066
HNSC,TCGA-UF-A719-01Z-00-DX1.4C4ECC2C-C390-4C5E-A709-CF08C113F1A1,virchow,Virchow,0.4925958812236786,0.534851876155615,0.3774426355957985,0.219166691104571,-1.0852628425590483,1.0852628425590483
HNSC,TCGA-UF-A719-01Z-00-DX1.4C4ECC2C-C390-4C5E-A709-CF08C113F1A1,virchow2,Virchow2,0.4505080779393514,0.7222448577588382,0.6389131546020508,0.2149000068505605,-0.13013008012507138,0.13013008012507138
KIRC,TCGA-A3-3346-01Z-00-DX1.95280216-fd71-4a03-b452-6e3d667f2542,gigapath,GigaPath,0.5130750934282938,0.6321298040553116,0.3500500867764155,0.2044000054399172,-1.370441001806537,1.370441001806537
KIRC,TCGA-A3-3346-01Z-00-DX1.95280216-fd71-4a03-b452-6e3d667f2542,gigapath_flash,GigaPath-Flash,0.5137407084306082,0.5956394722174331,0.497090682387352,0.2115000188350677,-1.2944011539805296,1.2944011539805296
KIRC,TCGA-A3-3346-01Z-00-DX1.95280216-fd71-4a03-b452-6e3d667f2542,midnight,Midnight,0.5064532260100046,0.5656394027450761,0.3227397799491882,0.1901666844884554,-0.7736687098074116,0.7736687098074116
KIRC,TCGA-A3-3346-01Z-00-DX1.95280216-fd71-4a03-b452-6e3d667f2542,phikon,Phikon,0.585064689318339,0.6418355362781869,0.4974898248910904,0.2685333490371704,-1.7609441106087629,1.7609441106087629
KIRC,TCGA-A3-3346-01Z-00-DX1.95280216-fd71-4a03-b452-6e3d667f2542,uni,UNI,0.590593675772349,0.6574641594320096,0.3559514085451762,0.2519000271956126,-0.6415154914889803,0.6415154914889803
KIRC,TCGA-A3-3346-01Z-00-DX1.95280216-fd71-4a03-b452-6e3d667f2542,uni2,UNI2,0.5919696688652039,0.6752742600197384,0.34511633962392807,0.2517000238100688,-0.3620329920275425,0.3620329920275425
KIRC,TCGA-A3-3346-01Z-00-DX1.95280216-fd71-4a03-b452-6e3d667f2542,virchow,Virchow,0.45699453353881836,0.6890965287753751,0.5941399037837982,0.2028000156084696,-2.751198173288448,2.751198173288448
KIRC,TCGA-A3-3346-01Z-00-DX1.95280216-fd71-4a03-b452-6e3d667f2542,virchow2,Virchow2,0.2908719430367152,0.4715374338784338,0.5360541194677353,0.1866333410143852,-0.4026454405112712,0.4026454405112712
KIRC,TCGA-A3-A8CQ-01Z-00-DX1.78DA0827-5FB8-4B9F-A845-22F85830B5FB,gigapath,GigaPath,0.39984890321890515,0.5013570058222111,0.29076650242010754,0.179600012799104,-2.0993311543847226,2.0993311543847226
KIRC,TCGA-A3-A8CQ-01Z-00-DX1.78DA0827-5FB8-4B9F-A845-22F85830B5FB,gigapath_flash,GigaPath-Flash,0.4013013293345769,0.46796436618573,0.458994855483373,0.186466671526432,-2.3214250947478097,2.3214250947478097
KIRC,TCGA-A3-A8CQ-01Z-00-DX1.78DA0827-5FB8-4B9F-A845-22F85830B5FB,midnight,Midnight,0.3063601851463318,0.3573178095014675,0.27426582823197043,0.162966676056385,-0.40689884868387366,0.40689884868387366
KIRC,TCGA-A3-A8CQ-01Z-00-DX1.78DA0827-5FB8-4B9F-A845-22F85830B5FB,phikon,Phikon,0.46532731254895526,0.512267915712571,0.3934541791677475,0.2591000199317932,-1.97881901222944,1.97881901222944
KIRC,TCGA-A3-A8CQ-01Z-00-DX1.78DA0827-5FB8-4B9F-A845-22F85830B5FB,uni,UNI,0.4736269513765971,0.5450009979433132,0.2905849988261858,0.2301000108321508,-0.8329198389280752,0.8329198389280752
KIRC,TCGA-A3-A8CQ-01Z-00-DX1.78DA0827-5FB8-4B9F-A845-22F85830B5FB,uni2,UNI2,0.3913164387146632,0.4752586940257662,0.4026512900988261,0.2105333457390467,-0.09136384841297425,0.09136384841297425
KIRC,TCGA-A3-A8CQ-01Z-00-DX1.78DA0827-5FB8-4B9F-A845-22F85830B5FB,virchow,Virchow,0.27441902955373126,0.5187748584837897,0.592397486170133,0.1955000062783559,-3.5819279495971057,3.5819279495971057
KIRC,TCGA-A3-A8CQ-01Z-00-DX1.78DA0827-5FB8-4B9F-A845-22F85830B5FB,virchow2,Virchow2,0.3185048252344131,0.3418613299872199,0.5614679952462515,0.1817333400249481,-0.2988251940957657,0.2988251940957657
KIRC,TCGA-AK-3444-01Z-00-DX1.1F0E0B47-29FF-456F-800A-539983FDCFAA,gigapath,GigaPath,0.6042823990186056,0.7438117471513286,0.3391288307805856,0.1788333430886268,-1.9181728913647011,1.9181728913647011
KIRC,TCGA-AK-3444-01Z-00-DX1.1F0E0B47-29FF-456F-800A-539983FDCFAA,gigapath_flash,GigaPath-Flash,0.5855253140131632,0.6770927239066965,0.4294229919711749,0.1687333434820175,-2.5139169034712285,2.5139169034712285
KIRC,TCGA-AK-3444-01Z-00-DX1.1F0E0B47-29FF-456F-800A-539983FDCFAA,midnight,Midnight,0.8490737080574036,0.8742077737010125,0.3201946318149566,0.1923000166813532,-0.6328634456194128,0.6328634456194128
KIRC,TCGA-AK-3444-01Z-00-DX1.1F0E0B47-29FF-456F-800A-539983FDCFAA,phikon,Phikon,0.7631678978602091,0.8667063034368274,0.44377948840459186,0.245600014925003,-0.9114318272222168,0.9114318272222168
KIRC,TCGA-AK-3444-01Z-00-DX1.1F0E0B47-29FF-456F-800A-539983FDCFAA,uni,UNI,0.739348570505778,0.8113022827655788,0.2602527625858783,0.2241666764020919,-1.235908278766437,1.235908278766437
KIRC,TCGA-AK-3444-01Z-00-DX1.1F0E0B47-29FF-456F-800A-539983FDCFAA,uni2,UNI2,0.6907216111818949,0.7673599310459646,0.49257364372412366,0.2052666743596395,-0.04949144530139727,0.04949144530139727
KIRC,TCGA-AK-3444-01Z-00-DX1.1F0E0B47-29FF-456F-800A-539983FDCFAA,virchow,Virchow,0.7037754853566488,0.9089738166996932,0.40622829149166745,0.1796000152826309,-3.3468795153223763,3.3468795153223763
KIRC,TCGA-AK-3444-01Z-00-DX1.1F0E0B47-29FF-456F-800A-539983FDCFAA,virchow2,Virchow2,0.42458457748095196,0.5122427068616097,0.6198647022247314,0.1841000020503997,-0.5637746565180796,0.5637746565180796
KIRC,TCGA-B0-5094-01Z-00-DX1.eac31fe2-09da-4ecf-8e25-c073cbb03295,gigapath,GigaPath,0.7275305787722269,0.8414847248658498,0.47418253123760223,0.1959333519140879,-1.4895950223274164,1.4895950223274164
KIRC,TCGA-B0-5094-01Z-00-DX1.eac31fe2-09da-4ecf-8e25-c073cbb03295,gigapath_flash,GigaPath-Flash,0.7475513815879822,0.8286137388160334,0.6379587054252625,0.1930000185966491,-1.5155765899889415,1.5155765899889415
KIRC,TCGA-B0-5094-01Z-00-DX1.eac31fe2-09da-4ecf-8e25-c073cbb03295,midnight,Midnight,0.8832971652348837,0.9066644559407712,0.3564583609501521,0.2068666766087214,-0.725386982393983,0.725386982393983
KIRC,TCGA-B0-5094-01Z-00-DX1.eac31fe2-09da-4ecf-8e25-c073cbb03295,phikon,Phikon,0.8857792218526205,0.9304610875276086,0.5822093337774277,0.2614333480596542,-1.2557619081928997,1.2557619081928997
KIRC,TCGA-B0-5094-01Z-00-DX1.eac31fe2-09da-4ecf-8e25-c073cbb03295,uni,UNI,0.8376268545786539,0.888110231058327,0.4720830172300339,0.2320333570241928,-0.6004798441595249,0.6004798441595249
KIRC,TCGA-B0-5094-01Z-00-DX1.eac31fe2-09da-4ecf-8e25-c073cbb03295,uni2,UNI2,0.811026950677236,0.8661979910652847,0.4608689546585083,0.2281000216801961,-0.29137998071637417,0.29137998071637417
KIRC,TCGA-B0-5094-01Z-00-DX1.eac31fe2-09da-4ecf-8e25-c073cbb03295,virchow,Virchow,0.6913919250170389,0.8858888697642,0.7111172080039978,0.1889333575963974,-3.2496933339385596,3.2496933339385596
KIRC,TCGA-B0-5094-01Z-00-DX1.eac31fe2-09da-4ecf-8e25-c073cbb03295,virchow2,Virchow2,0.6923639973004659,0.7758382779135957,0.7522799074649811,0.1982666750748952,-0.12994786924053392,0.12994786924053392
KIRC,TCGA-B0-5106-01Z-00-DX1.564e51a3-be50-4eed-ba9c-4d478b96ffc6,gigapath,GigaPath,0.6589998801549276,0.7667614096569116,0.3830514152844747,0.175200010339419,-0.9339742987483355,0.9339742987483355
KIRC,TCGA-B0-5106-01Z-00-DX1.564e51a3-be50-4eed-ba9c-4d478b96ffc6,gigapath_flash,GigaPath-Flash,0.6461187402407328,0.7216131691706258,0.5254399528106054,0.1785333454608917,-1.6494213065026782,1.6494213065026782
KIRC,TCGA-B0-5106-01Z-00-DX1.564e51a3-be50-4eed-ba9c-4d478b96ffc6,midnight,Midnight,0.7963609496752421,0.8261834613925741,0.3427015393972397,0.1992000142733256,-0.36415736461225023,0.36415736461225023
KIRC,TCGA-B0-5106-01Z-00-DX1.564e51a3-be50-4eed-ba9c-4d478b96ffc6,phikon,Phikon,0.7466053366661072,0.8008874648956227,0.5235896607240041,0.250800018509229,-1.1995134382354824,1.1995134382354824
KIRC,TCGA-B0-5106-01Z-00-DX1.564e51a3-be50-4eed-ba9c-4d478b96ffc6,uni,UNI,0.7377841273943583,0.7932224403067679,0.36740348984797794,0.2210333546002706,-0.3743958566426337,0.3743958566426337
KIRC,TCGA-B0-5106-01Z-00-DX1.564e51a3-be50-4eed-ba9c-4d478b96ffc6,uni2,UNI2,0.788133442401886,0.8236446383943601,0.5306528111298879,0.2195333540439605,-0.023460429547354597,0.023460429547354597
KIRC,TCGA-B0-5106-01Z-00-DX1.564e51a3-be50-4eed-ba9c-4d478b96ffc6,virchow,Virchow,0.6009432673454285,0.7864317984410648,0.7009713351726532,0.1791000068187713,-1.8169959480527225,1.8169959480527225
KIRC,TCGA-B0-5106-01Z-00-DX1.564e51a3-be50-4eed-ba9c-4d478b96ffc6,virchow2,Virchow2,0.5112774769465128,0.702720177017649,0.6799716154734293,0.172433353960514,-0.009893300553763777,0.009893300553763777
KIRC,TCGA-B0-5711-01Z-00-DX1.6839921f-ec08-4e94-8bf9-4b5a4fcdda45,gigapath,GigaPath,0.6949947476387024,0.8137572839072004,0.35576838503281266,0.1785666793584823,-0.8824941695221574,0.8824941695221574
KIRC,TCGA-B0-5711-01Z-00-DX1.6839921f-ec08-4e94-8bf9-4b5a4fcdda45,gigapath_flash,GigaPath-Flash,0.7575011253356934,0.8288879979375966,0.535016323129336,0.1913333535194397,-1.4524843456942782,1.4524843456942782
KIRC,TCGA-B0-5711-01Z-00-DX1.6839921f-ec08-4e94-8bf9-4b5a4fcdda45,midnight,Midnight,0.845933218797048,0.8793254417429972,0.3158715292811394,0.2017666747172673,-0.33914791427795865,0.33914791427795865
KIRC,TCGA-B0-5711-01Z-00-DX1.6839921f-ec08-4e94-8bf9-4b5a4fcdda45,phikon,Phikon,0.8199986418088278,0.8672512804259873,0.4435614347457886,0.2900000065565109,-1.5059680469314176,1.5059680469314176
KIRC,TCGA-B0-5711-01Z-00-DX1.6839921f-ec08-4e94-8bf9-4b5a4fcdda45,uni,UNI,0.8118171095848083,0.877925320613956,0.37718093395233154,0.2271333386500676,-0.4048035627536382,0.4048035627536382
KIRC,TCGA-B0-5711-01Z-00-DX1.6839921f-ec08-4e94-8bf9-4b5a4fcdda45,uni2,UNI2,0.8316429853439331,0.873862761565741,0.4822128514448802,0.2347666770219802,-0.04297778276436428,0.04297778276436428
KIRC,TCGA-B0-5711-01Z-00-DX1.6839921f-ec08-4e94-8bf9-4b5a4fcdda45,virchow,Virchow,0.6660636862119039,1.0447426845047605,0.6732054948806763,0.1975333491961161,-2.1027274359678945,2.1027274359678945
KIRC,TCGA-B0-5711-01Z-00-DX1.6839921f-ec08-4e94-8bf9-4b5a4fcdda45,virchow2,Virchow2,0.6945363481839498,0.8229744188740544,0.7076148986816406,0.1991000175476074,-0.008898660230413507,0.008898660230413507
KIRC,TCGA-B2-5633-01Z-00-DX1.c55a29ca-468e-46de-9ff5-a51f46fe09fd,gigapath,GigaPath,0.5003839532534281,0.5945987182181243,0.36045394092798233,0.2044333443045616,-1.3941290380871165,1.3941290380871165
KIRC,TCGA-B2-5633-01Z-00-DX1.c55a29ca-468e-46de-9ff5-a51f46fe09fd,gigapath_flash,GigaPath-Flash,0.5533104638258616,0.5845070514032321,0.5023348033428192,0.2092000146706899,-1.9309597838455228,1.9309597838455228
KIRC,TCGA-B2-5633-01Z-00-DX1.c55a29ca-468e-46de-9ff5-a51f46fe09fd,midnight,Midnight,0.5807876189549764,0.6309047083585411,0.34823572138945263,0.1919333562254905,-0.46237919261598914,0.46237919261598914
KIRC,TCGA-B2-5633-01Z-00-DX1.c55a29ca-468e-46de-9ff5-a51f46fe09fd,phikon,Phikon,0.6426317592461904,0.5900395387887356,0.4487157290180524,0.2751666853825251,-1.4355983896269964,1.4355983896269964
KIRC,TCGA-B2-5633-01Z-00-DX1.c55a29ca-468e-46de-9ff5-a51f46fe09fd,uni,UNI,0.5804924269517263,0.5485196619173818,0.32170586536327994,0.236333355307579,-0.6947400295686251,0.6947400295686251
KIRC,TCGA-B2-5633-01Z-00-DX1.c55a29ca-468e-46de-9ff5-a51f46fe09fd,uni2,UNI2,0.6463325917720795,0.6634981168377316,0.5331104795138041,0.2178666839996973,-0.04626890123901599,0.04626890123901599
KIRC,TCGA-B2-5633-01Z-00-DX1.c55a29ca-468e-46de-9ff5-a51f46fe09fd,virchow,Virchow,0.4735747178395589,0.5745380426058044,0.6764534761508306,0.1995333433151245,-2.667705731641738,2.667705731641738
KIRC,TCGA-B2-5633-01Z-00-DX1.c55a29ca-468e-46de-9ff5-a51f46fe09fd,virchow2,Virchow2,0.5055141448974609,0.5695551560344154,0.711975504954656,0.2011666794617971,-0.013193074640071025,0.013193074640071025
KIRC,TCGA-BP-4991-01Z-00-DX1.71305f5c-ca59-48fa-bb82-4b441c1fffdc,gigapath,GigaPath,0.7019777496655782,0.814704879860774,0.37811197340488434,0.1683333491285642,-1.4428994529835097,1.4428994529835097
KIRC,TCGA-BP-4991-01Z-00-DX1.71305f5c-ca59-48fa-bb82-4b441c1fffdc,gigapath_flash,GigaPath-Flash,0.7180695732434591,0.7983001748897687,0.5374194383621216,0.1754333352049192,-1.5863574616589775,1.5863574616589775
KIRC,TCGA-BP-4991-01Z-00-DX1.71305f5c-ca59-48fa-bb82-4b441c1fffdc,midnight,Midnight,0.9175215363502502,0.9351053608874677,0.2975948204596837,0.20210000872612,-0.6203495448068855,0.6203495448068855
KIRC,TCGA-BP-4991-01Z-00-DX1.71305f5c-ca59-48fa-bb82-4b441c1fffdc,phikon,Phikon,0.8347043593724569,0.8537539964450382,0.45741018404563266,0.2737333575884501,-1.7500458121835554,1.7500458121835554
KIRC,TCGA-BP-4991-01Z-00-DX1.71305f5c-ca59-48fa-bb82-4b441c1fffdc,uni,UNI,0.8584261337916056,0.9010502928260512,0.34672260036071134,0.2244333525498708,-0.8151581016178127,0.8151581016178127
KIRC,TCGA-BP-4991-01Z-00-DX1.71305f5c-ca59-48fa-bb82-4b441c1fffdc,uni2,UNI2,0.9008370041847229,0.9169632994154604,0.5478318283955256,0.2237000117699305,-0.07737999127671827,0.07737999127671827
KIRC,TCGA-BP-4991-01Z-00-DX1.71305f5c-ca59-48fa-bb82-4b441c1fffdc,virchow,Virchow,0.7257428566614786,0.766810125656077,0.6930896639823914,0.2083000193039576,-2.2803732236265604,2.2803732236265604
KIRC,TCGA-BP-4991-01Z-00-DX1.71305f5c-ca59-48fa-bb82-4b441c1fffdc,virchow2,Virchow2,0.6157187819480896,0.7359592802120284,0.7525610228379568,0.1993000010649363,-0.05500838736575455,0.05500838736575455
KIRC,TCGA-BP-5201-01Z-00-DX1.d1a9878e-bb97-48fb-9098-9d9337f06250,gigapath,GigaPath,0.555383970340093,0.6578677510339229,0.39553234229485196,0.1690000171462694,-0.9022195209506894,0.9022195209506894
KIRC,TCGA-BP-5201-01Z-00-DX1.d1a9878e-bb97-48fb-9098-9d9337f06250,gigapath_flash,GigaPath-Flash,0.5901739597320557,0.6562971461581764,0.6174774765968323,0.1753666823108991,-0.19782980851767842,0.19782980851767842
KIRC,TCGA-BP-5201-01Z-00-DX1.d1a9878e-bb97-48fb-9098-9d9337f06250,midnight,Midnight,0.3456207513809204,0.3244396778578821,0.505012239019076,0.1451666752497355,0.3293289179530261,-0.3293289179530261
KIRC,TCGA-BP-5201-01Z-00-DX1.d1a9878e-bb97-48fb-9098-9d9337f06250,phikon,Phikon,0.5546441773573557,0.6445361044284696,0.6151109089454015,0.1955333451430002,-0.8336690413941036,0.8336690413941036
KIRC,TCGA-BP-5201-01Z-00-DX1.d1a9878e-bb97-48fb-9098-9d9337f06250,uni,UNI,0.5596049924691519,0.6290798817364774,0.43877386550108594,0.1813666820526123,-0.3855645359492066,0.3855645359492066
KIRC,TCGA-BP-5201-01Z-00-DX1.d1a9878e-bb97-48fb-9098-9d9337f06250,uni2,UNI2,0.4759797950585683,0.5775311861391053,0.494491770863533,0.1507333442568779,-0.3141755900836824,0.3141755900836824
KIRC,TCGA-BP-5201-01Z-00-DX1.d1a9878e-bb97-48fb-9098-9d9337f06250,virchow,Virchow,0.43120916684468585,0.617930993138287,0.7246347268422445,0.1295000091195106,-2.528224748647518,2.528224748647518
KIRC,TCGA-BP-5201-01Z-00-DX1.d1a9878e-bb97-48fb-9098-9d9337f06250,virchow2,Virchow2,0.3434707721074422,0.9259250530275204,0.614796370267868,0.1384000157316526,-0.47558731842975493,0.47558731842975493
LUAD,TCGA-55-6986-01Z-00-DX1.ae52d41e-3cd6-4d36-b04b-2ea7d29bd8da,gigapath,GigaPath,0.5662176112333933,0.602412631661421,0.35942330211400986,0.1991333489616712,-0.8375657939391119,0.8375657939391119
LUAD,TCGA-55-6986-01Z-00-DX1.ae52d41e-3cd6-4d36-b04b-2ea7d29bd8da,gigapath_flash,GigaPath-Flash,0.5526443719863892,0.5963652289543964,0.49594107270240784,0.1839666714270909,-3.3700799415150895,3.3700799415150895
LUAD,TCGA-55-6986-01Z-00-DX1.ae52d41e-3cd6-4d36-b04b-2ea7d29bd8da,midnight,Midnight,0.6810171405474345,0.7439006500697869,0.36958656708399457,0.1645000105102857,-0.07243550134056952,0.07243550134056952
LUAD,TCGA-55-6986-01Z-00-DX1.ae52d41e-3cd6-4d36-b04b-2ea7d29bd8da,phikon,Phikon,0.6355559428532919,0.7131029061049522,0.4933743973573049,0.2331333408753077,-1.4662316365642292,1.4662316365642292
LUAD,TCGA-55-6986-01Z-00-DX1.ae52d41e-3cd6-4d36-b04b-2ea7d29bd8da,uni,UNI,0.6283530791600546,0.6868275002927802,0.3382072374224662,0.2179000079631805,-1.6546460347239018,1.6546460347239018
LUAD,TCGA-55-6986-01Z-00-DX1.ae52d41e-3cd6-4d36-b04b-2ea7d29bd8da,uni2,UNI2,0.6612523794174194,0.7338570157887143,0.4315742353598277,0.219333345691363,-0.018691435487495352,0.018691435487495352
LUAD,TCGA-55-6986-01Z-00-DX1.ae52d41e-3cd6-4d36-b04b-2ea7d29bd8da,virchow,Virchow,0.4035370548566182,0.6004295621355912,0.575720859070619,0.1794000069300333,-2.404960731374771,2.404960731374771
LUAD,TCGA-55-6986-01Z-00-DX1.ae52d41e-3cd6-4d36-b04b-2ea7d29bd8da,virchow2,Virchow2,0.35017818709214527,0.5376302970826757,0.6453787386417389,0.1736000056068102,-0.08679402172954558,0.08679402172954558
LUAD,TCGA-64-5779-01Z-00-DX1.B3268447-DCE0-4927-B5A9-EC4D61E9B17D,gigapath,GigaPath,0.4572691321372986,0.4621216177479882,0.303293228149414,0.1402666717767715,1.0879349564856193,-1.0879349564856193
LUAD,TCGA-64-5779-01Z-00-DX1.B3268447-DCE0-4927-B5A9-EC4D61E9B17D,gigapath_flash,GigaPath-Flash,0.42865478495756787,0.457576273704506,0.42511435598134995,0.1337000131607055,0.269063415229917,-0.269063415229917
LUAD,TCGA-64-5779-01Z-00-DX1.B3268447-DCE0-4927-B5A9-EC4D61E9B17D,midnight,Midnight,0.4592915525039037,0.4371682939037057,0.3964389314254125,0.1228000024954478,-0.08888184348300535,0.08888184348300535
LUAD,TCGA-64-5779-01Z-00-DX1.B3268447-DCE0-4927-B5A9-EC4D61E9B17D,phikon,Phikon,0.4691460331281026,0.5154847414220601,0.4027897467215856,0.1763333429892858,1.150741151122911,-1.150741151122911
LUAD,TCGA-64-5779-01Z-00-DX1.B3268447-DCE0-4927-B5A9-EC4D61E9B17D,uni,UNI,0.43197551866372425,0.4326233132146995,0.2851096056401729,0.1507000103592872,0.30766501149746867,-0.30766501149746867
LUAD,TCGA-64-5779-01Z-00-DX1.B3268447-DCE0-4927-B5A9-EC4D61E9B17D,uni2,UNI2,0.4956974387168884,0.5032540999261091,0.40112245579560596,0.1591333399216334,0.8045270970639145,-0.8045270970639145
LUAD,TCGA-64-5779-01Z-00-DX1.B3268447-DCE0-4927-B5A9-EC4D61E9B17D,virchow,Virchow,0.37479742368062335,0.3280590166959023,0.43417565524578094,0.1272333413362503,-0.893998667269552,0.893998667269552
LUAD,TCGA-64-5779-01Z-00-DX1.B3268447-DCE0-4927-B5A9-EC4D61E9B17D,virchow2,Virchow2,0.27838619053363794,0.4408265771325254,0.6017860372861227,0.1092666735251744,-0.18412235415978273,0.18412235415978273
LUAD,TCGA-78-7158-01Z-00-DX1.74db3dcd-2715-4ce7-8e48-30c8b7946ba0,gigapath,GigaPath,0.45779717961947125,0.5163089716066127,0.3823188990354538,0.1295333455006281,-1.5704753220347902,1.5704753220347902
LUAD,TCGA-78-7158-01Z-00-DX1.74db3dcd-2715-4ce7-8e48-30c8b7946ba0,gigapath_flash,GigaPath-Flash,0.5071433981259664,0.5514144430693824,0.5998797317345937,0.1244000072280566,-3.0877011143008373,3.0877011143008373
LUAD,TCGA-78-7158-01Z-00-DX1.74db3dcd-2715-4ce7-8e48-30c8b7946ba0,midnight,Midnight,0.5773806075255076,0.6649568359877578,0.4119060238202413,0.1279333407680193,-0.1912464753399915,0.1912464753399915
LUAD,TCGA-78-7158-01Z-00-DX1.74db3dcd-2715-4ce7-8e48-30c8b7946ba0,phikon,Phikon,0.6158204277356466,0.6697592090101795,0.5516961713631948,0.1879666646321614,-1.8766100726421193,1.8766100726421193
LUAD,TCGA-78-7158-01Z-00-DX1.74db3dcd-2715-4ce7-8e48-30c8b7946ba0,uni,UNI,0.5779964129130045,0.5983666688951258,0.40508214632670086,0.1622333427270253,-1.849971872625665,1.849971872625665
LUAD,TCGA-78-7158-01Z-00-DX1.74db3dcd-2715-4ce7-8e48-30c8b7946ba0,uni2,UNI2,0.5799123148123423,0.6353703184287173,0.43019941449165344,0.1675333430369695,-0.035720750928675625,0.035720750928675625
LUAD,TCGA-78-7158-01Z-00-DX1.74db3dcd-2715-4ce7-8e48-30c8b7946ba0,virchow,Virchow,0.3405516097942988,0.6220871045558555,0.6253392299016317,0.1065666725238164,-3.3766153840447077,3.3766153840447077
LUAD,TCGA-78-7158-01Z-00-DX1.74db3dcd-2715-4ce7-8e48-30c8b7946ba0,virchow2,Virchow2,0.3391111195087433,0.4759193106340259,0.632649431626002,0.1237666780749956,-0.36383186640517085,0.36383186640517085
LUAD,TCGA-78-7163-01Z-00-DX1.42880bdf-271d-41dd-aada-e7ec1156ff31,gigapath,GigaPath,0.5199407239754995,0.6078421993530686,0.4204103449980417,0.1412000134587288,-1.4225119440129101,1.4225119440129101
LUAD,TCGA-78-7163-01Z-00-DX1.42880bdf-271d-41dd-aada-e7ec1156ff31,gigapath_flash,GigaPath-Flash,0.5462333063284556,0.5760426115598187,0.5721636116504669,0.1420000120997429,-2.7377895468678455,2.7377895468678455
LUAD,TCGA-78-7163-01Z-00-DX1.42880bdf-271d-41dd-aada-e7ec1156ff31,midnight,Midnight,0.48228151599566144,0.6023737283368463,0.6686611771583557,0.1277000159025192,-0.13073046460161852,0.13073046460161852
LUAD,TCGA-78-7163-01Z-00-DX1.42880bdf-271d-41dd-aada-e7ec1156ff31,phikon,Phikon,0.5914163092772166,0.6681577279923732,0.5719833523035049,0.1709333484371503,-1.9616582332767623,1.9616582332767623
LUAD,TCGA-78-7163-01Z-00-DX1.42880bdf-271d-41dd-aada-e7ec1156ff31,uni,UNI,0.5791349907716116,0.6422096457614088,0.4299565255641937,0.1561333462595939,-2.7950359169048204,2.7950359169048204
LUAD,TCGA-78-7163-01Z-00-DX1.42880bdf-271d-41dd-aada-e7ec1156ff31,uni2,UNI2,0.6611384550730387,0.657449711606124,0.5478677600622177,0.1546666746338208,-0.1508184519172586,0.1508184519172586
LUAD,TCGA-78-7163-01Z-00-DX1.42880bdf-271d-41dd-aada-e7ec1156ff31,virchow,Virchow,0.3969183067480723,0.5037685675445333,0.7075966000556946,0.1284666682283083,-4.069511368909659,4.069511368909659
LUAD,TCGA-78-7163-01Z-00-DX1.42880bdf-271d-41dd-aada-e7ec1156ff31,virchow2,Virchow2,0.29960161447525024,0.4402686385132388,0.6993143061796824,0.1092000032464663,-0.45879791550648635,0.45879791550648635
LUAD,TCGA-78-7536-01Z-00-DX1.6b066140-8b82-40a5-bd48-430eeb4463fe,gigapath,GigaPath,0.3258257855971654,0.3966704468093586,0.3267885694901148,0.0994000062346458,-1.8466510907794644,1.8466510907794644
LUAD,TCGA-78-7536-01Z-00-DX1.6b066140-8b82-40a5-bd48-430eeb4463fe,gigapath_flash,GigaPath-Flash,0.30091336369514465,0.3879111397991495,0.5004753371079763,0.0969333350658416,-2.9915839946683938,2.9915839946683938
LUAD,TCGA-78-7536-01Z-00-DX1.6b066140-8b82-40a5-bd48-430eeb4463fe,midnight,Midnight,0.4227796842654546,0.3932417895105027,0.39759225646654767,0.090800005942583,-0.19474606387364332,0.19474606387364332
LUAD,TCGA-78-7536-01Z-00-DX1.6b066140-8b82-40a5-bd48-430eeb4463fe,phikon,Phikon,0.4119008084138234,0.5778152226923975,0.4582422698537509,0.1433000043034553,-1.6441618803215114,1.6441618803215114
LUAD,TCGA-78-7536-01Z-00-DX1.6b066140-8b82-40a5-bd48-430eeb4463fe,uni,UNI,0.3690024862686793,0.4166446574970378,0.3677342211206754,0.1217666740218798,-2.1708265236179827,2.1708265236179827
LUAD,TCGA-78-7536-01Z-00-DX1.6b066140-8b82-40a5-bd48-430eeb4463fe,uni2,UNI2,0.3800544887781143,0.4418150338174215,0.4021006375551224,0.134100005030632,-0.20188817406657864,0.20188817406657864
LUAD,TCGA-78-7536-01Z-00-DX1.6b066140-8b82-40a5-bd48-430eeb4463fe,virchow,Virchow,0.23149660726388288,0.5026862177564797,0.5687195509672165,0.0913333420952161,-3.1845508326666403,3.1845508326666403
LUAD,TCGA-78-7536-01Z-00-DX1.6b066140-8b82-40a5-bd48-430eeb4463fe,virchow2,Virchow2,0.17776821802059808,0.2439159289607944,0.6450265447298685,0.0931333402792612,-1.3313532348458745,1.3313532348458745
LUAD,TCGA-86-8668-01Z-00-DX1.d720d486-02c7-4f98-8feb-e0e50a12c158,gigapath,GigaPath,0.6033008595307668,0.6586020696909813,0.3388933055102825,0.1625333403547605,-0.28234433883333104,0.28234433883333104
LUAD,TCGA-86-8668-01Z-00-DX1.d720d486-02c7-4f98-8feb-e0e50a12c158,gigapath_flash,GigaPath-Flash,0.6258236865202585,0.7074940034125247,0.39808332920074463,0.163766677180926,-1.9400779231530796,1.9400779231530796
LUAD,TCGA-86-8668-01Z-00-DX1.d720d486-02c7-4f98-8feb-e0e50a12c158,midnight,Midnight,0.7000459432601929,0.7505957567660528,0.3326238791147868,0.1389333481589953,-0.12548465728120103,0.12548465728120103
LUAD,TCGA-86-8668-01Z-00-DX1.d720d486-02c7-4f98-8feb-e0e50a12c158,phikon,Phikon,0.7235974669456482,0.7981492495962662,0.4418286706010501,0.2079000174999237,-1.6254003803674697,1.6254003803674697
LUAD,TCGA-86-8668-01Z-00-DX1.d720d486-02c7-4f98-8feb-e0e50a12c158,uni,UNI,0.6974714398384094,0.7685646044520366,0.31853051235278446,0.1870000039537747,-1.5259005511797903,1.5259005511797903
LUAD,TCGA-86-8668-01Z-00-DX1.d720d486-02c7-4f98-8feb-e0e50a12c158,uni2,UNI2,0.664652943611145,0.7695226552187039,0.44457680980364483,0.1761666759848594,-0.00013428335083261333,0.00013428335083261333
LUAD,TCGA-86-8668-01Z-00-DX1.d720d486-02c7-4f98-8feb-e0e50a12c158,virchow,Virchow,0.539760043223699,0.8565714124386398,0.5401565184195837,0.1506333450476328,-1.6189788981182203,1.6189788981182203
LUAD,TCGA-86-8668-01Z-00-DX1.d720d486-02c7-4f98-8feb-e0e50a12c158,virchow2,Virchow2,0.4253218472003937,0.6120737068925283,0.6327509085337321,0.142400008936723,-0.19091344621599912,0.19091344621599912
LUAD,TCGA-97-A4LX-01Z-00-DX1.B2334672-A626-4E74-B4D1-A79F70F65909,gigapath,GigaPath,0.5035722653071085,0.5880360719161273,0.3830210578938325,0.1128000145157178,-1.5565886102947752,1.5565886102947752
LUAD,TCGA-97-A4LX-01Z-00-DX1.B2334672-A626-4E74-B4D1-A79F70F65909,gigapath_flash,GigaPath-Flash,0.499510794878006,0.5240668665041762,0.5377821773290634,0.1027333376308282,-2.842216192704948,2.842216192704948
LUAD,TCGA-97-A4LX-01Z-00-DX1.B2334672-A626-4E74-B4D1-A79F70F65909,midnight,Midnight,0.6287226776281992,0.6273454528547323,0.38211121658484143,0.1007000058889389,-0.06746577956804266,0.06746577956804266
LUAD,TCGA-97-A4LX-01Z-00-DX1.B2334672-A626-4E74-B4D1-A79F70F65909,phikon,Phikon,0.6008052925268809,0.6495186324832455,0.44999633232752484,0.1451333363850911,-1.590324713885955,1.590324713885955
LUAD,TCGA-97-A4LX-01Z-00-DX1.B2334672-A626-4E74-B4D1-A79F70F65909,uni,UNI,0.5753371218840281,0.6733942819739752,0.26171598459283507,0.1373333434263865,-1.701185002948938,1.701185002948938
LUAD,TCGA-97-A4LX-01Z-00-DX1.B2334672-A626-4E74-B4D1-A79F70F65909,uni2,UNI2,0.5974307060241699,0.7184932060434199,0.35804122189680737,0.1226666793227195,-0.070743949311538,0.070743949311538
LUAD,TCGA-97-A4LX-01Z-00-DX1.B2334672-A626-4E74-B4D1-A79F70F65909,virchow,Virchow,0.45220805207888287,0.5870761203866182,0.3810112302501996,0.1086000129580497,-3.3567529770421896,3.3567529770421896
LUAD,TCGA-97-A4LX-01Z-00-DX1.B2334672-A626-4E74-B4D1-A79F70F65909,virchow2,Virchow2,0.3661826103925705,0.5668783637001504,0.658900797367096,0.1058000102639198,-0.07893483149130595,0.07893483149130595
LUAD,TCGA-97-A4M2-01Z-00-DX1.5C72522C-1538-4D68-B517-5FB05A9D401A,gigapath,GigaPath,0.6079384386539459,0.7384185113015705,0.36529060701529187,0.1597666715582212,-1.3445264430559547,1.3445264430559547
LUAD,TCGA-97-A4M2-01Z-00-DX1.5C72522C-1538-4D68-B517-5FB05A9D401A,gigapath_flash,GigaPath-Flash,0.6373066405455271,0.6984090069861759,0.5320419271787008,0.157300017774105,-3.1061173284424957,3.1061173284424957
LUAD,TCGA-97-A4M2-01Z-00-DX1.5C72522C-1538-4D68-B517-5FB05A9D401A,midnight,Midnight,0.7262742718060812,0.7351002760010064,0.35442817707856494,0.1444333394368489,-0.06605485374359805,0.06605485374359805
LUAD,TCGA-97-A4M2-01Z-00-DX1.5C72522C-1538-4D68-B517-5FB05A9D401A,phikon,Phikon,0.7507058382034302,0.8271936974908755,0.4392004931966464,0.2164666752020518,-1.8163789939132893,1.8163789939132893
LUAD,TCGA-97-A4M2-01Z-00-DX1.5C72522C-1538-4D68-B517-5FB05A9D401A,uni,UNI,0.6658904155095419,0.7494586459306483,0.2540124915540218,0.2021333426237106,-1.9874008836711652,1.9874008836711652
LUAD,TCGA-97-A4M2-01Z-00-DX1.5C72522C-1538-4D68-B517-5FB05A9D401A,uni2,UNI2,0.7131324807802836,0.8149652102944072,0.34928030769030255,0.1866666699449221,-0.10711307512795322,0.10711307512795322
LUAD,TCGA-97-A4M2-01Z-00-DX1.5C72522C-1538-4D68-B517-5FB05A9D401A,virchow,Virchow,0.5461568832397461,1.002321452151054,0.4099511280655861,0.1522000059485435,-3.131723968331139,3.131723968331139
LUAD,TCGA-97-A4M2-01Z-00-DX1.5C72522C-1538-4D68-B517-5FB05A9D401A,virchow2,Virchow2,0.4126166403293609,0.699086295366247,0.6338310341040293,0.1539333388209343,-0.19978105511458183,0.19978105511458183
LUAD,TCGA-J2-A4AE-01Z-00-DX1.42C5DE4A-7787-4E59-8969-D12503262C96,gigapath,GigaPath,0.692719837029775,0.7527317121466467,0.3391080362101396,0.1765000149607658,-1.6298770690479343,1.6298770690479343
LUAD,TCGA-J2-A4AE-01Z-00-DX1.42C5DE4A-7787-4E59-8969-D12503262C96,gigapath_flash,GigaPath-Flash,0.6665431261062622,0.7193833617890815,0.4895288000504176,0.1578666741649309,-3.0670894114618608,3.0670894114618608
LUAD,TCGA-J2-A4AE-01Z-00-DX1.42C5DE4A-7787-4E59-8969-D12503262C96,midnight,Midnight,0.7876974741617838,0.7804353312340448,0.2744017814596494,0.139900008837382,-0.0988823475714334,0.0988823475714334
LUAD,TCGA-J2-A4AE-01Z-00-DX1.42C5DE4A-7787-4E59-8969-D12503262C96,phikon,Phikon,0.7469266255696615,0.8032135281835417,0.43540573368469876,0.2377333591381708,-2.0594617687233643,2.0594617687233643
LUAD,TCGA-J2-A4AE-01Z-00-DX1.42C5DE4A-7787-4E59-8969-D12503262C96,uni,UNI,0.7308685183525085,0.8016977827703107,0.2312592044472694,0.1952666789293289,-1.9640586321992763,1.9640586321992763
LUAD,TCGA-J2-A4AE-01Z-00-DX1.42C5DE4A-7787-4E59-8969-D12503262C96,uni2,UNI2,0.7464468677838644,0.8205329635174698,0.3708812693754832,0.1712666799624761,-0.06964904027213377,0.06964904027213377
LUAD,TCGA-J2-A4AE-01Z-00-DX1.42C5DE4A-7787-4E59-8969-D12503262C96,virchow,Virchow,0.5357855359713236,0.6329834401193051,0.3638794844349225,0.1477666770418485,-2.2319363428157053,2.2319363428157053
LUAD,TCGA-J2-A4AE-01Z-00-DX1.42C5DE4A-7787-4E59-8969-D12503262C96,virchow2,Virchow2,0.5334286491076151,0.6825015966115865,0.6615207195281982,0.1547666763265927,-0.3035668916767756,0.3035668916767756
STAD,TCGA-BR-6452-01Z-00-DX1.aec8246e-9dce-436d-9faa-df8fa1f6e47c,gigapath,GigaPath,0.5229208767414093,0.6593644657691871,0.34730804959932965,0.2171333581209182,-1.637523955453188,1.637523955453188
STAD,TCGA-BR-6452-01Z-00-DX1.aec8246e-9dce-436d-9faa-df8fa1f6e47c,gigapath_flash,GigaPath-Flash,0.5290355781714121,0.5552465152718477,0.4783743619918823,0.2030000165104866,-4.608157651140846,4.608157651140846
STAD,TCGA-BR-6452-01Z-00-DX1.aec8246e-9dce-436d-9faa-df8fa1f6e47c,midnight,Midnight,0.6714350779851278,0.6921242833478192,0.31674963732560474,0.1973000168800354,0.9961395083055022,-0.9961395083055022
STAD,TCGA-BR-6452-01Z-00-DX1.aec8246e-9dce-436d-9faa-df8fa1f6e47c,phikon,Phikon,0.7022103667259216,0.78865884231547,0.4982009579737981,0.2856666942437489,-1.1096699902297797,1.1096699902297797
STAD,TCGA-BR-6452-01Z-00-DX1.aec8246e-9dce-436d-9faa-df8fa1f6e47c,uni,UNI,0.6244278053442637,0.6900193403168231,0.3447577903668085,0.2504666795333226,-0.4059849220394139,0.4059849220394139
STAD,TCGA-BR-6452-01Z-00-DX1.aec8246e-9dce-436d-9faa-df8fa1f6e47c,uni2,UNI2,0.6961197257041931,0.7925297582766312,0.42542608827352524,0.2604333460330963,-0.943631393251763,0.943631393251763
STAD,TCGA-BR-6452-01Z-00-DX1.aec8246e-9dce-436d-9faa-df8fa1f6e47c,virchow,Virchow,0.426594614982605,0.8437155771867662,0.5948823144038519,0.1924333522717158,-5.038513545391412,5.038513545391412
STAD,TCGA-BR-6452-01Z-00-DX1.aec8246e-9dce-436d-9faa-df8fa1f6e47c,virchow2,Virchow2,0.38112976650396985,0.5435131306159475,0.6012150049209595,0.216600015759468,-1.0292409758380878,1.0292409758380878
STAD,TCGA-BR-6454-01Z-00-DX1.63fb6280-2b43-49b2-960a-eb9c0e8b617c,gigapath,GigaPath,0.3140606681505839,0.3489932975666137,0.3009154175718625,0.12950000166893,-3.137175584066702,3.137175584066702
STAD,TCGA-BR-6454-01Z-00-DX1.63fb6280-2b43-49b2-960a-eb9c0e8b617c,gigapath_flash,GigaPath-Flash,0.3328104813893636,0.3670852367032245,0.4552837858597438,0.1281333441535631,-6.050206857443625,6.050206857443625
STAD,TCGA-BR-6454-01Z-00-DX1.63fb6280-2b43-49b2-960a-eb9c0e8b617c,midnight,Midnight,0.32855129241943354,0.3309503383248202,0.3037654409805933,0.1063666728635629,-0.08543052750575793,0.08543052750575793
STAD,TCGA-BR-6454-01Z-00-DX1.63fb6280-2b43-49b2-960a-eb9c0e8b617c,phikon,Phikon,0.58481365442276,0.7093958151903121,0.4411256362994512,0.1928666879733403,-1.2125323015055185,1.2125323015055185
STAD,TCGA-BR-6454-01Z-00-DX1.63fb6280-2b43-49b2-960a-eb9c0e8b617c,uni,UNI,0.40693827470143634,0.5299797246483914,0.33182479689518607,0.1427333429455757,-1.9468022396342162,1.9468022396342162
STAD,TCGA-BR-6454-01Z-00-DX1.63fb6280-2b43-49b2-960a-eb9c0e8b617c,uni2,UNI2,0.4465802510579427,0.5578784914059832,0.4237721115350723,0.1576000079512596,-0.9148824004165282,0.9148824004165282
STAD,TCGA-BR-6454-01Z-00-DX1.63fb6280-2b43-49b2-960a-eb9c0e8b617c,virchow,Virchow,0.22065334518750504,0.4677961593530399,0.5175876567761103,0.1172666773200035,-7.230179613868903,7.230179613868903
STAD,TCGA-BR-6454-01Z-00-DX1.63fb6280-2b43-49b2-960a-eb9c0e8b617c,virchow2,Virchow2,0.20823163787523902,0.3465070557420835,0.6322745233774185,0.1146666780114173,-0.6825579606549905,0.6825579606549905
STAD,TCGA-BR-A4CQ-01Z-00-DX1.B63282A5-154D-441B-BF96-5BB26CB6D95E,gigapath,GigaPath,0.6196342209974924,0.7301058682477893,0.36107590422034264,0.2056333447496096,-2.071449194743746,2.071449194743746
STAD,TCGA-BR-A4CQ-01Z-00-DX1.B63282A5-154D-441B-BF96-5BB26CB6D95E,gigapath_flash,GigaPath-Flash,0.6349072158336639,0.7068487726039777,0.5398025214672089,0.1931666856010755,-3.8706266876747284,3.8706266876747284
STAD,TCGA-BR-A4CQ-01Z-00-DX1.B63282A5-154D-441B-BF96-5BB26CB6D95E,midnight,Midnight,0.7492472132047018,0.7642519514714986,0.3767340729633967,0.1981333494186401,-0.3443485728900698,0.3443485728900698
STAD,TCGA-BR-A4CQ-01Z-00-DX1.B63282A5-154D-441B-BF96-5BB26CB6D95E,phikon,Phikon,0.7801684737205505,0.8294481576076776,0.48183832814296085,0.2865666796763738,-1.007302386505065,1.007302386505065
STAD,TCGA-BR-A4CQ-01Z-00-DX1.B63282A5-154D-441B-BF96-5BB26CB6D95E,uni,UNI,0.6774675448735555,0.7723177172492781,0.29094926267862314,0.2478000223636627,-1.5071036398088744,1.5071036398088744
STAD,TCGA-BR-A4CQ-01Z-00-DX1.B63282A5-154D-441B-BF96-5BB26CB6D95E,uni2,UNI2,0.7326358358065287,0.794679291395248,0.349855437874794,0.2624000211556752,-0.7475750624746491,0.7475750624746491
STAD,TCGA-BR-A4CQ-01Z-00-DX1.B63282A5-154D-441B-BF96-5BB26CB6D95E,virchow,Virchow,0.6169506013393402,0.6912412635481765,0.46844842036565143,0.2097333470980326,-5.850735992307916,5.850735992307916
STAD,TCGA-BR-A4CQ-01Z-00-DX1.B63282A5-154D-441B-BF96-5BB26CB6D95E,virchow2,Virchow2,0.41417184472084045,0.62084903712239,0.6196127335230509,0.2080666820208231,-0.8440406605604589,0.8440406605604589
STAD,TCGA-CD-A487-01Z-00-DX1.A026BD2F-B721-4340-83D5-7AA39227C90F,gigapath,GigaPath,0.548189510901769,0.7339287089113513,0.3842269976933797,0.2556666880846023,-1.933647331935442,1.933647331935442
STAD,TCGA-CD-A487-01Z-00-DX1.A026BD2F-B721-4340-83D5-7AA39227C90F,gigapath_flash,GigaPath-Flash,0.518903930981954,0.7649426275746634,0.5563859939575195,0.2421333491802215,-3.0997323003013646,3.0997323003013646
STAD,TCGA-CD-A487-01Z-00-DX1.A026BD2F-B721-4340-83D5-7AA39227C90F,midnight,Midnight,0.7694186766942342,0.830871824685277,0.3461303760608037,0.2686000118652979,-0.5780919568432166,0.5780919568432166
STAD,TCGA-CD-A487-01Z-00-DX1.A026BD2F-B721-4340-83D5-7AA39227C90F,phikon,Phikon,0.7233953873316447,0.7856174735407064,0.5023283213376999,0.3789333701133728,-0.37627359451030246,0.37627359451030246
STAD,TCGA-CD-A487-01Z-00-DX1.A026BD2F-B721-4340-83D5-7AA39227C90F,uni,UNI,0.633685827255249,0.7884666269364909,0.3230820794900258,0.3224000285069148,-0.7546320688815663,0.7546320688815663
STAD,TCGA-CD-A487-01Z-00-DX1.A026BD2F-B721-4340-83D5-7AA39227C90F,uni2,UNI2,0.6795318722724915,0.7681906652892334,0.37597213437159854,0.3292000194390614,-0.656268635376712,0.656268635376712
STAD,TCGA-CD-A487-01Z-00-DX1.A026BD2F-B721-4340-83D5-7AA39227C90F,virchow,Virchow,0.5624027450879415,0.7053091152016235,0.4890606105327606,0.2581333567698796,-4.236818926456171,4.236818926456171
STAD,TCGA-CD-A487-01Z-00-DX1.A026BD2F-B721-4340-83D5-7AA39227C90F,virchow2,Virchow2,0.3467391033967336,0.6043539782545077,0.6139161735773087,0.2421666781107584,-0.7363821082708165,0.7363821082708165
STAD,TCGA-FP-8209-01Z-00-DX1.a5e13081-1631-44d4-8d6a-c229a22c2311,gigapath,GigaPath,0.5552152395248413,0.6473405522138554,0.3260283172130584,0.2605666915575663,-2.2768572463496586,2.2768572463496586
STAD,TCGA-FP-8209-01Z-00-DX1.a5e13081-1631-44d4-8d6a-c229a22c2311,gigapath_flash,GigaPath-Flash,0.5639156103134155,0.6726338296615554,0.4826824913422267,0.2553666879733403,-5.110320119318194,5.110320119318194
STAD,TCGA-FP-8209-01Z-00-DX1.a5e13081-1631-44d4-8d6a-c229a22c2311,midnight,Midnight,0.6921190619468689,0.783150763304347,0.39143464465936023,0.2513666898012161,-0.07816176989730264,0.07816176989730264
STAD,TCGA-FP-8209-01Z-00-DX1.a5e13081-1631-44d4-8d6a-c229a22c2311,phikon,Phikon,0.6697122057278951,0.7314704270968534,0.46940744668245316,0.3178333441416422,-0.6792417626994763,0.6792417626994763
STAD,TCGA-FP-8209-01Z-00-DX1.a5e13081-1631-44d4-8d6a-c229a22c2311,uni,UNI,0.6315899789333344,0.7099220776120878,0.3317852665980657,0.2964666932821274,0.07293217990795037,-0.07293217990795037
STAD,TCGA-FP-8209-01Z-00-DX1.a5e13081-1631-44d4-8d6a-c229a22c2311,uni2,UNI2,0.6625170509020487,0.7502625673986223,0.34858658413092286,0.298900028069814,-0.13236833187590885,0.13236833187590885
STAD,TCGA-FP-8209-01Z-00-DX1.a5e13081-1631-44d4-8d6a-c229a22c2311,virchow,Virchow,0.5125235120455424,0.82638933095852,0.5808582355578741,0.2801333367824554,-3.866359748778569,3.866359748778569
STAD,TCGA-FP-8209-01Z-00-DX1.a5e13081-1631-44d4-8d6a-c229a22c2311,virchow2,Virchow2,0.31878003478050226,0.5347328342559582,0.611550951997439,0.2480000108480453,-0.6090010943371293,0.6090010943371293
STAD,TCGA-SW-A7EA-01Z-00-DX1.C5E1BE0E-0A25-4480-A3AC-DB2ED7471A4E,gigapath,GigaPath,0.8353308240572611,0.930836232579991,0.3801684429248174,0.212166686852773,-3.555394328100054,3.555394328100054
STAD,TCGA-SW-A7EA-01Z-00-DX1.C5E1BE0E-0A25-4480-A3AC-DB2ED7471A4E,gigapath_flash,GigaPath-Flash,0.8596169153849283,0.920730989854924,0.5648501962423325,0.2208666801452636,-3.9321941538267438,3.9321941538267438
STAD,TCGA-SW-A7EA-01Z-00-DX1.C5E1BE0E-0A25-4480-A3AC-DB2ED7471A4E,midnight,Midnight,0.8977681199709574,0.913159746049331,0.46254221101601917,0.2311666806538899,-0.10117775074265337,0.10117775074265337
STAD,TCGA-SW-A7EA-01Z-00-DX1.C5E1BE0E-0A25-4480-A3AC-DB2ED7471A4E,phikon,Phikon,0.8908470074335734,0.92909344743858,0.5709065198898315,0.2536000212033589,-0.7188037964127912,0.7188037964127912
STAD,TCGA-SW-A7EA-01Z-00-DX1.C5E1BE0E-0A25-4480-A3AC-DB2ED7471A4E,uni,UNI,0.8641354044278463,0.909819131810882,0.40801145633061725,0.2527333498001098,-2.4314271002280283,2.4314271002280283
STAD,TCGA-SW-A7EA-01Z-00-DX1.C5E1BE0E-0A25-4480-A3AC-DB2ED7471A4E,uni2,UNI2,0.8212726712226868,0.9018826711805809,0.36781282474597293,0.2470333476861318,-1.3716758743272954,1.3716758743272954
STAD,TCGA-SW-A7EA-01Z-00-DX1.C5E1BE0E-0A25-4480-A3AC-DB2ED7471A4E,virchow,Virchow,0.8484988212585449,0.9947486783339328,0.5909927785396576,0.2072666784127553,-4.945670896012725,4.945670896012725
STAD,TCGA-SW-A7EA-01Z-00-DX1.C5E1BE0E-0A25-4480-A3AC-DB2ED7471A4E,virchow2,Virchow2,0.6920376420021057,0.8476344794255611,0.628824363152186,0.215799997250239,-1.0392483900338279,1.0392483900338279
STAD,TCGA-VQ-A8PY-01Z-00-DX1.EA2C7386-012A-442A-95B3-FFA12BD2684D,gigapath,GigaPath,0.6717312534650167,0.7956407165347801,0.36513833204905194,0.247533361117045,-1.9872924295419216,1.9872924295419216
STAD,TCGA-VQ-A8PY-01Z-00-DX1.EA2C7386-012A-442A-95B3-FFA12BD2684D,gigapath_flash,GigaPath-Flash,0.6394599477450053,0.686904237105216,0.5354328801234564,0.2388666868209839,-3.6352157843932127,3.6352157843932127
STAD,TCGA-VQ-A8PY-01Z-00-DX1.EA2C7386-012A-442A-95B3-FFA12BD2684D,midnight,Midnight,0.8140066663424174,0.8536318278845519,0.3965112467606862,0.2418000151713689,-0.22579147438710903,0.22579147438710903
STAD,TCGA-VQ-A8PY-01Z-00-DX1.EA2C7386-012A-442A-95B3-FFA12BD2684D,phikon,Phikon,0.7779266834259033,0.8523083001948534,0.4622359573841095,0.3383000294367472,-0.995468829300299,0.995468829300299
STAD,TCGA-VQ-A8PY-01Z-00-DX1.EA2C7386-012A-442A-95B3-FFA12BD2684D,uni,UNI,0.7384235461552938,0.841794388564488,0.3010467166701952,0.2917000253995259,-0.6825553259539864,0.6825553259539864
STAD,TCGA-VQ-A8PY-01Z-00-DX1.EA2C7386-012A-442A-95B3-FFA12BD2684D,uni2,UNI2,0.8356192111968994,0.877217682269337,0.3944922188917796,0.2924666901429494,-0.31387668812985986,0.31387668812985986
STAD,TCGA-VQ-A8PY-01Z-00-DX1.EA2C7386-012A-442A-95B3-FFA12BD2684D,virchow,Virchow,0.687356173992157,0.7681371966958802,0.4230942676464717,0.2608000387748082,-4.443439291872362,4.443439291872362
STAD,TCGA-VQ-A8PY-01Z-00-DX1.EA2C7386-012A-442A-95B3-FFA12BD2684D,virchow2,Virchow2,0.390128493309021,0.6899235797316764,0.6646739939848582,0.2287333458662033,-1.238473788525106,1.238473788525106
STAD,TCGA-VQ-A924-01Z-00-DX1.736B41F3-9678-4FAF-AE86-FCAC4F6DCBD3,gigapath,GigaPath,0.5251391331354777,0.6248658326242622,0.3477202802896499,0.1831000099579493,-3.2506289527119945,3.2506289527119945
STAD,TCGA-VQ-A924-01Z-00-DX1.736B41F3-9678-4FAF-AE86-FCAC4F6DCBD3,gigapath_flash,GigaPath-Flash,0.48360074559847516,0.5448031531173846,0.527592067917188,0.1724000101288159,-5.088753294700089,5.088753294700089
STAD,TCGA-VQ-A924-01Z-00-DX1.736B41F3-9678-4FAF-AE86-FCAC4F6DCBD3,midnight,Midnight,0.7761352260907491,0.7983165758474795,0.30919678012530005,0.1686000103751818,-0.6044646757884903,0.6044646757884903
STAD,TCGA-VQ-A924-01Z-00-DX1.736B41F3-9678-4FAF-AE86-FCAC4F6DCBD3,phikon,Phikon,0.6928976774215698,0.7500927154406792,0.469010757903258,0.2646000236272812,0.03397975527300845,-0.03397975527300845
STAD,TCGA-VQ-A924-01Z-00-DX1.736B41F3-9678-4FAF-AE86-FCAC4F6DCBD3,uni,UNI,0.5554062525431315,0.6183549653067764,0.2872932863732179,0.206966683268547,-1.5738341156283941,1.5738341156283941
STAD,TCGA-VQ-A924-01Z-00-DX1.736B41F3-9678-4FAF-AE86-FCAC4F6DCBD3,uni2,UNI2,0.6837875843048096,0.7734920444390129,0.3788173720240593,0.2176333516836166,-1.1072524532823358,1.1072524532823358
STAD,TCGA-VQ-A924-01Z-00-DX1.736B41F3-9678-4FAF-AE86-FCAC4F6DCBD3,virchow,Virchow,0.512103925148646,0.585838966554663,0.4229108939568202,0.1817000160614649,-6.351319976367302,6.351319976367302
STAD,TCGA-VQ-A924-01Z-00-DX1.736B41F3-9678-4FAF-AE86-FCAC4F6DCBD3,virchow2,Virchow2,0.3762582093477249,0.5085713769102946,0.6474756499131521,0.1709000070889791,-1.3160834810923285,1.3160834810923285
STAD,TCGA-ZQ-A9CR-01Z-00-DX1.C9AC9991-7054-4068-A7AA-9D1EB7F040A3,gigapath,GigaPath,0.805556853612264,0.9398304607300104,0.4593050231536229,0.203966682155927,-2.950899993772736,2.950899993772736
STAD,TCGA-ZQ-A9CR-01Z-00-DX1.C9AC9991-7054-4068-A7AA-9D1EB7F040A3,gigapath_flash,GigaPath-Flash,0.8457585771878561,0.9426867877766204,0.583914707104365,0.2005666842063268,-4.9197799897588315,4.9197799897588315
STAD,TCGA-ZQ-A9CR-01Z-00-DX1.C9AC9991-7054-4068-A7AA-9D1EB7F040A3,midnight,Midnight,0.825614353020986,0.9561323293728444,0.4286929766337077,0.2185333420832952,-0.3439300215709635,0.3439300215709635
STAD,TCGA-ZQ-A9CR-01Z-00-DX1.C9AC9991-7054-4068-A7AA-9D1EB7F040A3,phikon,Phikon,0.9223117431004842,0.9670819331300864,0.6214592407147089,0.278066689769427,-1.622904858665756,1.622904858665756
STAD,TCGA-ZQ-A9CR-01Z-00-DX1.C9AC9991-7054-4068-A7AA-9D1EB7F040A3,uni,UNI,0.8864724437395731,0.9524603373488364,0.43107764422893524,0.2370666762193044,-1.6542864036890266,1.6542864036890266
STAD,TCGA-ZQ-A9CR-01Z-00-DX1.C9AC9991-7054-4068-A7AA-9D1EB7F040A3,uni2,UNI2,0.9106467962265015,0.929190370212446,0.44983239471912384,0.2605333477258682,-1.3081272649235387,1.3081272649235387
STAD,TCGA-ZQ-A9CR-01Z-00-DX1.C9AC9991-7054-4068-A7AA-9D1EB7F040A3,virchow,Virchow,0.8177405794461569,0.8470643281229102,0.723442922035853,0.2213333497444788,-7.0465174315191526,7.0465174315191526
STAD,TCGA-ZQ-A9CR-01Z-00-DX1.C9AC9991-7054-4068-A7AA-9D1EB7F040A3,virchow2,Virchow2,0.6284410158793131,0.892610665169811,0.65694992740949,0.1957333435614903,-1.5834487483882747,1.5834487483882747
UCEC,TCGA-A5-A0GX-01Z-00-DX1.7E713D1A-5858-4648-957D-77189E43CFAA,gigapath,GigaPath,0.6178176999092102,0.739441533601098,0.4226125404238701,0.1546666796008745,-0.4890576150444714,0.4890576150444714
UCEC,TCGA-A5-A0GX-01Z-00-DX1.7E713D1A-5858-4648-957D-77189E43CFAA,gigapath_flash,GigaPath-Flash,0.660059928894043,0.7384786166711117,0.6030289183060328,0.1460000202059745,-1.562297971596263,1.562297971596263
UCEC,TCGA-A5-A0GX-01Z-00-DX1.7E713D1A-5858-4648-957D-77189E43CFAA,midnight,Midnight,0.846873144308726,0.8557276541154714,0.3202991982301076,0.1570333465933799,-0.4115531858455278,0.4115531858455278
UCEC,TCGA-A5-A0GX-01Z-00-DX1.7E713D1A-5858-4648-957D-77189E43CFAA,phikon,Phikon,0.8370735247929891,0.8940385352821644,0.4861215278506279,0.2283000101645787,-1.8417729406822205,1.8417729406822205
UCEC,TCGA-A5-A0GX-01Z-00-DX1.7E713D1A-5858-4648-957D-77189E43CFAA,uni,UNI,0.6887476444244385,0.7630812603232049,0.31470911204814905,0.1820000112056732,-1.4398302825361926,1.4398302825361926
UCEC,TCGA-A5-A0GX-01Z-00-DX1.7E713D1A-5858-4648-957D-77189E43CFAA,uni2,UNI2,0.7546355128288269,0.8451730680918133,0.4412350207567215,0.1723000208536783,-0.07087665217197164,0.07087665217197164
UCEC,TCGA-A5-A0GX-01Z-00-DX1.7E713D1A-5858-4648-957D-77189E43CFAA,virchow,Virchow,0.6640078028043112,0.7843832594788116,0.4832841753959656,0.1769666795929273,-3.1306575372138363,3.1306575372138363
UCEC,TCGA-A5-A0GX-01Z-00-DX1.7E713D1A-5858-4648-957D-77189E43CFAA,virchow2,Virchow2,0.5009293556213379,0.6720632326617301,0.6646648794412613,0.1642666757106781,-0.3374261725376513,0.3374261725376513
UCEC,TCGA-A5-A0R7-01Z-00-DX1.D21E6974-22A3-4A68-8B4E-14E84A7A50A5,gigapath,GigaPath,0.6507845719655355,0.7351302770935325,0.35581862802306813,0.1538333396116892,-1.787934884540166,1.787934884540166
UCEC,TCGA-A5-A0R7-01Z-00-DX1.D21E6974-22A3-4A68-8B4E-14E84A7A50A5,gigapath_flash,GigaPath-Flash,0.6297421455383301,0.6673187984359945,0.5154760529597601,0.1389333382248878,-3.0949517225476626,3.0949517225476626
UCEC,TCGA-A5-A0R7-01Z-00-DX1.D21E6974-22A3-4A68-8B4E-14E84A7A50A5,midnight,Midnight,0.7792142430941263,0.7894287711655766,0.3316252479950587,0.1451666777332624,-0.8423342144515611,0.8423342144515611
UCEC,TCGA-A5-A0R7-01Z-00-DX1.D21E6974-22A3-4A68-8B4E-14E84A7A50A5,phikon,Phikon,0.8348041574160258,0.8754939905374456,0.46349601944287616,0.2463666796684265,-1.951026200930176,1.951026200930176
UCEC,TCGA-A5-A0R7-01Z-00-DX1.D21E6974-22A3-4A68-8B4E-14E84A7A50A5,uni,UNI,0.7120334704717001,0.7942650144360957,0.27916862567265827,0.1880000159144401,-2.3278264082620552,2.3278264082620552
UCEC,TCGA-A5-A0R7-01Z-00-DX1.D21E6974-22A3-4A68-8B4E-14E84A7A50A5,uni2,UNI2,0.764995276927948,0.8620629420141115,0.3824894477923711,0.1695333396395047,-0.4412577196181126,0.4412577196181126
UCEC,TCGA-A5-A0R7-01Z-00-DX1.D21E6974-22A3-4A68-8B4E-14E84A7A50A5,virchow,Virchow,0.6366903384526571,0.8724651834648265,0.4631587713956833,0.1523666828870773,-3.980413875635134,3.980413875635134
UCEC,TCGA-A5-A0R7-01Z-00-DX1.D21E6974-22A3-4A68-8B4E-14E84A7A50A5,virchow2,Virchow2,0.490282267332077,0.7864922050402985,0.6319646636644999,0.1569333424170812,-1.059330457848257,1.059330457848257
UCEC,TCGA-AX-A05U-01Z-00-DX1.1EBFC727-B5D5-4543-BBA9-4254ABD3D584,gigapath,GigaPath,0.6823585232098898,0.8214463323927342,0.38086608797311783,0.1775666822989781,-1.0997494066887414,1.0997494066887414
UCEC,TCGA-AX-A05U-01Z-00-DX1.1EBFC727-B5D5-4543-BBA9-4254ABD3D584,gigapath_flash,GigaPath-Flash,0.6131273706754049,0.6902145753895453,0.6022248814503351,0.1838000118732452,-2.492913147800495,2.492913147800495
UCEC,TCGA-AX-A05U-01Z-00-DX1.1EBFC727-B5D5-4543-BBA9-4254ABD3D584,midnight,Midnight,0.7500093777974447,0.8356492685730567,0.3015873506665229,0.158366672694683,-0.25926750476091676,0.25926750476091676
UCEC,TCGA-AX-A05U-01Z-00-DX1.1EBFC727-B5D5-4543-BBA9-4254ABD3D584,phikon,Phikon,0.8868368069330851,0.9167411927545874,0.5315543413162231,0.2769666810830434,-1.000365044938516,1.000365044938516
UCEC,TCGA-AX-A05U-01Z-00-DX1.1EBFC727-B5D5-4543-BBA9-4254ABD3D584,uni,UNI,0.7779622475306193,0.84611968631579,0.35215983291467023,0.2254666884740193,-1.7139932845118178,1.7139932845118178
UCEC,TCGA-AX-A05U-01Z-00-DX1.1EBFC727-B5D5-4543-BBA9-4254ABD3D584,uni2,UNI2,0.8135233322779337,0.8841870486762744,0.43329112231731415,0.2126666804154714,-0.1665160512894249,0.1665160512894249
UCEC,TCGA-AX-A05U-01Z-00-DX1.1EBFC727-B5D5-4543-BBA9-4254ABD3D584,virchow,Virchow,0.6704248984654745,0.8730313974278121,0.4520432601372401,0.190400019288063,-3.609708120725598,3.609708120725598
UCEC,TCGA-AX-A05U-01Z-00-DX1.1EBFC727-B5D5-4543-BBA9-4254ABD3D584,virchow2,Virchow2,0.472368727127711,0.6741576332198204,0.6603106061617533,0.1707000161210695,-0.3057221664858721,0.3057221664858721
UCEC,TCGA-AX-A06B-01Z-00-DX2.1757C039-99F7-4087-A9E5-D340AF7220D4,gigapath,GigaPath,0.5548219382762909,0.636030348267653,0.38263295590877533,0.198166678349177,-0.6610978221730652,0.6610978221730652
UCEC,TCGA-AX-A06B-01Z-00-DX2.1757C039-99F7-4087-A9E5-D340AF7220D4,gigapath_flash,GigaPath-Flash,0.4926220774650574,0.6224903962962616,0.544534628589948,0.1870333353678385,-0.668834654929338,0.668834654929338
UCEC,TCGA-AX-A06B-01Z-00-DX2.1757C039-99F7-4087-A9E5-D340AF7220D4,midnight,Midnight,0.7089582085609436,0.7129333761982924,0.37919993201891583,0.1829000165065129,-0.6933616182157974,0.6933616182157974
UCEC,TCGA-AX-A06B-01Z-00-DX2.1757C039-99F7-4087-A9E5-D340AF7220D4,phikon,Phikon,0.6325811743736267,0.6838096972133818,0.48068002859751385,0.2792666852474212,-0.5628690262979396,0.5628690262979396
UCEC,TCGA-AX-A06B-01Z-00-DX2.1757C039-99F7-4087-A9E5-D340AF7220D4,uni,UNI,0.5918848911921183,0.658903120222719,0.28660519669453305,0.2358666757742563,-1.774156274915264,1.774156274915264
UCEC,TCGA-AX-A06B-01Z-00-DX2.1757C039-99F7-4087-A9E5-D340AF7220D4,uni2,UNI2,0.6186796426773071,0.7181808615476177,0.34248666216929746,0.2313666741053263,-0.37290519915649767,0.37290519915649767
UCEC,TCGA-AX-A06B-01Z-00-DX2.1757C039-99F7-4087-A9E5-D340AF7220D4,virchow,Virchow,0.4817367196083069,0.5159499722752756,0.4343421906232834,0.1917000065247217,-2.813054572914377,2.813054572914377
UCEC,TCGA-AX-A06B-01Z-00-DX2.1757C039-99F7-4087-A9E5-D340AF7220D4,virchow2,Virchow2,0.3580007702112198,0.4958091572813489,0.6276714503765106,0.1712000171343485,-0.9016226445403274,0.9016226445403274
UCEC,TCGA-AX-A0J0-01Z-00-DX2.56C668BE-03B8-4B87-A226-AABD97D53C38,gigapath,GigaPath,0.7483511765797933,0.8514095024958895,0.3605572059750557,0.1894666776061058,-1.049604319152518,1.049604319152518
UCEC,TCGA-AX-A0J0-01Z-00-DX2.56C668BE-03B8-4B87-A226-AABD97D53C38,gigapath_flash,GigaPath-Flash,0.7124151984850565,0.7837910322443029,0.5200374722480774,0.1787666802604993,-1.3259591399616428,1.3259591399616428
UCEC,TCGA-AX-A0J0-01Z-00-DX2.56C668BE-03B8-4B87-A226-AABD97D53C38,midnight,Midnight,0.9067257245381674,0.9277175113458116,0.33175429205099743,0.1892666767040888,-0.46332010230444165,0.46332010230444165
UCEC,TCGA-AX-A0J0-01Z-00-DX2.56C668BE-03B8-4B87-A226-AABD97D53C38,phikon,Phikon,0.8626718123753866,0.908641291193956,0.5007164577643076,0.2740333626667658,-1.0523497583657828,1.0523497583657828
UCEC,TCGA-AX-A0J0-01Z-00-DX2.56C668BE-03B8-4B87-A226-AABD97D53C38,uni,UNI,0.7658254901568095,0.8076284818283486,0.30966512113809586,0.2288000136613845,-2.592710559467961,2.592710559467961
UCEC,TCGA-AX-A0J0-01Z-00-DX2.56C668BE-03B8-4B87-A226-AABD97D53C38,uni2,UNI2,0.8662376006444296,0.9071112836148674,0.41304511576890945,0.2304999927679697,-0.14710344877230722,0.14710344877230722
UCEC,TCGA-AX-A0J0-01Z-00-DX2.56C668BE-03B8-4B87-A226-AABD97D53C38,virchow,Virchow,0.7340418895085653,0.7986185956161447,0.4794828047355016,0.1886000086863835,-3.6989640058197546,3.6989640058197546
UCEC,TCGA-AX-A0J0-01Z-00-DX2.56C668BE-03B8-4B87-A226-AABD97D53C38,virchow2,Virchow2,0.6300554076830546,0.8356560347875183,0.6460107266902924,0.1999333401521047,-0.46365333160016564,0.46365333160016564
UCEC,TCGA-B5-A11F-01Z-00-DX1.3F1C053D-E81E-4C8D-965D-6F3DE29D9511,gigapath,GigaPath,0.6250966588656107,0.780682397986803,0.33784200499455136,0.1704666763544082,-2.49707389947805,2.49707389947805
UCEC,TCGA-B5-A11F-01Z-00-DX1.3F1C053D-E81E-4C8D-965D-6F3DE29D9511,gigapath_flash,GigaPath-Flash,0.666987955570221,0.7489245240933133,0.4469023843606313,0.16886667907238,-3.558791928328806,3.558791928328806
UCEC,TCGA-B5-A11F-01Z-00-DX1.3F1C053D-E81E-4C8D-965D-6F3DE29D9511,midnight,Midnight,0.8128344217936198,0.927257138191997,0.31443306058645243,0.1839666838447252,-0.6327402831808322,0.6327402831808322
UCEC,TCGA-B5-A11F-01Z-00-DX1.3F1C053D-E81E-4C8D-965D-6F3DE29D9511,phikon,Phikon,0.8653005957603455,0.9128820172561756,0.44171880930662155,0.2443333516518274,-1.5470682578446193,1.5470682578446193
UCEC,TCGA-B5-A11F-01Z-00-DX1.3F1C053D-E81E-4C8D-965D-6F3DE29D9511,uni,UNI,0.7587316036224365,0.8378133783936875,0.24928462877869603,0.2091000179449717,-2.6664297048173777,2.6664297048173777
UCEC,TCGA-B5-A11F-01Z-00-DX1.3F1C053D-E81E-4C8D-965D-6F3DE29D9511,uni2,UNI2,0.784483273824056,0.8742854066723634,0.3979223097364108,0.207266683379809,-0.14813084463958368,0.14813084463958368
UCEC,TCGA-B5-A11F-01Z-00-DX1.3F1C053D-E81E-4C8D-965D-6F3DE29D9511,virchow,Virchow,0.6890674829483032,0.8084742601821245,0.3859034056464831,0.1905000110467275,-4.336268059717266,4.336268059717266
UCEC,TCGA-B5-A11F-01Z-00-DX1.3F1C053D-E81E-4C8D-965D-6F3DE29D9511,virchow2,Virchow2,0.603218654791514,0.8025774934511731,0.6283939778804779,0.1999333451191584,-0.5564661752307442,0.5564661752307442
UCEC,TCGA-BG-A0W1-01Z-00-DX1.8E06269C-1278-478B-A128-59FA911B1649,gigapath,GigaPath,0.6989061633745829,0.7825494763938001,0.3343620722492536,0.1906000052889188,-2.0584872419005578,2.0584872419005578
UCEC,TCGA-BG-A0W1-01Z-00-DX1.8E06269C-1278-478B-A128-59FA911B1649,gigapath_flash,GigaPath-Flash,0.7353200912475586,0.8159247371702552,0.4940716673930486,0.1838000093897183,-2.7334561703003364,2.7334561703003364
UCEC,TCGA-BG-A0W1-01Z-00-DX1.8E06269C-1278-478B-A128-59FA911B1649,midnight,Midnight,0.9000852505366007,0.918544199466738,0.2757142782211303,0.1879666795333226,-0.4699524774797637,0.4699524774797637
UCEC,TCGA-BG-A0W1-01Z-00-DX1.8E06269C-1278-478B-A128-59FA911B1649,phikon,Phikon,0.8550349473953247,0.8850474462272963,0.39569122220079106,0.2763667007287343,-1.1961818736963876,1.1961818736963876
UCEC,TCGA-BG-A0W1-01Z-00-DX1.8E06269C-1278-478B-A128-59FA911B1649,uni,UNI,0.7834883530934652,0.8417479524402018,0.2856215834617614,0.2101333538691202,-2.1123825895095547,2.1123825895095547
UCEC,TCGA-BG-A0W1-01Z-00-DX1.8E06269C-1278-478B-A128-59FA911B1649,uni2,UNI2,0.8516373435656229,0.921764767469728,0.41537971794605255,0.2025666783253351,-0.18593282155329877,0.18593282155329877
UCEC,TCGA-BG-A0W1-01Z-00-DX1.8E06269C-1278-478B-A128-59FA911B1649,virchow,Virchow,0.6683885852495829,0.7776720772118071,0.3390120367209117,0.1916333436965942,-3.8006294931934264,3.8006294931934264
UCEC,TCGA-BG-A0W1-01Z-00-DX1.8E06269C-1278-478B-A128-59FA911B1649,virchow2,Virchow2,0.6914157470067342,0.7781246743146583,0.6284858783086141,0.205766682823499,-0.488039222188992,0.488039222188992
UCEC,TCGA-EY-A1GQ-01Z-00-DX1.03D52C6F-515E-4A4F-A08E-31D773BCC67F,gigapath,GigaPath,0.44630131125450134,0.5155984631868408,0.3461304393907388,0.123000007122755,-1.9514014430535722,1.9514014430535722
UCEC,TCGA-EY-A1GQ-01Z-00-DX1.03D52C6F-515E-4A4F-A08E-31D773BCC67F,gigapath_flash,GigaPath-Flash,0.40862568219502765,0.4852149628114431,0.5151568998893102,0.1110000051558017,-1.6577030177127423,1.6577030177127423
UCEC,TCGA-EY-A1GQ-01Z-00-DX1.03D52C6F-515E-4A4F-A08E-31D773BCC67F,midnight,Midnight,0.38841694096724194,0.3528302460732559,0.3840896040201187,0.1214666751523812,-1.062876990588347,1.062876990588347
UCEC,TCGA-EY-A1GQ-01Z-00-DX1.03D52C6F-515E-4A4F-A08E-31D773BCC67F,phikon,Phikon,0.5197985569636027,0.5981157881382589,0.434493767718474,0.1784666776657104,-1.5693604973854407,1.5693604973854407
UCEC,TCGA-EY-A1GQ-01Z-00-DX1.03D52C6F-515E-4A4F-A08E-31D773BCC67F,uni,UNI,0.457091083129247,0.4880220232769048,0.2922000375886758,0.1412333423892657,-2.5057980222696954,2.5057980222696954
UCEC,TCGA-EY-A1GQ-01Z-00-DX1.03D52C6F-515E-4A4F-A08E-31D773BCC67F,uni2,UNI2,0.4336462120215098,0.563492457790594,0.3791600589950879,0.1419000128904978,-1.3221437272054064,1.3221437272054064
UCEC,TCGA-EY-A1GQ-01Z-00-DX1.03D52C6F-515E-4A4F-A08E-31D773BCC67F,virchow,Virchow,0.33529967069625854,0.3652306496811349,0.356239582101504,0.1113333391646544,-5.135127011179523,5.135127011179523
UCEC,TCGA-EY-A1GQ-01Z-00-DX1.03D52C6F-515E-4A4F-A08E-31D773BCC67F,virchow2,Virchow2,0.26575464506944013,0.3260958340504995,0.628322646021843,0.1249000057578086,-1.0524583787250876,1.0524583787250876
UCEC,TCGA-FI-A2EX-01Z-00-DX1.127F5153-745D-43E6-83CA-DE2738702C62,gigapath,GigaPath,0.5589881340662638,0.6874581708424939,0.45625847081343335,0.1878333439429601,-0.835300352448272,0.835300352448272
UCEC,TCGA-FI-A2EX-01Z-00-DX1.127F5153-745D-43E6-83CA-DE2738702C62,gigapath_flash,GigaPath-Flash,0.5188072224458059,0.691318669154557,0.6136879126230875,0.1764666760961214,-1.3647246468197904,1.3647246468197904
UCEC,TCGA-FI-A2EX-01Z-00-DX1.127F5153-745D-43E6-83CA-DE2738702C62,midnight,Midnight,0.7972639799118042,0.8525778108619737,0.31983512143294013,0.1892000039418538,-0.25510965947512776,0.25510965947512776
UCEC,TCGA-FI-A2EX-01Z-00-DX1.127F5153-745D-43E6-83CA-DE2738702C62,phikon,Phikon,0.7517519593238831,0.8587286807508311,0.530072974661986,0.2616000076134999,-1.1296164073894233,1.1296164073894233
UCEC,TCGA-FI-A2EX-01Z-00-DX1.127F5153-745D-43E6-83CA-DE2738702C62,uni,UNI,0.7041622996330261,0.7751825034137111,0.31534021844466525,0.2401666790246963,-1.7185298646132998,1.7185298646132998
UCEC,TCGA-FI-A2EX-01Z-00-DX1.127F5153-745D-43E6-83CA-DE2738702C62,uni2,UNI2,0.7460682590802511,0.8106053166623903,0.45521747569243115,0.2261333415905634,-0.04767747207753784,0.04767747207753784
UCEC,TCGA-FI-A2EX-01Z-00-DX1.127F5153-745D-43E6-83CA-DE2738702C62,virchow,Virchow,0.5775827765464783,0.8080755119580644,0.4877672443787257,0.1894000073273976,-2.6905241950341994,2.6905241950341994
UCEC,TCGA-FI-A2EX-01Z-00-DX1.127F5153-745D-43E6-83CA-DE2738702C62,virchow2,Virchow2,0.5155769884586334,0.634879717758468,0.6579942107200623,0.2041000078121821,-0.1060707744299445,0.1060707744299445
