model,model_display,source_scale,target_scale,repeat,fold,n_train,n_test,balanced_accuracy,macro_f1,log_loss
phikon,Phikon,40x,40x,0,1,57,14,0.8333333333333334,0.7041666666666666,1.1353056799918144
phikon,Phikon,40x,10x,0,1,57,14,0.4761904761904762,0.43392857142857144,1.3008468873282015
phikon,Phikon,40x,2p5x,0,1,57,14,0.14285714285714285,0.04411764705882353,2.5474958580631637
phikon,Phikon,40x,40x,0,2,56,15,0.7857142857142857,0.6904761904761905,0.8640963360218883
phikon,Phikon,40x,10x,0,2,56,15,0.8214285714285714,0.6934523809523809,1.0777899878513657
phikon,Phikon,40x,2p5x,0,2,56,15,0.14285714285714285,0.015625,2.767344647460101
phikon,Phikon,40x,40x,0,3,57,14,0.8125,0.75,0.8209986937989644
phikon,Phikon,40x,10x,0,3,57,14,0.7083333333333333,0.6625,1.023819181414679
phikon,Phikon,40x,2p5x,0,3,57,14,0.125,0.016666666666666666,2.836388102460501
phikon,Phikon,40x,40x,0,4,57,14,0.7708333333333333,0.7208333333333333,0.7305188218975418
phikon,Phikon,40x,10x,0,4,57,14,0.7083333333333333,0.6583333333333333,0.8597352380543212
phikon,Phikon,40x,2p5x,0,4,57,14,0.125,0.019230769230769232,2.434168402580025
phikon,Phikon,40x,40x,0,5,57,14,0.7619047619047619,0.6708333333333334,0.7952219354602985
phikon,Phikon,40x,10x,0,5,57,14,0.6904761904761906,0.5714285714285714,1.05599581734594
phikon,Phikon,40x,2p5x,0,5,57,14,0.14285714285714285,0.03125,3.197502318327287
phikon,Phikon,40x,40x,1,1,57,14,0.6714285714285715,0.5208333333333333,0.9008049940983615
phikon,Phikon,40x,10x,1,1,57,14,0.6428571428571429,0.488095238095238,1.1820019677004712
phikon,Phikon,40x,2p5x,1,1,57,14,0.14285714285714285,0.03333333333333333,3.274221795003307
phikon,Phikon,40x,40x,1,2,57,14,0.4375,0.3875,1.365199265216283
phikon,Phikon,40x,10x,1,2,57,14,0.625,0.575,1.276057775794009
phikon,Phikon,40x,2p5x,1,2,57,14,0.125,0.038461538461538464,2.3710393365177684
phikon,Phikon,40x,40x,1,3,56,15,0.9166666666666666,0.875,0.542704228354402
phikon,Phikon,40x,10x,1,3,56,15,0.9166666666666666,0.8875,0.6888630604528265
phikon,Phikon,40x,2p5x,1,3,56,15,0.0,0.0,2.170634082007295
phikon,Phikon,40x,40x,1,4,57,14,0.9166666666666666,0.7083333333333333,0.7384276702281103
phikon,Phikon,40x,10x,1,4,57,14,0.7083333333333334,0.5291666666666666,1.2717054736044509
phikon,Phikon,40x,2p5x,1,4,57,14,0.16666666666666666,0.016666666666666666,2.9074409905994
phikon,Phikon,40x,40x,1,5,57,14,0.6428571428571429,0.5654761904761905,0.8295648365006715
phikon,Phikon,40x,10x,1,5,57,14,0.7142857142857143,0.6071428571428572,1.0949525357492669
phikon,Phikon,40x,2p5x,1,5,57,14,0.0,0.0,3.1152959630091486
phikon,Phikon,40x,40x,2,1,57,14,0.8095238095238094,0.6833333333333333,0.7259320719558211
phikon,Phikon,40x,10x,2,1,57,14,0.761904761904762,0.6208333333333333,1.0246837690283275
phikon,Phikon,40x,2p5x,2,1,57,14,0.14285714285714285,0.016666666666666666,2.864101770500792
phikon,Phikon,40x,40x,2,2,56,15,0.6214285714285713,0.43005952380952384,0.9870564492277757
phikon,Phikon,40x,10x,2,2,56,15,0.5642857142857143,0.4333333333333333,1.6475869077681544
phikon,Phikon,40x,2p5x,2,2,56,15,0.0,0.0,3.7120093653586066
phikon,Phikon,40x,40x,2,3,56,15,0.6666666666666667,0.55,1.075623004066849
phikon,Phikon,40x,10x,2,3,56,15,0.8095238095238094,0.6726190476190477,0.9529141148378155
phikon,Phikon,40x,2p5x,2,3,56,15,0.14285714285714285,0.041666666666666664,2.498484619106963
phikon,Phikon,40x,40x,2,4,57,14,1.0,0.75,0.5164535700549469
phikon,Phikon,40x,10x,2,4,57,14,0.8611111111111112,0.6333333333333333,0.6717413743782199
phikon,Phikon,40x,2p5x,2,4,57,14,0.16666666666666666,0.03571428571428571,2.397220098844237
phikon,Phikon,40x,40x,2,5,58,13,0.875,0.8708333333333333,0.8970401540674927
phikon,Phikon,40x,10x,2,5,58,13,0.875,0.875,0.9166275862236717
phikon,Phikon,40x,2p5x,2,5,58,13,0.125,0.03571428571428571,2.481816317483
phikon,Phikon,40x,40x,3,1,57,14,0.6904761904761905,0.5729166666666666,0.8409096896503723
phikon,Phikon,40x,10x,3,1,57,14,0.8333333333333333,0.6833333333333333,0.8328766446874883
phikon,Phikon,40x,2p5x,3,1,57,14,0.14285714285714285,0.016666666666666666,2.573903338059722
phikon,Phikon,40x,40x,3,2,57,14,0.6875,0.6416666666666666,1.1628116119732772
phikon,Phikon,40x,10x,3,2,57,14,0.6875,0.6333333333333333,1.2803296289518027
phikon,Phikon,40x,2p5x,3,2,57,14,0.125,0.03125,2.644117182011325
phikon,Phikon,40x,40x,3,3,56,15,0.8055555555555555,0.5625,0.7853115409545051
phikon,Phikon,40x,10x,3,3,56,15,0.7638888888888888,0.5708333333333333,0.9761581205111466
phikon,Phikon,40x,2p5x,3,3,56,15,0.16666666666666666,0.029411764705882353,2.9585063030494543
phikon,Phikon,40x,40x,3,4,57,14,0.9523809523809523,0.825,0.680069436386329
phikon,Phikon,40x,10x,3,4,57,14,0.7857142857142857,0.5833333333333333,1.0069833342349734
phikon,Phikon,40x,2p5x,3,4,57,14,0.14285714285714285,0.016666666666666666,3.1154478249279967
phikon,Phikon,40x,40x,3,5,57,14,0.8333333333333333,0.825,0.5198163208205567
phikon,Phikon,40x,10x,3,5,57,14,0.7916666666666667,0.7458333333333333,0.8441389071888477
phikon,Phikon,40x,2p5x,3,5,57,14,0.29166666666666663,0.175,2.2175310002179494
phikon,Phikon,40x,40x,4,1,57,14,0.75,0.7321428571428571,0.9501328611859047
phikon,Phikon,40x,10x,4,1,57,14,0.75,0.7321428571428571,0.976701035310857
phikon,Phikon,40x,2p5x,4,1,57,14,0.125,0.03125,2.4765429273459283
phikon,Phikon,40x,40x,4,2,57,14,0.6875,0.6875,0.8051141825700334
phikon,Phikon,40x,10x,4,2,57,14,0.6875,0.6541666666666666,0.9031627991936678
phikon,Phikon,40x,2p5x,4,2,57,14,0.125,0.03125,2.2219779904845933
phikon,Phikon,40x,40x,4,3,56,15,0.6428571428571429,0.525,1.062626684130615
phikon,Phikon,40x,10x,4,3,56,15,0.47619047619047616,0.3645833333333333,1.3726109905394772
phikon,Phikon,40x,2p5x,4,3,56,15,0.14285714285714285,0.015625,3.4303059697457523
phikon,Phikon,40x,40x,4,4,57,14,0.8333333333333333,0.8166666666666667,0.7488317071958738
phikon,Phikon,40x,10x,4,4,57,14,0.8333333333333333,0.7875,0.9011213375334078
phikon,Phikon,40x,2p5x,4,4,57,14,0.125,0.016666666666666666,2.691134621907397
phikon,Phikon,40x,40x,4,5,57,14,0.9285714285714286,0.8083333333333333,0.4370450884355795
phikon,Phikon,40x,10x,4,5,57,14,0.7142857142857143,0.6,0.8848109790730966
phikon,Phikon,40x,2p5x,4,5,57,14,0.14285714285714285,0.03125,2.4300972922303252
phikon,Phikon,40x,40x,5,1,57,14,0.3958333333333333,0.37083333333333335,1.5986843737423606
phikon,Phikon,40x,10x,5,1,57,14,0.6458333333333333,0.5791666666666666,1.6308284208417347
phikon,Phikon,40x,2p5x,5,1,57,14,0.125,0.03125,2.995563184250869
phikon,Phikon,40x,40x,5,2,56,15,0.8125,0.7458333333333333,0.8827690373140571
phikon,Phikon,40x,10x,5,2,56,15,0.7916666666666666,0.6583333333333333,0.9693009739459495
phikon,Phikon,40x,2p5x,5,2,56,15,0.125,0.041666666666666664,2.0949317758947434
phikon,Phikon,40x,40x,5,3,56,15,0.6916666666666668,0.43601190476190477,1.0381923787557281
phikon,Phikon,40x,10x,5,3,56,15,0.7000000000000001,0.45238095238095233,1.3751434441580543
phikon,Phikon,40x,2p5x,5,3,56,15,0.16666666666666666,0.015625,3.523153018656346
phikon,Phikon,40x,40x,5,4,57,14,0.869047619047619,0.7113095238095237,0.8205735277791623
phikon,Phikon,40x,10x,5,4,57,14,0.7023809523809524,0.5145833333333334,1.1937000931884312
phikon,Phikon,40x,2p5x,5,4,57,14,0.14285714285714285,0.017857142857142856,2.7929858058459183
phikon,Phikon,40x,40x,5,5,58,13,0.9285714285714286,0.8333333333333333,0.5488829875796484
phikon,Phikon,40x,10x,5,5,58,13,0.6904761904761905,0.6041666666666666,0.8814981608734497
phikon,Phikon,40x,2p5x,5,5,58,13,0.14285714285714285,0.019230769230769232,2.945649135934885
phikon,Phikon,40x,40x,6,1,57,14,0.7999999999999999,0.66875,0.7770709194424487
phikon,Phikon,40x,10x,6,1,57,14,0.7428571428571429,0.6333333333333333,0.9237912060793799
phikon,Phikon,40x,2p5x,6,1,57,14,0.14285714285714285,0.016666666666666666,2.8254288460537027
phikon,Phikon,40x,40x,6,2,57,14,0.625,0.5874999999999999,1.2391256413969471
phikon,Phikon,40x,10x,6,2,57,14,0.7083333333333333,0.6499999999999999,1.2324846600626
phikon,Phikon,40x,2p5x,6,2,57,14,0.125,0.016666666666666666,3.1894678564841477
phikon,Phikon,40x,40x,6,3,57,14,0.825,0.7770833333333333,0.955067017840861
phikon,Phikon,40x,10x,6,3,57,14,0.5875,0.5416666666666666,1.1194666080838542
phikon,Phikon,40x,2p5x,6,3,57,14,0.125,0.016666666666666666,2.83522078243501
phikon,Phikon,40x,40x,6,4,56,15,0.7857142857142857,0.6708333333333334,0.6897328073574822
phikon,Phikon,40x,10x,6,4,56,15,0.6547619047619048,0.4833333333333333,1.1934937438013509
phikon,Phikon,40x,2p5x,6,4,56,15,0.14285714285714285,0.03333333333333333,2.5809202508715856
phikon,Phikon,40x,40x,6,5,57,14,0.75,0.7166666666666666,0.6707631422366711
phikon,Phikon,40x,10x,6,5,57,14,0.78125,0.7633928571428572,0.7563118357432097
phikon,Phikon,40x,2p5x,6,5,57,14,0.125,0.046875,2.2809570714340994
phikon,Phikon,40x,40x,7,1,57,14,0.625,0.6,0.8621473127638877
phikon,Phikon,40x,10x,7,1,57,14,0.75,0.7083333333333333,0.8516364405095114
phikon,Phikon,40x,2p5x,7,1,57,14,0.1875,0.08173076923076923,2.6345941924960674
phikon,Phikon,40x,40x,7,2,56,15,0.7708333333333333,0.7238095238095238,0.6762171950705685
phikon,Phikon,40x,10x,7,2,56,15,0.7708333333333333,0.7416666666666667,0.8720369778933943
phikon,Phikon,40x,2p5x,7,2,56,15,0.125,0.015625,2.560076326196959
phikon,Phikon,40x,40x,7,3,58,13,0.8571428571428571,0.7321428571428572,0.4671991806299919
phikon,Phikon,40x,10x,7,3,58,13,0.8571428571428571,0.75,0.7910266905827417
phikon,Phikon,40x,2p5x,7,3,58,13,0.14285714285714285,0.020833333333333332,2.6610340119991056
phikon,Phikon,40x,40x,7,4,56,15,0.78125,0.7166666666666667,1.105297906138868
phikon,Phikon,40x,10x,7,4,56,15,0.75,0.6458333333333333,1.0241551375793587
phikon,Phikon,40x,2p5x,7,4,56,15,0.125,0.05263157894736842,2.40183370908665
phikon,Phikon,40x,40x,7,5,57,14,0.75,0.6770833333333333,0.8522980044226814
phikon,Phikon,40x,10x,7,5,57,14,0.6458333333333333,0.5904761904761904,1.2134203192862951
phikon,Phikon,40x,2p5x,7,5,57,14,0.125,0.016666666666666666,3.110626409025664
phikon,Phikon,40x,40x,8,1,56,15,0.6904761904761905,0.5666666666666667,1.0609995989004095
phikon,Phikon,40x,10x,8,1,56,15,0.6190476190476192,0.4821428571428571,1.253692229027336
phikon,Phikon,40x,2p5x,8,1,56,15,0.14285714285714285,0.029411764705882353,2.530534583807856
phikon,Phikon,40x,40x,8,2,57,14,0.41666666666666663,0.3904761904761905,1.0856894477694603
phikon,Phikon,40x,10x,8,2,57,14,0.6309523809523808,0.5404761904761904,1.1426933311112788
phikon,Phikon,40x,2p5x,8,2,57,14,0.14285714285714285,0.016666666666666666,2.743243095297765
phikon,Phikon,40x,40x,8,3,57,14,0.869047619047619,0.7395833333333333,0.9579462769560692
phikon,Phikon,40x,10x,8,3,57,14,0.869047619047619,0.7145833333333333,1.0135945287526902
phikon,Phikon,40x,2p5x,8,3,57,14,0.2857142857142857,0.15833333333333333,2.2382866933975585
phikon,Phikon,40x,40x,8,4,58,13,0.8285714285714285,0.725,0.5847852123679989
phikon,Phikon,40x,10x,8,4,58,13,0.7714285714285715,0.6130952380952381,1.2057081338082505
phikon,Phikon,40x,2p5x,8,4,58,13,0.14285714285714285,0.019230769230769232,3.1663706314259605
phikon,Phikon,40x,40x,8,5,56,15,0.8125,0.7666666666666666,0.9776513156603724
phikon,Phikon,40x,10x,8,5,56,15,0.71875,0.6589285714285714,1.0313776193214306
phikon,Phikon,40x,2p5x,8,5,56,15,0.125,0.029411764705882353,2.7384852854728474
phikon,Phikon,40x,40x,9,1,57,14,0.6666666666666666,0.49880952380952376,0.8895363881121282
phikon,Phikon,40x,10x,9,1,57,14,0.75,0.5333333333333333,0.8872746850815452
phikon,Phikon,40x,2p5x,9,1,57,14,0.16666666666666666,0.03125,2.36292757199816
phikon,Phikon,40x,40x,9,2,57,14,0.7738095238095238,0.6520833333333333,0.7758220721856722
phikon,Phikon,40x,10x,9,2,57,14,0.7738095238095237,0.6029761904761904,0.9495486189394249
phikon,Phikon,40x,2p5x,9,2,57,14,0.14285714285714285,0.05555555555555555,2.0731931303455613
phikon,Phikon,40x,40x,9,3,56,15,0.8541666666666666,0.8291666666666666,0.7276264306051083
phikon,Phikon,40x,10x,9,3,56,15,0.8958333333333333,0.8916666666666666,0.8654768769370303
phikon,Phikon,40x,2p5x,9,3,56,15,0.125,0.016666666666666666,2.9576416458255896
phikon,Phikon,40x,40x,9,4,57,14,0.9047619047619048,0.7625,0.7174646590686551
phikon,Phikon,40x,10x,9,4,57,14,0.5,0.4458333333333333,1.1192991938346417
phikon,Phikon,40x,2p5x,9,4,57,14,0.0,0.0,2.8321817658734645
phikon,Phikon,40x,40x,9,5,57,14,0.6785714285714286,0.5821428571428571,0.673138182047864
phikon,Phikon,40x,10x,9,5,57,14,0.6428571428571429,0.5,0.9642148133201662
phikon,Phikon,40x,2p5x,9,5,57,14,0.14285714285714285,0.016666666666666666,3.1310214737355406
phikon,Phikon,10x,40x,0,1,57,14,0.6190476190476192,0.5347222222222222,1.304124026770039
phikon,Phikon,10x,10x,0,1,57,14,0.9047619047619049,0.7625,0.91379272697183
phikon,Phikon,10x,2p5x,0,1,57,14,0.14285714285714285,0.046875,2.234821442148413
phikon,Phikon,10x,40x,0,2,56,15,0.6904761904761905,0.6259920634920635,1.208992030500625
phikon,Phikon,10x,10x,0,2,56,15,0.8571428571428571,0.7291666666666666,0.5944721095802055
phikon,Phikon,10x,2p5x,0,2,56,15,0.14285714285714285,0.015625,2.1863489842470836
phikon,Phikon,10x,40x,0,3,57,14,0.6666666666666666,0.6180555555555556,1.1635243241423159
phikon,Phikon,10x,10x,0,3,57,14,0.875,0.85,0.3572061512124711
phikon,Phikon,10x,2p5x,0,3,57,14,0.25,0.14285714285714285,2.2767639165567752
phikon,Phikon,10x,40x,0,4,57,14,0.47916666666666663,0.4412878787878788,1.1234513506963775
phikon,Phikon,10x,10x,0,4,57,14,0.8958333333333333,0.8833333333333333,0.44442137506226903
phikon,Phikon,10x,2p5x,0,4,57,14,0.29166666666666663,0.29166666666666663,2.2457816382149973
phikon,Phikon,10x,40x,0,5,57,14,0.738095238095238,0.5672619047619047,1.1694079835394464
phikon,Phikon,10x,10x,0,5,57,14,0.8809523809523808,0.7625,0.40816818712880976
phikon,Phikon,10x,2p5x,0,5,57,14,0.21428571428571427,0.08846153846153847,2.2338874401789193
phikon,Phikon,10x,40x,1,1,57,14,0.7142857142857143,0.6666666666666666,1.791707147741591
phikon,Phikon,10x,10x,1,1,57,14,0.7714285714285715,0.6714285714285715,0.8272309158590991
phikon,Phikon,10x,2p5x,1,1,57,14,0.14285714285714285,0.03125,2.8222121654888785
phikon,Phikon,10x,40x,1,2,57,14,0.25,0.21666666666666667,1.6877461176314916
phikon,Phikon,10x,10x,1,2,57,14,0.5625,0.5166666666666666,0.9717477830200417
phikon,Phikon,10x,2p5x,1,2,57,14,0.3333333333333333,0.28125,2.1007760735520606
phikon,Phikon,10x,40x,1,3,56,15,0.7291666666666666,0.7,0.812158157279144
phikon,Phikon,10x,10x,1,3,56,15,0.875,0.8571428571428572,0.23094169720631838
phikon,Phikon,10x,2p5x,1,3,56,15,0.3125,0.2552083333333333,1.8437733903714808
phikon,Phikon,10x,40x,1,4,57,14,0.875,0.6488095238095237,0.8047935085920879
phikon,Phikon,10x,10x,1,4,57,14,0.9166666666666666,0.6833333333333333,0.449276927913957
phikon,Phikon,10x,2p5x,1,4,57,14,0.25,0.08173076923076923,2.3294211926323167
phikon,Phikon,10x,40x,1,5,57,14,0.6428571428571429,0.5654761904761905,1.0046585692564
phikon,Phikon,10x,10x,1,5,57,14,0.7857142857142857,0.6666666666666666,0.7026957803488322
phikon,Phikon,10x,2p5x,1,5,57,14,0.2738095238095238,0.2583333333333333,2.1547747604493153
phikon,Phikon,10x,40x,2,1,57,14,0.8809523809523808,0.7696428571428572,0.6564915115789695
phikon,Phikon,10x,10x,2,1,57,14,0.8095238095238094,0.6654761904761906,0.43710921232846384
phikon,Phikon,10x,2p5x,2,1,57,14,0.23809523809523808,0.12083333333333333,2.2543552809307355
phikon,Phikon,10x,40x,2,2,56,15,0.4857142857142857,0.3908730158730158,1.3482019335300999
phikon,Phikon,10x,10x,2,2,56,15,0.8071428571428572,0.6244047619047619,0.7797472071781512
phikon,Phikon,10x,2p5x,2,2,56,15,0.14285714285714285,0.125,3.0802117789329624
phikon,Phikon,10x,40x,2,3,56,15,0.5714285714285714,0.46269841269841266,1.2651476561593333
phikon,Phikon,10x,10x,2,3,56,15,0.7142857142857143,0.5904761904761905,0.9103531588256785
phikon,Phikon,10x,2p5x,2,3,56,15,0.14285714285714285,0.041666666666666664,2.1740004169148763
phikon,Phikon,10x,40x,2,4,57,14,0.6388888888888888,0.4638888888888889,0.9580193270419723
phikon,Phikon,10x,10x,2,4,57,14,1.0,0.75,0.2423673553202543
phikon,Phikon,10x,2p5x,2,4,57,14,0.3333333333333333,0.1611111111111111,2.280020288853747
phikon,Phikon,10x,40x,2,5,58,13,0.625,0.5972222222222222,1.5418786370369424
phikon,Phikon,10x,10x,2,5,58,13,0.875,0.875,0.5422001468142237
phikon,Phikon,10x,2p5x,2,5,58,13,0.125,0.03571428571428571,1.4882233491929442
phikon,Phikon,10x,40x,3,1,57,14,0.5,0.3930555555555556,1.297081833953015
phikon,Phikon,10x,10x,3,1,57,14,0.7619047619047619,0.5946428571428571,0.6921311676508338
phikon,Phikon,10x,2p5x,3,1,57,14,0.47619047619047616,0.2857142857142857,2.0539107242729036
phikon,Phikon,10x,40x,3,2,57,14,0.5,0.4621212121212121,1.5563992735234577
phikon,Phikon,10x,10x,3,2,57,14,0.6875,0.6041666666666666,0.978103317500194
phikon,Phikon,10x,2p5x,3,2,57,14,0.125,0.03125,2.254016087165579
phikon,Phikon,10x,40x,3,3,56,15,0.5555555555555555,0.4375,1.3371505900843759
phikon,Phikon,10x,10x,3,3,56,15,1.0,0.75,0.24045015257245284
phikon,Phikon,10x,2p5x,3,3,56,15,0.16666666666666666,0.029411764705882353,2.849491997454777
phikon,Phikon,10x,40x,3,4,57,14,0.5833333333333334,0.4751984126984127,0.9902086833421782
phikon,Phikon,10x,10x,3,4,57,14,0.9523809523809523,0.825,0.3151386666323796
phikon,Phikon,10x,2p5x,3,4,57,14,0.14285714285714285,0.016666666666666666,2.2662149888669427
phikon,Phikon,10x,40x,3,5,57,14,0.75,0.75,0.8265072387621102
phikon,Phikon,10x,10x,3,5,57,14,0.9375,0.9404761904761905,0.357250295687816
phikon,Phikon,10x,2p5x,3,5,57,14,0.125,0.08522727272727273,1.8255639984763987
phikon,Phikon,10x,40x,4,1,57,14,0.6041666666666666,0.5708333333333333,1.4481754603829295
phikon,Phikon,10x,10x,4,1,57,14,0.8958333333333333,0.8833333333333333,0.5992778534932286
phikon,Phikon,10x,2p5x,4,1,57,14,0.1875,0.08846153846153847,2.4918120378738564
phikon,Phikon,10x,40x,4,2,57,14,0.5625,0.59375,1.038811629996147
phikon,Phikon,10x,10x,4,2,57,14,0.9375,0.9333333333333333,0.5415189492469739
phikon,Phikon,10x,2p5x,4,2,57,14,0.3125,0.19027777777777777,1.8302138433653126
phikon,Phikon,10x,40x,4,3,56,15,0.38095238095238093,0.3208333333333333,1.5806268838093962
phikon,Phikon,10x,10x,4,3,56,15,0.738095238095238,0.6416666666666666,0.731769046299042
phikon,Phikon,10x,2p5x,4,3,56,15,0.14285714285714285,0.015625,3.3468984158398656
phikon,Phikon,10x,40x,4,4,57,14,0.6041666666666666,0.5708333333333333,1.2403631748942765
phikon,Phikon,10x,10x,4,4,57,14,0.8958333333333333,0.8833333333333333,0.4160796594773354
phikon,Phikon,10x,2p5x,4,4,57,14,0.4375,0.35416666666666663,1.8456286032858091
phikon,Phikon,10x,40x,4,5,57,14,0.7142857142857143,0.6104166666666666,0.6732668984263429
phikon,Phikon,10x,10x,4,5,57,14,0.9285714285714286,0.8083333333333333,0.3510903789249871
phikon,Phikon,10x,2p5x,4,5,57,14,0.33333333333333337,0.2676282051282051,1.8336464766598954
phikon,Phikon,10x,40x,5,1,57,14,0.47916666666666663,0.4236111111111111,1.9444736891425358
phikon,Phikon,10x,10x,5,1,57,14,0.7083333333333333,0.6666666666666667,0.9739888433920303
phikon,Phikon,10x,2p5x,5,1,57,14,0.125,0.03125,2.3495617592676554
phikon,Phikon,10x,40x,5,2,56,15,0.6041666666666666,0.5261904761904761,1.2550518866450868
phikon,Phikon,10x,10x,5,2,56,15,0.875,0.8041666666666667,0.881547062833023
phikon,Phikon,10x,2p5x,5,2,56,15,0.4583333333333333,0.38125,1.714224614929998
phikon,Phikon,10x,40x,5,3,56,15,0.6666666666666666,0.453125,1.122487398181533
phikon,Phikon,10x,10x,5,3,56,15,0.9,0.6408730158730158,0.45774019050539144
phikon,Phikon,10x,2p5x,5,3,56,15,0.16666666666666666,0.015625,3.3604185703892844
phikon,Phikon,10x,40x,5,4,57,14,0.8333333333333334,0.6875,1.0515824869298458
phikon,Phikon,10x,10x,5,4,57,14,0.9642857142857143,0.8154761904761905,0.4200814147112422
phikon,Phikon,10x,2p5x,5,4,57,14,0.19047619047619047,0.08173076923076923,2.0283357192224964
phikon,Phikon,10x,40x,5,5,58,13,0.7619047619047619,0.7291666666666666,1.1839735565852616
phikon,Phikon,10x,10x,5,5,58,13,0.8333333333333333,0.75,0.5080012788218778
phikon,Phikon,10x,2p5x,5,5,58,13,0.21428571428571427,0.10416666666666666,2.586044938613484
phikon,Phikon,10x,40x,6,1,57,14,0.38571428571428573,0.375,1.659176699357905
phikon,Phikon,10x,10x,6,1,57,14,0.9285714285714286,0.821969696969697,0.3345197972873875
phikon,Phikon,10x,2p5x,6,1,57,14,0.35714285714285715,0.22916666666666666,2.4547917352595765
phikon,Phikon,10x,40x,6,2,57,14,0.5416666666666666,0.5027777777777778,1.3608505666638488
phikon,Phikon,10x,10x,6,2,57,14,0.6666666666666666,0.625,0.8267740327639966
phikon,Phikon,10x,2p5x,6,2,57,14,0.125,0.016666666666666666,2.839984177758916
phikon,Phikon,10x,40x,6,3,57,14,0.9125,0.9125,0.8761096582792375
phikon,Phikon,10x,10x,6,3,57,14,0.825,0.7354166666666666,0.7372104209980801
phikon,Phikon,10x,2p5x,6,3,57,14,0.125,0.016666666666666666,2.6684877916202394
phikon,Phikon,10x,40x,6,4,56,15,0.5595238095238095,0.4708333333333333,1.078771311936248
phikon,Phikon,10x,10x,6,4,56,15,0.7738095238095237,0.6696428571428572,0.6019516377567168
phikon,Phikon,10x,2p5x,6,4,56,15,0.29761904761904756,0.23958333333333331,1.893046828797351
phikon,Phikon,10x,40x,6,5,57,14,0.7708333333333333,0.7458333333333333,1.0918242000816616
phikon,Phikon,10x,10x,6,5,57,14,0.84375,0.8154761904761905,0.39530345633754865
phikon,Phikon,10x,2p5x,6,5,57,14,0.125,0.046875,1.4292884005154332
phikon,Phikon,10x,40x,7,1,57,14,0.5,0.4621212121212121,1.2928827975894222
phikon,Phikon,10x,10x,7,1,57,14,0.9375,0.9333333333333333,0.43934354322026004
phikon,Phikon,10x,2p5x,7,1,57,14,0.375,0.3125,1.9620289850260086
phikon,Phikon,10x,40x,7,2,56,15,0.5,0.47435897435897434,0.951090512082481
phikon,Phikon,10x,10x,7,2,56,15,0.8958333333333333,0.8916666666666666,0.4621444966743213
phikon,Phikon,10x,2p5x,7,2,56,15,0.22916666666666666,0.16506410256410256,2.161622306318151
phikon,Phikon,10x,40x,7,3,58,13,0.619047619047619,0.5148809523809523,1.188701882796709
phikon,Phikon,10x,10x,7,3,58,13,0.9285714285714286,0.7916666666666666,0.2891363638102384
phikon,Phikon,10x,2p5x,7,3,58,13,0.21428571428571427,0.10833333333333334,2.2016954132939417
phikon,Phikon,10x,40x,7,4,56,15,0.625,0.5972222222222222,1.0752478841492983
phikon,Phikon,10x,10x,7,4,56,15,0.875,0.8333333333333333,0.8168114695419714
phikon,Phikon,10x,2p5x,7,4,56,15,0.3125,0.26715686274509803,1.9372403689460924
phikon,Phikon,10x,40x,7,5,57,14,0.7708333333333333,0.7571428571428571,0.8642204996266093
phikon,Phikon,10x,10x,7,5,57,14,0.8333333333333333,0.7875,0.6407105201235924
phikon,Phikon,10x,2p5x,7,5,57,14,0.1875,0.10416666666666666,2.3968227093260777
phikon,Phikon,10x,40x,8,1,56,15,0.7380952380952381,0.6083333333333333,1.1714204313396714
phikon,Phikon,10x,10x,8,1,56,15,0.7857142857142857,0.6458333333333333,0.4639734911931439
phikon,Phikon,10x,2p5x,8,1,56,15,0.14285714285714285,0.03125,2.22014713768698
phikon,Phikon,10x,40x,8,2,57,14,0.38095238095238093,0.29166666666666663,1.3672146357698238
phikon,Phikon,10x,10x,8,2,57,14,0.7142857142857143,0.5729166666666666,0.9355692143212568
phikon,Phikon,10x,2p5x,8,2,57,14,0.3333333333333333,0.20833333333333331,2.3674163539016067
phikon,Phikon,10x,40x,8,3,57,14,0.7976190476190476,0.7166666666666667,1.082196790607394
phikon,Phikon,10x,10x,8,3,57,14,0.9047619047619048,0.7875,0.5689101236843174
phikon,Phikon,10x,2p5x,8,3,57,14,0.39285714285714285,0.2625,2.0539488538298274
phikon,Phikon,10x,40x,8,4,58,13,0.6285714285714287,0.5193452380952381,1.3195047584839315
phikon,Phikon,10x,10x,8,4,58,13,0.9285714285714286,0.7916666666666666,0.27337930399783883
phikon,Phikon,10x,2p5x,8,4,58,13,0.14285714285714285,0.019230769230769232,2.484740125064509
phikon,Phikon,10x,40x,8,5,56,15,0.59375,0.5890151515151515,1.156843578090708
phikon,Phikon,10x,10x,8,5,56,15,0.84375,0.8154761904761905,0.534310346512862
phikon,Phikon,10x,2p5x,8,5,56,15,0.25,0.19999999999999998,2.0477406880134885
phikon,Phikon,10x,40x,9,1,57,14,0.5416666666666666,0.42380952380952375,1.3677363156436055
phikon,Phikon,10x,10x,9,1,57,14,0.6666666666666666,0.5099206349206349,0.7899469087939696
phikon,Phikon,10x,2p5x,9,1,57,14,0.2222222222222222,0.10096153846153846,2.0897223454959337
phikon,Phikon,10x,40x,9,2,57,14,0.6666666666666666,0.5722222222222222,1.2883245826338572
phikon,Phikon,10x,10x,9,2,57,14,0.7380952380952381,0.6297619047619047,0.7326669781266357
phikon,Phikon,10x,2p5x,9,2,57,14,0.39285714285714285,0.28484848484848485,2.1126002114948075
phikon,Phikon,10x,40x,9,3,56,15,0.6666666666666666,0.6125,1.2883326130390524
phikon,Phikon,10x,10x,9,3,56,15,0.8958333333333333,0.8916666666666666,0.45058615468262236
phikon,Phikon,10x,2p5x,9,3,56,15,0.125,0.015625,2.293003671787782
phikon,Phikon,10x,40x,9,4,57,14,0.5952380952380951,0.5222222222222223,0.9437121954346901
phikon,Phikon,10x,10x,9,4,57,14,0.9047619047619048,0.7708333333333333,0.43859404977368294
phikon,Phikon,10x,2p5x,9,4,57,14,0.0,0.0,2.419986791447441
phikon,Phikon,10x,40x,9,5,57,14,0.4523809523809524,0.41944444444444445,1.0753471927067573
phikon,Phikon,10x,10x,9,5,57,14,0.9642857142857143,0.8154761904761905,0.35228656080557597
phikon,Phikon,10x,2p5x,9,5,57,14,0.19047619047619047,0.08035714285714285,2.3195978172240976
phikon,Phikon,2p5x,40x,0,1,57,14,0.5476190476190476,0.40208333333333335,2.90841557154629
phikon,Phikon,2p5x,10x,0,1,57,14,0.38095238095238093,0.26726190476190476,1.6048845955800868
phikon,Phikon,2p5x,2p5x,0,1,57,14,0.40476190476190477,0.3125,1.5929048174766633
phikon,Phikon,2p5x,40x,0,2,56,15,0.17857142857142858,0.13333333333333333,3.9966636008441907
phikon,Phikon,2p5x,10x,0,2,56,15,0.29761904761904756,0.28869047619047616,1.650636036585639
phikon,Phikon,2p5x,2p5x,0,2,56,15,0.6666666666666666,0.6041666666666666,0.953952329129095
phikon,Phikon,2p5x,40x,0,3,57,14,0.22916666666666666,0.12142857142857143,3.026487482944823
phikon,Phikon,2p5x,10x,0,3,57,14,0.41666666666666663,0.29166666666666663,2.0662050790480646
phikon,Phikon,2p5x,2p5x,0,3,57,14,0.75,0.6499999999999999,1.133328453553459
phikon,Phikon,2p5x,40x,0,4,57,14,0.16666666666666666,0.07500000000000001,2.989536851416895
phikon,Phikon,2p5x,10x,0,4,57,14,0.25,0.17708333333333331,2.3582279750328667
phikon,Phikon,2p5x,2p5x,0,4,57,14,0.6458333333333333,0.5958333333333333,1.1344577075145332
phikon,Phikon,2p5x,40x,0,5,57,14,0.23809523809523808,0.1607142857142857,3.573308587275793
phikon,Phikon,2p5x,10x,0,5,57,14,0.5952380952380951,0.47878787878787876,1.8656163173119549
phikon,Phikon,2p5x,2p5x,0,5,57,14,0.8095238095238095,0.6875,0.8031693426442675
phikon,Phikon,2p5x,40x,1,1,57,14,0.14285714285714285,0.1111111111111111,4.244913980520156
phikon,Phikon,2p5x,10x,1,1,57,14,0.31428571428571433,0.23958333333333331,2.184104965229437
phikon,Phikon,2p5x,2p5x,1,1,57,14,0.7999999999999999,0.6520833333333333,0.92045627347742
phikon,Phikon,2p5x,40x,1,2,57,14,0.25,0.12878787878787878,3.2518485651739684
phikon,Phikon,2p5x,10x,1,2,57,14,0.3333333333333333,0.3214285714285714,2.714113534757561
phikon,Phikon,2p5x,2p5x,1,2,57,14,0.5833333333333333,0.5375,1.8636108971243153
phikon,Phikon,2p5x,40x,1,3,56,15,0.22916666666666666,0.1708333333333333,2.570595686064181
phikon,Phikon,2p5x,10x,1,3,56,15,0.41666666666666663,0.32380952380952377,2.0241767063129164
phikon,Phikon,2p5x,2p5x,1,3,56,15,0.6666666666666666,0.575,1.2438711362879775
phikon,Phikon,2p5x,40x,1,4,57,14,0.125,0.11458333333333333,2.453274796584601
phikon,Phikon,2p5x,10x,1,4,57,14,0.5833333333333334,0.4270833333333333,1.0713722523242066
phikon,Phikon,2p5x,2p5x,1,4,57,14,0.5833333333333334,0.44375,1.162448898744428
phikon,Phikon,2p5x,40x,1,5,57,14,0.25,0.1201923076923077,3.019174661287957
phikon,Phikon,2p5x,10x,1,5,57,14,0.36904761904761907,0.244047619047619,1.9455851250970582
phikon,Phikon,2p5x,2p5x,1,5,57,14,0.75,0.6154761904761905,1.182272679265908
phikon,Phikon,2p5x,40x,2,1,57,14,0.19047619047619047,0.10795454545454546,3.003997567698439
phikon,Phikon,2p5x,10x,2,1,57,14,0.5714285714285714,0.48333333333333334,1.54277893533764
phikon,Phikon,2p5x,2p5x,2,1,57,14,0.5714285714285714,0.4708333333333333,1.26493837565481
phikon,Phikon,2p5x,40x,2,2,56,15,0.09999999999999999,0.09166666666666667,3.256369702805963
phikon,Phikon,2p5x,10x,2,2,56,15,0.19999999999999998,0.17142857142857143,1.4764513898385558
phikon,Phikon,2p5x,2p5x,2,2,56,15,0.7928571428571428,0.6694444444444444,1.189151774792017
phikon,Phikon,2p5x,40x,2,3,56,15,0.3095238095238095,0.16904761904761906,2.5541936840828776
phikon,Phikon,2p5x,10x,2,3,56,15,0.33333333333333337,0.25297619047619047,2.1566007099530395
phikon,Phikon,2p5x,2p5x,2,3,56,15,0.619047619047619,0.4458333333333333,1.2891303069074855
phikon,Phikon,2p5x,40x,2,4,57,14,0.2222222222222222,0.15606060606060607,2.9457113634939636
phikon,Phikon,2p5x,10x,2,4,57,14,0.3055555555555555,0.26041666666666663,2.248493650974001
phikon,Phikon,2p5x,2p5x,2,4,57,14,0.638888888888889,0.5029761904761905,1.5121386486658166
phikon,Phikon,2p5x,40x,2,5,58,13,0.4375,0.2875,3.395491340905171
phikon,Phikon,2p5x,10x,2,5,58,13,0.6875,0.6124999999999999,1.6417120410896864
phikon,Phikon,2p5x,2p5x,2,5,58,13,0.875,0.8708333333333333,0.6589868094550376
phikon,Phikon,2p5x,40x,3,1,57,14,0.14285714285714285,0.03571428571428571,4.3556721220329075
phikon,Phikon,2p5x,10x,3,1,57,14,0.38095238095238093,0.19821428571428573,2.19733183767566
phikon,Phikon,2p5x,2p5x,3,1,57,14,0.47619047619047616,0.3321428571428572,1.323735567581799
phikon,Phikon,2p5x,40x,3,2,57,14,0.125,0.0625,3.853374374383495
phikon,Phikon,2p5x,10x,3,2,57,14,0.3125,0.17708333333333331,2.9105490811067294
phikon,Phikon,2p5x,2p5x,3,2,57,14,0.6458333333333333,0.5958333333333333,1.4280369552499461
phikon,Phikon,2p5x,40x,3,3,56,15,0.3055555555555555,0.18333333333333335,2.4599175645343667
phikon,Phikon,2p5x,10x,3,3,56,15,0.5555555555555555,0.32142857142857145,1.5270672178501385
phikon,Phikon,2p5x,2p5x,3,3,56,15,0.7777777777777777,0.6,1.1504484781309285
phikon,Phikon,2p5x,40x,3,4,57,14,0.14285714285714285,0.020833333333333332,2.888212348515712
phikon,Phikon,2p5x,10x,3,4,57,14,0.4880952380952381,0.39166666666666666,1.3517847796888887
phikon,Phikon,2p5x,2p5x,3,4,57,14,0.5595238095238095,0.49464285714285716,0.771695436485376
phikon,Phikon,2p5x,40x,3,5,57,14,0.3125,0.2375,3.182033659581608
phikon,Phikon,2p5x,10x,3,5,57,14,0.41666666666666663,0.375,1.86606662742926
phikon,Phikon,2p5x,2p5x,3,5,57,14,0.8541666666666666,0.825,0.8982723289422416
phikon,Phikon,2p5x,40x,4,1,57,14,0.125,0.057692307692307696,3.6564791780956183
phikon,Phikon,2p5x,10x,4,1,57,14,0.35416666666666663,0.2589285714285714,2.1030479908218878
phikon,Phikon,2p5x,2p5x,4,1,57,14,0.5416666666666666,0.4083333333333333,1.426584640408226
phikon,Phikon,2p5x,40x,4,2,57,14,0.1875,0.10555555555555556,3.288645531214798
phikon,Phikon,2p5x,10x,4,2,57,14,0.3125,0.2708333333333333,1.6036922970949807
phikon,Phikon,2p5x,2p5x,4,2,57,14,0.8125,0.7875,1.2663953224666458
phikon,Phikon,2p5x,40x,4,3,56,15,0.19047619047619047,0.06439393939393939,3.6103294220054574
phikon,Phikon,2p5x,10x,4,3,56,15,0.4047619047619047,0.2613095238095238,2.1260049744788194
phikon,Phikon,2p5x,2p5x,4,3,56,15,0.38095238095238093,0.31547619047619047,1.3158645058556147
phikon,Phikon,2p5x,40x,4,4,57,14,0.41666666666666663,0.35,3.070193640305454
phikon,Phikon,2p5x,10x,4,4,57,14,0.47916666666666663,0.4458333333333333,1.773229786373928
phikon,Phikon,2p5x,2p5x,4,4,57,14,0.7708333333333333,0.7416666666666667,0.6522792001405223
phikon,Phikon,2p5x,40x,4,5,57,14,0.49999999999999994,0.5166666666666666,2.5275483830553336
phikon,Phikon,2p5x,10x,4,5,57,14,0.6904761904761905,0.5666666666666667,1.2581886513411689
phikon,Phikon,2p5x,2p5x,4,5,57,14,0.7619047619047619,0.6416666666666666,1.0514904448542062
phikon,Phikon,2p5x,40x,5,1,57,14,0.20833333333333331,0.16696428571428573,2.519448152209499
phikon,Phikon,2p5x,10x,5,1,57,14,0.25,0.29166666666666663,1.7862374227838587
phikon,Phikon,2p5x,2p5x,5,1,57,14,0.625,0.6104166666666666,1.1950445587298208
phikon,Phikon,2p5x,40x,5,2,56,15,0.16666666666666666,0.07738095238095238,3.9092572825020473
phikon,Phikon,2p5x,10x,5,2,56,15,0.29166666666666663,0.16458333333333333,2.6810727587603216
phikon,Phikon,2p5x,2p5x,5,2,56,15,0.7916666666666666,0.6696428571428571,1.3913958606298304
phikon,Phikon,2p5x,40x,5,3,56,15,0.25,0.10833333333333334,5.516915402103848
phikon,Phikon,2p5x,10x,5,3,56,15,0.3666666666666667,0.2361111111111111,3.1792980497677394
phikon,Phikon,2p5x,2p5x,5,3,56,15,0.6916666666666668,0.46875,1.1441608798575145
phikon,Phikon,2p5x,40x,5,4,57,14,0.14285714285714285,0.019230769230769232,3.0561027389777204
phikon,Phikon,2p5x,10x,5,4,57,14,0.42857142857142855,0.2625,2.0914895204476363
phikon,Phikon,2p5x,2p5x,5,4,57,14,0.619047619047619,0.5047619047619047,1.8593083805747594
phikon,Phikon,2p5x,40x,5,5,58,13,0.42857142857142855,0.266025641025641,2.1182383358176757
phikon,Phikon,2p5x,10x,5,5,58,13,0.6428571428571429,0.43749999999999994,1.7228125656280304
phikon,Phikon,2p5x,2p5x,5,5,58,13,0.7857142857142857,0.6333333333333333,1.2995517469227538
phikon,Phikon,2p5x,40x,6,1,57,14,0.14285714285714285,0.038461538461538464,3.5866008442767128
phikon,Phikon,2p5x,10x,6,1,57,14,0.4714285714285714,0.4242424242424242,1.3466559991752878
phikon,Phikon,2p5x,2p5x,6,1,57,14,0.7142857142857143,0.5511363636363636,0.8491727439146798
phikon,Phikon,2p5x,40x,6,2,57,14,0.041666666666666664,0.025,3.2347157072036588
phikon,Phikon,2p5x,10x,6,2,57,14,0.3333333333333333,0.19583333333333333,2.418147437630822
phikon,Phikon,2p5x,2p5x,6,2,57,14,0.5833333333333333,0.5333333333333333,1.7061752239063226
phikon,Phikon,2p5x,40x,6,3,57,14,0.1875,0.10416666666666666,3.0985839220512346
phikon,Phikon,2p5x,10x,6,3,57,14,0.4875,0.34226190476190477,1.8477947108753239
phikon,Phikon,2p5x,2p5x,6,3,57,14,0.65,0.55,1.3762760720472664
phikon,Phikon,2p5x,40x,6,4,56,15,0.17857142857142858,0.13194444444444445,2.6224313084974495
phikon,Phikon,2p5x,10x,6,4,56,15,0.32142857142857145,0.2556818181818182,1.7553931849717237
phikon,Phikon,2p5x,2p5x,6,4,56,15,0.6785714285714286,0.56875,1.2296522200279787
phikon,Phikon,2p5x,40x,6,5,57,14,0.125,0.057692307692307696,2.582182004401379
phikon,Phikon,2p5x,10x,6,5,57,14,0.5625,0.4833333333333333,2.1188210398293132
phikon,Phikon,2p5x,2p5x,6,5,57,14,0.65625,0.5863095238095238,0.7391463747767497
phikon,Phikon,2p5x,40x,7,1,57,14,0.1875,0.13333333333333333,3.244949253175433
phikon,Phikon,2p5x,10x,7,1,57,14,0.4375,0.419047619047619,2.2221473275118737
phikon,Phikon,2p5x,2p5x,7,1,57,14,0.6875,0.625,0.8765188468895735
phikon,Phikon,2p5x,40x,7,2,56,15,0.25,0.13055555555555554,2.5851062208485542
phikon,Phikon,2p5x,10x,7,2,56,15,0.6666666666666666,0.6297619047619047,1.3027420707974549
phikon,Phikon,2p5x,2p5x,7,2,56,15,0.5625,0.5249999999999999,1.2989785340477984
phikon,Phikon,2p5x,40x,7,3,58,13,0.07142857142857142,0.0625,4.268542044704412
phikon,Phikon,2p5x,10x,7,3,58,13,0.47619047619047616,0.34226190476190477,1.8609115485951813
phikon,Phikon,2p5x,2p5x,7,3,58,13,0.6666666666666666,0.55,0.8710804905233407
phikon,Phikon,2p5x,40x,7,4,56,15,0.15625,0.1369047619047619,3.179572115307619
phikon,Phikon,2p5x,10x,7,4,56,15,0.53125,0.44999999999999996,2.0502451230131205
phikon,Phikon,2p5x,2p5x,7,4,56,15,0.78125,0.6916666666666667,1.1919828413575793
phikon,Phikon,2p5x,40x,7,5,57,14,0.25,0.07272727272727272,3.037006555536523
phikon,Phikon,2p5x,10x,7,5,57,14,0.47916666666666663,0.3148809523809524,2.409959849874722
phikon,Phikon,2p5x,2p5x,7,5,57,14,0.7083333333333333,0.6125,1.46206181323123
phikon,Phikon,2p5x,40x,8,1,56,15,0.2261904761904762,0.10625000000000001,2.629027553748485
phikon,Phikon,2p5x,10x,8,1,56,15,0.5,0.34375,1.5974331961070185
phikon,Phikon,2p5x,2p5x,8,1,56,15,0.7142857142857143,0.5069444444444444,1.0037391565422042
phikon,Phikon,2p5x,40x,8,2,57,14,0.19047619047619047,0.11805555555555555,2.963903692588719
phikon,Phikon,2p5x,10x,8,2,57,14,0.047619047619047616,0.05,3.1042942003413994
phikon,Phikon,2p5x,2p5x,8,2,57,14,0.5952380952380951,0.4375,1.5208417196389308
phikon,Phikon,2p5x,40x,8,3,57,14,0.2857142857142857,0.16666666666666666,3.36747082340959
phikon,Phikon,2p5x,10x,8,3,57,14,0.4880952380952381,0.3763888888888889,1.8497206701532007
phikon,Phikon,2p5x,2p5x,8,3,57,14,0.7619047619047619,0.6666666666666666,1.2680874328321903
phikon,Phikon,2p5x,40x,8,4,58,13,0.21428571428571427,0.13333333333333333,2.6165853725877173
phikon,Phikon,2p5x,10x,8,4,58,13,0.37142857142857144,0.26041666666666663,1.6626976798109026
phikon,Phikon,2p5x,2p5x,8,4,58,13,0.8285714285714285,0.6736111111111112,0.6923531061374478
phikon,Phikon,2p5x,40x,8,5,56,15,0.25,0.08571428571428572,4.085403618090646
phikon,Phikon,2p5x,10x,8,5,56,15,0.5,0.40476190476190477,1.6882365106405417
phikon,Phikon,2p5x,2p5x,8,5,56,15,0.59375,0.5791666666666666,0.8579653732912454
phikon,Phikon,2p5x,40x,9,1,57,14,0.16666666666666666,0.03571428571428571,4.274764904788648
phikon,Phikon,2p5x,10x,9,1,57,14,0.2916666666666667,0.2375,2.3081214665953453
phikon,Phikon,2p5x,2p5x,9,1,57,14,0.27777777777777773,0.19444444444444442,1.6765696187588428
phikon,Phikon,2p5x,40x,9,2,57,14,0.14285714285714285,0.046875,4.0810485791525855
phikon,Phikon,2p5x,10x,9,2,57,14,0.23809523809523808,0.1607142857142857,3.520280756319253
phikon,Phikon,2p5x,2p5x,9,2,57,14,0.5833333333333334,0.47559523809523807,2.149153331408388
phikon,Phikon,2p5x,40x,9,3,56,15,0.25,0.175,3.9234510634408104
phikon,Phikon,2p5x,10x,9,3,56,15,0.5625,0.4464285714285714,2.3435008516980607
phikon,Phikon,2p5x,2p5x,9,3,56,15,0.8125,0.7738095238095237,0.7139720145944736
phikon,Phikon,2p5x,40x,9,4,57,14,0.14285714285714285,0.16666666666666666,3.4895369499678255
phikon,Phikon,2p5x,10x,9,4,57,14,0.4523809523809524,0.33392857142857146,1.6203611947966485
phikon,Phikon,2p5x,2p5x,9,4,57,14,0.6666666666666666,0.5708333333333333,0.8849450350104424
phikon,Phikon,2p5x,40x,9,5,57,14,0.14285714285714285,0.020833333333333332,3.1022201626782575
phikon,Phikon,2p5x,10x,9,5,57,14,0.7261904761904763,0.6125,1.4874663740792096
phikon,Phikon,2p5x,2p5x,9,5,57,14,0.6785714285714286,0.5729166666666666,0.8482135026366601
uni,UNI,40x,40x,0,1,57,14,0.761904761904762,0.6416666666666666,1.2913507920262413
uni,UNI,40x,10x,0,1,57,14,0.47619047619047616,0.3611111111111111,1.4190592117911671
uni,UNI,40x,2p5x,0,1,57,14,0.11904761904761904,0.09375,3.1880136680929043
uni,UNI,40x,40x,0,2,56,15,0.7857142857142857,0.6904761904761905,0.5903336150763506
uni,UNI,40x,10x,0,2,56,15,0.6666666666666666,0.5166666666666666,1.294514991595142
uni,UNI,40x,2p5x,0,2,56,15,0.14285714285714285,0.019230769230769232,3.687236794559809
uni,UNI,40x,40x,0,3,57,14,0.8125,0.7708333333333333,0.5326828094552847
uni,UNI,40x,10x,0,3,57,14,0.8125,0.7604166666666666,1.0351811136168683
uni,UNI,40x,2p5x,0,3,57,14,0.16666666666666666,0.05555555555555555,2.9951727144957196
uni,UNI,40x,40x,0,4,57,14,0.5833333333333333,0.5625,0.8780916656024711
uni,UNI,40x,10x,0,4,57,14,0.6458333333333333,0.6,0.9890260294849699
uni,UNI,40x,2p5x,0,4,57,14,0.125,0.017857142857142856,3.6505030039661905
uni,UNI,40x,40x,0,5,57,14,0.880952380952381,0.7625,0.6026921810371696
uni,UNI,40x,10x,0,5,57,14,0.5238095238095238,0.4458333333333333,1.0511733940675896
uni,UNI,40x,2p5x,0,5,57,14,0.19047619047619047,0.08846153846153847,2.584745763374881
uni,UNI,40x,40x,1,1,57,14,0.8428571428571429,0.7380952380952381,0.927358062428148
uni,UNI,40x,10x,1,1,57,14,0.6428571428571429,0.4861111111111111,1.6688339203944107
uni,UNI,40x,2p5x,1,1,57,14,0.14285714285714285,0.019230769230769232,4.009481921140452
uni,UNI,40x,40x,1,2,57,14,0.625,0.6145833333333333,1.5858450013444951
uni,UNI,40x,10x,1,2,57,14,0.4583333333333333,0.4672619047619047,1.3174482549351183
uni,UNI,40x,2p5x,1,2,57,14,0.125,0.027777777777777776,2.7636208025270754
uni,UNI,40x,40x,1,3,56,15,0.8333333333333333,0.75,0.6743526130947906
uni,UNI,40x,10x,1,3,56,15,0.8125,0.7738095238095237,0.6000421170384951
uni,UNI,40x,2p5x,1,3,56,15,0.16666666666666666,0.06439393939393939,2.593419344065487
uni,UNI,40x,40x,1,4,57,14,0.9583333333333334,0.7071428571428571,0.3390558314225374
uni,UNI,40x,10x,1,4,57,14,0.5416666666666666,0.44047619047619047,1.212954048939945
uni,UNI,40x,2p5x,1,4,57,14,0.08333333333333333,0.07142857142857142,3.5255871453676173
uni,UNI,40x,40x,1,5,57,14,0.7857142857142857,0.7083333333333333,0.7278380495050419
uni,UNI,40x,10x,1,5,57,14,0.42857142857142855,0.325,1.3194554795088909
uni,UNI,40x,2p5x,1,5,57,14,0.17857142857142858,0.09545454545454546,2.5002149308753894
uni,UNI,40x,40x,2,1,57,14,0.6904761904761905,0.5583333333333333,0.7642449480572734
uni,UNI,40x,10x,2,1,57,14,0.761904761904762,0.5791666666666666,1.216699930882223
uni,UNI,40x,2p5x,2,1,57,14,0.2857142857142857,0.10833333333333334,2.8429704186875844
uni,UNI,40x,40x,2,2,56,15,0.7999999999999999,0.6735119047619047,0.847356596569671
uni,UNI,40x,10x,2,2,56,15,0.4928571428571429,0.32272727272727275,1.5750464689101278
uni,UNI,40x,2p5x,2,2,56,15,0.14285714285714285,0.03125,3.7460597127575466
uni,UNI,40x,40x,2,3,56,15,0.7142857142857143,0.6208333333333333,1.2201669522743588
uni,UNI,40x,10x,2,3,56,15,0.7142857142857143,0.5863095238095237,0.8935853617045159
uni,UNI,40x,2p5x,2,3,56,15,0.19047619047619047,0.060897435897435896,2.7931267273397866
uni,UNI,40x,40x,2,4,57,14,0.7777777777777778,0.6,0.7716320690566437
uni,UNI,40x,10x,2,4,57,14,0.7777777777777777,0.5854166666666667,0.761933219631055
uni,UNI,40x,2p5x,2,4,57,14,0.16666666666666666,0.038461538461538464,2.8066488573769313
uni,UNI,40x,40x,2,5,58,13,0.9375,0.9333333333333333,0.7175530602159133
uni,UNI,40x,10x,2,5,58,13,0.4375,0.38541666666666663,1.2649267537551054
uni,UNI,40x,2p5x,2,5,58,13,0.375,0.23214285714285715,2.862979200866851
uni,UNI,40x,40x,3,1,57,14,0.6904761904761905,0.5625,0.7952070805261345
uni,UNI,40x,10x,3,1,57,14,0.7619047619047619,0.5833333333333333,0.9626277939871074
uni,UNI,40x,2p5x,3,1,57,14,0.14285714285714285,0.019230769230769232,2.884315443292493
uni,UNI,40x,40x,3,2,57,14,0.6458333333333333,0.5958333333333333,1.5283339906273654
uni,UNI,40x,10x,3,2,57,14,0.6041666666666666,0.5375,1.3324322532354849
uni,UNI,40x,2p5x,3,2,57,14,0.1875,0.12878787878787878,2.825472503523037
uni,UNI,40x,40x,3,3,56,15,0.8472222222222222,0.6270833333333333,0.5699786685331074
uni,UNI,40x,10x,3,3,56,15,0.8333333333333334,0.5958333333333333,0.693418828606739
uni,UNI,40x,2p5x,3,3,56,15,0.16666666666666666,0.07142857142857142,2.89269876646135
uni,UNI,40x,40x,3,4,57,14,0.9523809523809523,0.825,0.25677397732609236
uni,UNI,40x,10x,3,4,57,14,0.5,0.32291666666666663,0.9849885238948722
uni,UNI,40x,2p5x,3,4,57,14,0.14285714285714285,0.03125,3.7107271977912113
uni,UNI,40x,40x,3,5,57,14,0.7708333333333333,0.7589285714285714,0.6761337173710277
uni,UNI,40x,10x,3,5,57,14,0.5,0.4229166666666666,1.823259993039078
uni,UNI,40x,2p5x,3,5,57,14,0.1875,0.059027777777777776,3.831482689350426
uni,UNI,40x,40x,4,1,57,14,0.6666666666666666,0.6422619047619047,1.195200741111805
uni,UNI,40x,10x,4,1,57,14,0.6875,0.6833333333333333,0.9013113928304858
uni,UNI,40x,2p5x,4,1,57,14,0.25,0.10714285714285714,2.7997636225553277
uni,UNI,40x,40x,4,2,57,14,0.75,0.725,0.6513276073782902
uni,UNI,40x,10x,4,2,57,14,0.5625,0.50625,1.3933643670861589
uni,UNI,40x,2p5x,4,2,57,14,0.25,0.08680555555555555,3.405254627089197
uni,UNI,40x,40x,4,3,56,15,0.6904761904761905,0.5958333333333333,0.8017260045330263
uni,UNI,40x,10x,4,3,56,15,0.6904761904761905,0.5833333333333334,0.9741298759923198
uni,UNI,40x,2p5x,4,3,56,15,0.14285714285714285,0.015625,2.8811568632812987
uni,UNI,40x,40x,4,4,57,14,0.8958333333333333,0.8833333333333333,0.36873333846569734
uni,UNI,40x,10x,4,4,57,14,0.75,0.71875,0.6913147165178181
uni,UNI,40x,2p5x,4,4,57,14,0.125,0.041666666666666664,3.109677779738578
uni,UNI,40x,40x,4,5,57,14,0.8333333333333333,0.7375,0.840859981890722
uni,UNI,40x,10x,4,5,57,14,0.49999999999999994,0.5166666666666666,1.258636684570663
uni,UNI,40x,2p5x,4,5,57,14,0.21428571428571427,0.1388888888888889,3.091955319601802
uni,UNI,40x,40x,5,1,57,14,0.5833333333333333,0.5416666666666667,1.4931885530410862
uni,UNI,40x,10x,5,1,57,14,0.4583333333333333,0.5166666666666666,1.3316325382108283
uni,UNI,40x,2p5x,5,1,57,14,0.125,0.038461538461538464,2.599421644612444
uni,UNI,40x,40x,5,2,56,15,0.8333333333333333,0.75,1.1644449555151444
uni,UNI,40x,10x,5,2,56,15,0.625,0.5416666666666666,1.4505567346810149
uni,UNI,40x,2p5x,5,2,56,15,0.125,0.022727272727272728,3.616307001292378
uni,UNI,40x,40x,5,3,56,15,0.8083333333333332,0.5967261904761905,1.025127475210463
uni,UNI,40x,10x,5,3,56,15,0.48333333333333334,0.34226190476190477,1.856868728098831
uni,UNI,40x,2p5x,5,3,56,15,0.16666666666666666,0.041666666666666664,4.738437799015625
uni,UNI,40x,40x,5,4,57,14,0.6904761904761905,0.5208333333333333,0.9455523719516618
uni,UNI,40x,10x,5,4,57,14,0.7857142857142857,0.6071428571428571,0.9054924253283512
uni,UNI,40x,2p5x,5,4,57,14,0.19047619047619047,0.06923076923076923,2.5317752467137624
uni,UNI,40x,40x,5,5,58,13,0.8333333333333333,0.75,0.5618101305962965
uni,UNI,40x,10x,5,5,58,13,0.5952380952380951,0.5083333333333333,1.1484265934777214
uni,UNI,40x,2p5x,5,5,58,13,0.14285714285714285,0.046875,2.754098939224295
uni,UNI,40x,40x,6,1,57,14,0.9285714285714286,0.7916666666666666,0.41440971190437176
uni,UNI,40x,10x,6,1,57,14,0.9428571428571428,0.8020833333333333,0.5855140609863414
uni,UNI,40x,2p5x,6,1,57,14,0.21428571428571427,0.07291666666666666,2.557024923250764
uni,UNI,40x,40x,6,2,57,14,0.625,0.5458333333333334,1.3174708407159716
uni,UNI,40x,10x,6,2,57,14,0.6666666666666666,0.588095238095238,1.0857642187421583
uni,UNI,40x,2p5x,6,2,57,14,0.25,0.10606060606060605,3.196707911635522
uni,UNI,40x,40x,6,3,57,14,0.8,0.7380952380952381,1.268038144562054
uni,UNI,40x,10x,6,3,57,14,0.5625,0.494047619047619,1.6349441724539884
uni,UNI,40x,2p5x,6,3,57,14,0.125,0.03571428571428571,3.757944517632613
uni,UNI,40x,40x,6,4,56,15,0.6428571428571429,0.55,0.6805715716856109
uni,UNI,40x,10x,6,4,56,15,0.5833333333333333,0.4708333333333333,1.077226052902914
uni,UNI,40x,2p5x,6,4,56,15,0.21428571428571427,0.10416666666666666,2.2427612895117575
uni,UNI,40x,40x,6,5,57,14,0.84375,0.8154761904761905,0.4036713173928247
uni,UNI,40x,10x,6,5,57,14,0.59375,0.4726190476190476,1.2264541288503992
uni,UNI,40x,2p5x,6,5,57,14,0.16666666666666666,0.06944444444444445,3.1875561368654988
uni,UNI,40x,40x,7,1,57,14,0.8125,0.7875,0.7136092972865496
uni,UNI,40x,10x,7,1,57,14,0.6875,0.7232142857142856,0.8911094960936655
uni,UNI,40x,2p5x,7,1,57,14,0.3125,0.17708333333333331,3.002494628424801
uni,UNI,40x,40x,7,2,56,15,0.8958333333333333,0.8904761904761904,0.5006651017215054
uni,UNI,40x,10x,7,2,56,15,0.7708333333333333,0.7666666666666666,0.7375991815757534
uni,UNI,40x,2p5x,7,2,56,15,0.0,0.0,2.7960109243067746
uni,UNI,40x,40x,7,3,58,13,0.7142857142857143,0.6,0.3192128368167255
uni,UNI,40x,10x,7,3,58,13,0.5952380952380951,0.6,1.012622167648659
uni,UNI,40x,2p5x,7,3,58,13,0.14285714285714285,0.05,3.4585419092699587
uni,UNI,40x,40x,7,4,56,15,0.84375,0.7583333333333333,1.1609254201651422
uni,UNI,40x,10x,7,4,56,15,0.53125,0.48611111111111105,1.2797578963877185
uni,UNI,40x,2p5x,7,4,56,15,0.1875,0.09415584415584416,2.917284138962917
uni,UNI,40x,40x,7,5,57,14,0.75,0.6708333333333334,0.8601411489722616
uni,UNI,40x,10x,7,5,57,14,0.625,0.5267857142857143,1.2719622289174222
uni,UNI,40x,2p5x,7,5,57,14,0.1875,0.060714285714285714,2.8157353818465194
uni,UNI,40x,40x,8,1,56,15,0.8333333333333334,0.725,0.8093001499629452
uni,UNI,40x,10x,8,1,56,15,0.738095238095238,0.6104166666666666,0.5679000679427016
uni,UNI,40x,2p5x,8,1,56,15,0.23809523809523808,0.12698412698412698,2.4822574009387615
uni,UNI,40x,40x,8,2,57,14,0.6666666666666666,0.5505952380952381,1.266814218599285
uni,UNI,40x,10x,8,2,57,14,0.4047619047619047,0.34226190476190477,1.6592306274636972
uni,UNI,40x,2p5x,8,2,57,14,0.07142857142857142,0.041666666666666664,3.2029352607469135
uni,UNI,40x,40x,8,3,57,14,0.7976190476190476,0.6238095238095238,1.075945994423221
uni,UNI,40x,10x,8,3,57,14,0.75,0.6011904761904762,1.653815132496934
uni,UNI,40x,2p5x,8,3,57,14,0.14285714285714285,0.019230769230769232,3.592241275868637
uni,UNI,40x,40x,8,4,58,13,0.9285714285714286,0.7916666666666666,0.291892732092125
uni,UNI,40x,10x,8,4,58,13,0.4428571428571429,0.4270833333333333,0.8581114557034805
uni,UNI,40x,2p5x,8,4,58,13,0.0,0.0,2.923106913486807
uni,UNI,40x,40x,8,5,56,15,0.78125,0.7291666666666666,0.9311790911362514
uni,UNI,40x,10x,8,5,56,15,0.71875,0.6291666666666667,1.1469371897163996
uni,UNI,40x,2p5x,8,5,56,15,0.125,0.03333333333333333,3.3447673673919147
uni,UNI,40x,40x,9,1,57,14,0.5,0.3819444444444444,1.1126626790726404
uni,UNI,40x,10x,9,1,57,14,0.5833333333333334,0.4458333333333333,0.9057848442165098
uni,UNI,40x,2p5x,9,1,57,14,0.0,0.0,2.7051285937622986
uni,UNI,40x,40x,9,2,57,14,0.7380952380952381,0.6416666666666666,1.2691592504795206
uni,UNI,40x,10x,9,2,57,14,0.6666666666666666,0.5791666666666666,1.173655889626454
uni,UNI,40x,2p5x,9,2,57,14,0.14285714285714285,0.03571428571428571,2.6061811496158387
uni,UNI,40x,40x,9,3,56,15,0.8958333333333333,0.8833333333333333,0.42808821004883046
uni,UNI,40x,10x,9,3,56,15,0.5208333333333333,0.5204545454545455,1.2166130340838572
uni,UNI,40x,2p5x,9,3,56,15,0.125,0.03125,3.6404575757549864
uni,UNI,40x,40x,9,4,57,14,0.8809523809523808,0.7583333333333333,0.38098144927196304
uni,UNI,40x,10x,9,4,57,14,0.5,0.3833333333333333,1.285676642908297
uni,UNI,40x,2p5x,9,4,57,14,0.14285714285714285,0.05555555555555555,3.875859533827883
uni,UNI,40x,40x,9,5,57,14,0.6071428571428571,0.5321428571428571,0.9349738656844969
uni,UNI,40x,10x,9,5,57,14,0.5,0.3293650793650793,1.476185699642219
uni,UNI,40x,2p5x,9,5,57,14,0.14285714285714285,0.020833333333333332,3.480826387606021
uni,UNI,10x,40x,0,1,57,14,0.5476190476190477,0.45416666666666666,1.2784147595509712
uni,UNI,10x,10x,0,1,57,14,0.6904761904761906,0.5708333333333333,1.0099372059864986
uni,UNI,10x,2p5x,0,1,57,14,0.23809523809523808,0.1388888888888889,1.9903886228035959
uni,UNI,10x,40x,0,2,56,15,0.5952380952380951,0.5249999999999999,0.9308580084536745
uni,UNI,10x,10x,0,2,56,15,0.8571428571428571,0.7321428571428571,0.6332052859602307
uni,UNI,10x,2p5x,0,2,56,15,0.10714285714285714,0.08125,2.0596990991953623
uni,UNI,10x,40x,0,3,57,14,0.75,0.6520833333333333,0.9952469182774556
uni,UNI,10x,10x,0,3,57,14,0.9375,0.9166666666666666,0.3981591709882019
uni,UNI,10x,2p5x,0,3,57,14,0.1875,0.10416666666666666,1.7705772145389478
uni,UNI,10x,40x,0,4,57,14,0.47916666666666663,0.44166666666666665,1.1808491163286192
uni,UNI,10x,10x,0,4,57,14,0.8333333333333333,0.8,0.5519160743349806
uni,UNI,10x,2p5x,0,4,57,14,0.125,0.017857142857142856,2.2716461236306675
uni,UNI,10x,40x,0,5,57,14,0.5952380952380952,0.5047619047619047,0.9704706420055633
uni,UNI,10x,10x,0,5,57,14,0.8571428571428571,0.7529761904761905,0.468363203149664
uni,UNI,10x,2p5x,0,5,57,14,0.21428571428571425,0.14642857142857144,1.5900054429041874
uni,UNI,10x,40x,1,1,57,14,0.7000000000000001,0.5714285714285714,1.4021234027955496
uni,UNI,10x,10x,1,1,57,14,0.9285714285714286,0.7916666666666666,0.6002994949159378
uni,UNI,10x,2p5x,1,1,57,14,0.2857142857142857,0.09821428571428571,2.5023537369287228
uni,UNI,10x,40x,1,2,57,14,0.5,0.4708333333333333,1.6658209777782396
uni,UNI,10x,10x,1,2,57,14,0.625,0.5791666666666666,1.129154799815245
uni,UNI,10x,2p5x,1,2,57,14,0.3333333333333333,0.22420634920634921,1.9290341778662954
uni,UNI,10x,40x,1,3,56,15,0.6041666666666666,0.5357142857142857,1.1096664936367564
uni,UNI,10x,10x,1,3,56,15,0.875,0.8291666666666666,0.47645876597182946
uni,UNI,10x,2p5x,1,3,56,15,0.125,0.017857142857142856,1.8699200694361184
uni,UNI,10x,40x,1,4,57,14,0.9583333333333334,0.7071428571428571,0.7702115026172194
uni,UNI,10x,10x,1,4,57,14,0.9583333333333334,0.6904761904761905,0.3630277123416284
uni,UNI,10x,2p5x,1,4,57,14,0.0,0.0,2.1110466433097694
uni,UNI,10x,40x,1,5,57,14,0.5952380952380952,0.5214285714285715,0.9071132248731529
uni,UNI,10x,10x,1,5,57,14,0.7857142857142857,0.7083333333333333,0.8763367488437168
uni,UNI,10x,2p5x,1,5,57,14,0.2261904761904762,0.15096153846153848,1.783709370212339
uni,UNI,10x,40x,2,1,57,14,0.7380952380952381,0.5791666666666666,0.8824905658151003
uni,UNI,10x,10x,2,1,57,14,0.7857142857142857,0.6458333333333333,0.5722112040838131
uni,UNI,10x,2p5x,2,1,57,14,0.2857142857142857,0.15892857142857142,1.9369840949306465
uni,UNI,10x,40x,2,2,56,15,0.7571428571428571,0.5694444444444444,1.0424365627223382
uni,UNI,10x,10x,2,2,56,15,0.9,0.7569444444444444,0.5267407707251133
uni,UNI,10x,2p5x,2,2,56,15,0.14285714285714285,0.022727272727272728,2.7920552077342937
uni,UNI,10x,40x,2,3,56,15,0.7142857142857142,0.6208333333333333,1.1001080940731505
uni,UNI,10x,10x,2,3,56,15,0.7619047619047619,0.6666666666666666,0.7745318557051882
uni,UNI,10x,2p5x,2,3,56,15,0.23809523809523808,0.125,1.6696500513921693
uni,UNI,10x,40x,2,4,57,14,0.5833333333333334,0.43333333333333335,1.1833247162787057
uni,UNI,10x,10x,2,4,57,14,0.8055555555555555,0.6208333333333333,0.6612971747668441
uni,UNI,10x,2p5x,2,4,57,14,0.25,0.11904761904761904,1.9059348243068661
uni,UNI,10x,40x,2,5,58,13,0.75,0.7291666666666666,1.0667935653327318
uni,UNI,10x,10x,2,5,58,13,0.9375,0.9333333333333333,0.5887208114651916
uni,UNI,10x,2p5x,2,5,58,13,0.25,0.18333333333333335,1.6663523890376941
uni,UNI,10x,40x,3,1,57,14,0.619047619047619,0.47916666666666663,1.019428234993655
uni,UNI,10x,10x,3,1,57,14,0.7619047619047619,0.6041666666666666,0.7315254967980819
uni,UNI,10x,2p5x,3,1,57,14,0.2619047619047619,0.15029761904761904,1.969169635996834
uni,UNI,10x,40x,3,2,57,14,0.5625,0.4375,1.6412032411228739
uni,UNI,10x,10x,3,2,57,14,0.6875,0.6208333333333333,1.2778566239274725
uni,UNI,10x,2p5x,3,2,57,14,0.125,0.08333333333333333,1.857003971534451
uni,UNI,10x,40x,3,3,56,15,0.625,0.4583333333333333,1.4385623216322705
uni,UNI,10x,10x,3,3,56,15,0.9583333333333334,0.7321428571428572,0.3170197351140375
uni,UNI,10x,2p5x,3,3,56,15,0.3333333333333333,0.1111111111111111,2.2422961500624674
uni,UNI,10x,40x,3,4,57,14,0.6309523809523808,0.5154761904761904,0.6799869725418963
uni,UNI,10x,10x,3,4,57,14,0.8571428571428571,0.725,0.31965684759143304
uni,UNI,10x,2p5x,3,4,57,14,0.23809523809523808,0.11309523809523808,2.012821757316577
uni,UNI,10x,40x,3,5,57,14,0.6666666666666666,0.625,0.9676597118750115
uni,UNI,10x,10x,3,5,57,14,0.8958333333333333,0.8958333333333333,0.45069461457749355
uni,UNI,10x,2p5x,3,5,57,14,0.125,0.03333333333333333,2.047210456757404
uni,UNI,10x,40x,4,1,57,14,0.6041666666666666,0.5625,1.4173678869391027
uni,UNI,10x,10x,4,1,57,14,0.8958333333333333,0.8666666666666667,0.6090414982006384
uni,UNI,10x,2p5x,4,1,57,14,0.25,0.12291666666666667,2.190274601917588
uni,UNI,10x,40x,4,2,57,14,0.625,0.6089285714285714,1.0149684014519225
uni,UNI,10x,10x,4,2,57,14,0.875,0.8666666666666667,0.48904595940065715
uni,UNI,10x,2p5x,4,2,57,14,0.3125,0.2467948717948718,1.8728567175793782
uni,UNI,10x,40x,4,3,56,15,0.5476190476190477,0.475,1.3800273755641033
uni,UNI,10x,10x,4,3,56,15,0.738095238095238,0.6416666666666666,0.8327795369896731
uni,UNI,10x,2p5x,4,3,56,15,0.21428571428571427,0.10416666666666666,2.349237828458144
uni,UNI,10x,40x,4,4,57,14,0.75,0.6666666666666666,1.0003212873292484
uni,UNI,10x,10x,4,4,57,14,0.9583333333333333,0.95,0.41705112259582144
uni,UNI,10x,2p5x,4,4,57,14,0.3125,0.19999999999999998,1.8851527876941412
uni,UNI,10x,40x,4,5,57,14,0.8333333333333333,0.7208333333333333,0.6994993941295459
uni,UNI,10x,10x,4,5,57,14,0.8809523809523808,0.7625,0.6459114401396092
uni,UNI,10x,2p5x,4,5,57,14,0.2619047619047619,0.15625,1.6472485285769078
uni,UNI,10x,40x,5,1,57,14,0.5416666666666666,0.48988095238095236,1.5856880391728474
uni,UNI,10x,10x,5,1,57,14,0.75,0.7041666666666666,1.1506167627623842
uni,UNI,10x,2p5x,5,1,57,14,0.16666666666666666,0.09583333333333333,1.8145498776706783
uni,UNI,10x,40x,5,2,56,15,0.8333333333333333,0.7321428571428571,1.2432509940042735
uni,UNI,10x,10x,5,2,56,15,0.875,0.8422619047619048,0.7856392240025368
uni,UNI,10x,2p5x,5,2,56,15,0.16666666666666666,0.06666666666666667,2.0256871391294435
uni,UNI,10x,40x,5,3,56,15,0.5583333333333333,0.39166666666666666,1.5065085258972704
uni,UNI,10x,10x,5,3,56,15,0.9333333333333332,0.6770833333333333,0.5283229652089885
uni,UNI,10x,2p5x,5,3,56,15,0.16666666666666666,0.05,2.7556075280597656
uni,UNI,10x,40x,5,4,57,14,0.7023809523809524,0.5458333333333334,1.4248685695236283
uni,UNI,10x,10x,5,4,57,14,0.7380952380952381,0.5672619047619047,0.7249081797331118
uni,UNI,10x,2p5x,5,4,57,14,0.2857142857142857,0.1125,1.846705679103411
uni,UNI,10x,40x,5,5,58,13,0.7142857142857142,0.6208333333333333,0.8047969588508924
uni,UNI,10x,10x,5,5,58,13,0.9047619047619048,0.8125,0.4897358260445533
uni,UNI,10x,2p5x,5,5,58,13,0.2857142857142857,0.09545454545454546,1.9313648899016398
uni,UNI,10x,40x,6,1,57,14,0.6571428571428571,0.5270833333333333,1.0572031821771337
uni,UNI,10x,10x,6,1,57,14,0.9285714285714286,0.7916666666666666,0.23209842118978904
uni,UNI,10x,2p5x,6,1,57,14,0.14285714285714285,0.05555555555555555,2.0443867147202295
uni,UNI,10x,40x,6,2,57,14,0.5416666666666666,0.44166666666666665,1.5159085428422971
uni,UNI,10x,10x,6,2,57,14,0.625,0.5821428571428571,1.0794452272214898
uni,UNI,10x,2p5x,6,2,57,14,0.375,0.2361111111111111,2.471145293778349
uni,UNI,10x,40x,6,3,57,14,0.675,0.5880952380952381,1.342700116240767
uni,UNI,10x,10x,6,3,57,14,0.8,0.7797619047619048,0.9338557593233335
uni,UNI,10x,2p5x,6,3,57,14,0.275,0.18571428571428572,1.9095853677695653
uni,UNI,10x,40x,6,4,56,15,0.6428571428571429,0.5569444444444445,0.786495927367224
uni,UNI,10x,10x,6,4,56,15,0.8571428571428571,0.75,0.4798523862024291
uni,UNI,10x,2p5x,6,4,56,15,0.39285714285714285,0.29166666666666663,1.6570158436560463
uni,UNI,10x,40x,6,5,57,14,0.8125,0.7797619047619047,0.7928931834712529
uni,UNI,10x,10x,6,5,57,14,1.0,1.0,0.2631693894056916
uni,UNI,10x,2p5x,6,5,57,14,0.23958333333333331,0.14375,1.7573158555678994
uni,UNI,10x,40x,7,1,57,14,0.75,0.75,1.0148296745734353
uni,UNI,10x,10x,7,1,57,14,0.875,0.8708333333333333,0.44292828955021735
uni,UNI,10x,2p5x,7,1,57,14,0.4375,0.3162878787878788,1.9503356659873547
uni,UNI,10x,40x,7,2,56,15,0.7291666666666666,0.6875,0.9465189996981863
uni,UNI,10x,10x,7,2,56,15,0.9375,0.9333333333333333,0.37308480172342384
uni,UNI,10x,2p5x,7,2,56,15,0.3958333333333333,0.25476190476190474,1.7978314026355613
uni,UNI,10x,40x,7,3,58,13,0.5952380952380951,0.4916666666666667,0.8141686000428374
uni,UNI,10x,10x,7,3,58,13,1.0,0.875,0.2595324494124282
uni,UNI,10x,2p5x,7,3,58,13,0.2857142857142857,0.25,1.7469058023123218
uni,UNI,10x,40x,7,4,56,15,0.84375,0.7880952380952381,1.0071781790431797
uni,UNI,10x,10x,7,4,56,15,0.90625,0.8166666666666667,0.9231471708066681
uni,UNI,10x,2p5x,7,4,56,15,0.1875,0.1125,1.8793357789904834
uni,UNI,10x,40x,7,5,57,14,0.5833333333333333,0.5041666666666667,1.262156251649419
uni,UNI,10x,10x,7,5,57,14,0.75,0.625,0.9250125741114783
uni,UNI,10x,2p5x,7,5,57,14,0.25,0.09166666666666667,1.810860846591877
uni,UNI,10x,40x,8,1,56,15,0.6904761904761905,0.575,0.9633456562393559
uni,UNI,10x,10x,8,1,56,15,0.880952380952381,0.7527777777777778,0.4800498258373799
uni,UNI,10x,2p5x,8,1,56,15,0.32142857142857145,0.13712121212121214,1.938166903440816
uni,UNI,10x,40x,8,2,57,14,0.5238095238095238,0.40476190476190477,1.4693926284238386
uni,UNI,10x,10x,8,2,57,14,0.6309523809523808,0.4958333333333333,1.164031848436746
uni,UNI,10x,2p5x,8,2,57,14,0.14285714285714285,0.125,2.3143631832238696
uni,UNI,10x,40x,8,3,57,14,0.5833333333333333,0.45714285714285713,1.1360234497728448
uni,UNI,10x,10x,8,3,57,14,0.9047619047619048,0.7708333333333333,0.6737896996602528
uni,UNI,10x,2p5x,8,3,57,14,0.17857142857142858,0.07083333333333333,1.8962481506179472
uni,UNI,10x,40x,8,4,58,13,0.7857142857142857,0.625,0.6025198786659689
uni,UNI,10x,10x,8,4,58,13,1.0,0.875,0.1525173324833094
uni,UNI,10x,2p5x,8,4,58,13,0.2857142857142857,0.15,1.7599496869822127
uni,UNI,10x,40x,8,5,56,15,0.6875,0.6625,1.1510083167713412
uni,UNI,10x,10x,8,5,56,15,0.9375,0.9083333333333333,0.5887462924693111
uni,UNI,10x,2p5x,8,5,56,15,0.1875,0.07670454545454546,1.738486929931189
uni,UNI,10x,40x,9,1,57,14,0.611111111111111,0.43333333333333335,1.0982182078027247
uni,UNI,10x,10x,9,1,57,14,0.6666666666666666,0.5208333333333333,0.7207885266005857
uni,UNI,10x,2p5x,9,1,57,14,0.05555555555555555,0.0625,2.137318625471179
uni,UNI,10x,40x,9,2,57,14,0.7380952380952381,0.6166666666666667,1.363431837558016
uni,UNI,10x,10x,9,2,57,14,0.7380952380952381,0.6,0.9693016642166884
uni,UNI,10x,2p5x,9,2,57,14,0.21428571428571427,0.09821428571428571,1.9020675789230164
uni,UNI,10x,40x,9,3,56,15,0.6041666666666666,0.5097222222222222,1.178662025405508
uni,UNI,10x,10x,9,3,56,15,1.0,1.0,0.28620513702498834
uni,UNI,10x,2p5x,9,3,56,15,0.25,0.09642857142857142,1.7978968227975378
uni,UNI,10x,40x,9,4,57,14,0.5952380952380951,0.5333333333333333,0.9843859266744183
uni,UNI,10x,10x,9,4,57,14,0.8809523809523808,0.7833333333333333,0.4165622820133031
uni,UNI,10x,2p5x,9,4,57,14,0.14285714285714285,0.045454545454545456,2.278779614190548
uni,UNI,10x,40x,9,5,57,14,0.7142857142857143,0.5729166666666666,1.1483687086731558
uni,UNI,10x,10x,9,5,57,14,0.8928571428571429,0.7529761904761905,0.6208109555525957
uni,UNI,10x,2p5x,9,5,57,14,0.14285714285714285,0.057692307692307696,2.0938664367886286
uni,UNI,2p5x,40x,0,1,57,14,0.2857142857142857,0.20512820512820512,2.6087523967910102
uni,UNI,2p5x,10x,0,1,57,14,0.4761904761904762,0.3589285714285714,2.184086831714054
uni,UNI,2p5x,2p5x,0,1,57,14,0.6904761904761906,0.575,1.1235092417566037
uni,UNI,2p5x,40x,0,2,56,15,0.23809523809523808,0.14166666666666666,2.4291673472508317
uni,UNI,2p5x,10x,0,2,56,15,0.21428571428571427,0.1527777777777778,2.07495596085446
uni,UNI,2p5x,2p5x,0,2,56,15,0.6666666666666666,0.6083333333333334,0.7422010651216593
uni,UNI,2p5x,40x,0,3,57,14,0.375,0.2375,2.9104790720922695
uni,UNI,2p5x,10x,0,3,57,14,0.5,0.371031746031746,2.2789919681301387
uni,UNI,2p5x,2p5x,0,3,57,14,0.75,0.6958333333333333,0.6508018978095386
uni,UNI,2p5x,40x,0,4,57,14,0.3333333333333333,0.23809523809523808,2.3084020642085963
uni,UNI,2p5x,10x,0,4,57,14,0.4375,0.3055555555555556,1.9488756756592558
uni,UNI,2p5x,2p5x,0,4,57,14,0.6458333333333333,0.6791666666666667,0.8646513700670606
uni,UNI,2p5x,40x,0,5,57,14,0.38095238095238093,0.225,2.99493052862335
uni,UNI,2p5x,10x,0,5,57,14,0.4523809523809524,0.31726190476190474,2.070814521605757
uni,UNI,2p5x,2p5x,0,5,57,14,0.8095238095238095,0.7291666666666666,0.8272654056139502
uni,UNI,2p5x,40x,1,1,57,14,0.2285714285714286,0.125,2.145014067877134
uni,UNI,2p5x,10x,1,1,57,14,0.3,0.22083333333333333,2.439522359923941
uni,UNI,2p5x,2p5x,1,1,57,14,0.8285714285714285,0.6527777777777777,0.7361006834640255
uni,UNI,2p5x,40x,1,2,57,14,0.25,0.16666666666666666,2.638192207634886
uni,UNI,2p5x,10x,1,2,57,14,0.5208333333333333,0.4805555555555555,2.263864612448912
uni,UNI,2p5x,2p5x,1,2,57,14,0.7083333333333333,0.7380952380952381,1.5463246110984223
uni,UNI,2p5x,40x,1,3,56,15,0.41666666666666663,0.29821428571428577,2.582462777309302
uni,UNI,2p5x,10x,1,3,56,15,0.5416666666666666,0.425,2.423323899498516
uni,UNI,2p5x,2p5x,1,3,56,15,0.6666666666666666,0.575,0.8342231995057934
uni,UNI,2p5x,40x,1,4,57,14,0.5,0.2519230769230769,2.1334412934437923
uni,UNI,2p5x,10x,1,4,57,14,0.2916666666666667,0.17067307692307693,1.257960417249157
uni,UNI,2p5x,2p5x,1,4,57,14,0.6666666666666666,0.5027777777777778,0.5342150222420672
uni,UNI,2p5x,40x,1,5,57,14,0.21428571428571427,0.13333333333333333,2.7581549771649976
uni,UNI,2p5x,10x,1,5,57,14,0.5,0.3958333333333333,2.9574685869202537
uni,UNI,2p5x,2p5x,1,5,57,14,0.6071428571428571,0.49047619047619045,1.1422798942457681
uni,UNI,2p5x,40x,2,1,57,14,0.19047619047619047,0.14583333333333331,2.5908180037494932
uni,UNI,2p5x,10x,2,1,57,14,0.3333333333333333,0.19375,2.5831640676620107
uni,UNI,2p5x,2p5x,2,1,57,14,0.4523809523809524,0.3958333333333333,0.904179893191521
uni,UNI,2p5x,40x,2,2,56,15,0.14285714285714285,0.07142857142857142,3.3282570611431406
uni,UNI,2p5x,10x,2,2,56,15,0.24285714285714285,0.18257575757575756,2.54706435755937
uni,UNI,2p5x,2p5x,2,2,56,15,0.8285714285714285,0.6944444444444444,1.1367091053632816
uni,UNI,2p5x,40x,2,3,56,15,0.2857142857142857,0.06439393939393939,2.6176986598564067
uni,UNI,2p5x,10x,2,3,56,15,0.6190476190476192,0.4270833333333333,1.819023913599664
uni,UNI,2p5x,2p5x,2,3,56,15,0.7857142857142857,0.6958333333333333,0.9740527301418703
uni,UNI,2p5x,40x,2,4,57,14,0.4166666666666667,0.2113095238095238,2.210988647229938
uni,UNI,2p5x,10x,2,4,57,14,0.5,0.3,1.7853994881380963
uni,UNI,2p5x,2p5x,2,4,57,14,0.638888888888889,0.5083333333333333,1.2146548868875477
uni,UNI,2p5x,40x,2,5,58,13,0.3125,0.2583333333333333,1.7640093866578808
uni,UNI,2p5x,10x,2,5,58,13,0.4375,0.35,1.7305521795829637
uni,UNI,2p5x,2p5x,2,5,58,13,0.875,0.8708333333333333,0.752709132095143
uni,UNI,2p5x,40x,3,1,57,14,0.42857142857142855,0.20625,2.5470020233638295
uni,UNI,2p5x,10x,3,1,57,14,0.619047619047619,0.4732142857142857,2.0991970977918393
uni,UNI,2p5x,2p5x,3,1,57,14,0.8333333333333333,0.6958333333333333,0.8224514056550937
uni,UNI,2p5x,40x,3,2,57,14,0.125,0.041666666666666664,2.695989695612664
uni,UNI,2p5x,10x,3,2,57,14,0.3125,0.22499999999999998,1.9219821777874662
uni,UNI,2p5x,2p5x,3,2,57,14,0.7708333333333333,0.7,0.9525478344819575
uni,UNI,2p5x,40x,3,3,56,15,0.25,0.11607142857142858,4.2286689032860805
uni,UNI,2p5x,10x,3,3,56,15,0.4166666666666667,0.18068181818181817,3.4388779115793904
uni,UNI,2p5x,2p5x,3,3,56,15,0.7777777777777777,0.575,0.9233300650035746
uni,UNI,2p5x,40x,3,4,57,14,0.36904761904761907,0.25416666666666665,2.2060817290776558
uni,UNI,2p5x,10x,3,4,57,14,0.5238095238095238,0.3954545454545455,1.9393483675306107
uni,UNI,2p5x,2p5x,3,4,57,14,0.6428571428571429,0.5583333333333333,0.7780642631403222
uni,UNI,2p5x,40x,3,5,57,14,0.375,0.3229166666666667,2.045832384260885
uni,UNI,2p5x,10x,3,5,57,14,0.4583333333333333,0.40555555555555556,1.9676147008666305
uni,UNI,2p5x,2p5x,3,5,57,14,0.8958333333333333,0.8958333333333333,0.6645979690435642
uni,UNI,2p5x,40x,4,1,57,14,0.3125,0.17559523809523808,2.6553751644041546
uni,UNI,2p5x,10x,4,1,57,14,0.5,0.4273809523809524,2.590207741532783
uni,UNI,2p5x,2p5x,4,1,57,14,0.6666666666666666,0.5922619047619048,0.9562652365751335
uni,UNI,2p5x,40x,4,2,57,14,0.1875,0.1125,2.1251515562090324
uni,UNI,2p5x,10x,4,2,57,14,0.4375,0.3589285714285714,1.780531567054337
uni,UNI,2p5x,2p5x,4,2,57,14,0.8125,0.7916666666666666,0.8841985119584913
uni,UNI,2p5x,40x,4,3,56,15,0.38095238095238093,0.2,2.321995374513804
uni,UNI,2p5x,10x,4,3,56,15,0.5,0.3976190476190476,1.4365138544300065
uni,UNI,2p5x,2p5x,4,3,56,15,0.5238095238095238,0.475,0.9568764491581232
uni,UNI,2p5x,40x,4,4,57,14,0.5,0.33125,2.9352516097421235
uni,UNI,2p5x,10x,4,4,57,14,0.375,0.181547619047619,2.4395175087521923
uni,UNI,2p5x,2p5x,4,4,57,14,0.7708333333333333,0.7208333333333333,0.9226700216700594
uni,UNI,2p5x,40x,4,5,57,14,0.42857142857142855,0.23958333333333331,2.380078169002126
uni,UNI,2p5x,10x,4,5,57,14,0.4523809523809524,0.2847222222222222,1.953210437684072
uni,UNI,2p5x,2p5x,4,5,57,14,0.9047619047619048,0.8,0.4687725592255507
uni,UNI,2p5x,40x,5,1,57,14,0.2916666666666667,0.2232142857142857,1.8464474214230155
uni,UNI,2p5x,10x,5,1,57,14,0.5208333333333333,0.4732142857142857,1.556998727276442
uni,UNI,2p5x,2p5x,5,1,57,14,0.625,0.5446428571428571,1.1952774491989946
uni,UNI,2p5x,40x,5,2,56,15,0.375,0.12738095238095237,2.8720983395326245
uni,UNI,2p5x,10x,5,2,56,15,0.29166666666666663,0.17234848484848483,2.0751970752962117
uni,UNI,2p5x,2p5x,5,2,56,15,0.7916666666666666,0.675595238095238,1.1587765346093164
uni,UNI,2p5x,40x,5,3,56,15,0.20833333333333334,0.07777777777777778,3.7571070223042757
uni,UNI,2p5x,10x,5,3,56,15,0.35000000000000003,0.20238095238095238,3.0041960408723494
uni,UNI,2p5x,2p5x,5,3,56,15,0.7583333333333333,0.5613095238095238,0.878064926537698
uni,UNI,2p5x,40x,5,4,57,14,0.2857142857142857,0.08571428571428572,4.101729989110634
uni,UNI,2p5x,10x,5,4,57,14,0.3333333333333333,0.14166666666666666,4.214587648711264
uni,UNI,2p5x,2p5x,5,4,57,14,0.75,0.5529761904761905,1.3814299544492226
uni,UNI,2p5x,40x,5,5,58,13,0.21428571428571427,0.1515151515151515,1.7454057747145173
uni,UNI,2p5x,10x,5,5,58,13,0.2857142857142857,0.21875,2.085550434893422
uni,UNI,2p5x,2p5x,5,5,58,13,0.6904761904761905,0.5833333333333333,0.7676410150504893
uni,UNI,2p5x,40x,6,1,57,14,0.14285714285714285,0.08333333333333333,2.200959867262258
uni,UNI,2p5x,10x,6,1,57,14,0.21428571428571427,0.17613636363636365,1.7334537016630869
uni,UNI,2p5x,2p5x,6,1,57,14,0.7142857142857143,0.5833333333333333,0.4952819591539801
uni,UNI,2p5x,40x,6,2,57,14,0.20833333333333331,0.12878787878787878,2.225518616861598
uni,UNI,2p5x,10x,6,2,57,14,0.41666666666666663,0.2875,2.1511774862947695
uni,UNI,2p5x,2p5x,6,2,57,14,0.6666666666666666,0.6583333333333333,1.256009860079256
uni,UNI,2p5x,40x,6,3,57,14,0.3125,0.1875,2.56058208150199
uni,UNI,2p5x,10x,6,3,57,14,0.4375,0.3208333333333333,1.5663830139852757
uni,UNI,2p5x,2p5x,6,3,57,14,0.5875,0.5107142857142857,1.1086716164085686
uni,UNI,2p5x,40x,6,4,56,15,0.25,0.18541666666666665,2.085291379354534
uni,UNI,2p5x,10x,6,4,56,15,0.5,0.3625,1.8165340823030642
uni,UNI,2p5x,2p5x,6,4,56,15,0.7142857142857143,0.6,0.7543232788268992
uni,UNI,2p5x,40x,6,5,57,14,0.3958333333333333,0.29166666666666663,2.522479397054295
uni,UNI,2p5x,10x,6,5,57,14,0.25,0.10416666666666666,3.0035291794633814
uni,UNI,2p5x,2p5x,6,5,57,14,0.6875,0.625,0.9890949322956731
uni,UNI,2p5x,40x,7,1,57,14,0.25,0.25,2.3598611425434948
uni,UNI,2p5x,10x,7,1,57,14,0.375,0.3055555555555556,2.3622068417720072
uni,UNI,2p5x,2p5x,7,1,57,14,0.875,0.85,0.6274901118555439
uni,UNI,2p5x,40x,7,2,56,15,0.125,0.038461538461538464,2.842879466194459
uni,UNI,2p5x,10x,7,2,56,15,0.25,0.15625,2.1102387694543383
uni,UNI,2p5x,2p5x,7,2,56,15,0.7291666666666666,0.6863095238095238,0.8884959059849894
uni,UNI,2p5x,40x,7,3,58,13,0.3095238095238095,0.21458333333333335,2.140630275431163
uni,UNI,2p5x,10x,7,3,58,13,0.42857142857142855,0.2464285714285714,1.544410648967409
uni,UNI,2p5x,2p5x,7,3,58,13,0.7142857142857143,0.6,0.42768454275731177
uni,UNI,2p5x,40x,7,4,56,15,0.3125,0.2013888888888889,2.0787196206824317
uni,UNI,2p5x,10x,7,4,56,15,0.3125,0.20833333333333331,1.694901142366928
uni,UNI,2p5x,2p5x,7,4,56,15,0.65625,0.625,1.2403746153423374
uni,UNI,2p5x,40x,7,5,57,14,0.3958333333333333,0.3125,2.903780516129174
uni,UNI,2p5x,10x,7,5,57,14,0.5625,0.4861111111111111,2.9138156544990292
uni,UNI,2p5x,2p5x,7,5,57,14,0.5833333333333333,0.475,1.0664180006886392
uni,UNI,2p5x,40x,8,1,56,15,0.33333333333333337,0.1875,2.6643113026757423
uni,UNI,2p5x,10x,8,1,56,15,0.5,0.3104166666666667,2.0374238475121027
uni,UNI,2p5x,2p5x,8,1,56,15,0.8095238095238095,0.6527777777777777,0.7075755356289478
uni,UNI,2p5x,40x,8,2,57,14,0.25,0.13068181818181818,2.393290038858859
uni,UNI,2p5x,10x,8,2,57,14,0.21428571428571427,0.11458333333333333,3.350810877663263
uni,UNI,2p5x,2p5x,8,2,57,14,0.4880952380952381,0.4041666666666666,1.3791727351247407
uni,UNI,2p5x,40x,8,3,57,14,0.35714285714285715,0.19507575757575757,2.3408359697508403
uni,UNI,2p5x,10x,8,3,57,14,0.41666666666666663,0.2785714285714285,1.5942922776804413
uni,UNI,2p5x,2p5x,8,3,57,14,0.619047619047619,0.5291666666666667,1.0992139790577355
uni,UNI,2p5x,40x,8,4,58,13,0.35714285714285715,0.25,1.9512741902092272
uni,UNI,2p5x,10x,8,4,58,13,0.39999999999999997,0.2659090909090909,1.487563299821846
uni,UNI,2p5x,2p5x,8,4,58,13,0.7142857142857143,0.5583333333333333,0.23950894478695825
uni,UNI,2p5x,40x,8,5,56,15,0.375,0.2388888888888889,2.1169735072059073
uni,UNI,2p5x,10x,8,5,56,15,0.34375,0.30833333333333335,1.3356645637713833
uni,UNI,2p5x,2p5x,8,5,56,15,0.8125,0.775,0.8777177957667784
uni,UNI,2p5x,40x,9,1,57,14,0.16666666666666666,0.07142857142857142,2.2286982739754757
uni,UNI,2p5x,10x,9,1,57,14,0.2916666666666667,0.19375,2.0491096046641224
uni,UNI,2p5x,2p5x,9,1,57,14,0.5,0.3298611111111111,1.1847827910816453
uni,UNI,2p5x,40x,9,2,57,14,0.19047619047619047,0.059027777777777776,2.93637457050392
uni,UNI,2p5x,10x,9,2,57,14,0.2619047619047619,0.13522727272727272,2.5094436933363946
uni,UNI,2p5x,2p5x,9,2,57,14,0.8452380952380951,0.7083333333333333,1.5292127991110647
uni,UNI,2p5x,40x,9,3,56,15,0.3125,0.15714285714285714,2.9480524171931135
uni,UNI,2p5x,10x,9,3,56,15,0.3125,0.175,2.556395579137585
uni,UNI,2p5x,2p5x,9,3,56,15,0.9375,0.9333333333333333,0.30352186786390756
uni,UNI,2p5x,40x,9,4,57,14,0.35714285714285715,0.25,2.5170549331720347
uni,UNI,2p5x,10x,9,4,57,14,0.5,0.37499999999999994,1.6941117985693082
uni,UNI,2p5x,2p5x,9,4,57,14,0.619047619047619,0.5083333333333333,0.7262565078639958
uni,UNI,2p5x,40x,9,5,57,14,0.36904761904761907,0.23849206349206348,2.1111210275185006
uni,UNI,2p5x,10x,9,5,57,14,0.3095238095238095,0.24305555555555555,2.319920370438031
uni,UNI,2p5x,2p5x,9,5,57,14,0.5,0.45476190476190476,0.8875056475353488
virchow,Virchow,40x,40x,0,1,57,14,0.8333333333333334,0.6833333333333333,1.3480586057962427
virchow,Virchow,40x,10x,0,1,57,14,0.5238095238095238,0.40208333333333335,1.6541507586703605
virchow,Virchow,40x,2p5x,0,1,57,14,0.14285714285714285,0.04411764705882353,5.357624173642905
virchow,Virchow,40x,40x,0,2,56,15,0.7857142857142857,0.6770833333333333,0.47771612303358
virchow,Virchow,40x,10x,0,2,56,15,0.5,0.3645833333333333,1.3701416268167959
virchow,Virchow,40x,2p5x,0,2,56,15,0.14285714285714285,0.019230769230769232,4.20351515496697
virchow,Virchow,40x,40x,0,3,57,14,0.8125,0.725,0.737188423958486
virchow,Virchow,40x,10x,0,3,57,14,0.6875,0.5708333333333333,2.524862040388789
virchow,Virchow,40x,2p5x,0,3,57,14,0.125,0.016666666666666666,4.898216815115753
virchow,Virchow,40x,40x,0,4,57,14,0.6875,0.6625,1.0759594432713657
virchow,Virchow,40x,10x,0,4,57,14,0.625,0.525,1.6709903288977408
virchow,Virchow,40x,2p5x,0,4,57,14,0.125,0.025,5.431477093946682
virchow,Virchow,40x,40x,0,5,57,14,0.619047619047619,0.5339285714285714,0.7198199938153557
virchow,Virchow,40x,10x,0,5,57,14,0.3333333333333333,0.2583333333333333,2.163122286350216
virchow,Virchow,40x,2p5x,0,5,57,14,0.14285714285714285,0.03125,7.937803114366493
virchow,Virchow,40x,40x,1,1,57,14,0.7999999999999999,0.6354166666666666,0.6889115952577437
virchow,Virchow,40x,10x,1,1,57,14,0.38571428571428573,0.2727272727272727,2.3330597036579372
virchow,Virchow,40x,2p5x,1,1,57,14,0.14285714285714285,0.03333333333333333,5.519543819180642
virchow,Virchow,40x,40x,1,2,57,14,0.4583333333333333,0.4255952380952381,1.819848544474248
virchow,Virchow,40x,10x,1,2,57,14,0.35416666666666663,0.35416666666666663,2.4879197215551137
virchow,Virchow,40x,2p5x,1,2,57,14,0.0625,0.019230769230769232,5.362861698432609
virchow,Virchow,40x,40x,1,3,56,15,0.7708333333333333,0.6916666666666667,0.7106704969157612
virchow,Virchow,40x,10x,1,3,56,15,0.7291666666666666,0.6988095238095238,0.6786887087755171
virchow,Virchow,40x,2p5x,1,3,56,15,0.16666666666666666,0.059027777777777776,2.6948549859846356
virchow,Virchow,40x,40x,1,4,57,14,0.9166666666666666,0.6833333333333333,0.5683201719744323
virchow,Virchow,40x,10x,1,4,57,14,0.5416666666666666,0.40208333333333335,2.840959449989168
virchow,Virchow,40x,2p5x,1,4,57,14,0.16666666666666666,0.016666666666666666,5.066476831058831
virchow,Virchow,40x,40x,1,5,57,14,0.7380952380952381,0.6714285714285715,0.7350473487183002
virchow,Virchow,40x,10x,1,5,57,14,0.4523809523809524,0.39166666666666666,2.006758125687593
virchow,Virchow,40x,2p5x,1,5,57,14,0.14285714285714285,0.07142857142857142,5.876099677563706
virchow,Virchow,40x,40x,2,1,57,14,0.7619047619047619,0.5958333333333333,0.8394834801258149
virchow,Virchow,40x,10x,2,1,57,14,0.619047619047619,0.45,2.5121070225977316
virchow,Virchow,40x,2p5x,2,1,57,14,0.14285714285714285,0.016666666666666666,8.215544708222383
virchow,Virchow,40x,40x,2,2,56,15,0.8357142857142856,0.6666666666666666,0.9076446782849332
virchow,Virchow,40x,10x,2,2,56,15,0.5428571428571428,0.3888888888888889,3.246115937052977
virchow,Virchow,40x,2p5x,2,2,56,15,0.0,0.0,6.540601133563503
virchow,Virchow,40x,40x,2,3,56,15,0.7142857142857143,0.6208333333333333,1.245460389929134
virchow,Virchow,40x,10x,2,3,56,15,0.5238095238095238,0.46964285714285714,1.526046983311487
virchow,Virchow,40x,2p5x,2,3,56,15,0.14285714285714285,0.041666666666666664,4.385872936224863
virchow,Virchow,40x,40x,2,4,57,14,0.6944444444444445,0.5375,1.0800926274785703
virchow,Virchow,40x,10x,2,4,57,14,0.5833333333333334,0.42500000000000004,1.4841384173011611
virchow,Virchow,40x,2p5x,2,4,57,14,0.25,0.08846153846153847,4.318171780830886
virchow,Virchow,40x,40x,2,5,58,13,0.875,0.8708333333333333,0.6100157194153268
virchow,Virchow,40x,10x,2,5,58,13,0.4375,0.40277777777777773,2.0795254178508036
virchow,Virchow,40x,2p5x,2,5,58,13,0.1875,0.08712121212121213,4.840986220635491
virchow,Virchow,40x,40x,3,1,57,14,0.6904761904761905,0.5791666666666666,0.7379881860620975
virchow,Virchow,40x,10x,3,1,57,14,0.7857142857142857,0.6041666666666666,1.0561165924658449
virchow,Virchow,40x,2p5x,3,1,57,14,0.14285714285714285,0.017857142857142856,4.206869156705148
virchow,Virchow,40x,40x,3,2,57,14,0.6875,0.6041666666666666,1.6559766670056029
virchow,Virchow,40x,10x,3,2,57,14,0.5416666666666666,0.4666666666666666,1.613233553419992
virchow,Virchow,40x,2p5x,3,2,57,14,0.125,0.03125,7.148760863941399
virchow,Virchow,40x,40x,3,3,56,15,0.6666666666666666,0.4930555555555555,0.7700473238141757
virchow,Virchow,40x,10x,3,3,56,15,0.6805555555555555,0.4732142857142857,1.334729387790369
virchow,Virchow,40x,2p5x,3,3,56,15,0.16666666666666666,0.03333333333333333,5.295483474286475
virchow,Virchow,40x,40x,3,4,57,14,0.9523809523809523,0.8083333333333333,0.36255617657273004
virchow,Virchow,40x,10x,3,4,57,14,0.2857142857142857,0.14772727272727273,2.237490711797259
virchow,Virchow,40x,2p5x,3,4,57,14,0.14285714285714285,0.016666666666666666,5.717283921857275
virchow,Virchow,40x,40x,3,5,57,14,0.7291666666666666,0.6875,0.5155492823555661
virchow,Virchow,40x,10x,3,5,57,14,0.625,0.5729166666666666,2.4672459074495956
virchow,Virchow,40x,2p5x,3,5,57,14,0.125,0.05625,4.731942666958349
virchow,Virchow,40x,40x,4,1,57,14,0.6666666666666666,0.6214285714285714,1.0848285615400242
virchow,Virchow,40x,10x,4,1,57,14,0.7291666666666666,0.6416666666666666,0.6776726235073498
virchow,Virchow,40x,2p5x,4,1,57,14,0.125,0.03333333333333333,6.191008372153156
virchow,Virchow,40x,40x,4,2,57,14,0.75,0.7208333333333333,0.6858661230946062
virchow,Virchow,40x,10x,4,2,57,14,0.625,0.5208333333333333,2.3164772624950243
virchow,Virchow,40x,2p5x,4,2,57,14,0.1875,0.08333333333333333,4.838193981677084
virchow,Virchow,40x,40x,4,3,56,15,0.5476190476190476,0.5,0.9731362777089072
virchow,Virchow,40x,10x,4,3,56,15,0.2619047619047619,0.2708333333333333,2.3455504963022595
virchow,Virchow,40x,2p5x,4,3,56,15,0.14285714285714285,0.015625,6.597369239183843
virchow,Virchow,40x,40x,4,4,57,14,0.8541666666666666,0.8125,0.6170506732160312
virchow,Virchow,40x,10x,4,4,57,14,0.5625,0.47916666666666663,2.3374336908622646
virchow,Virchow,40x,2p5x,4,4,57,14,0.125,0.022727272727272728,5.344120784751041
virchow,Virchow,40x,40x,4,5,57,14,0.8333333333333333,0.7166666666666667,0.8128876366263903
virchow,Virchow,40x,10x,4,5,57,14,0.49999999999999994,0.49583333333333335,2.0742860858347587
virchow,Virchow,40x,2p5x,4,5,57,14,0.14285714285714285,0.03125,3.7013527400423945
virchow,Virchow,40x,40x,5,1,57,14,0.6458333333333333,0.5958333333333333,1.5343990603193731
virchow,Virchow,40x,10x,5,1,57,14,0.41666666666666663,0.40476190476190477,2.5747484370187936
virchow,Virchow,40x,2p5x,5,1,57,14,0.125,0.03125,7.374825366987905
virchow,Virchow,40x,40x,5,2,56,15,0.8333333333333333,0.7488095238095238,1.137163475469798
virchow,Virchow,40x,10x,5,2,56,15,0.41666666666666663,0.3190476190476191,2.3674361171461027
virchow,Virchow,40x,2p5x,5,2,56,15,0.125,0.022727272727272728,4.625410899857949
virchow,Virchow,40x,40x,5,3,56,15,0.6416666666666667,0.47172619047619047,1.189914219444446
virchow,Virchow,40x,10x,5,3,56,15,0.5833333333333334,0.41666666666666663,3.8386925411476787
virchow,Virchow,40x,2p5x,5,3,56,15,0.16666666666666666,0.016666666666666666,7.533339155928285
virchow,Virchow,40x,40x,5,4,57,14,0.7023809523809524,0.525,0.9047373598137065
virchow,Virchow,40x,10x,5,4,57,14,0.6071428571428571,0.5357142857142857,0.9513983437843848
virchow,Virchow,40x,2p5x,5,4,57,14,0.14285714285714285,0.017857142857142856,3.9044422269417622
virchow,Virchow,40x,40x,5,5,58,13,0.9047619047619048,0.8125,0.4957063980596067
virchow,Virchow,40x,10x,5,5,58,13,0.47619047619047616,0.375,1.4408305186964037
virchow,Virchow,40x,2p5x,5,5,58,13,0.14285714285714285,0.019230769230769232,4.657335027162966
virchow,Virchow,40x,40x,6,1,57,14,0.6857142857142857,0.5444444444444445,0.6593260865463365
virchow,Virchow,40x,10x,6,1,57,14,0.6857142857142857,0.5361111111111111,0.7412145882394793
virchow,Virchow,40x,2p5x,6,1,57,14,0.14285714285714285,0.019230769230769232,4.9009270721531975
virchow,Virchow,40x,40x,6,2,57,14,0.6666666666666666,0.6208333333333333,1.4475658378545504
virchow,Virchow,40x,10x,6,2,57,14,0.5,0.42291666666666666,1.829320249134306
virchow,Virchow,40x,2p5x,6,2,57,14,0.125,0.016666666666666666,7.621168224018588
virchow,Virchow,40x,40x,6,3,57,14,0.6125,0.48392857142857143,1.259574296486408
virchow,Virchow,40x,10x,6,3,57,14,0.4375,0.35,2.769536671307143
virchow,Virchow,40x,2p5x,6,3,57,14,0.125,0.017857142857142856,4.577063519080196
virchow,Virchow,40x,40x,6,4,56,15,0.7857142857142857,0.6583333333333333,0.44871093561383557
virchow,Virchow,40x,10x,6,4,56,15,0.4047619047619047,0.29128787878787876,1.963638973761205
virchow,Virchow,40x,2p5x,6,4,56,15,0.14285714285714285,0.029411764705882353,4.713800544204831
virchow,Virchow,40x,40x,6,5,57,14,1.0,1.0,0.17758368510550326
virchow,Virchow,40x,10x,6,5,57,14,0.4895833333333333,0.4467261904761905,2.4810923152755846
virchow,Virchow,40x,2p5x,6,5,57,14,0.125,0.04411764705882353,4.396287445977495
virchow,Virchow,40x,40x,7,1,57,14,0.875,0.875,1.0644926583793715
virchow,Virchow,40x,10x,7,1,57,14,0.6875,0.675,1.8607194001325378
virchow,Virchow,40x,2p5x,7,1,57,14,0.125,0.022727272727272728,4.353525722626104
virchow,Virchow,40x,40x,7,2,56,15,0.7708333333333333,0.7520833333333333,0.5521217472813839
virchow,Virchow,40x,10x,7,2,56,15,0.75,0.725,1.353193717963805
virchow,Virchow,40x,2p5x,7,2,56,15,0.125,0.017857142857142856,5.794778922608278
virchow,Virchow,40x,40x,7,3,58,13,0.8571428571428571,0.725,0.25681818221074104
virchow,Virchow,40x,10x,7,3,58,13,0.47619047619047616,0.47916666666666663,1.6652862029902553
virchow,Virchow,40x,2p5x,7,3,58,13,0.14285714285714285,0.019230769230769232,3.9904627079290313
virchow,Virchow,40x,40x,7,4,56,15,0.78125,0.6916666666666667,1.312596546371804
virchow,Virchow,40x,10x,7,4,56,15,0.5625,0.47321428571428564,2.4518390760941613
virchow,Virchow,40x,2p5x,7,4,56,15,0.125,0.05263157894736842,5.727760122088906
virchow,Virchow,40x,40x,7,5,57,14,0.75,0.6708333333333334,0.6497607998590788
virchow,Virchow,40x,10x,7,5,57,14,0.47916666666666663,0.3625,1.9174067309673437
virchow,Virchow,40x,2p5x,7,5,57,14,0.1875,0.07083333333333333,5.168009813163559
virchow,Virchow,40x,40x,8,1,56,15,0.6904761904761905,0.5652777777777778,0.7425492988344323
virchow,Virchow,40x,10x,8,1,56,15,0.5714285714285714,0.4833333333333333,0.7478888392060409
virchow,Virchow,40x,2p5x,8,1,56,15,0.14285714285714285,0.029411764705882353,6.805367241600708
virchow,Virchow,40x,40x,8,2,57,14,0.6666666666666666,0.5386904761904762,1.4903919472616456
virchow,Virchow,40x,10x,8,2,57,14,0.4523809523809524,0.3680555555555555,2.536768412407407
virchow,Virchow,40x,2p5x,8,2,57,14,0.14285714285714285,0.019230769230769232,5.082074287946363
virchow,Virchow,40x,40x,8,3,57,14,0.7261904761904762,0.5863095238095237,1.333706488081235
virchow,Virchow,40x,10x,8,3,57,14,0.5,0.32738095238095233,3.470957291375513
virchow,Virchow,40x,2p5x,8,3,57,14,0.14285714285714285,0.016666666666666666,4.691485112084703
virchow,Virchow,40x,40x,8,4,58,13,0.9285714285714286,0.7916666666666666,0.17792443087747228
virchow,Virchow,40x,10x,8,4,58,13,0.5428571428571428,0.46111111111111114,0.8124308329317471
virchow,Virchow,40x,2p5x,8,4,58,13,0.21428571428571427,0.10256410256410256,3.929487859936271
virchow,Virchow,40x,40x,8,5,56,15,0.75,0.7255952380952381,0.8771108853935956
virchow,Virchow,40x,10x,8,5,56,15,0.4375,0.34791666666666665,2.2212692630987254
virchow,Virchow,40x,2p5x,8,5,56,15,0.125,0.03333333333333333,4.301064909412564
virchow,Virchow,40x,40x,9,1,57,14,0.5,0.3958333333333333,0.890282592230755
virchow,Virchow,40x,10x,9,1,57,14,0.6666666666666666,0.5208333333333333,0.8665615016234255
virchow,Virchow,40x,2p5x,9,1,57,14,0.16666666666666666,0.03125,4.41700873813054
virchow,Virchow,40x,40x,9,2,57,14,0.7380952380952381,0.6166666666666667,1.2653069241715895
virchow,Virchow,40x,10x,9,2,57,14,0.5238095238095238,0.45,1.3956015637163997
virchow,Virchow,40x,2p5x,9,2,57,14,0.17857142857142858,0.09523809523809523,4.298509200441817
virchow,Virchow,40x,40x,9,3,56,15,0.875,0.85,0.32010136245215887
virchow,Virchow,40x,10x,9,3,56,15,0.4583333333333333,0.3954545454545454,1.6225882249422632
virchow,Virchow,40x,2p5x,9,3,56,15,0.125,0.017857142857142856,5.976277974984345
virchow,Virchow,40x,40x,9,4,57,14,0.6904761904761905,0.5541666666666667,0.8135838810384531
virchow,Virchow,40x,10x,9,4,57,14,0.42857142857142855,0.29583333333333334,2.968087260884668
virchow,Virchow,40x,2p5x,9,4,57,14,0.14285714285714285,0.05555555555555555,5.852429018135557
virchow,Virchow,40x,40x,9,5,57,14,0.7142857142857143,0.5791666666666666,1.06682423320155
virchow,Virchow,40x,10x,9,5,57,14,0.2619047619047619,0.17559523809523808,2.9266899419863064
virchow,Virchow,40x,2p5x,9,5,57,14,0.14285714285714285,0.016666666666666666,5.058654809015294
virchow,Virchow,10x,40x,0,1,57,14,0.42857142857142855,0.31212121212121213,2.1022062922658487
virchow,Virchow,10x,10x,0,1,57,14,0.6904761904761906,0.5708333333333333,0.8533469971616823
virchow,Virchow,10x,2p5x,0,1,57,14,0.14285714285714285,0.04411764705882353,3.3991575073665388
virchow,Virchow,10x,40x,0,2,56,15,0.4642857142857143,0.38690476190476186,1.5157487736624617
virchow,Virchow,10x,10x,0,2,56,15,0.8571428571428571,0.75,0.5050680798109917
virchow,Virchow,10x,2p5x,0,2,56,15,0.14285714285714285,0.015625,4.453615668395612
virchow,Virchow,10x,40x,0,3,57,14,0.5625,0.5138888888888888,1.508410104264438
virchow,Virchow,10x,10x,0,3,57,14,0.875,0.8125,0.49518440516030143
virchow,Virchow,10x,2p5x,0,3,57,14,0.125,0.016666666666666666,4.900301584642536
virchow,Virchow,10x,40x,0,4,57,14,0.5,0.39880952380952384,2.3736764842867903
virchow,Virchow,10x,10x,0,4,57,14,0.875,0.85,0.6464282077508903
virchow,Virchow,10x,2p5x,0,4,57,14,0.125,0.017857142857142856,4.519946752070719
virchow,Virchow,10x,40x,0,5,57,14,0.5,0.35714285714285715,1.9098013824821762
virchow,Virchow,10x,10x,0,5,57,14,0.8571428571428571,0.75,0.42817774988782636
virchow,Virchow,10x,2p5x,0,5,57,14,0.14285714285714285,0.03125,4.932635794362918
virchow,Virchow,10x,40x,1,1,57,14,0.35714285714285715,0.3333333333333333,2.995202213868349
virchow,Virchow,10x,10x,1,1,57,14,0.8285714285714285,0.6527777777777777,0.5072696616845579
virchow,Virchow,10x,2p5x,1,1,57,14,0.14285714285714285,0.03125,5.318546363497988
virchow,Virchow,10x,40x,1,2,57,14,0.25,0.16818181818181818,3.1198370784510367
virchow,Virchow,10x,10x,1,2,57,14,0.6875,0.6696428571428571,1.3689361483132687
virchow,Virchow,10x,2p5x,1,2,57,14,0.22916666666666666,0.175,2.520929632499204
virchow,Virchow,10x,40x,1,3,56,15,0.4375,0.3143939393939394,2.1578609542194482
virchow,Virchow,10x,10x,1,3,56,15,0.9583333333333333,0.95,0.3246383506090077
virchow,Virchow,10x,2p5x,1,3,56,15,0.125,0.041666666666666664,3.368057153069412
virchow,Virchow,10x,40x,1,4,57,14,0.5833333333333334,0.45400432900432897,0.9642831260198342
virchow,Virchow,10x,10x,1,4,57,14,0.9166666666666666,0.6666666666666666,0.513297232083189
virchow,Virchow,10x,2p5x,1,4,57,14,0.16666666666666666,0.016666666666666666,5.609224912895383
virchow,Virchow,10x,40x,1,5,57,14,0.7976190476190476,0.6333333333333333,1.4716569891804325
virchow,Virchow,10x,10x,1,5,57,14,0.7380952380952381,0.6714285714285715,0.8758257503747356
virchow,Virchow,10x,2p5x,1,5,57,14,0.07142857142857142,0.08333333333333333,3.9973307031499563
virchow,Virchow,10x,40x,2,1,57,14,0.5,0.375,1.3263904776492772
virchow,Virchow,10x,10x,2,1,57,14,0.8333333333333333,0.6916666666666667,0.5429060025389149
virchow,Virchow,10x,2p5x,2,1,57,14,0.14285714285714285,0.016666666666666666,5.924298380307239
virchow,Virchow,10x,40x,2,2,56,15,0.5714285714285714,0.32916666666666666,2.0680492163490864
virchow,Virchow,10x,10x,2,2,56,15,0.8642857142857142,0.6765873015873016,0.7757217838904494
virchow,Virchow,10x,2p5x,2,2,56,15,0.0,0.0,5.293514836657327
virchow,Virchow,10x,40x,2,3,56,15,0.5476190476190477,0.38901515151515154,1.7563123523495803
virchow,Virchow,10x,10x,2,3,56,15,0.7619047619047619,0.6666666666666666,0.8144781646625752
virchow,Virchow,10x,2p5x,2,3,56,15,0.14285714285714285,0.041666666666666664,5.2436420479290256
virchow,Virchow,10x,40x,2,4,57,14,0.5,0.29851190476190476,2.1591654599151355
virchow,Virchow,10x,10x,2,4,57,14,0.638888888888889,0.5,0.6858128012614717
virchow,Virchow,10x,2p5x,2,4,57,14,0.3055555555555555,0.15416666666666667,2.70606694379573
virchow,Virchow,10x,40x,2,5,58,13,0.25,0.16346153846153846,2.2866798348258253
virchow,Virchow,10x,10x,2,5,58,13,0.8125,0.8208333333333333,0.6831717925566259
virchow,Virchow,10x,2p5x,2,5,58,13,0.125,0.03333333333333333,3.156857546737533
virchow,Virchow,10x,40x,3,1,57,14,0.4523809523809524,0.3020833333333333,1.4659941060437398
virchow,Virchow,10x,10x,3,1,57,14,0.6904761904761905,0.5625,0.701232542978085
virchow,Virchow,10x,2p5x,3,1,57,14,0.14285714285714285,0.016666666666666666,3.468094260044256
virchow,Virchow,10x,40x,3,2,57,14,0.375,0.26666666666666666,2.42057569925973
virchow,Virchow,10x,10x,3,2,57,14,0.6458333333333333,0.5541666666666667,1.2114478823406372
virchow,Virchow,10x,2p5x,3,2,57,14,0.125,0.03125,4.455223638463407
virchow,Virchow,10x,40x,3,3,56,15,0.3333333333333333,0.1607142857142857,3.33209125423218
virchow,Virchow,10x,10x,3,3,56,15,0.7083333333333334,0.5083333333333333,0.5576116681245515
virchow,Virchow,10x,2p5x,3,3,56,15,0.16666666666666666,0.029411764705882353,5.039145363609148
virchow,Virchow,10x,40x,3,4,57,14,0.4642857142857143,0.3376984126984127,1.8140434331782538
virchow,Virchow,10x,10x,3,4,57,14,0.738095238095238,0.6444444444444445,0.40854554437139246
virchow,Virchow,10x,2p5x,3,4,57,14,0.14285714285714285,0.016666666666666666,6.044137997955795
virchow,Virchow,10x,40x,3,5,57,14,0.5,0.4181818181818182,1.5438625031990425
virchow,Virchow,10x,10x,3,5,57,14,0.875,0.8571428571428572,0.31656723935002457
virchow,Virchow,10x,2p5x,3,5,57,14,0.1875,0.09821428571428571,2.9668721295333857
virchow,Virchow,10x,40x,4,1,57,14,0.3125,0.20512820512820512,2.973330616140697
virchow,Virchow,10x,10x,4,1,57,14,0.7708333333333333,0.725,0.6845132814068782
virchow,Virchow,10x,2p5x,4,1,57,14,0.125,0.03125,4.009778181684963
virchow,Virchow,10x,40x,4,2,57,14,0.4375,0.34226190476190477,2.043419647784387
virchow,Virchow,10x,10x,4,2,57,14,0.9375,0.9333333333333333,0.4337436059355994
virchow,Virchow,10x,2p5x,4,2,57,14,0.1875,0.08846153846153847,2.614939851525196
virchow,Virchow,10x,40x,4,3,56,15,0.5476190476190477,0.4041666666666667,1.6875318873946321
virchow,Virchow,10x,10x,4,3,56,15,0.7857142857142857,0.6666666666666666,0.6002108245610759
virchow,Virchow,10x,2p5x,4,3,56,15,0.14285714285714285,0.015625,7.0102873202750065
virchow,Virchow,10x,40x,4,4,57,14,0.4375,0.3125,1.882684924662222
virchow,Virchow,10x,10x,4,4,57,14,0.8333333333333333,0.7833333333333333,0.6477695916261255
virchow,Virchow,10x,2p5x,4,4,57,14,0.125,0.016666666666666666,4.651506597467347
virchow,Virchow,10x,40x,4,5,57,14,0.7142857142857142,0.5583333333333333,1.206864561751347
virchow,Virchow,10x,10x,4,5,57,14,0.8333333333333333,0.7166666666666667,0.46666278716709675
virchow,Virchow,10x,2p5x,4,5,57,14,0.14285714285714285,0.03125,3.9891059266192563
virchow,Virchow,10x,40x,5,1,57,14,0.3958333333333333,0.31101190476190477,2.119856459109979
virchow,Virchow,10x,10x,5,1,57,14,0.5833333333333333,0.5375,1.3727678116358994
virchow,Virchow,10x,2p5x,5,1,57,14,0.125,0.03125,5.244842134971686
virchow,Virchow,10x,40x,5,2,56,15,0.5833333333333333,0.43333333333333335,2.1572344078735686
virchow,Virchow,10x,10x,5,2,56,15,0.875,0.8166666666666667,0.6553406770006663
virchow,Virchow,10x,2p5x,5,2,56,15,0.20833333333333331,0.08012820512820512,2.7463170841078677
virchow,Virchow,10x,40x,5,3,56,15,0.3833333333333333,0.27976190476190477,1.6127401330303839
virchow,Virchow,10x,10x,5,3,56,15,0.7666666666666666,0.5729166666666666,0.8041873981237152
virchow,Virchow,10x,2p5x,5,3,56,15,0.16666666666666666,0.015625,3.884844381423782
virchow,Virchow,10x,40x,5,4,57,14,0.42857142857142855,0.2727272727272727,1.787937681868492
virchow,Virchow,10x,10x,5,4,57,14,0.7380952380952381,0.5672619047619047,0.6551619949538078
virchow,Virchow,10x,2p5x,5,4,57,14,0.14285714285714285,0.016666666666666666,4.447741716198054
virchow,Virchow,10x,40x,5,5,58,13,0.42857142857142855,0.31875,1.8685257342107264
virchow,Virchow,10x,10x,5,5,58,13,0.9047619047619048,0.8125,0.5042894065943491
virchow,Virchow,10x,2p5x,5,5,58,13,0.14285714285714285,0.017857142857142856,4.550936266861567
virchow,Virchow,10x,40x,6,1,57,14,0.2857142857142857,0.225,2.560922076938876
virchow,Virchow,10x,10x,6,1,57,14,0.9,0.8194444444444444,0.3690332061133369
virchow,Virchow,10x,2p5x,6,1,57,14,0.14285714285714285,0.016666666666666666,4.548047055772151
virchow,Virchow,10x,40x,6,2,57,14,0.41666666666666663,0.28422619047619047,2.3135164343945003
virchow,Virchow,10x,10x,6,2,57,14,0.6666666666666666,0.5958333333333333,1.0467816948160398
virchow,Virchow,10x,2p5x,6,2,57,14,0.125,0.016666666666666666,4.24329052344534
virchow,Virchow,10x,40x,6,3,57,14,0.575,0.5044642857142857,1.6046627412455912
virchow,Virchow,10x,10x,6,3,57,14,0.7375,0.6547619047619048,0.6943700753310169
virchow,Virchow,10x,2p5x,6,3,57,14,0.125,0.016666666666666666,5.06226446755982
virchow,Virchow,10x,40x,6,4,56,15,0.42857142857142855,0.28733766233766234,2.1116837310503427
virchow,Virchow,10x,10x,6,4,56,15,0.7857142857142857,0.6583333333333333,0.4135151244012069
virchow,Virchow,10x,2p5x,6,4,56,15,0.2261904761904762,0.13988095238095238,1.9772962982175615
virchow,Virchow,10x,40x,6,5,57,14,0.53125,0.42878787878787883,2.1253777386537496
virchow,Virchow,10x,10x,6,5,57,14,0.875,0.85,0.1928091404532435
virchow,Virchow,10x,2p5x,6,5,57,14,0.125,0.04411764705882353,4.943528819091151
virchow,Virchow,10x,40x,7,1,57,14,0.3125,0.225,3.1805799472204326
virchow,Virchow,10x,10x,7,1,57,14,0.75,0.7291666666666666,0.9817215946650881
virchow,Virchow,10x,2p5x,7,1,57,14,0.125,0.016666666666666666,4.288680338301388
virchow,Virchow,10x,40x,7,2,56,15,0.4375,0.34226190476190477,1.6568221121901605
virchow,Virchow,10x,10x,7,2,56,15,0.7708333333333333,0.7488095238095238,0.48672440817444484
virchow,Virchow,10x,2p5x,7,2,56,15,0.125,0.015625,5.561555724078175
virchow,Virchow,10x,40x,7,3,58,13,0.6428571428571429,0.4880952380952381,1.0986686326505102
virchow,Virchow,10x,10x,7,3,58,13,1.0,0.875,0.09842331202767675
virchow,Virchow,10x,2p5x,7,3,58,13,0.14285714285714285,0.017857142857142856,3.1627725221223306
virchow,Virchow,10x,40x,7,4,56,15,0.40625,0.301984126984127,1.9638350490544216
virchow,Virchow,10x,10x,7,4,56,15,0.90625,0.8416666666666667,0.85463298466529
virchow,Virchow,10x,2p5x,7,4,56,15,0.125,0.05263157894736842,3.4109879220524393
virchow,Virchow,10x,40x,7,5,57,14,0.625,0.525,1.5189306081791538
virchow,Virchow,10x,10x,7,5,57,14,0.7916666666666666,0.7041666666666666,0.6997209351622787
virchow,Virchow,10x,2p5x,7,5,57,14,0.125,0.016666666666666666,4.204552560802304
virchow,Virchow,10x,40x,8,1,56,15,0.5595238095238095,0.35625,1.9988438937670598
virchow,Virchow,10x,10x,8,1,56,15,0.9285714285714286,0.7916666666666666,0.3312487417425189
virchow,Virchow,10x,2p5x,8,1,56,15,0.14285714285714285,0.029411764705882353,4.207756798249621
virchow,Virchow,10x,40x,8,2,57,14,0.14285714285714285,0.017857142857142856,3.5596309075148747
virchow,Virchow,10x,10x,8,2,57,14,0.5238095238095238,0.42142857142857143,1.1975497643710706
virchow,Virchow,10x,2p5x,8,2,57,14,0.14285714285714285,0.016666666666666666,5.040274670112482
virchow,Virchow,10x,40x,8,3,57,14,0.42857142857142855,0.2973484848484848,1.6663083260941012
virchow,Virchow,10x,10x,8,3,57,14,0.8333333333333333,0.6875,0.5920678291132014
virchow,Virchow,10x,2p5x,8,3,57,14,0.35714285714285715,0.19128787878787878,2.8043231215773483
virchow,Virchow,10x,40x,8,4,58,13,0.42857142857142855,0.27115384615384613,1.381840099928686
virchow,Virchow,10x,10x,8,4,58,13,1.0,0.875,0.1107818410763821
virchow,Virchow,10x,2p5x,8,4,58,13,0.14285714285714285,0.017857142857142856,4.868017985028281
virchow,Virchow,10x,40x,8,5,56,15,0.4375,0.3416666666666666,1.6801068412927473
virchow,Virchow,10x,10x,8,5,56,15,0.75,0.7291666666666666,0.7151684031990312
virchow,Virchow,10x,2p5x,8,5,56,15,0.125,0.029411764705882353,4.555268466045547
virchow,Virchow,10x,40x,9,1,57,14,0.4166666666666667,0.23958333333333331,1.9515528338773025
virchow,Virchow,10x,10x,9,1,57,14,0.6666666666666666,0.5208333333333333,0.500660192795228
virchow,Virchow,10x,2p5x,9,1,57,14,0.16666666666666666,0.03125,4.861081401069946
virchow,Virchow,10x,40x,9,2,57,14,0.4761904761904762,0.3208333333333333,2.70371099362104
virchow,Virchow,10x,10x,9,2,57,14,0.7380952380952381,0.6333333333333333,0.9492433458936232
virchow,Virchow,10x,2p5x,9,2,57,14,0.25,0.15606060606060607,2.024915865692447
virchow,Virchow,10x,40x,9,3,56,15,0.22916666666666666,0.17916666666666664,2.3618291110440963
virchow,Virchow,10x,10x,9,3,56,15,0.875,0.8541666666666666,0.2637655822352682
virchow,Virchow,10x,2p5x,9,3,56,15,0.125,0.015625,5.327673239701381
virchow,Virchow,10x,40x,9,4,57,14,0.5714285714285714,0.41666666666666663,1.4018850697575487
virchow,Virchow,10x,10x,9,4,57,14,0.6904761904761905,0.5541666666666667,0.6808066817005621
virchow,Virchow,10x,2p5x,9,4,57,14,0.0,0.0,5.626117909327079
virchow,Virchow,10x,40x,9,5,57,14,0.35714285714285715,0.19583333333333333,2.6207519125823984
virchow,Virchow,10x,10x,9,5,57,14,0.5714285714285714,0.4654761904761905,0.9449092288626676
virchow,Virchow,10x,2p5x,9,5,57,14,0.14285714285714285,0.016666666666666666,5.363592558412266
virchow,Virchow,2p5x,40x,0,1,57,14,0.21428571428571427,0.11666666666666667,4.85415557101534
virchow,Virchow,2p5x,10x,0,1,57,14,0.2857142857142857,0.15625,4.362295322373023
virchow,Virchow,2p5x,2p5x,0,1,57,14,0.5714285714285714,0.45833333333333326,1.9474325392029057
virchow,Virchow,2p5x,40x,0,2,56,15,0.21428571428571427,0.12745098039215685,4.509666457296551
virchow,Virchow,2p5x,10x,0,2,56,15,0.2857142857142857,0.171875,2.9636833425606337
virchow,Virchow,2p5x,2p5x,0,2,56,15,0.5238095238095238,0.45476190476190476,0.8150783838454739
virchow,Virchow,2p5x,40x,0,3,57,14,0.125,0.020833333333333332,5.255087448311751
virchow,Virchow,2p5x,10x,0,3,57,14,0.25,0.15029761904761904,4.447021901307119
virchow,Virchow,2p5x,2p5x,0,3,57,14,0.8125,0.7875,0.599758265123293
virchow,Virchow,2p5x,40x,0,4,57,14,0.125,0.03125,6.6168702723674215
virchow,Virchow,2p5x,10x,0,4,57,14,0.1875,0.09545454545454546,5.0796193140677275
virchow,Virchow,2p5x,2p5x,0,4,57,14,0.4583333333333333,0.45416666666666666,1.7416683819084795
virchow,Virchow,2p5x,40x,0,5,57,14,0.14285714285714285,0.045454545454545456,6.532013608178455
virchow,Virchow,2p5x,10x,0,5,57,14,0.2857142857142857,0.1388888888888889,6.091772632847934
virchow,Virchow,2p5x,2p5x,0,5,57,14,0.8095238095238095,0.6875,0.8491401658775926
virchow,Virchow,2p5x,40x,1,1,57,14,0.2857142857142857,0.13333333333333333,3.6477851323970674
virchow,Virchow,2p5x,10x,1,1,57,14,0.2857142857142857,0.13333333333333333,4.061411873014635
virchow,Virchow,2p5x,2p5x,1,1,57,14,0.8285714285714285,0.6694444444444445,0.9341586390031695
virchow,Virchow,2p5x,40x,1,2,57,14,0.125,0.03333333333333333,6.1261904682195185
virchow,Virchow,2p5x,10x,1,2,57,14,0.25,0.1617063492063492,5.365749353299847
virchow,Virchow,2p5x,2p5x,1,2,57,14,0.4583333333333333,0.42976190476190473,2.842732634493096
virchow,Virchow,2p5x,40x,1,3,56,15,0.125,0.03571428571428571,5.684960451741485
virchow,Virchow,2p5x,10x,1,3,56,15,0.3125,0.19722222222222222,4.878623658451161
virchow,Virchow,2p5x,2p5x,1,3,56,15,0.7291666666666666,0.6291666666666667,1.6210631324055114
virchow,Virchow,2p5x,40x,1,4,57,14,0.20833333333333334,0.05625,4.5368971352910465
virchow,Virchow,2p5x,10x,1,4,57,14,0.25,0.06696428571428571,3.626938370309575
virchow,Virchow,2p5x,2p5x,1,4,57,14,0.7083333333333334,0.5515873015873016,0.8619959884629917
virchow,Virchow,2p5x,40x,1,5,57,14,0.2857142857142857,0.06349206349206349,6.166754049932022
virchow,Virchow,2p5x,10x,1,5,57,14,0.33333333333333337,0.1375,5.809977791068866
virchow,Virchow,2p5x,2p5x,1,5,57,14,0.6071428571428571,0.4458333333333333,1.0009066638215656
virchow,Virchow,2p5x,40x,2,1,57,14,0.14285714285714285,0.03571428571428571,4.56731341770785
virchow,Virchow,2p5x,10x,2,1,57,14,0.3095238095238095,0.19027777777777777,4.6234563552030865
virchow,Virchow,2p5x,2p5x,2,1,57,14,0.4047619047619047,0.375,1.1175561027467156
virchow,Virchow,2p5x,40x,2,2,56,15,0.14285714285714285,0.05263157894736842,4.178153255708588
virchow,Virchow,2p5x,10x,2,2,56,15,0.32857142857142857,0.2444444444444444,2.8313766016891235
virchow,Virchow,2p5x,2p5x,2,2,56,15,0.7928571428571428,0.6611111111111111,1.603300283737154
virchow,Virchow,2p5x,40x,2,3,56,15,0.14285714285714285,0.03125,4.155923674388417
virchow,Virchow,2p5x,10x,2,3,56,15,0.14285714285714285,0.03571428571428571,3.896537602335116
virchow,Virchow,2p5x,2p5x,2,3,56,15,0.7142857142857143,0.6196428571428572,1.0001001978790016
virchow,Virchow,2p5x,40x,2,4,57,14,0.0,0.0,7.655426645348672
virchow,Virchow,2p5x,10x,2,4,57,14,0.13888888888888887,0.1125,6.2041545906813
virchow,Virchow,2p5x,2p5x,2,4,57,14,0.5833333333333334,0.4791666666666667,2.3344858082944673
virchow,Virchow,2p5x,40x,2,5,58,13,0.375,0.18333333333333332,5.122255911401108
virchow,Virchow,2p5x,10x,2,5,58,13,0.375,0.17559523809523808,4.492116676900848
virchow,Virchow,2p5x,2p5x,2,5,58,13,0.875,0.8708333333333333,1.1603781428281694
virchow,Virchow,2p5x,40x,3,1,57,14,0.07142857142857142,0.016666666666666666,5.491741128537625
virchow,Virchow,2p5x,10x,3,1,57,14,0.14285714285714285,0.125,4.825271743791446
virchow,Virchow,2p5x,2p5x,3,1,57,14,0.5476190476190476,0.45625,1.0127792304283685
virchow,Virchow,2p5x,40x,3,2,57,14,0.25,0.10625,4.724886342934234
virchow,Virchow,2p5x,10x,3,2,57,14,0.25,0.10416666666666666,3.5123289325891767
virchow,Virchow,2p5x,2p5x,3,2,57,14,0.7083333333333333,0.6833333333333333,1.6750917690075051
virchow,Virchow,2p5x,40x,3,3,56,15,0.27777777777777773,0.11805555555555555,5.460063006614681
virchow,Virchow,2p5x,10x,3,3,56,15,0.3611111111111111,0.2222222222222222,4.291042391626092
virchow,Virchow,2p5x,2p5x,3,3,56,15,0.6388888888888888,0.5005952380952381,1.4941504210071561
virchow,Virchow,2p5x,40x,3,4,57,14,0.14285714285714285,0.07142857142857142,4.4291090091104985
virchow,Virchow,2p5x,10x,3,4,57,14,0.14285714285714285,0.07142857142857142,4.790934585512269
virchow,Virchow,2p5x,2p5x,3,4,57,14,0.5476190476190476,0.4625,1.0812965842747908
virchow,Virchow,2p5x,40x,3,5,57,14,0.25,0.10096153846153846,6.312240390535193
virchow,Virchow,2p5x,10x,3,5,57,14,0.25,0.08712121212121213,5.812382401689162
virchow,Virchow,2p5x,2p5x,3,5,57,14,0.7708333333333333,0.7208333333333333,1.3424835629357033
virchow,Virchow,2p5x,40x,4,1,57,14,0.0625,0.017857142857142856,6.473101114619106
virchow,Virchow,2p5x,10x,4,1,57,14,0.125,0.125,6.004158489118862
virchow,Virchow,2p5x,2p5x,4,1,57,14,0.6041666666666666,0.5333333333333333,1.8449492376952605
virchow,Virchow,2p5x,40x,4,2,57,14,0.25,0.125,4.5550585406620945
virchow,Virchow,2p5x,10x,4,2,57,14,0.25,0.12142857142857143,3.909251449624955
virchow,Virchow,2p5x,2p5x,4,2,57,14,0.75,0.7208333333333333,1.0254178203920166
virchow,Virchow,2p5x,40x,4,3,56,15,0.14285714285714285,0.0625,4.981170692106247
virchow,Virchow,2p5x,10x,4,3,56,15,0.21428571428571427,0.125,4.740415696989522
virchow,Virchow,2p5x,2p5x,4,3,56,15,0.4047619047619047,0.3958333333333333,1.5445260055464527
virchow,Virchow,2p5x,40x,4,4,57,14,0.125,0.03333333333333333,6.200269628628706
virchow,Virchow,2p5x,10x,4,4,57,14,0.4375,0.35555555555555557,4.310058715278589
virchow,Virchow,2p5x,2p5x,4,4,57,14,0.7291666666666666,0.6875,1.4456410077628663
virchow,Virchow,2p5x,40x,4,5,57,14,0.14285714285714285,0.05,4.17352808667186
virchow,Virchow,2p5x,10x,4,5,57,14,0.5238095238095238,0.2839285714285714,2.9757467090773098
virchow,Virchow,2p5x,2p5x,4,5,57,14,0.8333333333333333,0.7458333333333333,0.7136919623468945
virchow,Virchow,2p5x,40x,5,1,57,14,0.1875,0.08846153846153847,4.16698173340006
virchow,Virchow,2p5x,10x,5,1,57,14,0.3125,0.24679487179487178,4.006255214383239
virchow,Virchow,2p5x,2p5x,5,1,57,14,0.4583333333333333,0.45833333333333326,2.3317507585128845
virchow,Virchow,2p5x,40x,5,2,56,15,0.25,0.10119047619047619,6.243049268022501
virchow,Virchow,2p5x,10x,5,2,56,15,0.2916666666666667,0.1259920634920635,5.153916526998336
virchow,Virchow,2p5x,2p5x,5,2,56,15,0.8333333333333333,0.7279761904761906,1.3547270731707313
virchow,Virchow,2p5x,40x,5,3,56,15,0.08333333333333333,0.0625,4.281701261963696
virchow,Virchow,2p5x,10x,5,3,56,15,0.4166666666666667,0.25,2.8551045134089184
virchow,Virchow,2p5x,2p5x,5,3,56,15,0.6833333333333332,0.5297619047619047,1.7521808678997326
virchow,Virchow,2p5x,40x,5,4,57,14,0.19047619047619047,0.125,5.837504180849636
virchow,Virchow,2p5x,10x,5,4,57,14,0.23809523809523808,0.14166666666666666,5.778409480917186
virchow,Virchow,2p5x,2p5x,5,4,57,14,0.7023809523809524,0.5208333333333333,1.8439377401436854
virchow,Virchow,2p5x,40x,5,5,58,13,0.42857142857142855,0.24318181818181817,4.1120402714414315
virchow,Virchow,2p5x,10x,5,5,58,13,0.42857142857142855,0.1958333333333333,4.686721474876302
virchow,Virchow,2p5x,2p5x,5,5,58,13,0.5952380952380951,0.55,1.4380966377378062
virchow,Virchow,2p5x,40x,6,1,57,14,0.14285714285714285,0.078125,3.182185124502797
virchow,Virchow,2p5x,10x,6,1,57,14,0.2857142857142857,0.14583333333333331,3.591036894206798
virchow,Virchow,2p5x,2p5x,6,1,57,14,0.7142857142857143,0.5511363636363636,0.47328905716480457
virchow,Virchow,2p5x,40x,6,2,57,14,0.125,0.04411764705882353,5.763166141535099
virchow,Virchow,2p5x,10x,6,2,57,14,0.20833333333333331,0.13333333333333333,5.007647106661202
virchow,Virchow,2p5x,2p5x,6,2,57,14,0.5416666666666666,0.49583333333333335,2.1759748321488037
virchow,Virchow,2p5x,40x,6,3,57,14,0.125,0.03125,4.9630715797405145
virchow,Virchow,2p5x,10x,6,3,57,14,0.3125,0.175,3.250461314284773
virchow,Virchow,2p5x,2p5x,6,3,57,14,0.6375,0.53125,1.584412901512596
virchow,Virchow,2p5x,40x,6,4,56,15,0.14285714285714285,0.057692307692307696,5.8891747417524964
virchow,Virchow,2p5x,10x,6,4,56,15,0.14285714285714285,0.0625,5.867740573951569
virchow,Virchow,2p5x,2p5x,6,4,56,15,0.6071428571428571,0.5267857142857143,0.8583100568400821
virchow,Virchow,2p5x,40x,6,5,57,14,0.125,0.017857142857142856,6.441788808809075
virchow,Virchow,2p5x,10x,6,5,57,14,0.25,0.08333333333333333,5.0595838639682
virchow,Virchow,2p5x,2p5x,6,5,57,14,0.6875,0.5916666666666666,1.844951498986126
virchow,Virchow,2p5x,40x,7,1,57,14,0.125,0.03125,4.849386070252582
virchow,Virchow,2p5x,10x,7,1,57,14,0.1875,0.11309523809523808,4.79226361898599
virchow,Virchow,2p5x,2p5x,7,1,57,14,0.625,0.6083333333333334,1.4725544194596918
virchow,Virchow,2p5x,40x,7,2,56,15,0.125,0.029411764705882353,5.957909290315411
virchow,Virchow,2p5x,10x,7,2,56,15,0.25,0.11904761904761904,3.9997865852536867
virchow,Virchow,2p5x,2p5x,7,2,56,15,0.6875,0.6505952380952381,1.3879670433309592
virchow,Virchow,2p5x,40x,7,3,58,13,0.14285714285714285,0.03571428571428571,4.874240007458534
virchow,Virchow,2p5x,10x,7,3,58,13,0.35714285714285715,0.22916666666666663,4.08283307107566
virchow,Virchow,2p5x,2p5x,7,3,58,13,0.738095238095238,0.6208333333333333,0.7553147289879517
virchow,Virchow,2p5x,40x,7,4,56,15,0.1875,0.0625,4.571091629316899
virchow,Virchow,2p5x,10x,7,4,56,15,0.375,0.26785714285714285,3.266048426319675
virchow,Virchow,2p5x,2p5x,7,4,56,15,0.71875,0.6416666666666666,1.8629922146770743
virchow,Virchow,2p5x,40x,7,5,57,14,0.29166666666666663,0.13194444444444445,5.6726347737544955
virchow,Virchow,2p5x,10x,7,5,57,14,0.41666666666666663,0.275,5.80386418124342
virchow,Virchow,2p5x,2p5x,7,5,57,14,0.625,0.5041666666666667,1.0296583408810454
virchow,Virchow,2p5x,40x,8,1,56,15,0.14285714285714285,0.041666666666666664,7.482521858113625
virchow,Virchow,2p5x,10x,8,1,56,15,0.19047619047619047,0.14423076923076922,6.199078256197805
virchow,Virchow,2p5x,2p5x,8,1,56,15,0.7619047619047619,0.6027777777777777,1.2084326352382113
virchow,Virchow,2p5x,40x,8,2,57,14,0.23809523809523808,0.10795454545454546,3.2573144525498514
virchow,Virchow,2p5x,10x,8,2,57,14,0.23809523809523808,0.12698412698412698,4.241897482352196
virchow,Virchow,2p5x,2p5x,8,2,57,14,0.4880952380952381,0.37916666666666665,1.70668892362006
virchow,Virchow,2p5x,40x,8,3,57,14,0.25,0.10277777777777777,5.713470228428002
virchow,Virchow,2p5x,10x,8,3,57,14,0.2857142857142857,0.13257575757575757,4.027781013018804
virchow,Virchow,2p5x,2p5x,8,3,57,14,0.6309523809523808,0.5029761904761905,1.2572037847418103
virchow,Virchow,2p5x,40x,8,4,58,13,0.21428571428571427,0.0625,4.205724580534827
virchow,Virchow,2p5x,10x,8,4,58,13,0.2857142857142857,0.1,4.490683071652308
virchow,Virchow,2p5x,2p5x,8,4,58,13,0.7142857142857143,0.5625,0.7830573958217321
virchow,Virchow,2p5x,40x,8,5,56,15,0.125,0.016666666666666666,6.548864202466713
virchow,Virchow,2p5x,10x,8,5,56,15,0.4375,0.2523809523809524,5.016495270621331
virchow,Virchow,2p5x,2p5x,8,5,56,15,0.65625,0.5666666666666667,1.3638651057731621
virchow,Virchow,2p5x,40x,9,1,57,14,0.16666666666666666,0.10256410256410256,4.134166063314701
virchow,Virchow,2p5x,10x,9,1,57,14,0.2222222222222222,0.1625,3.897033104740747
virchow,Virchow,2p5x,2p5x,9,1,57,14,0.5,0.3819444444444444,1.1984961521914943
virchow,Virchow,2p5x,40x,9,2,57,14,0.14285714285714285,0.027777777777777776,8.530763781346536
virchow,Virchow,2p5x,10x,9,2,57,14,0.19047619047619047,0.09375,7.059563730430386
virchow,Virchow,2p5x,2p5x,9,2,57,14,0.6666666666666666,0.5166666666666666,2.6078664727230256
virchow,Virchow,2p5x,40x,9,3,56,15,0.25,0.10555555555555556,4.95248304122968
virchow,Virchow,2p5x,10x,9,3,56,15,0.25,0.11805555555555555,4.770675752901591
virchow,Virchow,2p5x,2p5x,9,3,56,15,0.875,0.8708333333333333,0.3881477763902533
virchow,Virchow,2p5x,40x,9,4,57,14,0.14285714285714285,0.03571428571428571,4.617505442409949
virchow,Virchow,2p5x,10x,9,4,57,14,0.2857142857142857,0.1388888888888889,3.943685163148903
virchow,Virchow,2p5x,2p5x,9,4,57,14,0.6666666666666666,0.55,1.2737358398605267
virchow,Virchow,2p5x,40x,9,5,57,14,0.2857142857142857,0.1875,4.752694978639694
virchow,Virchow,2p5x,10x,9,5,57,14,0.25,0.10625,4.70279994228784
virchow,Virchow,2p5x,2p5x,9,5,57,14,0.5714285714285714,0.45833333333333326,1.5522442168655792
virchow2,Virchow2,40x,40x,0,1,57,14,0.8333333333333334,0.7172619047619048,1.5672668440542432
virchow2,Virchow2,40x,10x,0,1,57,14,0.8333333333333334,0.6833333333333333,1.3560572616807687
virchow2,Virchow2,40x,2p5x,0,1,57,14,0.47619047619047616,0.369047619047619,2.5841623836686054
virchow2,Virchow2,40x,40x,0,2,56,15,0.7857142857142857,0.6770833333333333,0.6379037896146912
virchow2,Virchow2,40x,10x,0,2,56,15,0.7142857142857143,0.5583333333333333,0.8459651857198135
virchow2,Virchow2,40x,2p5x,0,2,56,15,0.5952380952380951,0.42738095238095236,1.9476630304489069
virchow2,Virchow2,40x,40x,0,3,57,14,0.875,0.8333333333333333,0.5215556891943869
virchow2,Virchow2,40x,10x,0,3,57,14,0.75,0.6666666666666666,1.5416328977560485
virchow2,Virchow2,40x,2p5x,0,3,57,14,0.625,0.48214285714285715,1.051001778267543
virchow2,Virchow2,40x,40x,0,4,57,14,0.75,0.725,0.595701611517449
virchow2,Virchow2,40x,10x,0,4,57,14,0.875,0.8125,0.5867343146115997
virchow2,Virchow2,40x,2p5x,0,4,57,14,0.7083333333333333,0.6166666666666667,0.9447824911510521
virchow2,Virchow2,40x,40x,0,5,57,14,0.8095238095238094,0.7154761904761905,0.7720536672602922
virchow2,Virchow2,40x,10x,0,5,57,14,0.6666666666666666,0.5916666666666667,0.696038388782196
virchow2,Virchow2,40x,2p5x,0,5,57,14,0.4047619047619047,0.3333333333333333,1.306166555103957
virchow2,Virchow2,40x,40x,1,1,57,14,0.8285714285714285,0.6944444444444444,0.7556163725539162
virchow2,Virchow2,40x,10x,1,1,57,14,0.5714285714285714,0.38125,1.2463605322102198
virchow2,Virchow2,40x,2p5x,1,1,57,14,0.5,0.3020833333333333,1.8582016574953317
virchow2,Virchow2,40x,40x,1,2,57,14,0.6875,0.6666666666666666,1.2847496780854049
virchow2,Virchow2,40x,10x,1,2,57,14,0.8333333333333333,0.8083333333333333,0.7381621524739678
virchow2,Virchow2,40x,2p5x,1,2,57,14,0.5,0.4041666666666667,1.9060755405808394
virchow2,Virchow2,40x,40x,1,3,56,15,0.7083333333333333,0.6541666666666666,0.8229771772336326
virchow2,Virchow2,40x,10x,1,3,56,15,0.75,0.7041666666666666,1.334779865354952
virchow2,Virchow2,40x,2p5x,1,3,56,15,0.7083333333333333,0.6104166666666666,0.8414649016353037
virchow2,Virchow2,40x,40x,1,4,57,14,0.9583333333333334,0.7071428571428571,0.3306501729221981
virchow2,Virchow2,40x,10x,1,4,57,14,0.875,0.6499999999999999,0.8903092885737119
virchow2,Virchow2,40x,2p5x,1,4,57,14,0.625,0.4714285714285714,1.147288615294179
virchow2,Virchow2,40x,40x,1,5,57,14,0.8571428571428571,0.75,0.8339052155211873
virchow2,Virchow2,40x,10x,1,5,57,14,0.5714285714285714,0.4444444444444444,0.9766529084420771
virchow2,Virchow2,40x,2p5x,1,5,57,14,0.4523809523809524,0.3742424242424242,1.5630645808519996
virchow2,Virchow2,40x,40x,2,1,57,14,0.7619047619047619,0.5958333333333333,0.7918853366597194
virchow2,Virchow2,40x,10x,2,1,57,14,0.8095238095238094,0.6404761904761904,0.7582496274698773
virchow2,Virchow2,40x,2p5x,2,1,57,14,0.6428571428571429,0.5297619047619048,1.065228360484184
virchow2,Virchow2,40x,40x,2,2,56,15,0.6928571428571428,0.6041666666666666,0.8774283801380273
virchow2,Virchow2,40x,10x,2,2,56,15,0.5785714285714285,0.47797619047619044,1.0133147263634101
virchow2,Virchow2,40x,2p5x,2,2,56,15,0.5,0.3560606060606061,3.4080243286363063
virchow2,Virchow2,40x,40x,2,3,56,15,0.8571428571428571,0.7375,0.7600862754029265
virchow2,Virchow2,40x,10x,2,3,56,15,0.8095238095238094,0.6833333333333333,1.0135426845617685
virchow2,Virchow2,40x,2p5x,2,3,56,15,0.6428571428571429,0.5154761904761904,1.4914332194796884
virchow2,Virchow2,40x,40x,2,4,57,14,0.7222222222222222,0.5583333333333333,0.8521327619253949
virchow2,Virchow2,40x,10x,2,4,57,14,0.6666666666666666,0.48333333333333334,1.1467446398175707
virchow2,Virchow2,40x,2p5x,2,4,57,14,0.6666666666666666,0.4770833333333333,0.8071549627131732
virchow2,Virchow2,40x,40x,2,5,58,13,0.9375,0.9333333333333333,0.6793380145316765
virchow2,Virchow2,40x,10x,2,5,58,13,0.6875,0.6333333333333333,1.1373507633025166
virchow2,Virchow2,40x,2p5x,2,5,58,13,0.5,0.425,1.9970101359228134
virchow2,Virchow2,40x,40x,3,1,57,14,0.6904761904761905,0.5791666666666666,0.8235331789703145
virchow2,Virchow2,40x,10x,3,1,57,14,0.9047619047619048,0.75,0.6541806545361754
virchow2,Virchow2,40x,2p5x,3,1,57,14,0.8333333333333333,0.6875,1.214346134788664
virchow2,Virchow2,40x,40x,3,2,57,14,0.8125,0.7797619047619047,1.7047678992513333
virchow2,Virchow2,40x,10x,3,2,57,14,0.75,0.6875,1.4382440260774578
virchow2,Virchow2,40x,2p5x,3,2,57,14,0.5416666666666666,0.5104166666666666,2.7323485525939737
virchow2,Virchow2,40x,40x,3,3,56,15,0.9027777777777777,0.7071428571428571,0.38750058503237717
virchow2,Virchow2,40x,10x,3,3,56,15,0.8055555555555555,0.5791666666666666,0.7839694868498426
virchow2,Virchow2,40x,2p5x,3,3,56,15,0.7638888888888888,0.5297619047619048,0.7133390090826784
virchow2,Virchow2,40x,40x,3,4,57,14,0.5952380952380951,0.5125,0.5696440446089899
virchow2,Virchow2,40x,10x,3,4,57,14,0.6666666666666666,0.5444444444444444,0.8953408116148004
virchow2,Virchow2,40x,2p5x,3,4,57,14,0.42857142857142855,0.2673611111111111,2.107465620843606
virchow2,Virchow2,40x,40x,3,5,57,14,0.7708333333333333,0.7458333333333333,0.45449658654869823
virchow2,Virchow2,40x,10x,3,5,57,14,0.6875,0.5666666666666667,0.9694538284361823
virchow2,Virchow2,40x,2p5x,3,5,57,14,0.5,0.4041666666666667,1.5810776469141157
virchow2,Virchow2,40x,40x,4,1,57,14,0.7083333333333333,0.6666666666666666,0.9134266436290606
virchow2,Virchow2,40x,10x,4,1,57,14,0.8958333333333333,0.8666666666666667,0.566651358085976
virchow2,Virchow2,40x,2p5x,4,1,57,14,0.875,0.8541666666666666,0.8409373963738452
virchow2,Virchow2,40x,40x,4,2,57,14,0.8125,0.7833333333333333,0.4765284210870071
virchow2,Virchow2,40x,10x,4,2,57,14,0.75,0.6666666666666666,0.8601877278857863
virchow2,Virchow2,40x,2p5x,4,2,57,14,0.625,0.5523809523809524,1.9640936959807693
virchow2,Virchow2,40x,40x,4,3,56,15,0.6666666666666666,0.575,0.8557731157238212
virchow2,Virchow2,40x,10x,4,3,56,15,0.6666666666666666,0.575,0.8160027385195391
virchow2,Virchow2,40x,2p5x,4,3,56,15,0.7142857142857143,0.5916666666666667,1.1750848241107656
virchow2,Virchow2,40x,40x,4,4,57,14,0.8958333333333333,0.8833333333333333,0.3466633901986638
virchow2,Virchow2,40x,10x,4,4,57,14,0.7708333333333333,0.7083333333333333,0.9115697276581198
virchow2,Virchow2,40x,2p5x,4,4,57,14,0.625,0.5625,1.6429684199234649
virchow2,Virchow2,40x,40x,4,5,57,14,0.8809523809523808,0.7625,0.35729399222386965
virchow2,Virchow2,40x,10x,4,5,57,14,0.6428571428571429,0.525,0.7453333581377038
virchow2,Virchow2,40x,2p5x,4,5,57,14,0.5,0.3958333333333333,1.6085199640072856
virchow2,Virchow2,40x,40x,5,1,57,14,0.7708333333333333,0.6791666666666667,1.2771349239414787
virchow2,Virchow2,40x,10x,5,1,57,14,0.6458333333333333,0.5958333333333333,1.3152062632803772
virchow2,Virchow2,40x,2p5x,5,1,57,14,0.4583333333333333,0.42738095238095236,2.032943450200881
virchow2,Virchow2,40x,40x,5,2,56,15,0.8333333333333333,0.7488095238095238,0.8954888441282025
virchow2,Virchow2,40x,10x,5,2,56,15,0.8333333333333333,0.725,1.3636641837992785
virchow2,Virchow2,40x,2p5x,5,2,56,15,0.5833333333333334,0.4547619047619047,1.94238277900248
virchow2,Virchow2,40x,40x,5,3,56,15,0.85,0.6145833333333333,0.8727233629537222
virchow2,Virchow2,40x,10x,5,3,56,15,0.9,0.6339285714285714,0.9930154493623815
virchow2,Virchow2,40x,2p5x,5,3,56,15,0.6583333333333333,0.4196428571428571,1.5163928578285417
virchow2,Virchow2,40x,40x,5,4,57,14,0.7857142857142857,0.6041666666666666,0.763313711626065
virchow2,Virchow2,40x,10x,5,4,57,14,0.75,0.5583333333333333,1.3734019447453711
virchow2,Virchow2,40x,2p5x,5,4,57,14,0.5833333333333333,0.4878246753246753,0.9860623791989457
virchow2,Virchow2,40x,40x,5,5,58,13,0.9523809523809524,0.85,0.2829261729140613
virchow2,Virchow2,40x,10x,5,5,58,13,0.6428571428571429,0.5416666666666666,0.47142506137715967
virchow2,Virchow2,40x,2p5x,5,5,58,13,0.42857142857142855,0.34935897435897434,1.4748106409161763
virchow2,Virchow2,40x,40x,6,1,57,14,0.9285714285714286,0.7916666666666666,0.2825353841752099
virchow2,Virchow2,40x,10x,6,1,57,14,0.9285714285714286,0.7916666666666666,0.48224108092005125
virchow2,Virchow2,40x,2p5x,6,1,57,14,0.7142857142857143,0.5625,0.4778795456170971
virchow2,Virchow2,40x,40x,6,2,57,14,0.7083333333333333,0.6499999999999999,1.0187336802209679
virchow2,Virchow2,40x,10x,6,2,57,14,0.7083333333333333,0.6654761904761904,0.6660562538184426
virchow2,Virchow2,40x,2p5x,6,2,57,14,0.4583333333333333,0.42500000000000004,1.521678978121733
virchow2,Virchow2,40x,40x,6,3,57,14,0.825,0.7520833333333333,0.7170710945292108
virchow2,Virchow2,40x,10x,6,3,57,14,0.775,0.6625,1.1176106760047342
virchow2,Virchow2,40x,2p5x,6,3,57,14,0.65,0.5773809523809523,1.6324362338730811
virchow2,Virchow2,40x,40x,6,4,56,15,0.75,0.6196428571428572,0.5648364842873476
virchow2,Virchow2,40x,10x,6,4,56,15,0.8928571428571429,0.7654761904761905,0.37883854543616524
virchow2,Virchow2,40x,2p5x,6,4,56,15,0.5357142857142857,0.40795454545454546,1.820353921931349
virchow2,Virchow2,40x,40x,6,5,57,14,0.7708333333333333,0.7291666666666666,0.39366217067207376
virchow2,Virchow2,40x,10x,6,5,57,14,0.5833333333333333,0.4666666666666667,1.0155584764827754
virchow2,Virchow2,40x,2p5x,6,5,57,14,0.4270833333333333,0.29464285714285715,1.5622780128417804
virchow2,Virchow2,40x,40x,7,1,57,14,0.9375,0.9333333333333333,0.26239646857297505
virchow2,Virchow2,40x,10x,7,1,57,14,0.875,0.8333333333333333,0.4669964884795273
virchow2,Virchow2,40x,2p5x,7,1,57,14,0.75,0.6875,0.8777822146415474
virchow2,Virchow2,40x,40x,7,2,56,15,0.8125,0.7904761904761904,0.2828700773992929
virchow2,Virchow2,40x,10x,7,2,56,15,0.7291666666666666,0.7041666666666666,0.5813007174274714
virchow2,Virchow2,40x,2p5x,7,2,56,15,0.35416666666666663,0.2895833333333333,1.4722189068311902
virchow2,Virchow2,40x,40x,7,3,58,13,0.8571428571428571,0.725,0.21738784316676052
virchow2,Virchow2,40x,10x,7,3,58,13,0.8571428571428571,0.725,0.5741629428163589
virchow2,Virchow2,40x,2p5x,7,3,58,13,0.47619047619047616,0.4458333333333333,1.556573601777809
virchow2,Virchow2,40x,40x,7,4,56,15,0.84375,0.7880952380952381,1.6515383038108586
virchow2,Virchow2,40x,10x,7,4,56,15,0.84375,0.7541666666666667,1.4889031774168124
virchow2,Virchow2,40x,2p5x,7,4,56,15,0.5625,0.49999999999999994,2.070298132714103
virchow2,Virchow2,40x,40x,7,5,57,14,0.7916666666666666,0.7083333333333333,1.0249271811762626
virchow2,Virchow2,40x,10x,7,5,57,14,0.5416666666666666,0.40625,1.64513797493546
virchow2,Virchow2,40x,2p5x,7,5,57,14,0.5625,0.4809523809523809,1.3799839156725557
virchow2,Virchow2,40x,40x,8,1,56,15,0.6904761904761905,0.5791666666666666,0.9548849118457892
virchow2,Virchow2,40x,10x,8,1,56,15,0.6904761904761906,0.5902777777777777,0.8489241002299586
virchow2,Virchow2,40x,2p5x,8,1,56,15,0.7380952380952381,0.6069444444444445,1.0093297225586368
virchow2,Virchow2,40x,40x,8,2,57,14,0.6666666666666666,0.5255952380952381,0.9365633945309836
virchow2,Virchow2,40x,10x,8,2,57,14,0.5952380952380951,0.46527777777777773,0.850383632840708
virchow2,Virchow2,40x,2p5x,8,2,57,14,0.5714285714285714,0.45192307692307687,1.7971479627110176
virchow2,Virchow2,40x,40x,8,3,57,14,0.7857142857142857,0.6333333333333333,1.1284558744927977
virchow2,Virchow2,40x,10x,8,3,57,14,0.8571428571428571,0.7083333333333333,1.5582240222546102
virchow2,Virchow2,40x,2p5x,8,3,57,14,0.5714285714285714,0.4,1.7209920758050037
virchow2,Virchow2,40x,40x,8,4,58,13,0.9285714285714286,0.7916666666666666,0.1503531891642224
virchow2,Virchow2,40x,10x,8,4,58,13,0.9285714285714286,0.8333333333333333,0.19393048066794888
virchow2,Virchow2,40x,2p5x,8,4,58,13,0.4428571428571429,0.38541666666666663,1.719777861344344
virchow2,Virchow2,40x,40x,8,5,56,15,0.8125,0.7797619047619048,0.693089104244541
virchow2,Virchow2,40x,10x,8,5,56,15,0.625,0.5148809523809523,1.5468461475362318
virchow2,Virchow2,40x,2p5x,8,5,56,15,0.5,0.3857142857142857,1.7722459667063353
virchow2,Virchow2,40x,40x,9,1,57,14,0.5833333333333334,0.4583333333333333,0.8012596779781724
virchow2,Virchow2,40x,10x,9,1,57,14,0.6666666666666666,0.5208333333333333,1.0657047553338113
virchow2,Virchow2,40x,2p5x,9,1,57,14,0.8333333333333334,0.6,0.9028872190175353
virchow2,Virchow2,40x,40x,9,2,57,14,0.9166666666666667,0.7654761904761904,0.8332518372485265
virchow2,Virchow2,40x,10x,9,2,57,14,0.8452380952380951,0.7071428571428571,0.608429899227027
virchow2,Virchow2,40x,2p5x,9,2,57,14,0.7738095238095237,0.6520833333333333,1.3097434351497943
virchow2,Virchow2,40x,40x,9,3,56,15,0.875,0.8541666666666666,0.5239684293305065
virchow2,Virchow2,40x,10x,9,3,56,15,0.8125,0.7458333333333333,0.7887372756709325
virchow2,Virchow2,40x,2p5x,9,3,56,15,0.3958333333333333,0.35378787878787876,1.7956575157020604
virchow2,Virchow2,40x,40x,9,4,57,14,0.8809523809523808,0.7583333333333333,0.43461889208450455
virchow2,Virchow2,40x,10x,9,4,57,14,0.7857142857142857,0.625,1.2033836039272747
virchow2,Virchow2,40x,2p5x,9,4,57,14,0.6428571428571429,0.4888888888888889,1.644127010393125
virchow2,Virchow2,40x,40x,9,5,57,14,0.5714285714285714,0.4833333333333333,0.8253244683923019
virchow2,Virchow2,40x,10x,9,5,57,14,0.5,0.3958333333333333,0.9893823080233032
virchow2,Virchow2,40x,2p5x,9,5,57,14,0.2857142857142857,0.13920454545454547,2.411986752524419
virchow2,Virchow2,10x,40x,0,1,57,14,0.5714285714285714,0.4666666666666666,1.202137503847478
virchow2,Virchow2,10x,10x,0,1,57,14,0.761904761904762,0.6208333333333333,1.0224576879159084
virchow2,Virchow2,10x,2p5x,0,1,57,14,0.738095238095238,0.5874999999999999,1.220065940018022
virchow2,Virchow2,10x,40x,0,2,56,15,0.7142857142857143,0.5738095238095238,0.6654968167485554
virchow2,Virchow2,10x,10x,0,2,56,15,0.9285714285714286,0.7916666666666666,0.49360598602243005
virchow2,Virchow2,10x,2p5x,0,2,56,15,0.8571428571428571,0.7291666666666666,1.0074301828066565
virchow2,Virchow2,10x,40x,0,3,57,14,0.8125,0.7708333333333333,0.6236932060435402
virchow2,Virchow2,10x,10x,0,3,57,14,0.875,0.8333333333333333,0.5575893887572643
virchow2,Virchow2,10x,2p5x,0,3,57,14,0.75,0.7,0.4765769156049995
virchow2,Virchow2,10x,40x,0,4,57,14,0.7291666666666666,0.6875,0.833667778833824
virchow2,Virchow2,10x,10x,0,4,57,14,0.9375,0.9166666666666666,0.3082569131360756
virchow2,Virchow2,10x,2p5x,0,4,57,14,0.875,0.8333333333333333,0.6189572278991174
virchow2,Virchow2,10x,40x,0,5,57,14,0.47619047619047616,0.4005952380952381,0.9947869740459876
virchow2,Virchow2,10x,10x,0,5,57,14,0.6666666666666666,0.56875,0.5149679571567514
virchow2,Virchow2,10x,2p5x,0,5,57,14,0.4047619047619047,0.3125,0.9680945677663264
virchow2,Virchow2,10x,40x,1,1,57,14,0.7571428571428571,0.6944444444444444,1.4521524135047215
virchow2,Virchow2,10x,10x,1,1,57,14,0.9285714285714286,0.8333333333333333,0.5093005454364512
virchow2,Virchow2,10x,2p5x,1,1,57,14,0.9714285714285714,0.8361111111111111,0.35098994136693434
virchow2,Virchow2,10x,40x,1,2,57,14,0.4583333333333333,0.37976190476190474,1.2191353843290809
virchow2,Virchow2,10x,10x,1,2,57,14,0.9375,0.9404761904761905,0.7118235106116175
virchow2,Virchow2,10x,2p5x,1,2,57,14,0.7083333333333333,0.675595238095238,1.015281681655874
virchow2,Virchow2,10x,40x,1,3,56,15,0.7291666666666666,0.6607142857142857,1.1305823370891797
virchow2,Virchow2,10x,10x,1,3,56,15,0.9166666666666666,0.8958333333333333,0.5503218920961854
virchow2,Virchow2,10x,2p5x,1,3,56,15,0.8125,0.7976190476190477,0.28871935310653646
virchow2,Virchow2,10x,40x,1,4,57,14,1.0,0.75,0.42047011473993834
virchow2,Virchow2,10x,10x,1,4,57,14,0.9583333333333334,0.7071428571428571,0.27956447316489325
virchow2,Virchow2,10x,2p5x,1,4,57,14,0.75,0.5416666666666666,0.6024599523603401
virchow2,Virchow2,10x,40x,1,5,57,14,0.4880952380952381,0.425,1.160938815179584
virchow2,Virchow2,10x,10x,1,5,57,14,0.5952380952380952,0.5047619047619047,0.9761049634079846
virchow2,Virchow2,10x,2p5x,1,5,57,14,0.4523809523809524,0.39166666666666666,1.4707138574564478
virchow2,Virchow2,10x,40x,2,1,57,14,0.7619047619047619,0.6166666666666667,0.8957979903106195
virchow2,Virchow2,10x,10x,2,1,57,14,0.8095238095238095,0.6375,0.47771468453683325
virchow2,Virchow2,10x,2p5x,2,1,57,14,0.7142857142857144,0.5625,0.7594159439836267
virchow2,Virchow2,10x,40x,2,2,56,15,0.5642857142857143,0.4270833333333333,1.2729096616132944
virchow2,Virchow2,10x,10x,2,2,56,15,0.9357142857142857,0.7599206349206349,0.40729261682015505
virchow2,Virchow2,10x,2p5x,2,2,56,15,0.5714285714285714,0.4416666666666666,1.9425421627180541
virchow2,Virchow2,10x,40x,2,3,56,15,0.6666666666666666,0.55,0.9870190266956936
virchow2,Virchow2,10x,10x,2,3,56,15,0.8333333333333333,0.7547619047619047,0.49410587251047605
virchow2,Virchow2,10x,2p5x,2,3,56,15,0.7619047619047619,0.6375,1.1778512295881434
virchow2,Virchow2,10x,40x,2,4,57,14,0.7222222222222222,0.5416666666666666,0.6963674030853981
virchow2,Virchow2,10x,10x,2,4,57,14,0.8055555555555555,0.6208333333333333,0.8030115493888379
virchow2,Virchow2,10x,2p5x,2,4,57,14,0.8333333333333334,0.59375,0.4954855885582098
virchow2,Virchow2,10x,40x,2,5,58,13,0.75,0.7380952380952381,0.7069424998170064
virchow2,Virchow2,10x,10x,2,5,58,13,0.9375,0.9333333333333333,0.6571429744571096
virchow2,Virchow2,10x,2p5x,2,5,58,13,0.75,0.7083333333333333,0.9997667345473483
virchow2,Virchow2,10x,40x,3,1,57,14,0.6904761904761905,0.5291666666666666,0.931015669839292
virchow2,Virchow2,10x,10x,3,1,57,14,0.8333333333333333,0.6833333333333333,0.6708316024095521
virchow2,Virchow2,10x,2p5x,3,1,57,14,0.8809523809523808,0.7416666666666667,0.8196113211594328
virchow2,Virchow2,10x,40x,3,2,57,14,0.7291666666666666,0.7013888888888888,1.3566739422018659
virchow2,Virchow2,10x,10x,3,2,57,14,0.875,0.8333333333333333,1.0604753388363408
virchow2,Virchow2,10x,2p5x,3,2,57,14,0.5833333333333333,0.5791666666666666,1.3309707914858289
virchow2,Virchow2,10x,40x,3,3,56,15,0.4583333333333333,0.3238095238095238,1.2390494041711615
virchow2,Virchow2,10x,10x,3,3,56,15,0.9166666666666666,0.6770833333333333,0.3318610955351465
virchow2,Virchow2,10x,2p5x,3,3,56,15,0.9444444444444443,0.711111111111111,0.26733245521625654
virchow2,Virchow2,10x,40x,3,4,57,14,0.4880952380952381,0.39464285714285713,0.9604785085540871
virchow2,Virchow2,10x,10x,3,4,57,14,0.8095238095238094,0.675,0.34506756803304395
virchow2,Virchow2,10x,2p5x,3,4,57,14,0.5,0.369047619047619,0.8478519416772883
virchow2,Virchow2,10x,40x,3,5,57,14,0.8958333333333333,0.8916666666666666,0.646221723318512
virchow2,Virchow2,10x,10x,3,5,57,14,0.8333333333333333,0.8083333333333333,0.3209172266868277
virchow2,Virchow2,10x,2p5x,3,5,57,14,0.6666666666666667,0.613095238095238,0.8431335354405113
virchow2,Virchow2,10x,40x,4,1,57,14,0.7083333333333333,0.7041666666666666,0.727769801896655
virchow2,Virchow2,10x,10x,4,1,57,14,0.8958333333333333,0.8666666666666667,0.7473517946942322
virchow2,Virchow2,10x,2p5x,4,1,57,14,0.9375,0.9333333333333333,0.5804051873988144
virchow2,Virchow2,10x,40x,4,2,57,14,0.75,0.7,0.7029639623701733
virchow2,Virchow2,10x,10x,4,2,57,14,1.0,1.0,0.16705625272385197
virchow2,Virchow2,10x,2p5x,4,2,57,14,0.75,0.6875,0.6041385979318451
virchow2,Virchow2,10x,40x,4,3,56,15,0.47619047619047616,0.43214285714285716,0.9167238291394381
virchow2,Virchow2,10x,10x,4,3,56,15,0.8095238095238094,0.6833333333333333,0.6863708625320228
virchow2,Virchow2,10x,2p5x,4,3,56,15,0.761904761904762,0.625,1.170163190674241
virchow2,Virchow2,10x,40x,4,4,57,14,0.5416666666666666,0.5166666666666666,1.065244838755928
virchow2,Virchow2,10x,10x,4,4,57,14,0.9583333333333333,0.95,0.2496640994308265
virchow2,Virchow2,10x,2p5x,4,4,57,14,0.8125,0.8333333333333333,0.3594969817433132
virchow2,Virchow2,10x,40x,4,5,57,14,0.7380952380952381,0.6520833333333333,1.190358214010477
virchow2,Virchow2,10x,10x,4,5,57,14,0.8333333333333333,0.7166666666666667,0.6717341755137426
virchow2,Virchow2,10x,2p5x,4,5,57,14,0.6428571428571429,0.5791666666666666,0.9170167481863907
virchow2,Virchow2,10x,40x,5,1,57,14,0.7708333333333333,0.725,1.0159070354820463
virchow2,Virchow2,10x,10x,5,1,57,14,0.8958333333333333,0.8708333333333333,0.84501122926102
virchow2,Virchow2,10x,2p5x,5,1,57,14,0.7083333333333333,0.6708333333333334,1.1102383730630032
virchow2,Virchow2,10x,40x,5,2,56,15,0.7083333333333333,0.6833333333333333,1.0056328399335674
virchow2,Virchow2,10x,10x,5,2,56,15,0.75,0.6964285714285714,0.6241863685549586
virchow2,Virchow2,10x,2p5x,5,2,56,15,0.75,0.65625,1.2352903082400686
virchow2,Virchow2,10x,40x,5,3,56,15,0.43333333333333335,0.3598484848484848,1.2673087639576968
virchow2,Virchow2,10x,10x,5,3,56,15,0.9333333333333332,0.65625,0.4928245656839851
virchow2,Virchow2,10x,2p5x,5,3,56,15,0.85,0.6145833333333333,0.6494670394226715
virchow2,Virchow2,10x,40x,5,4,57,14,0.5595238095238095,0.48333333333333334,1.0928590714716064
virchow2,Virchow2,10x,10x,5,4,57,14,0.7857142857142857,0.6041666666666666,0.9090083041485977
virchow2,Virchow2,10x,2p5x,5,4,57,14,0.6666666666666667,0.5333333333333333,0.6365044385347661
virchow2,Virchow2,10x,40x,5,5,58,13,0.6428571428571429,0.5520833333333333,0.5816929122655474
virchow2,Virchow2,10x,10x,5,5,58,13,1.0,0.875,0.16084544304796788
virchow2,Virchow2,10x,2p5x,5,5,58,13,0.7857142857142857,0.6488095238095237,0.42096867017328116
virchow2,Virchow2,10x,40x,6,1,57,14,0.8285714285714285,0.725,0.48345014326001917
virchow2,Virchow2,10x,10x,6,1,57,14,0.9285714285714286,0.7916666666666666,0.2816778969789338
virchow2,Virchow2,10x,2p5x,6,1,57,14,0.9285714285714286,0.7916666666666666,0.1648797079800952
virchow2,Virchow2,10x,40x,6,2,57,14,0.7083333333333333,0.6833333333333333,0.8433994285209659
virchow2,Virchow2,10x,10x,6,2,57,14,0.8333333333333333,0.7666666666666666,0.7625004834000494
virchow2,Virchow2,10x,2p5x,6,2,57,14,0.8333333333333333,0.8083333333333333,0.8409177122003292
virchow2,Virchow2,10x,40x,6,3,57,14,0.6875,0.6458333333333333,0.8927103445020522
virchow2,Virchow2,10x,10x,6,3,57,14,0.85,0.8194444444444444,0.4924526797682857
virchow2,Virchow2,10x,2p5x,6,3,57,14,0.925,0.8714285714285714,1.238905262477976
virchow2,Virchow2,10x,40x,6,4,56,15,0.6071428571428571,0.4988095238095238,1.0317420501721528
virchow2,Virchow2,10x,10x,6,4,56,15,0.6785714285714286,0.5726190476190476,0.5037739725421396
virchow2,Virchow2,10x,2p5x,6,4,56,15,0.39285714285714285,0.25795454545454544,1.4244155248765478
virchow2,Virchow2,10x,40x,6,5,57,14,0.6458333333333333,0.6138888888888889,0.7672327999128826
virchow2,Virchow2,10x,10x,6,5,57,14,1.0,1.0,0.18779054797434752
virchow2,Virchow2,10x,2p5x,6,5,57,14,0.625,0.5321428571428571,0.5850790684707304
virchow2,Virchow2,10x,40x,7,1,57,14,0.5625,0.5375,0.8405455925436996
virchow2,Virchow2,10x,10x,7,1,57,14,1.0,1.0,0.12369996271597127
virchow2,Virchow2,10x,2p5x,7,1,57,14,0.875,0.8541666666666666,0.3616209906310943
virchow2,Virchow2,10x,40x,7,2,56,15,0.7291666666666666,0.713095238095238,0.7816823143938121
virchow2,Virchow2,10x,10x,7,2,56,15,1.0,1.0,0.1188711195152882
virchow2,Virchow2,10x,2p5x,7,2,56,15,0.9375,0.9166666666666666,0.43357994693534024
virchow2,Virchow2,10x,40x,7,3,58,13,0.9285714285714286,0.7916666666666666,0.43408168269625197
virchow2,Virchow2,10x,10x,7,3,58,13,1.0,0.875,0.08653053650454022
virchow2,Virchow2,10x,2p5x,7,3,58,13,0.7857142857142857,0.6666666666666666,0.49188688625449917
virchow2,Virchow2,10x,40x,7,4,56,15,0.53125,0.4958333333333333,1.1334031115449497
virchow2,Virchow2,10x,10x,7,4,56,15,0.8125,0.7458333333333333,1.0270474110053707
virchow2,Virchow2,10x,2p5x,7,4,56,15,0.75,0.7166666666666666,1.1282327517226765
virchow2,Virchow2,10x,40x,7,5,57,14,0.6666666666666666,0.5708333333333333,1.0033914468054197
virchow2,Virchow2,10x,10x,7,5,57,14,0.6666666666666666,0.5625,1.2113705716493808
virchow2,Virchow2,10x,2p5x,7,5,57,14,0.6458333333333333,0.5854166666666667,1.173789596596695
virchow2,Virchow2,10x,40x,8,1,56,15,0.6904761904761905,0.5833333333333333,0.7742840638835362
virchow2,Virchow2,10x,10x,8,1,56,15,0.6904761904761906,0.5833333333333333,0.9063050099460851
virchow2,Virchow2,10x,2p5x,8,1,56,15,0.7857142857142857,0.6458333333333333,0.7388630817429074
virchow2,Virchow2,10x,40x,8,2,57,14,0.4880952380952381,0.39613095238095236,1.7360017301112403
virchow2,Virchow2,10x,10x,8,2,57,14,0.7857142857142857,0.6354166666666666,0.7896230377674635
virchow2,Virchow2,10x,2p5x,8,2,57,14,0.738095238095238,0.6069444444444444,0.6567432794351602
virchow2,Virchow2,10x,40x,8,3,57,14,0.738095238095238,0.6,0.8255045277523777
virchow2,Virchow2,10x,10x,8,3,57,14,0.8571428571428571,0.7083333333333333,0.727300068590499
virchow2,Virchow2,10x,2p5x,8,3,57,14,0.8571428571428571,0.6964285714285714,1.403232263769373
virchow2,Virchow2,10x,40x,8,4,58,13,0.7857142857142857,0.625,0.7167925465832087
virchow2,Virchow2,10x,10x,8,4,58,13,1.0,0.875,0.07482180267717947
virchow2,Virchow2,10x,2p5x,8,4,58,13,0.6571428571428571,0.5520833333333333,0.5646771953657969
virchow2,Virchow2,10x,40x,8,5,56,15,0.625,0.5972222222222222,1.1533531987960695
virchow2,Virchow2,10x,10x,8,5,56,15,0.84375,0.81875,0.5917542299519039
virchow2,Virchow2,10x,2p5x,8,5,56,15,0.71875,0.6333333333333333,1.0237577805829587
virchow2,Virchow2,10x,40x,9,1,57,14,0.6944444444444445,0.5249999999999999,1.0273661031978496
virchow2,Virchow2,10x,10x,9,1,57,14,0.6666666666666666,0.5208333333333333,0.7008392044647228
virchow2,Virchow2,10x,2p5x,9,1,57,14,0.8333333333333334,0.6,0.7156818547189632
virchow2,Virchow2,10x,40x,9,2,57,14,0.880952380952381,0.7464285714285714,0.6434819958679624
virchow2,Virchow2,10x,10x,9,2,57,14,0.9642857142857143,0.8321428571428571,0.7632420408532885
virchow2,Virchow2,10x,2p5x,9,2,57,14,0.7738095238095238,0.6583333333333333,0.9011119093365494
virchow2,Virchow2,10x,40x,9,3,56,15,0.6666666666666666,0.6416666666666666,1.0725273817830372
virchow2,Virchow2,10x,10x,9,3,56,15,0.9375,0.9333333333333333,0.24062142107641576
virchow2,Virchow2,10x,2p5x,9,3,56,15,0.8125,0.7875,0.49874887362539216
virchow2,Virchow2,10x,40x,9,4,57,14,0.8571428571428571,0.725,0.6203236280570533
virchow2,Virchow2,10x,10x,9,4,57,14,0.8809523809523808,0.7583333333333333,0.41863338842521797
virchow2,Virchow2,10x,2p5x,9,4,57,14,0.8333333333333333,0.7041666666666666,0.6348281686350411
virchow2,Virchow2,10x,40x,9,5,57,14,0.42857142857142855,0.35,1.375055957542939
virchow2,Virchow2,10x,10x,9,5,57,14,0.8928571428571429,0.7488095238095238,0.7316325865481588
virchow2,Virchow2,10x,2p5x,9,5,57,14,0.3095238095238095,0.22878787878787876,1.9486139694093931
virchow2,Virchow2,2p5x,40x,0,1,57,14,0.6190476190476192,0.4930555555555556,1.523888090379519
virchow2,Virchow2,2p5x,10x,0,1,57,14,0.761904761904762,0.6208333333333333,1.1025718138821579
virchow2,Virchow2,2p5x,2p5x,0,1,57,14,0.761904761904762,0.6208333333333333,0.8555272302421054
virchow2,Virchow2,2p5x,40x,0,2,56,15,0.5,0.41666666666666663,1.7366932096650138
virchow2,Virchow2,2p5x,10x,0,2,56,15,0.6428571428571429,0.5416666666666666,1.0549159762905644
virchow2,Virchow2,2p5x,2p5x,0,2,56,15,0.8571428571428571,0.7291666666666666,0.6268789740779681
virchow2,Virchow2,2p5x,40x,0,3,57,14,0.5,0.39285714285714285,1.791355689414184
virchow2,Virchow2,2p5x,10x,0,3,57,14,0.75,0.6666666666666666,1.1686906577643723
virchow2,Virchow2,2p5x,2p5x,0,3,57,14,0.875,0.85,0.22592877125179972
virchow2,Virchow2,2p5x,40x,0,4,57,14,0.22916666666666666,0.16666666666666666,1.7710459946636974
virchow2,Virchow2,2p5x,10x,0,4,57,14,0.8125,0.7083333333333333,0.3863140204777701
virchow2,Virchow2,2p5x,2p5x,0,4,57,14,0.9375,0.9333333333333333,0.29710660655713117
virchow2,Virchow2,2p5x,40x,0,5,57,14,0.38095238095238093,0.25,1.8127691779517399
virchow2,Virchow2,2p5x,10x,0,5,57,14,0.6428571428571429,0.48392857142857143,1.440114596900686
virchow2,Virchow2,2p5x,2p5x,0,5,57,14,0.8095238095238095,0.7291666666666666,0.5289687229930474
virchow2,Virchow2,2p5x,40x,1,1,57,14,0.5142857142857143,0.34375,1.3290078770601146
virchow2,Virchow2,2p5x,10x,1,1,57,14,0.8571428571428571,0.7386363636363636,0.3149013857183868
virchow2,Virchow2,2p5x,2p5x,1,1,57,14,0.9285714285714286,0.7916666666666666,0.21814943077931703
virchow2,Virchow2,2p5x,40x,1,2,57,14,0.3333333333333333,0.24047619047619045,1.785209102842544
virchow2,Virchow2,2p5x,10x,1,2,57,14,0.5625,0.5401785714285714,0.9825565042553436
virchow2,Virchow2,2p5x,2p5x,1,2,57,14,0.7708333333333333,0.738095238095238,0.9327889493976943
virchow2,Virchow2,2p5x,40x,1,3,56,15,0.3958333333333333,0.30654761904761907,1.9358368234831902
virchow2,Virchow2,2p5x,10x,1,3,56,15,0.7083333333333333,0.6958333333333333,1.6185096550448212
virchow2,Virchow2,2p5x,2p5x,1,3,56,15,0.8333333333333333,0.8071428571428572,0.28052884293626273
virchow2,Virchow2,2p5x,40x,1,4,57,14,0.5,0.3194444444444444,1.1944730478240324
virchow2,Virchow2,2p5x,10x,1,4,57,14,0.9583333333333334,0.6904761904761905,0.29293999165950657
virchow2,Virchow2,2p5x,2p5x,1,4,57,14,0.9583333333333334,0.7071428571428571,0.1439815321015622
virchow2,Virchow2,2p5x,40x,1,5,57,14,0.2738095238095238,0.20555555555555557,2.1214013086785246
virchow2,Virchow2,2p5x,10x,1,5,57,14,0.6071428571428571,0.4625,2.1419194503976926
virchow2,Virchow2,2p5x,2p5x,1,5,57,14,0.6785714285714286,0.5238095238095238,0.993571238396198
virchow2,Virchow2,2p5x,40x,2,1,57,14,0.5238095238095238,0.35833333333333334,1.6028707652404866
virchow2,Virchow2,2p5x,10x,2,1,57,14,0.7857142857142857,0.6458333333333333,0.9017697760634141
virchow2,Virchow2,2p5x,2p5x,2,1,57,14,0.8095238095238095,0.6416666666666666,0.6058036206831582
virchow2,Virchow2,2p5x,40x,2,2,56,15,0.35714285714285715,0.2159090909090909,2.2338691888739692
virchow2,Virchow2,2p5x,10x,2,2,56,15,0.4428571428571429,0.38541666666666663,1.2235363944890005
virchow2,Virchow2,2p5x,2p5x,2,2,56,15,0.75,0.6904761904761905,0.5009412491789067
virchow2,Virchow2,2p5x,40x,2,3,56,15,0.4523809523809524,0.3833333333333333,1.541506130530358
virchow2,Virchow2,2p5x,10x,2,3,56,15,0.7619047619047619,0.611904761904762,0.6742887048186191
virchow2,Virchow2,2p5x,2p5x,2,3,56,15,0.9523809523809523,0.8321428571428571,0.4076711527237551
virchow2,Virchow2,2p5x,40x,2,4,57,14,0.4166666666666667,0.22916666666666666,1.672511659050216
virchow2,Virchow2,2p5x,10x,2,4,57,14,0.75,0.5404761904761904,1.2743323781144844
virchow2,Virchow2,2p5x,2p5x,2,4,57,14,0.7777777777777778,0.6,0.5814791046717953
virchow2,Virchow2,2p5x,40x,2,5,58,13,0.375,0.3371212121212121,1.6568981319449434
virchow2,Virchow2,2p5x,10x,2,5,58,13,0.8125,0.7833333333333333,0.6817069063113497
virchow2,Virchow2,2p5x,2p5x,2,5,58,13,0.9375,0.9333333333333333,0.7882087116107712
virchow2,Virchow2,2p5x,40x,3,1,57,14,0.5714285714285714,0.375,1.6502257760672425
virchow2,Virchow2,2p5x,10x,3,1,57,14,0.7619047619047619,0.6041666666666666,1.2909440400938517
virchow2,Virchow2,2p5x,2p5x,3,1,57,14,0.8333333333333333,0.6833333333333333,0.5823601664998848
virchow2,Virchow2,2p5x,40x,3,2,57,14,0.41666666666666663,0.3321428571428572,1.2600125761244036
virchow2,Virchow2,2p5x,10x,3,2,57,14,0.6875,0.6547619047619047,0.9224143546810285
virchow2,Virchow2,2p5x,2p5x,3,2,57,14,0.8125,0.75,0.9884242507130907
virchow2,Virchow2,2p5x,40x,3,3,56,15,0.5833333333333334,0.31547619047619047,2.1747760393601214
virchow2,Virchow2,2p5x,10x,3,3,56,15,0.75,0.5267857142857143,1.4105199429649826
virchow2,Virchow2,2p5x,2p5x,3,3,56,15,0.9583333333333334,0.7142857142857143,0.13301636539857672
virchow2,Virchow2,2p5x,40x,3,4,57,14,0.35714285714285715,0.22916666666666663,1.7523204122145766
virchow2,Virchow2,2p5x,10x,3,4,57,14,0.7142857142857143,0.5375,0.9977139690838254
virchow2,Virchow2,2p5x,2p5x,3,4,57,14,0.7857142857142857,0.6416666666666666,0.2672052805779392
virchow2,Virchow2,2p5x,40x,3,5,57,14,0.22916666666666666,0.15795454545454546,1.8369696120849963
virchow2,Virchow2,2p5x,10x,3,5,57,14,0.7708333333333333,0.7166666666666667,0.5112226756661594
virchow2,Virchow2,2p5x,2p5x,3,5,57,14,0.7708333333333333,0.75,0.38522951624241675
virchow2,Virchow2,2p5x,40x,4,1,57,14,0.5625,0.494047619047619,1.5187485500453288
virchow2,Virchow2,2p5x,10x,4,1,57,14,0.8125,0.725,1.0632305450663782
virchow2,Virchow2,2p5x,2p5x,4,1,57,14,0.9375,0.9333333333333333,0.5365175149410051
virchow2,Virchow2,2p5x,40x,4,2,57,14,0.4375,0.3888888888888889,1.816700680904562
virchow2,Virchow2,2p5x,10x,4,2,57,14,0.5625,0.5255952380952381,0.9740102663631254
virchow2,Virchow2,2p5x,2p5x,4,2,57,14,0.875,0.8666666666666667,0.3098078527785015
virchow2,Virchow2,2p5x,40x,4,3,56,15,0.38095238095238093,0.22152777777777777,1.8326183263244467
virchow2,Virchow2,2p5x,10x,4,3,56,15,0.7142857142857143,0.5520833333333333,1.1946523973489434
virchow2,Virchow2,2p5x,2p5x,4,3,56,15,0.7857142857142857,0.6666666666666666,0.5856707014193491
virchow2,Virchow2,2p5x,40x,4,4,57,14,0.5,0.4,1.896012845785794
virchow2,Virchow2,2p5x,10x,4,4,57,14,0.9166666666666666,0.8958333333333333,0.9839778788006128
virchow2,Virchow2,2p5x,2p5x,4,4,57,14,0.8958333333333333,0.8833333333333333,0.31453203450310896
virchow2,Virchow2,2p5x,40x,4,5,57,14,0.40476190476190477,0.2787698412698413,1.398050986893015
virchow2,Virchow2,2p5x,10x,4,5,57,14,0.7619047619047619,0.6208333333333333,0.40444893435141865
virchow2,Virchow2,2p5x,2p5x,4,5,57,14,0.8333333333333333,0.7583333333333333,0.3463504115253474
virchow2,Virchow2,2p5x,40x,5,1,57,14,0.3333333333333333,0.27083333333333337,1.5075266250067025
virchow2,Virchow2,2p5x,10x,5,1,57,14,0.6875,0.6541666666666666,0.8671890283787851
virchow2,Virchow2,2p5x,2p5x,5,1,57,14,0.875,0.8541666666666666,0.8551911050201582
virchow2,Virchow2,2p5x,40x,5,2,56,15,0.25,0.1893939393939394,1.9553464697797955
virchow2,Virchow2,2p5x,10x,5,2,56,15,0.7291666666666666,0.6875,1.092930853700355
virchow2,Virchow2,2p5x,2p5x,5,2,56,15,0.7916666666666666,0.7458333333333333,0.5579523761134322
virchow2,Virchow2,2p5x,40x,5,3,56,15,0.4083333333333334,0.2765151515151515,1.7663973367171084
virchow2,Virchow2,2p5x,10x,5,3,56,15,0.85,0.6006944444444444,0.7053410422855546
virchow2,Virchow2,2p5x,2p5x,5,3,56,15,0.9333333333333332,0.65625,0.3093277293496639
virchow2,Virchow2,2p5x,40x,5,4,57,14,0.4761904761904762,0.3125,2.2031365589855705
virchow2,Virchow2,2p5x,10x,5,4,57,14,0.75,0.5583333333333333,1.7024898177991665
virchow2,Virchow2,2p5x,2p5x,5,4,57,14,0.8214285714285714,0.6770833333333333,0.5657155682103581
virchow2,Virchow2,2p5x,40x,5,5,58,13,0.4761904761904762,0.31547619047619047,1.2658227977974854
virchow2,Virchow2,2p5x,10x,5,5,58,13,0.7142857142857143,0.5821428571428572,0.8598893134841208
virchow2,Virchow2,2p5x,2p5x,5,5,58,13,1.0,0.875,0.1673239308709255
virchow2,Virchow2,2p5x,40x,6,1,57,14,0.6857142857142857,0.5158730158730158,1.1941162530524951
virchow2,Virchow2,2p5x,10x,6,1,57,14,0.7142857142857143,0.6136363636363636,0.8344803938639639
virchow2,Virchow2,2p5x,2p5x,6,1,57,14,1.0,0.875,0.03700563581206392
virchow2,Virchow2,2p5x,40x,6,2,57,14,0.41666666666666663,0.28154761904761905,1.6430134710595428
virchow2,Virchow2,2p5x,10x,6,2,57,14,0.75,0.6654761904761904,0.9795642068629553
virchow2,Virchow2,2p5x,2p5x,6,2,57,14,0.7916666666666666,0.7208333333333333,0.8546307131472173
virchow2,Virchow2,2p5x,40x,6,3,57,14,0.5875,0.48958333333333326,1.767767041531997
virchow2,Virchow2,2p5x,10x,6,3,57,14,0.95,0.90625,0.4524465028513549
virchow2,Virchow2,2p5x,2p5x,6,3,57,14,0.95,0.8854166666666666,0.48537433171356753
virchow2,Virchow2,2p5x,40x,6,4,56,15,0.21428571428571427,0.13392857142857142,1.8922393200832255
virchow2,Virchow2,2p5x,10x,6,4,56,15,0.6428571428571429,0.5071428571428571,1.2736950957955697
virchow2,Virchow2,2p5x,2p5x,6,4,56,15,0.6428571428571429,0.5446428571428572,0.4079916741591675
virchow2,Virchow2,2p5x,40x,6,5,57,14,0.25,0.125,2.0228064795442107
virchow2,Virchow2,2p5x,10x,6,5,57,14,0.71875,0.6904761904761905,0.7822440902530081
virchow2,Virchow2,2p5x,2p5x,6,5,57,14,0.7708333333333333,0.7083333333333333,0.3350330970618141
virchow2,Virchow2,2p5x,40x,7,1,57,14,0.5,0.39166666666666666,1.4786537852176143
virchow2,Virchow2,2p5x,10x,7,1,57,14,0.75,0.6833333333333333,0.43189317313949926
virchow2,Virchow2,2p5x,2p5x,7,1,57,14,1.0,1.0,0.042432258428494685
virchow2,Virchow2,2p5x,40x,7,2,56,15,0.41666666666666663,0.2791666666666667,1.7006235357954118
virchow2,Virchow2,2p5x,10x,7,2,56,15,0.7708333333333333,0.7488095238095238,0.49506695127791567
virchow2,Virchow2,2p5x,2p5x,7,2,56,15,0.9375,0.9404761904761905,0.2429823859723215
virchow2,Virchow2,2p5x,40x,7,3,58,13,0.5714285714285714,0.4571428571428572,1.076157766096479
virchow2,Virchow2,2p5x,10x,7,3,58,13,1.0,0.875,0.14838858997955015
virchow2,Virchow2,2p5x,2p5x,7,3,58,13,1.0,0.875,0.0951272959586983
virchow2,Virchow2,2p5x,40x,7,4,56,15,0.46875,0.4333333333333333,1.420234275765952
virchow2,Virchow2,2p5x,10x,7,4,56,15,0.8125,0.75,1.0575102368602227
virchow2,Virchow2,2p5x,2p5x,7,4,56,15,0.75,0.7083333333333333,0.8055414650627433
virchow2,Virchow2,2p5x,40x,7,5,57,14,0.29166666666666663,0.17045454545454547,2.446002846666525
virchow2,Virchow2,2p5x,10x,7,5,57,14,0.5,0.35,2.223726405652819
virchow2,Virchow2,2p5x,2p5x,7,5,57,14,0.6666666666666666,0.5375,0.8927855453346086
virchow2,Virchow2,2p5x,40x,8,1,56,15,0.5357142857142857,0.3773809523809524,1.9036170190874009
virchow2,Virchow2,2p5x,10x,8,1,56,15,0.7857142857142857,0.6279761904761905,1.7502311664994221
virchow2,Virchow2,2p5x,2p5x,8,1,56,15,0.880952380952381,0.7666666666666666,0.7408121195445999
virchow2,Virchow2,2p5x,40x,8,2,57,14,0.14285714285714285,0.14583333333333331,2.2259645188971446
virchow2,Virchow2,2p5x,10x,8,2,57,14,0.6785714285714286,0.5321428571428571,1.241639002525511
virchow2,Virchow2,2p5x,2p5x,8,2,57,14,0.8928571428571429,0.7559523809523809,0.4797244376152116
virchow2,Virchow2,2p5x,40x,8,3,57,14,0.39285714285714285,0.28075396825396826,1.9275413310328335
virchow2,Virchow2,2p5x,10x,8,3,57,14,0.8571428571428571,0.6666666666666666,0.8996477045589799
virchow2,Virchow2,2p5x,2p5x,8,3,57,14,0.9047619047619048,0.7708333333333333,0.6585379135673898
virchow2,Virchow2,2p5x,40x,8,4,58,13,0.6428571428571429,0.4666666666666667,1.0188613110160625
virchow2,Virchow2,2p5x,10x,8,4,58,13,0.9285714285714286,0.7916666666666666,0.1859249328727829
virchow2,Virchow2,2p5x,2p5x,8,4,58,13,1.0,0.875,0.053819010168826356
virchow2,Virchow2,2p5x,40x,8,5,56,15,0.3125,0.175,1.7004844099354761
virchow2,Virchow2,2p5x,10x,8,5,56,15,0.84375,0.8071428571428572,0.4852389415791329
virchow2,Virchow2,2p5x,2p5x,8,5,56,15,0.90625,0.8738095238095238,0.4032132633778332
virchow2,Virchow2,2p5x,40x,9,1,57,14,0.4861111111111111,0.3633928571428572,1.5517208769166173
virchow2,Virchow2,2p5x,10x,9,1,57,14,0.6666666666666666,0.475,1.2169494653632618
virchow2,Virchow2,2p5x,2p5x,9,1,57,14,0.8333333333333334,0.6,0.4908904547464504
virchow2,Virchow2,2p5x,40x,9,2,57,14,0.5238095238095238,0.3261904761904762,1.5691597711580487
virchow2,Virchow2,2p5x,10x,9,2,57,14,0.6666666666666666,0.45892857142857146,1.401174187442384
virchow2,Virchow2,2p5x,2p5x,9,2,57,14,0.8452380952380951,0.713095238095238,1.1392406752122715
virchow2,Virchow2,2p5x,40x,9,3,56,15,0.4375,0.3361111111111111,2.098240081787122
virchow2,Virchow2,2p5x,10x,9,3,56,15,0.7708333333333333,0.7041666666666666,1.102357936128861
virchow2,Virchow2,2p5x,2p5x,9,3,56,15,0.9375,0.9166666666666666,0.1899588532216624
virchow2,Virchow2,2p5x,40x,9,4,57,14,0.3333333333333333,0.2676282051282051,2.055515116502044
virchow2,Virchow2,2p5x,10x,9,4,57,14,0.8809523809523808,0.7833333333333333,0.7744707838955008
virchow2,Virchow2,2p5x,2p5x,9,4,57,14,0.8809523809523808,0.7583333333333333,0.22052997383858416
virchow2,Virchow2,2p5x,40x,9,5,57,14,0.2857142857142857,0.10416666666666666,2.453349749979264
virchow2,Virchow2,2p5x,10x,9,5,57,14,0.6428571428571429,0.4821428571428571,1.1905224927430855
virchow2,Virchow2,2p5x,2p5x,9,5,57,14,0.7142857142857143,0.5902777777777777,0.5418561422879183
uni2,UNI2,40x,40x,0,1,57,14,0.8333333333333334,0.7083333333333333,1.3231911818639708
uni2,UNI2,40x,10x,0,1,57,14,0.619047619047619,0.475,1.4392291981652647
uni2,UNI2,40x,2p5x,0,1,57,14,0.5,0.2916666666666667,1.6603507719649333
uni2,UNI2,40x,40x,0,2,56,15,0.7142857142857143,0.5833333333333333,0.7070760317815957
uni2,UNI2,40x,10x,0,2,56,15,0.7857142857142857,0.6333333333333333,0.6519652043099651
uni2,UNI2,40x,2p5x,0,2,56,15,0.5952380952380951,0.48333333333333334,0.8524508872584885
uni2,UNI2,40x,40x,0,3,57,14,0.9375,0.9166666666666666,0.35946165307865213
uni2,UNI2,40x,10x,0,3,57,14,0.6875,0.65625,0.6945616533475011
uni2,UNI2,40x,2p5x,0,3,57,14,0.625,0.575,0.9872511913321202
uni2,UNI2,40x,40x,0,4,57,14,0.875,0.85,0.6430608806688054
uni2,UNI2,40x,10x,0,4,57,14,0.8333333333333333,0.7833333333333333,0.5507786119660784
uni2,UNI2,40x,2p5x,0,4,57,14,0.7083333333333333,0.6583333333333333,1.0921394939910696
uni2,UNI2,40x,40x,0,5,57,14,0.880952380952381,0.7625,0.7329257808151715
uni2,UNI2,40x,10x,0,5,57,14,0.6428571428571429,0.5208333333333333,0.6509832969876106
uni2,UNI2,40x,2p5x,0,5,57,14,0.7380952380952381,0.5952380952380952,0.8987477069510378
uni2,UNI2,40x,40x,1,1,57,14,0.8285714285714285,0.6944444444444444,0.6712630261542315
uni2,UNI2,40x,10x,1,1,57,14,0.5857142857142856,0.44375,1.033403314489661
uni2,UNI2,40x,2p5x,1,1,57,14,0.5,0.3125,1.4820306029407055
uni2,UNI2,40x,40x,1,2,57,14,0.6875,0.7113095238095237,1.5222337121525953
uni2,UNI2,40x,10x,1,2,57,14,0.75,0.6279761904761905,1.1438415432085682
uni2,UNI2,40x,2p5x,1,2,57,14,0.5833333333333333,0.5047619047619047,1.6247991670141797
uni2,UNI2,40x,40x,1,3,56,15,0.75,0.75,0.6032244437191895
uni2,UNI2,40x,10x,1,3,56,15,0.7916666666666666,0.7279761904761906,0.6907885911895633
uni2,UNI2,40x,2p5x,1,3,56,15,0.7708333333333333,0.6416666666666666,1.1195117143349553
uni2,UNI2,40x,40x,1,4,57,14,0.9583333333333334,0.7071428571428571,0.2929263050362955
uni2,UNI2,40x,10x,1,4,57,14,0.75,0.5833333333333333,0.5209797094690111
uni2,UNI2,40x,2p5x,1,4,57,14,0.6666666666666666,0.4861111111111111,0.5271067142256364
uni2,UNI2,40x,40x,1,5,57,14,0.7857142857142857,0.7083333333333333,1.144820775336944
uni2,UNI2,40x,10x,1,5,57,14,0.5238095238095238,0.4409090909090909,1.0203759639839987
uni2,UNI2,40x,2p5x,1,5,57,14,0.42857142857142855,0.29642857142857143,1.1398878958794343
uni2,UNI2,40x,40x,2,1,57,14,0.7380952380952381,0.6,0.8032169125393145
uni2,UNI2,40x,10x,2,1,57,14,0.6666666666666667,0.5047619047619047,0.7091716619710474
uni2,UNI2,40x,2p5x,2,1,57,14,0.6428571428571429,0.5029761904761905,1.0204538052109036
uni2,UNI2,40x,40x,2,2,56,15,0.9,0.7569444444444444,0.8240582715981244
uni2,UNI2,40x,10x,2,2,56,15,0.6428571428571429,0.4895833333333333,1.4451004381535553
uni2,UNI2,40x,2p5x,2,2,56,15,0.7142857142857143,0.5023809523809524,1.6575495987093225
uni2,UNI2,40x,40x,2,3,56,15,0.7142857142857143,0.6041666666666666,1.0337211663489987
uni2,UNI2,40x,10x,2,3,56,15,0.7857142857142857,0.6541666666666666,0.6132574204737691
uni2,UNI2,40x,2p5x,2,3,56,15,0.5714285714285714,0.43392857142857144,0.9858880732828907
uni2,UNI2,40x,40x,2,4,57,14,0.9166666666666666,0.6833333333333333,0.5938342413059375
uni2,UNI2,40x,10x,2,4,57,14,0.75,0.5238095238095237,0.4877293849809711
uni2,UNI2,40x,2p5x,2,4,57,14,0.6944444444444445,0.48392857142857143,1.1150142280383706
uni2,UNI2,40x,40x,2,5,58,13,0.9375,0.9333333333333333,0.7234832620268808
uni2,UNI2,40x,10x,2,5,58,13,0.5625,0.5041666666666667,1.1665243481308132
uni2,UNI2,40x,2p5x,2,5,58,13,0.6875,0.5833333333333333,1.1020874021816751
uni2,UNI2,40x,40x,3,1,57,14,0.7619047619047619,0.6041666666666666,1.1412742654462515
uni2,UNI2,40x,10x,3,1,57,14,0.7857142857142857,0.6041666666666666,0.8062589796908812
uni2,UNI2,40x,2p5x,3,1,57,14,0.8571428571428571,0.6625,0.97746607463169
uni2,UNI2,40x,40x,3,2,57,14,0.6458333333333333,0.5672619047619047,1.4006382766483505
uni2,UNI2,40x,10x,3,2,57,14,0.8125,0.7291666666666666,1.0442084394152105
uni2,UNI2,40x,2p5x,3,2,57,14,0.5416666666666666,0.475,1.416946924131063
uni2,UNI2,40x,40x,3,3,56,15,0.9444444444444443,0.725,0.464180116278791
uni2,UNI2,40x,10x,3,3,56,15,0.8888888888888888,0.6319444444444444,0.5583437536108026
uni2,UNI2,40x,2p5x,3,3,56,15,0.5416666666666666,0.3357142857142857,1.4884997478658888
uni2,UNI2,40x,40x,3,4,57,14,0.9523809523809523,0.825,0.20361977326728184
uni2,UNI2,40x,10x,3,4,57,14,0.738095238095238,0.5958333333333333,0.6220256466955746
uni2,UNI2,40x,2p5x,3,4,57,14,0.7857142857142857,0.6458333333333333,0.5893504096711082
uni2,UNI2,40x,40x,3,5,57,14,0.9583333333333333,0.95,0.4694574346079276
uni2,UNI2,40x,10x,3,5,57,14,0.5625,0.4875,0.9365372751431981
uni2,UNI2,40x,2p5x,3,5,57,14,0.5625,0.4722222222222222,1.3723394820473904
uni2,UNI2,40x,40x,4,1,57,14,0.7083333333333333,0.7041666666666666,1.1201980998357048
uni2,UNI2,40x,10x,4,1,57,14,0.8125,0.7904761904761906,0.7341968824936133
uni2,UNI2,40x,2p5x,4,1,57,14,0.6458333333333333,0.5375,1.2634337062386696
uni2,UNI2,40x,40x,4,2,57,14,0.75,0.7041666666666666,0.615090476878582
uni2,UNI2,40x,10x,4,2,57,14,0.625,0.5523809523809523,1.034387672278471
uni2,UNI2,40x,2p5x,4,2,57,14,0.5625,0.4464285714285714,1.4298738875444137
uni2,UNI2,40x,40x,4,3,56,15,0.738095238095238,0.6416666666666666,0.9040459194727134
uni2,UNI2,40x,10x,4,3,56,15,0.7619047619047619,0.6333333333333333,0.8790746714376998
uni2,UNI2,40x,2p5x,4,3,56,15,0.619047619047619,0.48750000000000004,1.033860585128636
uni2,UNI2,40x,40x,4,4,57,14,1.0,1.0,0.13129168612071976
uni2,UNI2,40x,10x,4,4,57,14,0.875,0.8738095238095238,0.42612117472990113
uni2,UNI2,40x,2p5x,4,4,57,14,0.6458333333333333,0.5464285714285715,0.8280502571137355
uni2,UNI2,40x,40x,4,5,57,14,0.8333333333333333,0.7375,0.721203939415605
uni2,UNI2,40x,10x,4,5,57,14,0.5952380952380951,0.5583333333333333,0.668501913577545
uni2,UNI2,40x,2p5x,4,5,57,14,0.738095238095238,0.625,0.9244935231506392
uni2,UNI2,40x,40x,5,1,57,14,0.7083333333333333,0.6791666666666667,1.2655250783817482
uni2,UNI2,40x,10x,5,1,57,14,0.7708333333333333,0.6916666666666667,1.0357625004501136
uni2,UNI2,40x,2p5x,5,1,57,14,0.625,0.5738095238095238,1.1409384524594277
uni2,UNI2,40x,40x,5,2,56,15,0.875,0.8125,0.9448706742246721
uni2,UNI2,40x,10x,5,2,56,15,0.7083333333333333,0.6154761904761905,0.9639269799422034
uni2,UNI2,40x,2p5x,5,2,56,15,0.6666666666666666,0.5565476190476191,1.192784428302565
uni2,UNI2,40x,40x,5,3,56,15,0.85,0.6145833333333333,1.148694138496002
uni2,UNI2,40x,10x,5,3,56,15,0.5750000000000001,0.4,1.3759578044234895
uni2,UNI2,40x,2p5x,5,3,56,15,0.4666666666666666,0.3333333333333333,1.4753329489935667
uni2,UNI2,40x,40x,5,4,57,14,0.8095238095238095,0.6694444444444445,0.5671613044302434
uni2,UNI2,40x,10x,5,4,57,14,0.75,0.5821428571428571,0.4692173740374116
uni2,UNI2,40x,2p5x,5,4,57,14,0.7142857142857143,0.4925595238095238,0.9815773965286357
uni2,UNI2,40x,40x,5,5,58,13,0.9047619047619048,0.8125,0.6062941619102554
uni2,UNI2,40x,10x,5,5,58,13,0.4523809523809524,0.37651515151515147,0.8563661838550478
uni2,UNI2,40x,2p5x,5,5,58,13,0.4047619047619047,0.31401515151515147,1.1269580303722153
uni2,UNI2,40x,40x,6,1,57,14,0.9,0.8194444444444444,0.40647849094025695
uni2,UNI2,40x,10x,6,1,57,14,0.8285714285714285,0.6944444444444444,0.4796847723203454
uni2,UNI2,40x,2p5x,6,1,57,14,0.6714285714285715,0.5583333333333333,1.0243436625435918
uni2,UNI2,40x,40x,6,2,57,14,0.6666666666666666,0.625,1.5424257615178407
uni2,UNI2,40x,10x,6,2,57,14,0.7083333333333333,0.6446428571428572,0.9244911571534058
uni2,UNI2,40x,2p5x,6,2,57,14,0.625,0.5416666666666667,1.0993870093825409
uni2,UNI2,40x,40x,6,3,57,14,0.825,0.8020833333333333,0.9965982179273861
uni2,UNI2,40x,10x,6,3,57,14,0.625,0.5375,0.6216757024221747
uni2,UNI2,40x,2p5x,6,3,57,14,0.625,0.5961538461538461,0.9723428998276109
uni2,UNI2,40x,40x,6,4,56,15,0.7142857142857143,0.6,0.5859140602186842
uni2,UNI2,40x,10x,6,4,56,15,0.5476190476190476,0.4305555555555556,0.9261528630416167
uni2,UNI2,40x,2p5x,6,4,56,15,0.619047619047619,0.43253968253968256,1.054655893682617
uni2,UNI2,40x,40x,6,5,57,14,1.0,1.0,0.26363872800288574
uni2,UNI2,40x,10x,6,5,57,14,0.6770833333333333,0.5779761904761904,0.7139841045043338
uni2,UNI2,40x,2p5x,6,5,57,14,0.71875,0.5863095238095237,0.9646674472638981
uni2,UNI2,40x,40x,7,1,57,14,0.8125,0.8125,0.8802749509373691
uni2,UNI2,40x,10x,7,1,57,14,0.875,0.8333333333333333,0.5889779836753367
uni2,UNI2,40x,2p5x,7,1,57,14,0.5625,0.46726190476190477,0.9618620968096989
uni2,UNI2,40x,40x,7,2,56,15,0.8958333333333333,0.9020833333333333,0.625140100633771
uni2,UNI2,40x,10x,7,2,56,15,0.7083333333333333,0.7083333333333333,0.4878732492144197
uni2,UNI2,40x,2p5x,7,2,56,15,0.5416666666666666,0.5416666666666666,1.141976337173763
uni2,UNI2,40x,40x,7,3,58,13,0.8571428571428571,0.725,0.19209965663158504
uni2,UNI2,40x,10x,7,3,58,13,0.7142857142857143,0.6166666666666667,0.5946209982676266
uni2,UNI2,40x,2p5x,7,3,58,13,0.5238095238095238,0.4380952380952381,1.0227158669355396
uni2,UNI2,40x,40x,7,4,56,15,0.90625,0.8416666666666667,0.9647893177272511
uni2,UNI2,40x,10x,7,4,56,15,0.78125,0.7125,0.9844120927314535
uni2,UNI2,40x,2p5x,7,4,56,15,0.71875,0.6291666666666667,1.229174402384921
uni2,UNI2,40x,40x,7,5,57,14,0.75,0.6708333333333334,1.1336228528648458
uni2,UNI2,40x,10x,7,5,57,14,0.75,0.6696428571428572,0.8961630675758686
uni2,UNI2,40x,2p5x,7,5,57,14,0.5,0.41964285714285715,1.0319536482294998
uni2,UNI2,40x,40x,8,1,56,15,0.9285714285714286,0.7916666666666666,0.4927480921749797
uni2,UNI2,40x,10x,8,1,56,15,0.7380952380952381,0.6208333333333333,0.5162333265557595
uni2,UNI2,40x,2p5x,8,1,56,15,0.7380952380952381,0.6416666666666666,0.7616930854875517
uni2,UNI2,40x,40x,8,2,57,14,0.5952380952380951,0.4845238095238095,1.5411689613296817
uni2,UNI2,40x,10x,8,2,57,14,0.35714285714285715,0.27499999999999997,1.3258529464401612
uni2,UNI2,40x,2p5x,8,2,57,14,0.5,0.35416666666666663,1.6017620767106124
uni2,UNI2,40x,40x,8,3,57,14,0.8571428571428571,0.6833333333333333,0.8436527603862372
uni2,UNI2,40x,10x,8,3,57,14,0.6785714285714286,0.46547619047619043,1.1069767158968193
uni2,UNI2,40x,2p5x,8,3,57,14,0.42857142857142855,0.2857142857142857,1.3251912745053172
uni2,UNI2,40x,40x,8,4,58,13,1.0,0.875,0.13811006838218162
uni2,UNI2,40x,10x,8,4,58,13,0.7857142857142857,0.6666666666666666,0.6387223407993745
uni2,UNI2,40x,2p5x,8,4,58,13,0.5,0.3958333333333333,0.8831584566525043
uni2,UNI2,40x,40x,8,5,56,15,0.75,0.725,0.9061920902838565
uni2,UNI2,40x,10x,8,5,56,15,0.6875,0.638095238095238,0.7516979124531772
uni2,UNI2,40x,2p5x,8,5,56,15,0.40625,0.3547619047619047,1.217862344420017
uni2,UNI2,40x,40x,9,1,57,14,0.5833333333333334,0.4236111111111111,0.8242175486672626
uni2,UNI2,40x,10x,9,1,57,14,0.75,0.5625,0.565643496050688
uni2,UNI2,40x,2p5x,9,1,57,14,0.5833333333333334,0.4583333333333333,0.860451717947386
uni2,UNI2,40x,40x,9,2,57,14,0.7738095238095238,0.6654761904761904,0.9328560999944687
uni2,UNI2,40x,10x,9,2,57,14,0.8571428571428571,0.6714285714285714,0.9085081716036074
uni2,UNI2,40x,2p5x,9,2,57,14,0.6428571428571429,0.5083333333333333,1.6132381247705099
uni2,UNI2,40x,40x,9,3,56,15,0.75,0.75,0.5648790553404736
uni2,UNI2,40x,10x,9,3,56,15,0.5208333333333333,0.4638888888888889,1.0657600198901371
uni2,UNI2,40x,2p5x,9,3,56,15,0.6458333333333333,0.5958333333333333,1.0912259979748777
uni2,UNI2,40x,40x,9,4,57,14,0.9523809523809523,0.825,0.28819585992118496
uni2,UNI2,40x,10x,9,4,57,14,0.7142857142857143,0.5714285714285714,0.6450857415916286
uni2,UNI2,40x,2p5x,9,4,57,14,0.8333333333333333,0.7041666666666666,0.7351826569676473
uni2,UNI2,40x,40x,9,5,57,14,0.75,0.6446428571428571,1.0259851006495129
uni2,UNI2,40x,10x,9,5,57,14,0.35714285714285715,0.21964285714285714,1.121392290447286
uni2,UNI2,40x,2p5x,9,5,57,14,0.5,0.34464285714285714,1.6823998333845407
uni2,UNI2,10x,40x,0,1,57,14,0.6904761904761905,0.5375,1.1165509951597035
uni2,UNI2,10x,10x,0,1,57,14,0.9047619047619049,0.7625,0.7322455625080219
uni2,UNI2,10x,2p5x,0,1,57,14,0.8333333333333334,0.6875,0.6284303792178255
uni2,UNI2,10x,40x,0,2,56,15,0.7142857142857143,0.5833333333333333,1.008200166083411
uni2,UNI2,10x,10x,0,2,56,15,0.8571428571428571,0.7321428571428571,0.3595391825348856
uni2,UNI2,10x,2p5x,0,2,56,15,0.9285714285714286,0.7916666666666666,0.39537060424753623
uni2,UNI2,10x,40x,0,3,57,14,0.5,0.4181818181818182,0.9060550847068839
uni2,UNI2,10x,10x,0,3,57,14,0.9375,0.9166666666666666,0.22288477565810286
uni2,UNI2,10x,2p5x,0,3,57,14,0.8125,0.7916666666666666,0.503583305058526
uni2,UNI2,10x,40x,0,4,57,14,0.3958333333333333,0.3145833333333333,1.397644015625678
uni2,UNI2,10x,10x,0,4,57,14,1.0,1.0,0.1727636942038243
uni2,UNI2,10x,2p5x,0,4,57,14,0.75,0.725,0.7020327863327888
uni2,UNI2,10x,40x,0,5,57,14,0.3333333333333333,0.24545454545454548,1.2104375294753704
uni2,UNI2,10x,10x,0,5,57,14,0.7142857142857143,0.6071428571428572,0.45195553710046305
uni2,UNI2,10x,2p5x,0,5,57,14,0.8571428571428571,0.7529761904761905,0.4907310799408869
uni2,UNI2,10x,40x,1,1,57,14,0.6285714285714287,0.47619047619047616,1.0058100855401346
uni2,UNI2,10x,10x,1,1,57,14,0.8571428571428571,0.7083333333333333,0.38616202451111376
uni2,UNI2,10x,2p5x,1,1,57,14,0.8571428571428571,0.6666666666666666,0.4803182862876936
uni2,UNI2,10x,40x,1,2,57,14,0.5625,0.4613095238095238,1.5570267089764314
uni2,UNI2,10x,10x,1,2,57,14,0.6875,0.6979166666666666,0.8339549440528992
uni2,UNI2,10x,2p5x,1,2,57,14,0.5833333333333333,0.5714285714285714,0.9502541184295377
uni2,UNI2,10x,40x,1,3,56,15,0.6875,0.6083333333333334,0.896094502021244
uni2,UNI2,10x,10x,1,3,56,15,0.9583333333333333,0.95,0.16759435400475153
uni2,UNI2,10x,2p5x,1,3,56,15,0.9583333333333333,0.9333333333333333,0.29304048476313105
uni2,UNI2,10x,40x,1,4,57,14,0.6666666666666666,0.43333333333333335,0.8547921545018317
uni2,UNI2,10x,10x,1,4,57,14,1.0,0.75,0.18168335883204428
uni2,UNI2,10x,2p5x,1,4,57,14,1.0,0.75,0.2696819346626989
uni2,UNI2,10x,40x,1,5,57,14,0.630952380952381,0.5270833333333333,0.9229650762716145
uni2,UNI2,10x,10x,1,5,57,14,0.7142857142857143,0.6111111111111112,0.5594851156302905
uni2,UNI2,10x,2p5x,1,5,57,14,0.42857142857142855,0.33214285714285713,0.7568600517527024
uni2,UNI2,10x,40x,2,1,57,14,0.6666666666666667,0.49583333333333335,0.9212289022301929
uni2,UNI2,10x,10x,2,1,57,14,0.9285714285714286,0.7916666666666666,0.28026117432614456
uni2,UNI2,10x,2p5x,2,1,57,14,0.7857142857142857,0.6476190476190475,0.5935833395345916
uni2,UNI2,10x,40x,2,2,56,15,0.7428571428571429,0.5416666666666666,1.2340299437674713
uni2,UNI2,10x,10x,2,2,56,15,0.8714285714285713,0.6979166666666666,0.45805325046919715
uni2,UNI2,10x,2p5x,2,2,56,15,0.8071428571428572,0.6244047619047619,1.021531220155208
uni2,UNI2,10x,40x,2,3,56,15,0.5238095238095238,0.3857142857142858,1.0803679152052525
uni2,UNI2,10x,10x,2,3,56,15,0.8333333333333333,0.7666666666666666,0.47342486472186357
uni2,UNI2,10x,2p5x,2,3,56,15,0.8095238095238094,0.6892857142857143,0.6391536921015656
uni2,UNI2,10x,40x,2,4,57,14,0.6388888888888888,0.4375,0.9625519598543872
uni2,UNI2,10x,10x,2,4,57,14,0.9444444444444445,0.725,0.2658517378283158
uni2,UNI2,10x,2p5x,2,4,57,14,0.8333333333333334,0.6208333333333333,0.5496092518522341
uni2,UNI2,10x,40x,2,5,58,13,0.5625,0.5208333333333333,1.0731650882324903
uni2,UNI2,10x,10x,2,5,58,13,0.8125,0.7666666666666666,0.5966869152687733
uni2,UNI2,10x,2p5x,2,5,58,13,0.9375,0.9333333333333333,0.3858359282186607
uni2,UNI2,10x,40x,3,1,57,14,0.6666666666666666,0.4375,1.1064508906439385
uni2,UNI2,10x,10x,3,1,57,14,0.9047619047619048,0.75,0.39375060500332476
uni2,UNI2,10x,2p5x,3,1,57,14,0.9047619047619048,0.7458333333333333,0.5287562048249587
uni2,UNI2,10x,40x,3,2,57,14,0.4166666666666667,0.3263888888888889,1.2997734110851578
uni2,UNI2,10x,10x,3,2,57,14,0.6875,0.6041666666666666,0.7870421632752092
uni2,UNI2,10x,2p5x,3,2,57,14,0.75,0.6625,0.6962751199668141
uni2,UNI2,10x,40x,3,3,56,15,0.7777777777777777,0.4986111111111111,1.1413606542365338
uni2,UNI2,10x,10x,3,3,56,15,1.0,0.75,0.125461654651737
uni2,UNI2,10x,2p5x,3,3,56,15,0.9583333333333334,0.7321428571428572,0.46135402572292844
uni2,UNI2,10x,40x,3,4,57,14,0.7857142857142857,0.6041666666666666,0.7058234503189593
uni2,UNI2,10x,10x,3,4,57,14,0.9523809523809523,0.825,0.2055138527191942
uni2,UNI2,10x,2p5x,3,4,57,14,0.8571428571428571,0.7083333333333333,0.2545304245223699
uni2,UNI2,10x,40x,3,5,57,14,0.625,0.5583333333333333,0.9851343735145125
uni2,UNI2,10x,10x,3,5,57,14,0.875,0.8571428571428571,0.2425511415241274
uni2,UNI2,10x,2p5x,3,5,57,14,0.7708333333333333,0.7589285714285714,0.764453465350989
uni2,UNI2,10x,40x,4,1,57,14,0.6875,0.6488095238095237,0.912424464740188
uni2,UNI2,10x,10x,4,1,57,14,0.8958333333333333,0.8666666666666667,0.4619842418215779
uni2,UNI2,10x,2p5x,4,1,57,14,0.875,0.875,0.49670820323401027
uni2,UNI2,10x,40x,4,2,57,14,0.4375,0.37499999999999994,1.2939178904097361
uni2,UNI2,10x,10x,4,2,57,14,0.9375,0.9333333333333333,0.24450892503690527
uni2,UNI2,10x,2p5x,4,2,57,14,0.8125,0.7916666666666666,0.49576733540021495
uni2,UNI2,10x,40x,4,3,56,15,0.5714285714285714,0.4458333333333333,1.1833958200501538
uni2,UNI2,10x,10x,4,3,56,15,0.738095238095238,0.6416666666666666,0.5991458406497029
uni2,UNI2,10x,2p5x,4,3,56,15,0.7857142857142857,0.6666666666666666,0.6270081112570001
uni2,UNI2,10x,40x,4,4,57,14,0.5833333333333333,0.48125,1.1584403139829749
uni2,UNI2,10x,10x,4,4,57,14,0.9583333333333333,0.95,0.20930003698945562
uni2,UNI2,10x,2p5x,4,4,57,14,0.8958333333333333,0.8666666666666667,0.4283638164779818
uni2,UNI2,10x,40x,4,5,57,14,0.6666666666666667,0.525595238095238,1.0132161870398941
uni2,UNI2,10x,10x,4,5,57,14,0.7380952380952381,0.6583333333333333,0.3444443636314309
uni2,UNI2,10x,2p5x,4,5,57,14,0.8809523809523808,0.7625,0.5478870949145883
uni2,UNI2,10x,40x,5,1,57,14,0.4583333333333333,0.4645833333333333,1.3881100220104972
uni2,UNI2,10x,10x,5,1,57,14,0.8333333333333333,0.8166666666666667,0.8570945035545908
uni2,UNI2,10x,2p5x,5,1,57,14,0.6875,0.6208333333333333,0.7034410358724296
uni2,UNI2,10x,40x,5,2,56,15,0.47916666666666663,0.3958333333333333,1.3777444177605613
uni2,UNI2,10x,10x,5,2,56,15,0.875,0.8166666666666667,0.5822726477583166
uni2,UNI2,10x,2p5x,5,2,56,15,0.8333333333333333,0.7749999999999999,0.6832431922528469
uni2,UNI2,10x,40x,5,3,56,15,0.5833333333333334,0.3833333333333333,1.8990171533123428
uni2,UNI2,10x,10x,5,3,56,15,0.85,0.6145833333333333,0.4015533993253241
uni2,UNI2,10x,2p5x,5,3,56,15,0.8833333333333333,0.6527777777777778,0.5521514273032108
uni2,UNI2,10x,40x,5,4,57,14,0.5952380952380952,0.4238095238095238,0.8919788874664213
uni2,UNI2,10x,10x,5,4,57,14,0.9285714285714286,0.7708333333333333,0.2960375083922579
uni2,UNI2,10x,2p5x,5,4,57,14,0.8214285714285714,0.6726190476190476,0.5367376167634836
uni2,UNI2,10x,40x,5,5,58,13,0.738095238095238,0.6104166666666666,0.7542316156165761
uni2,UNI2,10x,10x,5,5,58,13,0.8571428571428571,0.7321428571428572,0.19922917882009392
uni2,UNI2,10x,2p5x,5,5,58,13,0.8571428571428571,0.7321428571428572,0.4340320538754158
uni2,UNI2,10x,40x,6,1,57,14,0.8571428571428571,0.725,0.7032067308159456
uni2,UNI2,10x,10x,6,1,57,14,0.9285714285714286,0.7916666666666666,0.11809815086749956
uni2,UNI2,10x,2p5x,6,1,57,14,1.0,0.875,0.20673121754476848
uni2,UNI2,10x,40x,6,2,57,14,0.5,0.4375,1.1825199089089418
uni2,UNI2,10x,10x,6,2,57,14,0.6666666666666666,0.6208333333333333,0.7300983532137965
uni2,UNI2,10x,2p5x,6,2,57,14,0.7083333333333333,0.6488095238095237,0.5230200185239617
uni2,UNI2,10x,40x,6,3,57,14,0.5,0.3625,1.255610825374109
uni2,UNI2,10x,10x,6,3,57,14,0.85,0.8194444444444444,0.4298245286877305
uni2,UNI2,10x,2p5x,6,3,57,14,0.825,0.7520833333333333,0.7878159245351917
uni2,UNI2,10x,40x,6,4,56,15,0.6428571428571429,0.5583333333333333,0.8255754310823276
uni2,UNI2,10x,10x,6,4,56,15,0.8809523809523808,0.7583333333333333,0.33435808659763616
uni2,UNI2,10x,2p5x,6,4,56,15,0.8333333333333333,0.7041666666666666,0.5821889124726499
uni2,UNI2,10x,40x,6,5,57,14,0.5625,0.43749999999999994,1.0066952508624132
uni2,UNI2,10x,10x,6,5,57,14,0.875,0.8333333333333333,0.26246954106124704
uni2,UNI2,10x,2p5x,6,5,57,14,0.8333333333333333,0.7833333333333333,0.431353322634909
uni2,UNI2,10x,40x,7,1,57,14,0.625,0.5833333333333333,1.031229883930591
uni2,UNI2,10x,10x,7,1,57,14,0.875,0.875,0.25544287389392073
uni2,UNI2,10x,2p5x,7,1,57,14,0.875,0.875,0.3384838111181966
uni2,UNI2,10x,40x,7,2,56,15,0.5833333333333333,0.5479166666666666,1.1759294132361837
uni2,UNI2,10x,10x,7,2,56,15,0.9375,0.9404761904761905,0.21977058654639653
uni2,UNI2,10x,2p5x,7,2,56,15,0.8541666666666666,0.8363095238095237,0.6179043339605386
uni2,UNI2,10x,40x,7,3,58,13,0.4523809523809524,0.3291666666666666,0.9967541466953731
uni2,UNI2,10x,10x,7,3,58,13,1.0,0.875,0.11087338992144537
uni2,UNI2,10x,2p5x,7,3,58,13,1.0,0.875,0.37293059086210534
uni2,UNI2,10x,40x,7,4,56,15,0.5625,0.47619047619047616,1.0312390350046754
uni2,UNI2,10x,10x,7,4,56,15,0.90625,0.8416666666666667,0.7671046201382161
uni2,UNI2,10x,2p5x,7,4,56,15,0.84375,0.7880952380952381,0.8343827308324868
uni2,UNI2,10x,40x,7,5,57,14,0.7083333333333333,0.6196428571428572,0.8994690057506194
uni2,UNI2,10x,10x,7,5,57,14,0.8333333333333333,0.7458333333333333,0.6352417943349288
uni2,UNI2,10x,2p5x,7,5,57,14,0.75,0.6696428571428572,0.6914138505681235
uni2,UNI2,10x,40x,8,1,56,15,0.880952380952381,0.7488095238095238,0.5583336102602595
uni2,UNI2,10x,10x,8,1,56,15,0.880952380952381,0.7666666666666666,0.390790722373917
uni2,UNI2,10x,2p5x,8,1,56,15,0.7857142857142857,0.6770833333333333,0.3297465861095666
uni2,UNI2,10x,40x,8,2,57,14,0.2857142857142857,0.21726190476190477,1.3768268438304865
uni2,UNI2,10x,10x,8,2,57,14,0.7023809523809523,0.5818452380952381,0.6622367706572713
uni2,UNI2,10x,2p5x,8,2,57,14,0.761904761904762,0.6499999999999999,0.6146113208418986
uni2,UNI2,10x,40x,8,3,57,14,0.5357142857142857,0.36874999999999997,1.6444420469366947
uni2,UNI2,10x,10x,8,3,57,14,0.9523809523809523,0.825,0.45628351384899907
uni2,UNI2,10x,2p5x,8,3,57,14,0.7142857142857143,0.5583333333333333,0.7771648032291093
uni2,UNI2,10x,40x,8,4,58,13,0.7142857142857143,0.6041666666666666,0.7474955737540848
uni2,UNI2,10x,10x,8,4,58,13,1.0,0.875,0.06794955901185175
uni2,UNI2,10x,2p5x,8,4,58,13,1.0,0.875,0.25571970063314303
uni2,UNI2,10x,40x,8,5,56,15,0.5625,0.425595238095238,1.3490676782015008
uni2,UNI2,10x,10x,8,5,56,15,0.8125,0.7777777777777777,0.34709713430691114
uni2,UNI2,10x,2p5x,8,5,56,15,0.84375,0.8229166666666666,0.8278138135760174
uni2,UNI2,10x,40x,9,1,57,14,0.6527777777777778,0.4738095238095238,0.9205305820661608
uni2,UNI2,10x,10x,9,1,57,14,0.6666666666666666,0.5208333333333333,0.41125231406609347
uni2,UNI2,10x,2p5x,9,1,57,14,0.75,0.5375,0.4109845226750964
uni2,UNI2,10x,40x,9,2,57,14,0.7142857142857143,0.5922619047619047,1.0777955955486562
uni2,UNI2,10x,10x,9,2,57,14,0.7738095238095238,0.6654761904761904,0.6435325916319911
uni2,UNI2,10x,2p5x,9,2,57,14,0.7857142857142857,0.6583333333333333,0.726544369764483
uni2,UNI2,10x,40x,9,3,56,15,0.6666666666666666,0.6,1.0379571231718052
uni2,UNI2,10x,10x,9,3,56,15,1.0,1.0,0.15593859394591233
uni2,UNI2,10x,2p5x,9,3,56,15,1.0,1.0,0.30175755418667666
uni2,UNI2,10x,40x,9,4,57,14,0.5714285714285714,0.3833333333333333,1.1512940751216791
uni2,UNI2,10x,10x,9,4,57,14,1.0,0.875,0.17429915630683296
uni2,UNI2,10x,2p5x,9,4,57,14,0.9285714285714286,0.8083333333333333,0.4429740351657367
uni2,UNI2,10x,40x,9,5,57,14,0.6071428571428571,0.43333333333333335,1.3999638720723868
uni2,UNI2,10x,10x,9,5,57,14,0.6785714285714286,0.5404761904761904,0.40437135658263734
uni2,UNI2,10x,2p5x,9,5,57,14,0.5714285714285714,0.4672619047619047,0.9147481798040892
uni2,UNI2,2p5x,40x,0,1,57,14,0.2857142857142857,0.1607142857142857,2.5710662507636983
uni2,UNI2,2p5x,10x,0,1,57,14,0.6904761904761906,0.5625,0.6391652154794405
uni2,UNI2,2p5x,2p5x,0,1,57,14,0.9523809523809523,0.825,0.4672220064708698
uni2,UNI2,2p5x,40x,0,2,56,15,0.42857142857142855,0.2375,1.9168471102467748
uni2,UNI2,2p5x,10x,0,2,56,15,0.5714285714285714,0.44047619047619047,0.7801749282370453
uni2,UNI2,2p5x,2p5x,0,2,56,15,0.8571428571428571,0.7291666666666666,0.2857168652429657
uni2,UNI2,2p5x,40x,0,3,57,14,0.3333333333333333,0.26346153846153847,2.057524226110976
uni2,UNI2,2p5x,10x,0,3,57,14,0.75,0.6875,0.8357593302295767
uni2,UNI2,2p5x,2p5x,0,3,57,14,0.9375,0.9333333333333333,0.1519458668291497
uni2,UNI2,2p5x,40x,0,4,57,14,0.3333333333333333,0.26346153846153847,2.2787269722336494
uni2,UNI2,2p5x,10x,0,4,57,14,0.8125,0.7666666666666666,0.5345832128422565
uni2,UNI2,2p5x,2p5x,0,4,57,14,0.9375,0.9166666666666666,0.3787063645272523
uni2,UNI2,2p5x,40x,0,5,57,14,0.38095238095238093,0.20267857142857143,2.1121141795765634
uni2,UNI2,2p5x,10x,0,5,57,14,0.6666666666666666,0.5166666666666666,0.7769890629543522
uni2,UNI2,2p5x,2p5x,0,5,57,14,0.8571428571428571,0.7529761904761905,0.32485668691538894
uni2,UNI2,2p5x,40x,1,1,57,14,0.35714285714285715,0.25,1.9638352074259569
uni2,UNI2,2p5x,10x,1,1,57,14,0.6428571428571429,0.5416666666666666,0.6619322644412999
uni2,UNI2,2p5x,2p5x,1,1,57,14,0.8571428571428571,0.6666666666666666,0.24733981845455175
uni2,UNI2,2p5x,40x,1,2,57,14,0.125,0.03125,2.569945111916469
uni2,UNI2,2p5x,10x,1,2,57,14,0.5625,0.4988095238095238,0.9332306234787856
uni2,UNI2,2p5x,2p5x,1,2,57,14,0.7708333333333333,0.7547619047619047,0.6525380492444214
uni2,UNI2,2p5x,40x,1,3,56,15,0.375,0.2833333333333333,2.291569774977291
uni2,UNI2,2p5x,10x,1,3,56,15,0.6666666666666667,0.5732142857142857,1.0789363054275054
uni2,UNI2,2p5x,2p5x,1,3,56,15,0.9583333333333333,0.9333333333333333,0.15377125048023021
uni2,UNI2,2p5x,40x,1,4,57,14,0.5833333333333334,0.3787878787878788,1.686131858573421
uni2,UNI2,2p5x,10x,1,4,57,14,1.0,0.75,0.19354203524796304
uni2,UNI2,2p5x,2p5x,1,4,57,14,1.0,0.75,0.10954708901594866
uni2,UNI2,2p5x,40x,1,5,57,14,0.38095238095238093,0.25,2.174603518957921
uni2,UNI2,2p5x,10x,1,5,57,14,0.75,0.675,1.1233575080087062
uni2,UNI2,2p5x,2p5x,1,5,57,14,0.6785714285714286,0.5654761904761905,0.5234868469603378
uni2,UNI2,2p5x,40x,2,1,57,14,0.47619047619047616,0.3333333333333333,2.038986678930446
uni2,UNI2,2p5x,10x,2,1,57,14,0.6666666666666666,0.5166666666666666,0.8291448776702149
uni2,UNI2,2p5x,2p5x,2,1,57,14,0.9285714285714286,0.7916666666666666,0.3447844475175232
uni2,UNI2,2p5x,40x,2,2,56,15,0.4642857142857143,0.3384615384615384,2.746678032781154
uni2,UNI2,2p5x,10x,2,2,56,15,0.6642857142857144,0.5342261904761905,1.0580894914642376
uni2,UNI2,2p5x,2p5x,2,2,56,15,0.8642857142857142,0.6974206349206349,0.415469036080434
uni2,UNI2,2p5x,40x,2,3,56,15,0.3333333333333333,0.22596153846153846,1.9203696422042342
uni2,UNI2,2p5x,10x,2,3,56,15,0.8095238095238094,0.6654761904761906,0.41972066268070357
uni2,UNI2,2p5x,2p5x,2,3,56,15,0.9523809523809523,0.85,0.21035007113839016
uni2,UNI2,2p5x,40x,2,4,57,14,0.3333333333333333,0.1607142857142857,1.9796114313589892
uni2,UNI2,2p5x,10x,2,4,57,14,0.8333333333333334,0.575,0.6538408465295443
uni2,UNI2,2p5x,2p5x,2,4,57,14,0.7777777777777778,0.6,0.4616154885976629
uni2,UNI2,2p5x,40x,2,5,58,13,0.375,0.31666666666666665,2.092874654758887
uni2,UNI2,2p5x,10x,2,5,58,13,0.8125,0.7916666666666666,0.4169219465588462
uni2,UNI2,2p5x,2p5x,2,5,58,13,0.9375,0.9333333333333333,0.44597964635744375
uni2,UNI2,2p5x,40x,3,1,57,14,0.42857142857142855,0.2467948717948718,2.450342399550656
uni2,UNI2,2p5x,10x,3,1,57,14,0.7619047619047619,0.6041666666666666,0.7409229650276242
uni2,UNI2,2p5x,2p5x,3,1,57,14,0.9047619047619048,0.75,0.27082453199657913
uni2,UNI2,2p5x,40x,3,2,57,14,0.41666666666666663,0.3958333333333333,1.8677954440555378
uni2,UNI2,2p5x,10x,3,2,57,14,0.6458333333333333,0.6,0.72054588798424
uni2,UNI2,2p5x,2p5x,3,2,57,14,0.875,0.875,0.5383364158335059
uni2,UNI2,2p5x,40x,3,3,56,15,0.3333333333333333,0.15625,2.814344209599771
uni2,UNI2,2p5x,10x,3,3,56,15,0.625,0.48333333333333334,1.1501441826557717
uni2,UNI2,2p5x,2p5x,3,3,56,15,1.0,0.75,0.15977470417463255
uni2,UNI2,2p5x,40x,3,4,57,14,0.3333333333333333,0.2125,1.9629911576954802
uni2,UNI2,2p5x,10x,3,4,57,14,0.5952380952380951,0.4541666666666666,0.6794862611626299
uni2,UNI2,2p5x,2p5x,3,4,57,14,1.0,0.875,0.11491779442326443
uni2,UNI2,2p5x,40x,3,5,57,14,0.375,0.3333333333333333,1.8591770211080703
uni2,UNI2,2p5x,10x,3,5,57,14,0.875,0.8571428571428572,0.31742198588609466
uni2,UNI2,2p5x,2p5x,3,5,57,14,0.7708333333333333,0.7589285714285714,0.4297465206498502
uni2,UNI2,2p5x,40x,4,1,57,14,0.375,0.2857142857142857,2.2602157991558096
uni2,UNI2,2p5x,10x,4,1,57,14,0.75,0.6583333333333333,0.8013902325428975
uni2,UNI2,2p5x,2p5x,4,1,57,14,0.9375,0.9333333333333333,0.23703143355203005
uni2,UNI2,2p5x,40x,4,2,57,14,0.4375,0.37499999999999994,1.9334439922768851
uni2,UNI2,2p5x,10x,4,2,57,14,0.75,0.725,0.6546536515045734
uni2,UNI2,2p5x,2p5x,4,2,57,14,0.875,0.8666666666666667,0.23395421968905844
uni2,UNI2,2p5x,40x,4,3,56,15,0.23809523809523808,0.13333333333333333,1.9741684404678759
uni2,UNI2,2p5x,10x,4,3,56,15,0.619047619047619,0.45892857142857146,0.709662510457376
uni2,UNI2,2p5x,2p5x,4,3,56,15,0.7857142857142857,0.6666666666666666,0.23690601947594392
uni2,UNI2,2p5x,40x,4,4,57,14,0.5,0.41346153846153844,2.798945911149249
uni2,UNI2,2p5x,10x,4,4,57,14,0.75,0.6922619047619047,0.8221803200541677
uni2,UNI2,2p5x,2p5x,4,4,57,14,0.8958333333333333,0.8833333333333333,0.22301622282347894
uni2,UNI2,2p5x,40x,4,5,57,14,0.38095238095238093,0.24772727272727274,1.8747757408911205
uni2,UNI2,2p5x,10x,4,5,57,14,1.0,0.875,0.2327064064641719
uni2,UNI2,2p5x,2p5x,4,5,57,14,0.9523809523809523,0.825,0.33206337502923383
uni2,UNI2,2p5x,40x,5,1,57,14,0.35416666666666663,0.3092948717948718,2.0892610861882326
uni2,UNI2,2p5x,10x,5,1,57,14,0.4583333333333333,0.38958333333333334,1.1200815705667504
uni2,UNI2,2p5x,2p5x,5,1,57,14,0.8125,0.8,0.6652603436166347
uni2,UNI2,2p5x,40x,5,2,56,15,0.3125,0.2552083333333333,2.2455279731188496
uni2,UNI2,2p5x,10x,5,2,56,15,0.6666666666666666,0.625,0.7109025438412082
uni2,UNI2,2p5x,2p5x,5,2,56,15,0.9166666666666666,0.875,0.47827030319843644
uni2,UNI2,2p5x,40x,5,3,56,15,0.5,0.22596153846153846,3.022010338004623
uni2,UNI2,2p5x,10x,5,3,56,15,0.7999999999999999,0.5236111111111111,0.5329932540335288
uni2,UNI2,2p5x,2p5x,5,3,56,15,0.9666666666666667,0.6944444444444444,0.1614571080172622
uni2,UNI2,2p5x,40x,5,4,57,14,0.47619047619047616,0.3111111111111111,2.5203951302056784
uni2,UNI2,2p5x,10x,5,4,57,14,0.8571428571428571,0.6041666666666666,1.245666995812822
uni2,UNI2,2p5x,2p5x,5,4,57,14,0.8214285714285714,0.6488095238095238,0.49650922019328003
uni2,UNI2,2p5x,40x,5,5,58,13,0.35714285714285715,0.23106060606060608,1.510153374023987
uni2,UNI2,2p5x,10x,5,5,58,13,0.8571428571428571,0.75,0.9020839900338834
uni2,UNI2,2p5x,2p5x,5,5,58,13,1.0,0.875,0.16567204805126234
uni2,UNI2,2p5x,40x,6,1,57,14,0.5714285714285714,0.41666666666666663,1.8862291910254732
uni2,UNI2,2p5x,10x,6,1,57,14,0.7142857142857143,0.6,0.6416927001420369
uni2,UNI2,2p5x,2p5x,6,1,57,14,1.0,0.875,0.03669164658800966
uni2,UNI2,2p5x,40x,6,2,57,14,0.5,0.391025641025641,1.781866953351926
uni2,UNI2,2p5x,10x,6,2,57,14,0.5833333333333333,0.4964285714285714,0.98206347149882
uni2,UNI2,2p5x,2p5x,6,2,57,14,0.8333333333333333,0.7875,0.5326259136770829
uni2,UNI2,2p5x,40x,6,3,57,14,0.25,0.16346153846153846,2.538013333549505
uni2,UNI2,2p5x,10x,6,3,57,14,0.825,0.7666666666666666,0.5675494798515729
uni2,UNI2,2p5x,2p5x,6,3,57,14,0.95,0.90625,0.42250607767674664
uni2,UNI2,2p5x,40x,6,4,56,15,0.21428571428571427,0.10256410256410256,2.6348127399066206
uni2,UNI2,2p5x,10x,6,4,56,15,0.6071428571428571,0.4494047619047619,0.9807481686027006
uni2,UNI2,2p5x,2p5x,6,4,56,15,0.8571428571428571,0.75,0.332903393531309
uni2,UNI2,2p5x,40x,6,5,57,14,0.34375,0.25487012987012986,1.7200405186580816
uni2,UNI2,2p5x,10x,6,5,57,14,0.59375,0.5321428571428571,0.6380705835536891
uni2,UNI2,2p5x,2p5x,6,5,57,14,0.875,0.85,0.2645034826941534
uni2,UNI2,2p5x,40x,7,1,57,14,0.25,0.1607142857142857,2.687468730141989
uni2,UNI2,2p5x,10x,7,1,57,14,0.625,0.5375,0.8280037202186262
uni2,UNI2,2p5x,2p5x,7,1,57,14,1.0,1.0,0.10792833270014913
uni2,UNI2,2p5x,40x,7,2,56,15,0.5,0.41346153846153844,2.082742044655851
uni2,UNI2,2p5x,10x,7,2,56,15,0.7291666666666666,0.7041666666666666,0.5315393454785255
uni2,UNI2,2p5x,2p5x,7,2,56,15,0.9375,0.9333333333333333,0.2703048837655764
uni2,UNI2,2p5x,40x,7,3,58,13,0.21428571428571427,0.11904761904761904,2.194453375571988
uni2,UNI2,2p5x,10x,7,3,58,13,0.9285714285714286,0.8083333333333333,0.4388190752483639
uni2,UNI2,2p5x,2p5x,7,3,58,13,0.8571428571428571,0.7083333333333333,0.13227938005869075
uni2,UNI2,2p5x,40x,7,4,56,15,0.40625,0.3475378787878788,1.7716397272389914
uni2,UNI2,2p5x,10x,7,4,56,15,0.625,0.588095238095238,0.6932963232751348
uni2,UNI2,2p5x,2p5x,7,4,56,15,0.84375,0.7541666666666667,0.622590691414217
uni2,UNI2,2p5x,40x,7,5,57,14,0.4583333333333333,0.31875,1.9594922611346166
uni2,UNI2,2p5x,10x,7,5,57,14,0.75,0.6041666666666666,1.0888258180706445
uni2,UNI2,2p5x,2p5x,7,5,57,14,0.75,0.6875,0.4371290909114992
uni2,UNI2,2p5x,40x,8,1,56,15,0.2857142857142857,0.17857142857142858,1.7445474549136615
uni2,UNI2,2p5x,10x,8,1,56,15,0.7619047619047619,0.6458333333333333,0.6585154815765286
uni2,UNI2,2p5x,2p5x,8,1,56,15,0.9285714285714286,0.7916666666666666,0.2397371077425895
uni2,UNI2,2p5x,40x,8,2,57,14,0.35714285714285715,0.2467948717948718,2.5459573541032063
uni2,UNI2,2p5x,10x,8,2,57,14,0.5476190476190477,0.4027777777777778,1.780472544277032
uni2,UNI2,2p5x,2p5x,8,2,57,14,0.7857142857142857,0.6488095238095237,0.3097503966694481
uni2,UNI2,2p5x,40x,8,3,57,14,0.35714285714285715,0.244047619047619,2.223672884060754
uni2,UNI2,2p5x,10x,8,3,57,14,0.619047619047619,0.4916666666666667,0.6226998772457029
uni2,UNI2,2p5x,2p5x,8,3,57,14,0.9047619047619048,0.7875,0.4273524057867408
uni2,UNI2,2p5x,40x,8,4,58,13,0.3,0.20208333333333334,1.9694776767651696
uni2,UNI2,2p5x,10x,8,4,58,13,0.8571428571428571,0.7291666666666666,0.42788332620081415
uni2,UNI2,2p5x,2p5x,8,4,58,13,1.0,0.875,0.08863117506845103
uni2,UNI2,2p5x,40x,8,5,56,15,0.4375,0.3194444444444444,2.4571713497355554
uni2,UNI2,2p5x,10x,8,5,56,15,0.96875,0.9571428571428571,0.4243894015692449
uni2,UNI2,2p5x,2p5x,8,5,56,15,0.875,0.8589285714285715,0.5337095286859289
uni2,UNI2,2p5x,40x,9,1,57,14,0.3611111111111111,0.22179487179487178,2.1205587015616385
uni2,UNI2,2p5x,10x,9,1,57,14,0.7083333333333334,0.4613095238095238,0.6796047580925777
uni2,UNI2,2p5x,2p5x,9,1,57,14,0.75,0.5625,0.23405436608102764
uni2,UNI2,2p5x,40x,9,2,57,14,0.5,0.375,1.4932335457996726
uni2,UNI2,2p5x,10x,9,2,57,14,0.7023809523809523,0.5678571428571428,0.714907099244798
uni2,UNI2,2p5x,2p5x,9,2,57,14,0.880952380952381,0.725,0.5977057556336073
uni2,UNI2,2p5x,40x,9,3,56,15,0.3333333333333333,0.26071428571428573,2.0556376820592983
uni2,UNI2,2p5x,10x,9,3,56,15,0.6458333333333333,0.588095238095238,0.7902486778510528
uni2,UNI2,2p5x,2p5x,9,3,56,15,1.0,1.0,0.0850540689405188
uni2,UNI2,2p5x,40x,9,4,57,14,0.42857142857142855,0.2727272727272727,2.538774101982058
uni2,UNI2,2p5x,10x,9,4,57,14,0.7857142857142857,0.65625,0.5475428791933815
uni2,UNI2,2p5x,2p5x,9,4,57,14,1.0,0.875,0.11801379255340054
uni2,UNI2,2p5x,40x,9,5,57,14,0.42857142857142855,0.20625,3.3171163421577403
uni2,UNI2,2p5x,10x,9,5,57,14,0.6785714285714286,0.5291666666666666,1.2426453969699047
uni2,UNI2,2p5x,2p5x,9,5,57,14,0.75,0.6029761904761904,0.5649086605561654
midnight,Midnight,40x,40x,0,1,57,14,0.6904761904761906,0.5833333333333333,1.0450879407282194
midnight,Midnight,40x,10x,0,1,57,14,0.761904761904762,0.6208333333333333,1.2561095023867848
midnight,Midnight,40x,2p5x,0,1,57,14,0.7857142857142857,0.625,1.1263765808230735
midnight,Midnight,40x,40x,0,2,56,15,0.9285714285714286,0.7916666666666666,0.2257317305258884
midnight,Midnight,40x,10x,0,2,56,15,0.8571428571428571,0.725,0.5718315281342825
midnight,Midnight,40x,2p5x,0,2,56,15,0.738095238095238,0.5833333333333334,1.0302412898418376
midnight,Midnight,40x,40x,0,3,57,14,0.875,0.8541666666666666,0.3957751749636561
midnight,Midnight,40x,10x,0,3,57,14,0.875,0.875,0.7155115440265227
midnight,Midnight,40x,2p5x,0,3,57,14,0.875,0.8738095238095238,0.7759851363934638
midnight,Midnight,40x,40x,0,4,57,14,0.9375,0.9166666666666666,0.22368895362189714
midnight,Midnight,40x,10x,0,4,57,14,0.8333333333333333,0.7416666666666667,0.8355376151137356
midnight,Midnight,40x,2p5x,0,4,57,14,0.7708333333333333,0.7,0.9741473529816126
midnight,Midnight,40x,40x,0,5,57,14,0.8809523809523808,0.7625,0.5368189555256144
midnight,Midnight,40x,10x,0,5,57,14,0.8095238095238094,0.7071428571428572,0.8350453889917173
midnight,Midnight,40x,2p5x,0,5,57,14,0.738095238095238,0.6520833333333333,0.8687806091173507
midnight,Midnight,40x,40x,1,1,57,14,0.9285714285714286,0.8333333333333333,0.2404555121654687
midnight,Midnight,40x,10x,1,1,57,14,0.7857142857142857,0.625,0.9326452575229949
midnight,Midnight,40x,2p5x,1,1,57,14,0.5571428571428572,0.41309523809523807,1.2322731931120947
midnight,Midnight,40x,40x,1,2,57,14,0.75,0.71875,1.176002181847352
midnight,Midnight,40x,10x,1,2,57,14,0.75,0.71875,1.0232469078395965
midnight,Midnight,40x,2p5x,1,2,57,14,0.6875,0.6145833333333333,1.0333119088667215
midnight,Midnight,40x,40x,1,3,56,15,0.7916666666666666,0.7625,0.33190090525568067
midnight,Midnight,40x,10x,1,3,56,15,0.7708333333333333,0.7547619047619047,0.7870541305745883
midnight,Midnight,40x,2p5x,1,3,56,15,0.6875,0.65,1.0417946106272917
midnight,Midnight,40x,40x,1,4,57,14,0.9583333333333334,0.7071428571428571,0.19503175913212942
midnight,Midnight,40x,10x,1,4,57,14,1.0,0.75,0.45799253433313186
midnight,Midnight,40x,2p5x,1,4,57,14,0.9583333333333334,0.7321428571428572,0.7332426525225991
midnight,Midnight,40x,40x,1,5,57,14,0.7142857142857143,0.625,0.45855991167031845
midnight,Midnight,40x,10x,1,5,57,14,0.6666666666666667,0.5333333333333333,0.8368663101275348
midnight,Midnight,40x,2p5x,1,5,57,14,0.5238095238095238,0.39924242424242423,0.8356685697893481
midnight,Midnight,40x,40x,2,1,57,14,0.8095238095238094,0.6916666666666667,0.5759080534787119
midnight,Midnight,40x,10x,2,1,57,14,0.8333333333333334,0.6833333333333333,0.8287732705759587
midnight,Midnight,40x,2p5x,2,1,57,14,0.738095238095238,0.5958333333333333,0.8015133264973847
midnight,Midnight,40x,40x,2,2,56,15,0.9357142857142857,0.7599206349206349,0.6408448596349328
midnight,Midnight,40x,10x,2,2,56,15,0.85,0.6488095238095237,1.059771517478777
midnight,Midnight,40x,2p5x,2,2,56,15,0.7071428571428572,0.5238095238095238,1.3808178537266578
midnight,Midnight,40x,40x,2,3,56,15,1.0,0.875,0.15975973445276018
midnight,Midnight,40x,10x,2,3,56,15,0.9047619047619048,0.7833333333333333,0.6249820588442173
midnight,Midnight,40x,2p5x,2,3,56,15,0.8571428571428571,0.6958333333333333,0.8872259492488384
midnight,Midnight,40x,40x,2,4,57,14,0.8055555555555555,0.6208333333333333,0.3543133966318418
midnight,Midnight,40x,10x,2,4,57,14,0.9166666666666666,0.6833333333333333,0.7230177451026717
midnight,Midnight,40x,2p5x,2,4,57,14,0.8611111111111112,0.6375,0.8396551231626709
midnight,Midnight,40x,40x,2,5,58,13,0.875,0.8541666666666666,0.948258859724228
midnight,Midnight,40x,10x,2,5,58,13,0.8125,0.7708333333333333,1.10684796356936
midnight,Midnight,40x,2p5x,2,5,58,13,0.6875,0.6416666666666666,1.1822383228539257
midnight,Midnight,40x,40x,3,1,57,14,0.9047619047619048,0.75,0.3247800176013614
midnight,Midnight,40x,10x,3,1,57,14,0.9047619047619048,0.7458333333333333,0.7461186831121457
midnight,Midnight,40x,2p5x,3,1,57,14,0.6666666666666666,0.5297619047619048,0.8445055679767531
midnight,Midnight,40x,40x,3,2,57,14,0.875,0.8333333333333333,0.8781933723469442
midnight,Midnight,40x,10x,3,2,57,14,0.875,0.8333333333333333,1.0330079299486157
midnight,Midnight,40x,2p5x,3,2,57,14,0.75,0.6666666666666666,1.0345736267320425
midnight,Midnight,40x,40x,3,3,56,15,0.9027777777777777,0.69375,0.5695138603648394
midnight,Midnight,40x,10x,3,3,56,15,0.75,0.5839285714285714,1.100044600600109
midnight,Midnight,40x,2p5x,3,3,56,15,0.6527777777777778,0.475,1.2393135256063512
midnight,Midnight,40x,40x,3,4,57,14,0.738095238095238,0.6236111111111111,0.6718507790386834
midnight,Midnight,40x,10x,3,4,57,14,0.6904761904761905,0.5277777777777777,0.7601983032452758
midnight,Midnight,40x,2p5x,3,4,57,14,0.6666666666666666,0.5458333333333334,1.17742622827635
midnight,Midnight,40x,40x,3,5,57,14,0.8333333333333333,0.8083333333333333,0.3223300700587843
midnight,Midnight,40x,10x,3,5,57,14,0.7708333333333333,0.7416666666666667,0.7469753428174825
midnight,Midnight,40x,2p5x,3,5,57,14,0.7708333333333333,0.7166666666666667,0.8732224276371046
midnight,Midnight,40x,40x,4,1,57,14,0.8125,0.7666666666666666,0.9046689921921259
midnight,Midnight,40x,10x,4,1,57,14,0.7708333333333333,0.7166666666666667,1.071775485866795
midnight,Midnight,40x,2p5x,4,1,57,14,0.8125,0.7666666666666666,0.8383003391581987
midnight,Midnight,40x,40x,4,2,57,14,1.0,1.0,0.07910282560167611
midnight,Midnight,40x,10x,4,2,57,14,0.875,0.85,0.49560976099182963
midnight,Midnight,40x,2p5x,4,2,57,14,0.875,0.8541666666666666,0.7632733161139326
midnight,Midnight,40x,40x,4,3,56,15,0.8095238095238094,0.6833333333333333,0.5495949604296884
midnight,Midnight,40x,10x,4,3,56,15,0.6666666666666667,0.5839285714285715,0.9206992758336899
midnight,Midnight,40x,2p5x,4,3,56,15,0.5714285714285714,0.4708333333333333,1.1688553875412524
midnight,Midnight,40x,40x,4,4,57,14,0.8125,0.7291666666666666,1.0099574073735291
midnight,Midnight,40x,10x,4,4,57,14,0.875,0.8666666666666667,0.6723051249080189
midnight,Midnight,40x,2p5x,4,4,57,14,0.7291666666666666,0.7208333333333333,1.0144410470877356
midnight,Midnight,40x,40x,4,5,57,14,0.9523809523809523,0.825,0.23665613118035855
midnight,Midnight,40x,10x,4,5,57,14,0.6904761904761905,0.5446428571428572,0.8734053503148541
midnight,Midnight,40x,2p5x,4,5,57,14,0.5476190476190476,0.4666666666666667,1.1317695840706665
midnight,Midnight,40x,40x,5,1,57,14,0.7083333333333333,0.725,1.253127291760506
midnight,Midnight,40x,10x,5,1,57,14,0.7083333333333333,0.725,1.1842396451490524
midnight,Midnight,40x,2p5x,5,1,57,14,0.5833333333333333,0.5416666666666666,1.33859057749021
midnight,Midnight,40x,40x,5,2,56,15,0.9166666666666666,0.90625,0.5068042589130306
midnight,Midnight,40x,10x,5,2,56,15,0.9166666666666666,0.91875,0.6896514607484167
midnight,Midnight,40x,2p5x,5,2,56,15,0.7916666666666666,0.7238095238095238,0.8962496627293636
midnight,Midnight,40x,40x,5,3,56,15,0.85,0.6104166666666666,0.6828323254980135
midnight,Midnight,40x,10x,5,3,56,15,0.725,0.4988095238095238,1.0218939674978202
midnight,Midnight,40x,2p5x,5,3,56,15,0.7583333333333333,0.5404761904761904,1.0372092648984235
midnight,Midnight,40x,40x,5,4,57,14,0.7857142857142857,0.6041666666666666,0.9481759502984747
midnight,Midnight,40x,10x,5,4,57,14,0.7857142857142857,0.5833333333333333,0.8728859307619172
midnight,Midnight,40x,2p5x,5,4,57,14,0.6428571428571429,0.49999999999999994,1.025635253154555
midnight,Midnight,40x,40x,5,5,58,13,0.8095238095238095,0.6666666666666666,0.27616610038760625
midnight,Midnight,40x,10x,5,5,58,13,0.7857142857142857,0.6770833333333333,0.6847010051142932
midnight,Midnight,40x,2p5x,5,5,58,13,0.619047619047619,0.4875,0.956917605257816
midnight,Midnight,40x,40x,6,1,57,14,1.0,0.875,0.06540113199746644
midnight,Midnight,40x,10x,6,1,57,14,0.9285714285714286,0.8083333333333333,0.5901103340602527
midnight,Midnight,40x,2p5x,6,1,57,14,0.7999999999999999,0.6354166666666666,0.7002952150100625
midnight,Midnight,40x,40x,6,2,57,14,0.7083333333333333,0.6666666666666666,0.9995153535739547
midnight,Midnight,40x,10x,6,2,57,14,0.75,0.6904761904761905,0.9314604130738589
midnight,Midnight,40x,2p5x,6,2,57,14,0.75,0.6666666666666666,0.884125916522371
midnight,Midnight,40x,40x,6,3,57,14,0.85,0.7986111111111112,0.5904137938230563
midnight,Midnight,40x,10x,6,3,57,14,0.7,0.6270833333333333,0.8359518057847762
midnight,Midnight,40x,2p5x,6,3,57,14,0.825,0.7666666666666666,0.9911691215212841
midnight,Midnight,40x,40x,6,4,56,15,0.8928571428571429,0.7696428571428571,0.40291630776642096
midnight,Midnight,40x,10x,6,4,56,15,0.8571428571428571,0.7041666666666666,0.8062755647176353
midnight,Midnight,40x,2p5x,6,4,56,15,0.6547619047619048,0.5285714285714286,0.8561232970276308
midnight,Midnight,40x,40x,6,5,57,14,0.75,0.6666666666666666,0.36629534279469145
midnight,Midnight,40x,10x,6,5,57,14,0.8020833333333333,0.7279761904761904,0.8874587538228618
midnight,Midnight,40x,2p5x,6,5,57,14,0.6041666666666666,0.5166666666666666,1.3720418795268767
midnight,Midnight,40x,40x,7,1,57,14,0.875,0.85,0.49673961030333297
midnight,Midnight,40x,10x,7,1,57,14,0.9375,0.9333333333333333,0.7136078854395752
midnight,Midnight,40x,2p5x,7,1,57,14,0.75,0.725,0.9838313663355506
midnight,Midnight,40x,40x,7,2,56,15,0.9583333333333333,0.9571428571428571,0.3112561018168206
midnight,Midnight,40x,10x,7,2,56,15,0.8333333333333333,0.8154761904761905,0.641108081350442
midnight,Midnight,40x,2p5x,7,2,56,15,0.8333333333333333,0.8154761904761905,0.9705765059399988
midnight,Midnight,40x,40x,7,3,58,13,1.0,0.875,0.05760477354584278
midnight,Midnight,40x,10x,7,3,58,13,0.9285714285714286,0.8083333333333333,0.6592780941258162
midnight,Midnight,40x,2p5x,7,3,58,13,0.8571428571428571,0.7666666666666666,0.8586961485083745
midnight,Midnight,40x,40x,7,4,56,15,0.8125,0.8083333333333333,0.9648162014984467
midnight,Midnight,40x,10x,7,4,56,15,0.75,0.725,1.1219514565459177
midnight,Midnight,40x,2p5x,7,4,56,15,0.71875,0.6541666666666666,1.0806269479446005
midnight,Midnight,40x,40x,7,5,57,14,0.7083333333333333,0.6208333333333333,0.5256858198829392
midnight,Midnight,40x,10x,7,5,57,14,0.75,0.6458333333333333,0.8460026940777049
midnight,Midnight,40x,2p5x,7,5,57,14,0.75,0.6488095238095237,0.803157173031203
midnight,Midnight,40x,40x,8,1,56,15,0.7857142857142857,0.6458333333333333,0.792739441332904
midnight,Midnight,40x,10x,8,1,56,15,0.7380952380952381,0.6029761904761904,0.7895423638625438
midnight,Midnight,40x,2p5x,8,1,56,15,0.6428571428571429,0.5029761904761905,0.7732299893750476
midnight,Midnight,40x,40x,8,2,57,14,0.6309523809523808,0.5029761904761905,0.8176782634683951
midnight,Midnight,40x,10x,8,2,57,14,0.8095238095238094,0.6861111111111111,0.8157569836980524
midnight,Midnight,40x,2p5x,8,2,57,14,0.6666666666666666,0.575,1.0154083383661265
midnight,Midnight,40x,40x,8,3,57,14,0.7142857142857143,0.5583333333333333,1.1403710692774243
midnight,Midnight,40x,10x,8,3,57,14,0.869047619047619,0.7321428571428572,0.9096298085495952
midnight,Midnight,40x,2p5x,8,3,57,14,0.7142857142857143,0.5375,1.0390934525491768
midnight,Midnight,40x,40x,8,4,58,13,1.0,0.875,0.06638693525971505
midnight,Midnight,40x,10x,8,4,58,13,0.9285714285714286,0.7916666666666666,0.7824439218873406
midnight,Midnight,40x,2p5x,8,4,58,13,0.7142857142857143,0.6136363636363635,0.9895010626109954
midnight,Midnight,40x,40x,8,5,56,15,0.90625,0.9020833333333333,0.2713721983809757
midnight,Midnight,40x,10x,8,5,56,15,0.90625,0.9020833333333333,0.6662954500573051
midnight,Midnight,40x,2p5x,8,5,56,15,0.71875,0.6779761904761905,1.091403064583807
midnight,Midnight,40x,40x,9,1,57,14,0.8333333333333334,0.6,0.1930224400641777
midnight,Midnight,40x,10x,9,1,57,14,0.6666666666666666,0.4880952380952381,0.742491238143373
midnight,Midnight,40x,2p5x,9,1,57,14,0.75,0.5583333333333333,0.8053792631064292
midnight,Midnight,40x,40x,9,2,57,14,0.9642857142857143,0.8321428571428571,0.6571269800476277
midnight,Midnight,40x,10x,9,2,57,14,0.9642857142857143,0.8321428571428571,0.7529008877919304
midnight,Midnight,40x,2p5x,9,2,57,14,0.9285714285714286,0.7833333333333333,0.7984011400538165
midnight,Midnight,40x,40x,9,3,56,15,0.875,0.85,0.4353428376238237
midnight,Midnight,40x,10x,9,3,56,15,0.8958333333333333,0.8833333333333333,0.7591919349030635
midnight,Midnight,40x,2p5x,9,3,56,15,0.6458333333333333,0.5958333333333333,1.0554116467353862
midnight,Midnight,40x,40x,9,4,57,14,0.8095238095238094,0.6583333333333333,0.46242972639256974
midnight,Midnight,40x,10x,9,4,57,14,0.8809523809523808,0.7666666666666666,0.6130407830703525
midnight,Midnight,40x,2p5x,9,4,57,14,0.8809523809523808,0.7666666666666666,0.8841429129723323
midnight,Midnight,40x,40x,9,5,57,14,0.75,0.6029761904761904,0.5977956427719375
midnight,Midnight,40x,10x,9,5,57,14,0.6785714285714286,0.5172619047619047,1.0487295664084018
midnight,Midnight,40x,2p5x,9,5,57,14,0.5357142857142857,0.4458333333333333,1.3929080883790748
midnight,Midnight,10x,40x,0,1,57,14,0.9047619047619049,0.7708333333333333,0.9651413014981368
midnight,Midnight,10x,10x,0,1,57,14,0.6904761904761906,0.5833333333333333,0.9773911059041088
midnight,Midnight,10x,2p5x,0,1,57,14,0.761904761904762,0.6208333333333333,0.838957230686657
midnight,Midnight,10x,40x,0,2,56,15,0.7857142857142857,0.6458333333333333,0.5193838880953365
midnight,Midnight,10x,10x,0,2,56,15,0.9285714285714286,0.7916666666666666,0.11599491108547492
midnight,Midnight,10x,2p5x,0,2,56,15,0.8571428571428571,0.7083333333333333,0.4143072708885568
midnight,Midnight,10x,40x,0,3,57,14,0.875,0.85,0.7096411848599908
midnight,Midnight,10x,10x,0,3,57,14,0.9375,0.9333333333333333,0.2098367862854768
midnight,Midnight,10x,2p5x,0,3,57,14,0.9375,0.9166666666666666,0.40092609673650303
midnight,Midnight,10x,40x,0,4,57,14,0.7708333333333333,0.7547619047619047,0.7081116481309137
midnight,Midnight,10x,10x,0,4,57,14,0.9375,0.9166666666666666,0.2292388887163628
midnight,Midnight,10x,2p5x,0,4,57,14,0.9375,0.9166666666666666,0.532181860650539
midnight,Midnight,10x,40x,0,5,57,14,0.8809523809523808,0.7625,0.7377216154323899
midnight,Midnight,10x,10x,0,5,57,14,0.8809523809523808,0.7666666666666666,0.4611322764532984
midnight,Midnight,10x,2p5x,0,5,57,14,0.9285714285714286,0.8083333333333333,0.44635066554051894
midnight,Midnight,10x,40x,1,1,57,14,0.8571428571428571,0.7666666666666666,0.5771643058603934
midnight,Midnight,10x,10x,1,1,57,14,0.9285714285714286,0.8333333333333333,0.18850538639473194
midnight,Midnight,10x,2p5x,1,1,57,14,0.9285714285714286,0.8083333333333333,0.33110044992868887
midnight,Midnight,10x,40x,1,2,57,14,0.8125,0.8020833333333333,0.9963616852322537
midnight,Midnight,10x,10x,1,2,57,14,0.75,0.71875,1.0152147567035723
midnight,Midnight,10x,2p5x,1,2,57,14,0.75,0.71875,0.7468963456147656
midnight,Midnight,10x,40x,1,3,56,15,0.875,0.8125,0.610520091503123
midnight,Midnight,10x,10x,1,3,56,15,0.9583333333333333,0.95,0.31306817456101005
midnight,Midnight,10x,2p5x,1,3,56,15,0.7708333333333333,0.7696428571428571,0.4740497551545376
midnight,Midnight,10x,40x,1,4,57,14,0.875,0.625,0.5539690312062012
midnight,Midnight,10x,10x,1,4,57,14,0.9583333333333334,0.7321428571428572,0.25163283426336425
midnight,Midnight,10x,2p5x,1,4,57,14,0.9583333333333334,0.6904761904761905,0.42641229976636363
midnight,Midnight,10x,40x,1,5,57,14,0.6666666666666667,0.5444444444444444,0.8694727030819137
midnight,Midnight,10x,10x,1,5,57,14,0.7857142857142857,0.6875,0.5066990430975007
midnight,Midnight,10x,2p5x,1,5,57,14,0.7142857142857143,0.625,0.5744377358283529
midnight,Midnight,10x,40x,2,1,57,14,0.8333333333333333,0.6958333333333333,0.7317608632489855
midnight,Midnight,10x,10x,2,1,57,14,0.8809523809523808,0.7458333333333333,0.48926295335766545
midnight,Midnight,10x,2p5x,2,1,57,14,0.9285714285714286,0.7916666666666666,0.5822129572469458
midnight,Midnight,10x,40x,2,2,56,15,0.9357142857142857,0.7599206349206349,0.7196558854790497
midnight,Midnight,10x,10x,2,2,56,15,0.9357142857142857,0.7599206349206349,0.6625391588388467
midnight,Midnight,10x,2p5x,2,2,56,15,0.9357142857142857,0.7599206349206349,0.5391290569905698
midnight,Midnight,10x,40x,2,3,56,15,0.9523809523809523,0.8083333333333333,0.5496051201914324
midnight,Midnight,10x,10x,2,3,56,15,1.0,0.875,0.10530981684592942
midnight,Midnight,10x,2p5x,2,3,56,15,0.9523809523809523,0.8321428571428571,0.24082630038008074
midnight,Midnight,10x,40x,2,4,57,14,0.9166666666666666,0.6833333333333333,0.5610288131212682
midnight,Midnight,10x,10x,2,4,57,14,0.8055555555555555,0.6208333333333333,0.460481887171957
midnight,Midnight,10x,2p5x,2,4,57,14,0.8611111111111112,0.6583333333333333,0.5039659079358237
midnight,Midnight,10x,40x,2,5,58,13,0.75,0.7083333333333333,0.9120141125707852
midnight,Midnight,10x,10x,2,5,58,13,0.875,0.8708333333333333,0.9270209487152352
midnight,Midnight,10x,2p5x,2,5,58,13,0.875,0.8708333333333333,0.8759965992222152
midnight,Midnight,10x,40x,3,1,57,14,0.8333333333333333,0.6833333333333333,0.6749835842744706
midnight,Midnight,10x,10x,3,1,57,14,0.9523809523809523,0.8083333333333333,0.3526937440310535
midnight,Midnight,10x,2p5x,3,1,57,14,0.9523809523809523,0.8083333333333333,0.3936726067558339
midnight,Midnight,10x,40x,3,2,57,14,0.875,0.8333333333333333,0.9278976685777774
midnight,Midnight,10x,10x,3,2,57,14,0.875,0.8333333333333333,0.8241592395140904
midnight,Midnight,10x,2p5x,3,2,57,14,0.875,0.8333333333333333,0.6989600644363332
midnight,Midnight,10x,40x,3,3,56,15,0.7083333333333334,0.5333333333333333,0.8597725844810554
midnight,Midnight,10x,10x,3,3,56,15,0.9444444444444443,0.711111111111111,0.319438556489048
midnight,Midnight,10x,2p5x,3,3,56,15,0.8055555555555555,0.6214285714285714,0.4347670039144978
midnight,Midnight,10x,40x,3,4,57,14,0.761904761904762,0.6208333333333333,0.7094957533047791
midnight,Midnight,10x,10x,3,4,57,14,0.738095238095238,0.6375,0.6146528455365651
midnight,Midnight,10x,2p5x,3,4,57,14,0.6666666666666666,0.5125,0.7844972711908421
midnight,Midnight,10x,40x,3,5,57,14,0.8125,0.7904761904761906,0.6164966096109353
midnight,Midnight,10x,10x,3,5,57,14,0.8333333333333333,0.8083333333333333,0.3880049215333919
midnight,Midnight,10x,2p5x,3,5,57,14,0.8333333333333333,0.8083333333333333,0.5287470505108385
midnight,Midnight,10x,40x,4,1,57,14,0.7708333333333333,0.7416666666666667,0.8790920194622537
midnight,Midnight,10x,10x,4,1,57,14,0.8125,0.7904761904761906,0.8343175649575354
midnight,Midnight,10x,2p5x,4,1,57,14,0.8125,0.7904761904761906,0.5493045091860849
midnight,Midnight,10x,40x,4,2,57,14,0.9375,0.9333333333333333,0.43360750544847343
midnight,Midnight,10x,10x,4,2,57,14,1.0,1.0,0.03686918758888406
midnight,Midnight,10x,2p5x,4,2,57,14,1.0,1.0,0.1477021182295117
midnight,Midnight,10x,40x,4,3,56,15,0.6666666666666667,0.5333333333333333,0.8565449900356921
midnight,Midnight,10x,10x,4,3,56,15,0.8095238095238094,0.6833333333333333,0.31485400347872333
midnight,Midnight,10x,2p5x,4,3,56,15,0.7619047619047619,0.6333333333333333,0.5626154381392843
midnight,Midnight,10x,40x,4,4,57,14,0.7291666666666666,0.6755952380952381,0.9191297339891006
midnight,Midnight,10x,10x,4,4,57,14,0.9166666666666666,0.8958333333333333,0.9813860748907816
midnight,Midnight,10x,2p5x,4,4,57,14,0.7916666666666666,0.7583333333333333,1.1018668567517433
midnight,Midnight,10x,40x,4,5,57,14,0.9285714285714286,0.8083333333333333,0.5751160696669885
midnight,Midnight,10x,10x,4,5,57,14,0.9523809523809523,0.825,0.21654980689271858
midnight,Midnight,10x,2p5x,4,5,57,14,0.8809523809523808,0.7708333333333333,0.5319646458295273
midnight,Midnight,10x,40x,5,1,57,14,0.7291666666666666,0.7232142857142857,1.184795441763796
midnight,Midnight,10x,10x,5,1,57,14,0.8958333333333333,0.8708333333333333,0.9498686497328889
midnight,Midnight,10x,2p5x,5,1,57,14,0.8958333333333333,0.8708333333333333,0.8952924775104092
midnight,Midnight,10x,40x,5,2,56,15,0.875,0.8333333333333333,0.6486865193076461
midnight,Midnight,10x,10x,5,2,56,15,0.9583333333333333,0.9571428571428572,0.2664539341365766
midnight,Midnight,10x,2p5x,5,2,56,15,0.9166666666666666,0.8779761904761905,0.4438674125085178
midnight,Midnight,10x,40x,5,3,56,15,0.85,0.6145833333333333,0.7161344574603238
midnight,Midnight,10x,10x,5,3,56,15,0.85,0.6104166666666666,0.645468379703107
midnight,Midnight,10x,2p5x,5,3,56,15,0.8833333333333333,0.6527777777777778,0.5498675009429497
midnight,Midnight,10x,40x,5,4,57,14,0.7857142857142857,0.625,0.9074865263787242
midnight,Midnight,10x,10x,5,4,57,14,0.75,0.5583333333333333,1.0155785452585702
midnight,Midnight,10x,2p5x,5,4,57,14,0.6428571428571429,0.5416666666666666,1.000554659274895
midnight,Midnight,10x,40x,5,5,58,13,0.9285714285714286,0.7916666666666666,0.4910269283086181
midnight,Midnight,10x,10x,5,5,58,13,1.0,0.875,0.09204650583320305
midnight,Midnight,10x,2p5x,5,5,58,13,1.0,0.875,0.20242049960619823
midnight,Midnight,10x,40x,6,1,57,14,0.8571428571428571,0.725,0.4482483508375541
midnight,Midnight,10x,10x,6,1,57,14,1.0,0.875,0.03202042262692926
midnight,Midnight,10x,2p5x,6,1,57,14,1.0,0.875,0.14936309209487217
midnight,Midnight,10x,40x,6,2,57,14,0.875,0.8333333333333333,0.8194898449029513
midnight,Midnight,10x,10x,6,2,57,14,0.7083333333333333,0.6666666666666666,0.9188451111236101
midnight,Midnight,10x,2p5x,6,2,57,14,0.8333333333333333,0.7666666666666666,0.7440027622931205
midnight,Midnight,10x,40x,6,3,57,14,0.625,0.6041666666666667,0.721856033076767
midnight,Midnight,10x,10x,6,3,57,14,0.95,0.90625,0.3459424851522698
midnight,Midnight,10x,2p5x,6,3,57,14,0.825,0.7708333333333333,0.6595756856367901
midnight,Midnight,10x,40x,6,4,56,15,0.8928571428571429,0.7696428571428571,0.7292616052801608
midnight,Midnight,10x,10x,6,4,56,15,0.8928571428571429,0.7738095238095237,0.3990934169948946
midnight,Midnight,10x,2p5x,6,4,56,15,0.9285714285714286,0.8083333333333333,0.4994719341253005
midnight,Midnight,10x,40x,6,5,57,14,0.78125,0.7351190476190477,0.6996525738085714
midnight,Midnight,10x,10x,6,5,57,14,0.8125,0.7946428571428572,0.30700305861811467
midnight,Midnight,10x,2p5x,6,5,57,14,0.875,0.84375,0.6200696476212998
midnight,Midnight,10x,40x,7,1,57,14,0.9375,0.9166666666666666,0.5984601067199441
midnight,Midnight,10x,10x,7,1,57,14,0.875,0.8666666666666667,0.4743170733774244
midnight,Midnight,10x,2p5x,7,1,57,14,0.875,0.8666666666666667,0.5014366835019775
midnight,Midnight,10x,40x,7,2,56,15,0.7916666666666666,0.76875,0.5458048454752176
midnight,Midnight,10x,10x,7,2,56,15,0.9583333333333333,0.9571428571428571,0.16938147320284258
midnight,Midnight,10x,2p5x,7,2,56,15,0.8333333333333333,0.8154761904761905,0.3051570960403534
midnight,Midnight,10x,40x,7,3,58,13,0.7857142857142857,0.6208333333333333,0.5157169309421434
midnight,Midnight,10x,10x,7,3,58,13,1.0,0.875,0.06521144826653259
midnight,Midnight,10x,2p5x,7,3,58,13,1.0,0.875,0.24389495072521156
midnight,Midnight,10x,40x,7,4,56,15,0.75,0.7291666666666666,0.9643547417166624
midnight,Midnight,10x,10x,7,4,56,15,0.875,0.8630952380952381,0.8145095249765251
midnight,Midnight,10x,2p5x,7,4,56,15,0.8125,0.7797619047619048,0.7030581345548188
midnight,Midnight,10x,40x,7,5,57,14,0.75,0.6458333333333333,0.7772964762424365
midnight,Midnight,10x,10x,7,5,57,14,0.7708333333333333,0.7041666666666666,0.7222996525155996
midnight,Midnight,10x,2p5x,7,5,57,14,0.7083333333333333,0.6208333333333333,0.6965954442704726
midnight,Midnight,10x,40x,8,1,56,15,0.7380952380952381,0.6029761904761904,0.8185331947468542
midnight,Midnight,10x,10x,8,1,56,15,0.7857142857142857,0.6458333333333333,0.6912257886039229
midnight,Midnight,10x,2p5x,8,1,56,15,0.7857142857142857,0.6458333333333333,0.5366518317679234
midnight,Midnight,10x,40x,8,2,57,14,0.8571428571428571,0.725,0.8905521235507637
midnight,Midnight,10x,10x,8,2,57,14,0.6309523809523808,0.5270833333333333,0.5754941229907055
midnight,Midnight,10x,2p5x,8,2,57,14,0.8214285714285714,0.6892857142857143,0.7173607038465774
midnight,Midnight,10x,40x,8,3,57,14,0.8571428571428571,0.6625,0.7713032917387322
midnight,Midnight,10x,10x,8,3,57,14,0.8571428571428571,0.6833333333333333,0.7698526567115679
midnight,Midnight,10x,2p5x,8,3,57,14,0.7142857142857143,0.5416666666666666,0.9251577492940131
midnight,Midnight,10x,40x,8,4,58,13,0.7999999999999999,0.6458333333333333,0.7068612437811626
midnight,Midnight,10x,10x,8,4,58,13,1.0,0.875,0.0754975915668714
midnight,Midnight,10x,2p5x,8,4,58,13,1.0,0.875,0.30812488214660694
midnight,Midnight,10x,40x,8,5,56,15,0.9375,0.9444444444444444,0.5645080035137944
midnight,Midnight,10x,10x,8,5,56,15,0.90625,0.9020833333333333,0.3599949470274327
midnight,Midnight,10x,2p5x,8,5,56,15,0.90625,0.9020833333333333,0.4957755172883508
midnight,Midnight,10x,40x,9,1,57,14,0.6666666666666666,0.48194444444444445,0.6526680914090137
midnight,Midnight,10x,10x,9,1,57,14,1.0,0.75,0.1443203300448734
midnight,Midnight,10x,2p5x,9,1,57,14,0.8333333333333334,0.6,0.26145521580191206
midnight,Midnight,10x,40x,9,2,57,14,0.9642857142857143,0.8321428571428571,0.6812728295358859
midnight,Midnight,10x,10x,9,2,57,14,0.9642857142857143,0.8321428571428571,0.6281706561639824
midnight,Midnight,10x,2p5x,9,2,57,14,0.9642857142857143,0.8321428571428571,0.5578839333537123
midnight,Midnight,10x,40x,9,3,56,15,0.7083333333333333,0.6625,0.6899419937741597
midnight,Midnight,10x,10x,9,3,56,15,0.9375,0.9333333333333333,0.23718688046645361
midnight,Midnight,10x,2p5x,9,3,56,15,0.8125,0.7916666666666666,0.43823185725652336
midnight,Midnight,10x,40x,9,4,57,14,0.8809523809523808,0.7708333333333333,0.6778482365548592
midnight,Midnight,10x,10x,9,4,57,14,0.8809523809523808,0.7583333333333333,0.5165152181318812
midnight,Midnight,10x,2p5x,9,4,57,14,0.8809523809523808,0.7583333333333333,0.703540601392269
midnight,Midnight,10x,40x,9,5,57,14,0.8214285714285714,0.6892857142857143,0.7843726144271813
midnight,Midnight,10x,10x,9,5,57,14,0.75,0.6029761904761904,0.6392147058851646
midnight,Midnight,10x,2p5x,9,5,57,14,0.75,0.6029761904761904,0.7026717430528662
midnight,Midnight,2p5x,40x,0,1,57,14,0.8333333333333334,0.7041666666666666,1.1023156702579837
midnight,Midnight,2p5x,10x,0,1,57,14,0.9047619047619049,0.7625,0.8981225137265963
midnight,Midnight,2p5x,2p5x,0,1,57,14,0.761904761904762,0.6208333333333333,0.8275267872367335
midnight,Midnight,2p5x,40x,0,2,56,15,0.8571428571428571,0.7071428571428571,0.7953409509772481
midnight,Midnight,2p5x,10x,0,2,56,15,0.9285714285714286,0.8083333333333333,0.380864615620171
midnight,Midnight,2p5x,2p5x,0,2,56,15,1.0,0.875,0.06794720159880607
midnight,Midnight,2p5x,40x,0,3,57,14,0.6875,0.6238095238095238,1.0487465704211612
midnight,Midnight,2p5x,10x,0,3,57,14,0.8125,0.7416666666666667,0.6336223277599587
midnight,Midnight,2p5x,2p5x,0,3,57,14,0.9375,0.9333333333333333,0.22821103429115006
midnight,Midnight,2p5x,40x,0,4,57,14,0.6666666666666666,0.5541666666666667,1.0854485849450604
midnight,Midnight,2p5x,10x,0,4,57,14,0.9375,0.9333333333333333,0.5880110471100549
midnight,Midnight,2p5x,2p5x,0,4,57,14,0.9375,0.9166666666666666,0.21752105268235944
midnight,Midnight,2p5x,40x,0,5,57,14,0.738095238095238,0.5958333333333333,0.9167942414408253
midnight,Midnight,2p5x,10x,0,5,57,14,0.8809523809523808,0.7625,0.5228001039679373
midnight,Midnight,2p5x,2p5x,0,5,57,14,0.8809523809523808,0.7625,0.3713962878247904
midnight,Midnight,2p5x,40x,1,1,57,14,0.6428571428571429,0.5053030303030303,0.9635780878482443
midnight,Midnight,2p5x,10x,1,1,57,14,0.9285714285714286,0.8333333333333333,0.46069367803153255
midnight,Midnight,2p5x,2p5x,1,1,57,14,0.9285714285714286,0.8333333333333333,0.20904135974810226
midnight,Midnight,2p5x,40x,1,2,57,14,0.4583333333333333,0.35892857142857143,1.3056176748112378
midnight,Midnight,2p5x,10x,1,2,57,14,0.7083333333333333,0.6964285714285714,0.9015268052113471
midnight,Midnight,2p5x,2p5x,1,2,57,14,0.8125,0.8020833333333333,0.6780367706775576
midnight,Midnight,2p5x,40x,1,3,56,15,0.7083333333333333,0.6,1.1762706157730187
midnight,Midnight,2p5x,10x,1,3,56,15,0.7708333333333333,0.7625,0.6812674867747344
midnight,Midnight,2p5x,2p5x,1,3,56,15,0.8333333333333333,0.8071428571428572,0.3158181361209285
midnight,Midnight,2p5x,40x,1,4,57,14,0.9166666666666666,0.6944444444444444,0.6466396430787266
midnight,Midnight,2p5x,10x,1,4,57,14,0.9583333333333334,0.7321428571428572,0.395784524193827
midnight,Midnight,2p5x,2p5x,1,4,57,14,0.9583333333333334,0.7321428571428572,0.19954514616151453
midnight,Midnight,2p5x,40x,1,5,57,14,0.8095238095238095,0.6583333333333333,0.9491788270370128
midnight,Midnight,2p5x,10x,1,5,57,14,0.8214285714285714,0.6904761904761905,0.6690441137993008
midnight,Midnight,2p5x,2p5x,1,5,57,14,0.7857142857142857,0.6875,0.5366167703023064
midnight,Midnight,2p5x,40x,2,1,57,14,0.7619047619047619,0.6714285714285715,1.0651282721680393
midnight,Midnight,2p5x,10x,2,1,57,14,0.8809523809523808,0.7458333333333333,0.5993976208881441
midnight,Midnight,2p5x,2p5x,2,1,57,14,0.8809523809523808,0.7458333333333333,0.47292667818917294
midnight,Midnight,2p5x,40x,2,2,56,15,0.6785714285714286,0.47172619047619047,1.3329186026055655
midnight,Midnight,2p5x,10x,2,2,56,15,0.7642857142857142,0.5967261904761905,0.9356953441769119
midnight,Midnight,2p5x,2p5x,2,2,56,15,0.7928571428571428,0.6765873015873016,0.6565217749266666
midnight,Midnight,2p5x,40x,2,3,56,15,0.7380952380952381,0.6458333333333333,0.9708196378203939
midnight,Midnight,2p5x,10x,2,3,56,15,0.8333333333333334,0.7291666666666666,0.5840732770455934
midnight,Midnight,2p5x,2p5x,2,3,56,15,0.9523809523809523,0.8321428571428572,0.09729148318533522
midnight,Midnight,2p5x,40x,2,4,57,14,0.7777777777777778,0.5779761904761904,0.8727544536333965
midnight,Midnight,2p5x,10x,2,4,57,14,0.8611111111111112,0.6654761904761904,0.4562960939052138
midnight,Midnight,2p5x,2p5x,2,4,57,14,0.8888888888888888,0.6875,0.3356701369333867
midnight,Midnight,2p5x,40x,2,5,58,13,0.6875,0.6499999999999999,1.0804010356277616
midnight,Midnight,2p5x,10x,2,5,58,13,0.875,0.8708333333333333,0.8620232925725312
midnight,Midnight,2p5x,2p5x,2,5,58,13,0.875,0.8708333333333333,0.8027196220772838
midnight,Midnight,2p5x,40x,3,1,57,14,0.7857142857142857,0.6520833333333333,0.8222224897427916
midnight,Midnight,2p5x,10x,3,1,57,14,0.9285714285714286,0.8154761904761905,0.4412966658103649
midnight,Midnight,2p5x,2p5x,3,1,57,14,0.9523809523809523,0.8083333333333333,0.2645267864421618
midnight,Midnight,2p5x,40x,3,2,57,14,0.875,0.8321428571428571,0.9389032539907644
midnight,Midnight,2p5x,10x,3,2,57,14,0.875,0.8321428571428571,0.7141612964540666
midnight,Midnight,2p5x,2p5x,3,2,57,14,0.875,0.8333333333333333,0.7362054288530905
midnight,Midnight,2p5x,40x,3,3,56,15,0.6666666666666666,0.4666666666666666,1.2077753858476943
midnight,Midnight,2p5x,10x,3,3,56,15,0.8472222222222222,0.6696428571428572,0.7623241334039498
midnight,Midnight,2p5x,2p5x,3,3,56,15,1.0,0.75,0.14598641286224548
midnight,Midnight,2p5x,40x,3,4,57,14,0.7023809523809523,0.6029761904761906,1.1574037412644784
midnight,Midnight,2p5x,10x,3,4,57,14,0.5238095238095238,0.4083333333333333,0.820306262036364
midnight,Midnight,2p5x,2p5x,3,4,57,14,0.6666666666666666,0.5333333333333333,0.7134448376507047
midnight,Midnight,2p5x,40x,3,5,57,14,0.6875,0.6270833333333333,1.0221522307468447
midnight,Midnight,2p5x,10x,3,5,57,14,0.875,0.8571428571428572,0.5111316201493149
midnight,Midnight,2p5x,2p5x,3,5,57,14,0.875,0.8571428571428572,0.32646307145181064
midnight,Midnight,2p5x,40x,4,1,57,14,0.7708333333333333,0.7416666666666667,1.052900309419644
midnight,Midnight,2p5x,10x,4,1,57,14,0.7708333333333333,0.7416666666666667,0.6736627404108999
midnight,Midnight,2p5x,2p5x,4,1,57,14,0.8958333333333333,0.8666666666666667,0.6433676343072844
midnight,Midnight,2p5x,40x,4,2,57,14,0.75,0.7166666666666667,0.9206774189192316
midnight,Midnight,2p5x,10x,4,2,57,14,1.0,1.0,0.3162567479364317
midnight,Midnight,2p5x,2p5x,4,2,57,14,1.0,1.0,0.02311901806485739
midnight,Midnight,2p5x,40x,4,3,56,15,0.6190476190476192,0.4375,1.0457287116887217
midnight,Midnight,2p5x,10x,4,3,56,15,0.7142857142857143,0.5249999999999999,0.7185525721433118
midnight,Midnight,2p5x,2p5x,4,3,56,15,0.9523809523809523,0.8083333333333333,0.2862774698996754
midnight,Midnight,2p5x,40x,4,4,57,14,0.7708333333333333,0.7130952380952381,1.1275747328229857
midnight,Midnight,2p5x,10x,4,4,57,14,0.7916666666666666,0.7791666666666667,0.9485952376621183
midnight,Midnight,2p5x,2p5x,4,4,57,14,0.8541666666666666,0.8291666666666666,0.9447782427029427
midnight,Midnight,2p5x,40x,4,5,57,14,0.8571428571428571,0.7142857142857143,1.0516237154306531
midnight,Midnight,2p5x,10x,4,5,57,14,0.8809523809523808,0.75,0.7174713042700759
midnight,Midnight,2p5x,2p5x,4,5,57,14,0.9523809523809523,0.825,0.25282368695407925
midnight,Midnight,2p5x,40x,5,1,57,14,0.6041666666666666,0.5104166666666666,1.4369741073020297
midnight,Midnight,2p5x,10x,5,1,57,14,0.8333333333333333,0.8166666666666667,1.0657579282756344
midnight,Midnight,2p5x,2p5x,5,1,57,14,0.8333333333333333,0.8166666666666667,0.903038149807554
midnight,Midnight,2p5x,40x,5,2,56,15,0.8541666666666666,0.8291666666666666,0.9804409572350817
midnight,Midnight,2p5x,10x,5,2,56,15,0.9166666666666666,0.8875,0.6088257787602088
midnight,Midnight,2p5x,2p5x,5,2,56,15,0.9583333333333333,0.9333333333333333,0.23624804512876305
midnight,Midnight,2p5x,40x,5,3,56,15,0.6666666666666666,0.4652777777777778,0.8002079164773168
midnight,Midnight,2p5x,10x,5,3,56,15,0.7999999999999999,0.5444444444444445,0.5429629854196396
midnight,Midnight,2p5x,2p5x,5,3,56,15,0.9333333333333332,0.65625,0.3411331272627699
midnight,Midnight,2p5x,40x,5,4,57,14,0.5952380952380952,0.4654761904761905,1.2290011106206753
midnight,Midnight,2p5x,10x,5,4,57,14,0.6428571428571429,0.5833333333333333,0.9600199457770529
midnight,Midnight,2p5x,2p5x,5,4,57,14,0.9285714285714286,0.7708333333333333,0.9027869934047578
midnight,Midnight,2p5x,40x,5,5,58,13,0.7857142857142857,0.6416666666666666,0.8743473823624903
midnight,Midnight,2p5x,10x,5,5,58,13,1.0,0.875,0.38079871436299784
midnight,Midnight,2p5x,2p5x,5,5,58,13,1.0,0.875,0.07594010058257307
midnight,Midnight,2p5x,40x,6,1,57,14,0.7857142857142857,0.671969696969697,0.7382372694976898
midnight,Midnight,2p5x,10x,6,1,57,14,1.0,0.875,0.3403562058214685
midnight,Midnight,2p5x,2p5x,6,1,57,14,1.0,0.875,0.04751263915383526
midnight,Midnight,2p5x,40x,6,2,57,14,0.75,0.6904761904761905,0.8321650546858733
midnight,Midnight,2p5x,10x,6,2,57,14,0.75,0.6904761904761905,0.6356935065006393
midnight,Midnight,2p5x,2p5x,6,2,57,14,0.8333333333333333,0.7666666666666666,0.7571285873085258
midnight,Midnight,2p5x,40x,6,3,57,14,0.625,0.546969696969697,1.008728380516548
midnight,Midnight,2p5x,10x,6,3,57,14,0.75,0.7136363636363636,0.7291531339514883
midnight,Midnight,2p5x,2p5x,6,3,57,14,0.875,0.8636363636363636,0.23408735462519564
midnight,Midnight,2p5x,40x,6,4,56,15,0.9285714285714286,0.8194444444444444,0.9198639074178473
midnight,Midnight,2p5x,10x,6,4,56,15,0.9642857142857143,0.8321428571428571,0.4249425966887573
midnight,Midnight,2p5x,2p5x,6,4,56,15,0.8928571428571429,0.7696428571428571,0.3243429487230924
midnight,Midnight,2p5x,40x,6,5,57,14,0.5729166666666666,0.45972222222222225,1.3622123325694877
midnight,Midnight,2p5x,10x,6,5,57,14,0.7708333333333333,0.7333333333333334,0.8375043524315265
midnight,Midnight,2p5x,2p5x,6,5,57,14,0.75,0.6904761904761905,0.47496810978782605
midnight,Midnight,2p5x,40x,7,1,57,14,0.625,0.5464285714285714,0.9761703374028396
midnight,Midnight,2p5x,10x,7,1,57,14,0.9375,0.9333333333333333,0.5388389215663967
midnight,Midnight,2p5x,2p5x,7,1,57,14,0.9375,0.9333333333333333,0.205963213715786
midnight,Midnight,2p5x,40x,7,2,56,15,0.7291666666666666,0.7041666666666666,1.0156160196864357
midnight,Midnight,2p5x,10x,7,2,56,15,0.7916666666666666,0.76875,0.6425369696804133
midnight,Midnight,2p5x,2p5x,7,2,56,15,0.9583333333333333,0.9571428571428571,0.15799292143077937
midnight,Midnight,2p5x,40x,7,3,58,13,0.7857142857142857,0.6583333333333333,0.8103335994563318
midnight,Midnight,2p5x,10x,7,3,58,13,1.0,0.875,0.34664560553236623
midnight,Midnight,2p5x,2p5x,7,3,58,13,1.0,0.875,0.04792118238318156
midnight,Midnight,2p5x,40x,7,4,56,15,0.75,0.6875,1.079571258214803
midnight,Midnight,2p5x,10x,7,4,56,15,0.71875,0.7071428571428571,0.8662456660376597
midnight,Midnight,2p5x,2p5x,7,4,56,15,0.9375,0.9166666666666666,0.7148913373584137
midnight,Midnight,2p5x,40x,7,5,57,14,0.7916666666666666,0.7333333333333334,0.918479347182444
midnight,Midnight,2p5x,10x,7,5,57,14,0.8333333333333333,0.7833333333333333,0.5597387726036847
midnight,Midnight,2p5x,2p5x,7,5,57,14,0.7708333333333333,0.7041666666666666,0.6346763958433909
midnight,Midnight,2p5x,40x,8,1,56,15,0.6904761904761906,0.5625,0.9708257556015992
midnight,Midnight,2p5x,10x,8,1,56,15,0.7380952380952381,0.6029761904761904,0.658903550895923
midnight,Midnight,2p5x,2p5x,8,1,56,15,0.7857142857142857,0.6458333333333333,0.5851504172915981
midnight,Midnight,2p5x,40x,8,2,57,14,0.6666666666666666,0.5125,1.127830353356822
midnight,Midnight,2p5x,10x,8,2,57,14,0.7142857142857143,0.6,0.7116622588550776
midnight,Midnight,2p5x,2p5x,8,2,57,14,0.6785714285714286,0.5508928571428572,0.4392904311773527
midnight,Midnight,2p5x,40x,8,3,57,14,0.5,0.35,1.0810925791816914
midnight,Midnight,2p5x,10x,8,3,57,14,0.7142857142857143,0.5333333333333333,1.013162679380853
midnight,Midnight,2p5x,2p5x,8,3,57,14,0.8571428571428571,0.6964285714285714,0.9484236332456903
midnight,Midnight,2p5x,40x,8,4,58,13,0.7142857142857143,0.6041666666666666,0.8751556145439813
midnight,Midnight,2p5x,10x,8,4,58,13,1.0,0.875,0.4131532327993446
midnight,Midnight,2p5x,2p5x,8,4,58,13,1.0,0.875,0.04601743049350297
midnight,Midnight,2p5x,40x,8,5,56,15,0.75,0.7575757575757576,0.9465230912634354
midnight,Midnight,2p5x,10x,8,5,56,15,0.75,0.7575757575757576,0.5873750873274296
midnight,Midnight,2p5x,2p5x,8,5,56,15,0.9375,0.9444444444444444,0.30346541875511257
midnight,Midnight,2p5x,40x,9,1,57,14,0.7777777777777778,0.586111111111111,0.939038821805742
midnight,Midnight,2p5x,10x,9,1,57,14,0.9166666666666666,0.6944444444444444,0.5501008458208138
midnight,Midnight,2p5x,2p5x,9,1,57,14,1.0,0.75,0.13498754822635103
midnight,Midnight,2p5x,40x,9,2,57,14,0.8928571428571429,0.7333333333333334,1.03021434196385
midnight,Midnight,2p5x,10x,9,2,57,14,0.9642857142857143,0.8321428571428571,0.6029774760866582
midnight,Midnight,2p5x,2p5x,9,2,57,14,0.9642857142857143,0.8321428571428571,0.5282131589287493
midnight,Midnight,2p5x,40x,9,3,56,15,0.625,0.5305555555555556,1.1200331040755926
midnight,Midnight,2p5x,10x,9,3,56,15,0.75,0.7333333333333334,0.7208443077554665
midnight,Midnight,2p5x,2p5x,9,3,56,15,0.875,0.8541666666666666,0.36945098178725144
midnight,Midnight,2p5x,40x,9,4,57,14,0.7142857142857143,0.6,0.9403644377544251
midnight,Midnight,2p5x,10x,9,4,57,14,0.738095238095238,0.6089285714285715,0.6318687368004149
midnight,Midnight,2p5x,2p5x,9,4,57,14,0.8809523809523808,0.7583333333333333,0.4058070243067303
midnight,Midnight,2p5x,40x,9,5,57,14,0.6071428571428571,0.4535714285714286,1.2552084581293639
midnight,Midnight,2p5x,10x,9,5,57,14,0.6428571428571429,0.5,0.8498478545394832
midnight,Midnight,2p5x,2p5x,9,5,57,14,0.8214285714285714,0.6821428571428572,0.44733846330980453
gigapath,GigaPath,40x,40x,0,1,57,14,0.761904761904762,0.6416666666666666,1.3559990108374138
gigapath,GigaPath,40x,10x,0,1,57,14,0.47619047619047616,0.35795454545454547,1.5430833267475381
gigapath,GigaPath,40x,2p5x,0,1,57,14,0.4047619047619047,0.2912878787878788,2.4003454535179407
gigapath,GigaPath,40x,40x,0,2,56,15,0.7857142857142857,0.6875,0.8817581123451904
gigapath,GigaPath,40x,10x,0,2,56,15,0.35714285714285715,0.2727272727272727,1.5258572508852424
gigapath,GigaPath,40x,2p5x,0,2,56,15,0.14285714285714285,0.045454545454545456,3.3675678474133734
gigapath,GigaPath,40x,40x,0,3,57,14,0.75,0.6875,0.6939668431328165
gigapath,GigaPath,40x,10x,0,3,57,14,0.625,0.5291666666666667,1.2368924769770504
gigapath,GigaPath,40x,2p5x,0,3,57,14,0.125,0.016666666666666666,4.234378972711321
gigapath,GigaPath,40x,40x,0,4,57,14,0.5625,0.5166666666666666,1.3929485063577947
gigapath,GigaPath,40x,10x,0,4,57,14,0.625,0.5875,0.9749407408926514
gigapath,GigaPath,40x,2p5x,0,4,57,14,0.1875,0.08125,2.589616891087616
gigapath,GigaPath,40x,40x,0,5,57,14,0.619047619047619,0.5375,1.0191580304080314
gigapath,GigaPath,40x,10x,0,5,57,14,0.5714285714285714,0.47559523809523807,1.3909350104977996
gigapath,GigaPath,40x,2p5x,0,5,57,14,0.14285714285714285,0.03125,4.951968791052162
gigapath,GigaPath,40x,40x,1,1,57,14,0.8285714285714285,0.6319444444444444,0.9175897142075417
gigapath,GigaPath,40x,10x,1,1,57,14,0.5714285714285714,0.45238095238095233,2.510492254011968
gigapath,GigaPath,40x,2p5x,1,1,57,14,0.14285714285714285,0.03125,5.0833491926238805
gigapath,GigaPath,40x,40x,1,2,57,14,0.3333333333333333,0.29642857142857143,2.1104940601867535
gigapath,GigaPath,40x,10x,1,2,57,14,0.3958333333333333,0.425,1.699271985026727
gigapath,GigaPath,40x,2p5x,1,2,57,14,0.14583333333333331,0.08571428571428572,2.4487869162191798
gigapath,GigaPath,40x,40x,1,3,56,15,0.7708333333333333,0.7166666666666666,1.3822169642842186
gigapath,GigaPath,40x,10x,1,3,56,15,0.6666666666666666,0.6273809523809524,1.3996938457309562
gigapath,GigaPath,40x,2p5x,1,3,56,15,0.25,0.1527777777777778,3.360598242585326
gigapath,GigaPath,40x,40x,1,4,57,14,0.8333333333333334,0.586111111111111,0.48065876603961727
gigapath,GigaPath,40x,10x,1,4,57,14,0.7083333333333334,0.4821428571428571,0.7100184196549756
gigapath,GigaPath,40x,2p5x,1,4,57,14,0.16666666666666666,0.016666666666666666,3.2630321464176357
gigapath,GigaPath,40x,40x,1,5,57,14,0.7380952380952381,0.6833333333333333,1.2344377198592142
gigapath,GigaPath,40x,10x,1,5,57,14,0.42857142857142855,0.35357142857142854,1.437894468198129
gigapath,GigaPath,40x,2p5x,1,5,57,14,0.047619047619047616,0.0625,3.0208067175955198
gigapath,GigaPath,40x,40x,2,1,57,14,0.7619047619047619,0.6125,0.8835420484396098
gigapath,GigaPath,40x,10x,2,1,57,14,0.761904761904762,0.5833333333333333,0.9657182717469609
gigapath,GigaPath,40x,2p5x,2,1,57,14,0.14285714285714285,0.016666666666666666,3.2718964314770074
gigapath,GigaPath,40x,40x,2,2,56,15,0.7000000000000001,0.47619047619047616,1.4541925763282555
gigapath,GigaPath,40x,10x,2,2,56,15,0.6714285714285715,0.5,2.3329499945503973
gigapath,GigaPath,40x,2p5x,2,2,56,15,0.0,0.0,4.979343257434417
gigapath,GigaPath,40x,40x,2,3,56,15,0.7142857142857143,0.6041666666666666,1.441439912327599
gigapath,GigaPath,40x,10x,2,3,56,15,0.4523809523809524,0.3877164502164502,1.5796487908430248
gigapath,GigaPath,40x,2p5x,2,3,56,15,0.19047619047619047,0.08928571428571427,3.0606344401312313
gigapath,GigaPath,40x,40x,2,4,57,14,0.5555555555555555,0.4083333333333333,1.3943144761353907
gigapath,GigaPath,40x,10x,2,4,57,14,0.611111111111111,0.4291666666666667,0.9798009098291115
gigapath,GigaPath,40x,2p5x,2,4,57,14,0.3333333333333333,0.15267857142857144,2.539517875776672
gigapath,GigaPath,40x,40x,2,5,58,13,0.875,0.8708333333333333,0.7988497149144005
gigapath,GigaPath,40x,10x,2,5,58,13,0.6875,0.6130952380952381,1.153675043280052
gigapath,GigaPath,40x,2p5x,2,5,58,13,0.1875,0.09166666666666667,2.8865464151262903
gigapath,GigaPath,40x,40x,3,1,57,14,0.6904761904761905,0.5625,1.3419211944729543
gigapath,GigaPath,40x,10x,3,1,57,14,0.7142857142857143,0.5763888888888888,1.2097760554260844
gigapath,GigaPath,40x,2p5x,3,1,57,14,0.4047619047619047,0.27499999999999997,2.5485373177597848
gigapath,GigaPath,40x,40x,3,2,57,14,0.6875,0.6208333333333333,1.4729333190155314
gigapath,GigaPath,40x,10x,3,2,57,14,0.5,0.41309523809523807,1.7642245280122941
gigapath,GigaPath,40x,2p5x,3,2,57,14,0.375,0.24305555555555555,2.4226572336374876
gigapath,GigaPath,40x,40x,3,3,56,15,0.625,0.45208333333333334,0.9059744214271997
gigapath,GigaPath,40x,10x,3,3,56,15,0.7083333333333334,0.5541666666666667,1.3676615523727116
gigapath,GigaPath,40x,2p5x,3,3,56,15,0.3333333333333333,0.16346153846153846,4.5126622755245505
gigapath,GigaPath,40x,40x,3,4,57,14,0.738095238095238,0.6625,0.6128474944420015
gigapath,GigaPath,40x,10x,3,4,57,14,0.5714285714285714,0.42291666666666666,1.2719400740203688
gigapath,GigaPath,40x,2p5x,3,4,57,14,0.14285714285714285,0.016666666666666666,4.746586972585078
gigapath,GigaPath,40x,40x,3,5,57,14,0.7708333333333333,0.7458333333333333,0.7320205816696401
gigapath,GigaPath,40x,10x,3,5,57,14,0.5833333333333333,0.5297619047619048,0.8730437090311198
gigapath,GigaPath,40x,2p5x,3,5,57,14,0.1875,0.11666666666666667,2.286336475660587
gigapath,GigaPath,40x,40x,4,1,57,14,0.7083333333333333,0.6875,1.2108338531660745
gigapath,GigaPath,40x,10x,4,1,57,14,0.5,0.3678571428571429,1.3847121731233705
gigapath,GigaPath,40x,2p5x,4,1,57,14,0.1875,0.11666666666666667,3.4930862277198638
gigapath,GigaPath,40x,40x,4,2,57,14,0.75,0.7208333333333333,0.9839050530984849
gigapath,GigaPath,40x,10x,4,2,57,14,0.625,0.5791666666666666,1.2080614319439333
gigapath,GigaPath,40x,2p5x,4,2,57,14,0.375,0.24305555555555555,2.659167833778962
gigapath,GigaPath,40x,40x,4,3,56,15,0.5476190476190476,0.5,1.1557065874095385
gigapath,GigaPath,40x,10x,4,3,56,15,0.11904761904761904,0.14583333333333331,2.3469222192409145
gigapath,GigaPath,40x,2p5x,4,3,56,15,0.14285714285714285,0.016666666666666666,5.257010876900194
gigapath,GigaPath,40x,40x,4,4,57,14,0.7291666666666666,0.6666666666666666,0.7904731223002274
gigapath,GigaPath,40x,10x,4,4,57,14,0.7916666666666666,0.7291666666666666,0.9162261115037341
gigapath,GigaPath,40x,2p5x,4,4,57,14,0.125,0.016666666666666666,3.3939041362815496
gigapath,GigaPath,40x,40x,4,5,57,14,0.8333333333333333,0.7375,0.8242030184112787
gigapath,GigaPath,40x,10x,4,5,57,14,0.8095238095238094,0.725,0.548739267187158
gigapath,GigaPath,40x,2p5x,4,5,57,14,0.23809523809523808,0.1607142857142857,1.6546074286433057
gigapath,GigaPath,40x,40x,5,1,57,14,0.3958333333333333,0.31666666666666665,1.997128017609416
gigapath,GigaPath,40x,10x,5,1,57,14,0.5416666666666666,0.4625,1.8065147463783788
gigapath,GigaPath,40x,2p5x,5,1,57,14,0.125,0.03125,3.3225585316185895
gigapath,GigaPath,40x,40x,5,2,56,15,0.7708333333333333,0.6988095238095238,1.2916488538950368
gigapath,GigaPath,40x,10x,5,2,56,15,0.7083333333333333,0.6583333333333333,0.9419949795714416
gigapath,GigaPath,40x,2p5x,5,2,56,15,0.2916666666666667,0.16944444444444443,2.17807771954444
gigapath,GigaPath,40x,40x,5,3,56,15,0.6083333333333333,0.44047619047619047,1.3612731190514478
gigapath,GigaPath,40x,10x,5,3,56,15,0.7166666666666667,0.48333333333333334,1.4641381875143427
gigapath,GigaPath,40x,2p5x,5,3,56,15,0.16666666666666666,0.015625,4.259720984633745
gigapath,GigaPath,40x,40x,5,4,57,14,0.7023809523809524,0.4958333333333333,1.0887385580501
gigapath,GigaPath,40x,10x,5,4,57,14,0.7976190476190477,0.6124999999999999,1.5674169236571491
gigapath,GigaPath,40x,2p5x,5,4,57,14,0.14285714285714285,0.016666666666666666,4.502527155355077
gigapath,GigaPath,40x,40x,5,5,58,13,0.8571428571428571,0.6904761904761905,0.7424020295484729
gigapath,GigaPath,40x,10x,5,5,58,13,0.40476190476190477,0.34375,1.5764461561604812
gigapath,GigaPath,40x,2p5x,5,5,58,13,0.14285714285714285,0.017857142857142856,3.259455659149971
gigapath,GigaPath,40x,40x,6,1,57,14,0.7857142857142857,0.6416666666666666,0.46425175508532807
gigapath,GigaPath,40x,10x,6,1,57,14,0.6428571428571429,0.5208333333333333,1.9513024490463462
gigapath,GigaPath,40x,2p5x,6,1,57,14,0.14285714285714285,0.016666666666666666,4.346085081793541
gigapath,GigaPath,40x,40x,6,2,57,14,0.625,0.5583333333333333,1.487244431538213
gigapath,GigaPath,40x,10x,6,2,57,14,0.5,0.4339285714285714,1.4774064798213777
gigapath,GigaPath,40x,2p5x,6,2,57,14,0.25,0.10256410256410256,3.042305821612056
gigapath,GigaPath,40x,40x,6,3,57,14,0.5875,0.4833333333333333,1.5746722187663746
gigapath,GigaPath,40x,10x,6,3,57,14,0.825,0.7395833333333333,1.009021547991049
gigapath,GigaPath,40x,2p5x,6,3,57,14,0.125,0.016666666666666666,2.7841713438272477
gigapath,GigaPath,40x,40x,6,4,56,15,0.6785714285714286,0.58125,0.9452957398543702
gigapath,GigaPath,40x,10x,6,4,56,15,0.7261904761904762,0.6363095238095238,0.9794033383840534
gigapath,GigaPath,40x,2p5x,6,4,56,15,0.2857142857142857,0.1842948717948718,2.165995138185105
gigapath,GigaPath,40x,40x,6,5,57,14,0.7708333333333333,0.773611111111111,0.5349990500914761
gigapath,GigaPath,40x,10x,6,5,57,14,0.6875,0.613095238095238,0.7104462556352361
gigapath,GigaPath,40x,2p5x,6,5,57,14,0.125,0.04411764705882353,3.1110788710980084
gigapath,GigaPath,40x,40x,7,1,57,14,0.625,0.6291666666666667,0.994911849527175
gigapath,GigaPath,40x,10x,7,1,57,14,0.75,0.7172619047619048,0.8680456457357417
gigapath,GigaPath,40x,2p5x,7,1,57,14,0.25,0.18055555555555555,2.5430463025217556
gigapath,GigaPath,40x,40x,7,2,56,15,0.6875,0.6000000000000001,0.7282142264696613
gigapath,GigaPath,40x,10x,7,2,56,15,0.7708333333333333,0.7416666666666667,1.063616649076493
gigapath,GigaPath,40x,2p5x,7,2,56,15,0.125,0.015625,3.414026124359697
gigapath,GigaPath,40x,40x,7,3,58,13,0.7142857142857143,0.6,0.3365233582967998
gigapath,GigaPath,40x,10x,7,3,58,13,0.7142857142857143,0.5583333333333333,0.892688351345856
gigapath,GigaPath,40x,2p5x,7,3,58,13,0.21428571428571427,0.10416666666666666,2.7463289715898496
gigapath,GigaPath,40x,40x,7,4,56,15,0.71875,0.6333333333333333,1.4370261586721973
gigapath,GigaPath,40x,10x,7,4,56,15,0.625,0.5595238095238095,1.2340433425580342
gigapath,GigaPath,40x,2p5x,7,4,56,15,0.125,0.05263157894736842,2.7254775323493488
gigapath,GigaPath,40x,40x,7,5,57,14,0.75,0.7,1.0451846152426598
gigapath,GigaPath,40x,10x,7,5,57,14,0.375,0.28214285714285714,1.5117913356689043
gigapath,GigaPath,40x,2p5x,7,5,57,14,0.125,0.016666666666666666,3.841958327496272
gigapath,GigaPath,40x,40x,8,1,56,15,0.6904761904761905,0.5583333333333333,1.1107971297848307
gigapath,GigaPath,40x,10x,8,1,56,15,0.4523809523809524,0.306547619047619,1.2222734982967736
gigapath,GigaPath,40x,2p5x,8,1,56,15,0.14285714285714285,0.03125,3.2970023339709775
gigapath,GigaPath,40x,40x,8,2,57,14,0.5238095238095238,0.4095238095238095,1.257868471931413
gigapath,GigaPath,40x,10x,8,2,57,14,0.6547619047619048,0.5208333333333333,1.5912230040344413
gigapath,GigaPath,40x,2p5x,8,2,57,14,0.17857142857142858,0.06785714285714287,2.9029418302016303
gigapath,GigaPath,40x,40x,8,3,57,14,0.7261904761904762,0.5863095238095237,1.6135250502121938
gigapath,GigaPath,40x,10x,8,3,57,14,0.7857142857142857,0.6416666666666666,1.1889011741657158
gigapath,GigaPath,40x,2p5x,8,3,57,14,0.21428571428571427,0.060714285714285714,2.8616149642754998
gigapath,GigaPath,40x,40x,8,4,58,13,1.0,0.875,0.18452247157190746
gigapath,GigaPath,40x,10x,8,4,58,13,0.7571428571428571,0.5902777777777777,0.5983707694143253
gigapath,GigaPath,40x,2p5x,8,4,58,13,0.2857142857142857,0.14423076923076922,2.581020224609058
gigapath,GigaPath,40x,40x,8,5,56,15,0.75,0.7638888888888888,1.0705480190012309
gigapath,GigaPath,40x,10x,8,5,56,15,0.5,0.39285714285714285,1.1827113710812818
gigapath,GigaPath,40x,2p5x,8,5,56,15,0.125,0.029411764705882353,4.114065491573765
gigapath,GigaPath,40x,40x,9,1,57,14,0.5,0.3819444444444444,1.2407064698088413
gigapath,GigaPath,40x,10x,9,1,57,14,0.5,0.3333333333333333,1.6111802371538988
gigapath,GigaPath,40x,2p5x,9,1,57,14,0.2222222222222222,0.1125,2.909652297422857
gigapath,GigaPath,40x,40x,9,2,57,14,0.6666666666666666,0.5214285714285715,1.7168196882534321
gigapath,GigaPath,40x,10x,9,2,57,14,0.5476190476190477,0.4513888888888889,1.5693341561038057
gigapath,GigaPath,40x,2p5x,9,2,57,14,0.21428571428571427,0.11666666666666667,2.4684001739405503
gigapath,GigaPath,40x,40x,9,3,56,15,0.875,0.8666666666666667,0.3951652277374697
gigapath,GigaPath,40x,10x,9,3,56,15,0.75,0.6166666666666667,1.2421947886687834
gigapath,GigaPath,40x,2p5x,9,3,56,15,0.125,0.015625,3.4747799510833115
gigapath,GigaPath,40x,40x,9,4,57,14,0.6904761904761905,0.5708333333333333,0.7681652607564248
gigapath,GigaPath,40x,10x,9,4,57,14,0.5952380952380951,0.5375,1.1795890899902983
gigapath,GigaPath,40x,2p5x,9,4,57,14,0.0,0.0,4.23732738178712
gigapath,GigaPath,40x,40x,9,5,57,14,0.5,0.44047619047619047,1.1101138092549665
gigapath,GigaPath,40x,10x,9,5,57,14,0.5238095238095238,0.39166666666666666,1.1917113940489692
gigapath,GigaPath,40x,2p5x,9,5,57,14,0.14285714285714285,0.016666666666666666,5.281567381485738
gigapath,GigaPath,10x,40x,0,1,57,14,0.5238095238095238,0.43333333333333335,1.222833481004493
gigapath,GigaPath,10x,10x,0,1,57,14,0.8333333333333334,0.7041666666666666,0.7997358992886568
gigapath,GigaPath,10x,2p5x,0,1,57,14,0.4523809523809524,0.31726190476190474,1.8861056144428934
gigapath,GigaPath,10x,40x,0,2,56,15,0.39285714285714285,0.2523809523809524,1.5363407490007632
gigapath,GigaPath,10x,10x,0,2,56,15,0.8571428571428571,0.7321428571428571,0.4618499524816693
gigapath,GigaPath,10x,2p5x,0,2,56,15,0.34523809523809523,0.2488095238095238,1.3894948159233849
gigapath,GigaPath,10x,40x,0,3,57,14,0.5208333333333333,0.44791666666666663,1.9271518641462104
gigapath,GigaPath,10x,10x,0,3,57,14,0.9375,0.9166666666666666,0.3361056280148443
gigapath,GigaPath,10x,2p5x,0,3,57,14,0.5625,0.47172619047619047,1.736744396273864
gigapath,GigaPath,10x,40x,0,4,57,14,0.1875,0.16666666666666666,2.000884123495387
gigapath,GigaPath,10x,10x,0,4,57,14,0.625,0.6,0.5694219793165834
gigapath,GigaPath,10x,2p5x,0,4,57,14,0.25,0.14930555555555555,1.8248131790658833
gigapath,GigaPath,10x,40x,0,5,57,14,0.2857142857142857,0.13846153846153847,2.23282542816999
gigapath,GigaPath,10x,10x,0,5,57,14,0.8095238095238095,0.7124999999999999,0.6986842636300687
gigapath,GigaPath,10x,2p5x,0,5,57,14,0.3333333333333333,0.21726190476190477,1.9981088037214243
gigapath,GigaPath,10x,40x,1,1,57,14,0.42857142857142855,0.35416666666666663,1.0415404404818547
gigapath,GigaPath,10x,10x,1,1,57,14,0.8285714285714285,0.6944444444444444,0.46138624952005347
gigapath,GigaPath,10x,2p5x,1,1,57,14,0.2857142857142857,0.15000000000000002,2.2872773930808594
gigapath,GigaPath,10x,40x,1,2,57,14,0.25,0.1388888888888889,2.0977892356880004
gigapath,GigaPath,10x,10x,1,2,57,14,0.5625,0.48125,1.1441851341924474
gigapath,GigaPath,10x,2p5x,1,2,57,14,0.375,0.27976190476190477,1.9391626049568393
gigapath,GigaPath,10x,40x,1,3,56,15,0.375,0.3125,1.5374612719808858
gigapath,GigaPath,10x,10x,1,3,56,15,0.8958333333333333,0.8738095238095238,0.41094821979788665
gigapath,GigaPath,10x,2p5x,1,3,56,15,0.375,0.19128787878787878,2.0446000761110925
gigapath,GigaPath,10x,40x,1,4,57,14,0.375,0.19772727272727275,1.9333482562417825
gigapath,GigaPath,10x,10x,1,4,57,14,0.9583333333333334,0.6904761904761905,0.24299952696312715
gigapath,GigaPath,10x,2p5x,1,4,57,14,0.5416666666666666,0.3630952380952381,1.367783683195079
gigapath,GigaPath,10x,40x,1,5,57,14,0.2857142857142857,0.25,2.3828282124282785
gigapath,GigaPath,10x,10x,1,5,57,14,0.7738095238095238,0.7071428571428571,0.894692150804876
gigapath,GigaPath,10x,2p5x,1,5,57,14,0.35714285714285715,0.2625,1.5436136460085463
gigapath,GigaPath,10x,40x,2,1,57,14,0.23809523809523808,0.14772727272727273,2.1709939104805853
gigapath,GigaPath,10x,10x,2,1,57,14,0.8095238095238095,0.6375,0.49611157655626775
gigapath,GigaPath,10x,2p5x,2,1,57,14,0.38095238095238093,0.23068181818181818,1.778578119037448
gigapath,GigaPath,10x,40x,2,2,56,15,0.2857142857142857,0.16666666666666666,1.8244514011300268
gigapath,GigaPath,10x,10x,2,2,56,15,0.8642857142857142,0.704861111111111,0.5660583857459571
gigapath,GigaPath,10x,2p5x,2,2,56,15,0.5357142857142857,0.27529761904761907,1.9508765458216533
gigapath,GigaPath,10x,40x,2,3,56,15,0.4047619047619047,0.2556818181818182,1.9767083825285117
gigapath,GigaPath,10x,10x,2,3,56,15,0.7619047619047619,0.6416666666666666,0.6530820185606743
gigapath,GigaPath,10x,2p5x,2,3,56,15,0.19047619047619047,0.09935897435897437,1.8302341678231393
gigapath,GigaPath,10x,40x,2,4,57,14,0.5555555555555555,0.39166666666666666,1.3622985349099734
gigapath,GigaPath,10x,10x,2,4,57,14,0.7777777777777778,0.6,0.6504528099630503
gigapath,GigaPath,10x,2p5x,2,4,57,14,0.3611111111111111,0.26904761904761904,2.4776008695643728
gigapath,GigaPath,10x,40x,2,5,58,13,0.25,0.23333333333333334,1.4830912127345384
gigapath,GigaPath,10x,10x,2,5,58,13,0.9375,0.9333333333333333,0.5813640127692414
gigapath,GigaPath,10x,2p5x,2,5,58,13,0.4375,0.3611111111111111,1.4573843616241586
gigapath,GigaPath,10x,40x,3,1,57,14,0.42857142857142855,0.20238095238095238,2.1859453563797557
gigapath,GigaPath,10x,10x,3,1,57,14,0.8333333333333333,0.6958333333333333,0.7321040659049413
gigapath,GigaPath,10x,2p5x,3,1,57,14,0.3333333333333333,0.19128787878787878,2.058735432219259
gigapath,GigaPath,10x,40x,3,2,57,14,0.3333333333333333,0.3333333333333333,1.543867563233612
gigapath,GigaPath,10x,10x,3,2,57,14,0.6458333333333333,0.5625,1.043841692232189
gigapath,GigaPath,10x,2p5x,3,2,57,14,0.4375,0.30833333333333335,2.169693409462613
gigapath,GigaPath,10x,40x,3,3,56,15,0.5833333333333334,0.3214285714285714,1.909052517674006
gigapath,GigaPath,10x,10x,3,3,56,15,0.9444444444444443,0.711111111111111,0.2794892359725611
gigapath,GigaPath,10x,2p5x,3,3,56,15,0.611111111111111,0.3765151515151515,1.756343513094086
gigapath,GigaPath,10x,40x,3,4,57,14,0.19047619047619047,0.08333333333333333,1.8494694847216777
gigapath,GigaPath,10x,10x,3,4,57,14,0.9523809523809523,0.8083333333333333,0.3769167475199657
gigapath,GigaPath,10x,2p5x,3,4,57,14,0.21428571428571427,0.16666666666666666,1.6480143422641425
gigapath,GigaPath,10x,40x,3,5,57,14,0.35416666666666663,0.3611111111111111,1.3417705659742603
gigapath,GigaPath,10x,10x,3,5,57,14,0.8958333333333333,0.8958333333333333,0.44261905942796415
gigapath,GigaPath,10x,2p5x,3,5,57,14,0.41666666666666663,0.34404761904761905,1.7429837858295263
gigapath,GigaPath,10x,40x,4,1,57,14,0.3125,0.2222222222222222,1.8391156951146657
gigapath,GigaPath,10x,10x,4,1,57,14,0.7916666666666666,0.7589285714285714,0.7014562124596141
gigapath,GigaPath,10x,2p5x,4,1,57,14,0.3125,0.14821428571428572,2.333389715932001
gigapath,GigaPath,10x,40x,4,2,57,14,0.375,0.29047619047619044,1.7019362462941825
gigapath,GigaPath,10x,10x,4,2,57,14,0.875,0.8666666666666667,0.4887076541022756
gigapath,GigaPath,10x,2p5x,4,2,57,14,0.25,0.0992063492063492,1.6743673573727762
gigapath,GigaPath,10x,40x,4,3,56,15,0.23809523809523808,0.11923076923076924,2.1498804820505315
gigapath,GigaPath,10x,10x,4,3,56,15,0.6904761904761905,0.5958333333333333,0.7085985000078837
gigapath,GigaPath,10x,2p5x,4,3,56,15,0.23809523809523808,0.18333333333333335,1.9263541070265722
gigapath,GigaPath,10x,40x,4,4,57,14,0.5,0.35833333333333334,2.092240555600278
gigapath,GigaPath,10x,10x,4,4,57,14,0.8958333333333333,0.8833333333333333,0.3264071781993234
gigapath,GigaPath,10x,2p5x,4,4,57,14,0.4375,0.3371212121212121,1.8965856217184478
gigapath,GigaPath,10x,40x,4,5,57,14,0.6904761904761905,0.5172619047619047,1.113608840887446
gigapath,GigaPath,10x,10x,4,5,57,14,0.8333333333333333,0.7375,0.4881932662408544
gigapath,GigaPath,10x,2p5x,4,5,57,14,0.8095238095238094,0.7029761904761904,1.2041589677999214
gigapath,GigaPath,10x,40x,5,1,57,14,0.125,0.10119047619047619,2.1778410545590092
gigapath,GigaPath,10x,10x,5,1,57,14,0.6458333333333333,0.5583333333333333,1.1170921915651784
gigapath,GigaPath,10x,2p5x,5,1,57,14,0.41666666666666663,0.3472222222222222,1.6311282440971169
gigapath,GigaPath,10x,40x,5,2,56,15,0.4583333333333333,0.3069444444444444,1.3120564395403145
gigapath,GigaPath,10x,10x,5,2,56,15,0.875,0.8422619047619048,0.4844599170205743
gigapath,GigaPath,10x,2p5x,5,2,56,15,0.375,0.22596153846153846,1.992890180438325
gigapath,GigaPath,10x,40x,5,3,56,15,0.375,0.21320346320346317,2.323756185509086
gigapath,GigaPath,10x,10x,5,3,56,15,0.85,0.625,0.6315470805274328
gigapath,GigaPath,10x,2p5x,5,3,56,15,0.3833333333333333,0.22916666666666666,2.097475895035791
gigapath,GigaPath,10x,40x,5,4,57,14,0.42857142857142855,0.25992063492063494,2.356912372739014
gigapath,GigaPath,10x,10x,5,4,57,14,0.7380952380952381,0.5672619047619047,0.6203591340702362
gigapath,GigaPath,10x,2p5x,5,4,57,14,0.33333333333333337,0.1736111111111111,1.918638421850785
gigapath,GigaPath,10x,40x,5,5,58,13,0.5,0.3416666666666666,1.6188727497305924
gigapath,GigaPath,10x,10x,5,5,58,13,0.9047619047619048,0.8125,0.5199832427775388
gigapath,GigaPath,10x,2p5x,5,5,58,13,0.5476190476190476,0.4097222222222222,1.5615050310333212
gigapath,GigaPath,10x,40x,6,1,57,14,0.42857142857142855,0.3208333333333333,1.429187054452661
gigapath,GigaPath,10x,10x,6,1,57,14,0.9,0.8194444444444444,0.3764862159731958
gigapath,GigaPath,10x,2p5x,6,1,57,14,0.42857142857142855,0.21875,2.5036771671904288
gigapath,GigaPath,10x,40x,6,2,57,14,0.5416666666666666,0.4895833333333333,1.626600680719281
gigapath,GigaPath,10x,10x,6,2,57,14,0.75,0.6833333333333333,0.8769055884386352
gigapath,GigaPath,10x,2p5x,6,2,57,14,0.5833333333333333,0.40654761904761905,1.8970581226026577
gigapath,GigaPath,10x,40x,6,3,57,14,0.1875,0.10256410256410256,2.4193357065344325
gigapath,GigaPath,10x,10x,6,3,57,14,0.675,0.6297619047619047,0.8714897336862081
gigapath,GigaPath,10x,2p5x,6,3,57,14,0.2625,0.1875,1.6817901348553022
gigapath,GigaPath,10x,40x,6,4,56,15,0.32142857142857145,0.2738095238095238,1.583905934721868
gigapath,GigaPath,10x,10x,6,4,56,15,0.6785714285714286,0.5654761904761905,0.7556631822699454
gigapath,GigaPath,10x,2p5x,6,4,56,15,0.2857142857142857,0.14027777777777778,1.9491502879518898
gigapath,GigaPath,10x,40x,6,5,57,14,0.125,0.04411764705882353,1.8917133964387116
gigapath,GigaPath,10x,10x,6,5,57,14,0.875,0.85,0.34096397572879084
gigapath,GigaPath,10x,2p5x,6,5,57,14,0.5833333333333333,0.5075757575757576,1.3067135157372713
gigapath,GigaPath,10x,40x,7,1,57,14,0.4375,0.35416666666666663,1.8184975494179092
gigapath,GigaPath,10x,10x,7,1,57,14,0.9375,0.9333333333333333,0.316410213674296
gigapath,GigaPath,10x,2p5x,7,1,57,14,0.5,0.35416666666666663,1.999444322164336
gigapath,GigaPath,10x,40x,7,2,56,15,0.375,0.16805555555555557,2.1007929708870274
gigapath,GigaPath,10x,10x,7,2,56,15,0.8958333333333333,0.8904761904761904,0.4452216920499354
gigapath,GigaPath,10x,2p5x,7,2,56,15,0.6041666666666666,0.5291666666666667,1.5361854275596198
gigapath,GigaPath,10x,40x,7,3,58,13,0.5714285714285714,0.48214285714285715,1.0482102234032884
gigapath,GigaPath,10x,10x,7,3,58,13,0.8571428571428571,0.7083333333333333,0.18936871096880917
gigapath,GigaPath,10x,2p5x,7,3,58,13,0.42857142857142855,0.29166666666666663,1.3935477224217352
gigapath,GigaPath,10x,40x,7,4,56,15,0.375,0.3839285714285714,1.169789466668013
gigapath,GigaPath,10x,10x,7,4,56,15,0.78125,0.7125,1.0114516883905125
gigapath,GigaPath,10x,2p5x,7,4,56,15,0.5625,0.4089285714285714,1.635227939117359
gigapath,GigaPath,10x,40x,7,5,57,14,0.3125,0.23106060606060608,2.179439144163016
gigapath,GigaPath,10x,10x,7,5,57,14,0.8333333333333333,0.7696428571428571,0.5669025732213798
gigapath,GigaPath,10x,2p5x,7,5,57,14,0.4375,0.2833333333333333,1.7592206020436707
gigapath,GigaPath,10x,40x,8,1,56,15,0.5952380952380951,0.39166666666666666,1.4690527846139487
gigapath,GigaPath,10x,10x,8,1,56,15,0.880952380952381,0.7666666666666666,0.46452575368559945
gigapath,GigaPath,10x,2p5x,8,1,56,15,0.2261904761904762,0.21875,1.6795594989823692
gigapath,GigaPath,10x,40x,8,2,57,14,0.3333333333333333,0.19821428571428573,2.1068187181794835
gigapath,GigaPath,10x,10x,8,2,57,14,0.7142857142857143,0.6,0.7396118603584628
gigapath,GigaPath,10x,2p5x,8,2,57,14,0.23809523809523808,0.0875,2.520299397039985
gigapath,GigaPath,10x,40x,8,3,57,14,0.2857142857142857,0.16856060606060605,1.8159131501605121
gigapath,GigaPath,10x,10x,8,3,57,14,0.8214285714285714,0.6279761904761905,0.701768016483829
gigapath,GigaPath,10x,2p5x,8,3,57,14,0.39285714285714285,0.24047619047619045,1.999084157247386
gigapath,GigaPath,10x,40x,8,4,58,13,0.4714285714285714,0.2986111111111111,1.291546306965808
gigapath,GigaPath,10x,10x,8,4,58,13,1.0,0.875,0.08277305434554383
gigapath,GigaPath,10x,2p5x,8,4,58,13,0.5857142857142856,0.45833333333333326,1.2250504513273053
gigapath,GigaPath,10x,40x,8,5,56,15,0.25,0.16904761904761906,2.0932663316773206
gigapath,GigaPath,10x,10x,8,5,56,15,0.6875,0.6763888888888889,0.6759140030592394
gigapath,GigaPath,10x,2p5x,8,5,56,15,0.375,0.2375,1.893687132468302
gigapath,GigaPath,10x,40x,9,1,57,14,0.47222222222222227,0.34027777777777773,1.6498073223075578
gigapath,GigaPath,10x,10x,9,1,57,14,0.5833333333333334,0.4375,0.6825972614075283
gigapath,GigaPath,10x,2p5x,9,1,57,14,0.2916666666666667,0.17532467532467533,1.7666032923072674
gigapath,GigaPath,10x,40x,9,2,57,14,0.5595238095238095,0.38392857142857145,1.5072323250303807
gigapath,GigaPath,10x,10x,9,2,57,14,0.7380952380952381,0.6297619047619047,0.9559015494065132
gigapath,GigaPath,10x,2p5x,9,2,57,14,0.21428571428571427,0.07142857142857142,2.0493360294147203
gigapath,GigaPath,10x,40x,9,3,56,15,0.3125,0.22916666666666669,2.246566126722071
gigapath,GigaPath,10x,10x,9,3,56,15,0.875,0.8666666666666667,0.32328732255750636
gigapath,GigaPath,10x,2p5x,9,3,56,15,0.375,0.2375,1.9026307469473143
gigapath,GigaPath,10x,40x,9,4,57,14,0.2857142857142857,0.29166666666666663,2.087825590978583
gigapath,GigaPath,10x,10x,9,4,57,14,0.8809523809523808,0.7833333333333333,0.39855873352565696
gigapath,GigaPath,10x,2p5x,9,4,57,14,0.35714285714285715,0.19583333333333333,1.7072851948700076
gigapath,GigaPath,10x,40x,9,5,57,14,0.23809523809523808,0.125,2.4092528488685665
gigapath,GigaPath,10x,10x,9,5,57,14,0.75,0.6696428571428572,0.5640792742371185
gigapath,GigaPath,10x,2p5x,9,5,57,14,0.34523809523809523,0.35,1.4977186606973427
gigapath,GigaPath,2p5x,40x,0,1,57,14,0.47619047619047616,0.35416666666666663,2.180991955129005
gigapath,GigaPath,2p5x,10x,0,1,57,14,0.5,0.34226190476190477,2.081598143276337
gigapath,GigaPath,2p5x,2p5x,0,1,57,14,0.7142857142857143,0.5416666666666666,1.09599446664873
gigapath,GigaPath,2p5x,40x,0,2,56,15,0.25,0.1349206349206349,3.0096612061282353
gigapath,GigaPath,2p5x,10x,0,2,56,15,0.5714285714285714,0.42797619047619045,0.9817870717903091
gigapath,GigaPath,2p5x,2p5x,0,2,56,15,0.6666666666666666,0.5458333333333334,0.6213917004271249
gigapath,GigaPath,2p5x,40x,0,3,57,14,0.375,0.2544642857142857,2.9035988205708363
gigapath,GigaPath,2p5x,10x,0,3,57,14,0.375,0.2708333333333333,2.5696602248037834
gigapath,GigaPath,2p5x,2p5x,0,3,57,14,0.75,0.7083333333333333,0.858656429634841
gigapath,GigaPath,2p5x,40x,0,4,57,14,0.3125,0.14166666666666666,2.5270411459504167
gigapath,GigaPath,2p5x,10x,0,4,57,14,0.5208333333333333,0.5166666666666666,1.2992554939654721
gigapath,GigaPath,2p5x,2p5x,0,4,57,14,0.7708333333333333,0.7875,1.3154035220151203
gigapath,GigaPath,2p5x,40x,0,5,57,14,0.14285714285714285,0.03125,5.295901886730434
gigapath,GigaPath,2p5x,10x,0,5,57,14,0.4761904761904762,0.3138888888888889,2.0805037083366185
gigapath,GigaPath,2p5x,2p5x,0,5,57,14,0.8571428571428571,0.75,0.9327878239407321
gigapath,GigaPath,2p5x,40x,1,1,57,14,0.14285714285714285,0.03333333333333333,2.602249614313067
gigapath,GigaPath,2p5x,10x,1,1,57,14,0.37142857142857144,0.2922619047619047,1.4080110735985796
gigapath,GigaPath,2p5x,2p5x,1,1,57,14,0.8285714285714285,0.6527777777777777,0.6120722793467557
gigapath,GigaPath,2p5x,40x,1,2,57,14,0.1875,0.1201923076923077,3.2556647445125293
gigapath,GigaPath,2p5x,10x,1,2,57,14,0.3125,0.22916666666666663,2.3034677092262243
gigapath,GigaPath,2p5x,2p5x,1,2,57,14,0.7083333333333333,0.713095238095238,1.8739136549318298
gigapath,GigaPath,2p5x,40x,1,3,56,15,0.375,0.24166666666666667,2.910513623590479
gigapath,GigaPath,2p5x,10x,1,3,56,15,0.4375,0.35,1.946480583296135
gigapath,GigaPath,2p5x,2p5x,1,3,56,15,0.75,0.7291666666666666,0.9613021472632891
gigapath,GigaPath,2p5x,40x,1,4,57,14,0.2916666666666667,0.10357142857142856,2.537199052169681
gigapath,GigaPath,2p5x,10x,1,4,57,14,0.8333333333333334,0.5770833333333334,1.0932076096292007
gigapath,GigaPath,2p5x,2p5x,1,4,57,14,0.8333333333333334,0.6,0.4929705036653501
gigapath,GigaPath,2p5x,40x,1,5,57,14,0.16666666666666666,0.1625,4.497818724378546
gigapath,GigaPath,2p5x,10x,1,5,57,14,0.42857142857142855,0.3,3.5429012564349653
gigapath,GigaPath,2p5x,2p5x,1,5,57,14,0.6071428571428571,0.49047619047619045,1.3498574459712542
gigapath,GigaPath,2p5x,40x,2,1,57,14,0.23809523809523808,0.12272727272727274,3.700512692685462
gigapath,GigaPath,2p5x,10x,2,1,57,14,0.42857142857142855,0.24642857142857144,2.229912744383975
gigapath,GigaPath,2p5x,2p5x,2,1,57,14,0.8095238095238095,0.6416666666666666,0.7939546996593527
gigapath,GigaPath,2p5x,40x,2,2,56,15,0.25,0.11875,3.889382539132783
gigapath,GigaPath,2p5x,10x,2,2,56,15,0.40714285714285714,0.3645833333333333,2.063688504322094
gigapath,GigaPath,2p5x,2p5x,2,2,56,15,0.8357142857142856,0.6800595238095237,0.8585693932997053
gigapath,GigaPath,2p5x,40x,2,3,56,15,0.35714285714285715,0.2857142857142857,2.000708023411967
gigapath,GigaPath,2p5x,10x,2,3,56,15,0.7142857142857142,0.5610119047619048,0.9486916764167262
gigapath,GigaPath,2p5x,2p5x,2,3,56,15,0.7857142857142857,0.6875,0.6552228872600202
gigapath,GigaPath,2p5x,40x,2,4,57,14,0.4166666666666667,0.2151785714285714,1.904314966050105
gigapath,GigaPath,2p5x,10x,2,4,57,14,0.611111111111111,0.4988095238095238,0.7831513152587386
gigapath,GigaPath,2p5x,2p5x,2,4,57,14,0.638888888888889,0.5208333333333333,1.7998368293141218
gigapath,GigaPath,2p5x,40x,2,5,58,13,0.375,0.3125,1.9996128000067288
gigapath,GigaPath,2p5x,10x,2,5,58,13,0.4375,0.356547619047619,1.7482865475915186
gigapath,GigaPath,2p5x,2p5x,2,5,58,13,0.875,0.8708333333333333,0.9041737866170678
gigapath,GigaPath,2p5x,40x,3,1,57,14,0.2857142857142857,0.0992063492063492,4.150558233928828
gigapath,GigaPath,2p5x,10x,3,1,57,14,0.619047619047619,0.45416666666666666,1.9020629474103263
gigapath,GigaPath,2p5x,2p5x,3,1,57,14,0.7619047619047619,0.6041666666666666,0.882493777342377
gigapath,GigaPath,2p5x,40x,3,2,57,14,0.4375,0.32976190476190476,1.9677452214836797
gigapath,GigaPath,2p5x,10x,3,2,57,14,0.35416666666666663,0.2791666666666667,1.9677293268557785
gigapath,GigaPath,2p5x,2p5x,3,2,57,14,0.7708333333333333,0.725,1.0656321974829883
gigapath,GigaPath,2p5x,40x,3,3,56,15,0.4166666666666667,0.21279761904761904,3.706651205015223
gigapath,GigaPath,2p5x,10x,3,3,56,15,0.5277777777777778,0.39047619047619053,2.7894305191840316
gigapath,GigaPath,2p5x,2p5x,3,3,56,15,0.75,0.59375,0.9662830115088815
gigapath,GigaPath,2p5x,40x,3,4,57,14,0.19047619047619047,0.06696428571428571,2.903736644075346
gigapath,GigaPath,2p5x,10x,3,4,57,14,0.21428571428571427,0.20833333333333331,1.7725765705265435
gigapath,GigaPath,2p5x,2p5x,3,4,57,14,0.6071428571428571,0.5404761904761906,0.8210519213319375
gigapath,GigaPath,2p5x,40x,3,5,57,14,0.47916666666666663,0.41309523809523807,1.4608865492909042
gigapath,GigaPath,2p5x,10x,3,5,57,14,0.5833333333333333,0.5505952380952381,1.0145431141699361
gigapath,GigaPath,2p5x,2p5x,3,5,57,14,0.7708333333333333,0.7458333333333333,1.1399000648523618
gigapath,GigaPath,2p5x,40x,4,1,57,14,0.3125,0.23214285714285712,3.1128886676101195
gigapath,GigaPath,2p5x,10x,4,1,57,14,0.5625,0.4380952380952381,2.1058545576939367
gigapath,GigaPath,2p5x,2p5x,4,1,57,14,0.7708333333333333,0.725,0.9255739405011745
gigapath,GigaPath,2p5x,40x,4,2,57,14,0.25,0.15476190476190474,2.4194180603498636
gigapath,GigaPath,2p5x,10x,4,2,57,14,0.3125,0.24791666666666667,1.7051889458116398
gigapath,GigaPath,2p5x,2p5x,4,2,57,14,0.8125,0.7916666666666666,1.0574878211641958
gigapath,GigaPath,2p5x,40x,4,3,56,15,0.3095238095238095,0.1919642857142857,2.670621175481448
gigapath,GigaPath,2p5x,10x,4,3,56,15,0.23809523809523808,0.1625,1.977928022820879
gigapath,GigaPath,2p5x,2p5x,4,3,56,15,0.47619047619047616,0.42500000000000004,0.8849446671437285
gigapath,GigaPath,2p5x,40x,4,4,57,14,0.5,0.3708333333333333,3.12546609733177
gigapath,GigaPath,2p5x,10x,4,4,57,14,0.5416666666666666,0.4708333333333333,1.658820876122316
gigapath,GigaPath,2p5x,2p5x,4,4,57,14,0.7916666666666666,0.7589285714285714,1.2591296901057625
gigapath,GigaPath,2p5x,40x,4,5,57,14,0.3095238095238095,0.16964285714285715,1.949733045688987
gigapath,GigaPath,2p5x,10x,4,5,57,14,0.5714285714285714,0.3520833333333333,1.3373042412182996
gigapath,GigaPath,2p5x,2p5x,4,5,57,14,0.7619047619047619,0.6333333333333333,0.9976731724915471
gigapath,GigaPath,2p5x,40x,5,1,57,14,0.10416666666666666,0.07738095238095238,2.790776604547465
gigapath,GigaPath,2p5x,10x,5,1,57,14,0.35416666666666663,0.3625,2.9784829134765034
gigapath,GigaPath,2p5x,2p5x,5,1,57,14,0.625,0.6041666666666666,1.4056813512575472
gigapath,GigaPath,2p5x,40x,5,2,56,15,0.20833333333333331,0.11349206349206349,2.545950440339116
gigapath,GigaPath,2p5x,10x,5,2,56,15,0.39583333333333326,0.3890151515151515,1.24506974405292
gigapath,GigaPath,2p5x,2p5x,5,2,56,15,0.7916666666666666,0.675,1.4109146263544337
gigapath,GigaPath,2p5x,40x,5,3,56,15,0.20833333333333334,0.06439393939393939,5.3845168291915995
gigapath,GigaPath,2p5x,10x,5,3,56,15,0.5416666666666666,0.325,2.243409656513299
gigapath,GigaPath,2p5x,2p5x,5,3,56,15,0.7166666666666667,0.5375,0.9221515036354145
gigapath,GigaPath,2p5x,40x,5,4,57,14,0.47619047619047616,0.30476190476190473,3.6320526548975076
gigapath,GigaPath,2p5x,10x,5,4,57,14,0.42857142857142855,0.2,2.8051956167222345
gigapath,GigaPath,2p5x,2p5x,5,4,57,14,0.7023809523809524,0.5208333333333333,2.1347036273055013
gigapath,GigaPath,2p5x,40x,5,5,58,13,0.3333333333333333,0.2583333333333333,1.9517368916241489
gigapath,GigaPath,2p5x,10x,5,5,58,13,0.42857142857142855,0.29464285714285715,2.4415536583220057
gigapath,GigaPath,2p5x,2p5x,5,5,58,13,0.6428571428571429,0.5238095238095237,1.2728617780387144
gigapath,GigaPath,2p5x,40x,6,1,57,14,0.38571428571428573,0.2544642857142857,2.14910370922404
gigapath,GigaPath,2p5x,10x,6,1,57,14,0.5428571428571428,0.39166666666666666,1.569544625022098
gigapath,GigaPath,2p5x,2p5x,6,1,57,14,0.9285714285714286,0.7916666666666666,0.307500525174289
gigapath,GigaPath,2p5x,40x,6,2,57,14,0.4583333333333333,0.31547619047619047,2.226809919823769
gigapath,GigaPath,2p5x,10x,6,2,57,14,0.5,0.4270833333333333,1.6991314419229384
gigapath,GigaPath,2p5x,2p5x,6,2,57,14,0.7916666666666666,0.7416666666666667,1.2966922730610413
gigapath,GigaPath,2p5x,40x,6,3,57,14,0.2125,0.175,2.653904123654094
gigapath,GigaPath,2p5x,10x,6,3,57,14,0.5875,0.4732142857142857,1.283072696426067
gigapath,GigaPath,2p5x,2p5x,6,3,57,14,0.7375,0.6714285714285714,1.2414285011981943
gigapath,GigaPath,2p5x,40x,6,4,56,15,0.32142857142857145,0.2232142857142857,3.030033611127301
gigapath,GigaPath,2p5x,10x,6,4,56,15,0.42857142857142855,0.26666666666666666,1.536901478656133
gigapath,GigaPath,2p5x,2p5x,6,4,56,15,0.6666666666666666,0.5583333333333333,1.2351647445685565
gigapath,GigaPath,2p5x,40x,6,5,57,14,0.1875,0.07500000000000001,2.513776670005509
gigapath,GigaPath,2p5x,10x,6,5,57,14,0.21875,0.15606060606060607,2.8542978260264085
gigapath,GigaPath,2p5x,2p5x,6,5,57,14,0.7916666666666666,0.7041666666666666,0.8778632080933118
gigapath,GigaPath,2p5x,40x,7,1,57,14,0.1875,0.09027777777777778,2.9789950853655305
gigapath,GigaPath,2p5x,10x,7,1,57,14,0.375,0.33958333333333335,2.9673181678404568
gigapath,GigaPath,2p5x,2p5x,7,1,57,14,0.75,0.7208333333333333,0.5911986276374208
gigapath,GigaPath,2p5x,40x,7,2,56,15,0.125,0.038461538461538464,3.057232251779099
gigapath,GigaPath,2p5x,10x,7,2,56,15,0.25,0.10555555555555556,1.8341687951474561
gigapath,GigaPath,2p5x,2p5x,7,2,56,15,0.8958333333333333,0.8666666666666667,0.6275307375371764
gigapath,GigaPath,2p5x,40x,7,3,58,13,0.38095238095238093,0.31249999999999994,1.9868758121778716
gigapath,GigaPath,2p5x,10x,7,3,58,13,0.5714285714285714,0.4613095238095238,0.8101793588545821
gigapath,GigaPath,2p5x,2p5x,7,3,58,13,0.7142857142857143,0.6,0.6272861998030573
gigapath,GigaPath,2p5x,40x,7,4,56,15,0.1875,0.11666666666666667,2.6458458051526557
gigapath,GigaPath,2p5x,10x,7,4,56,15,0.625,0.6075757575757575,0.905182013230895
gigapath,GigaPath,2p5x,2p5x,7,4,56,15,0.78125,0.6958333333333333,1.4379989332044987
gigapath,GigaPath,2p5x,40x,7,5,57,14,0.2708333333333333,0.18522727272727274,5.192359017019683
gigapath,GigaPath,2p5x,10x,7,5,57,14,0.3333333333333333,0.20833333333333334,3.1758470520807767
gigapath,GigaPath,2p5x,2p5x,7,5,57,14,0.5833333333333333,0.4666666666666667,1.1897513265528967
gigapath,GigaPath,2p5x,40x,8,1,56,15,0.32142857142857145,0.22532467532467532,2.2355991022415704
gigapath,GigaPath,2p5x,10x,8,1,56,15,0.6428571428571429,0.4548611111111111,1.653271320910329
gigapath,GigaPath,2p5x,2p5x,8,1,56,15,0.880952380952381,0.7527777777777778,0.7916010958631176
gigapath,GigaPath,2p5x,40x,8,2,57,14,0.25,0.1607142857142857,3.1729670493031543
gigapath,GigaPath,2p5x,10x,8,2,57,14,0.2619047619047619,0.15416666666666667,2.797083734766361
gigapath,GigaPath,2p5x,2p5x,8,2,57,14,0.6785714285714286,0.5354166666666667,1.0370151518348878
gigapath,GigaPath,2p5x,40x,8,3,57,14,0.35714285714285715,0.24642857142857144,2.335547841642368
gigapath,GigaPath,2p5x,10x,8,3,57,14,0.5357142857142857,0.44047619047619047,1.1899544241241702
gigapath,GigaPath,2p5x,2p5x,8,3,57,14,0.7619047619047619,0.6541666666666666,1.0413279396416122
gigapath,GigaPath,2p5x,40x,8,4,58,13,0.14285714285714285,0.08333333333333333,2.7714970105504957
gigapath,GigaPath,2p5x,10x,8,4,58,13,0.5285714285714286,0.35,1.8798730455545352
gigapath,GigaPath,2p5x,2p5x,8,4,58,13,0.8571428571428571,0.725,0.49432219864759386
gigapath,GigaPath,2p5x,40x,8,5,56,15,0.25,0.175,2.6386816193939833
gigapath,GigaPath,2p5x,10x,8,5,56,15,0.53125,0.4482142857142857,1.5140804427856132
gigapath,GigaPath,2p5x,2p5x,8,5,56,15,0.78125,0.7541666666666667,0.9826155109683453
gigapath,GigaPath,2p5x,40x,9,1,57,14,0.4444444444444444,0.275,2.4412192301418725
gigapath,GigaPath,2p5x,10x,9,1,57,14,0.5416666666666666,0.3821428571428571,1.1514253625398403
gigapath,GigaPath,2p5x,2p5x,9,1,57,14,0.5833333333333334,0.4131944444444444,0.9886703474941064
gigapath,GigaPath,2p5x,40x,9,2,57,14,0.35714285714285715,0.175,3.615156509505795
gigapath,GigaPath,2p5x,10x,9,2,57,14,0.4761904761904762,0.3472222222222222,2.7611878708086315
gigapath,GigaPath,2p5x,2p5x,9,2,57,14,0.8452380952380951,0.725,1.73780205689823
gigapath,GigaPath,2p5x,40x,9,3,56,15,0.4375,0.3625,2.76408613563544
gigapath,GigaPath,2p5x,10x,9,3,56,15,0.5416666666666666,0.4263888888888888,2.0175354930605702
gigapath,GigaPath,2p5x,2p5x,9,3,56,15,0.875,0.825,0.3447792328098526
gigapath,GigaPath,2p5x,40x,9,4,57,14,0.21428571428571427,0.13333333333333333,2.906612334291037
gigapath,GigaPath,2p5x,10x,9,4,57,14,0.619047619047619,0.5375,1.2197689452124736
gigapath,GigaPath,2p5x,2p5x,9,4,57,14,0.619047619047619,0.5166666666666666,0.9045727138607276
gigapath,GigaPath,2p5x,40x,9,5,57,14,0.047619047619047616,0.03571428571428571,3.778611266173175
gigapath,GigaPath,2p5x,10x,9,5,57,14,0.17857142857142858,0.08571428571428572,3.3136278267827977
gigapath,GigaPath,2p5x,2p5x,9,5,57,14,0.6071428571428571,0.5196428571428571,1.3843927767009245
gigapath_flash,GigaPath-Flash,40x,40x,0,1,57,14,0.761904761904762,0.6416666666666666,1.1581571068795735
gigapath_flash,GigaPath-Flash,40x,10x,0,1,57,14,0.4047619047619047,0.29166666666666663,1.6040574652512707
gigapath_flash,GigaPath-Flash,40x,2p5x,0,1,57,14,0.23809523809523808,0.14545454545454545,2.440688995089004
gigapath_flash,GigaPath-Flash,40x,40x,0,2,56,15,0.6428571428571429,0.5446428571428571,0.8853890538987998
gigapath_flash,GigaPath-Flash,40x,10x,0,2,56,15,0.7857142857142857,0.575,1.1917199249836943
gigapath_flash,GigaPath-Flash,40x,2p5x,0,2,56,15,0.14285714285714285,0.015625,4.310735029430744
gigapath_flash,GigaPath-Flash,40x,40x,0,3,57,14,0.6458333333333333,0.5416666666666666,0.7456994662655962
gigapath_flash,GigaPath-Flash,40x,10x,0,3,57,14,0.7083333333333333,0.625,1.674558766983213
gigapath_flash,GigaPath-Flash,40x,2p5x,0,3,57,14,0.125,0.016666666666666666,4.635696201666462
gigapath_flash,GigaPath-Flash,40x,40x,0,4,57,14,0.5,0.4583333333333333,1.6111063087929194
gigapath_flash,GigaPath-Flash,40x,10x,0,4,57,14,0.5625,0.5083333333333333,1.9739155268119644
gigapath_flash,GigaPath-Flash,40x,2p5x,0,4,57,14,0.25,0.07272727272727272,3.564199460787912
gigapath_flash,GigaPath-Flash,40x,40x,0,5,57,14,0.7619047619047619,0.6583333333333333,1.3423516901802333
gigapath_flash,GigaPath-Flash,40x,10x,0,5,57,14,0.3095238095238095,0.2232142857142857,2.510333079283394
gigapath_flash,GigaPath-Flash,40x,2p5x,0,5,57,14,0.14285714285714285,0.03125,5.108614099585623
gigapath_flash,GigaPath-Flash,40x,40x,1,1,57,14,0.7999999999999999,0.6520833333333333,1.0361737768029442
gigapath_flash,GigaPath-Flash,40x,10x,1,1,57,14,0.6428571428571429,0.43154761904761907,2.7640787476227784
gigapath_flash,GigaPath-Flash,40x,2p5x,1,1,57,14,0.14285714285714285,0.03125,6.552429105038892
gigapath_flash,GigaPath-Flash,40x,40x,1,2,57,14,0.375,0.3333333333333333,2.3134110266207735
gigapath_flash,GigaPath-Flash,40x,10x,1,2,57,14,0.47916666666666663,0.425,2.0081933320758916
gigapath_flash,GigaPath-Flash,40x,2p5x,1,2,57,14,0.0625,0.020833333333333332,2.5822225314877847
gigapath_flash,GigaPath-Flash,40x,40x,1,3,56,15,0.7708333333333333,0.6749999999999999,1.4793077806342398
gigapath_flash,GigaPath-Flash,40x,10x,1,3,56,15,0.6666666666666666,0.55,1.8506842619316368
gigapath_flash,GigaPath-Flash,40x,2p5x,1,3,56,15,0.375,0.1875,3.1841352791284705
gigapath_flash,GigaPath-Flash,40x,40x,1,4,57,14,0.8333333333333334,0.6277777777777778,0.7051421856732494
gigapath_flash,GigaPath-Flash,40x,10x,1,4,57,14,0.625,0.35416666666666663,1.4995874036111427
gigapath_flash,GigaPath-Flash,40x,2p5x,1,4,57,14,0.20833333333333334,0.060897435897435896,4.164100373887833
gigapath_flash,GigaPath-Flash,40x,40x,1,5,57,14,0.5238095238095238,0.5047619047619047,1.0652686043510207
gigapath_flash,GigaPath-Flash,40x,10x,1,5,57,14,0.5,0.35714285714285715,1.7345318765303321
gigapath_flash,GigaPath-Flash,40x,2p5x,1,5,57,14,0.07142857142857142,0.08333333333333333,3.368456636691549
gigapath_flash,GigaPath-Flash,40x,40x,2,1,57,14,0.7619047619047619,0.6583333333333333,1.3294050888996858
gigapath_flash,GigaPath-Flash,40x,10x,2,1,57,14,0.5476190476190476,0.44047619047619047,2.236114079124136
gigapath_flash,GigaPath-Flash,40x,2p5x,2,1,57,14,0.14285714285714285,0.016666666666666666,3.3028533159753137
gigapath_flash,GigaPath-Flash,40x,40x,2,2,56,15,0.7642857142857142,0.5833333333333333,1.3307583223782586
gigapath_flash,GigaPath-Flash,40x,10x,2,2,56,15,0.5571428571428572,0.37797619047619047,1.9150350576103652
gigapath_flash,GigaPath-Flash,40x,2p5x,2,2,56,15,0.0,0.0,5.4757167481315925
gigapath_flash,GigaPath-Flash,40x,40x,2,3,56,15,0.619047619047619,0.45416666666666666,1.2062642389939242
gigapath_flash,GigaPath-Flash,40x,10x,2,3,56,15,0.4047619047619047,0.36547619047619045,1.6580090459834933
gigapath_flash,GigaPath-Flash,40x,2p5x,2,3,56,15,0.14285714285714285,0.046875,3.450958230287647
gigapath_flash,GigaPath-Flash,40x,40x,2,4,57,14,0.5555555555555555,0.4125,1.6244127305498266
gigapath_flash,GigaPath-Flash,40x,10x,2,4,57,14,0.4444444444444444,0.35,1.9147345289151154
gigapath_flash,GigaPath-Flash,40x,2p5x,2,4,57,14,0.25,0.08333333333333333,3.0262321748608385
gigapath_flash,GigaPath-Flash,40x,40x,2,5,58,13,0.875,0.8708333333333333,0.7204060376672564
gigapath_flash,GigaPath-Flash,40x,10x,2,5,58,13,0.5625,0.49583333333333335,1.5532534486050742
gigapath_flash,GigaPath-Flash,40x,2p5x,2,5,58,13,0.125,0.03333333333333333,3.9201859737920546
gigapath_flash,GigaPath-Flash,40x,40x,3,1,57,14,0.6904761904761905,0.5529761904761905,1.0685941904849012
gigapath_flash,GigaPath-Flash,40x,10x,3,1,57,14,0.6904761904761905,0.5458333333333334,1.6432608548032062
gigapath_flash,GigaPath-Flash,40x,2p5x,3,1,57,14,0.3333333333333333,0.20673076923076922,3.1601779227120663
gigapath_flash,GigaPath-Flash,40x,40x,3,2,57,14,0.6458333333333333,0.5833333333333333,1.1780922647874
gigapath_flash,GigaPath-Flash,40x,10x,3,2,57,14,0.47916666666666663,0.419047619047619,1.5329456019131158
gigapath_flash,GigaPath-Flash,40x,2p5x,3,2,57,14,0.125,0.03125,3.3570170307155047
gigapath_flash,GigaPath-Flash,40x,40x,3,3,56,15,0.5833333333333334,0.4297619047619048,1.2839285213771012
gigapath_flash,GigaPath-Flash,40x,10x,3,3,56,15,0.7083333333333334,0.47619047619047616,1.5510770509510992
gigapath_flash,GigaPath-Flash,40x,2p5x,3,3,56,15,0.25,0.08522727272727273,3.9134787491988265
gigapath_flash,GigaPath-Flash,40x,40x,3,4,57,14,0.738095238095238,0.6625,1.0259450113294948
gigapath_flash,GigaPath-Flash,40x,10x,3,4,57,14,0.6428571428571429,0.4672619047619047,1.5018695323872724
gigapath_flash,GigaPath-Flash,40x,2p5x,3,4,57,14,0.14285714285714285,0.016666666666666666,5.978929605218716
gigapath_flash,GigaPath-Flash,40x,40x,3,5,57,14,0.7708333333333333,0.7458333333333333,0.9463923535062709
gigapath_flash,GigaPath-Flash,40x,10x,3,5,57,14,0.625,0.5089285714285714,2.31708639506826
gigapath_flash,GigaPath-Flash,40x,2p5x,3,5,57,14,0.1875,0.11904761904761904,2.8390745359077094
gigapath_flash,GigaPath-Flash,40x,40x,4,1,57,14,0.7083333333333333,0.6666666666666666,1.3255097490683698
gigapath_flash,GigaPath-Flash,40x,10x,4,1,57,14,0.41666666666666663,0.35863095238095233,1.8825311767978599
gigapath_flash,GigaPath-Flash,40x,2p5x,4,1,57,14,0.125,0.03333333333333333,3.8314821805988393
gigapath_flash,GigaPath-Flash,40x,40x,4,2,57,14,0.75,0.7083333333333333,1.2772553758279206
gigapath_flash,GigaPath-Flash,40x,10x,4,2,57,14,0.5,0.39226190476190476,1.7711789666788975
gigapath_flash,GigaPath-Flash,40x,2p5x,4,2,57,14,0.25,0.12142857142857143,3.078868501405858
gigapath_flash,GigaPath-Flash,40x,40x,4,3,56,15,0.5476190476190476,0.4958333333333333,1.2320514560872604
gigapath_flash,GigaPath-Flash,40x,10x,4,3,56,15,0.42857142857142855,0.29047619047619044,2.7764636272985888
gigapath_flash,GigaPath-Flash,40x,2p5x,4,3,56,15,0.14285714285714285,0.015625,6.1489278070960385
gigapath_flash,GigaPath-Flash,40x,40x,4,4,57,14,0.8333333333333333,0.8,0.7910629940293118
gigapath_flash,GigaPath-Flash,40x,10x,4,4,57,14,0.7291666666666666,0.6755952380952381,1.5905893024716153
gigapath_flash,GigaPath-Flash,40x,2p5x,4,4,57,14,0.25,0.10256410256410256,4.7757949525912124
gigapath_flash,GigaPath-Flash,40x,40x,4,5,57,14,0.8809523809523808,0.7625,0.5057875292097018
gigapath_flash,GigaPath-Flash,40x,10x,4,5,57,14,0.47619047619047616,0.4363095238095238,1.2702573736535847
gigapath_flash,GigaPath-Flash,40x,2p5x,4,5,57,14,0.4523809523809524,0.32976190476190476,1.5697595690591715
gigapath_flash,GigaPath-Flash,40x,40x,5,1,57,14,0.3333333333333333,0.3208333333333333,2.0758784974000863
gigapath_flash,GigaPath-Flash,40x,10x,5,1,57,14,0.35416666666666663,0.3,2.3549510640148212
gigapath_flash,GigaPath-Flash,40x,2p5x,5,1,57,14,0.125,0.03125,4.392901921564298
gigapath_flash,GigaPath-Flash,40x,40x,5,2,56,15,0.7708333333333333,0.7279761904761904,1.418955199825953
gigapath_flash,GigaPath-Flash,40x,10x,5,2,56,15,0.7083333333333333,0.6339285714285714,1.518717225767628
gigapath_flash,GigaPath-Flash,40x,2p5x,5,2,56,15,0.29166666666666663,0.12916666666666665,2.4814451146855934
gigapath_flash,GigaPath-Flash,40x,40x,5,3,56,15,0.6333333333333333,0.4659090909090909,1.4788407312030756
gigapath_flash,GigaPath-Flash,40x,10x,5,3,56,15,0.7000000000000001,0.40654761904761905,2.679878863577668
gigapath_flash,GigaPath-Flash,40x,2p5x,5,3,56,15,0.16666666666666666,0.016666666666666666,4.75152282134599
gigapath_flash,GigaPath-Flash,40x,40x,5,4,57,14,0.7380952380952381,0.5833333333333333,0.9400220805388014
gigapath_flash,GigaPath-Flash,40x,10x,5,4,57,14,0.7023809523809523,0.5249999999999999,1.6343661248680248
gigapath_flash,GigaPath-Flash,40x,2p5x,5,4,57,14,0.14285714285714285,0.016666666666666666,4.677370282721315
gigapath_flash,GigaPath-Flash,40x,40x,5,5,58,13,0.6428571428571429,0.53125,1.05359131949957
gigapath_flash,GigaPath-Flash,40x,10x,5,5,58,13,0.5476190476190477,0.4107142857142857,1.813165429614474
gigapath_flash,GigaPath-Flash,40x,2p5x,5,5,58,13,0.3095238095238095,0.17708333333333331,3.2378285372114957
gigapath_flash,GigaPath-Flash,40x,40x,6,1,57,14,0.6428571428571429,0.4678030303030303,0.65234582163579
gigapath_flash,GigaPath-Flash,40x,10x,6,1,57,14,0.7142857142857143,0.5479166666666666,2.60192465209266
gigapath_flash,GigaPath-Flash,40x,2p5x,6,1,57,14,0.14285714285714285,0.016666666666666666,4.950317327849482
gigapath_flash,GigaPath-Flash,40x,40x,6,2,57,14,0.625,0.5583333333333333,1.46777943826154
gigapath_flash,GigaPath-Flash,40x,10x,6,2,57,14,0.6666666666666666,0.5729166666666666,1.2961085244211286
gigapath_flash,GigaPath-Flash,40x,2p5x,6,2,57,14,0.125,0.016666666666666666,4.542381734486565
gigapath_flash,GigaPath-Flash,40x,40x,6,3,57,14,0.5875,0.47916666666666663,1.5687124925448395
gigapath_flash,GigaPath-Flash,40x,10x,6,3,57,14,0.4625,0.3416666666666667,2.011137862554963
gigapath_flash,GigaPath-Flash,40x,2p5x,6,3,57,14,0.125,0.017857142857142856,3.7252732803037647
gigapath_flash,GigaPath-Flash,40x,40x,6,4,56,15,0.6785714285714286,0.56875,1.3679008717654304
gigapath_flash,GigaPath-Flash,40x,10x,6,4,56,15,0.6428571428571429,0.53125,1.4525074478244933
gigapath_flash,GigaPath-Flash,40x,2p5x,6,4,56,15,0.17857142857142858,0.08333333333333334,2.076328364710535
gigapath_flash,GigaPath-Flash,40x,40x,6,5,57,14,0.6875,0.625,1.0147655514694591
gigapath_flash,GigaPath-Flash,40x,10x,6,5,57,14,0.5416666666666666,0.47916666666666663,1.3848093412765592
gigapath_flash,GigaPath-Flash,40x,2p5x,6,5,57,14,0.20833333333333331,0.15833333333333333,2.6110799967274088
gigapath_flash,GigaPath-Flash,40x,40x,7,1,57,14,0.625,0.6166666666666667,0.9380376385197414
gigapath_flash,GigaPath-Flash,40x,10x,7,1,57,14,0.75,0.7374999999999999,0.8718658628605295
gigapath_flash,GigaPath-Flash,40x,2p5x,7,1,57,14,0.1875,0.13333333333333333,2.2334194194085253
gigapath_flash,GigaPath-Flash,40x,40x,7,2,56,15,0.8125,0.75,0.7788547459581082
gigapath_flash,GigaPath-Flash,40x,10x,7,2,56,15,0.47916666666666663,0.3589285714285714,1.6575832487927864
gigapath_flash,GigaPath-Flash,40x,2p5x,7,2,56,15,0.125,0.015625,4.595542719049652
gigapath_flash,GigaPath-Flash,40x,40x,7,3,58,13,0.8571428571428571,0.725,0.5685538897823705
gigapath_flash,GigaPath-Flash,40x,10x,7,3,58,13,0.5,0.3666666666666667,1.695102242305462
gigapath_flash,GigaPath-Flash,40x,2p5x,7,3,58,13,0.42857142857142855,0.23214285714285715,3.4178384137183233
gigapath_flash,GigaPath-Flash,40x,40x,7,4,56,15,0.71875,0.6541666666666667,1.5741640883818129
gigapath_flash,GigaPath-Flash,40x,10x,7,4,56,15,0.5625,0.488095238095238,2.0612570085092004
gigapath_flash,GigaPath-Flash,40x,2p5x,7,4,56,15,0.125,0.05263157894736842,4.040479567286474
gigapath_flash,GigaPath-Flash,40x,40x,7,5,57,14,0.6666666666666666,0.6071428571428572,0.9852448347240447
gigapath_flash,GigaPath-Flash,40x,10x,7,5,57,14,0.6041666666666666,0.4666666666666666,1.5340744351053797
gigapath_flash,GigaPath-Flash,40x,2p5x,7,5,57,14,0.125,0.016666666666666666,4.57238172100969
gigapath_flash,GigaPath-Flash,40x,40x,8,1,56,15,0.6547619047619048,0.5360119047619047,1.3221741325829661
gigapath_flash,GigaPath-Flash,40x,10x,8,1,56,15,0.4047619047619047,0.3458333333333333,1.8232048079310796
gigapath_flash,GigaPath-Flash,40x,2p5x,8,1,56,15,0.21428571428571427,0.08173076923076923,3.851544827130082
gigapath_flash,GigaPath-Flash,40x,40x,8,2,57,14,0.6666666666666666,0.588095238095238,1.164451165821372
gigapath_flash,GigaPath-Flash,40x,10x,8,2,57,14,0.5238095238095238,0.35059523809523807,1.4935885887881852
gigapath_flash,GigaPath-Flash,40x,2p5x,8,2,57,14,0.14285714285714285,0.016666666666666666,4.594158672121793
gigapath_flash,GigaPath-Flash,40x,40x,8,3,57,14,0.5833333333333333,0.5029761904761905,1.9021132641456957
gigapath_flash,GigaPath-Flash,40x,10x,8,3,57,14,0.6785714285714286,0.5708333333333333,2.6793534157734245
gigapath_flash,GigaPath-Flash,40x,2p5x,8,3,57,14,0.2857142857142857,0.09126984126984126,3.7585842402595486
gigapath_flash,GigaPath-Flash,40x,40x,8,4,58,13,0.7857142857142857,0.6458333333333333,0.46348181405188416
gigapath_flash,GigaPath-Flash,40x,10x,8,4,58,13,0.6571428571428571,0.4895833333333333,0.7116138387191142
gigapath_flash,GigaPath-Flash,40x,2p5x,8,4,58,13,0.34285714285714286,0.21250000000000002,1.9410995736736114
gigapath_flash,GigaPath-Flash,40x,40x,8,5,56,15,0.71875,0.6857142857142857,1.0990804456185264
gigapath_flash,GigaPath-Flash,40x,10x,8,5,56,15,0.375,0.30833333333333335,2.5418597543410923
gigapath_flash,GigaPath-Flash,40x,2p5x,8,5,56,15,0.125,0.029411764705882353,4.895187034955004
gigapath_flash,GigaPath-Flash,40x,40x,9,1,57,14,0.5,0.37797619047619047,1.0588586151406285
gigapath_flash,GigaPath-Flash,40x,10x,9,1,57,14,0.3333333333333333,0.23214285714285715,1.9401502657691694
gigapath_flash,GigaPath-Flash,40x,2p5x,9,1,57,14,0.16666666666666666,0.03125,3.479315488407206
gigapath_flash,GigaPath-Flash,40x,40x,9,2,57,14,0.7023809523809523,0.575,1.6947278616679535
gigapath_flash,GigaPath-Flash,40x,10x,9,2,57,14,0.4523809523809524,0.41666666666666663,1.7971855688376661
gigapath_flash,GigaPath-Flash,40x,2p5x,9,2,57,14,0.42857142857142855,0.22878787878787882,2.1285040516384095
gigapath_flash,GigaPath-Flash,40x,40x,9,3,56,15,0.875,0.8666666666666667,0.9451324604370771
gigapath_flash,GigaPath-Flash,40x,10x,9,3,56,15,0.5,0.3520833333333333,1.5900341186934739
gigapath_flash,GigaPath-Flash,40x,2p5x,9,3,56,15,0.125,0.015625,4.490489738074569
gigapath_flash,GigaPath-Flash,40x,40x,9,4,57,14,0.619047619047619,0.49583333333333335,0.9833616904077853
gigapath_flash,GigaPath-Flash,40x,10x,9,4,57,14,0.42857142857142855,0.275,2.58141299029132
gigapath_flash,GigaPath-Flash,40x,2p5x,9,4,57,14,0.0,0.0,5.769421800756701
gigapath_flash,GigaPath-Flash,40x,40x,9,5,57,14,0.4523809523809524,0.41666666666666663,1.2663394166784239
gigapath_flash,GigaPath-Flash,40x,10x,9,5,57,14,0.4523809523809524,0.3458333333333333,1.443527694451836
gigapath_flash,GigaPath-Flash,40x,2p5x,9,5,57,14,0.14285714285714285,0.016666666666666666,5.628883324027442
gigapath_flash,GigaPath-Flash,10x,40x,0,1,57,14,0.5952380952380951,0.5089285714285714,1.300773777493198
gigapath_flash,GigaPath-Flash,10x,10x,0,1,57,14,0.6904761904761906,0.5541666666666667,0.8652084870392557
gigapath_flash,GigaPath-Flash,10x,2p5x,0,1,57,14,0.2619047619047619,0.1597222222222222,2.091430653411585
gigapath_flash,GigaPath-Flash,10x,40x,0,2,56,15,0.35714285714285715,0.1845238095238095,2.050653315312192
gigapath_flash,GigaPath-Flash,10x,10x,0,2,56,15,0.8571428571428571,0.7321428571428571,0.5321705288412204
gigapath_flash,GigaPath-Flash,10x,2p5x,0,2,56,15,0.2857142857142857,0.06349206349206349,2.0381535135518276
gigapath_flash,GigaPath-Flash,10x,40x,0,3,57,14,0.5208333333333334,0.4273809523809523,1.9545824420424254
gigapath_flash,GigaPath-Flash,10x,10x,0,3,57,14,0.875,0.8541666666666666,0.33659668307290225
gigapath_flash,GigaPath-Flash,10x,2p5x,0,3,57,14,0.3125,0.16856060606060605,2.287837824826558
gigapath_flash,GigaPath-Flash,10x,40x,0,4,57,14,0.375,0.2569444444444444,2.3124931454958713
gigapath_flash,GigaPath-Flash,10x,10x,0,4,57,14,0.8125,0.7666666666666666,0.3977135964568975
gigapath_flash,GigaPath-Flash,10x,2p5x,0,4,57,14,0.29166666666666663,0.2107142857142857,2.1245391426189744
gigapath_flash,GigaPath-Flash,10x,40x,0,5,57,14,0.2619047619047619,0.16666666666666666,2.7817344382342513
gigapath_flash,GigaPath-Flash,10x,10x,0,5,57,14,0.619047619047619,0.5375,0.7435584772659025
gigapath_flash,GigaPath-Flash,10x,2p5x,0,5,57,14,0.42857142857142855,0.3380952380952381,1.8433318778409455
gigapath_flash,GigaPath-Flash,10x,40x,1,1,57,14,0.15714285714285717,0.11458333333333333,1.4723675422413365
gigapath_flash,GigaPath-Flash,10x,10x,1,1,57,14,0.9,0.7944444444444444,0.5694603114006821
gigapath_flash,GigaPath-Flash,10x,2p5x,1,1,57,14,0.07142857142857142,0.041666666666666664,3.466245841250643
gigapath_flash,GigaPath-Flash,10x,40x,1,2,57,14,0.2708333333333333,0.19375,2.524173088208264
gigapath_flash,GigaPath-Flash,10x,10x,1,2,57,14,0.75,0.7071428571428571,0.9565925165619523
gigapath_flash,GigaPath-Flash,10x,2p5x,1,2,57,14,0.3333333333333333,0.32638888888888884,1.9704268154590434
gigapath_flash,GigaPath-Flash,10x,40x,1,3,56,15,0.3125,0.16856060606060605,2.2591291885997364
gigapath_flash,GigaPath-Flash,10x,10x,1,3,56,15,0.8125,0.7666666666666666,0.6119720679856054
gigapath_flash,GigaPath-Flash,10x,2p5x,1,3,56,15,0.375,0.19444444444444445,2.184037717236129
gigapath_flash,GigaPath-Flash,10x,40x,1,4,57,14,0.4583333333333333,0.2465277777777778,1.361032939087613
gigapath_flash,GigaPath-Flash,10x,10x,1,4,57,14,0.9583333333333334,0.7071428571428571,0.27896245535891595
gigapath_flash,GigaPath-Flash,10x,2p5x,1,4,57,14,0.2916666666666667,0.1111111111111111,1.860377496583439
gigapath_flash,GigaPath-Flash,10x,40x,1,5,57,14,0.2857142857142857,0.25,3.147466903594355
gigapath_flash,GigaPath-Flash,10x,10x,1,5,57,14,0.630952380952381,0.5821428571428571,0.8980714436178314
gigapath_flash,GigaPath-Flash,10x,2p5x,1,5,57,14,0.2857142857142857,0.19166666666666665,2.0717007399762553
gigapath_flash,GigaPath-Flash,10x,40x,2,1,57,14,0.19047619047619047,0.08522727272727273,2.6042040572647545
gigapath_flash,GigaPath-Flash,10x,10x,2,1,57,14,0.8333333333333333,0.6916666666666667,0.5734528557936189
gigapath_flash,GigaPath-Flash,10x,2p5x,2,1,57,14,0.23809523809523808,0.12777777777777777,2.0425822366843005
gigapath_flash,GigaPath-Flash,10x,40x,2,2,56,15,0.4785714285714286,0.32291666666666663,1.8020019673509233
gigapath_flash,GigaPath-Flash,10x,10x,2,2,56,15,0.8928571428571429,0.7321428571428571,0.6374248948463827
gigapath_flash,GigaPath-Flash,10x,2p5x,2,2,56,15,0.03571428571428571,0.05,1.8805629322374944
gigapath_flash,GigaPath-Flash,10x,40x,2,3,56,15,0.2857142857142857,0.14375,2.1892843653814436
gigapath_flash,GigaPath-Flash,10x,10x,2,3,56,15,0.8333333333333333,0.725,0.5975578721832897
gigapath_flash,GigaPath-Flash,10x,2p5x,2,3,56,15,0.19047619047619047,0.11607142857142858,1.9185467421256803
gigapath_flash,GigaPath-Flash,10x,40x,2,4,57,14,0.4444444444444444,0.26785714285714285,1.6755192539236703
gigapath_flash,GigaPath-Flash,10x,10x,2,4,57,14,0.8611111111111112,0.6583333333333333,0.4837388046104999
gigapath_flash,GigaPath-Flash,10x,2p5x,2,4,57,14,0.3333333333333333,0.23333333333333334,2.3821319374653322
gigapath_flash,GigaPath-Flash,10x,40x,2,5,58,13,0.25,0.2361111111111111,1.8257511955471963
gigapath_flash,GigaPath-Flash,10x,10x,2,5,58,13,0.875,0.875,0.5738785083326339
gigapath_flash,GigaPath-Flash,10x,2p5x,2,5,58,13,0.625,0.5375,1.8057547009700887
gigapath_flash,GigaPath-Flash,10x,40x,3,1,57,14,0.42857142857142855,0.23958333333333331,2.402457303555489
gigapath_flash,GigaPath-Flash,10x,10x,3,1,57,14,0.8333333333333333,0.6958333333333333,0.6307035468393787
gigapath_flash,GigaPath-Flash,10x,2p5x,3,1,57,14,0.2857142857142857,0.1607142857142857,2.4683399848926313
gigapath_flash,GigaPath-Flash,10x,40x,3,2,57,14,0.29166666666666663,0.23958333333333331,2.0290742215629884
gigapath_flash,GigaPath-Flash,10x,10x,3,2,57,14,0.7708333333333333,0.7083333333333333,1.0068239587536516
gigapath_flash,GigaPath-Flash,10x,2p5x,3,2,57,14,0.3125,0.2375,2.292448317641657
gigapath_flash,GigaPath-Flash,10x,40x,3,3,56,15,0.4444444444444444,0.225,2.627057552116942
gigapath_flash,GigaPath-Flash,10x,10x,3,3,56,15,0.9027777777777777,0.6520833333333333,0.3159929045411297
gigapath_flash,GigaPath-Flash,10x,2p5x,3,3,56,15,0.3611111111111111,0.18571428571428572,2.570726097061139
gigapath_flash,GigaPath-Flash,10x,40x,3,4,57,14,0.35714285714285715,0.18253968253968253,1.9645596130030019
gigapath_flash,GigaPath-Flash,10x,10x,3,4,57,14,0.6666666666666666,0.55,0.4860178903809978
gigapath_flash,GigaPath-Flash,10x,2p5x,3,4,57,14,0.14285714285714285,0.017857142857142856,2.200644556827382
gigapath_flash,GigaPath-Flash,10x,40x,3,5,57,14,0.41666666666666663,0.40625,1.493747298160654
gigapath_flash,GigaPath-Flash,10x,10x,3,5,57,14,0.8333333333333333,0.8083333333333333,0.37717206945102344
gigapath_flash,GigaPath-Flash,10x,2p5x,3,5,57,14,0.22916666666666666,0.2111111111111111,1.996933912638583
gigapath_flash,GigaPath-Flash,10x,40x,4,1,57,14,0.3125,0.2,2.424120690739358
gigapath_flash,GigaPath-Flash,10x,10x,4,1,57,14,0.7916666666666666,0.7589285714285714,0.604777461333174
gigapath_flash,GigaPath-Flash,10x,2p5x,4,1,57,14,0.2916666666666667,0.23809523809523808,2.3354690517737136
gigapath_flash,GigaPath-Flash,10x,40x,4,2,57,14,0.4375,0.3625,1.8903059413474779
gigapath_flash,GigaPath-Flash,10x,10x,4,2,57,14,0.8125,0.7875,0.5487640040441452
gigapath_flash,GigaPath-Flash,10x,2p5x,4,2,57,14,0.375,0.25297619047619047,1.823968118420737
gigapath_flash,GigaPath-Flash,10x,40x,4,3,56,15,0.23809523809523808,0.12083333333333333,2.4079448800363097
gigapath_flash,GigaPath-Flash,10x,10x,4,3,56,15,0.7619047619047619,0.6166666666666667,0.6642414945606656
gigapath_flash,GigaPath-Flash,10x,2p5x,4,3,56,15,0.14285714285714285,0.015625,2.746074166527459
gigapath_flash,GigaPath-Flash,10x,40x,4,4,57,14,0.4375,0.2791666666666667,2.2884298718066645
gigapath_flash,GigaPath-Flash,10x,10x,4,4,57,14,0.8958333333333333,0.8833333333333333,0.42791810333802555
gigapath_flash,GigaPath-Flash,10x,2p5x,4,4,57,14,0.1875,0.1111111111111111,2.1070813228402256
gigapath_flash,GigaPath-Flash,10x,40x,4,5,57,14,0.619047619047619,0.4375,1.2654633257380508
gigapath_flash,GigaPath-Flash,10x,10x,4,5,57,14,0.8333333333333333,0.7375,0.4858871016481476
gigapath_flash,GigaPath-Flash,10x,2p5x,4,5,57,14,0.4523809523809524,0.35833333333333334,1.5186165626878494
gigapath_flash,GigaPath-Flash,10x,40x,5,1,57,14,0.0625,0.019230769230769232,3.1743936328769182
gigapath_flash,GigaPath-Flash,10x,10x,5,1,57,14,0.7708333333333333,0.7541666666666667,1.0302551132998885
gigapath_flash,GigaPath-Flash,10x,2p5x,5,1,57,14,0.25,0.23106060606060605,2.114513748454903
gigapath_flash,GigaPath-Flash,10x,40x,5,2,56,15,0.5833333333333333,0.4666666666666667,1.4923471095003713
gigapath_flash,GigaPath-Flash,10x,10x,5,2,56,15,0.875,0.8529761904761906,0.6030346654473759
gigapath_flash,GigaPath-Flash,10x,2p5x,5,2,56,15,0.2916666666666667,0.15267857142857144,1.825950769026258
gigapath_flash,GigaPath-Flash,10x,40x,5,3,56,15,0.375,0.2048611111111111,2.4114612542065883
gigapath_flash,GigaPath-Flash,10x,10x,5,3,56,15,0.85,0.625,0.6415790513086107
gigapath_flash,GigaPath-Flash,10x,2p5x,5,3,56,15,0.3,0.12142857142857143,2.6841063946862334
gigapath_flash,GigaPath-Flash,10x,40x,5,4,57,14,0.2857142857142857,0.13839285714285715,2.82281435952279
gigapath_flash,GigaPath-Flash,10x,10x,5,4,57,14,0.7738095238095238,0.6104166666666666,0.6303288687859908
gigapath_flash,GigaPath-Flash,10x,2p5x,5,4,57,14,0.14285714285714285,0.025,2.0120067496084513
gigapath_flash,GigaPath-Flash,10x,40x,5,5,58,13,0.5,0.3520833333333333,2.2921619349434788
gigapath_flash,GigaPath-Flash,10x,10x,5,5,58,13,0.9523809523809524,0.85,0.5245877436084361
gigapath_flash,GigaPath-Flash,10x,2p5x,5,5,58,13,0.35714285714285715,0.22435897435897434,2.1801639705405313
gigapath_flash,GigaPath-Flash,10x,40x,6,1,57,14,0.32857142857142857,0.2236111111111111,1.9765090317679819
gigapath_flash,GigaPath-Flash,10x,10x,6,1,57,14,0.9,0.8194444444444444,0.38091254193552493
gigapath_flash,GigaPath-Flash,10x,2p5x,6,1,57,14,0.07142857142857142,0.025,3.36802313661487
gigapath_flash,GigaPath-Flash,10x,40x,6,2,57,14,0.375,0.3333333333333333,2.378875545934601
gigapath_flash,GigaPath-Flash,10x,10x,6,2,57,14,0.7916666666666666,0.7238095238095238,0.8017488142831332
gigapath_flash,GigaPath-Flash,10x,2p5x,6,2,57,14,0.625,0.4107142857142857,2.1396592292077155
gigapath_flash,GigaPath-Flash,10x,40x,6,3,57,14,0.375,0.2125,2.5706757940712537
gigapath_flash,GigaPath-Flash,10x,10x,6,3,57,14,0.675,0.6047619047619047,0.9413252300130674
gigapath_flash,GigaPath-Flash,10x,2p5x,6,3,57,14,0.325,0.24375,2.013706809739067
gigapath_flash,GigaPath-Flash,10x,40x,6,4,56,15,0.39285714285714285,0.30357142857142855,1.6620966196097016
gigapath_flash,GigaPath-Flash,10x,10x,6,4,56,15,0.6785714285714286,0.5654761904761905,0.629070752712396
gigapath_flash,GigaPath-Flash,10x,2p5x,6,4,56,15,0.21428571428571427,0.13522727272727272,1.9194700411087326
gigapath_flash,GigaPath-Flash,10x,40x,6,5,57,14,0.375,0.3035714285714286,1.9661596252105196
gigapath_flash,GigaPath-Flash,10x,10x,6,5,57,14,0.875,0.85,0.4399242638082251
gigapath_flash,GigaPath-Flash,10x,2p5x,6,5,57,14,0.4270833333333333,0.2901785714285714,1.6328735029267718
gigapath_flash,GigaPath-Flash,10x,40x,7,1,57,14,0.5,0.4458333333333333,2.065233607219479
gigapath_flash,GigaPath-Flash,10x,10x,7,1,57,14,0.9375,0.9333333333333333,0.22584670350560998
gigapath_flash,GigaPath-Flash,10x,2p5x,7,1,57,14,0.4375,0.32738095238095233,2.1624297408619535
gigapath_flash,GigaPath-Flash,10x,40x,7,2,56,15,0.375,0.17559523809523808,2.429193179648744
gigapath_flash,GigaPath-Flash,10x,10x,7,2,56,15,0.8541666666666666,0.85,0.5726623063549177
gigapath_flash,GigaPath-Flash,10x,2p5x,7,2,56,15,0.2916666666666667,0.17916666666666667,1.9194481266725332
gigapath_flash,GigaPath-Flash,10x,40x,7,3,58,13,0.6428571428571429,0.5357142857142857,0.9149502451255361
gigapath_flash,GigaPath-Flash,10x,10x,7,3,58,13,1.0,0.875,0.1446938309445474
gigapath_flash,GigaPath-Flash,10x,2p5x,7,3,58,13,0.07142857142857142,0.08333333333333333,2.0444578195069556
gigapath_flash,GigaPath-Flash,10x,40x,7,4,56,15,0.3125,0.2958333333333333,1.5103530178960445
gigapath_flash,GigaPath-Flash,10x,10x,7,4,56,15,0.78125,0.7125,1.041468430524717
gigapath_flash,GigaPath-Flash,10x,2p5x,7,4,56,15,0.28125,0.1701923076923077,2.0790427999939984
gigapath_flash,GigaPath-Flash,10x,40x,7,5,57,14,0.3125,0.21022727272727273,2.6497949975657478
gigapath_flash,GigaPath-Flash,10x,10x,7,5,57,14,0.7916666666666666,0.7041666666666666,0.6414165466663448
gigapath_flash,GigaPath-Flash,10x,2p5x,7,5,57,14,0.375,0.2625,1.77924787753071
gigapath_flash,GigaPath-Flash,10x,40x,8,1,56,15,0.40476190476190477,0.22083333333333333,2.4294194891246224
gigapath_flash,GigaPath-Flash,10x,10x,8,1,56,15,0.7857142857142857,0.6488095238095237,0.5031385227567146
gigapath_flash,GigaPath-Flash,10x,2p5x,8,1,56,15,0.23809523809523808,0.17142857142857143,2.278353402794554
gigapath_flash,GigaPath-Flash,10x,40x,8,2,57,14,0.2619047619047619,0.12916666666666665,2.764567161535146
gigapath_flash,GigaPath-Flash,10x,10x,8,2,57,14,0.6785714285714286,0.5550595238095237,0.6741352950541559
gigapath_flash,GigaPath-Flash,10x,2p5x,8,2,57,14,0.42857142857142855,0.2357142857142857,2.3369565306853306
gigapath_flash,GigaPath-Flash,10x,40x,8,3,57,14,0.3333333333333333,0.2107142857142857,1.6641353900544529
gigapath_flash,GigaPath-Flash,10x,10x,8,3,57,14,0.869047619047619,0.7279761904761906,0.7468217194238322
gigapath_flash,GigaPath-Flash,10x,2p5x,8,3,57,14,0.2857142857142857,0.16666666666666666,2.3536080538115036
gigapath_flash,GigaPath-Flash,10x,40x,8,4,58,13,0.6142857142857142,0.44166666666666665,0.9424304139586267
gigapath_flash,GigaPath-Flash,10x,10x,8,4,58,13,1.0,0.875,0.11741783044308979
gigapath_flash,GigaPath-Flash,10x,2p5x,8,4,58,13,0.14285714285714285,0.041666666666666664,1.8525560183678529
gigapath_flash,GigaPath-Flash,10x,40x,8,5,56,15,0.25,0.1746031746031746,2.358793856243784
gigapath_flash,GigaPath-Flash,10x,10x,8,5,56,15,0.65625,0.6395833333333334,0.6631140730205163
gigapath_flash,GigaPath-Flash,10x,2p5x,8,5,56,15,0.3125,0.22916666666666666,1.9979930096874798
gigapath_flash,GigaPath-Flash,10x,40x,9,1,57,14,0.4166666666666667,0.26587301587301587,2.073183485336933
gigapath_flash,GigaPath-Flash,10x,10x,9,1,57,14,0.611111111111111,0.4708333333333333,0.694180398960758
gigapath_flash,GigaPath-Flash,10x,2p5x,9,1,57,14,0.08333333333333333,0.019230769230769232,2.3667537952225817
gigapath_flash,GigaPath-Flash,10x,40x,9,2,57,14,0.5476190476190477,0.3916666666666666,1.539969437922765
gigapath_flash,GigaPath-Flash,10x,10x,9,2,57,14,0.9166666666666667,0.79375,0.7249247756688323
gigapath_flash,GigaPath-Flash,10x,2p5x,9,2,57,14,0.2857142857142857,0.19642857142857142,1.902488913778503
gigapath_flash,GigaPath-Flash,10x,40x,9,3,56,15,0.25,0.09375,2.329803692999516
gigapath_flash,GigaPath-Flash,10x,10x,9,3,56,15,0.875,0.8666666666666667,0.4579282657497599
gigapath_flash,GigaPath-Flash,10x,2p5x,9,3,56,15,0.35416666666666663,0.2371031746031746,2.275914459348353
gigapath_flash,GigaPath-Flash,10x,40x,9,4,57,14,0.38095238095238093,0.31249999999999994,1.842453903185547
gigapath_flash,GigaPath-Flash,10x,10x,9,4,57,14,0.8095238095238094,0.6958333333333333,0.4094877933069583
gigapath_flash,GigaPath-Flash,10x,2p5x,9,4,57,14,0.23809523809523808,0.23333333333333334,2.088069287805539
gigapath_flash,GigaPath-Flash,10x,40x,9,5,57,14,0.2738095238095238,0.15833333333333333,2.6435074171768527
gigapath_flash,GigaPath-Flash,10x,10x,9,5,57,14,0.7857142857142857,0.6458333333333333,0.48088672295274865
gigapath_flash,GigaPath-Flash,10x,2p5x,9,5,57,14,0.16666666666666666,0.11805555555555555,1.9020495689831634
gigapath_flash,GigaPath-Flash,2p5x,40x,0,1,57,14,0.2619047619047619,0.17559523809523808,3.867913426297742
gigapath_flash,GigaPath-Flash,2p5x,10x,0,1,57,14,0.21428571428571427,0.1125,3.847494482737852
gigapath_flash,GigaPath-Flash,2p5x,2p5x,0,1,57,14,0.7142857142857143,0.5333333333333333,0.9900168471364444
gigapath_flash,GigaPath-Flash,2p5x,40x,0,2,56,15,0.2857142857142857,0.1875,3.3871620992754354
gigapath_flash,GigaPath-Flash,2p5x,10x,0,2,56,15,0.6428571428571429,0.4875,1.6576125562796862
gigapath_flash,GigaPath-Flash,2p5x,2p5x,0,2,56,15,0.5952380952380951,0.4458333333333333,0.8875063485493027
gigapath_flash,GigaPath-Flash,2p5x,40x,0,3,57,14,0.3333333333333333,0.19166666666666668,4.793962536560671
gigapath_flash,GigaPath-Flash,2p5x,10x,0,3,57,14,0.4375,0.3138888888888889,3.700963494178437
gigapath_flash,GigaPath-Flash,2p5x,2p5x,0,3,57,14,0.6875,0.6041666666666667,1.0772760187855879
gigapath_flash,GigaPath-Flash,2p5x,40x,0,4,57,14,0.125,0.03571428571428571,6.668973755276483
gigapath_flash,GigaPath-Flash,2p5x,10x,0,4,57,14,0.3333333333333333,0.2583333333333333,3.0544772016084245
gigapath_flash,GigaPath-Flash,2p5x,2p5x,0,4,57,14,0.5833333333333333,0.5672619047619047,1.4633022329966463
gigapath_flash,GigaPath-Flash,2p5x,40x,0,5,57,14,0.14285714285714285,0.03333333333333333,5.457852326012684
gigapath_flash,GigaPath-Flash,2p5x,10x,0,5,57,14,0.42857142857142855,0.25,2.0411624236192525
gigapath_flash,GigaPath-Flash,2p5x,2p5x,0,5,57,14,0.8571428571428571,0.7529761904761905,0.689681471348314
gigapath_flash,GigaPath-Flash,2p5x,40x,1,1,57,14,0.14285714285714285,0.027777777777777776,4.644615214493094
gigapath_flash,GigaPath-Flash,2p5x,10x,1,1,57,14,0.21428571428571427,0.16145833333333331,2.481057777921534
gigapath_flash,GigaPath-Flash,2p5x,2p5x,1,1,57,14,0.8285714285714285,0.7,0.824544712592439
gigapath_flash,GigaPath-Flash,2p5x,40x,1,2,57,14,0.3125,0.17878787878787877,4.46832164438855
gigapath_flash,GigaPath-Flash,2p5x,10x,1,2,57,14,0.2708333333333333,0.1845238095238095,2.89925341955523
gigapath_flash,GigaPath-Flash,2p5x,2p5x,1,2,57,14,0.7083333333333333,0.713095238095238,1.5385533015112942
gigapath_flash,GigaPath-Flash,2p5x,40x,1,3,56,15,0.125,0.03333333333333333,6.888861489629818
gigapath_flash,GigaPath-Flash,2p5x,10x,1,3,56,15,0.41666666666666663,0.35416666666666663,4.771440988827679
gigapath_flash,GigaPath-Flash,2p5x,2p5x,1,3,56,15,0.7083333333333333,0.6416666666666666,1.1714902890601109
gigapath_flash,GigaPath-Flash,2p5x,40x,1,4,57,14,0.25,0.09821428571428571,3.73795463405753
gigapath_flash,GigaPath-Flash,2p5x,10x,1,4,57,14,0.375,0.2621212121212121,2.156298849995493
gigapath_flash,GigaPath-Flash,2p5x,2p5x,1,4,57,14,0.7083333333333334,0.5654761904761905,0.7294170150218136
gigapath_flash,GigaPath-Flash,2p5x,40x,1,5,57,14,0.19047619047619047,0.1125,4.405761612698347
gigapath_flash,GigaPath-Flash,2p5x,10x,1,5,57,14,0.14285714285714285,0.125,4.28988787532085
gigapath_flash,GigaPath-Flash,2p5x,2p5x,1,5,57,14,0.6428571428571429,0.5654761904761905,1.0456497674992515
gigapath_flash,GigaPath-Flash,2p5x,40x,2,1,57,14,0.23809523809523808,0.13571428571428573,4.630294612956209
gigapath_flash,GigaPath-Flash,2p5x,10x,2,1,57,14,0.2857142857142857,0.1607142857142857,3.06946122420036
gigapath_flash,GigaPath-Flash,2p5x,2p5x,2,1,57,14,0.4523809523809524,0.41666666666666663,0.9037402865878427
gigapath_flash,GigaPath-Flash,2p5x,40x,2,2,56,15,0.19999999999999998,0.13392857142857142,3.277818878892382
gigapath_flash,GigaPath-Flash,2p5x,10x,2,2,56,15,0.19999999999999998,0.14285714285714285,2.620608784307186
gigapath_flash,GigaPath-Flash,2p5x,2p5x,2,2,56,15,0.7999999999999999,0.6354166666666666,1.107696231513749
gigapath_flash,GigaPath-Flash,2p5x,40x,2,3,56,15,0.19047619047619047,0.15625,4.9581473299341114
gigapath_flash,GigaPath-Flash,2p5x,10x,2,3,56,15,0.23809523809523808,0.09166666666666667,3.348485115752411
gigapath_flash,GigaPath-Flash,2p5x,2p5x,2,3,56,15,0.6428571428571429,0.48988095238095236,0.9274369132238995
gigapath_flash,GigaPath-Flash,2p5x,40x,2,4,57,14,0.08333333333333333,0.041666666666666664,6.588217783138828
gigapath_flash,GigaPath-Flash,2p5x,10x,2,4,57,14,0.4166666666666667,0.29047619047619044,3.7488760050224874
gigapath_flash,GigaPath-Flash,2p5x,2p5x,2,4,57,14,0.638888888888889,0.5208333333333333,2.074342543681507
gigapath_flash,GigaPath-Flash,2p5x,40x,2,5,58,13,0.25,0.12777777777777777,2.6911761625081385
gigapath_flash,GigaPath-Flash,2p5x,10x,2,5,58,13,0.3125,0.26041666666666663,2.316141698271589
gigapath_flash,GigaPath-Flash,2p5x,2p5x,2,5,58,13,0.875,0.8708333333333333,0.6887662527217154
gigapath_flash,GigaPath-Flash,2p5x,40x,3,1,57,14,0.14285714285714285,0.041666666666666664,5.225421404777817
gigapath_flash,GigaPath-Flash,2p5x,10x,3,1,57,14,0.4047619047619047,0.294047619047619,2.3104500468527043
gigapath_flash,GigaPath-Flash,2p5x,2p5x,3,1,57,14,0.7619047619047619,0.5946428571428571,0.7674876356549992
gigapath_flash,GigaPath-Flash,2p5x,40x,3,2,57,14,0.25,0.16856060606060605,4.392397887902329
gigapath_flash,GigaPath-Flash,2p5x,10x,3,2,57,14,0.6458333333333333,0.5541666666666667,1.9799007428788706
gigapath_flash,GigaPath-Flash,2p5x,2p5x,3,2,57,14,0.8333333333333333,0.8291666666666666,1.0858551127433738
gigapath_flash,GigaPath-Flash,2p5x,40x,3,3,56,15,0.16666666666666666,0.1,6.207915002426336
gigapath_flash,GigaPath-Flash,2p5x,10x,3,3,56,15,0.2222222222222222,0.1375,5.6736288359497
gigapath_flash,GigaPath-Flash,2p5x,2p5x,3,3,56,15,0.75,0.6130952380952381,1.30512703629678
gigapath_flash,GigaPath-Flash,2p5x,40x,3,4,57,14,0.14285714285714285,0.05,4.124308372968964
gigapath_flash,GigaPath-Flash,2p5x,10x,3,4,57,14,0.2619047619047619,0.24583333333333332,3.404841075749873
gigapath_flash,GigaPath-Flash,2p5x,2p5x,3,4,57,14,0.6071428571428571,0.5404761904761906,1.0105050464581233
gigapath_flash,GigaPath-Flash,2p5x,40x,3,5,57,14,0.25,0.1736111111111111,3.7577314655071627
gigapath_flash,GigaPath-Flash,2p5x,10x,3,5,57,14,0.47916666666666663,0.37976190476190474,2.113370164428861
gigapath_flash,GigaPath-Flash,2p5x,2p5x,3,5,57,14,0.7708333333333333,0.75,1.0415780341795522
gigapath_flash,GigaPath-Flash,2p5x,40x,4,1,57,14,0.5,0.37976190476190474,4.071097567218207
gigapath_flash,GigaPath-Flash,2p5x,10x,4,1,57,14,0.5,0.4125,2.5435917747985033
gigapath_flash,GigaPath-Flash,2p5x,2p5x,4,1,57,14,0.7708333333333333,0.7208333333333333,0.7597236290230296
gigapath_flash,GigaPath-Flash,2p5x,40x,4,2,57,14,0.25,0.15714285714285714,3.703844315860271
gigapath_flash,GigaPath-Flash,2p5x,10x,4,2,57,14,0.3125,0.26666666666666666,3.623963492575105
gigapath_flash,GigaPath-Flash,2p5x,2p5x,4,2,57,14,0.625,0.5791666666666666,1.1103153061911624
gigapath_flash,GigaPath-Flash,2p5x,40x,4,3,56,15,0.23809523809523808,0.13571428571428573,5.033367233611222
gigapath_flash,GigaPath-Flash,2p5x,10x,4,3,56,15,0.19047619047619047,0.1375,2.4549500360582854
gigapath_flash,GigaPath-Flash,2p5x,2p5x,4,3,56,15,0.6666666666666666,0.5291666666666667,0.9913196375773575
gigapath_flash,GigaPath-Flash,2p5x,40x,4,4,57,14,0.3125,0.1607142857142857,5.622175893935881
gigapath_flash,GigaPath-Flash,2p5x,10x,4,4,57,14,0.5,0.38571428571428573,3.892026310581437
gigapath_flash,GigaPath-Flash,2p5x,2p5x,4,4,57,14,0.6875,0.6333333333333333,1.3235672470191386
gigapath_flash,GigaPath-Flash,2p5x,40x,4,5,57,14,0.14285714285714285,0.045454545454545456,3.964359698023171
gigapath_flash,GigaPath-Flash,2p5x,10x,4,5,57,14,0.42857142857142855,0.22857142857142856,2.29112724445119
gigapath_flash,GigaPath-Flash,2p5x,2p5x,4,5,57,14,0.8333333333333333,0.7,0.8342694651525139
gigapath_flash,GigaPath-Flash,2p5x,40x,5,1,57,14,0.22916666666666666,0.15416666666666667,4.1924004923688925
gigapath_flash,GigaPath-Flash,2p5x,10x,5,1,57,14,0.25,0.1736111111111111,2.9540708242830633
gigapath_flash,GigaPath-Flash,2p5x,2p5x,5,1,57,14,0.625,0.5708333333333333,1.2532842398447208
gigapath_flash,GigaPath-Flash,2p5x,40x,5,2,56,15,0.16666666666666666,0.06944444444444445,5.295109708545821
gigapath_flash,GigaPath-Flash,2p5x,10x,5,2,56,15,0.3333333333333333,0.175,3.6703974783418873
gigapath_flash,GigaPath-Flash,2p5x,2p5x,5,2,56,15,0.8125,0.7425595238095237,1.0878993353734308
gigapath_flash,GigaPath-Flash,2p5x,40x,5,3,56,15,0.16666666666666666,0.022727272727272728,5.6973146762911275
gigapath_flash,GigaPath-Flash,2p5x,10x,5,3,56,15,0.45,0.25162337662337664,2.2149840606161573
gigapath_flash,GigaPath-Flash,2p5x,2p5x,5,3,56,15,0.65,0.47916666666666663,1.3571154389463636
gigapath_flash,GigaPath-Flash,2p5x,40x,5,4,57,14,0.4761904761904762,0.2696428571428572,5.892405217288881
gigapath_flash,GigaPath-Flash,2p5x,10x,5,4,57,14,0.42857142857142855,0.25,5.334652771402707
gigapath_flash,GigaPath-Flash,2p5x,2p5x,5,4,57,14,0.7023809523809524,0.5208333333333333,1.5541614758485685
gigapath_flash,GigaPath-Flash,2p5x,40x,5,5,58,13,0.14285714285714285,0.020833333333333332,4.274211985276152
gigapath_flash,GigaPath-Flash,2p5x,10x,5,5,58,13,0.2857142857142857,0.1515151515151515,3.6526295786394205
gigapath_flash,GigaPath-Flash,2p5x,2p5x,5,5,58,13,0.6428571428571429,0.53125,1.3249470710374045
gigapath_flash,GigaPath-Flash,2p5x,40x,6,1,57,14,0.19999999999999998,0.1875,3.133454478998541
gigapath_flash,GigaPath-Flash,2p5x,10x,6,1,57,14,0.2857142857142857,0.2142857142857143,2.902714191022448
gigapath_flash,GigaPath-Flash,2p5x,2p5x,6,1,57,14,0.9285714285714286,0.7916666666666666,0.4465868428722285
gigapath_flash,GigaPath-Flash,2p5x,40x,6,2,57,14,0.125,0.05,4.727593664191889
gigapath_flash,GigaPath-Flash,2p5x,10x,6,2,57,14,0.375,0.2708333333333333,3.259396562561563
gigapath_flash,GigaPath-Flash,2p5x,2p5x,6,2,57,14,0.75,0.6958333333333333,1.26115044824101
gigapath_flash,GigaPath-Flash,2p5x,40x,6,3,57,14,0.25,0.15,5.5069538536386835
gigapath_flash,GigaPath-Flash,2p5x,10x,6,3,57,14,0.5875,0.431547619047619,2.4957292702592055
gigapath_flash,GigaPath-Flash,2p5x,2p5x,6,3,57,14,0.4,0.4041666666666667,1.6580166476682243
gigapath_flash,GigaPath-Flash,2p5x,40x,6,4,56,15,0.2857142857142857,0.20634920634920634,3.207063806307129
gigapath_flash,GigaPath-Flash,2p5x,10x,6,4,56,15,0.5714285714285714,0.47797619047619044,2.339537257851155
gigapath_flash,GigaPath-Flash,2p5x,2p5x,6,4,56,15,0.5952380952380951,0.525,1.070155310197761
gigapath_flash,GigaPath-Flash,2p5x,40x,6,5,57,14,0.1875,0.07083333333333333,5.646279475325149
gigapath_flash,GigaPath-Flash,2p5x,10x,6,5,57,14,0.125,0.03125,4.6254473571839325
gigapath_flash,GigaPath-Flash,2p5x,2p5x,6,5,57,14,0.6979166666666666,0.6488095238095237,1.1267191560408611
gigapath_flash,GigaPath-Flash,2p5x,40x,7,1,57,14,0.125,0.05625,5.81211246567411
gigapath_flash,GigaPath-Flash,2p5x,10x,7,1,57,14,0.25,0.19166666666666665,4.129787545452466
gigapath_flash,GigaPath-Flash,2p5x,2p5x,7,1,57,14,0.75,0.7208333333333333,0.5880354960943525
gigapath_flash,GigaPath-Flash,2p5x,40x,7,2,56,15,0.1875,0.12878787878787878,4.1163757290932335
gigapath_flash,GigaPath-Flash,2p5x,10x,7,2,56,15,0.29166666666666663,0.19545454545454546,2.881025576866654
gigapath_flash,GigaPath-Flash,2p5x,2p5x,7,2,56,15,0.6875,0.6625,1.0289476383415652
gigapath_flash,GigaPath-Flash,2p5x,40x,7,3,58,13,0.2857142857142857,0.14545454545454545,3.790918991835155
gigapath_flash,GigaPath-Flash,2p5x,10x,7,3,58,13,0.5714285714285714,0.42083333333333334,1.1712722554211006
gigapath_flash,GigaPath-Flash,2p5x,2p5x,7,3,58,13,0.8095238095238094,0.6625,0.6331731301921183
gigapath_flash,GigaPath-Flash,2p5x,40x,7,4,56,15,0.1875,0.07670454545454546,4.825992917187991
gigapath_flash,GigaPath-Flash,2p5x,10x,7,4,56,15,0.4375,0.36688311688311687,3.254365395948757
gigapath_flash,GigaPath-Flash,2p5x,2p5x,7,4,56,15,0.71875,0.6625,1.5470826768477595
gigapath_flash,GigaPath-Flash,2p5x,40x,7,5,57,14,0.2916666666666667,0.20673076923076922,6.442990817458328
gigapath_flash,GigaPath-Flash,2p5x,10x,7,5,57,14,0.20833333333333331,0.12272727272727274,5.503705568006683
gigapath_flash,GigaPath-Flash,2p5x,2p5x,7,5,57,14,0.5416666666666667,0.43333333333333335,1.1685214571114462
gigapath_flash,GigaPath-Flash,2p5x,40x,8,1,56,15,0.35714285714285715,0.2708333333333333,4.67094768399183
gigapath_flash,GigaPath-Flash,2p5x,10x,8,1,56,15,0.5476190476190477,0.37777777777777777,3.353934541923184
gigapath_flash,GigaPath-Flash,2p5x,2p5x,8,1,56,15,0.880952380952381,0.7527777777777778,0.6016708033482029
gigapath_flash,GigaPath-Flash,2p5x,40x,8,2,57,14,0.16666666666666666,0.14583333333333331,5.058452865640165
gigapath_flash,GigaPath-Flash,2p5x,10x,8,2,57,14,0.3333333333333333,0.24305555555555555,5.317679353824178
gigapath_flash,GigaPath-Flash,2p5x,2p5x,8,2,57,14,0.5238095238095238,0.4125,1.2389235153545108
gigapath_flash,GigaPath-Flash,2p5x,40x,8,3,57,14,0.2619047619047619,0.12291666666666667,5.074897244887779
gigapath_flash,GigaPath-Flash,2p5x,10x,8,3,57,14,0.3095238095238095,0.2375,1.9571889704409078
gigapath_flash,GigaPath-Flash,2p5x,2p5x,8,3,57,14,0.619047619047619,0.5708333333333333,1.1568975459747204
gigapath_flash,GigaPath-Flash,2p5x,40x,8,4,58,13,0.19999999999999998,0.11309523809523808,3.0752060257562666
gigapath_flash,GigaPath-Flash,2p5x,10x,8,4,58,13,0.6,0.41309523809523807,2.4027615945876635
gigapath_flash,GigaPath-Flash,2p5x,2p5x,8,4,58,13,0.7142857142857143,0.5583333333333333,0.558594262476272
gigapath_flash,GigaPath-Flash,2p5x,40x,8,5,56,15,0.1875,0.059027777777777776,4.658256422032009
gigapath_flash,GigaPath-Flash,2p5x,10x,8,5,56,15,0.375,0.2857142857142857,2.4730396121390923
gigapath_flash,GigaPath-Flash,2p5x,2p5x,8,5,56,15,0.75,0.6773809523809524,1.1119745864187844
gigapath_flash,GigaPath-Flash,2p5x,40x,9,1,57,14,0.05555555555555555,0.0625,5.0107336003328395
gigapath_flash,GigaPath-Flash,2p5x,10x,9,1,57,14,0.4166666666666667,0.29166666666666663,2.004848934461853
gigapath_flash,GigaPath-Flash,2p5x,2p5x,9,1,57,14,0.5833333333333334,0.3988095238095238,0.9758891680419302
gigapath_flash,GigaPath-Flash,2p5x,40x,9,2,57,14,0.14285714285714285,0.125,5.831340672819442
gigapath_flash,GigaPath-Flash,2p5x,10x,9,2,57,14,0.42857142857142855,0.2222222222222222,4.327166530019787
gigapath_flash,GigaPath-Flash,2p5x,2p5x,9,2,57,14,0.7976190476190477,0.6755952380952381,1.9084414320484488
gigapath_flash,GigaPath-Flash,2p5x,40x,9,3,56,15,0.3125,0.16458333333333333,4.7402056889856174
gigapath_flash,GigaPath-Flash,2p5x,10x,9,3,56,15,0.41666666666666663,0.34375,2.8699325925929475
gigapath_flash,GigaPath-Flash,2p5x,2p5x,9,3,56,15,0.8333333333333333,0.8291666666666666,0.5611755483601093
gigapath_flash,GigaPath-Flash,2p5x,40x,9,4,57,14,0.14285714285714285,0.05,4.339193426999531
gigapath_flash,GigaPath-Flash,2p5x,10x,9,4,57,14,0.4047619047619047,0.306547619047619,3.3236528973925696
gigapath_flash,GigaPath-Flash,2p5x,2p5x,9,4,57,14,0.47619047619047616,0.4125,1.482414591168154
gigapath_flash,GigaPath-Flash,2p5x,40x,9,5,57,14,0.10714285714285714,0.05357142857142857,3.963043827632446
gigapath_flash,GigaPath-Flash,2p5x,10x,9,5,57,14,0.21428571428571427,0.07291666666666666,3.5777652318806075
gigapath_flash,GigaPath-Flash,2p5x,2p5x,9,5,57,14,0.5714285714285714,0.45833333333333326,1.3947466779938151
