model,model_display,source_scale,target_scale,repeat,n_cases,balanced_accuracy,macro_f1,log_loss,within_balanced_accuracy,within_macro_f1,within_log_loss,mgg_balanced_accuracy,mgg_macro_f1,shift_log_loss,direction,pair_key
phikon,Phikon,40x,10x,0,71,0.6788690476190476,0.6925587956934706,1.0638367543066825,0.7729662698412698,0.7791158349304634,0.8691560123437886,0.09409722222222217,0.08655703923699287,0.19468074196289387,40× → 10×,40x__10x
phikon,Phikon,40x,2p5x,0,71,0.125,0.025974025974025976,2.756731482421622,0.7729662698412698,0.7791158349304634,0.8691560123437886,0.6479662698412698,0.7531418089564375,1.8875754700778336,40× → 2.5×,40x__2p5x
phikon,Phikon,40x,10x,1,71,0.6883928571428571,0.6943528693528693,1.0968872457277068,0.676438492063492,0.6941311612364244,0.870655185210197,-0.011954365079365092,-0.00022170811644495192,0.22623206051750977,40× → 10×,40x__10x
phikon,Phikon,40x,2p5x,1,71,0.078125,0.017605633802816902,2.7593166819989325,0.676438492063492,0.6941311612364244,0.870655185210197,0.598313492063492,0.6765255274336075,1.8886614967887354,40× → 2.5×,40x__2p5x
phikon,Phikon,40x,10x,2,71,0.7129464285714285,0.7217817561807331,1.0517412108125201,0.7576884920634921,0.7615716799540329,0.8450015885978525,0.044742063492063555,0.03978992377329971,0.20673962221466768,40× → 10×,40x__10x
phikon,Phikon,40x,2p5x,2,71,0.125,0.02631578947368421,2.80393701500131,0.7576884920634921,0.7615716799540329,0.8450015885978525,0.6326884920634921,0.7352558904803487,1.9589354264034573,40× → 2.5×,40x__2p5x
phikon,Phikon,40x,10x,3,71,0.7205357142857143,0.7257189018411929,0.9879291692753629,0.7719246031746032,0.7763407097288676,0.7976080554640151,0.05138888888888893,0.050621807887674675,0.19032111381134775,40× → 10×,40x__10x
phikon,Phikon,40x,2p5x,3,71,0.1513888888888889,0.07022727272727272,2.705515287025067,0.7719246031746032,0.7763407097288676,0.7976080554640151,0.6205357142857143,0.7061134370015949,1.907907231561052,40× → 2.5×,40x__2p5x
phikon,Phikon,40x,10x,4,71,0.6958829365079365,0.6946767001114826,1.0128212813189659,0.7733134920634921,0.7797055305375739,0.8044385072307424,0.07743055555555556,0.08502883042609122,0.20838277408822348,40× → 10×,40x__10x
phikon,Phikon,40x,2p5x,4,71,0.125,0.02531645569620253,2.661001819630165,0.7733134920634921,0.7797055305375739,0.8044385072307424,0.6483134920634921,0.7543890748413713,1.8565633123994223,40× → 2.5×,40x__2p5x
phikon,Phikon,40x,10x,5,71,0.6024801587301587,0.6209328865578865,1.2136555149202426,0.6924107142857143,0.6929872028556239,0.9833733901532893,0.08993055555555562,0.0720543162977374,0.2302821247669533,40× → 10×,40x__10x
phikon,Phikon,40x,2p5x,5,71,0.125,0.025974025974025976,2.8676675569968295,0.6924107142857143,0.6929872028556239,0.9833733901532893,0.5674107142857143,0.6670131768815979,1.8842941668435402,40× → 2.5×,40x__2p5x
phikon,Phikon,40x,10x,6,71,0.6433035714285714,0.6510752851865383,1.047199528120942,0.7375496031746032,0.7496990024079807,0.8638643127211157,0.09424603174603174,0.09862371722144236,0.18333521539982633,40× → 10×,40x__10x
phikon,Phikon,40x,2p5x,6,71,0.125,0.02631578947368421,2.7401246134193133,0.7375496031746032,0.7496990024079807,0.8638643127211157,0.6125496031746032,0.7233832129342965,1.8762603006981977,40× → 2.5×,40x__2p5x
phikon,Phikon,40x,10x,7,71,0.7383928571428571,0.7386695906432748,0.9526341316451862,0.759077380952381,0.763220551378446,0.799979581787935,0.020684523809523903,0.024550960735171268,0.15265454985725113,40× → 10×,40x__10x
phikon,Phikon,40x,2p5x,7,71,0.1375,0.04452380952380952,2.6683828324865737,0.759077380952381,0.763220551378446,0.799979581787935,0.621577380952381,0.7186967418546365,1.8684032506986386,40× → 2.5×,40x__2p5x
phikon,Phikon,40x,10x,8,71,0.6694940476190476,0.6835200983227299,1.128708218349779,0.7187996031746031,0.7254464285714286,0.9407446707796213,0.04930555555555549,0.04192633024869874,0.18796354757015765,40× → 10×,40x__10x
phikon,Phikon,40x,2p5x,8,71,0.1388888888888889,0.05097402597402598,2.675204694218064,0.7187996031746031,0.7254464285714286,0.9407446707796213,0.5799107142857143,0.6744724025974026,1.7344600234384426,40× → 2.5×,40x__2p5x
phikon,Phikon,40x,10x,9,71,0.7222718253968254,0.7287394622920939,0.9558714860636104,0.8019345238095238,0.8070486713578819,0.7563078123785506,0.07966269841269835,0.07830920906578809,0.19956367368505978,40× → 10×,40x__10x
phikon,Phikon,40x,2p5x,9,71,0.125,0.02564102564102564,2.6754247869679153,0.8019345238095238,0.8070486713578819,0.7563078123785506,0.6769345238095238,0.7814076457168563,1.9191169745893646,40× → 2.5×,40x__2p5x
phikon,Phikon,10x,40x,0,71,0.613640873015873,0.6622372383658294,1.1941125077406178,0.8631944444444444,0.8610476866185071,0.5443284480134987,0.24955357142857137,0.19881044825267769,0.6497840597271192,10× → 40×,40x__10x
phikon,Phikon,10x,2p5x,0,71,0.1938988095238095,0.15699061510628676,2.2348281251139963,0.8631944444444444,0.8610476866185071,0.5443284480134987,0.6692956349206349,0.7040570715122203,1.6904996771004976,10× → 2.5×,10x__2p5x
phikon,Phikon,10x,40x,1,71,0.6115079365079366,0.6552880362671385,1.2144654530181571,0.7684027777777778,0.7719264126321772,0.630668241663124,0.1568948412698412,0.11663837636503871,0.5837972113550332,10× → 40×,40x__10x
phikon,Phikon,10x,2p5x,1,71,0.27584325396825393,0.2580430515811872,2.24446731753927,0.7684027777777778,0.7719264126321772,0.630668241663124,0.49255952380952384,0.5138833610509901,1.6137990758761462,10× → 2.5×,10x__2p5x
phikon,Phikon,10x,40x,2,71,0.630654761904762,0.6749299719887956,1.152786167148098,0.783234126984127,0.7924199659914426,0.5903208358552736,0.15257936507936498,0.11748999400264704,0.5624653312928243,10× → 40×,40x__10x
phikon,Phikon,10x,2p5x,2,71,0.19131944444444443,0.14181204367771533,2.2766386542846284,0.783234126984127,0.7924199659914426,0.5903208358552736,0.5919146825396826,0.6506079223137273,1.6863178184293548,10× → 2.5×,10x__2p5x
phikon,Phikon,10x,40x,3,71,0.5492063492063493,0.5769758757790673,1.2033805248647365,0.8604166666666666,0.8620703172573376,0.512725078213858,0.31121031746031735,0.28509444147827034,0.6906554466508784,10× → 40×,40x__10x
phikon,Phikon,10x,2p5x,3,71,0.17743055555555554,0.12267628205128205,2.258285368236158,0.8604166666666666,0.8620703172573376,0.512725078213858,0.6829861111111111,0.7393940352060556,1.7455602900222997,10× → 2.5×,10x__2p5x
phikon,Phikon,10x,40x,4,71,0.566220238095238,0.6063451662716368,1.2016625851962912,0.8743055555555554,0.8717580213903744,0.5308179080349431,0.3080853174603174,0.2654128551187376,0.6708446771613481,10× → 40×,40x__10x
phikon,Phikon,10x,2p5x,4,71,0.2548115079365079,0.22756410256410256,2.284812530904031,0.8743055555555554,0.8717580213903744,0.5308179080349431,0.6194940476190476,0.6441939188262719,1.753994622869088,10× → 2.5×,10x__2p5x
phikon,Phikon,10x,40x,5,71,0.5931051587301588,0.6286630036630036,1.3098525630002962,0.8059027777777779,0.8000577423952037,0.6508494230733302,0.21279761904761907,0.1713947387322,0.659003139926966,10× → 40×,40x__10x
phikon,Phikon,10x,2p5x,5,71,0.18958333333333333,0.1613886113886114,2.4088562912764324,0.8059027777777779,0.8000577423952037,0.6508494230733302,0.6163194444444445,0.6386691310065923,1.7580068682031023,10× → 2.5×,10x__2p5x
phikon,Phikon,10x,40x,6,71,0.589484126984127,0.6425424532841413,1.2114510622591672,0.7979662698412698,0.8079773576097105,0.5794729925319567,0.20848214285714284,0.16543490432556918,0.6319780697272105,10× → 40×,40x__10x
phikon,Phikon,10x,2p5x,6,71,0.1952876984126984,0.16187657828282828,2.2519919986495576,0.7979662698412698,0.8079773576097105,0.5794729925319567,0.6026785714285714,0.6461007793268821,1.672519006117601,10× → 2.5×,10x__2p5x
phikon,Phikon,10x,40x,7,71,0.6073412698412699,0.6503959276018099,1.0710936138149063,0.8618055555555555,0.8640342500636617,0.5361108325294565,0.2544642857142856,0.21363832246185188,0.5349827812854498,10× → 40×,40x__10x
phikon,Phikon,10x,2p5x,7,71,0.25257936507936507,0.22814685314685315,2.1285761158128746,0.8618055555555555,0.8640342500636617,0.5361108325294565,0.6092261904761904,0.6358873969168086,1.5924652832834183,10× → 2.5×,10x__2p5x
phikon,Phikon,10x,40x,8,71,0.6132440476190477,0.6516250326041348,1.216468760155322,0.8479166666666667,0.8489620469399881,0.5576182992907046,0.23467261904761894,0.19733701433585327,0.6588504608646173,10× → 40×,40x__10x
phikon,Phikon,10x,2p5x,8,71,0.21314484126984126,0.1821789321789322,2.2284373509800806,0.8479166666666667,0.8489620469399881,0.5576182992907046,0.6347718253968254,0.6667831147610559,1.670819051689376,10× → 2.5×,10x__2p5x
phikon,Phikon,10x,40x,9,71,0.5837301587301587,0.6205980672444087,1.1940376507809933,0.8283234126984127,0.8311425475987496,0.5513762716230625,0.24459325396825404,0.21054448035434092,0.6426613791579309,10× → 40×,40x__10x
phikon,Phikon,10x,2p5x,9,71,0.17743055555555554,0.12509426847662142,2.2476303576913894,0.8283234126984127,0.8311425475987496,0.5513762716230625,0.6508928571428572,0.7060482791221282,1.6962540860683268,10× → 2.5×,10x__2p5x
phikon,Phikon,2p5x,40x,0,71,0.2773809523809524,0.26370159550740313,3.3087103227779733,0.6637400793650794,0.6472746163682864,1.1211736539941037,0.386359126984127,0.3835730208608833,2.1875366687838698,2.5× → 40×,40x__2p5x
phikon,Phikon,2p5x,10x,0,71,0.3912202380952381,0.3714482980787328,1.9054734660057215,0.6637400793650794,0.6472746163682864,1.1211736539941037,0.2725198412698413,0.2758263182895536,0.7842998120116178,2.5× → 10×,10x__2p5x
phikon,Phikon,2p5x,40x,1,71,0.19791666666666666,0.17252473522853956,3.1003930048013553,0.6199900793650794,0.597239122041417,1.2741001341533615,0.4220734126984128,0.4247143868128775,1.8262928706479937,2.5× → 40×,40x__2p5x
phikon,Phikon,2p5x,10x,1,71,0.40367063492063493,0.39443186879666003,1.988381871526893,0.6199900793650794,0.597239122041417,1.2741001341533615,0.2163194444444445,0.202807253244757,0.7142817373735315,2.5× → 10×,10x__2p5x
phikon,Phikon,2p5x,40x,2,71,0.24875992063492064,0.19603839261097325,3.0224755390393447,0.6526289682539683,0.647548558897243,1.1918329308295326,0.4038690476190477,0.45151016628626983,1.8306426082098122,2.5× → 40×,40x__2p5x
phikon,Phikon,2p5x,10x,2,71,0.4318452380952381,0.4254977349791591,1.8157162568929979,0.6526289682539683,0.647548558897243,1.1918329308295326,0.2207837301587302,0.22205082391808395,0.6238833260634653,2.5× → 10×,10x__2p5x
phikon,Phikon,2p5x,40x,3,71,0.18611111111111112,0.15189393939393941,3.3353360356508115,0.6623511904761905,0.6483173076923077,1.114944946585845,0.4762400793650794,0.49642336829836825,2.2203910890649663,2.5× → 40×,40x__2p5x
phikon,Phikon,2p5x,10x,3,71,0.406795634920635,0.39471049783549783,1.9643135328219663,0.6623511904761905,0.6483173076923077,1.114944946585845,0.25555555555555554,0.25360680985680983,0.8493685862361213,2.5× → 10×,10x__2p5x
phikon,Phikon,2p5x,40x,4,71,0.29126984126984123,0.27605218855218855,3.2359869801053343,0.6345734126984127,0.6242599312452253,1.1449642549015295,0.3433035714285715,0.3482077426930367,2.0910227252038047,2.5× → 40×,40x__2p5x
phikon,Phikon,2p5x,10x,4,71,0.44186507936507935,0.43098475087975696,1.7778069968454906,0.6345734126984127,0.6242599312452253,1.1449642549015295,0.19270833333333337,0.1932751803654683,0.6328427419439611,2.5× → 10×,10x__2p5x
phikon,Phikon,2p5x,40x,5,71,0.20138888888888887,0.1387847742795269,3.4786957903005526,0.6390873015873015,0.6102957783904075,1.3758938727826773,0.4376984126984127,0.4715110041108806,2.1028019175178754,2.5× → 40×,40x__2p5x
phikon,Phikon,2p5x,10x,5,71,0.3500496031746032,0.3387639986824769,2.3181732772722006,0.6390873015873015,0.6102957783904075,1.3758938727826773,0.28903769841269833,0.2715317797079306,0.9422794044895233,2.5× → 10×,10x__2p5x
phikon,Phikon,2p5x,40x,6,71,0.1597222222222222,0.11348163002574767,3.0192341453313176,0.6338789682539683,0.6194879853548585,1.1807826634570415,0.47415674603174607,0.5060063553291109,1.838451481874276,2.5× → 40×,40x__2p5x
phikon,Phikon,2p5x,10x,6,71,0.4172123015873016,0.3935423634336678,1.8953629070383988,0.6338789682539683,0.6194879853548585,1.1807826634570415,0.21666666666666667,0.22594562192119072,0.7145802435813573,2.5× → 10×,10x__2p5x
phikon,Phikon,2p5x,40x,7,71,0.20709325396825395,0.15960497835497836,3.2381493372601033,0.6512400793650793,0.6358807825189572,1.1468816373179629,0.4441468253968254,0.47627580416397886,2.0912676999421405,2.5× → 40×,40x__2p5x
phikon,Phikon,2p5x,10x,7,71,0.5074900793650794,0.4805479814303344,1.962481105948005,0.6512400793650793,0.6358807825189572,1.1468816373179629,0.14374999999999993,0.1553328010886228,0.8155994686300421,2.5× → 10×,10x__2p5x
phikon,Phikon,2p5x,40x,8,71,0.20535714285714285,0.18248511904761905,3.1460749386648392,0.6498511904761906,0.6348731884057971,1.0700164290406236,0.4444940476190477,0.45238806935817805,2.0760585096242155,2.5× → 40×,40x__2p5x
phikon,Phikon,2p5x,10x,8,71,0.377827380952381,0.3869016905007617,1.9754411778264722,0.6498511904761906,0.6348731884057971,1.0700164290406236,0.27202380952380956,0.24797149790503542,0.9054247487858487,2.5× → 10×,10x__2p5x
phikon,Phikon,2p5x,40x,9,71,0.16021825396825395,0.142192340658365,3.776306398645557,0.6300595238095238,0.6029934478632151,1.2469566344833487,0.46984126984126984,0.46080110720485007,2.529349764162208,2.5× → 40×,40x__2p5x
phikon,Phikon,2p5x,10x,9,71,0.4498511904761905,0.45115196078431374,2.257179293810384,0.6300595238095238,0.6029934478632151,1.2469566344833487,0.1802083333333333,0.15184148707890133,1.0102226593270351,2.5× → 10×,10x__2p5x
uni,UNI,40x,10x,0,71,0.6330853174603175,0.6543329831932774,1.1597166388644429,0.759077380952381,0.7616394205209994,0.7763725140822757,0.1259920634920635,0.10730643732772205,0.3833441247821672,40× → 10×,40x__10x
uni,UNI,40x,2p5x,0,71,0.13194444444444445,0.07158016007761339,3.2276992115128573,0.759077380952381,0.7616394205209994,0.7763725140822757,0.6271329365079366,0.6900592604433861,2.4513266974305816,40× → 2.5×,40x__2p5x
uni,UNI,40x,10x,1,71,0.5992063492063492,0.6100904599356611,1.2149621916686555,0.7439484126984127,0.7443689745353832,0.8484034707355631,0.14474206349206353,0.13427851459972207,0.3665587209330924,40× → 10×,40x__10x
uni,UNI,40x,2p5x,1,71,0.1267361111111111,0.06325677410401415,3.0716332022497155,0.7439484126984127,0.7443689745353832,0.8484034707355631,0.6172123015873017,0.681112200431369,2.2232297315141523,40× → 2.5×,40x__2p5x
uni,UNI,40x,10x,2,71,0.5919642857142857,0.6035130718954249,1.1433012586650975,0.7295634920634921,0.7345672365055862,0.8710326937332699,0.13759920634920642,0.13105416461016128,0.2722685649318276,40× → 10×,40x__10x
uni,UNI,40x,2p5x,2,71,0.1875,0.09888544891640866,3.0197351560229904,0.7295634920634921,0.7345672365055862,0.8710326937332699,0.5420634920634921,0.6356817875891776,2.1487024622897204,40× → 2.5×,40x__2p5x
uni,UNI,40x,10x,3,71,0.6209325396825396,0.6338829063093769,1.1527831313703192,0.7630456349206349,0.7699390807047457,0.7625346866183844,0.14211309523809534,0.13605617439536877,0.39024844475193476,40× → 10×,40x__10x
uni,UNI,40x,2p5x,3,71,0.13020833333333331,0.07307141883603652,3.224203537638318,0.7630456349206349,0.7699390807047457,0.7625346866183844,0.6328373015873017,0.6968676618687092,2.4616688510199336,40× → 2.5×,40x__2p5x
uni,UNI,40x,10x,4,71,0.6308531746031746,0.6444861919126625,1.042770822450092,0.7437996031746031,0.746130421865716,0.7719942736879803,0.11294642857142856,0.10164422995305344,0.27077654876211166,40× → 10×,40x__10x
uni,UNI,40x,2p5x,4,71,0.16145833333333334,0.08140756302521007,3.0550770680987056,0.7437996031746031,0.746130421865716,0.7719942736879803,0.5823412698412698,0.6647228588405059,2.283082794410725,40× → 2.5×,40x__2p5x
uni,UNI,40x,10x,5,71,0.5646825396825397,0.5871683871683872,1.3501503823444592,0.6932539682539682,0.693236154110767,1.0463308606835835,0.12857142857142856,0.10606776694237985,0.30381952166087567,40× → 10×,40x__10x
uni,UNI,40x,2p5x,5,71,0.13194444444444445,0.06843711843711844,3.2811438689169403,0.6932539682539682,0.693236154110767,1.0463308606835835,0.5613095238095238,0.6247990356736486,2.234813008233357,40× → 2.5×,40x__2p5x
uni,UNI,40x,10x,6,71,0.6401785714285715,0.6568211490521862,1.1213501820845653,0.7755456349206349,0.7805317187897279,0.8149131518216518,0.1353670634920634,0.12371056973754169,0.30643703026291347,40× → 10×,40x__10x
uni,UNI,40x,2p5x,6,71,0.14583333333333331,0.08277027027027026,2.977897016817717,0.7755456349206349,0.7805317187897279,0.8149131518216518,0.6297123015873016,0.6977614485194576,2.162983864996065,40× → 2.5×,40x__2p5x
uni,UNI,40x,10x,7,71,0.6384424603174603,0.6621889746889746,1.0381330774512658,0.772420634920635,0.7695964091378178,0.7198046613315564,0.13397817460317463,0.10740743444884315,0.3183284161197094,40× → 10×,40x__10x
uni,UNI,40x,2p5x,7,71,0.1597222222222222,0.08777947154471544,2.987544942441596,0.772420634920635,0.7695964091378178,0.7198046613315564,0.6126984126984127,0.6818169375931024,2.2677402811100396,40× → 2.5×,40x__2p5x
uni,UNI,40x,10x,8,71,0.6223214285714286,0.6440909967225756,1.1726851891335295,0.7488095238095238,0.7466690623617868,0.8831047481126851,0.12648809523809523,0.10257806563921112,0.28958044102084435,40× → 10×,40x__10x
uni,UNI,40x,2p5x,8,71,0.13194444444444445,0.0697172619047619,3.1061722945479766,0.7488095238095238,0.7466690623617868,0.8831047481126851,0.6168650793650794,0.6769518004570249,2.2230675464352916,40× → 2.5×,40x__2p5x
uni,UNI,40x,10x,9,71,0.569593253968254,0.5862301781419428,1.2116540645178389,0.7599206349206349,0.7617691460642229,0.8195803461106078,0.1903273809523809,0.17553896792228008,0.39207371840723104,40× → 10×,40x__10x
uni,UNI,40x,2p5x,9,71,0.09895833333333333,0.05067229518449031,3.2670253935731455,0.7599206349206349,0.7617691460642229,0.8195803461106078,0.6609623015873015,0.7110968508797325,2.4474450474625375,40× → 2.5×,40x__2p5x
uni,UNI,10x,40x,0,71,0.6257440476190477,0.6286069340016709,1.0691916934236854,0.8283234126984127,0.8250213462578013,0.6126104007300605,0.20257936507936503,0.19641441225613043,0.4565812926936249,10× → 40×,40x__10x
uni,UNI,10x,2p5x,0,71,0.18472222222222223,0.14074385117529029,1.9381990160875215,0.8283234126984127,0.8250213462578013,0.6126104007300605,0.6436011904761905,0.684277495082511,1.3255886153574612,10× → 2.5×,10x__2p5x
uni,UNI,10x,40x,1,71,0.6356150793650793,0.6419216983733113,1.1701234495415438,0.7988095238095237,0.7946066721002782,0.6860611841184344,0.16319444444444442,0.152684973726967,0.4840622654231094,10× → 40×,40x__10x
uni,UNI,10x,2p5x,1,71,0.15,0.13271205484127885,2.036828394901149,0.7988095238095237,0.7946066721002782,0.6860611841184344,0.6488095238095237,0.6618946172589995,1.3507672107827147,10× → 2.5×,10x__2p5x
uni,UNI,10x,40x,2,71,0.6686011904761904,0.673300009659036,1.0553225373319877,0.8175595238095238,0.8125673346261582,0.6259377077381861,0.14895833333333341,0.13926732496712213,0.42938482959380153,10× → 40×,40x__10x
uni,UNI,10x,2p5x,2,71,0.2392361111111111,0.16050775449595778,2.00547922272834,0.8175595238095238,0.8125673346261582,0.6259377077381861,0.5783234126984127,0.6520595801302004,1.3795415149901538,10× → 2.5×,10x__2p5x
uni,UNI,10x,40x,3,71,0.5948412698412698,0.5949707155589509,1.1534412545345374,0.8322916666666667,0.8218961926876014,0.6150924815103282,0.23745039682539681,0.22692547712865052,0.5383487730242091,10× → 40×,40x__10x
uni,UNI,10x,2p5x,3,71,0.184375,0.12189062573706308,2.028751038780433,0.8322916666666667,0.8218961926876014,0.6150924815103282,0.6479166666666667,0.7000055669505383,1.4136585572701046,10× → 2.5×,10x__2p5x
uni,UNI,10x,40x,4,71,0.634077380952381,0.6309822670020038,1.1063465945261834,0.8586805555555554,0.8542753943682737,0.6020618780219615,0.22460317460317447,0.22329312736626994,0.5042847165042219,10× → 40×,40x__10x
uni,UNI,10x,2p5x,4,71,0.22812499999999997,0.17083333333333334,1.9940285116566816,0.8586805555555554,0.8542753943682737,0.6020618780219615,0.6305555555555555,0.6834420610349403,1.39196663363472,10× → 2.5×,10x__2p5x
uni,UNI,10x,40x,5,71,0.5962301587301587,0.6085196927398939,1.3219231800751468,0.8090277777777778,0.7983058135534916,0.7370894052350566,0.21279761904761907,0.1897861208135977,0.5848337748400901,10× → 40×,40x__10x
uni,UNI,10x,2p5x,5,71,0.18784722222222222,0.09643360515453539,2.0857005826957282,0.8090277777777778,0.7983058135534916,0.7370894052350566,0.6211805555555556,0.7018722083989563,1.3486111774606715,10× → 2.5×,10x__2p5x
uni,UNI,10x,40x,6,71,0.6646329365079365,0.6761958629605689,1.0946381585457559,0.8297123015873016,0.8274067521745541,0.596024633140855,0.16507936507936505,0.15121088921398518,0.4986135254049009,10× → 40×,40x__10x
uni,UNI,10x,2p5x,6,71,0.26666666666666666,0.202072192513369,1.9635113084583844,0.8297123015873016,0.8274067521745541,0.596024633140855,0.563045634920635,0.625334559661185,1.3674866753175294,10× → 2.5×,10x__2p5x
uni,UNI,10x,40x,7,71,0.6753968253968254,0.6836955415759765,1.0108091894196807,0.8408234126984128,0.8368347338935573,0.5911066693179816,0.16542658730158732,0.15313919231758089,0.41970252010169906,10× → 40×,40x__10x
uni,UNI,10x,2p5x,7,71,0.2947916666666667,0.24418590668590667,1.8383666807121142,0.8408234126984128,0.8368347338935573,0.5911066693179816,0.5460317460317461,0.5926488272076507,1.2472600113941326,10× → 2.5×,10x__2p5x
uni,UNI,10x,40x,8,71,0.6699900793650794,0.6759160222059839,1.070759057923544,0.8314484126984127,0.8263867389060887,0.6161150531019911,0.16145833333333337,0.1504707167001048,0.45464400482155287,10× → 40×,40x__10x
uni,UNI,10x,2p5x,8,71,0.17083333333333334,0.13923982993750436,1.9292635507765392,0.8314484126984127,0.8263867389060887,0.6161150531019911,0.6606150793650793,0.6871469089685843,1.3131484976745482,10× → 2.5×,10x__2p5x
uni,UNI,10x,40x,9,71,0.6479662698412698,0.6564511268458637,1.154952055084493,0.8422123015873015,0.8405646469113961,0.5982755641230878,0.19424603174603172,0.1841135200655324,0.5566764909614051,10× → 40×,40x__10x
uni,UNI,10x,2p5x,9,71,0.1670138888888889,0.11605477855477855,2.0385479424956374,0.8422123015873015,0.8405646469113961,0.5982755641230878,0.6751984126984126,0.7245098683566176,1.4402723783725495,10× → 2.5×,10x__2p5x
uni,UNI,2p5x,40x,0,71,0.3325396825396825,0.28385844520136244,2.6472310855320518,0.7153273809523809,0.7186629256965944,0.8402846026800709,0.3827876984126984,0.43480448049523196,1.806946482851981,2.5× → 40×,40x__2p5x
uni,UNI,2p5x,10x,0,71,0.40535714285714286,0.36020196908354807,2.1110296531316304,0.7153273809523809,0.7186629256965944,0.8402846026800709,0.30997023809523805,0.35846095661304633,1.2707450504515596,2.5× → 10×,10x__2p5x
uni,UNI,2p5x,40x,1,71,0.3052579365079365,0.22507623450718078,2.4532982719060685,0.6602678571428571,0.6502528530775098,0.9568764922153642,0.3550099206349206,0.425176618570329,1.4964217796907042,2.5× → 40×,40x__2p5x
uni,UNI,2p5x,10x,1,71,0.4086309523809524,0.37954842882996065,2.2706096079446403,0.6602678571428571,0.6502528530775098,0.9568764922153642,0.2516369047619047,0.27070442424754915,1.313733115729276,2.5× → 10×,10x__2p5x
uni,UNI,2p5x,40x,2,71,0.25744047619047616,0.17029138939302277,2.5260105768346155,0.7014384920634921,0.70609474052779,1.0015539883228324,0.4439980158730159,0.5358033511347672,1.5244565885117831,2.5× → 40×,40x__2p5x
uni,UNI,2p5x,10x,2,71,0.43487103174603176,0.380861801242236,2.1006815800445846,0.7014384920634921,0.70609474052779,1.0015539883228324,0.2665674603174603,0.32523293928555397,1.0991275917217522,2.5× → 10×,10x__2p5x
uni,UNI,2p5x,40x,3,71,0.276984126984127,0.2190948275862069,2.765615707066221,0.7738095238095237,0.7700579573934837,0.8295381913738977,0.4968253968253967,0.5509631298072768,1.9360775156923233,2.5× → 40×,40x__2p5x
uni,UNI,2p5x,10x,3,71,0.42961309523809527,0.40829559694691275,2.2898191759065143,0.7738095238095237,0.7700579573934837,0.8295381913738977,0.34419642857142846,0.36176236044657095,1.4602809845326166,2.5× → 10×,10x__2p5x
uni,UNI,2p5x,40x,4,71,0.31865079365079363,0.26395870635001073,2.4812946705452275,0.733531746031746,0.7274044486215538,0.839434300695509,0.41488095238095235,0.4634457422715431,1.6418603698497185,2.5× → 40×,40x__2p5x
uni,UNI,2p5x,10x,4,71,0.4359126984126984,0.39045786815523653,2.0314964702363025,0.733531746031746,0.7274044486215538,0.839434300695509,0.29761904761904756,0.3369465804663173,1.1920621695407936,2.5× → 10×,10x__2p5x
uni,UNI,2p5x,40x,5,71,0.23184523809523808,0.16231170129221104,2.8929977358635672,0.689781746031746,0.6736541174440791,1.0789557572385438,0.457936507936508,0.511342416151868,1.8140419786250235,2.5× → 40×,40x__2p5x
uni,UNI,2p5x,10x,5,71,0.3504960317460317,0.3210034557301181,2.5930318543657855,0.689781746031746,0.6736541174440791,1.0789557572385438,0.3392857142857143,0.352650661713961,1.5140760971272418,2.5× → 10×,10x__2p5x
uni,UNI,2p5x,40x,6,71,0.3005952380952381,0.24653361344537816,2.3156750727864788,0.688045634920635,0.6836221151139882,0.9183333286412417,0.3874503968253969,0.43708850166861,1.397341744145237,2.5× → 40×,40x__2p5x
uni,UNI,2p5x,10x,6,71,0.4223214285714286,0.39231143737722685,2.050867867242777,0.688045634920635,0.6836221151139882,0.9183333286412417,0.26572420634920635,0.29131067773676134,1.132534538601535,2.5× → 10×,10x__2p5x
uni,UNI,2p5x,40x,7,71,0.3115575396825397,0.272027972027972,2.469622015565857,0.7040178571428571,0.6967171717171717,0.862079865512303,0.39246031746031745,0.4246891996891997,1.6075421500535538,2.5× → 40×,40x__2p5x
uni,UNI,2p5x,10x,7,71,0.37723214285714285,0.33540043290043287,2.127024676925209,0.7040178571428571,0.6967171717171717,0.862079865512303,0.3267857142857143,0.36131673881673887,1.2649448114129058,2.5× → 10×,10x__2p5x
uni,UNI,2p5x,40x,8,71,0.3634920634920635,0.3032842953523238,2.3008957850912743,0.703670634920635,0.681069890077243,0.8674708486157888,0.3401785714285715,0.3777855947249191,1.4334249364754856,2.5× → 40×,40x__2p5x
uni,UNI,2p5x,10x,8,71,0.3732638888888889,0.3070878623188406,1.9600858203063112,0.703670634920635,0.681069890077243,0.8674708486157888,0.3304067460317461,0.37398202775840234,1.0926149716905225,2.5× → 10×,10x__2p5x
uni,UNI,2p5x,40x,9,71,0.26954365079365084,0.23335433980595272,2.553891120144728,0.6969246031746031,0.683534705748328,0.9174850205105264,0.4273809523809523,0.45018036594237526,1.6364060996342018,2.5× → 40×,40x__2p5x
uni,UNI,2p5x,10x,9,71,0.3249503968253968,0.2932574096225412,2.230452538382729,0.6969246031746031,0.683534705748328,0.9174850205105264,0.37197420634920636,0.39027729612578677,1.312967517872203,2.5× → 10×,10x__2p5x
virchow,Virchow,40x,10x,0,71,0.5713789682539683,0.536107629122335,1.8695194394725552,0.7420634920634921,0.7371409996111336,0.8661987659335776,0.1706845238095238,0.20103337048879855,1.0033206735389775,40× → 10×,40x__10x
virchow,Virchow,40x,2p5x,0,71,0.1232638888888889,0.03861940298507463,5.546541184274793,0.7420634920634921,0.7371409996111336,0.8661987659335776,0.6187996031746033,0.698521596626059,4.6803424183412154,40× → 2.5×,40x__2p5x
virchow,Virchow,40x,10x,1,71,0.5189980158730159,0.5244071535189956,2.0498885724519735,0.673313492063492,0.6738970588235293,0.9018287985870782,0.15431547619047614,0.14948990530453377,1.1480597738648952,40× → 10×,40x__10x
virchow,Virchow,40x,2p5x,1,71,0.11979166666666666,0.05492424242424242,4.872853143057332,0.673313492063492,0.6738970588235293,0.9018287985870782,0.5535218253968254,0.6189728163992869,3.971024344470254,40× → 2.5×,40x__2p5x
virchow,Virchow,40x,10x,2,71,0.5368551587301588,0.5366547259929613,2.176953667550872,0.729563492063492,0.7256855373728439,0.9450823363672062,0.19270833333333326,0.18903081137988265,1.2318713311836658,40× → 10×,40x__10x
virchow,Virchow,40x,2p5x,2,71,0.15104166666666666,0.05859375,5.666224827631446,0.729563492063492,0.7256855373728439,0.9450823363672062,0.5785218253968254,0.6670917873728439,4.7211424912642395,40× → 2.5×,40x__2p5x
virchow,Virchow,40x,10x,3,71,0.5649801587301587,0.5545878270336475,1.7360303595593414,0.7174107142857142,0.7193940734188412,0.8078830172557265,0.1524305555555555,0.1648062463851937,0.9281473423036148,40× → 10×,40x__10x
virchow,Virchow,40x,2p5x,3,71,0.1232638888888889,0.03823529411764706,5.41831330488405,0.7174107142857142,0.7193940734188412,0.8078830172557265,0.5941468253968254,0.6811587793011942,4.610430287628324,40× → 2.5×,40x__2p5x
virchow,Virchow,40x,10x,4,71,0.5278769841269841,0.5392793481028775,1.9558511651031756,0.7128968253968253,0.7093796071060002,0.8367029026522863,0.18501984126984117,0.17010025900312276,1.1191482624508893,40× → 10×,40x__10x
virchow,Virchow,40x,2p5x,4,71,0.1371527777777778,0.04908288043478261,5.352197195612523,0.7128968253968253,0.7093796071060002,0.8367029026522863,0.5757440476190475,0.6602967266712176,4.515494292960237,40× → 2.5×,40x__2p5x
virchow,Virchow,40x,10x,5,71,0.5011408730158731,0.5046199232054496,2.2702645288549923,0.6878968253968254,0.683673030615755,1.06335575324439,0.18675595238095233,0.17905310741030545,1.2069087756106023,40× → 10×,40x__10x
virchow,Virchow,40x,2p5x,5,71,0.0920138888888889,0.030303030303030304,5.645582429646867,0.6878968253968254,0.683673030615755,1.06335575324439,0.5958829365079366,0.6533700003127247,4.582226676402477,40× → 2.5×,40x__2p5x
virchow,Virchow,40x,10x,6,71,0.5014880952380952,0.5121683173637508,1.9570546217156233,0.774702380952381,0.7731844930954839,0.7936248270155875,0.27321428571428574,0.2610161757317331,1.1634297947000358,40× → 10×,40x__10x
virchow,Virchow,40x,2p5x,6,71,0.125,0.02631578947368421,5.234412053806833,0.774702380952381,0.7731844930954839,0.7936248270155875,0.649702380952381,0.7468687036217997,4.440787226791246,40× → 2.5×,40x__2p5x
virchow,Virchow,40x,10x,7,71,0.5610119047619048,0.5651535684817419,1.8537743434526923,0.770188492063492,0.773141339869281,0.7789994251954332,0.20917658730158728,0.2079877713875391,1.0747749182572592,40× → 10×,40x__10x
virchow,Virchow,40x,2p5x,7,71,0.1388888888888889,0.04214340198321892,5.042473216543527,0.770188492063492,0.773141339869281,0.7789994251954332,0.6312996031746032,0.730997937886062,4.263473791348094,40× → 2.5×,40x__2p5x
virchow,Virchow,40x,10x,8,71,0.5399801587301587,0.5070513824625666,1.9606638340231703,0.7156746031746031,0.7181704260651629,0.9316239219665898,0.17569444444444438,0.21111904360259626,1.0290399120565805,40× → 10×,40x__10x
virchow,Virchow,40x,2p5x,8,71,0.12549603174603174,0.06550925925925927,4.9930937471099375,0.7156746031746031,0.7181704260651629,0.9316239219665898,0.5901785714285713,0.6526611668059037,4.061469825143348,40× → 2.5×,40x__2p5x
virchow,Virchow,40x,10x,9,71,0.5431547619047619,0.541468253968254,1.9512110863251426,0.7281746031746031,0.7237330458499189,0.8634575671235951,0.18501984126984128,0.1822647918816649,1.0877535192015475,40× → 10×,40x__10x
virchow,Virchow,40x,2p5x,9,71,0.15104166666666666,0.06401515151515151,5.13262808936465,0.7281746031746031,0.7237330458499189,0.8634575671235951,0.5771329365079365,0.6597178943347675,4.269170522241055,40× → 2.5×,40x__2p5x
virchow,Virchow,10x,40x,0,71,0.5124503968253968,0.48505799755799756,1.8768105815651617,0.8297123015873016,0.8247807017543859,0.5845062568537279,0.31726190476190474,0.33972270419638834,1.2923043247114339,10× → 40×,40x__10x
virchow,Virchow,10x,2p5x,0,71,0.125,0.02564102564102564,4.441307295269467,0.8297123015873016,0.8247807017543859,0.5845062568537279,0.7047123015873016,0.7991396761133602,3.856801038415739,10× → 2.5×,10x__2p5x
virchow,Virchow,10x,40x,1,71,0.42837301587301585,0.41481729055258465,2.141994732655871,0.7894345238095237,0.7853650670794634,0.7124532162466991,0.3610615079365079,0.37054777652687876,1.4295415164091718,10× → 40×,40x__10x
virchow,Virchow,10x,2p5x,1,71,0.1638888888888889,0.09331490581490581,4.151623941755446,0.7894345238095237,0.7853650670794634,0.7124532162466991,0.6255456349206349,0.6920501612645575,3.4391707255087467,10× → 2.5×,10x__2p5x
virchow,Virchow,10x,40x,2,71,0.4279265873015873,0.37872871637406524,1.9139442888608096,0.749156746031746,0.7455678104575163,0.703328109644182,0.3212301587301587,0.36683909408345106,1.2106161792166277,10× → 40×,40x__10x
virchow,Virchow,10x,2p5x,2,71,0.1513888888888889,0.07022727272727272,4.505938252307393,0.749156746031746,0.7455678104575163,0.703328109644182,0.5977678571428571,0.6753405377302436,3.802610142663211,10× → 2.5×,10x__2p5x
virchow,Virchow,10x,40x,3,71,0.439484126984127,0.391012610577828,2.1324511154508934,0.7330357142857142,0.7356116310160428,0.6379335204004256,0.29355158730158726,0.3445990204382148,1.4945175950504677,10× → 40×,40x__10x
virchow,Virchow,10x,2p5x,3,71,0.1388888888888889,0.048701298701298704,4.403771448142156,0.7330357142857142,0.7356116310160428,0.6379335204004256,0.5941468253968254,0.6869103323147441,3.7658379277417304,10× → 2.5×,10x__2p5x
virchow,Virchow,10x,40x,4,71,0.4744047619047619,0.43009947421413736,1.954946124164235,0.8300595238095237,0.8257910401002506,0.5670536914692386,0.35565476190476186,0.39569156588611326,1.3878924326949964,10× → 40×,40x__10x
virchow,Virchow,10x,2p5x,4,71,0.1388888888888889,0.04714912280701754,4.491111797271546,0.8300595238095237,0.8257910401002506,0.5670536914692386,0.6911706349206348,0.7786419172932331,3.924058105802307,10× → 2.5×,10x__2p5x
virchow,Virchow,10x,40x,5,71,0.43273809523809526,0.3789130434782609,1.9091488821408071,0.7477678571428572,0.7369281045751634,0.8005591648570164,0.31502976190476195,0.35801506109690256,1.1085897172837909,10× → 40×,40x__10x
virchow,Virchow,10x,2p5x,5,71,0.1232638888888889,0.041505791505791506,4.145433343219034,0.7477678571428572,0.7369281045751634,0.8005591648570164,0.6245039682539684,0.695422313069372,3.344874178362018,10× → 2.5×,10x__2p5x
virchow,Virchow,10x,40x,6,71,0.4601190476190476,0.4241715356125234,2.1427881949720167,0.8064484126984126,0.8075192577030812,0.5414738661973102,0.346329365079365,0.3833477220905578,1.6013143287747065,10× → 40×,40x__10x
virchow,Virchow,10x,2p5x,6,71,0.15674603174603174,0.08029306220095694,4.124215163315801,0.8064484126984126,0.8075192577030812,0.5414738661973102,0.6497023809523809,0.7272261955021242,3.582741297118491,10× → 2.5×,10x__2p5x
virchow,Virchow,10x,40x,7,71,0.47614087301587305,0.4414220603244993,1.8927563016721072,0.7979662698412698,0.7995915032679739,0.6329585826273094,0.3218253968253968,0.3581694429434746,1.2597977190447978,10× → 40×,40x__10x
virchow,Virchow,10x,2p5x,7,71,0.125,0.02531645569620253,4.149428986859171,0.7979662698412698,0.7995915032679739,0.6329585826273094,0.6729662698412698,0.7742750475717713,3.5164704042318613,10× → 2.5×,10x__2p5x
virchow,Virchow,10x,40x,8,71,0.3640376984126984,0.32717952378638027,2.0607229802182485,0.7908234126984126,0.7892543859649123,0.5942403861534652,0.4267857142857142,0.462074862178532,1.4664825940647832,10× → 40×,40x__10x
virchow,Virchow,10x,2p5x,8,71,0.1638888888888889,0.08952702702702701,4.289492702161307,0.7908234126984126,0.7892543859649123,0.5942403861534652,0.6269345238095237,0.6997273589378853,3.6952523160078417,10× → 2.5×,10x__2p5x
virchow,Virchow,10x,40x,9,71,0.4009920634920635,0.3481111165717491,2.2101133521605285,0.7448412698412699,0.7408642623716153,0.6621852960994106,0.34384920634920635,0.3927531457998662,1.547928056061118,10× → 40×,40x__10x
virchow,Virchow,10x,2p5x,9,71,0.11701388888888889,0.07390873015873016,4.650352209556973,0.7448412698412699,0.7408642623716153,0.6621852960994106,0.627827380952381,0.6669555322128852,3.9881669134575626,10× → 2.5×,10x__2p5x
virchow,Virchow,2p5x,40x,0,71,0.1795634920634921,0.09076340326340325,5.538855964192534,0.6580357142857143,0.6500548245614035,1.1853262913697733,0.4784722222222222,0.5592914212980002,4.35352967282276,2.5× → 40×,40x__2p5x
virchow,Virchow,2p5x,10x,0,71,0.26269841269841265,0.13797013797013796,4.565988429954236,0.6580357142857143,0.6500548245614035,1.1853262913697733,0.3953373015873016,0.5120846865912656,3.380662138584462,2.5× → 10×,10x__2p5x
virchow,Virchow,2p5x,40x,1,71,0.20456349206349206,0.11587752525252525,5.238889884195457,0.6463789682539682,0.6177183174507848,1.4545501682678057,0.4418154761904762,0.5018407921982595,3.784339715927651,2.5× → 40×,40x__2p5x
virchow,Virchow,2p5x,10x,1,71,0.28908730158730156,0.1777988614800759,4.7503723704854695,0.6463789682539682,0.6177183174507848,1.4545501682678057,0.3572916666666667,0.43991945597070886,3.2958222022176638,2.5× → 10×,10x__2p5x
virchow,Virchow,2p5x,40x,2,71,0.1371031746031746,0.07452153110047847,5.10871608003466,0.6472718253968254,0.6402423030615756,1.4431621103603536,0.5101686507936508,0.5657207719610972,3.6655539696743062,2.5× → 40×,40x__2p5x
virchow,Virchow,2p5x,10x,2,71,0.29047619047619044,0.1881628787878788,4.378912438062762,0.6472718253968254,0.6402423030615756,1.4431621103603536,0.35679563492063493,0.4520794242736968,2.935750327702408,2.5× → 10×,10x__2p5x
virchow,Virchow,2p5x,40x,3,71,0.2238095238095238,0.12727358848048503,5.286093257674167,0.6637400793650794,0.6533221507519865,1.3235967939176971,0.4399305555555556,0.5260485622715014,3.9624964637564695,2.5× → 40×,40x__2p5x
virchow,Virchow,2p5x,10x,3,71,0.26304563492063493,0.17129281537176272,4.641387086824508,0.6637400793650794,0.6533221507519865,1.3235967939176971,0.40069444444444446,0.4820293353802238,3.3177902929068113,2.5× → 10×,10x__2p5x
virchow,Virchow,2p5x,40x,4,71,0.18353174603174605,0.08884575569358177,5.272464275630118,0.6623511904761905,0.644298245614035,1.3180801475768353,0.47881944444444446,0.5554524899204533,3.9543841280532828,2.5× → 40×,40x__2p5x
virchow,Virchow,2p5x,10x,4,71,0.3172123015873016,0.22815843160670746,4.3928908526512505,0.6623511904761905,0.644298245614035,1.3180801475768353,0.3451388888888889,0.4161398140073276,3.074810705074415,2.5× → 10×,10x__2p5x
virchow,Virchow,2p5x,40x,5,71,0.1988095238095238,0.12596153846153846,4.949163158845456,0.6052579365079365,0.597688461349452,1.7430776674343722,0.4064484126984127,0.4717269228879135,3.206085491411084,2.5× → 40×,40x__2p5x
virchow,Virchow,2p5x,10x,5,71,0.31860119047619045,0.22446626508492634,4.4795493030099545,0.6052579365079365,0.597688461349452,1.7430776674343722,0.286656746031746,0.37322219626452563,2.7364716355755823,2.5× → 10×,10x__2p5x
virchow,Virchow,2p5x,40x,6,71,0.18928571428571428,0.08839285714285713,5.256909637894538,0.6463789682539682,0.6276562446841085,1.3799358719714632,0.45709325396825395,0.5392633875412514,3.876973765923075,2.5× → 40×,40x__2p5x
virchow,Virchow,2p5x,10x,6,71,0.2751984126984127,0.1744047619047619,4.573779114323481,0.6463789682539682,0.6276562446841085,1.3799358719714632,0.3711805555555555,0.4532514827793466,3.193843242352018,2.5× → 10×,10x__2p5x
virchow,Virchow,2p5x,40x,7,71,0.16587301587301587,0.1162265154200638,5.191667967711898,0.6455357142857143,0.6339168657280112,1.3185135069258338,0.4796626984126985,0.5176903503079474,3.873154460786064,2.5× → 40×,40x__2p5x
virchow,Virchow,2p5x,10x,7,71,0.3220734126984127,0.24649685110211425,4.3719738633914895,0.6455357142857143,0.6339168657280112,1.3185135069258338,0.3234623015873016,0.3874200146258969,3.0534603564656555,2.5× → 10×,10x__2p5x
virchow,Virchow,2p5x,40x,8,71,0.20595238095238094,0.108125,5.503326704075321,0.6594246031746032,0.6441895179124281,1.2712494391256242,0.4534722222222222,0.536064517912428,4.232077264949697,2.5× → 40×,40x__2p5x
virchow,Virchow,2p5x,10x,8,71,0.27554563492063494,0.16339374133491782,4.822365940407901,0.6594246031746032,0.6441895179124281,1.2712494391256242,0.3838789682539682,0.48079577657751027,3.5511165012822774,2.5× → 10×,10x__2p5x
virchow,Virchow,2p5x,40x,9,71,0.2138888888888889,0.10485347985347984,5.391254497723908,0.6826884920634921,0.6667185143288085,1.3897889322369374,0.46879960317460323,0.5618650344753287,4.001465565486971,2.5× → 40×,40x__2p5x
virchow,Virchow,2p5x,10x,9,71,0.2613095238095238,0.16159274193548387,4.8732856825638615,0.6826884920634921,0.6667185143288085,1.3897889322369374,0.4213789682539683,0.5051257723933246,3.483496750326924,2.5× → 10×,10x__2p5x
virchow2,Virchow2,40x,10x,0,71,0.7672123015873016,0.7450088989285045,1.0030416600764198,0.7976190476190477,0.7960163331680359,0.8163471297547825,0.03040674603174609,0.05100743423953136,0.1866945303216373,40× → 10×,40x__10x
virchow2,Virchow2,40x,2p5x,0,71,0.5559027777777779,0.5197538572538573,1.5721201460761944,0.7976190476190477,0.7960163331680359,0.8163471297547825,0.24171626984126982,0.27626247591417863,0.7557730163214119,40× → 2.5×,40x__2p5x
virchow2,Virchow2,40x,10x,1,71,0.7015873015873015,0.6797222222222222,1.0414434693538581,0.7859623015873016,0.7819745442036463,0.8058247578262309,0.08437500000000009,0.10225232198142409,0.23561871152762726,40× → 10×,40x__10x
virchow2,Virchow2,40x,2p5x,1,71,0.5402777777777779,0.5093749999999999,1.4544619583611618,0.7859623015873016,0.7819745442036463,0.8058247578262309,0.24568452380952377,0.2725995442036464,0.6486372005349309,40× → 2.5×,40x__2p5x
virchow2,Virchow2,40x,10x,2,71,0.7144345238095238,0.6866576340681201,1.0120893074483757,0.7573412698412698,0.7532163742690059,0.7945122169326437,0.042906746031746046,0.06655874020088581,0.21757709051573193,40× → 10×,40x__10x
virchow2,Virchow2,40x,2p5x,2,71,0.5576388888888888,0.5185977947491105,1.7699487537112604,0.7573412698412698,0.7532163742690059,0.7945122169326437,0.19970238095238102,0.2346185795198954,0.9754365367786166,40× → 2.5×,40x__2p5x
virchow2,Virchow2,40x,10x,3,71,0.7461805555555555,0.7235722578505086,0.945924123831722,0.7599206349206349,0.7682118566343394,0.7823477846027654,0.013740079365079372,0.044639598783830836,0.16357633922895654,40× → 10×,40x__10x
virchow2,Virchow2,40x,2p5x,3,71,0.5780753968253968,0.5709064938684504,1.656245302932468,0.7599206349206349,0.7682118566343394,0.7823477846027654,0.18184523809523812,0.19730536276588906,0.8738975183297025,40× → 2.5×,40x__2p5x
virchow2,Virchow2,40x,10x,4,71,0.7533234126984127,0.7342060029753529,0.7804567814442154,0.8001984126984127,0.7974702380952381,0.5936812816309539,0.046875,0.06326423511988521,0.18677549981326147,40× → 10×,40x__10x
virchow2,Virchow2,40x,2p5x,4,71,0.6452876984126984,0.6136008089133089,1.442500634220515,0.8001984126984127,0.7974702380952381,0.5936812816309539,0.15491071428571435,0.18386942918192917,0.8488193525895612,40× → 2.5×,40x__2p5x
virchow2,Virchow2,40x,10x,5,71,0.7394345238095238,0.725585130383892,1.114355425460401,0.7876984126984127,0.7777872991301784,0.8277113274937646,0.048263888888888884,0.05220216874628636,0.28664409796663626,40× → 10×,40x__10x
virchow2,Virchow2,40x,2p5x,5,71,0.5295138888888888,0.4953241957318044,1.5960599224784957,0.7876984126984127,0.7777872991301784,0.8277113274937646,0.25818452380952384,0.282463103398374,0.7683485949847311,40× → 2.5×,40x__2p5x
virchow2,Virchow2,40x,10x,6,71,0.7850694444444444,0.7608041597205684,0.7270860422916413,0.8172123015873016,0.8183153963339722,0.594937744770066,0.03214285714285725,0.05751123661340385,0.1321482975215753,40× → 10×,40x__10x
virchow2,Virchow2,40x,2p5x,6,71,0.5548611111111111,0.5381531565195248,1.408804614300309,0.8172123015873016,0.8183153963339722,0.594937744770066,0.2623511904761905,0.28016223981444743,0.813866869530243,40× → 2.5×,40x__2p5x
virchow2,Virchow2,40x,10x,7,71,0.7672123015873016,0.7524443489517019,0.9589726643251655,0.8243551587301587,0.829017645581113,0.7023197010677392,0.05714285714285716,0.07657329662941115,0.25665296325742626,40× → 10×,40x__10x
virchow2,Virchow2,40x,2p5x,7,71,0.5451388888888888,0.5049776579366237,1.4786188484603995,0.8243551587301587,0.829017645581113,0.7023197010677392,0.2792162698412699,0.32403998764448927,0.7762991473926603,40× → 2.5×,40x__2p5x
virchow2,Virchow2,40x,10x,8,71,0.7354662698412698,0.7185143337111133,1.0165937624860653,0.743452380952381,0.7434497702589808,0.7828798798144055,0.007986111111111138,0.024935436547867562,0.2337138826716597,40× → 10×,40x__10x
virchow2,Virchow2,40x,2p5x,8,71,0.5826388888888888,0.5477360858310936,1.5962634940235962,0.743452380952381,0.7434497702589808,0.7828798798144055,0.16081349206349216,0.19571368442788728,0.8133836142091907,40× → 2.5×,40x__2p5x
virchow2,Virchow2,40x,10x,9,71,0.7382440476190476,0.7112131084317785,0.9291220713552654,0.7854662698412698,0.7850410339574426,0.6814351366169954,0.047222222222222165,0.07382792552566408,0.24768693473826997,40× → 10×,40x__10x
virchow2,Virchow2,40x,2p5x,9,71,0.5961805555555556,0.5638683344275449,1.6154547123199876,0.7854662698412698,0.7850410339574426,0.6814351366169954,0.18928571428571417,0.2211726995298977,0.9340195757029922,40× → 2.5×,40x__2p5x
virchow2,Virchow2,10x,40x,0,71,0.661904761904762,0.6778374227103809,0.8611612497185909,0.8475694444444444,0.8424277605779154,0.5781675640543724,0.18566468253968238,0.1645903378675344,0.28299368566421845,10× → 40×,40x__10x
virchow2,Virchow2,10x,2p5x,0,71,0.744345238095238,0.7477709760140101,0.860326448734343,0.8475694444444444,0.8424277605779154,0.5781675640543724,0.10322420634920637,0.09465678456390525,0.28215888467997063,10× → 2.5×,10x__2p5x
virchow2,Virchow2,10x,40x,1,71,0.6669146825396826,0.6922828220822509,1.0774153414772432,0.8493055555555555,0.842890006879945,0.6046470039174089,0.18239087301587298,0.15060718479769408,0.4727683375598343,10× → 40×,40x__10x
virchow2,Virchow2,10x,2p5x,1,71,0.7877480158730159,0.7942571929704283,0.7391975543148226,0.8493055555555555,0.842890006879945,0.6046470039174089,0.06155753968253963,0.04863281390951668,0.1345505503974137,10× → 2.5×,10x__2p5x
virchow2,Virchow2,10x,40x,2,71,0.6485615079365079,0.6688596491228069,0.9208380046450725,0.8328373015873016,0.8303341073271413,0.5632958208853704,0.18427579365079372,0.16147445820433437,0.35754218375970204,10× → 40×,40x__10x
virchow2,Virchow2,10x,2p5x,2,71,0.6728670634920635,0.6739087301587301,1.0897392942154112,0.8328373015873016,0.8303341073271413,0.5632958208853704,0.15997023809523814,0.1564253771684112,0.5264434733300407,10× → 2.5×,10x__2p5x
virchow2,Virchow2,10x,40x,3,71,0.6252480158730158,0.6629556288225019,1.0296788574276055,0.8493055555555555,0.8469749742002064,0.5428169117823649,0.22405753968253972,0.18401934537770448,0.48686194564524055,10× → 40×,40x__10x
virchow2,Virchow2,10x,2p5x,3,71,0.7062996031746032,0.7169385312400018,0.8139708885200944,0.8493055555555555,0.8469749742002064,0.5428169117823649,0.14300595238095237,0.13003644296020456,0.27115397673772945,10× → 2.5×,10x__2p5x
virchow2,Virchow2,10x,40x,4,71,0.667609126984127,0.6898905016552075,0.9205573644444627,0.8881944444444444,0.8852240896358543,0.5069979077613731,0.2205853174603174,0.19533358798064682,0.4135594566830896,10× → 40×,40x__10x
virchow2,Virchow2,10x,2p5x,4,71,0.7724702380952381,0.7797534090007001,0.7324965221656157,0.8881944444444444,0.8852240896358543,0.5069979077613731,0.11572420634920633,0.10547068063515419,0.22549861440424257,10× → 2.5×,10x__2p5x
virchow2,Virchow2,10x,40x,5,71,0.6369047619047619,0.6683058261183261,1.0025191185235525,0.8506944444444444,0.8423460612315101,0.6113018062104562,0.21378968253968256,0.174040235113184,0.3912173123130963,10× → 40×,40x__10x
virchow2,Virchow2,10x,2p5x,5,71,0.7724702380952381,0.7778496279934899,0.8196951026698948,0.8506944444444444,0.8423460612315101,0.6113018062104562,0.07822420634920635,0.06449643323802023,0.2083932964594386,10× → 2.5×,10x__2p5x
virchow2,Virchow2,10x,40x,6,71,0.7370535714285714,0.7609301815468174,0.8069187152017631,0.8743055555555554,0.8697647918816649,0.4464579169272496,0.13725198412698403,0.10883461033484754,0.36046079827451344,10× → 40×,40x__10x
virchow2,Virchow2,10x,2p5x,6,71,0.7321924603174603,0.7386655140525109,0.8589179913937469,0.8743055555555554,0.8697647918816649,0.4464579169272496,0.14211309523809512,0.13109927782915398,0.4124600744664973,10× → 2.5×,10x__2p5x
virchow2,Virchow2,10x,40x,7,71,0.6825396825396824,0.7099751275722512,0.8476684762678927,0.8895833333333334,0.8843932748538011,0.5211924283589272,0.20704365079365095,0.17441814728154992,0.32647604790896545,10× → 40×,40x__10x
virchow2,Virchow2,10x,2p5x,7,71,0.8064484126984126,0.8113721398757239,0.7227812425685605,0.8895833333333334,0.8843932748538011,0.5211924283589272,0.08313492063492078,0.07302113497807727,0.20158881420963326,10× → 2.5×,10x__2p5x
virchow2,Virchow2,10x,40x,8,71,0.6842757936507936,0.7074456975772765,1.043576755716429,0.8229166666666666,0.8159700722394221,0.6293027538349949,0.13864087301587302,0.1085243746621456,0.41427400188143415,10× → 40×,40x__10x
virchow2,Virchow2,10x,2p5x,8,71,0.747470238095238,0.7431254333957423,0.8819686490071383,0.8229166666666666,0.8159700722394221,0.6293027538349949,0.07544642857142858,0.07284463884367975,0.25266589517214344,10× → 2.5×,10x__2p5x
virchow2,Virchow2,10x,40x,9,71,0.7214285714285714,0.7348370927318295,0.9495084269305187,0.8717261904761904,0.8686145510835914,0.5663405971862769,0.15029761904761896,0.1337774583517619,0.3831678297442418,10× → 40×,40x__10x
virchow2,Virchow2,10x,2p5x,9,71,0.7225198412698413,0.7264412051370255,0.9335850103349318,0.8717261904761904,0.8686145510835914,0.5663405971862769,0.14920634920634912,0.14217334594656594,0.36724441314865486,10× → 2.5×,10x__2p5x
virchow2,Virchow2,2p5x,40x,0,71,0.45709325396825395,0.43271321070234114,1.7272848377282137,0.8489583333333333,0.8397832817337461,0.5085721583913619,0.3918650793650793,0.4070700710314049,1.2187126793368517,2.5× → 40×,40x__2p5x
virchow2,Virchow2,2p5x,10x,0,71,0.7481150793650794,0.7208190513047323,1.03086499846068,0.8489583333333333,0.8397832817337461,0.5085721583913619,0.10084325396825389,0.11896423042901372,0.522292840069318,2.5× → 10×,10x__2p5x
virchow2,Virchow2,2p5x,40x,1,71,0.428125,0.39437224526834325,1.6768849445340968,0.8364583333333333,0.8258943928448572,0.5105184331477569,0.4083333333333333,0.43152214757651397,1.16636651138634,2.5× → 40×,40x__2p5x
virchow2,Virchow2,2p5x,10x,1,71,0.7463789682539683,0.7320094862567772,1.0778885559733142,0.8364583333333333,0.8258943928448572,0.5105184331477569,0.09007936507936498,0.09388490658808002,0.5673701228255573,2.5× → 10×,10x__2p5x
virchow2,Virchow2,2p5x,40x,2,71,0.4534722222222222,0.4069805194805195,1.7468402738932256,0.8520833333333333,0.8490798073615411,0.5703923582316803,0.3986111111111111,0.4420992878810216,1.1764479156615453,2.5× → 40×,40x__2p5x
virchow2,Virchow2,2p5x,10x,2,71,0.7333829365079365,0.7171879655432287,0.9548591046500343,0.8520833333333333,0.8490798073615411,0.5703923582316803,0.11870039682539679,0.13189184181831237,0.384466746418354,2.5× → 10×,10x__2p5x
virchow2,Virchow2,2p5x,40x,3,71,0.4253472222222222,0.37175854037267075,1.7410568712856183,0.8350694444444444,0.8292859907120743,0.4664833024992294,0.4097222222222222,0.45752745033940356,1.2745735687863888,2.5× → 40×,40x__2p5x
virchow2,Virchow2,2p5x,10x,3,71,0.7378472222222222,0.6951255980861244,1.0319708408144064,0.8350694444444444,0.8292859907120743,0.4664833024992294,0.09722222222222221,0.13416039262594992,0.565487538315177,2.5× → 10×,10x__2p5x
virchow2,Virchow2,2p5x,40x,4,71,0.4114583333333333,0.375,1.6944008138826554,0.8600694444444444,0.8557072829131653,0.4209291537149539,0.4486111111111111,0.48070728291316533,1.2734716601677016,2.5× → 40×,40x__2p5x
virchow2,Virchow2,2p5x,10x,4,71,0.7637400793650794,0.7305954956206504,0.9278751085123329,0.8600694444444444,0.8557072829131653,0.4209291537149539,0.09632936507936507,0.12511178729251493,0.506945954797379,2.5× → 10×,10x__2p5x
virchow2,Virchow2,2p5x,40x,5,71,0.3819444444444444,0.34811872909698993,1.7497343386579252,0.8770833333333333,0.8700980392156863,0.49404374800698175,0.4951388888888889,0.5219793101186964,1.2556905906509435,2.5× → 40×,40x__2p5x
virchow2,Virchow2,2p5x,10x,5,71,0.7356150793650793,0.7075643235763205,1.044058357205261,0.8770833333333333,0.8700980392156863,0.49404374800698175,0.14146825396825402,0.1625337156393658,0.5500146091982794,2.5× → 10×,10x__2p5x
virchow2,Virchow2,2p5x,40x,6,71,0.4423611111111111,0.3831947292473608,1.706639932871603,0.8350694444444444,0.8307318541451668,0.42378152113623646,0.3927083333333333,0.447537124897806,1.2828584117353667,2.5× → 40×,40x__2p5x
virchow2,Virchow2,2p5x,10x,6,71,0.7651289682539683,0.7564935064935064,0.870249565501007,0.8350694444444444,0.8307318541451668,0.42378152113623646,0.06994047619047616,0.07423834765166037,0.4464680443647705,2.5× → 10×,10x__2p5x
virchow2,Virchow2,2p5x,40x,7,71,0.4482142857142857,0.4250290804638631,1.630255084212009,0.8631944444444444,0.8581978844169247,0.4233459417700351,0.4149801587301587,0.43316880395306157,1.2069091424419738,2.5× → 40×,40x__2p5x
virchow2,Virchow2,2p5x,10x,7,71,0.7745039682539683,0.7595570771995088,0.8788223041535026,0.8631944444444444,0.8581978844169247,0.4233459417700351,0.0886904761904761,0.09864080721741586,0.4554763623834675,2.5× → 10×,10x__2p5x
virchow2,Virchow2,2p5x,40x,8,71,0.4003472222222222,0.3480612763793542,1.7669831039094603,0.8927083333333333,0.8876096491228069,0.4759957858110937,0.49236111111111114,0.5395483727434527,1.2909873180983666,2.5× → 40×,40x__2p5x
virchow2,Virchow2,2p5x,10x,8,71,0.7915178571428572,0.7800398947457772,0.9285505584184135,0.8927083333333333,0.8876096491228069,0.4759957858110937,0.10119047619047616,0.10756975437702976,0.4525547726073198,2.5× → 10×,10x__2p5x
virchow2,Virchow2,2p5x,40x,9,71,0.40798611111111105,0.3820562435500516,1.947747020149162,0.8489583333333333,0.8423417612659099,0.5118961161058885,0.4409722222222222,0.4602855177158583,1.4358509040432734,2.5× → 40×,40x__2p5x
virchow2,Virchow2,2p5x,10x,9,71,0.7128968253968254,0.7006682655579715,1.1366057190725658,0.8489583333333333,0.8423417612659099,0.5118961161058885,0.13606150793650784,0.1416734957079384,0.6247096029666773,2.5× → 10×,10x__2p5x
uni2,UNI2,40x,10x,0,71,0.719047619047619,0.7144702648572618,0.7954537564954908,0.8453373015873016,0.8444014447884418,0.7524942736154412,0.12628968253968254,0.12993117993117997,0.04295948288004958,40× → 10×,40x__10x
uni2,UNI2,40x,2p5x,0,71,0.6247519841269842,0.6078194340283787,1.094726924059515,0.8453373015873016,0.8444014447884418,0.7524942736154412,0.2205853174603174,0.23658201076006313,0.3422326504440738,40× → 2.5×,40x__2p5x
uni2,UNI2,40x,10x,1,71,0.687797619047619,0.680621580833805,0.8791864268163491,0.7703373015873016,0.7687289963218755,0.8434616917930813,0.08253968253968258,0.08810741548807055,0.035724735023267784,40× → 10×,40x__10x
uni2,UNI2,40x,2p5x,1,71,0.5998015873015873,0.5531189359801891,1.177834042758644,0.7703373015873016,0.7687289963218755,0.8434616917930813,0.17053571428571435,0.2156100603416864,0.3343723509655627,40× → 2.5×,40x__2p5x
uni2,UNI2,40x,10x,2,71,0.6555555555555556,0.6288424277335568,0.884461958625897,0.8158234126984127,0.8171306022408963,0.8004322553435186,0.16026785714285718,0.18828817450733948,0.08402970328237847,40× → 10×,40x__10x
uni2,UNI2,40x,2p5x,2,71,0.6104166666666666,0.5755907491201608,1.181341602446969,0.8158234126984127,0.8171306022408963,0.8004322553435186,0.20540674603174613,0.24153985312073545,0.38090934710345037,40× → 2.5×,40x__2p5x
uni2,UNI2,40x,10x,3,71,0.723015873015873,0.7158748726763432,0.7901631137660581,0.8314484126984127,0.8398671310629515,0.7320078625881581,0.10843253968253974,0.12399225838660832,0.05815525117789999,40× → 10×,40x__10x
uni2,UNI2,40x,2p5x,3,71,0.6193948412698413,0.609907120743034,1.1734216434468432,0.8314484126984127,0.8398671310629515,0.7320078625881581,0.2120535714285714,0.22996001031991753,0.4414137808586851,40× → 2.5×,40x__2p5x
uni2,UNI2,40x,10x,4,71,0.7293154761904761,0.7245774595379592,0.7502961559813933,0.8175595238095238,0.8228985320291351,0.7012629242760461,0.0882440476190477,0.09832107249117594,0.049033231705347236,40× → 10×,40x__10x
uni2,UNI2,40x,2p5x,4,71,0.6148809523809523,0.5784099620709529,1.095068000191464,0.8175595238095238,0.8228985320291351,0.7012629242760461,0.20267857142857149,0.24448856995818224,0.393805075915418,40× → 2.5×,40x__2p5x
uni2,UNI2,40x,10x,5,71,0.6157242063492063,0.6226030343614015,0.9478978929355829,0.8050595238095237,0.8044449358690845,0.9146888120424127,0.1893353174603174,0.18184190150768298,0.033209080893170206,40× → 10×,40x__10x
uni2,UNI2,40x,2p5x,5,71,0.5705853174603174,0.5569504771815381,1.188555449860756,0.8050595238095237,0.8044449358690845,0.9146888120424127,0.23447420634920635,0.24749445868754638,0.2738666378183433,40× → 2.5×,40x__2p5x
uni2,UNI2,40x,10x,6,71,0.7301587301587301,0.7363951332894831,0.7359153979609562,0.8314484126984127,0.8367874209180239,0.7565730659255977,0.10128968253968262,0.1003922876285408,-0.020657667964641524,40× → 10×,40x__10x
uni2,UNI2,40x,2p5x,6,71,0.6318948412698413,0.6075647451963241,1.023524122133609,0.8314484126984127,0.8367874209180239,0.7565730659255977,0.19955357142857144,0.22922267572169985,0.2669510562080114,40× → 2.5×,40x__2p5x
uni2,UNI2,40x,10x,7,71,0.7582837301587302,0.7574303405572755,0.7127651806223115,0.8019345238095238,0.8055125558995528,0.7681803671106613,0.04365079365079361,0.0480822153422773,-0.055415186488349755,40× → 10×,40x__10x
uni2,UNI2,40x,2p5x,7,71,0.6015376984126983,0.5753653127917834,1.0813519407618457,0.8019345238095238,0.8055125558995528,0.7681803671106613,0.20039682539682546,0.23014724310776946,0.3131715736511844,40× → 2.5×,40x__2p5x
uni2,UNI2,40x,10x,8,71,0.6515376984126984,0.6547204408079021,0.8645348491301922,0.8047123015873016,0.8043520258980785,0.7910850384489263,0.15317460317460319,0.14963158509017638,0.07344981068126588,40× → 10×,40x__10x
uni2,UNI2,40x,2p5x,8,71,0.5697916666666667,0.5254307234910683,1.157066736649565,0.8047123015873016,0.8043520258980785,0.7910850384489263,0.23492063492063486,0.2789213024070102,0.36598169820063875,40× → 2.5×,40x__2p5x
uni2,UNI2,40x,10x,9,71,0.6199404761904761,0.5997335487225193,0.8641579731557322,0.7894345238095237,0.7928908949163189,0.7249401459064945,0.16949404761904763,0.19315734619379965,0.1392178272492377,40× → 10×,40x__10x
uni2,UNI2,40x,2p5x,9,71,0.6332837301587302,0.6148475942627241,1.195016938487385,0.7894345238095237,0.7928908949163189,0.7249401459064945,0.15615079365079354,0.17804330065359486,0.4700767925808905,40× → 2.5×,40x__2p5x
uni2,UNI2,10x,40x,0,71,0.5612599206349207,0.5301868474662592,1.126093369588705,0.8864583333333333,0.8822420634920635,0.38747861564238095,0.32519841269841265,0.35205521602580425,0.738614753946324,10× → 40×,40x__10x
uni2,UNI2,10x,2p5x,0,71,0.8293650793650793,0.8199499975428768,0.541935841850893,0.8864583333333333,0.8822420634920635,0.38747861564238095,0.05709325396825404,0.06229206594918668,0.1544572262085121,10× → 2.5×,10x__2p5x
uni2,UNI2,10x,40x,1,71,0.6279265873015872,0.6035528673835125,1.0452075194982935,0.8547123015873016,0.8539186507936507,0.42213959876676255,0.22678571428571437,0.25036578341013815,0.6230679207315309,10× → 40×,40x__10x
uni2,UNI2,10x,2p5x,1,71,0.7962301587301588,0.7944198732124429,0.546411390807096,0.8547123015873016,0.8539186507936507,0.42213959876676255,0.058482142857142816,0.05949877758120781,0.12427179204033345,10× → 2.5×,10x__2p5x
uni2,UNI2,10x,40x,2,71,0.6140376984126984,0.5912467466743783,1.0569020577577093,0.8524801587301587,0.853563596491228,0.41372792107778034,0.2384424603174603,0.2623168498168498,0.643174136679929,10× → 40×,40x__10x
uni2,UNI2,10x,2p5x,2,71,0.7971230158730158,0.7942982456140351,0.6469131976071798,0.8524801587301587,0.853563596491228,0.41372792107778034,0.05535714285714288,0.05926535087719298,0.23318527652939947,10× → 2.5×,10x__2p5x
uni2,UNI2,10x,40x,3,71,0.6154265873015873,0.5774463383838384,1.0490275995975207,0.8725694444444444,0.8717505941770647,0.3476892041560849,0.2571428571428571,0.2943042557932263,0.7013383954414358,10× → 40×,40x__10x
uni2,UNI2,10x,2p5x,3,71,0.8597222222222223,0.8501921163202122,0.5399510336782504,0.8725694444444444,0.8717505941770647,0.3476892041560849,0.012847222222222121,0.021558477856852498,0.19226182952216547,10× → 2.5×,10x__2p5x
uni2,UNI2,10x,40x,4,71,0.5612599206349207,0.5447242912316441,1.1132805815094564,0.8590277777777777,0.8573993612596553,0.37507765569657353,0.29776785714285703,0.3126750700280112,0.7382029258128828,10× → 40×,40x__10x
uni2,UNI2,10x,2p5x,4,71,0.8436011904761904,0.8408797729618163,0.5206660840736638,0.8590277777777777,0.8573993612596553,0.37507765569657353,0.015426587301587302,0.01651958829783906,0.14558842837709024,10× → 2.5×,10x__2p5x
uni2,UNI2,10x,40x,5,71,0.5473710317460317,0.5076464441576003,1.279967314109661,0.8283234126984127,0.8270833333333334,0.4717072985657987,0.28095238095238095,0.3194368891757331,0.8082600155438624,10× → 40×,40x__10x
uni2,UNI2,10x,2p5x,5,71,0.8132440476190477,0.8088972431077694,0.5850117905721698,0.8283234126984127,0.8270833333333334,0.4717072985657987,0.015079365079365026,0.018186090225563945,0.1133044920063711,10× → 2.5×,10x__2p5x
uni2,UNI2,10x,40x,6,71,0.6497519841269841,0.6290760869565217,0.9923392885872487,0.8524801587301587,0.853563596491228,0.3743977370787095,0.2027281746031746,0.2244875095347063,0.6179415515085392,10× → 40×,40x__10x
uni2,UNI2,10x,2p5x,6,71,0.8374007936507937,0.8391077124629756,0.5072918373582166,0.8524801587301587,0.853563596491228,0.3743977370787095,0.015079365079365026,0.014455884028252486,0.1328941002795071,10× → 2.5×,10x__2p5x
uni2,UNI2,10x,40x,7,71,0.5876488095238095,0.5643561299811299,1.0295086631857702,0.8686011904761906,0.8679096638655461,0.4044234862598855,0.28095238095238106,0.3035535338844162,0.6250851769258847,10× → 40×,40x__10x
uni2,UNI2,10x,2p5x,7,71,0.8297123015873016,0.8264976165904958,0.5781826889677638,0.8686011904761906,0.8679096638655461,0.4044234862598855,0.03888888888888897,0.04141204727505032,0.1737592027078783,10× → 2.5×,10x__2p5x
uni2,UNI2,10x,40x,8,71,0.5890376984126984,0.5490101809954752,1.1355806514995777,0.8672123015873016,0.8669056637806638,0.38888656479513073,0.2781746031746032,0.31789548278518864,0.7466940867044469,10× → 40×,40x__10x
uni2,UNI2,10x,2p5x,8,71,0.8285218253968254,0.8194542847503373,0.5658116597254752,0.8672123015873016,0.8669056637806638,0.38888656479513073,0.038690476190476164,0.04745137903032648,0.17692509493034447,10× → 2.5×,10x__2p5x
uni2,UNI2,10x,40x,9,71,0.6279265873015872,0.5897207966764418,1.1163878111957954,0.8672123015873016,0.8669056637806638,0.355034574217105,0.23928571428571432,0.27718486710422197,0.7613532369786904,10× → 40×,40x__10x
uni2,UNI2,10x,2p5x,9,71,0.8365079365079365,0.8333718912666281,0.555772941077913,0.8672123015873016,0.8669056637806638,0.355034574217105,0.030704365079365026,0.033533772514035665,0.20073836686080798,10× → 2.5×,10x__2p5x
uni2,UNI2,2p5x,40x,0,71,0.3680555555555555,0.30699163286004055,2.1834471754266205,0.9048611111111111,0.9052244582043343,0.3211829003527005,0.5368055555555555,0.5982328253442937,1.86226427507392,2.5× → 40×,40x__2p5x
uni2,UNI2,2p5x,10x,0,71,0.6749503968253968,0.665208196516246,0.714275766544147,0.9048611111111111,0.9052244582043343,0.3211829003527005,0.2299107142857143,0.24001626168808832,0.39309286619144657,2.5× → 10×,10x__2p5x
uni2,UNI2,2p5x,40x,1,71,0.30729166666666663,0.2559895833333333,2.139391075787213,0.8440972222222223,0.8375379318394024,0.3347511832205224,0.5368055555555556,0.5815483485060691,1.8046398925666909,2.5× → 40×,40x__2p5x
uni2,UNI2,2p5x,10x,1,71,0.6882936507936508,0.6760646414760534,0.8021537833505232,0.8440972222222223,0.8375379318394024,0.3347511832205224,0.15580357142857149,0.161473290363349,0.46740260013000084,2.5× → 10×,10x__2p5x
uni2,UNI2,2p5x,40x,2,71,0.37881944444444443,0.3366695804195804,2.1615980166295556,0.8699900793650794,0.8714216468086438,0.3728819875569258,0.491170634920635,0.5347520663890634,1.7887160290726298,2.5× → 40×,40x__2p5x
uni2,UNI2,2p5x,10x,2,71,0.7209325396825397,0.7082034851558178,0.6809709543131793,0.8699900793650794,0.8714216468086438,0.3728819875569258,0.14905753968253976,0.163218161652826,0.3080889667562535,2.5× → 10×,10x__2p5x
uni2,UNI2,2p5x,40x,3,71,0.35104166666666664,0.32094155844155847,2.1997105275737043,0.9048611111111111,0.9076367389060888,0.30070667948259544,0.5538194444444444,0.5866951804645303,1.899003848091109,2.5× → 40×,40x__2p5x
uni2,UNI2,2p5x,10x,3,71,0.6896825396825397,0.6883408387278356,0.727738621699786,0.9048611111111111,0.9076367389060888,0.30070667948259544,0.21517857142857144,0.21929590017825318,0.42703194221719054,2.5× → 10×,10x__2p5x
uni2,UNI2,2p5x,40x,4,71,0.3368055555555555,0.2939903846153846,2.165575588952691,0.8895833333333334,0.8878851540616246,0.25237329306270945,0.5527777777777778,0.59389476944624,1.9132022958899817,2.5× → 40×,40x__2p5x
uni2,UNI2,2p5x,10x,4,71,0.7516369047619047,0.7176184384412072,0.6450417775321408,0.8895833333333334,0.8878851540616246,0.25237329306270945,0.1379464285714287,0.1702667156204174,0.3926684844694313,2.5× → 10×,10x__2p5x
uni2,UNI2,2p5x,40x,5,71,0.33854166666666663,0.28986175115207374,2.2983134585729386,0.8878472222222222,0.8852277753206546,0.39456931952451685,0.5493055555555556,0.5953660241685808,1.9037441390484218,2.5× → 40×,40x__2p5x
uni2,UNI2,2p5x,10x,5,71,0.6757936507936508,0.6492825380396539,0.8944508277165572,0.8878472222222222,0.8852277753206546,0.39456931952451685,0.2120535714285714,0.2359452372810007,0.4998815081920403,2.5× → 10×,10x__2p5x
uni2,UNI2,2p5x,40x,6,71,0.3368055555555555,0.28412686104218365,2.1195533950815366,0.9048611111111111,0.9076367389060888,0.3180581773503314,0.5680555555555555,0.6235098778639051,1.8014952177312051,2.5× → 40×,40x__2p5x
uni2,UNI2,2p5x,10x,6,71,0.6601686507936508,0.6711525469471525,0.765105490418115,0.9048611111111111,0.9076367389060888,0.3180581773503314,0.24469246031746028,0.23648419195893622,0.44704731306778367,2.5× → 10×,10x__2p5x
uni2,UNI2,2p5x,40x,7,71,0.36979166666666663,0.31562500000000004,2.132409497728605,0.8736111111111111,0.8688062066932035,0.3203361901270839,0.5038194444444445,0.5531812066932035,1.812073307601521,2.5× → 40×,40x__2p5x
uni2,UNI2,2p5x,10x,7,71,0.7053075396825397,0.6907395912910619,0.7170816414870905,0.8736111111111111,0.8688062066932035,0.3203361901270839,0.16830357142857144,0.17806661540214164,0.3967454513600066,2.5× → 10×,10x__2p5x
uni2,UNI2,2p5x,40x,8,71,0.36493055555555554,0.3231737012987013,2.188786129605365,0.8923611111111112,0.8879321465428276,0.32497667685498993,0.5274305555555556,0.5647584452441263,1.863809452750375,2.5× → 40×,40x__2p5x
uni2,UNI2,2p5x,10x,8,71,0.7365575396825397,0.734812307790249,0.7809925406917673,0.8923611111111112,0.8879321465428276,0.32497667685498993,0.15580357142857149,0.15311983875257862,0.45601586383677734,2.5× → 10×,10x__2p5x
uni2,UNI2,2p5x,40x,9,71,0.37881944444444443,0.3319478653530378,2.3015510269282395,0.8838789682539683,0.884282397169394,0.31663897298093796,0.5050595238095239,0.5523345318163563,1.9849120539473015,2.5× → 40×,40x__2p5x
uni2,UNI2,2p5x,10x,9,71,0.667311507936508,0.6493401702786377,0.7949229864334516,0.8838789682539683,0.884282397169394,0.31663897298093796,0.21656746031746033,0.2349422268907564,0.47828401345251365,2.5× → 10×,10x__2p5x
midnight,Midnight,40x,10x,0,71,0.7993551587301587,0.8035926212590299,0.8389905581588292,0.8592261904761904,0.8593874391862009,0.48176296205126407,0.0598710317460317,0.055794817927171,0.3572275961075651,40× → 10×,40x__10x
midnight,Midnight,40x,2p5x,0,71,0.7382936507936508,0.7342943756449948,0.9561644346203464,0.8592261904761904,0.8593874391862009,0.48176296205126407,0.12093253968253959,0.12509306354120608,0.4744014725690823,40× → 2.5×,40x__2p5x
midnight,Midnight,40x,10x,1,71,0.8154761904761905,0.8185688526729549,0.8072721985372456,0.8467261904761905,0.8481728217602831,0.4782986575528024,0.03125,0.029603969087328208,0.32897354098444326,40× → 10×,40x__10x
midnight,Midnight,40x,2p5x,1,71,0.6770337301587301,0.6728281039136302,0.9761953197109866,0.8467261904761905,0.8481728217602831,0.4782986575528024,0.16969246031746033,0.17534471784665284,0.49789666215818423,40× → 2.5×,40x__2p5x
midnight,Midnight,40x,10x,2,71,0.7931547619047619,0.79323929410541,0.8645831181795411,0.8609623015873016,0.85984262125903,0.5261906252011003,0.06780753968253972,0.06660332715361994,0.3383924929784409,40× → 10×,40x__10x
midnight,Midnight,40x,2p5x,2,71,0.7279265873015872,0.7158552631578947,1.0192410357320314,0.8609623015873016,0.85984262125903,0.5261906252011003,0.13303571428571437,0.14398735810113528,0.4930504105309311,40× → 2.5×,40x__2p5x
midnight,Midnight,40x,10x,3,71,0.7729662698412698,0.7838095630215196,0.8804066568553649,0.8467261904761905,0.8492370632463512,0.5535615105931468,0.07375992063492065,0.06542750022483157,0.32684514626221806,40× → 10×,40x__10x
midnight,Midnight,40x,2p5x,3,71,0.690922619047619,0.6905850248536006,1.0367027153916446,0.8467261904761905,0.8492370632463512,0.5535615105931468,0.15580357142857149,0.15865203839275055,0.48314120479849776,40× → 2.5×,40x__2p5x
midnight,Midnight,40x,10x,4,71,0.751984126984127,0.7586130024945814,0.808363792206286,0.8734623015873015,0.8705882352941177,0.5559059069762391,0.12147817460317456,0.11197523279953625,0.25245788523004686,40× → 10×,40x__10x
midnight,Midnight,40x,2p5x,4,71,0.709126984126984,0.7126685234270373,0.9859409975091022,0.8734623015873015,0.8705882352941177,0.5559059069762391,0.1643353174603175,0.15791971186708031,0.43003509053286315,40× → 2.5×,40x__2p5x
midnight,Midnight,40x,10x,5,71,0.7743551587301587,0.7749186614898689,0.8925922894779288,0.8095734126984127,0.7985143618851049,0.7359570909863419,0.035218253968253954,0.023595700395236063,0.1566351984915869,40× → 10×,40x__10x
midnight,Midnight,40x,2p5x,5,71,0.6787698412698413,0.6792672787738577,1.0498728790393679,0.8095734126984127,0.7985143618851049,0.7359570909863419,0.13080357142857135,0.11924708311124721,0.313915788053026,40× → 2.5×,40x__2p5x
midnight,Midnight,40x,10x,6,71,0.8172123015873016,0.8190758554199125,0.8101953769739297,0.8623511904761905,0.8585999312005504,0.4837535679879534,0.04513888888888884,0.03952407578063799,0.32644180898597636,40× → 10×,40x__10x
midnight,Midnight,40x,2p5x,6,71,0.730704365079365,0.7145376875446534,0.9592774550921516,0.8623511904761905,0.8585999312005504,0.4837535679879534,0.13164682539682548,0.14406224365589704,0.4755238871041982,40× → 2.5×,40x__2p5x
midnight,Midnight,40x,10x,7,71,0.8288690476190477,0.8349051662132156,0.8007191043003229,0.8467261904761905,0.8481728217602831,0.4817451074427153,0.017857142857142794,0.013267655547067436,0.3189739968576076,40× → 10×,40x__10x
midnight,Midnight,40x,2p5x,7,71,0.7744047619047618,0.7755208972314235,0.942942835070597,0.8467261904761905,0.8481728217602831,0.4817451074427153,0.07232142857142865,0.0726519245288596,0.46119772762788164,40× → 2.5×,40x__2p5x
midnight,Midnight,40x,10x,8,71,0.8467261904761905,0.8486239637555426,0.7910528631662003,0.8342261904761905,0.8342423153471915,0.6230619072186753,-0.012499999999999956,-0.0143816484083511,0.167990955947525,40× → 10×,40x__10x
midnight,Midnight,40x,2p5x,8,71,0.7507936507936508,0.7498577939947909,0.9802258407907042,0.8342261904761905,0.8342423153471915,0.6230619072186753,0.08343253968253972,0.0843845213524006,0.3571639335720289,40× → 2.5×,40x__2p5x
midnight,Midnight,40x,10x,9,71,0.8110119047619047,0.8163844325609031,0.782931741962574,0.8609623015873016,0.8595136738906088,0.4686674593552918,0.049950396825396925,0.04312924132970575,0.3142642826072822,40× → 10×,40x__10x
midnight,Midnight,40x,2p5x,9,71,0.7494047619047619,0.7524970380982294,0.9882086530168158,0.8609623015873016,0.8595136738906088,0.4686674593552918,0.11155753968253967,0.10701663579237941,0.519541193661524,40× → 2.5×,40x__2p5x
midnight,Midnight,10x,40x,0,71,0.8235119047619048,0.8344913922506803,0.7250616735257758,0.8731150793650794,0.8731817288318836,0.39473676717340245,0.04960317460317454,0.038690336581203355,0.3303249063523733,10× → 40×,40x__10x
midnight,Midnight,10x,2p5x,0,71,0.8870039682539683,0.8849206349206349,0.524963817097569,0.8731150793650794,0.8731817288318836,0.39473676717340245,-0.01388888888888895,-0.011738906088751278,0.13022704992416656,10× → 2.5×,10x__2p5x
midnight,Midnight,10x,40x,1,71,0.8135912698412698,0.8240357327141383,0.719934500392641,0.8856150793650794,0.8893101179865885,0.4530246606315989,0.0720238095238096,0.06527438527245022,0.26690983976104204,10× → 40×,40x__10x
midnight,Midnight,10x,2p5x,1,71,0.8444940476190477,0.8465064433330687,0.5100648163838375,0.8856150793650794,0.8893101179865885,0.4530246606315989,0.041121031746031766,0.04280367465351986,0.057040155752238586,10× → 2.5×,10x__2p5x
midnight,Midnight,10x,40x,2,71,0.8524801587301587,0.8597770467836257,0.6900585072909998,0.8748511904761904,0.8724157206742347,0.51923147515471,0.022371031746031722,0.01263867389060902,0.1708270321362898,10× → 40×,40x__10x
midnight,Midnight,10x,2p5x,2,71,0.8901289682539683,0.8863095238095238,0.5393491586339061,0.8748511904761904,0.8724157206742347,0.51923147515471,-0.015277777777777835,-0.013893803135289096,0.02011768347919607,10× → 2.5×,10x__2p5x
midnight,Midnight,10x,40x,3,71,0.7719246031746032,0.7822914619064,0.7591664702530605,0.8731150793650794,0.875484360410831,0.4972497021964386,0.10119047619047616,0.09319289850443102,0.2619167680566219,10× → 40×,40x__10x
midnight,Midnight,10x,2p5x,3,71,0.8149801587301587,0.8206189772559742,0.5662504642145256,0.8731150793650794,0.875484360410831,0.4972497021964386,0.05813492063492065,0.054865383154856784,0.06900076201808703,10× → 2.5×,10x__2p5x
midnight,Midnight,10x,40x,4,71,0.7750992063492064,0.7803717245087214,0.7344423866263494,0.8998511904761906,0.8985294117647059,0.4745144638422495,0.12475198412698418,0.11815768725598452,0.25992792278409993,10× → 40×,40x__10x
midnight,Midnight,10x,2p5x,4,71,0.8399801587301587,0.8425106884859206,0.5784643012964144,0.8998511904761906,0.8985294117647059,0.4745144638422495,0.05987103174603181,0.05601872327878532,0.10394983745416486,10× → 2.5×,10x__2p5x
midnight,Midnight,10x,40x,5,71,0.783234126984127,0.7897988202458017,0.7908114404722093,0.8609623015873016,0.8541236670106639,0.5970661973705257,0.0777281746031746,0.06432484676486216,0.19374524310168362,10× → 40×,40x__10x
midnight,Midnight,10x,2p5x,5,71,0.8569940476190476,0.8545075925106885,0.6208359170654486,0.8609623015873016,0.8541236670106639,0.5970661973705257,0.003968253968253954,-0.00038392550002464,0.02376971969492292,10× → 2.5×,10x__2p5x
midnight,Midnight,10x,40x,6,71,0.8538690476190476,0.8615845747147066,0.6843433706473833,0.8762400793650793,0.8751554130424098,0.4005599484537515,0.022371031746031722,0.013570838327703227,0.2837834221936318,10× → 40×,40x__10x
midnight,Midnight,10x,2p5x,6,71,0.8901289682539683,0.8858193277310924,0.5340033188580939,0.8762400793650793,0.8751554130424098,0.4005599484537515,-0.01388888888888895,-0.010663914688682552,0.13344337040434245,10× → 2.5×,10x__2p5x
midnight,Midnight,10x,40x,7,71,0.7997023809523809,0.8139112487100103,0.6847507897408365,0.8717261904761905,0.8771876141761052,0.4557570135585603,0.0720238095238096,0.06327636546609494,0.22899377618227618,10× → 40×,40x__10x
midnight,Midnight,10x,2p5x,7,71,0.8374007936507937,0.8413510101010101,0.49389172686154403,0.8717261904761905,0.8771876141761052,0.4557570135585603,0.034325396825396814,0.035836604075095146,0.038134713302983736,10× → 2.5×,10x__2p5x
midnight,Midnight,10x,40x,8,71,0.8314484126984127,0.8385575209104621,0.7493069008044759,0.8481150793650793,0.8458468475109342,0.501192037192556,0.016666666666666607,0.007289326600472101,0.24811486361191992,10× → 40×,40x__10x
midnight,Midnight,10x,2p5x,8,71,0.8637400793650793,0.8614127229839303,0.5984125640523701,0.8481150793650793,0.8458468475109342,0.501192037192556,-0.015625,-0.015565875472996149,0.09722052685981408,10× → 2.5×,10x__2p5x
midnight,Midnight,10x,40x,9,71,0.8274801587301588,0.8408230134158927,0.6971182354026698,0.9012400793650794,0.9030141223155929,0.4303224781712595,0.07375992063492065,0.06219110889970014,0.2667957572314103,10× → 40×,40x__10x
midnight,Midnight,10x,2p5x,9,71,0.8708829365079365,0.8736865258924083,0.5314253347782886,0.9012400793650794,0.9030141223155929,0.4303224781712595,0.03035714285714297,0.02932759642318461,0.10110285660702906,10× → 2.5×,10x__2p5x
midnight,Midnight,2p5x,40x,0,71,0.7384920634920635,0.7350327836937743,0.9869913408953401,0.9034722222222222,0.9027909848149785,0.3386532435559515,0.1649801587301587,0.1677582011212042,0.6483380973393886,2.5× → 40×,40x__2p5x
midnight,Midnight,2p5x,10x,0,71,0.8717261904761905,0.8756379166499135,0.6015317342282566,0.9034722222222222,0.9027909848149785,0.3386532435559515,0.031746031746031744,0.02715306816506502,0.26287849067230507,2.5× → 10×,10x__2p5x
midnight,Midnight,2p5x,40x,1,71,0.6947420634920636,0.6820086367880485,1.0106233590908222,0.8909722222222223,0.8915441176470589,0.38679764363755853,0.1962301587301587,0.20953548085901041,0.6238257154532637,2.5× → 40×,40x__2p5x
midnight,Midnight,2p5x,10x,1,71,0.8413690476190476,0.8520994985462781,0.6225028168862693,0.8909722222222223,0.8915441176470589,0.38679764363755853,0.04960317460317465,0.03944461910078079,0.23570517324871076,2.5× → 10×,10x__2p5x
midnight,Midnight,2p5x,40x,2,71,0.6553571428571429,0.6543560606060606,1.066642890574231,0.8592261904761904,0.8601715686274509,0.46567477986479644,0.20386904761904756,0.20581550802139037,0.6009681107094345,2.5× → 40×,40x__2p5x
midnight,Midnight,2p5x,10x,2,71,0.8132440476190477,0.8163919413919414,0.6870780863223592,0.8592261904761904,0.8601715686274509,0.46567477986479644,0.04598214285714275,0.043779627235509544,0.2214033064575628,2.5× → 10×,10x__2p5x
midnight,Midnight,2p5x,40x,3,71,0.7112103174603175,0.7126488095238095,1.032199645185123,0.8909722222222223,0.8915441176470589,0.4332219427394708,0.1797619047619048,0.17889530812324939,0.5989777024456522,2.5× → 40×,40x__2p5x
midnight,Midnight,2p5x,10x,3,71,0.8243551587301587,0.8339397135372368,0.6514282228642365,0.8909722222222223,0.8915441176470589,0.4332219427394708,0.06661706349206353,0.05760440410982204,0.21820628012476573,2.5× → 10×,10x__2p5x
midnight,Midnight,2p5x,40x,4,71,0.7268353174603175,0.7312184343434343,1.0397858753186766,0.9038194444444444,0.9006570151984239,0.42804791826624544,0.1769841269841269,0.16943858085498964,0.6117379570524312,2.5× → 40×,40x__2p5x
midnight,Midnight,2p5x,10x,4,71,0.8090773809523809,0.8153677462887989,0.6755224367051131,0.9038194444444444,0.9006570151984239,0.42804791826624544,0.09474206349206349,0.08528926890962496,0.2474745184388677,2.5× → 10×,10x__2p5x
midnight,Midnight,2p5x,40x,5,71,0.6996031746031746,0.7034699605520038,1.0619704524974118,0.8895833333333334,0.8873723831637919,0.49196466054110993,0.18998015873015883,0.18390242261178802,0.570005791956302,2.5× → 40×,40x__2p5x
midnight,Midnight,2p5x,10x,5,71,0.8235119047619048,0.8271023352292702,0.7125085209317511,0.8895833333333334,0.8873723831637919,0.49196466054110993,0.06607142857142856,0.06027004793452162,0.22054386039064117,2.5× → 10×,10x__2p5x
midnight,Midnight,2p5x,40x,6,71,0.7685019841269841,0.7646084443878561,0.9715036779301701,0.8909722222222223,0.8909292225662194,0.3669985620155176,0.12247023809523816,0.1263207781783633,0.6045051159146525,2.5× → 40×,40x__2p5x
midnight,Midnight,2p5x,10x,6,71,0.8785218253968254,0.8860596769072001,0.5911554891859588,0.8909722222222223,0.8909292225662194,0.3669985620155176,0.012450396825396837,0.004869545659019314,0.22415692717044122,2.5× → 10×,10x__2p5x
midnight,Midnight,2p5x,40x,7,71,0.7438492063492064,0.7469155844155844,0.964609035854153,0.9034722222222222,0.9044507575757577,0.3589463913612357,0.15962301587301586,0.1575351731601733,0.6056626444929174,2.5× → 40×,40x__2p5x
midnight,Midnight,2p5x,10x,7,71,0.8556051587301587,0.8634719576089545,0.5988481707897604,0.9034722222222222,0.9044507575757577,0.3589463913612357,0.04786706349206349,0.0409787999668032,0.2399017794285247,2.5× → 10×,10x__2p5x
midnight,Midnight,2p5x,40x,8,71,0.7210813492063493,0.7279508987389423,1.0008757288392462,0.8784722222222222,0.8743517801857585,0.46979522590195505,0.15739087301587296,0.1464008814468163,0.5310805029372911,2.5× → 40×,40x__2p5x
midnight,Midnight,2p5x,10x,8,71,0.8311011904761905,0.8403738320857885,0.6790524047189406,0.8784722222222222,0.8743517801857585,0.46979522590195505,0.047371031746031744,0.03397794809997001,0.20925717881698552,2.5× → 10×,10x__2p5x
midnight,Midnight,2p5x,40x,9,71,0.6825892857142857,0.684804103060682,1.0578600196659327,0.9012400793650794,0.9030141223155929,0.37705086554382633,0.21865079365079376,0.2182100192549109,0.6808091541221064,2.5× → 40×,40x__2p5x
midnight,Midnight,2p5x,10x,9,71,0.8078869047619048,0.81777751316451,0.6718280760816221,0.9012400793650794,0.9030141223155929,0.37705086554382633,0.0933531746031746,0.08523660915108289,0.29477721053779576,2.5× → 10×,10x__2p5x
gigapath,GigaPath,40x,10x,0,71,0.5485615079365079,0.5585991214667685,1.3370391624632276,0.7031746031746031,0.7100606909430439,1.066132185288488,0.1546130952380952,0.15146156947627543,0.27090697717473966,40× → 10×,40x__10x
gigapath,GigaPath,40x,2p5x,0,71,0.18055555555555555,0.1354222540079862,3.5067867496953125,0.7031746031746031,0.7100606909430439,1.066132185288488,0.5226190476190475,0.5746384369350577,2.4406545644068247,40× → 2.5×,40x__2p5x
gigapath,GigaPath,40x,10x,1,71,0.5306547619047619,0.5536728896103895,1.5493364431330923,0.6424107142857143,0.6436544259198721,1.2272926494136205,0.11175595238095237,0.08998153630948258,0.3220437937194718,40× → 10×,40x__10x
gigapath,GigaPath,40x,2p5x,1,71,0.12777777777777777,0.09310344827586207,3.4342622994192524,0.6424107142857143,0.6436544259198721,1.2272926494136205,0.5146329365079365,0.5505509776440101,2.206969650005632,40× → 2.5×,40x__2p5x
gigapath,GigaPath,40x,10x,2,71,0.5636408730158731,0.5684712484444052,1.4214651533184088,0.6603174603174603,0.6611885104919161,1.2071764079968317,0.09667658730158724,0.09271726204751085,0.21428874532157716,40× → 10×,40x__10x
gigapath,GigaPath,40x,2p5x,2,71,0.1684027777777778,0.10052910052910052,3.3730221008687047,0.6603174603174603,0.6611885104919161,1.2071764079968317,0.4919146825396825,0.5606594099628155,2.165845692871873,40× → 2.5×,40x__2p5x
gigapath,GigaPath,40x,10x,3,71,0.5662202380952381,0.5714285714285714,1.2983197805133637,0.7000496031746031,0.704710179526356,1.0116300362790112,0.13382936507936494,0.13328160809778455,0.28668974423435256,40× → 10×,40x__10x
gigapath,GigaPath,40x,2p5x,3,71,0.23194444444444445,0.1743035190615836,3.3203885370122452,0.7000496031746031,0.704710179526356,1.0116300362790112,0.4681051587301586,0.5304066604647724,2.308758500733234,40× → 2.5×,40x__2p5x
gigapath,GigaPath,40x,10x,4,71,0.5608134920634921,0.5462582760376877,1.295946183960964,0.7017857142857142,0.700858918128655,0.9953156263212393,0.14097222222222217,0.15460064209096724,0.3006305576397248,40× → 10×,40x__10x
gigapath,GigaPath,40x,2p5x,4,71,0.20555555555555555,0.14666118195529962,3.3192377735695002,0.7017857142857142,0.700858918128655,0.9953156263212393,0.4962301587301587,0.5541977361733553,2.323922147248261,40× → 2.5×,40x__2p5x
gigapath,GigaPath,40x,10x,5,71,0.5760912698412699,0.5431065644881434,1.462265365026344,0.6087301587301588,0.5894257703081233,1.3048899723600087,0.032638888888888884,0.046319205819979836,0.15737539266633527,40× → 10×,40x__10x
gigapath,GigaPath,40x,2p5x,5,71,0.13229166666666667,0.0948340874811463,3.4998747006937148,0.6087301587301588,0.5894257703081233,1.3048899723600087,0.4764384920634921,0.49459168282697696,2.194984728333706,40× → 2.5×,40x__2p5x
gigapath,GigaPath,40x,10x,6,71,0.6137896825396825,0.6039000199362041,1.2220496384602386,0.704563492063492,0.7045498361287834,1.0005039503458455,0.09077380952380953,0.10064981619257929,0.22154568811439312,40× → 10×,40x__10x
gigapath,GigaPath,40x,2p5x,6,71,0.17777777777777776,0.10856609144280377,3.0769141229494164,0.704563492063492,0.7045498361287834,1.0005039503458455,0.5267857142857142,0.5959837446859797,2.0764101726035706,40× → 2.5×,40x__2p5x
gigapath,GigaPath,40x,10x,7,71,0.6401785714285715,0.6069826007326007,1.118134734953227,0.6736607142857143,0.6757819794584501,0.9213346470670982,0.033482142857142794,0.0687993787258494,0.19680008788612868,40× → 10×,40x__10x
gigapath,GigaPath,40x,2p5x,7,71,0.17604166666666665,0.12181372549019608,3.058942201430367,0.6736607142857143,0.6757819794584501,0.9213346470670982,0.4976190476190476,0.553968253968254,2.137607554363269,40× → 2.5×,40x__2p5x
gigapath,GigaPath,40x,10x,8,71,0.6155257936507936,0.604945070913741,1.1658497399698484,0.721031746031746,0.718859649122807,1.0608236432709324,0.1055059523809524,0.11391457820906603,0.10502609669891605,40× → 10×,40x__10x
gigapath,GigaPath,40x,2p5x,8,71,0.14965277777777777,0.08584162520729685,3.1749728933206867,0.721031746031746,0.718859649122807,1.0608236432709324,0.5713789682539683,0.6330180239155101,2.1141492500497545,40× → 2.5×,40x__2p5x
gigapath,GigaPath,40x,10x,9,71,0.5999007936507936,0.5769191158710215,1.3571595790449202,0.6719246031746031,0.6700622294372295,1.0370246705506108,0.07202380952380949,0.09314311356620797,0.3201349084943095,40× → 10×,40x__10x
gigapath,GigaPath,40x,2p5x,9,71,0.11527777777777777,0.08480629539951574,3.671534655650104,0.6719246031746031,0.6700622294372295,1.0370246705506108,0.5566468253968253,0.5852559340377137,2.634509985099493,40× → 2.5×,40x__2p5x
gigapath,GigaPath,10x,40x,0,71,0.3780753968253968,0.3529954274199798,1.7805188702878392,0.8194444444444444,0.8158135144009757,0.571591803813059,0.4413690476190476,0.4628180869809959,1.2089270664747802,10× → 40×,40x__10x
gigapath,GigaPath,10x,2p5x,0,71,0.44305555555555554,0.3641400108430469,1.7617356358860232,0.8194444444444444,0.8158135144009757,0.571591803813059,0.3763888888888889,0.4516735035579288,1.1901438320729643,10× → 2.5×,10x__2p5x
gigapath,GigaPath,10x,40x,1,71,0.3641865079365079,0.34381239808069075,1.7949155648939734,0.7899305555555556,0.7904726583615902,0.6277451571506387,0.42574404761904766,0.44666026028089945,1.1671704077433347,10× → 40×,40x__10x
gigapath,GigaPath,10x,2p5x,1,71,0.39499007936507935,0.3202815402806637,1.839418643986548,0.7899305555555556,0.7904726583615902,0.6277451571506387,0.39494047619047623,0.4701911180809265,1.2116734868359094,10× → 2.5×,10x__2p5x
gigapath,GigaPath,10x,40x,2,71,0.3576388888888889,0.323192004074357,1.771319390928097,0.8033234126984127,0.8030228758169935,0.5900949245333812,0.4456845238095238,0.4798308717426365,1.181224466394716,10× → 40×,40x__10x
gigapath,GigaPath,10x,2p5x,2,71,0.381547619047619,0.34256350267379676,1.9049177922001612,0.8033234126984127,0.8030228758169935,0.5900949245333812,0.42177579365079365,0.46045937314319674,1.3148228676667801,10× → 2.5×,10x__2p5x
gigapath,GigaPath,10x,40x,3,71,0.33209325396825395,0.3035307341709781,1.7680356246400053,0.8350694444444444,0.8336128310973512,0.5708321190250599,0.5029761904761905,0.5300820969263731,1.1972035056149455,10× → 40×,40x__10x
gigapath,GigaPath,10x,2p5x,3,71,0.4109623015873016,0.33013335769090246,1.8734807080742089,0.8350694444444444,0.8336128310973512,0.5708321190250599,0.4241071428571428,0.5034794734064487,1.302648589049149,10× → 2.5×,10x__2p5x
gigapath,GigaPath,10x,40x,4,71,0.3937003968253968,0.35552241875771284,1.784575013539577,0.7934027777777778,0.7921772875816993,0.5450095472415099,0.399702380952381,0.4366548688239864,1.239565466298067,10× → 40×,40x__10x
gigapath,GigaPath,10x,2p5x,4,71,0.39171626984126984,0.3372994652406417,1.808652604012995,0.7934027777777778,0.7921772875816993,0.5450095472415099,0.40168650793650795,0.45487782234105756,1.2636430567714854,10× → 2.5×,10x__2p5x
gigapath,GigaPath,10x,40x,5,71,0.32356150793650795,0.2962161000763942,1.9587194803438177,0.7545138888888888,0.7509797778760627,0.6735803616651256,0.43095238095238086,0.45476367779966853,1.2851391186786922,10× → 40×,40x__10x
gigapath,GigaPath,10x,2p5x,5,71,0.3642857142857143,0.32060897435897434,1.8500252092790919,0.7545138888888888,0.7509797778760627,0.6735803616651256,0.3902281746031745,0.4303708035170884,1.1764448476139662,10× → 2.5×,10x__2p5x
gigapath,GigaPath,10x,40x,6,71,0.3848214285714286,0.382360679779158,1.7872437289416792,0.7822916666666666,0.7829277544351074,0.6458702102482367,0.397470238095238,0.40056707465594943,1.1413735186934426,10× → 40×,40x__10x
gigapath,GigaPath,10x,2p5x,6,71,0.39087301587301587,0.3477157725260192,1.8688253448546137,0.7822916666666666,0.7829277544351074,0.6458702102482367,0.39141865079365074,0.4352119819090882,1.222955134606377,10× → 2.5×,10x__2p5x
gigapath,GigaPath,10x,40x,7,71,0.4121031746031746,0.376687675070028,1.6712194813760748,0.8305555555555555,0.8300148209203937,0.5165953938836718,0.4184523809523809,0.4533271458503657,1.154624087492403,10× → 40×,40x__10x
gigapath,GigaPath,10x,2p5x,7,71,0.5222222222222221,0.4550250117968334,1.6663187300077373,0.8305555555555555,0.8300148209203937,0.5165953938836718,0.30833333333333335,0.3749898091235603,1.1497233361240655,10× → 2.5×,10x__2p5x
gigapath,GigaPath,10x,40x,8,71,0.38397817460317457,0.3556558229352347,1.7625793646716126,0.7947916666666666,0.7866986706963487,0.5403093568092499,0.410813492063492,0.431042847761114,1.2222700078623627,10× → 40×,40x__10x
gigapath,GigaPath,10x,2p5x,8,71,0.38060515873015877,0.3186143099746041,1.8703623253385666,0.7947916666666666,0.7866986706963487,0.5403093568092499,0.4141865079365078,0.4680843607217446,1.3300529685293168,10× → 2.5×,10x__2p5x
gigapath,GigaPath,10x,40x,9,71,0.37375992063492064,0.36501831501831505,1.9838893679073566,0.7876984126984127,0.7917595068330363,0.5812003563160287,0.41393849206349204,0.42674119181472125,1.402689011591328,10× → 40×,40x__10x
gigapath,GigaPath,10x,2p5x,9,71,0.36721230158730156,0.28988725010547856,1.786375573045922,0.7876984126984127,0.7917595068330363,0.5812003563160287,0.4204861111111111,0.5018722567275578,1.2051752167298933,10× → 2.5×,10x__2p5x
gigapath,GigaPath,2p5x,40x,0,71,0.30729166666666663,0.28343364372776136,3.180991428299341,0.7635416666666666,0.7627137976402683,0.9600093929261805,0.45624999999999993,0.4792801539125069,2.2209820353731606,2.5× → 40×,40x__2p5x
gigapath,GigaPath,2p5x,10x,0,71,0.49226190476190473,0.4699155011655012,1.7910007332705014,0.7635416666666666,0.7627137976402683,0.9600093929261805,0.27127976190476183,0.2927982964747671,0.8309913403443209,2.5× → 10×,10x__2p5x
gigapath,GigaPath,2p5x,40x,1,71,0.246875,0.2315649867374005,3.157165552804094,0.705406746031746,0.6985119047619048,1.056660937799465,0.458531746031746,0.46694691802450433,2.1005046150046294,2.5× → 40×,40x__2p5x
gigapath,GigaPath,2p5x,10x,1,71,0.46989087301587296,0.4461749330613286,2.057231490618135,0.705406746031746,0.6985119047619048,1.056660937799465,0.23551587301587307,0.25233697170057623,1.00057055281867,2.5× → 10×,10x__2p5x
gigapath,GigaPath,2p5x,40x,2,71,0.3295138888888889,0.2881057114928083,2.7156889022613613,0.743452380952381,0.737640056022409,0.9968200681696674,0.4139384920634921,0.4495343445296007,1.718868834091694,2.5× → 40×,40x__2p5x
gigapath,GigaPath,2p5x,10x,2,71,0.5387896825396825,0.5314451581027667,1.5506524600671838,0.743452380952381,0.737640056022409,0.9968200681696674,0.20466269841269846,0.2061948979196423,0.5538323918975164,2.5× → 10×,10x__2p5x
gigapath,GigaPath,2p5x,40x,3,71,0.31666666666666665,0.28424922600619196,2.8501512839173375,0.7357638888888889,0.7256532049391957,0.9749484031939232,0.41909722222222223,0.44140397893300376,1.8752028807234145,2.5× → 40×,40x__2p5x
gigapath,GigaPath,2p5x,10x,3,71,0.48234126984126985,0.45496606855302507,1.9019468339892485,0.7357638888888889,0.7256532049391957,0.9749484031939232,0.25342261904761904,0.27068713638617065,0.9269984307953253,2.5× → 10×,10x__2p5x
gigapath,GigaPath,2p5x,40x,4,71,0.2934027777777778,0.2552515809402991,2.6558366172669308,0.7165178571428572,0.7085526315789474,1.022989785166668,0.4231150793650794,0.45330105063864834,1.6328468321002627,2.5× → 40×,40x__2p5x
gigapath,GigaPath,2p5x,10x,4,71,0.439484126984127,0.3995693138915645,1.7601307187909843,0.7165178571428572,0.7085526315789474,1.022989785166668,0.27703373015873023,0.3089833176873829,0.7371409336243162,2.5× → 10×,10x__2p5x
gigapath,GigaPath,2p5x,40x,5,71,0.2652777777777778,0.23829975171886936,3.2992844826240035,0.6495039682539683,0.6384266501042817,1.4240645741441367,0.3842261904761905,0.4001268983854123,1.8752199084798669,2.5× → 40×,40x__2p5x
gigapath,GigaPath,2p5x,10x,5,71,0.4099702380952381,0.38296422145106357,2.3244913801332627,0.6495039682539683,0.6384266501042817,1.4240645741441367,0.2395337301587302,0.2554624286532181,0.9004268059891261,2.5× → 10×,10x__2p5x
gigapath,GigaPath,2p5x,40x,6,71,0.2621527777777778,0.24516369047619047,2.5219834659832854,0.7720734126984127,0.764484741264927,0.9951585109000572,0.5099206349206349,0.5193210507887366,1.526824955083228,2.5× → 40×,40x__2p5x
gigapath,GigaPath,2p5x,10x,6,71,0.448859126984127,0.4212251828631139,1.785044710301509,0.7720734126984127,0.764484741264927,0.9951585109000572,0.3232142857142857,0.34325955840181316,0.7898861994014518,2.5× → 10×,10x__2p5x
gigapath,GigaPath,2p5x,40x,7,71,0.27951388888888884,0.24525313620071684,3.1799227302208686,0.7331845238095238,0.7249640645731976,0.9024079579891454,0.453670634920635,0.47971092837248075,2.277514772231723,2.5× → 40×,40x__2p5x
gigapath,GigaPath,2p5x,10x,7,71,0.451140873015873,0.4255729564553094,1.9384071390096071,0.7331845238095238,0.7249640645731976,0.9024079579891454,0.2820436507936508,0.2993911081178882,1.0359991810204616,2.5× → 10×,10x__2p5x
gigapath,GigaPath,2p5x,40x,8,71,0.3364583333333333,0.29707170224411605,2.6234208511961556,0.7635416666666666,0.74965942317916,0.875158323458615,0.42708333333333326,0.45258772093504396,1.7482625277375408,2.5× → 40×,40x__2p5x
gigapath,GigaPath,2p5x,10x,8,71,0.48427579365079365,0.46626627528481746,1.7995374686213454,0.7635416666666666,0.74965942317916,0.875158323458615,0.2792658730158729,0.28339314789434256,0.9243791451627305,2.5× → 10×,10x__2p5x
gigapath,GigaPath,2p5x,40x,9,71,0.27881944444444445,0.26949761707826225,3.0963898985365903,0.7286706349206349,0.7169159884233414,1.0618002679085017,0.44985119047619043,0.4474183713450791,2.034589630628089,2.5× → 40×,40x__2p5x
gigapath,GigaPath,2p5x,10x,9,71,0.4346230158730159,0.4129945054945055,2.0916503164890274,0.7286706349206349,0.7169159884233414,1.0618002679085017,0.294047619047619,0.30392148292883586,1.0298500485805258,2.5× → 10×,10x__2p5x
gigapath_flash,GigaPath-Flash,40x,10x,0,71,0.5722222222222222,0.5191805296153122,1.7824775579066652,0.6575396825396825,0.650453339230429,1.1448343636357539,0.08531746031746035,0.13127280961511678,0.6376431942709113,40× → 10×,40x__10x
gigapath_flash,GigaPath-Flash,40x,2p5x,0,71,0.14965277777777777,0.07584308807134894,4.016194479454468,0.6575396825396825,0.650453339230429,1.1448343636357539,0.5078869047619048,0.57461025115908,2.871360115818714,40× → 2.5×,40x__2p5x
gigapath_flash,GigaPath-Flash,40x,10x,1,71,0.5270833333333333,0.47488544593807747,1.9697146896723463,0.6160218253968254,0.6169731219073324,1.322106408701203,0.08893849206349203,0.14208767596925498,0.6476082809711432,40× → 10×,40x__10x
gigapath_flash,GigaPath-Flash,40x,2p5x,1,71,0.15238095238095237,0.12427680711783146,3.9591964823438293,0.6160218253968254,0.6169731219073324,1.322106408701203,0.463640873015873,0.492696314789501,2.637090073642626,40× → 2.5×,40x__2p5x
gigapath_flash,GigaPath-Flash,40x,10x,2,71,0.47524801587301585,0.44603315766359247,1.8577441816665257,0.6597718253968254,0.6610350637924167,1.2503389631345105,0.1845238095238096,0.21500190612882425,0.6074052185320151,40× → 10×,40x__10x
gigapath_flash,GigaPath-Flash,40x,2p5x,2,71,0.1371527777777778,0.052435192458758835,3.85168646770833,0.6597718253968254,0.6610350637924167,1.2503389631345105,0.5226190476190476,0.6085998713336579,2.6013475045738192,40× → 2.5×,40x__2p5x
gigapath_flash,GigaPath-Flash,40x,10x,3,71,0.5864583333333333,0.5421214367473959,1.7070201287700346,0.6736607142857143,0.6748698122053385,1.103172694396753,0.08720238095238098,0.1327483754579426,0.6038474343732816,40× → 10×,40x__10x
gigapath_flash,GigaPath-Flash,40x,2p5x,3,71,0.16354166666666667,0.0981645166427775,3.8506333600244833,0.6736607142857143,0.6748698122053385,1.103172694396753,0.5101190476190476,0.576705295562561,2.74746066562773,40× → 2.5×,40x__2p5x
gigapath_flash,GigaPath-Flash,40x,10x,4,71,0.5197916666666667,0.46306556969600454,1.8711373223085386,0.746031746031746,0.7445308346624137,1.029230857960608,0.2262400793650794,0.2814652649664091,0.8419064643479306,40× → 10×,40x__10x
gigapath_flash,GigaPath-Flash,40x,2p5x,4,71,0.2222222222222222,0.15078781512605044,3.9129097177128394,0.746031746031746,0.7445308346624137,1.029230857960608,0.5238095238095238,0.5937430195363632,2.8836788597522314,40× → 2.5×,40x__2p5x
gigapath_flash,GigaPath-Flash,40x,10x,5,71,0.5444444444444445,0.4908466654118828,2.0056413037961613,0.5877480158730158,0.5852889435126277,1.3998061156348487,0.04330357142857133,0.0944422781007449,0.6058351881613127,40× → 10×,40x__10x
gigapath_flash,GigaPath-Flash,40x,2p5x,5,71,0.1671626984126984,0.11540178571428572,3.9094380406228413,0.5877480158730158,0.5852889435126277,1.3998061156348487,0.42058531746031746,0.469887157798342,2.5096319249879926,40× → 2.5×,40x__2p5x
gigapath_flash,GigaPath-Flash,40x,10x,6,71,0.5579861111111112,0.4895401337792642,1.745117423129602,0.6455357142857143,0.6421043417366947,1.2164642159330177,0.08754960317460314,0.15256420795743053,0.5286532071965844,40× → 10×,40x__10x
gigapath_flash,GigaPath-Flash,40x,2p5x,6,71,0.1371527777777778,0.06531531531531531,3.5598825101661844,0.6455357142857143,0.6421043417366947,1.2164642159330177,0.5083829365079365,0.5767890264213794,2.3434182942331665,40× → 2.5×,40x__2p5x
gigapath_flash,GigaPath-Flash,40x,10x,7,71,0.5807539682539682,0.5360088157456578,1.5704520729721627,0.7264384920634921,0.7251316214745007,0.9804568691222908,0.1456845238095239,0.18912280572884288,0.5899952038498719,40× → 10×,40x__10x
gigapath_flash,GigaPath-Flash,40x,2p5x,7,71,0.20520833333333333,0.14379674145299143,3.7923021075948604,0.7264384920634921,0.7251316214745007,0.9804568691222908,0.5212301587301588,0.5813348800215092,2.8118452384725696,40× → 2.5×,40x__2p5x
gigapath_flash,GigaPath-Flash,40x,10x,8,71,0.5297123015873016,0.4682800751879699,1.875325864806952,0.6637400793650794,0.6670025246940882,1.2010702010596597,0.13402777777777775,0.19872244950611828,0.6742556637472923,40× → 10×,40x__10x
gigapath_flash,GigaPath-Flash,40x,2p5x,8,71,0.19613095238095235,0.14694050033806624,3.8503334248221415,0.6637400793650794,0.6670025246940882,1.2010702010596597,0.46760912698412704,0.5200620243560219,2.649263223762482,40× → 2.5×,40x__2p5x
gigapath_flash,GigaPath-Flash,40x,10x,9,71,0.4934027777777778,0.4253912753912754,1.8665124373422812,0.6597718253968254,0.6596901260504202,1.1862396208603272,0.16636904761904764,0.2342988506591448,0.680272816481954,40× → 10×,40x__10x
gigapath_flash,GigaPath-Flash,40x,2p5x,9,71,0.12916666666666665,0.10312960066249541,4.30201537153148,0.6597718253968254,0.6596901260504202,1.1862396208603272,0.5306051587301588,0.5565605253879248,3.115775750671153,40× → 2.5×,40x__2p5x
gigapath_flash,GigaPath-Flash,10x,40x,0,71,0.4062003968253968,0.36355710983580425,2.079633422188779,0.7961805555555554,0.7972872103386809,0.5744456245958832,0.3899801587301586,0.43373010050287664,1.5051877975928956,10× → 40×,40x__10x
gigapath_flash,GigaPath-Flash,10x,2p5x,0,71,0.26388888888888884,0.23152996126680336,2.076510643451413,0.7961805555555554,0.7972872103386809,0.5744456245958832,0.5322916666666666,0.5657572490718775,1.5020650188555296,10× → 2.5×,10x__2p5x
gigapath_flash,GigaPath-Flash,10x,40x,1,71,0.278422619047619,0.2553443420378904,2.1543310486315215,0.7930555555555555,0.7953256302521008,0.662292890097682,0.5146329365079365,0.5399812882142103,1.4920381585338394,10× → 40×,40x__10x
gigapath_flash,GigaPath-Flash,10x,2p5x,1,71,0.26473214285714286,0.22575757575757577,2.3087757502015953,0.7930555555555555,0.7953256302521008,0.662292890097682,0.5283234126984127,0.569568054494525,1.6464828601039132,10× → 2.5×,10x__2p5x
gigapath_flash,GigaPath-Flash,10x,40x,2,71,0.340029761904762,0.3034190590111643,2.0214110829540424,0.8368055555555556,0.8363089095287237,0.5744485261891125,0.4967757936507936,0.5328898505175594,1.4469625567649298,10× → 40×,40x__10x
gigapath_flash,GigaPath-Flash,10x,2p5x,2,71,0.28834325396825394,0.25716553183658447,2.00573879811484,0.8368055555555556,0.8363089095287237,0.5744485261891125,0.5484623015873016,0.5791433776921393,1.4312902719257274,10× → 2.5×,10x__2p5x
gigapath_flash,GigaPath-Flash,10x,40x,3,71,0.350297619047619,0.31453268953268954,2.1107549491507607,0.8086805555555555,0.8062611408199644,0.5598582828741924,0.4583829365079365,0.4917284512872748,1.5508966662765684,10× → 40×,40x__10x
gigapath_flash,GigaPath-Flash,10x,2p5x,3,71,0.2329365079365079,0.20601851851851855,2.3095496656890226,0.8086805555555555,0.8062611408199644,0.5598582828741924,0.5757440476190476,0.6002426223014459,1.7496913828148304,10× → 2.5×,10x__2p5x
gigapath_flash,GigaPath-Flash,10x,40x,4,71,0.394890873015873,0.3284346514525543,2.060220434019526,0.7947916666666666,0.793366618976139,0.5479785324436461,0.39990079365079356,0.46493196752358473,1.5122419015758797,10× → 40×,40x__10x
gigapath_flash,GigaPath-Flash,10x,2p5x,4,71,0.28521825396825395,0.2502013623295088,2.115253567296159,0.7947916666666666,0.793366618976139,0.5479785324436461,0.5095734126984126,0.5431652566466303,1.5672750348525128,10× → 2.5×,10x__2p5x
gigapath_flash,GigaPath-Flash,10x,40x,5,71,0.3360615079365079,0.31020372489194,2.426987922584021,0.7993055555555555,0.7965987272101822,0.6864369319359406,0.4632440476190476,0.48639500231824223,1.7405509906480807,10× → 40×,40x__10x
gigapath_flash,GigaPath-Flash,10x,2p5x,5,71,0.2517361111111111,0.217825311942959,2.165694028811285,0.7993055555555555,0.7965987272101822,0.6864369319359406,0.5475694444444443,0.5787734152672233,1.4792570968753447,10× → 2.5×,10x__2p5x
gigapath_flash,GigaPath-Flash,10x,40x,6,71,0.40441468253968255,0.361750305997552,2.104542665520092,0.7961805555555554,0.7954170045211066,0.6384621576231726,0.3917658730158729,0.43366669852355466,1.4660805078969192,10× → 40×,40x__10x
gigapath_flash,GigaPath-Flash,10x,2p5x,6,71,0.3013392857142857,0.2599312452253629,2.210587719936182,0.7961805555555554,0.7954170045211066,0.6384621576231726,0.49484126984126975,0.5354857592957438,1.5721255623130095,10× → 2.5×,10x__2p5x
gigapath_flash,GigaPath-Flash,10x,40x,7,71,0.4093253968253968,0.3561476375633321,1.9295485438985487,0.8211805555555556,0.821843825249398,0.5385164275757887,0.41185515873015877,0.4656961876860659,1.39103211632276,10× → 40×,40x__10x
gigapath_flash,GigaPath-Flash,10x,2p5x,7,71,0.3291170634920635,0.28849019338149773,1.9963211579026159,0.8211805555555556,0.821843825249398,0.5385164275757887,0.4920634920634921,0.5333536318679003,1.4578047303268273,10× → 2.5×,10x__2p5x
gigapath_flash,GigaPath-Flash,10x,40x,8,71,0.3360615079365079,0.2943987573099415,2.0574173420315867,0.7993055555555555,0.7967524509803922,0.5480791399311331,0.4632440476190476,0.5023536936704507,1.5093382021004536,10× → 40×,40x__10x
gigapath_flash,GigaPath-Flash,10x,2p5x,8,71,0.2632936507936508,0.2520422824302134,2.167553924069976,0.7993055555555555,0.7967524509803922,0.5480791399311331,0.5360119047619047,0.5447101685501787,1.6194747841388428,10× → 2.5×,10x__2p5x
gigapath_flash,GigaPath-Flash,10x,40x,9,71,0.3905753968253968,0.34456785904154325,2.089220490221157,0.8243055555555555,0.8244800950683304,0.5521357698407966,0.4337301587301587,0.4799122360267872,1.5370847203803604,10× → 40×,40x__10x
gigapath_flash,GigaPath-Flash,10x,2p5x,9,71,0.246875,0.20179533110567593,2.1094335043842576,0.8243055555555555,0.8244800950683304,0.5521357698407966,0.5774305555555554,0.6226847639626545,1.5572977345434609,10× → 2.5×,10x__2p5x
gigapath_flash,GigaPath-Flash,2p5x,40x,0,71,0.2626984126984127,0.20442825430147946,4.814778311368981,0.7107638888888889,0.7048689431913115,1.0196685522813724,0.44806547619047615,0.5004406888898321,3.7951097590876084,2.5× → 40×,40x__2p5x
gigapath_flash,GigaPath-Flash,2p5x,10x,0,71,0.4168650793650793,0.33621723145780047,2.8434021799184626,0.7107638888888889,0.7048689431913115,1.0196685522813724,0.29389880952380953,0.3686517117335111,1.8237336276370901,2.5× → 10×,10x__2p5x
gigapath_flash,GigaPath-Flash,2p5x,40x,1,71,0.18546626984126985,0.13904691799428642,4.8581136031460925,0.702281746031746,0.6989368474662593,1.0634741054739274,0.5168154761904762,0.5598899294719728,3.794639497672165,2.5× → 40×,40x__2p5x
gigapath_flash,GigaPath-Flash,2p5x,10x,1,71,0.3428075396825397,0.30215607794842075,3.3400364190354748,0.702281746031746,0.6989368474662593,1.0634741054739274,0.3594742063492063,0.3967807695178385,2.2765623135615476,2.5× → 10×,10x__2p5x
gigapath_flash,GigaPath-Flash,2p5x,40x,2,71,0.22247023809523808,0.18545687049523366,4.444844461835686,0.6401785714285715,0.6362212778621447,1.1432974377495484,0.4177083333333334,0.45076440736691104,3.3015470240861378,2.5× → 40×,40x__2p5x
gigapath_flash,GigaPath-Flash,2p5x,10x,2,71,0.31850198412698416,0.2703875834310617,3.029619320951331,0.6401785714285715,0.6362212778621447,1.1432974377495484,0.3216765873015873,0.365833694431083,1.8863218832017827,2.5× → 10×,10x__2p5x
gigapath_flash,GigaPath-Flash,2p5x,40x,3,71,0.19429563492063495,0.12024086378737542,4.762207786937786,0.7513888888888889,0.7447472848788638,1.04581503029516,0.5570932539682539,0.6245064210914884,3.716392756642626,2.5× → 40×,40x__2p5x
gigapath_flash,GigaPath-Flash,2p5x,10x,3,71,0.4253968253968254,0.36215173715173715,3.1327366332111244,0.7513888888888889,0.7447472848788638,1.04581503029516,0.3259920634920635,0.3825955477271266,2.0869216029159645,2.5× → 10×,10x__2p5x
gigapath_flash,GigaPath-Flash,2p5x,40x,4,71,0.2908234126984127,0.2187229437229437,4.486777368375968,0.7043650793650793,0.7012849079025549,1.0036627271417211,0.4135416666666666,0.4825619641796112,3.4831146412342466,2.5× → 40×,40x__2p5x
gigapath_flash,GigaPath-Flash,2p5x,10x,4,71,0.39900793650793653,0.34063985442661915,2.954002451472698,0.7043650793650793,0.7012849079025549,1.0036627271417211,0.30535714285714277,0.3606450534759358,1.9503397243309768,2.5× → 10×,10x__2p5x
gigapath_flash,GigaPath-Flash,2p5x,40x,5,71,0.21810515873015876,0.1700940319842759,5.09349861290638,0.6356150793650793,0.62504779577148,1.3127292050421018,0.41750992063492054,0.4549537637872041,3.7807694078642786,2.5× → 40×,40x__2p5x
gigapath_flash,GigaPath-Flash,2p5x,10x,5,71,0.32470238095238096,0.2609334716720116,3.546577999243435,0.6356150793650793,0.62504779577148,1.3127292050421018,0.31091269841269836,0.36411432409946837,2.233848794201333,2.5× → 10×,10x__2p5x
gigapath_flash,GigaPath-Flash,2p5x,40x,6,71,0.21359126984126983,0.1729189737910668,4.426843629644601,0.6665178571428572,0.6633738982036196,1.1119289152180136,0.4529265873015873,0.4904549244125528,3.3149147144265876,2.5× → 40×,40x__2p5x
gigapath_flash,GigaPath-Flash,2p5x,10x,6,71,0.39052579365079365,0.35765224358974357,3.113508200030246,0.6665178571428572,0.6633738982036196,1.1119289152180136,0.2759920634920635,0.305721654613876,2.0015792848122325,2.5× → 10×,10x__2p5x
gigapath_flash,GigaPath-Flash,2p5x,40x,7,71,0.22921626984126986,0.18472222222222223,4.999843979604641,0.6633928571428571,0.6605045925866359,1.0065282079608253,0.43417658730158726,0.4757823703644136,3.993315771643816,2.5× → 40×,40x__2p5x
gigapath_flash,GigaPath-Flash,2p5x,10x,7,71,0.3615575396825397,0.3119449994449994,3.410229683114557,0.6633928571428571,0.6605045925866359,1.0065282079608253,0.30183531746031744,0.3485595931416364,2.403701475153732,2.5× → 10×,10x__2p5x
gigapath_flash,GigaPath-Flash,2p5x,40x,8,71,0.2640873015873016,0.20955678040402045,4.532149879895497,0.7081845238095238,0.6907845928226364,0.9367310016521913,0.4440972222222222,0.4812278124186159,3.595418878243306,2.5× → 40×,40x__2p5x
gigapath_flash,GigaPath-Flash,2p5x,10x,8,71,0.43392857142857144,0.3762844611528822,3.1054742194406333,0.7081845238095238,0.6907845928226364,0.9367310016521913,0.27425595238095235,0.31450013166975416,2.168743217788442,2.5× → 10×,10x__2p5x
gigapath_flash,GigaPath-Flash,2p5x,40x,9,71,0.1644345238095238,0.11026021080368906,4.77638657357414,0.6580357142857143,0.6496449456975772,1.2546270337314722,0.49360119047619044,0.5393847348938882,3.5217595398426678,2.5× → 40×,40x__2p5x
gigapath_flash,GigaPath-Flash,2p5x,10x,9,71,0.3445436507936508,0.3005427170868347,3.2157332281896003,0.6580357142857143,0.6496449456975772,1.2546270337314722,0.3134920634920635,0.3491022286107425,1.961106194458128,2.5× → 10×,10x__2p5x
