cancer,case_id,model,model_display,pair_key,pair_cka,pair_retrieval_similarity,pair_nps,pair_display,pair_shift_robustness,mean_pair_shift_loss
BLCA,TCGA-CF-A3MF-01Z-00-DX1.91768C26-5BB1-4DE6-9737-AA26BD687A75,gigapath,GigaPath,40x__10x,0.6694883704185486,0.4889594465494156,0.1737000197172165,40× ↔ 10×,-0.956141119595677,0.956141119595677
BLCA,TCGA-CF-A3MF-01Z-00-DX1.91768C26-5BB1-4DE6-9737-AA26BD687A75,gigapath,GigaPath,40x__2p5x,0.3926005065441131,0.3123571872711181,0.0860000103712081,40× ↔ 2.5×,-1.3047262540523554,1.3047262540523554
BLCA,TCGA-CF-A3MF-01Z-00-DX1.91768C26-5BB1-4DE6-9737-AA26BD687A75,gigapath,GigaPath,10x__2p5x,0.4789967238903045,0.4825561642646789,0.1644000113010406,10× ↔ 2.5×,-0.09603753913656535,0.09603753913656535
BLCA,TCGA-CU-A0YN-01Z-00-DX1.6C5EAAAF-8F14-49D3-8FFC-9BDAE56CAFD0,gigapath,GigaPath,40x__10x,0.5599454641342163,0.3144496381282806,0.1342000216245651,40× ↔ 10×,0.6037300807313619,-0.6037300807313619
BLCA,TCGA-CU-A0YN-01Z-00-DX1.6C5EAAAF-8F14-49D3-8FFC-9BDAE56CAFD0,gigapath,GigaPath,40x__2p5x,0.3131313920021057,0.1426296196877956,0.0938000082969665,40× ↔ 2.5×,-1.1112070901947426,1.1112070901947426
BLCA,TCGA-CU-A0YN-01Z-00-DX1.6C5EAAAF-8F14-49D3-8FFC-9BDAE56CAFD0,gigapath,GigaPath,10x__2p5x,0.6105510592460632,0.5249175429344177,0.3401000201702118,10× ↔ 2.5×,-1.275624624367138,1.275624624367138
BLCA,TCGA-DK-A6AW-01Z-00-DX1.C2453A8C-8282-443C-9E76-5B6CAD2FE69B,gigapath,GigaPath,40x__10x,0.8265231251716614,0.2801032662391662,0.2242000102996826,40× ↔ 10×,-0.05889197776918363,0.05889197776918363
BLCA,TCGA-DK-A6AW-01Z-00-DX1.C2453A8C-8282-443C-9E76-5B6CAD2FE69B,gigapath,GigaPath,40x__2p5x,0.723045289516449,0.0956045724451541,0.1520000100135803,40× ↔ 2.5×,-0.9138385053327921,0.9138385053327921
BLCA,TCGA-DK-A6AW-01Z-00-DX1.C2453A8C-8282-443C-9E76-5B6CAD2FE69B,gigapath,GigaPath,10x__2p5x,0.7994610071182251,0.5384808629751205,0.3230000138282776,10× ↔ 2.5×,-2.93019967622307,2.93019967622307
BLCA,TCGA-DK-AA6L-01A-01-TSA.5794F0C6-9ED6-489A-9621-18CCC5935548,gigapath,GigaPath,40x__10x,0.6004579663276672,0.4238230437040329,0.1324000060558319,40× ↔ 10×,0.8854039656147155,-0.8854039656147155
BLCA,TCGA-DK-AA6L-01A-01-TSA.5794F0C6-9ED6-489A-9621-18CCC5935548,gigapath,GigaPath,40x__2p5x,0.2322560846805572,0.239223301410675,0.0840000063180923,40× ↔ 2.5×,1.6507788816428497,-1.6507788816428497
BLCA,TCGA-DK-AA6L-01A-01-TSA.5794F0C6-9ED6-489A-9621-18CCC5935548,gigapath,GigaPath,10x__2p5x,0.4065806269645691,0.3718041181564331,0.2111000120639801,10× ↔ 2.5×,2.5186577567747586,-2.5186577567747586
BLCA,TCGA-DK-AA77-01A-01-TSA.26CAF5CB-CC4F-4522-BD2B-343FB70205FE,gigapath,GigaPath,40x__10x,0.5252734422683716,0.4824313819408417,0.0964000076055526,40× ↔ 10×,0.3252406189892152,-0.3252406189892152
BLCA,TCGA-DK-AA77-01A-01-TSA.26CAF5CB-CC4F-4522-BD2B-343FB70205FE,gigapath,GigaPath,40x__2p5x,0.1801190823316574,0.2592685371637344,0.0605000033974647,40× ↔ 2.5×,-3.09859024619863,3.09859024619863
BLCA,TCGA-DK-AA77-01A-01-TSA.26CAF5CB-CC4F-4522-BD2B-343FB70205FE,gigapath,GigaPath,10x__2p5x,0.351973682641983,0.3489988893270492,0.2053000181913375,10× ↔ 2.5×,-1.5766874966712323,1.5766874966712323
BLCA,TCGA-FD-A6TK-01Z-00-DX1.B685DA87-72A6-4C38-8AA1-40B6E543383C,gigapath,GigaPath,40x__10x,0.7467563152313232,0.4468392580747604,0.2352000176906585,40× ↔ 10×,-0.767776782824314,0.767776782824314
BLCA,TCGA-FD-A6TK-01Z-00-DX1.B685DA87-72A6-4C38-8AA1-40B6E543383C,gigapath,GigaPath,40x__2p5x,0.6331918835639954,0.1983459368348121,0.1466000080108642,40× ↔ 2.5×,-2.5356182592436616,2.5356182592436616
BLCA,TCGA-FD-A6TK-01Z-00-DX1.B685DA87-72A6-4C38-8AA1-40B6E543383C,gigapath,GigaPath,10x__2p5x,0.7480233311653137,0.5477140098810196,0.2822000384330749,10× ↔ 2.5×,-1.1407143495777752,1.1407143495777752
BLCA,TCGA-GU-AATP-01Z-00-DX1.0D8EC37C-88E7-49D5-A76D-F0A4A3FD8AE4,gigapath,GigaPath,40x__10x,0.7129139304161072,0.4213123172521591,0.1984000205993652,40× ↔ 10×,-1.0427780609382657,1.0427780609382657
BLCA,TCGA-GU-AATP-01Z-00-DX1.0D8EC37C-88E7-49D5-A76D-F0A4A3FD8AE4,gigapath,GigaPath,40x__2p5x,0.5314099192619324,0.1986369863152504,0.1247000023722648,40× ↔ 2.5×,-1.1594600370334605,1.1594600370334605
BLCA,TCGA-GU-AATP-01Z-00-DX1.0D8EC37C-88E7-49D5-A76D-F0A4A3FD8AE4,gigapath,GigaPath,10x__2p5x,0.7317068576812744,0.5169368833303452,0.2673000395298004,10× ↔ 2.5×,-0.7742492113838522,0.7742492113838522
BLCA,TCGA-XF-A8HB-01Z-00-DX1.D6874152-D20A-4CA4-8E8B-8CBAB5F7D7B5,gigapath,GigaPath,40x__10x,0.6564566493034363,0.3839838951826095,0.2008000165224075,40× ↔ 10×,-0.4078380272160266,0.4078380272160266
BLCA,TCGA-XF-A8HB-01Z-00-DX1.D6874152-D20A-4CA4-8E8B-8CBAB5F7D7B5,gigapath,GigaPath,40x__2p5x,0.4290413856506347,0.1254095397889614,0.1126000136137008,40× ↔ 2.5×,-0.9031719258241733,0.9031719258241733
BLCA,TCGA-XF-A8HB-01Z-00-DX1.D6874152-D20A-4CA4-8E8B-8CBAB5F7D7B5,gigapath,GigaPath,10x__2p5x,0.6370404362678528,0.623402327299118,0.2346000224351883,10× ↔ 2.5×,-0.7813945621439544,0.7813945621439544
BLCA,TCGA-ZF-A9R1-01Z-00-DX1.74520759-D448-45B5-B8AD-45502C99A519,gigapath,GigaPath,40x__10x,0.6958306431770325,0.3771821111440658,0.2698000073432922,40× ↔ 10×,-1.065780293476996,1.065780293476996
BLCA,TCGA-ZF-A9R1-01Z-00-DX1.74520759-D448-45B5-B8AD-45502C99A519,gigapath,GigaPath,40x__2p5x,0.5477507710456848,0.1675204038619995,0.1646000146865844,40× ↔ 2.5×,-1.4141225061686407,1.4141225061686407
BLCA,TCGA-ZF-A9R1-01Z-00-DX1.74520759-D448-45B5-B8AD-45502C99A519,gigapath,GigaPath,10x__2p5x,0.6991919279098511,0.5252312123775482,0.3100000023841858,10× ↔ 2.5×,-0.4903604351725622,0.4903604351725622
BLCA,TCGA-ZF-AA51-01Z-00-DX1.128C9731-C206-4E71-9A64-864FA9FD7E96,gigapath,GigaPath,40x__10x,0.7499821782112122,0.4286428391933441,0.2678000032901764,40× ↔ 10×,-0.4411817643403809,0.4411817643403809
BLCA,TCGA-ZF-AA51-01Z-00-DX1.128C9731-C206-4E71-9A64-864FA9FD7E96,gigapath,GigaPath,40x__2p5x,0.534562349319458,0.2428665682673454,0.1633000075817108,40× ↔ 2.5×,-2.287604554399318,2.287604554399318
BLCA,TCGA-ZF-AA51-01Z-00-DX1.128C9731-C206-4E71-9A64-864FA9FD7E96,gigapath,GigaPath,10x__2p5x,0.652571976184845,0.590424582362175,0.2529000043869018,10× ↔ 2.5×,-1.5629365073340151,1.5629365073340151
BRCA,TCGA-A7-A2KD-01Z-00-DX1.BFF2DFC8-1D95-4DC2-98FC-5BD7D7C6CDF5,gigapath,GigaPath,40x__10x,0.5373808145523071,0.3880480825901031,0.1427000164985656,40× ↔ 10×,-0.5961088266407574,0.5961088266407574
BRCA,TCGA-A7-A2KD-01Z-00-DX1.BFF2DFC8-1D95-4DC2-98FC-5BD7D7C6CDF5,gigapath,GigaPath,40x__2p5x,0.2840971946716308,0.2189582362771034,0.1008000075817108,40× ↔ 2.5×,-0.5954982373570377,0.5954982373570377
BRCA,TCGA-A7-A2KD-01Z-00-DX1.BFF2DFC8-1D95-4DC2-98FC-5BD7D7C6CDF5,gigapath,GigaPath,10x__2p5x,0.6209381818771362,0.3103941455483436,0.2908000349998474,10× ↔ 2.5×,0.3262260838162289,-0.3262260838162289
BRCA,TCGA-AN-A0G0-01Z-00-DX1.BE0BB5DF-DEDA-48D8-B5D8-2735C767F28F,gigapath,GigaPath,40x__10x,0.6758400797843933,0.3155541568994522,0.1236000135540962,40× ↔ 10×,-0.9627175227312131,0.9627175227312131
BRCA,TCGA-AN-A0G0-01Z-00-DX1.BE0BB5DF-DEDA-48D8-B5D8-2735C767F28F,gigapath,GigaPath,40x__2p5x,0.4753183424472809,0.120736975222826,0.0831000134348869,40× ↔ 2.5×,-2.1667152785116652,2.1667152785116652
BRCA,TCGA-AN-A0G0-01Z-00-DX1.BE0BB5DF-DEDA-48D8-B5D8-2735C767F28F,gigapath,GigaPath,10x__2p5x,0.680192232131958,0.438644602894783,0.2560999989509582,10× ↔ 2.5×,-1.5327660567556711,1.5327660567556711
BRCA,TCGA-AQ-A04L-01Z-00-DX1.F35BF4DD-896A-43C2-8DA6-C67945C003BE,gigapath,GigaPath,40x__10x,0.7323136329650879,0.4136791974306106,0.1429000049829483,40× ↔ 10×,-1.9175074202869316,1.9175074202869316
BRCA,TCGA-AQ-A04L-01Z-00-DX1.F35BF4DD-896A-43C2-8DA6-C67945C003BE,gigapath,GigaPath,40x__2p5x,0.6138718128204346,0.2847234979271889,0.0852000042796135,40× ↔ 2.5×,-3.815753747552858,3.815753747552858
BRCA,TCGA-AQ-A04L-01Z-00-DX1.F35BF4DD-896A-43C2-8DA6-C67945C003BE,gigapath,GigaPath,10x__2p5x,0.8086857199668884,0.6649807989597321,0.2357000261545181,10× ↔ 2.5×,-1.9096700505343804,1.9096700505343804
BRCA,TCGA-AR-A2LK-01Z-00-DX1.FBD59C38-CD4E-4C22-BC74-A57C192A9BBC,gigapath,GigaPath,40x__10x,0.6359637975692749,0.3806036561727524,0.1793000102043151,40× ↔ 10×,-0.7666800676570786,0.7666800676570786
BRCA,TCGA-AR-A2LK-01Z-00-DX1.FBD59C38-CD4E-4C22-BC74-A57C192A9BBC,gigapath,GigaPath,40x__2p5x,0.387224406003952,0.1888155713677406,0.1187000125646591,40× ↔ 2.5×,-2.769950137419351,2.769950137419351
BRCA,TCGA-AR-A2LK-01Z-00-DX1.FBD59C38-CD4E-4C22-BC74-A57C192A9BBC,gigapath,GigaPath,10x__2p5x,0.5780864357948303,0.4886922985315323,0.2840000092983246,10× ↔ 2.5×,-0.8632763650806448,0.8632763650806448
BRCA,TCGA-AR-A5QM-01Z-00-DX1.A9017CED-FF57-4090-95B9-94DC91854347,gigapath,GigaPath,40x__10x,0.5747900605201721,0.3857283145189285,0.1415000110864639,40× ↔ 10×,-1.0039109270452689,1.0039109270452689
BRCA,TCGA-AR-A5QM-01Z-00-DX1.A9017CED-FF57-4090-95B9-94DC91854347,gigapath,GigaPath,40x__2p5x,0.3796148002147674,0.1107841432094574,0.0867000073194503,40× ↔ 2.5×,-3.0341119002431602,3.0341119002431602
BRCA,TCGA-AR-A5QM-01Z-00-DX1.A9017CED-FF57-4090-95B9-94DC91854347,gigapath,GigaPath,10x__2p5x,0.5506627559661865,0.5543598830699921,0.2228000164031982,10× ↔ 2.5×,-0.9010194710156456,0.9010194710156456
BRCA,TCGA-BH-A0C1-01Z-00-DX1.21FE357E-B182-4397-BFEF-7E96E994236A,gigapath,GigaPath,40x__10x,0.6945652961730957,0.467319130897522,0.1508000046014785,40× ↔ 10×,-1.2769404768993562,1.2769404768993562
BRCA,TCGA-BH-A0C1-01Z-00-DX1.21FE357E-B182-4397-BFEF-7E96E994236A,gigapath,GigaPath,40x__2p5x,0.5979648232460022,0.2079744040966034,0.1027000024914741,40× ↔ 2.5×,-3.7658460626252586,3.7658460626252586
BRCA,TCGA-BH-A0C1-01Z-00-DX1.21FE357E-B182-4397-BFEF-7E96E994236A,gigapath,GigaPath,10x__2p5x,0.7870791554450989,0.5044174790382385,0.2844000458717346,10× ↔ 2.5×,-1.0606136905306802,1.0606136905306802
BRCA,TCGA-D8-A1X8-01Z-00-DX1.DDA3866E-C7CC-4650-BE2B-5C9A98A2D531,gigapath,GigaPath,40x__10x,0.7516282200813293,0.381280243396759,0.20210000872612,40× ↔ 10×,-1.7441101817965312,1.7441101817965312
BRCA,TCGA-D8-A1X8-01Z-00-DX1.DDA3866E-C7CC-4650-BE2B-5C9A98A2D531,gigapath,GigaPath,40x__2p5x,0.4536618590354919,0.2074469700455665,0.125900000333786,40× ↔ 2.5×,-4.720655009107395,4.720655009107395
BRCA,TCGA-D8-A1X8-01Z-00-DX1.DDA3866E-C7CC-4650-BE2B-5C9A98A2D531,gigapath,GigaPath,10x__2p5x,0.5640207529067993,0.4458049833774566,0.258400022983551,10× ↔ 2.5×,-1.5626514980134318,1.5626514980134318
BRCA,TCGA-E2-A14P-01Z-00-DX1.663B02FF-C64B-41A6-8685-FD61CD76F9C6,gigapath,GigaPath,40x__10x,0.7983760237693787,0.3105895519256592,0.2012000232934951,40× ↔ 10×,-2.005596509419767,2.005596509419767
BRCA,TCGA-E2-A14P-01Z-00-DX1.663B02FF-C64B-41A6-8685-FD61CD76F9C6,gigapath,GigaPath,40x__2p5x,0.6862968802452087,0.1401475928723812,0.117000013589859,40× ↔ 2.5×,-2.608181182555958,2.608181182555958
BRCA,TCGA-E2-A14P-01Z-00-DX1.663B02FF-C64B-41A6-8685-FD61CD76F9C6,gigapath,GigaPath,10x__2p5x,0.8027362823486328,0.4957860261201858,0.2455000132322311,10× ↔ 2.5×,-1.0206711526725882,1.0206711526725882
BRCA,TCGA-E2-A1LA-01Z-00-DX1.AE49E943-B830-4ED9-B09E-E499441BC2EC,gigapath,GigaPath,40x__10x,0.7780361175537109,0.4279597550630569,0.2459000200033188,40× ↔ 10×,-1.3171905310270575,1.3171905310270575
BRCA,TCGA-E2-A1LA-01Z-00-DX1.AE49E943-B830-4ED9-B09E-E499441BC2EC,gigapath,GigaPath,40x__2p5x,0.6408484578132629,0.1626079529523849,0.1726000159978866,40× ↔ 2.5×,-3.38969685250438,3.38969685250438
BRCA,TCGA-E2-A1LA-01Z-00-DX1.AE49E943-B830-4ED9-B09E-E499441BC2EC,gigapath,GigaPath,10x__2p5x,0.7826570868492126,0.5636835247278214,0.3375000059604645,10× ↔ 2.5×,-0.8620468102961658,0.8620468102961658
BRCA,TCGA-GM-A3XN-01Z-00-DX1.49F5C8AC-0328-4BC2-9FE2-E7150B7A42E2,gigapath,GigaPath,40x__10x,0.656984269618988,0.3979659527540207,0.1645000129938125,40× ↔ 10×,-0.9554310210406933,0.9554310210406933
BRCA,TCGA-GM-A3XN-01Z-00-DX1.49F5C8AC-0328-4BC2-9FE2-E7150B7A42E2,gigapath,GigaPath,40x__2p5x,0.5148530006408691,0.14341851323843,0.1034000068902969,40× ↔ 2.5×,-3.509859117341346,3.509859117341346
BRCA,TCGA-GM-A3XN-01Z-00-DX1.49F5C8AC-0328-4BC2-9FE2-E7150B7A42E2,gigapath,GigaPath,10x__2p5x,0.7062899470329285,0.4392259120941162,0.2467000186443328,10× ↔ 2.5×,-0.9776864479681127,0.9776864479681127
COAD,TCGA-AY-A8YK-01Z-00-DX1.89E3C546-0425-449B-A6FB-1C35168EA7EB,gigapath,GigaPath,40x__10x,0.6282636523246765,0.3744556456804275,0.1853000223636627,40× ↔ 10×,-0.9424324858208356,0.9424324858208356
COAD,TCGA-AY-A8YK-01Z-00-DX1.89E3C546-0425-449B-A6FB-1C35168EA7EB,gigapath,GigaPath,40x__2p5x,0.4117986857891083,0.2071612477302551,0.1046999990940094,40× ↔ 2.5×,-5.2035688274791845,5.2035688274791845
COAD,TCGA-AY-A8YK-01Z-00-DX1.89E3C546-0425-449B-A6FB-1C35168EA7EB,gigapath,GigaPath,10x__2p5x,0.6547589302062988,0.3822548985481262,0.3005000352859497,10× ↔ 2.5×,-5.047229032219403,5.047229032219403
COAD,TCGA-CK-4947-01Z-00-DX1.b257d5fd-b97b-4987-b088-77f044ca7fe2,gigapath,GigaPath,40x__10x,0.6006431579589844,0.380175843834877,0.193200021982193,40× ↔ 10×,-1.189780929694372,1.189780929694372
COAD,TCGA-CK-4947-01Z-00-DX1.b257d5fd-b97b-4987-b088-77f044ca7fe2,gigapath,GigaPath,40x__2p5x,0.3408626019954681,0.2223111689090728,0.1118000075221061,40× ↔ 2.5×,-5.2495657708325805,5.2495657708325805
COAD,TCGA-CK-4947-01Z-00-DX1.b257d5fd-b97b-4987-b088-77f044ca7fe2,gigapath,GigaPath,10x__2p5x,0.56080162525177,0.4895816892385483,0.2512000203132629,10× ↔ 2.5×,-1.1856478240646,1.1856478240646
COAD,TCGA-CM-6168-01Z-00-DX1.96af6eb2-9d51-4671-baf8-1a73d0c66869,gigapath,GigaPath,40x__10x,0.7233620882034302,0.4172828644514084,0.2784000337123871,40× ↔ 10×,-0.958627295431192,0.958627295431192
COAD,TCGA-CM-6168-01Z-00-DX1.96af6eb2-9d51-4671-baf8-1a73d0c66869,gigapath,GigaPath,40x__2p5x,0.4360920190811157,0.3279165551066398,0.1745000034570694,40× ↔ 2.5×,-3.869872519106605,3.869872519106605
COAD,TCGA-CM-6168-01Z-00-DX1.96af6eb2-9d51-4671-baf8-1a73d0c66869,gigapath,GigaPath,10x__2p5x,0.5862056016921997,0.4910147786140442,0.323900043964386,10× ↔ 2.5×,-0.6660968142279423,0.6660968142279423
COAD,TCGA-CM-6169-01Z-00-DX1.0381c243-02b8-4f1d-840c-19ef44d4b92c,gigapath,GigaPath,40x__10x,0.7080658078193665,0.3735876232385635,0.219600036740303,40× ↔ 10×,-1.0327498007814744,1.0327498007814744
COAD,TCGA-CM-6169-01Z-00-DX1.0381c243-02b8-4f1d-840c-19ef44d4b92c,gigapath,GigaPath,40x__2p5x,0.5574643015861511,0.259630374610424,0.1196999996900558,40× ↔ 2.5×,-3.712117974189547,3.712117974189547
COAD,TCGA-CM-6169-01Z-00-DX1.0381c243-02b8-4f1d-840c-19ef44d4b92c,gigapath,GigaPath,10x__2p5x,0.7248960137367249,0.50995172560215,0.2561000287532806,10× ↔ 2.5×,-1.1382600001138363,1.1382600001138363
COAD,TCGA-G4-6309-01Z-00-DX1.3eb20fdc-eb86-4bd5-8194-76b02d4fa472,gigapath,GigaPath,40x__10x,0.7264201641082764,0.3043233603239059,0.2730000019073486,40× ↔ 10×,-1.1955379873585303,1.1955379873585303
COAD,TCGA-G4-6309-01Z-00-DX1.3eb20fdc-eb86-4bd5-8194-76b02d4fa472,gigapath,GigaPath,40x__2p5x,0.4457836747169494,0.2608178481459617,0.159400001168251,40× ↔ 2.5×,-4.425544389647487,4.425544389647487
COAD,TCGA-G4-6309-01Z-00-DX1.3eb20fdc-eb86-4bd5-8194-76b02d4fa472,gigapath,GigaPath,10x__2p5x,0.569015383720398,0.5551122426986694,0.2863000035285949,10× ↔ 2.5×,-0.7178440716930063,0.7178440716930063
COAD,TCGA-G4-6310-01Z-00-DX1.b88472d4-3adc-4e4d-b0f2-0dc195a3d7df,gigapath,GigaPath,40x__10x,0.7641364932060242,0.3677956759929657,0.2363000214099884,40× ↔ 10×,-1.5284140719308528,1.5284140719308528
COAD,TCGA-G4-6310-01Z-00-DX1.b88472d4-3adc-4e4d-b0f2-0dc195a3d7df,gigapath,GigaPath,40x__2p5x,0.5837477445602417,0.2159811109304428,0.1615000218153,40× ↔ 2.5×,-3.8958583985724657,3.8958583985724657
COAD,TCGA-G4-6310-01Z-00-DX1.b88472d4-3adc-4e4d-b0f2-0dc195a3d7df,gigapath,GigaPath,10x__2p5x,0.678974449634552,0.5030421614646912,0.3055999875068664,10× ↔ 2.5×,-0.29662340448241065,0.29662340448241065
COAD,TCGA-G4-6588-01Z-00-DX1.0747172e-f630-4b7c-9341-55078585ae00,gigapath,GigaPath,40x__10x,0.6955414414405823,0.319860965013504,0.2400000244379043,40× ↔ 10×,-1.135629814736352,1.135629814736352
COAD,TCGA-G4-6588-01Z-00-DX1.0747172e-f630-4b7c-9341-55078585ae00,gigapath,GigaPath,40x__2p5x,0.5251593589782715,0.2431989684700966,0.1454000025987625,40× ↔ 2.5×,-4.394134079647221,4.394134079647221
COAD,TCGA-G4-6588-01Z-00-DX1.0747172e-f630-4b7c-9341-55078585ae00,gigapath,GigaPath,10x__2p5x,0.7235199213027954,0.5610717386007309,0.2731000185012817,10× ↔ 2.5×,-0.5877615470418481,0.5877615470418481
HNSC,TCGA-BA-6871-01Z-00-DX1.4d9ca329-f8d5-4c31-a20f-9d4fba728326,gigapath,GigaPath,40x__10x,0.6422602534294128,0.2858694195747375,0.1680000126361847,40× ↔ 10×,2.2718032007198508,-2.2718032007198508
HNSC,TCGA-BA-6871-01Z-00-DX1.4d9ca329-f8d5-4c31-a20f-9d4fba728326,gigapath,GigaPath,40x__2p5x,0.2397898733615875,0.1611280366778373,0.0825000032782554,40× ↔ 2.5×,2.928624563937926,-2.928624563937926
HNSC,TCGA-BA-6871-01Z-00-DX1.4d9ca329-f8d5-4c31-a20f-9d4fba728326,gigapath,GigaPath,10x__2p5x,0.3806943595409393,0.419332355260849,0.1873999983072281,10× ↔ 2.5×,1.0400063754390483,-1.0400063754390483
HNSC,TCGA-BA-6872-01Z-00-DX1.F99F6394-D319-4599-B124-D2A6692FA096,gigapath,GigaPath,40x__10x,0.6023027300834656,0.4648218154907226,0.1575000137090683,40× ↔ 10×,1.1564581645999574,-1.1564581645999574
HNSC,TCGA-BA-6872-01Z-00-DX1.F99F6394-D319-4599-B124-D2A6692FA096,gigapath,GigaPath,40x__2p5x,0.4243727028369903,0.2388993352651596,0.111000008881092,40× ↔ 2.5×,1.5530719120905656,-1.5530719120905656
HNSC,TCGA-BA-6872-01Z-00-DX1.F99F6394-D319-4599-B124-D2A6692FA096,gigapath,GigaPath,10x__2p5x,0.6230025887489319,0.6138962954282761,0.2754000127315521,10× ↔ 2.5×,0.6133238326431322,-0.6133238326431322
HNSC,TCGA-CN-A6V7-01A-01-TS1.F54912D3-1E21-4605-ACFC-142973524AE2,gigapath,GigaPath,40x__10x,0.4709128141403198,0.4367308616638183,0.0951000079512596,40× ↔ 10×,3.3824944528815712,-3.3824944528815712
HNSC,TCGA-CN-A6V7-01A-01-TS1.F54912D3-1E21-4605-ACFC-142973524AE2,gigapath,GigaPath,40x__2p5x,0.2089597582817077,0.2350632920861244,0.0671000033617019,40× ↔ 2.5×,5.493848170899125,-5.493848170899125
HNSC,TCGA-CN-A6V7-01A-01-TS1.F54912D3-1E21-4605-ACFC-142973524AE2,gigapath,GigaPath,10x__2p5x,0.4033474028110504,0.3644971549510956,0.2499000281095504,10× ↔ 2.5×,4.3060008905638245,-4.3060008905638245
HNSC,TCGA-CV-6935-01Z-00-DX1.9C449CB2-FB6D-41D1-A4A6-3069DC84A697,gigapath,GigaPath,40x__10x,0.7387664318084717,0.5567256808280945,0.1458000093698501,40× ↔ 10×,0.13431010249276856,-0.13431010249276856
HNSC,TCGA-CV-6935-01Z-00-DX1.9C449CB2-FB6D-41D1-A4A6-3069DC84A697,gigapath,GigaPath,40x__2p5x,0.6070557832717896,0.4065642952919006,0.0856000110507011,40× ↔ 2.5×,-0.3481620696429569,0.3481620696429569
HNSC,TCGA-CV-6935-01Z-00-DX1.9C449CB2-FB6D-41D1-A4A6-3069DC84A697,gigapath,GigaPath,10x__2p5x,0.8212210536003113,0.6209448873996735,0.2295000106096267,10× ↔ 2.5×,-0.631730945201983,0.631730945201983
HNSC,TCGA-CV-A45O-01Z-00-DX1.8CBD0CCC-C815-475D-87F9-76272F4F715B,gigapath,GigaPath,40x__10x,0.7258509397506714,0.5048922598361969,0.2385000139474868,40× ↔ 10×,0.056747714468665014,-0.056747714468665014
HNSC,TCGA-CV-A45O-01Z-00-DX1.8CBD0CCC-C815-475D-87F9-76272F4F715B,gigapath,GigaPath,40x__2p5x,0.4734751582145691,0.3518944978713989,0.1293000131845474,40× ↔ 2.5×,-0.1192147589383769,0.1192147589383769
HNSC,TCGA-CV-A45O-01Z-00-DX1.8CBD0CCC-C815-475D-87F9-76272F4F715B,gigapath,GigaPath,10x__2p5x,0.6518718600273132,0.5818972885608673,0.2610000073909759,10× ↔ 2.5×,-0.8567169709847517,0.8567169709847517
HNSC,TCGA-CV-A6JE-01Z-00-DX1.20137D17-19B3-49FF-9C3D-60933157E409,gigapath,GigaPath,40x__10x,0.6949974298477173,0.6054462790489197,0.1841000169515609,40× ↔ 10×,0.3789164883535948,-0.3789164883535948
HNSC,TCGA-CV-A6JE-01Z-00-DX1.20137D17-19B3-49FF-9C3D-60933157E409,gigapath,GigaPath,40x__2p5x,0.4056545197963714,0.4224561899900436,0.1074000149965286,40× ↔ 2.5×,-0.5006309953182935,0.5006309953182935
HNSC,TCGA-CV-A6JE-01Z-00-DX1.20137D17-19B3-49FF-9C3D-60933157E409,gigapath,GigaPath,10x__2p5x,0.6095780730247498,0.545178696513176,0.2582000195980072,10× ↔ 2.5×,-1.2522388248210279,1.2522388248210279
HNSC,TCGA-CV-A6JU-01Z-00-DX1.35A3A1F0-9D6C-4794-B501-E56E48C51DF9,gigapath,GigaPath,40x__10x,0.6921889185905457,0.4513609260320663,0.2334000170230865,40× ↔ 10×,-0.006042441769114793,0.006042441769114793
HNSC,TCGA-CV-A6JU-01Z-00-DX1.35A3A1F0-9D6C-4794-B501-E56E48C51DF9,gigapath,GigaPath,40x__2p5x,0.4477072954177856,0.2753949165344238,0.1325000077486038,40× ↔ 2.5×,-0.19375639892972685,0.19375639892972685
HNSC,TCGA-CV-A6JU-01Z-00-DX1.35A3A1F0-9D6C-4794-B501-E56E48C51DF9,gigapath,GigaPath,10x__2p5x,0.6269600987434387,0.4269676208496094,0.2740999758243561,10× ↔ 2.5×,-1.060490009845942,1.060490009845942
HNSC,TCGA-UF-A719-01Z-00-DX1.4C4ECC2C-C390-4C5E-A709-CF08C113F1A1,gigapath,GigaPath,40x__10x,0.6976971626281738,0.3532271534204483,0.2591000199317932,40× ↔ 10×,1.4278160328724745,-1.4278160328724745
HNSC,TCGA-UF-A719-01Z-00-DX1.4C4ECC2C-C390-4C5E-A709-CF08C113F1A1,gigapath,GigaPath,40x__2p5x,0.4594889879226684,0.1464437022805214,0.1480000019073486,40× ↔ 2.5×,2.241544094678484,-2.241544094678484
HNSC,TCGA-UF-A719-01Z-00-DX1.4C4ECC2C-C390-4C5E-A709-CF08C113F1A1,gigapath,GigaPath,10x__2p5x,0.6950289607048035,0.4326012283563614,0.2939999997615814,10× ↔ 2.5×,0.5143483569195775,-0.5143483569195775
KIRC,TCGA-A3-3346-01Z-00-DX1.95280216-fd71-4a03-b452-6e3d667f2542,gigapath,GigaPath,40x__10x,0.6114280819892883,0.3009563535451889,0.1583999991416931,40× ↔ 10×,-0.9406323560125299,0.9406323560125299
KIRC,TCGA-A3-3346-01Z-00-DX1.95280216-fd71-4a03-b452-6e3d667f2542,gigapath,GigaPath,40x__2p5x,0.369658887386322,0.1997874975204467,0.1187000051140785,40× ↔ 2.5×,-1.3254156513041844,1.3254156513041844
KIRC,TCGA-A3-3346-01Z-00-DX1.95280216-fd71-4a03-b452-6e3d667f2542,gigapath,GigaPath,10x__2p5x,0.5581383109092712,0.5494064092636108,0.3361000120639801,10× ↔ 2.5×,-1.8452749981028962,1.8452749981028962
KIRC,TCGA-A3-A8CQ-01Z-00-DX1.78DA0827-5FB8-4B9F-A845-22F85830B5FB,gigapath,GigaPath,40x__10x,0.529178261756897,0.2609734758734703,0.1217000037431716,40× ↔ 10×,-1.0784985633674375,1.0784985633674375
KIRC,TCGA-A3-A8CQ-01Z-00-DX1.78DA0827-5FB8-4B9F-A845-22F85830B5FB,gigapath,GigaPath,40x__2p5x,0.2404299527406692,0.2020273134112358,0.0874000117182731,40× ↔ 2.5×,-2.831788754752362,2.831788754752362
KIRC,TCGA-A3-A8CQ-01Z-00-DX1.78DA0827-5FB8-4B9F-A845-22F85830B5FB,gigapath,GigaPath,10x__2p5x,0.4299384951591491,0.4092987179756164,0.3297000229358673,10× ↔ 2.5×,-2.387706145034369,2.387706145034369
KIRC,TCGA-AK-3444-01Z-00-DX1.1F0E0B47-29FF-456F-800A-539983FDCFAA,gigapath,GigaPath,40x__10x,0.686324417591095,0.3524229675531387,0.1435000002384185,40× ↔ 10×,-0.6951013648650195,0.6951013648650195
KIRC,TCGA-AK-3444-01Z-00-DX1.1F0E0B47-29FF-456F-800A-539983FDCFAA,gigapath,GigaPath,40x__2p5x,0.4914393424987793,0.2042330466210842,0.1215000078082084,40× ↔ 2.5×,-2.18790888465145,2.18790888465145
KIRC,TCGA-AK-3444-01Z-00-DX1.1F0E0B47-29FF-456F-800A-539983FDCFAA,gigapath,GigaPath,10x__2p5x,0.6350834369659424,0.4607304781675339,0.2715000212192535,10× ↔ 2.5×,-2.8715084245776334,2.8715084245776334
KIRC,TCGA-B0-5094-01Z-00-DX1.eac31fe2-09da-4ecf-8e25-c073cbb03295,gigapath,GigaPath,40x__10x,0.7978464961051941,0.5263385474681854,0.2138000279664993,40× ↔ 10×,-1.4148147862181972,1.4148147862181972
KIRC,TCGA-B0-5094-01Z-00-DX1.eac31fe2-09da-4ecf-8e25-c073cbb03295,gigapath,GigaPath,40x__2p5x,0.6463584303855896,0.3586942702531814,0.1324000060558319,40× ↔ 2.5×,-1.6762658715714291,1.6762658715714291
KIRC,TCGA-B0-5094-01Z-00-DX1.eac31fe2-09da-4ecf-8e25-c073cbb03295,gigapath,GigaPath,10x__2p5x,0.7383868098258972,0.5375147759914398,0.2416000217199325,10× ↔ 2.5×,-1.377704409192622,1.377704409192622
KIRC,TCGA-B0-5106-01Z-00-DX1.564e51a3-be50-4eed-ba9c-4d478b96ffc6,gigapath,GigaPath,40x__10x,0.7608949542045593,0.4413576275110245,0.1671000123023986,40× ↔ 10×,-0.2077590405724032,0.2077590405724032
KIRC,TCGA-B0-5106-01Z-00-DX1.564e51a3-be50-4eed-ba9c-4d478b96ffc6,gigapath,GigaPath,40x__2p5x,0.5478922128677368,0.227205604314804,0.1122000068426132,40× ↔ 2.5×,-0.951021445766641,0.951021445766641
KIRC,TCGA-B0-5106-01Z-00-DX1.564e51a3-be50-4eed-ba9c-4d478b96ffc6,gigapath,GigaPath,10x__2p5x,0.6682124733924866,0.4805910140275955,0.2463000118732452,10× ↔ 2.5×,-1.6431424099059622,1.6431424099059622
KIRC,TCGA-B0-5711-01Z-00-DX1.6839921f-ec08-4e94-8bf9-4b5a4fcdda45,gigapath,GigaPath,40x__10x,0.8227166533470154,0.4045570790767669,0.1677000075578689,40× ↔ 10×,-0.38688955810859543,0.38688955810859543
KIRC,TCGA-B0-5711-01Z-00-DX1.6839921f-ec08-4e94-8bf9-4b5a4fcdda45,gigapath,GigaPath,40x__2p5x,0.6029912829399109,0.2423750683665275,0.1159000098705291,40× ↔ 2.5×,-0.8478437869536553,0.8478437869536553
KIRC,TCGA-B0-5711-01Z-00-DX1.6839921f-ec08-4e94-8bf9-4b5a4fcdda45,gigapath,GigaPath,10x__2p5x,0.6592763066291809,0.4203730076551437,0.2521000206470489,10× ↔ 2.5×,-1.4127491635042215,1.4127491635042215
KIRC,TCGA-B2-5633-01Z-00-DX1.c55a29ca-468e-46de-9ff5-a51f46fe09fd,gigapath,GigaPath,40x__10x,0.7027168869972229,0.3899825811386108,0.1878000050783157,40× ↔ 10×,-0.3914226061601582,0.3914226061601582
KIRC,TCGA-B2-5633-01Z-00-DX1.c55a29ca-468e-46de-9ff5-a51f46fe09fd,gigapath,GigaPath,40x__2p5x,0.3440158069133758,0.2417577132582664,0.1233000084757804,40× ↔ 2.5×,-1.60316192420457,1.60316192420457
KIRC,TCGA-B2-5633-01Z-00-DX1.c55a29ca-468e-46de-9ff5-a51f46fe09fd,gigapath,GigaPath,10x__2p5x,0.4544191658496856,0.4496215283870697,0.3022000193595886,10× ↔ 2.5×,-2.1878025838966217,2.1878025838966217
KIRC,TCGA-BP-4991-01Z-00-DX1.71305f5c-ca59-48fa-bb82-4b441c1fffdc,gigapath,GigaPath,40x__10x,0.7223671078681946,0.4202430695295334,0.1540000140666961,40× ↔ 10×,-0.35580649867501235,0.35580649867501235
KIRC,TCGA-BP-4991-01Z-00-DX1.71305f5c-ca59-48fa-bb82-4b441c1fffdc,gigapath,GigaPath,40x__2p5x,0.6095538139343262,0.284208595752716,0.1073000058531761,40× ↔ 2.5×,-1.043351516515231,1.043351516515231
KIRC,TCGA-BP-4991-01Z-00-DX1.71305f5c-ca59-48fa-bb82-4b441c1fffdc,gigapath,GigaPath,10x__2p5x,0.7740123271942139,0.4298842549324035,0.2437000274658203,10× ↔ 2.5×,-2.9295403437602863,2.9295403437602863
KIRC,TCGA-BP-5201-01Z-00-DX1.d1a9878e-bb97-48fb-9098-9d9337f06250,gigapath,GigaPath,40x__10x,0.7022624015808105,0.4877166897058487,0.1924000233411789,40× ↔ 10×,-1.0642726119909167,1.0642726119909167
KIRC,TCGA-BP-5201-01Z-00-DX1.d1a9878e-bb97-48fb-9098-9d9337f06250,gigapath,GigaPath,40x__2p5x,0.4124011099338531,0.2853355333209038,0.1048000082373619,40× ↔ 2.5×,-0.9089062315936223,0.9089062315936223
KIRC,TCGA-BP-5201-01Z-00-DX1.d1a9878e-bb97-48fb-9098-9d9337f06250,gigapath,GigaPath,10x__2p5x,0.5514883995056152,0.4135448038578033,0.2098000198602676,10× ↔ 2.5×,-0.7334797192675291,0.7334797192675291
LUAD,TCGA-55-6986-01Z-00-DX1.ae52d41e-3cd6-4d36-b04b-2ea7d29bd8da,gigapath,GigaPath,40x__10x,0.6176028847694397,0.3658652901649475,0.1953000277280807,40× ↔ 10×,-0.2660039669831012,0.2660039669831012
LUAD,TCGA-55-6986-01Z-00-DX1.ae52d41e-3cd6-4d36-b04b-2ea7d29bd8da,gigapath,GigaPath,40x__2p5x,0.3932081758975982,0.2119942232966423,0.1170000061392784,40× ↔ 2.5×,-1.1057846607255484,1.1057846607255484
LUAD,TCGA-55-6986-01Z-00-DX1.ae52d41e-3cd6-4d36-b04b-2ea7d29bd8da,gigapath,GigaPath,10x__2p5x,0.6878417730331421,0.5004103928804398,0.2851000130176544,10× ↔ 2.5×,-1.1409087541086864,1.1409087541086864
LUAD,TCGA-64-5779-01Z-00-DX1.B3268447-DCE0-4927-B5A9-EC4D61E9B17D,gigapath,GigaPath,40x__10x,0.6644776463508606,0.3218395859003067,0.1599000096321106,40× ↔ 10×,0.7161066159377933,-0.7161066159377933
LUAD,TCGA-64-5779-01Z-00-DX1.B3268447-DCE0-4927-B5A9-EC4D61E9B17D,gigapath,GigaPath,40x__2p5x,0.2574778795242309,0.1086315512657165,0.0816999971866607,40× ↔ 2.5×,1.7042891632870472,-1.7042891632870472
LUAD,TCGA-64-5779-01Z-00-DX1.B3268447-DCE0-4927-B5A9-EC4D61E9B17D,gigapath,GigaPath,10x__2p5x,0.4498518705368042,0.4794085472822189,0.1792000085115432,10× ↔ 2.5×,0.8434090902320175,-0.8434090902320175
LUAD,TCGA-78-7158-01Z-00-DX1.74db3dcd-2715-4ce7-8e48-30c8b7946ba0,gigapath,GigaPath,40x__10x,0.5535168051719666,0.3934371024370193,0.1188000068068504,40× ↔ 10×,-0.947055860777725,0.947055860777725
LUAD,TCGA-78-7158-01Z-00-DX1.74db3dcd-2715-4ce7-8e48-30c8b7946ba0,gigapath,GigaPath,40x__2p5x,0.2817994058132171,0.2839799076318741,0.072900004684925,40× ↔ 2.5×,-2.552834760541857,2.552834760541857
LUAD,TCGA-78-7158-01Z-00-DX1.74db3dcd-2715-4ce7-8e48-30c8b7946ba0,gigapath,GigaPath,10x__2p5x,0.53807532787323,0.4695396870374679,0.1969000250101089,10× ↔ 2.5×,-1.2115353447847883,1.2115353447847883
LUAD,TCGA-78-7163-01Z-00-DX1.42880bdf-271d-41dd-aada-e7ec1156ff31,gigapath,GigaPath,40x__10x,0.6165983080863953,0.4856205582618713,0.1472000181674957,40× ↔ 10×,-0.5494686310815824,0.5494686310815824
LUAD,TCGA-78-7163-01Z-00-DX1.42880bdf-271d-41dd-aada-e7ec1156ff31,gigapath,GigaPath,40x__2p5x,0.3635671436786651,0.3209863901138305,0.0845000073313713,40× ↔ 2.5×,-2.8242536622729633,2.8242536622729633
LUAD,TCGA-78-7163-01Z-00-DX1.42880bdf-271d-41dd-aada-e7ec1156ff31,gigapath,GigaPath,10x__2p5x,0.579656720161438,0.4546240866184234,0.1919000148773193,10× ↔ 2.5×,-0.8938135386841847,0.8938135386841847
LUAD,TCGA-78-7536-01Z-00-DX1.6b066140-8b82-40a5-bd48-430eeb4463fe,gigapath,GigaPath,40x__10x,0.4314092993736267,0.3461995869874954,0.1070000082254409,40× ↔ 10×,-1.5210706632458824,1.5210706632458824
LUAD,TCGA-78-7536-01Z-00-DX1.6b066140-8b82-40a5-bd48-430eeb4463fe,gigapath,GigaPath,40x__2p5x,0.1617812663316726,0.1967735439538955,0.0509000048041343,40× ↔ 2.5×,-2.986675469628413,2.986675469628413
LUAD,TCGA-78-7536-01Z-00-DX1.6b066140-8b82-40a5-bd48-430eeb4463fe,gigapath,GigaPath,10x__2p5x,0.3842867910861969,0.4373925775289535,0.1403000056743621,10× ↔ 2.5×,-1.032207139464098,1.032207139464098
LUAD,TCGA-86-8668-01Z-00-DX1.d720d486-02c7-4f98-8feb-e0e50a12c158,gigapath,GigaPath,40x__10x,0.6597715020179749,0.3168562352657318,0.1518000066280365,40× ↔ 10×,0.1663665056848959,-0.1663665056848959
LUAD,TCGA-86-8668-01Z-00-DX1.d720d486-02c7-4f98-8feb-e0e50a12c158,gigapath,GigaPath,40x__2p5x,0.4483580291271209,0.2035615928471088,0.0947000011801719,40× ↔ 2.5×,-0.16120852787124812,0.16120852787124812
LUAD,TCGA-86-8668-01Z-00-DX1.d720d486-02c7-4f98-8feb-e0e50a12c158,gigapath,GigaPath,10x__2p5x,0.7017730474472046,0.4962620884180069,0.241100013256073,10× ↔ 2.5×,-0.8521909943136409,0.8521909943136409
LUAD,TCGA-97-A4LX-01Z-00-DX1.B2334672-A626-4E74-B4D1-A79F70F65909,gigapath,GigaPath,40x__10x,0.5181496143341064,0.4884797185659408,0.122000016272068,40× ↔ 10×,-0.7793204125627381,0.7793204125627381
LUAD,TCGA-97-A4LX-01Z-00-DX1.B2334672-A626-4E74-B4D1-A79F70F65909,gigapath,GigaPath,40x__2p5x,0.3432548642158508,0.1642939932644367,0.0603000074625015,40× ↔ 2.5×,-2.436884406886832,2.436884406886832
LUAD,TCGA-97-A4LX-01Z-00-DX1.B2334672-A626-4E74-B4D1-A79F70F65909,gigapath,GigaPath,10x__2p5x,0.6493123173713684,0.49628946185112,0.1561000198125839,10× ↔ 2.5×,-1.4535610114347564,1.4535610114347564
LUAD,TCGA-97-A4M2-01Z-00-DX1.5C72522C-1538-4D68-B517-5FB05A9D401A,gigapath,GigaPath,40x__10x,0.6382796168327332,0.4079442620277405,0.1676000207662582,40× ↔ 10×,-0.38267814980191533,0.38267814980191533
LUAD,TCGA-97-A4M2-01Z-00-DX1.5C72522C-1538-4D68-B517-5FB05A9D401A,gigapath,GigaPath,40x__2p5x,0.4917944371700287,0.2007975131273269,0.0915000066161155,40× ↔ 2.5×,-2.392655172886733,2.392655172886733
LUAD,TCGA-97-A4M2-01Z-00-DX1.5C72522C-1538-4D68-B517-5FB05A9D401A,gigapath,GigaPath,10x__2p5x,0.6937412619590759,0.4871300458908081,0.2201999872922897,10× ↔ 2.5×,-1.2582460064792158,1.2582460064792158
LUAD,TCGA-J2-A4AE-01Z-00-DX1.42C5DE4A-7787-4E59-8969-D12503262C96,gigapath,GigaPath,40x__10x,0.7194103598594666,0.3468392491340637,0.1593000292778015,40× ↔ 10×,-0.761927433081906,0.761927433081906
LUAD,TCGA-J2-A4AE-01Z-00-DX1.42C5DE4A-7787-4E59-8969-D12503262C96,gigapath,GigaPath,40x__2p5x,0.5682706236839294,0.1361282207071781,0.0957000032067298,40× ↔ 2.5×,-2.782574974163226,2.782574974163226
LUAD,TCGA-J2-A4AE-01Z-00-DX1.42C5DE4A-7787-4E59-8969-D12503262C96,gigapath,GigaPath,10x__2p5x,0.790478527545929,0.5343566387891769,0.2745000123977661,10× ↔ 2.5×,-1.3451287998986712,1.3451287998986712
STAD,TCGA-BR-6452-01Z-00-DX1.aec8246e-9dce-436d-9faa-df8fa1f6e47c,gigapath,GigaPath,40x__10x,0.5601645112037659,0.2942836433649063,0.2158000171184539,40× ↔ 10×,-1.697162688047067,1.697162688047067
STAD,TCGA-BR-6452-01Z-00-DX1.aec8246e-9dce-436d-9faa-df8fa1f6e47c,gigapath,GigaPath,40x__2p5x,0.3889599740505218,0.1898949593305587,0.1322000175714492,40× ↔ 2.5×,-2.946454246184911,2.946454246184911
STAD,TCGA-BR-6452-01Z-00-DX1.aec8246e-9dce-436d-9faa-df8fa1f6e47c,gigapath,GigaPath,10x__2p5x,0.6196381449699402,0.5577455461025238,0.3034000396728515,10× ↔ 2.5×,-0.2689549321275863,0.2689549321275863
STAD,TCGA-BR-6454-01Z-00-DX1.63fb6280-2b43-49b2-960a-eb9c0e8b617c,gigapath,GigaPath,40x__10x,0.3956202566623688,0.3191481381654739,0.1270000040531158,40× ↔ 10×,-2.171933207927015,2.171933207927015
STAD,TCGA-BR-6454-01Z-00-DX1.63fb6280-2b43-49b2-960a-eb9c0e8b617c,gigapath,GigaPath,40x__2p5x,0.1399813294410705,0.1561584994196891,0.0636000037193298,40× ↔ 2.5×,-5.039850796715229,5.039850796715229
STAD,TCGA-BR-6454-01Z-00-DX1.63fb6280-2b43-49b2-960a-eb9c0e8b617c,gigapath,GigaPath,10x__2p5x,0.4065804183483124,0.4274396151304245,0.1978999972343444,10× ↔ 2.5×,-2.1997427475578624,2.1997427475578624
STAD,TCGA-BR-A4CQ-01Z-00-DX1.B63282A5-154D-441B-BF96-5BB26CB6D95E,gigapath,GigaPath,40x__10x,0.6536036729812622,0.3371536582708359,0.1890000104904174,40× ↔ 10×,-1.3523841915040018,1.3523841915040018
STAD,TCGA-BR-A4CQ-01Z-00-DX1.B63282A5-154D-441B-BF96-5BB26CB6D95E,gigapath,GigaPath,40x__2p5x,0.4971220195293426,0.1489977575838565,0.1187000051140785,40× ↔ 2.5×,-2.3567019165884364,2.3567019165884364
STAD,TCGA-BR-A4CQ-01Z-00-DX1.B63282A5-154D-441B-BF96-5BB26CB6D95E,gigapath,GigaPath,10x__2p5x,0.7081769704818726,0.5970762968063354,0.3092000186443329,10× ↔ 2.5×,-2.5052614761387995,2.5052614761387995
STAD,TCGA-CD-A487-01Z-00-DX1.A026BD2F-B721-4340-83D5-7AA39227C90F,gigapath,GigaPath,40x__10x,0.6209185123443604,0.436369389295578,0.2270000129938125,40× ↔ 10×,-1.9837825582129884,1.9837825582129884
STAD,TCGA-CD-A487-01Z-00-DX1.A026BD2F-B721-4340-83D5-7AA39227C90F,gigapath,GigaPath,40x__2p5x,0.4414877593517303,0.1965345591306686,0.181300014257431,40× ↔ 2.5×,-2.7393777022341466,2.7393777022341466
STAD,TCGA-CD-A487-01Z-00-DX1.A026BD2F-B721-4340-83D5-7AA39227C90F,gigapath,GigaPath,10x__2p5x,0.5821622610092163,0.5197770446538925,0.3587000370025635,10× ↔ 2.5×,-1.0777817353591908,1.0777817353591908
STAD,TCGA-FP-8209-01Z-00-DX1.a5e13081-1631-44d4-8d6a-c229a22c2311,gigapath,GigaPath,40x__10x,0.7000593543052673,0.3016542345285415,0.2318000197410583,40× ↔ 10×,-1.5325748375559223,1.5325748375559223
STAD,TCGA-FP-8209-01Z-00-DX1.a5e13081-1631-44d4-8d6a-c229a22c2311,gigapath,GigaPath,40x__2p5x,0.4072917699813843,0.185943990945816,0.1752000153064727,40× ↔ 2.5×,-2.3576743684640133,2.3576743684640133
STAD,TCGA-FP-8209-01Z-00-DX1.a5e13081-1631-44d4-8d6a-c229a22c2311,gigapath,GigaPath,10x__2p5x,0.5582945942878723,0.4904867261648178,0.3747000396251678,10× ↔ 2.5×,-2.94032253302904,2.94032253302904
STAD,TCGA-SW-A7EA-01Z-00-DX1.C5E1BE0E-0A25-4480-A3AC-DB2ED7471A4E,gigapath,GigaPath,40x__10x,0.8727878928184509,0.4058417379856109,0.1900000125169754,40× ↔ 10×,-2.0109023577859806,2.0109023577859806
STAD,TCGA-SW-A7EA-01Z-00-DX1.C5E1BE0E-0A25-4480-A3AC-DB2ED7471A4E,gigapath,GigaPath,40x__2p5x,0.7959054708480835,0.2045793980360031,0.1347000151872635,40× ↔ 2.5×,-5.736615740043342,5.736615740043342
STAD,TCGA-SW-A7EA-01Z-00-DX1.C5E1BE0E-0A25-4480-A3AC-DB2ED7471A4E,gigapath,GigaPath,10x__2p5x,0.837299108505249,0.5300841927528381,0.3118000328540802,10× ↔ 2.5×,-2.9186648864708395,2.9186648864708395
STAD,TCGA-VQ-A8PY-01Z-00-DX1.EA2C7386-012A-442A-95B3-FFA12BD2684D,gigapath,GigaPath,40x__10x,0.7282642722129822,0.3871239274740219,0.2374000251293182,40× ↔ 10×,-2.1760276256190267,2.1760276256190267
STAD,TCGA-VQ-A8PY-01Z-00-DX1.EA2C7386-012A-442A-95B3-FFA12BD2684D,gigapath,GigaPath,40x__2p5x,0.5735251307487488,0.2118330597877502,0.170300006866455,40× ↔ 2.5×,-1.7659491436469998,1.7659491436469998
STAD,TCGA-VQ-A8PY-01Z-00-DX1.EA2C7386-012A-442A-95B3-FFA12BD2684D,gigapath,GigaPath,10x__2p5x,0.7134043574333191,0.4964580088853836,0.3349000513553619,10× ↔ 2.5×,-2.0199005193597386,2.0199005193597386
STAD,TCGA-VQ-A924-01Z-00-DX1.736B41F3-9678-4FAF-AE86-FCAC4F6DCBD3,gigapath,GigaPath,40x__10x,0.6208609342575073,0.3464276641607284,0.1588000059127807,40× ↔ 10×,-2.423136617499419,2.423136617499419
STAD,TCGA-VQ-A924-01Z-00-DX1.736B41F3-9678-4FAF-AE86-FCAC4F6DCBD3,gigapath,GigaPath,40x__2p5x,0.3750380277633667,0.239900916814804,0.1054000109434127,40× ↔ 2.5×,-4.490064673544401,4.490064673544401
STAD,TCGA-VQ-A924-01Z-00-DX1.736B41F3-9678-4FAF-AE86-FCAC4F6DCBD3,gigapath,GigaPath,10x__2p5x,0.5795184373855591,0.4568322598934173,0.2851000130176544,10× ↔ 2.5×,-2.838685567092164,2.838685567092164
STAD,TCGA-ZQ-A9CR-01Z-00-DX1.C9AC9991-7054-4068-A7AA-9D1EB7F040A3,gigapath,GigaPath,40x__10x,0.8396321535110474,0.4357572942972183,0.2100000083446502,40× ↔ 10×,-1.4895673491090136,1.4895673491090136
STAD,TCGA-ZQ-A9CR-01Z-00-DX1.C9AC9991-7054-4068-A7AA-9D1EB7F040A3,gigapath,GigaPath,40x__2p5x,0.7725821733474731,0.3675024956464767,0.1408000141382217,40× ↔ 2.5×,-5.0891123705172046,5.0891123705172046
STAD,TCGA-ZQ-A9CR-01Z-00-DX1.C9AC9991-7054-4068-A7AA-9D1EB7F040A3,gigapath,GigaPath,10x__2p5x,0.8044562339782715,0.5746552795171738,0.261100023984909,10× ↔ 2.5×,-2.2740202616919887,2.2740202616919887
UCEC,TCGA-A5-A0GX-01Z-00-DX1.7E713D1A-5858-4648-957D-77189E43CFAA,gigapath,GigaPath,40x__10x,0.6565155982971191,0.4300562888383865,0.1543000042438507,40× ↔ 10×,-0.5872279990013051,0.5872279990013051
UCEC,TCGA-A5-A0GX-01Z-00-DX1.7E713D1A-5858-4648-957D-77189E43CFAA,gigapath,GigaPath,40x__2p5x,0.5002918243408203,0.2682512179017067,0.0908000096678733,40× ↔ 2.5×,-0.7962426395370447,0.7962426395370447
UCEC,TCGA-A5-A0GX-01Z-00-DX1.7E713D1A-5858-4648-957D-77189E43CFAA,gigapath,GigaPath,10x__2p5x,0.6966456770896912,0.569530114531517,0.2189000248908996,10× ↔ 2.5×,-0.08370220659506468,0.08370220659506468
UCEC,TCGA-A5-A0R7-01Z-00-DX1.D21E6974-22A3-4A68-8B4E-14E84A7A50A5,gigapath,GigaPath,40x__10x,0.6561881303787231,0.4002360254526138,0.1603000164031982,40× ↔ 10×,-1.6633823990774688,1.6633823990774688
UCEC,TCGA-A5-A0R7-01Z-00-DX1.D21E6974-22A3-4A68-8B4E-14E84A7A50A5,gigapath,GigaPath,40x__2p5x,0.5247407555580139,0.1604417972266674,0.0861999988555908,40× ↔ 2.5×,-2.70362271962999,2.70362271962999
UCEC,TCGA-A5-A0R7-01Z-00-DX1.D21E6974-22A3-4A68-8B4E-14E84A7A50A5,gigapath,GigaPath,10x__2p5x,0.7714248299598694,0.5067780613899231,0.2150000035762787,10× ↔ 2.5×,-0.9967995349130389,0.9967995349130389
UCEC,TCGA-AX-A05U-01Z-00-DX1.1EBFC727-B5D5-4543-BBA9-4254ABD3D584,gigapath,GigaPath,40x__10x,0.6849602460861206,0.3800413459539413,0.1747000217437744,40× ↔ 10×,-0.8040206483573744,0.8040206483573744
UCEC,TCGA-AX-A05U-01Z-00-DX1.1EBFC727-B5D5-4543-BBA9-4254ABD3D584,gigapath,GigaPath,40x__2p5x,0.595993161201477,0.2117101326584816,0.115100011229515,40× ↔ 2.5×,-2.33800973280606,2.33800973280606
UCEC,TCGA-AX-A05U-01Z-00-DX1.1EBFC727-B5D5-4543-BBA9-4254ABD3D584,gigapath,GigaPath,10x__2p5x,0.7661221623420715,0.5508467853069305,0.242900013923645,10× ↔ 2.5×,-0.1572178389027905,0.1572178389027905
UCEC,TCGA-AX-A06B-01Z-00-DX2.1757C039-99F7-4087-A9E5-D340AF7220D4,gigapath,GigaPath,40x__10x,0.6925846338272095,0.3813348561525345,0.1843000054359436,40× ↔ 10×,-0.4920158278253671,0.4920158278253671
UCEC,TCGA-AX-A06B-01Z-00-DX2.1757C039-99F7-4087-A9E5-D340AF7220D4,gigapath,GigaPath,40x__2p5x,0.4016079604625702,0.1869251728057861,0.1321000158786773,40× ↔ 2.5×,-1.872796871421795,1.872796871421795
UCEC,TCGA-AX-A06B-01Z-00-DX2.1757C039-99F7-4087-A9E5-D340AF7220D4,gigapath,GigaPath,10x__2p5x,0.570273220539093,0.5796388387680054,0.2781000137329101,10× ↔ 2.5×,0.3815192327279667,-0.3815192327279667
UCEC,TCGA-AX-A0J0-01Z-00-DX2.56C668BE-03B8-4B87-A226-AABD97D53C38,gigapath,GigaPath,40x__10x,0.8041272759437561,0.3217180073261261,0.2029000073671341,40× ↔ 10×,-0.8677794538725776,0.8677794538725776
UCEC,TCGA-AX-A0J0-01Z-00-DX2.56C668BE-03B8-4B87-A226-AABD97D53C38,gigapath,GigaPath,40x__2p5x,0.6703561544418335,0.1385849341750145,0.1239000037312507,40× ↔ 2.5×,-1.8140833402862693,1.8140833402862693
UCEC,TCGA-AX-A0J0-01Z-00-DX2.56C668BE-03B8-4B87-A226-AABD97D53C38,gigapath,GigaPath,10x__2p5x,0.7705700993537903,0.6213686764240265,0.2416000217199325,10× ↔ 2.5×,-0.4669501632987073,0.4669501632987073
UCEC,TCGA-B5-A11F-01Z-00-DX1.3F1C053D-E81E-4C8D-965D-6F3DE29D9511,gigapath,GigaPath,40x__10x,0.7230532169342041,0.3422071188688278,0.1825000047683715,40× ↔ 10×,-1.5941160018356055,1.5941160018356055
UCEC,TCGA-B5-A11F-01Z-00-DX1.3F1C053D-E81E-4C8D-965D-6F3DE29D9511,gigapath,GigaPath,40x__2p5x,0.5264915823936462,0.1871797814965248,0.1056000143289566,40× ↔ 2.5×,-5.0679571117912285,5.0679571117912285
UCEC,TCGA-B5-A11F-01Z-00-DX1.3F1C053D-E81E-4C8D-965D-6F3DE29D9511,gigapath,GigaPath,10x__2p5x,0.6257451772689819,0.4841391146183014,0.2233000099658966,10× ↔ 2.5×,-0.8291485848073155,0.8291485848073155
UCEC,TCGA-BG-A0W1-01Z-00-DX1.8E06269C-1278-478B-A128-59FA911B1649,gigapath,GigaPath,40x__10x,0.8492883443832397,0.4119142293930053,0.1919000148773193,40× ↔ 10×,-1.8541753918454151,1.8541753918454151
UCEC,TCGA-BG-A0W1-01Z-00-DX1.8E06269C-1278-478B-A128-59FA911B1649,gigapath,GigaPath,40x__2p5x,0.5896700024604797,0.1497766003012657,0.1215000078082084,40× ↔ 2.5×,-3.6069518006398553,3.6069518006398553
UCEC,TCGA-BG-A0W1-01Z-00-DX1.8E06269C-1278-478B-A128-59FA911B1649,gigapath,GigaPath,10x__2p5x,0.6577601432800293,0.4413953870534897,0.2583999931812286,10× ↔ 2.5×,-0.7143345332164023,0.7143345332164023
UCEC,TCGA-EY-A1GQ-01Z-00-DX1.03D52C6F-515E-4A4F-A08E-31D773BCC67F,gigapath,GigaPath,40x__10x,0.5148584842681885,0.337372824549675,0.0963000059127807,40× ↔ 10×,-0.956106783101028,0.956106783101028
UCEC,TCGA-EY-A1GQ-01Z-00-DX1.03D52C6F-515E-4A4F-A08E-31D773BCC67F,gigapath,GigaPath,40x__2p5x,0.2744224965572357,0.1753675602376461,0.0607000030577182,40× ↔ 2.5×,-3.425336046394542,3.425336046394542
UCEC,TCGA-EY-A1GQ-01Z-00-DX1.03D52C6F-515E-4A4F-A08E-31D773BCC67F,gigapath,GigaPath,10x__2p5x,0.5496229529380798,0.5256509333848953,0.2120000123977661,10× ↔ 2.5×,-1.4727614996651468,1.4727614996651468
UCEC,TCGA-FI-A2EX-01Z-00-DX1.127F5153-745D-43E6-83CA-DE2738702C62,gigapath,GigaPath,40x__10x,0.6535140872001648,0.4002515077590942,0.1934000104665756,40× ↔ 10×,-0.6450608666557159,0.6450608666557159
UCEC,TCGA-FI-A2EX-01Z-00-DX1.127F5153-745D-43E6-83CA-DE2738702C62,gigapath,GigaPath,40x__2p5x,0.4289714694023132,0.3092938512563705,0.123400017619133,40× ↔ 2.5×,-1.5217205697806877,1.5217205697806877
UCEC,TCGA-FI-A2EX-01Z-00-DX1.127F5153-745D-43E6-83CA-DE2738702C62,gigapath,GigaPath,10x__2p5x,0.5944788455963135,0.6592300534248352,0.2467000037431717,10× ↔ 2.5×,-0.3391196209084125,0.3391196209084125
BLCA,TCGA-CF-A3MF-01Z-00-DX1.91768C26-5BB1-4DE6-9737-AA26BD687A75,gigapath_flash,GigaPath-Flash,40x__10x,0.7085378170013428,0.5933394134044647,0.1597999930381775,40× ↔ 10×,-2.8465017468683955,2.8465017468683955
BLCA,TCGA-CF-A3MF-01Z-00-DX1.91768C26-5BB1-4DE6-9737-AA26BD687A75,gigapath_flash,GigaPath-Flash,40x__2p5x,0.3969433009624481,0.5018530637025833,0.0774000063538551,40× ↔ 2.5×,-2.9610374685354928,2.9610374685354928
BLCA,TCGA-CF-A3MF-01Z-00-DX1.91768C26-5BB1-4DE6-9737-AA26BD687A75,gigapath_flash,GigaPath-Flash,10x__2p5x,0.5062699317932129,0.569048747420311,0.1548999994993209,10× ↔ 2.5×,-0.8325111553192915,0.8325111553192915
BLCA,TCGA-CU-A0YN-01Z-00-DX1.6C5EAAAF-8F14-49D3-8FFC-9BDAE56CAFD0,gigapath_flash,GigaPath-Flash,40x__10x,0.5077130794525146,0.4481571465730667,0.1240000054240226,40× ↔ 10×,-0.4931759246814199,0.4931759246814199
BLCA,TCGA-CU-A0YN-01Z-00-DX1.6C5EAAAF-8F14-49D3-8FFC-9BDAE56CAFD0,gigapath_flash,GigaPath-Flash,40x__2p5x,0.262347400188446,0.3108192309737205,0.0861000120639801,40× ↔ 2.5×,-2.9369844402100354,2.9369844402100354
BLCA,TCGA-CU-A0YN-01Z-00-DX1.6C5EAAAF-8F14-49D3-8FFC-9BDAE56CAFD0,gigapath_flash,GigaPath-Flash,10x__2p5x,0.5358307361602783,0.6434538513422012,0.3011000156402588,10× ↔ 2.5×,-1.2357164914827603,1.2357164914827603
BLCA,TCGA-DK-A6AW-01Z-00-DX1.C2453A8C-8282-443C-9E76-5B6CAD2FE69B,gigapath_flash,GigaPath-Flash,40x__10x,0.8628790378570557,0.4172183126211166,0.2223000228404998,40× ↔ 10×,-1.593640525638023,1.593640525638023
BLCA,TCGA-DK-A6AW-01Z-00-DX1.C2453A8C-8282-443C-9E76-5B6CAD2FE69B,gigapath_flash,GigaPath-Flash,40x__2p5x,0.6357932686805725,0.3351309597492218,0.1481000185012817,40× ↔ 2.5×,-3.0535132057342405,3.0535132057342405
BLCA,TCGA-DK-A6AW-01Z-00-DX1.C2453A8C-8282-443C-9E76-5B6CAD2FE69B,gigapath_flash,GigaPath-Flash,10x__2p5x,0.6892598867416382,0.5830083191394806,0.3175000250339508,10× ↔ 2.5×,-0.8062818218009887,0.8062818218009887
BLCA,TCGA-DK-AA6L-01A-01-TSA.5794F0C6-9ED6-489A-9621-18CCC5935548,gigapath_flash,GigaPath-Flash,40x__10x,0.6186631917953491,0.6126357913017273,0.1413999944925308,40× ↔ 10×,-2.260568590530906,2.260568590530906
BLCA,TCGA-DK-AA6L-01A-01-TSA.5794F0C6-9ED6-489A-9621-18CCC5935548,gigapath_flash,GigaPath-Flash,40x__2p5x,0.2611326873302459,0.5118058919906616,0.0940000042319297,40× ↔ 2.5×,-2.970173245883675,2.970173245883675
BLCA,TCGA-DK-AA6L-01A-01-TSA.5794F0C6-9ED6-489A-9621-18CCC5935548,gigapath_flash,GigaPath-Flash,10x__2p5x,0.4637716710567474,0.5293769389390945,0.2277000099420547,10× ↔ 2.5×,-1.082730837462623,1.082730837462623
BLCA,TCGA-DK-AA77-01A-01-TSA.26CAF5CB-CC4F-4522-BD2B-343FB70205FE,gigapath_flash,GigaPath-Flash,40x__10x,0.5661484003067017,0.6556207537651062,0.106000006198883,40× ↔ 10×,-1.676427823049514,1.676427823049514
BLCA,TCGA-DK-AA77-01A-01-TSA.26CAF5CB-CC4F-4522-BD2B-343FB70205FE,gigapath_flash,GigaPath-Flash,40x__2p5x,0.2146189659833908,0.4559603929519653,0.0641999989748001,40× ↔ 2.5×,-2.352232104376862,2.352232104376862
BLCA,TCGA-DK-AA77-01A-01-TSA.26CAF5CB-CC4F-4522-BD2B-343FB70205FE,gigapath_flash,GigaPath-Flash,10x__2p5x,0.4365611970424652,0.4730166643857956,0.2003000229597091,10× ↔ 2.5×,-0.8051547439509917,0.8051547439509917
BLCA,TCGA-FD-A6TK-01Z-00-DX1.B685DA87-72A6-4C38-8AA1-40B6E543383C,gigapath_flash,GigaPath-Flash,40x__10x,0.7727702260017395,0.612979918718338,0.2268000245094299,40× ↔ 10×,-1.2504542748273129,1.2504542748273129
BLCA,TCGA-FD-A6TK-01Z-00-DX1.B685DA87-72A6-4C38-8AA1-40B6E543383C,gigapath_flash,GigaPath-Flash,40x__2p5x,0.6266980171203613,0.4921074360609054,0.1284999996423721,40× ↔ 2.5×,-3.3452418447958605,3.3452418447958605
BLCA,TCGA-FD-A6TK-01Z-00-DX1.B685DA87-72A6-4C38-8AA1-40B6E543383C,gigapath_flash,GigaPath-Flash,10x__2p5x,0.7271615266799927,0.6404530107975006,0.2614000141620636,10× ↔ 2.5×,-0.6143857109891677,0.6143857109891677
BLCA,TCGA-GU-AATP-01Z-00-DX1.0D8EC37C-88E7-49D5-A76D-F0A4A3FD8AE4,gigapath_flash,GigaPath-Flash,40x__10x,0.7322387099266052,0.5876761376857758,0.2128999978303909,40× ↔ 10×,-1.2841675695264294,1.2841675695264294
BLCA,TCGA-GU-AATP-01Z-00-DX1.0D8EC37C-88E7-49D5-A76D-F0A4A3FD8AE4,gigapath_flash,GigaPath-Flash,40x__2p5x,0.491276204586029,0.4243551641702652,0.1215000078082084,40× ↔ 2.5×,-2.573331746193376,2.573331746193376
BLCA,TCGA-GU-AATP-01Z-00-DX1.0D8EC37C-88E7-49D5-A76D-F0A4A3FD8AE4,gigapath_flash,GigaPath-Flash,10x__2p5x,0.6550938487052917,0.561138466000557,0.2490000128746032,10× ↔ 2.5×,-0.562216397007681,0.562216397007681
BLCA,TCGA-XF-A8HB-01Z-00-DX1.D6874152-D20A-4CA4-8E8B-8CBAB5F7D7B5,gigapath_flash,GigaPath-Flash,40x__10x,0.7241758108139038,0.573211133480072,0.2023999989032745,40× ↔ 10×,-0.6831568045662323,0.6831568045662323
BLCA,TCGA-XF-A8HB-01Z-00-DX1.D6874152-D20A-4CA4-8E8B-8CBAB5F7D7B5,gigapath_flash,GigaPath-Flash,40x__2p5x,0.4018641710281372,0.3797721266746521,0.108800008893013,40× ↔ 2.5×,-2.643974992444501,2.643974992444501
BLCA,TCGA-XF-A8HB-01Z-00-DX1.D6874152-D20A-4CA4-8E8B-8CBAB5F7D7B5,gigapath_flash,GigaPath-Flash,10x__2p5x,0.5756698846817017,0.6901901364326477,0.2119000107049942,10× ↔ 2.5×,-0.5629997400758697,0.5629997400758697
BLCA,TCGA-ZF-A9R1-01Z-00-DX1.74520759-D448-45B5-B8AD-45502C99A519,gigapath_flash,GigaPath-Flash,40x__10x,0.7212799787521362,0.5900668799877167,0.265500009059906,40× ↔ 10×,-2.533714475784923,2.533714475784923
BLCA,TCGA-ZF-A9R1-01Z-00-DX1.74520759-D448-45B5-B8AD-45502C99A519,gigapath_flash,GigaPath-Flash,40x__2p5x,0.4796831905841827,0.4429547488689422,0.1591000109910965,40× ↔ 2.5×,-3.0447815883654092,3.0447815883654092
BLCA,TCGA-ZF-A9R1-01Z-00-DX1.74520759-D448-45B5-B8AD-45502C99A519,gigapath_flash,GigaPath-Flash,10x__2p5x,0.6490795612335205,0.615598738193512,0.2794000506401062,10× ↔ 2.5×,-0.7038972760334018,0.7038972760334018
BLCA,TCGA-ZF-AA51-01Z-00-DX1.128C9731-C206-4E71-9A64-864FA9FD7E96,gigapath_flash,GigaPath-Flash,40x__10x,0.7442511320114136,0.6184560656547546,0.2665000259876251,40× ↔ 10×,-0.4755416802446867,0.4755416802446867
BLCA,TCGA-ZF-AA51-01Z-00-DX1.128C9731-C206-4E71-9A64-864FA9FD7E96,gigapath_flash,GigaPath-Flash,40x__2p5x,0.4988597929477691,0.4628686457872391,0.1433999985456466,40× ↔ 2.5×,-3.211073313497759,3.211073313497759
BLCA,TCGA-ZF-AA51-01Z-00-DX1.128C9731-C206-4E71-9A64-864FA9FD7E96,gigapath_flash,GigaPath-Flash,10x__2p5x,0.5452051162719727,0.671595424413681,0.2239000052213668,10× ↔ 2.5×,-1.2265763799417022,1.2265763799417022
BRCA,TCGA-A7-A2KD-01Z-00-DX1.BFF2DFC8-1D95-4DC2-98FC-5BD7D7C6CDF5,gigapath_flash,GigaPath-Flash,40x__10x,0.539359450340271,0.5486479997634888,0.1439000070095062,40× ↔ 10×,-4.017988386651298,4.017988386651298
BRCA,TCGA-A7-A2KD-01Z-00-DX1.BFF2DFC8-1D95-4DC2-98FC-5BD7D7C6CDF5,gigapath_flash,GigaPath-Flash,40x__2p5x,0.254952996969223,0.4433108866214752,0.0947000086307525,40× ↔ 2.5×,-3.102513687509773,3.102513687509773
BRCA,TCGA-A7-A2KD-01Z-00-DX1.BFF2DFC8-1D95-4DC2-98FC-5BD7D7C6CDF5,gigapath_flash,GigaPath-Flash,10x__2p5x,0.5634203553199768,0.4417537599802017,0.2885000109672546,10× ↔ 2.5×,-0.079831893327896,0.079831893327896
BRCA,TCGA-AN-A0G0-01Z-00-DX1.BE0BB5DF-DEDA-48D8-B5D8-2735C767F28F,gigapath_flash,GigaPath-Flash,40x__10x,0.678302526473999,0.4926889836788177,0.1271000057458877,40× ↔ 10×,-2.760997698198401,2.760997698198401
BRCA,TCGA-AN-A0G0-01Z-00-DX1.BE0BB5DF-DEDA-48D8-B5D8-2735C767F28F,gigapath_flash,GigaPath-Flash,40x__2p5x,0.4848735332489013,0.3283888101577759,0.0871000066399574,40× ↔ 2.5×,-4.159063956333535,4.159063956333535
BRCA,TCGA-AN-A0G0-01Z-00-DX1.BE0BB5DF-DEDA-48D8-B5D8-2735C767F28F,gigapath_flash,GigaPath-Flash,10x__2p5x,0.684357762336731,0.4932309687137604,0.2487000226974487,10× ↔ 2.5×,-0.6919322516624404,0.6919322516624404
BRCA,TCGA-AQ-A04L-01Z-00-DX1.F35BF4DD-896A-43C2-8DA6-C67945C003BE,gigapath_flash,GigaPath-Flash,40x__10x,0.7782765626907349,0.627667635679245,0.1388000249862671,40× ↔ 10×,-0.48392474643046557,0.48392474643046557
BRCA,TCGA-AQ-A04L-01Z-00-DX1.F35BF4DD-896A-43C2-8DA6-C67945C003BE,gigapath_flash,GigaPath-Flash,40x__2p5x,0.5978081226348877,0.4715923219919204,0.0895000025629997,40× ↔ 2.5×,-4.531171189324412,4.531171189324412
BRCA,TCGA-AQ-A04L-01Z-00-DX1.F35BF4DD-896A-43C2-8DA6-C67945C003BE,gigapath_flash,GigaPath-Flash,10x__2p5x,0.7524221539497375,0.6929775178432465,0.2168000191450119,10× ↔ 2.5×,-1.906595070198812,1.906595070198812
BRCA,TCGA-AR-A2LK-01Z-00-DX1.FBD59C38-CD4E-4C22-BC74-A57C192A9BBC,gigapath_flash,GigaPath-Flash,40x__10x,0.6717398166656494,0.5783734023571014,0.1765000075101852,40× ↔ 10×,-1.8476075425714371,1.8476075425714371
BRCA,TCGA-AR-A2LK-01Z-00-DX1.FBD59C38-CD4E-4C22-BC74-A57C192A9BBC,gigapath_flash,GigaPath-Flash,40x__2p5x,0.4264292120933532,0.4041279703378677,0.113300010561943,40× ↔ 2.5×,-4.551090854338647,4.551090854338647
BRCA,TCGA-AR-A2LK-01Z-00-DX1.FBD59C38-CD4E-4C22-BC74-A57C192A9BBC,gigapath_flash,GigaPath-Flash,10x__2p5x,0.5951922535896301,0.6251803636550903,0.2666000127792358,10× ↔ 2.5×,-1.35931434913944,1.35931434913944
BRCA,TCGA-AR-A5QM-01Z-00-DX1.A9017CED-FF57-4090-95B9-94DC91854347,gigapath_flash,GigaPath-Flash,40x__10x,0.6300105452537537,0.5962059795856476,0.1365000009536743,40× ↔ 10×,-0.9118499263989308,0.9118499263989308
BRCA,TCGA-AR-A5QM-01Z-00-DX1.A9017CED-FF57-4090-95B9-94DC91854347,gigapath_flash,GigaPath-Flash,40x__2p5x,0.3903547823429107,0.3621719032526016,0.0842000097036361,40× ↔ 2.5×,-5.453261010735227,5.453261010735227
BRCA,TCGA-AR-A5QM-01Z-00-DX1.A9017CED-FF57-4090-95B9-94DC91854347,gigapath_flash,GigaPath-Flash,10x__2p5x,0.5662634372711182,0.6270720660686493,0.2017000168561935,10× ↔ 2.5×,-1.695560698683727,1.695560698683727
BRCA,TCGA-BH-A0C1-01Z-00-DX1.21FE357E-B182-4397-BFEF-7E96E994236A,gigapath_flash,GigaPath-Flash,40x__10x,0.7626288533210754,0.6522722542285919,0.155100017786026,40× ↔ 10×,-2.565909534498158,2.565909534498158
BRCA,TCGA-BH-A0C1-01Z-00-DX1.21FE357E-B182-4397-BFEF-7E96E994236A,gigapath_flash,GigaPath-Flash,40x__2p5x,0.6027513146400452,0.464784488081932,0.0976000130176544,40× ↔ 2.5×,-4.68749248147192,4.68749248147192
BRCA,TCGA-BH-A0C1-01Z-00-DX1.21FE357E-B182-4397-BFEF-7E96E994236A,gigapath_flash,GigaPath-Flash,10x__2p5x,0.7849885821342468,0.6065774708986282,0.2606000006198883,10× ↔ 2.5×,-1.5537520282344939,1.5537520282344939
BRCA,TCGA-D8-A1X8-01Z-00-DX1.DDA3866E-C7CC-4650-BE2B-5C9A98A2D531,gigapath_flash,GigaPath-Flash,40x__10x,0.7774635553359985,0.5121854543685913,0.2169000208377838,40× ↔ 10×,-1.9565528890683517,1.9565528890683517
BRCA,TCGA-D8-A1X8-01Z-00-DX1.DDA3866E-C7CC-4650-BE2B-5C9A98A2D531,gigapath_flash,GigaPath-Flash,40x__2p5x,0.3707714974880218,0.4931507557630539,0.1212000027298927,40× ↔ 2.5×,-4.732674520181481,4.732674520181481
BRCA,TCGA-D8-A1X8-01Z-00-DX1.DDA3866E-C7CC-4650-BE2B-5C9A98A2D531,gigapath_flash,GigaPath-Flash,10x__2p5x,0.4880556166172027,0.5360125750303268,0.2541000247001648,10× ↔ 2.5×,-0.7900084319448342,0.7900084319448342
BRCA,TCGA-E2-A14P-01Z-00-DX1.663B02FF-C64B-41A6-8685-FD61CD76F9C6,gigapath_flash,GigaPath-Flash,40x__10x,0.8541707992553711,0.4352517873048782,0.1981000155210495,40× ↔ 10×,-2.3288784008897805,2.3288784008897805
BRCA,TCGA-E2-A14P-01Z-00-DX1.663B02FF-C64B-41A6-8685-FD61CD76F9C6,gigapath_flash,GigaPath-Flash,40x__2p5x,0.70957350730896,0.3587701022624969,0.1103000119328498,40× ↔ 2.5×,-4.239636685158256,4.239636685158256
BRCA,TCGA-E2-A14P-01Z-00-DX1.663B02FF-C64B-41A6-8685-FD61CD76F9C6,gigapath_flash,GigaPath-Flash,10x__2p5x,0.7900944352149963,0.5347231477499008,0.2213000208139419,10× ↔ 2.5×,-1.8297078484464504,1.8297078484464504
BRCA,TCGA-E2-A1LA-01Z-00-DX1.AE49E943-B830-4ED9-B09E-E499441BC2EC,gigapath_flash,GigaPath-Flash,40x__10x,0.7999365925788879,0.6015801429748535,0.262800008058548,40× ↔ 10×,-0.5741731003866477,0.5741731003866477
BRCA,TCGA-E2-A1LA-01Z-00-DX1.AE49E943-B830-4ED9-B09E-E499441BC2EC,gigapath_flash,GigaPath-Flash,40x__2p5x,0.5841291546821594,0.3881821632385254,0.1628000140190124,40× ↔ 2.5×,-4.921615830475558,4.921615830475558
BRCA,TCGA-E2-A1LA-01Z-00-DX1.AE49E943-B830-4ED9-B09E-E499441BC2EC,gigapath_flash,GigaPath-Flash,10x__2p5x,0.7458112239837646,0.5897318124771118,0.3235000073909759,10× ↔ 2.5×,-1.1413627870055534,1.1413627870055534
BRCA,TCGA-GM-A3XN-01Z-00-DX1.49F5C8AC-0328-4BC2-9FE2-E7150B7A42E2,gigapath_flash,GigaPath-Flash,40x__10x,0.6819818615913391,0.5753238201141357,0.158500000834465,40× ↔ 10×,-2.3116620174112166,2.3116620174112166
BRCA,TCGA-GM-A3XN-01Z-00-DX1.49F5C8AC-0328-4BC2-9FE2-E7150B7A42E2,gigapath_flash,GigaPath-Flash,40x__2p5x,0.4908473193645477,0.3871622681617737,0.0927000120282173,40× ↔ 2.5×,-5.5998427280390235,5.5998427280390235
BRCA,TCGA-GM-A3XN-01Z-00-DX1.49F5C8AC-0328-4BC2-9FE2-E7150B7A42E2,gigapath_flash,GigaPath-Flash,10x__2p5x,0.6767696738243103,0.5588724762201309,0.2205000072717666,10× ↔ 2.5×,-1.6177366910368254,1.6177366910368254
COAD,TCGA-AY-A8YK-01Z-00-DX1.89E3C546-0425-449B-A6FB-1C35168EA7EB,gigapath_flash,GigaPath-Flash,40x__10x,0.583629846572876,0.5526953041553497,0.1657000184059143,40× ↔ 10×,-0.0009205228908593987,0.0009205228908593987
COAD,TCGA-AY-A8YK-01Z-00-DX1.89E3C546-0425-449B-A6FB-1C35168EA7EB,gigapath_flash,GigaPath-Flash,40x__2p5x,0.3772250413894653,0.421709194779396,0.10190000385046,40× ↔ 2.5×,-1.3917972411716018,1.3917972411716018
COAD,TCGA-AY-A8YK-01Z-00-DX1.89E3C546-0425-449B-A6FB-1C35168EA7EB,gigapath_flash,GigaPath-Flash,10x__2p5x,0.6654544472694397,0.5308241844177246,0.2913000285625458,10× ↔ 2.5×,-2.2604138336548716,2.2604138336548716
COAD,TCGA-CK-4947-01Z-00-DX1.b257d5fd-b97b-4987-b088-77f044ca7fe2,gigapath_flash,GigaPath-Flash,40x__10x,0.6495545506477356,0.6070227324962616,0.1918000280857086,40× ↔ 10×,-0.9769077735317181,0.9769077735317181
COAD,TCGA-CK-4947-01Z-00-DX1.b257d5fd-b97b-4987-b088-77f044ca7fe2,gigapath_flash,GigaPath-Flash,40x__2p5x,0.4051333367824554,0.4890220761299133,0.1027000024914741,40× ↔ 2.5×,-0.7274130330234427,0.7274130330234427
COAD,TCGA-CK-4947-01Z-00-DX1.b257d5fd-b97b-4987-b088-77f044ca7fe2,gigapath_flash,GigaPath-Flash,10x__2p5x,0.6473852396011353,0.5649836957454681,0.240100011229515,10× ↔ 2.5×,-1.9481710143611437,1.9481710143611437
COAD,TCGA-CM-6168-01Z-00-DX1.96af6eb2-9d51-4671-baf8-1a73d0c66869,gigapath_flash,GigaPath-Flash,40x__10x,0.767180860042572,0.6346322596073151,0.2637999951839447,40× ↔ 10×,-0.8913665137129646,0.8913665137129646
COAD,TCGA-CM-6168-01Z-00-DX1.96af6eb2-9d51-4671-baf8-1a73d0c66869,gigapath_flash,GigaPath-Flash,40x__2p5x,0.4933103024959564,0.5281871408224106,0.159600019454956,40× ↔ 2.5×,-1.4109706139176779,1.4109706139176779
COAD,TCGA-CM-6168-01Z-00-DX1.96af6eb2-9d51-4671-baf8-1a73d0c66869,gigapath_flash,GigaPath-Flash,10x__2p5x,0.6535700559616089,0.5879249274730682,0.3061000108718872,10× ↔ 2.5×,-0.7777465659361118,0.7777465659361118
COAD,TCGA-CM-6169-01Z-00-DX1.0381c243-02b8-4f1d-840c-19ef44d4b92c,gigapath_flash,GigaPath-Flash,40x__10x,0.7529178857803345,0.6097088158130646,0.2133000195026397,40× ↔ 10×,-0.8877917559408359,0.8877917559408359
COAD,TCGA-CM-6169-01Z-00-DX1.0381c243-02b8-4f1d-840c-19ef44d4b92c,gigapath_flash,GigaPath-Flash,40x__2p5x,0.6020190119743347,0.5092821419239044,0.1149000078439712,40× ↔ 2.5×,-1.0834633727661909,1.0834633727661909
COAD,TCGA-CM-6169-01Z-00-DX1.0381c243-02b8-4f1d-840c-19ef44d4b92c,gigapath_flash,GigaPath-Flash,10x__2p5x,0.7605799436569214,0.662137359380722,0.2477999925613403,10× ↔ 2.5×,-0.8225507232740157,0.8225507232740157
COAD,TCGA-G4-6309-01Z-00-DX1.3eb20fdc-eb86-4bd5-8194-76b02d4fa472,gigapath_flash,GigaPath-Flash,40x__10x,0.7622630596160889,0.546967476606369,0.2689000368118286,40× ↔ 10×,-0.16089161556782303,0.16089161556782303
COAD,TCGA-G4-6309-01Z-00-DX1.3eb20fdc-eb86-4bd5-8194-76b02d4fa472,gigapath_flash,GigaPath-Flash,40x__2p5x,0.4998630583286285,0.4660081714391708,0.1624000072479248,40× ↔ 2.5×,-1.1549870914420068,1.1549870914420068
COAD,TCGA-G4-6309-01Z-00-DX1.3eb20fdc-eb86-4bd5-8194-76b02d4fa472,gigapath_flash,GigaPath-Flash,10x__2p5x,0.676083505153656,0.5631781816482544,0.2793000340461731,10× ↔ 2.5×,-1.1177996652807711,1.1177996652807711
COAD,TCGA-G4-6310-01Z-00-DX1.b88472d4-3adc-4e4d-b0f2-0dc195a3d7df,gigapath_flash,GigaPath-Flash,40x__10x,0.808619499206543,0.582504540681839,0.2340000122785568,40× ↔ 10×,-0.8909719154513998,0.8909719154513998
COAD,TCGA-G4-6310-01Z-00-DX1.b88472d4-3adc-4e4d-b0f2-0dc195a3d7df,gigapath_flash,GigaPath-Flash,40x__2p5x,0.5539805293083191,0.420924499630928,0.1446000188589096,40× ↔ 2.5×,-1.2381968943656152,1.2381968943656152
COAD,TCGA-G4-6310-01Z-00-DX1.b88472d4-3adc-4e4d-b0f2-0dc195a3d7df,gigapath_flash,GigaPath-Flash,10x__2p5x,0.720285177230835,0.5510134100914001,0.2955000102519989,10× ↔ 2.5×,-0.9031259707173998,0.9031259707173998
COAD,TCGA-G4-6588-01Z-00-DX1.0747172e-f630-4b7c-9341-55078585ae00,gigapath_flash,GigaPath-Flash,40x__10x,0.7479764819145203,0.5335957705974579,0.2422000169754028,40× ↔ 10×,-0.11286327868690012,0.11286327868690012
COAD,TCGA-G4-6588-01Z-00-DX1.0747172e-f630-4b7c-9341-55078585ae00,gigapath_flash,GigaPath-Flash,40x__2p5x,0.5531859993934631,0.4695296883583069,0.1357000172138214,40× ↔ 2.5×,-1.3005626290993573,1.3005626290993573
COAD,TCGA-G4-6588-01Z-00-DX1.0747172e-f630-4b7c-9341-55078585ae00,gigapath_flash,GigaPath-Flash,10x__2p5x,0.7605805993080139,0.5839324295520782,0.2702000141143799,10× ↔ 2.5×,-1.1947171643091639,1.1947171643091639
HNSC,TCGA-BA-6871-01Z-00-DX1.4d9ca329-f8d5-4c31-a20f-9d4fba728326,gigapath_flash,GigaPath-Flash,40x__10x,0.60548996925354,0.4597931653261184,0.1623000055551529,40× ↔ 10×,1.3122611030528575,-1.3122611030528575
HNSC,TCGA-BA-6871-01Z-00-DX1.4d9ca329-f8d5-4c31-a20f-9d4fba728326,gigapath_flash,GigaPath-Flash,40x__2p5x,0.2421242147684097,0.3902060687541961,0.0838000103831291,40× ↔ 2.5×,0.2320048540265728,-0.2320048540265728
HNSC,TCGA-BA-6871-01Z-00-DX1.4d9ca329-f8d5-4c31-a20f-9d4fba728326,gigapath_flash,GigaPath-Flash,10x__2p5x,0.3978144824504852,0.4889008551836014,0.192900002002716,10× ↔ 2.5×,1.013611523963362,-1.013611523963362
HNSC,TCGA-BA-6872-01Z-00-DX1.F99F6394-D319-4599-B124-D2A6692FA096,gigapath_flash,GigaPath-Flash,40x__10x,0.6334899663925171,0.6094444394111633,0.1587999910116195,40× ↔ 10×,1.613068948920617,-1.613068948920617
HNSC,TCGA-BA-6872-01Z-00-DX1.F99F6394-D319-4599-B124-D2A6692FA096,gigapath_flash,GigaPath-Flash,40x__2p5x,0.4372296929359436,0.4999796748161316,0.1029000058770179,40× ↔ 2.5×,0.8942986872094494,-0.8942986872094494
HNSC,TCGA-BA-6872-01Z-00-DX1.F99F6394-D319-4599-B124-D2A6692FA096,gigapath_flash,GigaPath-Flash,10x__2p5x,0.6318718791007996,0.7020751535892487,0.2520000040531158,10× ↔ 2.5×,-0.046086190727644236,0.046086190727644236
HNSC,TCGA-CN-A6V7-01A-01-TS1.F54912D3-1E21-4605-ACFC-142973524AE2,gigapath_flash,GigaPath-Flash,40x__10x,0.5050420761108398,0.6268349587917328,0.0949000045657157,40× ↔ 10×,1.6716661403888444,-1.6716661403888444
HNSC,TCGA-CN-A6V7-01A-01-TS1.F54912D3-1E21-4605-ACFC-142973524AE2,gigapath_flash,GigaPath-Flash,40x__2p5x,0.2172281891107559,0.4628731161355972,0.069300003349781,40× ↔ 2.5×,3.314061266523045,-3.314061266523045
HNSC,TCGA-CN-A6V7-01A-01-TS1.F54912D3-1E21-4605-ACFC-142973524AE2,gigapath_flash,GigaPath-Flash,10x__2p5x,0.4866324961185455,0.5221979767084122,0.2622000277042389,10× ↔ 2.5×,3.046775323499768,-3.046775323499768
HNSC,TCGA-CV-6935-01Z-00-DX1.9C449CB2-FB6D-41D1-A4A6-3069DC84A697,gigapath_flash,GigaPath-Flash,40x__10x,0.7737729549407959,0.7127497494220734,0.1586000174283981,40× ↔ 10×,-0.07436038719083105,0.07436038719083105
HNSC,TCGA-CV-6935-01Z-00-DX1.9C449CB2-FB6D-41D1-A4A6-3069DC84A697,gigapath_flash,GigaPath-Flash,40x__2p5x,0.6114399433135986,0.5551571846008301,0.0931000038981437,40× ↔ 2.5×,-0.6258341632605953,0.6258341632605953
HNSC,TCGA-CV-6935-01Z-00-DX1.9C449CB2-FB6D-41D1-A4A6-3069DC84A697,gigapath_flash,GigaPath-Flash,10x__2p5x,0.8232679963111877,0.7045540809631348,0.2317000180482864,10× ↔ 2.5×,-0.5732788058759204,0.5732788058759204
HNSC,TCGA-CV-A45O-01Z-00-DX1.8CBD0CCC-C815-475D-87F9-76272F4F715B,gigapath_flash,GigaPath-Flash,40x__10x,0.6989192962646484,0.6497321724891663,0.2186000198125839,40× ↔ 10×,0.14994846148969573,-0.14994846148969573
HNSC,TCGA-CV-A45O-01Z-00-DX1.8CBD0CCC-C815-475D-87F9-76272F4F715B,gigapath_flash,GigaPath-Flash,40x__2p5x,0.4672539532184601,0.5542633533477783,0.1187000125646591,40× ↔ 2.5×,-0.3215220515696573,0.3215220515696573
HNSC,TCGA-CV-A45O-01Z-00-DX1.8CBD0CCC-C815-475D-87F9-76272F4F715B,gigapath_flash,GigaPath-Flash,10x__2p5x,0.6279646754264832,0.6827345788478851,0.2581000328063965,10× ↔ 2.5×,-0.44366985181024576,0.44366985181024576
HNSC,TCGA-CV-A6JE-01Z-00-DX1.20137D17-19B3-49FF-9C3D-60933157E409,gigapath_flash,GigaPath-Flash,40x__10x,0.6450164914131165,0.6999368667602539,0.1723999977111816,40× ↔ 10×,1.0338893978785817,-1.0338893978785817
HNSC,TCGA-CV-A6JE-01Z-00-DX1.20137D17-19B3-49FF-9C3D-60933157E409,gigapath_flash,GigaPath-Flash,40x__2p5x,0.4079138338565826,0.6134091019630432,0.1031000092625618,40× ↔ 2.5×,-1.5519939270115337,1.5519939270115337
HNSC,TCGA-CV-A6JE-01Z-00-DX1.20137D17-19B3-49FF-9C3D-60933157E409,gigapath_flash,GigaPath-Flash,10x__2p5x,0.6163052916526794,0.7085066139698029,0.2495000064373016,10× ↔ 2.5×,-3.387872409337227,3.387872409337227
HNSC,TCGA-CV-A6JU-01Z-00-DX1.35A3A1F0-9D6C-4794-B501-E56E48C51DF9,gigapath_flash,GigaPath-Flash,40x__10x,0.672825038433075,0.5644338428974152,0.2085000127553939,40× ↔ 10×,-0.34292908612469236,0.34292908612469236
HNSC,TCGA-CV-A6JU-01Z-00-DX1.35A3A1F0-9D6C-4794-B501-E56E48C51DF9,gigapath_flash,GigaPath-Flash,40x__2p5x,0.4317282736301422,0.4352858513593673,0.1165000051259994,40× ↔ 2.5×,-0.047155789004601184,0.047155789004601184
HNSC,TCGA-CV-A6JU-01Z-00-DX1.35A3A1F0-9D6C-4794-B501-E56E48C51DF9,gigapath_flash,GigaPath-Flash,10x__2p5x,0.5812740325927734,0.478150337934494,0.2461000233888626,10× ↔ 2.5×,-0.4113611675556079,0.4113611675556079
HNSC,TCGA-UF-A719-01Z-00-DX1.4C4ECC2C-C390-4C5E-A709-CF08C113F1A1,gigapath_flash,GigaPath-Flash,40x__10x,0.6421886682510376,0.4798954576253891,0.2330000102519989,40× ↔ 10×,0.8585929251018879,-0.8585929251018879
HNSC,TCGA-UF-A719-01Z-00-DX1.4C4ECC2C-C390-4C5E-A709-CF08C113F1A1,gigapath_flash,GigaPath-Flash,40x__2p5x,0.3258217871189117,0.343903586268425,0.1312000155448913,40× ↔ 2.5×,2.1291419456787093,-2.1291419456787093
HNSC,TCGA-UF-A719-01Z-00-DX1.4C4ECC2C-C390-4C5E-A709-CF08C113F1A1,gigapath_flash,GigaPath-Flash,10x__2p5x,0.5619632005691528,0.5210157334804535,0.2578000128269195,10× ↔ 2.5×,0.1542872996669472,-0.1542872996669472
KIRC,TCGA-A3-3346-01Z-00-DX1.95280216-fd71-4a03-b452-6e3d667f2542,gigapath_flash,GigaPath-Flash,40x__10x,0.6624857783317566,0.4338344931602478,0.169700026512146,40× ↔ 10×,-0.6069782335380512,0.6069782335380512
KIRC,TCGA-A3-3346-01Z-00-DX1.95280216-fd71-4a03-b452-6e3d667f2542,gigapath_flash,GigaPath-Flash,40x__2p5x,0.353674978017807,0.4268837720155716,0.1270000040531158,40× ↔ 2.5×,-1.6667921405490715,1.6667921405490715
KIRC,TCGA-A3-3346-01Z-00-DX1.95280216-fd71-4a03-b452-6e3d667f2542,gigapath_flash,GigaPath-Flash,10x__2p5x,0.5250613689422607,0.6305537819862366,0.3378000259399414,10× ↔ 2.5×,-1.609433087854466,1.609433087854466
KIRC,TCGA-A3-A8CQ-01Z-00-DX1.78DA0827-5FB8-4B9F-A845-22F85830B5FB,gigapath_flash,GigaPath-Flash,40x__10x,0.4831030070781708,0.3889100700616836,0.1153000071644783,40× ↔ 10×,-1.3393438806053644,1.3393438806053644
KIRC,TCGA-A3-A8CQ-01Z-00-DX1.78DA0827-5FB8-4B9F-A845-22F85830B5FB,gigapath_flash,GigaPath-Flash,40x__2p5x,0.2282788902521133,0.5038248300552368,0.0858000069856643,40× ↔ 2.5×,-3.6724228212401266,3.6724228212401266
KIRC,TCGA-A3-A8CQ-01Z-00-DX1.78DA0827-5FB8-4B9F-A845-22F85830B5FB,gigapath_flash,GigaPath-Flash,10x__2p5x,0.4925220906734466,0.4842496663331985,0.3583000004291534,10× ↔ 2.5×,-1.9525085823979378,1.9525085823979378
KIRC,TCGA-AK-3444-01Z-00-DX1.1F0E0B47-29FF-456F-800A-539983FDCFAA,gigapath_flash,GigaPath-Flash,40x__10x,0.7214524745941162,0.4381884634494781,0.1363000124692917,40× ↔ 10×,-1.4020928810872753,1.4020928810872753
KIRC,TCGA-AK-3444-01Z-00-DX1.1F0E0B47-29FF-456F-800A-539983FDCFAA,gigapath_flash,GigaPath-Flash,40x__2p5x,0.4442747831344604,0.3450006023049354,0.1071000099182128,40× ↔ 2.5×,-3.1438860694426434,3.1438860694426434
KIRC,TCGA-AK-3444-01Z-00-DX1.1F0E0B47-29FF-456F-800A-539983FDCFAA,gigapath_flash,GigaPath-Flash,10x__2p5x,0.5908486843109131,0.505079910159111,0.262800008058548,10× ↔ 2.5×,-2.995771759883767,2.995771759883767
KIRC,TCGA-B0-5094-01Z-00-DX1.eac31fe2-09da-4ecf-8e25-c073cbb03295,gigapath_flash,GigaPath-Flash,40x__10x,0.8004886507987976,0.6782290935516357,0.2081000208854675,40× ↔ 10×,-1.5393610424936466,1.5393610424936466
KIRC,TCGA-B0-5094-01Z-00-DX1.eac31fe2-09da-4ecf-8e25-c073cbb03295,gigapath_flash,GigaPath-Flash,40x__2p5x,0.6569628119468689,0.5615760684013367,0.135200023651123,40× ↔ 2.5×,-1.7348435306044743,1.7348435306044743
KIRC,TCGA-B0-5094-01Z-00-DX1.eac31fe2-09da-4ecf-8e25-c073cbb03295,gigapath_flash,GigaPath-Flash,10x__2p5x,0.78520268201828,0.6740709543228149,0.2357000112533569,10× ↔ 2.5×,-1.2725251968687037,1.2725251968687037
KIRC,TCGA-B0-5106-01Z-00-DX1.564e51a3-be50-4eed-ba9c-4d478b96ffc6,gigapath_flash,GigaPath-Flash,40x__10x,0.7995941042900085,0.598484456539154,0.1825000047683715,40× ↔ 10×,-0.07029781921559682,0.07029781921559682
KIRC,TCGA-B0-5106-01Z-00-DX1.564e51a3-be50-4eed-ba9c-4d478b96ffc6,gigapath_flash,GigaPath-Flash,40x__2p5x,0.5139390826225281,0.4201799929141998,0.110600009560585,40× ↔ 2.5×,-1.7678961679356822,1.7678961679356822
KIRC,TCGA-B0-5106-01Z-00-DX1.564e51a3-be50-4eed-ba9c-4d478b96ffc6,gigapath_flash,GigaPath-Flash,10x__2p5x,0.6248230338096619,0.5576554089784622,0.2425000220537185,10× ↔ 2.5×,-3.110069932356756,3.110069932356756
KIRC,TCGA-B0-5711-01Z-00-DX1.6839921f-ec08-4e94-8bf9-4b5a4fcdda45,gigapath_flash,GigaPath-Flash,40x__10x,0.8299157619476318,0.5834496915340424,0.178600013256073,40× ↔ 10×,-0.2417374987141311,0.2417374987141311
KIRC,TCGA-B0-5711-01Z-00-DX1.6839921f-ec08-4e94-8bf9-4b5a4fcdda45,gigapath_flash,GigaPath-Flash,40x__2p5x,0.6658626198768616,0.4922585636377334,0.1290000081062317,40× ↔ 2.5×,-1.4915381449169114,1.4915381449169114
KIRC,TCGA-B0-5711-01Z-00-DX1.6839921f-ec08-4e94-8bf9-4b5a4fcdda45,gigapath_flash,GigaPath-Flash,10x__2p5x,0.7767249941825867,0.5293407142162323,0.2664000391960144,10× ↔ 2.5×,-2.6241773934517925,2.6241773934517925
KIRC,TCGA-B2-5633-01Z-00-DX1.c55a29ca-468e-46de-9ff5-a51f46fe09fd,gigapath_flash,GigaPath-Flash,40x__10x,0.7607707381248474,0.554828017950058,0.1898000091314315,40× ↔ 10×,-0.3020409525633357,0.3020409525633357
KIRC,TCGA-B2-5633-01Z-00-DX1.c55a29ca-468e-46de-9ff5-a51f46fe09fd,gigapath_flash,GigaPath-Flash,40x__2p5x,0.3754068315029144,0.4037020355463028,0.1257000118494033,40× ↔ 2.5×,-2.219190804232847,2.219190804232847
KIRC,TCGA-B2-5633-01Z-00-DX1.c55a29ca-468e-46de-9ff5-a51f46fe09fd,gigapath_flash,GigaPath-Flash,10x__2p5x,0.523753821849823,0.5484743565320969,0.3121000230312347,10× ↔ 2.5×,-3.2716475947403856,3.2716475947403856
KIRC,TCGA-BP-4991-01Z-00-DX1.71305f5c-ca59-48fa-bb82-4b441c1fffdc,gigapath_flash,GigaPath-Flash,40x__10x,0.7201277017593384,0.5678408741950989,0.1573999971151352,40× ↔ 10×,-0.2616360520670158,0.2616360520670158
KIRC,TCGA-BP-4991-01Z-00-DX1.71305f5c-ca59-48fa-bb82-4b441c1fffdc,gigapath_flash,GigaPath-Flash,40x__2p5x,0.6145535111427307,0.5114246606826782,0.1216000095009803,40× ↔ 2.5×,-1.734588460256584,1.734588460256584
KIRC,TCGA-BP-4991-01Z-00-DX1.71305f5c-ca59-48fa-bb82-4b441c1fffdc,gigapath_flash,GigaPath-Flash,10x__2p5x,0.8195275068283081,0.5329927802085876,0.2472999989986419,10× ↔ 2.5×,-2.7628478726533325,2.7628478726533325
KIRC,TCGA-BP-5201-01Z-00-DX1.d1a9878e-bb97-48fb-9098-9d9337f06250,gigapath_flash,GigaPath-Flash,40x__10x,0.7142859697341919,0.6956876814365387,0.1984000205993652,40× ↔ 10×,-0.147415445593785,0.147415445593785
KIRC,TCGA-BP-5201-01Z-00-DX1.d1a9878e-bb97-48fb-9098-9d9337f06250,gigapath_flash,GigaPath-Flash,40x__2p5x,0.4374467134475708,0.5707802176475525,0.1080000028014183,40× ↔ 2.5×,0.7038922758671112,-0.7038922758671112
KIRC,TCGA-BP-5201-01Z-00-DX1.d1a9878e-bb97-48fb-9098-9d9337f06250,gigapath_flash,GigaPath-Flash,10x__2p5x,0.6187891960144043,0.5859645307064056,0.2197000235319137,10× ↔ 2.5×,-1.1499662558263615,1.1499662558263615
LUAD,TCGA-55-6986-01Z-00-DX1.ae52d41e-3cd6-4d36-b04b-2ea7d29bd8da,gigapath_flash,GigaPath-Flash,40x__10x,0.6250463128089905,0.5529041290283203,0.1842999905347824,40× ↔ 10×,-0.5717089549291191,0.5717089549291191
LUAD,TCGA-55-6986-01Z-00-DX1.ae52d41e-3cd6-4d36-b04b-2ea7d29bd8da,gigapath_flash,GigaPath-Flash,40x__2p5x,0.3808145523071289,0.3916157484054565,0.1098000109195709,40× ↔ 2.5×,-6.159476333388932,6.159476333388932
LUAD,TCGA-55-6986-01Z-00-DX1.ae52d41e-3cd6-4d36-b04b-2ea7d29bd8da,gigapath_flash,GigaPath-Flash,10x__2p5x,0.6520722508430481,0.5433033406734467,0.2578000128269195,10× ↔ 2.5×,-3.3790545362272177,3.3790545362272177
LUAD,TCGA-64-5779-01Z-00-DX1.B3268447-DCE0-4927-B5A9-EC4D61E9B17D,gigapath_flash,GigaPath-Flash,40x__10x,0.6788190007209778,0.4792959094047546,0.1615000069141388,40× ↔ 10×,1.6815697576853896,-1.6815697576853896
LUAD,TCGA-64-5779-01Z-00-DX1.B3268447-DCE0-4927-B5A9-EC4D61E9B17D,gigapath_flash,GigaPath-Flash,40x__2p5x,0.2394337803125381,0.2820848450064659,0.078900009393692,40× ↔ 2.5×,-0.3011316925563724,0.3011316925563724
LUAD,TCGA-64-5779-01Z-00-DX1.B3268447-DCE0-4927-B5A9-EC4D61E9B17D,gigapath_flash,GigaPath-Flash,10x__2p5x,0.3677115738391876,0.5139623135328293,0.1607000231742859,10× ↔ 2.5×,-0.5732478194392664,0.5732478194392664
LUAD,TCGA-78-7158-01Z-00-DX1.74db3dcd-2715-4ce7-8e48-30c8b7946ba0,gigapath_flash,GigaPath-Flash,40x__10x,0.5890108942985535,0.618769109249115,0.1135000064969062,40× ↔ 10×,-0.8011719663479425,0.8011719663479425
LUAD,TCGA-78-7158-01Z-00-DX1.74db3dcd-2715-4ce7-8e48-30c8b7946ba0,gigapath_flash,GigaPath-Flash,40x__2p5x,0.3288131356239319,0.5266414880752563,0.0683000087738037,40× ↔ 2.5×,-5.006757299712594,5.006757299712594
LUAD,TCGA-78-7158-01Z-00-DX1.74db3dcd-2715-4ce7-8e48-30c8b7946ba0,gigapath_flash,GigaPath-Flash,10x__2p5x,0.6036061644554138,0.6542285978794098,0.1914000064134597,10× ↔ 2.5×,-3.4551740768419763,3.4551740768419763
LUAD,TCGA-78-7163-01Z-00-DX1.42880bdf-271d-41dd-aada-e7ec1156ff31,gigapath_flash,GigaPath-Flash,40x__10x,0.6688977479934692,0.6456941962242126,0.1425000131130218,40× ↔ 10×,0.5866471339612488,-0.5866471339612488
LUAD,TCGA-78-7163-01Z-00-DX1.42880bdf-271d-41dd-aada-e7ec1156ff31,gigapath_flash,GigaPath-Flash,40x__2p5x,0.3664384186267853,0.5237777829170227,0.086600013077259,40× ↔ 2.5×,-5.24128678328438,5.24128678328438
LUAD,TCGA-78-7163-01Z-00-DX1.42880bdf-271d-41dd-aada-e7ec1156ff31,gigapath_flash,GigaPath-Flash,10x__2p5x,0.6033637523651123,0.5470188558101654,0.1969000101089477,10× ↔ 2.5×,-3.5587289912804048,3.5587289912804048
LUAD,TCGA-78-7536-01Z-00-DX1.6b066140-8b82-40a5-bd48-430eeb4463fe,gigapath_flash,GigaPath-Flash,40x__10x,0.3978581130504608,0.5601810812950134,0.1016000136733055,40× ↔ 10×,-1.4146799020600471,1.4146799020600471
LUAD,TCGA-78-7536-01Z-00-DX1.6b066140-8b82-40a5-bd48-430eeb4463fe,gigapath_flash,GigaPath-Flash,40x__2p5x,0.1466482281684875,0.4132392704486847,0.0505999997258186,40× ↔ 2.5×,-4.295098201780595,4.295098201780595
LUAD,TCGA-78-7536-01Z-00-DX1.6b066140-8b82-40a5-bd48-430eeb4463fe,gigapath_flash,GigaPath-Flash,10x__2p5x,0.3582337498664856,0.5280056595802307,0.1385999917984008,10× ↔ 2.5×,-3.26497388016454,3.26497388016454
LUAD,TCGA-86-8668-01Z-00-DX1.d720d486-02c7-4f98-8feb-e0e50a12c158,gigapath_flash,GigaPath-Flash,40x__10x,0.7019153237342834,0.403481587767601,0.1610000133514404,40× ↔ 10×,-0.28463327125712035,0.28463327125712035
LUAD,TCGA-86-8668-01Z-00-DX1.d720d486-02c7-4f98-8feb-e0e50a12c158,gigapath_flash,GigaPath-Flash,40x__2p5x,0.4906010925769806,0.2899109125137329,0.0953000038862228,40× ↔ 2.5×,-3.2552117410615606,3.2552117410615606
LUAD,TCGA-86-8668-01Z-00-DX1.d720d486-02c7-4f98-8feb-e0e50a12c158,gigapath_flash,GigaPath-Flash,10x__2p5x,0.6849546432495117,0.5008574873209,0.2350000143051147,10× ↔ 2.5×,-2.280388757140558,2.280388757140558
LUAD,TCGA-97-A4LX-01Z-00-DX1.B2334672-A626-4E74-B4D1-A79F70F65909,gigapath_flash,GigaPath-Flash,40x__10x,0.5332859754562378,0.6160130500793457,0.1139000058174133,40× ↔ 10×,-0.8961259510840218,0.8961259510840218
LUAD,TCGA-97-A4LX-01Z-00-DX1.B2334672-A626-4E74-B4D1-A79F70F65909,gigapath_flash,GigaPath-Flash,40x__2p5x,0.3111372292041778,0.4038886129856109,0.0531000010669231,40× ↔ 2.5×,-4.197784308939084,4.197784308939084
LUAD,TCGA-97-A4LX-01Z-00-DX1.B2334672-A626-4E74-B4D1-A79F70F65909,gigapath_flash,GigaPath-Flash,10x__2p5x,0.6541091799736023,0.5934448689222336,0.1412000060081482,10× ↔ 2.5×,-3.43273831809174,3.43273831809174
LUAD,TCGA-97-A4M2-01Z-00-DX1.5C72522C-1538-4D68-B517-5FB05A9D401A,gigapath_flash,GigaPath-Flash,40x__10x,0.6917548179626465,0.597593754529953,0.161400020122528,40× ↔ 10×,-0.8167371006483144,0.8167371006483144
LUAD,TCGA-97-A4M2-01Z-00-DX1.5C72522C-1538-4D68-B517-5FB05A9D401A,gigapath_flash,GigaPath-Flash,40x__2p5x,0.4948479235172272,0.4241070747375488,0.0859000161290168,40× ↔ 2.5×,-5.058228047451388,5.058228047451388
LUAD,TCGA-97-A4M2-01Z-00-DX1.5C72522C-1538-4D68-B517-5FB05A9D401A,gigapath_flash,GigaPath-Flash,10x__2p5x,0.7253171801567078,0.5744249522686005,0.2246000170707702,10× ↔ 2.5×,-3.443386837227785,3.443386837227785
LUAD,TCGA-J2-A4AE-01Z-00-DX1.42C5DE4A-7787-4E59-8969-D12503262C96,gigapath_flash,GigaPath-Flash,40x__10x,0.7506291270256042,0.5130129754543304,0.1400000005960464,40× ↔ 10×,-0.4801469064680724,0.4801469064680724
LUAD,TCGA-J2-A4AE-01Z-00-DX1.42C5DE4A-7787-4E59-8969-D12503262C96,gigapath_flash,GigaPath-Flash,40x__2p5x,0.5289802551269531,0.3898148536682129,0.0835000053048133,40× ↔ 2.5×,-4.825513966479366,4.825513966479366
LUAD,TCGA-J2-A4AE-01Z-00-DX1.42C5DE4A-7787-4E59-8969-D12503262C96,gigapath_flash,GigaPath-Flash,10x__2p5x,0.7200199961662292,0.5657585710287094,0.2501000165939331,10× ↔ 2.5×,-3.895607361438144,3.895607361438144
STAD,TCGA-BR-6452-01Z-00-DX1.aec8246e-9dce-436d-9faa-df8fa1f6e47c,gigapath_flash,GigaPath-Flash,40x__10x,0.5857148170471191,0.4701274335384369,0.2038000077009201,40× ↔ 10×,-2.711724270132023,2.711724270132023
STAD,TCGA-BR-6452-01Z-00-DX1.aec8246e-9dce-436d-9faa-df8fa1f6e47c,gigapath_flash,GigaPath-Flash,40x__2p5x,0.3448729813098907,0.3648608028888702,0.1205000057816505,40× ↔ 2.5×,-6.686626394901884,6.686626394901884
STAD,TCGA-BR-6452-01Z-00-DX1.aec8246e-9dce-436d-9faa-df8fa1f6e47c,gigapath_flash,GigaPath-Flash,10x__2p5x,0.6565189361572266,0.6001348495483398,0.2847000360488891,10× ↔ 2.5×,-4.426122288388632,4.426122288388632
STAD,TCGA-BR-6454-01Z-00-DX1.63fb6280-2b43-49b2-960a-eb9c0e8b617c,gigapath_flash,GigaPath-Flash,40x__10x,0.450649619102478,0.4557648152112961,0.1283000111579895,40× ↔ 10×,-2.9246913699544175,2.9246913699544175
STAD,TCGA-BR-6454-01Z-00-DX1.63fb6280-2b43-49b2-960a-eb9c0e8b617c,gigapath_flash,GigaPath-Flash,40x__2p5x,0.1548357605934143,0.3760158866643905,0.0745000019669532,40× ↔ 2.5×,-8.384331333599722,8.384331333599722
STAD,TCGA-BR-6454-01Z-00-DX1.63fb6280-2b43-49b2-960a-eb9c0e8b617c,gigapath_flash,GigaPath-Flash,10x__2p5x,0.3929460644721985,0.5340706557035446,0.1816000193357467,10× ↔ 2.5×,-6.841597868776733,6.841597868776733
STAD,TCGA-BR-A4CQ-01Z-00-DX1.B63282A5-154D-441B-BF96-5BB26CB6D95E,gigapath_flash,GigaPath-Flash,40x__10x,0.7173916101455688,0.5448534488677979,0.1836000084877014,40× ↔ 10×,-2.237258209949521,2.237258209949521
STAD,TCGA-BR-A4CQ-01Z-00-DX1.B63282A5-154D-441B-BF96-5BB26CB6D95E,gigapath_flash,GigaPath-Flash,40x__2p5x,0.4973865449428558,0.4292411506175995,0.1076000109314918,40× ↔ 2.5×,-5.531528194036114,5.531528194036114
STAD,TCGA-BR-A4CQ-01Z-00-DX1.B63282A5-154D-441B-BF96-5BB26CB6D95E,gigapath_flash,GigaPath-Flash,10x__2p5x,0.6899434924125671,0.6453129649162292,0.2883000373840332,10× ↔ 2.5×,-3.84309365903855,3.84309365903855
STAD,TCGA-CD-A487-01Z-00-DX1.A026BD2F-B721-4340-83D5-7AA39227C90F,gigapath_flash,GigaPath-Flash,40x__10x,0.6181129813194275,0.6060689389705658,0.2278000116348266,40× ↔ 10×,-2.908986132464818,2.908986132464818
STAD,TCGA-CD-A487-01Z-00-DX1.A026BD2F-B721-4340-83D5-7AA39227C90F,gigapath_flash,GigaPath-Flash,40x__2p5x,0.4306762814521789,0.4362514317035675,0.1671000123023986,40× ↔ 2.5×,-3.95876369511996,3.95876369511996
STAD,TCGA-CD-A487-01Z-00-DX1.A026BD2F-B721-4340-83D5-7AA39227C90F,gigapath_flash,GigaPath-Flash,10x__2p5x,0.5079225301742554,0.6268376111984253,0.3315000236034393,10× ↔ 2.5×,-2.4314470733193168,2.4314470733193168
STAD,TCGA-FP-8209-01Z-00-DX1.a5e13081-1631-44d4-8d6a-c229a22c2311,gigapath_flash,GigaPath-Flash,40x__10x,0.7074611186981201,0.4586336016654968,0.241100013256073,40× ↔ 10×,-2.730178320567764,2.730178320567764
STAD,TCGA-FP-8209-01Z-00-DX1.a5e13081-1631-44d4-8d6a-c229a22c2311,gigapath_flash,GigaPath-Flash,40x__2p5x,0.425769567489624,0.404741570353508,0.1748000234365463,40× ↔ 2.5×,-7.325113766745416,7.325113766745416
STAD,TCGA-FP-8209-01Z-00-DX1.a5e13081-1631-44d4-8d6a-c229a22c2311,gigapath_flash,GigaPath-Flash,10x__2p5x,0.5585161447525024,0.5846723020076752,0.3502000272274017,10× ↔ 2.5×,-5.275668270641402,5.275668270641402
STAD,TCGA-SW-A7EA-01Z-00-DX1.C5E1BE0E-0A25-4480-A3AC-DB2ED7471A4E,gigapath_flash,GigaPath-Flash,40x__10x,0.9100417494773864,0.606337159872055,0.2028000205755233,40× ↔ 10×,-1.9212935534939846,1.9212935534939846
STAD,TCGA-SW-A7EA-01Z-00-DX1.C5E1BE0E-0A25-4480-A3AC-DB2ED7471A4E,gigapath_flash,GigaPath-Flash,40x__2p5x,0.812956690788269,0.4225007444620132,0.1402000039815902,40× ↔ 2.5×,-6.4337973025905315,6.4337973025905315
STAD,TCGA-SW-A7EA-01Z-00-DX1.C5E1BE0E-0A25-4480-A3AC-DB2ED7471A4E,gigapath_flash,GigaPath-Flash,10x__2p5x,0.8558523058891296,0.6657126843929291,0.3196000158786773,10× ↔ 2.5×,-3.441491605395714,3.441491605395714
STAD,TCGA-VQ-A8PY-01Z-00-DX1.EA2C7386-012A-442A-95B3-FFA12BD2684D,gigapath_flash,GigaPath-Flash,40x__10x,0.7255885601043701,0.5760642886161804,0.2475000172853469,40× ↔ 10×,-2.583863723139848,2.583863723139848
STAD,TCGA-VQ-A8PY-01Z-00-DX1.EA2C7386-012A-442A-95B3-FFA12BD2684D,gigapath_flash,GigaPath-Flash,40x__2p5x,0.4904317855834961,0.4541618824005127,0.1559000164270401,40× ↔ 2.5×,-4.926278163010215,4.926278163010215
STAD,TCGA-VQ-A8PY-01Z-00-DX1.EA2C7386-012A-442A-95B3-FFA12BD2684D,gigapath_flash,GigaPath-Flash,10x__2p5x,0.7023594975471497,0.5760724693536758,0.3132000267505646,10× ↔ 2.5×,-3.395505467029575,3.395505467029575
STAD,TCGA-VQ-A924-01Z-00-DX1.736B41F3-9678-4FAF-AE86-FCAC4F6DCBD3,gigapath_flash,GigaPath-Flash,40x__10x,0.5928091406822205,0.5343157052993774,0.142300009727478,40× ↔ 10×,-2.717026760840775,2.717026760840775
STAD,TCGA-VQ-A924-01Z-00-DX1.736B41F3-9678-4FAF-AE86-FCAC4F6DCBD3,gigapath_flash,GigaPath-Flash,40x__2p5x,0.3105944097042084,0.4557490199804306,0.0959000065922737,40× ↔ 2.5×,-6.756827400831196,6.756827400831196
STAD,TCGA-VQ-A924-01Z-00-DX1.736B41F3-9678-4FAF-AE86-FCAC4F6DCBD3,gigapath_flash,GigaPath-Flash,10x__2p5x,0.5473986864089966,0.592711478471756,0.2790000140666961,10× ↔ 2.5×,-5.792405722428296,5.792405722428296
STAD,TCGA-ZQ-A9CR-01Z-00-DX1.C9AC9991-7054-4068-A7AA-9D1EB7F040A3,gigapath_flash,GigaPath-Flash,40x__10x,0.875264048576355,0.6028819680213928,0.2172000259160995,40× ↔ 10×,-3.185060772142804,3.185060772142804
STAD,TCGA-ZQ-A9CR-01Z-00-DX1.C9AC9991-7054-4068-A7AA-9D1EB7F040A3,gigapath_flash,GigaPath-Flash,40x__2p5x,0.8128137588500977,0.5260821282863617,0.1328000128269195,40× ↔ 2.5×,-6.789693527677929,6.789693527677929
STAD,TCGA-ZQ-A9CR-01Z-00-DX1.C9AC9991-7054-4068-A7AA-9D1EB7F040A3,gigapath_flash,GigaPath-Flash,10x__2p5x,0.8491979241371155,0.6227800250053406,0.2517000138759613,10× ↔ 2.5×,-4.78458566945576,4.78458566945576
UCEC,TCGA-A5-A0GX-01Z-00-DX1.7E713D1A-5858-4648-957D-77189E43CFAA,gigapath_flash,GigaPath-Flash,40x__10x,0.7002518177032471,0.6286752820014954,0.1547000259160995,40× ↔ 10×,-1.5390606754120715,1.5390606754120715
UCEC,TCGA-A5-A0GX-01Z-00-DX1.7E713D1A-5858-4648-957D-77189E43CFAA,gigapath_flash,GigaPath-Flash,40x__2p5x,0.5339900851249695,0.5332058221101761,0.0864000096917152,40× ↔ 2.5×,-2.5194976593336875,2.5194976593336875
UCEC,TCGA-A5-A0GX-01Z-00-DX1.7E713D1A-5858-4648-957D-77189E43CFAA,gigapath_flash,GigaPath-Flash,10x__2p5x,0.7459378838539124,0.647205650806427,0.1969000250101089,10× ↔ 2.5×,-0.62833558004303,0.62833558004303
UCEC,TCGA-A5-A0R7-01Z-00-DX1.D21E6974-22A3-4A68-8B4E-14E84A7A50A5,gigapath_flash,GigaPath-Flash,40x__10x,0.6652148365974426,0.5664004981517792,0.1464000046253204,40× ↔ 10×,-2.105289014699161,2.105289014699161
UCEC,TCGA-A5-A0R7-01Z-00-DX1.D21E6974-22A3-4A68-8B4E-14E84A7A50A5,gigapath_flash,GigaPath-Flash,40x__2p5x,0.4726530313491821,0.3988632410764694,0.0809000059962272,40× ↔ 2.5×,-4.517949124080981,4.517949124080981
UCEC,TCGA-A5-A0R7-01Z-00-DX1.D21E6974-22A3-4A68-8B4E-14E84A7A50A5,gigapath_flash,GigaPath-Flash,10x__2p5x,0.7513585686683655,0.5811644196510315,0.1895000040531158,10× ↔ 2.5×,-2.661617028862845,2.661617028862845
UCEC,TCGA-AX-A05U-01Z-00-DX1.1EBFC727-B5D5-4543-BBA9-4254ABD3D584,gigapath_flash,GigaPath-Flash,40x__10x,0.7274891138076782,0.5980654656887054,0.1967000216245651,40× ↔ 10×,-0.8805709338638985,0.8805709338638985
UCEC,TCGA-AX-A05U-01Z-00-DX1.1EBFC727-B5D5-4543-BBA9-4254ABD3D584,gigapath_flash,GigaPath-Flash,40x__2p5x,0.4719208478927612,0.5195417553186417,0.1202000081539154,40× ↔ 2.5×,-5.543966112120103,5.543966112120103
UCEC,TCGA-AX-A05U-01Z-00-DX1.1EBFC727-B5D5-4543-BBA9-4254ABD3D584,gigapath_flash,GigaPath-Flash,10x__2p5x,0.6399721503257751,0.6890674233436584,0.2345000058412552,10× ↔ 2.5×,-1.0542023974174846,1.0542023974174846
UCEC,TCGA-AX-A06B-01Z-00-DX2.1757C039-99F7-4087-A9E5-D340AF7220D4,gigapath_flash,GigaPath-Flash,40x__10x,0.680751621723175,0.5709661841392517,0.1738000065088272,40× ↔ 10×,-0.6666272979203475,0.6666272979203475
UCEC,TCGA-AX-A06B-01Z-00-DX2.1757C039-99F7-4087-A9E5-D340AF7220D4,gigapath_flash,GigaPath-Flash,40x__2p5x,0.3507953882217407,0.4059327393770218,0.1262000054121017,40× ↔ 2.5×,-1.7573228343530196,1.7573228343530196
UCEC,TCGA-AX-A06B-01Z-00-DX2.1757C039-99F7-4087-A9E5-D340AF7220D4,gigapath_flash,GigaPath-Flash,10x__2p5x,0.4463192224502563,0.6567049622535706,0.2610999941825866,10× ↔ 2.5×,0.41744616748535324,-0.41744616748535324
UCEC,TCGA-AX-A0J0-01Z-00-DX2.56C668BE-03B8-4B87-A226-AABD97D53C38,gigapath_flash,GigaPath-Flash,40x__10x,0.8029531240463257,0.4973587542772293,0.1967000216245651,40× ↔ 10×,-0.8335316016822898,0.8335316016822898
UCEC,TCGA-AX-A0J0-01Z-00-DX2.56C668BE-03B8-4B87-A226-AABD97D53C38,gigapath_flash,GigaPath-Flash,40x__2p5x,0.601752758026123,0.407766506075859,0.1125000044703483,40× ↔ 2.5×,-2.109027150853075,2.109027150853075
UCEC,TCGA-AX-A0J0-01Z-00-DX2.56C668BE-03B8-4B87-A226-AABD97D53C38,gigapath_flash,GigaPath-Flash,10x__2p5x,0.732539713382721,0.6549871563911438,0.2271000146865844,10× ↔ 2.5×,-1.0353186673495636,1.0353186673495636
UCEC,TCGA-B5-A11F-01Z-00-DX1.3F1C053D-E81E-4C8D-965D-6F3DE29D9511,gigapath_flash,GigaPath-Flash,40x__10x,0.7801629304885864,0.4635719060897827,0.1789000034332275,40× ↔ 10×,-1.80837218034242,1.80837218034242
UCEC,TCGA-B5-A11F-01Z-00-DX1.3F1C053D-E81E-4C8D-965D-6F3DE29D9511,gigapath_flash,GigaPath-Flash,40x__2p5x,0.5451480746269226,0.3799787610769272,0.0999000072479248,40× ↔ 2.5×,-6.7054425558291655,6.7054425558291655
UCEC,TCGA-B5-A11F-01Z-00-DX1.3F1C053D-E81E-4C8D-965D-6F3DE29D9511,gigapath_flash,GigaPath-Flash,10x__2p5x,0.6756528615951538,0.497156485915184,0.2278000265359878,10× ↔ 2.5×,-2.1625610488148324,2.1625610488148324
UCEC,TCGA-BG-A0W1-01Z-00-DX1.8E06269C-1278-478B-A128-59FA911B1649,gigapath_flash,GigaPath-Flash,40x__10x,0.8466874361038208,0.5219809412956238,0.1853000223636627,40× ↔ 10×,-1.9460876408593002,1.9460876408593002
UCEC,TCGA-BG-A0W1-01Z-00-DX1.8E06269C-1278-478B-A128-59FA911B1649,gigapath_flash,GigaPath-Flash,40x__2p5x,0.6391852498054504,0.4111638814210892,0.1143000051379203,40× ↔ 2.5×,-5.211279567829561,5.211279567829561
UCEC,TCGA-BG-A0W1-01Z-00-DX1.8E06269C-1278-478B-A128-59FA911B1649,gigapath_flash,GigaPath-Flash,10x__2p5x,0.7200875878334045,0.5490701794624329,0.251800000667572,10× ↔ 2.5×,-1.0430013022121474,1.0430013022121474
UCEC,TCGA-EY-A1GQ-01Z-00-DX1.03D52C6F-515E-4A4F-A08E-31D773BCC67F,gigapath_flash,GigaPath-Flash,40x__10x,0.4787482619285583,0.4733825027942657,0.0847000032663345,40× ↔ 10×,-0.5642747488738701,0.5642747488738701
UCEC,TCGA-EY-A1GQ-01Z-00-DX1.03D52C6F-515E-4A4F-A08E-31D773BCC67F,gigapath_flash,GigaPath-Flash,40x__2p5x,0.2393410205841064,0.4302837997674942,0.055000003427267,40× ↔ 2.5×,-3.440355936379246,3.440355936379246
UCEC,TCGA-EY-A1GQ-01Z-00-DX1.03D52C6F-515E-4A4F-A08E-31D773BCC67F,gigapath_flash,GigaPath-Flash,10x__2p5x,0.5077877640724182,0.6418043971061707,0.1933000087738037,10× ↔ 2.5×,-0.9684783678851107,0.9684783678851107
UCEC,TCGA-FI-A2EX-01Z-00-DX1.127F5153-745D-43E6-83CA-DE2738702C62,gigapath_flash,GigaPath-Flash,40x__10x,0.6120270490646362,0.5908979177474976,0.1884000152349472,40× ↔ 10×,-0.8411111257351044,0.8411111257351044
UCEC,TCGA-FI-A2EX-01Z-00-DX1.127F5153-745D-43E6-83CA-DE2738702C62,gigapath_flash,GigaPath-Flash,40x__2p5x,0.3997978270053863,0.5439950227737427,0.1160000041127204,40× ↔ 2.5×,-2.2902285260581903,2.2902285260581903
UCEC,TCGA-FI-A2EX-01Z-00-DX1.127F5153-745D-43E6-83CA-DE2738702C62,gigapath_flash,GigaPath-Flash,10x__2p5x,0.544596791267395,0.7061707973480225,0.2250000089406967,10× ↔ 2.5×,-0.9628342886660768,0.9628342886660768
BLCA,TCGA-CF-A3MF-01Z-00-DX1.91768C26-5BB1-4DE6-9737-AA26BD687A75,midnight,Midnight,40x__10x,0.8055691123008728,0.3877477645874023,0.1604000180959701,40× ↔ 10×,-0.25673803442458465,0.25673803442458465
BLCA,TCGA-CF-A3MF-01Z-00-DX1.91768C26-5BB1-4DE6-9737-AA26BD687A75,midnight,Midnight,40x__2p5x,0.6748826503753662,0.3694363832473755,0.0882000029087066,40× ↔ 2.5×,-0.2984974778335184,0.2984974778335184
BLCA,TCGA-CF-A3MF-01Z-00-DX1.91768C26-5BB1-4DE6-9737-AA26BD687A75,midnight,Midnight,10x__2p5x,0.8593717813491821,0.5291352868080139,0.1705000102519989,10× ↔ 2.5×,-0.2193438502299044,0.2193438502299044
BLCA,TCGA-CU-A0YN-01Z-00-DX1.6C5EAAAF-8F14-49D3-8FFC-9BDAE56CAFD0,midnight,Midnight,40x__10x,0.418070912361145,0.3285939842462539,0.1167000010609626,40× ↔ 10×,0.07128224384332457,-0.07128224384332457
BLCA,TCGA-CU-A0YN-01Z-00-DX1.6C5EAAAF-8F14-49D3-8FFC-9BDAE56CAFD0,midnight,Midnight,40x__2p5x,0.1325588375329971,0.3287530094385147,0.079300008714199,40× ↔ 2.5×,0.11426979991191537,-0.11426979991191537
BLCA,TCGA-CU-A0YN-01Z-00-DX1.6C5EAAAF-8F14-49D3-8FFC-9BDAE56CAFD0,midnight,Midnight,10x__2p5x,0.5423848628997803,0.4416135549545288,0.3124000132083893,10× ↔ 2.5×,-0.6476710057998816,0.6476710057998816
BLCA,TCGA-DK-A6AW-01Z-00-DX1.C2453A8C-8282-443C-9E76-5B6CAD2FE69B,midnight,Midnight,40x__10x,0.9232834577560424,0.33939228951931,0.2353000342845916,40× ↔ 10×,0.6605566042323048,-0.6605566042323048
BLCA,TCGA-DK-A6AW-01Z-00-DX1.C2453A8C-8282-443C-9E76-5B6CAD2FE69B,midnight,Midnight,40x__2p5x,0.8567050099372864,0.2951978594064712,0.1488000154495239,40× ↔ 2.5×,0.23919189897950952,-0.23919189897950952
BLCA,TCGA-DK-A6AW-01Z-00-DX1.C2453A8C-8282-443C-9E76-5B6CAD2FE69B,midnight,Midnight,10x__2p5x,0.933906614780426,0.443031445145607,0.2960000038146972,10× ↔ 2.5×,-0.5253246187107583,0.5253246187107583
BLCA,TCGA-DK-AA6L-01A-01-TSA.5794F0C6-9ED6-489A-9621-18CCC5935548,midnight,Midnight,40x__10x,0.6044144630432129,0.3293489068746567,0.1381000131368637,40× ↔ 10×,-0.18153124203373547,0.18153124203373547
BLCA,TCGA-DK-AA6L-01A-01-TSA.5794F0C6-9ED6-489A-9621-18CCC5935548,midnight,Midnight,40x__2p5x,0.1596191674470901,0.2729406133294105,0.0765000060200691,40× ↔ 2.5×,-0.652318200124332,0.652318200124332
BLCA,TCGA-DK-AA6L-01A-01-TSA.5794F0C6-9ED6-489A-9621-18CCC5935548,midnight,Midnight,10x__2p5x,0.2808752357959747,0.4046974778175354,0.1809000074863433,10× ↔ 2.5×,-0.8613658386916182,0.8613658386916182
BLCA,TCGA-DK-AA77-01A-01-TSA.26CAF5CB-CC4F-4522-BD2B-343FB70205FE,midnight,Midnight,40x__10x,0.3333617746829986,0.2818628624081611,0.0930000022053718,40× ↔ 10×,0.1427673576259465,-0.1427673576259465
BLCA,TCGA-DK-AA77-01A-01-TSA.26CAF5CB-CC4F-4522-BD2B-343FB70205FE,midnight,Midnight,40x__2p5x,0.0956033393740654,0.2581826746463775,0.0522000007331371,40× ↔ 2.5×,1.0784963481073375,-1.0784963481073375
BLCA,TCGA-DK-AA77-01A-01-TSA.26CAF5CB-CC4F-4522-BD2B-343FB70205FE,midnight,Midnight,10x__2p5x,0.1935537755489349,0.3797914534807205,0.1359000205993652,10× ↔ 2.5×,0.9085361365259027,-0.9085361365259027
BLCA,TCGA-FD-A6TK-01Z-00-DX1.B685DA87-72A6-4C38-8AA1-40B6E543383C,midnight,Midnight,40x__10x,0.8483485579490662,0.3835915476083755,0.2397000193595886,40× ↔ 10×,-0.13317626907477928,0.13317626907477928
BLCA,TCGA-FD-A6TK-01Z-00-DX1.B685DA87-72A6-4C38-8AA1-40B6E543383C,midnight,Midnight,40x__2p5x,0.6885531544685364,0.2795638144016266,0.1413999944925308,40× ↔ 2.5×,-0.4387888117214209,0.4387888117214209
BLCA,TCGA-FD-A6TK-01Z-00-DX1.B685DA87-72A6-4C38-8AA1-40B6E543383C,midnight,Midnight,10x__2p5x,0.8588169813156128,0.4343037605285644,0.2777999937534332,10× ↔ 2.5×,-0.07194352080953631,0.07194352080953631
BLCA,TCGA-GU-AATP-01Z-00-DX1.0D8EC37C-88E7-49D5-A76D-F0A4A3FD8AE4,midnight,Midnight,40x__10x,0.8395577669143677,0.3787075579166412,0.2046000212430954,40× ↔ 10×,-0.060776610841600756,0.060776610841600756
BLCA,TCGA-GU-AATP-01Z-00-DX1.0D8EC37C-88E7-49D5-A76D-F0A4A3FD8AE4,midnight,Midnight,40x__2p5x,0.6564082503318787,0.2628016769886017,0.1319999992847442,40× ↔ 2.5×,-0.31995543068107934,0.31995543068107934
BLCA,TCGA-GU-AATP-01Z-00-DX1.0D8EC37C-88E7-49D5-A76D-F0A4A3FD8AE4,midnight,Midnight,10x__2p5x,0.8186905384063721,0.4135736972093582,0.2329000234603881,10× ↔ 2.5×,-0.07245373140799088,0.07245373140799088
BLCA,TCGA-XF-A8HB-01Z-00-DX1.D6874152-D20A-4CA4-8E8B-8CBAB5F7D7B5,midnight,Midnight,40x__10x,0.7849103808403015,0.3935785740613937,0.2105000168085098,40× ↔ 10×,-0.050592432056178104,0.050592432056178104
BLCA,TCGA-XF-A8HB-01Z-00-DX1.D6874152-D20A-4CA4-8E8B-8CBAB5F7D7B5,midnight,Midnight,40x__2p5x,0.456649899482727,0.2744706124067306,0.1034000068902969,40× ↔ 2.5×,-0.3357116966390879,0.3357116966390879
BLCA,TCGA-XF-A8HB-01Z-00-DX1.D6874152-D20A-4CA4-8E8B-8CBAB5F7D7B5,midnight,Midnight,10x__2p5x,0.7515382766723633,0.4344031065702438,0.2218000143766403,10× ↔ 2.5×,-0.052878844345811304,0.052878844345811304
BLCA,TCGA-ZF-A9R1-01Z-00-DX1.74520759-D448-45B5-B8AD-45502C99A519,midnight,Midnight,40x__10x,0.7655198574066162,0.4217234998941421,0.2639999985694885,40× ↔ 10×,-0.16696653737589187,0.16696653737589187
BLCA,TCGA-ZF-A9R1-01Z-00-DX1.74520759-D448-45B5-B8AD-45502C99A519,midnight,Midnight,40x__2p5x,0.5727586150169373,0.3097601532936096,0.1589000076055526,40× ↔ 2.5×,-0.5510971982017565,0.5510971982017565
BLCA,TCGA-ZF-A9R1-01Z-00-DX1.74520759-D448-45B5-B8AD-45502C99A519,midnight,Midnight,10x__2p5x,0.8052836656570435,0.4729692041873932,0.2797000110149383,10× ↔ 2.5×,-0.13410170614655242,0.13410170614655242
BLCA,TCGA-ZF-AA51-01Z-00-DX1.128C9731-C206-4E71-9A64-864FA9FD7E96,midnight,Midnight,40x__10x,0.8537243604660034,0.3945547938346863,0.2536000311374664,40× ↔ 10×,-0.2560655667860661,0.2560655667860661
BLCA,TCGA-ZF-AA51-01Z-00-DX1.128C9731-C206-4E71-9A64-864FA9FD7E96,midnight,Midnight,40x__2p5x,0.7131522297859192,0.2897403240203857,0.1415000110864639,40× ↔ 2.5×,0.36880034572886194,-0.36880034572886194
BLCA,TCGA-ZF-AA51-01Z-00-DX1.128C9731-C206-4E71-9A64-864FA9FD7E96,midnight,Midnight,10x__2p5x,0.8230672478675842,0.556088924407959,0.2232000231742859,10× ↔ 2.5×,-0.15492409788031775,0.15492409788031775
BRCA,TCGA-A7-A2KD-01Z-00-DX1.BFF2DFC8-1D95-4DC2-98FC-5BD7D7C6CDF5,midnight,Midnight,40x__10x,0.6896827816963196,0.3127490431070328,0.1620000004768371,40× ↔ 10×,-1.1824102984350522,1.1824102984350522
BRCA,TCGA-A7-A2KD-01Z-00-DX1.BFF2DFC8-1D95-4DC2-98FC-5BD7D7C6CDF5,midnight,Midnight,40x__2p5x,0.5227751135826111,0.2716383039951324,0.1104000136256218,40× ↔ 2.5×,-0.8879938367789808,0.8879938367789808
BRCA,TCGA-A7-A2KD-01Z-00-DX1.BFF2DFC8-1D95-4DC2-98FC-5BD7D7C6CDF5,midnight,Midnight,10x__2p5x,0.787890613079071,0.3021597415208816,0.2742000222206116,10× ↔ 2.5×,-0.45003500021982246,0.45003500021982246
BRCA,TCGA-AN-A0G0-01Z-00-DX1.BE0BB5DF-DEDA-48D8-B5D8-2735C767F28F,midnight,Midnight,40x__10x,0.6917462348937988,0.3539637178182602,0.1353000253438949,40× ↔ 10×,-0.10353056196846522,0.10353056196846522
BRCA,TCGA-AN-A0G0-01Z-00-DX1.BE0BB5DF-DEDA-48D8-B5D8-2735C767F28F,midnight,Midnight,40x__2p5x,0.5342612862586975,0.3598879277706146,0.0803000032901763,40× ↔ 2.5×,0.01640560266143106,-0.01640560266143106
BRCA,TCGA-AN-A0G0-01Z-00-DX1.BE0BB5DF-DEDA-48D8-B5D8-2735C767F28F,midnight,Midnight,10x__2p5x,0.8583331108093262,0.4586006999015808,0.2404000014066696,10× ↔ 2.5×,0.20795047042999962,-0.20795047042999962
BRCA,TCGA-AQ-A04L-01Z-00-DX1.F35BF4DD-896A-43C2-8DA6-C67945C003BE,midnight,Midnight,40x__10x,0.8444020748138428,0.3899428993463516,0.1612000167369842,40× ↔ 10×,-0.3249359929553469,0.3249359929553469
BRCA,TCGA-AQ-A04L-01Z-00-DX1.F35BF4DD-896A-43C2-8DA6-C67945C003BE,midnight,Midnight,40x__2p5x,0.7168686389923096,0.2989052385091781,0.0876000076532363,40× ↔ 2.5×,-0.6696311264882929,0.6696311264882929
BRCA,TCGA-AQ-A04L-01Z-00-DX1.F35BF4DD-896A-43C2-8DA6-C67945C003BE,midnight,Midnight,10x__2p5x,0.8647087812423706,0.3716050237417221,0.2205000072717666,10× ↔ 2.5×,-0.1361044929256748,0.1361044929256748
BRCA,TCGA-AR-A2LK-01Z-00-DX1.FBD59C38-CD4E-4C22-BC74-A57C192A9BBC,midnight,Midnight,40x__10x,0.7620289921760559,0.3892924338579178,0.1991000175476074,40× ↔ 10×,-0.18412484333255735,0.18412484333255735
BRCA,TCGA-AR-A2LK-01Z-00-DX1.FBD59C38-CD4E-4C22-BC74-A57C192A9BBC,midnight,Midnight,40x__2p5x,0.4909463822841644,0.2753199785947799,0.1176000088453292,40× ↔ 2.5×,-0.574342441334063,0.574342441334063
BRCA,TCGA-AR-A2LK-01Z-00-DX1.FBD59C38-CD4E-4C22-BC74-A57C192A9BBC,midnight,Midnight,10x__2p5x,0.6151549220085144,0.3799998462200165,0.2497000098228454,10× ↔ 2.5×,-0.10156096803640566,0.10156096803640566
BRCA,TCGA-AR-A5QM-01Z-00-DX1.A9017CED-FF57-4090-95B9-94DC91854347,midnight,Midnight,40x__10x,0.6799795031547546,0.3876658827066421,0.1391000151634216,40× ↔ 10×,-0.28862073214102596,0.28862073214102596
BRCA,TCGA-AR-A5QM-01Z-00-DX1.A9017CED-FF57-4090-95B9-94DC91854347,midnight,Midnight,40x__2p5x,0.4515371024608612,0.296113520860672,0.0834000036120414,40× ↔ 2.5×,-0.7656477724143798,0.7656477724143798
BRCA,TCGA-AR-A5QM-01Z-00-DX1.A9017CED-FF57-4090-95B9-94DC91854347,midnight,Midnight,10x__2p5x,0.7037562131881714,0.4103433936834335,0.1970000118017196,10× ↔ 2.5×,-0.13686683748288048,0.13686683748288048
BRCA,TCGA-BH-A0C1-01Z-00-DX1.21FE357E-B182-4397-BFEF-7E96E994236A,midnight,Midnight,40x__10x,0.8589422702789307,0.3726271390914917,0.1790000051259994,40× ↔ 10×,-0.509010687742213,0.509010687742213
BRCA,TCGA-BH-A0C1-01Z-00-DX1.21FE357E-B182-4397-BFEF-7E96E994236A,midnight,Midnight,40x__2p5x,0.7442941069602966,0.2755381166934967,0.1188000068068504,40× ↔ 2.5×,-0.6209034848232327,0.6209034848232327
BRCA,TCGA-BH-A0C1-01Z-00-DX1.21FE357E-B182-4397-BFEF-7E96E994236A,midnight,Midnight,10x__2p5x,0.8756066560745239,0.3704205304384231,0.2769000232219696,10× ↔ 2.5×,-0.11733121037599961,0.11733121037599961
BRCA,TCGA-D8-A1X8-01Z-00-DX1.DDA3866E-C7CC-4650-BE2B-5C9A98A2D531,midnight,Midnight,40x__10x,0.8293318748474121,0.3851947039365768,0.2227000296115875,40× ↔ 10×,-0.455452528731312,0.455452528731312
BRCA,TCGA-D8-A1X8-01Z-00-DX1.DDA3866E-C7CC-4650-BE2B-5C9A98A2D531,midnight,Midnight,40x__2p5x,0.6539421677589417,0.2955032438039779,0.1264000087976455,40× ↔ 2.5×,-0.7628665526204939,0.7628665526204939
BRCA,TCGA-D8-A1X8-01Z-00-DX1.DDA3866E-C7CC-4650-BE2B-5C9A98A2D531,midnight,Midnight,10x__2p5x,0.819979727268219,0.4156359732151031,0.2450000047683715,10× ↔ 2.5×,-0.1679774687629886,0.1679774687629886
BRCA,TCGA-E2-A14P-01Z-00-DX1.663B02FF-C64B-41A6-8685-FD61CD76F9C6,midnight,Midnight,40x__10x,0.8642423152923584,0.4146853387355804,0.2052000015974044,40× ↔ 10×,-0.2371049731851374,0.2371049731851374
BRCA,TCGA-E2-A14P-01Z-00-DX1.663B02FF-C64B-41A6-8685-FD61CD76F9C6,midnight,Midnight,40x__2p5x,0.7673923373222351,0.3062208145856857,0.1156999990344047,40× ↔ 2.5×,-0.47275288801364657,0.47275288801364657
BRCA,TCGA-E2-A14P-01Z-00-DX1.663B02FF-C64B-41A6-8685-FD61CD76F9C6,midnight,Midnight,10x__2p5x,0.8581353425979614,0.3721204251050949,0.2171000093221664,10× ↔ 2.5×,-0.14763731464584656,0.14763731464584656
BRCA,TCGA-E2-A1LA-01Z-00-DX1.AE49E943-B830-4ED9-B09E-E499441BC2EC,midnight,Midnight,40x__10x,0.8441604971885681,0.4169645756483078,0.2891000211238861,40× ↔ 10×,-0.5477555532276049,0.5477555532276049
BRCA,TCGA-E2-A1LA-01Z-00-DX1.AE49E943-B830-4ED9-B09E-E499441BC2EC,midnight,Midnight,40x__2p5x,0.7077919244766235,0.2830792516469955,0.1830000132322311,40× ↔ 2.5×,-0.8147012852168316,0.8147012852168316
BRCA,TCGA-E2-A1LA-01Z-00-DX1.AE49E943-B830-4ED9-B09E-E499441BC2EC,midnight,Midnight,10x__2p5x,0.8528542518615723,0.4044522494077682,0.3127000331878662,10× ↔ 2.5×,-0.25948393340093423,0.25948393340093423
BRCA,TCGA-GM-A3XN-01Z-00-DX1.49F5C8AC-0328-4BC2-9FE2-E7150B7A42E2,midnight,Midnight,40x__10x,0.7767164707183838,0.3963642716407776,0.1695000082254409,40× ↔ 10×,-0.43633671066592683,0.43633671066592683
BRCA,TCGA-GM-A3XN-01Z-00-DX1.49F5C8AC-0328-4BC2-9FE2-E7150B7A42E2,midnight,Midnight,40x__2p5x,0.6086083650588989,0.2875759303569793,0.1025000140070915,40× ↔ 2.5×,-0.8248469857116334,0.8248469857116334
BRCA,TCGA-GM-A3XN-01Z-00-DX1.49F5C8AC-0328-4BC2-9FE2-E7150B7A42E2,midnight,Midnight,10x__2p5x,0.8405885696411133,0.3902635127305984,0.231200024485588,10× ↔ 2.5×,-0.1654764087869923,0.1654764087869923
COAD,TCGA-AY-A8YK-01Z-00-DX1.89E3C546-0425-449B-A6FB-1C35168EA7EB,midnight,Midnight,40x__10x,0.680799126625061,0.2883575856685638,0.1823000162839889,40× ↔ 10×,1.125891163606239,-1.125891163606239
COAD,TCGA-AY-A8YK-01Z-00-DX1.89E3C546-0425-449B-A6FB-1C35168EA7EB,midnight,Midnight,40x__2p5x,0.5385997295379639,0.2623751759529114,0.1157000064849853,40× ↔ 2.5×,-0.10551809614165686,0.10551809614165686
COAD,TCGA-AY-A8YK-01Z-00-DX1.89E3C546-0425-449B-A6FB-1C35168EA7EB,midnight,Midnight,10x__2p5x,0.898490846157074,0.3790635019540787,0.2865000069141388,10× ↔ 2.5×,0.26740911522527006,-0.26740911522527006
COAD,TCGA-CK-4947-01Z-00-DX1.b257d5fd-b97b-4987-b088-77f044ca7fe2,midnight,Midnight,40x__10x,0.7432986497879028,0.3758208602666855,0.2069000005722046,40× ↔ 10×,-1.1765021482532712,1.1765021482532712
COAD,TCGA-CK-4947-01Z-00-DX1.b257d5fd-b97b-4987-b088-77f044ca7fe2,midnight,Midnight,40x__2p5x,0.5702750086784363,0.2873835265636444,0.1271000057458877,40× ↔ 2.5×,-1.9535383579983079,1.9535383579983079
COAD,TCGA-CK-4947-01Z-00-DX1.b257d5fd-b97b-4987-b088-77f044ca7fe2,midnight,Midnight,10x__2p5x,0.7516466975212097,0.4801945090293884,0.2473000138998031,10× ↔ 2.5×,-0.7534238818224932,0.7534238818224932
COAD,TCGA-CM-6168-01Z-00-DX1.96af6eb2-9d51-4671-baf8-1a73d0c66869,midnight,Midnight,40x__10x,0.871218204498291,0.3408655077219009,0.2771000564098358,40× ↔ 10×,-0.48024784222395234,0.48024784222395234
COAD,TCGA-CM-6168-01Z-00-DX1.96af6eb2-9d51-4671-baf8-1a73d0c66869,midnight,Midnight,40x__2p5x,0.7185505032539368,0.2721382677555084,0.1712000072002411,40× ↔ 2.5×,-1.1540839800972797,1.1540839800972797
COAD,TCGA-CM-6168-01Z-00-DX1.96af6eb2-9d51-4671-baf8-1a73d0c66869,midnight,Midnight,10x__2p5x,0.8602988123893738,0.4588411599397659,0.324500024318695,10× ↔ 2.5×,-0.2745207303475967,0.2745207303475967
COAD,TCGA-CM-6169-01Z-00-DX1.0381c243-02b8-4f1d-840c-19ef44d4b92c,midnight,Midnight,40x__10x,0.8274741768836975,0.3433858156204223,0.2300000041723251,40× ↔ 10×,-0.6637629070665096,0.6637629070665096
COAD,TCGA-CM-6169-01Z-00-DX1.0381c243-02b8-4f1d-840c-19ef44d4b92c,midnight,Midnight,40x__2p5x,0.6718639135360718,0.2797359079122543,0.1277000159025192,40× ↔ 2.5×,-1.750964527583438,1.750964527583438
COAD,TCGA-CM-6169-01Z-00-DX1.0381c243-02b8-4f1d-840c-19ef44d4b92c,midnight,Midnight,10x__2p5x,0.8402699828147888,0.4682825356721878,0.2520000040531158,10× ↔ 2.5×,-0.33772831792019775,0.33772831792019775
COAD,TCGA-G4-6309-01Z-00-DX1.3eb20fdc-eb86-4bd5-8194-76b02d4fa472,midnight,Midnight,40x__10x,0.8544263243675232,0.336232453584671,0.2662000358104706,40× ↔ 10×,-0.35881478773167913,0.35881478773167913
COAD,TCGA-G4-6309-01Z-00-DX1.3eb20fdc-eb86-4bd5-8194-76b02d4fa472,midnight,Midnight,40x__2p5x,0.7419791221618652,0.2725785970687866,0.171300008893013,40× ↔ 2.5×,-1.145410194746646,1.145410194746646
COAD,TCGA-G4-6309-01Z-00-DX1.3eb20fdc-eb86-4bd5-8194-76b02d4fa472,midnight,Midnight,10x__2p5x,0.885406494140625,0.4568781107664108,0.2985000014305115,10× ↔ 2.5×,-0.16494188168797003,0.16494188168797003
COAD,TCGA-G4-6310-01Z-00-DX1.b88472d4-3adc-4e4d-b0f2-0dc195a3d7df,midnight,Midnight,40x__10x,0.8470066785812378,0.325191929936409,0.2201000154018402,40× ↔ 10×,-1.0896328263932287,1.0896328263932287
COAD,TCGA-G4-6310-01Z-00-DX1.b88472d4-3adc-4e4d-b0f2-0dc195a3d7df,midnight,Midnight,40x__2p5x,0.6997525691986084,0.2623610571026802,0.1430000066757202,40× ↔ 2.5×,-1.7653115208728054,1.7653115208728054
COAD,TCGA-G4-6310-01Z-00-DX1.b88472d4-3adc-4e4d-b0f2-0dc195a3d7df,midnight,Midnight,10x__2p5x,0.880692183971405,0.4414539635181427,0.2767000198364258,10× ↔ 2.5×,-1.104394598672139,1.104394598672139
COAD,TCGA-G4-6588-01Z-00-DX1.0747172e-f630-4b7c-9341-55078585ae00,midnight,Midnight,40x__10x,0.8144364953041077,0.3008459955453872,0.2185000032186508,40× ↔ 10×,-0.3482270740756628,0.3482270740756628
COAD,TCGA-G4-6588-01Z-00-DX1.0747172e-f630-4b7c-9341-55078585ae00,midnight,Midnight,40x__2p5x,0.6949505805969238,0.2659336030483246,0.1289000064134597,40× ↔ 2.5×,-1.033198028834058,1.033198028834058
COAD,TCGA-G4-6588-01Z-00-DX1.0747172e-f630-4b7c-9341-55078585ae00,midnight,Midnight,10x__2p5x,0.8863053321838379,0.4373051077127456,0.2742000222206116,10× ↔ 2.5×,-0.1578607326116515,0.1578607326116515
HNSC,TCGA-BA-6871-01Z-00-DX1.4d9ca329-f8d5-4c31-a20f-9d4fba728326,midnight,Midnight,40x__10x,0.5350942611694336,0.3189503401517868,0.1477000266313552,40× ↔ 10×,-1.0093076765872957,1.0093076765872957
HNSC,TCGA-BA-6871-01Z-00-DX1.4d9ca329-f8d5-4c31-a20f-9d4fba728326,midnight,Midnight,40x__2p5x,0.2634982764720917,0.2367405295372009,0.0812000036239624,40× ↔ 2.5×,-0.9444081676519523,0.9444081676519523
HNSC,TCGA-BA-6871-01Z-00-DX1.4d9ca329-f8d5-4c31-a20f-9d4fba728326,midnight,Midnight,10x__2p5x,0.3805214762687683,0.4762657433748245,0.161200001835823,10× ↔ 2.5×,-0.44672218103963185,0.44672218103963185
HNSC,TCGA-BA-6872-01Z-00-DX1.F99F6394-D319-4599-B124-D2A6692FA096,midnight,Midnight,40x__10x,0.7431322932243347,0.3218076080083847,0.1715000122785568,40× ↔ 10×,-0.7690486805324908,0.7690486805324908
HNSC,TCGA-BA-6872-01Z-00-DX1.F99F6394-D319-4599-B124-D2A6692FA096,midnight,Midnight,40x__2p5x,0.5817989110946655,0.3228386789560318,0.0948000103235244,40× ↔ 2.5×,-1.2615844674045125,1.2615844674045125
HNSC,TCGA-BA-6872-01Z-00-DX1.F99F6394-D319-4599-B124-D2A6692FA096,midnight,Midnight,10x__2p5x,0.8006579279899597,0.4768089354038238,0.2391000241041183,10× ↔ 2.5×,-0.26871181553825957,0.26871181553825957
HNSC,TCGA-CN-A6V7-01A-01-TS1.F54912D3-1E21-4605-ACFC-142973524AE2,midnight,Midnight,40x__10x,0.3104750514030456,0.2557678371667862,0.0722000077366828,40× ↔ 10×,3.183703173441626,-3.183703173441626
HNSC,TCGA-CN-A6V7-01A-01-TS1.F54912D3-1E21-4605-ACFC-142973524AE2,midnight,Midnight,40x__2p5x,0.1259084045886993,0.2349593564867973,0.0568000003695488,40× ↔ 2.5×,4.397264837124778,-4.397264837124778
HNSC,TCGA-CN-A6V7-01A-01-TS1.F54912D3-1E21-4605-ACFC-142973524AE2,midnight,Midnight,10x__2p5x,0.2161352038383484,0.4015055447816849,0.1768999993801117,10× ↔ 2.5×,3.1834464887956075,-3.1834464887956075
HNSC,TCGA-CV-6935-01Z-00-DX1.9C449CB2-FB6D-41D1-A4A6-3069DC84A697,midnight,Midnight,40x__10x,0.7562434673309326,0.4240619093179703,0.1816000193357467,40× ↔ 10×,-0.19359157567429497,0.19359157567429497
HNSC,TCGA-CV-6935-01Z-00-DX1.9C449CB2-FB6D-41D1-A4A6-3069DC84A697,midnight,Midnight,40x__2p5x,0.5985147953033447,0.3218475133180618,0.1098000109195709,40× ↔ 2.5×,-0.7327358519606608,0.7327358519606608
HNSC,TCGA-CV-6935-01Z-00-DX1.9C449CB2-FB6D-41D1-A4A6-3069DC84A697,midnight,Midnight,10x__2p5x,0.7997362613677979,0.5429003834724426,0.2303000092506408,10× ↔ 2.5×,-0.04989603530009813,0.04989603530009813
HNSC,TCGA-CV-A45O-01Z-00-DX1.8CBD0CCC-C815-475D-87F9-76272F4F715B,midnight,Midnight,40x__10x,0.7457565069198608,0.4163470715284347,0.2326000183820724,40× ↔ 10×,-0.16911120387524164,0.16911120387524164
HNSC,TCGA-CV-A45O-01Z-00-DX1.8CBD0CCC-C815-475D-87F9-76272F4F715B,midnight,Midnight,40x__2p5x,0.5171552896499634,0.3052286505699157,0.134100005030632,40× ↔ 2.5×,-0.9208830165668797,0.9208830165668797
HNSC,TCGA-CV-A45O-01Z-00-DX1.8CBD0CCC-C815-475D-87F9-76272F4F715B,midnight,Midnight,10x__2p5x,0.7870171070098877,0.4595893323421478,0.2679000198841095,10× ↔ 2.5×,-0.06901866830657824,0.06901866830657824
HNSC,TCGA-CV-A6JE-01Z-00-DX1.20137D17-19B3-49FF-9C3D-60933157E409,midnight,Midnight,40x__10x,0.7671189308166504,0.3943716883659363,0.1945000141859054,40× ↔ 10×,-0.8396215576351871,0.8396215576351871
HNSC,TCGA-CV-A6JE-01Z-00-DX1.20137D17-19B3-49FF-9C3D-60933157E409,midnight,Midnight,40x__2p5x,0.5706198215484619,0.2606100738048553,0.1283000111579895,40× ↔ 2.5×,-1.8473213506158952,1.8473213506158952
HNSC,TCGA-CV-A6JE-01Z-00-DX1.20137D17-19B3-49FF-9C3D-60933157E409,midnight,Midnight,10x__2p5x,0.8004761934280396,0.4341741502285003,0.2673999965190887,10× ↔ 2.5×,-0.5338664348830112,0.5338664348830112
HNSC,TCGA-CV-A6JU-01Z-00-DX1.35A3A1F0-9D6C-4794-B501-E56E48C51DF9,midnight,Midnight,40x__10x,0.7435052394866943,0.3849357962608337,0.2378000169992447,40× ↔ 10×,-0.34796408495648595,0.34796408495648595
HNSC,TCGA-CV-A6JU-01Z-00-DX1.35A3A1F0-9D6C-4794-B501-E56E48C51DF9,midnight,Midnight,40x__2p5x,0.5741449594497681,0.248309351503849,0.1309000104665756,40× ↔ 2.5×,-1.1798017178862077,1.1798017178862077
HNSC,TCGA-CV-A6JU-01Z-00-DX1.35A3A1F0-9D6C-4794-B501-E56E48C51DF9,midnight,Midnight,10x__2p5x,0.835540235042572,0.4505366683006286,0.2673000395298004,10× ↔ 2.5×,-0.11830316273732626,0.11830316273732626
HNSC,TCGA-UF-A719-01Z-00-DX1.4C4ECC2C-C390-4C5E-A709-CF08C113F1A1,midnight,Midnight,40x__10x,0.8269546031951904,0.388815775513649,0.2397000193595886,40× ↔ 10×,-0.5835783552734223,0.5835783552734223
HNSC,TCGA-UF-A719-01Z-00-DX1.4C4ECC2C-C390-4C5E-A709-CF08C113F1A1,midnight,Midnight,40x__2p5x,0.654919445514679,0.260499432682991,0.1402000188827514,40× ↔ 2.5×,-2.0062865092589255,2.0062865092589255
HNSC,TCGA-UF-A719-01Z-00-DX1.4C4ECC2C-C390-4C5E-A709-CF08C113F1A1,midnight,Midnight,10x__2p5x,0.8415409326553345,0.4307403713464737,0.2553000450134277,10× ↔ 2.5×,-0.5169815762256761,0.5169815762256761
KIRC,TCGA-A3-3346-01Z-00-DX1.95280216-fd71-4a03-b452-6e3d667f2542,midnight,Midnight,40x__10x,0.6796066761016846,0.3024648874998092,0.1610000133514404,40× ↔ 10×,-0.9792377777171545,0.9792377777171545
KIRC,TCGA-A3-3346-01Z-00-DX1.95280216-fd71-4a03-b452-6e3d667f2542,midnight,Midnight,40x__2p5x,0.334969013929367,0.270005539059639,0.111900009214878,40× ↔ 2.5×,-0.8374439956045141,0.8374439956045141
KIRC,TCGA-A3-3346-01Z-00-DX1.95280216-fd71-4a03-b452-6e3d667f2542,midnight,Midnight,10x__2p5x,0.5047839879989624,0.3957489132881164,0.2976000308990478,10× ↔ 2.5×,-0.5043243561005666,0.5043243561005666
KIRC,TCGA-A3-A8CQ-01Z-00-DX1.78DA0827-5FB8-4B9F-A845-22F85830B5FB,midnight,Midnight,40x__10x,0.516463577747345,0.2312842905521392,0.1325000077486038,40× ↔ 10×,-0.5292952646305343,0.5292952646305343
KIRC,TCGA-A3-A8CQ-01Z-00-DX1.78DA0827-5FB8-4B9F-A845-22F85830B5FB,midnight,Midnight,40x__2p5x,0.1393125057220459,0.2468215152621269,0.0819000080227851,40× ↔ 2.5×,-0.5510980184921455,0.5510980184921455
KIRC,TCGA-A3-A8CQ-01Z-00-DX1.78DA0827-5FB8-4B9F-A845-22F85830B5FB,midnight,Midnight,10x__2p5x,0.2633044719696045,0.3446916788816452,0.2745000123977661,10× ↔ 2.5×,-0.14030326292894135,0.14030326292894135
KIRC,TCGA-AK-3444-01Z-00-DX1.1F0E0B47-29FF-456F-800A-539983FDCFAA,midnight,Midnight,40x__10x,0.8746634125709534,0.3166033625602722,0.1782000213861465,40× ↔ 10×,-0.7791278183088493,0.7791278183088493
KIRC,TCGA-AK-3444-01Z-00-DX1.1F0E0B47-29FF-456F-800A-539983FDCFAA,midnight,Midnight,40x__2p5x,0.7747527956962585,0.2905555963516235,0.1193000078201294,40× ↔ 2.5×,-0.747603565108986,0.747603565108986
KIRC,TCGA-AK-3444-01Z-00-DX1.1F0E0B47-29FF-456F-800A-539983FDCFAA,midnight,Midnight,10x__2p5x,0.8978049159049988,0.3534249365329742,0.2794000208377838,10× ↔ 2.5×,-0.37185895344040343,0.37185895344040343
KIRC,TCGA-B0-5094-01Z-00-DX1.eac31fe2-09da-4ecf-8e25-c073cbb03295,midnight,Midnight,40x__10x,0.9057906866073608,0.2932301163673401,0.2344000041484832,40× ↔ 10×,-0.8081875039113171,0.8081875039113171
KIRC,TCGA-B0-5094-01Z-00-DX1.eac31fe2-09da-4ecf-8e25-c073cbb03295,midnight,Midnight,40x__2p5x,0.8265702724456787,0.2719614952802658,0.139800027012825,40× ↔ 2.5×,-0.8244647983982301,0.8244647983982301
KIRC,TCGA-B0-5094-01Z-00-DX1.eac31fe2-09da-4ecf-8e25-c073cbb03295,midnight,Midnight,10x__2p5x,0.9175305366516112,0.5041834712028503,0.2463999986648559,10× ↔ 2.5×,-0.543508644872402,0.543508644872402
KIRC,TCGA-B0-5106-01Z-00-DX1.564e51a3-be50-4eed-ba9c-4d478b96ffc6,midnight,Midnight,40x__10x,0.8276669979095459,0.3405478000640869,0.1955000311136245,40× ↔ 10×,-0.46222203860108807,0.46222203860108807
KIRC,TCGA-B0-5106-01Z-00-DX1.564e51a3-be50-4eed-ba9c-4d478b96ffc6,midnight,Midnight,40x__2p5x,0.6984050273895264,0.2808386385440826,0.1257000118494033,40× ↔ 2.5×,-0.4909152556631902,0.4909152556631902
KIRC,TCGA-B0-5106-01Z-00-DX1.564e51a3-be50-4eed-ba9c-4d478b96ffc6,midnight,Midnight,10x__2p5x,0.863010823726654,0.4067181795835495,0.2763999998569488,10× ↔ 2.5×,-0.13933479957247247,0.13933479957247247
KIRC,TCGA-B0-5711-01Z-00-DX1.6839921f-ec08-4e94-8bf9-4b5a4fcdda45,midnight,Midnight,40x__10x,0.875239908695221,0.3034645467996597,0.1930000036954879,40× ↔ 10×,-0.3708390735740864,0.3708390735740864
KIRC,TCGA-B0-5711-01Z-00-DX1.6839921f-ec08-4e94-8bf9-4b5a4fcdda45,midnight,Midnight,40x__2p5x,0.7750259041786194,0.2548539713025093,0.1308000087738037,40× ↔ 2.5×,-0.517950825626083,0.517950825626083
KIRC,TCGA-B0-5711-01Z-00-DX1.6839921f-ec08-4e94-8bf9-4b5a4fcdda45,midnight,Midnight,10x__2p5x,0.8875338435173035,0.3892960697412491,0.2815000116825104,10× ↔ 2.5×,-0.12865384363370663,0.12865384363370663
KIRC,TCGA-B2-5633-01Z-00-DX1.c55a29ca-468e-46de-9ff5-a51f46fe09fd,midnight,Midnight,40x__10x,0.6862239837646484,0.3333000093698501,0.1805000156164169,40× ↔ 10×,-0.5553727603731733,0.5553727603731733
KIRC,TCGA-B2-5633-01Z-00-DX1.c55a29ca-468e-46de-9ff5-a51f46fe09fd,midnight,Midnight,40x__2p5x,0.4178277254104614,0.2854067683219909,0.120100013911724,40× ↔ 2.5×,-0.6025128594036631,0.6025128594036631
KIRC,TCGA-B2-5633-01Z-00-DX1.c55a29ca-468e-46de-9ff5-a51f46fe09fd,midnight,Midnight,10x__2p5x,0.6383111476898193,0.4260003864765167,0.2752000391483307,10× ↔ 2.5×,-0.22925195807113105,0.22925195807113105
KIRC,TCGA-BP-4991-01Z-00-DX1.71305f5c-ca59-48fa-bb82-4b441c1fffdc,midnight,Midnight,40x__10x,0.9229282140731812,0.2567952871322632,0.1960000097751617,40× ↔ 10×,-0.7583834648054527,0.7583834648054527
KIRC,TCGA-BP-4991-01Z-00-DX1.71305f5c-ca59-48fa-bb82-4b441c1fffdc,midnight,Midnight,40x__2p5x,0.8769490718841553,0.2644659578800201,0.131300002336502,40× ↔ 2.5×,-0.7258527365076535,0.7258527365076535
KIRC,TCGA-BP-4991-01Z-00-DX1.71305f5c-ca59-48fa-bb82-4b441c1fffdc,midnight,Midnight,10x__2p5x,0.9526873230934144,0.3715232163667679,0.2790000140666961,10× ↔ 2.5×,-0.3768124331075503,0.3768124331075503
KIRC,TCGA-BP-5201-01Z-00-DX1.d1a9878e-bb97-48fb-9098-9d9337f06250,midnight,Midnight,40x__10x,0.5899765491485596,0.4974910765886307,0.1482000052928924,40× ↔ 10×,0.5692449997367993,-0.5692449997367993
KIRC,TCGA-BP-5201-01Z-00-DX1.d1a9878e-bb97-48fb-9098-9d9337f06250,midnight,Midnight,40x__2p5x,0.1447227299213409,0.475261390209198,0.0938000082969665,40× ↔ 2.5×,0.44828920706008235,-0.44828920706008235
KIRC,TCGA-BP-5201-01Z-00-DX1.d1a9878e-bb97-48fb-9098-9d9337f06250,midnight,Midnight,10x__2p5x,0.3021629750728607,0.5422842502593994,0.1935000121593475,10× ↔ 2.5×,-0.029547452937803337,0.029547452937803337
LUAD,TCGA-55-6986-01Z-00-DX1.ae52d41e-3cd6-4d36-b04b-2ea7d29bd8da,midnight,Midnight,40x__10x,0.7357469201087952,0.3395988047122955,0.1707000136375427,40× ↔ 10×,-0.08086283915248535,0.08086283915248535
LUAD,TCGA-55-6986-01Z-00-DX1.ae52d41e-3cd6-4d36-b04b-2ea7d29bd8da,midnight,Midnight,40x__2p5x,0.553892970085144,0.3028155267238617,0.0967000052332878,40× ↔ 2.5×,-0.113545241181185,0.113545241181185
LUAD,TCGA-55-6986-01Z-00-DX1.ae52d41e-3cd6-4d36-b04b-2ea7d29bd8da,midnight,Midnight,10x__2p5x,0.7534115314483643,0.4663453698158264,0.2261000126600265,10× ↔ 2.5×,-0.02289842368803818,0.02289842368803818
LUAD,TCGA-64-5779-01Z-00-DX1.B3268447-DCE0-4927-B5A9-EC4D61E9B17D,midnight,Midnight,40x__10x,0.6700294017791748,0.3542229980230331,0.1532000005245208,40× ↔ 10×,-0.01918377333123396,0.01918377333123396
LUAD,TCGA-64-5779-01Z-00-DX1.B3268447-DCE0-4927-B5A9-EC4D61E9B17D,midnight,Midnight,40x__2p5x,0.2471569627523422,0.3603009134531021,0.07430000603199,40× ↔ 2.5×,-0.16964907876092852,0.16964907876092852
LUAD,TCGA-64-5779-01Z-00-DX1.B3268447-DCE0-4927-B5A9-EC4D61E9B17D,midnight,Midnight,10x__2p5x,0.4606882929801941,0.4747928828001022,0.1409000009298324,10× ↔ 2.5×,-0.07781267835685352,0.07781267835685352
LUAD,TCGA-78-7158-01Z-00-DX1.74db3dcd-2715-4ce7-8e48-30c8b7946ba0,midnight,Midnight,40x__10x,0.6661002039909363,0.365465834736824,0.1305000036954879,40× ↔ 10×,-0.17644248244926922,0.17644248244926922
LUAD,TCGA-78-7158-01Z-00-DX1.74db3dcd-2715-4ce7-8e48-30c8b7946ba0,midnight,Midnight,40x__2p5x,0.4322019517421722,0.3641760796308517,0.0783000066876411,40× ↔ 2.5×,-0.3109727473228081,0.3109727473228081
LUAD,TCGA-78-7158-01Z-00-DX1.74db3dcd-2715-4ce7-8e48-30c8b7946ba0,midnight,Midnight,10x__2p5x,0.6338396668434143,0.5060761570930481,0.1750000119209289,10× ↔ 2.5×,-0.08632419624789721,0.08632419624789721
LUAD,TCGA-78-7163-01Z-00-DX1.42880bdf-271d-41dd-aada-e7ec1156ff31,midnight,Midnight,40x__10x,0.5292368531227112,0.7023926079273224,0.1287000179290771,40× ↔ 10×,-0.17977413205997386,0.17977413205997386
LUAD,TCGA-78-7163-01Z-00-DX1.42880bdf-271d-41dd-aada-e7ec1156ff31,midnight,Midnight,40x__2p5x,0.3349023759365082,0.6485917568206787,0.0718000084161758,40× ↔ 2.5×,-0.1423662699323723,0.1423662699323723
LUAD,TCGA-78-7163-01Z-00-DX1.42880bdf-271d-41dd-aada-e7ec1156ff31,midnight,Midnight,10x__2p5x,0.5827053189277649,0.654999166727066,0.1826000213623047,10× ↔ 2.5×,-0.0700509918125094,0.0700509918125094
LUAD,TCGA-78-7536-01Z-00-DX1.6b066140-8b82-40a5-bd48-430eeb4463fe,midnight,Midnight,40x__10x,0.477716326713562,0.3361618369817734,0.1037000119686126,40× ↔ 10×,-0.18002337712481323,0.18002337712481323
LUAD,TCGA-78-7536-01Z-00-DX1.6b066140-8b82-40a5-bd48-430eeb4463fe,midnight,Midnight,40x__2p5x,0.2084051519632339,0.3725076168775558,0.0526000000536441,40× ↔ 2.5×,-0.33774439258246053,0.33774439258246053
LUAD,TCGA-78-7536-01Z-00-DX1.6b066140-8b82-40a5-bd48-430eeb4463fe,midnight,Midnight,10x__2p5x,0.5822175741195679,0.4841073155403137,0.1161000058054924,10× ↔ 2.5×,-0.06647042191365625,0.06647042191365625
LUAD,TCGA-86-8668-01Z-00-DX1.d720d486-02c7-4f98-8feb-e0e50a12c158,midnight,Midnight,40x__10x,0.7793874740600586,0.3109711408615112,0.1408000141382217,40× ↔ 10×,-0.1796539304584201,0.1796539304584201
LUAD,TCGA-86-8668-01Z-00-DX1.d720d486-02c7-4f98-8feb-e0e50a12c158,midnight,Midnight,40x__2p5x,0.5730956792831421,0.2651752233505249,0.0863000079989433,40× ↔ 2.5×,-0.16062020924145273,0.16062020924145273
LUAD,TCGA-86-8668-01Z-00-DX1.d720d486-02c7-4f98-8feb-e0e50a12c158,midnight,Midnight,10x__2p5x,0.7476546764373779,0.4217252731323242,0.1897000223398208,10× ↔ 2.5×,-0.03617983214373027,0.03617983214373027
LUAD,TCGA-97-A4LX-01Z-00-DX1.B2334672-A626-4E74-B4D1-A79F70F65909,midnight,Midnight,40x__10x,0.6437668204307556,0.3515434563159942,0.1159000098705291,40× ↔ 10×,-0.03313817712159944,0.03313817712159944
LUAD,TCGA-97-A4LX-01Z-00-DX1.B2334672-A626-4E74-B4D1-A79F70F65909,midnight,Midnight,40x__2p5x,0.4503705203533172,0.301937460899353,0.0582000017166137,40× ↔ 2.5×,-0.1263691417727845,0.1263691417727845
LUAD,TCGA-97-A4LX-01Z-00-DX1.B2334672-A626-4E74-B4D1-A79F70F65909,midnight,Midnight,10x__2p5x,0.7920306921005249,0.4928527325391769,0.1280000060796737,10× ↔ 2.5×,-0.04289001980974403,0.04289001980974403
LUAD,TCGA-97-A4M2-01Z-00-DX1.5C72522C-1538-4D68-B517-5FB05A9D401A,midnight,Midnight,40x__10x,0.8021256923675537,0.3383770287036896,0.1650000065565109,40× ↔ 10×,-0.04788223415519007,0.04788223415519007
LUAD,TCGA-97-A4M2-01Z-00-DX1.5C72522C-1538-4D68-B517-5FB05A9D401A,midnight,Midnight,40x__2p5x,0.5855921506881714,0.2731322348117828,0.08160001039505,40× ↔ 2.5×,-0.11972207176677467,0.11972207176677467
LUAD,TCGA-97-A4M2-01Z-00-DX1.5C72522C-1538-4D68-B517-5FB05A9D401A,midnight,Midnight,10x__2p5x,0.7911049723625183,0.4517752677202225,0.1867000013589859,10× ↔ 2.5×,-0.030560255308829415,0.030560255308829415
LUAD,TCGA-J2-A4AE-01Z-00-DX1.42C5DE4A-7787-4E59-8969-D12503262C96,midnight,Midnight,40x__10x,0.8212420344352722,0.2691843211650848,0.1407000124454498,40× ↔ 10×,-0.05371855454802119,0.05371855454802119
LUAD,TCGA-J2-A4AE-01Z-00-DX1.42C5DE4A-7787-4E59-8969-D12503262C96,midnight,Midnight,40x__2p5x,0.6632921099662781,0.2023636773228645,0.0803000032901763,40× ↔ 2.5×,-0.1952211538993057,0.1952211538993057
LUAD,TCGA-J2-A4AE-01Z-00-DX1.42C5DE4A-7787-4E59-8969-D12503262C96,midnight,Midnight,10x__2p5x,0.8785582780838013,0.3516573458909988,0.1987000107765197,10× ↔ 2.5×,-0.047707334266973336,0.047707334266973336
STAD,TCGA-BR-6452-01Z-00-DX1.aec8246e-9dce-436d-9faa-df8fa1f6e47c,midnight,Midnight,40x__10x,0.6664125323295593,0.2837720215320587,0.2060000151395797,40× ↔ 10×,1.5881506885210344,-1.5881506885210344
STAD,TCGA-BR-6452-01Z-00-DX1.aec8246e-9dce-436d-9faa-df8fa1f6e47c,midnight,Midnight,40x__2p5x,0.5178622603416443,0.240081176161766,0.1268000155687332,40× ↔ 2.5×,0.9330218873700453,-0.9330218873700453
STAD,TCGA-BR-6452-01Z-00-DX1.aec8246e-9dce-436d-9faa-df8fa1f6e47c,midnight,Midnight,10x__2p5x,0.8300304412841797,0.4263957142829895,0.2591000199317932,10× ↔ 2.5×,0.46724594902542715,-0.46724594902542715
STAD,TCGA-BR-6454-01Z-00-DX1.63fb6280-2b43-49b2-960a-eb9c0e8b617c,midnight,Midnight,40x__10x,0.382218450307846,0.2733965218067169,0.1036000102758407,40× ↔ 10×,0.08716221408526652,-0.08716221408526652
STAD,TCGA-BR-6454-01Z-00-DX1.63fb6280-2b43-49b2-960a-eb9c0e8b617c,midnight,Midnight,40x__2p5x,0.1399439871311187,0.2655890583992004,0.053200002759695,40× ↔ 2.5×,-0.17104707414654408,0.17104707414654408
STAD,TCGA-BR-6454-01Z-00-DX1.63fb6280-2b43-49b2-960a-eb9c0e8b617c,midnight,Midnight,10x__2p5x,0.4634914398193359,0.3723107427358627,0.1623000055551529,10× ↔ 2.5×,-0.17240672245599625,0.17240672245599625
STAD,TCGA-BR-A4CQ-01Z-00-DX1.B63282A5-154D-441B-BF96-5BB26CB6D95E,midnight,Midnight,40x__10x,0.7623449563980103,0.3712002635002136,0.1880000084638595,40× ↔ 10×,-0.4306499806989216,0.4306499806989216
STAD,TCGA-BR-A4CQ-01Z-00-DX1.B63282A5-154D-441B-BF96-5BB26CB6D95E,midnight,Midnight,40x__2p5x,0.6214487552642822,0.3008866906166076,0.1190000027418136,40× ↔ 2.5×,-0.5230158221176211,0.5230158221176211
STAD,TCGA-BR-A4CQ-01Z-00-DX1.B63282A5-154D-441B-BF96-5BB26CB6D95E,midnight,Midnight,10x__2p5x,0.8639479279518127,0.4581152647733688,0.2874000370502472,10× ↔ 2.5×,-0.07937991585366687,0.07937991585366687
STAD,TCGA-CD-A487-01Z-00-DX1.A026BD2F-B721-4340-83D5-7AA39227C90F,midnight,Midnight,40x__10x,0.7921520471572876,0.3607724606990814,0.2697000205516815,40× ↔ 10×,-0.5775745636229669,0.5775745636229669
STAD,TCGA-CD-A487-01Z-00-DX1.A026BD2F-B721-4340-83D5-7AA39227C90F,midnight,Midnight,40x__2p5x,0.6774820685386658,0.2753422707319259,0.1943999975919723,40× ↔ 2.5×,-0.5861746777731798,0.5861746777731798
STAD,TCGA-CD-A487-01Z-00-DX1.A026BD2F-B721-4340-83D5-7AA39227C90F,midnight,Midnight,10x__2p5x,0.8386219143867493,0.4022763967514038,0.34170001745224,10× ↔ 2.5×,-0.570526629133503,0.570526629133503
STAD,TCGA-FP-8209-01Z-00-DX1.a5e13081-1631-44d4-8d6a-c229a22c2311,midnight,Midnight,40x__10x,0.8198670148849487,0.4170837700366974,0.2709000408649444,40× ↔ 10×,0.0073556626111474,-0.0073556626111474
STAD,TCGA-FP-8209-01Z-00-DX1.a5e13081-1631-44d4-8d6a-c229a22c2311,midnight,Midnight,40x__2p5x,0.5842661261558533,0.2847934812307358,0.1623000055551529,40× ↔ 2.5×,-0.15481762932920556,0.15481762932920556
STAD,TCGA-FP-8209-01Z-00-DX1.a5e13081-1631-44d4-8d6a-c229a22c2311,midnight,Midnight,10x__2p5x,0.6722240447998047,0.4724266827106476,0.320900022983551,10× ↔ 2.5×,-0.08702334297384977,0.08702334297384977
STAD,TCGA-SW-A7EA-01Z-00-DX1.C5E1BE0E-0A25-4480-A3AC-DB2ED7471A4E,midnight,Midnight,40x__10x,0.938776433467865,0.3957880288362503,0.2061000168323516,40× ↔ 10×,0.23740642408388898,-0.23740642408388898
STAD,TCGA-SW-A7EA-01Z-00-DX1.C5E1BE0E-0A25-4480-A3AC-DB2ED7471A4E,midnight,Midnight,40x__2p5x,0.8442438244819641,0.4176904559135437,0.145900011062622,40× ↔ 2.5×,-0.1915280778659427,0.1915280778659427
STAD,TCGA-SW-A7EA-01Z-00-DX1.C5E1BE0E-0A25-4480-A3AC-DB2ED7471A4E,midnight,Midnight,10x__2p5x,0.9102841019630432,0.5741481482982635,0.3415000140666961,10× ↔ 2.5×,-0.34941159844590636,0.34941159844590636
STAD,TCGA-VQ-A8PY-01Z-00-DX1.EA2C7386-012A-442A-95B3-FFA12BD2684D,midnight,Midnight,40x__10x,0.8429501056671143,0.4229664504528045,0.2463999986648559,40× ↔ 10×,-0.1849428577833377,0.1849428577833377
STAD,TCGA-VQ-A8PY-01Z-00-DX1.EA2C7386-012A-442A-95B3-FFA12BD2684D,midnight,Midnight,40x__2p5x,0.7305027842521667,0.2931260764598846,0.1672000139951706,40× ↔ 2.5×,-0.33611255477969465,0.33611255477969465
STAD,TCGA-VQ-A8PY-01Z-00-DX1.EA2C7386-012A-442A-95B3-FFA12BD2684D,midnight,Midnight,10x__2p5x,0.8685671091079712,0.4734412133693695,0.3118000328540802,10× ↔ 2.5×,-0.15631901059829476,0.15631901059829476
STAD,TCGA-VQ-A924-01Z-00-DX1.736B41F3-9678-4FAF-AE86-FCAC4F6DCBD3,midnight,Midnight,40x__10x,0.7771071195602417,0.2934289872646332,0.144300028681755,40× ↔ 10×,-1.04997513679499,1.04997513679499
STAD,TCGA-VQ-A924-01Z-00-DX1.736B41F3-9678-4FAF-AE86-FCAC4F6DCBD3,midnight,Midnight,40x__2p5x,0.6642582416534424,0.2606776654720306,0.1031000092625618,40× ↔ 2.5×,-0.6963732734288653,0.6963732734288653
STAD,TCGA-VQ-A924-01Z-00-DX1.736B41F3-9678-4FAF-AE86-FCAC4F6DCBD3,midnight,Midnight,10x__2p5x,0.8870403170585632,0.3734836876392364,0.2583999931812286,10× ↔ 2.5×,-0.06704561714161528,0.06704561714161528
STAD,TCGA-ZQ-A9CR-01Z-00-DX1.C9AC9991-7054-4068-A7AA-9D1EB7F040A3,midnight,Midnight,40x__10x,0.8552641272544861,0.4564736783504486,0.2436000108718872,40× ↔ 10×,-0.5004803277498333,0.5004803277498333
STAD,TCGA-ZQ-A9CR-01Z-00-DX1.C9AC9991-7054-4068-A7AA-9D1EB7F040A3,midnight,Midnight,40x__2p5x,0.8011108636856079,0.3298907279968261,0.1465000063180923,40× ↔ 2.5×,-0.36474733045868446,0.36474733045868446
STAD,TCGA-ZQ-A9CR-01Z-00-DX1.C9AC9991-7054-4068-A7AA-9D1EB7F040A3,midnight,Midnight,10x__2p5x,0.8204680681228638,0.4997145235538482,0.265500009059906,10× ↔ 2.5×,-0.16656240650437273,0.16656240650437273
UCEC,TCGA-A5-A0GX-01Z-00-DX1.7E713D1A-5858-4648-957D-77189E43CFAA,midnight,Midnight,40x__10x,0.8509790897369385,0.3261019438505173,0.1600000113248825,40× ↔ 10×,-0.3207609730704552,0.3207609730704552
UCEC,TCGA-A5-A0GX-01Z-00-DX1.7E713D1A-5858-4648-957D-77189E43CFAA,midnight,Midnight,40x__2p5x,0.761304497718811,0.2947335839271545,0.1004000082612037,40× ↔ 2.5×,-0.7049954506632025,0.7049954506632025
UCEC,TCGA-A5-A0GX-01Z-00-DX1.7E713D1A-5858-4648-957D-77189E43CFAA,midnight,Midnight,10x__2p5x,0.9283358454704284,0.340062066912651,0.2107000201940536,10× ↔ 2.5×,-0.20890313380292555,0.20890313380292555
UCEC,TCGA-A5-A0R7-01Z-00-DX1.D21E6974-22A3-4A68-8B4E-14E84A7A50A5,midnight,Midnight,40x__10x,0.8132842183113098,0.3445528745651245,0.1482999920845031,40× ↔ 10×,-0.6048845083199647,0.6048845083199647
UCEC,TCGA-A5-A0R7-01Z-00-DX1.D21E6974-22A3-4A68-8B4E-14E84A7A50A5,midnight,Midnight,40x__2p5x,0.6615700125694275,0.2619539797306061,0.087500013411045,40× ↔ 2.5×,-1.4005835834715374,1.4005835834715374
UCEC,TCGA-A5-A0R7-01Z-00-DX1.D21E6974-22A3-4A68-8B4E-14E84A7A50A5,midnight,Midnight,10x__2p5x,0.8627884984016418,0.3883688896894455,0.1997000277042389,10× ↔ 2.5×,-0.5215345515631811,0.5215345515631811
UCEC,TCGA-AX-A05U-01Z-00-DX1.1EBFC727-B5D5-4543-BBA9-4254ABD3D584,midnight,Midnight,40x__10x,0.7829239368438721,0.3421128988265991,0.1521999984979629,40× ↔ 10×,-0.14667400529756097,0.14667400529756097
UCEC,TCGA-AX-A05U-01Z-00-DX1.1EBFC727-B5D5-4543-BBA9-4254ABD3D584,midnight,Midnight,40x__2p5x,0.6630701422691345,0.2118809893727302,0.1038000062108039,40× ↔ 2.5×,-0.5458425261768166,0.5458425261768166
UCEC,TCGA-AX-A05U-01Z-00-DX1.1EBFC727-B5D5-4543-BBA9-4254ABD3D584,midnight,Midnight,10x__2p5x,0.8040340542793274,0.3507681638002395,0.2191000133752823,10× ↔ 2.5×,-0.0852859828083726,0.0852859828083726
UCEC,TCGA-AX-A06B-01Z-00-DX2.1757C039-99F7-4087-A9E5-D340AF7220D4,midnight,Midnight,40x__10x,0.8064141273498535,0.3337199836969375,0.1910000145435333,40× ↔ 10×,-0.750847524133065,0.750847524133065
UCEC,TCGA-AX-A06B-01Z-00-DX2.1757C039-99F7-4087-A9E5-D340AF7220D4,midnight,Midnight,40x__2p5x,0.5589226484298706,0.3017502427101135,0.1235000044107437,40× ↔ 2.5×,-0.9559515705355237,0.9559515705355237
UCEC,TCGA-AX-A06B-01Z-00-DX2.1757C039-99F7-4087-A9E5-D340AF7220D4,midnight,Midnight,10x__2p5x,0.7615378499031067,0.5021295696496964,0.2342000305652618,10× ↔ 2.5×,-0.37328575997880364,0.37328575997880364
UCEC,TCGA-AX-A0J0-01Z-00-DX2.56C668BE-03B8-4B87-A226-AABD97D53C38,midnight,Midnight,40x__10x,0.922357141971588,0.3218916058540344,0.2067000120878219,40× ↔ 10×,-0.3167948383652105,0.3167948383652105
UCEC,TCGA-AX-A0J0-01Z-00-DX2.56C668BE-03B8-4B87-A226-AABD97D53C38,midnight,Midnight,40x__2p5x,0.8619533777236938,0.2785568237304687,0.1284999996423721,40× ↔ 2.5×,-0.8801927107727359,0.8801927107727359
UCEC,TCGA-AX-A0J0-01Z-00-DX2.56C668BE-03B8-4B87-A226-AABD97D53C38,midnight,Midnight,10x__2p5x,0.93586665391922,0.3948144465684891,0.2326000183820724,10× ↔ 2.5×,-0.19297275777537864,0.19297275777537864
UCEC,TCGA-B5-A11F-01Z-00-DX1.3F1C053D-E81E-4C8D-965D-6F3DE29D9511,midnight,Midnight,40x__10x,0.8181934356689453,0.3444954305887222,0.1898000091314315,40× ↔ 10×,-0.463741800386029,0.463741800386029
UCEC,TCGA-B5-A11F-01Z-00-DX1.3F1C053D-E81E-4C8D-965D-6F3DE29D9511,midnight,Midnight,40x__2p5x,0.772436261177063,0.2353623285889625,0.1143000051379203,40× ↔ 2.5×,-1.1704049175604974,1.1704049175604974
UCEC,TCGA-B5-A11F-01Z-00-DX1.3F1C053D-E81E-4C8D-965D-6F3DE29D9511,midnight,Midnight,10x__2p5x,0.8478735685348511,0.3634414225816726,0.2478000372648239,10× ↔ 2.5×,-0.2640741315959704,0.2640741315959704
UCEC,TCGA-BG-A0W1-01Z-00-DX1.8E06269C-1278-478B-A128-59FA911B1649,midnight,Midnight,40x__10x,0.9238241314888,0.2832192331552505,0.1937000006437301,40× ↔ 10×,-0.36214809567643785,0.36214809567643785
UCEC,TCGA-BG-A0W1-01Z-00-DX1.8E06269C-1278-478B-A128-59FA911B1649,midnight,Midnight,40x__2p5x,0.8498429656028748,0.223182737827301,0.1255000084638595,40× ↔ 2.5×,-0.9169439809419868,0.9169439809419868
UCEC,TCGA-BG-A0W1-01Z-00-DX1.8E06269C-1278-478B-A128-59FA911B1649,midnight,Midnight,10x__2p5x,0.9265886545181274,0.3207408636808395,0.2447000294923782,10× ↔ 2.5×,-0.1307653558208665,0.1307653558208665
UCEC,TCGA-EY-A1GQ-01Z-00-DX1.03D52C6F-515E-4A4F-A08E-31D773BCC67F,midnight,Midnight,40x__10x,0.4382410943508148,0.3592026829719543,0.0990000069141388,40× ↔ 10×,-1.3543155203941135,1.3543155203941135
UCEC,TCGA-EY-A1GQ-01Z-00-DX1.03D52C6F-515E-4A4F-A08E-31D773BCC67F,midnight,Midnight,40x__2p5x,0.1747409254312515,0.3719959259033203,0.0604000054299831,40× ↔ 2.5×,-1.339790358318778,1.339790358318778
UCEC,TCGA-EY-A1GQ-01Z-00-DX1.03D52C6F-515E-4A4F-A08E-31D773BCC67F,midnight,Midnight,10x__2p5x,0.5522688031196594,0.4210702031850815,0.2050000131130218,10× ↔ 2.5×,-0.49452509305214953,0.49452509305214953
UCEC,TCGA-FI-A2EX-01Z-00-DX1.127F5153-745D-43E6-83CA-DE2738702C62,midnight,Midnight,40x__10x,0.8180399537086487,0.3278427720069885,0.1995000094175338,40× ↔ 10×,-0.18022054923317804,0.18022054923317804
UCEC,TCGA-FI-A2EX-01Z-00-DX1.127F5153-745D-43E6-83CA-DE2738702C62,midnight,Midnight,40x__2p5x,0.7148582339286804,0.2632225155830383,0.1253000050783157,40× ↔ 2.5×,-0.45737752987901714,0.45737752987901714
UCEC,TCGA-FI-A2EX-01Z-00-DX1.127F5153-745D-43E6-83CA-DE2738702C62,midnight,Midnight,10x__2p5x,0.8588937520980835,0.3684400767087936,0.2427999973297119,10× ↔ 2.5×,-0.12773089931318807,0.12773089931318807
BLCA,TCGA-CF-A3MF-01Z-00-DX1.91768C26-5BB1-4DE6-9737-AA26BD687A75,phikon,Phikon,40x__10x,0.8641329407691956,0.7417211532592773,0.203000009059906,40× ↔ 10×,0.2414407847524455,-0.2414407847524455
BLCA,TCGA-CF-A3MF-01Z-00-DX1.91768C26-5BB1-4DE6-9737-AA26BD687A75,phikon,Phikon,40x__2p5x,0.652869701385498,0.3523267060518265,0.1080000028014183,40× ↔ 2.5×,-1.0764879330731907,1.0764879330731907
BLCA,TCGA-CF-A3MF-01Z-00-DX1.91768C26-5BB1-4DE6-9737-AA26BD687A75,phikon,Phikon,10x__2p5x,0.7271728515625,0.4804683774709701,0.1990000158548355,10× ↔ 2.5×,0.5345089382279804,-0.5345089382279804
BLCA,TCGA-CU-A0YN-01Z-00-DX1.6C5EAAAF-8F14-49D3-8FFC-9BDAE56CAFD0,phikon,Phikon,40x__10x,0.6796765327453613,0.6904630661010742,0.1753000169992447,40× ↔ 10×,0.8763934083776521,-0.8763934083776521
BLCA,TCGA-CU-A0YN-01Z-00-DX1.6C5EAAAF-8F14-49D3-8FFC-9BDAE56CAFD0,phikon,Phikon,40x__2p5x,0.4296514391899109,0.2039571329951286,0.1240000054240226,40× ↔ 2.5×,-0.14824424267043357,0.14824424267043357
BLCA,TCGA-CU-A0YN-01Z-00-DX1.6C5EAAAF-8F14-49D3-8FFC-9BDAE56CAFD0,phikon,Phikon,10x__2p5x,0.66800457239151,0.3829192221164703,0.3627000153064728,10× ↔ 2.5×,0.8138619181366838,-0.8138619181366838
BLCA,TCGA-DK-A6AW-01Z-00-DX1.C2453A8C-8282-443C-9E76-5B6CAD2FE69B,phikon,Phikon,40x__10x,0.9340644478797911,0.5975392758846283,0.3277000188827514,40× ↔ 10×,0.022822773223906745,-0.022822773223906745
BLCA,TCGA-DK-A6AW-01Z-00-DX1.C2453A8C-8282-443C-9E76-5B6CAD2FE69B,phikon,Phikon,40x__2p5x,0.8110890984535217,0.2399182692170143,0.2242000252008438,40× ↔ 2.5×,-0.8404188613656555,0.8404188613656555
BLCA,TCGA-DK-A6AW-01Z-00-DX1.C2453A8C-8282-443C-9E76-5B6CAD2FE69B,phikon,Phikon,10x__2p5x,0.8434322476387024,0.4756239056587219,0.3663000166416168,10× ↔ 2.5×,-0.8963550244013195,0.8963550244013195
BLCA,TCGA-DK-AA6L-01A-01-TSA.5794F0C6-9ED6-489A-9621-18CCC5935548,phikon,Phikon,40x__10x,0.6875718235969543,0.7937068045139313,0.1974000036716461,40× ↔ 10×,-0.04850433662770177,0.04850433662770177
BLCA,TCGA-DK-AA6L-01A-01-TSA.5794F0C6-9ED6-489A-9621-18CCC5935548,phikon,Phikon,40x__2p5x,0.3798563182353973,0.3482257127761841,0.1281000077724456,40× ↔ 2.5×,-2.6509437371468825,2.6509437371468825
BLCA,TCGA-DK-AA6L-01A-01-TSA.5794F0C6-9ED6-489A-9621-18CCC5935548,phikon,Phikon,10x__2p5x,0.5529441833496094,0.4724590331315994,0.287600040435791,10× ↔ 2.5×,-2.658985100834955,2.658985100834955
BLCA,TCGA-DK-AA77-01A-01-TSA.26CAF5CB-CC4F-4522-BD2B-343FB70205FE,phikon,Phikon,40x__10x,0.6047903895378113,0.77616947889328,0.1419000178575515,40× ↔ 10×,0.05472899934337302,-0.05472899934337302
BLCA,TCGA-DK-AA77-01A-01-TSA.26CAF5CB-CC4F-4522-BD2B-343FB70205FE,phikon,Phikon,40x__2p5x,0.2919143438339233,0.3252680450677871,0.0963000059127807,40× ↔ 2.5×,-3.0758407866998523,3.0758407866998523
BLCA,TCGA-DK-AA77-01A-01-TSA.26CAF5CB-CC4F-4522-BD2B-343FB70205FE,phikon,Phikon,10x__2p5x,0.4393717050552368,0.4865900576114654,0.240100011229515,10× ↔ 2.5×,-3.780767344659207,3.780767344659207
BLCA,TCGA-FD-A6TK-01Z-00-DX1.B685DA87-72A6-4C38-8AA1-40B6E543383C,phikon,Phikon,40x__10x,0.8997149467468262,0.6815498769283295,0.3055999875068664,40× ↔ 10×,-0.15213457416031378,0.15213457416031378
BLCA,TCGA-FD-A6TK-01Z-00-DX1.B685DA87-72A6-4C38-8AA1-40B6E543383C,phikon,Phikon,40x__2p5x,0.7247899174690247,0.3170849233865738,0.2053000181913375,40× ↔ 2.5×,-2.0160881127780876,2.0160881127780876
BLCA,TCGA-FD-A6TK-01Z-00-DX1.B685DA87-72A6-4C38-8AA1-40B6E543383C,phikon,Phikon,10x__2p5x,0.8180330395698547,0.5546999573707581,0.3178000152111053,10× ↔ 2.5×,-0.6731779171388095,0.6731779171388095
BLCA,TCGA-GU-AATP-01Z-00-DX1.0D8EC37C-88E7-49D5-A76D-F0A4A3FD8AE4,phikon,Phikon,40x__10x,0.8410390615463257,0.6372843980789185,0.2654000222682953,40× ↔ 10×,-0.35303491961778843,0.35303491961778843
BLCA,TCGA-GU-AATP-01Z-00-DX1.0D8EC37C-88E7-49D5-A76D-F0A4A3FD8AE4,phikon,Phikon,40x__2p5x,0.6491210460662842,0.2245775014162063,0.1695000082254409,40× ↔ 2.5×,-2.911607989422811,2.911607989422811
BLCA,TCGA-GU-AATP-01Z-00-DX1.0D8EC37C-88E7-49D5-A76D-F0A4A3FD8AE4,phikon,Phikon,10x__2p5x,0.7681490182876587,0.4864802807569504,0.2848000228404999,10× ↔ 2.5×,-1.076200413487421,1.076200413487421
BLCA,TCGA-XF-A8HB-01Z-00-DX1.D6874152-D20A-4CA4-8E8B-8CBAB5F7D7B5,phikon,Phikon,40x__10x,0.8185384273529053,0.6022796332836151,0.2752000391483307,40× ↔ 10×,-0.3125356242925595,0.3125356242925595
BLCA,TCGA-XF-A8HB-01Z-00-DX1.D6874152-D20A-4CA4-8E8B-8CBAB5F7D7B5,phikon,Phikon,40x__2p5x,0.5504150390625,0.229554034769535,0.1608999967575073,40× ↔ 2.5×,-4.542915706415959,4.542915706415959
BLCA,TCGA-XF-A8HB-01Z-00-DX1.D6874152-D20A-4CA4-8E8B-8CBAB5F7D7B5,phikon,Phikon,10x__2p5x,0.6312177181243896,0.5644752085208893,0.2630999982357025,10× ↔ 2.5×,-1.0380491627719253,1.0380491627719253
BLCA,TCGA-ZF-A9R1-01Z-00-DX1.74520759-D448-45B5-B8AD-45502C99A519,phikon,Phikon,40x__10x,0.8453055620193481,0.6124171614646912,0.3429000079631805,40× ↔ 10×,-0.17665474398875897,0.17665474398875897
BLCA,TCGA-ZF-A9R1-01Z-00-DX1.74520759-D448-45B5-B8AD-45502C99A519,phikon,Phikon,40x__2p5x,0.6680638194084167,0.3820603489875793,0.2076000124216079,40× ↔ 2.5×,-3.9372698680086984,3.9372698680086984
BLCA,TCGA-ZF-A9R1-01Z-00-DX1.74520759-D448-45B5-B8AD-45502C99A519,phikon,Phikon,10x__2p5x,0.7832258939743042,0.5616804659366608,0.320000022649765,10× ↔ 2.5×,-0.6599931869952781,0.6599931869952781
BLCA,TCGA-ZF-AA51-01Z-00-DX1.128C9731-C206-4E71-9A64-864FA9FD7E96,phikon,Phikon,40x__10x,0.8845189809799194,0.7649612724781036,0.3620000183582306,40× ↔ 10×,-0.15664384835801765,0.15664384835801765
BLCA,TCGA-ZF-AA51-01Z-00-DX1.128C9731-C206-4E71-9A64-864FA9FD7E96,phikon,Phikon,40x__2p5x,0.6456310153007507,0.3871728181838989,0.1928000152111053,40× ↔ 2.5×,-3.588705688424472,3.588705688424472
BLCA,TCGA-ZF-AA51-01Z-00-DX1.128C9731-C206-4E71-9A64-864FA9FD7E96,phikon,Phikon,10x__2p5x,0.7101016640663147,0.6211307942867279,0.2522000074386596,10× ↔ 2.5×,-1.1470401372000443,1.1470401372000443
BRCA,TCGA-A7-A2KD-01Z-00-DX1.BFF2DFC8-1D95-4DC2-98FC-5BD7D7C6CDF5,phikon,Phikon,40x__10x,0.7784909009933472,0.6594922542572021,0.2936000227928161,40× ↔ 10×,-0.7979288134010547,0.7979288134010547
BRCA,TCGA-A7-A2KD-01Z-00-DX1.BFF2DFC8-1D95-4DC2-98FC-5BD7D7C6CDF5,phikon,Phikon,40x__2p5x,0.4993924498558044,0.1469836831092834,0.2026000171899795,40× ↔ 2.5×,-3.9721586010723335,3.9721586010723335
BRCA,TCGA-A7-A2KD-01Z-00-DX1.BFF2DFC8-1D95-4DC2-98FC-5BD7D7C6CDF5,phikon,Phikon,10x__2p5x,0.664171576499939,0.3396656811237335,0.3915000259876251,10× ↔ 2.5×,-3.254675724377364,3.254675724377364
BRCA,TCGA-AN-A0G0-01Z-00-DX1.BE0BB5DF-DEDA-48D8-B5D8-2735C767F28F,phikon,Phikon,40x__10x,0.8246777057647705,0.6160586774349213,0.2189000099897384,40× ↔ 10×,-1.3408086615096277,1.3408086615096277
BRCA,TCGA-AN-A0G0-01Z-00-DX1.BE0BB5DF-DEDA-48D8-B5D8-2735C767F28F,phikon,Phikon,40x__2p5x,0.6339078545570374,0.1392158679664135,0.1376000195741653,40× ↔ 2.5×,-2.6297957824781304,2.6297957824781304
BRCA,TCGA-AN-A0G0-01Z-00-DX1.BE0BB5DF-DEDA-48D8-B5D8-2735C767F28F,phikon,Phikon,10x__2p5x,0.74339359998703,0.309051088988781,0.3332999944686889,10× ↔ 2.5×,-1.3124461323458712,1.3124461323458712
BRCA,TCGA-AQ-A04L-01Z-00-DX1.F35BF4DD-896A-43C2-8DA6-C67945C003BE,phikon,Phikon,40x__10x,0.926891028881073,0.763545572757721,0.224900022149086,40× ↔ 10×,-0.8020448478909176,0.8020448478909176
BRCA,TCGA-AQ-A04L-01Z-00-DX1.F35BF4DD-896A-43C2-8DA6-C67945C003BE,phikon,Phikon,40x__2p5x,0.7643477320671082,0.3713209480047226,0.1397000253200531,40× ↔ 2.5×,-5.253469126860597,5.253469126860597
BRCA,TCGA-AQ-A04L-01Z-00-DX1.F35BF4DD-896A-43C2-8DA6-C67945C003BE,phikon,Phikon,10x__2p5x,0.8111163377761841,0.5805326402187347,0.290300041437149,10× ↔ 2.5×,-3.239976274892406,3.239976274892406
BRCA,TCGA-AR-A2LK-01Z-00-DX1.FBD59C38-CD4E-4C22-BC74-A57C192A9BBC,phikon,Phikon,40x__10x,0.7786950469017029,0.624556690454483,0.3094000518321991,40× ↔ 10×,-0.30998903906190167,0.30998903906190167
BRCA,TCGA-AR-A2LK-01Z-00-DX1.FBD59C38-CD4E-4C22-BC74-A57C192A9BBC,phikon,Phikon,40x__2p5x,0.4436964392662048,0.1934039704501629,0.1988000124692917,40× ↔ 2.5×,-3.191514712771179,3.191514712771179
BRCA,TCGA-AR-A2LK-01Z-00-DX1.FBD59C38-CD4E-4C22-BC74-A57C192A9BBC,phikon,Phikon,10x__2p5x,0.61883544921875,0.441693365573883,0.3330000042915344,10× ↔ 2.5×,-1.8180267139359045,1.8180267139359045
BRCA,TCGA-AR-A5QM-01Z-00-DX1.A9017CED-FF57-4090-95B9-94DC91854347,phikon,Phikon,40x__10x,0.727892279624939,0.6641417443752289,0.2175000160932541,40× ↔ 10×,-0.3462874937823007,0.3462874937823007
BRCA,TCGA-AR-A5QM-01Z-00-DX1.A9017CED-FF57-4090-95B9-94DC91854347,phikon,Phikon,40x__2p5x,0.4043810367584228,0.1766846142709255,0.1371000111103058,40× ↔ 2.5×,-3.248927511147687,3.248927511147687
BRCA,TCGA-AR-A5QM-01Z-00-DX1.A9017CED-FF57-4090-95B9-94DC91854347,phikon,Phikon,10x__2p5x,0.568432092666626,0.4451191872358322,0.286700040102005,10× ↔ 2.5×,-1.3302026030218408,1.3302026030218408
BRCA,TCGA-BH-A0C1-01Z-00-DX1.21FE357E-B182-4397-BFEF-7E96E994236A,phikon,Phikon,40x__10x,0.8858046531677246,0.6641021370887756,0.2499000281095504,40× ↔ 10×,-1.6029237504300635,1.6029237504300635
BRCA,TCGA-BH-A0C1-01Z-00-DX1.21FE357E-B182-4397-BFEF-7E96E994236A,phikon,Phikon,40x__2p5x,0.6750962138175964,0.1736618094146251,0.1727000176906585,40× ↔ 2.5×,-5.912349960228497,5.912349960228497
BRCA,TCGA-BH-A0C1-01Z-00-DX1.21FE357E-B182-4397-BFEF-7E96E994236A,phikon,Phikon,10x__2p5x,0.7563077211380005,0.4636463224887848,0.3436000347137451,10× ↔ 2.5×,-2.623124979688397,2.623124979688397
BRCA,TCGA-D8-A1X8-01Z-00-DX1.DDA3866E-C7CC-4650-BE2B-5C9A98A2D531,phikon,Phikon,40x__10x,0.8672941327095032,0.6100260615348816,0.2836999893188476,40× ↔ 10×,-0.9091019227401457,0.9091019227401457
BRCA,TCGA-D8-A1X8-01Z-00-DX1.DDA3866E-C7CC-4650-BE2B-5C9A98A2D531,phikon,Phikon,40x__2p5x,0.6052258610725403,0.2807455062866211,0.1783000230789184,40× ↔ 2.5×,-3.6425468299688992,3.6425468299688992
BRCA,TCGA-D8-A1X8-01Z-00-DX1.DDA3866E-C7CC-4650-BE2B-5C9A98A2D531,phikon,Phikon,10x__2p5x,0.6881548762321472,0.5656636655330658,0.3065000176429748,10× ↔ 2.5×,-2.2124237219509792,2.2124237219509792
BRCA,TCGA-E2-A14P-01Z-00-DX1.663B02FF-C64B-41A6-8685-FD61CD76F9C6,phikon,Phikon,40x__10x,0.9333641529083252,0.5854176878929138,0.2696000337600708,40× ↔ 10×,-0.9180525342246278,0.9180525342246278
BRCA,TCGA-E2-A14P-01Z-00-DX1.663B02FF-C64B-41A6-8685-FD61CD76F9C6,phikon,Phikon,40x__2p5x,0.8277401924133301,0.1972975134849548,0.1611000150442123,40× ↔ 2.5×,-4.153668146670874,4.153668146670874
BRCA,TCGA-E2-A14P-01Z-00-DX1.663B02FF-C64B-41A6-8685-FD61CD76F9C6,phikon,Phikon,10x__2p5x,0.8681727051734924,0.4860204607248306,0.2732000350952148,10× ↔ 2.5×,-1.9677868903223863,1.9677868903223863
BRCA,TCGA-E2-A1LA-01Z-00-DX1.AE49E943-B830-4ED9-B09E-E499441BC2EC,phikon,Phikon,40x__10x,0.9039784073829652,0.7137101590633392,0.3478000164031982,40× ↔ 10×,-0.92019109324202,0.92019109324202
BRCA,TCGA-E2-A1LA-01Z-00-DX1.AE49E943-B830-4ED9-B09E-E499441BC2EC,phikon,Phikon,40x__2p5x,0.7252687811851501,0.247030608355999,0.2397000193595886,40× ↔ 2.5×,-4.419780327983757,4.419780327983757
BRCA,TCGA-E2-A1LA-01Z-00-DX1.AE49E943-B830-4ED9-B09E-E499441BC2EC,phikon,Phikon,10x__2p5x,0.8153440356254578,0.4786535650491714,0.3637000322341919,10× ↔ 2.5×,-2.69222364414716,2.69222364414716
BRCA,TCGA-GM-A3XN-01Z-00-DX1.49F5C8AC-0328-4BC2-9FE2-E7150B7A42E2,phikon,Phikon,40x__10x,0.8518385291099548,0.6161594390869141,0.2457000017166137,40× ↔ 10×,-0.9685930271031342,0.9685930271031342
BRCA,TCGA-GM-A3XN-01Z-00-DX1.49F5C8AC-0328-4BC2-9FE2-E7150B7A42E2,phikon,Phikon,40x__2p5x,0.6568095088005066,0.2629001140594482,0.1583000123500824,40× ↔ 2.5×,-3.798178077899788,3.798178077899788
BRCA,TCGA-GM-A3XN-01Z-00-DX1.49F5C8AC-0328-4BC2-9FE2-E7150B7A42E2,phikon,Phikon,10x__2p5x,0.7451069951057434,0.512033686041832,0.2952000200748443,10× ↔ 2.5×,-1.7966780677877228,1.7966780677877228
COAD,TCGA-AY-A8YK-01Z-00-DX1.89E3C546-0425-449B-A6FB-1C35168EA7EB,phikon,Phikon,40x__10x,0.8069466352462769,0.7175292074680328,0.2418000251054763,40× ↔ 10×,-0.2903505760844634,0.2903505760844634
COAD,TCGA-AY-A8YK-01Z-00-DX1.89E3C546-0425-449B-A6FB-1C35168EA7EB,phikon,Phikon,40x__2p5x,0.6409501433372498,0.3378409892320633,0.1573000103235244,40× ↔ 2.5×,-0.8088749080789033,0.8088749080789033
COAD,TCGA-AY-A8YK-01Z-00-DX1.89E3C546-0425-449B-A6FB-1C35168EA7EB,phikon,Phikon,10x__2p5x,0.7578219771385193,0.4765467792749405,0.339599996805191,10× ↔ 2.5×,-1.5888666390136637,1.5888666390136637
COAD,TCGA-CK-4947-01Z-00-DX1.b257d5fd-b97b-4987-b088-77f044ca7fe2,phikon,Phikon,40x__10x,0.8342292308807373,0.607872724533081,0.2875999808311462,40× ↔ 10×,-0.9311458394665266,0.9311458394665266
COAD,TCGA-CK-4947-01Z-00-DX1.b257d5fd-b97b-4987-b088-77f044ca7fe2,phikon,Phikon,40x__2p5x,0.6200597286224365,0.3717897683382034,0.1827000230550766,40× ↔ 2.5×,-2.140374161751953,2.140374161751953
COAD,TCGA-CK-4947-01Z-00-DX1.b257d5fd-b97b-4987-b088-77f044ca7fe2,phikon,Phikon,10x__2p5x,0.7107239961624146,0.6084313094615936,0.3228000104427337,10× ↔ 2.5×,-1.319847924387181,1.319847924387181
COAD,TCGA-CM-6168-01Z-00-DX1.96af6eb2-9d51-4671-baf8-1a73d0c66869,phikon,Phikon,40x__10x,0.8997882008552551,0.6542353332042694,0.353700041770935,40× ↔ 10×,-0.31401026391483244,0.31401026391483244
COAD,TCGA-CM-6168-01Z-00-DX1.96af6eb2-9d51-4671-baf8-1a73d0c66869,phikon,Phikon,40x__2p5x,0.6928139925003052,0.4570304155349731,0.2273000180721283,40× ↔ 2.5×,-1.9850124764201287,1.9850124764201287
COAD,TCGA-CM-6168-01Z-00-DX1.96af6eb2-9d51-4671-baf8-1a73d0c66869,phikon,Phikon,10x__2p5x,0.7839482426643372,0.6152966022491455,0.3530000150203705,10× ↔ 2.5×,-0.5033547072897276,0.5033547072897276
COAD,TCGA-CM-6169-01Z-00-DX1.0381c243-02b8-4f1d-840c-19ef44d4b92c,phikon,Phikon,40x__10x,0.8854854106903076,0.601076602935791,0.2793000340461731,40× ↔ 10×,-0.4686817659756134,0.4686817659756134
COAD,TCGA-CM-6169-01Z-00-DX1.0381c243-02b8-4f1d-840c-19ef44d4b92c,phikon,Phikon,40x__2p5x,0.7388738989830017,0.3963192999362945,0.1642999947071075,40× ↔ 2.5×,-1.9734756089749887,1.9734756089749887
COAD,TCGA-CM-6169-01Z-00-DX1.0381c243-02b8-4f1d-840c-19ef44d4b92c,phikon,Phikon,10x__2p5x,0.8162699341773987,0.608486533164978,0.2962000370025635,10× ↔ 2.5×,-0.6907429420749053,0.6907429420749053
COAD,TCGA-G4-6309-01Z-00-DX1.3eb20fdc-eb86-4bd5-8194-76b02d4fa472,phikon,Phikon,40x__10x,0.8916332721710205,0.7038863301277161,0.3244000077247619,40× ↔ 10×,-0.590047502260486,0.590047502260486
COAD,TCGA-G4-6309-01Z-00-DX1.3eb20fdc-eb86-4bd5-8194-76b02d4fa472,phikon,Phikon,40x__2p5x,0.6969127058982849,0.42299984395504,0.2144000083208084,40× ↔ 2.5×,-2.396827655857075,2.396827655857075
COAD,TCGA-G4-6309-01Z-00-DX1.3eb20fdc-eb86-4bd5-8194-76b02d4fa472,phikon,Phikon,10x__2p5x,0.7910662889480591,0.5931346118450165,0.3275000154972076,10× ↔ 2.5×,-0.9581240356574661,0.9581240356574661
COAD,TCGA-G4-6310-01Z-00-DX1.b88472d4-3adc-4e4d-b0f2-0dc195a3d7df,phikon,Phikon,40x__10x,0.9043648838996888,0.6575573086738586,0.3147999942302704,40× ↔ 10×,-0.6439610634389925,0.6439610634389925
COAD,TCGA-G4-6310-01Z-00-DX1.b88472d4-3adc-4e4d-b0f2-0dc195a3d7df,phikon,Phikon,40x__2p5x,0.7766992449760437,0.3566699028015136,0.2300000041723251,40× ↔ 2.5×,-2.871673945370522,2.871673945370522
COAD,TCGA-G4-6310-01Z-00-DX1.b88472d4-3adc-4e4d-b0f2-0dc195a3d7df,phikon,Phikon,10x__2p5x,0.8405951261520386,0.5591124296188354,0.3701000213623047,10× ↔ 2.5×,-0.9900570841820633,0.9900570841820633
COAD,TCGA-G4-6588-01Z-00-DX1.0747172e-f630-4b7c-9341-55078585ae00,phikon,Phikon,40x__10x,0.8713535666465759,0.6356176435947418,0.3156000077724457,40× ↔ 10×,-0.48034090655456624,0.48034090655456624
COAD,TCGA-G4-6588-01Z-00-DX1.0747172e-f630-4b7c-9341-55078585ae00,phikon,Phikon,40x__2p5x,0.7123550772666931,0.4459950625896454,0.2091000229120254,40× ↔ 2.5×,-2.491632353733145,2.491632353733145
COAD,TCGA-G4-6588-01Z-00-DX1.0747172e-f630-4b7c-9341-55078585ae00,phikon,Phikon,10x__2p5x,0.8151366114616394,0.6063326895236969,0.345300018787384,10× ↔ 2.5×,-1.1739967205376307,1.1739967205376307
HNSC,TCGA-BA-6871-01Z-00-DX1.4d9ca329-f8d5-4c31-a20f-9d4fba728326,phikon,Phikon,40x__10x,0.6830695867538452,0.4664153903722763,0.2238000333309173,40× ↔ 10×,1.1134588615360002,-1.1134588615360002
HNSC,TCGA-BA-6871-01Z-00-DX1.4d9ca329-f8d5-4c31-a20f-9d4fba728326,phikon,Phikon,40x__2p5x,0.3719049096107483,0.3292980939149856,0.1436000168323516,40× ↔ 2.5×,1.0477456419452433,-1.0477456419452433
HNSC,TCGA-BA-6871-01Z-00-DX1.4d9ca329-f8d5-4c31-a20f-9d4fba728326,phikon,Phikon,10x__2p5x,0.5008957386016846,0.5226698070764542,0.2414000183343887,10× ↔ 2.5×,0.7937149576711429,-0.7937149576711429
HNSC,TCGA-BA-6872-01Z-00-DX1.F99F6394-D319-4599-B124-D2A6692FA096,phikon,Phikon,40x__10x,0.7436383366584778,0.6746411025524139,0.2037000209093094,40× ↔ 10×,-0.11837978626146513,0.11837978626146513
HNSC,TCGA-BA-6872-01Z-00-DX1.F99F6394-D319-4599-B124-D2A6692FA096,phikon,Phikon,40x__2p5x,0.5157434940338135,0.532473549246788,0.138600006699562,40× ↔ 2.5×,-0.14259793172101268,0.14259793172101268
HNSC,TCGA-BA-6872-01Z-00-DX1.F99F6394-D319-4599-B124-D2A6692FA096,phikon,Phikon,10x__2p5x,0.6700894236564636,0.7423206269741058,0.2959000170230865,10× ↔ 2.5×,-0.39378954917837844,0.39378954917837844
HNSC,TCGA-CN-A6V7-01A-01-TS1.F54912D3-1E21-4605-ACFC-142973524AE2,phikon,Phikon,40x__10x,0.5078043937683105,0.7147074341773987,0.1463000178337097,40× ↔ 10×,-0.17473540942207288,0.17473540942207288
HNSC,TCGA-CN-A6V7-01A-01-TS1.F54912D3-1E21-4605-ACFC-142973524AE2,phikon,Phikon,40x__2p5x,0.318323403596878,0.3210535049438476,0.1117000132799148,40× ↔ 2.5×,3.7370781902281407,-3.7370781902281407
HNSC,TCGA-CN-A6V7-01A-01-TS1.F54912D3-1E21-4605-ACFC-142973524AE2,phikon,Phikon,10x__2p5x,0.5952280759811401,0.5378408432006836,0.3454000353813171,10× ↔ 2.5×,3.0290721854161604,-3.0290721854161604
HNSC,TCGA-CV-6935-01Z-00-DX1.9C449CB2-FB6D-41D1-A4A6-3069DC84A697,phikon,Phikon,40x__10x,0.8807395696640015,0.729032039642334,0.2028000056743621,40× ↔ 10×,-0.108232661285499,0.108232661285499
HNSC,TCGA-CV-6935-01Z-00-DX1.9C449CB2-FB6D-41D1-A4A6-3069DC84A697,phikon,Phikon,40x__2p5x,0.740235447883606,0.4794101268053055,0.1234000101685524,40× ↔ 2.5×,-0.3219032587617906,0.3219032587617906
HNSC,TCGA-CV-6935-01Z-00-DX1.9C449CB2-FB6D-41D1-A4A6-3069DC84A697,phikon,Phikon,10x__2p5x,0.836709201335907,0.7199594378471375,0.2572999894618988,10× ↔ 2.5×,-0.1566815010151838,0.1566815010151838
HNSC,TCGA-CV-A45O-01Z-00-DX1.8CBD0CCC-C815-475D-87F9-76272F4F715B,phikon,Phikon,40x__10x,0.8846265077590942,0.6316913068294525,0.2641000151634216,40× ↔ 10×,-0.028773961044467906,0.028773961044467906
HNSC,TCGA-CV-A45O-01Z-00-DX1.8CBD0CCC-C815-475D-87F9-76272F4F715B,phikon,Phikon,40x__2p5x,0.6867934465408325,0.448839783668518,0.165800005197525,40× ↔ 2.5×,-0.07528613092969941,0.07528613092969941
HNSC,TCGA-CV-A45O-01Z-00-DX1.8CBD0CCC-C815-475D-87F9-76272F4F715B,phikon,Phikon,10x__2p5x,0.7505650520324707,0.6961116194725037,0.2860000133514404,10× ↔ 2.5×,-0.4700779168744436,0.4700779168744436
HNSC,TCGA-CV-A6JE-01Z-00-DX1.20137D17-19B3-49FF-9C3D-60933157E409,phikon,Phikon,40x__10x,0.749911904335022,0.7212821841239929,0.2508000433444977,40× ↔ 10×,-0.021883789729955395,0.021883789729955395
HNSC,TCGA-CV-A6JE-01Z-00-DX1.20137D17-19B3-49FF-9C3D-60933157E409,phikon,Phikon,40x__2p5x,0.5643758177757263,0.4735678434371948,0.168700024485588,40× ↔ 2.5×,-0.08537390689181903,0.08537390689181903
HNSC,TCGA-CV-A6JE-01Z-00-DX1.20137D17-19B3-49FF-9C3D-60933157E409,phikon,Phikon,10x__2p5x,0.7729384303092957,0.6770382523536682,0.3187000155448913,10× ↔ 2.5×,-0.33285327930921493,0.33285327930921493
HNSC,TCGA-CV-A6JU-01Z-00-DX1.35A3A1F0-9D6C-4794-B501-E56E48C51DF9,phikon,Phikon,40x__10x,0.7874878644943237,0.6279439032077789,0.2872999906539917,40× ↔ 10×,-0.40106681527361676,0.40106681527361676
HNSC,TCGA-CV-A6JU-01Z-00-DX1.35A3A1F0-9D6C-4794-B501-E56E48C51DF9,phikon,Phikon,40x__2p5x,0.5188681483268738,0.4257707446813583,0.1700000017881393,40× ↔ 2.5×,0.08179462337732954,-0.08179462337732954
HNSC,TCGA-CV-A6JU-01Z-00-DX1.35A3A1F0-9D6C-4794-B501-E56E48C51DF9,phikon,Phikon,10x__2p5x,0.6464436054229736,0.5586948990821838,0.2971000075340271,10× ↔ 2.5×,0.5512941726288374,-0.5512941726288374
HNSC,TCGA-UF-A719-01Z-00-DX1.4C4ECC2C-C390-4C5E-A709-CF08C113F1A1,phikon,Phikon,40x__10x,0.8360334038734436,0.5099620372056961,0.3300000131130218,40× ↔ 10×,0.004590118916279751,-0.004590118916279751
HNSC,TCGA-UF-A719-01Z-00-DX1.4C4ECC2C-C390-4C5E-A709-CF08C113F1A1,phikon,Phikon,40x__2p5x,0.5792604088783264,0.262374959886074,0.2013999968767166,40× ↔ 2.5×,1.252744543742614,-1.252744543742614
HNSC,TCGA-UF-A719-01Z-00-DX1.4C4ECC2C-C390-4C5E-A709-CF08C113F1A1,phikon,Phikon,10x__2p5x,0.6540243625640869,0.5051740854978561,0.3043000400066376,10× ↔ 2.5×,0.6370841508521797,-0.6370841508521797
KIRC,TCGA-A3-3346-01Z-00-DX1.95280216-fd71-4a03-b452-6e3d667f2542,phikon,Phikon,40x__10x,0.7266951203346252,0.5149131864309311,0.2334000170230865,40× ↔ 10×,-1.9145710206123847,1.9145710206123847
KIRC,TCGA-A3-3346-01Z-00-DX1.95280216-fd71-4a03-b452-6e3d667f2542,phikon,Phikon,40x__2p5x,0.4264254570007324,0.3621033430099487,0.1819000244140625,40× ↔ 2.5×,-2.401645403589998,2.401645403589998
KIRC,TCGA-A3-3346-01Z-00-DX1.95280216-fd71-4a03-b452-6e3d667f2542,phikon,Phikon,10x__2p5x,0.6020734906196594,0.6154529452323914,0.3903000056743622,10× ↔ 2.5×,-0.9666159076239056,0.9666159076239056
KIRC,TCGA-A3-A8CQ-01Z-00-DX1.78DA0827-5FB8-4B9F-A845-22F85830B5FB,phikon,Phikon,40x__10x,0.6032085418701172,0.4214392006397247,0.1918000131845474,40× ↔ 10×,-0.9423833003941574,0.9423833003941574
KIRC,TCGA-A3-A8CQ-01Z-00-DX1.78DA0827-5FB8-4B9F-A845-22F85830B5FB,phikon,Phikon,40x__2p5x,0.2846498787403106,0.2489460408687591,0.1470000296831131,40× ↔ 2.5×,-3.5957536134219494,3.5957536134219494
KIRC,TCGA-A3-A8CQ-01Z-00-DX1.78DA0827-5FB8-4B9F-A845-22F85830B5FB,phikon,Phikon,10x__2p5x,0.508123517036438,0.5099772959947586,0.4385000169277191,10× ↔ 2.5×,-1.3983201228722133,1.3983201228722133
KIRC,TCGA-AK-3444-01Z-00-DX1.1F0E0B47-29FF-456F-800A-539983FDCFAA,phikon,Phikon,40x__10x,0.8559508919715881,0.6367434561252594,0.242900013923645,40× ↔ 10×,-0.7648105932912239,0.7648105932912239
KIRC,TCGA-AK-3444-01Z-00-DX1.1F0E0B47-29FF-456F-800A-539983FDCFAA,phikon,Phikon,40x__2p5x,0.6921976208686829,0.2554340362548828,0.1859000027179718,40× ↔ 2.5×,-0.83603038618425,0.83603038618425
KIRC,TCGA-AK-3444-01Z-00-DX1.1F0E0B47-29FF-456F-800A-539983FDCFAA,phikon,Phikon,10x__2p5x,0.7413551807403564,0.4391609728336334,0.3080000281333923,10× ↔ 2.5×,-1.1334545021911766,1.1334545021911766
KIRC,TCGA-B0-5094-01Z-00-DX1.eac31fe2-09da-4ecf-8e25-c073cbb03295,phikon,Phikon,40x__10x,0.9194225668907166,0.6013061702251434,0.2916000187397003,40× ↔ 10×,-0.7840745557855211,0.7840745557855211
KIRC,TCGA-B0-5094-01Z-00-DX1.eac31fe2-09da-4ecf-8e25-c073cbb03295,phikon,Phikon,40x__2p5x,0.843740701675415,0.4485280960798263,0.1967000216245651,40× ↔ 2.5×,-1.7355475647511729,1.7355475647511729
KIRC,TCGA-B0-5094-01Z-00-DX1.eac31fe2-09da-4ecf-8e25-c073cbb03295,phikon,Phikon,10x__2p5x,0.8941743969917297,0.6967937350273132,0.2960000038146972,10× ↔ 2.5×,-1.2476636040420055,1.2476636040420055
KIRC,TCGA-B0-5106-01Z-00-DX1.564e51a3-be50-4eed-ba9c-4d478b96ffc6,phikon,Phikon,40x__10x,0.859929084777832,0.6029711961746216,0.2488000094890594,40× ↔ 10×,-0.5164377421718157,0.5164377421718157
KIRC,TCGA-B0-5106-01Z-00-DX1.564e51a3-be50-4eed-ba9c-4d478b96ffc6,phikon,Phikon,40x__2p5x,0.6404543519020081,0.3908709585666656,0.1746000200510025,40× ↔ 2.5×,-2.2373871234392384,2.2373871234392384
KIRC,TCGA-B0-5106-01Z-00-DX1.564e51a3-be50-4eed-ba9c-4d478b96ffc6,phikon,Phikon,10x__2p5x,0.7394325733184814,0.5769268274307251,0.3290000259876251,10× ↔ 2.5×,-0.8447154490953939,0.8447154490953939
KIRC,TCGA-B0-5711-01Z-00-DX1.6839921f-ec08-4e94-8bf9-4b5a4fcdda45,phikon,Phikon,40x__10x,0.9118427634239196,0.4623978286981582,0.2888000011444092,40× ↔ 10×,-1.0895051676190062,1.0895051676190062
KIRC,TCGA-B0-5711-01Z-00-DX1.6839921f-ec08-4e94-8bf9-4b5a4fcdda45,phikon,Phikon,40x__2p5x,0.7440696358680725,0.3372954726219177,0.215700015425682,40× ↔ 2.5×,-2.5200530281144453,2.5200530281144453
KIRC,TCGA-B0-5711-01Z-00-DX1.6839921f-ec08-4e94-8bf9-4b5a4fcdda45,phikon,Phikon,10x__2p5x,0.804083526134491,0.5309910029172897,0.3655000030994415,10× ↔ 2.5×,-0.9083459450608015,0.9083459450608015
KIRC,TCGA-B2-5633-01Z-00-DX1.c55a29ca-468e-46de-9ff5-a51f46fe09fd,phikon,Phikon,40x__10x,0.8239315748214722,0.5590643882751465,0.2624000310897827,40× ↔ 10×,-0.47221846751185853,0.47221846751185853
KIRC,TCGA-B2-5633-01Z-00-DX1.c55a29ca-468e-46de-9ff5-a51f46fe09fd,phikon,Phikon,40x__2p5x,0.4391957819461822,0.2880493029952049,0.1844000071287155,40× ↔ 2.5×,-2.915951678085114,2.915951678085114
KIRC,TCGA-B2-5633-01Z-00-DX1.c55a29ca-468e-46de-9ff5-a51f46fe09fd,phikon,Phikon,10x__2p5x,0.6647679209709167,0.4990334957838058,0.3787000179290771,10× ↔ 2.5×,-0.918625023284017,0.918625023284017
KIRC,TCGA-BP-4991-01Z-00-DX1.71305f5c-ca59-48fa-bb82-4b441c1fffdc,phikon,Phikon,40x__10x,0.9119170308113098,0.6317831873893738,0.275700032711029,40× ↔ 10×,-1.7110062146739415,1.7110062146739415
KIRC,TCGA-BP-4991-01Z-00-DX1.71305f5c-ca59-48fa-bb82-4b441c1fffdc,phikon,Phikon,40x__2p5x,0.7491523623466492,0.2709963396191597,0.1980000138282776,40× ↔ 2.5×,-2.336474110063307,2.336474110063307
KIRC,TCGA-BP-4991-01Z-00-DX1.71305f5c-ca59-48fa-bb82-4b441c1fffdc,phikon,Phikon,10x__2p5x,0.8430436849594116,0.4694510251283645,0.3475000262260437,10× ↔ 2.5×,-1.2026571118134177,1.2026571118134177
KIRC,TCGA-BP-5201-01Z-00-DX1.d1a9878e-bb97-48fb-9098-9d9337f06250,phikon,Phikon,40x__10x,0.6915938854217529,0.8154842853546143,0.2145000100135803,40× ↔ 10×,-1.2847937761484878,1.2847937761484878
KIRC,TCGA-BP-5201-01Z-00-DX1.d1a9878e-bb97-48fb-9098-9d9337f06250,phikon,Phikon,40x__2p5x,0.4055397808551788,0.4752292484045028,0.1273000091314315,40× ↔ 2.5×,-0.6205161807991612,0.6205161807991612
KIRC,TCGA-BP-5201-01Z-00-DX1.d1a9878e-bb97-48fb-9098-9d9337f06250,phikon,Phikon,10x__2p5x,0.5667988657951355,0.5546191930770874,0.2448000162839889,10× ↔ 2.5×,-0.5956971672346622,0.5956971672346622
LUAD,TCGA-55-6986-01Z-00-DX1.ae52d41e-3cd6-4d36-b04b-2ea7d29bd8da,phikon,Phikon,40x__10x,0.7768630981445312,0.6398659348487854,0.2204000055789947,40× ↔ 10×,-0.1538969683368394,0.1538969683368394
LUAD,TCGA-55-6986-01Z-00-DX1.ae52d41e-3cd6-4d36-b04b-2ea7d29bd8da,phikon,Phikon,40x__2p5x,0.5011422038078308,0.3214140385389328,0.1515000015497207,40× ↔ 2.5×,-2.912456859638259,2.912456859638259
LUAD,TCGA-55-6986-01Z-00-DX1.ae52d41e-3cd6-4d36-b04b-2ea7d29bd8da,phikon,Phikon,10x__2p5x,0.6286625266075134,0.5188432186841965,0.3275000154972076,10× ↔ 2.5×,-1.3323410817175898,1.3323410817175898
LUAD,TCGA-64-5779-01Z-00-DX1.B3268447-DCE0-4927-B5A9-EC4D61E9B17D,phikon,Phikon,40x__10x,0.6823778748512268,0.6123033165931702,0.2168000042438507,40× ↔ 10×,0.33285547289410045,-0.33285547289410045
LUAD,TCGA-64-5779-01Z-00-DX1.B3268447-DCE0-4927-B5A9-EC4D61E9B17D,phikon,Phikon,40x__2p5x,0.288418710231781,0.1887511610984802,0.1168000102043151,40× ↔ 2.5×,1.9277226871396351,-1.9277226871396351
LUAD,TCGA-64-5779-01Z-00-DX1.B3268447-DCE0-4927-B5A9-EC4D61E9B17D,phikon,Phikon,10x__2p5x,0.4366415143013,0.4073147624731064,0.1954000145196914,10× ↔ 2.5×,1.1916452933349972,-1.1916452933349972
LUAD,TCGA-78-7158-01Z-00-DX1.74db3dcd-2715-4ce7-8e48-30c8b7946ba0,phikon,Phikon,40x__10x,0.7364747524261475,0.6570981442928314,0.1801000088453292,40× ↔ 10×,-0.142293493235581,0.142293493235581
LUAD,TCGA-78-7158-01Z-00-DX1.74db3dcd-2715-4ce7-8e48-30c8b7946ba0,phikon,Phikon,40x__2p5x,0.4634703397750854,0.3495417535305023,0.1257000118494033,40× ↔ 2.5×,-3.6357922729604084,3.6357922729604084
LUAD,TCGA-78-7158-01Z-00-DX1.74db3dcd-2715-4ce7-8e48-30c8b7946ba0,phikon,Phikon,10x__2p5x,0.6475161910057068,0.6484486162662506,0.2580999732017517,10× ↔ 2.5×,-1.8517444517303692,1.8517444517303692
LUAD,TCGA-78-7163-01Z-00-DX1.42880bdf-271d-41dd-aada-e7ec1156ff31,phikon,Phikon,40x__10x,0.675705075263977,0.7593517303466797,0.1645000129938125,40× ↔ 10×,-0.2762285862636698,0.2762285862636698
LUAD,TCGA-78-7163-01Z-00-DX1.42880bdf-271d-41dd-aada-e7ec1156ff31,phikon,Phikon,40x__2p5x,0.4443058669567108,0.4134231656789779,0.1131000146269798,40× ↔ 2.5×,-2.4250782033133698,2.4250782033133698
LUAD,TCGA-78-7163-01Z-00-DX1.42880bdf-271d-41dd-aada-e7ec1156ff31,phikon,Phikon,10x__2p5x,0.6542379856109619,0.5431751608848572,0.2352000176906585,10× ↔ 2.5×,-3.1836679102532472,3.1836679102532472
LUAD,TCGA-78-7536-01Z-00-DX1.6b066140-8b82-40a5-bd48-430eeb4463fe,phikon,Phikon,40x__10x,0.4425689280033111,0.6059981286525726,0.140500009059906,40× ↔ 10×,-0.8644807880151376,0.8644807880151376
LUAD,TCGA-78-7536-01Z-00-DX1.6b066140-8b82-40a5-bd48-430eeb4463fe,phikon,Phikon,40x__2p5x,0.2769817113876343,0.2616117373108864,0.0915000066161155,40× ↔ 2.5×,-2.4433842017064453,2.4433842017064453
LUAD,TCGA-78-7536-01Z-00-DX1.6b066140-8b82-40a5-bd48-430eeb4463fe,phikon,Phikon,10x__2p5x,0.5161517858505249,0.5071169435977936,0.1978999972343444,10× ↔ 2.5×,-1.6246206512429513,1.6246206512429513
LUAD,TCGA-86-8668-01Z-00-DX1.d720d486-02c7-4f98-8feb-e0e50a12c158,phikon,Phikon,40x__10x,0.828616201877594,0.5756986439228058,0.205700010061264,40× ↔ 10×,-0.06258541803757614,0.06258541803757614
LUAD,TCGA-86-8668-01Z-00-DX1.d720d486-02c7-4f98-8feb-e0e50a12c158,phikon,Phikon,40x__2p5x,0.6192008256912231,0.2661391720175743,0.1473000049591064,40× ↔ 2.5×,-2.3423020993015298,2.3423020993015298
LUAD,TCGA-86-8668-01Z-00-DX1.d720d486-02c7-4f98-8feb-e0e50a12c158,phikon,Phikon,10x__2p5x,0.7229753732681274,0.4836481958627701,0.2707000374794006,10× ↔ 2.5×,-2.4713136237633035,2.4713136237633035
LUAD,TCGA-97-A4LX-01Z-00-DX1.B2334672-A626-4E74-B4D1-A79F70F65909,phikon,Phikon,40x__10x,0.6702888607978821,0.634577602148056,0.1577000021934509,40× ↔ 10×,-0.20761781969885265,0.20761781969885265
LUAD,TCGA-97-A4LX-01Z-00-DX1.B2334672-A626-4E74-B4D1-A79F70F65909,phikon,Phikon,40x__2p5x,0.441854864358902,0.2279316335916519,0.0847000032663345,40× ↔ 2.5×,-2.073204287646882,2.073204287646882
LUAD,TCGA-97-A4LX-01Z-00-DX1.B2334672-A626-4E74-B4D1-A79F70F65909,phikon,Phikon,10x__2p5x,0.6902721524238586,0.4874797612428665,0.1930000036954879,10× ↔ 2.5×,-2.4901520343121306,2.4901520343121306
LUAD,TCGA-97-A4M2-01Z-00-DX1.5C72522C-1538-4D68-B517-5FB05A9D401A,phikon,Phikon,40x__10x,0.8177199959754944,0.648580402135849,0.2269000262022018,40× ↔ 10×,-0.281426476538041,0.281426476538041
LUAD,TCGA-97-A4M2-01Z-00-DX1.5C72522C-1538-4D68-B517-5FB05A9D401A,phikon,Phikon,40x__2p5x,0.6589351892471313,0.1949323788285255,0.1406999975442886,40× ↔ 2.5×,-2.476433849666269,2.476433849666269
LUAD,TCGA-97-A4M2-01Z-00-DX1.5C72522C-1538-4D68-B517-5FB05A9D401A,phikon,Phikon,10x__2p5x,0.7754623293876648,0.4740886986255646,0.2818000018596649,10× ↔ 2.5×,-2.691276655535558,2.691276655535558
LUAD,TCGA-J2-A4AE-01Z-00-DX1.42C5DE4A-7787-4E59-8969-D12503262C96,phikon,Phikon,40x__10x,0.8763302564620972,0.6266333758831024,0.2421000152826309,40× ↔ 10×,-0.6353461392407816,0.6353461392407816
LUAD,TCGA-J2-A4AE-01Z-00-DX1.42C5DE4A-7787-4E59-8969-D12503262C96,phikon,Phikon,40x__2p5x,0.6420576572418213,0.2003642246127128,0.1707000136375427,40× ↔ 2.5×,-2.666863857684232,2.666863857684232
LUAD,TCGA-J2-A4AE-01Z-00-DX1.42C5DE4A-7787-4E59-8969-D12503262C96,phikon,Phikon,10x__2p5x,0.7223919630050659,0.4792196005582809,0.300400048494339,10× ↔ 2.5×,-2.876175309245079,2.876175309245079
STAD,TCGA-BR-6452-01Z-00-DX1.aec8246e-9dce-436d-9faa-df8fa1f6e47c,phikon,Phikon,40x__10x,0.7939432263374329,0.5933069586753845,0.3023000359535217,40× ↔ 10×,-0.785736634262107,0.785736634262107
STAD,TCGA-BR-6452-01Z-00-DX1.aec8246e-9dce-436d-9faa-df8fa1f6e47c,phikon,Phikon,40x__2p5x,0.5957750082015991,0.3341083377599716,0.207500010728836,40× ↔ 2.5×,-1.3238292286394155,1.3238292286394155
STAD,TCGA-BR-6452-01Z-00-DX1.aec8246e-9dce-436d-9faa-df8fa1f6e47c,phikon,Phikon,10x__2p5x,0.7169128656387329,0.5671875774860382,0.3472000360488891,10× ↔ 2.5×,-1.2194441077878166,1.2194441077878166
STAD,TCGA-BR-6454-01Z-00-DX1.63fb6280-2b43-49b2-960a-eb9c0e8b617c,phikon,Phikon,40x__10x,0.6439902186393738,0.5857845842838287,0.1845000088214874,40× ↔ 10×,-0.46932756116242746,0.46932756116242746
STAD,TCGA-BR-6454-01Z-00-DX1.63fb6280-2b43-49b2-960a-eb9c0e8b617c,phikon,Phikon,40x__2p5x,0.4593618512153625,0.2731566876173019,0.1328000277280807,40× ↔ 2.5×,-1.9867304585370618,1.9867304585370618
STAD,TCGA-BR-6454-01Z-00-DX1.63fb6280-2b43-49b2-960a-eb9c0e8b617c,phikon,Phikon,10x__2p5x,0.6510888934135437,0.4644356369972229,0.2613000273704529,10× ↔ 2.5×,-1.1815388848170665,1.1815388848170665
STAD,TCGA-BR-A4CQ-01Z-00-DX1.B63282A5-154D-441B-BF96-5BB26CB6D95E,phikon,Phikon,40x__10x,0.8749068379402161,0.6636072397232056,0.2813999950885772,40× ↔ 10×,-0.2458764378912306,0.2458764378912306
STAD,TCGA-BR-A4CQ-01Z-00-DX1.B63282A5-154D-441B-BF96-5BB26CB6D95E,phikon,Phikon,40x__2p5x,0.6861153841018677,0.2844992056488991,0.1981000155210495,40× ↔ 2.5×,-1.287828525916572,1.287828525916572
STAD,TCGA-BR-A4CQ-01Z-00-DX1.B63282A5-154D-441B-BF96-5BB26CB6D95E,phikon,Phikon,10x__2p5x,0.7794831991195679,0.4974085390567779,0.3802000284194946,10× ↔ 2.5×,-1.4882021957073923,1.4882021957073923
STAD,TCGA-CD-A487-01Z-00-DX1.A026BD2F-B721-4340-83D5-7AA39227C90F,phikon,Phikon,40x__10x,0.8384289145469666,0.7217594385147095,0.4098000526428222,40× ↔ 10×,-0.34669708414172995,0.34669708414172995
STAD,TCGA-CD-A487-01Z-00-DX1.A026BD2F-B721-4340-83D5-7AA39227C90F,phikon,Phikon,40x__2p5x,0.6120496392250061,0.2855600416660309,0.297400027513504,40× ↔ 2.5×,0.09034871632409028,-0.09034871632409028
STAD,TCGA-CD-A487-01Z-00-DX1.A026BD2F-B721-4340-83D5-7AA39227C90F,phikon,Phikon,10x__2p5x,0.7197076082229614,0.4996654838323593,0.4296000301837921,10× ↔ 2.5×,-0.8724724157132677,0.8724724157132677
STAD,TCGA-FP-8209-01Z-00-DX1.a5e13081-1631-44d4-8d6a-c229a22c2311,phikon,Phikon,40x__10x,0.7922038435935974,0.5307799875736237,0.3285000026226043,40× ↔ 10×,0.20665642634194042,-0.20665642634194042
STAD,TCGA-FP-8209-01Z-00-DX1.a5e13081-1631-44d4-8d6a-c229a22c2311,phikon,Phikon,40x__2p5x,0.5380340218544006,0.3305043205618858,0.2379000186920166,40× ↔ 2.5×,-0.10566400944060587,0.10566400944060587
STAD,TCGA-FP-8209-01Z-00-DX1.a5e13081-1631-44d4-8d6a-c229a22c2311,phikon,Phikon,10x__2p5x,0.6788987517356873,0.54693803191185,0.3871000111103058,10× ↔ 2.5×,-2.138717704999764,2.138717704999764
STAD,TCGA-SW-A7EA-01Z-00-DX1.C5E1BE0E-0A25-4480-A3AC-DB2ED7471A4E,phikon,Phikon,40x__10x,0.9361035227775574,0.7560909986495972,0.2472000271081924,40× ↔ 10×,-0.3067319444254174,0.3067319444254174
STAD,TCGA-SW-A7EA-01Z-00-DX1.C5E1BE0E-0A25-4480-A3AC-DB2ED7471A4E,phikon,Phikon,40x__2p5x,0.8477163314819336,0.3419241607189178,0.1717000156641006,40× ↔ 2.5×,-0.8105323909904276,0.8105323909904276
STAD,TCGA-SW-A7EA-01Z-00-DX1.C5E1BE0E-0A25-4480-A3AC-DB2ED7471A4E,phikon,Phikon,10x__2p5x,0.8887211680412292,0.6147044003009796,0.3419000208377838,10× ↔ 2.5×,-1.0391470538225285,1.0391470538225285
STAD,TCGA-VQ-A8PY-01Z-00-DX1.EA2C7386-012A-442A-95B3-FFA12BD2684D,phikon,Phikon,40x__10x,0.8724414110183716,0.6486719846725464,0.3702000379562378,40× ↔ 10×,0.11226126522298445,-0.11226126522298445
STAD,TCGA-VQ-A8PY-01Z-00-DX1.EA2C7386-012A-442A-95B3-FFA12BD2684D,phikon,Phikon,40x__2p5x,0.6973650455474854,0.2465131878852844,0.2573000192642212,40× ↔ 2.5×,-1.1542693519648515,1.1542693519648515
STAD,TCGA-VQ-A8PY-01Z-00-DX1.EA2C7386-012A-442A-95B3-FFA12BD2684D,phikon,Phikon,10x__2p5x,0.763973593711853,0.4915226995944977,0.3874000310897827,10× ↔ 2.5×,-1.9443984011590303,1.9443984011590303
STAD,TCGA-VQ-A924-01Z-00-DX1.736B41F3-9678-4FAF-AE86-FCAC4F6DCBD3,phikon,Phikon,40x__10x,0.819159746170044,0.6824226677417755,0.247400015592575,40× ↔ 10×,-0.3583351541472622,0.3583351541472622
STAD,TCGA-VQ-A924-01Z-00-DX1.736B41F3-9678-4FAF-AE86-FCAC4F6DCBD3,phikon,Phikon,40x__2p5x,0.566967248916626,0.2432040497660637,0.1787000149488449,40× ↔ 2.5×,1.1960821733756672,-1.1960821733756672
STAD,TCGA-VQ-A924-01Z-00-DX1.736B41F3-9678-4FAF-AE86-FCAC4F6DCBD3,phikon,Phikon,10x__2p5x,0.6925660371780396,0.4814055562019348,0.3677000403404236,10× ↔ 2.5×,-0.7358077534093798,0.7358077534093798
STAD,TCGA-ZQ-A9CR-01Z-00-DX1.C9AC9991-7054-4068-A7AA-9D1EB7F040A3,phikon,Phikon,40x__10x,0.9510137438774108,0.7409702241420746,0.3119000196456909,40× ↔ 10×,-0.4237244216082615,0.4237244216082615
STAD,TCGA-ZQ-A9CR-01Z-00-DX1.C9AC9991-7054-4068-A7AA-9D1EB7F040A3,phikon,Phikon,40x__2p5x,0.901846706867218,0.4994980841875076,0.216600015759468,40× ↔ 2.5×,-2.2463283349767793,2.2463283349767793
STAD,TCGA-ZQ-A9CR-01Z-00-DX1.C9AC9991-7054-4068-A7AA-9D1EB7F040A3,phikon,Phikon,10x__2p5x,0.9140747785568236,0.6239094138145447,0.3057000339031219,10× ↔ 2.5×,-2.1986618194122274,2.1986618194122274
UCEC,TCGA-A5-A0GX-01Z-00-DX1.7E713D1A-5858-4648-957D-77189E43CFAA,phikon,Phikon,40x__10x,0.9065360426902772,0.7639222145080566,0.250900000333786,40× ↔ 10×,-0.316934924382945,0.316934924382945
UCEC,TCGA-A5-A0GX-01Z-00-DX1.7E713D1A-5858-4648-957D-77189E43CFAA,phikon,Phikon,40x__2p5x,0.7757768034934998,0.2119284644722938,0.1656000167131424,40× ↔ 2.5×,-3.969644622815457,3.969644622815457
UCEC,TCGA-A5-A0GX-01Z-00-DX1.7E713D1A-5858-4648-957D-77189E43CFAA,phikon,Phikon,10x__2p5x,0.8289077281951904,0.4825139045715332,0.2684000134468078,10× ↔ 2.5×,-1.2387392748482597,1.2387392748482597
UCEC,TCGA-A5-A0R7-01Z-00-DX1.D21E6974-22A3-4A68-8B4E-14E84A7A50A5,phikon,Phikon,40x__10x,0.893722653388977,0.6871118247509003,0.2805000245571136,40× ↔ 10×,-0.7808643273531058,0.7808643273531058
UCEC,TCGA-A5-A0R7-01Z-00-DX1.D21E6974-22A3-4A68-8B4E-14E84A7A50A5,phikon,Phikon,40x__2p5x,0.7625117897987366,0.2210278958082199,0.1699000000953674,40× ↔ 2.5×,-2.718245917935579,2.718245917935579
UCEC,TCGA-A5-A0R7-01Z-00-DX1.D21E6974-22A3-4A68-8B4E-14E84A7A50A5,phikon,Phikon,10x__2p5x,0.8481780290603638,0.4823483377695083,0.2887000143527984,10× ↔ 2.5×,-2.3539683575018433,2.3539683575018433
UCEC,TCGA-AX-A05U-01Z-00-DX1.1EBFC727-B5D5-4543-BBA9-4254ABD3D584,phikon,Phikon,40x__10x,0.9348758459091188,0.7588677108287811,0.3032000362873077,40× ↔ 10×,-0.0461730836999437,0.0461730836999437
UCEC,TCGA-AX-A05U-01Z-00-DX1.1EBFC727-B5D5-4543-BBA9-4254ABD3D584,phikon,Phikon,40x__2p5x,0.8362070322036743,0.2997530102729797,0.192900002002716,40× ↔ 2.5×,-1.910905168327687,1.910905168327687
UCEC,TCGA-AX-A05U-01Z-00-DX1.1EBFC727-B5D5-4543-BBA9-4254ABD3D584,phikon,Phikon,10x__2p5x,0.8894275426864624,0.5360423028469086,0.3348000049591064,10× ↔ 2.5×,-1.044016882787917,1.044016882787917
UCEC,TCGA-AX-A06B-01Z-00-DX2.1757C039-99F7-4087-A9E5-D340AF7220D4,phikon,Phikon,40x__10x,0.8312718272209167,0.6542217433452606,0.2919000089168548,40× ↔ 10×,-0.018125116723762318,0.018125116723762318
UCEC,TCGA-AX-A06B-01Z-00-DX2.1757C039-99F7-4087-A9E5-D340AF7220D4,phikon,Phikon,40x__2p5x,0.4835273623466491,0.2305070459842682,0.2165000140666961,40× ↔ 2.5×,-1.2649072690284728,1.2649072690284728
UCEC,TCGA-AX-A06B-01Z-00-DX2.1757C039-99F7-4087-A9E5-D340AF7220D4,phikon,Phikon,10x__2p5x,0.5829443335533142,0.5573112964630127,0.3294000327587127,10× ↔ 2.5×,-0.4055746931415839,0.4055746931415839
UCEC,TCGA-AX-A0J0-01Z-00-DX2.56C668BE-03B8-4B87-A226-AABD97D53C38,phikon,Phikon,40x__10x,0.9217674732208252,0.7144123911857605,0.3077000379562378,40× ↔ 10×,-0.10188289477512232,0.10188289477512232
UCEC,TCGA-AX-A0J0-01Z-00-DX2.56C668BE-03B8-4B87-A226-AABD97D53C38,phikon,Phikon,40x__2p5x,0.8084797859191895,0.2890352010726928,0.2076000124216079,40× ↔ 2.5×,-2.003062536047827,2.003062536047827
UCEC,TCGA-AX-A0J0-01Z-00-DX2.56C668BE-03B8-4B87-A226-AABD97D53C38,phikon,Phikon,10x__2p5x,0.857768177986145,0.4987017810344696,0.3068000376224518,10× ↔ 2.5×,-1.052103844274399,1.052103844274399
UCEC,TCGA-B5-A11F-01Z-00-DX1.3F1C053D-E81E-4C8D-965D-6F3DE29D9511,phikon,Phikon,40x__10x,0.9146023392677308,0.6935315728187561,0.2609000205993652,40× ↔ 10×,-0.34389558035140216,0.34389558035140216
UCEC,TCGA-B5-A11F-01Z-00-DX1.3F1C053D-E81E-4C8D-965D-6F3DE29D9511,phikon,Phikon,40x__2p5x,0.8135420680046082,0.2044747844338417,0.1686000078916549,40× ↔ 2.5×,-2.589722892501338,2.589722892501338
UCEC,TCGA-B5-A11F-01Z-00-DX1.3F1C053D-E81E-4C8D-965D-6F3DE29D9511,phikon,Phikon,10x__2p5x,0.8677573800086975,0.4271500706672668,0.3035000264644623,10× ↔ 2.5×,-1.7075863006811178,1.7075863006811178
UCEC,TCGA-BG-A0W1-01Z-00-DX1.8E06269C-1278-478B-A128-59FA911B1649,phikon,Phikon,40x__10x,0.9550824761390686,0.5794967114925385,0.3054000437259674,40× ↔ 10×,-0.3832829480473977,0.3832829480473977
UCEC,TCGA-BG-A0W1-01Z-00-DX1.8E06269C-1278-478B-A128-59FA911B1649,phikon,Phikon,40x__2p5x,0.7868984937667847,0.1797725893557071,0.2070000171661377,40× ↔ 2.5×,-1.2649413039058213,1.2649413039058213
UCEC,TCGA-BG-A0W1-01Z-00-DX1.8E06269C-1278-478B-A128-59FA911B1649,phikon,Phikon,10x__2p5x,0.8231238722801208,0.4278043657541275,0.3167000412940979,10× ↔ 2.5×,-1.9403213691359436,1.9403213691359436
UCEC,TCGA-EY-A1GQ-01Z-00-DX1.03D52C6F-515E-4A4F-A08E-31D773BCC67F,phikon,Phikon,40x__10x,0.5642693638801575,0.6495940387248993,0.153899997472763,40× ↔ 10×,-0.47851199703852,0.47851199703852
UCEC,TCGA-EY-A1GQ-01Z-00-DX1.03D52C6F-515E-4A4F-A08E-31D773BCC67F,phikon,Phikon,40x__2p5x,0.3589906096458435,0.2092494145035743,0.1055000126361846,40× ↔ 2.5×,-2.132042114301464,2.132042114301464
UCEC,TCGA-EY-A1GQ-01Z-00-DX1.03D52C6F-515E-4A4F-A08E-31D773BCC67F,phikon,Phikon,10x__2p5x,0.6361356973648071,0.4446378499269485,0.2760000228881836,10× ↔ 2.5×,-2.0975273808163384,2.0975273808163384
UCEC,TCGA-FI-A2EX-01Z-00-DX1.127F5153-745D-43E6-83CA-DE2738702C62,phikon,Phikon,40x__10x,0.8452329635620117,0.7494751513004303,0.2857000231742859,40× ↔ 10×,-0.10977373451228227,0.10977373451228227
UCEC,TCGA-FI-A2EX-01Z-00-DX1.127F5153-745D-43E6-83CA-DE2738702C62,phikon,Phikon,40x__2p5x,0.6774525046348572,0.2749459072947502,0.2055000066757202,40× ↔ 2.5×,-2.580818498139469,2.580818498139469
UCEC,TCGA-FI-A2EX-01Z-00-DX1.127F5153-745D-43E6-83CA-DE2738702C62,phikon,Phikon,10x__2p5x,0.7325704097747803,0.5657978653907776,0.2935999929904938,10× ↔ 2.5×,-0.6982569895165183,0.6982569895165183
BLCA,TCGA-CF-A3MF-01Z-00-DX1.91768C26-5BB1-4DE6-9737-AA26BD687A75,uni,UNI,40x__10x,0.7565656304359436,0.5486351847648621,0.2064000070095062,40× ↔ 10×,-1.5103883494944568,1.5103883494944568
BLCA,TCGA-CF-A3MF-01Z-00-DX1.91768C26-5BB1-4DE6-9737-AA26BD687A75,uni,UNI,40x__2p5x,0.5407902002334595,0.2480334118008613,0.0953000038862228,40× ↔ 2.5×,-2.0233107880040997,2.0233107880040997
BLCA,TCGA-CF-A3MF-01Z-00-DX1.91768C26-5BB1-4DE6-9737-AA26BD687A75,uni,UNI,10x__2p5x,0.6335790157318115,0.3480823040008545,0.1818000078201294,10× ↔ 2.5×,0.17883134609859835,-0.17883134609859835
BLCA,TCGA-CU-A0YN-01Z-00-DX1.6C5EAAAF-8F14-49D3-8FFC-9BDAE56CAFD0,uni,UNI,40x__10x,0.6041471362113953,0.366552785038948,0.1695000082254409,40× ↔ 10×,0.2698484896784448,-0.2698484896784448
BLCA,TCGA-CU-A0YN-01Z-00-DX1.6C5EAAAF-8F14-49D3-8FFC-9BDAE56CAFD0,uni,UNI,40x__2p5x,0.3400124609470367,0.1388166546821594,0.1073000058531761,40× ↔ 2.5×,-0.6626908343908671,0.6626908343908671
BLCA,TCGA-CU-A0YN-01Z-00-DX1.6C5EAAAF-8F14-49D3-8FFC-9BDAE56CAFD0,uni,UNI,10x__2p5x,0.5988811254501343,0.2561785578727722,0.378600001335144,10× ↔ 2.5×,1.648555531097919,-1.648555531097919
BLCA,TCGA-DK-A6AW-01Z-00-DX1.C2453A8C-8282-443C-9E76-5B6CAD2FE69B,uni,UNI,40x__10x,0.8736853003501892,0.3489043563604355,0.2979000508785248,40× ↔ 10×,-1.2913764530502612,1.2913764530502612
BLCA,TCGA-DK-A6AW-01Z-00-DX1.C2453A8C-8282-443C-9E76-5B6CAD2FE69B,uni,UNI,40x__2p5x,0.7474892735481262,0.1635226793587207,0.1917000263929367,40× ↔ 2.5×,-3.6727450451486945,3.6727450451486945
BLCA,TCGA-DK-A6AW-01Z-00-DX1.C2453A8C-8282-443C-9E76-5B6CAD2FE69B,uni,UNI,10x__2p5x,0.8132249116897583,0.3146410584449768,0.3615000247955322,10× ↔ 2.5×,0.22326523685417704,-0.22326523685417704
BLCA,TCGA-DK-AA6L-01A-01-TSA.5794F0C6-9ED6-489A-9621-18CCC5935548,uni,UNI,40x__10x,0.6565500497817993,0.460279643535614,0.1841000169515609,40× ↔ 10×,-0.08745632192695561,0.08745632192695561
BLCA,TCGA-DK-AA6L-01A-01-TSA.5794F0C6-9ED6-489A-9621-18CCC5935548,uni,UNI,40x__2p5x,0.2704846858978271,0.1693826392292976,0.1058000102639198,40× ↔ 2.5×,-1.5328377377832592,1.5328377377832592
BLCA,TCGA-DK-AA6L-01A-01-TSA.5794F0C6-9ED6-489A-9621-18CCC5935548,uni,UNI,10x__2p5x,0.4404865801334381,0.3147385716438293,0.2415000051259994,10× ↔ 2.5×,0.2572715324948958,-0.2572715324948958
BLCA,TCGA-DK-AA77-01A-01-TSA.26CAF5CB-CC4F-4522-BD2B-343FB70205FE,uni,UNI,40x__10x,0.6068166494369507,0.5072229504585266,0.1400000005960464,40× ↔ 10×,-0.6451478535824243,0.6451478535824243
BLCA,TCGA-DK-AA77-01A-01-TSA.26CAF5CB-CC4F-4522-BD2B-343FB70205FE,uni,UNI,40x__2p5x,0.2090668529272079,0.2339855432510376,0.0756000131368637,40× ↔ 2.5×,-2.9442493976316433,2.9442493976316433
BLCA,TCGA-DK-AA77-01A-01-TSA.26CAF5CB-CC4F-4522-BD2B-343FB70205FE,uni,UNI,10x__2p5x,0.4087536633014679,0.3590330630540848,0.2346000224351883,10× ↔ 2.5×,-1.7602217562110816,1.7602217562110816
BLCA,TCGA-FD-A6TK-01Z-00-DX1.B685DA87-72A6-4C38-8AA1-40B6E543383C,uni,UNI,40x__10x,0.7895600199699402,0.3402351886034012,0.3047000169754028,40× ↔ 10×,-0.49846830094768607,0.49846830094768607
BLCA,TCGA-FD-A6TK-01Z-00-DX1.B685DA87-72A6-4C38-8AA1-40B6E543383C,uni,UNI,40x__2p5x,0.648374080657959,0.1801218166947364,0.1882999986410141,40× ↔ 2.5×,-3.1202190353550843,3.1202190353550843
BLCA,TCGA-FD-A6TK-01Z-00-DX1.B685DA87-72A6-4C38-8AA1-40B6E543383C,uni,UNI,10x__2p5x,0.7471926212310791,0.3876560777425766,0.3028000295162201,10× ↔ 2.5×,-0.4823076859888159,0.4823076859888159
BLCA,TCGA-GU-AATP-01Z-00-DX1.0D8EC37C-88E7-49D5-A76D-F0A4A3FD8AE4,uni,UNI,40x__10x,0.7774391174316406,0.3419244587421417,0.2754000127315521,40× ↔ 10×,-0.44539515275890995,0.44539515275890995
BLCA,TCGA-GU-AATP-01Z-00-DX1.0D8EC37C-88E7-49D5-A76D-F0A4A3FD8AE4,uni,UNI,40x__2p5x,0.575882613658905,0.1694724410772323,0.1521000117063522,40× ↔ 2.5×,-3.528859079812352,3.528859079812352
BLCA,TCGA-GU-AATP-01Z-00-DX1.0D8EC37C-88E7-49D5-A76D-F0A4A3FD8AE4,uni,UNI,10x__2p5x,0.6904821395874023,0.3763416707515716,0.2653999924659729,10× ↔ 2.5×,-0.7695701961151172,0.7695701961151172
BLCA,TCGA-XF-A8HB-01Z-00-DX1.D6874152-D20A-4CA4-8E8B-8CBAB5F7D7B5,uni,UNI,40x__10x,0.7284653186798096,0.3428051769733429,0.2769000232219696,40× ↔ 10×,-0.3057161941491956,0.3057161941491956
BLCA,TCGA-XF-A8HB-01Z-00-DX1.D6874152-D20A-4CA4-8E8B-8CBAB5F7D7B5,uni,UNI,40x__2p5x,0.4603434205055237,0.1728231087327003,0.1381000131368637,40× ↔ 2.5×,-3.213752723629215,3.213752723629215
BLCA,TCGA-XF-A8HB-01Z-00-DX1.D6874152-D20A-4CA4-8E8B-8CBAB5F7D7B5,uni,UNI,10x__2p5x,0.6029921174049377,0.3873423337936401,0.240100011229515,10× ↔ 2.5×,-0.41699097276664876,0.41699097276664876
BLCA,TCGA-ZF-A9R1-01Z-00-DX1.74520759-D448-45B5-B8AD-45502C99A519,uni,UNI,40x__10x,0.7577146291732788,0.366334468126297,0.3389000296592712,40× ↔ 10×,-1.021941662403359,1.021941662403359
BLCA,TCGA-ZF-A9R1-01Z-00-DX1.74520759-D448-45B5-B8AD-45502C99A519,uni,UNI,40x__2p5x,0.551000714302063,0.2125227525830268,0.1876000165939331,40× ↔ 2.5×,-3.8094513282934566,3.8094513282934566
BLCA,TCGA-ZF-A9R1-01Z-00-DX1.74520759-D448-45B5-B8AD-45502C99A519,uni,UNI,10x__2p5x,0.6867505311965942,0.3692814856767654,0.295600026845932,10× ↔ 2.5×,-0.6082684208943864,0.6082684208943864
BLCA,TCGA-ZF-AA51-01Z-00-DX1.128C9731-C206-4E71-9A64-864FA9FD7E96,uni,UNI,40x__10x,0.8152528405189514,0.4232127666473388,0.3390000164508819,40× ↔ 10×,-0.8367432481153939,0.8367432481153939
BLCA,TCGA-ZF-AA51-01Z-00-DX1.128C9731-C206-4E71-9A64-864FA9FD7E96,uni,UNI,40x__2p5x,0.5690299868583679,0.2353716492652893,0.1738000214099884,40× ↔ 2.5×,-3.8439646970266366,3.8439646970266366
BLCA,TCGA-ZF-AA51-01Z-00-DX1.128C9731-C206-4E71-9A64-864FA9FD7E96,uni,UNI,10x__2p5x,0.668157160282135,0.387259230017662,0.2481000125408172,10× ↔ 2.5×,-1.1068497055498143,1.1068497055498143
BRCA,TCGA-A7-A2KD-01Z-00-DX1.BFF2DFC8-1D95-4DC2-98FC-5BD7D7C6CDF5,uni,UNI,40x__10x,0.6736115217208862,0.346966952085495,0.2220000177621841,40× ↔ 10×,-1.3361695437143966,1.3361695437143966
BRCA,TCGA-A7-A2KD-01Z-00-DX1.BFF2DFC8-1D95-4DC2-98FC-5BD7D7C6CDF5,uni,UNI,40x__2p5x,0.4185651838779449,0.123057696968317,0.142300009727478,40× ↔ 2.5×,-1.2254984397644202,1.2254984397644202
BRCA,TCGA-A7-A2KD-01Z-00-DX1.BFF2DFC8-1D95-4DC2-98FC-5BD7D7C6CDF5,uni,UNI,10x__2p5x,0.6129537224769592,0.2601382583379745,0.3060000240802765,10× ↔ 2.5×,-1.0798350702818895,1.0798350702818895
BRCA,TCGA-AN-A0G0-01Z-00-DX1.BE0BB5DF-DEDA-48D8-B5D8-2735C767F28F,uni,UNI,40x__10x,0.7305709719657898,0.3346554934978485,0.1811000108718872,40× ↔ 10×,-1.3075506017048117,1.3075506017048117
BRCA,TCGA-AN-A0G0-01Z-00-DX1.BE0BB5DF-DEDA-48D8-B5D8-2735C767F28F,uni,UNI,40x__2p5x,0.4666599035263061,0.0891815871000289,0.1031000092625618,40× ↔ 2.5×,-1.1889198373688992,1.1889198373688992
BRCA,TCGA-AN-A0G0-01Z-00-DX1.BE0BB5DF-DEDA-48D8-B5D8-2735C767F28F,uni,UNI,10x__2p5x,0.6466271281242371,0.2198982983827591,0.2592999935150146,10× ↔ 2.5×,-0.693521639123175,0.693521639123175
BRCA,TCGA-AQ-A04L-01Z-00-DX1.F35BF4DD-896A-43C2-8DA6-C67945C003BE,uni,UNI,40x__10x,0.8325771689414978,0.4623231142759323,0.1916000097990036,40× ↔ 10×,-1.6045205783300893,1.6045205783300893
BRCA,TCGA-AQ-A04L-01Z-00-DX1.F35BF4DD-896A-43C2-8DA6-C67945C003BE,uni,UNI,40x__2p5x,0.7231380939483643,0.2393095567822456,0.1049000099301338,40× ↔ 2.5×,-2.511388478976468,2.511388478976468
BRCA,TCGA-AQ-A04L-01Z-00-DX1.F35BF4DD-896A-43C2-8DA6-C67945C003BE,uni,UNI,10x__2p5x,0.8224329352378845,0.3870693892240524,0.2627000212669372,10× ↔ 2.5×,-1.9679141941572766,1.9679141941572766
BRCA,TCGA-AR-A2LK-01Z-00-DX1.FBD59C38-CD4E-4C22-BC74-A57C192A9BBC,uni,UNI,40x__10x,0.7403706312179565,0.3484921902418136,0.2618000209331512,40× ↔ 10×,-0.15589794213152935,0.15589794213152935
BRCA,TCGA-AR-A2LK-01Z-00-DX1.FBD59C38-CD4E-4C22-BC74-A57C192A9BBC,uni,UNI,40x__2p5x,0.4556025862693786,0.13217518851161,0.1627999991178512,40× ↔ 2.5×,-1.6371211520381705,1.6371211520381705
BRCA,TCGA-AR-A2LK-01Z-00-DX1.FBD59C38-CD4E-4C22-BC74-A57C192A9BBC,uni,UNI,10x__2p5x,0.5675075650215149,0.3139063119888305,0.295600026845932,10× ↔ 2.5×,-1.139954667947246,1.139954667947246
BRCA,TCGA-AR-A5QM-01Z-00-DX1.A9017CED-FF57-4090-95B9-94DC91854347,uni,UNI,40x__10x,0.67174232006073,0.3380737155675888,0.1999000012874603,40× ↔ 10×,-0.1898317906045674,0.1898317906045674
BRCA,TCGA-AR-A5QM-01Z-00-DX1.A9017CED-FF57-4090-95B9-94DC91854347,uni,UNI,40x__2p5x,0.4537793099880218,0.1244145147502422,0.1179000064730644,40× ↔ 2.5×,-1.651663951180867,1.651663951180867
BRCA,TCGA-AR-A5QM-01Z-00-DX1.A9017CED-FF57-4090-95B9-94DC91854347,uni,UNI,10x__2p5x,0.6153578162193298,0.3089977502822876,0.2431000173091888,10× ↔ 2.5×,-0.9674921206022059,0.9674921206022059
BRCA,TCGA-BH-A0C1-01Z-00-DX1.21FE357E-B182-4397-BFEF-7E96E994236A,uni,UNI,40x__10x,0.7911925315856934,0.3613449931144714,0.2136000096797943,40× ↔ 10×,-0.8008156431028632,0.8008156431028632
BRCA,TCGA-BH-A0C1-01Z-00-DX1.21FE357E-B182-4397-BFEF-7E96E994236A,uni,UNI,40x__2p5x,0.6644535660743713,0.159570924937725,0.139500007033348,40× ↔ 2.5×,-2.001189933462592,2.001189933462592
BRCA,TCGA-BH-A0C1-01Z-00-DX1.21FE357E-B182-4397-BFEF-7E96E994236A,uni,UNI,10x__2p5x,0.7834358215332031,0.3351280093193054,0.3026000261306762,10× ↔ 2.5×,-1.0162697306222628,1.0162697306222628
BRCA,TCGA-D8-A1X8-01Z-00-DX1.DDA3866E-C7CC-4650-BE2B-5C9A98A2D531,uni,UNI,40x__10x,0.8227293491363525,0.4183796048164367,0.2714000344276428,40× ↔ 10×,-1.5410061206544166,1.5410061206544166
BRCA,TCGA-D8-A1X8-01Z-00-DX1.DDA3866E-C7CC-4650-BE2B-5C9A98A2D531,uni,UNI,40x__2p5x,0.5984898805618286,0.2052513062953949,0.1657000184059143,40× ↔ 2.5×,-3.0488037174656397,3.0488037174656397
BRCA,TCGA-D8-A1X8-01Z-00-DX1.DDA3866E-C7CC-4650-BE2B-5C9A98A2D531,uni,UNI,10x__2p5x,0.7107774615287781,0.373027503490448,0.2942000329494476,10× ↔ 2.5×,-1.7026911456792657,1.7026911456792657
BRCA,TCGA-E2-A14P-01Z-00-DX1.663B02FF-C64B-41A6-8685-FD61CD76F9C6,uni,UNI,40x__10x,0.8029346466064453,0.325342908501625,0.239200010895729,40× ↔ 10×,-1.5580297924042683,1.5580297924042683
BRCA,TCGA-E2-A14P-01Z-00-DX1.663B02FF-C64B-41A6-8685-FD61CD76F9C6,uni,UNI,40x__2p5x,0.6511547565460205,0.1395415402948856,0.1357000172138214,40× ↔ 2.5×,-2.1090259619288996,2.1090259619288996
BRCA,TCGA-E2-A14P-01Z-00-DX1.663B02FF-C64B-41A6-8685-FD61CD76F9C6,uni,UNI,10x__2p5x,0.7896409034729004,0.3156522661447525,0.2287000268697738,10× ↔ 2.5×,-1.1514888088923827,1.1514888088923827
BRCA,TCGA-E2-A1LA-01Z-00-DX1.AE49E943-B830-4ED9-B09E-E499441BC2EC,uni,UNI,40x__10x,0.8412999510765076,0.3660524189472198,0.3312000334262848,40× ↔ 10×,-0.5172419801418504,0.5172419801418504
BRCA,TCGA-E2-A1LA-01Z-00-DX1.AE49E943-B830-4ED9-B09E-E499441BC2EC,uni,UNI,40x__2p5x,0.6734505295753479,0.1565969139337539,0.2127000093460083,40× ↔ 2.5×,-2.051148940622201,2.051148940622201
BRCA,TCGA-E2-A1LA-01Z-00-DX1.AE49E943-B830-4ED9-B09E-E499441BC2EC,uni,UNI,10x__2p5x,0.7608354687690735,0.3333756029605865,0.3367000222206116,10× ↔ 2.5×,-1.8928962461958623,1.8928962461958623
BRCA,TCGA-GM-A3XN-01Z-00-DX1.49F5C8AC-0328-4BC2-9FE2-E7150B7A42E2,uni,UNI,40x__10x,0.743310809135437,0.3405257612466812,0.2142000198364257,40× ↔ 10×,-0.5031849053201274,0.5031849053201274
BRCA,TCGA-GM-A3XN-01Z-00-DX1.49F5C8AC-0328-4BC2-9FE2-E7150B7A42E2,uni,UNI,40x__2p5x,0.580879271030426,0.1692155748605728,0.1283999979496002,40× ↔ 2.5×,-1.8024146083810866,1.8024146083810866
BRCA,TCGA-GM-A3XN-01Z-00-DX1.49F5C8AC-0328-4BC2-9FE2-E7150B7A42E2,uni,UNI,10x__2p5x,0.6973918676376343,0.2961386740207672,0.2526000142097473,10× ↔ 2.5×,-0.9800478275073894,0.9800478275073894
COAD,TCGA-AY-A8YK-01Z-00-DX1.89E3C546-0425-449B-A6FB-1C35168EA7EB,uni,UNI,40x__10x,0.7203894853591919,0.4129538983106613,0.2269000113010406,40× ↔ 10×,-0.8935198075413773,0.8935198075413773
COAD,TCGA-AY-A8YK-01Z-00-DX1.89E3C546-0425-449B-A6FB-1C35168EA7EB,uni,UNI,40x__2p5x,0.500718355178833,0.2671679183840751,0.1325000077486038,40× ↔ 2.5×,-2.874064622347584,2.874064622347584
COAD,TCGA-AY-A8YK-01Z-00-DX1.89E3C546-0425-449B-A6FB-1C35168EA7EB,uni,UNI,10x__2p5x,0.6725659370422363,0.3053815513849258,0.3101000189781189,10× ↔ 2.5×,-4.9464055555594815,4.9464055555594815
COAD,TCGA-CK-4947-01Z-00-DX1.b257d5fd-b97b-4987-b088-77f044ca7fe2,uni,UNI,40x__10x,0.7398276925086975,0.4398242831230163,0.2520999908447265,40× ↔ 10×,-0.9969628879874917,0.9969628879874917
COAD,TCGA-CK-4947-01Z-00-DX1.b257d5fd-b97b-4987-b088-77f044ca7fe2,uni,UNI,40x__2p5x,0.5071684122085571,0.3110152781009674,0.1463000029325485,40× ↔ 2.5×,-3.48754005082411,3.48754005082411
COAD,TCGA-CK-4947-01Z-00-DX1.b257d5fd-b97b-4987-b088-77f044ca7fe2,uni,UNI,10x__2p5x,0.6542913317680359,0.4328188598155975,0.2636000216007232,10× ↔ 2.5×,-2.9838069379241414,2.9838069379241414
COAD,TCGA-CM-6168-01Z-00-DX1.96af6eb2-9d51-4671-baf8-1a73d0c66869,uni,UNI,40x__10x,0.794329822063446,0.4267841577529907,0.3517000377178192,40× ↔ 10×,-0.19422744473866044,0.19422744473866044
COAD,TCGA-CM-6168-01Z-00-DX1.96af6eb2-9d51-4671-baf8-1a73d0c66869,uni,UNI,40x__2p5x,0.5956428647041321,0.3484747856855392,0.2062000185251236,40× ↔ 2.5×,-2.139699004354216,2.139699004354216
COAD,TCGA-CM-6168-01Z-00-DX1.96af6eb2-9d51-4671-baf8-1a73d0c66869,uni,UNI,10x__2p5x,0.7012767195701599,0.4390880763530731,0.3305000066757202,10× ↔ 2.5×,-1.5546637510749217,1.5546637510749217
COAD,TCGA-CM-6169-01Z-00-DX1.0381c243-02b8-4f1d-840c-19ef44d4b92c,uni,UNI,40x__10x,0.7847651839256287,0.4104669541120529,0.2660999894142151,40× ↔ 10×,-0.30168563839834667,0.30168563839834667
COAD,TCGA-CM-6169-01Z-00-DX1.0381c243-02b8-4f1d-840c-19ef44d4b92c,uni,UNI,40x__2p5x,0.579898476600647,0.3338702619075775,0.139500007033348,40× ↔ 2.5×,-2.3342968414679763,2.3342968414679763
COAD,TCGA-CM-6169-01Z-00-DX1.0381c243-02b8-4f1d-840c-19ef44d4b92c,uni,UNI,10x__2p5x,0.7021809220314026,0.4610400199890136,0.254800021648407,10× ↔ 2.5×,-1.7252097476608175,1.7252097476608175
COAD,TCGA-G4-6309-01Z-00-DX1.3eb20fdc-eb86-4bd5-8194-76b02d4fa472,uni,UNI,40x__10x,0.8178262114524841,0.4255412817001343,0.3165000081062317,40× ↔ 10×,-0.6094003866448532,0.6094003866448532
COAD,TCGA-G4-6309-01Z-00-DX1.3eb20fdc-eb86-4bd5-8194-76b02d4fa472,uni,UNI,40x__2p5x,0.6031126976013184,0.2815815880894661,0.1882000267505645,40× ↔ 2.5×,-2.463643969544371,2.463643969544371
COAD,TCGA-G4-6309-01Z-00-DX1.3eb20fdc-eb86-4bd5-8194-76b02d4fa472,uni,UNI,10x__2p5x,0.720798671245575,0.4100137650966644,0.3064000308513641,10× ↔ 2.5×,-1.7494645436032574,1.7494645436032574
COAD,TCGA-G4-6310-01Z-00-DX1.b88472d4-3adc-4e4d-b0f2-0dc195a3d7df,uni,UNI,40x__10x,0.8246429562568665,0.4290934652090072,0.2888000011444092,40× ↔ 10×,-0.706278907006234,0.706278907006234
COAD,TCGA-G4-6310-01Z-00-DX1.b88472d4-3adc-4e4d-b0f2-0dc195a3d7df,uni,UNI,40x__2p5x,0.6825092434883118,0.2709731161594391,0.1817000061273574,40× ↔ 2.5×,-2.470596489775337,2.470596489775337
COAD,TCGA-G4-6310-01Z-00-DX1.b88472d4-3adc-4e4d-b0f2-0dc195a3d7df,uni,UNI,10x__2p5x,0.7982490062713623,0.4120246469974518,0.3226000070571899,10× ↔ 2.5×,-2.1355995630871165,2.1355995630871165
COAD,TCGA-G4-6588-01Z-00-DX1.0747172e-f630-4b7c-9341-55078585ae00,uni,UNI,40x__10x,0.7979879975318909,0.4166697263717651,0.2901000082492828,40× ↔ 10×,-0.5925401351361612,0.5925401351361612
COAD,TCGA-G4-6588-01Z-00-DX1.0747172e-f630-4b7c-9341-55078585ae00,uni,UNI,40x__2p5x,0.6214589476585388,0.3063699156045913,0.1668000072240829,40× ↔ 2.5×,-2.6945706762273494,2.6945706762273494
COAD,TCGA-G4-6588-01Z-00-DX1.0747172e-f630-4b7c-9341-55078585ae00,uni,UNI,10x__2p5x,0.7820068001747131,0.4358047246932983,0.3029000461101532,10× ↔ 2.5×,-1.8098180719990213,1.8098180719990213
HNSC,TCGA-BA-6871-01Z-00-DX1.4d9ca329-f8d5-4c31-a20f-9d4fba728326,uni,UNI,40x__10x,0.6990618109703064,0.4051856100559234,0.1969000250101089,40× ↔ 10×,2.033870081086828,-2.033870081086828
HNSC,TCGA-BA-6871-01Z-00-DX1.4d9ca329-f8d5-4c31-a20f-9d4fba728326,uni,UNI,40x__2p5x,0.2885296046733856,0.2666548043489456,0.0998000055551529,40× ↔ 2.5×,0.9244068633751723,-0.9244068633751723
HNSC,TCGA-BA-6871-01Z-00-DX1.4d9ca329-f8d5-4c31-a20f-9d4fba728326,uni,UNI,10x__2p5x,0.4480596482753753,0.3348178118467331,0.2053000181913375,10× ↔ 2.5×,0.4832442666244461,-0.4832442666244461
HNSC,TCGA-BA-6872-01Z-00-DX1.F99F6394-D319-4599-B124-D2A6692FA096,uni,UNI,40x__10x,0.7216076850891113,0.4820505827665329,0.2062000185251236,40× ↔ 10×,-0.2957676576360536,0.2957676576360536
HNSC,TCGA-BA-6872-01Z-00-DX1.F99F6394-D319-4599-B124-D2A6692FA096,uni,UNI,40x__2p5x,0.4946520626544952,0.3522349745035171,0.1370000094175338,40× ↔ 2.5×,-0.6805034487967887,0.6805034487967887
HNSC,TCGA-BA-6872-01Z-00-DX1.F99F6394-D319-4599-B124-D2A6692FA096,uni,UNI,10x__2p5x,0.7010511755943298,0.5732905715703964,0.3345000147819519,10× ↔ 2.5×,-0.6615769413002143,0.6615769413002143
HNSC,TCGA-CN-A6V7-01A-01-TS1.F54912D3-1E21-4605-ACFC-142973524AE2,uni,UNI,40x__10x,0.5411710739135742,0.4960329681634903,0.1326000094413757,40× ↔ 10×,2.3007741255980987,-2.3007741255980987
HNSC,TCGA-CN-A6V7-01A-01-TS1.F54912D3-1E21-4605-ACFC-142973524AE2,uni,UNI,40x__2p5x,0.2608732283115387,0.2049319446086883,0.0813000053167343,40× ↔ 2.5×,4.106951600589597,-4.106951600589597
HNSC,TCGA-CN-A6V7-01A-01-TS1.F54912D3-1E21-4605-ACFC-142973524AE2,uni,UNI,10x__2p5x,0.4895992875099182,0.3412837535142898,0.3143000304698944,10× ↔ 2.5×,3.8073619123429205,-3.8073619123429205
HNSC,TCGA-CV-6935-01Z-00-DX1.9C449CB2-FB6D-41D1-A4A6-3069DC84A697,uni,UNI,40x__10x,0.8419419527053833,0.5158048868179321,0.213000014424324,40× ↔ 10×,-0.011707583756606608,0.011707583756606608
HNSC,TCGA-CV-6935-01Z-00-DX1.9C449CB2-FB6D-41D1-A4A6-3069DC84A697,uni,UNI,40x__2p5x,0.6723034977912903,0.2681552246212959,0.1178000122308731,40× ↔ 2.5×,-0.3977594921439027,0.3977594921439027
HNSC,TCGA-CV-6935-01Z-00-DX1.9C449CB2-FB6D-41D1-A4A6-3069DC84A697,uni,UNI,10x__2p5x,0.7874932289123535,0.5490302443504333,0.2531000077724457,10× ↔ 2.5×,-0.4183000785336467,0.4183000785336467
HNSC,TCGA-CV-A45O-01Z-00-DX1.8CBD0CCC-C815-475D-87F9-76272F4F715B,uni,UNI,40x__10x,0.8204826712608337,0.4893744885921478,0.2993000149726867,40× ↔ 10×,0.038222157320973796,-0.038222157320973796
HNSC,TCGA-CV-A45O-01Z-00-DX1.8CBD0CCC-C815-475D-87F9-76272F4F715B,uni,UNI,40x__2p5x,0.5854350328445435,0.322339192032814,0.1582000106573104,40× ↔ 2.5×,-0.2942709718030787,0.2942709718030787
HNSC,TCGA-CV-A45O-01Z-00-DX1.8CBD0CCC-C815-475D-87F9-76272F4F715B,uni,UNI,10x__2p5x,0.6971983909606934,0.4918505996465683,0.2827000319957733,10× ↔ 2.5×,-0.41926401383547535,0.41926401383547535
HNSC,TCGA-CV-A6JE-01Z-00-DX1.20137D17-19B3-49FF-9C3D-60933157E409,uni,UNI,40x__10x,0.7768236398696899,0.4876094907522201,0.2712999880313873,40× ↔ 10×,-0.012075154491207713,0.012075154491207713
HNSC,TCGA-CV-A6JE-01Z-00-DX1.20137D17-19B3-49FF-9C3D-60933157E409,uni,UNI,40x__2p5x,0.5444332957267761,0.3129113763570785,0.1526000201702118,40× ↔ 2.5×,-0.4816407721884895,0.4816407721884895
HNSC,TCGA-CV-A6JE-01Z-00-DX1.20137D17-19B3-49FF-9C3D-60933157E409,uni,UNI,10x__2p5x,0.7262470722198486,0.4798542112112045,0.2927000224590301,10× ↔ 2.5×,-0.4038822015484177,0.4038822015484177
HNSC,TCGA-CV-A6JU-01Z-00-DX1.35A3A1F0-9D6C-4794-B501-E56E48C51DF9,uni,UNI,40x__10x,0.742743730545044,0.396355926990509,0.297400027513504,40× ↔ 10×,-0.0030584258872794006,0.0030584258872794006
HNSC,TCGA-CV-A6JU-01Z-00-DX1.35A3A1F0-9D6C-4794-B501-E56E48C51DF9,uni,UNI,40x__2p5x,0.4789417386054992,0.2482994720339775,0.1615000069141388,40× ↔ 2.5×,-0.530138627323109,0.530138627323109
HNSC,TCGA-CV-A6JU-01Z-00-DX1.35A3A1F0-9D6C-4794-B501-E56E48C51DF9,uni,UNI,10x__2p5x,0.6307112574577332,0.3090221434831619,0.2852000296115875,10× ↔ 2.5×,-0.5319352836076396,0.5319352836076396
HNSC,TCGA-UF-A719-01Z-00-DX1.4C4ECC2C-C390-4C5E-A709-CF08C113F1A1,uni,UNI,40x__10x,0.756453275680542,0.3667751550674438,0.3102999925613403,40× ↔ 10×,0.201741843755939,-0.201741843755939
HNSC,TCGA-UF-A719-01Z-00-DX1.4C4ECC2C-C390-4C5E-A709-CF08C113F1A1,uni,UNI,40x__2p5x,0.4707330167293548,0.1841029562056064,0.1717000156641006,40× ↔ 2.5×,1.1885716469874428,-1.1885716469874428
HNSC,TCGA-UF-A719-01Z-00-DX1.4C4ECC2C-C390-4C5E-A709-CF08C113F1A1,uni,UNI,10x__2p5x,0.6098824143409729,0.2988254278898239,0.2738000452518463,10× ↔ 2.5×,0.3426050764005576,-0.3426050764005576
KIRC,TCGA-A3-3346-01Z-00-DX1.95280216-fd71-4a03-b452-6e3d667f2542,uni,UNI,40x__10x,0.7271689176559448,0.3802080005407333,0.2119000256061554,40× ↔ 10×,-0.5122272207377658,0.5122272207377658
KIRC,TCGA-A3-3346-01Z-00-DX1.95280216-fd71-4a03-b452-6e3d667f2542,uni,UNI,40x__2p5x,0.4383436441421509,0.2536015957593918,0.1556000113487243,40× ↔ 2.5×,-0.9233363550516922,0.9233363550516922
KIRC,TCGA-A3-3346-01Z-00-DX1.95280216-fd71-4a03-b452-6e3d667f2542,uni,UNI,10x__2p5x,0.6062684655189514,0.4340446293354034,0.388200044631958,10× ↔ 2.5×,-0.4889828986774828,0.4889828986774828
KIRC,TCGA-A3-A8CQ-01Z-00-DX1.78DA0827-5FB8-4B9F-A845-22F85830B5FB,uni,UNI,40x__10x,0.6268397569656372,0.2735658586025238,0.1646000146865844,40× ↔ 10×,-0.15525636815943236,0.15525636815943236
KIRC,TCGA-A3-A8CQ-01Z-00-DX1.78DA0827-5FB8-4B9F-A845-22F85830B5FB,uni,UNI,40x__2p5x,0.3042755126953125,0.2864904478192329,0.1154000014066696,40× ↔ 2.5×,-1.4975888320350426,1.4975888320350426
KIRC,TCGA-A3-A8CQ-01Z-00-DX1.78DA0827-5FB8-4B9F-A845-22F85830B5FB,uni,UNI,10x__2p5x,0.4897655844688415,0.3116986900568008,0.4103000164031982,10× ↔ 2.5×,-0.8459143165897505,0.8459143165897505
KIRC,TCGA-AK-3444-01Z-00-DX1.1F0E0B47-29FF-456F-800A-539983FDCFAA,uni,UNI,40x__10x,0.8116278648376465,0.4042158424854278,0.1972000151872635,40× ↔ 10×,-0.3672328292048796,0.3672328292048796
KIRC,TCGA-AK-3444-01Z-00-DX1.1F0E0B47-29FF-456F-800A-539983FDCFAA,uni,UNI,40x__2p5x,0.6400967836380005,0.1320496685802936,0.1448000073432922,40× ↔ 2.5×,-1.3329708730964411,1.3329708730964411
KIRC,TCGA-AK-3444-01Z-00-DX1.1F0E0B47-29FF-456F-800A-539983FDCFAA,uni,UNI,10x__2p5x,0.766321063041687,0.2444927766919136,0.3305000066757202,10× ↔ 2.5×,-2.00752113399799,2.00752113399799
KIRC,TCGA-B0-5094-01Z-00-DX1.eac31fe2-09da-4ecf-8e25-c073cbb03295,uni,UNI,40x__10x,0.8919022083282471,0.5165644586086273,0.2735000252723694,40× ↔ 10×,-0.3165624927272942,0.3165624927272942
KIRC,TCGA-B0-5094-01Z-00-DX1.eac31fe2-09da-4ecf-8e25-c073cbb03295,uni,UNI,40x__2p5x,0.772724986076355,0.3437892198562622,0.1534000188112259,40× ↔ 2.5×,-0.8588873193701506,0.8588873193701506
KIRC,TCGA-B0-5094-01Z-00-DX1.eac31fe2-09da-4ecf-8e25-c073cbb03295,uni,UNI,10x__2p5x,0.8482533693313599,0.5558953732252121,0.2692000269889831,10× ↔ 2.5×,-0.6259897203811298,0.6259897203811298
KIRC,TCGA-B0-5106-01Z-00-DX1.564e51a3-be50-4eed-ba9c-4d478b96ffc6,uni,UNI,40x__10x,0.8268973231315613,0.4588716477155685,0.2230000048875808,40× ↔ 10×,-0.043938344878939634,0.043938344878939634
KIRC,TCGA-B0-5106-01Z-00-DX1.564e51a3-be50-4eed-ba9c-4d478b96ffc6,uni,UNI,40x__2p5x,0.6285502910614014,0.2760467156767845,0.1419000178575515,40× ↔ 2.5×,-0.7200994274414192,0.7200994274414192
KIRC,TCGA-B0-5106-01Z-00-DX1.564e51a3-be50-4eed-ba9c-4d478b96ffc6,uni,UNI,10x__2p5x,0.7579047679901123,0.3672921061515808,0.2982000410556793,10× ↔ 2.5×,-0.3591497976075422,0.3591497976075422
KIRC,TCGA-B0-5711-01Z-00-DX1.6839921f-ec08-4e94-8bf9-4b5a4fcdda45,uni,UNI,40x__10x,0.865608811378479,0.4448679983615875,0.2287000119686126,40× ↔ 10×,-0.043879499381167364,0.043879499381167364
KIRC,TCGA-B0-5711-01Z-00-DX1.6839921f-ec08-4e94-8bf9-4b5a4fcdda45,uni,UNI,40x__2p5x,0.742946445941925,0.3068700432777405,0.1544000059366226,40× ↔ 2.5×,-0.8439568681085966,0.8439568681085966
KIRC,TCGA-B0-5711-01Z-00-DX1.6839921f-ec08-4e94-8bf9-4b5a4fcdda45,uni,UNI,10x__2p5x,0.826896071434021,0.3798047602176666,0.2982999980449676,10× ↔ 2.5×,-0.3265743207711507,0.3265743207711507
KIRC,TCGA-B2-5633-01Z-00-DX1.c55a29ca-468e-46de-9ff5-a51f46fe09fd,uni,UNI,40x__10x,0.8271991014480591,0.4271379709243774,0.234700009226799,40× ↔ 10×,-0.0396884718100759,0.0396884718100759
KIRC,TCGA-B2-5633-01Z-00-DX1.c55a29ca-468e-46de-9ff5-a51f46fe09fd,uni,UNI,40x__2p5x,0.3748193681240082,0.2216505706310272,0.145000010728836,40× ↔ 2.5×,-1.27606539130352,1.27606539130352
KIRC,TCGA-B2-5633-01Z-00-DX1.c55a29ca-468e-46de-9ff5-a51f46fe09fd,uni,UNI,10x__2p5x,0.5394588112831116,0.3163290545344352,0.329300045967102,10× ↔ 2.5×,-0.7684662255922795,0.7684662255922795
KIRC,TCGA-BP-4991-01Z-00-DX1.71305f5c-ca59-48fa-bb82-4b441c1fffdc,uni,UNI,40x__10x,0.8925131559371948,0.4849530458450317,0.2331000119447708,40× ↔ 10×,-0.08046872072393037,0.08046872072393037
KIRC,TCGA-BP-4991-01Z-00-DX1.71305f5c-ca59-48fa-bb82-4b441c1fffdc,uni,UNI,40x__2p5x,0.7998673319816589,0.225581906735897,0.1457000225782394,40× ↔ 2.5×,-1.5148145833286901,1.5148145833286901
KIRC,TCGA-BP-4991-01Z-00-DX1.71305f5c-ca59-48fa-bb82-4b441c1fffdc,uni,UNI,10x__2p5x,0.8828979134559631,0.3296328485012054,0.2945000231266022,10× ↔ 2.5×,-0.8501910008008174,0.8501910008008174
KIRC,TCGA-BP-5201-01Z-00-DX1.d1a9878e-bb97-48fb-9098-9d9337f06250,uni,UNI,40x__10x,0.7234259843826294,0.5704211294651031,0.2058000266551971,40× ↔ 10×,-0.5548337985829433,0.5548337985829433
KIRC,TCGA-BP-5201-01Z-00-DX1.d1a9878e-bb97-48fb-9098-9d9337f06250,uni,UNI,40x__2p5x,0.4017027914524078,0.3227585852146148,0.113300010561943,40× ↔ 2.5×,-0.3187927921850329,0.3187927921850329
KIRC,TCGA-BP-5201-01Z-00-DX1.d1a9878e-bb97-48fb-9098-9d9337f06250,uni,UNI,10x__2p5x,0.5536862015724182,0.4231418818235397,0.2250000089406967,10× ↔ 2.5×,-0.2830670170796436,0.2830670170796436
LUAD,TCGA-55-6986-01Z-00-DX1.ae52d41e-3cd6-4d36-b04b-2ea7d29bd8da,uni,UNI,40x__10x,0.7123420238494873,0.4230208694934845,0.2296000123023986,40× ↔ 10×,-0.32712209999921504,0.32712209999921504
LUAD,TCGA-55-6986-01Z-00-DX1.ae52d41e-3cd6-4d36-b04b-2ea7d29bd8da,uni,UNI,40x__2p5x,0.4818733334541321,0.2325256094336509,0.1308999955654144,40× ↔ 2.5×,-2.8794484389329256,2.8794484389329256
LUAD,TCGA-55-6986-01Z-00-DX1.ae52d41e-3cd6-4d36-b04b-2ea7d29bd8da,uni,UNI,10x__2p5x,0.6908438801765442,0.3590752333402633,0.2932000160217285,10× ↔ 2.5×,-1.7573675652395646,1.7573675652395646
LUAD,TCGA-64-5779-01Z-00-DX1.B3268447-DCE0-4927-B5A9-EC4D61E9B17D,uni,UNI,40x__10x,0.7064575552940369,0.4602749496698379,0.2008000165224075,40× ↔ 10×,-0.8525285370582051,0.8525285370582051
LUAD,TCGA-64-5779-01Z-00-DX1.B3268447-DCE0-4927-B5A9-EC4D61E9B17D,uni,UNI,40x__2p5x,0.2304705530405044,0.1276592127978801,0.0936000123620033,40× ↔ 2.5×,0.7263643826141873,-0.7263643826141873
LUAD,TCGA-64-5779-01Z-00-DX1.B3268447-DCE0-4927-B5A9-EC4D61E9B17D,uni,UNI,10x__2p5x,0.3589984476566314,0.2673946544528007,0.1577000021934509,10× ↔ 2.5×,1.0491591889364238,-1.0491591889364238
LUAD,TCGA-78-7158-01Z-00-DX1.74db3dcd-2715-4ce7-8e48-30c8b7946ba0,uni,UNI,40x__10x,0.6808813214302063,0.4689811170101166,0.164000004529953,40× ↔ 10×,-0.37441106447886413,0.37441106447886413
LUAD,TCGA-78-7158-01Z-00-DX1.74db3dcd-2715-4ce7-8e48-30c8b7946ba0,uni,UNI,40x__2p5x,0.3993129134178161,0.2540560215711593,0.0980000048875808,40× ↔ 2.5×,-3.7715283959141805,3.7715283959141805
LUAD,TCGA-78-7158-01Z-00-DX1.74db3dcd-2715-4ce7-8e48-30c8b7946ba0,uni,UNI,10x__2p5x,0.6537950038909912,0.4922093003988266,0.2247000187635421,10× ↔ 2.5×,-1.4039761574839504,1.4039761574839504
LUAD,TCGA-78-7163-01Z-00-DX1.42880bdf-271d-41dd-aada-e7ec1156ff31,uni,UNI,40x__10x,0.6718747019767761,0.4955771565437317,0.1621000170707702,40× ↔ 10×,-0.8671443996134636,0.8671443996134636
LUAD,TCGA-78-7163-01Z-00-DX1.42880bdf-271d-41dd-aada-e7ec1156ff31,uni,UNI,40x__2p5x,0.4222898185253143,0.3522626310586929,0.0968000069260597,40× ↔ 2.5×,-4.622630310875018,4.622630310875018
LUAD,TCGA-78-7163-01Z-00-DX1.42880bdf-271d-41dd-aada-e7ec1156ff31,uni,UNI,10x__2p5x,0.6432404518127441,0.4420297890901565,0.2095000147819519,10× ↔ 2.5×,-2.8953330402259794,2.8953330402259794
LUAD,TCGA-78-7536-01Z-00-DX1.6b066140-8b82-40a5-bd48-430eeb4463fe,uni,UNI,40x__10x,0.5048264861106873,0.4460240453481674,0.1448000073432922,40× ↔ 10×,-1.960849472665093,1.960849472665093
LUAD,TCGA-78-7536-01Z-00-DX1.6b066140-8b82-40a5-bd48-430eeb4463fe,uni,UNI,40x__2p5x,0.190855011343956,0.2325529679656028,0.067500002682209,40× ↔ 2.5×,-3.1349860483880265,3.1349860483880265
LUAD,TCGA-78-7536-01Z-00-DX1.6b066140-8b82-40a5-bd48-430eeb4463fe,uni,UNI,10x__2p5x,0.4113259613513946,0.4246256500482559,0.1530000120401382,10× ↔ 2.5×,-1.416644049800828,1.416644049800828
LUAD,TCGA-86-8668-01Z-00-DX1.d720d486-02c7-4f98-8feb-e0e50a12c158,uni,UNI,40x__10x,0.7535912990570068,0.4233134388923645,0.2029000073671341,40× ↔ 10×,-0.5506102307556995,0.5506102307556995
LUAD,TCGA-86-8668-01Z-00-DX1.d720d486-02c7-4f98-8feb-e0e50a12c158,uni,UNI,40x__2p5x,0.5808625817298889,0.2136214599013328,0.1116000041365623,40× ↔ 2.5×,-2.347821317433856,2.347821317433856
LUAD,TCGA-86-8668-01Z-00-DX1.d720d486-02c7-4f98-8feb-e0e50a12c158,uni,UNI,10x__2p5x,0.7579604387283325,0.318656638264656,0.2465000003576278,10× ↔ 2.5×,-1.6792701053498154,1.6792701053498154
LUAD,TCGA-97-A4LX-01Z-00-DX1.B2334672-A626-4E74-B4D1-A79F70F65909,uni,UNI,40x__10x,0.6335471868515015,0.3480737060308456,0.1761000156402588,40× ↔ 10×,-0.42007890355574784,0.42007890355574784
LUAD,TCGA-97-A4LX-01Z-00-DX1.B2334672-A626-4E74-B4D1-A79F70F65909,uni,UNI,40x__2p5x,0.4347604811191559,0.1364555545151233,0.0791999995708465,40× ↔ 2.5×,-2.888459770021427,2.888459770021427
LUAD,TCGA-97-A4LX-01Z-00-DX1.B2334672-A626-4E74-B4D1-A79F70F65909,uni,UNI,10x__2p5x,0.657703697681427,0.3006186932325363,0.1567000150680542,10× ↔ 2.5×,-1.7950163352696389,1.7950163352696389
LUAD,TCGA-97-A4M2-01Z-00-DX1.5C72522C-1538-4D68-B517-5FB05A9D401A,uni,UNI,40x__10x,0.7351160049438477,0.3488310128450393,0.2364000082015991,40× ↔ 10×,-0.3276853190104908,0.3276853190104908
LUAD,TCGA-97-A4M2-01Z-00-DX1.5C72522C-1538-4D68-B517-5FB05A9D401A,uni,UNI,40x__2p5x,0.544533371925354,0.1365806199610233,0.1220000088214874,40× ↔ 2.5×,-3.405005973386367,3.405005973386367
LUAD,TCGA-97-A4M2-01Z-00-DX1.5C72522C-1538-4D68-B517-5FB05A9D401A,uni,UNI,10x__2p5x,0.7180218696594238,0.2766258418560028,0.2480000108480453,10× ↔ 2.5×,-2.2295113586166386,2.2295113586166386
LUAD,TCGA-J2-A4AE-01Z-00-DX1.42C5DE4A-7787-4E59-8969-D12503262C96,uni,UNI,40x__10x,0.8271075487136841,0.2945642620325088,0.224900022149086,40× ↔ 10×,-0.6160137535512582,0.6160137535512582
LUAD,TCGA-J2-A4AE-01Z-00-DX1.42C5DE4A-7787-4E59-8969-D12503262C96,uni,UNI,40x__2p5x,0.6274077892303467,0.1144554689526557,0.1231000125408172,40× ↔ 2.5×,-3.2485861360661623,3.2485861360661623
LUAD,TCGA-J2-A4AE-01Z-00-DX1.42C5DE4A-7787-4E59-8969-D12503262C96,uni,UNI,10x__2p5x,0.7380902171134949,0.2847578823566437,0.2378000020980835,10× ↔ 2.5×,-2.027576006980409,2.027576006980409
STAD,TCGA-BR-6452-01Z-00-DX1.aec8246e-9dce-436d-9faa-df8fa1f6e47c,uni,UNI,40x__10x,0.6760270595550537,0.4487553387880325,0.2687999904155731,40× ↔ 10×,-0.05284081505337211,0.05284081505337211
STAD,TCGA-BR-6452-01Z-00-DX1.aec8246e-9dce-436d-9faa-df8fa1f6e47c,uni,UNI,40x__2p5x,0.4805176556110382,0.2297635674476623,0.1647000163793563,40× ↔ 2.5×,-0.6272900865121732,0.6272900865121732
STAD,TCGA-BR-6452-01Z-00-DX1.aec8246e-9dce-436d-9faa-df8fa1f6e47c,uni,UNI,10x__2p5x,0.7167387008666992,0.3557544648647308,0.3179000318050384,10× ↔ 2.5×,-0.5378238645526963,0.5378238645526963
STAD,TCGA-BR-6454-01Z-00-DX1.63fb6280-2b43-49b2-960a-eb9c0e8b617c,uni,UNI,40x__10x,0.4588127434253692,0.4428178369998932,0.13960000872612,40× ↔ 10×,-0.3634148419948294,0.3634148419948294
STAD,TCGA-BR-6454-01Z-00-DX1.63fb6280-2b43-49b2-960a-eb9c0e8b617c,uni,UNI,40x__2p5x,0.2557360827922821,0.2260297462344169,0.0843000039458274,40× ↔ 2.5×,-2.4065177075563318,2.4065177075563318
STAD,TCGA-BR-6454-01Z-00-DX1.63fb6280-2b43-49b2-960a-eb9c0e8b617c,uni,UNI,10x__2p5x,0.5062659978866577,0.3266268074512481,0.2043000161647796,10× ↔ 2.5×,-3.070474169351488,3.070474169351488
STAD,TCGA-BR-A4CQ-01Z-00-DX1.B63282A5-154D-441B-BF96-5BB26CB6D95E,uni,UNI,40x__10x,0.7469225525856018,0.3879279792308807,0.2488000094890594,40× ↔ 10×,-0.2096955295796045,0.2096955295796045
STAD,TCGA-BR-A4CQ-01Z-00-DX1.B63282A5-154D-441B-BF96-5BB26CB6D95E,uni,UNI,40x__2p5x,0.5661907196044922,0.1616374179720878,0.1533000171184539,40× ↔ 2.5×,-1.3076036566257532,1.3076036566257532
STAD,TCGA-BR-A4CQ-01Z-00-DX1.B63282A5-154D-441B-BF96-5BB26CB6D95E,uni,UNI,10x__2p5x,0.7192893624305725,0.323282390832901,0.3413000404834747,10× ↔ 2.5×,-3.0040117332212657,3.0040117332212657
STAD,TCGA-CD-A487-01Z-00-DX1.A026BD2F-B721-4340-83D5-7AA39227C90F,uni,UNI,40x__10x,0.7340422868728638,0.4145241975784302,0.3335000276565552,40× ↔ 10×,0.15810561641827764,-0.15810561641827764
STAD,TCGA-CD-A487-01Z-00-DX1.A026BD2F-B721-4340-83D5-7AA39227C90F,uni,UNI,40x__2p5x,0.5375428795814514,0.196986511349678,0.2402000278234481,40× ↔ 2.5×,-0.6278848448610113,0.6278848448610113
STAD,TCGA-CD-A487-01Z-00-DX1.A026BD2F-B721-4340-83D5-7AA39227C90F,uni,UNI,10x__2p5x,0.6294723153114319,0.3577355295419693,0.3935000300407409,10× ↔ 2.5×,-1.7941169782019657,1.7941169782019657
STAD,TCGA-FP-8209-01Z-00-DX1.a5e13081-1631-44d4-8d6a-c229a22c2311,uni,UNI,40x__10x,0.7619867920875549,0.3765602260828018,0.3026000261306762,40× ↔ 10×,0.8489884491636097,-0.8489884491636097
STAD,TCGA-FP-8209-01Z-00-DX1.a5e13081-1631-44d4-8d6a-c229a22c2311,uni,UNI,40x__2p5x,0.4963755309581756,0.2352707386016845,0.2079000025987625,40× ↔ 2.5×,-0.20797005082475922,0.20797005082475922
STAD,TCGA-FP-8209-01Z-00-DX1.a5e13081-1631-44d4-8d6a-c229a22c2311,uni,UNI,10x__2p5x,0.6364076137542725,0.3835248351097107,0.3789000511169433,10× ↔ 2.5×,-0.4222218586149992,0.4222218586149992
STAD,TCGA-SW-A7EA-01Z-00-DX1.C5E1BE0E-0A25-4480-A3AC-DB2ED7471A4E,uni,UNI,40x__10x,0.9192357063293456,0.529545933008194,0.2448000162839889,40× ↔ 10×,-0.7649438886701434,0.7649438886701434
STAD,TCGA-SW-A7EA-01Z-00-DX1.C5E1BE0E-0A25-4480-A3AC-DB2ED7471A4E,uni,UNI,40x__2p5x,0.8105729818344116,0.2401390969753265,0.1682000011205673,40× ↔ 2.5×,-3.24507829625515,3.24507829625515
STAD,TCGA-SW-A7EA-01Z-00-DX1.C5E1BE0E-0A25-4480-A3AC-DB2ED7471A4E,uni,UNI,10x__2p5x,0.8625975251197815,0.4543493390083313,0.3452000319957733,10× ↔ 2.5×,-3.284259115758792,3.284259115758792
STAD,TCGA-VQ-A8PY-01Z-00-DX1.EA2C7386-012A-442A-95B3-FFA12BD2684D,uni,UNI,40x__10x,0.833960235118866,0.3933108001947403,0.3224000334739685,40× ↔ 10×,0.36773944168788497,-0.36773944168788497
STAD,TCGA-VQ-A8PY-01Z-00-DX1.EA2C7386-012A-442A-95B3-FFA12BD2684D,uni,UNI,40x__2p5x,0.656205952167511,0.1703276708722114,0.2108000218868255,40× ↔ 2.5×,-0.6092086498275485,0.6092086498275485
STAD,TCGA-VQ-A8PY-01Z-00-DX1.EA2C7386-012A-442A-95B3-FFA12BD2684D,uni,UNI,10x__2p5x,0.7251044511795044,0.339501678943634,0.3419000208377838,10× ↔ 2.5×,-1.8061967697222958,1.8061967697222958
STAD,TCGA-VQ-A924-01Z-00-DX1.736B41F3-9678-4FAF-AE86-FCAC4F6DCBD3,uni,UNI,40x__10x,0.665137767791748,0.3849882632493973,0.197500005364418,40× ↔ 10×,-0.4430929598051446,0.4430929598051446
STAD,TCGA-VQ-A924-01Z-00-DX1.736B41F3-9678-4FAF-AE86-FCAC4F6DCBD3,uni,UNI,40x__2p5x,0.3934969305992126,0.1497878618538379,0.1337000131607055,40× ↔ 2.5×,-2.4263502810665076,2.4263502810665076
STAD,TCGA-VQ-A924-01Z-00-DX1.736B41F3-9678-4FAF-AE86-FCAC4F6DCBD3,uni,UNI,10x__2p5x,0.6075840592384338,0.3271037340164184,0.2897000312805176,10× ↔ 2.5×,-1.8520591060135299,1.8520591060135299
STAD,TCGA-ZQ-A9CR-01Z-00-DX1.C9AC9991-7054-4068-A7AA-9D1EB7F040A3,uni,UNI,40x__10x,0.9191740155220032,0.5389769673347473,0.2669000029563904,40× ↔ 10×,-0.383591302896528,0.383591302896528
STAD,TCGA-ZQ-A9CR-01Z-00-DX1.C9AC9991-7054-4068-A7AA-9D1EB7F040A3,uni,UNI,40x__2p5x,0.8579249978065491,0.3322940468788147,0.1657000184059143,40× ↔ 2.5×,-2.4003991771312068,2.4003991771312068
STAD,TCGA-ZQ-A9CR-01Z-00-DX1.C9AC9991-7054-4068-A7AA-9D1EB7F040A3,uni,UNI,10x__2p5x,0.8823183178901672,0.4219619184732437,0.2786000072956085,10× ↔ 2.5×,-2.178868731039345,2.178868731039345
UCEC,TCGA-A5-A0GX-01Z-00-DX1.7E713D1A-5858-4648-957D-77189E43CFAA,uni,UNI,40x__10x,0.7658249139785767,0.4071840047836303,0.20210000872612,40× ↔ 10×,-0.15211591801309457,0.15211591801309457
UCEC,TCGA-A5-A0GX-01Z-00-DX1.7E713D1A-5858-4648-957D-77189E43CFAA,uni,UNI,40x__2p5x,0.5706351399421692,0.1695334166288375,0.120600014925003,40× ↔ 2.5×,-2.558304601214801,2.558304601214801
UCEC,TCGA-A5-A0GX-01Z-00-DX1.7E713D1A-5858-4648-957D-77189E43CFAA,uni,UNI,10x__2p5x,0.7297828793525696,0.3674099147319793,0.2233000099658966,10× ↔ 2.5×,-1.6090703283806822,1.6090703283806822
UCEC,TCGA-A5-A0R7-01Z-00-DX1.D21E6974-22A3-4A68-8B4E-14E84A7A50A5,uni,UNI,40x__10x,0.7516709566116333,0.3668023943901062,0.2182000279426574,40× ↔ 10×,-0.4658177521729491,0.4658177521729491
UCEC,TCGA-A5-A0R7-01Z-00-DX1.D21E6974-22A3-4A68-8B4E-14E84A7A50A5,uni,UNI,40x__2p5x,0.6071828603744507,0.152693971991539,0.1188000068068504,40× ↔ 2.5×,-3.1927419868615616,3.1927419868615616
UCEC,TCGA-A5-A0R7-01Z-00-DX1.D21E6974-22A3-4A68-8B4E-14E84A7A50A5,uni,UNI,10x__2p5x,0.7772465944290161,0.3180095106363296,0.2270000129938125,10× ↔ 2.5×,-3.324919485751655,3.324919485751655
UCEC,TCGA-AX-A05U-01Z-00-DX1.1EBFC727-B5D5-4543-BBA9-4254ABD3D584,uni,UNI,40x__10x,0.8254624009132385,0.4552010893821716,0.2502000331878662,40× ↔ 10×,-0.18009207977591624,0.18009207977591624
UCEC,TCGA-AX-A05U-01Z-00-DX1.1EBFC727-B5D5-4543-BBA9-4254ABD3D584,uni,UNI,40x__2p5x,0.6938385367393494,0.207163855433464,0.1544000208377838,40× ↔ 2.5×,-3.1390973165409113,3.1390973165409113
UCEC,TCGA-AX-A05U-01Z-00-DX1.1EBFC727-B5D5-4543-BBA9-4254ABD3D584,uni,UNI,10x__2p5x,0.81458580493927,0.3941145539283752,0.2718000113964081,10× ↔ 2.5×,-1.8227904572186258,1.8227904572186258
UCEC,TCGA-AX-A06B-01Z-00-DX2.1757C039-99F7-4087-A9E5-D340AF7220D4,uni,UNI,40x__10x,0.7937641739845276,0.3697400689125061,0.2565000057220459,40× ↔ 10×,-0.29961648697351834,0.29961648697351834
UCEC,TCGA-AX-A06B-01Z-00-DX2.1757C039-99F7-4087-A9E5-D340AF7220D4,uni,UNI,40x__2p5x,0.4400252103805542,0.1480553075671196,0.1660000085830688,40× ↔ 2.5×,-2.5666292629756975,2.5666292629756975
UCEC,TCGA-AX-A06B-01Z-00-DX2.1757C039-99F7-4087-A9E5-D340AF7220D4,uni,UNI,10x__2p5x,0.5418652892112732,0.3420202136039734,0.2851000130176544,10× ↔ 2.5×,-2.456223074796576,2.456223074796576
UCEC,TCGA-AX-A0J0-01Z-00-DX2.56C668BE-03B8-4B87-A226-AABD97D53C38,uni,UNI,40x__10x,0.8733972907066345,0.4267471432685852,0.2750000059604645,40× ↔ 10×,-0.3218136894347085,0.3218136894347085
UCEC,TCGA-AX-A0J0-01Z-00-DX2.56C668BE-03B8-4B87-A226-AABD97D53C38,uni,UNI,40x__2p5x,0.6608806848526001,0.1792525872588157,0.1527000218629837,40× ↔ 2.5×,-3.473612384957621,3.473612384957621
UCEC,TCGA-AX-A0J0-01Z-00-DX2.56C668BE-03B8-4B87-A226-AABD97D53C38,uni,UNI,10x__2p5x,0.7631984949111938,0.3229956328868866,0.2587000131607055,10× ↔ 2.5×,-3.982705604011554,3.982705604011554
UCEC,TCGA-B5-A11F-01Z-00-DX1.3F1C053D-E81E-4C8D-965D-6F3DE29D9511,uni,UNI,40x__10x,0.8184744119644165,0.3826627284288406,0.2382000237703323,40× ↔ 10×,-0.5243458960679293,0.5243458960679293
UCEC,TCGA-B5-A11F-01Z-00-DX1.3F1C053D-E81E-4C8D-965D-6F3DE29D9511,uni,UNI,40x__2p5x,0.6720055937767029,0.1153380312025547,0.1402000188827514,40× ↔ 2.5×,-4.244904077503462,4.244904077503462
UCEC,TCGA-B5-A11F-01Z-00-DX1.3F1C053D-E81E-4C8D-965D-6F3DE29D9511,uni,UNI,10x__2p5x,0.7857148051261902,0.2498531267046928,0.2489000111818313,10× ↔ 2.5×,-3.2300391408807423,3.2300391408807423
UCEC,TCGA-BG-A0W1-01Z-00-DX1.8E06269C-1278-478B-A128-59FA911B1649,uni,UNI,40x__10x,0.8940478563308716,0.3941190242767334,0.2332000285387039,40× ↔ 10×,-0.8067894689663229,0.8067894689663229
UCEC,TCGA-BG-A0W1-01Z-00-DX1.8E06269C-1278-478B-A128-59FA911B1649,uni,UNI,40x__2p5x,0.6962261199951172,0.152713656425476,0.1422000080347061,40× ↔ 2.5×,-3.093034929900966,3.093034929900966
UCEC,TCGA-BG-A0W1-01Z-00-DX1.8E06269C-1278-478B-A128-59FA911B1649,uni,UNI,10x__2p5x,0.7601910829544067,0.3100320696830749,0.2550000250339508,10× ↔ 2.5×,-2.437323369661375,2.437323369661375
UCEC,TCGA-EY-A1GQ-01Z-00-DX1.03D52C6F-515E-4A4F-A08E-31D773BCC67F,uni,UNI,40x__10x,0.5837758779525757,0.4071002453565597,0.1373000144958496,40× ↔ 10×,-1.1462183076126027,1.1462183076126027
UCEC,TCGA-EY-A1GQ-01Z-00-DX1.03D52C6F-515E-4A4F-A08E-31D773BCC67F,uni,UNI,40x__2p5x,0.2689733207225799,0.1390617601573467,0.0745000019669532,40× ↔ 2.5×,-3.4814251073834415,3.4814251073834415
UCEC,TCGA-EY-A1GQ-01Z-00-DX1.03D52C6F-515E-4A4F-A08E-31D773BCC67F,uni,UNI,10x__2p5x,0.5185240507125854,0.3304381072521209,0.2119000107049942,10× ↔ 2.5×,-2.8897506518130425,2.8897506518130425
UCEC,TCGA-FI-A2EX-01Z-00-DX1.127F5153-745D-43E6-83CA-DE2738702C62,uni,UNI,40x__10x,0.8060351610183716,0.4320591241121292,0.2718000113964081,40× ↔ 10×,-0.10327870079179269,0.10327870079179269
UCEC,TCGA-FI-A2EX-01Z-00-DX1.127F5153-745D-43E6-83CA-DE2738702C62,uni,UNI,40x__2p5x,0.5900739431381226,0.1742696389555931,0.1631000190973281,40× ↔ 2.5×,-2.480241340603164,2.480241340603164
UCEC,TCGA-FI-A2EX-01Z-00-DX1.127F5153-745D-43E6-83CA-DE2738702C62,uni,UNI,10x__2p5x,0.7163777947425842,0.3396918922662735,0.2856000065803528,10× ↔ 2.5×,-2.572069552444943,2.572069552444943
BLCA,TCGA-CF-A3MF-01Z-00-DX1.91768C26-5BB1-4DE6-9737-AA26BD687A75,uni2,UNI2,40x__10x,0.6864989995956421,0.5254395306110382,0.1774000078439712,40× ↔ 10×,-0.7509929833422679,0.7509929833422679
BLCA,TCGA-CF-A3MF-01Z-00-DX1.91768C26-5BB1-4DE6-9737-AA26BD687A75,uni2,UNI2,40x__2p5x,0.5060936808586121,0.256015732884407,0.0913000106811523,40× ↔ 2.5×,-1.663330409943935,1.663330409943935
BLCA,TCGA-CF-A3MF-01Z-00-DX1.91768C26-5BB1-4DE6-9737-AA26BD687A75,uni2,UNI2,10x__2p5x,0.5708186626434326,0.5283305943012238,0.1841000169515609,10× ↔ 2.5×,-0.5231489896871844,0.5231489896871844
BLCA,TCGA-CU-A0YN-01Z-00-DX1.6C5EAAAF-8F14-49D3-8FFC-9BDAE56CAFD0,uni2,UNI2,40x__10x,0.5917474627494812,0.3099763989448547,0.1565000116825103,40× ↔ 10×,0.998233322302313,-0.998233322302313
BLCA,TCGA-CU-A0YN-01Z-00-DX1.6C5EAAAF-8F14-49D3-8FFC-9BDAE56CAFD0,uni2,UNI2,40x__2p5x,0.3852337002754211,0.1571838334202766,0.1152000129222869,40× ↔ 2.5×,-0.5256828744630311,0.5256828744630311
BLCA,TCGA-CU-A0YN-01Z-00-DX1.6C5EAAAF-8F14-49D3-8FFC-9BDAE56CAFD0,uni2,UNI2,10x__2p5x,0.6498054265975952,0.5320290327072144,0.3750000596046448,10× ↔ 2.5×,0.4057218017588237,-0.4057218017588237
BLCA,TCGA-DK-A6AW-01Z-00-DX1.C2453A8C-8282-443C-9E76-5B6CAD2FE69B,uni2,UNI2,40x__10x,0.87913578748703,0.3254686743021011,0.2675000131130218,40× ↔ 10×,-0.7921145330792514,0.7921145330792514
BLCA,TCGA-DK-A6AW-01Z-00-DX1.C2453A8C-8282-443C-9E76-5B6CAD2FE69B,uni2,UNI2,40x__2p5x,0.824928343296051,0.1428465843200683,0.1981000155210495,40× ↔ 2.5×,-2.2050923047894635,2.2050923047894635
BLCA,TCGA-DK-A6AW-01Z-00-DX1.C2453A8C-8282-443C-9E76-5B6CAD2FE69B,uni2,UNI2,10x__2p5x,0.8800696134567261,0.4738790094852447,0.3660000264644623,10× ↔ 2.5×,0.036807520603156646,-0.036807520603156646
BLCA,TCGA-DK-AA6L-01A-01-TSA.5794F0C6-9ED6-489A-9621-18CCC5935548,uni2,UNI2,40x__10x,0.599941074848175,0.5151015520095825,0.1538000106811523,40× ↔ 10×,0.4197865777988995,-0.4197865777988995
BLCA,TCGA-DK-AA6L-01A-01-TSA.5794F0C6-9ED6-489A-9621-18CCC5935548,uni2,UNI2,40x__2p5x,0.3067452609539032,0.202420100569725,0.1080000028014183,40× ↔ 2.5×,0.38563618782330594,-0.38563618782330594
BLCA,TCGA-DK-AA6L-01A-01-TSA.5794F0C6-9ED6-489A-9621-18CCC5935548,uni2,UNI2,10x__2p5x,0.5053624510765076,0.4472455084323883,0.2761000096797943,10× ↔ 2.5×,-0.3098900615009478,0.3098900615009478
BLCA,TCGA-DK-AA77-01A-01-TSA.26CAF5CB-CC4F-4522-BD2B-343FB70205FE,uni2,UNI2,40x__10x,0.4779699444770813,0.5512359440326691,0.0997000113129615,40× ↔ 10×,0.17776289773232337,-0.17776289773232337
BLCA,TCGA-DK-AA77-01A-01-TSA.26CAF5CB-CC4F-4522-BD2B-343FB70205FE,uni2,UNI2,40x__2p5x,0.1834903955459594,0.2177004963159561,0.0731000080704689,40× ↔ 2.5×,-0.5375418016031712,0.5375418016031712
BLCA,TCGA-DK-AA77-01A-01-TSA.26CAF5CB-CC4F-4522-BD2B-343FB70205FE,uni2,UNI2,10x__2p5x,0.3735567033290863,0.3498773425817489,0.2105000168085098,10× ↔ 2.5×,-0.45400481976148316,0.45400481976148316
BLCA,TCGA-FD-A6TK-01Z-00-DX1.B685DA87-72A6-4C38-8AA1-40B6E543383C,uni2,UNI2,40x__10x,0.7921187281608582,0.3066110759973526,0.2607000172138214,40× ↔ 10×,-1.2891339666456252,1.2891339666456252
BLCA,TCGA-FD-A6TK-01Z-00-DX1.B685DA87-72A6-4C38-8AA1-40B6E543383C,uni2,UNI2,40x__2p5x,0.6731863617897034,0.1863075196743011,0.1845000088214874,40× ↔ 2.5×,-2.276855578097847,2.276855578097847
BLCA,TCGA-FD-A6TK-01Z-00-DX1.B685DA87-72A6-4C38-8AA1-40B6E543383C,uni2,UNI2,10x__2p5x,0.8437698483467102,0.5690301358699799,0.330700010061264,10× ↔ 2.5×,-0.26390725184376873,0.26390725184376873
BLCA,TCGA-GU-AATP-01Z-00-DX1.0D8EC37C-88E7-49D5-A76D-F0A4A3FD8AE4,uni2,UNI2,40x__10x,0.791429877281189,0.3618122041225433,0.2253000140190124,40× ↔ 10×,-1.0311504459988832,1.0311504459988832
BLCA,TCGA-GU-AATP-01Z-00-DX1.0D8EC37C-88E7-49D5-A76D-F0A4A3FD8AE4,uni2,UNI2,40x__2p5x,0.6097347140312195,0.1941133365035057,0.1460000127553939,40× ↔ 2.5×,-2.6216319751038073,2.6216319751038073
BLCA,TCGA-GU-AATP-01Z-00-DX1.0D8EC37C-88E7-49D5-A76D-F0A4A3FD8AE4,uni2,UNI2,10x__2p5x,0.7606750726699829,0.5543686747550964,0.2899000346660614,10× ↔ 2.5×,-0.2542898876097448,0.2542898876097448
BLCA,TCGA-XF-A8HB-01Z-00-DX1.D6874152-D20A-4CA4-8E8B-8CBAB5F7D7B5,uni2,UNI2,40x__10x,0.7443981170654297,0.3518875539302826,0.2359000146389007,40× ↔ 10×,-0.8314251674020074,0.8314251674020074
BLCA,TCGA-XF-A8HB-01Z-00-DX1.D6874152-D20A-4CA4-8E8B-8CBAB5F7D7B5,uni2,UNI2,40x__2p5x,0.4765799343585968,0.187530517578125,0.1306000053882599,40× ↔ 2.5×,-2.209149519058515,2.209149519058515
BLCA,TCGA-XF-A8HB-01Z-00-DX1.D6874152-D20A-4CA4-8E8B-8CBAB5F7D7B5,uni2,UNI2,10x__2p5x,0.6893025040626526,0.559945285320282,0.2644000351428985,10× ↔ 2.5×,-0.15069127922432363,0.15069127922432363
BLCA,TCGA-ZF-A9R1-01Z-00-DX1.74520759-D448-45B5-B8AD-45502C99A519,uni2,UNI2,40x__10x,0.7086588144302368,0.3147392123937607,0.2990999817848205,40× ↔ 10×,-1.3254509645053536,1.3254509645053536
BLCA,TCGA-ZF-A9R1-01Z-00-DX1.74520759-D448-45B5-B8AD-45502C99A519,uni2,UNI2,40x__2p5x,0.5086092352867126,0.1552771404385566,0.1807000041007995,40× ↔ 2.5×,-2.411008776180136,2.411008776180136
BLCA,TCGA-ZF-A9R1-01Z-00-DX1.74520759-D448-45B5-B8AD-45502C99A519,uni2,UNI2,10x__2p5x,0.745491623878479,0.5257655382156372,0.3156000077724457,10× ↔ 2.5×,-0.313471247703964,0.313471247703964
BLCA,TCGA-ZF-AA51-01Z-00-DX1.128C9731-C206-4E71-9A64-864FA9FD7E96,uni2,UNI2,40x__10x,0.8060684204101562,0.4296941012144089,0.3118000328540802,40× ↔ 10×,-1.1729487259811489,1.1729487259811489
BLCA,TCGA-ZF-AA51-01Z-00-DX1.128C9731-C206-4E71-9A64-864FA9FD7E96,uni2,UNI2,40x__2p5x,0.6472030878067017,0.1754178702831268,0.1796000152826309,40× ↔ 2.5×,-1.5504280709608644,1.5504280709608644
BLCA,TCGA-ZF-AA51-01Z-00-DX1.128C9731-C206-4E71-9A64-864FA9FD7E96,uni2,UNI2,10x__2p5x,0.7749586701393127,0.4297491610050201,0.2797000110149383,10× ↔ 2.5×,-0.03395002726478271,0.03395002726478271
BRCA,TCGA-A7-A2KD-01Z-00-DX1.BFF2DFC8-1D95-4DC2-98FC-5BD7D7C6CDF5,uni2,UNI2,40x__10x,0.672748863697052,0.3425844460725784,0.203000009059906,40× ↔ 10×,-1.3039076907445848,1.3039076907445848
BRCA,TCGA-A7-A2KD-01Z-00-DX1.BFF2DFC8-1D95-4DC2-98FC-5BD7D7C6CDF5,uni2,UNI2,40x__2p5x,0.4886604845523834,0.1668824553489685,0.1466000080108642,40× ↔ 2.5×,-1.4151746773093983,1.4151746773093983
BRCA,TCGA-A7-A2KD-01Z-00-DX1.BFF2DFC8-1D95-4DC2-98FC-5BD7D7C6CDF5,uni2,UNI2,10x__2p5x,0.6879399418830872,0.5494387149810791,0.3332000374794006,10× ↔ 2.5×,-0.2428343916389783,0.2428343916389783
BRCA,TCGA-AN-A0G0-01Z-00-DX1.BE0BB5DF-DEDA-48D8-B5D8-2735C767F28F,uni2,UNI2,40x__10x,0.6658031940460205,0.2666319757699966,0.1499000042676925,40× ↔ 10×,-1.23417496146352,1.23417496146352
BRCA,TCGA-AN-A0G0-01Z-00-DX1.BE0BB5DF-DEDA-48D8-B5D8-2735C767F28F,uni2,UNI2,40x__2p5x,0.482137382030487,0.1311921067535877,0.1022000089287757,40× ↔ 2.5×,-1.696721961269646,1.696721961269646
BRCA,TCGA-AN-A0G0-01Z-00-DX1.BE0BB5DF-DEDA-48D8-B5D8-2735C767F28F,uni2,UNI2,10x__2p5x,0.7117302417755127,0.4719120264053345,0.289000004529953,10× ↔ 2.5×,-0.47894305020014993,0.47894305020014993
BRCA,TCGA-AQ-A04L-01Z-00-DX1.F35BF4DD-896A-43C2-8DA6-C67945C003BE,uni2,UNI2,40x__10x,0.8352071046829224,0.3982687592506408,0.1768999993801117,40× ↔ 10×,0.008497221017782209,-0.008497221017782209
BRCA,TCGA-AQ-A04L-01Z-00-DX1.F35BF4DD-896A-43C2-8DA6-C67945C003BE,uni2,UNI2,40x__2p5x,0.732496976852417,0.1987563371658325,0.1211000084877014,40× ↔ 2.5×,-0.6595920295781889,0.6595920295781889
BRCA,TCGA-AQ-A04L-01Z-00-DX1.F35BF4DD-896A-43C2-8DA6-C67945C003BE,uni2,UNI2,10x__2p5x,0.8714799284934998,0.5418630838394165,0.2704000473022461,10× ↔ 2.5×,-0.0704760844498922,0.0704760844498922
BRCA,TCGA-AR-A2LK-01Z-00-DX1.FBD59C38-CD4E-4C22-BC74-A57C192A9BBC,uni2,UNI2,40x__10x,0.716503381729126,0.3011929243803024,0.2333000004291534,40× ↔ 10×,-0.4776103639094539,0.4776103639094539
BRCA,TCGA-AR-A2LK-01Z-00-DX1.FBD59C38-CD4E-4C22-BC74-A57C192A9BBC,uni2,UNI2,40x__2p5x,0.4610527753829956,0.1570596545934677,0.1546000093221664,40× ↔ 2.5×,-1.1562258163680388,1.1562258163680388
BRCA,TCGA-AR-A2LK-01Z-00-DX1.FBD59C38-CD4E-4C22-BC74-A57C192A9BBC,uni2,UNI2,10x__2p5x,0.6025511622428894,0.4931657463312149,0.3022000193595886,10× ↔ 2.5×,-0.1868433877925466,0.1868433877925466
BRCA,TCGA-AR-A5QM-01Z-00-DX1.A9017CED-FF57-4090-95B9-94DC91854347,uni2,UNI2,40x__10x,0.644487738609314,0.276905246078968,0.1668000072240829,40× ↔ 10×,-0.5332635174569458,0.5332635174569458
BRCA,TCGA-AR-A5QM-01Z-00-DX1.A9017CED-FF57-4090-95B9-94DC91854347,uni2,UNI2,40x__2p5x,0.4724890887737274,0.1436798796057701,0.1187000125646591,40× ↔ 2.5×,-1.4588933947182627,1.4588933947182627
BRCA,TCGA-AR-A5QM-01Z-00-DX1.A9017CED-FF57-4090-95B9-94DC91854347,uni2,UNI2,10x__2p5x,0.6998085379600525,0.5377292037010193,0.2560000121593475,10× ↔ 2.5×,-0.09751582306859707,0.09751582306859707
BRCA,TCGA-BH-A0C1-01Z-00-DX1.21FE357E-B182-4397-BFEF-7E96E994236A,uni2,UNI2,40x__10x,0.7833195328712463,0.296381413936615,0.1962000280618667,40× ↔ 10×,-0.881243229396342,0.881243229396342
BRCA,TCGA-BH-A0C1-01Z-00-DX1.21FE357E-B182-4397-BFEF-7E96E994236A,uni2,UNI2,40x__2p5x,0.699660062789917,0.1376396417617797,0.1413999944925308,40× ↔ 2.5×,-1.8128421455097814,1.8128421455097814
BRCA,TCGA-BH-A0C1-01Z-00-DX1.21FE357E-B182-4397-BFEF-7E96E994236A,uni2,UNI2,10x__2p5x,0.8321437239646912,0.5390503704547882,0.3041000366210937,10× ↔ 2.5×,-0.1264056831581605,0.1264056831581605
BRCA,TCGA-D8-A1X8-01Z-00-DX1.DDA3866E-C7CC-4650-BE2B-5C9A98A2D531,uni2,UNI2,40x__10x,0.7928215265274048,0.3665529042482376,0.2320000082254409,40× ↔ 10×,-1.0655740125631827,1.0655740125631827
BRCA,TCGA-D8-A1X8-01Z-00-DX1.DDA3866E-C7CC-4650-BE2B-5C9A98A2D531,uni2,UNI2,40x__2p5x,0.6212368607521057,0.1792989298701286,0.1511000096797943,40× ↔ 2.5×,-2.481102104074833,2.481102104074833
BRCA,TCGA-D8-A1X8-01Z-00-DX1.DDA3866E-C7CC-4650-BE2B-5C9A98A2D531,uni2,UNI2,10x__2p5x,0.7402154207229614,0.5118700861930847,0.3023000061511993,10× ↔ 2.5×,-0.3949863428738906,0.3949863428738906
BRCA,TCGA-E2-A14P-01Z-00-DX1.663B02FF-C64B-41A6-8685-FD61CD76F9C6,uni2,UNI2,40x__10x,0.8344941139221191,0.321528673171997,0.2125000059604644,40× ↔ 10×,-1.0361682667584478,1.0361682667584478
BRCA,TCGA-E2-A14P-01Z-00-DX1.663B02FF-C64B-41A6-8685-FD61CD76F9C6,uni2,UNI2,40x__2p5x,0.7484847903251648,0.1504216343164444,0.1382000148296356,40× ↔ 2.5×,-1.9832018681787993,1.9832018681787993
BRCA,TCGA-E2-A14P-01Z-00-DX1.663B02FF-C64B-41A6-8685-FD61CD76F9C6,uni2,UNI2,10x__2p5x,0.8345437049865723,0.5192456543445587,0.2682999968528747,10× ↔ 2.5×,-0.30773928365962566,0.30773928365962566
BRCA,TCGA-E2-A1LA-01Z-00-DX1.AE49E943-B830-4ED9-B09E-E499441BC2EC,uni2,UNI2,40x__10x,0.8460838794708252,0.332029327750206,0.3164000511169433,40× ↔ 10×,-1.2230793043975838,1.2230793043975838
BRCA,TCGA-E2-A1LA-01Z-00-DX1.AE49E943-B830-4ED9-B09E-E499441BC2EC,uni2,UNI2,40x__2p5x,0.7672773599624634,0.1726532131433487,0.2243000119924545,40× ↔ 2.5×,-2.0456237234536414,2.0456237234536414
BRCA,TCGA-E2-A1LA-01Z-00-DX1.AE49E943-B830-4ED9-B09E-E499441BC2EC,uni2,UNI2,10x__2p5x,0.8203950524330139,0.5086891353130341,0.3726000487804413,10× ↔ 2.5×,-0.481264012873833,0.481264012873833
BRCA,TCGA-GM-A3XN-01Z-00-DX1.49F5C8AC-0328-4BC2-9FE2-E7150B7A42E2,uni2,UNI2,40x__10x,0.6922075152397156,0.2673319280147552,0.1820000261068344,40× ↔ 10×,-0.7556343231819154,0.7556343231819154
BRCA,TCGA-GM-A3XN-01Z-00-DX1.49F5C8AC-0328-4BC2-9FE2-E7150B7A42E2,uni2,UNI2,40x__2p5x,0.5805895924568176,0.1581271141767501,0.1213000118732452,40× ↔ 2.5×,-1.8032712559170179,1.8032712559170179
BRCA,TCGA-GM-A3XN-01Z-00-DX1.49F5C8AC-0328-4BC2-9FE2-E7150B7A42E2,uni2,UNI2,10x__2p5x,0.8047983646392822,0.5527309775352478,0.2653000056743622,10× ↔ 2.5×,-0.07936988368214866,0.07936988368214866
COAD,TCGA-AY-A8YK-01Z-00-DX1.89E3C546-0425-449B-A6FB-1C35168EA7EB,uni2,UNI2,40x__10x,0.6495200395584106,0.376155212521553,0.1883000135421753,40× ↔ 10×,0.3474133302579429,-0.3474133302579429
COAD,TCGA-AY-A8YK-01Z-00-DX1.89E3C546-0425-449B-A6FB-1C35168EA7EB,uni2,UNI2,40x__2p5x,0.5258296132087708,0.1973170861601829,0.1377000212669372,40× ↔ 2.5×,-1.9421262932038914,1.9421262932038914
COAD,TCGA-AY-A8YK-01Z-00-DX1.89E3C546-0425-449B-A6FB-1C35168EA7EB,uni2,UNI2,10x__2p5x,0.8066257238388062,0.5515159964561462,0.3376000225543976,10× ↔ 2.5×,-1.6686567764323463,1.6686567764323463
COAD,TCGA-CK-4947-01Z-00-DX1.b257d5fd-b97b-4987-b088-77f044ca7fe2,uni2,UNI2,40x__10x,0.7164279818534851,0.3892470598220825,0.265900045633316,40× ↔ 10×,-2.2234179359484316,2.2234179359484316
COAD,TCGA-CK-4947-01Z-00-DX1.b257d5fd-b97b-4987-b088-77f044ca7fe2,uni2,UNI2,40x__2p5x,0.5454135537147522,0.1899816691875457,0.1738000065088272,40× ↔ 2.5×,-3.9301971095247694,3.9301971095247694
COAD,TCGA-CK-4947-01Z-00-DX1.b257d5fd-b97b-4987-b088-77f044ca7fe2,uni2,UNI2,10x__2p5x,0.7311139702796936,0.5154569894075394,0.3095999956130981,10× ↔ 2.5×,-0.9683593990371729,0.9683593990371729
COAD,TCGA-CM-6168-01Z-00-DX1.96af6eb2-9d51-4671-baf8-1a73d0c66869,uni2,UNI2,40x__10x,0.8344969749450684,0.4235574007034302,0.3221000134944916,40× ↔ 10×,-1.506826035236449,1.506826035236449
COAD,TCGA-CM-6168-01Z-00-DX1.96af6eb2-9d51-4671-baf8-1a73d0c66869,uni2,UNI2,40x__2p5x,0.7065650820732117,0.2271876484155655,0.2128999978303909,40× ↔ 2.5×,-3.1362950679207637,3.1362950679207637
COAD,TCGA-CM-6168-01Z-00-DX1.96af6eb2-9d51-4671-baf8-1a73d0c66869,uni2,UNI2,10x__2p5x,0.8243781328201294,0.5198823809623718,0.3690000176429748,10× ↔ 2.5×,-0.7366665799943528,0.7366665799943528
COAD,TCGA-CM-6169-01Z-00-DX1.0381c243-02b8-4f1d-840c-19ef44d4b92c,uni2,UNI2,40x__10x,0.807918906211853,0.3876100182533264,0.2588000297546386,40× ↔ 10×,-1.6244089768171794,1.6244089768171794
COAD,TCGA-CM-6169-01Z-00-DX1.0381c243-02b8-4f1d-840c-19ef44d4b92c,uni2,UNI2,40x__2p5x,0.7013580203056335,0.197075754404068,0.1555000096559524,40× ↔ 2.5×,-3.412018531939816,3.412018531939816
COAD,TCGA-CM-6169-01Z-00-DX1.0381c243-02b8-4f1d-840c-19ef44d4b92c,uni2,UNI2,10x__2p5x,0.809286892414093,0.5096947997808456,0.3078000247478485,10× ↔ 2.5×,-0.7826245979347062,0.7826245979347062
COAD,TCGA-G4-6309-01Z-00-DX1.3eb20fdc-eb86-4bd5-8194-76b02d4fa472,uni2,UNI2,40x__10x,0.8461058735847473,0.4189900159835815,0.3056000173091888,40× ↔ 10×,-1.667791145593976,1.667791145593976
COAD,TCGA-G4-6309-01Z-00-DX1.3eb20fdc-eb86-4bd5-8194-76b02d4fa472,uni2,UNI2,40x__2p5x,0.7305470108985901,0.2096657454967498,0.1978000253438949,40× ↔ 2.5×,-3.2667701384181136,3.2667701384181136
COAD,TCGA-G4-6309-01Z-00-DX1.3eb20fdc-eb86-4bd5-8194-76b02d4fa472,uni2,UNI2,10x__2p5x,0.8468129634857178,0.5010399669408798,0.3579000532627105,10× ↔ 2.5×,-0.3912494871565487,0.3912494871565487
COAD,TCGA-G4-6310-01Z-00-DX1.b88472d4-3adc-4e4d-b0f2-0dc195a3d7df,uni2,UNI2,40x__10x,0.8483154773712158,0.4055251777172088,0.2692000269889831,40× ↔ 10×,-1.8910416747519587,1.8910416747519587
COAD,TCGA-G4-6310-01Z-00-DX1.b88472d4-3adc-4e4d-b0f2-0dc195a3d7df,uni2,UNI2,40x__2p5x,0.7518743872642517,0.1947297155857086,0.1916000097990036,40× ↔ 2.5×,-3.594431665487022,3.594431665487022
COAD,TCGA-G4-6310-01Z-00-DX1.b88472d4-3adc-4e4d-b0f2-0dc195a3d7df,uni2,UNI2,10x__2p5x,0.8859492540359497,0.5123412311077118,0.347400039434433,10× ↔ 2.5×,-0.9731794264885438,0.9731794264885438
COAD,TCGA-G4-6588-01Z-00-DX1.0747172e-f630-4b7c-9341-55078585ae00,uni2,UNI2,40x__10x,0.8437415361404419,0.4121672809123993,0.2679000198841095,40× ↔ 10×,-1.2943868239606617,1.2943868239606617
COAD,TCGA-G4-6588-01Z-00-DX1.0747172e-f630-4b7c-9341-55078585ae00,uni2,UNI2,40x__2p5x,0.7602042555809021,0.209603726863861,0.1710000038146972,40× ↔ 2.5×,-3.286224870744676,3.286224870744676
COAD,TCGA-G4-6588-01Z-00-DX1.0747172e-f630-4b7c-9341-55078585ae00,uni2,UNI2,10x__2p5x,0.8726223111152649,0.5029642432928085,0.3398000001907348,10× ↔ 2.5×,-0.5837647828676429,0.5837647828676429
HNSC,TCGA-BA-6871-01Z-00-DX1.4d9ca329-f8d5-4c31-a20f-9d4fba728326,uni2,UNI2,40x__10x,0.6777065396308899,0.389464721083641,0.197500005364418,40× ↔ 10×,0.9885342758863109,-0.9885342758863109
HNSC,TCGA-BA-6871-01Z-00-DX1.4d9ca329-f8d5-4c31-a20f-9d4fba728326,uni2,UNI2,40x__2p5x,0.3762392997741699,0.1514720842242241,0.1115000024437904,40× ↔ 2.5×,-0.0388277335645414,0.0388277335645414
HNSC,TCGA-BA-6871-01Z-00-DX1.4d9ca329-f8d5-4c31-a20f-9d4fba728326,uni2,UNI2,10x__2p5x,0.5810089707374573,0.4309419244527817,0.2354000061750412,10× ↔ 2.5×,0.36217940328380827,-0.36217940328380827
HNSC,TCGA-BA-6872-01Z-00-DX1.F99F6394-D319-4599-B124-D2A6692FA096,uni2,UNI2,40x__10x,0.7403208017349243,0.5119097679853439,0.1871000081300735,40× ↔ 10×,-1.2155582314601574,1.2155582314601574
HNSC,TCGA-BA-6872-01Z-00-DX1.F99F6394-D319-4599-B124-D2A6692FA096,uni2,UNI2,40x__2p5x,0.5355159640312195,0.1941638141870498,0.1248000115156173,40× ↔ 2.5×,-2.4471190111832466,2.4471190111832466
HNSC,TCGA-BA-6872-01Z-00-DX1.F99F6394-D319-4599-B124-D2A6692FA096,uni2,UNI2,10x__2p5x,0.7327718138694763,0.4457723498344421,0.3187000155448913,10× ↔ 2.5×,-0.2588933609781006,0.2588933609781006
HNSC,TCGA-CN-A6V7-01A-01-TS1.F54912D3-1E21-4605-ACFC-142973524AE2,uni2,UNI2,40x__10x,0.450019359588623,0.5132249295711517,0.1039000079035759,40× ↔ 10×,1.1970558883244509,-1.1970558883244509
HNSC,TCGA-CN-A6V7-01A-01-TS1.F54912D3-1E21-4605-ACFC-142973524AE2,uni2,UNI2,40x__2p5x,0.2401538491249084,0.1382087990641594,0.0781000033020973,40× ↔ 2.5×,2.355985987179795,-2.355985987179795
HNSC,TCGA-CN-A6V7-01A-01-TS1.F54912D3-1E21-4605-ACFC-142973524AE2,uni2,UNI2,10x__2p5x,0.4845113456249237,0.3061179518699646,0.2985000014305115,10× ↔ 2.5×,2.936346153842289,-2.936346153842289
HNSC,TCGA-CV-6935-01Z-00-DX1.9C449CB2-FB6D-41D1-A4A6-3069DC84A697,uni2,UNI2,40x__10x,0.8251495361328125,0.4200109839439392,0.1784000247716903,40× ↔ 10×,-0.273672044490466,0.273672044490466
HNSC,TCGA-CV-6935-01Z-00-DX1.9C449CB2-FB6D-41D1-A4A6-3069DC84A697,uni2,UNI2,40x__2p5x,0.6991454362869263,0.2380175143480301,0.1236000061035156,40× ↔ 2.5×,-1.3541242845930932,1.3541242845930932
HNSC,TCGA-CV-6935-01Z-00-DX1.9C449CB2-FB6D-41D1-A4A6-3069DC84A697,uni2,UNI2,10x__2p5x,0.8183479905128479,0.5940610766410828,0.2603000104427337,10× ↔ 2.5×,-0.13523939541499908,0.13523939541499908
HNSC,TCGA-CV-A45O-01Z-00-DX1.8CBD0CCC-C815-475D-87F9-76272F4F715B,uni2,UNI2,40x__10x,0.7270843982696533,0.4337687343358993,0.2642000317573547,40× ↔ 10×,-0.0542295657619167,0.0542295657619167
HNSC,TCGA-CV-A45O-01Z-00-DX1.8CBD0CCC-C815-475D-87F9-76272F4F715B,uni2,UNI2,40x__2p5x,0.5439831614494324,0.2477889955043792,0.1631000190973281,40× ↔ 2.5×,-0.8303008384061543,0.8303008384061543
HNSC,TCGA-CV-A45O-01Z-00-DX1.8CBD0CCC-C815-475D-87F9-76272F4F715B,uni2,UNI2,10x__2p5x,0.7831599712371826,0.5627803206443787,0.3197000324726105,10× ↔ 2.5×,-0.15261722127912386,0.15261722127912386
HNSC,TCGA-CV-A6JE-01Z-00-DX1.20137D17-19B3-49FF-9C3D-60933157E409,uni2,UNI2,40x__10x,0.7626584768295288,0.4784856289625168,0.2364000082015991,40× ↔ 10×,-0.3142756333855127,0.3142756333855127
HNSC,TCGA-CV-A6JE-01Z-00-DX1.20137D17-19B3-49FF-9C3D-60933157E409,uni2,UNI2,40x__2p5x,0.5656816959381104,0.335752859711647,0.153899997472763,40× ↔ 2.5×,-1.2436891587423973,1.2436891587423973
HNSC,TCGA-CV-A6JE-01Z-00-DX1.20137D17-19B3-49FF-9C3D-60933157E409,uni2,UNI2,10x__2p5x,0.7951755523681641,0.5981855094432831,0.3101000189781189,10× ↔ 2.5×,-0.18429074776825305,0.18429074776825305
HNSC,TCGA-CV-A6JU-01Z-00-DX1.35A3A1F0-9D6C-4794-B501-E56E48C51DF9,uni2,UNI2,40x__10x,0.7809712290763855,0.3818482309579849,0.2582000195980072,40× ↔ 10×,-0.1831141071264011,0.1831141071264011
HNSC,TCGA-CV-A6JU-01Z-00-DX1.35A3A1F0-9D6C-4794-B501-E56E48C51DF9,uni2,UNI2,40x__2p5x,0.5797188878059387,0.2359580546617508,0.1614000052213668,40× ↔ 2.5×,-0.8600457553711902,0.8600457553711902
HNSC,TCGA-CV-A6JU-01Z-00-DX1.35A3A1F0-9D6C-4794-B501-E56E48C51DF9,uni2,UNI2,10x__2p5x,0.7839083075523376,0.5778393447399139,0.3131000101566314,10× ↔ 2.5×,-0.08518317771141086,0.08518317771141086
HNSC,TCGA-UF-A719-01Z-00-DX1.4C4ECC2C-C390-4C5E-A709-CF08C113F1A1,uni2,UNI2,40x__10x,0.7824901938438416,0.3273684382438659,0.2836000323295593,40× ↔ 10×,0.1464747991587998,-0.1464747991587998
HNSC,TCGA-UF-A719-01Z-00-DX1.4C4ECC2C-C390-4C5E-A709-CF08C113F1A1,uni2,UNI2,40x__2p5x,0.6049646735191345,0.2090846970677375,0.1744000166654586,40× ↔ 2.5×,-0.6183397822290276,0.6183397822290276
HNSC,TCGA-UF-A719-01Z-00-DX1.4C4ECC2C-C390-4C5E-A709-CF08C113F1A1,uni2,UNI2,10x__2p5x,0.787060022354126,0.5490290522575378,0.3032000362873077,10× ↔ 2.5×,-0.2953314606718342,0.2953314606718342
KIRC,TCGA-A3-3346-01Z-00-DX1.95280216-fd71-4a03-b452-6e3d667f2542,uni2,UNI2,40x__10x,0.6904320120811462,0.4091599881649017,0.1973000317811966,40× ↔ 10×,-0.01760776886842323,0.01760776886842323
KIRC,TCGA-A3-3346-01Z-00-DX1.95280216-fd71-4a03-b452-6e3d667f2542,uni2,UNI2,40x__2p5x,0.4482626914978027,0.1798860803246498,0.1546000093221664,40× ↔ 2.5×,-0.6876516042478907,0.6876516042478907
KIRC,TCGA-A3-3346-01Z-00-DX1.95280216-fd71-4a03-b452-6e3d667f2542,uni2,UNI2,10x__2p5x,0.6372143030166626,0.4463029503822326,0.4032000303268432,10× ↔ 2.5×,-0.3808396029663135,0.3808396029663135
KIRC,TCGA-A3-A8CQ-01Z-00-DX1.78DA0827-5FB8-4B9F-A845-22F85830B5FB,uni2,UNI2,40x__10x,0.5789339542388916,0.5369132906198502,0.1342000216245651,40× ↔ 10×,-0.004794150025738174,0.004794150025738174
KIRC,TCGA-A3-A8CQ-01Z-00-DX1.78DA0827-5FB8-4B9F-A845-22F85830B5FB,uni2,UNI2,40x__2p5x,0.2254025489091873,0.2350788414478302,0.1046000123023986,40× ↔ 2.5×,-0.20067107745074236,0.20067107745074236
KIRC,TCGA-A3-A8CQ-01Z-00-DX1.78DA0827-5FB8-4B9F-A845-22F85830B5FB,uni2,UNI2,10x__2p5x,0.3696128129959106,0.4359617382287979,0.3928000032901764,10× ↔ 2.5×,-0.06862631776244224,0.06862631776244224
KIRC,TCGA-AK-3444-01Z-00-DX1.1F0E0B47-29FF-456F-800A-539983FDCFAA,uni2,UNI2,40x__10x,0.7994442582130432,0.5252242535352707,0.1738000065088272,40× ↔ 10×,-0.0014929363703485693,0.0014929363703485693
KIRC,TCGA-AK-3444-01Z-00-DX1.1F0E0B47-29FF-456F-800A-539983FDCFAA,uni2,UNI2,40x__2p5x,0.5745896100997925,0.3366345465183258,0.140299990773201,40× ↔ 2.5×,-0.1194487963137294,0.1194487963137294
KIRC,TCGA-AK-3444-01Z-00-DX1.1F0E0B47-29FF-456F-800A-539983FDCFAA,uni2,UNI2,10x__2p5x,0.6981309652328491,0.6158621311187744,0.3017000257968902,10× ↔ 2.5×,-0.027532603220113853,0.027532603220113853
KIRC,TCGA-B0-5094-01Z-00-DX1.eac31fe2-09da-4ecf-8e25-c073cbb03295,uni2,UNI2,40x__10x,0.8600432276725769,0.5675846338272095,0.2462000250816345,40× ↔ 10×,-0.10702017615363127,0.10702017615363127
KIRC,TCGA-B0-5094-01Z-00-DX1.eac31fe2-09da-4ecf-8e25-c073cbb03295,uni2,UNI2,40x__2p5x,0.7353050112724304,0.2746114432811737,0.1599000096321106,40× ↔ 2.5×,-0.5063222811403938,0.5063222811403938
KIRC,TCGA-B0-5094-01Z-00-DX1.eac31fe2-09da-4ecf-8e25-c073cbb03295,uni2,UNI2,10x__2p5x,0.8377326130867004,0.5404107868671417,0.2782000303268432,10× ↔ 2.5×,-0.26079748485509746,0.26079748485509746
KIRC,TCGA-B0-5106-01Z-00-DX1.564e51a3-be50-4eed-ba9c-4d478b96ffc6,uni2,UNI2,40x__10x,0.8473415970802307,0.5485530197620392,0.2124000191688537,40× ↔ 10×,-0.0020469631841222064,0.0020469631841222064
KIRC,TCGA-B0-5106-01Z-00-DX1.564e51a3-be50-4eed-ba9c-4d478b96ffc6,uni2,UNI2,40x__2p5x,0.6896851062774658,0.384443074464798,0.1427000164985656,40× ↔ 2.5×,-0.05902320021450014,0.05902320021450014
KIRC,TCGA-B0-5106-01Z-00-DX1.564e51a3-be50-4eed-ba9c-4d478b96ffc6,uni2,UNI2,10x__2p5x,0.8273736238479614,0.6589623391628265,0.3035000264644623,10× ↔ 2.5×,-0.009311125243441442,0.009311125243441442
KIRC,TCGA-B0-5711-01Z-00-DX1.6839921f-ec08-4e94-8bf9-4b5a4fcdda45,uni2,UNI2,40x__10x,0.8768165707588196,0.508063018321991,0.2308000177145004,40× ↔ 10×,-0.002970489431726782,0.002970489431726782
KIRC,TCGA-B0-5711-01Z-00-DX1.6839921f-ec08-4e94-8bf9-4b5a4fcdda45,uni2,UNI2,40x__2p5x,0.758639395236969,0.3314593434333801,0.1632000207901001,40× ↔ 2.5×,-0.11338095914863025,0.11338095914863025
KIRC,TCGA-B0-5711-01Z-00-DX1.6839921f-ec08-4e94-8bf9-4b5a4fcdda45,uni2,UNI2,10x__2p5x,0.8594729900360107,0.6071161925792694,0.3102999925613403,10× ↔ 2.5×,-0.012581899712735803,0.012581899712735803
KIRC,TCGA-B2-5633-01Z-00-DX1.c55a29ca-468e-46de-9ff5-a51f46fe09fd,uni2,UNI2,40x__10x,0.7948048710823059,0.5296608507633209,0.1961000114679336,40× ↔ 10×,-0.007379312621758451,0.007379312621758451
KIRC,TCGA-B2-5633-01Z-00-DX1.c55a29ca-468e-46de-9ff5-a51f46fe09fd,uni2,UNI2,40x__2p5x,0.4830194413661957,0.396500289440155,0.1377000212669372,40× ↔ 2.5×,-0.12456360132227626,0.12456360132227626
KIRC,TCGA-B2-5633-01Z-00-DX1.c55a29ca-468e-46de-9ff5-a51f46fe09fd,uni2,UNI2,10x__2p5x,0.6611734628677368,0.6731702983379364,0.3198000192642212,10× ↔ 2.5×,-0.006863789773013258,0.006863789773013258
KIRC,TCGA-BP-4991-01Z-00-DX1.71305f5c-ca59-48fa-bb82-4b441c1fffdc,uni2,UNI2,40x__10x,0.9196861386299132,0.5823352336883545,0.2133000195026397,40× ↔ 10×,-0.0038082617255606765,0.0038082617255606765
KIRC,TCGA-BP-4991-01Z-00-DX1.71305f5c-ca59-48fa-bb82-4b441c1fffdc,uni2,UNI2,40x__2p5x,0.8495490550994873,0.4082186073064804,0.1560000032186508,40× ↔ 2.5×,-0.19147123874780386,0.19147123874780386
KIRC,TCGA-BP-4991-01Z-00-DX1.71305f5c-ca59-48fa-bb82-4b441c1fffdc,uni2,UNI2,10x__2p5x,0.933275818824768,0.6529416441917419,0.301800012588501,10× ↔ 2.5×,-0.036860473356790234,0.036860473356790234
KIRC,TCGA-BP-5201-01Z-00-DX1.d1a9878e-bb97-48fb-9098-9d9337f06250,uni2,UNI2,40x__10x,0.623737096786499,0.6594098508358002,0.1565000116825103,40× ↔ 10×,-0.2083568946546252,0.2083568946546252
KIRC,TCGA-BP-5201-01Z-00-DX1.d1a9878e-bb97-48fb-9098-9d9337f06250,uni2,UNI2,40x__2p5x,0.3199493885040283,0.3145710825920105,0.0950000062584877,40× ↔ 2.5×,-0.6128072319943454,0.6128072319943454
KIRC,TCGA-BP-5201-01Z-00-DX1.d1a9878e-bb97-48fb-9098-9d9337f06250,uni2,UNI2,10x__2p5x,0.4842528998851776,0.5094943791627884,0.2007000148296356,10× ↔ 2.5×,-0.12136264360207669,0.12136264360207669
LUAD,TCGA-55-6986-01Z-00-DX1.ae52d41e-3cd6-4d36-b04b-2ea7d29bd8da,uni2,UNI2,40x__10x,0.6945532560348511,0.4785705804824829,0.2082000076770782,40× ↔ 10×,-0.031872785838921024,0.031872785838921024
LUAD,TCGA-55-6986-01Z-00-DX1.ae52d41e-3cd6-4d36-b04b-2ea7d29bd8da,uni2,UNI2,40x__2p5x,0.5325055718421936,0.2790591716766357,0.1343000084161758,40× ↔ 2.5×,-0.016495594948381383,0.016495594948381383
LUAD,TCGA-55-6986-01Z-00-DX1.ae52d41e-3cd6-4d36-b04b-2ea7d29bd8da,uni2,UNI2,10x__2p5x,0.7566983103752136,0.5370929539203644,0.3155000209808349,10× ↔ 2.5×,-0.00770592567518365,0.00770592567518365
LUAD,TCGA-64-5779-01Z-00-DX1.B3268447-DCE0-4927-B5A9-EC4D61E9B17D,uni2,UNI2,40x__10x,0.683323323726654,0.3963051289319992,0.1872000098228454,40× ↔ 10×,1.431224736956962,-1.431224736956962
LUAD,TCGA-64-5779-01Z-00-DX1.B3268447-DCE0-4927-B5A9-EC4D61E9B17D,uni2,UNI2,40x__2p5x,0.2989649772644043,0.245466411113739,0.1008000075817108,40× ↔ 2.5×,1.7113676846391712,-1.7113676846391712
LUAD,TCGA-64-5779-01Z-00-DX1.B3268447-DCE0-4927-B5A9-EC4D61E9B17D,uni2,UNI2,10x__2p5x,0.5048040151596069,0.5615958273410797,0.1894000023603439,10× ↔ 2.5×,-0.7290111304043897,0.7290111304043897
LUAD,TCGA-78-7158-01Z-00-DX1.74db3dcd-2715-4ce7-8e48-30c8b7946ba0,uni2,UNI2,40x__10x,0.6535741090774536,0.4676327258348465,0.1638000160455703,40× ↔ 10×,-0.06765733142046551,0.06765733142046551
LUAD,TCGA-78-7158-01Z-00-DX1.74db3dcd-2715-4ce7-8e48-30c8b7946ba0,uni2,UNI2,40x__2p5x,0.4194390475749969,0.2603885680437088,0.1019000113010406,40× ↔ 2.5×,-0.02654581884373869,0.02654581884373869
LUAD,TCGA-78-7158-01Z-00-DX1.74db3dcd-2715-4ce7-8e48-30c8b7946ba0,uni2,UNI2,10x__2p5x,0.6667237877845764,0.562576949596405,0.2369000017642974,10× ↔ 2.5×,-0.012959102521822663,0.012959102521822663
LUAD,TCGA-78-7163-01Z-00-DX1.42880bdf-271d-41dd-aada-e7ec1156ff31,uni2,UNI2,40x__10x,0.6646985411643982,0.5593439936637878,0.1469999998807907,40× ↔ 10×,-0.27265846003422034,0.27265846003422034
LUAD,TCGA-78-7163-01Z-00-DX1.42880bdf-271d-41dd-aada-e7ec1156ff31,uni2,UNI2,40x__2p5x,0.4906944632530212,0.406911090016365,0.0915000066161155,40× ↔ 2.5×,-0.0934266334930165,0.0934266334930165
LUAD,TCGA-78-7163-01Z-00-DX1.42880bdf-271d-41dd-aada-e7ec1156ff31,uni2,UNI2,10x__2p5x,0.8280223608016968,0.6773481965065002,0.2255000174045562,10× ↔ 2.5×,-0.08637026222453906,0.08637026222453906
LUAD,TCGA-78-7536-01Z-00-DX1.6b066140-8b82-40a5-bd48-430eeb4463fe,uni2,UNI2,40x__10x,0.4451911151409149,0.4439428150653839,0.1437000185251236,40× ↔ 10×,-0.4858769934617144,0.4858769934617144
LUAD,TCGA-78-7536-01Z-00-DX1.6b066140-8b82-40a5-bd48-430eeb4463fe,uni2,UNI2,40x__2p5x,0.2062979191541671,0.2332106977701187,0.0788999944925308,40× ↔ 2.5×,-0.3580319539343526,0.3580319539343526
LUAD,TCGA-78-7536-01Z-00-DX1.6b066140-8b82-40a5-bd48-430eeb4463fe,uni2,UNI2,10x__2p5x,0.4886744320392608,0.5291483998298645,0.1797000020742416,10× ↔ 2.5×,0.23824442519633116,-0.23824442519633116
LUAD,TCGA-86-8668-01Z-00-DX1.d720d486-02c7-4f98-8feb-e0e50a12c158,uni2,UNI2,40x__10x,0.7120816111564636,0.5285488069057465,0.173100009560585,40× ↔ 10×,-0.0178691313144941,0.0178691313144941
LUAD,TCGA-86-8668-01Z-00-DX1.d720d486-02c7-4f98-8feb-e0e50a12c158,uni2,UNI2,40x__2p5x,0.5540292263031006,0.2675316333770752,0.1118000075221061,40× ↔ 2.5×,0.021903797142688607,-0.021903797142688607
LUAD,TCGA-86-8668-01Z-00-DX1.d720d486-02c7-4f98-8feb-e0e50a12c158,uni2,UNI2,10x__2p5x,0.7278479933738708,0.5376499891281128,0.2436000108718872,10× ↔ 2.5×,-0.00443751588069234,0.00443751588069234
LUAD,TCGA-97-A4LX-01Z-00-DX1.B2334672-A626-4E74-B4D1-A79F70F65909,uni2,UNI2,40x__10x,0.6140375137329102,0.3050230145454407,0.1282000094652176,40× ↔ 10×,-0.08790328715210277,0.08790328715210277
LUAD,TCGA-97-A4LX-01Z-00-DX1.B2334672-A626-4E74-B4D1-A79F70F65909,uni2,UNI2,40x__2p5x,0.4736998081207275,0.185087963938713,0.0706000104546547,40× ↔ 2.5×,-0.10709252647527241,0.10709252647527241
LUAD,TCGA-97-A4LX-01Z-00-DX1.B2334672-A626-4E74-B4D1-A79F70F65909,uni2,UNI2,10x__2p5x,0.7045547962188721,0.5840126872062683,0.1692000180482864,10× ↔ 2.5×,-0.017236034307238836,0.017236034307238836
LUAD,TCGA-97-A4M2-01Z-00-DX1.5C72522C-1538-4D68-B517-5FB05A9D401A,uni2,UNI2,40x__10x,0.7452479004859924,0.3088815808296203,0.1890000104904174,40× ↔ 10×,-0.17727410520143333,0.17727410520143333
LUAD,TCGA-97-A4M2-01Z-00-DX1.5C72522C-1538-4D68-B517-5FB05A9D401A,uni2,UNI2,40x__2p5x,0.6193804740905762,0.1866893470287323,0.1137000098824501,40× ↔ 2.5×,-0.13583703488841115,0.13583703488841115
LUAD,TCGA-97-A4M2-01Z-00-DX1.5C72522C-1538-4D68-B517-5FB05A9D401A,uni2,UNI2,10x__2p5x,0.7747690677642822,0.5522699952125549,0.2572999894618988,10× ↔ 2.5×,-0.008228085294015197,0.008228085294015197
LUAD,TCGA-J2-A4AE-01Z-00-DX1.42C5DE4A-7787-4E59-8969-D12503262C96,uni2,UNI2,40x__10x,0.774716317653656,0.3243365883827209,0.1664000153541565,40× ↔ 10×,-0.08902864395150537,0.08902864395150537
LUAD,TCGA-J2-A4AE-01Z-00-DX1.42C5DE4A-7787-4E59-8969-D12503262C96,uni2,UNI2,40x__2p5x,0.6514558792114258,0.2015562653541565,0.1057000011205673,40× ↔ 2.5×,-0.10774963602252081,0.10774963602252081
LUAD,TCGA-J2-A4AE-01Z-00-DX1.42C5DE4A-7787-4E59-8969-D12503262C96,uni2,UNI2,10x__2p5x,0.8131684064865112,0.5867509543895721,0.2417000234127044,10× ↔ 2.5×,-0.012168840842375139,0.012168840842375139
STAD,TCGA-BR-6452-01Z-00-DX1.aec8246e-9dce-436d-9faa-df8fa1f6e47c,uni2,UNI2,40x__10x,0.7033928036689758,0.4659031182527542,0.2660999894142151,40× ↔ 10×,-0.03683927120637291,0.03683927120637291
STAD,TCGA-BR-6452-01Z-00-DX1.aec8246e-9dce-436d-9faa-df8fa1f6e47c,uni2,UNI2,40x__2p5x,0.5926836729049683,0.2557549700140953,0.1730000078678131,40× ↔ 2.5×,-1.7661300829261979,1.7661300829261979
STAD,TCGA-BR-6452-01Z-00-DX1.aec8246e-9dce-436d-9faa-df8fa1f6e47c,uni2,UNI2,10x__2p5x,0.7922827005386353,0.5546201765537262,0.3422000408172607,10× ↔ 2.5×,-1.027924825622718,1.027924825622718
STAD,TCGA-BR-6454-01Z-00-DX1.63fb6280-2b43-49b2-960a-eb9c0e8b617c,uni2,UNI2,40x__10x,0.4638055860996246,0.4897618740797043,0.1429000049829483,40× ↔ 10×,-0.31270434284677456,0.31270434284677456
STAD,TCGA-BR-6454-01Z-00-DX1.63fb6280-2b43-49b2-960a-eb9c0e8b617c,uni2,UNI2,40x__2p5x,0.2922001779079437,0.2516156435012817,0.0866999998688697,40× ↔ 2.5×,-2.11392275855322,2.11392275855322
STAD,TCGA-BR-6454-01Z-00-DX1.63fb6280-2b43-49b2-960a-eb9c0e8b617c,uni2,UNI2,10x__2p5x,0.5837349891662598,0.529938817024231,0.2432000190019607,10× ↔ 2.5×,-0.3180200998495898,0.3180200998495898
STAD,TCGA-BR-A4CQ-01Z-00-DX1.B63282A5-154D-441B-BF96-5BB26CB6D95E,uni2,UNI2,40x__10x,0.7726529836654663,0.3350255787372589,0.2418000102043151,40× ↔ 10×,-0.03666903081180584,0.03666903081180584
STAD,TCGA-BR-A4CQ-01Z-00-DX1.B63282A5-154D-441B-BF96-5BB26CB6D95E,uni2,UNI2,40x__2p5x,0.624984622001648,0.2082684934139251,0.1732000112533569,40× ↔ 2.5×,-1.1604614085735458,1.1604614085735458
STAD,TCGA-BR-A4CQ-01Z-00-DX1.B63282A5-154D-441B-BF96-5BB26CB6D95E,uni2,UNI2,10x__2p5x,0.8002699017524719,0.5062722414731979,0.3722000420093536,10× ↔ 2.5×,-1.0455947480385954,1.0455947480385954
STAD,TCGA-CD-A487-01Z-00-DX1.A026BD2F-B721-4340-83D5-7AA39227C90F,uni2,UNI2,40x__10x,0.7299723029136658,0.4221655577421188,0.3208000361919403,40× ↔ 10×,0.44488912848849405,-0.44488912848849405
STAD,TCGA-CD-A487-01Z-00-DX1.A026BD2F-B721-4340-83D5-7AA39227C90F,uni2,UNI2,40x__2p5x,0.5657233595848083,0.2006810531020164,0.2506000101566314,40× ↔ 2.5×,-1.0942314498002699,1.0942314498002699
STAD,TCGA-CD-A487-01Z-00-DX1.A026BD2F-B721-4340-83D5-7AA39227C90F,uni2,UNI2,10x__2p5x,0.7428999543190002,0.5050697922706604,0.4162000119686126,10× ↔ 2.5×,-1.3194635848183602,1.3194635848183602
STAD,TCGA-FP-8209-01Z-00-DX1.a5e13081-1631-44d4-8d6a-c229a22c2311,uni2,UNI2,40x__10x,0.7504510283470154,0.4236015230417251,0.2922000288963318,40× ↔ 10×,1.2445424453578262,-1.2445424453578262
STAD,TCGA-FP-8209-01Z-00-DX1.a5e13081-1631-44d4-8d6a-c229a22c2311,uni2,UNI2,40x__2p5x,0.5421974062919617,0.1755457073450088,0.217600017786026,40× ↔ 2.5×,-0.8636569202281923,0.8636569202281923
STAD,TCGA-FP-8209-01Z-00-DX1.a5e13081-1631-44d4-8d6a-c229a22c2311,uni2,UNI2,10x__2p5x,0.6949027180671692,0.4466125220060348,0.3869000375270843,10× ↔ 2.5×,-0.7779905207573605,0.7779905207573605
STAD,TCGA-SW-A7EA-01Z-00-DX1.C5E1BE0E-0A25-4480-A3AC-DB2ED7471A4E,uni2,UNI2,40x__10x,0.8548301458358765,0.4104604125022888,0.2168000191450119,40× ↔ 10×,-0.3296647620221232,0.3296647620221232
STAD,TCGA-SW-A7EA-01Z-00-DX1.C5E1BE0E-0A25-4480-A3AC-DB2ED7471A4E,uni2,UNI2,40x__2p5x,0.7657355666160583,0.2000322416424751,0.174000009894371,40× ↔ 2.5×,-2.1623710376524103,2.1623710376524103
STAD,TCGA-SW-A7EA-01Z-00-DX1.C5E1BE0E-0A25-4480-A3AC-DB2ED7471A4E,uni2,UNI2,10x__2p5x,0.8432523012161255,0.4929458200931549,0.3503000140190124,10× ↔ 2.5×,-1.6229918233073526,1.6229918233073526
STAD,TCGA-VQ-A8PY-01Z-00-DX1.EA2C7386-012A-442A-95B3-FFA12BD2684D,uni2,UNI2,40x__10x,0.8787712454795837,0.3560955673456192,0.3023000359535217,40× ↔ 10×,0.9818433663216635,-0.9818433663216635
STAD,TCGA-VQ-A8PY-01Z-00-DX1.EA2C7386-012A-442A-95B3-FFA12BD2684D,uni2,UNI2,40x__2p5x,0.7643008232116699,0.2388451844453811,0.2106000185012817,40× ↔ 2.5×,-0.3338093321976814,0.3338093321976814
STAD,TCGA-VQ-A8PY-01Z-00-DX1.EA2C7386-012A-442A-95B3-FFA12BD2684D,uni2,UNI2,10x__2p5x,0.8637855648994446,0.5885359048843384,0.3645000159740448,10× ↔ 2.5×,-1.5896640985135615,1.5896640985135615
STAD,TCGA-VQ-A924-01Z-00-DX1.736B41F3-9678-4FAF-AE86-FCAC4F6DCBD3,uni2,UNI2,40x__10x,0.7212045788764954,0.3721491694450378,0.184000015258789,40× ↔ 10×,-0.056884795596878465,0.056884795596878465
STAD,TCGA-VQ-A924-01Z-00-DX1.736B41F3-9678-4FAF-AE86-FCAC4F6DCBD3,uni2,UNI2,40x__2p5x,0.5720992684364319,0.2242209985852241,0.1387000232934951,40× ↔ 2.5×,-1.9818322615484925,1.9818322615484925
STAD,TCGA-VQ-A924-01Z-00-DX1.736B41F3-9678-4FAF-AE86-FCAC4F6DCBD3,uni2,UNI2,10x__2p5x,0.7580589056015015,0.5400819480419159,0.3302000164985657,10× ↔ 2.5×,-1.283040302701637,1.283040302701637
STAD,TCGA-ZQ-A9CR-01Z-00-DX1.C9AC9991-7054-4068-A7AA-9D1EB7F040A3,uni2,UNI2,40x__10x,0.9547120928764344,0.5350820422172546,0.280100017786026,40× ↔ 10×,-0.41381888891665025,0.41381888891665025
STAD,TCGA-ZQ-A9CR-01Z-00-DX1.C9AC9991-7054-4068-A7AA-9D1EB7F040A3,uni2,UNI2,40x__2p5x,0.8666192293167114,0.2837175577878952,0.192200019955635,40× ↔ 2.5×,-2.1485299883619975,2.1485299883619975
STAD,TCGA-ZQ-A9CR-01Z-00-DX1.C9AC9991-7054-4068-A7AA-9D1EB7F040A3,uni2,UNI2,10x__2p5x,0.9106090664863586,0.5306975841522217,0.3093000054359436,10× ↔ 2.5×,-1.3620329174919683,1.3620329174919683
UCEC,TCGA-A5-A0GX-01Z-00-DX1.7E713D1A-5858-4648-957D-77189E43CFAA,uni2,UNI2,40x__10x,0.7643956542015076,0.4207217544317245,0.1737000197172165,40× ↔ 10×,-0.11604658421034733,0.11604658421034733
UCEC,TCGA-A5-A0GX-01Z-00-DX1.7E713D1A-5858-4648-957D-77189E43CFAA,uni2,UNI2,40x__2p5x,0.6725049018859863,0.3031740486621856,0.122400015592575,40× ↔ 2.5×,-0.08981281340699025,0.08981281340699025
UCEC,TCGA-A5-A0GX-01Z-00-DX1.7E713D1A-5858-4648-957D-77189E43CFAA,uni2,UNI2,10x__2p5x,0.8270059823989868,0.5998092591762543,0.2208000272512436,10× ↔ 2.5×,-0.006770558898577354,0.006770558898577354
UCEC,TCGA-A5-A0R7-01Z-00-DX1.D21E6974-22A3-4A68-8B4E-14E84A7A50A5,uni2,UNI2,40x__10x,0.7760580778121948,0.3233586996793747,0.1723999977111816,40× ↔ 10×,-0.7112413552631973,0.7112413552631973
UCEC,TCGA-A5-A0R7-01Z-00-DX1.D21E6974-22A3-4A68-8B4E-14E84A7A50A5,uni2,UNI2,40x__2p5x,0.6912574172019958,0.2451518774032592,0.1054000034928321,40× ↔ 2.5×,-0.4438819305642815,0.4438819305642815
UCEC,TCGA-A5-A0R7-01Z-00-DX1.D21E6974-22A3-4A68-8B4E-14E84A7A50A5,uni2,UNI2,10x__2p5x,0.8276703357696533,0.5789577662944794,0.2308000177145004,10× ↔ 2.5×,-0.16864987302685905,0.16864987302685905
UCEC,TCGA-AX-A05U-01Z-00-DX1.1EBFC727-B5D5-4543-BBA9-4254ABD3D584,uni2,UNI2,40x__10x,0.8196781873703003,0.4193914532661438,0.2116000205278396,40× ↔ 10×,-0.350897189442933,0.350897189442933
UCEC,TCGA-AX-A05U-01Z-00-DX1.1EBFC727-B5D5-4543-BBA9-4254ABD3D584,uni2,UNI2,40x__2p5x,0.74819016456604,0.2702805250883102,0.1497999876737594,40× ↔ 2.5×,-0.14293701462211478,0.14293701462211478
UCEC,TCGA-AX-A05U-01Z-00-DX1.1EBFC727-B5D5-4543-BBA9-4254ABD3D584,uni2,UNI2,10x__2p5x,0.8727016448974609,0.6102013885974884,0.276600033044815,10× ↔ 2.5×,-0.0057139498032268855,0.0057139498032268855
UCEC,TCGA-AX-A06B-01Z-00-DX2.1757C039-99F7-4087-A9E5-D340AF7220D4,uni2,UNI2,40x__10x,0.7596360445022583,0.3365239202976227,0.2223000079393386,40× ↔ 10×,-0.5151392889955246,0.5151392889955246
UCEC,TCGA-AX-A06B-01Z-00-DX2.1757C039-99F7-4087-A9E5-D340AF7220D4,uni2,UNI2,40x__2p5x,0.4903910756111145,0.1911497935652732,0.1663000136613845,40× ↔ 2.5×,-0.5343896444982661,0.5343896444982661
UCEC,TCGA-AX-A06B-01Z-00-DX2.1757C039-99F7-4087-A9E5-D340AF7220D4,uni2,UNI2,10x__2p5x,0.6060118079185486,0.4997862726449966,0.3055000007152557,10× ↔ 2.5×,-0.06918666397570235,0.06918666397570235
UCEC,TCGA-AX-A0J0-01Z-00-DX2.56C668BE-03B8-4B87-A226-AABD97D53C38,uni2,UNI2,40x__10x,0.8751256465911865,0.4112526029348373,0.2527999877929687,40× ↔ 10×,-0.18694968952265228,0.18694968952265228
UCEC,TCGA-AX-A0J0-01Z-00-DX2.56C668BE-03B8-4B87-A226-AABD97D53C38,uni2,UNI2,40x__2p5x,0.8108811378479004,0.2663724198937416,0.1629000008106231,40× ↔ 2.5×,-0.21089589357222976,0.21089589357222976
UCEC,TCGA-AX-A0J0-01Z-00-DX2.56C668BE-03B8-4B87-A226-AABD97D53C38,uni2,UNI2,10x__2p5x,0.9127060174942015,0.5615103244781494,0.2757999897003174,10× ↔ 2.5×,-0.04346476322203952,0.04346476322203952
UCEC,TCGA-B5-A11F-01Z-00-DX1.3F1C053D-E81E-4C8D-965D-6F3DE29D9511,uni2,UNI2,40x__10x,0.8178333044052124,0.4133801609277725,0.2057000249624252,40× ↔ 10×,-0.19428495245015548,0.19428495245015548
UCEC,TCGA-B5-A11F-01Z-00-DX1.3F1C053D-E81E-4C8D-965D-6F3DE29D9511,uni2,UNI2,40x__2p5x,0.7158603072166443,0.2544299587607384,0.1421000063419342,40× ↔ 2.5×,-0.22724942971488188,0.22724942971488188
UCEC,TCGA-B5-A11F-01Z-00-DX1.3F1C053D-E81E-4C8D-965D-6F3DE29D9511,uni2,UNI2,10x__2p5x,0.8197562098503113,0.5259568095207214,0.2740000188350677,10× ↔ 2.5×,-0.022858151753713578,0.022858151753713578
UCEC,TCGA-BG-A0W1-01Z-00-DX1.8E06269C-1278-478B-A128-59FA911B1649,uni2,UNI2,40x__10x,0.8740698099136353,0.3920767605304718,0.2007000148296356,40× ↔ 10×,-0.30353206361321716,0.30353206361321716
UCEC,TCGA-BG-A0W1-01Z-00-DX1.8E06269C-1278-478B-A128-59FA911B1649,uni2,UNI2,40x__2p5x,0.8060292601585388,0.2860367447137832,0.1400000005960464,40× ↔ 2.5×,-0.22782663045629845,0.22782663045629845
UCEC,TCGA-BG-A0W1-01Z-00-DX1.8E06269C-1278-478B-A128-59FA911B1649,uni2,UNI2,10x__2p5x,0.8748129606246948,0.5680256485939026,0.2670000195503235,10× ↔ 2.5×,-0.02643977059038067,0.02643977059038067
UCEC,TCGA-EY-A1GQ-01Z-00-DX1.03D52C6F-515E-4A4F-A08E-31D773BCC67F,uni2,UNI2,40x__10x,0.4735859036445617,0.3470601737499237,0.1155000030994415,40× ↔ 10×,-1.6453112815688207,1.6453112815688207
UCEC,TCGA-EY-A1GQ-01Z-00-DX1.03D52C6F-515E-4A4F-A08E-31D773BCC67F,uni2,UNI2,40x__2p5x,0.2859649956226349,0.2249423339962959,0.077000007033348,40× ↔ 2.5×,-1.8327668188139494,1.8327668188139494
UCEC,TCGA-EY-A1GQ-01Z-00-DX1.03D52C6F-515E-4A4F-A08E-31D773BCC67F,uni2,UNI2,10x__2p5x,0.5413877367973328,0.5654776692390442,0.2332000285387039,10× ↔ 2.5×,-0.48835308123344906,0.48835308123344906
UCEC,TCGA-FI-A2EX-01Z-00-DX1.127F5153-745D-43E6-83CA-DE2738702C62,uni2,UNI2,40x__10x,0.7720401287078857,0.4873896092176437,0.2312999963760376,40× ↔ 10×,-0.0622687342975856,0.0622687342975856
UCEC,TCGA-FI-A2EX-01Z-00-DX1.127F5153-745D-43E6-83CA-DE2738702C62,uni2,UNI2,40x__2p5x,0.6455195546150208,0.3207229673862457,0.1645000129938125,40× ↔ 2.5×,-0.07486576229476832,0.07486576229476832
UCEC,TCGA-FI-A2EX-01Z-00-DX1.127F5153-745D-43E6-83CA-DE2738702C62,uni2,UNI2,10x__2p5x,0.8206450939178467,0.5575398504734039,0.2826000154018402,10× ↔ 2.5×,-0.005897919640259606,0.005897919640259606
BLCA,TCGA-CF-A3MF-01Z-00-DX1.91768C26-5BB1-4DE6-9737-AA26BD687A75,virchow,Virchow,40x__10x,0.807181715965271,0.7118028104305267,0.1720000058412552,40× ↔ 10×,-3.169593545237722,3.169593545237722
BLCA,TCGA-CF-A3MF-01Z-00-DX1.91768C26-5BB1-4DE6-9737-AA26BD687A75,virchow,Virchow,40x__2p5x,0.6306220889091492,0.4217946380376816,0.0776000097393989,40× ↔ 2.5×,-5.586580516058542,5.586580516058542
BLCA,TCGA-CF-A3MF-01Z-00-DX1.91768C26-5BB1-4DE6-9737-AA26BD687A75,virchow,Virchow,10x__2p5x,0.5969403386116028,0.4395458698272705,0.1292000114917755,10× ↔ 2.5×,-5.388259083292313,5.388259083292313
BLCA,TCGA-CU-A0YN-01Z-00-DX1.6C5EAAAF-8F14-49D3-8FFC-9BDAE56CAFD0,virchow,Virchow,40x__10x,0.5883030295372009,0.6711569130420685,0.1598999947309494,40× ↔ 10×,-1.7102096218327472,1.7102096218327472
BLCA,TCGA-CU-A0YN-01Z-00-DX1.6C5EAAAF-8F14-49D3-8FFC-9BDAE56CAFD0,virchow,Virchow,40x__2p5x,0.3014598488807678,0.1870544552803039,0.0983000099658966,40× ↔ 2.5×,-4.94876333201396,4.94876333201396
BLCA,TCGA-CU-A0YN-01Z-00-DX1.6C5EAAAF-8F14-49D3-8FFC-9BDAE56CAFD0,virchow,Virchow,10x__2p5x,0.4469309747219085,0.3279758393764496,0.2402000278234481,10× ↔ 2.5×,-4.70408107969313,4.70408107969313
BLCA,TCGA-DK-A6AW-01Z-00-DX1.C2453A8C-8282-443C-9E76-5B6CAD2FE69B,virchow,Virchow,40x__10x,0.8862783908843994,0.5560910105705261,0.2802000343799591,40× ↔ 10×,-3.902419783214456,3.902419783214456
BLCA,TCGA-DK-A6AW-01Z-00-DX1.C2453A8C-8282-443C-9E76-5B6CAD2FE69B,virchow,Virchow,40x__2p5x,0.7916648387908936,0.198251187801361,0.1758999973535537,40× ↔ 2.5×,-4.913395576109975,4.913395576109975
BLCA,TCGA-DK-A6AW-01Z-00-DX1.C2453A8C-8282-443C-9E76-5B6CAD2FE69B,virchow,Virchow,10x__2p5x,0.8080205321311951,0.2838215753436088,0.2857000231742859,10× ↔ 2.5×,-4.006391438276025,4.006391438276025
BLCA,TCGA-DK-AA6L-01A-01-TSA.5794F0C6-9ED6-489A-9621-18CCC5935548,virchow,Virchow,40x__10x,0.6343348026275635,0.6926063895225525,0.1570000201463699,40× ↔ 10×,-0.6737960101162691,0.6737960101162691
BLCA,TCGA-DK-AA6L-01A-01-TSA.5794F0C6-9ED6-489A-9621-18CCC5935548,virchow,Virchow,40x__2p5x,0.1926618367433548,0.2651178389787674,0.093199998140335,40× ↔ 2.5×,-2.3528577702363775,2.3528577702363775
BLCA,TCGA-DK-AA6L-01A-01-TSA.5794F0C6-9ED6-489A-9621-18CCC5935548,virchow,Virchow,10x__2p5x,0.3128431439399719,0.3829518109560013,0.2002999931573867,10× ↔ 2.5×,-2.0145612038117315,2.0145612038117315
BLCA,TCGA-DK-AA77-01A-01-TSA.26CAF5CB-CC4F-4522-BD2B-343FB70205FE,virchow,Virchow,40x__10x,0.535667359828949,0.5632686018943787,0.0966000035405159,40× ↔ 10×,-1.7970319678017943,1.7970319678017943
BLCA,TCGA-DK-AA77-01A-01-TSA.26CAF5CB-CC4F-4522-BD2B-343FB70205FE,virchow,Virchow,40x__2p5x,0.1485316306352615,0.3574071377515793,0.0548000074923038,40× ↔ 2.5×,-7.689742921154132,7.689742921154132
BLCA,TCGA-DK-AA77-01A-01-TSA.26CAF5CB-CC4F-4522-BD2B-343FB70205FE,virchow,Virchow,10x__2p5x,0.3175275027751922,0.4089482873678207,0.1900000125169754,10× ↔ 2.5×,-5.660520345209683,5.660520345209683
BLCA,TCGA-FD-A6TK-01Z-00-DX1.B685DA87-72A6-4C38-8AA1-40B6E543383C,virchow,Virchow,40x__10x,0.7845425605773926,0.8108655512332916,0.3012000322341919,40× ↔ 10×,-2.189487435023062,2.189487435023062
BLCA,TCGA-FD-A6TK-01Z-00-DX1.B685DA87-72A6-4C38-8AA1-40B6E543383C,virchow,Virchow,40x__2p5x,0.5279642939567566,0.4056570827960968,0.1700000017881393,40× ↔ 2.5×,-6.229127607007492,6.229127607007492
BLCA,TCGA-FD-A6TK-01Z-00-DX1.B685DA87-72A6-4C38-8AA1-40B6E543383C,virchow,Virchow,10x__2p5x,0.6719332933425903,0.451170265674591,0.2549000084400177,10× ↔ 2.5×,-4.085032633518078,4.085032633518078
BLCA,TCGA-GU-AATP-01Z-00-DX1.0D8EC37C-88E7-49D5-A76D-F0A4A3FD8AE4,virchow,Virchow,40x__10x,0.8564082384109497,0.713534414768219,0.2842999994754791,40× ↔ 10×,-0.8819263519458046,0.8819263519458046
BLCA,TCGA-GU-AATP-01Z-00-DX1.0D8EC37C-88E7-49D5-A76D-F0A4A3FD8AE4,virchow,Virchow,40x__2p5x,0.4889245331287384,0.2957745194435119,0.1443000137805938,40× ↔ 2.5×,-6.854284096103865,6.854284096103865
BLCA,TCGA-GU-AATP-01Z-00-DX1.0D8EC37C-88E7-49D5-A76D-F0A4A3FD8AE4,virchow,Virchow,10x__2p5x,0.5700967907905579,0.3706240355968475,0.2291000187397003,10× ↔ 2.5×,-3.988272004451906,3.988272004451906
BLCA,TCGA-XF-A8HB-01Z-00-DX1.D6874152-D20A-4CA4-8E8B-8CBAB5F7D7B5,virchow,Virchow,40x__10x,0.7897393107414246,0.7324629724025726,0.2649000287055969,40× ↔ 10×,-0.9213266256590922,0.9213266256590922
BLCA,TCGA-XF-A8HB-01Z-00-DX1.D6874152-D20A-4CA4-8E8B-8CBAB5F7D7B5,virchow,Virchow,40x__2p5x,0.325255274772644,0.3569176346063614,0.1252000033855438,40× ↔ 2.5×,-5.942981554941595,5.942981554941595
BLCA,TCGA-XF-A8HB-01Z-00-DX1.D6874152-D20A-4CA4-8E8B-8CBAB5F7D7B5,virchow,Virchow,10x__2p5x,0.4492515921592712,0.4100101292133331,0.203000009059906,10× ↔ 2.5×,-3.0460124729852667,3.0460124729852667
BLCA,TCGA-ZF-A9R1-01Z-00-DX1.74520759-D448-45B5-B8AD-45502C99A519,virchow,Virchow,40x__10x,0.7758532762527466,0.7900605499744415,0.3262000381946563,40× ↔ 10×,-1.8672168576363268,1.8672168576363268
BLCA,TCGA-ZF-A9R1-01Z-00-DX1.74520759-D448-45B5-B8AD-45502C99A519,virchow,Virchow,40x__2p5x,0.5107163786888123,0.4133403748273849,0.1721000075340271,40× ↔ 2.5×,-5.409698683503672,5.409698683503672
BLCA,TCGA-ZF-A9R1-01Z-00-DX1.74520759-D448-45B5-B8AD-45502C99A519,virchow,Virchow,10x__2p5x,0.6294679641723633,0.4767967015504837,0.2487000077962875,10× ↔ 2.5×,-2.710070719851362,2.710070719851362
BLCA,TCGA-ZF-AA51-01Z-00-DX1.128C9731-C206-4E71-9A64-864FA9FD7E96,virchow,Virchow,40x__10x,0.81305330991745,0.7128539383411407,0.325300008058548,40× ↔ 10×,-1.0476927840818122,1.0476927840818122
BLCA,TCGA-ZF-AA51-01Z-00-DX1.128C9731-C206-4E71-9A64-864FA9FD7E96,virchow,Virchow,40x__2p5x,0.5086725950241089,0.3082331866025924,0.1492000073194503,40× ↔ 2.5×,-5.7153043934072185,5.7153043934072185
BLCA,TCGA-ZF-AA51-01Z-00-DX1.128C9731-C206-4E71-9A64-864FA9FD7E96,virchow,Virchow,10x__2p5x,0.5523110032081604,0.4947110265493393,0.1994000077247619,10× ↔ 2.5×,-4.314562219399156,4.314562219399156
BRCA,TCGA-A7-A2KD-01Z-00-DX1.BFF2DFC8-1D95-4DC2-98FC-5BD7D7C6CDF5,virchow,Virchow,40x__10x,0.6625023484230042,0.7216257154941559,0.2075000256299972,40× ↔ 10×,-2.6415831391289744,2.6415831391289744
BRCA,TCGA-A7-A2KD-01Z-00-DX1.BFF2DFC8-1D95-4DC2-98FC-5BD7D7C6CDF5,virchow,Virchow,40x__2p5x,0.3599486351013183,0.2254396975040435,0.1333999931812286,40× ↔ 2.5×,-0.9900974200317793,0.9900974200317793
BRCA,TCGA-A7-A2KD-01Z-00-DX1.BFF2DFC8-1D95-4DC2-98FC-5BD7D7C6CDF5,virchow,Virchow,10x__2p5x,0.470278650522232,0.2764866352081299,0.2286000102758407,10× ↔ 2.5×,0.15870568235447624,-0.15870568235447624
BRCA,TCGA-AN-A0G0-01Z-00-DX1.BE0BB5DF-DEDA-48D8-B5D8-2735C767F28F,virchow,Virchow,40x__10x,0.676603376865387,0.5417490303516388,0.1567000150680542,40× ↔ 10×,-2.401267736979816,2.401267736979816
BRCA,TCGA-AN-A0G0-01Z-00-DX1.BE0BB5DF-DEDA-48D8-B5D8-2735C767F28F,virchow,Virchow,40x__2p5x,0.3551116287708282,0.2087002024054527,0.0952000096440315,40× ↔ 2.5×,-5.342299638981428,5.342299638981428
BRCA,TCGA-AN-A0G0-01Z-00-DX1.BE0BB5DF-DEDA-48D8-B5D8-2735C767F28F,virchow,Virchow,10x__2p5x,0.5537542104721069,0.2805499359965324,0.2216000109910965,10× ↔ 2.5×,-1.9096847812088416,1.9096847812088416
BRCA,TCGA-AQ-A04L-01Z-00-DX1.F35BF4DD-896A-43C2-8DA6-C67945C003BE,virchow,Virchow,40x__10x,0.8420372009277344,0.8546463847160339,0.2048999965190887,40× ↔ 10×,-1.2991115773348478,1.2991115773348478
BRCA,TCGA-AQ-A04L-01Z-00-DX1.F35BF4DD-896A-43C2-8DA6-C67945C003BE,virchow,Virchow,40x__2p5x,0.7002894878387451,0.4428576231002807,0.1014000102877616,40× ↔ 2.5×,-3.4110128492215046,3.4110128492215046
BRCA,TCGA-AQ-A04L-01Z-00-DX1.F35BF4DD-896A-43C2-8DA6-C67945C003BE,virchow,Virchow,10x__2p5x,0.7551100850105286,0.5246614217758179,0.231000006198883,10× ↔ 2.5×,-1.1383896020401132,1.1383896020401132
BRCA,TCGA-AR-A2LK-01Z-00-DX1.FBD59C38-CD4E-4C22-BC74-A57C192A9BBC,virchow,Virchow,40x__10x,0.6625765562057495,0.6349948346614838,0.2331000119447708,40× ↔ 10×,-1.219913759637865,1.219913759637865
BRCA,TCGA-AR-A2LK-01Z-00-DX1.FBD59C38-CD4E-4C22-BC74-A57C192A9BBC,virchow,Virchow,40x__2p5x,0.4283165037631988,0.3420941084623337,0.1522000133991241,40× ↔ 2.5×,-4.165565925717552,4.165565925717552
BRCA,TCGA-AR-A2LK-01Z-00-DX1.FBD59C38-CD4E-4C22-BC74-A57C192A9BBC,virchow,Virchow,10x__2p5x,0.5886558294296265,0.3781556636095047,0.2528000175952911,10× ↔ 2.5×,-2.7088637859033358,2.7088637859033358
BRCA,TCGA-AR-A5QM-01Z-00-DX1.A9017CED-FF57-4090-95B9-94DC91854347,virchow,Virchow,40x__10x,0.6649129986763,0.7086932957172394,0.1844000220298767,40× ↔ 10×,-0.30797973995368666,0.30797973995368666
BRCA,TCGA-AR-A5QM-01Z-00-DX1.A9017CED-FF57-4090-95B9-94DC91854347,virchow,Virchow,40x__2p5x,0.455163300037384,0.3197520971298218,0.1125000044703483,40× ↔ 2.5×,-3.0195199739823044,3.0195199739823044
BRCA,TCGA-AR-A5QM-01Z-00-DX1.A9017CED-FF57-4090-95B9-94DC91854347,virchow,Virchow,10x__2p5x,0.6142573952674866,0.3778251558542251,0.1988000124692917,10× ↔ 2.5×,-1.8326278669451554,1.8326278669451554
BRCA,TCGA-BH-A0C1-01Z-00-DX1.21FE357E-B182-4397-BFEF-7E96E994236A,virchow,Virchow,40x__10x,0.8232370615005493,0.7604896724224091,0.2342000305652618,40× ↔ 10×,-1.3229189276894302,1.3229189276894302
BRCA,TCGA-BH-A0C1-01Z-00-DX1.21FE357E-B182-4397-BFEF-7E96E994236A,virchow,Virchow,40x__2p5x,0.740307092666626,0.3175015449523926,0.1475000083446502,40× ↔ 2.5×,-2.309113789163072,2.309113789163072
BRCA,TCGA-BH-A0C1-01Z-00-DX1.21FE357E-B182-4397-BFEF-7E96E994236A,virchow,Virchow,10x__2p5x,0.7570255398750305,0.3764230906963348,0.2582000195980072,10× ↔ 2.5×,-0.9787840072393459,0.9787840072393459
BRCA,TCGA-D8-A1X8-01Z-00-DX1.DDA3866E-C7CC-4650-BE2B-5C9A98A2D531,virchow,Virchow,40x__10x,0.7921387553215027,0.6172007024288177,0.2639000117778778,40× ↔ 10×,-1.5882032925635718,1.5882032925635718
BRCA,TCGA-D8-A1X8-01Z-00-DX1.DDA3866E-C7CC-4650-BE2B-5C9A98A2D531,virchow,Virchow,40x__2p5x,0.5091950297355652,0.33316770195961,0.153899997472763,40× ↔ 2.5×,-2.041142055351561,2.041142055351561
BRCA,TCGA-D8-A1X8-01Z-00-DX1.DDA3866E-C7CC-4650-BE2B-5C9A98A2D531,virchow,Virchow,10x__2p5x,0.6014770269393921,0.4069625288248062,0.2571000158786773,10× ↔ 2.5×,-0.9573624185614481,0.9573624185614481
BRCA,TCGA-E2-A14P-01Z-00-DX1.663B02FF-C64B-41A6-8685-FD61CD76F9C6,virchow,Virchow,40x__10x,0.8545368909835815,0.5593282580375671,0.2382000237703323,40× ↔ 10×,-2.2319518489259815,2.2319518489259815
BRCA,TCGA-E2-A14P-01Z-00-DX1.663B02FF-C64B-41A6-8685-FD61CD76F9C6,virchow,Virchow,40x__2p5x,0.6730936169624329,0.2694557309150696,0.1267000138759613,40× ↔ 2.5×,-3.3410313970989627,3.3410313970989627
BRCA,TCGA-E2-A14P-01Z-00-DX1.663B02FF-C64B-41A6-8685-FD61CD76F9C6,virchow,Virchow,10x__2p5x,0.7244657278060913,0.4184638857841491,0.2038000077009201,10× ↔ 2.5×,-2.474283596274174,2.474283596274174
BRCA,TCGA-E2-A1LA-01Z-00-DX1.AE49E943-B830-4ED9-B09E-E499441BC2EC,virchow,Virchow,40x__10x,0.8792147040367126,0.6431850492954254,0.3273999989032745,40× ↔ 10×,-1.1755944879845583,1.1755944879845583
BRCA,TCGA-E2-A1LA-01Z-00-DX1.AE49E943-B830-4ED9-B09E-E499441BC2EC,virchow,Virchow,40x__2p5x,0.6767618656158447,0.3709234446287155,0.2156000137329101,40× ↔ 2.5×,-3.1161769408581956,3.1161769408581956
BRCA,TCGA-E2-A1LA-01Z-00-DX1.AE49E943-B830-4ED9-B09E-E499441BC2EC,virchow,Virchow,10x__2p5x,0.746453583240509,0.4115502536296844,0.3143000304698944,10× ↔ 2.5×,-1.0015076268407943,1.0015076268407943
BRCA,TCGA-GM-A3XN-01Z-00-DX1.49F5C8AC-0328-4BC2-9FE2-E7150B7A42E2,virchow,Virchow,40x__10x,0.7495136857032776,0.754017174243927,0.2240000069141388,40× ↔ 10×,-0.6411993571481708,0.6411993571481708
BRCA,TCGA-GM-A3XN-01Z-00-DX1.49F5C8AC-0328-4BC2-9FE2-E7150B7A42E2,virchow,Virchow,40x__2p5x,0.5682867765426636,0.3863733112812042,0.1272000074386596,40× ↔ 2.5×,-3.3221320706371538,3.3221320706371538
BRCA,TCGA-GM-A3XN-01Z-00-DX1.49F5C8AC-0328-4BC2-9FE2-E7150B7A42E2,virchow,Virchow,10x__2p5x,0.6585720777511597,0.3932500779628753,0.2055000066757202,10× ↔ 2.5×,-1.8046856238035893,1.8046856238035893
COAD,TCGA-AY-A8YK-01Z-00-DX1.89E3C546-0425-449B-A6FB-1C35168EA7EB,virchow,Virchow,40x__10x,0.7353094816207886,0.7339327931404114,0.2049000263214111,40× ↔ 10×,-1.7740286002723598,1.7740286002723598
COAD,TCGA-AY-A8YK-01Z-00-DX1.89E3C546-0425-449B-A6FB-1C35168EA7EB,virchow,Virchow,40x__2p5x,0.5144442319869995,0.3147767931222915,0.1219000145792961,40× ↔ 2.5×,-2.140238039226278,2.140238039226278
COAD,TCGA-AY-A8YK-01Z-00-DX1.89E3C546-0425-449B-A6FB-1C35168EA7EB,virchow,Virchow,10x__2p5x,0.5602433085441589,0.3596820384263992,0.2421000152826309,10× ↔ 2.5×,0.10708659225798187,-0.10708659225798187
COAD,TCGA-CK-4947-01Z-00-DX1.b257d5fd-b97b-4987-b088-77f044ca7fe2,virchow,Virchow,40x__10x,0.5646036267280579,0.8241509199142456,0.2031000107526779,40× ↔ 10×,-1.1409209746990914,1.1409209746990914
COAD,TCGA-CK-4947-01Z-00-DX1.b257d5fd-b97b-4987-b088-77f044ca7fe2,virchow,Virchow,40x__2p5x,0.4085227251052856,0.5931003987789154,0.1387000232934951,40× ↔ 2.5×,-1.7625798828967518,1.7625798828967518
COAD,TCGA-CK-4947-01Z-00-DX1.b257d5fd-b97b-4987-b088-77f044ca7fe2,virchow,Virchow,10x__2p5x,0.3829224407672882,0.6320810914039612,0.2013000100851059,10× ↔ 2.5×,-1.562361385096553,1.562361385096553
COAD,TCGA-CM-6168-01Z-00-DX1.96af6eb2-9d51-4671-baf8-1a73d0c66869,virchow,Virchow,40x__10x,0.6078965663909912,0.8073964416980743,0.2773000299930572,40× ↔ 10×,-0.7810689759423857,0.7810689759423857
COAD,TCGA-CM-6168-01Z-00-DX1.96af6eb2-9d51-4671-baf8-1a73d0c66869,virchow,Virchow,40x__2p5x,0.4433619379997253,0.674161970615387,0.1781000196933746,40× ↔ 2.5×,-1.5176503847106342,1.5176503847106342
COAD,TCGA-CM-6168-01Z-00-DX1.96af6eb2-9d51-4671-baf8-1a73d0c66869,virchow,Virchow,10x__2p5x,0.5598633289337158,0.6504066586494446,0.275299996137619,10× ↔ 2.5×,-2.2603780037242482,2.2603780037242482
COAD,TCGA-CM-6169-01Z-00-DX1.0381c243-02b8-4f1d-840c-19ef44d4b92c,virchow,Virchow,40x__10x,0.5522851943969727,0.7967953383922577,0.212300032377243,40× ↔ 10×,-1.3003042956864692,1.3003042956864692
COAD,TCGA-CM-6169-01Z-00-DX1.0381c243-02b8-4f1d-840c-19ef44d4b92c,virchow,Virchow,40x__2p5x,0.4401400685310364,0.6303294897079468,0.1222000122070312,40× ↔ 2.5×,-2.0980116663587567,2.0980116663587567
COAD,TCGA-CM-6169-01Z-00-DX1.0381c243-02b8-4f1d-840c-19ef44d4b92c,virchow,Virchow,10x__2p5x,0.5436415672302246,0.6669784486293793,0.2090000063180923,10× ↔ 2.5×,-3.0280208710774796,3.0280208710774796
COAD,TCGA-G4-6309-01Z-00-DX1.3eb20fdc-eb86-4bd5-8194-76b02d4fa472,virchow,Virchow,40x__10x,0.6395069360733032,0.7506141066551208,0.2698999941349029,40× ↔ 10×,-1.275291381018093,1.275291381018093
COAD,TCGA-G4-6309-01Z-00-DX1.3eb20fdc-eb86-4bd5-8194-76b02d4fa472,virchow,Virchow,40x__2p5x,0.455763578414917,0.5952780246734619,0.1683000177145004,40× ↔ 2.5×,-1.0458572408435216,1.0458572408435216
COAD,TCGA-G4-6309-01Z-00-DX1.3eb20fdc-eb86-4bd5-8194-76b02d4fa472,virchow,Virchow,10x__2p5x,0.5975350141525269,0.5690141916275024,0.2541000247001648,10× ↔ 2.5×,-1.4227427642402493,1.4227427642402493
COAD,TCGA-G4-6310-01Z-00-DX1.b88472d4-3adc-4e4d-b0f2-0dc195a3d7df,virchow,Virchow,40x__10x,0.6631447076797485,0.7341625690460205,0.2594000399112701,40× ↔ 10×,-1.181813083983535,1.181813083983535
COAD,TCGA-G4-6310-01Z-00-DX1.b88472d4-3adc-4e4d-b0f2-0dc195a3d7df,virchow,Virchow,40x__2p5x,0.4956752359867096,0.5523114800453186,0.1733000129461288,40× ↔ 2.5×,-1.6907432508535833,1.6907432508535833
COAD,TCGA-G4-6310-01Z-00-DX1.b88472d4-3adc-4e4d-b0f2-0dc195a3d7df,virchow,Virchow,10x__2p5x,0.5555775165557861,0.574142336845398,0.2653999924659729,10× ↔ 2.5×,-1.8915473615235912,1.8915473615235912
COAD,TCGA-G4-6588-01Z-00-DX1.0747172e-f630-4b7c-9341-55078585ae00,virchow,Virchow,40x__10x,0.6891435980796814,0.7440736889839172,0.2437999993562698,40× ↔ 10×,-0.8501726872287503,0.8501726872287503
COAD,TCGA-G4-6588-01Z-00-DX1.0747172e-f630-4b7c-9341-55078585ae00,virchow,Virchow,40x__2p5x,0.4951314032077789,0.5868716835975647,0.1473000049591064,40× ↔ 2.5×,-1.636402459963079,1.636402459963079
COAD,TCGA-G4-6588-01Z-00-DX1.0747172e-f630-4b7c-9341-55078585ae00,virchow,Virchow,10x__2p5x,0.570516049861908,0.5989731848239899,0.2579000294208526,10× ↔ 2.5×,-1.6915524884378663,1.6915524884378663
HNSC,TCGA-BA-6871-01Z-00-DX1.4d9ca329-f8d5-4c31-a20f-9d4fba728326,virchow,Virchow,40x__10x,0.6136009693145752,0.7233849167823792,0.1744000017642974,40× ↔ 10×,-0.6208203408804603,0.6208203408804603
HNSC,TCGA-BA-6871-01Z-00-DX1.4d9ca329-f8d5-4c31-a20f-9d4fba728326,virchow,Virchow,40x__2p5x,0.2681725025177002,0.3386754840612411,0.0882000103592872,40× ↔ 2.5×,0.47730799522002687,-0.47730799522002687
HNSC,TCGA-BA-6871-01Z-00-DX1.4d9ca329-f8d5-4c31-a20f-9d4fba728326,virchow,Virchow,10x__2p5x,0.3860496282577514,0.555919736623764,0.1572000235319137,10× ↔ 2.5×,-0.5923799221012056,0.5923799221012056
HNSC,TCGA-BA-6872-01Z-00-DX1.F99F6394-D319-4599-B124-D2A6692FA096,virchow,Virchow,40x__10x,0.5660176277160645,0.7662627398967743,0.1474000066518783,40× ↔ 10×,-2.5122202468347354,2.5122202468347354
HNSC,TCGA-BA-6872-01Z-00-DX1.F99F6394-D319-4599-B124-D2A6692FA096,virchow,Virchow,40x__2p5x,0.3588415682315826,0.5784232914447784,0.0945000052452087,40× ↔ 2.5×,-5.163810561694303,5.163810561694303
HNSC,TCGA-BA-6872-01Z-00-DX1.F99F6394-D319-4599-B124-D2A6692FA096,virchow,Virchow,10x__2p5x,0.6303199529647827,0.7128346264362335,0.2214000076055526,10× ↔ 2.5×,-3.8243243214605114,3.8243243214605114
HNSC,TCGA-CN-A6V7-01A-01-TS1.F54912D3-1E21-4605-ACFC-142973524AE2,virchow,Virchow,40x__10x,0.4187195599079132,0.4730808287858963,0.1004000157117843,40× ↔ 10×,1.7113964843380405,-1.7113964843380405
HNSC,TCGA-CN-A6V7-01A-01-TS1.F54912D3-1E21-4605-ACFC-142973524AE2,virchow,Virchow,40x__2p5x,0.2186904102563858,0.2889244258403778,0.0719000026583671,40× ↔ 2.5×,3.178466435376373,-3.178466435376373
HNSC,TCGA-CN-A6V7-01A-01-TS1.F54912D3-1E21-4605-ACFC-142973524AE2,virchow,Virchow,10x__2p5x,0.412181407213211,0.4748368710279464,0.2402000278234481,10× ↔ 2.5×,3.546027417479818,-3.546027417479818
HNSC,TCGA-CV-6935-01Z-00-DX1.9C449CB2-FB6D-41D1-A4A6-3069DC84A697,virchow,Virchow,40x__10x,0.693596601486206,0.63960200548172,0.1664000004529953,40× ↔ 10×,-1.4331047962290946,1.4331047962290946
HNSC,TCGA-CV-6935-01Z-00-DX1.9C449CB2-FB6D-41D1-A4A6-3069DC84A697,virchow,Virchow,40x__2p5x,0.5914597511291504,0.3951031118631363,0.096000000834465,40× ↔ 2.5×,-3.7132875575538558,3.7132875575538558
HNSC,TCGA-CV-6935-01Z-00-DX1.9C449CB2-FB6D-41D1-A4A6-3069DC84A697,virchow,Virchow,10x__2p5x,0.791428804397583,0.6575985550880432,0.1928000152111053,10× ↔ 2.5×,-1.1780436391632487,1.1780436391632487
HNSC,TCGA-CV-A45O-01Z-00-DX1.8CBD0CCC-C815-475D-87F9-76272F4F715B,virchow,Virchow,40x__10x,0.714249312877655,0.6192180514335632,0.2455000132322311,40× ↔ 10×,-1.0338327270221788,1.0338327270221788
HNSC,TCGA-CV-A45O-01Z-00-DX1.8CBD0CCC-C815-475D-87F9-76272F4F715B,virchow,Virchow,40x__2p5x,0.339227020740509,0.3598804771900177,0.1371999979019165,40× ↔ 2.5×,-3.8648698414128284,3.8648698414128284
HNSC,TCGA-CV-A45O-01Z-00-DX1.8CBD0CCC-C815-475D-87F9-76272F4F715B,virchow,Virchow,10x__2p5x,0.4345765709877014,0.5518451482057571,0.2238000035285949,10× ↔ 2.5×,-1.4886923535081389,1.4886923535081389
HNSC,TCGA-CV-A6JE-01Z-00-DX1.20137D17-19B3-49FF-9C3D-60933157E409,virchow,Virchow,40x__10x,0.7371434569358826,0.7528354227542877,0.2405000180006027,40× ↔ 10×,-1.7420475181000896,1.7420475181000896
HNSC,TCGA-CV-A6JE-01Z-00-DX1.20137D17-19B3-49FF-9C3D-60933157E409,virchow,Virchow,40x__2p5x,0.3725232183933258,0.4922542721033096,0.1284999996423721,40× ↔ 2.5×,-1.9986084705266918,1.9986084705266918
HNSC,TCGA-CV-A6JE-01Z-00-DX1.20137D17-19B3-49FF-9C3D-60933157E409,virchow,Virchow,10x__2p5x,0.5667290687561035,0.4687787294387817,0.239200010895729,10× ↔ 2.5×,-1.1905402016401574,1.1905402016401574
HNSC,TCGA-CV-A6JU-01Z-00-DX1.35A3A1F0-9D6C-4794-B501-E56E48C51DF9,virchow,Virchow,40x__10x,0.7670013308525085,0.6421589851379395,0.2768000066280365,40× ↔ 10×,-1.4315679166780095,1.4315679166780095
HNSC,TCGA-CV-A6JU-01Z-00-DX1.35A3A1F0-9D6C-4794-B501-E56E48C51DF9,virchow,Virchow,40x__2p5x,0.4094555377960205,0.2852748259902,0.1337999999523162,40× ↔ 2.5×,-1.5454074552899875,1.5454074552899875
HNSC,TCGA-CV-A6JU-01Z-00-DX1.35A3A1F0-9D6C-4794-B501-E56E48C51DF9,virchow,Virchow,10x__2p5x,0.4962063431739807,0.2980268150568008,0.2168000191450119,10× ↔ 2.5×,-1.2085325866909475,1.2085325866909475
HNSC,TCGA-UF-A719-01Z-00-DX1.4C4ECC2C-C390-4C5E-A709-CF08C113F1A1,virchow,Virchow,40x__10x,0.6923878192901611,0.5579606890678406,0.2799000442028045,40× ↔ 10×,-3.6405250020760542,3.6405250020760542
HNSC,TCGA-UF-A719-01Z-00-DX1.4C4ECC2C-C390-4C5E-A709-CF08C113F1A1,virchow,Virchow,40x__2p5x,0.3118121027946472,0.2356594279408455,0.1479000151157379,40× ↔ 2.5×,0.4005497188919195,-0.4005497188919195
HNSC,TCGA-UF-A719-01Z-00-DX1.4C4ECC2C-C390-4C5E-A709-CF08C113F1A1,virchow,Virchow,10x__2p5x,0.4735877215862274,0.3387077897787094,0.2297000139951706,10× ↔ 2.5×,-0.015813244493011157,0.015813244493011157
KIRC,TCGA-A3-3346-01Z-00-DX1.95280216-fd71-4a03-b452-6e3d667f2542,virchow,Virchow,40x__10x,0.5535187125205994,0.6717547178268433,0.1684000045061111,40× ↔ 10×,-0.7647080474637417,0.7647080474637417
KIRC,TCGA-A3-3346-01Z-00-DX1.95280216-fd71-4a03-b452-6e3d667f2542,virchow,Virchow,40x__2p5x,0.3513224720954895,0.4525985419750213,0.139800027012825,40× ↔ 2.5×,-2.84685745956873,2.84685745956873
KIRC,TCGA-A3-3346-01Z-00-DX1.95280216-fd71-4a03-b452-6e3d667f2542,virchow,Virchow,10x__2p5x,0.4661424160003662,0.65806645154953,0.3002000153064728,10× ↔ 2.5×,-4.6420290128328725,4.6420290128328725
KIRC,TCGA-A3-A8CQ-01Z-00-DX1.78DA0827-5FB8-4B9F-A845-22F85830B5FB,virchow,Virchow,40x__10x,0.2521064877510071,0.7344333529472351,0.1349000185728073,40× ↔ 10×,-0.4973331995719083,0.4973331995719083
KIRC,TCGA-A3-A8CQ-01Z-00-DX1.78DA0827-5FB8-4B9F-A845-22F85830B5FB,virchow,Virchow,40x__2p5x,0.1695606410503387,0.4810881167650223,0.1172000020742416,40× ↔ 2.5×,-4.262311256901056,4.262311256901056
KIRC,TCGA-A3-A8CQ-01Z-00-DX1.78DA0827-5FB8-4B9F-A845-22F85830B5FB,virchow,Virchow,10x__2p5x,0.401589959859848,0.5616709887981415,0.3343999981880188,10× ↔ 2.5×,-5.986139392318351,5.986139392318351
KIRC,TCGA-AK-3444-01Z-00-DX1.1F0E0B47-29FF-456F-800A-539983FDCFAA,virchow,Virchow,40x__10x,0.7543811798095703,0.6061976552009583,0.169700026512146,40× ↔ 10×,-0.24704514346018094,0.24704514346018094
KIRC,TCGA-AK-3444-01Z-00-DX1.1F0E0B47-29FF-456F-800A-539983FDCFAA,virchow,Virchow,40x__2p5x,0.6597310900688171,0.2406045719981193,0.1330000013113021,40× ↔ 2.5×,-4.225164689640892,4.225164689640892
KIRC,TCGA-AK-3444-01Z-00-DX1.1F0E0B47-29FF-456F-800A-539983FDCFAA,virchow,Virchow,10x__2p5x,0.6972141861915588,0.3718826472759247,0.2361000180244445,10× ↔ 2.5×,-5.568428712866055,5.568428712866055
KIRC,TCGA-B0-5094-01Z-00-DX1.eac31fe2-09da-4ecf-8e25-c073cbb03295,virchow,Virchow,40x__10x,0.7622877359390259,0.8133672773838043,0.2168000340461731,40× ↔ 10×,-0.39731674034593795,0.39731674034593795
KIRC,TCGA-B0-5094-01Z-00-DX1.eac31fe2-09da-4ecf-8e25-c073cbb03295,virchow,Virchow,40x__2p5x,0.6367151737213135,0.6001175045967102,0.1407000124454498,40× ↔ 2.5×,-4.062881627819842,4.062881627819842
KIRC,TCGA-B0-5094-01Z-00-DX1.eac31fe2-09da-4ecf-8e25-c073cbb03295,virchow,Virchow,10x__2p5x,0.6751728653907776,0.7198668420314789,0.2093000262975692,10× ↔ 2.5×,-5.288881633649899,5.288881633649899
KIRC,TCGA-B0-5106-01Z-00-DX1.564e51a3-be50-4eed-ba9c-4d478b96ffc6,virchow,Virchow,40x__10x,0.7187287211418152,0.8710792660713196,0.1925000101327896,40× ↔ 10×,-0.9064399474280694,0.9064399474280694
KIRC,TCGA-B0-5106-01Z-00-DX1.564e51a3-be50-4eed-ba9c-4d478b96ffc6,virchow,Virchow,40x__2p5x,0.5088237524032593,0.5990318953990936,0.1139000058174133,40× ↔ 2.5×,-2.019273517977436,2.019273517977436
KIRC,TCGA-B0-5106-01Z-00-DX1.564e51a3-be50-4eed-ba9c-4d478b96ffc6,virchow,Virchow,10x__2p5x,0.5752773284912109,0.6328028440475464,0.2309000045061111,10× ↔ 2.5×,-2.5252743787526617,2.5252743787526617
KIRC,TCGA-B0-5711-01Z-00-DX1.6839921f-ec08-4e94-8bf9-4b5a4fcdda45,virchow,Virchow,40x__10x,0.7072934508323669,0.8251365125179291,0.1972000151872635,40× ↔ 10×,-0.21904545125346703,0.21904545125346703
KIRC,TCGA-B0-5711-01Z-00-DX1.6839921f-ec08-4e94-8bf9-4b5a4fcdda45,virchow,Virchow,40x__2p5x,0.6856393814086914,0.595779538154602,0.1474000215530395,40× ↔ 2.5×,-2.78509161310812,2.78509161310812
KIRC,TCGA-B0-5711-01Z-00-DX1.6839921f-ec08-4e94-8bf9-4b5a4fcdda45,virchow,Virchow,10x__2p5x,0.6052582263946533,0.5987004339694977,0.2480000108480453,10× ↔ 2.5×,-3.3040452435420966,3.3040452435420966
KIRC,TCGA-B2-5633-01Z-00-DX1.c55a29ca-468e-46de-9ff5-a51f46fe09fd,virchow,Virchow,40x__10x,0.6374924778938293,0.8249523341655731,0.2039000242948532,40× ↔ 10×,-0.02370186796014593,0.02370186796014593
KIRC,TCGA-B2-5633-01Z-00-DX1.c55a29ca-468e-46de-9ff5-a51f46fe09fd,virchow,Virchow,40x__2p5x,0.3170510828495025,0.5572081953287125,0.1388999968767166,40× ↔ 2.5×,-3.743384422730281,3.743384422730281
KIRC,TCGA-B2-5633-01Z-00-DX1.c55a29ca-468e-46de-9ff5-a51f46fe09fd,virchow,Virchow,10x__2p5x,0.4661805927753448,0.6471998989582062,0.2558000087738037,10× ↔ 2.5×,-4.236030904234787,4.236030904234787
KIRC,TCGA-BP-4991-01Z-00-DX1.71305f5c-ca59-48fa-bb82-4b441c1fffdc,virchow,Virchow,40x__10x,0.8282270431518555,0.8890834450721741,0.2290000170469284,40× ↔ 10×,-0.09769601185807417,0.09769601185807417
KIRC,TCGA-BP-4991-01Z-00-DX1.71305f5c-ca59-48fa-bb82-4b441c1fffdc,virchow,Virchow,40x__2p5x,0.603410005569458,0.5741068124771118,0.1385000050067901,40× ↔ 2.5×,-3.4605670946443974,3.4605670946443974
KIRC,TCGA-BP-4991-01Z-00-DX1.71305f5c-ca59-48fa-bb82-4b441c1fffdc,virchow,Virchow,10x__2p5x,0.7455915212631226,0.6160787343978882,0.2574000358581543,10× ↔ 2.5×,-3.2828565643772096,3.2828565643772096
KIRC,TCGA-BP-5201-01Z-00-DX1.d1a9878e-bb97-48fb-9098-9d9337f06250,virchow,Virchow,40x__10x,0.4758467376232147,0.8058803975582123,0.1319000124931335,40× ↔ 10×,-0.632356566339513,0.632356566339513
KIRC,TCGA-BP-5201-01Z-00-DX1.d1a9878e-bb97-48fb-9098-9d9337f06250,virchow,Virchow,40x__2p5x,0.3053451478481293,0.6770683228969574,0.0880000069737434,40× ↔ 2.5×,-3.2784622525367837,3.2784622525367837
KIRC,TCGA-BP-5201-01Z-00-DX1.d1a9878e-bb97-48fb-9098-9d9337f06250,virchow,Virchow,10x__2p5x,0.5124356150627136,0.6909554600715637,0.1686000078916549,10× ↔ 2.5×,-3.6738554270662567,3.6738554270662567
LUAD,TCGA-55-6986-01Z-00-DX1.ae52d41e-3cd6-4d36-b04b-2ea7d29bd8da,virchow,Virchow,40x__10x,0.4309301972389221,0.7621099948883057,0.1859000027179718,40× ↔ 10×,-0.5376496898457739,0.5376496898457739
LUAD,TCGA-55-6986-01Z-00-DX1.ae52d41e-3cd6-4d36-b04b-2ea7d29bd8da,virchow,Virchow,40x__2p5x,0.2795256376266479,0.3855740800499916,0.1245999932289123,40× ↔ 2.5×,-2.7733648497409655,2.7733648497409655
LUAD,TCGA-55-6986-01Z-00-DX1.ae52d41e-3cd6-4d36-b04b-2ea7d29bd8da,virchow,Virchow,10x__2p5x,0.5001553297042847,0.5794785022735596,0.2277000248432159,10× ↔ 2.5×,-3.903867654537573,3.903867654537573
LUAD,TCGA-64-5779-01Z-00-DX1.B3268447-DCE0-4927-B5A9-EC4D61E9B17D,virchow,Virchow,40x__10x,0.6952421069145203,0.7262959182262421,0.1792000085115432,40× ↔ 10×,-2.5034394767329404,2.5034394767329404
LUAD,TCGA-64-5779-01Z-00-DX1.B3268447-DCE0-4927-B5A9-EC4D61E9B17D,virchow,Virchow,40x__2p5x,0.1584440171718597,0.1835610643029213,0.077000007033348,40× ↔ 2.5×,-1.2993967966051017,1.2993967966051017
LUAD,TCGA-64-5779-01Z-00-DX1.B3268447-DCE0-4927-B5A9-EC4D61E9B17D,virchow,Virchow,10x__2p5x,0.2707061469554901,0.3926699832081795,0.1255000084638595,10× ↔ 2.5×,1.1208402715293861,-1.1208402715293861
LUAD,TCGA-78-7158-01Z-00-DX1.74db3dcd-2715-4ce7-8e48-30c8b7946ba0,virchow,Virchow,40x__10x,0.4485387802124023,0.8362250328063965,0.110600009560585,40× ↔ 10×,-1.3907541233339642,1.3907541233339642
LUAD,TCGA-78-7158-01Z-00-DX1.74db3dcd-2715-4ce7-8e48-30c8b7946ba0,virchow,Virchow,40x__2p5x,0.2423864156007766,0.472390353679657,0.075200006365776,40× ↔ 2.5×,-5.0448690444493325,5.0448690444493325
LUAD,TCGA-78-7158-01Z-00-DX1.74db3dcd-2715-4ce7-8e48-30c8b7946ba0,virchow,Virchow,10x__2p5x,0.3307296335697174,0.5674023032188416,0.1339000016450882,10× ↔ 2.5×,-3.6942229843508265,3.6942229843508265
LUAD,TCGA-78-7163-01Z-00-DX1.42880bdf-271d-41dd-aada-e7ec1156ff31,virchow,Virchow,40x__10x,0.5378090143203735,0.8435907661914825,0.1319999992847442,40× ↔ 10×,-2.6571939294142632,2.6571939294142632
LUAD,TCGA-78-7163-01Z-00-DX1.42880bdf-271d-41dd-aada-e7ec1156ff31,virchow,Virchow,40x__2p5x,0.2395848035812378,0.6138515770435333,0.0827000066637992,40× ↔ 2.5×,-6.397160790450028,6.397160790450028
LUAD,TCGA-78-7163-01Z-00-DX1.42880bdf-271d-41dd-aada-e7ec1156ff31,virchow,Virchow,10x__2p5x,0.4133611023426056,0.6653474569320679,0.1706999987363815,10× ↔ 2.5×,-3.1541793868646857,3.1541793868646857
LUAD,TCGA-78-7536-01Z-00-DX1.6b066140-8b82-40a5-bd48-430eeb4463fe,virchow,Virchow,40x__10x,0.3300051093101501,0.7441992461681366,0.1096000149846077,40× ↔ 10×,-3.067069856063266,3.067069856063266
LUAD,TCGA-78-7536-01Z-00-DX1.6b066140-8b82-40a5-bd48-430eeb4463fe,virchow,Virchow,40x__2p5x,0.1394942998886108,0.371520385146141,0.0574000030755996,40× ↔ 2.5×,-3.7029004208809275,3.7029004208809275
LUAD,TCGA-78-7536-01Z-00-DX1.6b066140-8b82-40a5-bd48-430eeb4463fe,virchow,Virchow,10x__2p5x,0.2249904125928878,0.5904390215873718,0.1070000082254409,10× ↔ 2.5×,-2.783682221055728,2.783682221055728
LUAD,TCGA-86-8668-01Z-00-DX1.d720d486-02c7-4f98-8feb-e0e50a12c158,virchow,Virchow,40x__10x,0.5911307334899902,0.7510824501514435,0.1613000333309173,40× ↔ 10×,-0.8887472568933882,0.8887472568933882
LUAD,TCGA-86-8668-01Z-00-DX1.d720d486-02c7-4f98-8feb-e0e50a12c158,virchow,Virchow,40x__2p5x,0.4855572879314422,0.3959299325942993,0.1022000014781951,40× ↔ 2.5×,-1.9823629666584275,1.9823629666584275
LUAD,TCGA-86-8668-01Z-00-DX1.d720d486-02c7-4f98-8feb-e0e50a12c158,virchow,Virchow,10x__2p5x,0.5425921082496643,0.4734571725130081,0.188400000333786,10× ↔ 2.5×,-1.9858264708028446,1.9858264708028446
LUAD,TCGA-97-A4LX-01Z-00-DX1.B2334672-A626-4E74-B4D1-A79F70F65909,virchow,Virchow,40x__10x,0.5265809297561646,0.635321244597435,0.1432000249624252,40× ↔ 10×,-0.5195528276454102,0.5195528276454102
LUAD,TCGA-97-A4LX-01Z-00-DX1.B2334672-A626-4E74-B4D1-A79F70F65909,virchow,Virchow,40x__2p5x,0.3078539669513702,0.1957208216190338,0.06980000436306,40× ↔ 2.5×,-5.5779990549922935,5.5779990549922935
LUAD,TCGA-97-A4LX-01Z-00-DX1.B2334672-A626-4E74-B4D1-A79F70F65909,virchow,Virchow,10x__2p5x,0.5221892595291138,0.3119916245341301,0.112800009548664,10× ↔ 2.5×,-3.9727070484888642,3.9727070484888642
LUAD,TCGA-97-A4M2-01Z-00-DX1.5C72522C-1538-4D68-B517-5FB05A9D401A,virchow,Virchow,40x__10x,0.5656677484512329,0.6316661536693573,0.1755000054836273,40× ↔ 10×,-0.717041652042523,0.717041652042523
LUAD,TCGA-97-A4M2-01Z-00-DX1.5C72522C-1538-4D68-B517-5FB05A9D401A,virchow,Virchow,40x__2p5x,0.5470014810562134,0.2520856037735939,0.101000003516674,40× ↔ 2.5×,-4.9364948811420195,4.9364948811420195
LUAD,TCGA-97-A4M2-01Z-00-DX1.5C72522C-1538-4D68-B517-5FB05A9D401A,virchow,Virchow,10x__2p5x,0.525801420211792,0.346101626753807,0.1801000088453292,10× ↔ 2.5×,-3.741635371808873,3.741635371808873
LUAD,TCGA-J2-A4AE-01Z-00-DX1.42C5DE4A-7787-4E59-8969-D12503262C96,virchow,Virchow,40x__10x,0.6039469838142395,0.5960239768028259,0.1554000079631805,40× ↔ 10×,-0.12801434735644374,0.12801434735644374
LUAD,TCGA-J2-A4AE-01Z-00-DX1.42C5DE4A-7787-4E59-8969-D12503262C96,virchow,Virchow,40x__2p5x,0.3864172101020813,0.1834612637758255,0.0968000069260597,40× ↔ 2.5×,-4.134030374074017,4.134030374074017
LUAD,TCGA-J2-A4AE-01Z-00-DX1.42C5DE4A-7787-4E59-8969-D12503262C96,virchow,Virchow,10x__2p5x,0.6169924139976501,0.3121532127261162,0.1911000162363052,10× ↔ 2.5×,-2.4337643070166557,2.4337643070166557
STAD,TCGA-BR-6452-01Z-00-DX1.aec8246e-9dce-436d-9faa-df8fa1f6e47c,virchow,Virchow,40x__10x,0.4566391706466675,0.7861241400241852,0.2107000201940536,40× ↔ 10×,-0.8925629854636113,0.8925629854636113
STAD,TCGA-BR-6452-01Z-00-DX1.aec8246e-9dce-436d-9faa-df8fa1f6e47c,virchow,Virchow,40x__2p5x,0.3797051906585693,0.4733918309211731,0.142300009727478,40× ↔ 2.5×,-6.6547868524941025,6.6547868524941025
STAD,TCGA-BR-6452-01Z-00-DX1.aec8246e-9dce-436d-9faa-df8fa1f6e47c,virchow,Virchow,10x__2p5x,0.4434394836425781,0.5251309722661972,0.2243000268936157,10× ↔ 2.5×,-7.568190798216523,7.568190798216523
STAD,TCGA-BR-6454-01Z-00-DX1.63fb6280-2b43-49b2-960a-eb9c0e8b617c,virchow,Virchow,40x__10x,0.2904431521892547,0.7171412706375122,0.1268000155687332,40× ↔ 10×,-1.2289519026082105,1.2289519026082105
STAD,TCGA-BR-6454-01Z-00-DX1.63fb6280-2b43-49b2-960a-eb9c0e8b617c,virchow,Virchow,40x__2p5x,0.1254813373088836,0.3721861541271209,0.0723000094294548,40× ↔ 2.5×,-10.332734178430746,10.332734178430746
STAD,TCGA-BR-6454-01Z-00-DX1.63fb6280-2b43-49b2-960a-eb9c0e8b617c,virchow,Virchow,10x__2p5x,0.2460355460643768,0.4634355455636978,0.1527000069618225,10× ↔ 2.5×,-10.128852760567753,10.128852760567753
STAD,TCGA-BR-A4CQ-01Z-00-DX1.B63282A5-154D-441B-BF96-5BB26CB6D95E,virchow,Virchow,40x__10x,0.7799305319786072,0.8090453147888184,0.2386000156402588,40× ↔ 10×,-1.7896975601436715,1.7896975601436715
STAD,TCGA-BR-A4CQ-01Z-00-DX1.B63282A5-154D-441B-BF96-5BB26CB6D95E,virchow,Virchow,40x__2p5x,0.4753884971141815,0.2394578456878662,0.1385000050067901,40× ↔ 2.5×,-7.607511925469174,7.607511925469174
STAD,TCGA-BR-A4CQ-01Z-00-DX1.B63282A5-154D-441B-BF96-5BB26CB6D95E,virchow,Virchow,10x__2p5x,0.5955327749252319,0.3568421006202698,0.2521000206470489,10× ↔ 2.5×,-8.154998491310902,8.154998491310902
STAD,TCGA-CD-A487-01Z-00-DX1.A026BD2F-B721-4340-83D5-7AA39227C90F,virchow,Virchow,40x__10x,0.7181103825569153,0.6712576448917389,0.2781000137329101,40× ↔ 10×,-0.9091598276632379,0.9091598276632379
STAD,TCGA-CD-A487-01Z-00-DX1.A026BD2F-B721-4340-83D5-7AA39227C90F,virchow,Virchow,40x__2p5x,0.4398770332336426,0.3714256286621094,0.188600018620491,40× ↔ 2.5×,-6.343328131864989,6.343328131864989
STAD,TCGA-CD-A487-01Z-00-DX1.A026BD2F-B721-4340-83D5-7AA39227C90F,virchow,Virchow,10x__2p5x,0.5292208194732666,0.4244985580444336,0.3077000379562378,10× ↔ 2.5×,-5.4579688198402865,5.4579688198402865
STAD,TCGA-FP-8209-01Z-00-DX1.a5e13081-1631-44d4-8d6a-c229a22c2311,virchow,Virchow,40x__10x,0.564664363861084,0.7110434472560883,0.2795999944210052,40× ↔ 10×,1.3888775054886242,-1.3888775054886242
STAD,TCGA-FP-8209-01Z-00-DX1.a5e13081-1631-44d4-8d6a-c229a22c2311,virchow,Virchow,40x__2p5x,0.4495601058006286,0.4332127124071121,0.2135000228881836,40× ↔ 2.5×,-5.507173987912793,5.507173987912793
STAD,TCGA-FP-8209-01Z-00-DX1.a5e13081-1631-44d4-8d6a-c229a22c2311,virchow,Virchow,10x__2p5x,0.5233460664749146,0.5983185470104218,0.3472999930381775,10× ↔ 2.5×,-7.480782763911537,7.480782763911537
STAD,TCGA-SW-A7EA-01Z-00-DX1.C5E1BE0E-0A25-4480-A3AC-DB2ED7471A4E,virchow,Virchow,40x__10x,0.8593838810920715,0.7683359086513519,0.19930000603199,40× ↔ 10×,-1.2503921045268784,1.2503921045268784
STAD,TCGA-SW-A7EA-01Z-00-DX1.C5E1BE0E-0A25-4480-A3AC-DB2ED7471A4E,virchow,Virchow,40x__2p5x,0.8455231189727783,0.4219704866409302,0.135900005698204,40× ↔ 2.5×,-6.568414822067817,6.568414822067817
STAD,TCGA-SW-A7EA-01Z-00-DX1.C5E1BE0E-0A25-4480-A3AC-DB2ED7471A4E,virchow,Virchow,10x__2p5x,0.8405894637107849,0.5826719403266907,0.2866000235080719,10× ↔ 2.5×,-7.018205761443478,7.018205761443478
STAD,TCGA-VQ-A8PY-01Z-00-DX1.EA2C7386-012A-442A-95B3-FFA12BD2684D,virchow,Virchow,40x__10x,0.8330291509628296,0.6781173944473267,0.313800036907196,40× ↔ 10×,-1.2917865742851078,1.2917865742851078
STAD,TCGA-VQ-A8PY-01Z-00-DX1.EA2C7386-012A-442A-95B3-FFA12BD2684D,virchow,Virchow,40x__2p5x,0.5722084641456604,0.2424135953187942,0.183300033211708,40× ↔ 2.5×,-5.988897425655415,5.988897425655415
STAD,TCGA-VQ-A8PY-01Z-00-DX1.EA2C7386-012A-442A-95B3-FFA12BD2684D,virchow,Virchow,10x__2p5x,0.656830906867981,0.348751813173294,0.2853000462055206,10× ↔ 2.5×,-6.049633875676564,6.049633875676564
STAD,TCGA-VQ-A924-01Z-00-DX1.736B41F3-9678-4FAF-AE86-FCAC4F6DCBD3,virchow,Virchow,40x__10x,0.749858558177948,0.56759974360466,0.1798000186681747,40× ↔ 10×,-0.8785637755180387,0.8785637755180387
STAD,TCGA-VQ-A924-01Z-00-DX1.736B41F3-9678-4FAF-AE86-FCAC4F6DCBD3,virchow,Virchow,40x__2p5x,0.3480616211891174,0.3182372897863388,0.1209000051021575,40× ↔ 2.5×,-8.893308944554205,8.893308944554205
STAD,TCGA-VQ-A924-01Z-00-DX1.736B41F3-9678-4FAF-AE86-FCAC4F6DCBD3,virchow,Virchow,10x__2p5x,0.4383915960788727,0.3828956484794616,0.2444000244140625,10× ↔ 2.5×,-9.282087209029658,9.282087209029658
STAD,TCGA-ZQ-A9CR-01Z-00-DX1.C9AC9991-7054-4068-A7AA-9D1EB7F040A3,virchow,Virchow,40x__10x,0.9595006704330444,0.9063652753829956,0.2571000158786773,40× ↔ 10×,-1.9795313142906892,1.9795313142906892
STAD,TCGA-ZQ-A9CR-01Z-00-DX1.C9AC9991-7054-4068-A7AA-9D1EB7F040A3,virchow,Virchow,40x__2p5x,0.7298874855041504,0.5946605801582336,0.1581000089645385,40× ↔ 2.5×,-9.876615078810497,9.876615078810497
STAD,TCGA-ZQ-A9CR-01Z-00-DX1.C9AC9991-7054-4068-A7AA-9D1EB7F040A3,virchow,Virchow,10x__2p5x,0.7638335824012756,0.66930291056633,0.2488000243902206,10× ↔ 2.5×,-9.283405901456273,9.283405901456273
UCEC,TCGA-A5-A0GX-01Z-00-DX1.7E713D1A-5858-4648-957D-77189E43CFAA,virchow,Virchow,40x__10x,0.7813384532928467,0.7570366263389587,0.2153000086545944,40× ↔ 10×,-0.6372291125659941,0.6372291125659941
UCEC,TCGA-A5-A0GX-01Z-00-DX1.7E713D1A-5858-4648-957D-77189E43CFAA,virchow,Virchow,40x__2p5x,0.5611690878868103,0.3349033743143081,0.1179000064730644,40× ↔ 2.5×,-5.587481422091625,5.587481422091625
UCEC,TCGA-A5-A0GX-01Z-00-DX1.7E713D1A-5858-4648-957D-77189E43CFAA,virchow,Virchow,10x__2p5x,0.6495158672332764,0.3579125255346298,0.197700023651123,10× ↔ 2.5×,-3.16726207698389,3.16726207698389
UCEC,TCGA-A5-A0R7-01Z-00-DX1.D21E6974-22A3-4A68-8B4E-14E84A7A50A5,virchow,Virchow,40x__10x,0.7237043976783752,0.705222487449646,0.1981000155210495,40× ↔ 10×,-2.4163657978747635,2.4163657978747635
UCEC,TCGA-A5-A0R7-01Z-00-DX1.D21E6974-22A3-4A68-8B4E-14E84A7A50A5,virchow,Virchow,40x__2p5x,0.5801534056663513,0.3534879237413406,0.1001000106334686,40× ↔ 2.5×,-5.354641983250361,5.354641983250361
UCEC,TCGA-A5-A0R7-01Z-00-DX1.D21E6974-22A3-4A68-8B4E-14E84A7A50A5,virchow,Virchow,10x__2p5x,0.6062132120132446,0.3307659029960632,0.1589000225067138,10× ↔ 2.5×,-4.170233845780278,4.170233845780278
UCEC,TCGA-AX-A05U-01Z-00-DX1.1EBFC727-B5D5-4543-BBA9-4254ABD3D584,virchow,Virchow,40x__10x,0.7089929580688477,0.6920989155769348,0.2237000167369842,40× ↔ 10×,-1.1547693777064183,1.1547693777064183
UCEC,TCGA-AX-A05U-01Z-00-DX1.1EBFC727-B5D5-4543-BBA9-4254ABD3D584,virchow,Virchow,40x__2p5x,0.611168384552002,0.2945649772882461,0.1345000267028808,40× ↔ 2.5×,-5.704906675421796,5.704906675421796
UCEC,TCGA-AX-A05U-01Z-00-DX1.1EBFC727-B5D5-4543-BBA9-4254ABD3D584,virchow,Virchow,10x__2p5x,0.6911133527755737,0.3694658875465393,0.213000014424324,10× ↔ 2.5×,-3.969448309048579,3.969448309048579
UCEC,TCGA-AX-A06B-01Z-00-DX2.1757C039-99F7-4087-A9E5-D340AF7220D4,virchow,Virchow,40x__10x,0.793562650680542,0.7201062142848969,0.2073000073432922,40× ↔ 10×,-1.311528717060885,1.311528717060885
UCEC,TCGA-AX-A06B-01Z-00-DX2.1757C039-99F7-4087-A9E5-D340AF7220D4,virchow,Virchow,40x__2p5x,0.2963716089725494,0.2163400128483772,0.1429000049829483,40× ↔ 2.5×,-3.961445651034235,3.961445651034235
UCEC,TCGA-AX-A06B-01Z-00-DX2.1757C039-99F7-4087-A9E5-D340AF7220D4,virchow,Virchow,10x__2p5x,0.3552758991718292,0.3665803447365761,0.2249000072479248,10× ↔ 2.5×,-3.166189350648012,3.166189350648012
UCEC,TCGA-AX-A0J0-01Z-00-DX2.56C668BE-03B8-4B87-A226-AABD97D53C38,virchow,Virchow,40x__10x,0.8845078945159912,0.7137672007083893,0.2348000258207321,40× ↔ 10×,-1.2020388846272791,1.2020388846272791
UCEC,TCGA-AX-A0J0-01Z-00-DX2.56C668BE-03B8-4B87-A226-AABD97D53C38,virchow,Virchow,40x__2p5x,0.6284023523330688,0.2942200303077698,0.1339000016450882,40× ↔ 2.5×,-5.860738505011048,5.860738505011048
UCEC,TCGA-AX-A0J0-01Z-00-DX2.56C668BE-03B8-4B87-A226-AABD97D53C38,virchow,Virchow,10x__2p5x,0.6892154216766357,0.4304611831903457,0.1970999985933303,10× ↔ 2.5×,-4.034114627820937,4.034114627820937
UCEC,TCGA-B5-A11F-01Z-00-DX1.3F1C053D-E81E-4C8D-965D-6F3DE29D9511,virchow,Virchow,40x__10x,0.7692545652389526,0.6664370894432068,0.2161000221967697,40× ↔ 10×,-0.17094208337523273,0.17094208337523273
UCEC,TCGA-B5-A11F-01Z-00-DX1.3F1C053D-E81E-4C8D-965D-6F3DE29D9511,virchow,Virchow,40x__2p5x,0.5950846672058105,0.1982028186321258,0.1245000064373016,40× ↔ 2.5×,-7.116727468960065,7.116727468960065
UCEC,TCGA-B5-A11F-01Z-00-DX1.3F1C053D-E81E-4C8D-965D-6F3DE29D9511,virchow,Virchow,10x__2p5x,0.7028632164001465,0.2930703088641166,0.2309000045061111,10× ↔ 2.5×,-5.721134626816502,5.721134626816502
UCEC,TCGA-BG-A0W1-01Z-00-DX1.8E06269C-1278-478B-A128-59FA911B1649,virchow,Virchow,40x__10x,0.880596935749054,0.5702641606330872,0.2322000116109848,40× ↔ 10×,-1.6184367762739487,1.6184367762739487
UCEC,TCGA-BG-A0W1-01Z-00-DX1.8E06269C-1278-478B-A128-59FA911B1649,virchow,Virchow,40x__2p5x,0.5613914728164673,0.1862815022468567,0.1289000064134597,40× ↔ 2.5×,-5.196400853980497,5.196400853980497
UCEC,TCGA-BG-A0W1-01Z-00-DX1.8E06269C-1278-478B-A128-59FA911B1649,virchow,Virchow,10x__2p5x,0.5631773471832275,0.2604904472827911,0.2138000130653381,10× ↔ 2.5×,-4.587050849325833,4.587050849325833
UCEC,TCGA-EY-A1GQ-01Z-00-DX1.03D52C6F-515E-4A4F-A08E-31D773BCC67F,virchow,Virchow,40x__10x,0.5277900099754333,0.5732390880584717,0.1168999969959259,40× ↔ 10×,-1.6566095637707403,1.6566095637707403
UCEC,TCGA-EY-A1GQ-01Z-00-DX1.03D52C6F-515E-4A4F-A08E-31D773BCC67F,virchow,Virchow,40x__2p5x,0.1553274095058441,0.1537827774882316,0.0620000027120113,40× ↔ 2.5×,-6.336262238233838,6.336262238233838
UCEC,TCGA-EY-A1GQ-01Z-00-DX1.03D52C6F-515E-4A4F-A08E-31D773BCC67F,virchow,Virchow,10x__2p5x,0.3227815926074981,0.3416968807578087,0.155100017786026,10× ↔ 2.5×,-7.412509231533991,7.412509231533991
UCEC,TCGA-FI-A2EX-01Z-00-DX1.127F5153-745D-43E6-83CA-DE2738702C62,virchow,Virchow,40x__10x,0.7112647891044617,0.755124032497406,0.2183000147342682,40× ↔ 10×,-0.8180657215195091,0.8180657215195091
UCEC,TCGA-FI-A2EX-01Z-00-DX1.127F5153-745D-43E6-83CA-DE2738702C62,virchow,Virchow,40x__2p5x,0.4986302852630615,0.3132838755846023,0.1500000059604644,40× ↔ 2.5×,-4.495039000019401,4.495039000019401
UCEC,TCGA-FI-A2EX-01Z-00-DX1.127F5153-745D-43E6-83CA-DE2738702C62,virchow,Virchow,10x__2p5x,0.5228532552719116,0.3948938250541687,0.1999000012874603,10× ↔ 2.5×,-2.7584678635636886,2.7584678635636886
BLCA,TCGA-CF-A3MF-01Z-00-DX1.91768C26-5BB1-4DE6-9737-AA26BD687A75,virchow2,Virchow2,40x__10x,0.4791338443756103,0.749801754951477,0.1484000235795974,40× ↔ 10×,-1.7903685419930995,1.7903685419930995
BLCA,TCGA-CF-A3MF-01Z-00-DX1.91768C26-5BB1-4DE6-9737-AA26BD687A75,virchow2,Virchow2,40x__2p5x,0.3676212728023529,0.4867564588785171,0.0786999985575676,40× ↔ 2.5×,-1.614861003064453,1.614861003064453
BLCA,TCGA-CF-A3MF-01Z-00-DX1.91768C26-5BB1-4DE6-9737-AA26BD687A75,virchow2,Virchow2,10x__2p5x,0.4240017235279083,0.6741953492164612,0.1509000211954116,10× ↔ 2.5×,-0.7461302181528272,0.7461302181528272
BLCA,TCGA-CU-A0YN-01Z-00-DX1.6C5EAAAF-8F14-49D3-8FFC-9BDAE56CAFD0,virchow2,Virchow2,40x__10x,0.3238448202610016,0.7041317522525787,0.1340000033378601,40× ↔ 10×,0.9546754222601216,-0.9546754222601216
BLCA,TCGA-CU-A0YN-01Z-00-DX1.6C5EAAAF-8F14-49D3-8FFC-9BDAE56CAFD0,virchow2,Virchow2,40x__2p5x,0.1073915213346481,0.529290109872818,0.1000000014901161,40× ↔ 2.5×,-1.43153965828825,1.43153965828825
BLCA,TCGA-CU-A0YN-01Z-00-DX1.6C5EAAAF-8F14-49D3-8FFC-9BDAE56CAFD0,virchow2,Virchow2,10x__2p5x,0.2951000034809112,0.6739212274551392,0.2990000247955322,10× ↔ 2.5×,-2.429216440502192,2.429216440502192
BLCA,TCGA-DK-A6AW-01Z-00-DX1.C2453A8C-8282-443C-9E76-5B6CAD2FE69B,virchow2,Virchow2,40x__10x,0.5763185620307922,0.6981581747531891,0.2136000096797943,40× ↔ 10×,-1.732718892842223,1.732718892842223
BLCA,TCGA-DK-A6AW-01Z-00-DX1.C2453A8C-8282-443C-9E76-5B6CAD2FE69B,virchow2,Virchow2,40x__2p5x,0.4427132308483124,0.4851019829511642,0.1479000002145767,40× ↔ 2.5×,-2.9298366775034084,2.9298366775034084
BLCA,TCGA-DK-A6AW-01Z-00-DX1.C2453A8C-8282-443C-9E76-5B6CAD2FE69B,virchow2,Virchow2,10x__2p5x,0.5167720317840576,0.6196353137493134,0.2962999939918518,10× ↔ 2.5×,-0.8942563467448779,0.8942563467448779
BLCA,TCGA-DK-AA6L-01A-01-TSA.5794F0C6-9ED6-489A-9621-18CCC5935548,virchow2,Virchow2,40x__10x,0.3617679476737976,0.7129070460796356,0.1277000159025192,40× ↔ 10×,0.4410907754416328,-0.4410907754416328
BLCA,TCGA-DK-AA6L-01A-01-TSA.5794F0C6-9ED6-489A-9621-18CCC5935548,virchow2,Virchow2,40x__2p5x,0.1530846953392028,0.3975097090005874,0.0862000063061714,40× ↔ 2.5×,-1.0489162370668395,1.0489162370668395
BLCA,TCGA-DK-AA6L-01A-01-TSA.5794F0C6-9ED6-489A-9621-18CCC5935548,virchow2,Virchow2,10x__2p5x,0.2925191521644592,0.5983794331550598,0.2098000198602676,10× ↔ 2.5×,-0.4622271977483883,0.4622271977483883
BLCA,TCGA-DK-AA77-01A-01-TSA.26CAF5CB-CC4F-4522-BD2B-343FB70205FE,virchow2,Virchow2,40x__10x,0.2146445363759994,0.6718415915966034,0.0799000039696693,40× ↔ 10×,0.849752683672904,-0.849752683672904
BLCA,TCGA-DK-AA77-01A-01-TSA.26CAF5CB-CC4F-4522-BD2B-343FB70205FE,virchow2,Virchow2,40x__2p5x,0.0732243806123733,0.4046750366687774,0.056800004094839,40× ↔ 2.5×,0.9193211981506145,-0.9193211981506145
BLCA,TCGA-DK-AA77-01A-01-TSA.26CAF5CB-CC4F-4522-BD2B-343FB70205FE,virchow2,Virchow2,10x__2p5x,0.099722608923912,0.6360361576080322,0.1530000120401382,10× ↔ 2.5×,-0.0026801275548446043,0.0026801275548446043
BLCA,TCGA-FD-A6TK-01Z-00-DX1.B685DA87-72A6-4C38-8AA1-40B6E543383C,virchow2,Virchow2,40x__10x,0.3769818544387817,0.7246378064155579,0.2184000015258789,40× ↔ 10×,-1.2097060969305122,1.2097060969305122
BLCA,TCGA-FD-A6TK-01Z-00-DX1.B685DA87-72A6-4C38-8AA1-40B6E543383C,virchow2,Virchow2,40x__2p5x,0.2549130916595459,0.5506002008914948,0.1501000076532364,40× ↔ 2.5×,-2.7816371701602463,2.7816371701602463
BLCA,TCGA-FD-A6TK-01Z-00-DX1.B685DA87-72A6-4C38-8AA1-40B6E543383C,virchow2,Virchow2,10x__2p5x,0.4216764569282532,0.7209320664405823,0.2715000212192535,10× ↔ 2.5×,-0.40732047779102754,0.40732047779102754
BLCA,TCGA-GU-AATP-01Z-00-DX1.0D8EC37C-88E7-49D5-A76D-F0A4A3FD8AE4,virchow2,Virchow2,40x__10x,0.3944799304008484,0.7411729991436005,0.2128000110387802,40× ↔ 10×,-0.2761834387952474,0.2761834387952474
BLCA,TCGA-GU-AATP-01Z-00-DX1.0D8EC37C-88E7-49D5-A76D-F0A4A3FD8AE4,virchow2,Virchow2,40x__2p5x,0.2871944904327392,0.5381152331829071,0.125900000333786,40× ↔ 2.5×,-2.124634633268052,2.124634633268052
BLCA,TCGA-GU-AATP-01Z-00-DX1.0D8EC37C-88E7-49D5-A76D-F0A4A3FD8AE4,virchow2,Virchow2,10x__2p5x,0.4123548567295074,0.6939598023891449,0.2417000234127044,10× ↔ 2.5×,-0.16508119981891034,0.16508119981891034
BLCA,TCGA-XF-A8HB-01Z-00-DX1.D6874152-D20A-4CA4-8E8B-8CBAB5F7D7B5,virchow2,Virchow2,40x__10x,0.3213270008563995,0.7167686820030212,0.1900000125169754,40× ↔ 10×,-1.2391012193801276,1.2391012193801276
BLCA,TCGA-XF-A8HB-01Z-00-DX1.D6874152-D20A-4CA4-8E8B-8CBAB5F7D7B5,virchow2,Virchow2,40x__2p5x,0.1555454730987548,0.5660835206508636,0.1045000031590461,40× ↔ 2.5×,-2.2974674807538924,2.2974674807538924
BLCA,TCGA-XF-A8HB-01Z-00-DX1.D6874152-D20A-4CA4-8E8B-8CBAB5F7D7B5,virchow2,Virchow2,10x__2p5x,0.3074144124984741,0.730865865945816,0.2046000212430954,10× ↔ 2.5×,-0.25544858386199054,0.25544858386199054
BLCA,TCGA-ZF-A9R1-01Z-00-DX1.74520759-D448-45B5-B8AD-45502C99A519,virchow2,Virchow2,40x__10x,0.309249609708786,0.7088389992713928,0.2384000122547149,40× ↔ 10×,-1.3807221821839661,1.3807221821839661
BLCA,TCGA-ZF-A9R1-01Z-00-DX1.74520759-D448-45B5-B8AD-45502C99A519,virchow2,Virchow2,40x__2p5x,0.2222909778356552,0.5329519808292389,0.1449000090360641,40× ↔ 2.5×,-2.5291867677871265,2.5291867677871265
BLCA,TCGA-ZF-A9R1-01Z-00-DX1.74520759-D448-45B5-B8AD-45502C99A519,virchow2,Virchow2,10x__2p5x,0.4008265733718872,0.7043889760971069,0.2648999989032745,10× ↔ 2.5×,-0.4778740024762146,0.4778740024762146
BLCA,TCGA-ZF-AA51-01Z-00-DX1.128C9731-C206-4E71-9A64-864FA9FD7E96,virchow2,Virchow2,40x__10x,0.5333211421966553,0.7604281008243561,0.2669000327587127,40× ↔ 10×,-1.0587382088402078,1.0587382088402078
BLCA,TCGA-ZF-AA51-01Z-00-DX1.128C9731-C206-4E71-9A64-864FA9FD7E96,virchow2,Virchow2,40x__2p5x,0.3330762684345245,0.5802242457866669,0.1471000015735626,40× ↔ 2.5×,-1.8081017172326894,1.8081017172326894
BLCA,TCGA-ZF-AA51-01Z-00-DX1.128C9731-C206-4E71-9A64-864FA9FD7E96,virchow2,Virchow2,10x__2p5x,0.4595374464988708,0.7183346748352051,0.2247000038623809,10× ↔ 2.5×,-1.26584357157844,1.26584357157844
BRCA,TCGA-A7-A2KD-01Z-00-DX1.BFF2DFC8-1D95-4DC2-98FC-5BD7D7C6CDF5,virchow2,Virchow2,40x__10x,0.3882997334003448,0.6808494031429291,0.142300009727478,40× ↔ 10×,-0.6098434754319413,0.6098434754319413
BRCA,TCGA-A7-A2KD-01Z-00-DX1.BFF2DFC8-1D95-4DC2-98FC-5BD7D7C6CDF5,virchow2,Virchow2,40x__2p5x,0.1946667730808258,0.4715456813573837,0.1173000112175941,40× ↔ 2.5×,-0.45381385231257243,0.45381385231257243
BRCA,TCGA-A7-A2KD-01Z-00-DX1.BFF2DFC8-1D95-4DC2-98FC-5BD7D7C6CDF5,virchow2,Virchow2,10x__2p5x,0.526218593120575,0.7040301859378815,0.2802999913692474,10× ↔ 2.5×,-0.02603254411601359,0.02603254411601359
BRCA,TCGA-AN-A0G0-01Z-00-DX1.BE0BB5DF-DEDA-48D8-B5D8-2735C767F28F,virchow2,Virchow2,40x__10x,0.4781549274921417,0.6831003427505493,0.1165000051259994,40× ↔ 10×,-1.0499098901470236,1.0499098901470236
BRCA,TCGA-AN-A0G0-01Z-00-DX1.BE0BB5DF-DEDA-48D8-B5D8-2735C767F28F,virchow2,Virchow2,40x__2p5x,0.2734231948852539,0.50107841193676,0.0894000008702278,40× ↔ 2.5×,-1.7428339198125076,1.7428339198125076
BRCA,TCGA-AN-A0G0-01Z-00-DX1.BE0BB5DF-DEDA-48D8-B5D8-2735C767F28F,virchow2,Virchow2,10x__2p5x,0.5308329463005066,0.6561306118965149,0.2263000160455703,10× ↔ 2.5×,-0.04718366953852415,0.04718366953852415
BRCA,TCGA-AQ-A04L-01Z-00-DX1.F35BF4DD-896A-43C2-8DA6-C67945C003BE,virchow2,Virchow2,40x__10x,0.5007050633430481,0.728396862745285,0.1492000073194503,40× ↔ 10×,-0.7741489544011367,0.7741489544011367
BRCA,TCGA-AQ-A04L-01Z-00-DX1.F35BF4DD-896A-43C2-8DA6-C67945C003BE,virchow2,Virchow2,40x__2p5x,0.2673362791538238,0.5634843707084656,0.0977000072598457,40× ↔ 2.5×,-0.9592456660233643,0.9592456660233643
BRCA,TCGA-AQ-A04L-01Z-00-DX1.F35BF4DD-896A-43C2-8DA6-C67945C003BE,virchow2,Virchow2,10x__2p5x,0.45081627368927,0.7413519620895386,0.2342000305652618,10× ↔ 2.5×,-0.026975346440886238,0.026975346440886238
BRCA,TCGA-AR-A2LK-01Z-00-DX1.FBD59C38-CD4E-4C22-BC74-A57C192A9BBC,virchow2,Virchow2,40x__10x,0.4641878306865692,0.695777952671051,0.2018000334501266,40× ↔ 10×,-0.07836854537811784,0.07836854537811784
BRCA,TCGA-AR-A2LK-01Z-00-DX1.FBD59C38-CD4E-4C22-BC74-A57C192A9BBC,virchow2,Virchow2,40x__2p5x,0.2313398271799087,0.5304553508758545,0.1342000216245651,40× ↔ 2.5×,-0.717333362396847,0.717333362396847
BRCA,TCGA-AR-A2LK-01Z-00-DX1.FBD59C38-CD4E-4C22-BC74-A57C192A9BBC,virchow2,Virchow2,10x__2p5x,0.4214844703674316,0.6886913478374481,0.2559000253677368,10× ↔ 2.5×,-0.07089827306428334,0.07089827306428334
BRCA,TCGA-AR-A5QM-01Z-00-DX1.A9017CED-FF57-4090-95B9-94DC91854347,virchow2,Virchow2,40x__10x,0.3529695272445678,0.6805742681026459,0.1417000144720077,40× ↔ 10×,-0.0681779463647296,0.0681779463647296
BRCA,TCGA-AR-A5QM-01Z-00-DX1.A9017CED-FF57-4090-95B9-94DC91854347,virchow2,Virchow2,40x__2p5x,0.2083919048309326,0.5390626639127731,0.0968000069260597,40× ↔ 2.5×,-0.31086090484294704,0.31086090484294704
BRCA,TCGA-AR-A5QM-01Z-00-DX1.A9017CED-FF57-4090-95B9-94DC91854347,virchow2,Virchow2,10x__2p5x,0.5223168730735779,0.7314792573451996,0.231200024485588,10× ↔ 2.5×,-0.012044014118338279,0.012044014118338279
BRCA,TCGA-BH-A0C1-01Z-00-DX1.21FE357E-B182-4397-BFEF-7E96E994236A,virchow2,Virchow2,40x__10x,0.4942699670791626,0.6756572425365448,0.1651000082492828,40× ↔ 10×,-0.2569311754431884,0.2569311754431884
BRCA,TCGA-BH-A0C1-01Z-00-DX1.21FE357E-B182-4397-BFEF-7E96E994236A,virchow2,Virchow2,40x__2p5x,0.4149152934551239,0.5153201967477798,0.1231000125408172,40× ↔ 2.5×,-0.35960973862436313,0.35960973862436313
BRCA,TCGA-BH-A0C1-01Z-00-DX1.21FE357E-B182-4397-BFEF-7E96E994236A,virchow2,Virchow2,10x__2p5x,0.4951157569885254,0.7259818613529205,0.2651000320911407,10× ↔ 2.5×,-0.005904121379898627,0.005904121379898627
BRCA,TCGA-D8-A1X8-01Z-00-DX1.DDA3866E-C7CC-4650-BE2B-5C9A98A2D531,virchow2,Virchow2,40x__10x,0.4383983314037323,0.7533016502857208,0.2012000232934951,40× ↔ 10×,-0.2629287666863409,0.2629287666863409
BRCA,TCGA-D8-A1X8-01Z-00-DX1.DDA3866E-C7CC-4650-BE2B-5C9A98A2D531,virchow2,Virchow2,40x__2p5x,0.2763255536556244,0.540128082036972,0.131400004029274,40× ↔ 2.5×,-1.912718533360626,1.912718533360626
BRCA,TCGA-D8-A1X8-01Z-00-DX1.DDA3866E-C7CC-4650-BE2B-5C9A98A2D531,virchow2,Virchow2,10x__2p5x,0.4108577966690063,0.6673718094825745,0.2521000206470489,10× ↔ 2.5×,-0.5497154463904731,0.5497154463904731
BRCA,TCGA-E2-A14P-01Z-00-DX1.663B02FF-C64B-41A6-8685-FD61CD76F9C6,virchow2,Virchow2,40x__10x,0.442625343799591,0.7210932970046997,0.1743000149726867,40× ↔ 10×,-0.34907427658755164,0.34907427658755164
BRCA,TCGA-E2-A14P-01Z-00-DX1.663B02FF-C64B-41A6-8685-FD61CD76F9C6,virchow2,Virchow2,40x__2p5x,0.344940185546875,0.497502863407135,0.1134000048041343,40× ↔ 2.5×,-1.1613904104510664,1.1613904104510664
BRCA,TCGA-E2-A14P-01Z-00-DX1.663B02FF-C64B-41A6-8685-FD61CD76F9C6,virchow2,Virchow2,10x__2p5x,0.601190984249115,0.6507574319839478,0.216600015759468,10× ↔ 2.5×,-0.13639644082694913,0.13639644082694913
BRCA,TCGA-E2-A1LA-01Z-00-DX1.AE49E943-B830-4ED9-B09E-E499441BC2EC,virchow2,Virchow2,40x__10x,0.4942481517791748,0.6342741847038269,0.2540000081062317,40× ↔ 10×,-0.6514423739454935,0.6514423739454935
BRCA,TCGA-E2-A1LA-01Z-00-DX1.AE49E943-B830-4ED9-B09E-E499441BC2EC,virchow2,Virchow2,40x__2p5x,0.4030703902244568,0.4840985238552093,0.2002000212669372,40× ↔ 2.5×,-1.5514432894668881,1.5514432894668881
BRCA,TCGA-E2-A1LA-01Z-00-DX1.AE49E943-B830-4ED9-B09E-E499441BC2EC,virchow2,Virchow2,10x__2p5x,0.5470449328422546,0.7065378725528717,0.3266000151634216,10× ↔ 2.5×,-0.0737006124956101,0.0737006124956101
BRCA,TCGA-GM-A3XN-01Z-00-DX1.49F5C8AC-0328-4BC2-9FE2-E7150B7A42E2,virchow2,Virchow2,40x__10x,0.4282084703445434,0.686466246843338,0.1618000119924545,40× ↔ 10×,-0.2038187803391387,0.2038187803391387
BRCA,TCGA-GM-A3XN-01Z-00-DX1.49F5C8AC-0328-4BC2-9FE2-E7150B7A42E2,virchow2,Virchow2,40x__2p5x,0.3468214869499206,0.5410372614860535,0.1103000119328498,40× ↔ 2.5×,-0.4367874299832667,0.4367874299832667
BRCA,TCGA-GM-A3XN-01Z-00-DX1.49F5C8AC-0328-4BC2-9FE2-E7150B7A42E2,virchow2,Virchow2,10x__2p5x,0.6474513411521912,0.7276307344436646,0.2380000054836273,10× ↔ 2.5×,-0.022648349680395433,0.022648349680395433
COAD,TCGA-AY-A8YK-01Z-00-DX1.89E3C546-0425-449B-A6FB-1C35168EA7EB,virchow2,Virchow2,40x__10x,0.4196533858776092,0.7096267640590668,0.1713999956846237,40× ↔ 10×,-0.2156022916319654,0.2156022916319654
COAD,TCGA-AY-A8YK-01Z-00-DX1.89E3C546-0425-449B-A6FB-1C35168EA7EB,virchow2,Virchow2,40x__2p5x,0.3620495498180389,0.5571086406707764,0.1248000115156173,40× ↔ 2.5×,-1.8396957519422763,1.8396957519422763
COAD,TCGA-AY-A8YK-01Z-00-DX1.89E3C546-0425-449B-A6FB-1C35168EA7EB,virchow2,Virchow2,10x__2p5x,0.7408732771873474,0.7668275833129883,0.3133000135421753,10× ↔ 2.5×,-0.7254544776836461,0.7254544776836461
COAD,TCGA-CK-4947-01Z-00-DX1.b257d5fd-b97b-4987-b088-77f044ca7fe2,virchow2,Virchow2,40x__10x,0.4291124939918518,0.7225757241249084,0.1873999983072281,40× ↔ 10×,-1.2867860908900464,1.2867860908900464
COAD,TCGA-CK-4947-01Z-00-DX1.b257d5fd-b97b-4987-b088-77f044ca7fe2,virchow2,Virchow2,40x__2p5x,0.2545784413814544,0.5112561881542206,0.1242000088095665,40× ↔ 2.5×,-3.2988414334324028,3.2988414334324028
COAD,TCGA-CK-4947-01Z-00-DX1.b257d5fd-b97b-4987-b088-77f044ca7fe2,virchow2,Virchow2,10x__2p5x,0.4332213401794433,0.6960313022136688,0.2280000150203704,10× ↔ 2.5×,-1.0625296423402284,1.0625296423402284
COAD,TCGA-CM-6168-01Z-00-DX1.96af6eb2-9d51-4671-baf8-1a73d0c66869,virchow2,Virchow2,40x__10x,0.4438100159168243,0.711907297372818,0.2560000121593475,40× ↔ 10×,-0.2892302309559754,0.2892302309559754
COAD,TCGA-CM-6168-01Z-00-DX1.96af6eb2-9d51-4671-baf8-1a73d0c66869,virchow2,Virchow2,40x__2p5x,0.2818969786167145,0.5379638671875,0.1655000150203704,40× ↔ 2.5×,-2.3766467989535105,2.3766467989535105
COAD,TCGA-CM-6168-01Z-00-DX1.96af6eb2-9d51-4671-baf8-1a73d0c66869,virchow2,Virchow2,10x__2p5x,0.4727526903152466,0.6854409575462341,0.3039000332355499,10× ↔ 2.5×,-0.2745883513913131,0.2745883513913131
COAD,TCGA-CM-6169-01Z-00-DX1.0381c243-02b8-4f1d-840c-19ef44d4b92c,virchow2,Virchow2,40x__10x,0.4580860733985901,0.7337404787540436,0.1977000087499618,40× ↔ 10×,-0.5532493229664459,0.5532493229664459
COAD,TCGA-CM-6169-01Z-00-DX1.0381c243-02b8-4f1d-840c-19ef44d4b92c,virchow2,Virchow2,40x__2p5x,0.3199201822280884,0.5470795631408691,0.12950000166893,40× ↔ 2.5×,-3.1031635749625153,3.1031635749625153
COAD,TCGA-CM-6169-01Z-00-DX1.0381c243-02b8-4f1d-840c-19ef44d4b92c,virchow2,Virchow2,10x__2p5x,0.5216944813728333,0.6941601932048798,0.2446000128984451,10× ↔ 2.5×,-0.30287285109398054,0.30287285109398054
COAD,TCGA-G4-6309-01Z-00-DX1.3eb20fdc-eb86-4bd5-8194-76b02d4fa472,virchow2,Virchow2,40x__10x,0.4836763143539428,0.7273535430431366,0.2382000237703323,40× ↔ 10×,-0.39811130482336343,0.39811130482336343
COAD,TCGA-G4-6309-01Z-00-DX1.3eb20fdc-eb86-4bd5-8194-76b02d4fa472,virchow2,Virchow2,40x__2p5x,0.3390005826950073,0.5281700491905212,0.1660000085830688,40× ↔ 2.5×,-3.978776639889466,3.978776639889466
COAD,TCGA-G4-6309-01Z-00-DX1.3eb20fdc-eb86-4bd5-8194-76b02d4fa472,virchow2,Virchow2,10x__2p5x,0.5447866320610046,0.6764264106750488,0.300400048494339,10× ↔ 2.5×,-1.0993153333559182,1.0993153333559182
COAD,TCGA-G4-6310-01Z-00-DX1.b88472d4-3adc-4e4d-b0f2-0dc195a3d7df,virchow2,Virchow2,40x__10x,0.4899027347564697,0.6990031599998474,0.2196000218391418,40× ↔ 10×,-0.9101266173199625,0.9101266173199625
COAD,TCGA-G4-6310-01Z-00-DX1.b88472d4-3adc-4e4d-b0f2-0dc195a3d7df,virchow2,Virchow2,40x__2p5x,0.3695946633815765,0.479144886136055,0.1500000059604644,40× ↔ 2.5×,-2.7683589402551307,2.7683589402551307
COAD,TCGA-G4-6310-01Z-00-DX1.b88472d4-3adc-4e4d-b0f2-0dc195a3d7df,virchow2,Virchow2,10x__2p5x,0.5155872106552124,0.6436790525913239,0.2978000044822693,10× ↔ 2.5×,-0.5465532454511296,0.5465532454511296
COAD,TCGA-G4-6588-01Z-00-DX1.0747172e-f630-4b7c-9341-55078585ae00,virchow2,Virchow2,40x__10x,0.5016023516654968,0.7506035268306732,0.2091000229120254,40× ↔ 10×,-0.41742174394512616,0.41742174394512616
COAD,TCGA-G4-6588-01Z-00-DX1.0747172e-f630-4b7c-9341-55078585ae00,virchow2,Virchow2,40x__2p5x,0.3758839666843414,0.5573274791240692,0.14690001308918,40× ↔ 2.5×,-3.000511534938229,3.000511534938229
COAD,TCGA-G4-6588-01Z-00-DX1.0747172e-f630-4b7c-9341-55078585ae00,virchow2,Virchow2,10x__2p5x,0.6492033004760742,0.706457257270813,0.289400041103363,10× ↔ 2.5×,-0.8312781508241848,0.8312781508241848
HNSC,TCGA-BA-6871-01Z-00-DX1.4d9ca329-f8d5-4c31-a20f-9d4fba728326,virchow2,Virchow2,40x__10x,0.4155744910240173,0.7418693006038666,0.1490000039339065,40× ↔ 10×,-0.20485590638918233,0.20485590638918233
HNSC,TCGA-BA-6871-01Z-00-DX1.4d9ca329-f8d5-4c31-a20f-9d4fba728326,virchow2,Virchow2,40x__2p5x,0.1939966082572937,0.4894038289785385,0.0886000096797943,40× ↔ 2.5×,1.3579681479027894,-1.3579681479027894
HNSC,TCGA-BA-6871-01Z-00-DX1.4d9ca329-f8d5-4c31-a20f-9d4fba728326,virchow2,Virchow2,10x__2p5x,0.3890255987644195,0.6360595226287842,0.1985000073909759,10× ↔ 2.5×,2.3426023665044644,-2.3426023665044644
HNSC,TCGA-BA-6872-01Z-00-DX1.F99F6394-D319-4599-B124-D2A6692FA096,virchow2,Virchow2,40x__10x,0.4672586023807525,0.715351790189743,0.1358000189065933,40× ↔ 10×,0.4828342716882901,-0.4828342716882901
HNSC,TCGA-BA-6872-01Z-00-DX1.F99F6394-D319-4599-B124-D2A6692FA096,virchow2,Virchow2,40x__2p5x,0.3336804509162903,0.5531649887561798,0.0934000015258789,40× ↔ 2.5×,-0.21053792038019953,0.21053792038019953
HNSC,TCGA-BA-6872-01Z-00-DX1.F99F6394-D319-4599-B124-D2A6692FA096,virchow2,Virchow2,10x__2p5x,0.5694085359573364,0.7378176152706146,0.2416000217199325,10× ↔ 2.5×,0.12497121569774547,-0.12497121569774547
HNSC,TCGA-CN-A6V7-01A-01-TS1.F54912D3-1E21-4605-ACFC-142973524AE2,virchow2,Virchow2,40x__10x,0.2601076364517212,0.6332191228866577,0.082100011408329,40× ↔ 10×,3.761124476966341,-3.761124476966341
HNSC,TCGA-CN-A6V7-01A-01-TS1.F54912D3-1E21-4605-ACFC-142973524AE2,virchow2,Virchow2,40x__2p5x,0.0783746615052223,0.5009520053863525,0.069700002670288,40× ↔ 2.5×,2.752144969441472,-2.752144969441472
HNSC,TCGA-CN-A6V7-01A-01-TS1.F54912D3-1E21-4605-ACFC-142973524AE2,virchow2,Virchow2,10x__2p5x,0.1721970438957214,0.671721339225769,0.2207000255584716,10× ↔ 2.5×,1.596169130726294,-1.596169130726294
HNSC,TCGA-CV-6935-01Z-00-DX1.9C449CB2-FB6D-41D1-A4A6-3069DC84A697,virchow2,Virchow2,40x__10x,0.4094196856021881,0.6706892251968384,0.1407000124454498,40× ↔ 10×,-0.04286124193728019,0.04286124193728019
HNSC,TCGA-CV-6935-01Z-00-DX1.9C449CB2-FB6D-41D1-A4A6-3069DC84A697,virchow2,Virchow2,40x__2p5x,0.3292242288589477,0.5334233343601227,0.0915000066161155,40× ↔ 2.5×,0.08915312172165846,-0.08915312172165846
HNSC,TCGA-CV-6935-01Z-00-DX1.9C449CB2-FB6D-41D1-A4A6-3069DC84A697,virchow2,Virchow2,10x__2p5x,0.5179137587547302,0.7024296820163727,0.2075000256299972,10× ↔ 2.5×,-0.31619016202357786,0.31619016202357786
HNSC,TCGA-CV-A45O-01Z-00-DX1.8CBD0CCC-C815-475D-87F9-76272F4F715B,virchow2,Virchow2,40x__10x,0.484891414642334,0.7256872057914734,0.1992000192403793,40× ↔ 10×,0.030646825415346357,-0.030646825415346357
HNSC,TCGA-CV-A45O-01Z-00-DX1.8CBD0CCC-C815-475D-87F9-76272F4F715B,virchow2,Virchow2,40x__2p5x,0.2499140948057174,0.5469378530979156,0.1188000068068504,40× ↔ 2.5×,-0.29019390203032347,0.29019390203032347
HNSC,TCGA-CV-A45O-01Z-00-DX1.8CBD0CCC-C815-475D-87F9-76272F4F715B,virchow2,Virchow2,10x__2p5x,0.4046362638473511,0.704414963722229,0.2283000200986862,10× ↔ 2.5×,-0.08063441111391995,0.08063441111391995
HNSC,TCGA-CV-A6JE-01Z-00-DX1.20137D17-19B3-49FF-9C3D-60933157E409,virchow2,Virchow2,40x__10x,0.4096094071865082,0.7489549815654755,0.1841000169515609,40× ↔ 10×,-0.30244731361525684,0.30244731361525684
HNSC,TCGA-CV-A6JE-01Z-00-DX1.20137D17-19B3-49FF-9C3D-60933157E409,virchow2,Virchow2,40x__2p5x,0.2782221734523773,0.5917185842990875,0.1250000149011612,40× ↔ 2.5×,-0.12141505276950934,0.12141505276950934
HNSC,TCGA-CV-A6JE-01Z-00-DX1.20137D17-19B3-49FF-9C3D-60933157E409,virchow2,Virchow2,10x__2p5x,0.458544909954071,0.7279258370399475,0.238300010561943,10× ↔ 2.5×,-0.022193124209681926,0.022193124209681926
HNSC,TCGA-CV-A6JU-01Z-00-DX1.35A3A1F0-9D6C-4794-B501-E56E48C51DF9,virchow2,Virchow2,40x__10x,0.3707115352153778,0.718587726354599,0.1957000195980072,40× ↔ 10×,-0.10507508948058755,0.10507508948058755
HNSC,TCGA-CV-A6JU-01Z-00-DX1.35A3A1F0-9D6C-4794-B501-E56E48C51DF9,virchow2,Virchow2,40x__2p5x,0.2542535364627838,0.5192293673753738,0.1243000105023384,40× ↔ 2.5×,-0.08353512283372957,0.08353512283372957
HNSC,TCGA-CV-A6JU-01Z-00-DX1.35A3A1F0-9D6C-4794-B501-E56E48C51DF9,virchow2,Virchow2,10x__2p5x,0.4214168488979339,0.6985485851764679,0.2441000193357467,10× ↔ 2.5×,0.01867401069962145,-0.01867401069962145
HNSC,TCGA-UF-A719-01Z-00-DX1.4C4ECC2C-C390-4C5E-A709-CF08C113F1A1,virchow2,Virchow2,40x__10x,0.4458464086055755,0.7146172821521759,0.2184000015258789,40× ↔ 10×,-1.0424798468361158,1.0424798468361158
HNSC,TCGA-UF-A719-01Z-00-DX1.4C4ECC2C-C390-4C5E-A709-CF08C113F1A1,virchow2,Virchow2,40x__2p5x,0.3585759103298187,0.5215684473514557,0.1526000201702118,40× ↔ 2.5×,0.35077364846580034,-0.35077364846580034
HNSC,TCGA-UF-A719-01Z-00-DX1.4C4ECC2C-C390-4C5E-A709-CF08C113F1A1,virchow2,Virchow2,10x__2p5x,0.5471019148826599,0.6805537343025208,0.2736999988555908,10× ↔ 2.5×,0.3013159579951014,-0.3013159579951014
KIRC,TCGA-A3-3346-01Z-00-DX1.95280216-fd71-4a03-b452-6e3d667f2542,virchow2,Virchow2,40x__10x,0.4229167103767395,0.6518520414829254,0.1407000124454498,40× ↔ 10×,-0.013775125040755782,0.013775125040755782
KIRC,TCGA-A3-3346-01Z-00-DX1.95280216-fd71-4a03-b452-6e3d667f2542,virchow2,Virchow2,40x__2p5x,0.1664838343858719,0.4462691247463226,0.111900009214878,40× ↔ 2.5×,-0.6562230773617016,0.6562230773617016
KIRC,TCGA-A3-3346-01Z-00-DX1.95280216-fd71-4a03-b452-6e3d667f2542,virchow2,Virchow2,10x__2p5x,0.2832152843475342,0.5100411921739578,0.3073000013828277,10× ↔ 2.5×,-0.5379381191313561,0.5379381191313561
KIRC,TCGA-A3-A8CQ-01Z-00-DX1.78DA0827-5FB8-4B9F-A845-22F85830B5FB,virchow2,Virchow2,40x__10x,0.5368971824645996,0.7202434539794922,0.1373000144958496,40× ↔ 10×,-0.0004024353079738983,0.0004024353079738983
KIRC,TCGA-A3-A8CQ-01Z-00-DX1.78DA0827-5FB8-4B9F-A845-22F85830B5FB,virchow2,Virchow2,40x__2p5x,0.1394845396280288,0.4565423727035522,0.1071000099182128,40× ↔ 2.5×,-0.3610484831260674,0.3610484831260674
KIRC,TCGA-A3-A8CQ-01Z-00-DX1.78DA0827-5FB8-4B9F-A845-22F85830B5FB,virchow2,Virchow2,10x__2p5x,0.2791327536106109,0.5076181590557098,0.3007999956607818,10× ↔ 2.5×,-0.5350246638532556,0.5350246638532556
KIRC,TCGA-AK-3444-01Z-00-DX1.1F0E0B47-29FF-456F-800A-539983FDCFAA,virchow2,Virchow2,40x__10x,0.6392794847488403,0.7844363152980804,0.1563000082969665,40× ↔ 10×,-0.007622118034277661,0.007622118034277661
KIRC,TCGA-AK-3444-01Z-00-DX1.1F0E0B47-29FF-456F-800A-539983FDCFAA,virchow2,Virchow2,40x__2p5x,0.2597165703773498,0.4931401014328003,0.1162000000476837,40× ↔ 2.5×,-0.9898999755034664,0.9898999755034664
KIRC,TCGA-AK-3444-01Z-00-DX1.1F0E0B47-29FF-456F-800A-539983FDCFAA,virchow2,Virchow2,10x__2p5x,0.3747576773166656,0.5820176899433136,0.2797999978065491,10× ↔ 2.5×,-0.6938018760164946,0.6938018760164946
KIRC,TCGA-B0-5094-01Z-00-DX1.eac31fe2-09da-4ecf-8e25-c073cbb03295,virchow2,Virchow2,40x__10x,0.705534815788269,0.8199208676815033,0.2132000029087066,40× ↔ 10×,-0.012967820607977498,0.012967820607977498
KIRC,TCGA-B0-5094-01Z-00-DX1.eac31fe2-09da-4ecf-8e25-c073cbb03295,virchow2,Virchow2,40x__2p5x,0.5805408358573914,0.667477935552597,0.1381000131368637,40× ↔ 2.5×,-0.21028733869743593,0.21028733869743593
KIRC,TCGA-B0-5094-01Z-00-DX1.eac31fe2-09da-4ecf-8e25-c073cbb03295,virchow2,Virchow2,10x__2p5x,0.7910163402557373,0.7694409191608429,0.2435000091791153,10× ↔ 2.5×,-0.16658844841618833,0.16658844841618833
KIRC,TCGA-B0-5106-01Z-00-DX1.564e51a3-be50-4eed-ba9c-4d478b96ffc6,virchow2,Virchow2,40x__10x,0.5150041580200195,0.7530438005924225,0.1607000231742859,40× ↔ 10×,-0.0013492118211059956,0.0013492118211059956
KIRC,TCGA-B0-5106-01Z-00-DX1.564e51a3-be50-4eed-ba9c-4d478b96ffc6,virchow2,Virchow2,40x__2p5x,0.3988037705421448,0.568021833896637,0.1114000156521797,40× ↔ 2.5×,-0.02138749964863741,0.02138749964863741
KIRC,TCGA-B0-5106-01Z-00-DX1.564e51a3-be50-4eed-ba9c-4d478b96ffc6,virchow2,Virchow2,10x__2p5x,0.6200245022773743,0.7188492119312286,0.2452000230550766,10× ↔ 2.5×,-0.006943190191547927,0.006943190191547927
KIRC,TCGA-B0-5711-01Z-00-DX1.6839921f-ec08-4e94-8bf9-4b5a4fcdda45,virchow2,Virchow2,40x__10x,0.706392228603363,0.7765546441078186,0.1846000105142593,40× ↔ 10×,-0.0011649432952759457,0.0011649432952759457
KIRC,TCGA-B0-5711-01Z-00-DX1.6839921f-ec08-4e94-8bf9-4b5a4fcdda45,virchow2,Virchow2,40x__2p5x,0.6074291467666626,0.6132514178752899,0.1305000036954879,40× ↔ 2.5×,-0.01791560805427635,0.01791560805427635
KIRC,TCGA-B0-5711-01Z-00-DX1.6839921f-ec08-4e94-8bf9-4b5a4fcdda45,virchow2,Virchow2,10x__2p5x,0.7697876691818237,0.7330386340618134,0.2822000384330749,10× ↔ 2.5×,-0.0076154293416882245,0.0076154293416882245
KIRC,TCGA-B2-5633-01Z-00-DX1.c55a29ca-468e-46de-9ff5-a51f46fe09fd,virchow2,Virchow2,40x__10x,0.6348149180412292,0.7444166839122772,0.1927000284194946,40× ↔ 10×,-0.005001653350720512,0.005001653350720512
KIRC,TCGA-B2-5633-01Z-00-DX1.c55a29ca-468e-46de-9ff5-a51f46fe09fd,virchow2,Virchow2,40x__2p5x,0.3361494541168213,0.6340435147285461,0.1290000081062317,40× ↔ 2.5×,-0.03014738737956535,0.03014738737956535
KIRC,TCGA-B2-5633-01Z-00-DX1.c55a29ca-468e-46de-9ff5-a51f46fe09fd,virchow2,Virchow2,10x__2p5x,0.5455780625343323,0.7574663162231445,0.2818000018596649,10× ↔ 2.5×,-0.0044301831899272144,0.0044301831899272144
KIRC,TCGA-BP-4991-01Z-00-DX1.71305f5c-ca59-48fa-bb82-4b441c1fffdc,virchow2,Virchow2,40x__10x,0.6319910883903503,0.8114999234676361,0.1846000105142593,40× ↔ 10×,-0.006690725673275562,0.006690725673275562
KIRC,TCGA-BP-4991-01Z-00-DX1.71305f5c-ca59-48fa-bb82-4b441c1fffdc,virchow2,Virchow2,40x__2p5x,0.4968757629394531,0.6727709174156189,0.1330000013113021,40× ↔ 2.5×,-0.11605290121927599,0.11605290121927599
KIRC,TCGA-BP-4991-01Z-00-DX1.71305f5c-ca59-48fa-bb82-4b441c1fffdc,virchow2,Virchow2,10x__2p5x,0.7182894945144653,0.7734122276306152,0.2802999913692474,10× ↔ 2.5×,-0.04228153520471211,0.04228153520471211
KIRC,TCGA-BP-5201-01Z-00-DX1.d1a9878e-bb97-48fb-9098-9d9337f06250,virchow2,Virchow2,40x__10x,0.4312325119972229,0.6874273717403412,0.1399000138044357,40× ↔ 10×,-0.00475881360201078,0.00475881360201078
KIRC,TCGA-BP-5201-01Z-00-DX1.d1a9878e-bb97-48fb-9098-9d9337f06250,virchow2,Virchow2,40x__2p5x,0.3260796368122101,0.5225073099136353,0.0996000096201896,40× ↔ 2.5×,-0.8629505873754176,0.8629505873754176
KIRC,TCGA-BP-5201-01Z-00-DX1.d1a9878e-bb97-48fb-9098-9d9337f06250,virchow2,Virchow2,10x__2p5x,0.2731001675128937,0.6344544291496277,0.1757000237703323,10× ↔ 2.5×,-0.5590525543118365,0.5590525543118365
LUAD,TCGA-55-6986-01Z-00-DX1.ae52d41e-3cd6-4d36-b04b-2ea7d29bd8da,virchow2,Virchow2,40x__10x,0.3456824123859405,0.7217653393745422,0.1554000079631805,40× ↔ 10×,-0.05160546829449971,0.05160546829449971
LUAD,TCGA-55-6986-01Z-00-DX1.ae52d41e-3cd6-4d36-b04b-2ea7d29bd8da,virchow2,Virchow2,40x__2p5x,0.222569540143013,0.536438912153244,0.1039000079035759,40× ↔ 2.5×,-0.14947937486991064,0.14947937486991064
LUAD,TCGA-55-6986-01Z-00-DX1.ae52d41e-3cd6-4d36-b04b-2ea7d29bd8da,virchow2,Virchow2,10x__2p5x,0.4822826087474823,0.6779319643974304,0.2615000009536743,10× ↔ 2.5×,-0.05929722202422636,0.05929722202422636
LUAD,TCGA-64-5779-01Z-00-DX1.B3268447-DCE0-4927-B5A9-EC4D61E9B17D,virchow2,Virchow2,40x__10x,0.4008788168430328,0.7013973891735077,0.120899997651577,40× ↔ 10×,-0.30018711448536545,0.30018711448536545
LUAD,TCGA-64-5779-01Z-00-DX1.B3268447-DCE0-4927-B5A9-EC4D61E9B17D,virchow2,Virchow2,40x__2p5x,0.1508341878652572,0.4831509888172149,0.0751000121235847,40× ↔ 2.5×,0.28972897276275505,-0.28972897276275505
LUAD,TCGA-64-5779-01Z-00-DX1.B3268447-DCE0-4927-B5A9-EC4D61E9B17D,virchow2,Virchow2,10x__2p5x,0.2834455668926239,0.6208097338676453,0.1318000108003616,10× ↔ 2.5×,-0.5419089207567378,0.5419089207567378
LUAD,TCGA-78-7158-01Z-00-DX1.74db3dcd-2715-4ce7-8e48-30c8b7946ba0,virchow2,Virchow2,40x__10x,0.3808788657188415,0.7079806923866272,0.1064000055193901,40× ↔ 10×,-0.35119315172606586,0.35119315172606586
LUAD,TCGA-78-7158-01Z-00-DX1.74db3dcd-2715-4ce7-8e48-30c8b7946ba0,virchow2,Virchow2,40x__2p5x,0.1955510377883911,0.5144138038158417,0.0741000026464462,40× ↔ 2.5×,-0.5916937555937863,0.5916937555937863
LUAD,TCGA-78-7158-01Z-00-DX1.74db3dcd-2715-4ce7-8e48-30c8b7946ba0,virchow2,Virchow2,10x__2p5x,0.4409034550189972,0.6755537986755371,0.1908000260591507,10× ↔ 2.5×,-0.14860869189566026,0.14860869189566026
LUAD,TCGA-78-7163-01Z-00-DX1.42880bdf-271d-41dd-aada-e7ec1156ff31,virchow2,Virchow2,40x__10x,0.3297547399997711,0.7436814308166504,0.101400002837181,40× ↔ 10×,-0.6579380729756127,0.6579380729756127
LUAD,TCGA-78-7163-01Z-00-DX1.42880bdf-271d-41dd-aada-e7ec1156ff31,virchow2,Virchow2,40x__2p5x,0.1621606647968292,0.6008816957473755,0.0668000057339668,40× ↔ 2.5×,-0.5110208638242253,0.5110208638242253
LUAD,TCGA-78-7163-01Z-00-DX1.42880bdf-271d-41dd-aada-e7ec1156ff31,virchow2,Virchow2,10x__2p5x,0.4068894386291504,0.7533797919750214,0.159400001168251,10× ↔ 2.5×,-0.20743480971962103,0.20743480971962103
LUAD,TCGA-78-7536-01Z-00-DX1.6b066140-8b82-40a5-bd48-430eeb4463fe,virchow2,Virchow2,40x__10x,0.2081059217453003,0.737446129322052,0.0931000038981437,40× ↔ 10×,-1.039967139333202,1.039967139333202
LUAD,TCGA-78-7536-01Z-00-DX1.6b066140-8b82-40a5-bd48-430eeb4463fe,virchow2,Virchow2,40x__2p5x,0.057970754802227,0.5270489752292633,0.0560000017285347,40× ↔ 2.5×,-1.5428717401510919,1.5428717401510919
LUAD,TCGA-78-7536-01Z-00-DX1.6b066140-8b82-40a5-bd48-430eeb4463fe,virchow2,Virchow2,10x__2p5x,0.2672279775142669,0.6705845296382904,0.1303000152111053,10× ↔ 2.5×,-1.4112208250533302,1.4112208250533302
LUAD,TCGA-86-8668-01Z-00-DX1.d720d486-02c7-4f98-8feb-e0e50a12c158,virchow2,Virchow2,40x__10x,0.4161738157272339,0.692066103219986,0.1311000138521194,40× ↔ 10×,-0.5009077471211736,0.5009077471211736
LUAD,TCGA-86-8668-01Z-00-DX1.d720d486-02c7-4f98-8feb-e0e50a12c158,virchow2,Virchow2,40x__2p5x,0.298990398645401,0.5216612219810486,0.0969000086188316,40× ↔ 2.5×,-0.0670933179393964,0.0670933179393964
LUAD,TCGA-86-8668-01Z-00-DX1.d720d486-02c7-4f98-8feb-e0e50a12c158,virchow2,Virchow2,10x__2p5x,0.5608013272285461,0.6845254004001617,0.1992000043392181,10× ↔ 2.5×,-0.004739273587427402,0.004739273587427402
LUAD,TCGA-97-A4LX-01Z-00-DX1.B2334672-A626-4E74-B4D1-A79F70F65909,virchow2,Virchow2,40x__10x,0.3253135085105896,0.6904794275760651,0.1084000170230865,40× ↔ 10×,-0.02924488922807785,0.02924488922807785
LUAD,TCGA-97-A4LX-01Z-00-DX1.B2334672-A626-4E74-B4D1-A79F70F65909,virchow2,Virchow2,40x__2p5x,0.2426071316003799,0.5577159225940704,0.0650000050663948,40× ↔ 2.5×,-0.18681623921705742,0.18681623921705742
LUAD,TCGA-97-A4LX-01Z-00-DX1.B2334672-A626-4E74-B4D1-A79F70F65909,virchow2,Virchow2,10x__2p5x,0.5306271910667419,0.7285070419311523,0.1440000087022781,10× ↔ 2.5×,-0.020743366028782566,0.020743366028782566
LUAD,TCGA-97-A4M2-01Z-00-DX1.5C72522C-1538-4D68-B517-5FB05A9D401A,virchow2,Virchow2,40x__10x,0.4332356452941894,0.6750655174255371,0.1573000103235244,40× ↔ 10×,-0.17072487343566273,0.17072487343566273
LUAD,TCGA-97-A4M2-01Z-00-DX1.5C72522C-1538-4D68-B517-5FB05A9D401A,virchow2,Virchow2,40x__2p5x,0.3206136524677276,0.5242847204208374,0.0965000018477439,40× ↔ 2.5×,-0.4055227037721153,0.4055227037721153
LUAD,TCGA-97-A4M2-01Z-00-DX1.5C72522C-1538-4D68-B517-5FB05A9D401A,virchow2,Virchow2,10x__2p5x,0.4840006232261657,0.7021428644657135,0.2080000042915344,10× ↔ 2.5×,-0.023095588135967373,0.023095588135967373
LUAD,TCGA-J2-A4AE-01Z-00-DX1.42C5DE4A-7787-4E59-8969-D12503262C96,virchow2,Virchow2,40x__10x,0.6170123815536499,0.73686882853508,0.1515000164508819,40× ↔ 10×,-0.2633720736985253,0.2633720736985253
LUAD,TCGA-J2-A4AE-01Z-00-DX1.42C5DE4A-7787-4E59-8969-D12503262C96,virchow2,Virchow2,40x__2p5x,0.4071564078330993,0.5513307154178619,0.1026000007987022,40× ↔ 2.5×,-0.5834146533929601,0.5834146533929601
LUAD,TCGA-J2-A4AE-01Z-00-DX1.42C5DE4A-7787-4E59-8969-D12503262C96,virchow2,Virchow2,10x__2p5x,0.5761171579360962,0.6963626146316528,0.2102000117301941,10× ↔ 2.5×,-0.06391394793884127,0.06391394793884127
STAD,TCGA-BR-6452-01Z-00-DX1.aec8246e-9dce-436d-9faa-df8fa1f6e47c,virchow2,Virchow2,40x__10x,0.3820269405841827,0.71549192070961,0.2010000050067901,40× ↔ 10×,-0.21567356239763075,0.21567356239763075
STAD,TCGA-BR-6452-01Z-00-DX1.aec8246e-9dce-436d-9faa-df8fa1f6e47c,virchow2,Virchow2,40x__2p5x,0.2443262785673141,0.4729813039302826,0.1415000110864639,40× ↔ 2.5×,-1.252032374822488,1.252032374822488
STAD,TCGA-BR-6452-01Z-00-DX1.aec8246e-9dce-436d-9faa-df8fa1f6e47c,virchow2,Virchow2,10x__2p5x,0.5170360803604126,0.6151717901229858,0.3073000311851501,10× ↔ 2.5×,-1.6200169902941446,1.6200169902941446
STAD,TCGA-BR-6454-01Z-00-DX1.63fb6280-2b43-49b2-960a-eb9c0e8b617c,virchow2,Virchow2,40x__10x,0.1842399537563324,0.6910835206508636,0.0889000073075294,40× ↔ 10×,-0.09927925202067664,0.09927925202067664
STAD,TCGA-BR-6454-01Z-00-DX1.63fb6280-2b43-49b2-960a-eb9c0e8b617c,virchow2,Virchow2,40x__2p5x,0.092248260974884,0.5227615684270859,0.067900002002716,40× ↔ 2.5×,-1.3648929690151106,1.3648929690151106
STAD,TCGA-BR-6454-01Z-00-DX1.63fb6280-2b43-49b2-960a-eb9c0e8b617c,virchow2,Virchow2,10x__2p5x,0.3482066988945007,0.682978481054306,0.1872000247240066,10× ↔ 2.5×,-0.5835016609291841,0.5835016609291841
STAD,TCGA-BR-A4CQ-01Z-00-DX1.B63282A5-154D-441B-BF96-5BB26CB6D95E,virchow2,Virchow2,40x__10x,0.4056398868560791,0.6806950271129608,0.1832000166177749,40× ↔ 10×,-0.0219441529125472,0.0219441529125472
STAD,TCGA-BR-A4CQ-01Z-00-DX1.B63282A5-154D-441B-BF96-5BB26CB6D95E,virchow2,Virchow2,40x__2p5x,0.294337660074234,0.500232458114624,0.135000005364418,40× ↔ 2.5×,-1.3835534977565003,1.3835534977565003
STAD,TCGA-BR-A4CQ-01Z-00-DX1.B63282A5-154D-441B-BF96-5BB26CB6D95E,virchow2,Virchow2,10x__2p5x,0.5425379872322083,0.677910715341568,0.3060000240802765,10× ↔ 2.5×,-1.1266243310123292,1.1266243310123292
STAD,TCGA-CD-A487-01Z-00-DX1.A026BD2F-B721-4340-83D5-7AA39227C90F,virchow2,Virchow2,40x__10x,0.3901390433311462,0.6683364808559418,0.2152999937534332,40× ↔ 10×,-0.007261894038801469,0.007261894038801469
STAD,TCGA-CD-A487-01Z-00-DX1.A026BD2F-B721-4340-83D5-7AA39227C90F,virchow2,Virchow2,40x__2p5x,0.2413878738880157,0.4916224926710129,0.1752000153064727,40× ↔ 2.5×,-1.012317001372279,1.012317001372279
STAD,TCGA-CD-A487-01Z-00-DX1.A026BD2F-B721-4340-83D5-7AA39227C90F,virchow2,Virchow2,10x__2p5x,0.4086903929710388,0.6817895472049713,0.3360000252723694,10× ↔ 2.5×,-1.189567429401369,1.189567429401369
STAD,TCGA-FP-8209-01Z-00-DX1.a5e13081-1631-44d4-8d6a-c229a22c2311,virchow2,Virchow2,40x__10x,0.454387217760086,0.7048186361789703,0.2419000118970871,40× ↔ 10×,0.19319424154729814,-0.19319424154729814
STAD,TCGA-FP-8209-01Z-00-DX1.a5e13081-1631-44d4-8d6a-c229a22c2311,virchow2,Virchow2,40x__2p5x,0.2017516195774078,0.5098469406366348,0.1721000075340271,40× ↔ 2.5×,-1.0746964823693892,1.0746964823693892
STAD,TCGA-FP-8209-01Z-00-DX1.a5e13081-1631-44d4-8d6a-c229a22c2311,virchow2,Virchow2,10x__2p5x,0.300201267004013,0.619987279176712,0.3300000131130218,10× ↔ 2.5×,-0.9455010421892972,0.9455010421892972
STAD,TCGA-SW-A7EA-01Z-00-DX1.C5E1BE0E-0A25-4480-A3AC-DB2ED7471A4E,virchow2,Virchow2,40x__10x,0.7836830019950867,0.6877200305461884,0.1913000047206878,40× ↔ 10×,-0.6602031602258446,0.6602031602258446
STAD,TCGA-SW-A7EA-01Z-00-DX1.C5E1BE0E-0A25-4480-A3AC-DB2ED7471A4E,virchow2,Virchow2,40x__2p5x,0.6179813146591187,0.5165875256061554,0.1412999927997589,40× ↔ 2.5×,-1.8934229921237882,1.8934229921237882
STAD,TCGA-SW-A7EA-01Z-00-DX1.C5E1BE0E-0A25-4480-A3AC-DB2ED7471A4E,virchow2,Virchow2,10x__2p5x,0.6744486093521118,0.6821655333042145,0.3147999942302704,10× ↔ 2.5×,-0.5641190177518511,0.5641190177518511
STAD,TCGA-VQ-A8PY-01Z-00-DX1.EA2C7386-012A-442A-95B3-FFA12BD2684D,virchow2,Virchow2,40x__10x,0.4204553365707397,0.7337957322597504,0.2317000031471252,40× ↔ 10×,0.329084181593568,-0.329084181593568
STAD,TCGA-VQ-A8PY-01Z-00-DX1.EA2C7386-012A-442A-95B3-FFA12BD2684D,virchow2,Virchow2,40x__2p5x,0.3001856803894043,0.5539111793041229,0.1597000211477279,40× ↔ 2.5×,-1.9787826143580336,1.9787826143580336
STAD,TCGA-VQ-A8PY-01Z-00-DX1.EA2C7386-012A-442A-95B3-FFA12BD2684D,virchow2,Virchow2,10x__2p5x,0.4497444629669189,0.7063150703907013,0.2948000133037567,10× ↔ 2.5×,-2.065722932810852,2.065722932810852
STAD,TCGA-VQ-A924-01Z-00-DX1.736B41F3-9678-4FAF-AE86-FCAC4F6DCBD3,virchow2,Virchow2,40x__10x,0.4477867484092712,0.7719815671443939,0.1436000168323516,40× ↔ 10×,-0.18783234579488817,0.18783234579488817
STAD,TCGA-VQ-A924-01Z-00-DX1.736B41F3-9678-4FAF-AE86-FCAC4F6DCBD3,virchow2,Virchow2,40x__2p5x,0.2288403958082199,0.5166564583778381,0.103300005197525,40× ↔ 2.5×,-1.8520887777844948,1.8520887777844948
STAD,TCGA-VQ-A924-01Z-00-DX1.736B41F3-9678-4FAF-AE86-FCAC4F6DCBD3,virchow2,Virchow2,10x__2p5x,0.4521474838256836,0.6537889242172241,0.2657999992370605,10× ↔ 2.5×,-1.9083293196976023,1.9083293196976023
STAD,TCGA-ZQ-A9CR-01Z-00-DX1.C9AC9991-7054-4068-A7AA-9D1EB7F040A3,virchow2,Virchow2,40x__10x,0.6506760120391846,0.7396525740623474,0.1890000104904174,40× ↔ 10×,-0.45076439907561144,0.45076439907561144
STAD,TCGA-ZQ-A9CR-01Z-00-DX1.C9AC9991-7054-4068-A7AA-9D1EB7F040A3,virchow2,Virchow2,40x__2p5x,0.5817787647247314,0.5419482290744781,0.1444000154733657,40× ↔ 2.5×,-1.9218014693465264,1.9218014693465264
STAD,TCGA-ZQ-A9CR-01Z-00-DX1.C9AC9991-7054-4068-A7AA-9D1EB7F040A3,virchow2,Virchow2,10x__2p5x,0.6528682708740234,0.6892489790916443,0.2538000047206878,10× ↔ 2.5×,-2.3777803767426864,2.3777803767426864
UCEC,TCGA-A5-A0GX-01Z-00-DX1.7E713D1A-5858-4648-957D-77189E43CFAA,virchow2,Virchow2,40x__10x,0.4838470816612243,0.6984204351902008,0.1563000082969665,40× ↔ 10×,-0.24364857313051513,0.24364857313051513
UCEC,TCGA-A5-A0GX-01Z-00-DX1.7E713D1A-5858-4648-957D-77189E43CFAA,virchow2,Virchow2,40x__2p5x,0.3779733180999756,0.5400125235319138,0.1022000014781951,40× ↔ 2.5×,-0.6726989693094556,0.6726989693094556
UCEC,TCGA-A5-A0GX-01Z-00-DX1.7E713D1A-5858-4648-957D-77189E43CFAA,virchow2,Virchow2,10x__2p5x,0.6409676671028137,0.7555616796016693,0.2343000173568725,10× ↔ 2.5×,-0.09593097517298294,0.09593097517298294
UCEC,TCGA-A5-A0R7-01Z-00-DX1.D21E6974-22A3-4A68-8B4E-14E84A7A50A5,virchow2,Virchow2,40x__10x,0.4409977495670318,0.650464802980423,0.1550000011920929,40× ↔ 10×,-0.8480207183760229,0.8480207183760229
UCEC,TCGA-A5-A0R7-01Z-00-DX1.D21E6974-22A3-4A68-8B4E-14E84A7A50A5,virchow2,Virchow2,40x__2p5x,0.4151490330696106,0.501815527677536,0.1011000126600265,40× ↔ 2.5×,-1.4941714814045957,1.4941714814045957
UCEC,TCGA-A5-A0R7-01Z-00-DX1.D21E6974-22A3-4A68-8B4E-14E84A7A50A5,virchow2,Virchow2,10x__2p5x,0.6147000193595886,0.7436136603355408,0.2147000133991241,10× ↔ 2.5×,-0.8357991737641527,0.8357991737641527
UCEC,TCGA-AX-A05U-01Z-00-DX1.1EBFC727-B5D5-4543-BBA9-4254ABD3D584,virchow2,Virchow2,40x__10x,0.392603725194931,0.7143994271755219,0.1655000150203704,40× ↔ 10×,-0.48428345350893076,0.48428345350893076
UCEC,TCGA-AX-A05U-01Z-00-DX1.1EBFC727-B5D5-4543-BBA9-4254ABD3D584,virchow2,Virchow2,40x__2p5x,0.3572537899017334,0.5222918093204498,0.1089000031352043,40× ↔ 2.5×,-0.3993347487635842,0.3993347487635842
UCEC,TCGA-AX-A05U-01Z-00-DX1.1EBFC727-B5D5-4543-BBA9-4254ABD3D584,virchow2,Virchow2,10x__2p5x,0.6672486662864685,0.7442405819892883,0.2377000302076339,10× ↔ 2.5×,-0.0335482971851012,0.0335482971851012
UCEC,TCGA-AX-A06B-01Z-00-DX2.1757C039-99F7-4087-A9E5-D340AF7220D4,virchow2,Virchow2,40x__10x,0.427532821893692,0.7108051180839539,0.1602000147104263,40× ↔ 10×,-1.274843631510686,1.274843631510686
UCEC,TCGA-AX-A06B-01Z-00-DX2.1757C039-99F7-4087-A9E5-D340AF7220D4,virchow2,Virchow2,40x__2p5x,0.2133577316999435,0.5171373784542084,0.1282000094652176,40× ↔ 2.5×,-1.1783140414251696,1.1783140414251696
UCEC,TCGA-AX-A06B-01Z-00-DX2.1757C039-99F7-4087-A9E5-D340AF7220D4,virchow2,Virchow2,10x__2p5x,0.4331117570400238,0.6550718545913696,0.2252000272274017,10× ↔ 2.5×,-0.251710260685127,0.251710260685127
UCEC,TCGA-AX-A0J0-01Z-00-DX2.56C668BE-03B8-4B87-A226-AABD97D53C38,virchow2,Virchow2,40x__10x,0.6078653335571289,0.7026978433132172,0.2125000059604644,40× ↔ 10×,-0.3171838844274843,0.3171838844274843
UCEC,TCGA-AX-A0J0-01Z-00-DX2.56C668BE-03B8-4B87-A226-AABD97D53C38,virchow2,Virchow2,40x__2p5x,0.5570241212844849,0.5243764519691467,0.1385000050067901,40× ↔ 2.5×,-1.0057718869479246,1.0057718869479246
UCEC,TCGA-AX-A0J0-01Z-00-DX2.56C668BE-03B8-4B87-A226-AABD97D53C38,virchow2,Virchow2,10x__2p5x,0.72527676820755,0.7109578847885132,0.2488000094890594,10× ↔ 2.5×,-0.0680042234250879,0.0680042234250879
UCEC,TCGA-B5-A11F-01Z-00-DX1.3F1C053D-E81E-4C8D-965D-6F3DE29D9511,virchow2,Virchow2,40x__10x,0.5828237533569336,0.678872287273407,0.1967000216245651,40× ↔ 10×,-0.1664086947651272,0.1664086947651272
UCEC,TCGA-B5-A11F-01Z-00-DX1.3F1C053D-E81E-4C8D-965D-6F3DE29D9511,virchow2,Virchow2,40x__2p5x,0.5182333588600159,0.5027228593826294,0.1290000081062317,40× ↔ 2.5×,-1.2492636296951276,1.2492636296951276
UCEC,TCGA-B5-A11F-01Z-00-DX1.3F1C053D-E81E-4C8D-965D-6F3DE29D9511,virchow2,Virchow2,10x__2p5x,0.7085988521575928,0.7035867869853973,0.2741000056266784,10× ↔ 2.5×,-0.25372620123197764,0.25372620123197764
UCEC,TCGA-BG-A0W1-01Z-00-DX1.8E06269C-1278-478B-A128-59FA911B1649,virchow2,Virchow2,40x__10x,0.6724122166633606,0.6869352459907532,0.1990000158548355,40× ↔ 10×,-0.33459229090625087,0.33459229090625087
UCEC,TCGA-BG-A0W1-01Z-00-DX1.8E06269C-1278-478B-A128-59FA911B1649,virchow2,Virchow2,40x__2p5x,0.5809757113456726,0.501003086566925,0.1506000161170959,40× ↔ 2.5×,-1.0231807807454412,1.0231807807454412
UCEC,TCGA-BG-A0W1-01Z-00-DX1.8E06269C-1278-478B-A128-59FA911B1649,virchow2,Virchow2,10x__2p5x,0.8208593130111694,0.6975193023681641,0.2677000164985657,10× ↔ 2.5×,-0.10634459491528388,0.10634459491528388
UCEC,TCGA-EY-A1GQ-01Z-00-DX1.03D52C6F-515E-4A4F-A08E-31D773BCC67F,virchow2,Virchow2,40x__10x,0.2979936599731445,0.7193484306335449,0.0963000059127807,40× ↔ 10×,-0.9326807134388659,0.9326807134388659
UCEC,TCGA-EY-A1GQ-01Z-00-DX1.03D52C6F-515E-4A4F-A08E-31D773BCC67F,virchow2,Virchow2,40x__2p5x,0.1117685884237289,0.5159605592489243,0.0671000108122825,40× ↔ 2.5×,-2.002972424241718,2.002972424241718
UCEC,TCGA-EY-A1GQ-01Z-00-DX1.03D52C6F-515E-4A4F-A08E-31D773BCC67F,virchow2,Virchow2,10x__2p5x,0.3875016868114471,0.6496589481830597,0.2113000005483627,10× ↔ 2.5×,-0.22172199849467847,0.22172199849467847
UCEC,TCGA-FI-A2EX-01Z-00-DX1.127F5153-745D-43E6-83CA-DE2738702C62,virchow2,Virchow2,40x__10x,0.4895933270454407,0.7047852873802185,0.2101000100374221,40× ↔ 10×,-0.047734320382470816,0.047734320382470816
UCEC,TCGA-FI-A2EX-01Z-00-DX1.127F5153-745D-43E6-83CA-DE2738702C62,virchow2,Virchow2,40x__2p5x,0.3726880252361297,0.5348705351352692,0.1346000134944915,40× ↔ 2.5×,-0.25781624187428204,0.25781624187428204
UCEC,TCGA-FI-A2EX-01Z-00-DX1.127F5153-745D-43E6-83CA-DE2738702C62,virchow2,Virchow2,10x__2p5x,0.6844496130943298,0.7343268096446991,0.2675999999046325,10× ↔ 2.5×,-0.012661761033080681,0.012661761033080681
