case_id,cancer,model,model_display,pair_key,pair_display,mean_pair_shift_loss,pair_shift_robustness,n_shift_observations
TCGA-55-6986-01Z-00-DX1.ae52d41e-3cd6-4d36-b04b-2ea7d29bd8da,LUAD,gigapath,GigaPath,10x__2p5x,10× ↔ 2.5×,1.1409087541086864,-1.1409087541086864,20
TCGA-55-6986-01Z-00-DX1.ae52d41e-3cd6-4d36-b04b-2ea7d29bd8da,LUAD,gigapath,GigaPath,40x__10x,40× ↔ 10×,0.2660039669831012,-0.2660039669831012,20
TCGA-55-6986-01Z-00-DX1.ae52d41e-3cd6-4d36-b04b-2ea7d29bd8da,LUAD,gigapath,GigaPath,40x__2p5x,40× ↔ 2.5×,1.1057846607255484,-1.1057846607255484,20
TCGA-55-6986-01Z-00-DX1.ae52d41e-3cd6-4d36-b04b-2ea7d29bd8da,LUAD,gigapath_flash,GigaPath-Flash,10x__2p5x,10× ↔ 2.5×,3.3790545362272177,-3.3790545362272177,20
TCGA-55-6986-01Z-00-DX1.ae52d41e-3cd6-4d36-b04b-2ea7d29bd8da,LUAD,gigapath_flash,GigaPath-Flash,40x__10x,40× ↔ 10×,0.5717089549291191,-0.5717089549291191,20
TCGA-55-6986-01Z-00-DX1.ae52d41e-3cd6-4d36-b04b-2ea7d29bd8da,LUAD,gigapath_flash,GigaPath-Flash,40x__2p5x,40× ↔ 2.5×,6.159476333388932,-6.159476333388932,20
TCGA-55-6986-01Z-00-DX1.ae52d41e-3cd6-4d36-b04b-2ea7d29bd8da,LUAD,midnight,Midnight,10x__2p5x,10× ↔ 2.5×,0.02289842368803818,-0.02289842368803818,20
TCGA-55-6986-01Z-00-DX1.ae52d41e-3cd6-4d36-b04b-2ea7d29bd8da,LUAD,midnight,Midnight,40x__10x,40× ↔ 10×,0.08086283915248535,-0.08086283915248535,20
TCGA-55-6986-01Z-00-DX1.ae52d41e-3cd6-4d36-b04b-2ea7d29bd8da,LUAD,midnight,Midnight,40x__2p5x,40× ↔ 2.5×,0.113545241181185,-0.113545241181185,20
TCGA-55-6986-01Z-00-DX1.ae52d41e-3cd6-4d36-b04b-2ea7d29bd8da,LUAD,phikon,Phikon,10x__2p5x,10× ↔ 2.5×,1.3323410817175898,-1.3323410817175898,20
TCGA-55-6986-01Z-00-DX1.ae52d41e-3cd6-4d36-b04b-2ea7d29bd8da,LUAD,phikon,Phikon,40x__10x,40× ↔ 10×,0.1538969683368394,-0.1538969683368394,20
TCGA-55-6986-01Z-00-DX1.ae52d41e-3cd6-4d36-b04b-2ea7d29bd8da,LUAD,phikon,Phikon,40x__2p5x,40× ↔ 2.5×,2.912456859638259,-2.912456859638259,20
TCGA-55-6986-01Z-00-DX1.ae52d41e-3cd6-4d36-b04b-2ea7d29bd8da,LUAD,uni,UNI,10x__2p5x,10× ↔ 2.5×,1.7573675652395646,-1.7573675652395646,20
TCGA-55-6986-01Z-00-DX1.ae52d41e-3cd6-4d36-b04b-2ea7d29bd8da,LUAD,uni,UNI,40x__10x,40× ↔ 10×,0.32712209999921504,-0.32712209999921504,20
TCGA-55-6986-01Z-00-DX1.ae52d41e-3cd6-4d36-b04b-2ea7d29bd8da,LUAD,uni,UNI,40x__2p5x,40× ↔ 2.5×,2.8794484389329256,-2.8794484389329256,20
TCGA-55-6986-01Z-00-DX1.ae52d41e-3cd6-4d36-b04b-2ea7d29bd8da,LUAD,uni2,UNI2,10x__2p5x,10× ↔ 2.5×,0.00770592567518365,-0.00770592567518365,20
TCGA-55-6986-01Z-00-DX1.ae52d41e-3cd6-4d36-b04b-2ea7d29bd8da,LUAD,uni2,UNI2,40x__10x,40× ↔ 10×,0.031872785838921024,-0.031872785838921024,20
TCGA-55-6986-01Z-00-DX1.ae52d41e-3cd6-4d36-b04b-2ea7d29bd8da,LUAD,uni2,UNI2,40x__2p5x,40× ↔ 2.5×,0.016495594948381383,-0.016495594948381383,20
TCGA-55-6986-01Z-00-DX1.ae52d41e-3cd6-4d36-b04b-2ea7d29bd8da,LUAD,virchow,Virchow,10x__2p5x,10× ↔ 2.5×,3.903867654537573,-3.903867654537573,20
TCGA-55-6986-01Z-00-DX1.ae52d41e-3cd6-4d36-b04b-2ea7d29bd8da,LUAD,virchow,Virchow,40x__10x,40× ↔ 10×,0.5376496898457739,-0.5376496898457739,20
TCGA-55-6986-01Z-00-DX1.ae52d41e-3cd6-4d36-b04b-2ea7d29bd8da,LUAD,virchow,Virchow,40x__2p5x,40× ↔ 2.5×,2.7733648497409655,-2.7733648497409655,20
TCGA-55-6986-01Z-00-DX1.ae52d41e-3cd6-4d36-b04b-2ea7d29bd8da,LUAD,virchow2,Virchow2,10x__2p5x,10× ↔ 2.5×,0.05929722202422636,-0.05929722202422636,20
TCGA-55-6986-01Z-00-DX1.ae52d41e-3cd6-4d36-b04b-2ea7d29bd8da,LUAD,virchow2,Virchow2,40x__10x,40× ↔ 10×,0.05160546829449971,-0.05160546829449971,20
TCGA-55-6986-01Z-00-DX1.ae52d41e-3cd6-4d36-b04b-2ea7d29bd8da,LUAD,virchow2,Virchow2,40x__2p5x,40× ↔ 2.5×,0.14947937486991064,-0.14947937486991064,20
TCGA-64-5779-01Z-00-DX1.B3268447-DCE0-4927-B5A9-EC4D61E9B17D,LUAD,gigapath,GigaPath,10x__2p5x,10× ↔ 2.5×,-0.8434090902320175,0.8434090902320175,20
TCGA-64-5779-01Z-00-DX1.B3268447-DCE0-4927-B5A9-EC4D61E9B17D,LUAD,gigapath,GigaPath,40x__10x,40× ↔ 10×,-0.7161066159377933,0.7161066159377933,20
TCGA-64-5779-01Z-00-DX1.B3268447-DCE0-4927-B5A9-EC4D61E9B17D,LUAD,gigapath,GigaPath,40x__2p5x,40× ↔ 2.5×,-1.7042891632870472,1.7042891632870472,20
TCGA-64-5779-01Z-00-DX1.B3268447-DCE0-4927-B5A9-EC4D61E9B17D,LUAD,gigapath_flash,GigaPath-Flash,10x__2p5x,10× ↔ 2.5×,0.5732478194392664,-0.5732478194392664,20
TCGA-64-5779-01Z-00-DX1.B3268447-DCE0-4927-B5A9-EC4D61E9B17D,LUAD,gigapath_flash,GigaPath-Flash,40x__10x,40× ↔ 10×,-1.6815697576853896,1.6815697576853896,20
TCGA-64-5779-01Z-00-DX1.B3268447-DCE0-4927-B5A9-EC4D61E9B17D,LUAD,gigapath_flash,GigaPath-Flash,40x__2p5x,40× ↔ 2.5×,0.3011316925563724,-0.3011316925563724,20
TCGA-64-5779-01Z-00-DX1.B3268447-DCE0-4927-B5A9-EC4D61E9B17D,LUAD,midnight,Midnight,10x__2p5x,10× ↔ 2.5×,0.07781267835685352,-0.07781267835685352,20
TCGA-64-5779-01Z-00-DX1.B3268447-DCE0-4927-B5A9-EC4D61E9B17D,LUAD,midnight,Midnight,40x__10x,40× ↔ 10×,0.01918377333123396,-0.01918377333123396,20
TCGA-64-5779-01Z-00-DX1.B3268447-DCE0-4927-B5A9-EC4D61E9B17D,LUAD,midnight,Midnight,40x__2p5x,40× ↔ 2.5×,0.16964907876092852,-0.16964907876092852,20
TCGA-64-5779-01Z-00-DX1.B3268447-DCE0-4927-B5A9-EC4D61E9B17D,LUAD,phikon,Phikon,10x__2p5x,10× ↔ 2.5×,-1.1916452933349972,1.1916452933349972,20
TCGA-64-5779-01Z-00-DX1.B3268447-DCE0-4927-B5A9-EC4D61E9B17D,LUAD,phikon,Phikon,40x__10x,40× ↔ 10×,-0.33285547289410045,0.33285547289410045,20
TCGA-64-5779-01Z-00-DX1.B3268447-DCE0-4927-B5A9-EC4D61E9B17D,LUAD,phikon,Phikon,40x__2p5x,40× ↔ 2.5×,-1.9277226871396351,1.9277226871396351,20
TCGA-64-5779-01Z-00-DX1.B3268447-DCE0-4927-B5A9-EC4D61E9B17D,LUAD,uni,UNI,10x__2p5x,10× ↔ 2.5×,-1.0491591889364238,1.0491591889364238,20
TCGA-64-5779-01Z-00-DX1.B3268447-DCE0-4927-B5A9-EC4D61E9B17D,LUAD,uni,UNI,40x__10x,40× ↔ 10×,0.8525285370582051,-0.8525285370582051,20
TCGA-64-5779-01Z-00-DX1.B3268447-DCE0-4927-B5A9-EC4D61E9B17D,LUAD,uni,UNI,40x__2p5x,40× ↔ 2.5×,-0.7263643826141873,0.7263643826141873,20
TCGA-64-5779-01Z-00-DX1.B3268447-DCE0-4927-B5A9-EC4D61E9B17D,LUAD,uni2,UNI2,10x__2p5x,10× ↔ 2.5×,0.7290111304043897,-0.7290111304043897,20
TCGA-64-5779-01Z-00-DX1.B3268447-DCE0-4927-B5A9-EC4D61E9B17D,LUAD,uni2,UNI2,40x__10x,40× ↔ 10×,-1.431224736956962,1.431224736956962,20
TCGA-64-5779-01Z-00-DX1.B3268447-DCE0-4927-B5A9-EC4D61E9B17D,LUAD,uni2,UNI2,40x__2p5x,40× ↔ 2.5×,-1.7113676846391712,1.7113676846391712,20
TCGA-64-5779-01Z-00-DX1.B3268447-DCE0-4927-B5A9-EC4D61E9B17D,LUAD,virchow,Virchow,10x__2p5x,10× ↔ 2.5×,-1.1208402715293861,1.1208402715293861,20
TCGA-64-5779-01Z-00-DX1.B3268447-DCE0-4927-B5A9-EC4D61E9B17D,LUAD,virchow,Virchow,40x__10x,40× ↔ 10×,2.5034394767329404,-2.5034394767329404,20
TCGA-64-5779-01Z-00-DX1.B3268447-DCE0-4927-B5A9-EC4D61E9B17D,LUAD,virchow,Virchow,40x__2p5x,40× ↔ 2.5×,1.2993967966051017,-1.2993967966051017,20
TCGA-64-5779-01Z-00-DX1.B3268447-DCE0-4927-B5A9-EC4D61E9B17D,LUAD,virchow2,Virchow2,10x__2p5x,10× ↔ 2.5×,0.5419089207567378,-0.5419089207567378,20
TCGA-64-5779-01Z-00-DX1.B3268447-DCE0-4927-B5A9-EC4D61E9B17D,LUAD,virchow2,Virchow2,40x__10x,40× ↔ 10×,0.30018711448536545,-0.30018711448536545,20
TCGA-64-5779-01Z-00-DX1.B3268447-DCE0-4927-B5A9-EC4D61E9B17D,LUAD,virchow2,Virchow2,40x__2p5x,40× ↔ 2.5×,-0.28972897276275505,0.28972897276275505,20
TCGA-78-7158-01Z-00-DX1.74db3dcd-2715-4ce7-8e48-30c8b7946ba0,LUAD,gigapath,GigaPath,10x__2p5x,10× ↔ 2.5×,1.2115353447847883,-1.2115353447847883,20
TCGA-78-7158-01Z-00-DX1.74db3dcd-2715-4ce7-8e48-30c8b7946ba0,LUAD,gigapath,GigaPath,40x__10x,40× ↔ 10×,0.947055860777725,-0.947055860777725,20
TCGA-78-7158-01Z-00-DX1.74db3dcd-2715-4ce7-8e48-30c8b7946ba0,LUAD,gigapath,GigaPath,40x__2p5x,40× ↔ 2.5×,2.552834760541857,-2.552834760541857,20
TCGA-78-7158-01Z-00-DX1.74db3dcd-2715-4ce7-8e48-30c8b7946ba0,LUAD,gigapath_flash,GigaPath-Flash,10x__2p5x,10× ↔ 2.5×,3.4551740768419763,-3.4551740768419763,20
TCGA-78-7158-01Z-00-DX1.74db3dcd-2715-4ce7-8e48-30c8b7946ba0,LUAD,gigapath_flash,GigaPath-Flash,40x__10x,40× ↔ 10×,0.8011719663479425,-0.8011719663479425,20
TCGA-78-7158-01Z-00-DX1.74db3dcd-2715-4ce7-8e48-30c8b7946ba0,LUAD,gigapath_flash,GigaPath-Flash,40x__2p5x,40× ↔ 2.5×,5.006757299712594,-5.006757299712594,20
TCGA-78-7158-01Z-00-DX1.74db3dcd-2715-4ce7-8e48-30c8b7946ba0,LUAD,midnight,Midnight,10x__2p5x,10× ↔ 2.5×,0.08632419624789721,-0.08632419624789721,20
TCGA-78-7158-01Z-00-DX1.74db3dcd-2715-4ce7-8e48-30c8b7946ba0,LUAD,midnight,Midnight,40x__10x,40× ↔ 10×,0.17644248244926922,-0.17644248244926922,20
TCGA-78-7158-01Z-00-DX1.74db3dcd-2715-4ce7-8e48-30c8b7946ba0,LUAD,midnight,Midnight,40x__2p5x,40× ↔ 2.5×,0.3109727473228081,-0.3109727473228081,20
TCGA-78-7158-01Z-00-DX1.74db3dcd-2715-4ce7-8e48-30c8b7946ba0,LUAD,phikon,Phikon,10x__2p5x,10× ↔ 2.5×,1.8517444517303692,-1.8517444517303692,20
TCGA-78-7158-01Z-00-DX1.74db3dcd-2715-4ce7-8e48-30c8b7946ba0,LUAD,phikon,Phikon,40x__10x,40× ↔ 10×,0.142293493235581,-0.142293493235581,20
TCGA-78-7158-01Z-00-DX1.74db3dcd-2715-4ce7-8e48-30c8b7946ba0,LUAD,phikon,Phikon,40x__2p5x,40× ↔ 2.5×,3.6357922729604084,-3.6357922729604084,20
TCGA-78-7158-01Z-00-DX1.74db3dcd-2715-4ce7-8e48-30c8b7946ba0,LUAD,uni,UNI,10x__2p5x,10× ↔ 2.5×,1.4039761574839504,-1.4039761574839504,20
TCGA-78-7158-01Z-00-DX1.74db3dcd-2715-4ce7-8e48-30c8b7946ba0,LUAD,uni,UNI,40x__10x,40× ↔ 10×,0.37441106447886413,-0.37441106447886413,20
TCGA-78-7158-01Z-00-DX1.74db3dcd-2715-4ce7-8e48-30c8b7946ba0,LUAD,uni,UNI,40x__2p5x,40× ↔ 2.5×,3.7715283959141805,-3.7715283959141805,20
TCGA-78-7158-01Z-00-DX1.74db3dcd-2715-4ce7-8e48-30c8b7946ba0,LUAD,uni2,UNI2,10x__2p5x,10× ↔ 2.5×,0.012959102521822663,-0.012959102521822663,20
TCGA-78-7158-01Z-00-DX1.74db3dcd-2715-4ce7-8e48-30c8b7946ba0,LUAD,uni2,UNI2,40x__10x,40× ↔ 10×,0.06765733142046551,-0.06765733142046551,20
TCGA-78-7158-01Z-00-DX1.74db3dcd-2715-4ce7-8e48-30c8b7946ba0,LUAD,uni2,UNI2,40x__2p5x,40× ↔ 2.5×,0.02654581884373869,-0.02654581884373869,20
TCGA-78-7158-01Z-00-DX1.74db3dcd-2715-4ce7-8e48-30c8b7946ba0,LUAD,virchow,Virchow,10x__2p5x,10× ↔ 2.5×,3.6942229843508265,-3.6942229843508265,20
TCGA-78-7158-01Z-00-DX1.74db3dcd-2715-4ce7-8e48-30c8b7946ba0,LUAD,virchow,Virchow,40x__10x,40× ↔ 10×,1.3907541233339642,-1.3907541233339642,20
TCGA-78-7158-01Z-00-DX1.74db3dcd-2715-4ce7-8e48-30c8b7946ba0,LUAD,virchow,Virchow,40x__2p5x,40× ↔ 2.5×,5.0448690444493325,-5.0448690444493325,20
TCGA-78-7158-01Z-00-DX1.74db3dcd-2715-4ce7-8e48-30c8b7946ba0,LUAD,virchow2,Virchow2,10x__2p5x,10× ↔ 2.5×,0.14860869189566026,-0.14860869189566026,20
TCGA-78-7158-01Z-00-DX1.74db3dcd-2715-4ce7-8e48-30c8b7946ba0,LUAD,virchow2,Virchow2,40x__10x,40× ↔ 10×,0.35119315172606586,-0.35119315172606586,20
TCGA-78-7158-01Z-00-DX1.74db3dcd-2715-4ce7-8e48-30c8b7946ba0,LUAD,virchow2,Virchow2,40x__2p5x,40× ↔ 2.5×,0.5916937555937863,-0.5916937555937863,20
TCGA-78-7163-01Z-00-DX1.42880bdf-271d-41dd-aada-e7ec1156ff31,LUAD,gigapath,GigaPath,10x__2p5x,10× ↔ 2.5×,0.8938135386841847,-0.8938135386841847,20
TCGA-78-7163-01Z-00-DX1.42880bdf-271d-41dd-aada-e7ec1156ff31,LUAD,gigapath,GigaPath,40x__10x,40× ↔ 10×,0.5494686310815824,-0.5494686310815824,20
TCGA-78-7163-01Z-00-DX1.42880bdf-271d-41dd-aada-e7ec1156ff31,LUAD,gigapath,GigaPath,40x__2p5x,40× ↔ 2.5×,2.8242536622729633,-2.8242536622729633,20
TCGA-78-7163-01Z-00-DX1.42880bdf-271d-41dd-aada-e7ec1156ff31,LUAD,gigapath_flash,GigaPath-Flash,10x__2p5x,10× ↔ 2.5×,3.5587289912804048,-3.5587289912804048,20
TCGA-78-7163-01Z-00-DX1.42880bdf-271d-41dd-aada-e7ec1156ff31,LUAD,gigapath_flash,GigaPath-Flash,40x__10x,40× ↔ 10×,-0.5866471339612488,0.5866471339612488,20
TCGA-78-7163-01Z-00-DX1.42880bdf-271d-41dd-aada-e7ec1156ff31,LUAD,gigapath_flash,GigaPath-Flash,40x__2p5x,40× ↔ 2.5×,5.24128678328438,-5.24128678328438,20
TCGA-78-7163-01Z-00-DX1.42880bdf-271d-41dd-aada-e7ec1156ff31,LUAD,midnight,Midnight,10x__2p5x,10× ↔ 2.5×,0.0700509918125094,-0.0700509918125094,20
TCGA-78-7163-01Z-00-DX1.42880bdf-271d-41dd-aada-e7ec1156ff31,LUAD,midnight,Midnight,40x__10x,40× ↔ 10×,0.17977413205997386,-0.17977413205997386,20
TCGA-78-7163-01Z-00-DX1.42880bdf-271d-41dd-aada-e7ec1156ff31,LUAD,midnight,Midnight,40x__2p5x,40× ↔ 2.5×,0.1423662699323723,-0.1423662699323723,20
TCGA-78-7163-01Z-00-DX1.42880bdf-271d-41dd-aada-e7ec1156ff31,LUAD,phikon,Phikon,10x__2p5x,10× ↔ 2.5×,3.1836679102532472,-3.1836679102532472,20
TCGA-78-7163-01Z-00-DX1.42880bdf-271d-41dd-aada-e7ec1156ff31,LUAD,phikon,Phikon,40x__10x,40× ↔ 10×,0.2762285862636698,-0.2762285862636698,20
TCGA-78-7163-01Z-00-DX1.42880bdf-271d-41dd-aada-e7ec1156ff31,LUAD,phikon,Phikon,40x__2p5x,40× ↔ 2.5×,2.4250782033133698,-2.4250782033133698,20
TCGA-78-7163-01Z-00-DX1.42880bdf-271d-41dd-aada-e7ec1156ff31,LUAD,uni,UNI,10x__2p5x,10× ↔ 2.5×,2.8953330402259794,-2.8953330402259794,20
TCGA-78-7163-01Z-00-DX1.42880bdf-271d-41dd-aada-e7ec1156ff31,LUAD,uni,UNI,40x__10x,40× ↔ 10×,0.8671443996134636,-0.8671443996134636,20
TCGA-78-7163-01Z-00-DX1.42880bdf-271d-41dd-aada-e7ec1156ff31,LUAD,uni,UNI,40x__2p5x,40× ↔ 2.5×,4.622630310875018,-4.622630310875018,20
TCGA-78-7163-01Z-00-DX1.42880bdf-271d-41dd-aada-e7ec1156ff31,LUAD,uni2,UNI2,10x__2p5x,10× ↔ 2.5×,0.08637026222453906,-0.08637026222453906,20
TCGA-78-7163-01Z-00-DX1.42880bdf-271d-41dd-aada-e7ec1156ff31,LUAD,uni2,UNI2,40x__10x,40× ↔ 10×,0.27265846003422034,-0.27265846003422034,20
TCGA-78-7163-01Z-00-DX1.42880bdf-271d-41dd-aada-e7ec1156ff31,LUAD,uni2,UNI2,40x__2p5x,40× ↔ 2.5×,0.0934266334930165,-0.0934266334930165,20
TCGA-78-7163-01Z-00-DX1.42880bdf-271d-41dd-aada-e7ec1156ff31,LUAD,virchow,Virchow,10x__2p5x,10× ↔ 2.5×,3.1541793868646857,-3.1541793868646857,20
TCGA-78-7163-01Z-00-DX1.42880bdf-271d-41dd-aada-e7ec1156ff31,LUAD,virchow,Virchow,40x__10x,40× ↔ 10×,2.6571939294142632,-2.6571939294142632,20
TCGA-78-7163-01Z-00-DX1.42880bdf-271d-41dd-aada-e7ec1156ff31,LUAD,virchow,Virchow,40x__2p5x,40× ↔ 2.5×,6.397160790450028,-6.397160790450028,20
TCGA-78-7163-01Z-00-DX1.42880bdf-271d-41dd-aada-e7ec1156ff31,LUAD,virchow2,Virchow2,10x__2p5x,10× ↔ 2.5×,0.20743480971962103,-0.20743480971962103,20
TCGA-78-7163-01Z-00-DX1.42880bdf-271d-41dd-aada-e7ec1156ff31,LUAD,virchow2,Virchow2,40x__10x,40× ↔ 10×,0.6579380729756127,-0.6579380729756127,20
TCGA-78-7163-01Z-00-DX1.42880bdf-271d-41dd-aada-e7ec1156ff31,LUAD,virchow2,Virchow2,40x__2p5x,40× ↔ 2.5×,0.5110208638242253,-0.5110208638242253,20
TCGA-78-7536-01Z-00-DX1.6b066140-8b82-40a5-bd48-430eeb4463fe,LUAD,gigapath,GigaPath,10x__2p5x,10× ↔ 2.5×,1.032207139464098,-1.032207139464098,20
TCGA-78-7536-01Z-00-DX1.6b066140-8b82-40a5-bd48-430eeb4463fe,LUAD,gigapath,GigaPath,40x__10x,40× ↔ 10×,1.5210706632458824,-1.5210706632458824,20
TCGA-78-7536-01Z-00-DX1.6b066140-8b82-40a5-bd48-430eeb4463fe,LUAD,gigapath,GigaPath,40x__2p5x,40× ↔ 2.5×,2.986675469628413,-2.986675469628413,20
TCGA-78-7536-01Z-00-DX1.6b066140-8b82-40a5-bd48-430eeb4463fe,LUAD,gigapath_flash,GigaPath-Flash,10x__2p5x,10× ↔ 2.5×,3.26497388016454,-3.26497388016454,20
TCGA-78-7536-01Z-00-DX1.6b066140-8b82-40a5-bd48-430eeb4463fe,LUAD,gigapath_flash,GigaPath-Flash,40x__10x,40× ↔ 10×,1.4146799020600471,-1.4146799020600471,20
TCGA-78-7536-01Z-00-DX1.6b066140-8b82-40a5-bd48-430eeb4463fe,LUAD,gigapath_flash,GigaPath-Flash,40x__2p5x,40× ↔ 2.5×,4.295098201780595,-4.295098201780595,20
TCGA-78-7536-01Z-00-DX1.6b066140-8b82-40a5-bd48-430eeb4463fe,LUAD,midnight,Midnight,10x__2p5x,10× ↔ 2.5×,0.06647042191365625,-0.06647042191365625,20
TCGA-78-7536-01Z-00-DX1.6b066140-8b82-40a5-bd48-430eeb4463fe,LUAD,midnight,Midnight,40x__10x,40× ↔ 10×,0.18002337712481323,-0.18002337712481323,20
TCGA-78-7536-01Z-00-DX1.6b066140-8b82-40a5-bd48-430eeb4463fe,LUAD,midnight,Midnight,40x__2p5x,40× ↔ 2.5×,0.33774439258246053,-0.33774439258246053,20
TCGA-78-7536-01Z-00-DX1.6b066140-8b82-40a5-bd48-430eeb4463fe,LUAD,phikon,Phikon,10x__2p5x,10× ↔ 2.5×,1.6246206512429513,-1.6246206512429513,20
TCGA-78-7536-01Z-00-DX1.6b066140-8b82-40a5-bd48-430eeb4463fe,LUAD,phikon,Phikon,40x__10x,40× ↔ 10×,0.8644807880151376,-0.8644807880151376,20
TCGA-78-7536-01Z-00-DX1.6b066140-8b82-40a5-bd48-430eeb4463fe,LUAD,phikon,Phikon,40x__2p5x,40× ↔ 2.5×,2.4433842017064453,-2.4433842017064453,20
TCGA-78-7536-01Z-00-DX1.6b066140-8b82-40a5-bd48-430eeb4463fe,LUAD,uni,UNI,10x__2p5x,10× ↔ 2.5×,1.416644049800828,-1.416644049800828,20
TCGA-78-7536-01Z-00-DX1.6b066140-8b82-40a5-bd48-430eeb4463fe,LUAD,uni,UNI,40x__10x,40× ↔ 10×,1.960849472665093,-1.960849472665093,20
TCGA-78-7536-01Z-00-DX1.6b066140-8b82-40a5-bd48-430eeb4463fe,LUAD,uni,UNI,40x__2p5x,40× ↔ 2.5×,3.1349860483880265,-3.1349860483880265,20
TCGA-78-7536-01Z-00-DX1.6b066140-8b82-40a5-bd48-430eeb4463fe,LUAD,uni2,UNI2,10x__2p5x,10× ↔ 2.5×,-0.23824442519633116,0.23824442519633116,20
TCGA-78-7536-01Z-00-DX1.6b066140-8b82-40a5-bd48-430eeb4463fe,LUAD,uni2,UNI2,40x__10x,40× ↔ 10×,0.4858769934617144,-0.4858769934617144,20
TCGA-78-7536-01Z-00-DX1.6b066140-8b82-40a5-bd48-430eeb4463fe,LUAD,uni2,UNI2,40x__2p5x,40× ↔ 2.5×,0.3580319539343526,-0.3580319539343526,20
TCGA-78-7536-01Z-00-DX1.6b066140-8b82-40a5-bd48-430eeb4463fe,LUAD,virchow,Virchow,10x__2p5x,10× ↔ 2.5×,2.783682221055728,-2.783682221055728,20
TCGA-78-7536-01Z-00-DX1.6b066140-8b82-40a5-bd48-430eeb4463fe,LUAD,virchow,Virchow,40x__10x,40× ↔ 10×,3.067069856063266,-3.067069856063266,20
TCGA-78-7536-01Z-00-DX1.6b066140-8b82-40a5-bd48-430eeb4463fe,LUAD,virchow,Virchow,40x__2p5x,40× ↔ 2.5×,3.7029004208809275,-3.7029004208809275,20
TCGA-78-7536-01Z-00-DX1.6b066140-8b82-40a5-bd48-430eeb4463fe,LUAD,virchow2,Virchow2,10x__2p5x,10× ↔ 2.5×,1.4112208250533302,-1.4112208250533302,20
TCGA-78-7536-01Z-00-DX1.6b066140-8b82-40a5-bd48-430eeb4463fe,LUAD,virchow2,Virchow2,40x__10x,40× ↔ 10×,1.039967139333202,-1.039967139333202,20
TCGA-78-7536-01Z-00-DX1.6b066140-8b82-40a5-bd48-430eeb4463fe,LUAD,virchow2,Virchow2,40x__2p5x,40× ↔ 2.5×,1.5428717401510919,-1.5428717401510919,20
TCGA-86-8668-01Z-00-DX1.d720d486-02c7-4f98-8feb-e0e50a12c158,LUAD,gigapath,GigaPath,10x__2p5x,10× ↔ 2.5×,0.8521909943136409,-0.8521909943136409,20
TCGA-86-8668-01Z-00-DX1.d720d486-02c7-4f98-8feb-e0e50a12c158,LUAD,gigapath,GigaPath,40x__10x,40× ↔ 10×,-0.1663665056848959,0.1663665056848959,20
TCGA-86-8668-01Z-00-DX1.d720d486-02c7-4f98-8feb-e0e50a12c158,LUAD,gigapath,GigaPath,40x__2p5x,40× ↔ 2.5×,0.16120852787124812,-0.16120852787124812,20
TCGA-86-8668-01Z-00-DX1.d720d486-02c7-4f98-8feb-e0e50a12c158,LUAD,gigapath_flash,GigaPath-Flash,10x__2p5x,10× ↔ 2.5×,2.280388757140558,-2.280388757140558,20
TCGA-86-8668-01Z-00-DX1.d720d486-02c7-4f98-8feb-e0e50a12c158,LUAD,gigapath_flash,GigaPath-Flash,40x__10x,40× ↔ 10×,0.28463327125712035,-0.28463327125712035,20
TCGA-86-8668-01Z-00-DX1.d720d486-02c7-4f98-8feb-e0e50a12c158,LUAD,gigapath_flash,GigaPath-Flash,40x__2p5x,40× ↔ 2.5×,3.2552117410615606,-3.2552117410615606,20
TCGA-86-8668-01Z-00-DX1.d720d486-02c7-4f98-8feb-e0e50a12c158,LUAD,midnight,Midnight,10x__2p5x,10× ↔ 2.5×,0.03617983214373027,-0.03617983214373027,20
TCGA-86-8668-01Z-00-DX1.d720d486-02c7-4f98-8feb-e0e50a12c158,LUAD,midnight,Midnight,40x__10x,40× ↔ 10×,0.1796539304584201,-0.1796539304584201,20
TCGA-86-8668-01Z-00-DX1.d720d486-02c7-4f98-8feb-e0e50a12c158,LUAD,midnight,Midnight,40x__2p5x,40× ↔ 2.5×,0.16062020924145273,-0.16062020924145273,20
TCGA-86-8668-01Z-00-DX1.d720d486-02c7-4f98-8feb-e0e50a12c158,LUAD,phikon,Phikon,10x__2p5x,10× ↔ 2.5×,2.4713136237633035,-2.4713136237633035,20
TCGA-86-8668-01Z-00-DX1.d720d486-02c7-4f98-8feb-e0e50a12c158,LUAD,phikon,Phikon,40x__10x,40× ↔ 10×,0.06258541803757614,-0.06258541803757614,20
TCGA-86-8668-01Z-00-DX1.d720d486-02c7-4f98-8feb-e0e50a12c158,LUAD,phikon,Phikon,40x__2p5x,40× ↔ 2.5×,2.3423020993015298,-2.3423020993015298,20
TCGA-86-8668-01Z-00-DX1.d720d486-02c7-4f98-8feb-e0e50a12c158,LUAD,uni,UNI,10x__2p5x,10× ↔ 2.5×,1.6792701053498154,-1.6792701053498154,20
TCGA-86-8668-01Z-00-DX1.d720d486-02c7-4f98-8feb-e0e50a12c158,LUAD,uni,UNI,40x__10x,40× ↔ 10×,0.5506102307556995,-0.5506102307556995,20
TCGA-86-8668-01Z-00-DX1.d720d486-02c7-4f98-8feb-e0e50a12c158,LUAD,uni,UNI,40x__2p5x,40× ↔ 2.5×,2.347821317433856,-2.347821317433856,20
TCGA-86-8668-01Z-00-DX1.d720d486-02c7-4f98-8feb-e0e50a12c158,LUAD,uni2,UNI2,10x__2p5x,10× ↔ 2.5×,0.00443751588069234,-0.00443751588069234,20
TCGA-86-8668-01Z-00-DX1.d720d486-02c7-4f98-8feb-e0e50a12c158,LUAD,uni2,UNI2,40x__10x,40× ↔ 10×,0.0178691313144941,-0.0178691313144941,20
TCGA-86-8668-01Z-00-DX1.d720d486-02c7-4f98-8feb-e0e50a12c158,LUAD,uni2,UNI2,40x__2p5x,40× ↔ 2.5×,-0.021903797142688607,0.021903797142688607,20
TCGA-86-8668-01Z-00-DX1.d720d486-02c7-4f98-8feb-e0e50a12c158,LUAD,virchow,Virchow,10x__2p5x,10× ↔ 2.5×,1.9858264708028446,-1.9858264708028446,20
TCGA-86-8668-01Z-00-DX1.d720d486-02c7-4f98-8feb-e0e50a12c158,LUAD,virchow,Virchow,40x__10x,40× ↔ 10×,0.8887472568933882,-0.8887472568933882,20
TCGA-86-8668-01Z-00-DX1.d720d486-02c7-4f98-8feb-e0e50a12c158,LUAD,virchow,Virchow,40x__2p5x,40× ↔ 2.5×,1.9823629666584275,-1.9823629666584275,20
TCGA-86-8668-01Z-00-DX1.d720d486-02c7-4f98-8feb-e0e50a12c158,LUAD,virchow2,Virchow2,10x__2p5x,10× ↔ 2.5×,0.004739273587427402,-0.004739273587427402,20
TCGA-86-8668-01Z-00-DX1.d720d486-02c7-4f98-8feb-e0e50a12c158,LUAD,virchow2,Virchow2,40x__10x,40× ↔ 10×,0.5009077471211736,-0.5009077471211736,20
TCGA-86-8668-01Z-00-DX1.d720d486-02c7-4f98-8feb-e0e50a12c158,LUAD,virchow2,Virchow2,40x__2p5x,40× ↔ 2.5×,0.0670933179393964,-0.0670933179393964,20
TCGA-97-A4LX-01Z-00-DX1.B2334672-A626-4E74-B4D1-A79F70F65909,LUAD,gigapath,GigaPath,10x__2p5x,10× ↔ 2.5×,1.4535610114347564,-1.4535610114347564,20
TCGA-97-A4LX-01Z-00-DX1.B2334672-A626-4E74-B4D1-A79F70F65909,LUAD,gigapath,GigaPath,40x__10x,40× ↔ 10×,0.7793204125627381,-0.7793204125627381,20
TCGA-97-A4LX-01Z-00-DX1.B2334672-A626-4E74-B4D1-A79F70F65909,LUAD,gigapath,GigaPath,40x__2p5x,40× ↔ 2.5×,2.436884406886832,-2.436884406886832,20
TCGA-97-A4LX-01Z-00-DX1.B2334672-A626-4E74-B4D1-A79F70F65909,LUAD,gigapath_flash,GigaPath-Flash,10x__2p5x,10× ↔ 2.5×,3.43273831809174,-3.43273831809174,20
TCGA-97-A4LX-01Z-00-DX1.B2334672-A626-4E74-B4D1-A79F70F65909,LUAD,gigapath_flash,GigaPath-Flash,40x__10x,40× ↔ 10×,0.8961259510840218,-0.8961259510840218,20
TCGA-97-A4LX-01Z-00-DX1.B2334672-A626-4E74-B4D1-A79F70F65909,LUAD,gigapath_flash,GigaPath-Flash,40x__2p5x,40× ↔ 2.5×,4.197784308939084,-4.197784308939084,20
TCGA-97-A4LX-01Z-00-DX1.B2334672-A626-4E74-B4D1-A79F70F65909,LUAD,midnight,Midnight,10x__2p5x,10× ↔ 2.5×,0.04289001980974403,-0.04289001980974403,20
TCGA-97-A4LX-01Z-00-DX1.B2334672-A626-4E74-B4D1-A79F70F65909,LUAD,midnight,Midnight,40x__10x,40× ↔ 10×,0.03313817712159944,-0.03313817712159944,20
TCGA-97-A4LX-01Z-00-DX1.B2334672-A626-4E74-B4D1-A79F70F65909,LUAD,midnight,Midnight,40x__2p5x,40× ↔ 2.5×,0.1263691417727845,-0.1263691417727845,20
TCGA-97-A4LX-01Z-00-DX1.B2334672-A626-4E74-B4D1-A79F70F65909,LUAD,phikon,Phikon,10x__2p5x,10× ↔ 2.5×,2.4901520343121306,-2.4901520343121306,20
TCGA-97-A4LX-01Z-00-DX1.B2334672-A626-4E74-B4D1-A79F70F65909,LUAD,phikon,Phikon,40x__10x,40× ↔ 10×,0.20761781969885265,-0.20761781969885265,20
TCGA-97-A4LX-01Z-00-DX1.B2334672-A626-4E74-B4D1-A79F70F65909,LUAD,phikon,Phikon,40x__2p5x,40× ↔ 2.5×,2.073204287646882,-2.073204287646882,20
TCGA-97-A4LX-01Z-00-DX1.B2334672-A626-4E74-B4D1-A79F70F65909,LUAD,uni,UNI,10x__2p5x,10× ↔ 2.5×,1.7950163352696389,-1.7950163352696389,20
TCGA-97-A4LX-01Z-00-DX1.B2334672-A626-4E74-B4D1-A79F70F65909,LUAD,uni,UNI,40x__10x,40× ↔ 10×,0.42007890355574784,-0.42007890355574784,20
TCGA-97-A4LX-01Z-00-DX1.B2334672-A626-4E74-B4D1-A79F70F65909,LUAD,uni,UNI,40x__2p5x,40× ↔ 2.5×,2.888459770021427,-2.888459770021427,20
TCGA-97-A4LX-01Z-00-DX1.B2334672-A626-4E74-B4D1-A79F70F65909,LUAD,uni2,UNI2,10x__2p5x,10× ↔ 2.5×,0.017236034307238836,-0.017236034307238836,20
TCGA-97-A4LX-01Z-00-DX1.B2334672-A626-4E74-B4D1-A79F70F65909,LUAD,uni2,UNI2,40x__10x,40× ↔ 10×,0.08790328715210277,-0.08790328715210277,20
TCGA-97-A4LX-01Z-00-DX1.B2334672-A626-4E74-B4D1-A79F70F65909,LUAD,uni2,UNI2,40x__2p5x,40× ↔ 2.5×,0.10709252647527241,-0.10709252647527241,20
TCGA-97-A4LX-01Z-00-DX1.B2334672-A626-4E74-B4D1-A79F70F65909,LUAD,virchow,Virchow,10x__2p5x,10× ↔ 2.5×,3.9727070484888642,-3.9727070484888642,20
TCGA-97-A4LX-01Z-00-DX1.B2334672-A626-4E74-B4D1-A79F70F65909,LUAD,virchow,Virchow,40x__10x,40× ↔ 10×,0.5195528276454102,-0.5195528276454102,20
TCGA-97-A4LX-01Z-00-DX1.B2334672-A626-4E74-B4D1-A79F70F65909,LUAD,virchow,Virchow,40x__2p5x,40× ↔ 2.5×,5.5779990549922935,-5.5779990549922935,20
TCGA-97-A4LX-01Z-00-DX1.B2334672-A626-4E74-B4D1-A79F70F65909,LUAD,virchow2,Virchow2,10x__2p5x,10× ↔ 2.5×,0.020743366028782566,-0.020743366028782566,20
TCGA-97-A4LX-01Z-00-DX1.B2334672-A626-4E74-B4D1-A79F70F65909,LUAD,virchow2,Virchow2,40x__10x,40× ↔ 10×,0.02924488922807785,-0.02924488922807785,20
TCGA-97-A4LX-01Z-00-DX1.B2334672-A626-4E74-B4D1-A79F70F65909,LUAD,virchow2,Virchow2,40x__2p5x,40× ↔ 2.5×,0.18681623921705742,-0.18681623921705742,20
TCGA-97-A4M2-01Z-00-DX1.5C72522C-1538-4D68-B517-5FB05A9D401A,LUAD,gigapath,GigaPath,10x__2p5x,10× ↔ 2.5×,1.2582460064792158,-1.2582460064792158,20
TCGA-97-A4M2-01Z-00-DX1.5C72522C-1538-4D68-B517-5FB05A9D401A,LUAD,gigapath,GigaPath,40x__10x,40× ↔ 10×,0.38267814980191533,-0.38267814980191533,20
TCGA-97-A4M2-01Z-00-DX1.5C72522C-1538-4D68-B517-5FB05A9D401A,LUAD,gigapath,GigaPath,40x__2p5x,40× ↔ 2.5×,2.392655172886733,-2.392655172886733,20
TCGA-97-A4M2-01Z-00-DX1.5C72522C-1538-4D68-B517-5FB05A9D401A,LUAD,gigapath_flash,GigaPath-Flash,10x__2p5x,10× ↔ 2.5×,3.443386837227785,-3.443386837227785,20
TCGA-97-A4M2-01Z-00-DX1.5C72522C-1538-4D68-B517-5FB05A9D401A,LUAD,gigapath_flash,GigaPath-Flash,40x__10x,40× ↔ 10×,0.8167371006483144,-0.8167371006483144,20
TCGA-97-A4M2-01Z-00-DX1.5C72522C-1538-4D68-B517-5FB05A9D401A,LUAD,gigapath_flash,GigaPath-Flash,40x__2p5x,40× ↔ 2.5×,5.058228047451388,-5.058228047451388,20
TCGA-97-A4M2-01Z-00-DX1.5C72522C-1538-4D68-B517-5FB05A9D401A,LUAD,midnight,Midnight,10x__2p5x,10× ↔ 2.5×,0.030560255308829415,-0.030560255308829415,20
TCGA-97-A4M2-01Z-00-DX1.5C72522C-1538-4D68-B517-5FB05A9D401A,LUAD,midnight,Midnight,40x__10x,40× ↔ 10×,0.04788223415519007,-0.04788223415519007,20
TCGA-97-A4M2-01Z-00-DX1.5C72522C-1538-4D68-B517-5FB05A9D401A,LUAD,midnight,Midnight,40x__2p5x,40× ↔ 2.5×,0.11972207176677467,-0.11972207176677467,20
TCGA-97-A4M2-01Z-00-DX1.5C72522C-1538-4D68-B517-5FB05A9D401A,LUAD,phikon,Phikon,10x__2p5x,10× ↔ 2.5×,2.691276655535558,-2.691276655535558,20
TCGA-97-A4M2-01Z-00-DX1.5C72522C-1538-4D68-B517-5FB05A9D401A,LUAD,phikon,Phikon,40x__10x,40× ↔ 10×,0.281426476538041,-0.281426476538041,20
TCGA-97-A4M2-01Z-00-DX1.5C72522C-1538-4D68-B517-5FB05A9D401A,LUAD,phikon,Phikon,40x__2p5x,40× ↔ 2.5×,2.476433849666269,-2.476433849666269,20
TCGA-97-A4M2-01Z-00-DX1.5C72522C-1538-4D68-B517-5FB05A9D401A,LUAD,uni,UNI,10x__2p5x,10× ↔ 2.5×,2.2295113586166386,-2.2295113586166386,20
TCGA-97-A4M2-01Z-00-DX1.5C72522C-1538-4D68-B517-5FB05A9D401A,LUAD,uni,UNI,40x__10x,40× ↔ 10×,0.3276853190104908,-0.3276853190104908,20
TCGA-97-A4M2-01Z-00-DX1.5C72522C-1538-4D68-B517-5FB05A9D401A,LUAD,uni,UNI,40x__2p5x,40× ↔ 2.5×,3.405005973386367,-3.405005973386367,20
TCGA-97-A4M2-01Z-00-DX1.5C72522C-1538-4D68-B517-5FB05A9D401A,LUAD,uni2,UNI2,10x__2p5x,10× ↔ 2.5×,0.008228085294015197,-0.008228085294015197,20
TCGA-97-A4M2-01Z-00-DX1.5C72522C-1538-4D68-B517-5FB05A9D401A,LUAD,uni2,UNI2,40x__10x,40× ↔ 10×,0.17727410520143333,-0.17727410520143333,20
TCGA-97-A4M2-01Z-00-DX1.5C72522C-1538-4D68-B517-5FB05A9D401A,LUAD,uni2,UNI2,40x__2p5x,40× ↔ 2.5×,0.13583703488841115,-0.13583703488841115,20
TCGA-97-A4M2-01Z-00-DX1.5C72522C-1538-4D68-B517-5FB05A9D401A,LUAD,virchow,Virchow,10x__2p5x,10× ↔ 2.5×,3.741635371808873,-3.741635371808873,20
TCGA-97-A4M2-01Z-00-DX1.5C72522C-1538-4D68-B517-5FB05A9D401A,LUAD,virchow,Virchow,40x__10x,40× ↔ 10×,0.717041652042523,-0.717041652042523,20
TCGA-97-A4M2-01Z-00-DX1.5C72522C-1538-4D68-B517-5FB05A9D401A,LUAD,virchow,Virchow,40x__2p5x,40× ↔ 2.5×,4.9364948811420195,-4.9364948811420195,20
TCGA-97-A4M2-01Z-00-DX1.5C72522C-1538-4D68-B517-5FB05A9D401A,LUAD,virchow2,Virchow2,10x__2p5x,10× ↔ 2.5×,0.023095588135967373,-0.023095588135967373,20
TCGA-97-A4M2-01Z-00-DX1.5C72522C-1538-4D68-B517-5FB05A9D401A,LUAD,virchow2,Virchow2,40x__10x,40× ↔ 10×,0.17072487343566273,-0.17072487343566273,20
TCGA-97-A4M2-01Z-00-DX1.5C72522C-1538-4D68-B517-5FB05A9D401A,LUAD,virchow2,Virchow2,40x__2p5x,40× ↔ 2.5×,0.4055227037721153,-0.4055227037721153,20
TCGA-A3-3346-01Z-00-DX1.95280216-fd71-4a03-b452-6e3d667f2542,KIRC,gigapath,GigaPath,10x__2p5x,10× ↔ 2.5×,1.8452749981028962,-1.8452749981028962,20
TCGA-A3-3346-01Z-00-DX1.95280216-fd71-4a03-b452-6e3d667f2542,KIRC,gigapath,GigaPath,40x__10x,40× ↔ 10×,0.9406323560125299,-0.9406323560125299,20
TCGA-A3-3346-01Z-00-DX1.95280216-fd71-4a03-b452-6e3d667f2542,KIRC,gigapath,GigaPath,40x__2p5x,40× ↔ 2.5×,1.3254156513041844,-1.3254156513041844,20
TCGA-A3-3346-01Z-00-DX1.95280216-fd71-4a03-b452-6e3d667f2542,KIRC,gigapath_flash,GigaPath-Flash,10x__2p5x,10× ↔ 2.5×,1.609433087854466,-1.609433087854466,20
TCGA-A3-3346-01Z-00-DX1.95280216-fd71-4a03-b452-6e3d667f2542,KIRC,gigapath_flash,GigaPath-Flash,40x__10x,40× ↔ 10×,0.6069782335380512,-0.6069782335380512,20
TCGA-A3-3346-01Z-00-DX1.95280216-fd71-4a03-b452-6e3d667f2542,KIRC,gigapath_flash,GigaPath-Flash,40x__2p5x,40× ↔ 2.5×,1.6667921405490715,-1.6667921405490715,20
TCGA-A3-3346-01Z-00-DX1.95280216-fd71-4a03-b452-6e3d667f2542,KIRC,midnight,Midnight,10x__2p5x,10× ↔ 2.5×,0.5043243561005666,-0.5043243561005666,20
TCGA-A3-3346-01Z-00-DX1.95280216-fd71-4a03-b452-6e3d667f2542,KIRC,midnight,Midnight,40x__10x,40× ↔ 10×,0.9792377777171545,-0.9792377777171545,20
TCGA-A3-3346-01Z-00-DX1.95280216-fd71-4a03-b452-6e3d667f2542,KIRC,midnight,Midnight,40x__2p5x,40× ↔ 2.5×,0.8374439956045141,-0.8374439956045141,20
TCGA-A3-3346-01Z-00-DX1.95280216-fd71-4a03-b452-6e3d667f2542,KIRC,phikon,Phikon,10x__2p5x,10× ↔ 2.5×,0.9666159076239056,-0.9666159076239056,20
TCGA-A3-3346-01Z-00-DX1.95280216-fd71-4a03-b452-6e3d667f2542,KIRC,phikon,Phikon,40x__10x,40× ↔ 10×,1.9145710206123847,-1.9145710206123847,20
TCGA-A3-3346-01Z-00-DX1.95280216-fd71-4a03-b452-6e3d667f2542,KIRC,phikon,Phikon,40x__2p5x,40× ↔ 2.5×,2.401645403589998,-2.401645403589998,20
TCGA-A3-3346-01Z-00-DX1.95280216-fd71-4a03-b452-6e3d667f2542,KIRC,uni,UNI,10x__2p5x,10× ↔ 2.5×,0.4889828986774828,-0.4889828986774828,20
TCGA-A3-3346-01Z-00-DX1.95280216-fd71-4a03-b452-6e3d667f2542,KIRC,uni,UNI,40x__10x,40× ↔ 10×,0.5122272207377658,-0.5122272207377658,20
TCGA-A3-3346-01Z-00-DX1.95280216-fd71-4a03-b452-6e3d667f2542,KIRC,uni,UNI,40x__2p5x,40× ↔ 2.5×,0.9233363550516922,-0.9233363550516922,20
TCGA-A3-3346-01Z-00-DX1.95280216-fd71-4a03-b452-6e3d667f2542,KIRC,uni2,UNI2,10x__2p5x,10× ↔ 2.5×,0.3808396029663135,-0.3808396029663135,20
TCGA-A3-3346-01Z-00-DX1.95280216-fd71-4a03-b452-6e3d667f2542,KIRC,uni2,UNI2,40x__10x,40× ↔ 10×,0.01760776886842323,-0.01760776886842323,20
TCGA-A3-3346-01Z-00-DX1.95280216-fd71-4a03-b452-6e3d667f2542,KIRC,uni2,UNI2,40x__2p5x,40× ↔ 2.5×,0.6876516042478907,-0.6876516042478907,20
TCGA-A3-3346-01Z-00-DX1.95280216-fd71-4a03-b452-6e3d667f2542,KIRC,virchow,Virchow,10x__2p5x,10× ↔ 2.5×,4.6420290128328725,-4.6420290128328725,20
TCGA-A3-3346-01Z-00-DX1.95280216-fd71-4a03-b452-6e3d667f2542,KIRC,virchow,Virchow,40x__10x,40× ↔ 10×,0.7647080474637417,-0.7647080474637417,20
TCGA-A3-3346-01Z-00-DX1.95280216-fd71-4a03-b452-6e3d667f2542,KIRC,virchow,Virchow,40x__2p5x,40× ↔ 2.5×,2.84685745956873,-2.84685745956873,20
TCGA-A3-3346-01Z-00-DX1.95280216-fd71-4a03-b452-6e3d667f2542,KIRC,virchow2,Virchow2,10x__2p5x,10× ↔ 2.5×,0.5379381191313561,-0.5379381191313561,20
TCGA-A3-3346-01Z-00-DX1.95280216-fd71-4a03-b452-6e3d667f2542,KIRC,virchow2,Virchow2,40x__10x,40× ↔ 10×,0.013775125040755782,-0.013775125040755782,20
TCGA-A3-3346-01Z-00-DX1.95280216-fd71-4a03-b452-6e3d667f2542,KIRC,virchow2,Virchow2,40x__2p5x,40× ↔ 2.5×,0.6562230773617016,-0.6562230773617016,20
TCGA-A3-A8CQ-01Z-00-DX1.78DA0827-5FB8-4B9F-A845-22F85830B5FB,KIRC,gigapath,GigaPath,10x__2p5x,10× ↔ 2.5×,2.387706145034369,-2.387706145034369,20
TCGA-A3-A8CQ-01Z-00-DX1.78DA0827-5FB8-4B9F-A845-22F85830B5FB,KIRC,gigapath,GigaPath,40x__10x,40× ↔ 10×,1.0784985633674375,-1.0784985633674375,20
TCGA-A3-A8CQ-01Z-00-DX1.78DA0827-5FB8-4B9F-A845-22F85830B5FB,KIRC,gigapath,GigaPath,40x__2p5x,40× ↔ 2.5×,2.831788754752362,-2.831788754752362,20
TCGA-A3-A8CQ-01Z-00-DX1.78DA0827-5FB8-4B9F-A845-22F85830B5FB,KIRC,gigapath_flash,GigaPath-Flash,10x__2p5x,10× ↔ 2.5×,1.9525085823979378,-1.9525085823979378,20
TCGA-A3-A8CQ-01Z-00-DX1.78DA0827-5FB8-4B9F-A845-22F85830B5FB,KIRC,gigapath_flash,GigaPath-Flash,40x__10x,40× ↔ 10×,1.3393438806053644,-1.3393438806053644,20
TCGA-A3-A8CQ-01Z-00-DX1.78DA0827-5FB8-4B9F-A845-22F85830B5FB,KIRC,gigapath_flash,GigaPath-Flash,40x__2p5x,40× ↔ 2.5×,3.6724228212401266,-3.6724228212401266,20
TCGA-A3-A8CQ-01Z-00-DX1.78DA0827-5FB8-4B9F-A845-22F85830B5FB,KIRC,midnight,Midnight,10x__2p5x,10× ↔ 2.5×,0.14030326292894135,-0.14030326292894135,20
TCGA-A3-A8CQ-01Z-00-DX1.78DA0827-5FB8-4B9F-A845-22F85830B5FB,KIRC,midnight,Midnight,40x__10x,40× ↔ 10×,0.5292952646305343,-0.5292952646305343,20
TCGA-A3-A8CQ-01Z-00-DX1.78DA0827-5FB8-4B9F-A845-22F85830B5FB,KIRC,midnight,Midnight,40x__2p5x,40× ↔ 2.5×,0.5510980184921455,-0.5510980184921455,20
TCGA-A3-A8CQ-01Z-00-DX1.78DA0827-5FB8-4B9F-A845-22F85830B5FB,KIRC,phikon,Phikon,10x__2p5x,10× ↔ 2.5×,1.3983201228722133,-1.3983201228722133,20
TCGA-A3-A8CQ-01Z-00-DX1.78DA0827-5FB8-4B9F-A845-22F85830B5FB,KIRC,phikon,Phikon,40x__10x,40× ↔ 10×,0.9423833003941574,-0.9423833003941574,20
TCGA-A3-A8CQ-01Z-00-DX1.78DA0827-5FB8-4B9F-A845-22F85830B5FB,KIRC,phikon,Phikon,40x__2p5x,40× ↔ 2.5×,3.5957536134219494,-3.5957536134219494,20
TCGA-A3-A8CQ-01Z-00-DX1.78DA0827-5FB8-4B9F-A845-22F85830B5FB,KIRC,uni,UNI,10x__2p5x,10× ↔ 2.5×,0.8459143165897505,-0.8459143165897505,20
TCGA-A3-A8CQ-01Z-00-DX1.78DA0827-5FB8-4B9F-A845-22F85830B5FB,KIRC,uni,UNI,40x__10x,40× ↔ 10×,0.15525636815943236,-0.15525636815943236,20
TCGA-A3-A8CQ-01Z-00-DX1.78DA0827-5FB8-4B9F-A845-22F85830B5FB,KIRC,uni,UNI,40x__2p5x,40× ↔ 2.5×,1.4975888320350426,-1.4975888320350426,20
TCGA-A3-A8CQ-01Z-00-DX1.78DA0827-5FB8-4B9F-A845-22F85830B5FB,KIRC,uni2,UNI2,10x__2p5x,10× ↔ 2.5×,0.06862631776244224,-0.06862631776244224,20
TCGA-A3-A8CQ-01Z-00-DX1.78DA0827-5FB8-4B9F-A845-22F85830B5FB,KIRC,uni2,UNI2,40x__10x,40× ↔ 10×,0.004794150025738174,-0.004794150025738174,20
TCGA-A3-A8CQ-01Z-00-DX1.78DA0827-5FB8-4B9F-A845-22F85830B5FB,KIRC,uni2,UNI2,40x__2p5x,40× ↔ 2.5×,0.20067107745074236,-0.20067107745074236,20
TCGA-A3-A8CQ-01Z-00-DX1.78DA0827-5FB8-4B9F-A845-22F85830B5FB,KIRC,virchow,Virchow,10x__2p5x,10× ↔ 2.5×,5.986139392318351,-5.986139392318351,20
TCGA-A3-A8CQ-01Z-00-DX1.78DA0827-5FB8-4B9F-A845-22F85830B5FB,KIRC,virchow,Virchow,40x__10x,40× ↔ 10×,0.4973331995719083,-0.4973331995719083,20
TCGA-A3-A8CQ-01Z-00-DX1.78DA0827-5FB8-4B9F-A845-22F85830B5FB,KIRC,virchow,Virchow,40x__2p5x,40× ↔ 2.5×,4.262311256901056,-4.262311256901056,20
TCGA-A3-A8CQ-01Z-00-DX1.78DA0827-5FB8-4B9F-A845-22F85830B5FB,KIRC,virchow2,Virchow2,10x__2p5x,10× ↔ 2.5×,0.5350246638532556,-0.5350246638532556,20
TCGA-A3-A8CQ-01Z-00-DX1.78DA0827-5FB8-4B9F-A845-22F85830B5FB,KIRC,virchow2,Virchow2,40x__10x,40× ↔ 10×,0.0004024353079738983,-0.0004024353079738983,20
TCGA-A3-A8CQ-01Z-00-DX1.78DA0827-5FB8-4B9F-A845-22F85830B5FB,KIRC,virchow2,Virchow2,40x__2p5x,40× ↔ 2.5×,0.3610484831260674,-0.3610484831260674,20
TCGA-A5-A0GX-01Z-00-DX1.7E713D1A-5858-4648-957D-77189E43CFAA,UCEC,gigapath,GigaPath,10x__2p5x,10× ↔ 2.5×,0.08370220659506468,-0.08370220659506468,20
TCGA-A5-A0GX-01Z-00-DX1.7E713D1A-5858-4648-957D-77189E43CFAA,UCEC,gigapath,GigaPath,40x__10x,40× ↔ 10×,0.5872279990013051,-0.5872279990013051,20
TCGA-A5-A0GX-01Z-00-DX1.7E713D1A-5858-4648-957D-77189E43CFAA,UCEC,gigapath,GigaPath,40x__2p5x,40× ↔ 2.5×,0.7962426395370447,-0.7962426395370447,20
TCGA-A5-A0GX-01Z-00-DX1.7E713D1A-5858-4648-957D-77189E43CFAA,UCEC,gigapath_flash,GigaPath-Flash,10x__2p5x,10× ↔ 2.5×,0.62833558004303,-0.62833558004303,20
TCGA-A5-A0GX-01Z-00-DX1.7E713D1A-5858-4648-957D-77189E43CFAA,UCEC,gigapath_flash,GigaPath-Flash,40x__10x,40× ↔ 10×,1.5390606754120715,-1.5390606754120715,20
TCGA-A5-A0GX-01Z-00-DX1.7E713D1A-5858-4648-957D-77189E43CFAA,UCEC,gigapath_flash,GigaPath-Flash,40x__2p5x,40× ↔ 2.5×,2.5194976593336875,-2.5194976593336875,20
TCGA-A5-A0GX-01Z-00-DX1.7E713D1A-5858-4648-957D-77189E43CFAA,UCEC,midnight,Midnight,10x__2p5x,10× ↔ 2.5×,0.20890313380292555,-0.20890313380292555,20
TCGA-A5-A0GX-01Z-00-DX1.7E713D1A-5858-4648-957D-77189E43CFAA,UCEC,midnight,Midnight,40x__10x,40× ↔ 10×,0.3207609730704552,-0.3207609730704552,20
TCGA-A5-A0GX-01Z-00-DX1.7E713D1A-5858-4648-957D-77189E43CFAA,UCEC,midnight,Midnight,40x__2p5x,40× ↔ 2.5×,0.7049954506632025,-0.7049954506632025,20
TCGA-A5-A0GX-01Z-00-DX1.7E713D1A-5858-4648-957D-77189E43CFAA,UCEC,phikon,Phikon,10x__2p5x,10× ↔ 2.5×,1.2387392748482597,-1.2387392748482597,20
TCGA-A5-A0GX-01Z-00-DX1.7E713D1A-5858-4648-957D-77189E43CFAA,UCEC,phikon,Phikon,40x__10x,40× ↔ 10×,0.316934924382945,-0.316934924382945,20
TCGA-A5-A0GX-01Z-00-DX1.7E713D1A-5858-4648-957D-77189E43CFAA,UCEC,phikon,Phikon,40x__2p5x,40× ↔ 2.5×,3.969644622815457,-3.969644622815457,20
TCGA-A5-A0GX-01Z-00-DX1.7E713D1A-5858-4648-957D-77189E43CFAA,UCEC,uni,UNI,10x__2p5x,10× ↔ 2.5×,1.6090703283806822,-1.6090703283806822,20
TCGA-A5-A0GX-01Z-00-DX1.7E713D1A-5858-4648-957D-77189E43CFAA,UCEC,uni,UNI,40x__10x,40× ↔ 10×,0.15211591801309457,-0.15211591801309457,20
TCGA-A5-A0GX-01Z-00-DX1.7E713D1A-5858-4648-957D-77189E43CFAA,UCEC,uni,UNI,40x__2p5x,40× ↔ 2.5×,2.558304601214801,-2.558304601214801,20
TCGA-A5-A0GX-01Z-00-DX1.7E713D1A-5858-4648-957D-77189E43CFAA,UCEC,uni2,UNI2,10x__2p5x,10× ↔ 2.5×,0.006770558898577354,-0.006770558898577354,20
TCGA-A5-A0GX-01Z-00-DX1.7E713D1A-5858-4648-957D-77189E43CFAA,UCEC,uni2,UNI2,40x__10x,40× ↔ 10×,0.11604658421034733,-0.11604658421034733,20
TCGA-A5-A0GX-01Z-00-DX1.7E713D1A-5858-4648-957D-77189E43CFAA,UCEC,uni2,UNI2,40x__2p5x,40× ↔ 2.5×,0.08981281340699025,-0.08981281340699025,20
TCGA-A5-A0GX-01Z-00-DX1.7E713D1A-5858-4648-957D-77189E43CFAA,UCEC,virchow,Virchow,10x__2p5x,10× ↔ 2.5×,3.16726207698389,-3.16726207698389,20
TCGA-A5-A0GX-01Z-00-DX1.7E713D1A-5858-4648-957D-77189E43CFAA,UCEC,virchow,Virchow,40x__10x,40× ↔ 10×,0.6372291125659941,-0.6372291125659941,20
TCGA-A5-A0GX-01Z-00-DX1.7E713D1A-5858-4648-957D-77189E43CFAA,UCEC,virchow,Virchow,40x__2p5x,40× ↔ 2.5×,5.587481422091625,-5.587481422091625,20
TCGA-A5-A0GX-01Z-00-DX1.7E713D1A-5858-4648-957D-77189E43CFAA,UCEC,virchow2,Virchow2,10x__2p5x,10× ↔ 2.5×,0.09593097517298294,-0.09593097517298294,20
TCGA-A5-A0GX-01Z-00-DX1.7E713D1A-5858-4648-957D-77189E43CFAA,UCEC,virchow2,Virchow2,40x__10x,40× ↔ 10×,0.24364857313051513,-0.24364857313051513,20
TCGA-A5-A0GX-01Z-00-DX1.7E713D1A-5858-4648-957D-77189E43CFAA,UCEC,virchow2,Virchow2,40x__2p5x,40× ↔ 2.5×,0.6726989693094556,-0.6726989693094556,20
TCGA-A5-A0R7-01Z-00-DX1.D21E6974-22A3-4A68-8B4E-14E84A7A50A5,UCEC,gigapath,GigaPath,10x__2p5x,10× ↔ 2.5×,0.9967995349130389,-0.9967995349130389,20
TCGA-A5-A0R7-01Z-00-DX1.D21E6974-22A3-4A68-8B4E-14E84A7A50A5,UCEC,gigapath,GigaPath,40x__10x,40× ↔ 10×,1.6633823990774688,-1.6633823990774688,20
TCGA-A5-A0R7-01Z-00-DX1.D21E6974-22A3-4A68-8B4E-14E84A7A50A5,UCEC,gigapath,GigaPath,40x__2p5x,40× ↔ 2.5×,2.70362271962999,-2.70362271962999,20
TCGA-A5-A0R7-01Z-00-DX1.D21E6974-22A3-4A68-8B4E-14E84A7A50A5,UCEC,gigapath_flash,GigaPath-Flash,10x__2p5x,10× ↔ 2.5×,2.661617028862845,-2.661617028862845,20
TCGA-A5-A0R7-01Z-00-DX1.D21E6974-22A3-4A68-8B4E-14E84A7A50A5,UCEC,gigapath_flash,GigaPath-Flash,40x__10x,40× ↔ 10×,2.105289014699161,-2.105289014699161,20
TCGA-A5-A0R7-01Z-00-DX1.D21E6974-22A3-4A68-8B4E-14E84A7A50A5,UCEC,gigapath_flash,GigaPath-Flash,40x__2p5x,40× ↔ 2.5×,4.517949124080981,-4.517949124080981,20
TCGA-A5-A0R7-01Z-00-DX1.D21E6974-22A3-4A68-8B4E-14E84A7A50A5,UCEC,midnight,Midnight,10x__2p5x,10× ↔ 2.5×,0.5215345515631811,-0.5215345515631811,20
TCGA-A5-A0R7-01Z-00-DX1.D21E6974-22A3-4A68-8B4E-14E84A7A50A5,UCEC,midnight,Midnight,40x__10x,40× ↔ 10×,0.6048845083199647,-0.6048845083199647,20
TCGA-A5-A0R7-01Z-00-DX1.D21E6974-22A3-4A68-8B4E-14E84A7A50A5,UCEC,midnight,Midnight,40x__2p5x,40× ↔ 2.5×,1.4005835834715374,-1.4005835834715374,20
TCGA-A5-A0R7-01Z-00-DX1.D21E6974-22A3-4A68-8B4E-14E84A7A50A5,UCEC,phikon,Phikon,10x__2p5x,10× ↔ 2.5×,2.3539683575018433,-2.3539683575018433,20
TCGA-A5-A0R7-01Z-00-DX1.D21E6974-22A3-4A68-8B4E-14E84A7A50A5,UCEC,phikon,Phikon,40x__10x,40× ↔ 10×,0.7808643273531058,-0.7808643273531058,20
TCGA-A5-A0R7-01Z-00-DX1.D21E6974-22A3-4A68-8B4E-14E84A7A50A5,UCEC,phikon,Phikon,40x__2p5x,40× ↔ 2.5×,2.718245917935579,-2.718245917935579,20
TCGA-A5-A0R7-01Z-00-DX1.D21E6974-22A3-4A68-8B4E-14E84A7A50A5,UCEC,uni,UNI,10x__2p5x,10× ↔ 2.5×,3.324919485751655,-3.324919485751655,20
TCGA-A5-A0R7-01Z-00-DX1.D21E6974-22A3-4A68-8B4E-14E84A7A50A5,UCEC,uni,UNI,40x__10x,40× ↔ 10×,0.4658177521729491,-0.4658177521729491,20
TCGA-A5-A0R7-01Z-00-DX1.D21E6974-22A3-4A68-8B4E-14E84A7A50A5,UCEC,uni,UNI,40x__2p5x,40× ↔ 2.5×,3.1927419868615616,-3.1927419868615616,20
TCGA-A5-A0R7-01Z-00-DX1.D21E6974-22A3-4A68-8B4E-14E84A7A50A5,UCEC,uni2,UNI2,10x__2p5x,10× ↔ 2.5×,0.16864987302685905,-0.16864987302685905,20
TCGA-A5-A0R7-01Z-00-DX1.D21E6974-22A3-4A68-8B4E-14E84A7A50A5,UCEC,uni2,UNI2,40x__10x,40× ↔ 10×,0.7112413552631973,-0.7112413552631973,20
TCGA-A5-A0R7-01Z-00-DX1.D21E6974-22A3-4A68-8B4E-14E84A7A50A5,UCEC,uni2,UNI2,40x__2p5x,40× ↔ 2.5×,0.4438819305642815,-0.4438819305642815,20
TCGA-A5-A0R7-01Z-00-DX1.D21E6974-22A3-4A68-8B4E-14E84A7A50A5,UCEC,virchow,Virchow,10x__2p5x,10× ↔ 2.5×,4.170233845780278,-4.170233845780278,20
TCGA-A5-A0R7-01Z-00-DX1.D21E6974-22A3-4A68-8B4E-14E84A7A50A5,UCEC,virchow,Virchow,40x__10x,40× ↔ 10×,2.4163657978747635,-2.4163657978747635,20
TCGA-A5-A0R7-01Z-00-DX1.D21E6974-22A3-4A68-8B4E-14E84A7A50A5,UCEC,virchow,Virchow,40x__2p5x,40× ↔ 2.5×,5.354641983250361,-5.354641983250361,20
TCGA-A5-A0R7-01Z-00-DX1.D21E6974-22A3-4A68-8B4E-14E84A7A50A5,UCEC,virchow2,Virchow2,10x__2p5x,10× ↔ 2.5×,0.8357991737641527,-0.8357991737641527,20
TCGA-A5-A0R7-01Z-00-DX1.D21E6974-22A3-4A68-8B4E-14E84A7A50A5,UCEC,virchow2,Virchow2,40x__10x,40× ↔ 10×,0.8480207183760229,-0.8480207183760229,20
TCGA-A5-A0R7-01Z-00-DX1.D21E6974-22A3-4A68-8B4E-14E84A7A50A5,UCEC,virchow2,Virchow2,40x__2p5x,40× ↔ 2.5×,1.4941714814045957,-1.4941714814045957,20
TCGA-A7-A2KD-01Z-00-DX1.BFF2DFC8-1D95-4DC2-98FC-5BD7D7C6CDF5,BRCA,gigapath,GigaPath,10x__2p5x,10× ↔ 2.5×,-0.3262260838162289,0.3262260838162289,20
TCGA-A7-A2KD-01Z-00-DX1.BFF2DFC8-1D95-4DC2-98FC-5BD7D7C6CDF5,BRCA,gigapath,GigaPath,40x__10x,40× ↔ 10×,0.5961088266407574,-0.5961088266407574,20
TCGA-A7-A2KD-01Z-00-DX1.BFF2DFC8-1D95-4DC2-98FC-5BD7D7C6CDF5,BRCA,gigapath,GigaPath,40x__2p5x,40× ↔ 2.5×,0.5954982373570377,-0.5954982373570377,20
TCGA-A7-A2KD-01Z-00-DX1.BFF2DFC8-1D95-4DC2-98FC-5BD7D7C6CDF5,BRCA,gigapath_flash,GigaPath-Flash,10x__2p5x,10× ↔ 2.5×,0.079831893327896,-0.079831893327896,20
TCGA-A7-A2KD-01Z-00-DX1.BFF2DFC8-1D95-4DC2-98FC-5BD7D7C6CDF5,BRCA,gigapath_flash,GigaPath-Flash,40x__10x,40× ↔ 10×,4.017988386651298,-4.017988386651298,20
TCGA-A7-A2KD-01Z-00-DX1.BFF2DFC8-1D95-4DC2-98FC-5BD7D7C6CDF5,BRCA,gigapath_flash,GigaPath-Flash,40x__2p5x,40× ↔ 2.5×,3.102513687509773,-3.102513687509773,20
TCGA-A7-A2KD-01Z-00-DX1.BFF2DFC8-1D95-4DC2-98FC-5BD7D7C6CDF5,BRCA,midnight,Midnight,10x__2p5x,10× ↔ 2.5×,0.45003500021982246,-0.45003500021982246,20
TCGA-A7-A2KD-01Z-00-DX1.BFF2DFC8-1D95-4DC2-98FC-5BD7D7C6CDF5,BRCA,midnight,Midnight,40x__10x,40× ↔ 10×,1.1824102984350522,-1.1824102984350522,20
TCGA-A7-A2KD-01Z-00-DX1.BFF2DFC8-1D95-4DC2-98FC-5BD7D7C6CDF5,BRCA,midnight,Midnight,40x__2p5x,40× ↔ 2.5×,0.8879938367789808,-0.8879938367789808,20
TCGA-A7-A2KD-01Z-00-DX1.BFF2DFC8-1D95-4DC2-98FC-5BD7D7C6CDF5,BRCA,phikon,Phikon,10x__2p5x,10× ↔ 2.5×,3.254675724377364,-3.254675724377364,20
TCGA-A7-A2KD-01Z-00-DX1.BFF2DFC8-1D95-4DC2-98FC-5BD7D7C6CDF5,BRCA,phikon,Phikon,40x__10x,40× ↔ 10×,0.7979288134010547,-0.7979288134010547,20
TCGA-A7-A2KD-01Z-00-DX1.BFF2DFC8-1D95-4DC2-98FC-5BD7D7C6CDF5,BRCA,phikon,Phikon,40x__2p5x,40× ↔ 2.5×,3.9721586010723335,-3.9721586010723335,20
TCGA-A7-A2KD-01Z-00-DX1.BFF2DFC8-1D95-4DC2-98FC-5BD7D7C6CDF5,BRCA,uni,UNI,10x__2p5x,10× ↔ 2.5×,1.0798350702818895,-1.0798350702818895,20
TCGA-A7-A2KD-01Z-00-DX1.BFF2DFC8-1D95-4DC2-98FC-5BD7D7C6CDF5,BRCA,uni,UNI,40x__10x,40× ↔ 10×,1.3361695437143966,-1.3361695437143966,20
TCGA-A7-A2KD-01Z-00-DX1.BFF2DFC8-1D95-4DC2-98FC-5BD7D7C6CDF5,BRCA,uni,UNI,40x__2p5x,40× ↔ 2.5×,1.2254984397644202,-1.2254984397644202,20
TCGA-A7-A2KD-01Z-00-DX1.BFF2DFC8-1D95-4DC2-98FC-5BD7D7C6CDF5,BRCA,uni2,UNI2,10x__2p5x,10× ↔ 2.5×,0.2428343916389783,-0.2428343916389783,20
TCGA-A7-A2KD-01Z-00-DX1.BFF2DFC8-1D95-4DC2-98FC-5BD7D7C6CDF5,BRCA,uni2,UNI2,40x__10x,40× ↔ 10×,1.3039076907445848,-1.3039076907445848,20
TCGA-A7-A2KD-01Z-00-DX1.BFF2DFC8-1D95-4DC2-98FC-5BD7D7C6CDF5,BRCA,uni2,UNI2,40x__2p5x,40× ↔ 2.5×,1.4151746773093983,-1.4151746773093983,20
TCGA-A7-A2KD-01Z-00-DX1.BFF2DFC8-1D95-4DC2-98FC-5BD7D7C6CDF5,BRCA,virchow,Virchow,10x__2p5x,10× ↔ 2.5×,-0.15870568235447624,0.15870568235447624,20
TCGA-A7-A2KD-01Z-00-DX1.BFF2DFC8-1D95-4DC2-98FC-5BD7D7C6CDF5,BRCA,virchow,Virchow,40x__10x,40× ↔ 10×,2.6415831391289744,-2.6415831391289744,20
TCGA-A7-A2KD-01Z-00-DX1.BFF2DFC8-1D95-4DC2-98FC-5BD7D7C6CDF5,BRCA,virchow,Virchow,40x__2p5x,40× ↔ 2.5×,0.9900974200317793,-0.9900974200317793,20
TCGA-A7-A2KD-01Z-00-DX1.BFF2DFC8-1D95-4DC2-98FC-5BD7D7C6CDF5,BRCA,virchow2,Virchow2,10x__2p5x,10× ↔ 2.5×,0.02603254411601359,-0.02603254411601359,20
TCGA-A7-A2KD-01Z-00-DX1.BFF2DFC8-1D95-4DC2-98FC-5BD7D7C6CDF5,BRCA,virchow2,Virchow2,40x__10x,40× ↔ 10×,0.6098434754319413,-0.6098434754319413,20
TCGA-A7-A2KD-01Z-00-DX1.BFF2DFC8-1D95-4DC2-98FC-5BD7D7C6CDF5,BRCA,virchow2,Virchow2,40x__2p5x,40× ↔ 2.5×,0.45381385231257243,-0.45381385231257243,20
TCGA-AK-3444-01Z-00-DX1.1F0E0B47-29FF-456F-800A-539983FDCFAA,KIRC,gigapath,GigaPath,10x__2p5x,10× ↔ 2.5×,2.8715084245776334,-2.8715084245776334,20
TCGA-AK-3444-01Z-00-DX1.1F0E0B47-29FF-456F-800A-539983FDCFAA,KIRC,gigapath,GigaPath,40x__10x,40× ↔ 10×,0.6951013648650195,-0.6951013648650195,20
TCGA-AK-3444-01Z-00-DX1.1F0E0B47-29FF-456F-800A-539983FDCFAA,KIRC,gigapath,GigaPath,40x__2p5x,40× ↔ 2.5×,2.18790888465145,-2.18790888465145,20
TCGA-AK-3444-01Z-00-DX1.1F0E0B47-29FF-456F-800A-539983FDCFAA,KIRC,gigapath_flash,GigaPath-Flash,10x__2p5x,10× ↔ 2.5×,2.995771759883767,-2.995771759883767,20
TCGA-AK-3444-01Z-00-DX1.1F0E0B47-29FF-456F-800A-539983FDCFAA,KIRC,gigapath_flash,GigaPath-Flash,40x__10x,40× ↔ 10×,1.4020928810872753,-1.4020928810872753,20
TCGA-AK-3444-01Z-00-DX1.1F0E0B47-29FF-456F-800A-539983FDCFAA,KIRC,gigapath_flash,GigaPath-Flash,40x__2p5x,40× ↔ 2.5×,3.1438860694426434,-3.1438860694426434,20
TCGA-AK-3444-01Z-00-DX1.1F0E0B47-29FF-456F-800A-539983FDCFAA,KIRC,midnight,Midnight,10x__2p5x,10× ↔ 2.5×,0.37185895344040343,-0.37185895344040343,20
TCGA-AK-3444-01Z-00-DX1.1F0E0B47-29FF-456F-800A-539983FDCFAA,KIRC,midnight,Midnight,40x__10x,40× ↔ 10×,0.7791278183088493,-0.7791278183088493,20
TCGA-AK-3444-01Z-00-DX1.1F0E0B47-29FF-456F-800A-539983FDCFAA,KIRC,midnight,Midnight,40x__2p5x,40× ↔ 2.5×,0.747603565108986,-0.747603565108986,20
TCGA-AK-3444-01Z-00-DX1.1F0E0B47-29FF-456F-800A-539983FDCFAA,KIRC,phikon,Phikon,10x__2p5x,10× ↔ 2.5×,1.1334545021911766,-1.1334545021911766,20
TCGA-AK-3444-01Z-00-DX1.1F0E0B47-29FF-456F-800A-539983FDCFAA,KIRC,phikon,Phikon,40x__10x,40× ↔ 10×,0.7648105932912239,-0.7648105932912239,20
TCGA-AK-3444-01Z-00-DX1.1F0E0B47-29FF-456F-800A-539983FDCFAA,KIRC,phikon,Phikon,40x__2p5x,40× ↔ 2.5×,0.83603038618425,-0.83603038618425,20
TCGA-AK-3444-01Z-00-DX1.1F0E0B47-29FF-456F-800A-539983FDCFAA,KIRC,uni,UNI,10x__2p5x,10× ↔ 2.5×,2.00752113399799,-2.00752113399799,20
TCGA-AK-3444-01Z-00-DX1.1F0E0B47-29FF-456F-800A-539983FDCFAA,KIRC,uni,UNI,40x__10x,40× ↔ 10×,0.3672328292048796,-0.3672328292048796,20
TCGA-AK-3444-01Z-00-DX1.1F0E0B47-29FF-456F-800A-539983FDCFAA,KIRC,uni,UNI,40x__2p5x,40× ↔ 2.5×,1.3329708730964411,-1.3329708730964411,20
TCGA-AK-3444-01Z-00-DX1.1F0E0B47-29FF-456F-800A-539983FDCFAA,KIRC,uni2,UNI2,10x__2p5x,10× ↔ 2.5×,0.027532603220113853,-0.027532603220113853,20
TCGA-AK-3444-01Z-00-DX1.1F0E0B47-29FF-456F-800A-539983FDCFAA,KIRC,uni2,UNI2,40x__10x,40× ↔ 10×,0.0014929363703485693,-0.0014929363703485693,20
TCGA-AK-3444-01Z-00-DX1.1F0E0B47-29FF-456F-800A-539983FDCFAA,KIRC,uni2,UNI2,40x__2p5x,40× ↔ 2.5×,0.1194487963137294,-0.1194487963137294,20
TCGA-AK-3444-01Z-00-DX1.1F0E0B47-29FF-456F-800A-539983FDCFAA,KIRC,virchow,Virchow,10x__2p5x,10× ↔ 2.5×,5.568428712866055,-5.568428712866055,20
TCGA-AK-3444-01Z-00-DX1.1F0E0B47-29FF-456F-800A-539983FDCFAA,KIRC,virchow,Virchow,40x__10x,40× ↔ 10×,0.24704514346018094,-0.24704514346018094,20
TCGA-AK-3444-01Z-00-DX1.1F0E0B47-29FF-456F-800A-539983FDCFAA,KIRC,virchow,Virchow,40x__2p5x,40× ↔ 2.5×,4.225164689640892,-4.225164689640892,20
TCGA-AK-3444-01Z-00-DX1.1F0E0B47-29FF-456F-800A-539983FDCFAA,KIRC,virchow2,Virchow2,10x__2p5x,10× ↔ 2.5×,0.6938018760164946,-0.6938018760164946,20
TCGA-AK-3444-01Z-00-DX1.1F0E0B47-29FF-456F-800A-539983FDCFAA,KIRC,virchow2,Virchow2,40x__10x,40× ↔ 10×,0.007622118034277661,-0.007622118034277661,20
TCGA-AK-3444-01Z-00-DX1.1F0E0B47-29FF-456F-800A-539983FDCFAA,KIRC,virchow2,Virchow2,40x__2p5x,40× ↔ 2.5×,0.9898999755034664,-0.9898999755034664,20
TCGA-AN-A0G0-01Z-00-DX1.BE0BB5DF-DEDA-48D8-B5D8-2735C767F28F,BRCA,gigapath,GigaPath,10x__2p5x,10× ↔ 2.5×,1.5327660567556711,-1.5327660567556711,20
TCGA-AN-A0G0-01Z-00-DX1.BE0BB5DF-DEDA-48D8-B5D8-2735C767F28F,BRCA,gigapath,GigaPath,40x__10x,40× ↔ 10×,0.9627175227312131,-0.9627175227312131,20
TCGA-AN-A0G0-01Z-00-DX1.BE0BB5DF-DEDA-48D8-B5D8-2735C767F28F,BRCA,gigapath,GigaPath,40x__2p5x,40× ↔ 2.5×,2.1667152785116652,-2.1667152785116652,20
TCGA-AN-A0G0-01Z-00-DX1.BE0BB5DF-DEDA-48D8-B5D8-2735C767F28F,BRCA,gigapath_flash,GigaPath-Flash,10x__2p5x,10× ↔ 2.5×,0.6919322516624404,-0.6919322516624404,20
TCGA-AN-A0G0-01Z-00-DX1.BE0BB5DF-DEDA-48D8-B5D8-2735C767F28F,BRCA,gigapath_flash,GigaPath-Flash,40x__10x,40× ↔ 10×,2.760997698198401,-2.760997698198401,20
TCGA-AN-A0G0-01Z-00-DX1.BE0BB5DF-DEDA-48D8-B5D8-2735C767F28F,BRCA,gigapath_flash,GigaPath-Flash,40x__2p5x,40× ↔ 2.5×,4.159063956333535,-4.159063956333535,20
TCGA-AN-A0G0-01Z-00-DX1.BE0BB5DF-DEDA-48D8-B5D8-2735C767F28F,BRCA,midnight,Midnight,10x__2p5x,10× ↔ 2.5×,-0.20795047042999962,0.20795047042999962,20
TCGA-AN-A0G0-01Z-00-DX1.BE0BB5DF-DEDA-48D8-B5D8-2735C767F28F,BRCA,midnight,Midnight,40x__10x,40× ↔ 10×,0.10353056196846522,-0.10353056196846522,20
TCGA-AN-A0G0-01Z-00-DX1.BE0BB5DF-DEDA-48D8-B5D8-2735C767F28F,BRCA,midnight,Midnight,40x__2p5x,40× ↔ 2.5×,-0.01640560266143106,0.01640560266143106,20
TCGA-AN-A0G0-01Z-00-DX1.BE0BB5DF-DEDA-48D8-B5D8-2735C767F28F,BRCA,phikon,Phikon,10x__2p5x,10× ↔ 2.5×,1.3124461323458712,-1.3124461323458712,20
TCGA-AN-A0G0-01Z-00-DX1.BE0BB5DF-DEDA-48D8-B5D8-2735C767F28F,BRCA,phikon,Phikon,40x__10x,40× ↔ 10×,1.3408086615096277,-1.3408086615096277,20
TCGA-AN-A0G0-01Z-00-DX1.BE0BB5DF-DEDA-48D8-B5D8-2735C767F28F,BRCA,phikon,Phikon,40x__2p5x,40× ↔ 2.5×,2.6297957824781304,-2.6297957824781304,20
TCGA-AN-A0G0-01Z-00-DX1.BE0BB5DF-DEDA-48D8-B5D8-2735C767F28F,BRCA,uni,UNI,10x__2p5x,10× ↔ 2.5×,0.693521639123175,-0.693521639123175,20
TCGA-AN-A0G0-01Z-00-DX1.BE0BB5DF-DEDA-48D8-B5D8-2735C767F28F,BRCA,uni,UNI,40x__10x,40× ↔ 10×,1.3075506017048117,-1.3075506017048117,20
TCGA-AN-A0G0-01Z-00-DX1.BE0BB5DF-DEDA-48D8-B5D8-2735C767F28F,BRCA,uni,UNI,40x__2p5x,40× ↔ 2.5×,1.1889198373688992,-1.1889198373688992,20
TCGA-AN-A0G0-01Z-00-DX1.BE0BB5DF-DEDA-48D8-B5D8-2735C767F28F,BRCA,uni2,UNI2,10x__2p5x,10× ↔ 2.5×,0.47894305020014993,-0.47894305020014993,20
TCGA-AN-A0G0-01Z-00-DX1.BE0BB5DF-DEDA-48D8-B5D8-2735C767F28F,BRCA,uni2,UNI2,40x__10x,40× ↔ 10×,1.23417496146352,-1.23417496146352,20
TCGA-AN-A0G0-01Z-00-DX1.BE0BB5DF-DEDA-48D8-B5D8-2735C767F28F,BRCA,uni2,UNI2,40x__2p5x,40× ↔ 2.5×,1.696721961269646,-1.696721961269646,20
TCGA-AN-A0G0-01Z-00-DX1.BE0BB5DF-DEDA-48D8-B5D8-2735C767F28F,BRCA,virchow,Virchow,10x__2p5x,10× ↔ 2.5×,1.9096847812088416,-1.9096847812088416,20
TCGA-AN-A0G0-01Z-00-DX1.BE0BB5DF-DEDA-48D8-B5D8-2735C767F28F,BRCA,virchow,Virchow,40x__10x,40× ↔ 10×,2.401267736979816,-2.401267736979816,20
TCGA-AN-A0G0-01Z-00-DX1.BE0BB5DF-DEDA-48D8-B5D8-2735C767F28F,BRCA,virchow,Virchow,40x__2p5x,40× ↔ 2.5×,5.342299638981428,-5.342299638981428,20
TCGA-AN-A0G0-01Z-00-DX1.BE0BB5DF-DEDA-48D8-B5D8-2735C767F28F,BRCA,virchow2,Virchow2,10x__2p5x,10× ↔ 2.5×,0.04718366953852415,-0.04718366953852415,20
TCGA-AN-A0G0-01Z-00-DX1.BE0BB5DF-DEDA-48D8-B5D8-2735C767F28F,BRCA,virchow2,Virchow2,40x__10x,40× ↔ 10×,1.0499098901470236,-1.0499098901470236,20
TCGA-AN-A0G0-01Z-00-DX1.BE0BB5DF-DEDA-48D8-B5D8-2735C767F28F,BRCA,virchow2,Virchow2,40x__2p5x,40× ↔ 2.5×,1.7428339198125076,-1.7428339198125076,20
TCGA-AQ-A04L-01Z-00-DX1.F35BF4DD-896A-43C2-8DA6-C67945C003BE,BRCA,gigapath,GigaPath,10x__2p5x,10× ↔ 2.5×,1.9096700505343804,-1.9096700505343804,20
TCGA-AQ-A04L-01Z-00-DX1.F35BF4DD-896A-43C2-8DA6-C67945C003BE,BRCA,gigapath,GigaPath,40x__10x,40× ↔ 10×,1.9175074202869316,-1.9175074202869316,20
TCGA-AQ-A04L-01Z-00-DX1.F35BF4DD-896A-43C2-8DA6-C67945C003BE,BRCA,gigapath,GigaPath,40x__2p5x,40× ↔ 2.5×,3.815753747552858,-3.815753747552858,20
TCGA-AQ-A04L-01Z-00-DX1.F35BF4DD-896A-43C2-8DA6-C67945C003BE,BRCA,gigapath_flash,GigaPath-Flash,10x__2p5x,10× ↔ 2.5×,1.906595070198812,-1.906595070198812,20
TCGA-AQ-A04L-01Z-00-DX1.F35BF4DD-896A-43C2-8DA6-C67945C003BE,BRCA,gigapath_flash,GigaPath-Flash,40x__10x,40× ↔ 10×,0.48392474643046557,-0.48392474643046557,20
TCGA-AQ-A04L-01Z-00-DX1.F35BF4DD-896A-43C2-8DA6-C67945C003BE,BRCA,gigapath_flash,GigaPath-Flash,40x__2p5x,40× ↔ 2.5×,4.531171189324412,-4.531171189324412,20
TCGA-AQ-A04L-01Z-00-DX1.F35BF4DD-896A-43C2-8DA6-C67945C003BE,BRCA,midnight,Midnight,10x__2p5x,10× ↔ 2.5×,0.1361044929256748,-0.1361044929256748,20
TCGA-AQ-A04L-01Z-00-DX1.F35BF4DD-896A-43C2-8DA6-C67945C003BE,BRCA,midnight,Midnight,40x__10x,40× ↔ 10×,0.3249359929553469,-0.3249359929553469,20
TCGA-AQ-A04L-01Z-00-DX1.F35BF4DD-896A-43C2-8DA6-C67945C003BE,BRCA,midnight,Midnight,40x__2p5x,40× ↔ 2.5×,0.6696311264882929,-0.6696311264882929,20
TCGA-AQ-A04L-01Z-00-DX1.F35BF4DD-896A-43C2-8DA6-C67945C003BE,BRCA,phikon,Phikon,10x__2p5x,10× ↔ 2.5×,3.239976274892406,-3.239976274892406,20
TCGA-AQ-A04L-01Z-00-DX1.F35BF4DD-896A-43C2-8DA6-C67945C003BE,BRCA,phikon,Phikon,40x__10x,40× ↔ 10×,0.8020448478909176,-0.8020448478909176,20
TCGA-AQ-A04L-01Z-00-DX1.F35BF4DD-896A-43C2-8DA6-C67945C003BE,BRCA,phikon,Phikon,40x__2p5x,40× ↔ 2.5×,5.253469126860597,-5.253469126860597,20
TCGA-AQ-A04L-01Z-00-DX1.F35BF4DD-896A-43C2-8DA6-C67945C003BE,BRCA,uni,UNI,10x__2p5x,10× ↔ 2.5×,1.9679141941572766,-1.9679141941572766,20
TCGA-AQ-A04L-01Z-00-DX1.F35BF4DD-896A-43C2-8DA6-C67945C003BE,BRCA,uni,UNI,40x__10x,40× ↔ 10×,1.6045205783300893,-1.6045205783300893,20
TCGA-AQ-A04L-01Z-00-DX1.F35BF4DD-896A-43C2-8DA6-C67945C003BE,BRCA,uni,UNI,40x__2p5x,40× ↔ 2.5×,2.511388478976468,-2.511388478976468,20
TCGA-AQ-A04L-01Z-00-DX1.F35BF4DD-896A-43C2-8DA6-C67945C003BE,BRCA,uni2,UNI2,10x__2p5x,10× ↔ 2.5×,0.0704760844498922,-0.0704760844498922,20
TCGA-AQ-A04L-01Z-00-DX1.F35BF4DD-896A-43C2-8DA6-C67945C003BE,BRCA,uni2,UNI2,40x__10x,40× ↔ 10×,-0.008497221017782209,0.008497221017782209,20
TCGA-AQ-A04L-01Z-00-DX1.F35BF4DD-896A-43C2-8DA6-C67945C003BE,BRCA,uni2,UNI2,40x__2p5x,40× ↔ 2.5×,0.6595920295781889,-0.6595920295781889,20
TCGA-AQ-A04L-01Z-00-DX1.F35BF4DD-896A-43C2-8DA6-C67945C003BE,BRCA,virchow,Virchow,10x__2p5x,10× ↔ 2.5×,1.1383896020401132,-1.1383896020401132,20
TCGA-AQ-A04L-01Z-00-DX1.F35BF4DD-896A-43C2-8DA6-C67945C003BE,BRCA,virchow,Virchow,40x__10x,40× ↔ 10×,1.2991115773348478,-1.2991115773348478,20
TCGA-AQ-A04L-01Z-00-DX1.F35BF4DD-896A-43C2-8DA6-C67945C003BE,BRCA,virchow,Virchow,40x__2p5x,40× ↔ 2.5×,3.4110128492215046,-3.4110128492215046,20
TCGA-AQ-A04L-01Z-00-DX1.F35BF4DD-896A-43C2-8DA6-C67945C003BE,BRCA,virchow2,Virchow2,10x__2p5x,10× ↔ 2.5×,0.026975346440886238,-0.026975346440886238,20
TCGA-AQ-A04L-01Z-00-DX1.F35BF4DD-896A-43C2-8DA6-C67945C003BE,BRCA,virchow2,Virchow2,40x__10x,40× ↔ 10×,0.7741489544011367,-0.7741489544011367,20
TCGA-AQ-A04L-01Z-00-DX1.F35BF4DD-896A-43C2-8DA6-C67945C003BE,BRCA,virchow2,Virchow2,40x__2p5x,40× ↔ 2.5×,0.9592456660233643,-0.9592456660233643,20
TCGA-AR-A2LK-01Z-00-DX1.FBD59C38-CD4E-4C22-BC74-A57C192A9BBC,BRCA,gigapath,GigaPath,10x__2p5x,10× ↔ 2.5×,0.8632763650806448,-0.8632763650806448,20
TCGA-AR-A2LK-01Z-00-DX1.FBD59C38-CD4E-4C22-BC74-A57C192A9BBC,BRCA,gigapath,GigaPath,40x__10x,40× ↔ 10×,0.7666800676570786,-0.7666800676570786,20
TCGA-AR-A2LK-01Z-00-DX1.FBD59C38-CD4E-4C22-BC74-A57C192A9BBC,BRCA,gigapath,GigaPath,40x__2p5x,40× ↔ 2.5×,2.769950137419351,-2.769950137419351,20
TCGA-AR-A2LK-01Z-00-DX1.FBD59C38-CD4E-4C22-BC74-A57C192A9BBC,BRCA,gigapath_flash,GigaPath-Flash,10x__2p5x,10× ↔ 2.5×,1.35931434913944,-1.35931434913944,20
TCGA-AR-A2LK-01Z-00-DX1.FBD59C38-CD4E-4C22-BC74-A57C192A9BBC,BRCA,gigapath_flash,GigaPath-Flash,40x__10x,40× ↔ 10×,1.8476075425714371,-1.8476075425714371,20
TCGA-AR-A2LK-01Z-00-DX1.FBD59C38-CD4E-4C22-BC74-A57C192A9BBC,BRCA,gigapath_flash,GigaPath-Flash,40x__2p5x,40× ↔ 2.5×,4.551090854338647,-4.551090854338647,20
TCGA-AR-A2LK-01Z-00-DX1.FBD59C38-CD4E-4C22-BC74-A57C192A9BBC,BRCA,midnight,Midnight,10x__2p5x,10× ↔ 2.5×,0.10156096803640566,-0.10156096803640566,20
TCGA-AR-A2LK-01Z-00-DX1.FBD59C38-CD4E-4C22-BC74-A57C192A9BBC,BRCA,midnight,Midnight,40x__10x,40× ↔ 10×,0.18412484333255735,-0.18412484333255735,20
TCGA-AR-A2LK-01Z-00-DX1.FBD59C38-CD4E-4C22-BC74-A57C192A9BBC,BRCA,midnight,Midnight,40x__2p5x,40× ↔ 2.5×,0.574342441334063,-0.574342441334063,20
TCGA-AR-A2LK-01Z-00-DX1.FBD59C38-CD4E-4C22-BC74-A57C192A9BBC,BRCA,phikon,Phikon,10x__2p5x,10× ↔ 2.5×,1.8180267139359045,-1.8180267139359045,20
TCGA-AR-A2LK-01Z-00-DX1.FBD59C38-CD4E-4C22-BC74-A57C192A9BBC,BRCA,phikon,Phikon,40x__10x,40× ↔ 10×,0.30998903906190167,-0.30998903906190167,20
TCGA-AR-A2LK-01Z-00-DX1.FBD59C38-CD4E-4C22-BC74-A57C192A9BBC,BRCA,phikon,Phikon,40x__2p5x,40× ↔ 2.5×,3.191514712771179,-3.191514712771179,20
TCGA-AR-A2LK-01Z-00-DX1.FBD59C38-CD4E-4C22-BC74-A57C192A9BBC,BRCA,uni,UNI,10x__2p5x,10× ↔ 2.5×,1.139954667947246,-1.139954667947246,20
TCGA-AR-A2LK-01Z-00-DX1.FBD59C38-CD4E-4C22-BC74-A57C192A9BBC,BRCA,uni,UNI,40x__10x,40× ↔ 10×,0.15589794213152935,-0.15589794213152935,20
TCGA-AR-A2LK-01Z-00-DX1.FBD59C38-CD4E-4C22-BC74-A57C192A9BBC,BRCA,uni,UNI,40x__2p5x,40× ↔ 2.5×,1.6371211520381705,-1.6371211520381705,20
TCGA-AR-A2LK-01Z-00-DX1.FBD59C38-CD4E-4C22-BC74-A57C192A9BBC,BRCA,uni2,UNI2,10x__2p5x,10× ↔ 2.5×,0.1868433877925466,-0.1868433877925466,20
TCGA-AR-A2LK-01Z-00-DX1.FBD59C38-CD4E-4C22-BC74-A57C192A9BBC,BRCA,uni2,UNI2,40x__10x,40× ↔ 10×,0.4776103639094539,-0.4776103639094539,20
TCGA-AR-A2LK-01Z-00-DX1.FBD59C38-CD4E-4C22-BC74-A57C192A9BBC,BRCA,uni2,UNI2,40x__2p5x,40× ↔ 2.5×,1.1562258163680388,-1.1562258163680388,20
TCGA-AR-A2LK-01Z-00-DX1.FBD59C38-CD4E-4C22-BC74-A57C192A9BBC,BRCA,virchow,Virchow,10x__2p5x,10× ↔ 2.5×,2.7088637859033358,-2.7088637859033358,20
TCGA-AR-A2LK-01Z-00-DX1.FBD59C38-CD4E-4C22-BC74-A57C192A9BBC,BRCA,virchow,Virchow,40x__10x,40× ↔ 10×,1.219913759637865,-1.219913759637865,20
TCGA-AR-A2LK-01Z-00-DX1.FBD59C38-CD4E-4C22-BC74-A57C192A9BBC,BRCA,virchow,Virchow,40x__2p5x,40× ↔ 2.5×,4.165565925717552,-4.165565925717552,20
TCGA-AR-A2LK-01Z-00-DX1.FBD59C38-CD4E-4C22-BC74-A57C192A9BBC,BRCA,virchow2,Virchow2,10x__2p5x,10× ↔ 2.5×,0.07089827306428334,-0.07089827306428334,20
TCGA-AR-A2LK-01Z-00-DX1.FBD59C38-CD4E-4C22-BC74-A57C192A9BBC,BRCA,virchow2,Virchow2,40x__10x,40× ↔ 10×,0.07836854537811784,-0.07836854537811784,20
TCGA-AR-A2LK-01Z-00-DX1.FBD59C38-CD4E-4C22-BC74-A57C192A9BBC,BRCA,virchow2,Virchow2,40x__2p5x,40× ↔ 2.5×,0.717333362396847,-0.717333362396847,20
TCGA-AR-A5QM-01Z-00-DX1.A9017CED-FF57-4090-95B9-94DC91854347,BRCA,gigapath,GigaPath,10x__2p5x,10× ↔ 2.5×,0.9010194710156456,-0.9010194710156456,20
TCGA-AR-A5QM-01Z-00-DX1.A9017CED-FF57-4090-95B9-94DC91854347,BRCA,gigapath,GigaPath,40x__10x,40× ↔ 10×,1.0039109270452689,-1.0039109270452689,20
TCGA-AR-A5QM-01Z-00-DX1.A9017CED-FF57-4090-95B9-94DC91854347,BRCA,gigapath,GigaPath,40x__2p5x,40× ↔ 2.5×,3.0341119002431602,-3.0341119002431602,20
TCGA-AR-A5QM-01Z-00-DX1.A9017CED-FF57-4090-95B9-94DC91854347,BRCA,gigapath_flash,GigaPath-Flash,10x__2p5x,10× ↔ 2.5×,1.695560698683727,-1.695560698683727,20
TCGA-AR-A5QM-01Z-00-DX1.A9017CED-FF57-4090-95B9-94DC91854347,BRCA,gigapath_flash,GigaPath-Flash,40x__10x,40× ↔ 10×,0.9118499263989308,-0.9118499263989308,20
TCGA-AR-A5QM-01Z-00-DX1.A9017CED-FF57-4090-95B9-94DC91854347,BRCA,gigapath_flash,GigaPath-Flash,40x__2p5x,40× ↔ 2.5×,5.453261010735227,-5.453261010735227,20
TCGA-AR-A5QM-01Z-00-DX1.A9017CED-FF57-4090-95B9-94DC91854347,BRCA,midnight,Midnight,10x__2p5x,10× ↔ 2.5×,0.13686683748288048,-0.13686683748288048,20
TCGA-AR-A5QM-01Z-00-DX1.A9017CED-FF57-4090-95B9-94DC91854347,BRCA,midnight,Midnight,40x__10x,40× ↔ 10×,0.28862073214102596,-0.28862073214102596,20
TCGA-AR-A5QM-01Z-00-DX1.A9017CED-FF57-4090-95B9-94DC91854347,BRCA,midnight,Midnight,40x__2p5x,40× ↔ 2.5×,0.7656477724143798,-0.7656477724143798,20
TCGA-AR-A5QM-01Z-00-DX1.A9017CED-FF57-4090-95B9-94DC91854347,BRCA,phikon,Phikon,10x__2p5x,10× ↔ 2.5×,1.3302026030218408,-1.3302026030218408,20
TCGA-AR-A5QM-01Z-00-DX1.A9017CED-FF57-4090-95B9-94DC91854347,BRCA,phikon,Phikon,40x__10x,40× ↔ 10×,0.3462874937823007,-0.3462874937823007,20
TCGA-AR-A5QM-01Z-00-DX1.A9017CED-FF57-4090-95B9-94DC91854347,BRCA,phikon,Phikon,40x__2p5x,40× ↔ 2.5×,3.248927511147687,-3.248927511147687,20
TCGA-AR-A5QM-01Z-00-DX1.A9017CED-FF57-4090-95B9-94DC91854347,BRCA,uni,UNI,10x__2p5x,10× ↔ 2.5×,0.9674921206022059,-0.9674921206022059,20
TCGA-AR-A5QM-01Z-00-DX1.A9017CED-FF57-4090-95B9-94DC91854347,BRCA,uni,UNI,40x__10x,40× ↔ 10×,0.1898317906045674,-0.1898317906045674,20
TCGA-AR-A5QM-01Z-00-DX1.A9017CED-FF57-4090-95B9-94DC91854347,BRCA,uni,UNI,40x__2p5x,40× ↔ 2.5×,1.651663951180867,-1.651663951180867,20
TCGA-AR-A5QM-01Z-00-DX1.A9017CED-FF57-4090-95B9-94DC91854347,BRCA,uni2,UNI2,10x__2p5x,10× ↔ 2.5×,0.09751582306859707,-0.09751582306859707,20
TCGA-AR-A5QM-01Z-00-DX1.A9017CED-FF57-4090-95B9-94DC91854347,BRCA,uni2,UNI2,40x__10x,40× ↔ 10×,0.5332635174569458,-0.5332635174569458,20
TCGA-AR-A5QM-01Z-00-DX1.A9017CED-FF57-4090-95B9-94DC91854347,BRCA,uni2,UNI2,40x__2p5x,40× ↔ 2.5×,1.4588933947182627,-1.4588933947182627,20
TCGA-AR-A5QM-01Z-00-DX1.A9017CED-FF57-4090-95B9-94DC91854347,BRCA,virchow,Virchow,10x__2p5x,10× ↔ 2.5×,1.8326278669451554,-1.8326278669451554,20
TCGA-AR-A5QM-01Z-00-DX1.A9017CED-FF57-4090-95B9-94DC91854347,BRCA,virchow,Virchow,40x__10x,40× ↔ 10×,0.30797973995368666,-0.30797973995368666,20
TCGA-AR-A5QM-01Z-00-DX1.A9017CED-FF57-4090-95B9-94DC91854347,BRCA,virchow,Virchow,40x__2p5x,40× ↔ 2.5×,3.0195199739823044,-3.0195199739823044,20
TCGA-AR-A5QM-01Z-00-DX1.A9017CED-FF57-4090-95B9-94DC91854347,BRCA,virchow2,Virchow2,10x__2p5x,10× ↔ 2.5×,0.012044014118338279,-0.012044014118338279,20
TCGA-AR-A5QM-01Z-00-DX1.A9017CED-FF57-4090-95B9-94DC91854347,BRCA,virchow2,Virchow2,40x__10x,40× ↔ 10×,0.0681779463647296,-0.0681779463647296,20
TCGA-AR-A5QM-01Z-00-DX1.A9017CED-FF57-4090-95B9-94DC91854347,BRCA,virchow2,Virchow2,40x__2p5x,40× ↔ 2.5×,0.31086090484294704,-0.31086090484294704,20
TCGA-AX-A05U-01Z-00-DX1.1EBFC727-B5D5-4543-BBA9-4254ABD3D584,UCEC,gigapath,GigaPath,10x__2p5x,10× ↔ 2.5×,0.1572178389027905,-0.1572178389027905,20
TCGA-AX-A05U-01Z-00-DX1.1EBFC727-B5D5-4543-BBA9-4254ABD3D584,UCEC,gigapath,GigaPath,40x__10x,40× ↔ 10×,0.8040206483573744,-0.8040206483573744,20
TCGA-AX-A05U-01Z-00-DX1.1EBFC727-B5D5-4543-BBA9-4254ABD3D584,UCEC,gigapath,GigaPath,40x__2p5x,40× ↔ 2.5×,2.33800973280606,-2.33800973280606,20
TCGA-AX-A05U-01Z-00-DX1.1EBFC727-B5D5-4543-BBA9-4254ABD3D584,UCEC,gigapath_flash,GigaPath-Flash,10x__2p5x,10× ↔ 2.5×,1.0542023974174846,-1.0542023974174846,20
TCGA-AX-A05U-01Z-00-DX1.1EBFC727-B5D5-4543-BBA9-4254ABD3D584,UCEC,gigapath_flash,GigaPath-Flash,40x__10x,40× ↔ 10×,0.8805709338638985,-0.8805709338638985,20
TCGA-AX-A05U-01Z-00-DX1.1EBFC727-B5D5-4543-BBA9-4254ABD3D584,UCEC,gigapath_flash,GigaPath-Flash,40x__2p5x,40× ↔ 2.5×,5.543966112120103,-5.543966112120103,20
TCGA-AX-A05U-01Z-00-DX1.1EBFC727-B5D5-4543-BBA9-4254ABD3D584,UCEC,midnight,Midnight,10x__2p5x,10× ↔ 2.5×,0.0852859828083726,-0.0852859828083726,20
TCGA-AX-A05U-01Z-00-DX1.1EBFC727-B5D5-4543-BBA9-4254ABD3D584,UCEC,midnight,Midnight,40x__10x,40× ↔ 10×,0.14667400529756097,-0.14667400529756097,20
TCGA-AX-A05U-01Z-00-DX1.1EBFC727-B5D5-4543-BBA9-4254ABD3D584,UCEC,midnight,Midnight,40x__2p5x,40× ↔ 2.5×,0.5458425261768166,-0.5458425261768166,20
TCGA-AX-A05U-01Z-00-DX1.1EBFC727-B5D5-4543-BBA9-4254ABD3D584,UCEC,phikon,Phikon,10x__2p5x,10× ↔ 2.5×,1.044016882787917,-1.044016882787917,20
TCGA-AX-A05U-01Z-00-DX1.1EBFC727-B5D5-4543-BBA9-4254ABD3D584,UCEC,phikon,Phikon,40x__10x,40× ↔ 10×,0.0461730836999437,-0.0461730836999437,20
TCGA-AX-A05U-01Z-00-DX1.1EBFC727-B5D5-4543-BBA9-4254ABD3D584,UCEC,phikon,Phikon,40x__2p5x,40× ↔ 2.5×,1.910905168327687,-1.910905168327687,20
TCGA-AX-A05U-01Z-00-DX1.1EBFC727-B5D5-4543-BBA9-4254ABD3D584,UCEC,uni,UNI,10x__2p5x,10× ↔ 2.5×,1.8227904572186258,-1.8227904572186258,20
TCGA-AX-A05U-01Z-00-DX1.1EBFC727-B5D5-4543-BBA9-4254ABD3D584,UCEC,uni,UNI,40x__10x,40× ↔ 10×,0.18009207977591624,-0.18009207977591624,20
TCGA-AX-A05U-01Z-00-DX1.1EBFC727-B5D5-4543-BBA9-4254ABD3D584,UCEC,uni,UNI,40x__2p5x,40× ↔ 2.5×,3.1390973165409113,-3.1390973165409113,20
TCGA-AX-A05U-01Z-00-DX1.1EBFC727-B5D5-4543-BBA9-4254ABD3D584,UCEC,uni2,UNI2,10x__2p5x,10× ↔ 2.5×,0.0057139498032268855,-0.0057139498032268855,20
TCGA-AX-A05U-01Z-00-DX1.1EBFC727-B5D5-4543-BBA9-4254ABD3D584,UCEC,uni2,UNI2,40x__10x,40× ↔ 10×,0.350897189442933,-0.350897189442933,20
TCGA-AX-A05U-01Z-00-DX1.1EBFC727-B5D5-4543-BBA9-4254ABD3D584,UCEC,uni2,UNI2,40x__2p5x,40× ↔ 2.5×,0.14293701462211478,-0.14293701462211478,20
TCGA-AX-A05U-01Z-00-DX1.1EBFC727-B5D5-4543-BBA9-4254ABD3D584,UCEC,virchow,Virchow,10x__2p5x,10× ↔ 2.5×,3.969448309048579,-3.969448309048579,20
TCGA-AX-A05U-01Z-00-DX1.1EBFC727-B5D5-4543-BBA9-4254ABD3D584,UCEC,virchow,Virchow,40x__10x,40× ↔ 10×,1.1547693777064183,-1.1547693777064183,20
TCGA-AX-A05U-01Z-00-DX1.1EBFC727-B5D5-4543-BBA9-4254ABD3D584,UCEC,virchow,Virchow,40x__2p5x,40× ↔ 2.5×,5.704906675421796,-5.704906675421796,20
TCGA-AX-A05U-01Z-00-DX1.1EBFC727-B5D5-4543-BBA9-4254ABD3D584,UCEC,virchow2,Virchow2,10x__2p5x,10× ↔ 2.5×,0.0335482971851012,-0.0335482971851012,20
TCGA-AX-A05U-01Z-00-DX1.1EBFC727-B5D5-4543-BBA9-4254ABD3D584,UCEC,virchow2,Virchow2,40x__10x,40× ↔ 10×,0.48428345350893076,-0.48428345350893076,20
TCGA-AX-A05U-01Z-00-DX1.1EBFC727-B5D5-4543-BBA9-4254ABD3D584,UCEC,virchow2,Virchow2,40x__2p5x,40× ↔ 2.5×,0.3993347487635842,-0.3993347487635842,20
TCGA-AX-A06B-01Z-00-DX2.1757C039-99F7-4087-A9E5-D340AF7220D4,UCEC,gigapath,GigaPath,10x__2p5x,10× ↔ 2.5×,-0.3815192327279667,0.3815192327279667,20
TCGA-AX-A06B-01Z-00-DX2.1757C039-99F7-4087-A9E5-D340AF7220D4,UCEC,gigapath,GigaPath,40x__10x,40× ↔ 10×,0.4920158278253671,-0.4920158278253671,20
TCGA-AX-A06B-01Z-00-DX2.1757C039-99F7-4087-A9E5-D340AF7220D4,UCEC,gigapath,GigaPath,40x__2p5x,40× ↔ 2.5×,1.872796871421795,-1.872796871421795,20
TCGA-AX-A06B-01Z-00-DX2.1757C039-99F7-4087-A9E5-D340AF7220D4,UCEC,gigapath_flash,GigaPath-Flash,10x__2p5x,10× ↔ 2.5×,-0.41744616748535324,0.41744616748535324,20
TCGA-AX-A06B-01Z-00-DX2.1757C039-99F7-4087-A9E5-D340AF7220D4,UCEC,gigapath_flash,GigaPath-Flash,40x__10x,40× ↔ 10×,0.6666272979203475,-0.6666272979203475,20
TCGA-AX-A06B-01Z-00-DX2.1757C039-99F7-4087-A9E5-D340AF7220D4,UCEC,gigapath_flash,GigaPath-Flash,40x__2p5x,40× ↔ 2.5×,1.7573228343530196,-1.7573228343530196,20
TCGA-AX-A06B-01Z-00-DX2.1757C039-99F7-4087-A9E5-D340AF7220D4,UCEC,midnight,Midnight,10x__2p5x,10× ↔ 2.5×,0.37328575997880364,-0.37328575997880364,20
TCGA-AX-A06B-01Z-00-DX2.1757C039-99F7-4087-A9E5-D340AF7220D4,UCEC,midnight,Midnight,40x__10x,40× ↔ 10×,0.750847524133065,-0.750847524133065,20
TCGA-AX-A06B-01Z-00-DX2.1757C039-99F7-4087-A9E5-D340AF7220D4,UCEC,midnight,Midnight,40x__2p5x,40× ↔ 2.5×,0.9559515705355237,-0.9559515705355237,20
TCGA-AX-A06B-01Z-00-DX2.1757C039-99F7-4087-A9E5-D340AF7220D4,UCEC,phikon,Phikon,10x__2p5x,10× ↔ 2.5×,0.4055746931415839,-0.4055746931415839,20
TCGA-AX-A06B-01Z-00-DX2.1757C039-99F7-4087-A9E5-D340AF7220D4,UCEC,phikon,Phikon,40x__10x,40× ↔ 10×,0.018125116723762318,-0.018125116723762318,20
TCGA-AX-A06B-01Z-00-DX2.1757C039-99F7-4087-A9E5-D340AF7220D4,UCEC,phikon,Phikon,40x__2p5x,40× ↔ 2.5×,1.2649072690284728,-1.2649072690284728,20
TCGA-AX-A06B-01Z-00-DX2.1757C039-99F7-4087-A9E5-D340AF7220D4,UCEC,uni,UNI,10x__2p5x,10× ↔ 2.5×,2.456223074796576,-2.456223074796576,20
TCGA-AX-A06B-01Z-00-DX2.1757C039-99F7-4087-A9E5-D340AF7220D4,UCEC,uni,UNI,40x__10x,40× ↔ 10×,0.29961648697351834,-0.29961648697351834,20
TCGA-AX-A06B-01Z-00-DX2.1757C039-99F7-4087-A9E5-D340AF7220D4,UCEC,uni,UNI,40x__2p5x,40× ↔ 2.5×,2.5666292629756975,-2.5666292629756975,20
TCGA-AX-A06B-01Z-00-DX2.1757C039-99F7-4087-A9E5-D340AF7220D4,UCEC,uni2,UNI2,10x__2p5x,10× ↔ 2.5×,0.06918666397570235,-0.06918666397570235,20
TCGA-AX-A06B-01Z-00-DX2.1757C039-99F7-4087-A9E5-D340AF7220D4,UCEC,uni2,UNI2,40x__10x,40× ↔ 10×,0.5151392889955246,-0.5151392889955246,20
TCGA-AX-A06B-01Z-00-DX2.1757C039-99F7-4087-A9E5-D340AF7220D4,UCEC,uni2,UNI2,40x__2p5x,40× ↔ 2.5×,0.5343896444982661,-0.5343896444982661,20
TCGA-AX-A06B-01Z-00-DX2.1757C039-99F7-4087-A9E5-D340AF7220D4,UCEC,virchow,Virchow,10x__2p5x,10× ↔ 2.5×,3.166189350648012,-3.166189350648012,20
TCGA-AX-A06B-01Z-00-DX2.1757C039-99F7-4087-A9E5-D340AF7220D4,UCEC,virchow,Virchow,40x__10x,40× ↔ 10×,1.311528717060885,-1.311528717060885,20
TCGA-AX-A06B-01Z-00-DX2.1757C039-99F7-4087-A9E5-D340AF7220D4,UCEC,virchow,Virchow,40x__2p5x,40× ↔ 2.5×,3.961445651034235,-3.961445651034235,20
TCGA-AX-A06B-01Z-00-DX2.1757C039-99F7-4087-A9E5-D340AF7220D4,UCEC,virchow2,Virchow2,10x__2p5x,10× ↔ 2.5×,0.251710260685127,-0.251710260685127,20
TCGA-AX-A06B-01Z-00-DX2.1757C039-99F7-4087-A9E5-D340AF7220D4,UCEC,virchow2,Virchow2,40x__10x,40× ↔ 10×,1.274843631510686,-1.274843631510686,20
TCGA-AX-A06B-01Z-00-DX2.1757C039-99F7-4087-A9E5-D340AF7220D4,UCEC,virchow2,Virchow2,40x__2p5x,40× ↔ 2.5×,1.1783140414251696,-1.1783140414251696,20
TCGA-AX-A0J0-01Z-00-DX2.56C668BE-03B8-4B87-A226-AABD97D53C38,UCEC,gigapath,GigaPath,10x__2p5x,10× ↔ 2.5×,0.4669501632987073,-0.4669501632987073,20
TCGA-AX-A0J0-01Z-00-DX2.56C668BE-03B8-4B87-A226-AABD97D53C38,UCEC,gigapath,GigaPath,40x__10x,40× ↔ 10×,0.8677794538725776,-0.8677794538725776,20
TCGA-AX-A0J0-01Z-00-DX2.56C668BE-03B8-4B87-A226-AABD97D53C38,UCEC,gigapath,GigaPath,40x__2p5x,40× ↔ 2.5×,1.8140833402862693,-1.8140833402862693,20
TCGA-AX-A0J0-01Z-00-DX2.56C668BE-03B8-4B87-A226-AABD97D53C38,UCEC,gigapath_flash,GigaPath-Flash,10x__2p5x,10× ↔ 2.5×,1.0353186673495636,-1.0353186673495636,20
TCGA-AX-A0J0-01Z-00-DX2.56C668BE-03B8-4B87-A226-AABD97D53C38,UCEC,gigapath_flash,GigaPath-Flash,40x__10x,40× ↔ 10×,0.8335316016822898,-0.8335316016822898,20
TCGA-AX-A0J0-01Z-00-DX2.56C668BE-03B8-4B87-A226-AABD97D53C38,UCEC,gigapath_flash,GigaPath-Flash,40x__2p5x,40× ↔ 2.5×,2.109027150853075,-2.109027150853075,20
TCGA-AX-A0J0-01Z-00-DX2.56C668BE-03B8-4B87-A226-AABD97D53C38,UCEC,midnight,Midnight,10x__2p5x,10× ↔ 2.5×,0.19297275777537864,-0.19297275777537864,20
TCGA-AX-A0J0-01Z-00-DX2.56C668BE-03B8-4B87-A226-AABD97D53C38,UCEC,midnight,Midnight,40x__10x,40× ↔ 10×,0.3167948383652105,-0.3167948383652105,20
TCGA-AX-A0J0-01Z-00-DX2.56C668BE-03B8-4B87-A226-AABD97D53C38,UCEC,midnight,Midnight,40x__2p5x,40× ↔ 2.5×,0.8801927107727359,-0.8801927107727359,20
TCGA-AX-A0J0-01Z-00-DX2.56C668BE-03B8-4B87-A226-AABD97D53C38,UCEC,phikon,Phikon,10x__2p5x,10× ↔ 2.5×,1.052103844274399,-1.052103844274399,20
TCGA-AX-A0J0-01Z-00-DX2.56C668BE-03B8-4B87-A226-AABD97D53C38,UCEC,phikon,Phikon,40x__10x,40× ↔ 10×,0.10188289477512232,-0.10188289477512232,20
TCGA-AX-A0J0-01Z-00-DX2.56C668BE-03B8-4B87-A226-AABD97D53C38,UCEC,phikon,Phikon,40x__2p5x,40× ↔ 2.5×,2.003062536047827,-2.003062536047827,20
TCGA-AX-A0J0-01Z-00-DX2.56C668BE-03B8-4B87-A226-AABD97D53C38,UCEC,uni,UNI,10x__2p5x,10× ↔ 2.5×,3.982705604011554,-3.982705604011554,20
TCGA-AX-A0J0-01Z-00-DX2.56C668BE-03B8-4B87-A226-AABD97D53C38,UCEC,uni,UNI,40x__10x,40× ↔ 10×,0.3218136894347085,-0.3218136894347085,20
TCGA-AX-A0J0-01Z-00-DX2.56C668BE-03B8-4B87-A226-AABD97D53C38,UCEC,uni,UNI,40x__2p5x,40× ↔ 2.5×,3.473612384957621,-3.473612384957621,20
TCGA-AX-A0J0-01Z-00-DX2.56C668BE-03B8-4B87-A226-AABD97D53C38,UCEC,uni2,UNI2,10x__2p5x,10× ↔ 2.5×,0.04346476322203952,-0.04346476322203952,20
TCGA-AX-A0J0-01Z-00-DX2.56C668BE-03B8-4B87-A226-AABD97D53C38,UCEC,uni2,UNI2,40x__10x,40× ↔ 10×,0.18694968952265228,-0.18694968952265228,20
TCGA-AX-A0J0-01Z-00-DX2.56C668BE-03B8-4B87-A226-AABD97D53C38,UCEC,uni2,UNI2,40x__2p5x,40× ↔ 2.5×,0.21089589357222976,-0.21089589357222976,20
TCGA-AX-A0J0-01Z-00-DX2.56C668BE-03B8-4B87-A226-AABD97D53C38,UCEC,virchow,Virchow,10x__2p5x,10× ↔ 2.5×,4.034114627820937,-4.034114627820937,20
TCGA-AX-A0J0-01Z-00-DX2.56C668BE-03B8-4B87-A226-AABD97D53C38,UCEC,virchow,Virchow,40x__10x,40× ↔ 10×,1.2020388846272791,-1.2020388846272791,20
TCGA-AX-A0J0-01Z-00-DX2.56C668BE-03B8-4B87-A226-AABD97D53C38,UCEC,virchow,Virchow,40x__2p5x,40× ↔ 2.5×,5.860738505011048,-5.860738505011048,20
TCGA-AX-A0J0-01Z-00-DX2.56C668BE-03B8-4B87-A226-AABD97D53C38,UCEC,virchow2,Virchow2,10x__2p5x,10× ↔ 2.5×,0.0680042234250879,-0.0680042234250879,20
TCGA-AX-A0J0-01Z-00-DX2.56C668BE-03B8-4B87-A226-AABD97D53C38,UCEC,virchow2,Virchow2,40x__10x,40× ↔ 10×,0.3171838844274843,-0.3171838844274843,20
TCGA-AX-A0J0-01Z-00-DX2.56C668BE-03B8-4B87-A226-AABD97D53C38,UCEC,virchow2,Virchow2,40x__2p5x,40× ↔ 2.5×,1.0057718869479246,-1.0057718869479246,20
TCGA-AY-A8YK-01Z-00-DX1.89E3C546-0425-449B-A6FB-1C35168EA7EB,COAD,gigapath,GigaPath,10x__2p5x,10× ↔ 2.5×,5.047229032219403,-5.047229032219403,20
TCGA-AY-A8YK-01Z-00-DX1.89E3C546-0425-449B-A6FB-1C35168EA7EB,COAD,gigapath,GigaPath,40x__10x,40× ↔ 10×,0.9424324858208356,-0.9424324858208356,20
TCGA-AY-A8YK-01Z-00-DX1.89E3C546-0425-449B-A6FB-1C35168EA7EB,COAD,gigapath,GigaPath,40x__2p5x,40× ↔ 2.5×,5.2035688274791845,-5.2035688274791845,20
TCGA-AY-A8YK-01Z-00-DX1.89E3C546-0425-449B-A6FB-1C35168EA7EB,COAD,gigapath_flash,GigaPath-Flash,10x__2p5x,10× ↔ 2.5×,2.2604138336548716,-2.2604138336548716,20
TCGA-AY-A8YK-01Z-00-DX1.89E3C546-0425-449B-A6FB-1C35168EA7EB,COAD,gigapath_flash,GigaPath-Flash,40x__10x,40× ↔ 10×,0.0009205228908593987,-0.0009205228908593987,20
TCGA-AY-A8YK-01Z-00-DX1.89E3C546-0425-449B-A6FB-1C35168EA7EB,COAD,gigapath_flash,GigaPath-Flash,40x__2p5x,40× ↔ 2.5×,1.3917972411716018,-1.3917972411716018,20
TCGA-AY-A8YK-01Z-00-DX1.89E3C546-0425-449B-A6FB-1C35168EA7EB,COAD,midnight,Midnight,10x__2p5x,10× ↔ 2.5×,-0.26740911522527006,0.26740911522527006,20
TCGA-AY-A8YK-01Z-00-DX1.89E3C546-0425-449B-A6FB-1C35168EA7EB,COAD,midnight,Midnight,40x__10x,40× ↔ 10×,-1.125891163606239,1.125891163606239,20
TCGA-AY-A8YK-01Z-00-DX1.89E3C546-0425-449B-A6FB-1C35168EA7EB,COAD,midnight,Midnight,40x__2p5x,40× ↔ 2.5×,0.10551809614165686,-0.10551809614165686,20
TCGA-AY-A8YK-01Z-00-DX1.89E3C546-0425-449B-A6FB-1C35168EA7EB,COAD,phikon,Phikon,10x__2p5x,10× ↔ 2.5×,1.5888666390136637,-1.5888666390136637,20
TCGA-AY-A8YK-01Z-00-DX1.89E3C546-0425-449B-A6FB-1C35168EA7EB,COAD,phikon,Phikon,40x__10x,40× ↔ 10×,0.2903505760844634,-0.2903505760844634,20
TCGA-AY-A8YK-01Z-00-DX1.89E3C546-0425-449B-A6FB-1C35168EA7EB,COAD,phikon,Phikon,40x__2p5x,40× ↔ 2.5×,0.8088749080789033,-0.8088749080789033,20
TCGA-AY-A8YK-01Z-00-DX1.89E3C546-0425-449B-A6FB-1C35168EA7EB,COAD,uni,UNI,10x__2p5x,10× ↔ 2.5×,4.9464055555594815,-4.9464055555594815,20
TCGA-AY-A8YK-01Z-00-DX1.89E3C546-0425-449B-A6FB-1C35168EA7EB,COAD,uni,UNI,40x__10x,40× ↔ 10×,0.8935198075413773,-0.8935198075413773,20
TCGA-AY-A8YK-01Z-00-DX1.89E3C546-0425-449B-A6FB-1C35168EA7EB,COAD,uni,UNI,40x__2p5x,40× ↔ 2.5×,2.874064622347584,-2.874064622347584,20
TCGA-AY-A8YK-01Z-00-DX1.89E3C546-0425-449B-A6FB-1C35168EA7EB,COAD,uni2,UNI2,10x__2p5x,10× ↔ 2.5×,1.6686567764323463,-1.6686567764323463,20
TCGA-AY-A8YK-01Z-00-DX1.89E3C546-0425-449B-A6FB-1C35168EA7EB,COAD,uni2,UNI2,40x__10x,40× ↔ 10×,-0.3474133302579429,0.3474133302579429,20
TCGA-AY-A8YK-01Z-00-DX1.89E3C546-0425-449B-A6FB-1C35168EA7EB,COAD,uni2,UNI2,40x__2p5x,40× ↔ 2.5×,1.9421262932038914,-1.9421262932038914,20
TCGA-AY-A8YK-01Z-00-DX1.89E3C546-0425-449B-A6FB-1C35168EA7EB,COAD,virchow,Virchow,10x__2p5x,10× ↔ 2.5×,-0.10708659225798187,0.10708659225798187,20
TCGA-AY-A8YK-01Z-00-DX1.89E3C546-0425-449B-A6FB-1C35168EA7EB,COAD,virchow,Virchow,40x__10x,40× ↔ 10×,1.7740286002723598,-1.7740286002723598,20
TCGA-AY-A8YK-01Z-00-DX1.89E3C546-0425-449B-A6FB-1C35168EA7EB,COAD,virchow,Virchow,40x__2p5x,40× ↔ 2.5×,2.140238039226278,-2.140238039226278,20
TCGA-AY-A8YK-01Z-00-DX1.89E3C546-0425-449B-A6FB-1C35168EA7EB,COAD,virchow2,Virchow2,10x__2p5x,10× ↔ 2.5×,0.7254544776836461,-0.7254544776836461,20
TCGA-AY-A8YK-01Z-00-DX1.89E3C546-0425-449B-A6FB-1C35168EA7EB,COAD,virchow2,Virchow2,40x__10x,40× ↔ 10×,0.2156022916319654,-0.2156022916319654,20
TCGA-AY-A8YK-01Z-00-DX1.89E3C546-0425-449B-A6FB-1C35168EA7EB,COAD,virchow2,Virchow2,40x__2p5x,40× ↔ 2.5×,1.8396957519422763,-1.8396957519422763,20
TCGA-B0-5094-01Z-00-DX1.eac31fe2-09da-4ecf-8e25-c073cbb03295,KIRC,gigapath,GigaPath,10x__2p5x,10× ↔ 2.5×,1.377704409192622,-1.377704409192622,20
TCGA-B0-5094-01Z-00-DX1.eac31fe2-09da-4ecf-8e25-c073cbb03295,KIRC,gigapath,GigaPath,40x__10x,40× ↔ 10×,1.4148147862181972,-1.4148147862181972,20
TCGA-B0-5094-01Z-00-DX1.eac31fe2-09da-4ecf-8e25-c073cbb03295,KIRC,gigapath,GigaPath,40x__2p5x,40× ↔ 2.5×,1.6762658715714291,-1.6762658715714291,20
TCGA-B0-5094-01Z-00-DX1.eac31fe2-09da-4ecf-8e25-c073cbb03295,KIRC,gigapath_flash,GigaPath-Flash,10x__2p5x,10× ↔ 2.5×,1.2725251968687037,-1.2725251968687037,20
TCGA-B0-5094-01Z-00-DX1.eac31fe2-09da-4ecf-8e25-c073cbb03295,KIRC,gigapath_flash,GigaPath-Flash,40x__10x,40× ↔ 10×,1.5393610424936466,-1.5393610424936466,20
TCGA-B0-5094-01Z-00-DX1.eac31fe2-09da-4ecf-8e25-c073cbb03295,KIRC,gigapath_flash,GigaPath-Flash,40x__2p5x,40× ↔ 2.5×,1.7348435306044743,-1.7348435306044743,20
TCGA-B0-5094-01Z-00-DX1.eac31fe2-09da-4ecf-8e25-c073cbb03295,KIRC,midnight,Midnight,10x__2p5x,10× ↔ 2.5×,0.543508644872402,-0.543508644872402,20
TCGA-B0-5094-01Z-00-DX1.eac31fe2-09da-4ecf-8e25-c073cbb03295,KIRC,midnight,Midnight,40x__10x,40× ↔ 10×,0.8081875039113171,-0.8081875039113171,20
TCGA-B0-5094-01Z-00-DX1.eac31fe2-09da-4ecf-8e25-c073cbb03295,KIRC,midnight,Midnight,40x__2p5x,40× ↔ 2.5×,0.8244647983982301,-0.8244647983982301,20
TCGA-B0-5094-01Z-00-DX1.eac31fe2-09da-4ecf-8e25-c073cbb03295,KIRC,phikon,Phikon,10x__2p5x,10× ↔ 2.5×,1.2476636040420055,-1.2476636040420055,20
TCGA-B0-5094-01Z-00-DX1.eac31fe2-09da-4ecf-8e25-c073cbb03295,KIRC,phikon,Phikon,40x__10x,40× ↔ 10×,0.7840745557855211,-0.7840745557855211,20
TCGA-B0-5094-01Z-00-DX1.eac31fe2-09da-4ecf-8e25-c073cbb03295,KIRC,phikon,Phikon,40x__2p5x,40× ↔ 2.5×,1.7355475647511729,-1.7355475647511729,20
TCGA-B0-5094-01Z-00-DX1.eac31fe2-09da-4ecf-8e25-c073cbb03295,KIRC,uni,UNI,10x__2p5x,10× ↔ 2.5×,0.6259897203811298,-0.6259897203811298,20
TCGA-B0-5094-01Z-00-DX1.eac31fe2-09da-4ecf-8e25-c073cbb03295,KIRC,uni,UNI,40x__10x,40× ↔ 10×,0.3165624927272942,-0.3165624927272942,20
TCGA-B0-5094-01Z-00-DX1.eac31fe2-09da-4ecf-8e25-c073cbb03295,KIRC,uni,UNI,40x__2p5x,40× ↔ 2.5×,0.8588873193701506,-0.8588873193701506,20
TCGA-B0-5094-01Z-00-DX1.eac31fe2-09da-4ecf-8e25-c073cbb03295,KIRC,uni2,UNI2,10x__2p5x,10× ↔ 2.5×,0.26079748485509746,-0.26079748485509746,20
TCGA-B0-5094-01Z-00-DX1.eac31fe2-09da-4ecf-8e25-c073cbb03295,KIRC,uni2,UNI2,40x__10x,40× ↔ 10×,0.10702017615363127,-0.10702017615363127,20
TCGA-B0-5094-01Z-00-DX1.eac31fe2-09da-4ecf-8e25-c073cbb03295,KIRC,uni2,UNI2,40x__2p5x,40× ↔ 2.5×,0.5063222811403938,-0.5063222811403938,20
TCGA-B0-5094-01Z-00-DX1.eac31fe2-09da-4ecf-8e25-c073cbb03295,KIRC,virchow,Virchow,10x__2p5x,10× ↔ 2.5×,5.288881633649899,-5.288881633649899,20
TCGA-B0-5094-01Z-00-DX1.eac31fe2-09da-4ecf-8e25-c073cbb03295,KIRC,virchow,Virchow,40x__10x,40× ↔ 10×,0.39731674034593795,-0.39731674034593795,20
TCGA-B0-5094-01Z-00-DX1.eac31fe2-09da-4ecf-8e25-c073cbb03295,KIRC,virchow,Virchow,40x__2p5x,40× ↔ 2.5×,4.062881627819842,-4.062881627819842,20
TCGA-B0-5094-01Z-00-DX1.eac31fe2-09da-4ecf-8e25-c073cbb03295,KIRC,virchow2,Virchow2,10x__2p5x,10× ↔ 2.5×,0.16658844841618833,-0.16658844841618833,20
TCGA-B0-5094-01Z-00-DX1.eac31fe2-09da-4ecf-8e25-c073cbb03295,KIRC,virchow2,Virchow2,40x__10x,40× ↔ 10×,0.012967820607977498,-0.012967820607977498,20
TCGA-B0-5094-01Z-00-DX1.eac31fe2-09da-4ecf-8e25-c073cbb03295,KIRC,virchow2,Virchow2,40x__2p5x,40× ↔ 2.5×,0.21028733869743593,-0.21028733869743593,20
TCGA-B0-5106-01Z-00-DX1.564e51a3-be50-4eed-ba9c-4d478b96ffc6,KIRC,gigapath,GigaPath,10x__2p5x,10× ↔ 2.5×,1.6431424099059622,-1.6431424099059622,20
TCGA-B0-5106-01Z-00-DX1.564e51a3-be50-4eed-ba9c-4d478b96ffc6,KIRC,gigapath,GigaPath,40x__10x,40× ↔ 10×,0.2077590405724032,-0.2077590405724032,20
TCGA-B0-5106-01Z-00-DX1.564e51a3-be50-4eed-ba9c-4d478b96ffc6,KIRC,gigapath,GigaPath,40x__2p5x,40× ↔ 2.5×,0.951021445766641,-0.951021445766641,20
TCGA-B0-5106-01Z-00-DX1.564e51a3-be50-4eed-ba9c-4d478b96ffc6,KIRC,gigapath_flash,GigaPath-Flash,10x__2p5x,10× ↔ 2.5×,3.110069932356756,-3.110069932356756,20
TCGA-B0-5106-01Z-00-DX1.564e51a3-be50-4eed-ba9c-4d478b96ffc6,KIRC,gigapath_flash,GigaPath-Flash,40x__10x,40× ↔ 10×,0.07029781921559682,-0.07029781921559682,20
TCGA-B0-5106-01Z-00-DX1.564e51a3-be50-4eed-ba9c-4d478b96ffc6,KIRC,gigapath_flash,GigaPath-Flash,40x__2p5x,40× ↔ 2.5×,1.7678961679356822,-1.7678961679356822,20
TCGA-B0-5106-01Z-00-DX1.564e51a3-be50-4eed-ba9c-4d478b96ffc6,KIRC,midnight,Midnight,10x__2p5x,10× ↔ 2.5×,0.13933479957247247,-0.13933479957247247,20
TCGA-B0-5106-01Z-00-DX1.564e51a3-be50-4eed-ba9c-4d478b96ffc6,KIRC,midnight,Midnight,40x__10x,40× ↔ 10×,0.46222203860108807,-0.46222203860108807,20
TCGA-B0-5106-01Z-00-DX1.564e51a3-be50-4eed-ba9c-4d478b96ffc6,KIRC,midnight,Midnight,40x__2p5x,40× ↔ 2.5×,0.4909152556631902,-0.4909152556631902,20
TCGA-B0-5106-01Z-00-DX1.564e51a3-be50-4eed-ba9c-4d478b96ffc6,KIRC,phikon,Phikon,10x__2p5x,10× ↔ 2.5×,0.8447154490953939,-0.8447154490953939,20
TCGA-B0-5106-01Z-00-DX1.564e51a3-be50-4eed-ba9c-4d478b96ffc6,KIRC,phikon,Phikon,40x__10x,40× ↔ 10×,0.5164377421718157,-0.5164377421718157,20
TCGA-B0-5106-01Z-00-DX1.564e51a3-be50-4eed-ba9c-4d478b96ffc6,KIRC,phikon,Phikon,40x__2p5x,40× ↔ 2.5×,2.2373871234392384,-2.2373871234392384,20
TCGA-B0-5106-01Z-00-DX1.564e51a3-be50-4eed-ba9c-4d478b96ffc6,KIRC,uni,UNI,10x__2p5x,10× ↔ 2.5×,0.3591497976075422,-0.3591497976075422,20
TCGA-B0-5106-01Z-00-DX1.564e51a3-be50-4eed-ba9c-4d478b96ffc6,KIRC,uni,UNI,40x__10x,40× ↔ 10×,0.043938344878939634,-0.043938344878939634,20
TCGA-B0-5106-01Z-00-DX1.564e51a3-be50-4eed-ba9c-4d478b96ffc6,KIRC,uni,UNI,40x__2p5x,40× ↔ 2.5×,0.7200994274414192,-0.7200994274414192,20
TCGA-B0-5106-01Z-00-DX1.564e51a3-be50-4eed-ba9c-4d478b96ffc6,KIRC,uni2,UNI2,10x__2p5x,10× ↔ 2.5×,0.009311125243441442,-0.009311125243441442,20
TCGA-B0-5106-01Z-00-DX1.564e51a3-be50-4eed-ba9c-4d478b96ffc6,KIRC,uni2,UNI2,40x__10x,40× ↔ 10×,0.0020469631841222064,-0.0020469631841222064,20
TCGA-B0-5106-01Z-00-DX1.564e51a3-be50-4eed-ba9c-4d478b96ffc6,KIRC,uni2,UNI2,40x__2p5x,40× ↔ 2.5×,0.05902320021450014,-0.05902320021450014,20
TCGA-B0-5106-01Z-00-DX1.564e51a3-be50-4eed-ba9c-4d478b96ffc6,KIRC,virchow,Virchow,10x__2p5x,10× ↔ 2.5×,2.5252743787526617,-2.5252743787526617,20
TCGA-B0-5106-01Z-00-DX1.564e51a3-be50-4eed-ba9c-4d478b96ffc6,KIRC,virchow,Virchow,40x__10x,40× ↔ 10×,0.9064399474280694,-0.9064399474280694,20
TCGA-B0-5106-01Z-00-DX1.564e51a3-be50-4eed-ba9c-4d478b96ffc6,KIRC,virchow,Virchow,40x__2p5x,40× ↔ 2.5×,2.019273517977436,-2.019273517977436,20
TCGA-B0-5106-01Z-00-DX1.564e51a3-be50-4eed-ba9c-4d478b96ffc6,KIRC,virchow2,Virchow2,10x__2p5x,10× ↔ 2.5×,0.006943190191547927,-0.006943190191547927,20
TCGA-B0-5106-01Z-00-DX1.564e51a3-be50-4eed-ba9c-4d478b96ffc6,KIRC,virchow2,Virchow2,40x__10x,40× ↔ 10×,0.0013492118211059956,-0.0013492118211059956,20
TCGA-B0-5106-01Z-00-DX1.564e51a3-be50-4eed-ba9c-4d478b96ffc6,KIRC,virchow2,Virchow2,40x__2p5x,40× ↔ 2.5×,0.02138749964863741,-0.02138749964863741,20
TCGA-B0-5711-01Z-00-DX1.6839921f-ec08-4e94-8bf9-4b5a4fcdda45,KIRC,gigapath,GigaPath,10x__2p5x,10× ↔ 2.5×,1.4127491635042215,-1.4127491635042215,20
TCGA-B0-5711-01Z-00-DX1.6839921f-ec08-4e94-8bf9-4b5a4fcdda45,KIRC,gigapath,GigaPath,40x__10x,40× ↔ 10×,0.38688955810859543,-0.38688955810859543,20
TCGA-B0-5711-01Z-00-DX1.6839921f-ec08-4e94-8bf9-4b5a4fcdda45,KIRC,gigapath,GigaPath,40x__2p5x,40× ↔ 2.5×,0.8478437869536553,-0.8478437869536553,20
TCGA-B0-5711-01Z-00-DX1.6839921f-ec08-4e94-8bf9-4b5a4fcdda45,KIRC,gigapath_flash,GigaPath-Flash,10x__2p5x,10× ↔ 2.5×,2.6241773934517925,-2.6241773934517925,20
TCGA-B0-5711-01Z-00-DX1.6839921f-ec08-4e94-8bf9-4b5a4fcdda45,KIRC,gigapath_flash,GigaPath-Flash,40x__10x,40× ↔ 10×,0.2417374987141311,-0.2417374987141311,20
TCGA-B0-5711-01Z-00-DX1.6839921f-ec08-4e94-8bf9-4b5a4fcdda45,KIRC,gigapath_flash,GigaPath-Flash,40x__2p5x,40× ↔ 2.5×,1.4915381449169114,-1.4915381449169114,20
TCGA-B0-5711-01Z-00-DX1.6839921f-ec08-4e94-8bf9-4b5a4fcdda45,KIRC,midnight,Midnight,10x__2p5x,10× ↔ 2.5×,0.12865384363370663,-0.12865384363370663,20
TCGA-B0-5711-01Z-00-DX1.6839921f-ec08-4e94-8bf9-4b5a4fcdda45,KIRC,midnight,Midnight,40x__10x,40× ↔ 10×,0.3708390735740864,-0.3708390735740864,20
TCGA-B0-5711-01Z-00-DX1.6839921f-ec08-4e94-8bf9-4b5a4fcdda45,KIRC,midnight,Midnight,40x__2p5x,40× ↔ 2.5×,0.517950825626083,-0.517950825626083,20
TCGA-B0-5711-01Z-00-DX1.6839921f-ec08-4e94-8bf9-4b5a4fcdda45,KIRC,phikon,Phikon,10x__2p5x,10× ↔ 2.5×,0.9083459450608015,-0.9083459450608015,20
TCGA-B0-5711-01Z-00-DX1.6839921f-ec08-4e94-8bf9-4b5a4fcdda45,KIRC,phikon,Phikon,40x__10x,40× ↔ 10×,1.0895051676190062,-1.0895051676190062,20
TCGA-B0-5711-01Z-00-DX1.6839921f-ec08-4e94-8bf9-4b5a4fcdda45,KIRC,phikon,Phikon,40x__2p5x,40× ↔ 2.5×,2.5200530281144453,-2.5200530281144453,20
TCGA-B0-5711-01Z-00-DX1.6839921f-ec08-4e94-8bf9-4b5a4fcdda45,KIRC,uni,UNI,10x__2p5x,10× ↔ 2.5×,0.3265743207711507,-0.3265743207711507,20
TCGA-B0-5711-01Z-00-DX1.6839921f-ec08-4e94-8bf9-4b5a4fcdda45,KIRC,uni,UNI,40x__10x,40× ↔ 10×,0.043879499381167364,-0.043879499381167364,20
TCGA-B0-5711-01Z-00-DX1.6839921f-ec08-4e94-8bf9-4b5a4fcdda45,KIRC,uni,UNI,40x__2p5x,40× ↔ 2.5×,0.8439568681085966,-0.8439568681085966,20
TCGA-B0-5711-01Z-00-DX1.6839921f-ec08-4e94-8bf9-4b5a4fcdda45,KIRC,uni2,UNI2,10x__2p5x,10× ↔ 2.5×,0.012581899712735803,-0.012581899712735803,20
TCGA-B0-5711-01Z-00-DX1.6839921f-ec08-4e94-8bf9-4b5a4fcdda45,KIRC,uni2,UNI2,40x__10x,40× ↔ 10×,0.002970489431726782,-0.002970489431726782,20
TCGA-B0-5711-01Z-00-DX1.6839921f-ec08-4e94-8bf9-4b5a4fcdda45,KIRC,uni2,UNI2,40x__2p5x,40× ↔ 2.5×,0.11338095914863025,-0.11338095914863025,20
TCGA-B0-5711-01Z-00-DX1.6839921f-ec08-4e94-8bf9-4b5a4fcdda45,KIRC,virchow,Virchow,10x__2p5x,10× ↔ 2.5×,3.3040452435420966,-3.3040452435420966,20
TCGA-B0-5711-01Z-00-DX1.6839921f-ec08-4e94-8bf9-4b5a4fcdda45,KIRC,virchow,Virchow,40x__10x,40× ↔ 10×,0.21904545125346703,-0.21904545125346703,20
TCGA-B0-5711-01Z-00-DX1.6839921f-ec08-4e94-8bf9-4b5a4fcdda45,KIRC,virchow,Virchow,40x__2p5x,40× ↔ 2.5×,2.78509161310812,-2.78509161310812,20
TCGA-B0-5711-01Z-00-DX1.6839921f-ec08-4e94-8bf9-4b5a4fcdda45,KIRC,virchow2,Virchow2,10x__2p5x,10× ↔ 2.5×,0.0076154293416882245,-0.0076154293416882245,20
TCGA-B0-5711-01Z-00-DX1.6839921f-ec08-4e94-8bf9-4b5a4fcdda45,KIRC,virchow2,Virchow2,40x__10x,40× ↔ 10×,0.0011649432952759457,-0.0011649432952759457,20
TCGA-B0-5711-01Z-00-DX1.6839921f-ec08-4e94-8bf9-4b5a4fcdda45,KIRC,virchow2,Virchow2,40x__2p5x,40× ↔ 2.5×,0.01791560805427635,-0.01791560805427635,20
TCGA-B2-5633-01Z-00-DX1.c55a29ca-468e-46de-9ff5-a51f46fe09fd,KIRC,gigapath,GigaPath,10x__2p5x,10× ↔ 2.5×,2.1878025838966217,-2.1878025838966217,20
TCGA-B2-5633-01Z-00-DX1.c55a29ca-468e-46de-9ff5-a51f46fe09fd,KIRC,gigapath,GigaPath,40x__10x,40× ↔ 10×,0.3914226061601582,-0.3914226061601582,20
TCGA-B2-5633-01Z-00-DX1.c55a29ca-468e-46de-9ff5-a51f46fe09fd,KIRC,gigapath,GigaPath,40x__2p5x,40× ↔ 2.5×,1.60316192420457,-1.60316192420457,20
TCGA-B2-5633-01Z-00-DX1.c55a29ca-468e-46de-9ff5-a51f46fe09fd,KIRC,gigapath_flash,GigaPath-Flash,10x__2p5x,10× ↔ 2.5×,3.2716475947403856,-3.2716475947403856,20
TCGA-B2-5633-01Z-00-DX1.c55a29ca-468e-46de-9ff5-a51f46fe09fd,KIRC,gigapath_flash,GigaPath-Flash,40x__10x,40× ↔ 10×,0.3020409525633357,-0.3020409525633357,20
TCGA-B2-5633-01Z-00-DX1.c55a29ca-468e-46de-9ff5-a51f46fe09fd,KIRC,gigapath_flash,GigaPath-Flash,40x__2p5x,40× ↔ 2.5×,2.219190804232847,-2.219190804232847,20
TCGA-B2-5633-01Z-00-DX1.c55a29ca-468e-46de-9ff5-a51f46fe09fd,KIRC,midnight,Midnight,10x__2p5x,10× ↔ 2.5×,0.22925195807113105,-0.22925195807113105,20
TCGA-B2-5633-01Z-00-DX1.c55a29ca-468e-46de-9ff5-a51f46fe09fd,KIRC,midnight,Midnight,40x__10x,40× ↔ 10×,0.5553727603731733,-0.5553727603731733,20
TCGA-B2-5633-01Z-00-DX1.c55a29ca-468e-46de-9ff5-a51f46fe09fd,KIRC,midnight,Midnight,40x__2p5x,40× ↔ 2.5×,0.6025128594036631,-0.6025128594036631,20
TCGA-B2-5633-01Z-00-DX1.c55a29ca-468e-46de-9ff5-a51f46fe09fd,KIRC,phikon,Phikon,10x__2p5x,10× ↔ 2.5×,0.918625023284017,-0.918625023284017,20
TCGA-B2-5633-01Z-00-DX1.c55a29ca-468e-46de-9ff5-a51f46fe09fd,KIRC,phikon,Phikon,40x__10x,40× ↔ 10×,0.47221846751185853,-0.47221846751185853,20
TCGA-B2-5633-01Z-00-DX1.c55a29ca-468e-46de-9ff5-a51f46fe09fd,KIRC,phikon,Phikon,40x__2p5x,40× ↔ 2.5×,2.915951678085114,-2.915951678085114,20
TCGA-B2-5633-01Z-00-DX1.c55a29ca-468e-46de-9ff5-a51f46fe09fd,KIRC,uni,UNI,10x__2p5x,10× ↔ 2.5×,0.7684662255922795,-0.7684662255922795,20
TCGA-B2-5633-01Z-00-DX1.c55a29ca-468e-46de-9ff5-a51f46fe09fd,KIRC,uni,UNI,40x__10x,40× ↔ 10×,0.0396884718100759,-0.0396884718100759,20
TCGA-B2-5633-01Z-00-DX1.c55a29ca-468e-46de-9ff5-a51f46fe09fd,KIRC,uni,UNI,40x__2p5x,40× ↔ 2.5×,1.27606539130352,-1.27606539130352,20
TCGA-B2-5633-01Z-00-DX1.c55a29ca-468e-46de-9ff5-a51f46fe09fd,KIRC,uni2,UNI2,10x__2p5x,10× ↔ 2.5×,0.006863789773013258,-0.006863789773013258,20
TCGA-B2-5633-01Z-00-DX1.c55a29ca-468e-46de-9ff5-a51f46fe09fd,KIRC,uni2,UNI2,40x__10x,40× ↔ 10×,0.007379312621758451,-0.007379312621758451,20
TCGA-B2-5633-01Z-00-DX1.c55a29ca-468e-46de-9ff5-a51f46fe09fd,KIRC,uni2,UNI2,40x__2p5x,40× ↔ 2.5×,0.12456360132227626,-0.12456360132227626,20
TCGA-B2-5633-01Z-00-DX1.c55a29ca-468e-46de-9ff5-a51f46fe09fd,KIRC,virchow,Virchow,10x__2p5x,10× ↔ 2.5×,4.236030904234787,-4.236030904234787,20
TCGA-B2-5633-01Z-00-DX1.c55a29ca-468e-46de-9ff5-a51f46fe09fd,KIRC,virchow,Virchow,40x__10x,40× ↔ 10×,0.02370186796014593,-0.02370186796014593,20
TCGA-B2-5633-01Z-00-DX1.c55a29ca-468e-46de-9ff5-a51f46fe09fd,KIRC,virchow,Virchow,40x__2p5x,40× ↔ 2.5×,3.743384422730281,-3.743384422730281,20
TCGA-B2-5633-01Z-00-DX1.c55a29ca-468e-46de-9ff5-a51f46fe09fd,KIRC,virchow2,Virchow2,10x__2p5x,10× ↔ 2.5×,0.0044301831899272144,-0.0044301831899272144,20
TCGA-B2-5633-01Z-00-DX1.c55a29ca-468e-46de-9ff5-a51f46fe09fd,KIRC,virchow2,Virchow2,40x__10x,40× ↔ 10×,0.005001653350720512,-0.005001653350720512,20
TCGA-B2-5633-01Z-00-DX1.c55a29ca-468e-46de-9ff5-a51f46fe09fd,KIRC,virchow2,Virchow2,40x__2p5x,40× ↔ 2.5×,0.03014738737956535,-0.03014738737956535,20
TCGA-B5-A11F-01Z-00-DX1.3F1C053D-E81E-4C8D-965D-6F3DE29D9511,UCEC,gigapath,GigaPath,10x__2p5x,10× ↔ 2.5×,0.8291485848073155,-0.8291485848073155,20
TCGA-B5-A11F-01Z-00-DX1.3F1C053D-E81E-4C8D-965D-6F3DE29D9511,UCEC,gigapath,GigaPath,40x__10x,40× ↔ 10×,1.5941160018356055,-1.5941160018356055,20
TCGA-B5-A11F-01Z-00-DX1.3F1C053D-E81E-4C8D-965D-6F3DE29D9511,UCEC,gigapath,GigaPath,40x__2p5x,40× ↔ 2.5×,5.0679571117912285,-5.0679571117912285,20
TCGA-B5-A11F-01Z-00-DX1.3F1C053D-E81E-4C8D-965D-6F3DE29D9511,UCEC,gigapath_flash,GigaPath-Flash,10x__2p5x,10× ↔ 2.5×,2.1625610488148324,-2.1625610488148324,20
TCGA-B5-A11F-01Z-00-DX1.3F1C053D-E81E-4C8D-965D-6F3DE29D9511,UCEC,gigapath_flash,GigaPath-Flash,40x__10x,40× ↔ 10×,1.80837218034242,-1.80837218034242,20
TCGA-B5-A11F-01Z-00-DX1.3F1C053D-E81E-4C8D-965D-6F3DE29D9511,UCEC,gigapath_flash,GigaPath-Flash,40x__2p5x,40× ↔ 2.5×,6.7054425558291655,-6.7054425558291655,20
TCGA-B5-A11F-01Z-00-DX1.3F1C053D-E81E-4C8D-965D-6F3DE29D9511,UCEC,midnight,Midnight,10x__2p5x,10× ↔ 2.5×,0.2640741315959704,-0.2640741315959704,20
TCGA-B5-A11F-01Z-00-DX1.3F1C053D-E81E-4C8D-965D-6F3DE29D9511,UCEC,midnight,Midnight,40x__10x,40× ↔ 10×,0.463741800386029,-0.463741800386029,20
TCGA-B5-A11F-01Z-00-DX1.3F1C053D-E81E-4C8D-965D-6F3DE29D9511,UCEC,midnight,Midnight,40x__2p5x,40× ↔ 2.5×,1.1704049175604974,-1.1704049175604974,20
TCGA-B5-A11F-01Z-00-DX1.3F1C053D-E81E-4C8D-965D-6F3DE29D9511,UCEC,phikon,Phikon,10x__2p5x,10× ↔ 2.5×,1.7075863006811178,-1.7075863006811178,20
TCGA-B5-A11F-01Z-00-DX1.3F1C053D-E81E-4C8D-965D-6F3DE29D9511,UCEC,phikon,Phikon,40x__10x,40× ↔ 10×,0.34389558035140216,-0.34389558035140216,20
TCGA-B5-A11F-01Z-00-DX1.3F1C053D-E81E-4C8D-965D-6F3DE29D9511,UCEC,phikon,Phikon,40x__2p5x,40× ↔ 2.5×,2.589722892501338,-2.589722892501338,20
TCGA-B5-A11F-01Z-00-DX1.3F1C053D-E81E-4C8D-965D-6F3DE29D9511,UCEC,uni,UNI,10x__2p5x,10× ↔ 2.5×,3.2300391408807423,-3.2300391408807423,20
TCGA-B5-A11F-01Z-00-DX1.3F1C053D-E81E-4C8D-965D-6F3DE29D9511,UCEC,uni,UNI,40x__10x,40× ↔ 10×,0.5243458960679293,-0.5243458960679293,20
TCGA-B5-A11F-01Z-00-DX1.3F1C053D-E81E-4C8D-965D-6F3DE29D9511,UCEC,uni,UNI,40x__2p5x,40× ↔ 2.5×,4.244904077503462,-4.244904077503462,20
TCGA-B5-A11F-01Z-00-DX1.3F1C053D-E81E-4C8D-965D-6F3DE29D9511,UCEC,uni2,UNI2,10x__2p5x,10× ↔ 2.5×,0.022858151753713578,-0.022858151753713578,20
TCGA-B5-A11F-01Z-00-DX1.3F1C053D-E81E-4C8D-965D-6F3DE29D9511,UCEC,uni2,UNI2,40x__10x,40× ↔ 10×,0.19428495245015548,-0.19428495245015548,20
TCGA-B5-A11F-01Z-00-DX1.3F1C053D-E81E-4C8D-965D-6F3DE29D9511,UCEC,uni2,UNI2,40x__2p5x,40× ↔ 2.5×,0.22724942971488188,-0.22724942971488188,20
TCGA-B5-A11F-01Z-00-DX1.3F1C053D-E81E-4C8D-965D-6F3DE29D9511,UCEC,virchow,Virchow,10x__2p5x,10× ↔ 2.5×,5.721134626816502,-5.721134626816502,20
TCGA-B5-A11F-01Z-00-DX1.3F1C053D-E81E-4C8D-965D-6F3DE29D9511,UCEC,virchow,Virchow,40x__10x,40× ↔ 10×,0.17094208337523273,-0.17094208337523273,20
TCGA-B5-A11F-01Z-00-DX1.3F1C053D-E81E-4C8D-965D-6F3DE29D9511,UCEC,virchow,Virchow,40x__2p5x,40× ↔ 2.5×,7.116727468960065,-7.116727468960065,20
TCGA-B5-A11F-01Z-00-DX1.3F1C053D-E81E-4C8D-965D-6F3DE29D9511,UCEC,virchow2,Virchow2,10x__2p5x,10× ↔ 2.5×,0.25372620123197764,-0.25372620123197764,20
TCGA-B5-A11F-01Z-00-DX1.3F1C053D-E81E-4C8D-965D-6F3DE29D9511,UCEC,virchow2,Virchow2,40x__10x,40× ↔ 10×,0.1664086947651272,-0.1664086947651272,20
TCGA-B5-A11F-01Z-00-DX1.3F1C053D-E81E-4C8D-965D-6F3DE29D9511,UCEC,virchow2,Virchow2,40x__2p5x,40× ↔ 2.5×,1.2492636296951276,-1.2492636296951276,20
TCGA-BA-6871-01Z-00-DX1.4d9ca329-f8d5-4c31-a20f-9d4fba728326,HNSC,gigapath,GigaPath,10x__2p5x,10× ↔ 2.5×,-1.0400063754390483,1.0400063754390483,20
TCGA-BA-6871-01Z-00-DX1.4d9ca329-f8d5-4c31-a20f-9d4fba728326,HNSC,gigapath,GigaPath,40x__10x,40× ↔ 10×,-2.2718032007198508,2.2718032007198508,20
TCGA-BA-6871-01Z-00-DX1.4d9ca329-f8d5-4c31-a20f-9d4fba728326,HNSC,gigapath,GigaPath,40x__2p5x,40× ↔ 2.5×,-2.928624563937926,2.928624563937926,20
TCGA-BA-6871-01Z-00-DX1.4d9ca329-f8d5-4c31-a20f-9d4fba728326,HNSC,gigapath_flash,GigaPath-Flash,10x__2p5x,10× ↔ 2.5×,-1.013611523963362,1.013611523963362,20
TCGA-BA-6871-01Z-00-DX1.4d9ca329-f8d5-4c31-a20f-9d4fba728326,HNSC,gigapath_flash,GigaPath-Flash,40x__10x,40× ↔ 10×,-1.3122611030528575,1.3122611030528575,20
TCGA-BA-6871-01Z-00-DX1.4d9ca329-f8d5-4c31-a20f-9d4fba728326,HNSC,gigapath_flash,GigaPath-Flash,40x__2p5x,40× ↔ 2.5×,-0.2320048540265728,0.2320048540265728,20
TCGA-BA-6871-01Z-00-DX1.4d9ca329-f8d5-4c31-a20f-9d4fba728326,HNSC,midnight,Midnight,10x__2p5x,10× ↔ 2.5×,0.44672218103963185,-0.44672218103963185,20
TCGA-BA-6871-01Z-00-DX1.4d9ca329-f8d5-4c31-a20f-9d4fba728326,HNSC,midnight,Midnight,40x__10x,40× ↔ 10×,1.0093076765872957,-1.0093076765872957,20
TCGA-BA-6871-01Z-00-DX1.4d9ca329-f8d5-4c31-a20f-9d4fba728326,HNSC,midnight,Midnight,40x__2p5x,40× ↔ 2.5×,0.9444081676519523,-0.9444081676519523,20
TCGA-BA-6871-01Z-00-DX1.4d9ca329-f8d5-4c31-a20f-9d4fba728326,HNSC,phikon,Phikon,10x__2p5x,10× ↔ 2.5×,-0.7937149576711429,0.7937149576711429,20
TCGA-BA-6871-01Z-00-DX1.4d9ca329-f8d5-4c31-a20f-9d4fba728326,HNSC,phikon,Phikon,40x__10x,40× ↔ 10×,-1.1134588615360002,1.1134588615360002,20
TCGA-BA-6871-01Z-00-DX1.4d9ca329-f8d5-4c31-a20f-9d4fba728326,HNSC,phikon,Phikon,40x__2p5x,40× ↔ 2.5×,-1.0477456419452433,1.0477456419452433,20
TCGA-BA-6871-01Z-00-DX1.4d9ca329-f8d5-4c31-a20f-9d4fba728326,HNSC,uni,UNI,10x__2p5x,10× ↔ 2.5×,-0.4832442666244461,0.4832442666244461,20
TCGA-BA-6871-01Z-00-DX1.4d9ca329-f8d5-4c31-a20f-9d4fba728326,HNSC,uni,UNI,40x__10x,40× ↔ 10×,-2.033870081086828,2.033870081086828,20
TCGA-BA-6871-01Z-00-DX1.4d9ca329-f8d5-4c31-a20f-9d4fba728326,HNSC,uni,UNI,40x__2p5x,40× ↔ 2.5×,-0.9244068633751723,0.9244068633751723,20
TCGA-BA-6871-01Z-00-DX1.4d9ca329-f8d5-4c31-a20f-9d4fba728326,HNSC,uni2,UNI2,10x__2p5x,10× ↔ 2.5×,-0.36217940328380827,0.36217940328380827,20
TCGA-BA-6871-01Z-00-DX1.4d9ca329-f8d5-4c31-a20f-9d4fba728326,HNSC,uni2,UNI2,40x__10x,40× ↔ 10×,-0.9885342758863109,0.9885342758863109,20
TCGA-BA-6871-01Z-00-DX1.4d9ca329-f8d5-4c31-a20f-9d4fba728326,HNSC,uni2,UNI2,40x__2p5x,40× ↔ 2.5×,0.0388277335645414,-0.0388277335645414,20
TCGA-BA-6871-01Z-00-DX1.4d9ca329-f8d5-4c31-a20f-9d4fba728326,HNSC,virchow,Virchow,10x__2p5x,10× ↔ 2.5×,0.5923799221012056,-0.5923799221012056,20
TCGA-BA-6871-01Z-00-DX1.4d9ca329-f8d5-4c31-a20f-9d4fba728326,HNSC,virchow,Virchow,40x__10x,40× ↔ 10×,0.6208203408804603,-0.6208203408804603,20
TCGA-BA-6871-01Z-00-DX1.4d9ca329-f8d5-4c31-a20f-9d4fba728326,HNSC,virchow,Virchow,40x__2p5x,40× ↔ 2.5×,-0.47730799522002687,0.47730799522002687,20
TCGA-BA-6871-01Z-00-DX1.4d9ca329-f8d5-4c31-a20f-9d4fba728326,HNSC,virchow2,Virchow2,10x__2p5x,10× ↔ 2.5×,-2.3426023665044644,2.3426023665044644,20
TCGA-BA-6871-01Z-00-DX1.4d9ca329-f8d5-4c31-a20f-9d4fba728326,HNSC,virchow2,Virchow2,40x__10x,40× ↔ 10×,0.20485590638918233,-0.20485590638918233,20
TCGA-BA-6871-01Z-00-DX1.4d9ca329-f8d5-4c31-a20f-9d4fba728326,HNSC,virchow2,Virchow2,40x__2p5x,40× ↔ 2.5×,-1.3579681479027894,1.3579681479027894,20
TCGA-BA-6872-01Z-00-DX1.F99F6394-D319-4599-B124-D2A6692FA096,HNSC,gigapath,GigaPath,10x__2p5x,10× ↔ 2.5×,-0.6133238326431322,0.6133238326431322,20
TCGA-BA-6872-01Z-00-DX1.F99F6394-D319-4599-B124-D2A6692FA096,HNSC,gigapath,GigaPath,40x__10x,40× ↔ 10×,-1.1564581645999574,1.1564581645999574,20
TCGA-BA-6872-01Z-00-DX1.F99F6394-D319-4599-B124-D2A6692FA096,HNSC,gigapath,GigaPath,40x__2p5x,40× ↔ 2.5×,-1.5530719120905656,1.5530719120905656,20
TCGA-BA-6872-01Z-00-DX1.F99F6394-D319-4599-B124-D2A6692FA096,HNSC,gigapath_flash,GigaPath-Flash,10x__2p5x,10× ↔ 2.5×,0.046086190727644236,-0.046086190727644236,20
TCGA-BA-6872-01Z-00-DX1.F99F6394-D319-4599-B124-D2A6692FA096,HNSC,gigapath_flash,GigaPath-Flash,40x__10x,40× ↔ 10×,-1.613068948920617,1.613068948920617,20
TCGA-BA-6872-01Z-00-DX1.F99F6394-D319-4599-B124-D2A6692FA096,HNSC,gigapath_flash,GigaPath-Flash,40x__2p5x,40× ↔ 2.5×,-0.8942986872094494,0.8942986872094494,20
TCGA-BA-6872-01Z-00-DX1.F99F6394-D319-4599-B124-D2A6692FA096,HNSC,midnight,Midnight,10x__2p5x,10× ↔ 2.5×,0.26871181553825957,-0.26871181553825957,20
TCGA-BA-6872-01Z-00-DX1.F99F6394-D319-4599-B124-D2A6692FA096,HNSC,midnight,Midnight,40x__10x,40× ↔ 10×,0.7690486805324908,-0.7690486805324908,20
TCGA-BA-6872-01Z-00-DX1.F99F6394-D319-4599-B124-D2A6692FA096,HNSC,midnight,Midnight,40x__2p5x,40× ↔ 2.5×,1.2615844674045125,-1.2615844674045125,20
TCGA-BA-6872-01Z-00-DX1.F99F6394-D319-4599-B124-D2A6692FA096,HNSC,phikon,Phikon,10x__2p5x,10× ↔ 2.5×,0.39378954917837844,-0.39378954917837844,20
TCGA-BA-6872-01Z-00-DX1.F99F6394-D319-4599-B124-D2A6692FA096,HNSC,phikon,Phikon,40x__10x,40× ↔ 10×,0.11837978626146513,-0.11837978626146513,20
TCGA-BA-6872-01Z-00-DX1.F99F6394-D319-4599-B124-D2A6692FA096,HNSC,phikon,Phikon,40x__2p5x,40× ↔ 2.5×,0.14259793172101268,-0.14259793172101268,20
TCGA-BA-6872-01Z-00-DX1.F99F6394-D319-4599-B124-D2A6692FA096,HNSC,uni,UNI,10x__2p5x,10× ↔ 2.5×,0.6615769413002143,-0.6615769413002143,20
TCGA-BA-6872-01Z-00-DX1.F99F6394-D319-4599-B124-D2A6692FA096,HNSC,uni,UNI,40x__10x,40× ↔ 10×,0.2957676576360536,-0.2957676576360536,20
TCGA-BA-6872-01Z-00-DX1.F99F6394-D319-4599-B124-D2A6692FA096,HNSC,uni,UNI,40x__2p5x,40× ↔ 2.5×,0.6805034487967887,-0.6805034487967887,20
TCGA-BA-6872-01Z-00-DX1.F99F6394-D319-4599-B124-D2A6692FA096,HNSC,uni2,UNI2,10x__2p5x,10× ↔ 2.5×,0.2588933609781006,-0.2588933609781006,20
TCGA-BA-6872-01Z-00-DX1.F99F6394-D319-4599-B124-D2A6692FA096,HNSC,uni2,UNI2,40x__10x,40× ↔ 10×,1.2155582314601574,-1.2155582314601574,20
TCGA-BA-6872-01Z-00-DX1.F99F6394-D319-4599-B124-D2A6692FA096,HNSC,uni2,UNI2,40x__2p5x,40× ↔ 2.5×,2.4471190111832466,-2.4471190111832466,20
TCGA-BA-6872-01Z-00-DX1.F99F6394-D319-4599-B124-D2A6692FA096,HNSC,virchow,Virchow,10x__2p5x,10× ↔ 2.5×,3.8243243214605114,-3.8243243214605114,20
TCGA-BA-6872-01Z-00-DX1.F99F6394-D319-4599-B124-D2A6692FA096,HNSC,virchow,Virchow,40x__10x,40× ↔ 10×,2.5122202468347354,-2.5122202468347354,20
TCGA-BA-6872-01Z-00-DX1.F99F6394-D319-4599-B124-D2A6692FA096,HNSC,virchow,Virchow,40x__2p5x,40× ↔ 2.5×,5.163810561694303,-5.163810561694303,20
TCGA-BA-6872-01Z-00-DX1.F99F6394-D319-4599-B124-D2A6692FA096,HNSC,virchow2,Virchow2,10x__2p5x,10× ↔ 2.5×,-0.12497121569774547,0.12497121569774547,20
TCGA-BA-6872-01Z-00-DX1.F99F6394-D319-4599-B124-D2A6692FA096,HNSC,virchow2,Virchow2,40x__10x,40× ↔ 10×,-0.4828342716882901,0.4828342716882901,20
TCGA-BA-6872-01Z-00-DX1.F99F6394-D319-4599-B124-D2A6692FA096,HNSC,virchow2,Virchow2,40x__2p5x,40× ↔ 2.5×,0.21053792038019953,-0.21053792038019953,20
TCGA-BG-A0W1-01Z-00-DX1.8E06269C-1278-478B-A128-59FA911B1649,UCEC,gigapath,GigaPath,10x__2p5x,10× ↔ 2.5×,0.7143345332164023,-0.7143345332164023,20
TCGA-BG-A0W1-01Z-00-DX1.8E06269C-1278-478B-A128-59FA911B1649,UCEC,gigapath,GigaPath,40x__10x,40× ↔ 10×,1.8541753918454151,-1.8541753918454151,20
TCGA-BG-A0W1-01Z-00-DX1.8E06269C-1278-478B-A128-59FA911B1649,UCEC,gigapath,GigaPath,40x__2p5x,40× ↔ 2.5×,3.6069518006398553,-3.6069518006398553,20
TCGA-BG-A0W1-01Z-00-DX1.8E06269C-1278-478B-A128-59FA911B1649,UCEC,gigapath_flash,GigaPath-Flash,10x__2p5x,10× ↔ 2.5×,1.0430013022121474,-1.0430013022121474,20
TCGA-BG-A0W1-01Z-00-DX1.8E06269C-1278-478B-A128-59FA911B1649,UCEC,gigapath_flash,GigaPath-Flash,40x__10x,40× ↔ 10×,1.9460876408593002,-1.9460876408593002,20
TCGA-BG-A0W1-01Z-00-DX1.8E06269C-1278-478B-A128-59FA911B1649,UCEC,gigapath_flash,GigaPath-Flash,40x__2p5x,40× ↔ 2.5×,5.211279567829561,-5.211279567829561,20
TCGA-BG-A0W1-01Z-00-DX1.8E06269C-1278-478B-A128-59FA911B1649,UCEC,midnight,Midnight,10x__2p5x,10× ↔ 2.5×,0.1307653558208665,-0.1307653558208665,20
TCGA-BG-A0W1-01Z-00-DX1.8E06269C-1278-478B-A128-59FA911B1649,UCEC,midnight,Midnight,40x__10x,40× ↔ 10×,0.36214809567643785,-0.36214809567643785,20
TCGA-BG-A0W1-01Z-00-DX1.8E06269C-1278-478B-A128-59FA911B1649,UCEC,midnight,Midnight,40x__2p5x,40× ↔ 2.5×,0.9169439809419868,-0.9169439809419868,20
TCGA-BG-A0W1-01Z-00-DX1.8E06269C-1278-478B-A128-59FA911B1649,UCEC,phikon,Phikon,10x__2p5x,10× ↔ 2.5×,1.9403213691359436,-1.9403213691359436,20
TCGA-BG-A0W1-01Z-00-DX1.8E06269C-1278-478B-A128-59FA911B1649,UCEC,phikon,Phikon,40x__10x,40× ↔ 10×,0.3832829480473977,-0.3832829480473977,20
TCGA-BG-A0W1-01Z-00-DX1.8E06269C-1278-478B-A128-59FA911B1649,UCEC,phikon,Phikon,40x__2p5x,40× ↔ 2.5×,1.2649413039058213,-1.2649413039058213,20
TCGA-BG-A0W1-01Z-00-DX1.8E06269C-1278-478B-A128-59FA911B1649,UCEC,uni,UNI,10x__2p5x,10× ↔ 2.5×,2.437323369661375,-2.437323369661375,20
TCGA-BG-A0W1-01Z-00-DX1.8E06269C-1278-478B-A128-59FA911B1649,UCEC,uni,UNI,40x__10x,40× ↔ 10×,0.8067894689663229,-0.8067894689663229,20
TCGA-BG-A0W1-01Z-00-DX1.8E06269C-1278-478B-A128-59FA911B1649,UCEC,uni,UNI,40x__2p5x,40× ↔ 2.5×,3.093034929900966,-3.093034929900966,20
TCGA-BG-A0W1-01Z-00-DX1.8E06269C-1278-478B-A128-59FA911B1649,UCEC,uni2,UNI2,10x__2p5x,10× ↔ 2.5×,0.02643977059038067,-0.02643977059038067,20
TCGA-BG-A0W1-01Z-00-DX1.8E06269C-1278-478B-A128-59FA911B1649,UCEC,uni2,UNI2,40x__10x,40× ↔ 10×,0.30353206361321716,-0.30353206361321716,20
TCGA-BG-A0W1-01Z-00-DX1.8E06269C-1278-478B-A128-59FA911B1649,UCEC,uni2,UNI2,40x__2p5x,40× ↔ 2.5×,0.22782663045629845,-0.22782663045629845,20
TCGA-BG-A0W1-01Z-00-DX1.8E06269C-1278-478B-A128-59FA911B1649,UCEC,virchow,Virchow,10x__2p5x,10× ↔ 2.5×,4.587050849325833,-4.587050849325833,20
TCGA-BG-A0W1-01Z-00-DX1.8E06269C-1278-478B-A128-59FA911B1649,UCEC,virchow,Virchow,40x__10x,40× ↔ 10×,1.6184367762739487,-1.6184367762739487,20
TCGA-BG-A0W1-01Z-00-DX1.8E06269C-1278-478B-A128-59FA911B1649,UCEC,virchow,Virchow,40x__2p5x,40× ↔ 2.5×,5.196400853980497,-5.196400853980497,20
TCGA-BG-A0W1-01Z-00-DX1.8E06269C-1278-478B-A128-59FA911B1649,UCEC,virchow2,Virchow2,10x__2p5x,10× ↔ 2.5×,0.10634459491528388,-0.10634459491528388,20
TCGA-BG-A0W1-01Z-00-DX1.8E06269C-1278-478B-A128-59FA911B1649,UCEC,virchow2,Virchow2,40x__10x,40× ↔ 10×,0.33459229090625087,-0.33459229090625087,20
TCGA-BG-A0W1-01Z-00-DX1.8E06269C-1278-478B-A128-59FA911B1649,UCEC,virchow2,Virchow2,40x__2p5x,40× ↔ 2.5×,1.0231807807454412,-1.0231807807454412,20
TCGA-BH-A0C1-01Z-00-DX1.21FE357E-B182-4397-BFEF-7E96E994236A,BRCA,gigapath,GigaPath,10x__2p5x,10× ↔ 2.5×,1.0606136905306802,-1.0606136905306802,20
TCGA-BH-A0C1-01Z-00-DX1.21FE357E-B182-4397-BFEF-7E96E994236A,BRCA,gigapath,GigaPath,40x__10x,40× ↔ 10×,1.2769404768993562,-1.2769404768993562,20
TCGA-BH-A0C1-01Z-00-DX1.21FE357E-B182-4397-BFEF-7E96E994236A,BRCA,gigapath,GigaPath,40x__2p5x,40× ↔ 2.5×,3.7658460626252586,-3.7658460626252586,20
TCGA-BH-A0C1-01Z-00-DX1.21FE357E-B182-4397-BFEF-7E96E994236A,BRCA,gigapath_flash,GigaPath-Flash,10x__2p5x,10× ↔ 2.5×,1.5537520282344939,-1.5537520282344939,20
TCGA-BH-A0C1-01Z-00-DX1.21FE357E-B182-4397-BFEF-7E96E994236A,BRCA,gigapath_flash,GigaPath-Flash,40x__10x,40× ↔ 10×,2.565909534498158,-2.565909534498158,20
TCGA-BH-A0C1-01Z-00-DX1.21FE357E-B182-4397-BFEF-7E96E994236A,BRCA,gigapath_flash,GigaPath-Flash,40x__2p5x,40× ↔ 2.5×,4.68749248147192,-4.68749248147192,20
TCGA-BH-A0C1-01Z-00-DX1.21FE357E-B182-4397-BFEF-7E96E994236A,BRCA,midnight,Midnight,10x__2p5x,10× ↔ 2.5×,0.11733121037599961,-0.11733121037599961,20
TCGA-BH-A0C1-01Z-00-DX1.21FE357E-B182-4397-BFEF-7E96E994236A,BRCA,midnight,Midnight,40x__10x,40× ↔ 10×,0.509010687742213,-0.509010687742213,20
TCGA-BH-A0C1-01Z-00-DX1.21FE357E-B182-4397-BFEF-7E96E994236A,BRCA,midnight,Midnight,40x__2p5x,40× ↔ 2.5×,0.6209034848232327,-0.6209034848232327,20
TCGA-BH-A0C1-01Z-00-DX1.21FE357E-B182-4397-BFEF-7E96E994236A,BRCA,phikon,Phikon,10x__2p5x,10× ↔ 2.5×,2.623124979688397,-2.623124979688397,20
TCGA-BH-A0C1-01Z-00-DX1.21FE357E-B182-4397-BFEF-7E96E994236A,BRCA,phikon,Phikon,40x__10x,40× ↔ 10×,1.6029237504300635,-1.6029237504300635,20
TCGA-BH-A0C1-01Z-00-DX1.21FE357E-B182-4397-BFEF-7E96E994236A,BRCA,phikon,Phikon,40x__2p5x,40× ↔ 2.5×,5.912349960228497,-5.912349960228497,20
TCGA-BH-A0C1-01Z-00-DX1.21FE357E-B182-4397-BFEF-7E96E994236A,BRCA,uni,UNI,10x__2p5x,10× ↔ 2.5×,1.0162697306222628,-1.0162697306222628,20
TCGA-BH-A0C1-01Z-00-DX1.21FE357E-B182-4397-BFEF-7E96E994236A,BRCA,uni,UNI,40x__10x,40× ↔ 10×,0.8008156431028632,-0.8008156431028632,20
TCGA-BH-A0C1-01Z-00-DX1.21FE357E-B182-4397-BFEF-7E96E994236A,BRCA,uni,UNI,40x__2p5x,40× ↔ 2.5×,2.001189933462592,-2.001189933462592,20
TCGA-BH-A0C1-01Z-00-DX1.21FE357E-B182-4397-BFEF-7E96E994236A,BRCA,uni2,UNI2,10x__2p5x,10× ↔ 2.5×,0.1264056831581605,-0.1264056831581605,20
TCGA-BH-A0C1-01Z-00-DX1.21FE357E-B182-4397-BFEF-7E96E994236A,BRCA,uni2,UNI2,40x__10x,40× ↔ 10×,0.881243229396342,-0.881243229396342,20
TCGA-BH-A0C1-01Z-00-DX1.21FE357E-B182-4397-BFEF-7E96E994236A,BRCA,uni2,UNI2,40x__2p5x,40× ↔ 2.5×,1.8128421455097814,-1.8128421455097814,20
TCGA-BH-A0C1-01Z-00-DX1.21FE357E-B182-4397-BFEF-7E96E994236A,BRCA,virchow,Virchow,10x__2p5x,10× ↔ 2.5×,0.9787840072393459,-0.9787840072393459,20
TCGA-BH-A0C1-01Z-00-DX1.21FE357E-B182-4397-BFEF-7E96E994236A,BRCA,virchow,Virchow,40x__10x,40× ↔ 10×,1.3229189276894302,-1.3229189276894302,20
TCGA-BH-A0C1-01Z-00-DX1.21FE357E-B182-4397-BFEF-7E96E994236A,BRCA,virchow,Virchow,40x__2p5x,40× ↔ 2.5×,2.309113789163072,-2.309113789163072,20
TCGA-BH-A0C1-01Z-00-DX1.21FE357E-B182-4397-BFEF-7E96E994236A,BRCA,virchow2,Virchow2,10x__2p5x,10× ↔ 2.5×,0.005904121379898627,-0.005904121379898627,20
TCGA-BH-A0C1-01Z-00-DX1.21FE357E-B182-4397-BFEF-7E96E994236A,BRCA,virchow2,Virchow2,40x__10x,40× ↔ 10×,0.2569311754431884,-0.2569311754431884,20
TCGA-BH-A0C1-01Z-00-DX1.21FE357E-B182-4397-BFEF-7E96E994236A,BRCA,virchow2,Virchow2,40x__2p5x,40× ↔ 2.5×,0.35960973862436313,-0.35960973862436313,20
TCGA-BP-4991-01Z-00-DX1.71305f5c-ca59-48fa-bb82-4b441c1fffdc,KIRC,gigapath,GigaPath,10x__2p5x,10× ↔ 2.5×,2.9295403437602863,-2.9295403437602863,20
TCGA-BP-4991-01Z-00-DX1.71305f5c-ca59-48fa-bb82-4b441c1fffdc,KIRC,gigapath,GigaPath,40x__10x,40× ↔ 10×,0.35580649867501235,-0.35580649867501235,20
TCGA-BP-4991-01Z-00-DX1.71305f5c-ca59-48fa-bb82-4b441c1fffdc,KIRC,gigapath,GigaPath,40x__2p5x,40× ↔ 2.5×,1.043351516515231,-1.043351516515231,20
TCGA-BP-4991-01Z-00-DX1.71305f5c-ca59-48fa-bb82-4b441c1fffdc,KIRC,gigapath_flash,GigaPath-Flash,10x__2p5x,10× ↔ 2.5×,2.7628478726533325,-2.7628478726533325,20
TCGA-BP-4991-01Z-00-DX1.71305f5c-ca59-48fa-bb82-4b441c1fffdc,KIRC,gigapath_flash,GigaPath-Flash,40x__10x,40× ↔ 10×,0.2616360520670158,-0.2616360520670158,20
TCGA-BP-4991-01Z-00-DX1.71305f5c-ca59-48fa-bb82-4b441c1fffdc,KIRC,gigapath_flash,GigaPath-Flash,40x__2p5x,40× ↔ 2.5×,1.734588460256584,-1.734588460256584,20
TCGA-BP-4991-01Z-00-DX1.71305f5c-ca59-48fa-bb82-4b441c1fffdc,KIRC,midnight,Midnight,10x__2p5x,10× ↔ 2.5×,0.3768124331075503,-0.3768124331075503,20
TCGA-BP-4991-01Z-00-DX1.71305f5c-ca59-48fa-bb82-4b441c1fffdc,KIRC,midnight,Midnight,40x__10x,40× ↔ 10×,0.7583834648054527,-0.7583834648054527,20
TCGA-BP-4991-01Z-00-DX1.71305f5c-ca59-48fa-bb82-4b441c1fffdc,KIRC,midnight,Midnight,40x__2p5x,40× ↔ 2.5×,0.7258527365076535,-0.7258527365076535,20
TCGA-BP-4991-01Z-00-DX1.71305f5c-ca59-48fa-bb82-4b441c1fffdc,KIRC,phikon,Phikon,10x__2p5x,10× ↔ 2.5×,1.2026571118134177,-1.2026571118134177,20
TCGA-BP-4991-01Z-00-DX1.71305f5c-ca59-48fa-bb82-4b441c1fffdc,KIRC,phikon,Phikon,40x__10x,40× ↔ 10×,1.7110062146739415,-1.7110062146739415,20
TCGA-BP-4991-01Z-00-DX1.71305f5c-ca59-48fa-bb82-4b441c1fffdc,KIRC,phikon,Phikon,40x__2p5x,40× ↔ 2.5×,2.336474110063307,-2.336474110063307,20
TCGA-BP-4991-01Z-00-DX1.71305f5c-ca59-48fa-bb82-4b441c1fffdc,KIRC,uni,UNI,10x__2p5x,10× ↔ 2.5×,0.8501910008008174,-0.8501910008008174,20
TCGA-BP-4991-01Z-00-DX1.71305f5c-ca59-48fa-bb82-4b441c1fffdc,KIRC,uni,UNI,40x__10x,40× ↔ 10×,0.08046872072393037,-0.08046872072393037,20
TCGA-BP-4991-01Z-00-DX1.71305f5c-ca59-48fa-bb82-4b441c1fffdc,KIRC,uni,UNI,40x__2p5x,40× ↔ 2.5×,1.5148145833286901,-1.5148145833286901,20
TCGA-BP-4991-01Z-00-DX1.71305f5c-ca59-48fa-bb82-4b441c1fffdc,KIRC,uni2,UNI2,10x__2p5x,10× ↔ 2.5×,0.036860473356790234,-0.036860473356790234,20
TCGA-BP-4991-01Z-00-DX1.71305f5c-ca59-48fa-bb82-4b441c1fffdc,KIRC,uni2,UNI2,40x__10x,40× ↔ 10×,0.0038082617255606765,-0.0038082617255606765,20
TCGA-BP-4991-01Z-00-DX1.71305f5c-ca59-48fa-bb82-4b441c1fffdc,KIRC,uni2,UNI2,40x__2p5x,40× ↔ 2.5×,0.19147123874780386,-0.19147123874780386,20
TCGA-BP-4991-01Z-00-DX1.71305f5c-ca59-48fa-bb82-4b441c1fffdc,KIRC,virchow,Virchow,10x__2p5x,10× ↔ 2.5×,3.2828565643772096,-3.2828565643772096,20
TCGA-BP-4991-01Z-00-DX1.71305f5c-ca59-48fa-bb82-4b441c1fffdc,KIRC,virchow,Virchow,40x__10x,40× ↔ 10×,0.09769601185807417,-0.09769601185807417,20
TCGA-BP-4991-01Z-00-DX1.71305f5c-ca59-48fa-bb82-4b441c1fffdc,KIRC,virchow,Virchow,40x__2p5x,40× ↔ 2.5×,3.4605670946443974,-3.4605670946443974,20
TCGA-BP-4991-01Z-00-DX1.71305f5c-ca59-48fa-bb82-4b441c1fffdc,KIRC,virchow2,Virchow2,10x__2p5x,10× ↔ 2.5×,0.04228153520471211,-0.04228153520471211,20
TCGA-BP-4991-01Z-00-DX1.71305f5c-ca59-48fa-bb82-4b441c1fffdc,KIRC,virchow2,Virchow2,40x__10x,40× ↔ 10×,0.006690725673275562,-0.006690725673275562,20
TCGA-BP-4991-01Z-00-DX1.71305f5c-ca59-48fa-bb82-4b441c1fffdc,KIRC,virchow2,Virchow2,40x__2p5x,40× ↔ 2.5×,0.11605290121927599,-0.11605290121927599,20
TCGA-BP-5201-01Z-00-DX1.d1a9878e-bb97-48fb-9098-9d9337f06250,KIRC,gigapath,GigaPath,10x__2p5x,10× ↔ 2.5×,0.7334797192675291,-0.7334797192675291,20
TCGA-BP-5201-01Z-00-DX1.d1a9878e-bb97-48fb-9098-9d9337f06250,KIRC,gigapath,GigaPath,40x__10x,40× ↔ 10×,1.0642726119909167,-1.0642726119909167,20
TCGA-BP-5201-01Z-00-DX1.d1a9878e-bb97-48fb-9098-9d9337f06250,KIRC,gigapath,GigaPath,40x__2p5x,40× ↔ 2.5×,0.9089062315936223,-0.9089062315936223,20
TCGA-BP-5201-01Z-00-DX1.d1a9878e-bb97-48fb-9098-9d9337f06250,KIRC,gigapath_flash,GigaPath-Flash,10x__2p5x,10× ↔ 2.5×,1.1499662558263615,-1.1499662558263615,20
TCGA-BP-5201-01Z-00-DX1.d1a9878e-bb97-48fb-9098-9d9337f06250,KIRC,gigapath_flash,GigaPath-Flash,40x__10x,40× ↔ 10×,0.147415445593785,-0.147415445593785,20
TCGA-BP-5201-01Z-00-DX1.d1a9878e-bb97-48fb-9098-9d9337f06250,KIRC,gigapath_flash,GigaPath-Flash,40x__2p5x,40× ↔ 2.5×,-0.7038922758671112,0.7038922758671112,20
TCGA-BP-5201-01Z-00-DX1.d1a9878e-bb97-48fb-9098-9d9337f06250,KIRC,midnight,Midnight,10x__2p5x,10× ↔ 2.5×,0.029547452937803337,-0.029547452937803337,20
TCGA-BP-5201-01Z-00-DX1.d1a9878e-bb97-48fb-9098-9d9337f06250,KIRC,midnight,Midnight,40x__10x,40× ↔ 10×,-0.5692449997367993,0.5692449997367993,20
TCGA-BP-5201-01Z-00-DX1.d1a9878e-bb97-48fb-9098-9d9337f06250,KIRC,midnight,Midnight,40x__2p5x,40× ↔ 2.5×,-0.44828920706008235,0.44828920706008235,20
TCGA-BP-5201-01Z-00-DX1.d1a9878e-bb97-48fb-9098-9d9337f06250,KIRC,phikon,Phikon,10x__2p5x,10× ↔ 2.5×,0.5956971672346622,-0.5956971672346622,20
TCGA-BP-5201-01Z-00-DX1.d1a9878e-bb97-48fb-9098-9d9337f06250,KIRC,phikon,Phikon,40x__10x,40× ↔ 10×,1.2847937761484878,-1.2847937761484878,20
TCGA-BP-5201-01Z-00-DX1.d1a9878e-bb97-48fb-9098-9d9337f06250,KIRC,phikon,Phikon,40x__2p5x,40× ↔ 2.5×,0.6205161807991612,-0.6205161807991612,20
TCGA-BP-5201-01Z-00-DX1.d1a9878e-bb97-48fb-9098-9d9337f06250,KIRC,uni,UNI,10x__2p5x,10× ↔ 2.5×,0.2830670170796436,-0.2830670170796436,20
TCGA-BP-5201-01Z-00-DX1.d1a9878e-bb97-48fb-9098-9d9337f06250,KIRC,uni,UNI,40x__10x,40× ↔ 10×,0.5548337985829433,-0.5548337985829433,20
TCGA-BP-5201-01Z-00-DX1.d1a9878e-bb97-48fb-9098-9d9337f06250,KIRC,uni,UNI,40x__2p5x,40× ↔ 2.5×,0.3187927921850329,-0.3187927921850329,20
TCGA-BP-5201-01Z-00-DX1.d1a9878e-bb97-48fb-9098-9d9337f06250,KIRC,uni2,UNI2,10x__2p5x,10× ↔ 2.5×,0.12136264360207669,-0.12136264360207669,20
TCGA-BP-5201-01Z-00-DX1.d1a9878e-bb97-48fb-9098-9d9337f06250,KIRC,uni2,UNI2,40x__10x,40× ↔ 10×,0.2083568946546252,-0.2083568946546252,20
TCGA-BP-5201-01Z-00-DX1.d1a9878e-bb97-48fb-9098-9d9337f06250,KIRC,uni2,UNI2,40x__2p5x,40× ↔ 2.5×,0.6128072319943454,-0.6128072319943454,20
TCGA-BP-5201-01Z-00-DX1.d1a9878e-bb97-48fb-9098-9d9337f06250,KIRC,virchow,Virchow,10x__2p5x,10× ↔ 2.5×,3.6738554270662567,-3.6738554270662567,20
TCGA-BP-5201-01Z-00-DX1.d1a9878e-bb97-48fb-9098-9d9337f06250,KIRC,virchow,Virchow,40x__10x,40× ↔ 10×,0.632356566339513,-0.632356566339513,20
TCGA-BP-5201-01Z-00-DX1.d1a9878e-bb97-48fb-9098-9d9337f06250,KIRC,virchow,Virchow,40x__2p5x,40× ↔ 2.5×,3.2784622525367837,-3.2784622525367837,20
TCGA-BP-5201-01Z-00-DX1.d1a9878e-bb97-48fb-9098-9d9337f06250,KIRC,virchow2,Virchow2,10x__2p5x,10× ↔ 2.5×,0.5590525543118365,-0.5590525543118365,20
TCGA-BP-5201-01Z-00-DX1.d1a9878e-bb97-48fb-9098-9d9337f06250,KIRC,virchow2,Virchow2,40x__10x,40× ↔ 10×,0.00475881360201078,-0.00475881360201078,20
TCGA-BP-5201-01Z-00-DX1.d1a9878e-bb97-48fb-9098-9d9337f06250,KIRC,virchow2,Virchow2,40x__2p5x,40× ↔ 2.5×,0.8629505873754176,-0.8629505873754176,20
TCGA-BR-6452-01Z-00-DX1.aec8246e-9dce-436d-9faa-df8fa1f6e47c,STAD,gigapath,GigaPath,10x__2p5x,10× ↔ 2.5×,0.2689549321275863,-0.2689549321275863,20
TCGA-BR-6452-01Z-00-DX1.aec8246e-9dce-436d-9faa-df8fa1f6e47c,STAD,gigapath,GigaPath,40x__10x,40× ↔ 10×,1.697162688047067,-1.697162688047067,20
TCGA-BR-6452-01Z-00-DX1.aec8246e-9dce-436d-9faa-df8fa1f6e47c,STAD,gigapath,GigaPath,40x__2p5x,40× ↔ 2.5×,2.946454246184911,-2.946454246184911,20
TCGA-BR-6452-01Z-00-DX1.aec8246e-9dce-436d-9faa-df8fa1f6e47c,STAD,gigapath_flash,GigaPath-Flash,10x__2p5x,10× ↔ 2.5×,4.426122288388632,-4.426122288388632,20
TCGA-BR-6452-01Z-00-DX1.aec8246e-9dce-436d-9faa-df8fa1f6e47c,STAD,gigapath_flash,GigaPath-Flash,40x__10x,40× ↔ 10×,2.711724270132023,-2.711724270132023,20
TCGA-BR-6452-01Z-00-DX1.aec8246e-9dce-436d-9faa-df8fa1f6e47c,STAD,gigapath_flash,GigaPath-Flash,40x__2p5x,40× ↔ 2.5×,6.686626394901884,-6.686626394901884,20
TCGA-BR-6452-01Z-00-DX1.aec8246e-9dce-436d-9faa-df8fa1f6e47c,STAD,midnight,Midnight,10x__2p5x,10× ↔ 2.5×,-0.46724594902542715,0.46724594902542715,20
TCGA-BR-6452-01Z-00-DX1.aec8246e-9dce-436d-9faa-df8fa1f6e47c,STAD,midnight,Midnight,40x__10x,40× ↔ 10×,-1.5881506885210344,1.5881506885210344,20
TCGA-BR-6452-01Z-00-DX1.aec8246e-9dce-436d-9faa-df8fa1f6e47c,STAD,midnight,Midnight,40x__2p5x,40× ↔ 2.5×,-0.9330218873700453,0.9330218873700453,20
TCGA-BR-6452-01Z-00-DX1.aec8246e-9dce-436d-9faa-df8fa1f6e47c,STAD,phikon,Phikon,10x__2p5x,10× ↔ 2.5×,1.2194441077878166,-1.2194441077878166,20
TCGA-BR-6452-01Z-00-DX1.aec8246e-9dce-436d-9faa-df8fa1f6e47c,STAD,phikon,Phikon,40x__10x,40× ↔ 10×,0.785736634262107,-0.785736634262107,20
TCGA-BR-6452-01Z-00-DX1.aec8246e-9dce-436d-9faa-df8fa1f6e47c,STAD,phikon,Phikon,40x__2p5x,40× ↔ 2.5×,1.3238292286394155,-1.3238292286394155,20
TCGA-BR-6452-01Z-00-DX1.aec8246e-9dce-436d-9faa-df8fa1f6e47c,STAD,uni,UNI,10x__2p5x,10× ↔ 2.5×,0.5378238645526963,-0.5378238645526963,20
TCGA-BR-6452-01Z-00-DX1.aec8246e-9dce-436d-9faa-df8fa1f6e47c,STAD,uni,UNI,40x__10x,40× ↔ 10×,0.05284081505337211,-0.05284081505337211,20
TCGA-BR-6452-01Z-00-DX1.aec8246e-9dce-436d-9faa-df8fa1f6e47c,STAD,uni,UNI,40x__2p5x,40× ↔ 2.5×,0.6272900865121732,-0.6272900865121732,20
TCGA-BR-6452-01Z-00-DX1.aec8246e-9dce-436d-9faa-df8fa1f6e47c,STAD,uni2,UNI2,10x__2p5x,10× ↔ 2.5×,1.027924825622718,-1.027924825622718,20
TCGA-BR-6452-01Z-00-DX1.aec8246e-9dce-436d-9faa-df8fa1f6e47c,STAD,uni2,UNI2,40x__10x,40× ↔ 10×,0.03683927120637291,-0.03683927120637291,20
TCGA-BR-6452-01Z-00-DX1.aec8246e-9dce-436d-9faa-df8fa1f6e47c,STAD,uni2,UNI2,40x__2p5x,40× ↔ 2.5×,1.7661300829261979,-1.7661300829261979,20
TCGA-BR-6452-01Z-00-DX1.aec8246e-9dce-436d-9faa-df8fa1f6e47c,STAD,virchow,Virchow,10x__2p5x,10× ↔ 2.5×,7.568190798216523,-7.568190798216523,20
TCGA-BR-6452-01Z-00-DX1.aec8246e-9dce-436d-9faa-df8fa1f6e47c,STAD,virchow,Virchow,40x__10x,40× ↔ 10×,0.8925629854636113,-0.8925629854636113,20
TCGA-BR-6452-01Z-00-DX1.aec8246e-9dce-436d-9faa-df8fa1f6e47c,STAD,virchow,Virchow,40x__2p5x,40× ↔ 2.5×,6.6547868524941025,-6.6547868524941025,20
TCGA-BR-6452-01Z-00-DX1.aec8246e-9dce-436d-9faa-df8fa1f6e47c,STAD,virchow2,Virchow2,10x__2p5x,10× ↔ 2.5×,1.6200169902941446,-1.6200169902941446,20
TCGA-BR-6452-01Z-00-DX1.aec8246e-9dce-436d-9faa-df8fa1f6e47c,STAD,virchow2,Virchow2,40x__10x,40× ↔ 10×,0.21567356239763075,-0.21567356239763075,20
TCGA-BR-6452-01Z-00-DX1.aec8246e-9dce-436d-9faa-df8fa1f6e47c,STAD,virchow2,Virchow2,40x__2p5x,40× ↔ 2.5×,1.252032374822488,-1.252032374822488,20
TCGA-BR-6454-01Z-00-DX1.63fb6280-2b43-49b2-960a-eb9c0e8b617c,STAD,gigapath,GigaPath,10x__2p5x,10× ↔ 2.5×,2.1997427475578624,-2.1997427475578624,20
TCGA-BR-6454-01Z-00-DX1.63fb6280-2b43-49b2-960a-eb9c0e8b617c,STAD,gigapath,GigaPath,40x__10x,40× ↔ 10×,2.171933207927015,-2.171933207927015,20
TCGA-BR-6454-01Z-00-DX1.63fb6280-2b43-49b2-960a-eb9c0e8b617c,STAD,gigapath,GigaPath,40x__2p5x,40× ↔ 2.5×,5.039850796715229,-5.039850796715229,20
TCGA-BR-6454-01Z-00-DX1.63fb6280-2b43-49b2-960a-eb9c0e8b617c,STAD,gigapath_flash,GigaPath-Flash,10x__2p5x,10× ↔ 2.5×,6.841597868776733,-6.841597868776733,20
TCGA-BR-6454-01Z-00-DX1.63fb6280-2b43-49b2-960a-eb9c0e8b617c,STAD,gigapath_flash,GigaPath-Flash,40x__10x,40× ↔ 10×,2.9246913699544175,-2.9246913699544175,20
TCGA-BR-6454-01Z-00-DX1.63fb6280-2b43-49b2-960a-eb9c0e8b617c,STAD,gigapath_flash,GigaPath-Flash,40x__2p5x,40× ↔ 2.5×,8.384331333599722,-8.384331333599722,20
TCGA-BR-6454-01Z-00-DX1.63fb6280-2b43-49b2-960a-eb9c0e8b617c,STAD,midnight,Midnight,10x__2p5x,10× ↔ 2.5×,0.17240672245599625,-0.17240672245599625,20
TCGA-BR-6454-01Z-00-DX1.63fb6280-2b43-49b2-960a-eb9c0e8b617c,STAD,midnight,Midnight,40x__10x,40× ↔ 10×,-0.08716221408526652,0.08716221408526652,20
TCGA-BR-6454-01Z-00-DX1.63fb6280-2b43-49b2-960a-eb9c0e8b617c,STAD,midnight,Midnight,40x__2p5x,40× ↔ 2.5×,0.17104707414654408,-0.17104707414654408,20
TCGA-BR-6454-01Z-00-DX1.63fb6280-2b43-49b2-960a-eb9c0e8b617c,STAD,phikon,Phikon,10x__2p5x,10× ↔ 2.5×,1.1815388848170665,-1.1815388848170665,20
TCGA-BR-6454-01Z-00-DX1.63fb6280-2b43-49b2-960a-eb9c0e8b617c,STAD,phikon,Phikon,40x__10x,40× ↔ 10×,0.46932756116242746,-0.46932756116242746,20
TCGA-BR-6454-01Z-00-DX1.63fb6280-2b43-49b2-960a-eb9c0e8b617c,STAD,phikon,Phikon,40x__2p5x,40× ↔ 2.5×,1.9867304585370618,-1.9867304585370618,20
TCGA-BR-6454-01Z-00-DX1.63fb6280-2b43-49b2-960a-eb9c0e8b617c,STAD,uni,UNI,10x__2p5x,10× ↔ 2.5×,3.070474169351488,-3.070474169351488,20
TCGA-BR-6454-01Z-00-DX1.63fb6280-2b43-49b2-960a-eb9c0e8b617c,STAD,uni,UNI,40x__10x,40× ↔ 10×,0.3634148419948294,-0.3634148419948294,20
TCGA-BR-6454-01Z-00-DX1.63fb6280-2b43-49b2-960a-eb9c0e8b617c,STAD,uni,UNI,40x__2p5x,40× ↔ 2.5×,2.4065177075563318,-2.4065177075563318,20
TCGA-BR-6454-01Z-00-DX1.63fb6280-2b43-49b2-960a-eb9c0e8b617c,STAD,uni2,UNI2,10x__2p5x,10× ↔ 2.5×,0.3180200998495898,-0.3180200998495898,20
TCGA-BR-6454-01Z-00-DX1.63fb6280-2b43-49b2-960a-eb9c0e8b617c,STAD,uni2,UNI2,40x__10x,40× ↔ 10×,0.31270434284677456,-0.31270434284677456,20
TCGA-BR-6454-01Z-00-DX1.63fb6280-2b43-49b2-960a-eb9c0e8b617c,STAD,uni2,UNI2,40x__2p5x,40× ↔ 2.5×,2.11392275855322,-2.11392275855322,20
TCGA-BR-6454-01Z-00-DX1.63fb6280-2b43-49b2-960a-eb9c0e8b617c,STAD,virchow,Virchow,10x__2p5x,10× ↔ 2.5×,10.128852760567753,-10.128852760567753,20
TCGA-BR-6454-01Z-00-DX1.63fb6280-2b43-49b2-960a-eb9c0e8b617c,STAD,virchow,Virchow,40x__10x,40× ↔ 10×,1.2289519026082105,-1.2289519026082105,20
TCGA-BR-6454-01Z-00-DX1.63fb6280-2b43-49b2-960a-eb9c0e8b617c,STAD,virchow,Virchow,40x__2p5x,40× ↔ 2.5×,10.332734178430746,-10.332734178430746,20
TCGA-BR-6454-01Z-00-DX1.63fb6280-2b43-49b2-960a-eb9c0e8b617c,STAD,virchow2,Virchow2,10x__2p5x,10× ↔ 2.5×,0.5835016609291841,-0.5835016609291841,20
TCGA-BR-6454-01Z-00-DX1.63fb6280-2b43-49b2-960a-eb9c0e8b617c,STAD,virchow2,Virchow2,40x__10x,40× ↔ 10×,0.09927925202067664,-0.09927925202067664,20
TCGA-BR-6454-01Z-00-DX1.63fb6280-2b43-49b2-960a-eb9c0e8b617c,STAD,virchow2,Virchow2,40x__2p5x,40× ↔ 2.5×,1.3648929690151106,-1.3648929690151106,20
TCGA-BR-A4CQ-01Z-00-DX1.B63282A5-154D-441B-BF96-5BB26CB6D95E,STAD,gigapath,GigaPath,10x__2p5x,10× ↔ 2.5×,2.5052614761387995,-2.5052614761387995,20
TCGA-BR-A4CQ-01Z-00-DX1.B63282A5-154D-441B-BF96-5BB26CB6D95E,STAD,gigapath,GigaPath,40x__10x,40× ↔ 10×,1.3523841915040018,-1.3523841915040018,20
TCGA-BR-A4CQ-01Z-00-DX1.B63282A5-154D-441B-BF96-5BB26CB6D95E,STAD,gigapath,GigaPath,40x__2p5x,40× ↔ 2.5×,2.3567019165884364,-2.3567019165884364,20
TCGA-BR-A4CQ-01Z-00-DX1.B63282A5-154D-441B-BF96-5BB26CB6D95E,STAD,gigapath_flash,GigaPath-Flash,10x__2p5x,10× ↔ 2.5×,3.84309365903855,-3.84309365903855,20
TCGA-BR-A4CQ-01Z-00-DX1.B63282A5-154D-441B-BF96-5BB26CB6D95E,STAD,gigapath_flash,GigaPath-Flash,40x__10x,40× ↔ 10×,2.237258209949521,-2.237258209949521,20
TCGA-BR-A4CQ-01Z-00-DX1.B63282A5-154D-441B-BF96-5BB26CB6D95E,STAD,gigapath_flash,GigaPath-Flash,40x__2p5x,40× ↔ 2.5×,5.531528194036114,-5.531528194036114,20
TCGA-BR-A4CQ-01Z-00-DX1.B63282A5-154D-441B-BF96-5BB26CB6D95E,STAD,midnight,Midnight,10x__2p5x,10× ↔ 2.5×,0.07937991585366687,-0.07937991585366687,20
TCGA-BR-A4CQ-01Z-00-DX1.B63282A5-154D-441B-BF96-5BB26CB6D95E,STAD,midnight,Midnight,40x__10x,40× ↔ 10×,0.4306499806989216,-0.4306499806989216,20
TCGA-BR-A4CQ-01Z-00-DX1.B63282A5-154D-441B-BF96-5BB26CB6D95E,STAD,midnight,Midnight,40x__2p5x,40× ↔ 2.5×,0.5230158221176211,-0.5230158221176211,20
TCGA-BR-A4CQ-01Z-00-DX1.B63282A5-154D-441B-BF96-5BB26CB6D95E,STAD,phikon,Phikon,10x__2p5x,10× ↔ 2.5×,1.4882021957073923,-1.4882021957073923,20
TCGA-BR-A4CQ-01Z-00-DX1.B63282A5-154D-441B-BF96-5BB26CB6D95E,STAD,phikon,Phikon,40x__10x,40× ↔ 10×,0.2458764378912306,-0.2458764378912306,20
TCGA-BR-A4CQ-01Z-00-DX1.B63282A5-154D-441B-BF96-5BB26CB6D95E,STAD,phikon,Phikon,40x__2p5x,40× ↔ 2.5×,1.287828525916572,-1.287828525916572,20
TCGA-BR-A4CQ-01Z-00-DX1.B63282A5-154D-441B-BF96-5BB26CB6D95E,STAD,uni,UNI,10x__2p5x,10× ↔ 2.5×,3.0040117332212657,-3.0040117332212657,20
TCGA-BR-A4CQ-01Z-00-DX1.B63282A5-154D-441B-BF96-5BB26CB6D95E,STAD,uni,UNI,40x__10x,40× ↔ 10×,0.2096955295796045,-0.2096955295796045,20
TCGA-BR-A4CQ-01Z-00-DX1.B63282A5-154D-441B-BF96-5BB26CB6D95E,STAD,uni,UNI,40x__2p5x,40× ↔ 2.5×,1.3076036566257532,-1.3076036566257532,20
TCGA-BR-A4CQ-01Z-00-DX1.B63282A5-154D-441B-BF96-5BB26CB6D95E,STAD,uni2,UNI2,10x__2p5x,10× ↔ 2.5×,1.0455947480385954,-1.0455947480385954,20
TCGA-BR-A4CQ-01Z-00-DX1.B63282A5-154D-441B-BF96-5BB26CB6D95E,STAD,uni2,UNI2,40x__10x,40× ↔ 10×,0.03666903081180584,-0.03666903081180584,20
TCGA-BR-A4CQ-01Z-00-DX1.B63282A5-154D-441B-BF96-5BB26CB6D95E,STAD,uni2,UNI2,40x__2p5x,40× ↔ 2.5×,1.1604614085735458,-1.1604614085735458,20
TCGA-BR-A4CQ-01Z-00-DX1.B63282A5-154D-441B-BF96-5BB26CB6D95E,STAD,virchow,Virchow,10x__2p5x,10× ↔ 2.5×,8.154998491310902,-8.154998491310902,20
TCGA-BR-A4CQ-01Z-00-DX1.B63282A5-154D-441B-BF96-5BB26CB6D95E,STAD,virchow,Virchow,40x__10x,40× ↔ 10×,1.7896975601436715,-1.7896975601436715,20
TCGA-BR-A4CQ-01Z-00-DX1.B63282A5-154D-441B-BF96-5BB26CB6D95E,STAD,virchow,Virchow,40x__2p5x,40× ↔ 2.5×,7.607511925469174,-7.607511925469174,20
TCGA-BR-A4CQ-01Z-00-DX1.B63282A5-154D-441B-BF96-5BB26CB6D95E,STAD,virchow2,Virchow2,10x__2p5x,10× ↔ 2.5×,1.1266243310123292,-1.1266243310123292,20
TCGA-BR-A4CQ-01Z-00-DX1.B63282A5-154D-441B-BF96-5BB26CB6D95E,STAD,virchow2,Virchow2,40x__10x,40× ↔ 10×,0.0219441529125472,-0.0219441529125472,20
TCGA-BR-A4CQ-01Z-00-DX1.B63282A5-154D-441B-BF96-5BB26CB6D95E,STAD,virchow2,Virchow2,40x__2p5x,40× ↔ 2.5×,1.3835534977565003,-1.3835534977565003,20
TCGA-CD-A487-01Z-00-DX1.A026BD2F-B721-4340-83D5-7AA39227C90F,STAD,gigapath,GigaPath,10x__2p5x,10× ↔ 2.5×,1.0777817353591908,-1.0777817353591908,20
TCGA-CD-A487-01Z-00-DX1.A026BD2F-B721-4340-83D5-7AA39227C90F,STAD,gigapath,GigaPath,40x__10x,40× ↔ 10×,1.9837825582129884,-1.9837825582129884,20
TCGA-CD-A487-01Z-00-DX1.A026BD2F-B721-4340-83D5-7AA39227C90F,STAD,gigapath,GigaPath,40x__2p5x,40× ↔ 2.5×,2.7393777022341466,-2.7393777022341466,20
TCGA-CD-A487-01Z-00-DX1.A026BD2F-B721-4340-83D5-7AA39227C90F,STAD,gigapath_flash,GigaPath-Flash,10x__2p5x,10× ↔ 2.5×,2.4314470733193168,-2.4314470733193168,20
TCGA-CD-A487-01Z-00-DX1.A026BD2F-B721-4340-83D5-7AA39227C90F,STAD,gigapath_flash,GigaPath-Flash,40x__10x,40× ↔ 10×,2.908986132464818,-2.908986132464818,20
TCGA-CD-A487-01Z-00-DX1.A026BD2F-B721-4340-83D5-7AA39227C90F,STAD,gigapath_flash,GigaPath-Flash,40x__2p5x,40× ↔ 2.5×,3.95876369511996,-3.95876369511996,20
TCGA-CD-A487-01Z-00-DX1.A026BD2F-B721-4340-83D5-7AA39227C90F,STAD,midnight,Midnight,10x__2p5x,10× ↔ 2.5×,0.570526629133503,-0.570526629133503,20
TCGA-CD-A487-01Z-00-DX1.A026BD2F-B721-4340-83D5-7AA39227C90F,STAD,midnight,Midnight,40x__10x,40× ↔ 10×,0.5775745636229669,-0.5775745636229669,20
TCGA-CD-A487-01Z-00-DX1.A026BD2F-B721-4340-83D5-7AA39227C90F,STAD,midnight,Midnight,40x__2p5x,40× ↔ 2.5×,0.5861746777731798,-0.5861746777731798,20
TCGA-CD-A487-01Z-00-DX1.A026BD2F-B721-4340-83D5-7AA39227C90F,STAD,phikon,Phikon,10x__2p5x,10× ↔ 2.5×,0.8724724157132677,-0.8724724157132677,20
TCGA-CD-A487-01Z-00-DX1.A026BD2F-B721-4340-83D5-7AA39227C90F,STAD,phikon,Phikon,40x__10x,40× ↔ 10×,0.34669708414172995,-0.34669708414172995,20
TCGA-CD-A487-01Z-00-DX1.A026BD2F-B721-4340-83D5-7AA39227C90F,STAD,phikon,Phikon,40x__2p5x,40× ↔ 2.5×,-0.09034871632409028,0.09034871632409028,20
TCGA-CD-A487-01Z-00-DX1.A026BD2F-B721-4340-83D5-7AA39227C90F,STAD,uni,UNI,10x__2p5x,10× ↔ 2.5×,1.7941169782019657,-1.7941169782019657,20
TCGA-CD-A487-01Z-00-DX1.A026BD2F-B721-4340-83D5-7AA39227C90F,STAD,uni,UNI,40x__10x,40× ↔ 10×,-0.15810561641827764,0.15810561641827764,20
TCGA-CD-A487-01Z-00-DX1.A026BD2F-B721-4340-83D5-7AA39227C90F,STAD,uni,UNI,40x__2p5x,40× ↔ 2.5×,0.6278848448610113,-0.6278848448610113,20
TCGA-CD-A487-01Z-00-DX1.A026BD2F-B721-4340-83D5-7AA39227C90F,STAD,uni2,UNI2,10x__2p5x,10× ↔ 2.5×,1.3194635848183602,-1.3194635848183602,20
TCGA-CD-A487-01Z-00-DX1.A026BD2F-B721-4340-83D5-7AA39227C90F,STAD,uni2,UNI2,40x__10x,40× ↔ 10×,-0.44488912848849405,0.44488912848849405,20
TCGA-CD-A487-01Z-00-DX1.A026BD2F-B721-4340-83D5-7AA39227C90F,STAD,uni2,UNI2,40x__2p5x,40× ↔ 2.5×,1.0942314498002699,-1.0942314498002699,20
TCGA-CD-A487-01Z-00-DX1.A026BD2F-B721-4340-83D5-7AA39227C90F,STAD,virchow,Virchow,10x__2p5x,10× ↔ 2.5×,5.4579688198402865,-5.4579688198402865,20
TCGA-CD-A487-01Z-00-DX1.A026BD2F-B721-4340-83D5-7AA39227C90F,STAD,virchow,Virchow,40x__10x,40× ↔ 10×,0.9091598276632379,-0.9091598276632379,20
TCGA-CD-A487-01Z-00-DX1.A026BD2F-B721-4340-83D5-7AA39227C90F,STAD,virchow,Virchow,40x__2p5x,40× ↔ 2.5×,6.343328131864989,-6.343328131864989,20
TCGA-CD-A487-01Z-00-DX1.A026BD2F-B721-4340-83D5-7AA39227C90F,STAD,virchow2,Virchow2,10x__2p5x,10× ↔ 2.5×,1.189567429401369,-1.189567429401369,20
TCGA-CD-A487-01Z-00-DX1.A026BD2F-B721-4340-83D5-7AA39227C90F,STAD,virchow2,Virchow2,40x__10x,40× ↔ 10×,0.007261894038801469,-0.007261894038801469,20
TCGA-CD-A487-01Z-00-DX1.A026BD2F-B721-4340-83D5-7AA39227C90F,STAD,virchow2,Virchow2,40x__2p5x,40× ↔ 2.5×,1.012317001372279,-1.012317001372279,20
TCGA-CF-A3MF-01Z-00-DX1.91768C26-5BB1-4DE6-9737-AA26BD687A75,BLCA,gigapath,GigaPath,10x__2p5x,10× ↔ 2.5×,0.09603753913656535,-0.09603753913656535,20
TCGA-CF-A3MF-01Z-00-DX1.91768C26-5BB1-4DE6-9737-AA26BD687A75,BLCA,gigapath,GigaPath,40x__10x,40× ↔ 10×,0.956141119595677,-0.956141119595677,20
TCGA-CF-A3MF-01Z-00-DX1.91768C26-5BB1-4DE6-9737-AA26BD687A75,BLCA,gigapath,GigaPath,40x__2p5x,40× ↔ 2.5×,1.3047262540523554,-1.3047262540523554,20
TCGA-CF-A3MF-01Z-00-DX1.91768C26-5BB1-4DE6-9737-AA26BD687A75,BLCA,gigapath_flash,GigaPath-Flash,10x__2p5x,10× ↔ 2.5×,0.8325111553192915,-0.8325111553192915,20
TCGA-CF-A3MF-01Z-00-DX1.91768C26-5BB1-4DE6-9737-AA26BD687A75,BLCA,gigapath_flash,GigaPath-Flash,40x__10x,40× ↔ 10×,2.8465017468683955,-2.8465017468683955,20
TCGA-CF-A3MF-01Z-00-DX1.91768C26-5BB1-4DE6-9737-AA26BD687A75,BLCA,gigapath_flash,GigaPath-Flash,40x__2p5x,40× ↔ 2.5×,2.9610374685354928,-2.9610374685354928,20
TCGA-CF-A3MF-01Z-00-DX1.91768C26-5BB1-4DE6-9737-AA26BD687A75,BLCA,midnight,Midnight,10x__2p5x,10× ↔ 2.5×,0.2193438502299044,-0.2193438502299044,20
TCGA-CF-A3MF-01Z-00-DX1.91768C26-5BB1-4DE6-9737-AA26BD687A75,BLCA,midnight,Midnight,40x__10x,40× ↔ 10×,0.25673803442458465,-0.25673803442458465,20
TCGA-CF-A3MF-01Z-00-DX1.91768C26-5BB1-4DE6-9737-AA26BD687A75,BLCA,midnight,Midnight,40x__2p5x,40× ↔ 2.5×,0.2984974778335184,-0.2984974778335184,20
TCGA-CF-A3MF-01Z-00-DX1.91768C26-5BB1-4DE6-9737-AA26BD687A75,BLCA,phikon,Phikon,10x__2p5x,10× ↔ 2.5×,-0.5345089382279804,0.5345089382279804,20
TCGA-CF-A3MF-01Z-00-DX1.91768C26-5BB1-4DE6-9737-AA26BD687A75,BLCA,phikon,Phikon,40x__10x,40× ↔ 10×,-0.2414407847524455,0.2414407847524455,20
TCGA-CF-A3MF-01Z-00-DX1.91768C26-5BB1-4DE6-9737-AA26BD687A75,BLCA,phikon,Phikon,40x__2p5x,40× ↔ 2.5×,1.0764879330731907,-1.0764879330731907,20
TCGA-CF-A3MF-01Z-00-DX1.91768C26-5BB1-4DE6-9737-AA26BD687A75,BLCA,uni,UNI,10x__2p5x,10× ↔ 2.5×,-0.17883134609859835,0.17883134609859835,20
TCGA-CF-A3MF-01Z-00-DX1.91768C26-5BB1-4DE6-9737-AA26BD687A75,BLCA,uni,UNI,40x__10x,40× ↔ 10×,1.5103883494944568,-1.5103883494944568,20
TCGA-CF-A3MF-01Z-00-DX1.91768C26-5BB1-4DE6-9737-AA26BD687A75,BLCA,uni,UNI,40x__2p5x,40× ↔ 2.5×,2.0233107880040997,-2.0233107880040997,20
TCGA-CF-A3MF-01Z-00-DX1.91768C26-5BB1-4DE6-9737-AA26BD687A75,BLCA,uni2,UNI2,10x__2p5x,10× ↔ 2.5×,0.5231489896871844,-0.5231489896871844,20
TCGA-CF-A3MF-01Z-00-DX1.91768C26-5BB1-4DE6-9737-AA26BD687A75,BLCA,uni2,UNI2,40x__10x,40× ↔ 10×,0.7509929833422679,-0.7509929833422679,20
TCGA-CF-A3MF-01Z-00-DX1.91768C26-5BB1-4DE6-9737-AA26BD687A75,BLCA,uni2,UNI2,40x__2p5x,40× ↔ 2.5×,1.663330409943935,-1.663330409943935,20
TCGA-CF-A3MF-01Z-00-DX1.91768C26-5BB1-4DE6-9737-AA26BD687A75,BLCA,virchow,Virchow,10x__2p5x,10× ↔ 2.5×,5.388259083292313,-5.388259083292313,20
TCGA-CF-A3MF-01Z-00-DX1.91768C26-5BB1-4DE6-9737-AA26BD687A75,BLCA,virchow,Virchow,40x__10x,40× ↔ 10×,3.169593545237722,-3.169593545237722,20
TCGA-CF-A3MF-01Z-00-DX1.91768C26-5BB1-4DE6-9737-AA26BD687A75,BLCA,virchow,Virchow,40x__2p5x,40× ↔ 2.5×,5.586580516058542,-5.586580516058542,20
TCGA-CF-A3MF-01Z-00-DX1.91768C26-5BB1-4DE6-9737-AA26BD687A75,BLCA,virchow2,Virchow2,10x__2p5x,10× ↔ 2.5×,0.7461302181528272,-0.7461302181528272,20
TCGA-CF-A3MF-01Z-00-DX1.91768C26-5BB1-4DE6-9737-AA26BD687A75,BLCA,virchow2,Virchow2,40x__10x,40× ↔ 10×,1.7903685419930995,-1.7903685419930995,20
TCGA-CF-A3MF-01Z-00-DX1.91768C26-5BB1-4DE6-9737-AA26BD687A75,BLCA,virchow2,Virchow2,40x__2p5x,40× ↔ 2.5×,1.614861003064453,-1.614861003064453,20
TCGA-CK-4947-01Z-00-DX1.b257d5fd-b97b-4987-b088-77f044ca7fe2,COAD,gigapath,GigaPath,10x__2p5x,10× ↔ 2.5×,1.1856478240646,-1.1856478240646,20
TCGA-CK-4947-01Z-00-DX1.b257d5fd-b97b-4987-b088-77f044ca7fe2,COAD,gigapath,GigaPath,40x__10x,40× ↔ 10×,1.189780929694372,-1.189780929694372,20
TCGA-CK-4947-01Z-00-DX1.b257d5fd-b97b-4987-b088-77f044ca7fe2,COAD,gigapath,GigaPath,40x__2p5x,40× ↔ 2.5×,5.2495657708325805,-5.2495657708325805,20
TCGA-CK-4947-01Z-00-DX1.b257d5fd-b97b-4987-b088-77f044ca7fe2,COAD,gigapath_flash,GigaPath-Flash,10x__2p5x,10× ↔ 2.5×,1.9481710143611437,-1.9481710143611437,20
TCGA-CK-4947-01Z-00-DX1.b257d5fd-b97b-4987-b088-77f044ca7fe2,COAD,gigapath_flash,GigaPath-Flash,40x__10x,40× ↔ 10×,0.9769077735317181,-0.9769077735317181,20
TCGA-CK-4947-01Z-00-DX1.b257d5fd-b97b-4987-b088-77f044ca7fe2,COAD,gigapath_flash,GigaPath-Flash,40x__2p5x,40× ↔ 2.5×,0.7274130330234427,-0.7274130330234427,20
TCGA-CK-4947-01Z-00-DX1.b257d5fd-b97b-4987-b088-77f044ca7fe2,COAD,midnight,Midnight,10x__2p5x,10× ↔ 2.5×,0.7534238818224932,-0.7534238818224932,20
TCGA-CK-4947-01Z-00-DX1.b257d5fd-b97b-4987-b088-77f044ca7fe2,COAD,midnight,Midnight,40x__10x,40× ↔ 10×,1.1765021482532712,-1.1765021482532712,20
TCGA-CK-4947-01Z-00-DX1.b257d5fd-b97b-4987-b088-77f044ca7fe2,COAD,midnight,Midnight,40x__2p5x,40× ↔ 2.5×,1.9535383579983079,-1.9535383579983079,20
TCGA-CK-4947-01Z-00-DX1.b257d5fd-b97b-4987-b088-77f044ca7fe2,COAD,phikon,Phikon,10x__2p5x,10× ↔ 2.5×,1.319847924387181,-1.319847924387181,20
TCGA-CK-4947-01Z-00-DX1.b257d5fd-b97b-4987-b088-77f044ca7fe2,COAD,phikon,Phikon,40x__10x,40× ↔ 10×,0.9311458394665266,-0.9311458394665266,20
TCGA-CK-4947-01Z-00-DX1.b257d5fd-b97b-4987-b088-77f044ca7fe2,COAD,phikon,Phikon,40x__2p5x,40× ↔ 2.5×,2.140374161751953,-2.140374161751953,20
TCGA-CK-4947-01Z-00-DX1.b257d5fd-b97b-4987-b088-77f044ca7fe2,COAD,uni,UNI,10x__2p5x,10× ↔ 2.5×,2.9838069379241414,-2.9838069379241414,20
TCGA-CK-4947-01Z-00-DX1.b257d5fd-b97b-4987-b088-77f044ca7fe2,COAD,uni,UNI,40x__10x,40× ↔ 10×,0.9969628879874917,-0.9969628879874917,20
TCGA-CK-4947-01Z-00-DX1.b257d5fd-b97b-4987-b088-77f044ca7fe2,COAD,uni,UNI,40x__2p5x,40× ↔ 2.5×,3.48754005082411,-3.48754005082411,20
TCGA-CK-4947-01Z-00-DX1.b257d5fd-b97b-4987-b088-77f044ca7fe2,COAD,uni2,UNI2,10x__2p5x,10× ↔ 2.5×,0.9683593990371729,-0.9683593990371729,20
TCGA-CK-4947-01Z-00-DX1.b257d5fd-b97b-4987-b088-77f044ca7fe2,COAD,uni2,UNI2,40x__10x,40× ↔ 10×,2.2234179359484316,-2.2234179359484316,20
TCGA-CK-4947-01Z-00-DX1.b257d5fd-b97b-4987-b088-77f044ca7fe2,COAD,uni2,UNI2,40x__2p5x,40× ↔ 2.5×,3.9301971095247694,-3.9301971095247694,20
TCGA-CK-4947-01Z-00-DX1.b257d5fd-b97b-4987-b088-77f044ca7fe2,COAD,virchow,Virchow,10x__2p5x,10× ↔ 2.5×,1.562361385096553,-1.562361385096553,20
TCGA-CK-4947-01Z-00-DX1.b257d5fd-b97b-4987-b088-77f044ca7fe2,COAD,virchow,Virchow,40x__10x,40× ↔ 10×,1.1409209746990914,-1.1409209746990914,20
TCGA-CK-4947-01Z-00-DX1.b257d5fd-b97b-4987-b088-77f044ca7fe2,COAD,virchow,Virchow,40x__2p5x,40× ↔ 2.5×,1.7625798828967518,-1.7625798828967518,20
TCGA-CK-4947-01Z-00-DX1.b257d5fd-b97b-4987-b088-77f044ca7fe2,COAD,virchow2,Virchow2,10x__2p5x,10× ↔ 2.5×,1.0625296423402284,-1.0625296423402284,20
TCGA-CK-4947-01Z-00-DX1.b257d5fd-b97b-4987-b088-77f044ca7fe2,COAD,virchow2,Virchow2,40x__10x,40× ↔ 10×,1.2867860908900464,-1.2867860908900464,20
TCGA-CK-4947-01Z-00-DX1.b257d5fd-b97b-4987-b088-77f044ca7fe2,COAD,virchow2,Virchow2,40x__2p5x,40× ↔ 2.5×,3.2988414334324028,-3.2988414334324028,20
TCGA-CM-6168-01Z-00-DX1.96af6eb2-9d51-4671-baf8-1a73d0c66869,COAD,gigapath,GigaPath,10x__2p5x,10× ↔ 2.5×,0.6660968142279423,-0.6660968142279423,20
TCGA-CM-6168-01Z-00-DX1.96af6eb2-9d51-4671-baf8-1a73d0c66869,COAD,gigapath,GigaPath,40x__10x,40× ↔ 10×,0.958627295431192,-0.958627295431192,20
TCGA-CM-6168-01Z-00-DX1.96af6eb2-9d51-4671-baf8-1a73d0c66869,COAD,gigapath,GigaPath,40x__2p5x,40× ↔ 2.5×,3.869872519106605,-3.869872519106605,20
TCGA-CM-6168-01Z-00-DX1.96af6eb2-9d51-4671-baf8-1a73d0c66869,COAD,gigapath_flash,GigaPath-Flash,10x__2p5x,10× ↔ 2.5×,0.7777465659361118,-0.7777465659361118,20
TCGA-CM-6168-01Z-00-DX1.96af6eb2-9d51-4671-baf8-1a73d0c66869,COAD,gigapath_flash,GigaPath-Flash,40x__10x,40× ↔ 10×,0.8913665137129646,-0.8913665137129646,20
TCGA-CM-6168-01Z-00-DX1.96af6eb2-9d51-4671-baf8-1a73d0c66869,COAD,gigapath_flash,GigaPath-Flash,40x__2p5x,40× ↔ 2.5×,1.4109706139176779,-1.4109706139176779,20
TCGA-CM-6168-01Z-00-DX1.96af6eb2-9d51-4671-baf8-1a73d0c66869,COAD,midnight,Midnight,10x__2p5x,10× ↔ 2.5×,0.2745207303475967,-0.2745207303475967,20
TCGA-CM-6168-01Z-00-DX1.96af6eb2-9d51-4671-baf8-1a73d0c66869,COAD,midnight,Midnight,40x__10x,40× ↔ 10×,0.48024784222395234,-0.48024784222395234,20
TCGA-CM-6168-01Z-00-DX1.96af6eb2-9d51-4671-baf8-1a73d0c66869,COAD,midnight,Midnight,40x__2p5x,40× ↔ 2.5×,1.1540839800972797,-1.1540839800972797,20
TCGA-CM-6168-01Z-00-DX1.96af6eb2-9d51-4671-baf8-1a73d0c66869,COAD,phikon,Phikon,10x__2p5x,10× ↔ 2.5×,0.5033547072897276,-0.5033547072897276,20
TCGA-CM-6168-01Z-00-DX1.96af6eb2-9d51-4671-baf8-1a73d0c66869,COAD,phikon,Phikon,40x__10x,40× ↔ 10×,0.31401026391483244,-0.31401026391483244,20
TCGA-CM-6168-01Z-00-DX1.96af6eb2-9d51-4671-baf8-1a73d0c66869,COAD,phikon,Phikon,40x__2p5x,40× ↔ 2.5×,1.9850124764201287,-1.9850124764201287,20
TCGA-CM-6168-01Z-00-DX1.96af6eb2-9d51-4671-baf8-1a73d0c66869,COAD,uni,UNI,10x__2p5x,10× ↔ 2.5×,1.5546637510749217,-1.5546637510749217,20
TCGA-CM-6168-01Z-00-DX1.96af6eb2-9d51-4671-baf8-1a73d0c66869,COAD,uni,UNI,40x__10x,40× ↔ 10×,0.19422744473866044,-0.19422744473866044,20
TCGA-CM-6168-01Z-00-DX1.96af6eb2-9d51-4671-baf8-1a73d0c66869,COAD,uni,UNI,40x__2p5x,40× ↔ 2.5×,2.139699004354216,-2.139699004354216,20
TCGA-CM-6168-01Z-00-DX1.96af6eb2-9d51-4671-baf8-1a73d0c66869,COAD,uni2,UNI2,10x__2p5x,10× ↔ 2.5×,0.7366665799943528,-0.7366665799943528,20
TCGA-CM-6168-01Z-00-DX1.96af6eb2-9d51-4671-baf8-1a73d0c66869,COAD,uni2,UNI2,40x__10x,40× ↔ 10×,1.506826035236449,-1.506826035236449,20
TCGA-CM-6168-01Z-00-DX1.96af6eb2-9d51-4671-baf8-1a73d0c66869,COAD,uni2,UNI2,40x__2p5x,40× ↔ 2.5×,3.1362950679207637,-3.1362950679207637,20
TCGA-CM-6168-01Z-00-DX1.96af6eb2-9d51-4671-baf8-1a73d0c66869,COAD,virchow,Virchow,10x__2p5x,10× ↔ 2.5×,2.2603780037242482,-2.2603780037242482,20
TCGA-CM-6168-01Z-00-DX1.96af6eb2-9d51-4671-baf8-1a73d0c66869,COAD,virchow,Virchow,40x__10x,40× ↔ 10×,0.7810689759423857,-0.7810689759423857,20
TCGA-CM-6168-01Z-00-DX1.96af6eb2-9d51-4671-baf8-1a73d0c66869,COAD,virchow,Virchow,40x__2p5x,40× ↔ 2.5×,1.5176503847106342,-1.5176503847106342,20
TCGA-CM-6168-01Z-00-DX1.96af6eb2-9d51-4671-baf8-1a73d0c66869,COAD,virchow2,Virchow2,10x__2p5x,10× ↔ 2.5×,0.2745883513913131,-0.2745883513913131,20
TCGA-CM-6168-01Z-00-DX1.96af6eb2-9d51-4671-baf8-1a73d0c66869,COAD,virchow2,Virchow2,40x__10x,40× ↔ 10×,0.2892302309559754,-0.2892302309559754,20
TCGA-CM-6168-01Z-00-DX1.96af6eb2-9d51-4671-baf8-1a73d0c66869,COAD,virchow2,Virchow2,40x__2p5x,40× ↔ 2.5×,2.3766467989535105,-2.3766467989535105,20
TCGA-CM-6169-01Z-00-DX1.0381c243-02b8-4f1d-840c-19ef44d4b92c,COAD,gigapath,GigaPath,10x__2p5x,10× ↔ 2.5×,1.1382600001138363,-1.1382600001138363,20
TCGA-CM-6169-01Z-00-DX1.0381c243-02b8-4f1d-840c-19ef44d4b92c,COAD,gigapath,GigaPath,40x__10x,40× ↔ 10×,1.0327498007814744,-1.0327498007814744,20
TCGA-CM-6169-01Z-00-DX1.0381c243-02b8-4f1d-840c-19ef44d4b92c,COAD,gigapath,GigaPath,40x__2p5x,40× ↔ 2.5×,3.712117974189547,-3.712117974189547,20
TCGA-CM-6169-01Z-00-DX1.0381c243-02b8-4f1d-840c-19ef44d4b92c,COAD,gigapath_flash,GigaPath-Flash,10x__2p5x,10× ↔ 2.5×,0.8225507232740157,-0.8225507232740157,20
TCGA-CM-6169-01Z-00-DX1.0381c243-02b8-4f1d-840c-19ef44d4b92c,COAD,gigapath_flash,GigaPath-Flash,40x__10x,40× ↔ 10×,0.8877917559408359,-0.8877917559408359,20
TCGA-CM-6169-01Z-00-DX1.0381c243-02b8-4f1d-840c-19ef44d4b92c,COAD,gigapath_flash,GigaPath-Flash,40x__2p5x,40× ↔ 2.5×,1.0834633727661909,-1.0834633727661909,20
TCGA-CM-6169-01Z-00-DX1.0381c243-02b8-4f1d-840c-19ef44d4b92c,COAD,midnight,Midnight,10x__2p5x,10× ↔ 2.5×,0.33772831792019775,-0.33772831792019775,20
TCGA-CM-6169-01Z-00-DX1.0381c243-02b8-4f1d-840c-19ef44d4b92c,COAD,midnight,Midnight,40x__10x,40× ↔ 10×,0.6637629070665096,-0.6637629070665096,20
TCGA-CM-6169-01Z-00-DX1.0381c243-02b8-4f1d-840c-19ef44d4b92c,COAD,midnight,Midnight,40x__2p5x,40× ↔ 2.5×,1.750964527583438,-1.750964527583438,20
TCGA-CM-6169-01Z-00-DX1.0381c243-02b8-4f1d-840c-19ef44d4b92c,COAD,phikon,Phikon,10x__2p5x,10× ↔ 2.5×,0.6907429420749053,-0.6907429420749053,20
TCGA-CM-6169-01Z-00-DX1.0381c243-02b8-4f1d-840c-19ef44d4b92c,COAD,phikon,Phikon,40x__10x,40× ↔ 10×,0.4686817659756134,-0.4686817659756134,20
TCGA-CM-6169-01Z-00-DX1.0381c243-02b8-4f1d-840c-19ef44d4b92c,COAD,phikon,Phikon,40x__2p5x,40× ↔ 2.5×,1.9734756089749887,-1.9734756089749887,20
TCGA-CM-6169-01Z-00-DX1.0381c243-02b8-4f1d-840c-19ef44d4b92c,COAD,uni,UNI,10x__2p5x,10× ↔ 2.5×,1.7252097476608175,-1.7252097476608175,20
TCGA-CM-6169-01Z-00-DX1.0381c243-02b8-4f1d-840c-19ef44d4b92c,COAD,uni,UNI,40x__10x,40× ↔ 10×,0.30168563839834667,-0.30168563839834667,20
TCGA-CM-6169-01Z-00-DX1.0381c243-02b8-4f1d-840c-19ef44d4b92c,COAD,uni,UNI,40x__2p5x,40× ↔ 2.5×,2.3342968414679763,-2.3342968414679763,20
TCGA-CM-6169-01Z-00-DX1.0381c243-02b8-4f1d-840c-19ef44d4b92c,COAD,uni2,UNI2,10x__2p5x,10× ↔ 2.5×,0.7826245979347062,-0.7826245979347062,20
TCGA-CM-6169-01Z-00-DX1.0381c243-02b8-4f1d-840c-19ef44d4b92c,COAD,uni2,UNI2,40x__10x,40× ↔ 10×,1.6244089768171794,-1.6244089768171794,20
TCGA-CM-6169-01Z-00-DX1.0381c243-02b8-4f1d-840c-19ef44d4b92c,COAD,uni2,UNI2,40x__2p5x,40× ↔ 2.5×,3.412018531939816,-3.412018531939816,20
TCGA-CM-6169-01Z-00-DX1.0381c243-02b8-4f1d-840c-19ef44d4b92c,COAD,virchow,Virchow,10x__2p5x,10× ↔ 2.5×,3.0280208710774796,-3.0280208710774796,20
TCGA-CM-6169-01Z-00-DX1.0381c243-02b8-4f1d-840c-19ef44d4b92c,COAD,virchow,Virchow,40x__10x,40× ↔ 10×,1.3003042956864692,-1.3003042956864692,20
TCGA-CM-6169-01Z-00-DX1.0381c243-02b8-4f1d-840c-19ef44d4b92c,COAD,virchow,Virchow,40x__2p5x,40× ↔ 2.5×,2.0980116663587567,-2.0980116663587567,20
TCGA-CM-6169-01Z-00-DX1.0381c243-02b8-4f1d-840c-19ef44d4b92c,COAD,virchow2,Virchow2,10x__2p5x,10× ↔ 2.5×,0.30287285109398054,-0.30287285109398054,20
TCGA-CM-6169-01Z-00-DX1.0381c243-02b8-4f1d-840c-19ef44d4b92c,COAD,virchow2,Virchow2,40x__10x,40× ↔ 10×,0.5532493229664459,-0.5532493229664459,20
TCGA-CM-6169-01Z-00-DX1.0381c243-02b8-4f1d-840c-19ef44d4b92c,COAD,virchow2,Virchow2,40x__2p5x,40× ↔ 2.5×,3.1031635749625153,-3.1031635749625153,20
TCGA-CN-A6V7-01A-01-TS1.F54912D3-1E21-4605-ACFC-142973524AE2,HNSC,gigapath,GigaPath,10x__2p5x,10× ↔ 2.5×,-4.3060008905638245,4.3060008905638245,20
TCGA-CN-A6V7-01A-01-TS1.F54912D3-1E21-4605-ACFC-142973524AE2,HNSC,gigapath,GigaPath,40x__10x,40× ↔ 10×,-3.3824944528815712,3.3824944528815712,20
TCGA-CN-A6V7-01A-01-TS1.F54912D3-1E21-4605-ACFC-142973524AE2,HNSC,gigapath,GigaPath,40x__2p5x,40× ↔ 2.5×,-5.493848170899125,5.493848170899125,20
TCGA-CN-A6V7-01A-01-TS1.F54912D3-1E21-4605-ACFC-142973524AE2,HNSC,gigapath_flash,GigaPath-Flash,10x__2p5x,10× ↔ 2.5×,-3.046775323499768,3.046775323499768,20
TCGA-CN-A6V7-01A-01-TS1.F54912D3-1E21-4605-ACFC-142973524AE2,HNSC,gigapath_flash,GigaPath-Flash,40x__10x,40× ↔ 10×,-1.6716661403888444,1.6716661403888444,20
TCGA-CN-A6V7-01A-01-TS1.F54912D3-1E21-4605-ACFC-142973524AE2,HNSC,gigapath_flash,GigaPath-Flash,40x__2p5x,40× ↔ 2.5×,-3.314061266523045,3.314061266523045,20
TCGA-CN-A6V7-01A-01-TS1.F54912D3-1E21-4605-ACFC-142973524AE2,HNSC,midnight,Midnight,10x__2p5x,10× ↔ 2.5×,-3.1834464887956075,3.1834464887956075,20
TCGA-CN-A6V7-01A-01-TS1.F54912D3-1E21-4605-ACFC-142973524AE2,HNSC,midnight,Midnight,40x__10x,40× ↔ 10×,-3.183703173441626,3.183703173441626,20
TCGA-CN-A6V7-01A-01-TS1.F54912D3-1E21-4605-ACFC-142973524AE2,HNSC,midnight,Midnight,40x__2p5x,40× ↔ 2.5×,-4.397264837124778,4.397264837124778,20
TCGA-CN-A6V7-01A-01-TS1.F54912D3-1E21-4605-ACFC-142973524AE2,HNSC,phikon,Phikon,10x__2p5x,10× ↔ 2.5×,-3.0290721854161604,3.0290721854161604,20
TCGA-CN-A6V7-01A-01-TS1.F54912D3-1E21-4605-ACFC-142973524AE2,HNSC,phikon,Phikon,40x__10x,40× ↔ 10×,0.17473540942207288,-0.17473540942207288,20
TCGA-CN-A6V7-01A-01-TS1.F54912D3-1E21-4605-ACFC-142973524AE2,HNSC,phikon,Phikon,40x__2p5x,40× ↔ 2.5×,-3.7370781902281407,3.7370781902281407,20
TCGA-CN-A6V7-01A-01-TS1.F54912D3-1E21-4605-ACFC-142973524AE2,HNSC,uni,UNI,10x__2p5x,10× ↔ 2.5×,-3.8073619123429205,3.8073619123429205,20
TCGA-CN-A6V7-01A-01-TS1.F54912D3-1E21-4605-ACFC-142973524AE2,HNSC,uni,UNI,40x__10x,40× ↔ 10×,-2.3007741255980987,2.3007741255980987,20
TCGA-CN-A6V7-01A-01-TS1.F54912D3-1E21-4605-ACFC-142973524AE2,HNSC,uni,UNI,40x__2p5x,40× ↔ 2.5×,-4.106951600589597,4.106951600589597,20
TCGA-CN-A6V7-01A-01-TS1.F54912D3-1E21-4605-ACFC-142973524AE2,HNSC,uni2,UNI2,10x__2p5x,10× ↔ 2.5×,-2.936346153842289,2.936346153842289,20
TCGA-CN-A6V7-01A-01-TS1.F54912D3-1E21-4605-ACFC-142973524AE2,HNSC,uni2,UNI2,40x__10x,40× ↔ 10×,-1.1970558883244509,1.1970558883244509,20
TCGA-CN-A6V7-01A-01-TS1.F54912D3-1E21-4605-ACFC-142973524AE2,HNSC,uni2,UNI2,40x__2p5x,40× ↔ 2.5×,-2.355985987179795,2.355985987179795,20
TCGA-CN-A6V7-01A-01-TS1.F54912D3-1E21-4605-ACFC-142973524AE2,HNSC,virchow,Virchow,10x__2p5x,10× ↔ 2.5×,-3.546027417479818,3.546027417479818,20
TCGA-CN-A6V7-01A-01-TS1.F54912D3-1E21-4605-ACFC-142973524AE2,HNSC,virchow,Virchow,40x__10x,40× ↔ 10×,-1.7113964843380405,1.7113964843380405,20
TCGA-CN-A6V7-01A-01-TS1.F54912D3-1E21-4605-ACFC-142973524AE2,HNSC,virchow,Virchow,40x__2p5x,40× ↔ 2.5×,-3.178466435376373,3.178466435376373,20
TCGA-CN-A6V7-01A-01-TS1.F54912D3-1E21-4605-ACFC-142973524AE2,HNSC,virchow2,Virchow2,10x__2p5x,10× ↔ 2.5×,-1.596169130726294,1.596169130726294,20
TCGA-CN-A6V7-01A-01-TS1.F54912D3-1E21-4605-ACFC-142973524AE2,HNSC,virchow2,Virchow2,40x__10x,40× ↔ 10×,-3.761124476966341,3.761124476966341,20
TCGA-CN-A6V7-01A-01-TS1.F54912D3-1E21-4605-ACFC-142973524AE2,HNSC,virchow2,Virchow2,40x__2p5x,40× ↔ 2.5×,-2.752144969441472,2.752144969441472,20
TCGA-CU-A0YN-01Z-00-DX1.6C5EAAAF-8F14-49D3-8FFC-9BDAE56CAFD0,BLCA,gigapath,GigaPath,10x__2p5x,10× ↔ 2.5×,1.275624624367138,-1.275624624367138,20
TCGA-CU-A0YN-01Z-00-DX1.6C5EAAAF-8F14-49D3-8FFC-9BDAE56CAFD0,BLCA,gigapath,GigaPath,40x__10x,40× ↔ 10×,-0.6037300807313619,0.6037300807313619,20
TCGA-CU-A0YN-01Z-00-DX1.6C5EAAAF-8F14-49D3-8FFC-9BDAE56CAFD0,BLCA,gigapath,GigaPath,40x__2p5x,40× ↔ 2.5×,1.1112070901947426,-1.1112070901947426,20
TCGA-CU-A0YN-01Z-00-DX1.6C5EAAAF-8F14-49D3-8FFC-9BDAE56CAFD0,BLCA,gigapath_flash,GigaPath-Flash,10x__2p5x,10× ↔ 2.5×,1.2357164914827603,-1.2357164914827603,20
TCGA-CU-A0YN-01Z-00-DX1.6C5EAAAF-8F14-49D3-8FFC-9BDAE56CAFD0,BLCA,gigapath_flash,GigaPath-Flash,40x__10x,40× ↔ 10×,0.4931759246814199,-0.4931759246814199,20
TCGA-CU-A0YN-01Z-00-DX1.6C5EAAAF-8F14-49D3-8FFC-9BDAE56CAFD0,BLCA,gigapath_flash,GigaPath-Flash,40x__2p5x,40× ↔ 2.5×,2.9369844402100354,-2.9369844402100354,20
TCGA-CU-A0YN-01Z-00-DX1.6C5EAAAF-8F14-49D3-8FFC-9BDAE56CAFD0,BLCA,midnight,Midnight,10x__2p5x,10× ↔ 2.5×,0.6476710057998816,-0.6476710057998816,20
TCGA-CU-A0YN-01Z-00-DX1.6C5EAAAF-8F14-49D3-8FFC-9BDAE56CAFD0,BLCA,midnight,Midnight,40x__10x,40× ↔ 10×,-0.07128224384332457,0.07128224384332457,20
TCGA-CU-A0YN-01Z-00-DX1.6C5EAAAF-8F14-49D3-8FFC-9BDAE56CAFD0,BLCA,midnight,Midnight,40x__2p5x,40× ↔ 2.5×,-0.11426979991191537,0.11426979991191537,20
TCGA-CU-A0YN-01Z-00-DX1.6C5EAAAF-8F14-49D3-8FFC-9BDAE56CAFD0,BLCA,phikon,Phikon,10x__2p5x,10× ↔ 2.5×,-0.8138619181366838,0.8138619181366838,20
TCGA-CU-A0YN-01Z-00-DX1.6C5EAAAF-8F14-49D3-8FFC-9BDAE56CAFD0,BLCA,phikon,Phikon,40x__10x,40× ↔ 10×,-0.8763934083776521,0.8763934083776521,20
TCGA-CU-A0YN-01Z-00-DX1.6C5EAAAF-8F14-49D3-8FFC-9BDAE56CAFD0,BLCA,phikon,Phikon,40x__2p5x,40× ↔ 2.5×,0.14824424267043357,-0.14824424267043357,20
TCGA-CU-A0YN-01Z-00-DX1.6C5EAAAF-8F14-49D3-8FFC-9BDAE56CAFD0,BLCA,uni,UNI,10x__2p5x,10× ↔ 2.5×,-1.648555531097919,1.648555531097919,20
TCGA-CU-A0YN-01Z-00-DX1.6C5EAAAF-8F14-49D3-8FFC-9BDAE56CAFD0,BLCA,uni,UNI,40x__10x,40× ↔ 10×,-0.2698484896784448,0.2698484896784448,20
TCGA-CU-A0YN-01Z-00-DX1.6C5EAAAF-8F14-49D3-8FFC-9BDAE56CAFD0,BLCA,uni,UNI,40x__2p5x,40× ↔ 2.5×,0.6626908343908671,-0.6626908343908671,20
TCGA-CU-A0YN-01Z-00-DX1.6C5EAAAF-8F14-49D3-8FFC-9BDAE56CAFD0,BLCA,uni2,UNI2,10x__2p5x,10× ↔ 2.5×,-0.4057218017588237,0.4057218017588237,20
TCGA-CU-A0YN-01Z-00-DX1.6C5EAAAF-8F14-49D3-8FFC-9BDAE56CAFD0,BLCA,uni2,UNI2,40x__10x,40× ↔ 10×,-0.998233322302313,0.998233322302313,20
TCGA-CU-A0YN-01Z-00-DX1.6C5EAAAF-8F14-49D3-8FFC-9BDAE56CAFD0,BLCA,uni2,UNI2,40x__2p5x,40× ↔ 2.5×,0.5256828744630311,-0.5256828744630311,20
TCGA-CU-A0YN-01Z-00-DX1.6C5EAAAF-8F14-49D3-8FFC-9BDAE56CAFD0,BLCA,virchow,Virchow,10x__2p5x,10× ↔ 2.5×,4.70408107969313,-4.70408107969313,20
TCGA-CU-A0YN-01Z-00-DX1.6C5EAAAF-8F14-49D3-8FFC-9BDAE56CAFD0,BLCA,virchow,Virchow,40x__10x,40× ↔ 10×,1.7102096218327472,-1.7102096218327472,20
TCGA-CU-A0YN-01Z-00-DX1.6C5EAAAF-8F14-49D3-8FFC-9BDAE56CAFD0,BLCA,virchow,Virchow,40x__2p5x,40× ↔ 2.5×,4.94876333201396,-4.94876333201396,20
TCGA-CU-A0YN-01Z-00-DX1.6C5EAAAF-8F14-49D3-8FFC-9BDAE56CAFD0,BLCA,virchow2,Virchow2,10x__2p5x,10× ↔ 2.5×,2.429216440502192,-2.429216440502192,20
TCGA-CU-A0YN-01Z-00-DX1.6C5EAAAF-8F14-49D3-8FFC-9BDAE56CAFD0,BLCA,virchow2,Virchow2,40x__10x,40× ↔ 10×,-0.9546754222601216,0.9546754222601216,20
TCGA-CU-A0YN-01Z-00-DX1.6C5EAAAF-8F14-49D3-8FFC-9BDAE56CAFD0,BLCA,virchow2,Virchow2,40x__2p5x,40× ↔ 2.5×,1.43153965828825,-1.43153965828825,20
TCGA-CV-6935-01Z-00-DX1.9C449CB2-FB6D-41D1-A4A6-3069DC84A697,HNSC,gigapath,GigaPath,10x__2p5x,10× ↔ 2.5×,0.631730945201983,-0.631730945201983,20
TCGA-CV-6935-01Z-00-DX1.9C449CB2-FB6D-41D1-A4A6-3069DC84A697,HNSC,gigapath,GigaPath,40x__10x,40× ↔ 10×,-0.13431010249276856,0.13431010249276856,20
TCGA-CV-6935-01Z-00-DX1.9C449CB2-FB6D-41D1-A4A6-3069DC84A697,HNSC,gigapath,GigaPath,40x__2p5x,40× ↔ 2.5×,0.3481620696429569,-0.3481620696429569,20
TCGA-CV-6935-01Z-00-DX1.9C449CB2-FB6D-41D1-A4A6-3069DC84A697,HNSC,gigapath_flash,GigaPath-Flash,10x__2p5x,10× ↔ 2.5×,0.5732788058759204,-0.5732788058759204,20
TCGA-CV-6935-01Z-00-DX1.9C449CB2-FB6D-41D1-A4A6-3069DC84A697,HNSC,gigapath_flash,GigaPath-Flash,40x__10x,40× ↔ 10×,0.07436038719083105,-0.07436038719083105,20
TCGA-CV-6935-01Z-00-DX1.9C449CB2-FB6D-41D1-A4A6-3069DC84A697,HNSC,gigapath_flash,GigaPath-Flash,40x__2p5x,40× ↔ 2.5×,0.6258341632605953,-0.6258341632605953,20
TCGA-CV-6935-01Z-00-DX1.9C449CB2-FB6D-41D1-A4A6-3069DC84A697,HNSC,midnight,Midnight,10x__2p5x,10× ↔ 2.5×,0.04989603530009813,-0.04989603530009813,20
TCGA-CV-6935-01Z-00-DX1.9C449CB2-FB6D-41D1-A4A6-3069DC84A697,HNSC,midnight,Midnight,40x__10x,40× ↔ 10×,0.19359157567429497,-0.19359157567429497,20
TCGA-CV-6935-01Z-00-DX1.9C449CB2-FB6D-41D1-A4A6-3069DC84A697,HNSC,midnight,Midnight,40x__2p5x,40× ↔ 2.5×,0.7327358519606608,-0.7327358519606608,20
TCGA-CV-6935-01Z-00-DX1.9C449CB2-FB6D-41D1-A4A6-3069DC84A697,HNSC,phikon,Phikon,10x__2p5x,10× ↔ 2.5×,0.1566815010151838,-0.1566815010151838,20
TCGA-CV-6935-01Z-00-DX1.9C449CB2-FB6D-41D1-A4A6-3069DC84A697,HNSC,phikon,Phikon,40x__10x,40× ↔ 10×,0.108232661285499,-0.108232661285499,20
TCGA-CV-6935-01Z-00-DX1.9C449CB2-FB6D-41D1-A4A6-3069DC84A697,HNSC,phikon,Phikon,40x__2p5x,40× ↔ 2.5×,0.3219032587617906,-0.3219032587617906,20
TCGA-CV-6935-01Z-00-DX1.9C449CB2-FB6D-41D1-A4A6-3069DC84A697,HNSC,uni,UNI,10x__2p5x,10× ↔ 2.5×,0.4183000785336467,-0.4183000785336467,20
TCGA-CV-6935-01Z-00-DX1.9C449CB2-FB6D-41D1-A4A6-3069DC84A697,HNSC,uni,UNI,40x__10x,40× ↔ 10×,0.011707583756606608,-0.011707583756606608,20
TCGA-CV-6935-01Z-00-DX1.9C449CB2-FB6D-41D1-A4A6-3069DC84A697,HNSC,uni,UNI,40x__2p5x,40× ↔ 2.5×,0.3977594921439027,-0.3977594921439027,20
TCGA-CV-6935-01Z-00-DX1.9C449CB2-FB6D-41D1-A4A6-3069DC84A697,HNSC,uni2,UNI2,10x__2p5x,10× ↔ 2.5×,0.13523939541499908,-0.13523939541499908,20
TCGA-CV-6935-01Z-00-DX1.9C449CB2-FB6D-41D1-A4A6-3069DC84A697,HNSC,uni2,UNI2,40x__10x,40× ↔ 10×,0.273672044490466,-0.273672044490466,20
TCGA-CV-6935-01Z-00-DX1.9C449CB2-FB6D-41D1-A4A6-3069DC84A697,HNSC,uni2,UNI2,40x__2p5x,40× ↔ 2.5×,1.3541242845930932,-1.3541242845930932,20
TCGA-CV-6935-01Z-00-DX1.9C449CB2-FB6D-41D1-A4A6-3069DC84A697,HNSC,virchow,Virchow,10x__2p5x,10× ↔ 2.5×,1.1780436391632487,-1.1780436391632487,20
TCGA-CV-6935-01Z-00-DX1.9C449CB2-FB6D-41D1-A4A6-3069DC84A697,HNSC,virchow,Virchow,40x__10x,40× ↔ 10×,1.4331047962290946,-1.4331047962290946,20
TCGA-CV-6935-01Z-00-DX1.9C449CB2-FB6D-41D1-A4A6-3069DC84A697,HNSC,virchow,Virchow,40x__2p5x,40× ↔ 2.5×,3.7132875575538558,-3.7132875575538558,20
TCGA-CV-6935-01Z-00-DX1.9C449CB2-FB6D-41D1-A4A6-3069DC84A697,HNSC,virchow2,Virchow2,10x__2p5x,10× ↔ 2.5×,0.31619016202357786,-0.31619016202357786,20
TCGA-CV-6935-01Z-00-DX1.9C449CB2-FB6D-41D1-A4A6-3069DC84A697,HNSC,virchow2,Virchow2,40x__10x,40× ↔ 10×,0.04286124193728019,-0.04286124193728019,20
TCGA-CV-6935-01Z-00-DX1.9C449CB2-FB6D-41D1-A4A6-3069DC84A697,HNSC,virchow2,Virchow2,40x__2p5x,40× ↔ 2.5×,-0.08915312172165846,0.08915312172165846,20
TCGA-CV-A45O-01Z-00-DX1.8CBD0CCC-C815-475D-87F9-76272F4F715B,HNSC,gigapath,GigaPath,10x__2p5x,10× ↔ 2.5×,0.8567169709847517,-0.8567169709847517,20
TCGA-CV-A45O-01Z-00-DX1.8CBD0CCC-C815-475D-87F9-76272F4F715B,HNSC,gigapath,GigaPath,40x__10x,40× ↔ 10×,-0.056747714468665014,0.056747714468665014,20
TCGA-CV-A45O-01Z-00-DX1.8CBD0CCC-C815-475D-87F9-76272F4F715B,HNSC,gigapath,GigaPath,40x__2p5x,40× ↔ 2.5×,0.1192147589383769,-0.1192147589383769,20
TCGA-CV-A45O-01Z-00-DX1.8CBD0CCC-C815-475D-87F9-76272F4F715B,HNSC,gigapath_flash,GigaPath-Flash,10x__2p5x,10× ↔ 2.5×,0.44366985181024576,-0.44366985181024576,20
TCGA-CV-A45O-01Z-00-DX1.8CBD0CCC-C815-475D-87F9-76272F4F715B,HNSC,gigapath_flash,GigaPath-Flash,40x__10x,40× ↔ 10×,-0.14994846148969573,0.14994846148969573,20
TCGA-CV-A45O-01Z-00-DX1.8CBD0CCC-C815-475D-87F9-76272F4F715B,HNSC,gigapath_flash,GigaPath-Flash,40x__2p5x,40× ↔ 2.5×,0.3215220515696573,-0.3215220515696573,20
TCGA-CV-A45O-01Z-00-DX1.8CBD0CCC-C815-475D-87F9-76272F4F715B,HNSC,midnight,Midnight,10x__2p5x,10× ↔ 2.5×,0.06901866830657824,-0.06901866830657824,20
TCGA-CV-A45O-01Z-00-DX1.8CBD0CCC-C815-475D-87F9-76272F4F715B,HNSC,midnight,Midnight,40x__10x,40× ↔ 10×,0.16911120387524164,-0.16911120387524164,20
TCGA-CV-A45O-01Z-00-DX1.8CBD0CCC-C815-475D-87F9-76272F4F715B,HNSC,midnight,Midnight,40x__2p5x,40× ↔ 2.5×,0.9208830165668797,-0.9208830165668797,20
TCGA-CV-A45O-01Z-00-DX1.8CBD0CCC-C815-475D-87F9-76272F4F715B,HNSC,phikon,Phikon,10x__2p5x,10× ↔ 2.5×,0.4700779168744436,-0.4700779168744436,20
TCGA-CV-A45O-01Z-00-DX1.8CBD0CCC-C815-475D-87F9-76272F4F715B,HNSC,phikon,Phikon,40x__10x,40× ↔ 10×,0.028773961044467906,-0.028773961044467906,20
TCGA-CV-A45O-01Z-00-DX1.8CBD0CCC-C815-475D-87F9-76272F4F715B,HNSC,phikon,Phikon,40x__2p5x,40× ↔ 2.5×,0.07528613092969941,-0.07528613092969941,20
TCGA-CV-A45O-01Z-00-DX1.8CBD0CCC-C815-475D-87F9-76272F4F715B,HNSC,uni,UNI,10x__2p5x,10× ↔ 2.5×,0.41926401383547535,-0.41926401383547535,20
TCGA-CV-A45O-01Z-00-DX1.8CBD0CCC-C815-475D-87F9-76272F4F715B,HNSC,uni,UNI,40x__10x,40× ↔ 10×,-0.038222157320973796,0.038222157320973796,20
TCGA-CV-A45O-01Z-00-DX1.8CBD0CCC-C815-475D-87F9-76272F4F715B,HNSC,uni,UNI,40x__2p5x,40× ↔ 2.5×,0.2942709718030787,-0.2942709718030787,20
TCGA-CV-A45O-01Z-00-DX1.8CBD0CCC-C815-475D-87F9-76272F4F715B,HNSC,uni2,UNI2,10x__2p5x,10× ↔ 2.5×,0.15261722127912386,-0.15261722127912386,20
TCGA-CV-A45O-01Z-00-DX1.8CBD0CCC-C815-475D-87F9-76272F4F715B,HNSC,uni2,UNI2,40x__10x,40× ↔ 10×,0.0542295657619167,-0.0542295657619167,20
TCGA-CV-A45O-01Z-00-DX1.8CBD0CCC-C815-475D-87F9-76272F4F715B,HNSC,uni2,UNI2,40x__2p5x,40× ↔ 2.5×,0.8303008384061543,-0.8303008384061543,20
TCGA-CV-A45O-01Z-00-DX1.8CBD0CCC-C815-475D-87F9-76272F4F715B,HNSC,virchow,Virchow,10x__2p5x,10× ↔ 2.5×,1.4886923535081389,-1.4886923535081389,20
TCGA-CV-A45O-01Z-00-DX1.8CBD0CCC-C815-475D-87F9-76272F4F715B,HNSC,virchow,Virchow,40x__10x,40× ↔ 10×,1.0338327270221788,-1.0338327270221788,20
TCGA-CV-A45O-01Z-00-DX1.8CBD0CCC-C815-475D-87F9-76272F4F715B,HNSC,virchow,Virchow,40x__2p5x,40× ↔ 2.5×,3.8648698414128284,-3.8648698414128284,20
TCGA-CV-A45O-01Z-00-DX1.8CBD0CCC-C815-475D-87F9-76272F4F715B,HNSC,virchow2,Virchow2,10x__2p5x,10× ↔ 2.5×,0.08063441111391995,-0.08063441111391995,20
TCGA-CV-A45O-01Z-00-DX1.8CBD0CCC-C815-475D-87F9-76272F4F715B,HNSC,virchow2,Virchow2,40x__10x,40× ↔ 10×,-0.030646825415346357,0.030646825415346357,20
TCGA-CV-A45O-01Z-00-DX1.8CBD0CCC-C815-475D-87F9-76272F4F715B,HNSC,virchow2,Virchow2,40x__2p5x,40× ↔ 2.5×,0.29019390203032347,-0.29019390203032347,20
TCGA-CV-A6JE-01Z-00-DX1.20137D17-19B3-49FF-9C3D-60933157E409,HNSC,gigapath,GigaPath,10x__2p5x,10× ↔ 2.5×,1.2522388248210279,-1.2522388248210279,20
TCGA-CV-A6JE-01Z-00-DX1.20137D17-19B3-49FF-9C3D-60933157E409,HNSC,gigapath,GigaPath,40x__10x,40× ↔ 10×,-0.3789164883535948,0.3789164883535948,20
TCGA-CV-A6JE-01Z-00-DX1.20137D17-19B3-49FF-9C3D-60933157E409,HNSC,gigapath,GigaPath,40x__2p5x,40× ↔ 2.5×,0.5006309953182935,-0.5006309953182935,20
TCGA-CV-A6JE-01Z-00-DX1.20137D17-19B3-49FF-9C3D-60933157E409,HNSC,gigapath_flash,GigaPath-Flash,10x__2p5x,10× ↔ 2.5×,3.387872409337227,-3.387872409337227,20
TCGA-CV-A6JE-01Z-00-DX1.20137D17-19B3-49FF-9C3D-60933157E409,HNSC,gigapath_flash,GigaPath-Flash,40x__10x,40× ↔ 10×,-1.0338893978785817,1.0338893978785817,20
TCGA-CV-A6JE-01Z-00-DX1.20137D17-19B3-49FF-9C3D-60933157E409,HNSC,gigapath_flash,GigaPath-Flash,40x__2p5x,40× ↔ 2.5×,1.5519939270115337,-1.5519939270115337,20
TCGA-CV-A6JE-01Z-00-DX1.20137D17-19B3-49FF-9C3D-60933157E409,HNSC,midnight,Midnight,10x__2p5x,10× ↔ 2.5×,0.5338664348830112,-0.5338664348830112,20
TCGA-CV-A6JE-01Z-00-DX1.20137D17-19B3-49FF-9C3D-60933157E409,HNSC,midnight,Midnight,40x__10x,40× ↔ 10×,0.8396215576351871,-0.8396215576351871,20
TCGA-CV-A6JE-01Z-00-DX1.20137D17-19B3-49FF-9C3D-60933157E409,HNSC,midnight,Midnight,40x__2p5x,40× ↔ 2.5×,1.8473213506158952,-1.8473213506158952,20
TCGA-CV-A6JE-01Z-00-DX1.20137D17-19B3-49FF-9C3D-60933157E409,HNSC,phikon,Phikon,10x__2p5x,10× ↔ 2.5×,0.33285327930921493,-0.33285327930921493,20
TCGA-CV-A6JE-01Z-00-DX1.20137D17-19B3-49FF-9C3D-60933157E409,HNSC,phikon,Phikon,40x__10x,40× ↔ 10×,0.021883789729955395,-0.021883789729955395,20
TCGA-CV-A6JE-01Z-00-DX1.20137D17-19B3-49FF-9C3D-60933157E409,HNSC,phikon,Phikon,40x__2p5x,40× ↔ 2.5×,0.08537390689181903,-0.08537390689181903,20
TCGA-CV-A6JE-01Z-00-DX1.20137D17-19B3-49FF-9C3D-60933157E409,HNSC,uni,UNI,10x__2p5x,10× ↔ 2.5×,0.4038822015484177,-0.4038822015484177,20
TCGA-CV-A6JE-01Z-00-DX1.20137D17-19B3-49FF-9C3D-60933157E409,HNSC,uni,UNI,40x__10x,40× ↔ 10×,0.012075154491207713,-0.012075154491207713,20
TCGA-CV-A6JE-01Z-00-DX1.20137D17-19B3-49FF-9C3D-60933157E409,HNSC,uni,UNI,40x__2p5x,40× ↔ 2.5×,0.4816407721884895,-0.4816407721884895,20
TCGA-CV-A6JE-01Z-00-DX1.20137D17-19B3-49FF-9C3D-60933157E409,HNSC,uni2,UNI2,10x__2p5x,10× ↔ 2.5×,0.18429074776825305,-0.18429074776825305,20
TCGA-CV-A6JE-01Z-00-DX1.20137D17-19B3-49FF-9C3D-60933157E409,HNSC,uni2,UNI2,40x__10x,40× ↔ 10×,0.3142756333855127,-0.3142756333855127,20
TCGA-CV-A6JE-01Z-00-DX1.20137D17-19B3-49FF-9C3D-60933157E409,HNSC,uni2,UNI2,40x__2p5x,40× ↔ 2.5×,1.2436891587423973,-1.2436891587423973,20
TCGA-CV-A6JE-01Z-00-DX1.20137D17-19B3-49FF-9C3D-60933157E409,HNSC,virchow,Virchow,10x__2p5x,10× ↔ 2.5×,1.1905402016401574,-1.1905402016401574,20
TCGA-CV-A6JE-01Z-00-DX1.20137D17-19B3-49FF-9C3D-60933157E409,HNSC,virchow,Virchow,40x__10x,40× ↔ 10×,1.7420475181000896,-1.7420475181000896,20
TCGA-CV-A6JE-01Z-00-DX1.20137D17-19B3-49FF-9C3D-60933157E409,HNSC,virchow,Virchow,40x__2p5x,40× ↔ 2.5×,1.9986084705266918,-1.9986084705266918,20
TCGA-CV-A6JE-01Z-00-DX1.20137D17-19B3-49FF-9C3D-60933157E409,HNSC,virchow2,Virchow2,10x__2p5x,10× ↔ 2.5×,0.022193124209681926,-0.022193124209681926,20
TCGA-CV-A6JE-01Z-00-DX1.20137D17-19B3-49FF-9C3D-60933157E409,HNSC,virchow2,Virchow2,40x__10x,40× ↔ 10×,0.30244731361525684,-0.30244731361525684,20
TCGA-CV-A6JE-01Z-00-DX1.20137D17-19B3-49FF-9C3D-60933157E409,HNSC,virchow2,Virchow2,40x__2p5x,40× ↔ 2.5×,0.12141505276950934,-0.12141505276950934,20
TCGA-CV-A6JU-01Z-00-DX1.35A3A1F0-9D6C-4794-B501-E56E48C51DF9,HNSC,gigapath,GigaPath,10x__2p5x,10× ↔ 2.5×,1.060490009845942,-1.060490009845942,20
TCGA-CV-A6JU-01Z-00-DX1.35A3A1F0-9D6C-4794-B501-E56E48C51DF9,HNSC,gigapath,GigaPath,40x__10x,40× ↔ 10×,0.006042441769114793,-0.006042441769114793,20
TCGA-CV-A6JU-01Z-00-DX1.35A3A1F0-9D6C-4794-B501-E56E48C51DF9,HNSC,gigapath,GigaPath,40x__2p5x,40× ↔ 2.5×,0.19375639892972685,-0.19375639892972685,20
TCGA-CV-A6JU-01Z-00-DX1.35A3A1F0-9D6C-4794-B501-E56E48C51DF9,HNSC,gigapath_flash,GigaPath-Flash,10x__2p5x,10× ↔ 2.5×,0.4113611675556079,-0.4113611675556079,20
TCGA-CV-A6JU-01Z-00-DX1.35A3A1F0-9D6C-4794-B501-E56E48C51DF9,HNSC,gigapath_flash,GigaPath-Flash,40x__10x,40× ↔ 10×,0.34292908612469236,-0.34292908612469236,20
TCGA-CV-A6JU-01Z-00-DX1.35A3A1F0-9D6C-4794-B501-E56E48C51DF9,HNSC,gigapath_flash,GigaPath-Flash,40x__2p5x,40× ↔ 2.5×,0.047155789004601184,-0.047155789004601184,20
TCGA-CV-A6JU-01Z-00-DX1.35A3A1F0-9D6C-4794-B501-E56E48C51DF9,HNSC,midnight,Midnight,10x__2p5x,10× ↔ 2.5×,0.11830316273732626,-0.11830316273732626,20
TCGA-CV-A6JU-01Z-00-DX1.35A3A1F0-9D6C-4794-B501-E56E48C51DF9,HNSC,midnight,Midnight,40x__10x,40× ↔ 10×,0.34796408495648595,-0.34796408495648595,20
TCGA-CV-A6JU-01Z-00-DX1.35A3A1F0-9D6C-4794-B501-E56E48C51DF9,HNSC,midnight,Midnight,40x__2p5x,40× ↔ 2.5×,1.1798017178862077,-1.1798017178862077,20
TCGA-CV-A6JU-01Z-00-DX1.35A3A1F0-9D6C-4794-B501-E56E48C51DF9,HNSC,phikon,Phikon,10x__2p5x,10× ↔ 2.5×,-0.5512941726288374,0.5512941726288374,20
TCGA-CV-A6JU-01Z-00-DX1.35A3A1F0-9D6C-4794-B501-E56E48C51DF9,HNSC,phikon,Phikon,40x__10x,40× ↔ 10×,0.40106681527361676,-0.40106681527361676,20
TCGA-CV-A6JU-01Z-00-DX1.35A3A1F0-9D6C-4794-B501-E56E48C51DF9,HNSC,phikon,Phikon,40x__2p5x,40× ↔ 2.5×,-0.08179462337732954,0.08179462337732954,20
TCGA-CV-A6JU-01Z-00-DX1.35A3A1F0-9D6C-4794-B501-E56E48C51DF9,HNSC,uni,UNI,10x__2p5x,10× ↔ 2.5×,0.5319352836076396,-0.5319352836076396,20
TCGA-CV-A6JU-01Z-00-DX1.35A3A1F0-9D6C-4794-B501-E56E48C51DF9,HNSC,uni,UNI,40x__10x,40× ↔ 10×,0.0030584258872794006,-0.0030584258872794006,20
TCGA-CV-A6JU-01Z-00-DX1.35A3A1F0-9D6C-4794-B501-E56E48C51DF9,HNSC,uni,UNI,40x__2p5x,40× ↔ 2.5×,0.530138627323109,-0.530138627323109,20
TCGA-CV-A6JU-01Z-00-DX1.35A3A1F0-9D6C-4794-B501-E56E48C51DF9,HNSC,uni2,UNI2,10x__2p5x,10× ↔ 2.5×,0.08518317771141086,-0.08518317771141086,20
TCGA-CV-A6JU-01Z-00-DX1.35A3A1F0-9D6C-4794-B501-E56E48C51DF9,HNSC,uni2,UNI2,40x__10x,40× ↔ 10×,0.1831141071264011,-0.1831141071264011,20
TCGA-CV-A6JU-01Z-00-DX1.35A3A1F0-9D6C-4794-B501-E56E48C51DF9,HNSC,uni2,UNI2,40x__2p5x,40× ↔ 2.5×,0.8600457553711902,-0.8600457553711902,20
TCGA-CV-A6JU-01Z-00-DX1.35A3A1F0-9D6C-4794-B501-E56E48C51DF9,HNSC,virchow,Virchow,10x__2p5x,10× ↔ 2.5×,1.2085325866909475,-1.2085325866909475,20
TCGA-CV-A6JU-01Z-00-DX1.35A3A1F0-9D6C-4794-B501-E56E48C51DF9,HNSC,virchow,Virchow,40x__10x,40× ↔ 10×,1.4315679166780095,-1.4315679166780095,20
TCGA-CV-A6JU-01Z-00-DX1.35A3A1F0-9D6C-4794-B501-E56E48C51DF9,HNSC,virchow,Virchow,40x__2p5x,40× ↔ 2.5×,1.5454074552899875,-1.5454074552899875,20
TCGA-CV-A6JU-01Z-00-DX1.35A3A1F0-9D6C-4794-B501-E56E48C51DF9,HNSC,virchow2,Virchow2,10x__2p5x,10× ↔ 2.5×,-0.01867401069962145,0.01867401069962145,20
TCGA-CV-A6JU-01Z-00-DX1.35A3A1F0-9D6C-4794-B501-E56E48C51DF9,HNSC,virchow2,Virchow2,40x__10x,40× ↔ 10×,0.10507508948058755,-0.10507508948058755,20
TCGA-CV-A6JU-01Z-00-DX1.35A3A1F0-9D6C-4794-B501-E56E48C51DF9,HNSC,virchow2,Virchow2,40x__2p5x,40× ↔ 2.5×,0.08353512283372957,-0.08353512283372957,20
TCGA-D8-A1X8-01Z-00-DX1.DDA3866E-C7CC-4650-BE2B-5C9A98A2D531,BRCA,gigapath,GigaPath,10x__2p5x,10× ↔ 2.5×,1.5626514980134318,-1.5626514980134318,20
TCGA-D8-A1X8-01Z-00-DX1.DDA3866E-C7CC-4650-BE2B-5C9A98A2D531,BRCA,gigapath,GigaPath,40x__10x,40× ↔ 10×,1.7441101817965312,-1.7441101817965312,20
TCGA-D8-A1X8-01Z-00-DX1.DDA3866E-C7CC-4650-BE2B-5C9A98A2D531,BRCA,gigapath,GigaPath,40x__2p5x,40× ↔ 2.5×,4.720655009107395,-4.720655009107395,20
TCGA-D8-A1X8-01Z-00-DX1.DDA3866E-C7CC-4650-BE2B-5C9A98A2D531,BRCA,gigapath_flash,GigaPath-Flash,10x__2p5x,10× ↔ 2.5×,0.7900084319448342,-0.7900084319448342,20
TCGA-D8-A1X8-01Z-00-DX1.DDA3866E-C7CC-4650-BE2B-5C9A98A2D531,BRCA,gigapath_flash,GigaPath-Flash,40x__10x,40× ↔ 10×,1.9565528890683517,-1.9565528890683517,20
TCGA-D8-A1X8-01Z-00-DX1.DDA3866E-C7CC-4650-BE2B-5C9A98A2D531,BRCA,gigapath_flash,GigaPath-Flash,40x__2p5x,40× ↔ 2.5×,4.732674520181481,-4.732674520181481,20
TCGA-D8-A1X8-01Z-00-DX1.DDA3866E-C7CC-4650-BE2B-5C9A98A2D531,BRCA,midnight,Midnight,10x__2p5x,10× ↔ 2.5×,0.1679774687629886,-0.1679774687629886,20
TCGA-D8-A1X8-01Z-00-DX1.DDA3866E-C7CC-4650-BE2B-5C9A98A2D531,BRCA,midnight,Midnight,40x__10x,40× ↔ 10×,0.455452528731312,-0.455452528731312,20
TCGA-D8-A1X8-01Z-00-DX1.DDA3866E-C7CC-4650-BE2B-5C9A98A2D531,BRCA,midnight,Midnight,40x__2p5x,40× ↔ 2.5×,0.7628665526204939,-0.7628665526204939,20
TCGA-D8-A1X8-01Z-00-DX1.DDA3866E-C7CC-4650-BE2B-5C9A98A2D531,BRCA,phikon,Phikon,10x__2p5x,10× ↔ 2.5×,2.2124237219509792,-2.2124237219509792,20
TCGA-D8-A1X8-01Z-00-DX1.DDA3866E-C7CC-4650-BE2B-5C9A98A2D531,BRCA,phikon,Phikon,40x__10x,40× ↔ 10×,0.9091019227401457,-0.9091019227401457,20
TCGA-D8-A1X8-01Z-00-DX1.DDA3866E-C7CC-4650-BE2B-5C9A98A2D531,BRCA,phikon,Phikon,40x__2p5x,40× ↔ 2.5×,3.6425468299688992,-3.6425468299688992,20
TCGA-D8-A1X8-01Z-00-DX1.DDA3866E-C7CC-4650-BE2B-5C9A98A2D531,BRCA,uni,UNI,10x__2p5x,10× ↔ 2.5×,1.7026911456792657,-1.7026911456792657,20
TCGA-D8-A1X8-01Z-00-DX1.DDA3866E-C7CC-4650-BE2B-5C9A98A2D531,BRCA,uni,UNI,40x__10x,40× ↔ 10×,1.5410061206544166,-1.5410061206544166,20
TCGA-D8-A1X8-01Z-00-DX1.DDA3866E-C7CC-4650-BE2B-5C9A98A2D531,BRCA,uni,UNI,40x__2p5x,40× ↔ 2.5×,3.0488037174656397,-3.0488037174656397,20
TCGA-D8-A1X8-01Z-00-DX1.DDA3866E-C7CC-4650-BE2B-5C9A98A2D531,BRCA,uni2,UNI2,10x__2p5x,10× ↔ 2.5×,0.3949863428738906,-0.3949863428738906,20
TCGA-D8-A1X8-01Z-00-DX1.DDA3866E-C7CC-4650-BE2B-5C9A98A2D531,BRCA,uni2,UNI2,40x__10x,40× ↔ 10×,1.0655740125631827,-1.0655740125631827,20
TCGA-D8-A1X8-01Z-00-DX1.DDA3866E-C7CC-4650-BE2B-5C9A98A2D531,BRCA,uni2,UNI2,40x__2p5x,40× ↔ 2.5×,2.481102104074833,-2.481102104074833,20
TCGA-D8-A1X8-01Z-00-DX1.DDA3866E-C7CC-4650-BE2B-5C9A98A2D531,BRCA,virchow,Virchow,10x__2p5x,10× ↔ 2.5×,0.9573624185614481,-0.9573624185614481,20
TCGA-D8-A1X8-01Z-00-DX1.DDA3866E-C7CC-4650-BE2B-5C9A98A2D531,BRCA,virchow,Virchow,40x__10x,40× ↔ 10×,1.5882032925635718,-1.5882032925635718,20
TCGA-D8-A1X8-01Z-00-DX1.DDA3866E-C7CC-4650-BE2B-5C9A98A2D531,BRCA,virchow,Virchow,40x__2p5x,40× ↔ 2.5×,2.041142055351561,-2.041142055351561,20
TCGA-D8-A1X8-01Z-00-DX1.DDA3866E-C7CC-4650-BE2B-5C9A98A2D531,BRCA,virchow2,Virchow2,10x__2p5x,10× ↔ 2.5×,0.5497154463904731,-0.5497154463904731,20
TCGA-D8-A1X8-01Z-00-DX1.DDA3866E-C7CC-4650-BE2B-5C9A98A2D531,BRCA,virchow2,Virchow2,40x__10x,40× ↔ 10×,0.2629287666863409,-0.2629287666863409,20
TCGA-D8-A1X8-01Z-00-DX1.DDA3866E-C7CC-4650-BE2B-5C9A98A2D531,BRCA,virchow2,Virchow2,40x__2p5x,40× ↔ 2.5×,1.912718533360626,-1.912718533360626,20
TCGA-DK-A6AW-01Z-00-DX1.C2453A8C-8282-443C-9E76-5B6CAD2FE69B,BLCA,gigapath,GigaPath,10x__2p5x,10× ↔ 2.5×,2.93019967622307,-2.93019967622307,20
TCGA-DK-A6AW-01Z-00-DX1.C2453A8C-8282-443C-9E76-5B6CAD2FE69B,BLCA,gigapath,GigaPath,40x__10x,40× ↔ 10×,0.05889197776918363,-0.05889197776918363,20
TCGA-DK-A6AW-01Z-00-DX1.C2453A8C-8282-443C-9E76-5B6CAD2FE69B,BLCA,gigapath,GigaPath,40x__2p5x,40× ↔ 2.5×,0.9138385053327921,-0.9138385053327921,20
TCGA-DK-A6AW-01Z-00-DX1.C2453A8C-8282-443C-9E76-5B6CAD2FE69B,BLCA,gigapath_flash,GigaPath-Flash,10x__2p5x,10× ↔ 2.5×,0.8062818218009887,-0.8062818218009887,20
TCGA-DK-A6AW-01Z-00-DX1.C2453A8C-8282-443C-9E76-5B6CAD2FE69B,BLCA,gigapath_flash,GigaPath-Flash,40x__10x,40× ↔ 10×,1.593640525638023,-1.593640525638023,20
TCGA-DK-A6AW-01Z-00-DX1.C2453A8C-8282-443C-9E76-5B6CAD2FE69B,BLCA,gigapath_flash,GigaPath-Flash,40x__2p5x,40× ↔ 2.5×,3.0535132057342405,-3.0535132057342405,20
TCGA-DK-A6AW-01Z-00-DX1.C2453A8C-8282-443C-9E76-5B6CAD2FE69B,BLCA,midnight,Midnight,10x__2p5x,10× ↔ 2.5×,0.5253246187107583,-0.5253246187107583,20
TCGA-DK-A6AW-01Z-00-DX1.C2453A8C-8282-443C-9E76-5B6CAD2FE69B,BLCA,midnight,Midnight,40x__10x,40× ↔ 10×,-0.6605566042323048,0.6605566042323048,20
TCGA-DK-A6AW-01Z-00-DX1.C2453A8C-8282-443C-9E76-5B6CAD2FE69B,BLCA,midnight,Midnight,40x__2p5x,40× ↔ 2.5×,-0.23919189897950952,0.23919189897950952,20
TCGA-DK-A6AW-01Z-00-DX1.C2453A8C-8282-443C-9E76-5B6CAD2FE69B,BLCA,phikon,Phikon,10x__2p5x,10× ↔ 2.5×,0.8963550244013195,-0.8963550244013195,20
TCGA-DK-A6AW-01Z-00-DX1.C2453A8C-8282-443C-9E76-5B6CAD2FE69B,BLCA,phikon,Phikon,40x__10x,40× ↔ 10×,-0.022822773223906745,0.022822773223906745,20
TCGA-DK-A6AW-01Z-00-DX1.C2453A8C-8282-443C-9E76-5B6CAD2FE69B,BLCA,phikon,Phikon,40x__2p5x,40× ↔ 2.5×,0.8404188613656555,-0.8404188613656555,20
TCGA-DK-A6AW-01Z-00-DX1.C2453A8C-8282-443C-9E76-5B6CAD2FE69B,BLCA,uni,UNI,10x__2p5x,10× ↔ 2.5×,-0.22326523685417704,0.22326523685417704,20
TCGA-DK-A6AW-01Z-00-DX1.C2453A8C-8282-443C-9E76-5B6CAD2FE69B,BLCA,uni,UNI,40x__10x,40× ↔ 10×,1.2913764530502612,-1.2913764530502612,20
TCGA-DK-A6AW-01Z-00-DX1.C2453A8C-8282-443C-9E76-5B6CAD2FE69B,BLCA,uni,UNI,40x__2p5x,40× ↔ 2.5×,3.6727450451486945,-3.6727450451486945,20
TCGA-DK-A6AW-01Z-00-DX1.C2453A8C-8282-443C-9E76-5B6CAD2FE69B,BLCA,uni2,UNI2,10x__2p5x,10× ↔ 2.5×,-0.036807520603156646,0.036807520603156646,20
TCGA-DK-A6AW-01Z-00-DX1.C2453A8C-8282-443C-9E76-5B6CAD2FE69B,BLCA,uni2,UNI2,40x__10x,40× ↔ 10×,0.7921145330792514,-0.7921145330792514,20
TCGA-DK-A6AW-01Z-00-DX1.C2453A8C-8282-443C-9E76-5B6CAD2FE69B,BLCA,uni2,UNI2,40x__2p5x,40× ↔ 2.5×,2.2050923047894635,-2.2050923047894635,20
TCGA-DK-A6AW-01Z-00-DX1.C2453A8C-8282-443C-9E76-5B6CAD2FE69B,BLCA,virchow,Virchow,10x__2p5x,10× ↔ 2.5×,4.006391438276025,-4.006391438276025,20
TCGA-DK-A6AW-01Z-00-DX1.C2453A8C-8282-443C-9E76-5B6CAD2FE69B,BLCA,virchow,Virchow,40x__10x,40× ↔ 10×,3.902419783214456,-3.902419783214456,20
TCGA-DK-A6AW-01Z-00-DX1.C2453A8C-8282-443C-9E76-5B6CAD2FE69B,BLCA,virchow,Virchow,40x__2p5x,40× ↔ 2.5×,4.913395576109975,-4.913395576109975,20
TCGA-DK-A6AW-01Z-00-DX1.C2453A8C-8282-443C-9E76-5B6CAD2FE69B,BLCA,virchow2,Virchow2,10x__2p5x,10× ↔ 2.5×,0.8942563467448779,-0.8942563467448779,20
TCGA-DK-A6AW-01Z-00-DX1.C2453A8C-8282-443C-9E76-5B6CAD2FE69B,BLCA,virchow2,Virchow2,40x__10x,40× ↔ 10×,1.732718892842223,-1.732718892842223,20
TCGA-DK-A6AW-01Z-00-DX1.C2453A8C-8282-443C-9E76-5B6CAD2FE69B,BLCA,virchow2,Virchow2,40x__2p5x,40× ↔ 2.5×,2.9298366775034084,-2.9298366775034084,20
TCGA-DK-AA6L-01A-01-TSA.5794F0C6-9ED6-489A-9621-18CCC5935548,BLCA,gigapath,GigaPath,10x__2p5x,10× ↔ 2.5×,-2.5186577567747586,2.5186577567747586,20
TCGA-DK-AA6L-01A-01-TSA.5794F0C6-9ED6-489A-9621-18CCC5935548,BLCA,gigapath,GigaPath,40x__10x,40× ↔ 10×,-0.8854039656147155,0.8854039656147155,20
TCGA-DK-AA6L-01A-01-TSA.5794F0C6-9ED6-489A-9621-18CCC5935548,BLCA,gigapath,GigaPath,40x__2p5x,40× ↔ 2.5×,-1.6507788816428497,1.6507788816428497,20
TCGA-DK-AA6L-01A-01-TSA.5794F0C6-9ED6-489A-9621-18CCC5935548,BLCA,gigapath_flash,GigaPath-Flash,10x__2p5x,10× ↔ 2.5×,1.082730837462623,-1.082730837462623,20
TCGA-DK-AA6L-01A-01-TSA.5794F0C6-9ED6-489A-9621-18CCC5935548,BLCA,gigapath_flash,GigaPath-Flash,40x__10x,40× ↔ 10×,2.260568590530906,-2.260568590530906,20
TCGA-DK-AA6L-01A-01-TSA.5794F0C6-9ED6-489A-9621-18CCC5935548,BLCA,gigapath_flash,GigaPath-Flash,40x__2p5x,40× ↔ 2.5×,2.970173245883675,-2.970173245883675,20
TCGA-DK-AA6L-01A-01-TSA.5794F0C6-9ED6-489A-9621-18CCC5935548,BLCA,midnight,Midnight,10x__2p5x,10× ↔ 2.5×,0.8613658386916182,-0.8613658386916182,20
TCGA-DK-AA6L-01A-01-TSA.5794F0C6-9ED6-489A-9621-18CCC5935548,BLCA,midnight,Midnight,40x__10x,40× ↔ 10×,0.18153124203373547,-0.18153124203373547,20
TCGA-DK-AA6L-01A-01-TSA.5794F0C6-9ED6-489A-9621-18CCC5935548,BLCA,midnight,Midnight,40x__2p5x,40× ↔ 2.5×,0.652318200124332,-0.652318200124332,20
TCGA-DK-AA6L-01A-01-TSA.5794F0C6-9ED6-489A-9621-18CCC5935548,BLCA,phikon,Phikon,10x__2p5x,10× ↔ 2.5×,2.658985100834955,-2.658985100834955,20
TCGA-DK-AA6L-01A-01-TSA.5794F0C6-9ED6-489A-9621-18CCC5935548,BLCA,phikon,Phikon,40x__10x,40× ↔ 10×,0.04850433662770177,-0.04850433662770177,20
TCGA-DK-AA6L-01A-01-TSA.5794F0C6-9ED6-489A-9621-18CCC5935548,BLCA,phikon,Phikon,40x__2p5x,40× ↔ 2.5×,2.6509437371468825,-2.6509437371468825,20
TCGA-DK-AA6L-01A-01-TSA.5794F0C6-9ED6-489A-9621-18CCC5935548,BLCA,uni,UNI,10x__2p5x,10× ↔ 2.5×,-0.2572715324948958,0.2572715324948958,20
TCGA-DK-AA6L-01A-01-TSA.5794F0C6-9ED6-489A-9621-18CCC5935548,BLCA,uni,UNI,40x__10x,40× ↔ 10×,0.08745632192695561,-0.08745632192695561,20
TCGA-DK-AA6L-01A-01-TSA.5794F0C6-9ED6-489A-9621-18CCC5935548,BLCA,uni,UNI,40x__2p5x,40× ↔ 2.5×,1.5328377377832592,-1.5328377377832592,20
TCGA-DK-AA6L-01A-01-TSA.5794F0C6-9ED6-489A-9621-18CCC5935548,BLCA,uni2,UNI2,10x__2p5x,10× ↔ 2.5×,0.3098900615009478,-0.3098900615009478,20
TCGA-DK-AA6L-01A-01-TSA.5794F0C6-9ED6-489A-9621-18CCC5935548,BLCA,uni2,UNI2,40x__10x,40× ↔ 10×,-0.4197865777988995,0.4197865777988995,20
TCGA-DK-AA6L-01A-01-TSA.5794F0C6-9ED6-489A-9621-18CCC5935548,BLCA,uni2,UNI2,40x__2p5x,40× ↔ 2.5×,-0.38563618782330594,0.38563618782330594,20
TCGA-DK-AA6L-01A-01-TSA.5794F0C6-9ED6-489A-9621-18CCC5935548,BLCA,virchow,Virchow,10x__2p5x,10× ↔ 2.5×,2.0145612038117315,-2.0145612038117315,20
TCGA-DK-AA6L-01A-01-TSA.5794F0C6-9ED6-489A-9621-18CCC5935548,BLCA,virchow,Virchow,40x__10x,40× ↔ 10×,0.6737960101162691,-0.6737960101162691,20
TCGA-DK-AA6L-01A-01-TSA.5794F0C6-9ED6-489A-9621-18CCC5935548,BLCA,virchow,Virchow,40x__2p5x,40× ↔ 2.5×,2.3528577702363775,-2.3528577702363775,20
TCGA-DK-AA6L-01A-01-TSA.5794F0C6-9ED6-489A-9621-18CCC5935548,BLCA,virchow2,Virchow2,10x__2p5x,10× ↔ 2.5×,0.4622271977483883,-0.4622271977483883,20
TCGA-DK-AA6L-01A-01-TSA.5794F0C6-9ED6-489A-9621-18CCC5935548,BLCA,virchow2,Virchow2,40x__10x,40× ↔ 10×,-0.4410907754416328,0.4410907754416328,20
TCGA-DK-AA6L-01A-01-TSA.5794F0C6-9ED6-489A-9621-18CCC5935548,BLCA,virchow2,Virchow2,40x__2p5x,40× ↔ 2.5×,1.0489162370668395,-1.0489162370668395,20
TCGA-DK-AA77-01A-01-TSA.26CAF5CB-CC4F-4522-BD2B-343FB70205FE,BLCA,gigapath,GigaPath,10x__2p5x,10× ↔ 2.5×,1.5766874966712323,-1.5766874966712323,20
TCGA-DK-AA77-01A-01-TSA.26CAF5CB-CC4F-4522-BD2B-343FB70205FE,BLCA,gigapath,GigaPath,40x__10x,40× ↔ 10×,-0.3252406189892152,0.3252406189892152,20
TCGA-DK-AA77-01A-01-TSA.26CAF5CB-CC4F-4522-BD2B-343FB70205FE,BLCA,gigapath,GigaPath,40x__2p5x,40× ↔ 2.5×,3.09859024619863,-3.09859024619863,20
TCGA-DK-AA77-01A-01-TSA.26CAF5CB-CC4F-4522-BD2B-343FB70205FE,BLCA,gigapath_flash,GigaPath-Flash,10x__2p5x,10× ↔ 2.5×,0.8051547439509917,-0.8051547439509917,20
TCGA-DK-AA77-01A-01-TSA.26CAF5CB-CC4F-4522-BD2B-343FB70205FE,BLCA,gigapath_flash,GigaPath-Flash,40x__10x,40× ↔ 10×,1.676427823049514,-1.676427823049514,20
TCGA-DK-AA77-01A-01-TSA.26CAF5CB-CC4F-4522-BD2B-343FB70205FE,BLCA,gigapath_flash,GigaPath-Flash,40x__2p5x,40× ↔ 2.5×,2.352232104376862,-2.352232104376862,20
TCGA-DK-AA77-01A-01-TSA.26CAF5CB-CC4F-4522-BD2B-343FB70205FE,BLCA,midnight,Midnight,10x__2p5x,10× ↔ 2.5×,-0.9085361365259027,0.9085361365259027,20
TCGA-DK-AA77-01A-01-TSA.26CAF5CB-CC4F-4522-BD2B-343FB70205FE,BLCA,midnight,Midnight,40x__10x,40× ↔ 10×,-0.1427673576259465,0.1427673576259465,20
TCGA-DK-AA77-01A-01-TSA.26CAF5CB-CC4F-4522-BD2B-343FB70205FE,BLCA,midnight,Midnight,40x__2p5x,40× ↔ 2.5×,-1.0784963481073375,1.0784963481073375,20
TCGA-DK-AA77-01A-01-TSA.26CAF5CB-CC4F-4522-BD2B-343FB70205FE,BLCA,phikon,Phikon,10x__2p5x,10× ↔ 2.5×,3.780767344659207,-3.780767344659207,20
TCGA-DK-AA77-01A-01-TSA.26CAF5CB-CC4F-4522-BD2B-343FB70205FE,BLCA,phikon,Phikon,40x__10x,40× ↔ 10×,-0.05472899934337302,0.05472899934337302,20
TCGA-DK-AA77-01A-01-TSA.26CAF5CB-CC4F-4522-BD2B-343FB70205FE,BLCA,phikon,Phikon,40x__2p5x,40× ↔ 2.5×,3.0758407866998523,-3.0758407866998523,20
TCGA-DK-AA77-01A-01-TSA.26CAF5CB-CC4F-4522-BD2B-343FB70205FE,BLCA,uni,UNI,10x__2p5x,10× ↔ 2.5×,1.7602217562110816,-1.7602217562110816,20
TCGA-DK-AA77-01A-01-TSA.26CAF5CB-CC4F-4522-BD2B-343FB70205FE,BLCA,uni,UNI,40x__10x,40× ↔ 10×,0.6451478535824243,-0.6451478535824243,20
TCGA-DK-AA77-01A-01-TSA.26CAF5CB-CC4F-4522-BD2B-343FB70205FE,BLCA,uni,UNI,40x__2p5x,40× ↔ 2.5×,2.9442493976316433,-2.9442493976316433,20
TCGA-DK-AA77-01A-01-TSA.26CAF5CB-CC4F-4522-BD2B-343FB70205FE,BLCA,uni2,UNI2,10x__2p5x,10× ↔ 2.5×,0.45400481976148316,-0.45400481976148316,20
TCGA-DK-AA77-01A-01-TSA.26CAF5CB-CC4F-4522-BD2B-343FB70205FE,BLCA,uni2,UNI2,40x__10x,40× ↔ 10×,-0.17776289773232337,0.17776289773232337,20
TCGA-DK-AA77-01A-01-TSA.26CAF5CB-CC4F-4522-BD2B-343FB70205FE,BLCA,uni2,UNI2,40x__2p5x,40× ↔ 2.5×,0.5375418016031712,-0.5375418016031712,20
TCGA-DK-AA77-01A-01-TSA.26CAF5CB-CC4F-4522-BD2B-343FB70205FE,BLCA,virchow,Virchow,10x__2p5x,10× ↔ 2.5×,5.660520345209683,-5.660520345209683,20
TCGA-DK-AA77-01A-01-TSA.26CAF5CB-CC4F-4522-BD2B-343FB70205FE,BLCA,virchow,Virchow,40x__10x,40× ↔ 10×,1.7970319678017943,-1.7970319678017943,20
TCGA-DK-AA77-01A-01-TSA.26CAF5CB-CC4F-4522-BD2B-343FB70205FE,BLCA,virchow,Virchow,40x__2p5x,40× ↔ 2.5×,7.689742921154132,-7.689742921154132,20
TCGA-DK-AA77-01A-01-TSA.26CAF5CB-CC4F-4522-BD2B-343FB70205FE,BLCA,virchow2,Virchow2,10x__2p5x,10× ↔ 2.5×,0.0026801275548446043,-0.0026801275548446043,20
TCGA-DK-AA77-01A-01-TSA.26CAF5CB-CC4F-4522-BD2B-343FB70205FE,BLCA,virchow2,Virchow2,40x__10x,40× ↔ 10×,-0.849752683672904,0.849752683672904,20
TCGA-DK-AA77-01A-01-TSA.26CAF5CB-CC4F-4522-BD2B-343FB70205FE,BLCA,virchow2,Virchow2,40x__2p5x,40× ↔ 2.5×,-0.9193211981506145,0.9193211981506145,20
TCGA-E2-A14P-01Z-00-DX1.663B02FF-C64B-41A6-8685-FD61CD76F9C6,BRCA,gigapath,GigaPath,10x__2p5x,10× ↔ 2.5×,1.0206711526725882,-1.0206711526725882,20
TCGA-E2-A14P-01Z-00-DX1.663B02FF-C64B-41A6-8685-FD61CD76F9C6,BRCA,gigapath,GigaPath,40x__10x,40× ↔ 10×,2.005596509419767,-2.005596509419767,20
TCGA-E2-A14P-01Z-00-DX1.663B02FF-C64B-41A6-8685-FD61CD76F9C6,BRCA,gigapath,GigaPath,40x__2p5x,40× ↔ 2.5×,2.608181182555958,-2.608181182555958,20
TCGA-E2-A14P-01Z-00-DX1.663B02FF-C64B-41A6-8685-FD61CD76F9C6,BRCA,gigapath_flash,GigaPath-Flash,10x__2p5x,10× ↔ 2.5×,1.8297078484464504,-1.8297078484464504,20
TCGA-E2-A14P-01Z-00-DX1.663B02FF-C64B-41A6-8685-FD61CD76F9C6,BRCA,gigapath_flash,GigaPath-Flash,40x__10x,40× ↔ 10×,2.3288784008897805,-2.3288784008897805,20
TCGA-E2-A14P-01Z-00-DX1.663B02FF-C64B-41A6-8685-FD61CD76F9C6,BRCA,gigapath_flash,GigaPath-Flash,40x__2p5x,40× ↔ 2.5×,4.239636685158256,-4.239636685158256,20
TCGA-E2-A14P-01Z-00-DX1.663B02FF-C64B-41A6-8685-FD61CD76F9C6,BRCA,midnight,Midnight,10x__2p5x,10× ↔ 2.5×,0.14763731464584656,-0.14763731464584656,20
TCGA-E2-A14P-01Z-00-DX1.663B02FF-C64B-41A6-8685-FD61CD76F9C6,BRCA,midnight,Midnight,40x__10x,40× ↔ 10×,0.2371049731851374,-0.2371049731851374,20
TCGA-E2-A14P-01Z-00-DX1.663B02FF-C64B-41A6-8685-FD61CD76F9C6,BRCA,midnight,Midnight,40x__2p5x,40× ↔ 2.5×,0.47275288801364657,-0.47275288801364657,20
TCGA-E2-A14P-01Z-00-DX1.663B02FF-C64B-41A6-8685-FD61CD76F9C6,BRCA,phikon,Phikon,10x__2p5x,10× ↔ 2.5×,1.9677868903223863,-1.9677868903223863,20
TCGA-E2-A14P-01Z-00-DX1.663B02FF-C64B-41A6-8685-FD61CD76F9C6,BRCA,phikon,Phikon,40x__10x,40× ↔ 10×,0.9180525342246278,-0.9180525342246278,20
TCGA-E2-A14P-01Z-00-DX1.663B02FF-C64B-41A6-8685-FD61CD76F9C6,BRCA,phikon,Phikon,40x__2p5x,40× ↔ 2.5×,4.153668146670874,-4.153668146670874,20
TCGA-E2-A14P-01Z-00-DX1.663B02FF-C64B-41A6-8685-FD61CD76F9C6,BRCA,uni,UNI,10x__2p5x,10× ↔ 2.5×,1.1514888088923827,-1.1514888088923827,20
TCGA-E2-A14P-01Z-00-DX1.663B02FF-C64B-41A6-8685-FD61CD76F9C6,BRCA,uni,UNI,40x__10x,40× ↔ 10×,1.5580297924042683,-1.5580297924042683,20
TCGA-E2-A14P-01Z-00-DX1.663B02FF-C64B-41A6-8685-FD61CD76F9C6,BRCA,uni,UNI,40x__2p5x,40× ↔ 2.5×,2.1090259619288996,-2.1090259619288996,20
TCGA-E2-A14P-01Z-00-DX1.663B02FF-C64B-41A6-8685-FD61CD76F9C6,BRCA,uni2,UNI2,10x__2p5x,10× ↔ 2.5×,0.30773928365962566,-0.30773928365962566,20
TCGA-E2-A14P-01Z-00-DX1.663B02FF-C64B-41A6-8685-FD61CD76F9C6,BRCA,uni2,UNI2,40x__10x,40× ↔ 10×,1.0361682667584478,-1.0361682667584478,20
TCGA-E2-A14P-01Z-00-DX1.663B02FF-C64B-41A6-8685-FD61CD76F9C6,BRCA,uni2,UNI2,40x__2p5x,40× ↔ 2.5×,1.9832018681787993,-1.9832018681787993,20
TCGA-E2-A14P-01Z-00-DX1.663B02FF-C64B-41A6-8685-FD61CD76F9C6,BRCA,virchow,Virchow,10x__2p5x,10× ↔ 2.5×,2.474283596274174,-2.474283596274174,20
TCGA-E2-A14P-01Z-00-DX1.663B02FF-C64B-41A6-8685-FD61CD76F9C6,BRCA,virchow,Virchow,40x__10x,40× ↔ 10×,2.2319518489259815,-2.2319518489259815,20
TCGA-E2-A14P-01Z-00-DX1.663B02FF-C64B-41A6-8685-FD61CD76F9C6,BRCA,virchow,Virchow,40x__2p5x,40× ↔ 2.5×,3.3410313970989627,-3.3410313970989627,20
TCGA-E2-A14P-01Z-00-DX1.663B02FF-C64B-41A6-8685-FD61CD76F9C6,BRCA,virchow2,Virchow2,10x__2p5x,10× ↔ 2.5×,0.13639644082694913,-0.13639644082694913,20
TCGA-E2-A14P-01Z-00-DX1.663B02FF-C64B-41A6-8685-FD61CD76F9C6,BRCA,virchow2,Virchow2,40x__10x,40× ↔ 10×,0.34907427658755164,-0.34907427658755164,20
TCGA-E2-A14P-01Z-00-DX1.663B02FF-C64B-41A6-8685-FD61CD76F9C6,BRCA,virchow2,Virchow2,40x__2p5x,40× ↔ 2.5×,1.1613904104510664,-1.1613904104510664,20
TCGA-E2-A1LA-01Z-00-DX1.AE49E943-B830-4ED9-B09E-E499441BC2EC,BRCA,gigapath,GigaPath,10x__2p5x,10× ↔ 2.5×,0.8620468102961658,-0.8620468102961658,20
TCGA-E2-A1LA-01Z-00-DX1.AE49E943-B830-4ED9-B09E-E499441BC2EC,BRCA,gigapath,GigaPath,40x__10x,40× ↔ 10×,1.3171905310270575,-1.3171905310270575,20
TCGA-E2-A1LA-01Z-00-DX1.AE49E943-B830-4ED9-B09E-E499441BC2EC,BRCA,gigapath,GigaPath,40x__2p5x,40× ↔ 2.5×,3.38969685250438,-3.38969685250438,20
TCGA-E2-A1LA-01Z-00-DX1.AE49E943-B830-4ED9-B09E-E499441BC2EC,BRCA,gigapath_flash,GigaPath-Flash,10x__2p5x,10× ↔ 2.5×,1.1413627870055534,-1.1413627870055534,20
TCGA-E2-A1LA-01Z-00-DX1.AE49E943-B830-4ED9-B09E-E499441BC2EC,BRCA,gigapath_flash,GigaPath-Flash,40x__10x,40× ↔ 10×,0.5741731003866477,-0.5741731003866477,20
TCGA-E2-A1LA-01Z-00-DX1.AE49E943-B830-4ED9-B09E-E499441BC2EC,BRCA,gigapath_flash,GigaPath-Flash,40x__2p5x,40× ↔ 2.5×,4.921615830475558,-4.921615830475558,20
TCGA-E2-A1LA-01Z-00-DX1.AE49E943-B830-4ED9-B09E-E499441BC2EC,BRCA,midnight,Midnight,10x__2p5x,10× ↔ 2.5×,0.25948393340093423,-0.25948393340093423,20
TCGA-E2-A1LA-01Z-00-DX1.AE49E943-B830-4ED9-B09E-E499441BC2EC,BRCA,midnight,Midnight,40x__10x,40× ↔ 10×,0.5477555532276049,-0.5477555532276049,20
TCGA-E2-A1LA-01Z-00-DX1.AE49E943-B830-4ED9-B09E-E499441BC2EC,BRCA,midnight,Midnight,40x__2p5x,40× ↔ 2.5×,0.8147012852168316,-0.8147012852168316,20
TCGA-E2-A1LA-01Z-00-DX1.AE49E943-B830-4ED9-B09E-E499441BC2EC,BRCA,phikon,Phikon,10x__2p5x,10× ↔ 2.5×,2.69222364414716,-2.69222364414716,20
TCGA-E2-A1LA-01Z-00-DX1.AE49E943-B830-4ED9-B09E-E499441BC2EC,BRCA,phikon,Phikon,40x__10x,40× ↔ 10×,0.92019109324202,-0.92019109324202,20
TCGA-E2-A1LA-01Z-00-DX1.AE49E943-B830-4ED9-B09E-E499441BC2EC,BRCA,phikon,Phikon,40x__2p5x,40× ↔ 2.5×,4.419780327983757,-4.419780327983757,20
TCGA-E2-A1LA-01Z-00-DX1.AE49E943-B830-4ED9-B09E-E499441BC2EC,BRCA,uni,UNI,10x__2p5x,10× ↔ 2.5×,1.8928962461958623,-1.8928962461958623,20
TCGA-E2-A1LA-01Z-00-DX1.AE49E943-B830-4ED9-B09E-E499441BC2EC,BRCA,uni,UNI,40x__10x,40× ↔ 10×,0.5172419801418504,-0.5172419801418504,20
TCGA-E2-A1LA-01Z-00-DX1.AE49E943-B830-4ED9-B09E-E499441BC2EC,BRCA,uni,UNI,40x__2p5x,40× ↔ 2.5×,2.051148940622201,-2.051148940622201,20
TCGA-E2-A1LA-01Z-00-DX1.AE49E943-B830-4ED9-B09E-E499441BC2EC,BRCA,uni2,UNI2,10x__2p5x,10× ↔ 2.5×,0.481264012873833,-0.481264012873833,20
TCGA-E2-A1LA-01Z-00-DX1.AE49E943-B830-4ED9-B09E-E499441BC2EC,BRCA,uni2,UNI2,40x__10x,40× ↔ 10×,1.2230793043975838,-1.2230793043975838,20
TCGA-E2-A1LA-01Z-00-DX1.AE49E943-B830-4ED9-B09E-E499441BC2EC,BRCA,uni2,UNI2,40x__2p5x,40× ↔ 2.5×,2.0456237234536414,-2.0456237234536414,20
TCGA-E2-A1LA-01Z-00-DX1.AE49E943-B830-4ED9-B09E-E499441BC2EC,BRCA,virchow,Virchow,10x__2p5x,10× ↔ 2.5×,1.0015076268407943,-1.0015076268407943,20
TCGA-E2-A1LA-01Z-00-DX1.AE49E943-B830-4ED9-B09E-E499441BC2EC,BRCA,virchow,Virchow,40x__10x,40× ↔ 10×,1.1755944879845583,-1.1755944879845583,20
TCGA-E2-A1LA-01Z-00-DX1.AE49E943-B830-4ED9-B09E-E499441BC2EC,BRCA,virchow,Virchow,40x__2p5x,40× ↔ 2.5×,3.1161769408581956,-3.1161769408581956,20
TCGA-E2-A1LA-01Z-00-DX1.AE49E943-B830-4ED9-B09E-E499441BC2EC,BRCA,virchow2,Virchow2,10x__2p5x,10× ↔ 2.5×,0.0737006124956101,-0.0737006124956101,20
TCGA-E2-A1LA-01Z-00-DX1.AE49E943-B830-4ED9-B09E-E499441BC2EC,BRCA,virchow2,Virchow2,40x__10x,40× ↔ 10×,0.6514423739454935,-0.6514423739454935,20
TCGA-E2-A1LA-01Z-00-DX1.AE49E943-B830-4ED9-B09E-E499441BC2EC,BRCA,virchow2,Virchow2,40x__2p5x,40× ↔ 2.5×,1.5514432894668881,-1.5514432894668881,20
TCGA-EY-A1GQ-01Z-00-DX1.03D52C6F-515E-4A4F-A08E-31D773BCC67F,UCEC,gigapath,GigaPath,10x__2p5x,10× ↔ 2.5×,1.4727614996651468,-1.4727614996651468,20
TCGA-EY-A1GQ-01Z-00-DX1.03D52C6F-515E-4A4F-A08E-31D773BCC67F,UCEC,gigapath,GigaPath,40x__10x,40× ↔ 10×,0.956106783101028,-0.956106783101028,20
TCGA-EY-A1GQ-01Z-00-DX1.03D52C6F-515E-4A4F-A08E-31D773BCC67F,UCEC,gigapath,GigaPath,40x__2p5x,40× ↔ 2.5×,3.425336046394542,-3.425336046394542,20
TCGA-EY-A1GQ-01Z-00-DX1.03D52C6F-515E-4A4F-A08E-31D773BCC67F,UCEC,gigapath_flash,GigaPath-Flash,10x__2p5x,10× ↔ 2.5×,0.9684783678851107,-0.9684783678851107,20
TCGA-EY-A1GQ-01Z-00-DX1.03D52C6F-515E-4A4F-A08E-31D773BCC67F,UCEC,gigapath_flash,GigaPath-Flash,40x__10x,40× ↔ 10×,0.5642747488738701,-0.5642747488738701,20
TCGA-EY-A1GQ-01Z-00-DX1.03D52C6F-515E-4A4F-A08E-31D773BCC67F,UCEC,gigapath_flash,GigaPath-Flash,40x__2p5x,40× ↔ 2.5×,3.440355936379246,-3.440355936379246,20
TCGA-EY-A1GQ-01Z-00-DX1.03D52C6F-515E-4A4F-A08E-31D773BCC67F,UCEC,midnight,Midnight,10x__2p5x,10× ↔ 2.5×,0.49452509305214953,-0.49452509305214953,20
TCGA-EY-A1GQ-01Z-00-DX1.03D52C6F-515E-4A4F-A08E-31D773BCC67F,UCEC,midnight,Midnight,40x__10x,40× ↔ 10×,1.3543155203941135,-1.3543155203941135,20
TCGA-EY-A1GQ-01Z-00-DX1.03D52C6F-515E-4A4F-A08E-31D773BCC67F,UCEC,midnight,Midnight,40x__2p5x,40× ↔ 2.5×,1.339790358318778,-1.339790358318778,20
TCGA-EY-A1GQ-01Z-00-DX1.03D52C6F-515E-4A4F-A08E-31D773BCC67F,UCEC,phikon,Phikon,10x__2p5x,10× ↔ 2.5×,2.0975273808163384,-2.0975273808163384,20
TCGA-EY-A1GQ-01Z-00-DX1.03D52C6F-515E-4A4F-A08E-31D773BCC67F,UCEC,phikon,Phikon,40x__10x,40× ↔ 10×,0.47851199703852,-0.47851199703852,20
TCGA-EY-A1GQ-01Z-00-DX1.03D52C6F-515E-4A4F-A08E-31D773BCC67F,UCEC,phikon,Phikon,40x__2p5x,40× ↔ 2.5×,2.132042114301464,-2.132042114301464,20
TCGA-EY-A1GQ-01Z-00-DX1.03D52C6F-515E-4A4F-A08E-31D773BCC67F,UCEC,uni,UNI,10x__2p5x,10× ↔ 2.5×,2.8897506518130425,-2.8897506518130425,20
TCGA-EY-A1GQ-01Z-00-DX1.03D52C6F-515E-4A4F-A08E-31D773BCC67F,UCEC,uni,UNI,40x__10x,40× ↔ 10×,1.1462183076126027,-1.1462183076126027,20
TCGA-EY-A1GQ-01Z-00-DX1.03D52C6F-515E-4A4F-A08E-31D773BCC67F,UCEC,uni,UNI,40x__2p5x,40× ↔ 2.5×,3.4814251073834415,-3.4814251073834415,20
TCGA-EY-A1GQ-01Z-00-DX1.03D52C6F-515E-4A4F-A08E-31D773BCC67F,UCEC,uni2,UNI2,10x__2p5x,10× ↔ 2.5×,0.48835308123344906,-0.48835308123344906,20
TCGA-EY-A1GQ-01Z-00-DX1.03D52C6F-515E-4A4F-A08E-31D773BCC67F,UCEC,uni2,UNI2,40x__10x,40× ↔ 10×,1.6453112815688207,-1.6453112815688207,20
TCGA-EY-A1GQ-01Z-00-DX1.03D52C6F-515E-4A4F-A08E-31D773BCC67F,UCEC,uni2,UNI2,40x__2p5x,40× ↔ 2.5×,1.8327668188139494,-1.8327668188139494,20
TCGA-EY-A1GQ-01Z-00-DX1.03D52C6F-515E-4A4F-A08E-31D773BCC67F,UCEC,virchow,Virchow,10x__2p5x,10× ↔ 2.5×,7.412509231533991,-7.412509231533991,20
TCGA-EY-A1GQ-01Z-00-DX1.03D52C6F-515E-4A4F-A08E-31D773BCC67F,UCEC,virchow,Virchow,40x__10x,40× ↔ 10×,1.6566095637707403,-1.6566095637707403,20
TCGA-EY-A1GQ-01Z-00-DX1.03D52C6F-515E-4A4F-A08E-31D773BCC67F,UCEC,virchow,Virchow,40x__2p5x,40× ↔ 2.5×,6.336262238233838,-6.336262238233838,20
TCGA-EY-A1GQ-01Z-00-DX1.03D52C6F-515E-4A4F-A08E-31D773BCC67F,UCEC,virchow2,Virchow2,10x__2p5x,10× ↔ 2.5×,0.22172199849467847,-0.22172199849467847,20
TCGA-EY-A1GQ-01Z-00-DX1.03D52C6F-515E-4A4F-A08E-31D773BCC67F,UCEC,virchow2,Virchow2,40x__10x,40× ↔ 10×,0.9326807134388659,-0.9326807134388659,20
TCGA-EY-A1GQ-01Z-00-DX1.03D52C6F-515E-4A4F-A08E-31D773BCC67F,UCEC,virchow2,Virchow2,40x__2p5x,40× ↔ 2.5×,2.002972424241718,-2.002972424241718,20
TCGA-FD-A6TK-01Z-00-DX1.B685DA87-72A6-4C38-8AA1-40B6E543383C,BLCA,gigapath,GigaPath,10x__2p5x,10× ↔ 2.5×,1.1407143495777752,-1.1407143495777752,20
TCGA-FD-A6TK-01Z-00-DX1.B685DA87-72A6-4C38-8AA1-40B6E543383C,BLCA,gigapath,GigaPath,40x__10x,40× ↔ 10×,0.767776782824314,-0.767776782824314,20
TCGA-FD-A6TK-01Z-00-DX1.B685DA87-72A6-4C38-8AA1-40B6E543383C,BLCA,gigapath,GigaPath,40x__2p5x,40× ↔ 2.5×,2.5356182592436616,-2.5356182592436616,20
TCGA-FD-A6TK-01Z-00-DX1.B685DA87-72A6-4C38-8AA1-40B6E543383C,BLCA,gigapath_flash,GigaPath-Flash,10x__2p5x,10× ↔ 2.5×,0.6143857109891677,-0.6143857109891677,20
TCGA-FD-A6TK-01Z-00-DX1.B685DA87-72A6-4C38-8AA1-40B6E543383C,BLCA,gigapath_flash,GigaPath-Flash,40x__10x,40× ↔ 10×,1.2504542748273129,-1.2504542748273129,20
TCGA-FD-A6TK-01Z-00-DX1.B685DA87-72A6-4C38-8AA1-40B6E543383C,BLCA,gigapath_flash,GigaPath-Flash,40x__2p5x,40× ↔ 2.5×,3.3452418447958605,-3.3452418447958605,20
TCGA-FD-A6TK-01Z-00-DX1.B685DA87-72A6-4C38-8AA1-40B6E543383C,BLCA,midnight,Midnight,10x__2p5x,10× ↔ 2.5×,0.07194352080953631,-0.07194352080953631,20
TCGA-FD-A6TK-01Z-00-DX1.B685DA87-72A6-4C38-8AA1-40B6E543383C,BLCA,midnight,Midnight,40x__10x,40× ↔ 10×,0.13317626907477928,-0.13317626907477928,20
TCGA-FD-A6TK-01Z-00-DX1.B685DA87-72A6-4C38-8AA1-40B6E543383C,BLCA,midnight,Midnight,40x__2p5x,40× ↔ 2.5×,0.4387888117214209,-0.4387888117214209,20
TCGA-FD-A6TK-01Z-00-DX1.B685DA87-72A6-4C38-8AA1-40B6E543383C,BLCA,phikon,Phikon,10x__2p5x,10× ↔ 2.5×,0.6731779171388095,-0.6731779171388095,20
TCGA-FD-A6TK-01Z-00-DX1.B685DA87-72A6-4C38-8AA1-40B6E543383C,BLCA,phikon,Phikon,40x__10x,40× ↔ 10×,0.15213457416031378,-0.15213457416031378,20
TCGA-FD-A6TK-01Z-00-DX1.B685DA87-72A6-4C38-8AA1-40B6E543383C,BLCA,phikon,Phikon,40x__2p5x,40× ↔ 2.5×,2.0160881127780876,-2.0160881127780876,20
TCGA-FD-A6TK-01Z-00-DX1.B685DA87-72A6-4C38-8AA1-40B6E543383C,BLCA,uni,UNI,10x__2p5x,10× ↔ 2.5×,0.4823076859888159,-0.4823076859888159,20
TCGA-FD-A6TK-01Z-00-DX1.B685DA87-72A6-4C38-8AA1-40B6E543383C,BLCA,uni,UNI,40x__10x,40× ↔ 10×,0.49846830094768607,-0.49846830094768607,20
TCGA-FD-A6TK-01Z-00-DX1.B685DA87-72A6-4C38-8AA1-40B6E543383C,BLCA,uni,UNI,40x__2p5x,40× ↔ 2.5×,3.1202190353550843,-3.1202190353550843,20
TCGA-FD-A6TK-01Z-00-DX1.B685DA87-72A6-4C38-8AA1-40B6E543383C,BLCA,uni2,UNI2,10x__2p5x,10× ↔ 2.5×,0.26390725184376873,-0.26390725184376873,20
TCGA-FD-A6TK-01Z-00-DX1.B685DA87-72A6-4C38-8AA1-40B6E543383C,BLCA,uni2,UNI2,40x__10x,40× ↔ 10×,1.2891339666456252,-1.2891339666456252,20
TCGA-FD-A6TK-01Z-00-DX1.B685DA87-72A6-4C38-8AA1-40B6E543383C,BLCA,uni2,UNI2,40x__2p5x,40× ↔ 2.5×,2.276855578097847,-2.276855578097847,20
TCGA-FD-A6TK-01Z-00-DX1.B685DA87-72A6-4C38-8AA1-40B6E543383C,BLCA,virchow,Virchow,10x__2p5x,10× ↔ 2.5×,4.085032633518078,-4.085032633518078,20
TCGA-FD-A6TK-01Z-00-DX1.B685DA87-72A6-4C38-8AA1-40B6E543383C,BLCA,virchow,Virchow,40x__10x,40× ↔ 10×,2.189487435023062,-2.189487435023062,20
TCGA-FD-A6TK-01Z-00-DX1.B685DA87-72A6-4C38-8AA1-40B6E543383C,BLCA,virchow,Virchow,40x__2p5x,40× ↔ 2.5×,6.229127607007492,-6.229127607007492,20
TCGA-FD-A6TK-01Z-00-DX1.B685DA87-72A6-4C38-8AA1-40B6E543383C,BLCA,virchow2,Virchow2,10x__2p5x,10× ↔ 2.5×,0.40732047779102754,-0.40732047779102754,20
TCGA-FD-A6TK-01Z-00-DX1.B685DA87-72A6-4C38-8AA1-40B6E543383C,BLCA,virchow2,Virchow2,40x__10x,40× ↔ 10×,1.2097060969305122,-1.2097060969305122,20
TCGA-FD-A6TK-01Z-00-DX1.B685DA87-72A6-4C38-8AA1-40B6E543383C,BLCA,virchow2,Virchow2,40x__2p5x,40× ↔ 2.5×,2.7816371701602463,-2.7816371701602463,20
TCGA-FI-A2EX-01Z-00-DX1.127F5153-745D-43E6-83CA-DE2738702C62,UCEC,gigapath,GigaPath,10x__2p5x,10× ↔ 2.5×,0.3391196209084125,-0.3391196209084125,20
TCGA-FI-A2EX-01Z-00-DX1.127F5153-745D-43E6-83CA-DE2738702C62,UCEC,gigapath,GigaPath,40x__10x,40× ↔ 10×,0.6450608666557159,-0.6450608666557159,20
TCGA-FI-A2EX-01Z-00-DX1.127F5153-745D-43E6-83CA-DE2738702C62,UCEC,gigapath,GigaPath,40x__2p5x,40× ↔ 2.5×,1.5217205697806877,-1.5217205697806877,20
TCGA-FI-A2EX-01Z-00-DX1.127F5153-745D-43E6-83CA-DE2738702C62,UCEC,gigapath_flash,GigaPath-Flash,10x__2p5x,10× ↔ 2.5×,0.9628342886660768,-0.9628342886660768,20
TCGA-FI-A2EX-01Z-00-DX1.127F5153-745D-43E6-83CA-DE2738702C62,UCEC,gigapath_flash,GigaPath-Flash,40x__10x,40× ↔ 10×,0.8411111257351044,-0.8411111257351044,20
TCGA-FI-A2EX-01Z-00-DX1.127F5153-745D-43E6-83CA-DE2738702C62,UCEC,gigapath_flash,GigaPath-Flash,40x__2p5x,40× ↔ 2.5×,2.2902285260581903,-2.2902285260581903,20
TCGA-FI-A2EX-01Z-00-DX1.127F5153-745D-43E6-83CA-DE2738702C62,UCEC,midnight,Midnight,10x__2p5x,10× ↔ 2.5×,0.12773089931318807,-0.12773089931318807,20
TCGA-FI-A2EX-01Z-00-DX1.127F5153-745D-43E6-83CA-DE2738702C62,UCEC,midnight,Midnight,40x__10x,40× ↔ 10×,0.18022054923317804,-0.18022054923317804,20
TCGA-FI-A2EX-01Z-00-DX1.127F5153-745D-43E6-83CA-DE2738702C62,UCEC,midnight,Midnight,40x__2p5x,40× ↔ 2.5×,0.45737752987901714,-0.45737752987901714,20
TCGA-FI-A2EX-01Z-00-DX1.127F5153-745D-43E6-83CA-DE2738702C62,UCEC,phikon,Phikon,10x__2p5x,10× ↔ 2.5×,0.6982569895165183,-0.6982569895165183,20
TCGA-FI-A2EX-01Z-00-DX1.127F5153-745D-43E6-83CA-DE2738702C62,UCEC,phikon,Phikon,40x__10x,40× ↔ 10×,0.10977373451228227,-0.10977373451228227,20
TCGA-FI-A2EX-01Z-00-DX1.127F5153-745D-43E6-83CA-DE2738702C62,UCEC,phikon,Phikon,40x__2p5x,40× ↔ 2.5×,2.580818498139469,-2.580818498139469,20
TCGA-FI-A2EX-01Z-00-DX1.127F5153-745D-43E6-83CA-DE2738702C62,UCEC,uni,UNI,10x__2p5x,10× ↔ 2.5×,2.572069552444943,-2.572069552444943,20
TCGA-FI-A2EX-01Z-00-DX1.127F5153-745D-43E6-83CA-DE2738702C62,UCEC,uni,UNI,40x__10x,40× ↔ 10×,0.10327870079179269,-0.10327870079179269,20
TCGA-FI-A2EX-01Z-00-DX1.127F5153-745D-43E6-83CA-DE2738702C62,UCEC,uni,UNI,40x__2p5x,40× ↔ 2.5×,2.480241340603164,-2.480241340603164,20
TCGA-FI-A2EX-01Z-00-DX1.127F5153-745D-43E6-83CA-DE2738702C62,UCEC,uni2,UNI2,10x__2p5x,10× ↔ 2.5×,0.005897919640259606,-0.005897919640259606,20
TCGA-FI-A2EX-01Z-00-DX1.127F5153-745D-43E6-83CA-DE2738702C62,UCEC,uni2,UNI2,40x__10x,40× ↔ 10×,0.0622687342975856,-0.0622687342975856,20
TCGA-FI-A2EX-01Z-00-DX1.127F5153-745D-43E6-83CA-DE2738702C62,UCEC,uni2,UNI2,40x__2p5x,40× ↔ 2.5×,0.07486576229476832,-0.07486576229476832,20
TCGA-FI-A2EX-01Z-00-DX1.127F5153-745D-43E6-83CA-DE2738702C62,UCEC,virchow,Virchow,10x__2p5x,10× ↔ 2.5×,2.7584678635636886,-2.7584678635636886,20
TCGA-FI-A2EX-01Z-00-DX1.127F5153-745D-43E6-83CA-DE2738702C62,UCEC,virchow,Virchow,40x__10x,40× ↔ 10×,0.8180657215195091,-0.8180657215195091,20
TCGA-FI-A2EX-01Z-00-DX1.127F5153-745D-43E6-83CA-DE2738702C62,UCEC,virchow,Virchow,40x__2p5x,40× ↔ 2.5×,4.495039000019401,-4.495039000019401,20
TCGA-FI-A2EX-01Z-00-DX1.127F5153-745D-43E6-83CA-DE2738702C62,UCEC,virchow2,Virchow2,10x__2p5x,10× ↔ 2.5×,0.012661761033080681,-0.012661761033080681,20
TCGA-FI-A2EX-01Z-00-DX1.127F5153-745D-43E6-83CA-DE2738702C62,UCEC,virchow2,Virchow2,40x__10x,40× ↔ 10×,0.047734320382470816,-0.047734320382470816,20
TCGA-FI-A2EX-01Z-00-DX1.127F5153-745D-43E6-83CA-DE2738702C62,UCEC,virchow2,Virchow2,40x__2p5x,40× ↔ 2.5×,0.25781624187428204,-0.25781624187428204,20
TCGA-FP-8209-01Z-00-DX1.a5e13081-1631-44d4-8d6a-c229a22c2311,STAD,gigapath,GigaPath,10x__2p5x,10× ↔ 2.5×,2.94032253302904,-2.94032253302904,20
TCGA-FP-8209-01Z-00-DX1.a5e13081-1631-44d4-8d6a-c229a22c2311,STAD,gigapath,GigaPath,40x__10x,40× ↔ 10×,1.5325748375559223,-1.5325748375559223,20
TCGA-FP-8209-01Z-00-DX1.a5e13081-1631-44d4-8d6a-c229a22c2311,STAD,gigapath,GigaPath,40x__2p5x,40× ↔ 2.5×,2.3576743684640133,-2.3576743684640133,20
TCGA-FP-8209-01Z-00-DX1.a5e13081-1631-44d4-8d6a-c229a22c2311,STAD,gigapath_flash,GigaPath-Flash,10x__2p5x,10× ↔ 2.5×,5.275668270641402,-5.275668270641402,20
TCGA-FP-8209-01Z-00-DX1.a5e13081-1631-44d4-8d6a-c229a22c2311,STAD,gigapath_flash,GigaPath-Flash,40x__10x,40× ↔ 10×,2.730178320567764,-2.730178320567764,20
TCGA-FP-8209-01Z-00-DX1.a5e13081-1631-44d4-8d6a-c229a22c2311,STAD,gigapath_flash,GigaPath-Flash,40x__2p5x,40× ↔ 2.5×,7.325113766745416,-7.325113766745416,20
TCGA-FP-8209-01Z-00-DX1.a5e13081-1631-44d4-8d6a-c229a22c2311,STAD,midnight,Midnight,10x__2p5x,10× ↔ 2.5×,0.08702334297384977,-0.08702334297384977,20
TCGA-FP-8209-01Z-00-DX1.a5e13081-1631-44d4-8d6a-c229a22c2311,STAD,midnight,Midnight,40x__10x,40× ↔ 10×,-0.0073556626111474,0.0073556626111474,20
TCGA-FP-8209-01Z-00-DX1.a5e13081-1631-44d4-8d6a-c229a22c2311,STAD,midnight,Midnight,40x__2p5x,40× ↔ 2.5×,0.15481762932920556,-0.15481762932920556,20
TCGA-FP-8209-01Z-00-DX1.a5e13081-1631-44d4-8d6a-c229a22c2311,STAD,phikon,Phikon,10x__2p5x,10× ↔ 2.5×,2.138717704999764,-2.138717704999764,20
TCGA-FP-8209-01Z-00-DX1.a5e13081-1631-44d4-8d6a-c229a22c2311,STAD,phikon,Phikon,40x__10x,40× ↔ 10×,-0.20665642634194042,0.20665642634194042,20
TCGA-FP-8209-01Z-00-DX1.a5e13081-1631-44d4-8d6a-c229a22c2311,STAD,phikon,Phikon,40x__2p5x,40× ↔ 2.5×,0.10566400944060587,-0.10566400944060587,20
TCGA-FP-8209-01Z-00-DX1.a5e13081-1631-44d4-8d6a-c229a22c2311,STAD,uni,UNI,10x__2p5x,10× ↔ 2.5×,0.4222218586149992,-0.4222218586149992,20
TCGA-FP-8209-01Z-00-DX1.a5e13081-1631-44d4-8d6a-c229a22c2311,STAD,uni,UNI,40x__10x,40× ↔ 10×,-0.8489884491636097,0.8489884491636097,20
TCGA-FP-8209-01Z-00-DX1.a5e13081-1631-44d4-8d6a-c229a22c2311,STAD,uni,UNI,40x__2p5x,40× ↔ 2.5×,0.20797005082475922,-0.20797005082475922,20
TCGA-FP-8209-01Z-00-DX1.a5e13081-1631-44d4-8d6a-c229a22c2311,STAD,uni2,UNI2,10x__2p5x,10× ↔ 2.5×,0.7779905207573605,-0.7779905207573605,20
TCGA-FP-8209-01Z-00-DX1.a5e13081-1631-44d4-8d6a-c229a22c2311,STAD,uni2,UNI2,40x__10x,40× ↔ 10×,-1.2445424453578262,1.2445424453578262,20
TCGA-FP-8209-01Z-00-DX1.a5e13081-1631-44d4-8d6a-c229a22c2311,STAD,uni2,UNI2,40x__2p5x,40× ↔ 2.5×,0.8636569202281923,-0.8636569202281923,20
TCGA-FP-8209-01Z-00-DX1.a5e13081-1631-44d4-8d6a-c229a22c2311,STAD,virchow,Virchow,10x__2p5x,10× ↔ 2.5×,7.480782763911537,-7.480782763911537,20
TCGA-FP-8209-01Z-00-DX1.a5e13081-1631-44d4-8d6a-c229a22c2311,STAD,virchow,Virchow,40x__10x,40× ↔ 10×,-1.3888775054886242,1.3888775054886242,20
TCGA-FP-8209-01Z-00-DX1.a5e13081-1631-44d4-8d6a-c229a22c2311,STAD,virchow,Virchow,40x__2p5x,40× ↔ 2.5×,5.507173987912793,-5.507173987912793,20
TCGA-FP-8209-01Z-00-DX1.a5e13081-1631-44d4-8d6a-c229a22c2311,STAD,virchow2,Virchow2,10x__2p5x,10× ↔ 2.5×,0.9455010421892972,-0.9455010421892972,20
TCGA-FP-8209-01Z-00-DX1.a5e13081-1631-44d4-8d6a-c229a22c2311,STAD,virchow2,Virchow2,40x__10x,40× ↔ 10×,-0.19319424154729814,0.19319424154729814,20
TCGA-FP-8209-01Z-00-DX1.a5e13081-1631-44d4-8d6a-c229a22c2311,STAD,virchow2,Virchow2,40x__2p5x,40× ↔ 2.5×,1.0746964823693892,-1.0746964823693892,20
TCGA-G4-6309-01Z-00-DX1.3eb20fdc-eb86-4bd5-8194-76b02d4fa472,COAD,gigapath,GigaPath,10x__2p5x,10× ↔ 2.5×,0.7178440716930063,-0.7178440716930063,20
TCGA-G4-6309-01Z-00-DX1.3eb20fdc-eb86-4bd5-8194-76b02d4fa472,COAD,gigapath,GigaPath,40x__10x,40× ↔ 10×,1.1955379873585303,-1.1955379873585303,20
TCGA-G4-6309-01Z-00-DX1.3eb20fdc-eb86-4bd5-8194-76b02d4fa472,COAD,gigapath,GigaPath,40x__2p5x,40× ↔ 2.5×,4.425544389647487,-4.425544389647487,20
TCGA-G4-6309-01Z-00-DX1.3eb20fdc-eb86-4bd5-8194-76b02d4fa472,COAD,gigapath_flash,GigaPath-Flash,10x__2p5x,10× ↔ 2.5×,1.1177996652807711,-1.1177996652807711,20
TCGA-G4-6309-01Z-00-DX1.3eb20fdc-eb86-4bd5-8194-76b02d4fa472,COAD,gigapath_flash,GigaPath-Flash,40x__10x,40× ↔ 10×,0.16089161556782303,-0.16089161556782303,20
TCGA-G4-6309-01Z-00-DX1.3eb20fdc-eb86-4bd5-8194-76b02d4fa472,COAD,gigapath_flash,GigaPath-Flash,40x__2p5x,40× ↔ 2.5×,1.1549870914420068,-1.1549870914420068,20
TCGA-G4-6309-01Z-00-DX1.3eb20fdc-eb86-4bd5-8194-76b02d4fa472,COAD,midnight,Midnight,10x__2p5x,10× ↔ 2.5×,0.16494188168797003,-0.16494188168797003,20
TCGA-G4-6309-01Z-00-DX1.3eb20fdc-eb86-4bd5-8194-76b02d4fa472,COAD,midnight,Midnight,40x__10x,40× ↔ 10×,0.35881478773167913,-0.35881478773167913,20
TCGA-G4-6309-01Z-00-DX1.3eb20fdc-eb86-4bd5-8194-76b02d4fa472,COAD,midnight,Midnight,40x__2p5x,40× ↔ 2.5×,1.145410194746646,-1.145410194746646,20
TCGA-G4-6309-01Z-00-DX1.3eb20fdc-eb86-4bd5-8194-76b02d4fa472,COAD,phikon,Phikon,10x__2p5x,10× ↔ 2.5×,0.9581240356574661,-0.9581240356574661,20
TCGA-G4-6309-01Z-00-DX1.3eb20fdc-eb86-4bd5-8194-76b02d4fa472,COAD,phikon,Phikon,40x__10x,40× ↔ 10×,0.590047502260486,-0.590047502260486,20
TCGA-G4-6309-01Z-00-DX1.3eb20fdc-eb86-4bd5-8194-76b02d4fa472,COAD,phikon,Phikon,40x__2p5x,40× ↔ 2.5×,2.396827655857075,-2.396827655857075,20
TCGA-G4-6309-01Z-00-DX1.3eb20fdc-eb86-4bd5-8194-76b02d4fa472,COAD,uni,UNI,10x__2p5x,10× ↔ 2.5×,1.7494645436032574,-1.7494645436032574,20
TCGA-G4-6309-01Z-00-DX1.3eb20fdc-eb86-4bd5-8194-76b02d4fa472,COAD,uni,UNI,40x__10x,40× ↔ 10×,0.6094003866448532,-0.6094003866448532,20
TCGA-G4-6309-01Z-00-DX1.3eb20fdc-eb86-4bd5-8194-76b02d4fa472,COAD,uni,UNI,40x__2p5x,40× ↔ 2.5×,2.463643969544371,-2.463643969544371,20
TCGA-G4-6309-01Z-00-DX1.3eb20fdc-eb86-4bd5-8194-76b02d4fa472,COAD,uni2,UNI2,10x__2p5x,10× ↔ 2.5×,0.3912494871565487,-0.3912494871565487,20
TCGA-G4-6309-01Z-00-DX1.3eb20fdc-eb86-4bd5-8194-76b02d4fa472,COAD,uni2,UNI2,40x__10x,40× ↔ 10×,1.667791145593976,-1.667791145593976,20
TCGA-G4-6309-01Z-00-DX1.3eb20fdc-eb86-4bd5-8194-76b02d4fa472,COAD,uni2,UNI2,40x__2p5x,40× ↔ 2.5×,3.2667701384181136,-3.2667701384181136,20
TCGA-G4-6309-01Z-00-DX1.3eb20fdc-eb86-4bd5-8194-76b02d4fa472,COAD,virchow,Virchow,10x__2p5x,10× ↔ 2.5×,1.4227427642402493,-1.4227427642402493,20
TCGA-G4-6309-01Z-00-DX1.3eb20fdc-eb86-4bd5-8194-76b02d4fa472,COAD,virchow,Virchow,40x__10x,40× ↔ 10×,1.275291381018093,-1.275291381018093,20
TCGA-G4-6309-01Z-00-DX1.3eb20fdc-eb86-4bd5-8194-76b02d4fa472,COAD,virchow,Virchow,40x__2p5x,40× ↔ 2.5×,1.0458572408435216,-1.0458572408435216,20
TCGA-G4-6309-01Z-00-DX1.3eb20fdc-eb86-4bd5-8194-76b02d4fa472,COAD,virchow2,Virchow2,10x__2p5x,10× ↔ 2.5×,1.0993153333559182,-1.0993153333559182,20
TCGA-G4-6309-01Z-00-DX1.3eb20fdc-eb86-4bd5-8194-76b02d4fa472,COAD,virchow2,Virchow2,40x__10x,40× ↔ 10×,0.39811130482336343,-0.39811130482336343,20
TCGA-G4-6309-01Z-00-DX1.3eb20fdc-eb86-4bd5-8194-76b02d4fa472,COAD,virchow2,Virchow2,40x__2p5x,40× ↔ 2.5×,3.978776639889466,-3.978776639889466,20
TCGA-G4-6310-01Z-00-DX1.b88472d4-3adc-4e4d-b0f2-0dc195a3d7df,COAD,gigapath,GigaPath,10x__2p5x,10× ↔ 2.5×,0.29662340448241065,-0.29662340448241065,20
TCGA-G4-6310-01Z-00-DX1.b88472d4-3adc-4e4d-b0f2-0dc195a3d7df,COAD,gigapath,GigaPath,40x__10x,40× ↔ 10×,1.5284140719308528,-1.5284140719308528,20
TCGA-G4-6310-01Z-00-DX1.b88472d4-3adc-4e4d-b0f2-0dc195a3d7df,COAD,gigapath,GigaPath,40x__2p5x,40× ↔ 2.5×,3.8958583985724657,-3.8958583985724657,20
TCGA-G4-6310-01Z-00-DX1.b88472d4-3adc-4e4d-b0f2-0dc195a3d7df,COAD,gigapath_flash,GigaPath-Flash,10x__2p5x,10× ↔ 2.5×,0.9031259707173998,-0.9031259707173998,20
TCGA-G4-6310-01Z-00-DX1.b88472d4-3adc-4e4d-b0f2-0dc195a3d7df,COAD,gigapath_flash,GigaPath-Flash,40x__10x,40× ↔ 10×,0.8909719154513998,-0.8909719154513998,20
TCGA-G4-6310-01Z-00-DX1.b88472d4-3adc-4e4d-b0f2-0dc195a3d7df,COAD,gigapath_flash,GigaPath-Flash,40x__2p5x,40× ↔ 2.5×,1.2381968943656152,-1.2381968943656152,20
TCGA-G4-6310-01Z-00-DX1.b88472d4-3adc-4e4d-b0f2-0dc195a3d7df,COAD,midnight,Midnight,10x__2p5x,10× ↔ 2.5×,1.104394598672139,-1.104394598672139,20
TCGA-G4-6310-01Z-00-DX1.b88472d4-3adc-4e4d-b0f2-0dc195a3d7df,COAD,midnight,Midnight,40x__10x,40× ↔ 10×,1.0896328263932287,-1.0896328263932287,20
TCGA-G4-6310-01Z-00-DX1.b88472d4-3adc-4e4d-b0f2-0dc195a3d7df,COAD,midnight,Midnight,40x__2p5x,40× ↔ 2.5×,1.7653115208728054,-1.7653115208728054,20
TCGA-G4-6310-01Z-00-DX1.b88472d4-3adc-4e4d-b0f2-0dc195a3d7df,COAD,phikon,Phikon,10x__2p5x,10× ↔ 2.5×,0.9900570841820633,-0.9900570841820633,20
TCGA-G4-6310-01Z-00-DX1.b88472d4-3adc-4e4d-b0f2-0dc195a3d7df,COAD,phikon,Phikon,40x__10x,40× ↔ 10×,0.6439610634389925,-0.6439610634389925,20
TCGA-G4-6310-01Z-00-DX1.b88472d4-3adc-4e4d-b0f2-0dc195a3d7df,COAD,phikon,Phikon,40x__2p5x,40× ↔ 2.5×,2.871673945370522,-2.871673945370522,20
TCGA-G4-6310-01Z-00-DX1.b88472d4-3adc-4e4d-b0f2-0dc195a3d7df,COAD,uni,UNI,10x__2p5x,10× ↔ 2.5×,2.1355995630871165,-2.1355995630871165,20
TCGA-G4-6310-01Z-00-DX1.b88472d4-3adc-4e4d-b0f2-0dc195a3d7df,COAD,uni,UNI,40x__10x,40× ↔ 10×,0.706278907006234,-0.706278907006234,20
TCGA-G4-6310-01Z-00-DX1.b88472d4-3adc-4e4d-b0f2-0dc195a3d7df,COAD,uni,UNI,40x__2p5x,40× ↔ 2.5×,2.470596489775337,-2.470596489775337,20
TCGA-G4-6310-01Z-00-DX1.b88472d4-3adc-4e4d-b0f2-0dc195a3d7df,COAD,uni2,UNI2,10x__2p5x,10× ↔ 2.5×,0.9731794264885438,-0.9731794264885438,20
TCGA-G4-6310-01Z-00-DX1.b88472d4-3adc-4e4d-b0f2-0dc195a3d7df,COAD,uni2,UNI2,40x__10x,40× ↔ 10×,1.8910416747519587,-1.8910416747519587,20
TCGA-G4-6310-01Z-00-DX1.b88472d4-3adc-4e4d-b0f2-0dc195a3d7df,COAD,uni2,UNI2,40x__2p5x,40× ↔ 2.5×,3.594431665487022,-3.594431665487022,20
TCGA-G4-6310-01Z-00-DX1.b88472d4-3adc-4e4d-b0f2-0dc195a3d7df,COAD,virchow,Virchow,10x__2p5x,10× ↔ 2.5×,1.8915473615235912,-1.8915473615235912,20
TCGA-G4-6310-01Z-00-DX1.b88472d4-3adc-4e4d-b0f2-0dc195a3d7df,COAD,virchow,Virchow,40x__10x,40× ↔ 10×,1.181813083983535,-1.181813083983535,20
TCGA-G4-6310-01Z-00-DX1.b88472d4-3adc-4e4d-b0f2-0dc195a3d7df,COAD,virchow,Virchow,40x__2p5x,40× ↔ 2.5×,1.6907432508535833,-1.6907432508535833,20
TCGA-G4-6310-01Z-00-DX1.b88472d4-3adc-4e4d-b0f2-0dc195a3d7df,COAD,virchow2,Virchow2,10x__2p5x,10× ↔ 2.5×,0.5465532454511296,-0.5465532454511296,20
TCGA-G4-6310-01Z-00-DX1.b88472d4-3adc-4e4d-b0f2-0dc195a3d7df,COAD,virchow2,Virchow2,40x__10x,40× ↔ 10×,0.9101266173199625,-0.9101266173199625,20
TCGA-G4-6310-01Z-00-DX1.b88472d4-3adc-4e4d-b0f2-0dc195a3d7df,COAD,virchow2,Virchow2,40x__2p5x,40× ↔ 2.5×,2.7683589402551307,-2.7683589402551307,20
TCGA-G4-6588-01Z-00-DX1.0747172e-f630-4b7c-9341-55078585ae00,COAD,gigapath,GigaPath,10x__2p5x,10× ↔ 2.5×,0.5877615470418481,-0.5877615470418481,20
TCGA-G4-6588-01Z-00-DX1.0747172e-f630-4b7c-9341-55078585ae00,COAD,gigapath,GigaPath,40x__10x,40× ↔ 10×,1.135629814736352,-1.135629814736352,20
TCGA-G4-6588-01Z-00-DX1.0747172e-f630-4b7c-9341-55078585ae00,COAD,gigapath,GigaPath,40x__2p5x,40× ↔ 2.5×,4.394134079647221,-4.394134079647221,20
TCGA-G4-6588-01Z-00-DX1.0747172e-f630-4b7c-9341-55078585ae00,COAD,gigapath_flash,GigaPath-Flash,10x__2p5x,10× ↔ 2.5×,1.1947171643091639,-1.1947171643091639,20
TCGA-G4-6588-01Z-00-DX1.0747172e-f630-4b7c-9341-55078585ae00,COAD,gigapath_flash,GigaPath-Flash,40x__10x,40× ↔ 10×,0.11286327868690012,-0.11286327868690012,20
TCGA-G4-6588-01Z-00-DX1.0747172e-f630-4b7c-9341-55078585ae00,COAD,gigapath_flash,GigaPath-Flash,40x__2p5x,40× ↔ 2.5×,1.3005626290993573,-1.3005626290993573,20
TCGA-G4-6588-01Z-00-DX1.0747172e-f630-4b7c-9341-55078585ae00,COAD,midnight,Midnight,10x__2p5x,10× ↔ 2.5×,0.1578607326116515,-0.1578607326116515,20
TCGA-G4-6588-01Z-00-DX1.0747172e-f630-4b7c-9341-55078585ae00,COAD,midnight,Midnight,40x__10x,40× ↔ 10×,0.3482270740756628,-0.3482270740756628,20
TCGA-G4-6588-01Z-00-DX1.0747172e-f630-4b7c-9341-55078585ae00,COAD,midnight,Midnight,40x__2p5x,40× ↔ 2.5×,1.033198028834058,-1.033198028834058,20
TCGA-G4-6588-01Z-00-DX1.0747172e-f630-4b7c-9341-55078585ae00,COAD,phikon,Phikon,10x__2p5x,10× ↔ 2.5×,1.1739967205376307,-1.1739967205376307,20
TCGA-G4-6588-01Z-00-DX1.0747172e-f630-4b7c-9341-55078585ae00,COAD,phikon,Phikon,40x__10x,40× ↔ 10×,0.48034090655456624,-0.48034090655456624,20
TCGA-G4-6588-01Z-00-DX1.0747172e-f630-4b7c-9341-55078585ae00,COAD,phikon,Phikon,40x__2p5x,40× ↔ 2.5×,2.491632353733145,-2.491632353733145,20
TCGA-G4-6588-01Z-00-DX1.0747172e-f630-4b7c-9341-55078585ae00,COAD,uni,UNI,10x__2p5x,10× ↔ 2.5×,1.8098180719990213,-1.8098180719990213,20
TCGA-G4-6588-01Z-00-DX1.0747172e-f630-4b7c-9341-55078585ae00,COAD,uni,UNI,40x__10x,40× ↔ 10×,0.5925401351361612,-0.5925401351361612,20
TCGA-G4-6588-01Z-00-DX1.0747172e-f630-4b7c-9341-55078585ae00,COAD,uni,UNI,40x__2p5x,40× ↔ 2.5×,2.6945706762273494,-2.6945706762273494,20
TCGA-G4-6588-01Z-00-DX1.0747172e-f630-4b7c-9341-55078585ae00,COAD,uni2,UNI2,10x__2p5x,10× ↔ 2.5×,0.5837647828676429,-0.5837647828676429,20
TCGA-G4-6588-01Z-00-DX1.0747172e-f630-4b7c-9341-55078585ae00,COAD,uni2,UNI2,40x__10x,40× ↔ 10×,1.2943868239606617,-1.2943868239606617,20
TCGA-G4-6588-01Z-00-DX1.0747172e-f630-4b7c-9341-55078585ae00,COAD,uni2,UNI2,40x__2p5x,40× ↔ 2.5×,3.286224870744676,-3.286224870744676,20
TCGA-G4-6588-01Z-00-DX1.0747172e-f630-4b7c-9341-55078585ae00,COAD,virchow,Virchow,10x__2p5x,10× ↔ 2.5×,1.6915524884378663,-1.6915524884378663,20
TCGA-G4-6588-01Z-00-DX1.0747172e-f630-4b7c-9341-55078585ae00,COAD,virchow,Virchow,40x__10x,40× ↔ 10×,0.8501726872287503,-0.8501726872287503,20
TCGA-G4-6588-01Z-00-DX1.0747172e-f630-4b7c-9341-55078585ae00,COAD,virchow,Virchow,40x__2p5x,40× ↔ 2.5×,1.636402459963079,-1.636402459963079,20
TCGA-G4-6588-01Z-00-DX1.0747172e-f630-4b7c-9341-55078585ae00,COAD,virchow2,Virchow2,10x__2p5x,10× ↔ 2.5×,0.8312781508241848,-0.8312781508241848,20
TCGA-G4-6588-01Z-00-DX1.0747172e-f630-4b7c-9341-55078585ae00,COAD,virchow2,Virchow2,40x__10x,40× ↔ 10×,0.41742174394512616,-0.41742174394512616,20
TCGA-G4-6588-01Z-00-DX1.0747172e-f630-4b7c-9341-55078585ae00,COAD,virchow2,Virchow2,40x__2p5x,40× ↔ 2.5×,3.000511534938229,-3.000511534938229,20
TCGA-GM-A3XN-01Z-00-DX1.49F5C8AC-0328-4BC2-9FE2-E7150B7A42E2,BRCA,gigapath,GigaPath,10x__2p5x,10× ↔ 2.5×,0.9776864479681127,-0.9776864479681127,20
TCGA-GM-A3XN-01Z-00-DX1.49F5C8AC-0328-4BC2-9FE2-E7150B7A42E2,BRCA,gigapath,GigaPath,40x__10x,40× ↔ 10×,0.9554310210406933,-0.9554310210406933,20
TCGA-GM-A3XN-01Z-00-DX1.49F5C8AC-0328-4BC2-9FE2-E7150B7A42E2,BRCA,gigapath,GigaPath,40x__2p5x,40× ↔ 2.5×,3.509859117341346,-3.509859117341346,20
TCGA-GM-A3XN-01Z-00-DX1.49F5C8AC-0328-4BC2-9FE2-E7150B7A42E2,BRCA,gigapath_flash,GigaPath-Flash,10x__2p5x,10× ↔ 2.5×,1.6177366910368254,-1.6177366910368254,20
TCGA-GM-A3XN-01Z-00-DX1.49F5C8AC-0328-4BC2-9FE2-E7150B7A42E2,BRCA,gigapath_flash,GigaPath-Flash,40x__10x,40× ↔ 10×,2.3116620174112166,-2.3116620174112166,20
TCGA-GM-A3XN-01Z-00-DX1.49F5C8AC-0328-4BC2-9FE2-E7150B7A42E2,BRCA,gigapath_flash,GigaPath-Flash,40x__2p5x,40× ↔ 2.5×,5.5998427280390235,-5.5998427280390235,20
TCGA-GM-A3XN-01Z-00-DX1.49F5C8AC-0328-4BC2-9FE2-E7150B7A42E2,BRCA,midnight,Midnight,10x__2p5x,10× ↔ 2.5×,0.1654764087869923,-0.1654764087869923,20
TCGA-GM-A3XN-01Z-00-DX1.49F5C8AC-0328-4BC2-9FE2-E7150B7A42E2,BRCA,midnight,Midnight,40x__10x,40× ↔ 10×,0.43633671066592683,-0.43633671066592683,20
TCGA-GM-A3XN-01Z-00-DX1.49F5C8AC-0328-4BC2-9FE2-E7150B7A42E2,BRCA,midnight,Midnight,40x__2p5x,40× ↔ 2.5×,0.8248469857116334,-0.8248469857116334,20
TCGA-GM-A3XN-01Z-00-DX1.49F5C8AC-0328-4BC2-9FE2-E7150B7A42E2,BRCA,phikon,Phikon,10x__2p5x,10× ↔ 2.5×,1.7966780677877228,-1.7966780677877228,20
TCGA-GM-A3XN-01Z-00-DX1.49F5C8AC-0328-4BC2-9FE2-E7150B7A42E2,BRCA,phikon,Phikon,40x__10x,40× ↔ 10×,0.9685930271031342,-0.9685930271031342,20
TCGA-GM-A3XN-01Z-00-DX1.49F5C8AC-0328-4BC2-9FE2-E7150B7A42E2,BRCA,phikon,Phikon,40x__2p5x,40× ↔ 2.5×,3.798178077899788,-3.798178077899788,20
TCGA-GM-A3XN-01Z-00-DX1.49F5C8AC-0328-4BC2-9FE2-E7150B7A42E2,BRCA,uni,UNI,10x__2p5x,10× ↔ 2.5×,0.9800478275073894,-0.9800478275073894,20
TCGA-GM-A3XN-01Z-00-DX1.49F5C8AC-0328-4BC2-9FE2-E7150B7A42E2,BRCA,uni,UNI,40x__10x,40× ↔ 10×,0.5031849053201274,-0.5031849053201274,20
TCGA-GM-A3XN-01Z-00-DX1.49F5C8AC-0328-4BC2-9FE2-E7150B7A42E2,BRCA,uni,UNI,40x__2p5x,40× ↔ 2.5×,1.8024146083810866,-1.8024146083810866,20
TCGA-GM-A3XN-01Z-00-DX1.49F5C8AC-0328-4BC2-9FE2-E7150B7A42E2,BRCA,uni2,UNI2,10x__2p5x,10× ↔ 2.5×,0.07936988368214866,-0.07936988368214866,20
TCGA-GM-A3XN-01Z-00-DX1.49F5C8AC-0328-4BC2-9FE2-E7150B7A42E2,BRCA,uni2,UNI2,40x__10x,40× ↔ 10×,0.7556343231819154,-0.7556343231819154,20
TCGA-GM-A3XN-01Z-00-DX1.49F5C8AC-0328-4BC2-9FE2-E7150B7A42E2,BRCA,uni2,UNI2,40x__2p5x,40× ↔ 2.5×,1.8032712559170179,-1.8032712559170179,20
TCGA-GM-A3XN-01Z-00-DX1.49F5C8AC-0328-4BC2-9FE2-E7150B7A42E2,BRCA,virchow,Virchow,10x__2p5x,10× ↔ 2.5×,1.8046856238035893,-1.8046856238035893,20
TCGA-GM-A3XN-01Z-00-DX1.49F5C8AC-0328-4BC2-9FE2-E7150B7A42E2,BRCA,virchow,Virchow,40x__10x,40× ↔ 10×,0.6411993571481708,-0.6411993571481708,20
TCGA-GM-A3XN-01Z-00-DX1.49F5C8AC-0328-4BC2-9FE2-E7150B7A42E2,BRCA,virchow,Virchow,40x__2p5x,40× ↔ 2.5×,3.3221320706371538,-3.3221320706371538,20
TCGA-GM-A3XN-01Z-00-DX1.49F5C8AC-0328-4BC2-9FE2-E7150B7A42E2,BRCA,virchow2,Virchow2,10x__2p5x,10× ↔ 2.5×,0.022648349680395433,-0.022648349680395433,20
TCGA-GM-A3XN-01Z-00-DX1.49F5C8AC-0328-4BC2-9FE2-E7150B7A42E2,BRCA,virchow2,Virchow2,40x__10x,40× ↔ 10×,0.2038187803391387,-0.2038187803391387,20
TCGA-GM-A3XN-01Z-00-DX1.49F5C8AC-0328-4BC2-9FE2-E7150B7A42E2,BRCA,virchow2,Virchow2,40x__2p5x,40× ↔ 2.5×,0.4367874299832667,-0.4367874299832667,20
TCGA-GU-AATP-01Z-00-DX1.0D8EC37C-88E7-49D5-A76D-F0A4A3FD8AE4,BLCA,gigapath,GigaPath,10x__2p5x,10× ↔ 2.5×,0.7742492113838522,-0.7742492113838522,20
TCGA-GU-AATP-01Z-00-DX1.0D8EC37C-88E7-49D5-A76D-F0A4A3FD8AE4,BLCA,gigapath,GigaPath,40x__10x,40× ↔ 10×,1.0427780609382657,-1.0427780609382657,20
TCGA-GU-AATP-01Z-00-DX1.0D8EC37C-88E7-49D5-A76D-F0A4A3FD8AE4,BLCA,gigapath,GigaPath,40x__2p5x,40× ↔ 2.5×,1.1594600370334605,-1.1594600370334605,20
TCGA-GU-AATP-01Z-00-DX1.0D8EC37C-88E7-49D5-A76D-F0A4A3FD8AE4,BLCA,gigapath_flash,GigaPath-Flash,10x__2p5x,10× ↔ 2.5×,0.562216397007681,-0.562216397007681,20
TCGA-GU-AATP-01Z-00-DX1.0D8EC37C-88E7-49D5-A76D-F0A4A3FD8AE4,BLCA,gigapath_flash,GigaPath-Flash,40x__10x,40× ↔ 10×,1.2841675695264294,-1.2841675695264294,20
TCGA-GU-AATP-01Z-00-DX1.0D8EC37C-88E7-49D5-A76D-F0A4A3FD8AE4,BLCA,gigapath_flash,GigaPath-Flash,40x__2p5x,40× ↔ 2.5×,2.573331746193376,-2.573331746193376,20
TCGA-GU-AATP-01Z-00-DX1.0D8EC37C-88E7-49D5-A76D-F0A4A3FD8AE4,BLCA,midnight,Midnight,10x__2p5x,10× ↔ 2.5×,0.07245373140799088,-0.07245373140799088,20
TCGA-GU-AATP-01Z-00-DX1.0D8EC37C-88E7-49D5-A76D-F0A4A3FD8AE4,BLCA,midnight,Midnight,40x__10x,40× ↔ 10×,0.060776610841600756,-0.060776610841600756,20
TCGA-GU-AATP-01Z-00-DX1.0D8EC37C-88E7-49D5-A76D-F0A4A3FD8AE4,BLCA,midnight,Midnight,40x__2p5x,40× ↔ 2.5×,0.31995543068107934,-0.31995543068107934,20
TCGA-GU-AATP-01Z-00-DX1.0D8EC37C-88E7-49D5-A76D-F0A4A3FD8AE4,BLCA,phikon,Phikon,10x__2p5x,10× ↔ 2.5×,1.076200413487421,-1.076200413487421,20
TCGA-GU-AATP-01Z-00-DX1.0D8EC37C-88E7-49D5-A76D-F0A4A3FD8AE4,BLCA,phikon,Phikon,40x__10x,40× ↔ 10×,0.35303491961778843,-0.35303491961778843,20
TCGA-GU-AATP-01Z-00-DX1.0D8EC37C-88E7-49D5-A76D-F0A4A3FD8AE4,BLCA,phikon,Phikon,40x__2p5x,40× ↔ 2.5×,2.911607989422811,-2.911607989422811,20
TCGA-GU-AATP-01Z-00-DX1.0D8EC37C-88E7-49D5-A76D-F0A4A3FD8AE4,BLCA,uni,UNI,10x__2p5x,10× ↔ 2.5×,0.7695701961151172,-0.7695701961151172,20
TCGA-GU-AATP-01Z-00-DX1.0D8EC37C-88E7-49D5-A76D-F0A4A3FD8AE4,BLCA,uni,UNI,40x__10x,40× ↔ 10×,0.44539515275890995,-0.44539515275890995,20
TCGA-GU-AATP-01Z-00-DX1.0D8EC37C-88E7-49D5-A76D-F0A4A3FD8AE4,BLCA,uni,UNI,40x__2p5x,40× ↔ 2.5×,3.528859079812352,-3.528859079812352,20
TCGA-GU-AATP-01Z-00-DX1.0D8EC37C-88E7-49D5-A76D-F0A4A3FD8AE4,BLCA,uni2,UNI2,10x__2p5x,10× ↔ 2.5×,0.2542898876097448,-0.2542898876097448,20
TCGA-GU-AATP-01Z-00-DX1.0D8EC37C-88E7-49D5-A76D-F0A4A3FD8AE4,BLCA,uni2,UNI2,40x__10x,40× ↔ 10×,1.0311504459988832,-1.0311504459988832,20
TCGA-GU-AATP-01Z-00-DX1.0D8EC37C-88E7-49D5-A76D-F0A4A3FD8AE4,BLCA,uni2,UNI2,40x__2p5x,40× ↔ 2.5×,2.6216319751038073,-2.6216319751038073,20
TCGA-GU-AATP-01Z-00-DX1.0D8EC37C-88E7-49D5-A76D-F0A4A3FD8AE4,BLCA,virchow,Virchow,10x__2p5x,10× ↔ 2.5×,3.988272004451906,-3.988272004451906,20
TCGA-GU-AATP-01Z-00-DX1.0D8EC37C-88E7-49D5-A76D-F0A4A3FD8AE4,BLCA,virchow,Virchow,40x__10x,40× ↔ 10×,0.8819263519458046,-0.8819263519458046,20
TCGA-GU-AATP-01Z-00-DX1.0D8EC37C-88E7-49D5-A76D-F0A4A3FD8AE4,BLCA,virchow,Virchow,40x__2p5x,40× ↔ 2.5×,6.854284096103865,-6.854284096103865,20
TCGA-GU-AATP-01Z-00-DX1.0D8EC37C-88E7-49D5-A76D-F0A4A3FD8AE4,BLCA,virchow2,Virchow2,10x__2p5x,10× ↔ 2.5×,0.16508119981891034,-0.16508119981891034,20
TCGA-GU-AATP-01Z-00-DX1.0D8EC37C-88E7-49D5-A76D-F0A4A3FD8AE4,BLCA,virchow2,Virchow2,40x__10x,40× ↔ 10×,0.2761834387952474,-0.2761834387952474,20
TCGA-GU-AATP-01Z-00-DX1.0D8EC37C-88E7-49D5-A76D-F0A4A3FD8AE4,BLCA,virchow2,Virchow2,40x__2p5x,40× ↔ 2.5×,2.124634633268052,-2.124634633268052,20
TCGA-J2-A4AE-01Z-00-DX1.42C5DE4A-7787-4E59-8969-D12503262C96,LUAD,gigapath,GigaPath,10x__2p5x,10× ↔ 2.5×,1.3451287998986712,-1.3451287998986712,20
TCGA-J2-A4AE-01Z-00-DX1.42C5DE4A-7787-4E59-8969-D12503262C96,LUAD,gigapath,GigaPath,40x__10x,40× ↔ 10×,0.761927433081906,-0.761927433081906,20
TCGA-J2-A4AE-01Z-00-DX1.42C5DE4A-7787-4E59-8969-D12503262C96,LUAD,gigapath,GigaPath,40x__2p5x,40× ↔ 2.5×,2.782574974163226,-2.782574974163226,20
TCGA-J2-A4AE-01Z-00-DX1.42C5DE4A-7787-4E59-8969-D12503262C96,LUAD,gigapath_flash,GigaPath-Flash,10x__2p5x,10× ↔ 2.5×,3.895607361438144,-3.895607361438144,20
TCGA-J2-A4AE-01Z-00-DX1.42C5DE4A-7787-4E59-8969-D12503262C96,LUAD,gigapath_flash,GigaPath-Flash,40x__10x,40× ↔ 10×,0.4801469064680724,-0.4801469064680724,20
TCGA-J2-A4AE-01Z-00-DX1.42C5DE4A-7787-4E59-8969-D12503262C96,LUAD,gigapath_flash,GigaPath-Flash,40x__2p5x,40× ↔ 2.5×,4.825513966479366,-4.825513966479366,20
TCGA-J2-A4AE-01Z-00-DX1.42C5DE4A-7787-4E59-8969-D12503262C96,LUAD,midnight,Midnight,10x__2p5x,10× ↔ 2.5×,0.047707334266973336,-0.047707334266973336,20
TCGA-J2-A4AE-01Z-00-DX1.42C5DE4A-7787-4E59-8969-D12503262C96,LUAD,midnight,Midnight,40x__10x,40× ↔ 10×,0.05371855454802119,-0.05371855454802119,20
TCGA-J2-A4AE-01Z-00-DX1.42C5DE4A-7787-4E59-8969-D12503262C96,LUAD,midnight,Midnight,40x__2p5x,40× ↔ 2.5×,0.1952211538993057,-0.1952211538993057,20
TCGA-J2-A4AE-01Z-00-DX1.42C5DE4A-7787-4E59-8969-D12503262C96,LUAD,phikon,Phikon,10x__2p5x,10× ↔ 2.5×,2.876175309245079,-2.876175309245079,20
TCGA-J2-A4AE-01Z-00-DX1.42C5DE4A-7787-4E59-8969-D12503262C96,LUAD,phikon,Phikon,40x__10x,40× ↔ 10×,0.6353461392407816,-0.6353461392407816,20
TCGA-J2-A4AE-01Z-00-DX1.42C5DE4A-7787-4E59-8969-D12503262C96,LUAD,phikon,Phikon,40x__2p5x,40× ↔ 2.5×,2.666863857684232,-2.666863857684232,20
TCGA-J2-A4AE-01Z-00-DX1.42C5DE4A-7787-4E59-8969-D12503262C96,LUAD,uni,UNI,10x__2p5x,10× ↔ 2.5×,2.027576006980409,-2.027576006980409,20
TCGA-J2-A4AE-01Z-00-DX1.42C5DE4A-7787-4E59-8969-D12503262C96,LUAD,uni,UNI,40x__10x,40× ↔ 10×,0.6160137535512582,-0.6160137535512582,20
TCGA-J2-A4AE-01Z-00-DX1.42C5DE4A-7787-4E59-8969-D12503262C96,LUAD,uni,UNI,40x__2p5x,40× ↔ 2.5×,3.2485861360661623,-3.2485861360661623,20
TCGA-J2-A4AE-01Z-00-DX1.42C5DE4A-7787-4E59-8969-D12503262C96,LUAD,uni2,UNI2,10x__2p5x,10× ↔ 2.5×,0.012168840842375139,-0.012168840842375139,20
TCGA-J2-A4AE-01Z-00-DX1.42C5DE4A-7787-4E59-8969-D12503262C96,LUAD,uni2,UNI2,40x__10x,40× ↔ 10×,0.08902864395150537,-0.08902864395150537,20
TCGA-J2-A4AE-01Z-00-DX1.42C5DE4A-7787-4E59-8969-D12503262C96,LUAD,uni2,UNI2,40x__2p5x,40× ↔ 2.5×,0.10774963602252081,-0.10774963602252081,20
TCGA-J2-A4AE-01Z-00-DX1.42C5DE4A-7787-4E59-8969-D12503262C96,LUAD,virchow,Virchow,10x__2p5x,10× ↔ 2.5×,2.4337643070166557,-2.4337643070166557,20
TCGA-J2-A4AE-01Z-00-DX1.42C5DE4A-7787-4E59-8969-D12503262C96,LUAD,virchow,Virchow,40x__10x,40× ↔ 10×,0.12801434735644374,-0.12801434735644374,20
TCGA-J2-A4AE-01Z-00-DX1.42C5DE4A-7787-4E59-8969-D12503262C96,LUAD,virchow,Virchow,40x__2p5x,40× ↔ 2.5×,4.134030374074017,-4.134030374074017,20
TCGA-J2-A4AE-01Z-00-DX1.42C5DE4A-7787-4E59-8969-D12503262C96,LUAD,virchow2,Virchow2,10x__2p5x,10× ↔ 2.5×,0.06391394793884127,-0.06391394793884127,20
TCGA-J2-A4AE-01Z-00-DX1.42C5DE4A-7787-4E59-8969-D12503262C96,LUAD,virchow2,Virchow2,40x__10x,40× ↔ 10×,0.2633720736985253,-0.2633720736985253,20
TCGA-J2-A4AE-01Z-00-DX1.42C5DE4A-7787-4E59-8969-D12503262C96,LUAD,virchow2,Virchow2,40x__2p5x,40× ↔ 2.5×,0.5834146533929601,-0.5834146533929601,20
TCGA-SW-A7EA-01Z-00-DX1.C5E1BE0E-0A25-4480-A3AC-DB2ED7471A4E,STAD,gigapath,GigaPath,10x__2p5x,10× ↔ 2.5×,2.9186648864708395,-2.9186648864708395,20
TCGA-SW-A7EA-01Z-00-DX1.C5E1BE0E-0A25-4480-A3AC-DB2ED7471A4E,STAD,gigapath,GigaPath,40x__10x,40× ↔ 10×,2.0109023577859806,-2.0109023577859806,20
TCGA-SW-A7EA-01Z-00-DX1.C5E1BE0E-0A25-4480-A3AC-DB2ED7471A4E,STAD,gigapath,GigaPath,40x__2p5x,40× ↔ 2.5×,5.736615740043342,-5.736615740043342,20
TCGA-SW-A7EA-01Z-00-DX1.C5E1BE0E-0A25-4480-A3AC-DB2ED7471A4E,STAD,gigapath_flash,GigaPath-Flash,10x__2p5x,10× ↔ 2.5×,3.441491605395714,-3.441491605395714,20
TCGA-SW-A7EA-01Z-00-DX1.C5E1BE0E-0A25-4480-A3AC-DB2ED7471A4E,STAD,gigapath_flash,GigaPath-Flash,40x__10x,40× ↔ 10×,1.9212935534939846,-1.9212935534939846,20
TCGA-SW-A7EA-01Z-00-DX1.C5E1BE0E-0A25-4480-A3AC-DB2ED7471A4E,STAD,gigapath_flash,GigaPath-Flash,40x__2p5x,40× ↔ 2.5×,6.4337973025905315,-6.4337973025905315,20
TCGA-SW-A7EA-01Z-00-DX1.C5E1BE0E-0A25-4480-A3AC-DB2ED7471A4E,STAD,midnight,Midnight,10x__2p5x,10× ↔ 2.5×,0.34941159844590636,-0.34941159844590636,20
TCGA-SW-A7EA-01Z-00-DX1.C5E1BE0E-0A25-4480-A3AC-DB2ED7471A4E,STAD,midnight,Midnight,40x__10x,40× ↔ 10×,-0.23740642408388898,0.23740642408388898,20
TCGA-SW-A7EA-01Z-00-DX1.C5E1BE0E-0A25-4480-A3AC-DB2ED7471A4E,STAD,midnight,Midnight,40x__2p5x,40× ↔ 2.5×,0.1915280778659427,-0.1915280778659427,20
TCGA-SW-A7EA-01Z-00-DX1.C5E1BE0E-0A25-4480-A3AC-DB2ED7471A4E,STAD,phikon,Phikon,10x__2p5x,10× ↔ 2.5×,1.0391470538225285,-1.0391470538225285,20
TCGA-SW-A7EA-01Z-00-DX1.C5E1BE0E-0A25-4480-A3AC-DB2ED7471A4E,STAD,phikon,Phikon,40x__10x,40× ↔ 10×,0.3067319444254174,-0.3067319444254174,20
TCGA-SW-A7EA-01Z-00-DX1.C5E1BE0E-0A25-4480-A3AC-DB2ED7471A4E,STAD,phikon,Phikon,40x__2p5x,40× ↔ 2.5×,0.8105323909904276,-0.8105323909904276,20
TCGA-SW-A7EA-01Z-00-DX1.C5E1BE0E-0A25-4480-A3AC-DB2ED7471A4E,STAD,uni,UNI,10x__2p5x,10× ↔ 2.5×,3.284259115758792,-3.284259115758792,20
TCGA-SW-A7EA-01Z-00-DX1.C5E1BE0E-0A25-4480-A3AC-DB2ED7471A4E,STAD,uni,UNI,40x__10x,40× ↔ 10×,0.7649438886701434,-0.7649438886701434,20
TCGA-SW-A7EA-01Z-00-DX1.C5E1BE0E-0A25-4480-A3AC-DB2ED7471A4E,STAD,uni,UNI,40x__2p5x,40× ↔ 2.5×,3.24507829625515,-3.24507829625515,20
TCGA-SW-A7EA-01Z-00-DX1.C5E1BE0E-0A25-4480-A3AC-DB2ED7471A4E,STAD,uni2,UNI2,10x__2p5x,10× ↔ 2.5×,1.6229918233073526,-1.6229918233073526,20
TCGA-SW-A7EA-01Z-00-DX1.C5E1BE0E-0A25-4480-A3AC-DB2ED7471A4E,STAD,uni2,UNI2,40x__10x,40× ↔ 10×,0.3296647620221232,-0.3296647620221232,20
TCGA-SW-A7EA-01Z-00-DX1.C5E1BE0E-0A25-4480-A3AC-DB2ED7471A4E,STAD,uni2,UNI2,40x__2p5x,40× ↔ 2.5×,2.1623710376524103,-2.1623710376524103,20
TCGA-SW-A7EA-01Z-00-DX1.C5E1BE0E-0A25-4480-A3AC-DB2ED7471A4E,STAD,virchow,Virchow,10x__2p5x,10× ↔ 2.5×,7.018205761443478,-7.018205761443478,20
TCGA-SW-A7EA-01Z-00-DX1.C5E1BE0E-0A25-4480-A3AC-DB2ED7471A4E,STAD,virchow,Virchow,40x__10x,40× ↔ 10×,1.2503921045268784,-1.2503921045268784,20
TCGA-SW-A7EA-01Z-00-DX1.C5E1BE0E-0A25-4480-A3AC-DB2ED7471A4E,STAD,virchow,Virchow,40x__2p5x,40× ↔ 2.5×,6.568414822067817,-6.568414822067817,20
TCGA-SW-A7EA-01Z-00-DX1.C5E1BE0E-0A25-4480-A3AC-DB2ED7471A4E,STAD,virchow2,Virchow2,10x__2p5x,10× ↔ 2.5×,0.5641190177518511,-0.5641190177518511,20
TCGA-SW-A7EA-01Z-00-DX1.C5E1BE0E-0A25-4480-A3AC-DB2ED7471A4E,STAD,virchow2,Virchow2,40x__10x,40× ↔ 10×,0.6602031602258446,-0.6602031602258446,20
TCGA-SW-A7EA-01Z-00-DX1.C5E1BE0E-0A25-4480-A3AC-DB2ED7471A4E,STAD,virchow2,Virchow2,40x__2p5x,40× ↔ 2.5×,1.8934229921237882,-1.8934229921237882,20
TCGA-UF-A719-01Z-00-DX1.4C4ECC2C-C390-4C5E-A709-CF08C113F1A1,HNSC,gigapath,GigaPath,10x__2p5x,10× ↔ 2.5×,-0.5143483569195775,0.5143483569195775,20
TCGA-UF-A719-01Z-00-DX1.4C4ECC2C-C390-4C5E-A709-CF08C113F1A1,HNSC,gigapath,GigaPath,40x__10x,40× ↔ 10×,-1.4278160328724745,1.4278160328724745,20
TCGA-UF-A719-01Z-00-DX1.4C4ECC2C-C390-4C5E-A709-CF08C113F1A1,HNSC,gigapath,GigaPath,40x__2p5x,40× ↔ 2.5×,-2.241544094678484,2.241544094678484,20
TCGA-UF-A719-01Z-00-DX1.4C4ECC2C-C390-4C5E-A709-CF08C113F1A1,HNSC,gigapath_flash,GigaPath-Flash,10x__2p5x,10× ↔ 2.5×,-0.1542872996669472,0.1542872996669472,20
TCGA-UF-A719-01Z-00-DX1.4C4ECC2C-C390-4C5E-A709-CF08C113F1A1,HNSC,gigapath_flash,GigaPath-Flash,40x__10x,40× ↔ 10×,-0.8585929251018879,0.8585929251018879,20
TCGA-UF-A719-01Z-00-DX1.4C4ECC2C-C390-4C5E-A709-CF08C113F1A1,HNSC,gigapath_flash,GigaPath-Flash,40x__2p5x,40× ↔ 2.5×,-2.1291419456787093,2.1291419456787093,20
TCGA-UF-A719-01Z-00-DX1.4C4ECC2C-C390-4C5E-A709-CF08C113F1A1,HNSC,midnight,Midnight,10x__2p5x,10× ↔ 2.5×,0.5169815762256761,-0.5169815762256761,20
TCGA-UF-A719-01Z-00-DX1.4C4ECC2C-C390-4C5E-A709-CF08C113F1A1,HNSC,midnight,Midnight,40x__10x,40× ↔ 10×,0.5835783552734223,-0.5835783552734223,20
TCGA-UF-A719-01Z-00-DX1.4C4ECC2C-C390-4C5E-A709-CF08C113F1A1,HNSC,midnight,Midnight,40x__2p5x,40× ↔ 2.5×,2.0062865092589255,-2.0062865092589255,20
TCGA-UF-A719-01Z-00-DX1.4C4ECC2C-C390-4C5E-A709-CF08C113F1A1,HNSC,phikon,Phikon,10x__2p5x,10× ↔ 2.5×,-0.6370841508521797,0.6370841508521797,20
TCGA-UF-A719-01Z-00-DX1.4C4ECC2C-C390-4C5E-A709-CF08C113F1A1,HNSC,phikon,Phikon,40x__10x,40× ↔ 10×,-0.004590118916279751,0.004590118916279751,20
TCGA-UF-A719-01Z-00-DX1.4C4ECC2C-C390-4C5E-A709-CF08C113F1A1,HNSC,phikon,Phikon,40x__2p5x,40× ↔ 2.5×,-1.252744543742614,1.252744543742614,20
TCGA-UF-A719-01Z-00-DX1.4C4ECC2C-C390-4C5E-A709-CF08C113F1A1,HNSC,uni,UNI,10x__2p5x,10× ↔ 2.5×,-0.3426050764005576,0.3426050764005576,20
TCGA-UF-A719-01Z-00-DX1.4C4ECC2C-C390-4C5E-A709-CF08C113F1A1,HNSC,uni,UNI,40x__10x,40× ↔ 10×,-0.201741843755939,0.201741843755939,20
TCGA-UF-A719-01Z-00-DX1.4C4ECC2C-C390-4C5E-A709-CF08C113F1A1,HNSC,uni,UNI,40x__2p5x,40× ↔ 2.5×,-1.1885716469874428,1.1885716469874428,20
TCGA-UF-A719-01Z-00-DX1.4C4ECC2C-C390-4C5E-A709-CF08C113F1A1,HNSC,uni2,UNI2,10x__2p5x,10× ↔ 2.5×,0.2953314606718342,-0.2953314606718342,20
TCGA-UF-A719-01Z-00-DX1.4C4ECC2C-C390-4C5E-A709-CF08C113F1A1,HNSC,uni2,UNI2,40x__10x,40× ↔ 10×,-0.1464747991587998,0.1464747991587998,20
TCGA-UF-A719-01Z-00-DX1.4C4ECC2C-C390-4C5E-A709-CF08C113F1A1,HNSC,uni2,UNI2,40x__2p5x,40× ↔ 2.5×,0.6183397822290276,-0.6183397822290276,20
TCGA-UF-A719-01Z-00-DX1.4C4ECC2C-C390-4C5E-A709-CF08C113F1A1,HNSC,virchow,Virchow,10x__2p5x,10× ↔ 2.5×,0.015813244493011157,-0.015813244493011157,20
TCGA-UF-A719-01Z-00-DX1.4C4ECC2C-C390-4C5E-A709-CF08C113F1A1,HNSC,virchow,Virchow,40x__10x,40× ↔ 10×,3.6405250020760542,-3.6405250020760542,20
TCGA-UF-A719-01Z-00-DX1.4C4ECC2C-C390-4C5E-A709-CF08C113F1A1,HNSC,virchow,Virchow,40x__2p5x,40× ↔ 2.5×,-0.4005497188919195,0.4005497188919195,20
TCGA-UF-A719-01Z-00-DX1.4C4ECC2C-C390-4C5E-A709-CF08C113F1A1,HNSC,virchow2,Virchow2,10x__2p5x,10× ↔ 2.5×,-0.3013159579951014,0.3013159579951014,20
TCGA-UF-A719-01Z-00-DX1.4C4ECC2C-C390-4C5E-A709-CF08C113F1A1,HNSC,virchow2,Virchow2,40x__10x,40× ↔ 10×,1.0424798468361158,-1.0424798468361158,20
TCGA-UF-A719-01Z-00-DX1.4C4ECC2C-C390-4C5E-A709-CF08C113F1A1,HNSC,virchow2,Virchow2,40x__2p5x,40× ↔ 2.5×,-0.35077364846580034,0.35077364846580034,20
TCGA-VQ-A8PY-01Z-00-DX1.EA2C7386-012A-442A-95B3-FFA12BD2684D,STAD,gigapath,GigaPath,10x__2p5x,10× ↔ 2.5×,2.0199005193597386,-2.0199005193597386,20
TCGA-VQ-A8PY-01Z-00-DX1.EA2C7386-012A-442A-95B3-FFA12BD2684D,STAD,gigapath,GigaPath,40x__10x,40× ↔ 10×,2.1760276256190267,-2.1760276256190267,20
TCGA-VQ-A8PY-01Z-00-DX1.EA2C7386-012A-442A-95B3-FFA12BD2684D,STAD,gigapath,GigaPath,40x__2p5x,40× ↔ 2.5×,1.7659491436469998,-1.7659491436469998,20
TCGA-VQ-A8PY-01Z-00-DX1.EA2C7386-012A-442A-95B3-FFA12BD2684D,STAD,gigapath_flash,GigaPath-Flash,10x__2p5x,10× ↔ 2.5×,3.395505467029575,-3.395505467029575,20
TCGA-VQ-A8PY-01Z-00-DX1.EA2C7386-012A-442A-95B3-FFA12BD2684D,STAD,gigapath_flash,GigaPath-Flash,40x__10x,40× ↔ 10×,2.583863723139848,-2.583863723139848,20
TCGA-VQ-A8PY-01Z-00-DX1.EA2C7386-012A-442A-95B3-FFA12BD2684D,STAD,gigapath_flash,GigaPath-Flash,40x__2p5x,40× ↔ 2.5×,4.926278163010215,-4.926278163010215,20
TCGA-VQ-A8PY-01Z-00-DX1.EA2C7386-012A-442A-95B3-FFA12BD2684D,STAD,midnight,Midnight,10x__2p5x,10× ↔ 2.5×,0.15631901059829476,-0.15631901059829476,20
TCGA-VQ-A8PY-01Z-00-DX1.EA2C7386-012A-442A-95B3-FFA12BD2684D,STAD,midnight,Midnight,40x__10x,40× ↔ 10×,0.1849428577833377,-0.1849428577833377,20
TCGA-VQ-A8PY-01Z-00-DX1.EA2C7386-012A-442A-95B3-FFA12BD2684D,STAD,midnight,Midnight,40x__2p5x,40× ↔ 2.5×,0.33611255477969465,-0.33611255477969465,20
TCGA-VQ-A8PY-01Z-00-DX1.EA2C7386-012A-442A-95B3-FFA12BD2684D,STAD,phikon,Phikon,10x__2p5x,10× ↔ 2.5×,1.9443984011590303,-1.9443984011590303,20
TCGA-VQ-A8PY-01Z-00-DX1.EA2C7386-012A-442A-95B3-FFA12BD2684D,STAD,phikon,Phikon,40x__10x,40× ↔ 10×,-0.11226126522298445,0.11226126522298445,20
TCGA-VQ-A8PY-01Z-00-DX1.EA2C7386-012A-442A-95B3-FFA12BD2684D,STAD,phikon,Phikon,40x__2p5x,40× ↔ 2.5×,1.1542693519648515,-1.1542693519648515,20
TCGA-VQ-A8PY-01Z-00-DX1.EA2C7386-012A-442A-95B3-FFA12BD2684D,STAD,uni,UNI,10x__2p5x,10× ↔ 2.5×,1.8061967697222958,-1.8061967697222958,20
TCGA-VQ-A8PY-01Z-00-DX1.EA2C7386-012A-442A-95B3-FFA12BD2684D,STAD,uni,UNI,40x__10x,40× ↔ 10×,-0.36773944168788497,0.36773944168788497,20
TCGA-VQ-A8PY-01Z-00-DX1.EA2C7386-012A-442A-95B3-FFA12BD2684D,STAD,uni,UNI,40x__2p5x,40× ↔ 2.5×,0.6092086498275485,-0.6092086498275485,20
TCGA-VQ-A8PY-01Z-00-DX1.EA2C7386-012A-442A-95B3-FFA12BD2684D,STAD,uni2,UNI2,10x__2p5x,10× ↔ 2.5×,1.5896640985135615,-1.5896640985135615,20
TCGA-VQ-A8PY-01Z-00-DX1.EA2C7386-012A-442A-95B3-FFA12BD2684D,STAD,uni2,UNI2,40x__10x,40× ↔ 10×,-0.9818433663216635,0.9818433663216635,20
TCGA-VQ-A8PY-01Z-00-DX1.EA2C7386-012A-442A-95B3-FFA12BD2684D,STAD,uni2,UNI2,40x__2p5x,40× ↔ 2.5×,0.3338093321976814,-0.3338093321976814,20
TCGA-VQ-A8PY-01Z-00-DX1.EA2C7386-012A-442A-95B3-FFA12BD2684D,STAD,virchow,Virchow,10x__2p5x,10× ↔ 2.5×,6.049633875676564,-6.049633875676564,20
TCGA-VQ-A8PY-01Z-00-DX1.EA2C7386-012A-442A-95B3-FFA12BD2684D,STAD,virchow,Virchow,40x__10x,40× ↔ 10×,1.2917865742851078,-1.2917865742851078,20
TCGA-VQ-A8PY-01Z-00-DX1.EA2C7386-012A-442A-95B3-FFA12BD2684D,STAD,virchow,Virchow,40x__2p5x,40× ↔ 2.5×,5.988897425655415,-5.988897425655415,20
TCGA-VQ-A8PY-01Z-00-DX1.EA2C7386-012A-442A-95B3-FFA12BD2684D,STAD,virchow2,Virchow2,10x__2p5x,10× ↔ 2.5×,2.065722932810852,-2.065722932810852,20
TCGA-VQ-A8PY-01Z-00-DX1.EA2C7386-012A-442A-95B3-FFA12BD2684D,STAD,virchow2,Virchow2,40x__10x,40× ↔ 10×,-0.329084181593568,0.329084181593568,20
TCGA-VQ-A8PY-01Z-00-DX1.EA2C7386-012A-442A-95B3-FFA12BD2684D,STAD,virchow2,Virchow2,40x__2p5x,40× ↔ 2.5×,1.9787826143580336,-1.9787826143580336,20
TCGA-VQ-A924-01Z-00-DX1.736B41F3-9678-4FAF-AE86-FCAC4F6DCBD3,STAD,gigapath,GigaPath,10x__2p5x,10× ↔ 2.5×,2.838685567092164,-2.838685567092164,20
TCGA-VQ-A924-01Z-00-DX1.736B41F3-9678-4FAF-AE86-FCAC4F6DCBD3,STAD,gigapath,GigaPath,40x__10x,40× ↔ 10×,2.423136617499419,-2.423136617499419,20
TCGA-VQ-A924-01Z-00-DX1.736B41F3-9678-4FAF-AE86-FCAC4F6DCBD3,STAD,gigapath,GigaPath,40x__2p5x,40× ↔ 2.5×,4.490064673544401,-4.490064673544401,20
TCGA-VQ-A924-01Z-00-DX1.736B41F3-9678-4FAF-AE86-FCAC4F6DCBD3,STAD,gigapath_flash,GigaPath-Flash,10x__2p5x,10× ↔ 2.5×,5.792405722428296,-5.792405722428296,20
TCGA-VQ-A924-01Z-00-DX1.736B41F3-9678-4FAF-AE86-FCAC4F6DCBD3,STAD,gigapath_flash,GigaPath-Flash,40x__10x,40× ↔ 10×,2.717026760840775,-2.717026760840775,20
TCGA-VQ-A924-01Z-00-DX1.736B41F3-9678-4FAF-AE86-FCAC4F6DCBD3,STAD,gigapath_flash,GigaPath-Flash,40x__2p5x,40× ↔ 2.5×,6.756827400831196,-6.756827400831196,20
TCGA-VQ-A924-01Z-00-DX1.736B41F3-9678-4FAF-AE86-FCAC4F6DCBD3,STAD,midnight,Midnight,10x__2p5x,10× ↔ 2.5×,0.06704561714161528,-0.06704561714161528,20
TCGA-VQ-A924-01Z-00-DX1.736B41F3-9678-4FAF-AE86-FCAC4F6DCBD3,STAD,midnight,Midnight,40x__10x,40× ↔ 10×,1.04997513679499,-1.04997513679499,20
TCGA-VQ-A924-01Z-00-DX1.736B41F3-9678-4FAF-AE86-FCAC4F6DCBD3,STAD,midnight,Midnight,40x__2p5x,40× ↔ 2.5×,0.6963732734288653,-0.6963732734288653,20
TCGA-VQ-A924-01Z-00-DX1.736B41F3-9678-4FAF-AE86-FCAC4F6DCBD3,STAD,phikon,Phikon,10x__2p5x,10× ↔ 2.5×,0.7358077534093798,-0.7358077534093798,20
TCGA-VQ-A924-01Z-00-DX1.736B41F3-9678-4FAF-AE86-FCAC4F6DCBD3,STAD,phikon,Phikon,40x__10x,40× ↔ 10×,0.3583351541472622,-0.3583351541472622,20
TCGA-VQ-A924-01Z-00-DX1.736B41F3-9678-4FAF-AE86-FCAC4F6DCBD3,STAD,phikon,Phikon,40x__2p5x,40× ↔ 2.5×,-1.1960821733756672,1.1960821733756672,20
TCGA-VQ-A924-01Z-00-DX1.736B41F3-9678-4FAF-AE86-FCAC4F6DCBD3,STAD,uni,UNI,10x__2p5x,10× ↔ 2.5×,1.8520591060135299,-1.8520591060135299,20
TCGA-VQ-A924-01Z-00-DX1.736B41F3-9678-4FAF-AE86-FCAC4F6DCBD3,STAD,uni,UNI,40x__10x,40× ↔ 10×,0.4430929598051446,-0.4430929598051446,20
TCGA-VQ-A924-01Z-00-DX1.736B41F3-9678-4FAF-AE86-FCAC4F6DCBD3,STAD,uni,UNI,40x__2p5x,40× ↔ 2.5×,2.4263502810665076,-2.4263502810665076,20
TCGA-VQ-A924-01Z-00-DX1.736B41F3-9678-4FAF-AE86-FCAC4F6DCBD3,STAD,uni2,UNI2,10x__2p5x,10× ↔ 2.5×,1.283040302701637,-1.283040302701637,20
TCGA-VQ-A924-01Z-00-DX1.736B41F3-9678-4FAF-AE86-FCAC4F6DCBD3,STAD,uni2,UNI2,40x__10x,40× ↔ 10×,0.056884795596878465,-0.056884795596878465,20
TCGA-VQ-A924-01Z-00-DX1.736B41F3-9678-4FAF-AE86-FCAC4F6DCBD3,STAD,uni2,UNI2,40x__2p5x,40× ↔ 2.5×,1.9818322615484925,-1.9818322615484925,20
TCGA-VQ-A924-01Z-00-DX1.736B41F3-9678-4FAF-AE86-FCAC4F6DCBD3,STAD,virchow,Virchow,10x__2p5x,10× ↔ 2.5×,9.282087209029658,-9.282087209029658,20
TCGA-VQ-A924-01Z-00-DX1.736B41F3-9678-4FAF-AE86-FCAC4F6DCBD3,STAD,virchow,Virchow,40x__10x,40× ↔ 10×,0.8785637755180387,-0.8785637755180387,20
TCGA-VQ-A924-01Z-00-DX1.736B41F3-9678-4FAF-AE86-FCAC4F6DCBD3,STAD,virchow,Virchow,40x__2p5x,40× ↔ 2.5×,8.893308944554205,-8.893308944554205,20
TCGA-VQ-A924-01Z-00-DX1.736B41F3-9678-4FAF-AE86-FCAC4F6DCBD3,STAD,virchow2,Virchow2,10x__2p5x,10× ↔ 2.5×,1.9083293196976023,-1.9083293196976023,20
TCGA-VQ-A924-01Z-00-DX1.736B41F3-9678-4FAF-AE86-FCAC4F6DCBD3,STAD,virchow2,Virchow2,40x__10x,40× ↔ 10×,0.18783234579488817,-0.18783234579488817,20
TCGA-VQ-A924-01Z-00-DX1.736B41F3-9678-4FAF-AE86-FCAC4F6DCBD3,STAD,virchow2,Virchow2,40x__2p5x,40× ↔ 2.5×,1.8520887777844948,-1.8520887777844948,20
TCGA-XF-A8HB-01Z-00-DX1.D6874152-D20A-4CA4-8E8B-8CBAB5F7D7B5,BLCA,gigapath,GigaPath,10x__2p5x,10× ↔ 2.5×,0.7813945621439544,-0.7813945621439544,20
TCGA-XF-A8HB-01Z-00-DX1.D6874152-D20A-4CA4-8E8B-8CBAB5F7D7B5,BLCA,gigapath,GigaPath,40x__10x,40× ↔ 10×,0.4078380272160266,-0.4078380272160266,20
TCGA-XF-A8HB-01Z-00-DX1.D6874152-D20A-4CA4-8E8B-8CBAB5F7D7B5,BLCA,gigapath,GigaPath,40x__2p5x,40× ↔ 2.5×,0.9031719258241733,-0.9031719258241733,20
TCGA-XF-A8HB-01Z-00-DX1.D6874152-D20A-4CA4-8E8B-8CBAB5F7D7B5,BLCA,gigapath_flash,GigaPath-Flash,10x__2p5x,10× ↔ 2.5×,0.5629997400758697,-0.5629997400758697,20
TCGA-XF-A8HB-01Z-00-DX1.D6874152-D20A-4CA4-8E8B-8CBAB5F7D7B5,BLCA,gigapath_flash,GigaPath-Flash,40x__10x,40× ↔ 10×,0.6831568045662323,-0.6831568045662323,20
TCGA-XF-A8HB-01Z-00-DX1.D6874152-D20A-4CA4-8E8B-8CBAB5F7D7B5,BLCA,gigapath_flash,GigaPath-Flash,40x__2p5x,40× ↔ 2.5×,2.643974992444501,-2.643974992444501,20
TCGA-XF-A8HB-01Z-00-DX1.D6874152-D20A-4CA4-8E8B-8CBAB5F7D7B5,BLCA,midnight,Midnight,10x__2p5x,10× ↔ 2.5×,0.052878844345811304,-0.052878844345811304,20
TCGA-XF-A8HB-01Z-00-DX1.D6874152-D20A-4CA4-8E8B-8CBAB5F7D7B5,BLCA,midnight,Midnight,40x__10x,40× ↔ 10×,0.050592432056178104,-0.050592432056178104,20
TCGA-XF-A8HB-01Z-00-DX1.D6874152-D20A-4CA4-8E8B-8CBAB5F7D7B5,BLCA,midnight,Midnight,40x__2p5x,40× ↔ 2.5×,0.3357116966390879,-0.3357116966390879,20
TCGA-XF-A8HB-01Z-00-DX1.D6874152-D20A-4CA4-8E8B-8CBAB5F7D7B5,BLCA,phikon,Phikon,10x__2p5x,10× ↔ 2.5×,1.0380491627719253,-1.0380491627719253,20
TCGA-XF-A8HB-01Z-00-DX1.D6874152-D20A-4CA4-8E8B-8CBAB5F7D7B5,BLCA,phikon,Phikon,40x__10x,40× ↔ 10×,0.3125356242925595,-0.3125356242925595,20
TCGA-XF-A8HB-01Z-00-DX1.D6874152-D20A-4CA4-8E8B-8CBAB5F7D7B5,BLCA,phikon,Phikon,40x__2p5x,40× ↔ 2.5×,4.542915706415959,-4.542915706415959,20
TCGA-XF-A8HB-01Z-00-DX1.D6874152-D20A-4CA4-8E8B-8CBAB5F7D7B5,BLCA,uni,UNI,10x__2p5x,10× ↔ 2.5×,0.41699097276664876,-0.41699097276664876,20
TCGA-XF-A8HB-01Z-00-DX1.D6874152-D20A-4CA4-8E8B-8CBAB5F7D7B5,BLCA,uni,UNI,40x__10x,40× ↔ 10×,0.3057161941491956,-0.3057161941491956,20
TCGA-XF-A8HB-01Z-00-DX1.D6874152-D20A-4CA4-8E8B-8CBAB5F7D7B5,BLCA,uni,UNI,40x__2p5x,40× ↔ 2.5×,3.213752723629215,-3.213752723629215,20
TCGA-XF-A8HB-01Z-00-DX1.D6874152-D20A-4CA4-8E8B-8CBAB5F7D7B5,BLCA,uni2,UNI2,10x__2p5x,10× ↔ 2.5×,0.15069127922432363,-0.15069127922432363,20
TCGA-XF-A8HB-01Z-00-DX1.D6874152-D20A-4CA4-8E8B-8CBAB5F7D7B5,BLCA,uni2,UNI2,40x__10x,40× ↔ 10×,0.8314251674020074,-0.8314251674020074,20
TCGA-XF-A8HB-01Z-00-DX1.D6874152-D20A-4CA4-8E8B-8CBAB5F7D7B5,BLCA,uni2,UNI2,40x__2p5x,40× ↔ 2.5×,2.209149519058515,-2.209149519058515,20
TCGA-XF-A8HB-01Z-00-DX1.D6874152-D20A-4CA4-8E8B-8CBAB5F7D7B5,BLCA,virchow,Virchow,10x__2p5x,10× ↔ 2.5×,3.0460124729852667,-3.0460124729852667,20
TCGA-XF-A8HB-01Z-00-DX1.D6874152-D20A-4CA4-8E8B-8CBAB5F7D7B5,BLCA,virchow,Virchow,40x__10x,40× ↔ 10×,0.9213266256590922,-0.9213266256590922,20
TCGA-XF-A8HB-01Z-00-DX1.D6874152-D20A-4CA4-8E8B-8CBAB5F7D7B5,BLCA,virchow,Virchow,40x__2p5x,40× ↔ 2.5×,5.942981554941595,-5.942981554941595,20
TCGA-XF-A8HB-01Z-00-DX1.D6874152-D20A-4CA4-8E8B-8CBAB5F7D7B5,BLCA,virchow2,Virchow2,10x__2p5x,10× ↔ 2.5×,0.25544858386199054,-0.25544858386199054,20
TCGA-XF-A8HB-01Z-00-DX1.D6874152-D20A-4CA4-8E8B-8CBAB5F7D7B5,BLCA,virchow2,Virchow2,40x__10x,40× ↔ 10×,1.2391012193801276,-1.2391012193801276,20
TCGA-XF-A8HB-01Z-00-DX1.D6874152-D20A-4CA4-8E8B-8CBAB5F7D7B5,BLCA,virchow2,Virchow2,40x__2p5x,40× ↔ 2.5×,2.2974674807538924,-2.2974674807538924,20
TCGA-ZF-A9R1-01Z-00-DX1.74520759-D448-45B5-B8AD-45502C99A519,BLCA,gigapath,GigaPath,10x__2p5x,10× ↔ 2.5×,0.4903604351725622,-0.4903604351725622,20
TCGA-ZF-A9R1-01Z-00-DX1.74520759-D448-45B5-B8AD-45502C99A519,BLCA,gigapath,GigaPath,40x__10x,40× ↔ 10×,1.065780293476996,-1.065780293476996,20
TCGA-ZF-A9R1-01Z-00-DX1.74520759-D448-45B5-B8AD-45502C99A519,BLCA,gigapath,GigaPath,40x__2p5x,40× ↔ 2.5×,1.4141225061686407,-1.4141225061686407,20
TCGA-ZF-A9R1-01Z-00-DX1.74520759-D448-45B5-B8AD-45502C99A519,BLCA,gigapath_flash,GigaPath-Flash,10x__2p5x,10× ↔ 2.5×,0.7038972760334018,-0.7038972760334018,20
TCGA-ZF-A9R1-01Z-00-DX1.74520759-D448-45B5-B8AD-45502C99A519,BLCA,gigapath_flash,GigaPath-Flash,40x__10x,40× ↔ 10×,2.533714475784923,-2.533714475784923,20
TCGA-ZF-A9R1-01Z-00-DX1.74520759-D448-45B5-B8AD-45502C99A519,BLCA,gigapath_flash,GigaPath-Flash,40x__2p5x,40× ↔ 2.5×,3.0447815883654092,-3.0447815883654092,20
TCGA-ZF-A9R1-01Z-00-DX1.74520759-D448-45B5-B8AD-45502C99A519,BLCA,midnight,Midnight,10x__2p5x,10× ↔ 2.5×,0.13410170614655242,-0.13410170614655242,20
TCGA-ZF-A9R1-01Z-00-DX1.74520759-D448-45B5-B8AD-45502C99A519,BLCA,midnight,Midnight,40x__10x,40× ↔ 10×,0.16696653737589187,-0.16696653737589187,20
TCGA-ZF-A9R1-01Z-00-DX1.74520759-D448-45B5-B8AD-45502C99A519,BLCA,midnight,Midnight,40x__2p5x,40× ↔ 2.5×,0.5510971982017565,-0.5510971982017565,20
TCGA-ZF-A9R1-01Z-00-DX1.74520759-D448-45B5-B8AD-45502C99A519,BLCA,phikon,Phikon,10x__2p5x,10× ↔ 2.5×,0.6599931869952781,-0.6599931869952781,20
TCGA-ZF-A9R1-01Z-00-DX1.74520759-D448-45B5-B8AD-45502C99A519,BLCA,phikon,Phikon,40x__10x,40× ↔ 10×,0.17665474398875897,-0.17665474398875897,20
TCGA-ZF-A9R1-01Z-00-DX1.74520759-D448-45B5-B8AD-45502C99A519,BLCA,phikon,Phikon,40x__2p5x,40× ↔ 2.5×,3.9372698680086984,-3.9372698680086984,20
TCGA-ZF-A9R1-01Z-00-DX1.74520759-D448-45B5-B8AD-45502C99A519,BLCA,uni,UNI,10x__2p5x,10× ↔ 2.5×,0.6082684208943864,-0.6082684208943864,20
TCGA-ZF-A9R1-01Z-00-DX1.74520759-D448-45B5-B8AD-45502C99A519,BLCA,uni,UNI,40x__10x,40× ↔ 10×,1.021941662403359,-1.021941662403359,20
TCGA-ZF-A9R1-01Z-00-DX1.74520759-D448-45B5-B8AD-45502C99A519,BLCA,uni,UNI,40x__2p5x,40× ↔ 2.5×,3.8094513282934566,-3.8094513282934566,20
TCGA-ZF-A9R1-01Z-00-DX1.74520759-D448-45B5-B8AD-45502C99A519,BLCA,uni2,UNI2,10x__2p5x,10× ↔ 2.5×,0.313471247703964,-0.313471247703964,20
TCGA-ZF-A9R1-01Z-00-DX1.74520759-D448-45B5-B8AD-45502C99A519,BLCA,uni2,UNI2,40x__10x,40× ↔ 10×,1.3254509645053536,-1.3254509645053536,20
TCGA-ZF-A9R1-01Z-00-DX1.74520759-D448-45B5-B8AD-45502C99A519,BLCA,uni2,UNI2,40x__2p5x,40× ↔ 2.5×,2.411008776180136,-2.411008776180136,20
TCGA-ZF-A9R1-01Z-00-DX1.74520759-D448-45B5-B8AD-45502C99A519,BLCA,virchow,Virchow,10x__2p5x,10× ↔ 2.5×,2.710070719851362,-2.710070719851362,20
TCGA-ZF-A9R1-01Z-00-DX1.74520759-D448-45B5-B8AD-45502C99A519,BLCA,virchow,Virchow,40x__10x,40× ↔ 10×,1.8672168576363268,-1.8672168576363268,20
TCGA-ZF-A9R1-01Z-00-DX1.74520759-D448-45B5-B8AD-45502C99A519,BLCA,virchow,Virchow,40x__2p5x,40× ↔ 2.5×,5.409698683503672,-5.409698683503672,20
TCGA-ZF-A9R1-01Z-00-DX1.74520759-D448-45B5-B8AD-45502C99A519,BLCA,virchow2,Virchow2,10x__2p5x,10× ↔ 2.5×,0.4778740024762146,-0.4778740024762146,20
TCGA-ZF-A9R1-01Z-00-DX1.74520759-D448-45B5-B8AD-45502C99A519,BLCA,virchow2,Virchow2,40x__10x,40× ↔ 10×,1.3807221821839661,-1.3807221821839661,20
TCGA-ZF-A9R1-01Z-00-DX1.74520759-D448-45B5-B8AD-45502C99A519,BLCA,virchow2,Virchow2,40x__2p5x,40× ↔ 2.5×,2.5291867677871265,-2.5291867677871265,20
TCGA-ZF-AA51-01Z-00-DX1.128C9731-C206-4E71-9A64-864FA9FD7E96,BLCA,gigapath,GigaPath,10x__2p5x,10× ↔ 2.5×,1.5629365073340151,-1.5629365073340151,20
TCGA-ZF-AA51-01Z-00-DX1.128C9731-C206-4E71-9A64-864FA9FD7E96,BLCA,gigapath,GigaPath,40x__10x,40× ↔ 10×,0.4411817643403809,-0.4411817643403809,20
TCGA-ZF-AA51-01Z-00-DX1.128C9731-C206-4E71-9A64-864FA9FD7E96,BLCA,gigapath,GigaPath,40x__2p5x,40× ↔ 2.5×,2.287604554399318,-2.287604554399318,20
TCGA-ZF-AA51-01Z-00-DX1.128C9731-C206-4E71-9A64-864FA9FD7E96,BLCA,gigapath_flash,GigaPath-Flash,10x__2p5x,10× ↔ 2.5×,1.2265763799417022,-1.2265763799417022,20
TCGA-ZF-AA51-01Z-00-DX1.128C9731-C206-4E71-9A64-864FA9FD7E96,BLCA,gigapath_flash,GigaPath-Flash,40x__10x,40× ↔ 10×,0.4755416802446867,-0.4755416802446867,20
TCGA-ZF-AA51-01Z-00-DX1.128C9731-C206-4E71-9A64-864FA9FD7E96,BLCA,gigapath_flash,GigaPath-Flash,40x__2p5x,40× ↔ 2.5×,3.211073313497759,-3.211073313497759,20
TCGA-ZF-AA51-01Z-00-DX1.128C9731-C206-4E71-9A64-864FA9FD7E96,BLCA,midnight,Midnight,10x__2p5x,10× ↔ 2.5×,0.15492409788031775,-0.15492409788031775,20
TCGA-ZF-AA51-01Z-00-DX1.128C9731-C206-4E71-9A64-864FA9FD7E96,BLCA,midnight,Midnight,40x__10x,40× ↔ 10×,0.2560655667860661,-0.2560655667860661,20
TCGA-ZF-AA51-01Z-00-DX1.128C9731-C206-4E71-9A64-864FA9FD7E96,BLCA,midnight,Midnight,40x__2p5x,40× ↔ 2.5×,-0.36880034572886194,0.36880034572886194,20
TCGA-ZF-AA51-01Z-00-DX1.128C9731-C206-4E71-9A64-864FA9FD7E96,BLCA,phikon,Phikon,10x__2p5x,10× ↔ 2.5×,1.1470401372000443,-1.1470401372000443,20
TCGA-ZF-AA51-01Z-00-DX1.128C9731-C206-4E71-9A64-864FA9FD7E96,BLCA,phikon,Phikon,40x__10x,40× ↔ 10×,0.15664384835801765,-0.15664384835801765,20
TCGA-ZF-AA51-01Z-00-DX1.128C9731-C206-4E71-9A64-864FA9FD7E96,BLCA,phikon,Phikon,40x__2p5x,40× ↔ 2.5×,3.588705688424472,-3.588705688424472,20
TCGA-ZF-AA51-01Z-00-DX1.128C9731-C206-4E71-9A64-864FA9FD7E96,BLCA,uni,UNI,10x__2p5x,10× ↔ 2.5×,1.1068497055498143,-1.1068497055498143,20
TCGA-ZF-AA51-01Z-00-DX1.128C9731-C206-4E71-9A64-864FA9FD7E96,BLCA,uni,UNI,40x__10x,40× ↔ 10×,0.8367432481153939,-0.8367432481153939,20
TCGA-ZF-AA51-01Z-00-DX1.128C9731-C206-4E71-9A64-864FA9FD7E96,BLCA,uni,UNI,40x__2p5x,40× ↔ 2.5×,3.8439646970266366,-3.8439646970266366,20
TCGA-ZF-AA51-01Z-00-DX1.128C9731-C206-4E71-9A64-864FA9FD7E96,BLCA,uni2,UNI2,10x__2p5x,10× ↔ 2.5×,0.03395002726478271,-0.03395002726478271,20
TCGA-ZF-AA51-01Z-00-DX1.128C9731-C206-4E71-9A64-864FA9FD7E96,BLCA,uni2,UNI2,40x__10x,40× ↔ 10×,1.1729487259811489,-1.1729487259811489,20
TCGA-ZF-AA51-01Z-00-DX1.128C9731-C206-4E71-9A64-864FA9FD7E96,BLCA,uni2,UNI2,40x__2p5x,40× ↔ 2.5×,1.5504280709608644,-1.5504280709608644,20
TCGA-ZF-AA51-01Z-00-DX1.128C9731-C206-4E71-9A64-864FA9FD7E96,BLCA,virchow,Virchow,10x__2p5x,10× ↔ 2.5×,4.314562219399156,-4.314562219399156,20
TCGA-ZF-AA51-01Z-00-DX1.128C9731-C206-4E71-9A64-864FA9FD7E96,BLCA,virchow,Virchow,40x__10x,40× ↔ 10×,1.0476927840818122,-1.0476927840818122,20
TCGA-ZF-AA51-01Z-00-DX1.128C9731-C206-4E71-9A64-864FA9FD7E96,BLCA,virchow,Virchow,40x__2p5x,40× ↔ 2.5×,5.7153043934072185,-5.7153043934072185,20
TCGA-ZF-AA51-01Z-00-DX1.128C9731-C206-4E71-9A64-864FA9FD7E96,BLCA,virchow2,Virchow2,10x__2p5x,10× ↔ 2.5×,1.26584357157844,-1.26584357157844,20
TCGA-ZF-AA51-01Z-00-DX1.128C9731-C206-4E71-9A64-864FA9FD7E96,BLCA,virchow2,Virchow2,40x__10x,40× ↔ 10×,1.0587382088402078,-1.0587382088402078,20
TCGA-ZF-AA51-01Z-00-DX1.128C9731-C206-4E71-9A64-864FA9FD7E96,BLCA,virchow2,Virchow2,40x__2p5x,40× ↔ 2.5×,1.8081017172326894,-1.8081017172326894,20
TCGA-ZQ-A9CR-01Z-00-DX1.C9AC9991-7054-4068-A7AA-9D1EB7F040A3,STAD,gigapath,GigaPath,10x__2p5x,10× ↔ 2.5×,2.2740202616919887,-2.2740202616919887,20
TCGA-ZQ-A9CR-01Z-00-DX1.C9AC9991-7054-4068-A7AA-9D1EB7F040A3,STAD,gigapath,GigaPath,40x__10x,40× ↔ 10×,1.4895673491090136,-1.4895673491090136,20
TCGA-ZQ-A9CR-01Z-00-DX1.C9AC9991-7054-4068-A7AA-9D1EB7F040A3,STAD,gigapath,GigaPath,40x__2p5x,40× ↔ 2.5×,5.0891123705172046,-5.0891123705172046,20
TCGA-ZQ-A9CR-01Z-00-DX1.C9AC9991-7054-4068-A7AA-9D1EB7F040A3,STAD,gigapath_flash,GigaPath-Flash,10x__2p5x,10× ↔ 2.5×,4.78458566945576,-4.78458566945576,20
TCGA-ZQ-A9CR-01Z-00-DX1.C9AC9991-7054-4068-A7AA-9D1EB7F040A3,STAD,gigapath_flash,GigaPath-Flash,40x__10x,40× ↔ 10×,3.185060772142804,-3.185060772142804,20
TCGA-ZQ-A9CR-01Z-00-DX1.C9AC9991-7054-4068-A7AA-9D1EB7F040A3,STAD,gigapath_flash,GigaPath-Flash,40x__2p5x,40× ↔ 2.5×,6.789693527677929,-6.789693527677929,20
TCGA-ZQ-A9CR-01Z-00-DX1.C9AC9991-7054-4068-A7AA-9D1EB7F040A3,STAD,midnight,Midnight,10x__2p5x,10× ↔ 2.5×,0.16656240650437273,-0.16656240650437273,20
TCGA-ZQ-A9CR-01Z-00-DX1.C9AC9991-7054-4068-A7AA-9D1EB7F040A3,STAD,midnight,Midnight,40x__10x,40× ↔ 10×,0.5004803277498333,-0.5004803277498333,20
TCGA-ZQ-A9CR-01Z-00-DX1.C9AC9991-7054-4068-A7AA-9D1EB7F040A3,STAD,midnight,Midnight,40x__2p5x,40× ↔ 2.5×,0.36474733045868446,-0.36474733045868446,20
TCGA-ZQ-A9CR-01Z-00-DX1.C9AC9991-7054-4068-A7AA-9D1EB7F040A3,STAD,phikon,Phikon,10x__2p5x,10× ↔ 2.5×,2.1986618194122274,-2.1986618194122274,20
TCGA-ZQ-A9CR-01Z-00-DX1.C9AC9991-7054-4068-A7AA-9D1EB7F040A3,STAD,phikon,Phikon,40x__10x,40× ↔ 10×,0.4237244216082615,-0.4237244216082615,20
TCGA-ZQ-A9CR-01Z-00-DX1.C9AC9991-7054-4068-A7AA-9D1EB7F040A3,STAD,phikon,Phikon,40x__2p5x,40× ↔ 2.5×,2.2463283349767793,-2.2463283349767793,20
TCGA-ZQ-A9CR-01Z-00-DX1.C9AC9991-7054-4068-A7AA-9D1EB7F040A3,STAD,uni,UNI,10x__2p5x,10× ↔ 2.5×,2.178868731039345,-2.178868731039345,20
TCGA-ZQ-A9CR-01Z-00-DX1.C9AC9991-7054-4068-A7AA-9D1EB7F040A3,STAD,uni,UNI,40x__10x,40× ↔ 10×,0.383591302896528,-0.383591302896528,20
TCGA-ZQ-A9CR-01Z-00-DX1.C9AC9991-7054-4068-A7AA-9D1EB7F040A3,STAD,uni,UNI,40x__2p5x,40× ↔ 2.5×,2.4003991771312068,-2.4003991771312068,20
TCGA-ZQ-A9CR-01Z-00-DX1.C9AC9991-7054-4068-A7AA-9D1EB7F040A3,STAD,uni2,UNI2,10x__2p5x,10× ↔ 2.5×,1.3620329174919683,-1.3620329174919683,20
TCGA-ZQ-A9CR-01Z-00-DX1.C9AC9991-7054-4068-A7AA-9D1EB7F040A3,STAD,uni2,UNI2,40x__10x,40× ↔ 10×,0.41381888891665025,-0.41381888891665025,20
TCGA-ZQ-A9CR-01Z-00-DX1.C9AC9991-7054-4068-A7AA-9D1EB7F040A3,STAD,uni2,UNI2,40x__2p5x,40× ↔ 2.5×,2.1485299883619975,-2.1485299883619975,20
TCGA-ZQ-A9CR-01Z-00-DX1.C9AC9991-7054-4068-A7AA-9D1EB7F040A3,STAD,virchow,Virchow,10x__2p5x,10× ↔ 2.5×,9.283405901456273,-9.283405901456273,20
TCGA-ZQ-A9CR-01Z-00-DX1.C9AC9991-7054-4068-A7AA-9D1EB7F040A3,STAD,virchow,Virchow,40x__10x,40× ↔ 10×,1.9795313142906892,-1.9795313142906892,20
TCGA-ZQ-A9CR-01Z-00-DX1.C9AC9991-7054-4068-A7AA-9D1EB7F040A3,STAD,virchow,Virchow,40x__2p5x,40× ↔ 2.5×,9.876615078810497,-9.876615078810497,20
TCGA-ZQ-A9CR-01Z-00-DX1.C9AC9991-7054-4068-A7AA-9D1EB7F040A3,STAD,virchow2,Virchow2,10x__2p5x,10× ↔ 2.5×,2.3777803767426864,-2.3777803767426864,20
TCGA-ZQ-A9CR-01Z-00-DX1.C9AC9991-7054-4068-A7AA-9D1EB7F040A3,STAD,virchow2,Virchow2,40x__10x,40× ↔ 10×,0.45076439907561144,-0.45076439907561144,20
TCGA-ZQ-A9CR-01Z-00-DX1.C9AC9991-7054-4068-A7AA-9D1EB7F040A3,STAD,virchow2,Virchow2,40x__2p5x,40× ↔ 2.5×,1.9218014693465264,-1.9218014693465264,20
