case_id,cancer,model,model_display,pair_key,pair_retrieval_similarity,pair_shift_robustness,retrieval_percentile,robustness_percentile
TCGA-CF-A3MF-01Z-00-DX1.91768C26-5BB1-4DE6-9737-AA26BD687A75,BLCA,gigapath,GigaPath,40x__10x,0.4889594465494156,-0.956141119595677,0.9436619718309859,0.4507042253521127
TCGA-CF-A3MF-01Z-00-DX1.91768C26-5BB1-4DE6-9737-AA26BD687A75,BLCA,gigapath,GigaPath,40x__2p5x,0.3123571872711181,-1.3047262540523554,0.9014084507042254,0.6901408450704225
TCGA-CF-A3MF-01Z-00-DX1.91768C26-5BB1-4DE6-9737-AA26BD687A75,BLCA,gigapath,GigaPath,10x__2p5x,0.4825561642646789,-0.0960375391365653,0.36619718309859156,0.8732394366197183
TCGA-CU-A0YN-01Z-00-DX1.6C5EAAAF-8F14-49D3-8FFC-9BDAE56CAFD0,BLCA,gigapath,GigaPath,40x__10x,0.3144496381282806,0.6037300807313619,0.1267605633802817,0.9154929577464789
TCGA-CU-A0YN-01Z-00-DX1.6C5EAAAF-8F14-49D3-8FFC-9BDAE56CAFD0,BLCA,gigapath,GigaPath,40x__2p5x,0.1426296196877956,-1.1112070901947426,0.1267605633802817,0.7183098591549296
TCGA-CU-A0YN-01Z-00-DX1.6C5EAAAF-8F14-49D3-8FFC-9BDAE56CAFD0,BLCA,gigapath,GigaPath,10x__2p5x,0.5249175429344177,-1.275624624367138,0.6197183098591549,0.36619718309859156
TCGA-DK-A6AW-01Z-00-DX1.C2453A8C-8282-443C-9E76-5B6CAD2FE69B,BLCA,gigapath,GigaPath,40x__10x,0.2801032662391662,-0.0588919777691836,0.028169014084507043,0.8169014084507042
TCGA-DK-A6AW-01Z-00-DX1.C2453A8C-8282-443C-9E76-5B6CAD2FE69B,BLCA,gigapath,GigaPath,40x__2p5x,0.0956045724451541,-0.913838505332792,0.014084507042253521,0.7746478873239436
TCGA-DK-A6AW-01Z-00-DX1.C2453A8C-8282-443C-9E76-5B6CAD2FE69B,BLCA,gigapath,GigaPath,10x__2p5x,0.5384808629751205,-2.93019967622307,0.704225352112676,0.04225352112676056
TCGA-DK-AA6L-01A-01-TSA.5794F0C6-9ED6-489A-9621-18CCC5935548,BLCA,gigapath,GigaPath,40x__10x,0.4238230437040329,0.8854039656147155,0.7183098591549296,0.9436619718309859
TCGA-DK-AA6L-01A-01-TSA.5794F0C6-9ED6-489A-9621-18CCC5935548,BLCA,gigapath,GigaPath,40x__2p5x,0.239223301410675,1.6507788816428497,0.676056338028169,0.9436619718309859
TCGA-DK-AA6L-01A-01-TSA.5794F0C6-9ED6-489A-9621-18CCC5935548,BLCA,gigapath,GigaPath,10x__2p5x,0.3718041181564331,2.5186577567747586,0.056338028169014086,0.9859154929577465
TCGA-DK-AA77-01A-01-TSA.26CAF5CB-CC4F-4522-BD2B-343FB70205FE,BLCA,gigapath,GigaPath,40x__10x,0.4824313819408417,0.3252406189892152,0.8873239436619719,0.8873239436619719
TCGA-DK-AA77-01A-01-TSA.26CAF5CB-CC4F-4522-BD2B-343FB70205FE,BLCA,gigapath,GigaPath,40x__2p5x,0.2592685371637344,-3.09859024619863,0.7605633802816901,0.28169014084507044
TCGA-DK-AA77-01A-01-TSA.26CAF5CB-CC4F-4522-BD2B-343FB70205FE,BLCA,gigapath,GigaPath,10x__2p5x,0.3489988893270492,-1.5766874966712323,0.028169014084507043,0.23943661971830985
TCGA-FD-A6TK-01Z-00-DX1.B685DA87-72A6-4C38-8AA1-40B6E543383C,BLCA,gigapath,GigaPath,40x__10x,0.4468392580747604,-0.767776782824314,0.8309859154929577,0.5774647887323944
TCGA-FD-A6TK-01Z-00-DX1.B685DA87-72A6-4C38-8AA1-40B6E543383C,BLCA,gigapath,GigaPath,40x__2p5x,0.1983459368348121,-2.5356182592436616,0.39436619718309857,0.4507042253521127
TCGA-FD-A6TK-01Z-00-DX1.B685DA87-72A6-4C38-8AA1-40B6E543383C,BLCA,gigapath,GigaPath,10x__2p5x,0.5477140098810196,-1.1407143495777752,0.7323943661971831,0.4507042253521127
TCGA-GU-AATP-01Z-00-DX1.0D8EC37C-88E7-49D5-A76D-F0A4A3FD8AE4,BLCA,gigapath,GigaPath,40x__10x,0.4213123172521591,-1.0427780609382655,0.704225352112676,0.38028169014084506
TCGA-GU-AATP-01Z-00-DX1.0D8EC37C-88E7-49D5-A76D-F0A4A3FD8AE4,BLCA,gigapath,GigaPath,40x__2p5x,0.1986369863152504,-1.1594600370334605,0.4084507042253521,0.704225352112676
TCGA-GU-AATP-01Z-00-DX1.0D8EC37C-88E7-49D5-A76D-F0A4A3FD8AE4,BLCA,gigapath,GigaPath,10x__2p5x,0.5169368833303452,-0.7742492113838522,0.5915492957746479,0.6901408450704225
TCGA-XF-A8HB-01Z-00-DX1.D6874152-D20A-4CA4-8E8B-8CBAB5F7D7B5,BLCA,gigapath,GigaPath,40x__10x,0.3839838951826095,-0.4078380272160266,0.4788732394366197,0.7183098591549296
TCGA-XF-A8HB-01Z-00-DX1.D6874152-D20A-4CA4-8E8B-8CBAB5F7D7B5,BLCA,gigapath,GigaPath,40x__2p5x,0.1254095397889614,-0.9031719258241732,0.07042253521126761,0.8028169014084507
TCGA-XF-A8HB-01Z-00-DX1.D6874152-D20A-4CA4-8E8B-8CBAB5F7D7B5,BLCA,gigapath,GigaPath,10x__2p5x,0.623402327299118,-0.7813945621439544,0.971830985915493,0.676056338028169
TCGA-ZF-A9R1-01Z-00-DX1.74520759-D448-45B5-B8AD-45502C99A519,BLCA,gigapath,GigaPath,40x__10x,0.3771821111440658,-1.065780293476996,0.39436619718309857,0.352112676056338
TCGA-ZF-A9R1-01Z-00-DX1.74520759-D448-45B5-B8AD-45502C99A519,BLCA,gigapath,GigaPath,40x__2p5x,0.1675204038619995,-1.4141225061686409,0.2676056338028169,0.6619718309859155
TCGA-ZF-A9R1-01Z-00-DX1.74520759-D448-45B5-B8AD-45502C99A519,BLCA,gigapath,GigaPath,10x__2p5x,0.5252312123775482,-0.4903604351725622,0.6338028169014085,0.7887323943661971
TCGA-ZF-AA51-01Z-00-DX1.128C9731-C206-4E71-9A64-864FA9FD7E96,BLCA,gigapath,GigaPath,40x__10x,0.4286428391933441,-0.4411817643403809,0.7464788732394366,0.704225352112676
TCGA-ZF-AA51-01Z-00-DX1.128C9731-C206-4E71-9A64-864FA9FD7E96,BLCA,gigapath,GigaPath,40x__2p5x,0.2428665682673454,-2.287604554399318,0.7323943661971831,0.5352112676056338
TCGA-ZF-AA51-01Z-00-DX1.128C9731-C206-4E71-9A64-864FA9FD7E96,BLCA,gigapath,GigaPath,10x__2p5x,0.590424582362175,-1.5629365073340151,0.9014084507042254,0.2535211267605634
TCGA-A7-A2KD-01Z-00-DX1.BFF2DFC8-1D95-4DC2-98FC-5BD7D7C6CDF5,BRCA,gigapath,GigaPath,40x__10x,0.3880480825901031,-0.5961088266407574,0.5211267605633803,0.647887323943662
TCGA-A7-A2KD-01Z-00-DX1.BFF2DFC8-1D95-4DC2-98FC-5BD7D7C6CDF5,BRCA,gigapath,GigaPath,40x__2p5x,0.2189582362771034,-0.5954982373570377,0.6056338028169014,0.8450704225352113
TCGA-A7-A2KD-01Z-00-DX1.BFF2DFC8-1D95-4DC2-98FC-5BD7D7C6CDF5,BRCA,gigapath,GigaPath,10x__2p5x,0.3103941455483436,0.3262260838162289,0.014084507042253521,0.9014084507042254
TCGA-AN-A0G0-01Z-00-DX1.BE0BB5DF-DEDA-48D8-B5D8-2735C767F28F,BRCA,gigapath,GigaPath,40x__10x,0.3155541568994522,-0.9627175227312132,0.14084507042253522,0.4225352112676056
TCGA-AN-A0G0-01Z-00-DX1.BE0BB5DF-DEDA-48D8-B5D8-2735C767F28F,BRCA,gigapath,GigaPath,40x__2p5x,0.120736975222826,-2.166715278511665,0.056338028169014086,0.5633802816901409
TCGA-AN-A0G0-01Z-00-DX1.BE0BB5DF-DEDA-48D8-B5D8-2735C767F28F,BRCA,gigapath,GigaPath,10x__2p5x,0.438644602894783,-1.5327660567556711,0.2112676056338028,0.28169014084507044
TCGA-AQ-A04L-01Z-00-DX1.F35BF4DD-896A-43C2-8DA6-C67945C003BE,BRCA,gigapath,GigaPath,40x__10x,0.4136791974306106,-1.917507420286932,0.6619718309859155,0.09859154929577464
TCGA-AQ-A04L-01Z-00-DX1.F35BF4DD-896A-43C2-8DA6-C67945C003BE,BRCA,gigapath,GigaPath,40x__2p5x,0.2847234979271889,-3.815753747552858,0.8591549295774648,0.18309859154929578
TCGA-AQ-A04L-01Z-00-DX1.F35BF4DD-896A-43C2-8DA6-C67945C003BE,BRCA,gigapath,GigaPath,10x__2p5x,0.6649807989597321,-1.9096700505343804,1.0,0.19718309859154928
TCGA-AR-A2LK-01Z-00-DX1.FBD59C38-CD4E-4C22-BC74-A57C192A9BBC,BRCA,gigapath,GigaPath,40x__10x,0.3806036561727524,-0.7666800676570786,0.43661971830985913,0.5915492957746479
TCGA-AR-A2LK-01Z-00-DX1.FBD59C38-CD4E-4C22-BC74-A57C192A9BBC,BRCA,gigapath,GigaPath,40x__2p5x,0.1888155713677406,-2.769950137419351,0.3380281690140845,0.38028169014084506
TCGA-AR-A2LK-01Z-00-DX1.FBD59C38-CD4E-4C22-BC74-A57C192A9BBC,BRCA,gigapath,GigaPath,10x__2p5x,0.4886922985315323,-0.8632763650806448,0.4084507042253521,0.6056338028169014
TCGA-AR-A5QM-01Z-00-DX1.A9017CED-FF57-4090-95B9-94DC91854347,BRCA,gigapath,GigaPath,40x__10x,0.3857283145189285,-1.0039109270452689,0.49295774647887325,0.4084507042253521
TCGA-AR-A5QM-01Z-00-DX1.A9017CED-FF57-4090-95B9-94DC91854347,BRCA,gigapath,GigaPath,40x__2p5x,0.1107841432094574,-3.03411190024316,0.04225352112676056,0.29577464788732394
TCGA-AR-A5QM-01Z-00-DX1.A9017CED-FF57-4090-95B9-94DC91854347,BRCA,gigapath,GigaPath,10x__2p5x,0.5543598830699921,-0.9010194710156456,0.7746478873239436,0.5774647887323944
TCGA-BH-A0C1-01Z-00-DX1.21FE357E-B182-4397-BFEF-7E96E994236A,BRCA,gigapath,GigaPath,40x__10x,0.467319130897522,-1.2769404768993562,0.8732394366197183,0.28169014084507044
TCGA-BH-A0C1-01Z-00-DX1.21FE357E-B182-4397-BFEF-7E96E994236A,BRCA,gigapath,GigaPath,40x__2p5x,0.2079744040966034,-3.7658460626252586,0.5352112676056338,0.19718309859154928
TCGA-BH-A0C1-01Z-00-DX1.21FE357E-B182-4397-BFEF-7E96E994236A,BRCA,gigapath,GigaPath,10x__2p5x,0.5044174790382385,-1.0606136905306802,0.5492957746478874,0.49295774647887325
TCGA-D8-A1X8-01Z-00-DX1.DDA3866E-C7CC-4650-BE2B-5C9A98A2D531,BRCA,gigapath,GigaPath,40x__10x,0.381280243396759,-1.7441101817965312,0.4507042253521127,0.1267605633802817
TCGA-D8-A1X8-01Z-00-DX1.DDA3866E-C7CC-4650-BE2B-5C9A98A2D531,BRCA,gigapath,GigaPath,40x__2p5x,0.2074469700455665,-4.720655009107395,0.5211267605633803,0.09859154929577464
TCGA-D8-A1X8-01Z-00-DX1.DDA3866E-C7CC-4650-BE2B-5C9A98A2D531,BRCA,gigapath,GigaPath,10x__2p5x,0.4458049833774566,-1.5626514980134318,0.2535211267605634,0.2676056338028169
TCGA-E2-A14P-01Z-00-DX1.663B02FF-C64B-41A6-8685-FD61CD76F9C6,BRCA,gigapath,GigaPath,40x__10x,0.3105895519256592,-2.005596509419767,0.11267605633802817,0.07042253521126761
TCGA-E2-A14P-01Z-00-DX1.663B02FF-C64B-41A6-8685-FD61CD76F9C6,BRCA,gigapath,GigaPath,40x__2p5x,0.1401475928723812,-2.608181182555958,0.11267605633802817,0.4225352112676056
TCGA-E2-A14P-01Z-00-DX1.663B02FF-C64B-41A6-8685-FD61CD76F9C6,BRCA,gigapath,GigaPath,10x__2p5x,0.4957860261201858,-1.0206711526725882,0.4647887323943662,0.5352112676056338
TCGA-E2-A1LA-01Z-00-DX1.AE49E943-B830-4ED9-B09E-E499441BC2EC,BRCA,gigapath,GigaPath,40x__10x,0.4279597550630569,-1.3171905310270575,0.7323943661971831,0.2676056338028169
TCGA-E2-A1LA-01Z-00-DX1.AE49E943-B830-4ED9-B09E-E499441BC2EC,BRCA,gigapath,GigaPath,40x__2p5x,0.1626079529523849,-3.38969685250438,0.23943661971830985,0.2676056338028169
TCGA-E2-A1LA-01Z-00-DX1.AE49E943-B830-4ED9-B09E-E499441BC2EC,BRCA,gigapath,GigaPath,10x__2p5x,0.5636835247278214,-0.8620468102961658,0.8309859154929577,0.6197183098591549
TCGA-GM-A3XN-01Z-00-DX1.49F5C8AC-0328-4BC2-9FE2-E7150B7A42E2,BRCA,gigapath,GigaPath,40x__10x,0.3979659527540207,-0.9554310210406932,0.5633802816901409,0.4788732394366197
TCGA-GM-A3XN-01Z-00-DX1.49F5C8AC-0328-4BC2-9FE2-E7150B7A42E2,BRCA,gigapath,GigaPath,40x__2p5x,0.14341851323843,-3.509859117341346,0.14084507042253522,0.23943661971830985
TCGA-GM-A3XN-01Z-00-DX1.49F5C8AC-0328-4BC2-9FE2-E7150B7A42E2,BRCA,gigapath,GigaPath,10x__2p5x,0.4392259120941162,-0.9776864479681128,0.22535211267605634,0.5633802816901409
TCGA-AY-A8YK-01Z-00-DX1.89E3C546-0425-449B-A6FB-1C35168EA7EB,COAD,gigapath,GigaPath,40x__10x,0.3744556456804275,-0.9424324858208356,0.38028169014084506,0.5070422535211268
TCGA-AY-A8YK-01Z-00-DX1.89E3C546-0425-449B-A6FB-1C35168EA7EB,COAD,gigapath,GigaPath,40x__2p5x,0.2071612477302551,-5.2035688274791845,0.5070422535211268,0.04225352112676056
TCGA-AY-A8YK-01Z-00-DX1.89E3C546-0425-449B-A6FB-1C35168EA7EB,COAD,gigapath,GigaPath,10x__2p5x,0.3822548985481262,-5.047229032219403,0.07042253521126761,0.014084507042253521
TCGA-CK-4947-01Z-00-DX1.b257d5fd-b97b-4987-b088-77f044ca7fe2,COAD,gigapath,GigaPath,40x__10x,0.380175843834877,-1.189780929694372,0.4225352112676056,0.30985915492957744
TCGA-CK-4947-01Z-00-DX1.b257d5fd-b97b-4987-b088-77f044ca7fe2,COAD,gigapath,GigaPath,40x__2p5x,0.2223111689090728,-5.2495657708325805,0.6197183098591549,0.028169014084507043
TCGA-CK-4947-01Z-00-DX1.b257d5fd-b97b-4987-b088-77f044ca7fe2,COAD,gigapath,GigaPath,10x__2p5x,0.4895816892385483,-1.1856478240646,0.4225352112676056,0.4225352112676056
TCGA-CM-6168-01Z-00-DX1.96af6eb2-9d51-4671-baf8-1a73d0c66869,COAD,gigapath,GigaPath,40x__10x,0.4172828644514084,-0.958627295431192,0.676056338028169,0.43661971830985913
TCGA-CM-6168-01Z-00-DX1.96af6eb2-9d51-4671-baf8-1a73d0c66869,COAD,gigapath,GigaPath,40x__2p5x,0.3279165551066398,-3.869872519106605,0.9295774647887324,0.16901408450704225
TCGA-CM-6168-01Z-00-DX1.96af6eb2-9d51-4671-baf8-1a73d0c66869,COAD,gigapath,GigaPath,10x__2p5x,0.4910147786140442,-0.6660968142279423,0.4507042253521127,0.7464788732394366
TCGA-CM-6169-01Z-00-DX1.0381c243-02b8-4f1d-840c-19ef44d4b92c,COAD,gigapath,GigaPath,40x__10x,0.3735876232385635,-1.0327498007814744,0.36619718309859156,0.39436619718309857
TCGA-CM-6169-01Z-00-DX1.0381c243-02b8-4f1d-840c-19ef44d4b92c,COAD,gigapath,GigaPath,40x__2p5x,0.259630374610424,-3.712117974189547,0.7746478873239436,0.2112676056338028
TCGA-CM-6169-01Z-00-DX1.0381c243-02b8-4f1d-840c-19ef44d4b92c,COAD,gigapath,GigaPath,10x__2p5x,0.50995172560215,-1.1382600001138363,0.5774647887323944,0.4647887323943662
TCGA-G4-6309-01Z-00-DX1.3eb20fdc-eb86-4bd5-8194-76b02d4fa472,COAD,gigapath,GigaPath,40x__10x,0.3043233603239059,-1.1955379873585303,0.09859154929577464,0.29577464788732394
TCGA-G4-6309-01Z-00-DX1.3eb20fdc-eb86-4bd5-8194-76b02d4fa472,COAD,gigapath,GigaPath,40x__2p5x,0.2608178481459617,-4.425544389647487,0.7887323943661971,0.1267605633802817
TCGA-G4-6309-01Z-00-DX1.3eb20fdc-eb86-4bd5-8194-76b02d4fa472,COAD,gigapath,GigaPath,10x__2p5x,0.5551122426986694,-0.7178440716930063,0.7887323943661971,0.7183098591549296
TCGA-G4-6310-01Z-00-DX1.b88472d4-3adc-4e4d-b0f2-0dc195a3d7df,COAD,gigapath,GigaPath,40x__10x,0.3677956759929657,-1.5284140719308528,0.352112676056338,0.19718309859154928
TCGA-G4-6310-01Z-00-DX1.b88472d4-3adc-4e4d-b0f2-0dc195a3d7df,COAD,gigapath,GigaPath,40x__2p5x,0.2159811109304428,-3.8958583985724657,0.5915492957746479,0.15492957746478872
TCGA-G4-6310-01Z-00-DX1.b88472d4-3adc-4e4d-b0f2-0dc195a3d7df,COAD,gigapath,GigaPath,10x__2p5x,0.5030421614646912,-0.2966234044824106,0.5352112676056338,0.8309859154929577
TCGA-G4-6588-01Z-00-DX1.0747172e-f630-4b7c-9341-55078585ae00,COAD,gigapath,GigaPath,40x__10x,0.319860965013504,-1.135629814736352,0.18309859154929578,0.323943661971831
TCGA-G4-6588-01Z-00-DX1.0747172e-f630-4b7c-9341-55078585ae00,COAD,gigapath,GigaPath,40x__2p5x,0.2431989684700966,-4.394134079647221,0.7464788732394366,0.14084507042253522
TCGA-G4-6588-01Z-00-DX1.0747172e-f630-4b7c-9341-55078585ae00,COAD,gigapath,GigaPath,10x__2p5x,0.5610717386007309,-0.5877615470418481,0.8169014084507042,0.7746478873239436
TCGA-BA-6871-01Z-00-DX1.4d9ca329-f8d5-4c31-a20f-9d4fba728326,HNSC,gigapath,GigaPath,40x__10x,0.2858694195747375,2.2718032007198508,0.04225352112676056,0.9859154929577465
TCGA-BA-6871-01Z-00-DX1.4d9ca329-f8d5-4c31-a20f-9d4fba728326,HNSC,gigapath,GigaPath,40x__2p5x,0.1611280366778373,2.928624563937926,0.22535211267605634,0.9859154929577465
TCGA-BA-6871-01Z-00-DX1.4d9ca329-f8d5-4c31-a20f-9d4fba728326,HNSC,gigapath,GigaPath,10x__2p5x,0.419332355260849,1.0400063754390485,0.11267605633802817,0.971830985915493
TCGA-BA-6872-01Z-00-DX1.F99F6394-D319-4599-B124-D2A6692FA096,HNSC,gigapath,GigaPath,40x__10x,0.4648218154907226,1.1564581645999574,0.8591549295774648,0.9577464788732394
TCGA-BA-6872-01Z-00-DX1.F99F6394-D319-4599-B124-D2A6692FA096,HNSC,gigapath,GigaPath,40x__2p5x,0.2388993352651596,1.5530719120905656,0.6619718309859155,0.9295774647887324
TCGA-BA-6872-01Z-00-DX1.F99F6394-D319-4599-B124-D2A6692FA096,HNSC,gigapath,GigaPath,10x__2p5x,0.6138962954282761,0.6133238326431322,0.9295774647887324,0.9436619718309859
TCGA-CN-A6V7-01A-01-TS1.F54912D3-1E21-4605-ACFC-142973524AE2,HNSC,gigapath,GigaPath,40x__10x,0.4367308616638183,3.3824944528815712,0.8028169014084507,1.0
TCGA-CN-A6V7-01A-01-TS1.F54912D3-1E21-4605-ACFC-142973524AE2,HNSC,gigapath,GigaPath,40x__2p5x,0.2350632920861244,5.493848170899125,0.647887323943662,1.0
TCGA-CN-A6V7-01A-01-TS1.F54912D3-1E21-4605-ACFC-142973524AE2,HNSC,gigapath,GigaPath,10x__2p5x,0.3644971549510956,4.3060008905638245,0.04225352112676056,1.0
TCGA-CV-6935-01Z-00-DX1.9C449CB2-FB6D-41D1-A4A6-3069DC84A697,HNSC,gigapath,GigaPath,40x__10x,0.5567256808280945,0.1343101024927685,0.9859154929577465,0.8591549295774648
TCGA-CV-6935-01Z-00-DX1.9C449CB2-FB6D-41D1-A4A6-3069DC84A697,HNSC,gigapath,GigaPath,40x__2p5x,0.4065642952919006,-0.3481620696429569,0.9859154929577465,0.8732394366197183
TCGA-CV-6935-01Z-00-DX1.9C449CB2-FB6D-41D1-A4A6-3069DC84A697,HNSC,gigapath,GigaPath,10x__2p5x,0.6209448873996735,-0.631730945201983,0.9436619718309859,0.7605633802816901
TCGA-CV-A45O-01Z-00-DX1.8CBD0CCC-C815-475D-87F9-76272F4F715B,HNSC,gigapath,GigaPath,40x__10x,0.5048922598361969,0.056747714468665,0.9577464788732394,0.8450704225352113
TCGA-CV-A45O-01Z-00-DX1.8CBD0CCC-C815-475D-87F9-76272F4F715B,HNSC,gigapath,GigaPath,40x__2p5x,0.3518944978713989,-0.1192147589383769,0.9436619718309859,0.9154929577464789
TCGA-CV-A45O-01Z-00-DX1.8CBD0CCC-C815-475D-87F9-76272F4F715B,HNSC,gigapath,GigaPath,10x__2p5x,0.5818972885608673,-0.8567169709847517,0.8873239436619719,0.6338028169014085
TCGA-CV-A6JE-01Z-00-DX1.20137D17-19B3-49FF-9C3D-60933157E409,HNSC,gigapath,GigaPath,40x__10x,0.6054462790489197,0.3789164883535948,1.0,0.9014084507042254
TCGA-CV-A6JE-01Z-00-DX1.20137D17-19B3-49FF-9C3D-60933157E409,HNSC,gigapath,GigaPath,40x__2p5x,0.4224561899900436,-0.5006309953182935,1.0,0.8591549295774648
TCGA-CV-A6JE-01Z-00-DX1.20137D17-19B3-49FF-9C3D-60933157E409,HNSC,gigapath,GigaPath,10x__2p5x,0.545178696513176,-1.252238824821028,0.7183098591549296,0.39436619718309857
TCGA-CV-A6JU-01Z-00-DX1.35A3A1F0-9D6C-4794-B501-E56E48C51DF9,HNSC,gigapath,GigaPath,40x__10x,0.4513609260320663,-0.0060424417691147,0.8450704225352113,0.8309859154929577
TCGA-CV-A6JU-01Z-00-DX1.35A3A1F0-9D6C-4794-B501-E56E48C51DF9,HNSC,gigapath,GigaPath,40x__2p5x,0.2753949165344238,-0.1937563989297268,0.8169014084507042,0.8873239436619719
TCGA-CV-A6JU-01Z-00-DX1.35A3A1F0-9D6C-4794-B501-E56E48C51DF9,HNSC,gigapath,GigaPath,10x__2p5x,0.4269676208496094,-1.060490009845942,0.14084507042253522,0.5070422535211268
TCGA-UF-A719-01Z-00-DX1.4C4ECC2C-C390-4C5E-A709-CF08C113F1A1,HNSC,gigapath,GigaPath,40x__10x,0.3532271534204483,1.4278160328724745,0.323943661971831,0.971830985915493
TCGA-UF-A719-01Z-00-DX1.4C4ECC2C-C390-4C5E-A709-CF08C113F1A1,HNSC,gigapath,GigaPath,40x__2p5x,0.1464437022805214,2.241544094678484,0.15492957746478872,0.971830985915493
TCGA-UF-A719-01Z-00-DX1.4C4ECC2C-C390-4C5E-A709-CF08C113F1A1,HNSC,gigapath,GigaPath,10x__2p5x,0.4326012283563614,0.5143483569195775,0.18309859154929578,0.9295774647887324
TCGA-A3-3346-01Z-00-DX1.95280216-fd71-4a03-b452-6e3d667f2542,KIRC,gigapath,GigaPath,40x__10x,0.3009563535451889,-0.94063235601253,0.07042253521126761,0.5211267605633803
TCGA-A3-3346-01Z-00-DX1.95280216-fd71-4a03-b452-6e3d667f2542,KIRC,gigapath,GigaPath,40x__2p5x,0.1997874975204467,-1.3254156513041844,0.4225352112676056,0.676056338028169
TCGA-A3-3346-01Z-00-DX1.95280216-fd71-4a03-b452-6e3d667f2542,KIRC,gigapath,GigaPath,10x__2p5x,0.5494064092636108,-1.845274998102896,0.7464788732394366,0.2112676056338028
TCGA-A3-A8CQ-01Z-00-DX1.78DA0827-5FB8-4B9F-A845-22F85830B5FB,KIRC,gigapath,GigaPath,40x__10x,0.2609734758734703,-1.0784985633674375,0.014084507042253521,0.3380281690140845
TCGA-A3-A8CQ-01Z-00-DX1.78DA0827-5FB8-4B9F-A845-22F85830B5FB,KIRC,gigapath,GigaPath,40x__2p5x,0.2020273134112358,-2.831788754752362,0.4507042253521127,0.3380281690140845
TCGA-A3-A8CQ-01Z-00-DX1.78DA0827-5FB8-4B9F-A845-22F85830B5FB,KIRC,gigapath,GigaPath,10x__2p5x,0.4092987179756164,-2.387706145034369,0.08450704225352113,0.1267605633802817
TCGA-AK-3444-01Z-00-DX1.1F0E0B47-29FF-456F-800A-539983FDCFAA,KIRC,gigapath,GigaPath,40x__10x,0.3524229675531387,-0.6951013648650195,0.30985915492957744,0.6197183098591549
TCGA-AK-3444-01Z-00-DX1.1F0E0B47-29FF-456F-800A-539983FDCFAA,KIRC,gigapath,GigaPath,40x__2p5x,0.2042330466210842,-2.18790888465145,0.4788732394366197,0.5492957746478874
TCGA-AK-3444-01Z-00-DX1.1F0E0B47-29FF-456F-800A-539983FDCFAA,KIRC,gigapath,GigaPath,10x__2p5x,0.4607304781675339,-2.871508424577633,0.30985915492957744,0.08450704225352113
TCGA-B0-5094-01Z-00-DX1.eac31fe2-09da-4ecf-8e25-c073cbb03295,KIRC,gigapath,GigaPath,40x__10x,0.5263385474681854,-1.4148147862181972,0.971830985915493,0.23943661971830985
TCGA-B0-5094-01Z-00-DX1.eac31fe2-09da-4ecf-8e25-c073cbb03295,KIRC,gigapath,GigaPath,40x__2p5x,0.3586942702531814,-1.6762658715714291,0.9577464788732394,0.6197183098591549
TCGA-B0-5094-01Z-00-DX1.eac31fe2-09da-4ecf-8e25-c073cbb03295,KIRC,gigapath,GigaPath,10x__2p5x,0.5375147759914398,-1.377704409192622,0.6901408450704225,0.3380281690140845
TCGA-B0-5106-01Z-00-DX1.564e51a3-be50-4eed-ba9c-4d478b96ffc6,KIRC,gigapath,GigaPath,40x__10x,0.4413576275110245,-0.2077590405724032,0.8169014084507042,0.8028169014084507
TCGA-B0-5106-01Z-00-DX1.564e51a3-be50-4eed-ba9c-4d478b96ffc6,KIRC,gigapath,GigaPath,40x__2p5x,0.227205604314804,-0.951021445766641,0.6338028169014085,0.7605633802816901
TCGA-B0-5106-01Z-00-DX1.564e51a3-be50-4eed-ba9c-4d478b96ffc6,KIRC,gigapath,GigaPath,10x__2p5x,0.4805910140275955,-1.6431424099059622,0.352112676056338,0.22535211267605634
TCGA-B0-5711-01Z-00-DX1.6839921f-ec08-4e94-8bf9-4b5a4fcdda45,KIRC,gigapath,GigaPath,40x__10x,0.4045570790767669,-0.3868895581085954,0.6056338028169014,0.7464788732394366
TCGA-B0-5711-01Z-00-DX1.6839921f-ec08-4e94-8bf9-4b5a4fcdda45,KIRC,gigapath,GigaPath,40x__2p5x,0.2423750683665275,-0.8478437869536553,0.7183098591549296,0.8169014084507042
TCGA-B0-5711-01Z-00-DX1.6839921f-ec08-4e94-8bf9-4b5a4fcdda45,KIRC,gigapath,GigaPath,10x__2p5x,0.4203730076551437,-1.4127491635042215,0.1267605633802817,0.323943661971831
TCGA-B2-5633-01Z-00-DX1.c55a29ca-468e-46de-9ff5-a51f46fe09fd,KIRC,gigapath,GigaPath,40x__10x,0.3899825811386108,-0.3914226061601582,0.5352112676056338,0.7323943661971831
TCGA-B2-5633-01Z-00-DX1.c55a29ca-468e-46de-9ff5-a51f46fe09fd,KIRC,gigapath,GigaPath,40x__2p5x,0.2417577132582664,-1.60316192420457,0.704225352112676,0.6338028169014085
TCGA-B2-5633-01Z-00-DX1.c55a29ca-468e-46de-9ff5-a51f46fe09fd,KIRC,gigapath,GigaPath,10x__2p5x,0.4496215283870697,-2.1878025838966217,0.2676056338028169,0.16901408450704225
TCGA-BP-4991-01Z-00-DX1.71305f5c-ca59-48fa-bb82-4b441c1fffdc,KIRC,gigapath,GigaPath,40x__10x,0.4202430695295334,-0.3558064986750123,0.6901408450704225,0.7746478873239436
TCGA-BP-4991-01Z-00-DX1.71305f5c-ca59-48fa-bb82-4b441c1fffdc,KIRC,gigapath,GigaPath,40x__2p5x,0.284208595752716,-1.043351516515231,0.8450704225352113,0.7464788732394366
TCGA-BP-4991-01Z-00-DX1.71305f5c-ca59-48fa-bb82-4b441c1fffdc,KIRC,gigapath,GigaPath,10x__2p5x,0.4298842549324035,-2.9295403437602863,0.16901408450704225,0.056338028169014086
TCGA-BP-5201-01Z-00-DX1.d1a9878e-bb97-48fb-9098-9d9337f06250,KIRC,gigapath,GigaPath,40x__10x,0.4877166897058487,-1.0642726119909167,0.9154929577464789,0.36619718309859156
TCGA-BP-5201-01Z-00-DX1.d1a9878e-bb97-48fb-9098-9d9337f06250,KIRC,gigapath,GigaPath,40x__2p5x,0.2853355333209038,-0.9089062315936224,0.8732394366197183,0.7887323943661971
TCGA-BP-5201-01Z-00-DX1.d1a9878e-bb97-48fb-9098-9d9337f06250,KIRC,gigapath,GigaPath,10x__2p5x,0.4135448038578033,-0.7334797192675291,0.09859154929577464,0.704225352112676
TCGA-55-6986-01Z-00-DX1.ae52d41e-3cd6-4d36-b04b-2ea7d29bd8da,LUAD,gigapath,GigaPath,40x__10x,0.3658652901649475,-0.2660039669831012,0.3380281690140845,0.7887323943661971
TCGA-55-6986-01Z-00-DX1.ae52d41e-3cd6-4d36-b04b-2ea7d29bd8da,LUAD,gigapath,GigaPath,40x__2p5x,0.2119942232966423,-1.1057846607255484,0.5774647887323944,0.7323943661971831
TCGA-55-6986-01Z-00-DX1.ae52d41e-3cd6-4d36-b04b-2ea7d29bd8da,LUAD,gigapath,GigaPath,10x__2p5x,0.5004103928804398,-1.1409087541086864,0.5211267605633803,0.43661971830985913
TCGA-64-5779-01Z-00-DX1.B3268447-DCE0-4927-B5A9-EC4D61E9B17D,LUAD,gigapath,GigaPath,40x__10x,0.3218395859003067,0.7161066159377933,0.2112676056338028,0.9295774647887324
TCGA-64-5779-01Z-00-DX1.B3268447-DCE0-4927-B5A9-EC4D61E9B17D,LUAD,gigapath,GigaPath,40x__2p5x,0.1086315512657165,1.7042891632870472,0.028169014084507043,0.9577464788732394
TCGA-64-5779-01Z-00-DX1.B3268447-DCE0-4927-B5A9-EC4D61E9B17D,LUAD,gigapath,GigaPath,10x__2p5x,0.4794085472822189,0.8434090902320175,0.3380281690140845,0.9577464788732394
TCGA-78-7158-01Z-00-DX1.74db3dcd-2715-4ce7-8e48-30c8b7946ba0,LUAD,gigapath,GigaPath,40x__10x,0.3934371024370193,-0.947055860777725,0.5492957746478874,0.49295774647887325
TCGA-78-7158-01Z-00-DX1.74db3dcd-2715-4ce7-8e48-30c8b7946ba0,LUAD,gigapath,GigaPath,40x__2p5x,0.2839799076318741,-2.552834760541857,0.8309859154929577,0.43661971830985913
TCGA-78-7158-01Z-00-DX1.74db3dcd-2715-4ce7-8e48-30c8b7946ba0,LUAD,gigapath,GigaPath,10x__2p5x,0.4695396870374679,-1.2115353447847883,0.323943661971831,0.4084507042253521
TCGA-78-7163-01Z-00-DX1.42880bdf-271d-41dd-aada-e7ec1156ff31,LUAD,gigapath,GigaPath,40x__10x,0.4856205582618713,-0.5494686310815824,0.9014084507042254,0.676056338028169
TCGA-78-7163-01Z-00-DX1.42880bdf-271d-41dd-aada-e7ec1156ff31,LUAD,gigapath,GigaPath,40x__2p5x,0.3209863901138305,-2.8242536622729637,0.9154929577464789,0.352112676056338
TCGA-78-7163-01Z-00-DX1.42880bdf-271d-41dd-aada-e7ec1156ff31,LUAD,gigapath,GigaPath,10x__2p5x,0.4546240866184234,-0.8938135386841847,0.28169014084507044,0.5915492957746479
TCGA-78-7536-01Z-00-DX1.6b066140-8b82-40a5-bd48-430eeb4463fe,LUAD,gigapath,GigaPath,40x__10x,0.3461995869874954,-1.5210706632458824,0.2676056338028169,0.2112676056338028
TCGA-78-7536-01Z-00-DX1.6b066140-8b82-40a5-bd48-430eeb4463fe,LUAD,gigapath,GigaPath,40x__2p5x,0.1967735439538955,-2.986675469628413,0.38028169014084506,0.30985915492957744
TCGA-78-7536-01Z-00-DX1.6b066140-8b82-40a5-bd48-430eeb4463fe,LUAD,gigapath,GigaPath,10x__2p5x,0.4373925775289535,-1.032207139464098,0.19718309859154928,0.5211267605633803
TCGA-86-8668-01Z-00-DX1.d720d486-02c7-4f98-8feb-e0e50a12c158,LUAD,gigapath,GigaPath,40x__10x,0.3168562352657318,0.1663665056848959,0.15492957746478872,0.8732394366197183
TCGA-86-8668-01Z-00-DX1.d720d486-02c7-4f98-8feb-e0e50a12c158,LUAD,gigapath,GigaPath,40x__2p5x,0.2035615928471088,-0.1612085278712481,0.4647887323943662,0.9014084507042254
TCGA-86-8668-01Z-00-DX1.d720d486-02c7-4f98-8feb-e0e50a12c158,LUAD,gigapath,GigaPath,10x__2p5x,0.4962620884180069,-0.8521909943136409,0.4788732394366197,0.647887323943662
TCGA-97-A4LX-01Z-00-DX1.B2334672-A626-4E74-B4D1-A79F70F65909,LUAD,gigapath,GigaPath,40x__10x,0.4884797185659408,-0.7793204125627381,0.9295774647887324,0.5633802816901409
TCGA-97-A4LX-01Z-00-DX1.B2334672-A626-4E74-B4D1-A79F70F65909,LUAD,gigapath,GigaPath,40x__2p5x,0.1642939932644367,-2.436884406886832,0.2535211267605634,0.4647887323943662
TCGA-97-A4LX-01Z-00-DX1.B2334672-A626-4E74-B4D1-A79F70F65909,LUAD,gigapath,GigaPath,10x__2p5x,0.49628946185112,-1.4535610114347564,0.49295774647887325,0.30985915492957744
TCGA-97-A4M2-01Z-00-DX1.5C72522C-1538-4D68-B517-5FB05A9D401A,LUAD,gigapath,GigaPath,40x__10x,0.4079442620277405,-0.3826781498019153,0.6338028169014085,0.7605633802816901
TCGA-97-A4M2-01Z-00-DX1.5C72522C-1538-4D68-B517-5FB05A9D401A,LUAD,gigapath,GigaPath,40x__2p5x,0.2007975131273269,-2.392655172886733,0.43661971830985913,0.4788732394366197
TCGA-97-A4M2-01Z-00-DX1.5C72522C-1538-4D68-B517-5FB05A9D401A,LUAD,gigapath,GigaPath,10x__2p5x,0.4871300458908081,-1.2582460064792158,0.39436619718309857,0.38028169014084506
TCGA-J2-A4AE-01Z-00-DX1.42C5DE4A-7787-4E59-8969-D12503262C96,LUAD,gigapath,GigaPath,40x__10x,0.3468392491340637,-0.761927433081906,0.29577464788732394,0.6056338028169014
TCGA-J2-A4AE-01Z-00-DX1.42C5DE4A-7787-4E59-8969-D12503262C96,LUAD,gigapath,GigaPath,40x__2p5x,0.1361282207071781,-2.782574974163226,0.08450704225352113,0.36619718309859156
TCGA-J2-A4AE-01Z-00-DX1.42C5DE4A-7787-4E59-8969-D12503262C96,LUAD,gigapath,GigaPath,10x__2p5x,0.5343566387891769,-1.3451287998986712,0.676056338028169,0.352112676056338
TCGA-BR-6452-01Z-00-DX1.aec8246e-9dce-436d-9faa-df8fa1f6e47c,STAD,gigapath,GigaPath,40x__10x,0.2942836433649063,-1.697162688047067,0.056338028169014086,0.14084507042253522
TCGA-BR-6452-01Z-00-DX1.aec8246e-9dce-436d-9faa-df8fa1f6e47c,STAD,gigapath,GigaPath,40x__2p5x,0.1898949593305587,-2.946454246184911,0.352112676056338,0.323943661971831
TCGA-BR-6452-01Z-00-DX1.aec8246e-9dce-436d-9faa-df8fa1f6e47c,STAD,gigapath,GigaPath,10x__2p5x,0.5577455461025238,-0.2689549321275863,0.8028169014084507,0.8450704225352113
TCGA-BR-6454-01Z-00-DX1.63fb6280-2b43-49b2-960a-eb9c0e8b617c,STAD,gigapath,GigaPath,40x__10x,0.3191481381654739,-2.171933207927015,0.16901408450704225,0.04225352112676056
TCGA-BR-6454-01Z-00-DX1.63fb6280-2b43-49b2-960a-eb9c0e8b617c,STAD,gigapath,GigaPath,40x__2p5x,0.1561584994196891,-5.039850796715229,0.19718309859154928,0.08450704225352113
TCGA-BR-6454-01Z-00-DX1.63fb6280-2b43-49b2-960a-eb9c0e8b617c,STAD,gigapath,GigaPath,10x__2p5x,0.4274396151304245,-2.1997427475578624,0.15492957746478872,0.15492957746478872
TCGA-BR-A4CQ-01Z-00-DX1.B63282A5-154D-441B-BF96-5BB26CB6D95E,STAD,gigapath,GigaPath,40x__10x,0.3371536582708359,-1.3523841915040018,0.22535211267605634,0.2535211267605634
TCGA-BR-A4CQ-01Z-00-DX1.B63282A5-154D-441B-BF96-5BB26CB6D95E,STAD,gigapath,GigaPath,40x__2p5x,0.1489977575838565,-2.3567019165884364,0.16901408450704225,0.5070422535211268
TCGA-BR-A4CQ-01Z-00-DX1.B63282A5-154D-441B-BF96-5BB26CB6D95E,STAD,gigapath,GigaPath,10x__2p5x,0.5970762968063354,-2.5052614761387995,0.9154929577464789,0.11267605633802817
TCGA-CD-A487-01Z-00-DX1.A026BD2F-B721-4340-83D5-7AA39227C90F,STAD,gigapath,GigaPath,40x__10x,0.436369389295578,-1.9837825582129884,0.7887323943661971,0.08450704225352113
TCGA-CD-A487-01Z-00-DX1.A026BD2F-B721-4340-83D5-7AA39227C90F,STAD,gigapath,GigaPath,40x__2p5x,0.1965345591306686,-2.7393777022341466,0.36619718309859156,0.39436619718309857
TCGA-CD-A487-01Z-00-DX1.A026BD2F-B721-4340-83D5-7AA39227C90F,STAD,gigapath,GigaPath,10x__2p5x,0.5197770446538925,-1.0777817353591908,0.6056338028169014,0.4788732394366197
TCGA-FP-8209-01Z-00-DX1.a5e13081-1631-44d4-8d6a-c229a22c2311,STAD,gigapath,GigaPath,40x__10x,0.3016542345285415,-1.5325748375559225,0.08450704225352113,0.18309859154929578
TCGA-FP-8209-01Z-00-DX1.a5e13081-1631-44d4-8d6a-c229a22c2311,STAD,gigapath,GigaPath,40x__2p5x,0.185943990945816,-2.3576743684640133,0.29577464788732394,0.49295774647887325
TCGA-FP-8209-01Z-00-DX1.a5e13081-1631-44d4-8d6a-c229a22c2311,STAD,gigapath,GigaPath,10x__2p5x,0.4904867261648178,-2.94032253302904,0.43661971830985913,0.028169014084507043
TCGA-SW-A7EA-01Z-00-DX1.C5E1BE0E-0A25-4480-A3AC-DB2ED7471A4E,STAD,gigapath,GigaPath,40x__10x,0.4058417379856109,-2.0109023577859806,0.6197183098591549,0.056338028169014086
TCGA-SW-A7EA-01Z-00-DX1.C5E1BE0E-0A25-4480-A3AC-DB2ED7471A4E,STAD,gigapath,GigaPath,40x__2p5x,0.2045793980360031,-5.736615740043342,0.49295774647887325,0.014084507042253521
TCGA-SW-A7EA-01Z-00-DX1.C5E1BE0E-0A25-4480-A3AC-DB2ED7471A4E,STAD,gigapath,GigaPath,10x__2p5x,0.5300841927528381,-2.9186648864708395,0.6619718309859155,0.07042253521126761
TCGA-VQ-A8PY-01Z-00-DX1.EA2C7386-012A-442A-95B3-FFA12BD2684D,STAD,gigapath,GigaPath,40x__10x,0.3871239274740219,-2.1760276256190267,0.5070422535211268,0.028169014084507043
TCGA-VQ-A8PY-01Z-00-DX1.EA2C7386-012A-442A-95B3-FFA12BD2684D,STAD,gigapath,GigaPath,40x__2p5x,0.2118330597877502,-1.7659491436469998,0.5633802816901409,0.6056338028169014
TCGA-VQ-A8PY-01Z-00-DX1.EA2C7386-012A-442A-95B3-FFA12BD2684D,STAD,gigapath,GigaPath,10x__2p5x,0.4964580088853836,-2.0199005193597386,0.5070422535211268,0.18309859154929578
TCGA-VQ-A924-01Z-00-DX1.736B41F3-9678-4FAF-AE86-FCAC4F6DCBD3,STAD,gigapath,GigaPath,40x__10x,0.3464276641607284,-2.423136617499419,0.28169014084507044,0.014084507042253521
TCGA-VQ-A924-01Z-00-DX1.736B41F3-9678-4FAF-AE86-FCAC4F6DCBD3,STAD,gigapath,GigaPath,40x__2p5x,0.239900916814804,-4.490064673544401,0.6901408450704225,0.11267605633802817
TCGA-VQ-A924-01Z-00-DX1.736B41F3-9678-4FAF-AE86-FCAC4F6DCBD3,STAD,gigapath,GigaPath,10x__2p5x,0.4568322598934173,-2.838685567092164,0.29577464788732394,0.09859154929577464
TCGA-ZQ-A9CR-01Z-00-DX1.C9AC9991-7054-4068-A7AA-9D1EB7F040A3,STAD,gigapath,GigaPath,40x__10x,0.4357572942972183,-1.4895673491090136,0.7746478873239436,0.22535211267605634
TCGA-ZQ-A9CR-01Z-00-DX1.C9AC9991-7054-4068-A7AA-9D1EB7F040A3,STAD,gigapath,GigaPath,40x__2p5x,0.3675024956464767,-5.0891123705172046,0.971830985915493,0.056338028169014086
TCGA-ZQ-A9CR-01Z-00-DX1.C9AC9991-7054-4068-A7AA-9D1EB7F040A3,STAD,gigapath,GigaPath,10x__2p5x,0.5746552795171738,-2.2740202616919887,0.8591549295774648,0.14084507042253522
TCGA-A5-A0GX-01Z-00-DX1.7E713D1A-5858-4648-957D-77189E43CFAA,UCEC,gigapath,GigaPath,40x__10x,0.4300562888383865,-0.5872279990013051,0.7605633802816901,0.6619718309859155
TCGA-A5-A0GX-01Z-00-DX1.7E713D1A-5858-4648-957D-77189E43CFAA,UCEC,gigapath,GigaPath,40x__2p5x,0.2682512179017067,-0.7962426395370447,0.8028169014084507,0.8309859154929577
TCGA-A5-A0GX-01Z-00-DX1.7E713D1A-5858-4648-957D-77189E43CFAA,UCEC,gigapath,GigaPath,10x__2p5x,0.569530114531517,-0.0837022065950646,0.8450704225352113,0.8873239436619719
TCGA-A5-A0R7-01Z-00-DX1.D21E6974-22A3-4A68-8B4E-14E84A7A50A5,UCEC,gigapath,GigaPath,40x__10x,0.4002360254526138,-1.6633823990774688,0.5774647887323944,0.15492957746478872
TCGA-A5-A0R7-01Z-00-DX1.D21E6974-22A3-4A68-8B4E-14E84A7A50A5,UCEC,gigapath,GigaPath,40x__2p5x,0.1604417972266674,-2.70362271962999,0.2112676056338028,0.4084507042253521
TCGA-A5-A0R7-01Z-00-DX1.D21E6974-22A3-4A68-8B4E-14E84A7A50A5,UCEC,gigapath,GigaPath,10x__2p5x,0.5067780613899231,-0.9967995349130389,0.5633802816901409,0.5492957746478874
TCGA-AX-A05U-01Z-00-DX1.1EBFC727-B5D5-4543-BBA9-4254ABD3D584,UCEC,gigapath,GigaPath,40x__10x,0.3800413459539413,-0.8040206483573744,0.4084507042253521,0.5492957746478874
TCGA-AX-A05U-01Z-00-DX1.1EBFC727-B5D5-4543-BBA9-4254ABD3D584,UCEC,gigapath,GigaPath,40x__2p5x,0.2117101326584816,-2.33800973280606,0.5492957746478874,0.5211267605633803
TCGA-AX-A05U-01Z-00-DX1.1EBFC727-B5D5-4543-BBA9-4254ABD3D584,UCEC,gigapath,GigaPath,10x__2p5x,0.5508467853069305,-0.1572178389027905,0.7605633802816901,0.8591549295774648
TCGA-AX-A06B-01Z-00-DX2.1757C039-99F7-4087-A9E5-D340AF7220D4,UCEC,gigapath,GigaPath,40x__10x,0.3813348561525345,-0.4920158278253671,0.4647887323943662,0.6901408450704225
TCGA-AX-A06B-01Z-00-DX2.1757C039-99F7-4087-A9E5-D340AF7220D4,UCEC,gigapath,GigaPath,40x__2p5x,0.1869251728057861,-1.872796871421795,0.30985915492957744,0.5774647887323944
TCGA-AX-A06B-01Z-00-DX2.1757C039-99F7-4087-A9E5-D340AF7220D4,UCEC,gigapath,GigaPath,10x__2p5x,0.5796388387680054,0.3815192327279667,0.8732394366197183,0.9154929577464789
TCGA-AX-A0J0-01Z-00-DX2.56C668BE-03B8-4B87-A226-AABD97D53C38,UCEC,gigapath,GigaPath,40x__10x,0.3217180073261261,-0.8677794538725776,0.19718309859154928,0.5352112676056338
TCGA-AX-A0J0-01Z-00-DX2.56C668BE-03B8-4B87-A226-AABD97D53C38,UCEC,gigapath,GigaPath,40x__2p5x,0.1385849341750145,-1.8140833402862693,0.09859154929577464,0.5915492957746479
TCGA-AX-A0J0-01Z-00-DX2.56C668BE-03B8-4B87-A226-AABD97D53C38,UCEC,gigapath,GigaPath,10x__2p5x,0.6213686764240265,-0.4669501632987073,0.9577464788732394,0.8028169014084507
TCGA-B5-A11F-01Z-00-DX1.3F1C053D-E81E-4C8D-965D-6F3DE29D9511,UCEC,gigapath,GigaPath,40x__10x,0.3422071188688278,-1.5941160018356055,0.2535211267605634,0.16901408450704225
TCGA-B5-A11F-01Z-00-DX1.3F1C053D-E81E-4C8D-965D-6F3DE29D9511,UCEC,gigapath,GigaPath,40x__2p5x,0.1871797814965248,-5.0679571117912285,0.323943661971831,0.07042253521126761
TCGA-B5-A11F-01Z-00-DX1.3F1C053D-E81E-4C8D-965D-6F3DE29D9511,UCEC,gigapath,GigaPath,10x__2p5x,0.4841391146183014,-0.8291485848073155,0.38028169014084506,0.6619718309859155
TCGA-BG-A0W1-01Z-00-DX1.8E06269C-1278-478B-A128-59FA911B1649,UCEC,gigapath,GigaPath,40x__10x,0.4119142293930053,-1.8541753918454151,0.647887323943662,0.11267605633802817
TCGA-BG-A0W1-01Z-00-DX1.8E06269C-1278-478B-A128-59FA911B1649,UCEC,gigapath,GigaPath,40x__2p5x,0.1497766003012657,-3.6069518006398553,0.18309859154929578,0.22535211267605634
TCGA-BG-A0W1-01Z-00-DX1.8E06269C-1278-478B-A128-59FA911B1649,UCEC,gigapath,GigaPath,10x__2p5x,0.4413953870534897,-0.7143345332164023,0.23943661971830985,0.7323943661971831
TCGA-EY-A1GQ-01Z-00-DX1.03D52C6F-515E-4A4F-A08E-31D773BCC67F,UCEC,gigapath,GigaPath,40x__10x,0.337372824549675,-0.956106783101028,0.23943661971830985,0.4647887323943662
TCGA-EY-A1GQ-01Z-00-DX1.03D52C6F-515E-4A4F-A08E-31D773BCC67F,UCEC,gigapath,GigaPath,40x__2p5x,0.1753675602376461,-3.425336046394542,0.28169014084507044,0.2535211267605634
TCGA-EY-A1GQ-01Z-00-DX1.03D52C6F-515E-4A4F-A08E-31D773BCC67F,UCEC,gigapath,GigaPath,10x__2p5x,0.5256509333848953,-1.4727614996651468,0.647887323943662,0.29577464788732394
TCGA-FI-A2EX-01Z-00-DX1.127F5153-745D-43E6-83CA-DE2738702C62,UCEC,gigapath,GigaPath,40x__10x,0.4002515077590942,-0.6450608666557159,0.5915492957746479,0.6338028169014085
TCGA-FI-A2EX-01Z-00-DX1.127F5153-745D-43E6-83CA-DE2738702C62,UCEC,gigapath,GigaPath,40x__2p5x,0.3092938512563705,-1.5217205697806877,0.8873239436619719,0.647887323943662
TCGA-FI-A2EX-01Z-00-DX1.127F5153-745D-43E6-83CA-DE2738702C62,UCEC,gigapath,GigaPath,10x__2p5x,0.6592300534248352,-0.3391196209084125,0.9859154929577465,0.8169014084507042
TCGA-CF-A3MF-01Z-00-DX1.91768C26-5BB1-4DE6-9737-AA26BD687A75,BLCA,gigapath_flash,GigaPath-Flash,40x__10x,0.5933394134044647,-2.8465017468683955,0.6056338028169014,0.07042253521126761
TCGA-CF-A3MF-01Z-00-DX1.91768C26-5BB1-4DE6-9737-AA26BD687A75,BLCA,gigapath_flash,GigaPath-Flash,40x__2p5x,0.5018530637025833,-2.9610374685354928,0.7746478873239436,0.5633802816901409
TCGA-CF-A3MF-01Z-00-DX1.91768C26-5BB1-4DE6-9737-AA26BD687A75,BLCA,gigapath_flash,GigaPath-Flash,10x__2p5x,0.569048747420311,-0.8325111553192915,0.4507042253521127,0.704225352112676
TCGA-CU-A0YN-01Z-00-DX1.6C5EAAAF-8F14-49D3-8FFC-9BDAE56CAFD0,BLCA,gigapath_flash,GigaPath-Flash,40x__10x,0.4481571465730667,-0.4931759246814199,0.09859154929577464,0.6901408450704225
TCGA-CU-A0YN-01Z-00-DX1.6C5EAAAF-8F14-49D3-8FFC-9BDAE56CAFD0,BLCA,gigapath_flash,GigaPath-Flash,40x__2p5x,0.3108192309737205,-2.936984440210036,0.04225352112676056,0.5774647887323944
TCGA-CU-A0YN-01Z-00-DX1.6C5EAAAF-8F14-49D3-8FFC-9BDAE56CAFD0,BLCA,gigapath_flash,GigaPath-Flash,10x__2p5x,0.6434538513422012,-1.2357164914827603,0.7605633802816901,0.5211267605633803
TCGA-DK-A6AW-01Z-00-DX1.C2453A8C-8282-443C-9E76-5B6CAD2FE69B,BLCA,gigapath_flash,GigaPath-Flash,40x__10x,0.4172183126211166,-1.593640525638023,0.04225352112676056,0.3380281690140845
TCGA-DK-A6AW-01Z-00-DX1.C2453A8C-8282-443C-9E76-5B6CAD2FE69B,BLCA,gigapath_flash,GigaPath-Flash,40x__2p5x,0.3351309597492218,-3.0535132057342405,0.07042253521126761,0.5211267605633803
TCGA-DK-A6AW-01Z-00-DX1.C2453A8C-8282-443C-9E76-5B6CAD2FE69B,BLCA,gigapath_flash,GigaPath-Flash,10x__2p5x,0.5830083191394806,-0.8062818218009887,0.5070422535211268,0.7323943661971831
TCGA-DK-AA6L-01A-01-TSA.5794F0C6-9ED6-489A-9621-18CCC5935548,BLCA,gigapath_flash,GigaPath-Flash,40x__10x,0.6126357913017273,-2.260568590530906,0.7746478873239436,0.2112676056338028
TCGA-DK-AA6L-01A-01-TSA.5794F0C6-9ED6-489A-9621-18CCC5935548,BLCA,gigapath_flash,GigaPath-Flash,40x__2p5x,0.5118058919906616,-2.970173245883675,0.8309859154929577,0.5492957746478874
TCGA-DK-AA6L-01A-01-TSA.5794F0C6-9ED6-489A-9621-18CCC5935548,BLCA,gigapath_flash,GigaPath-Flash,10x__2p5x,0.5293769389390945,-1.082730837462623,0.2112676056338028,0.6056338028169014
TCGA-DK-AA77-01A-01-TSA.26CAF5CB-CC4F-4522-BD2B-343FB70205FE,BLCA,gigapath_flash,GigaPath-Flash,40x__10x,0.6556207537651062,-1.676427823049514,0.9436619718309859,0.323943661971831
TCGA-DK-AA77-01A-01-TSA.26CAF5CB-CC4F-4522-BD2B-343FB70205FE,BLCA,gigapath_flash,GigaPath-Flash,40x__2p5x,0.4559603929519653,-2.352232104376862,0.6056338028169014,0.6338028169014085
TCGA-DK-AA77-01A-01-TSA.26CAF5CB-CC4F-4522-BD2B-343FB70205FE,BLCA,gigapath_flash,GigaPath-Flash,10x__2p5x,0.4730166643857956,-0.8051547439509917,0.028169014084507043,0.7464788732394366
TCGA-FD-A6TK-01Z-00-DX1.B685DA87-72A6-4C38-8AA1-40B6E543383C,BLCA,gigapath_flash,GigaPath-Flash,40x__10x,0.612979918718338,-1.2504542748273129,0.7887323943661971,0.43661971830985913
TCGA-FD-A6TK-01Z-00-DX1.B685DA87-72A6-4C38-8AA1-40B6E543383C,BLCA,gigapath_flash,GigaPath-Flash,40x__2p5x,0.4921074360609054,-3.3452418447958605,0.7183098591549296,0.4507042253521127
TCGA-FD-A6TK-01Z-00-DX1.B685DA87-72A6-4C38-8AA1-40B6E543383C,BLCA,gigapath_flash,GigaPath-Flash,10x__2p5x,0.6404530107975006,-0.6143857109891677,0.7323943661971831,0.8309859154929577
TCGA-GU-AATP-01Z-00-DX1.0D8EC37C-88E7-49D5-A76D-F0A4A3FD8AE4,BLCA,gigapath_flash,GigaPath-Flash,40x__10x,0.5876761376857758,-1.2841675695264294,0.5633802816901409,0.4225352112676056
TCGA-GU-AATP-01Z-00-DX1.0D8EC37C-88E7-49D5-A76D-F0A4A3FD8AE4,BLCA,gigapath_flash,GigaPath-Flash,40x__2p5x,0.4243551641702652,-2.573331746193376,0.4647887323943662,0.6056338028169014
TCGA-GU-AATP-01Z-00-DX1.0D8EC37C-88E7-49D5-A76D-F0A4A3FD8AE4,BLCA,gigapath_flash,GigaPath-Flash,10x__2p5x,0.561138466000557,-0.562216397007681,0.39436619718309857,0.8873239436619719
TCGA-XF-A8HB-01Z-00-DX1.D6874152-D20A-4CA4-8E8B-8CBAB5F7D7B5,BLCA,gigapath_flash,GigaPath-Flash,40x__10x,0.573211133480072,-0.6831568045662323,0.4788732394366197,0.6056338028169014
TCGA-XF-A8HB-01Z-00-DX1.D6874152-D20A-4CA4-8E8B-8CBAB5F7D7B5,BLCA,gigapath_flash,GigaPath-Flash,40x__2p5x,0.3797721266746521,-2.643974992444501,0.16901408450704225,0.5915492957746479
TCGA-XF-A8HB-01Z-00-DX1.D6874152-D20A-4CA4-8E8B-8CBAB5F7D7B5,BLCA,gigapath_flash,GigaPath-Flash,10x__2p5x,0.6901901364326477,-0.5629997400758697,0.9295774647887324,0.8732394366197183
TCGA-ZF-A9R1-01Z-00-DX1.74520759-D448-45B5-B8AD-45502C99A519,BLCA,gigapath_flash,GigaPath-Flash,40x__10x,0.5900668799877167,-2.533714475784923,0.5774647887323944,0.16901408450704225
TCGA-ZF-A9R1-01Z-00-DX1.74520759-D448-45B5-B8AD-45502C99A519,BLCA,gigapath_flash,GigaPath-Flash,40x__2p5x,0.4429547488689422,-3.044781588365409,0.5492957746478874,0.5352112676056338
TCGA-ZF-A9R1-01Z-00-DX1.74520759-D448-45B5-B8AD-45502C99A519,BLCA,gigapath_flash,GigaPath-Flash,10x__2p5x,0.615598738193512,-0.7038972760334018,0.647887323943662,0.7887323943661971
TCGA-ZF-AA51-01Z-00-DX1.128C9731-C206-4E71-9A64-864FA9FD7E96,BLCA,gigapath_flash,GigaPath-Flash,40x__10x,0.6184560656547546,-0.4755416802446867,0.8169014084507042,0.7323943661971831
TCGA-ZF-AA51-01Z-00-DX1.128C9731-C206-4E71-9A64-864FA9FD7E96,BLCA,gigapath_flash,GigaPath-Flash,40x__2p5x,0.4628686457872391,-3.211073313497759,0.6197183098591549,0.4788732394366197
TCGA-ZF-AA51-01Z-00-DX1.128C9731-C206-4E71-9A64-864FA9FD7E96,BLCA,gigapath_flash,GigaPath-Flash,10x__2p5x,0.671595424413681,-1.2265763799417022,0.8732394366197183,0.5352112676056338
TCGA-A7-A2KD-01Z-00-DX1.BFF2DFC8-1D95-4DC2-98FC-5BD7D7C6CDF5,BRCA,gigapath_flash,GigaPath-Flash,40x__10x,0.5486479997634888,-4.017988386651298,0.352112676056338,0.014084507042253521
TCGA-A7-A2KD-01Z-00-DX1.BFF2DFC8-1D95-4DC2-98FC-5BD7D7C6CDF5,BRCA,gigapath_flash,GigaPath-Flash,40x__2p5x,0.4433108866214752,-3.102513687509773,0.5633802816901409,0.5070422535211268
TCGA-A7-A2KD-01Z-00-DX1.BFF2DFC8-1D95-4DC2-98FC-5BD7D7C6CDF5,BRCA,gigapath_flash,GigaPath-Flash,10x__2p5x,0.4417537599802017,-0.079831893327896,0.014084507042253521,0.9295774647887324
TCGA-AN-A0G0-01Z-00-DX1.BE0BB5DF-DEDA-48D8-B5D8-2735C767F28F,BRCA,gigapath_flash,GigaPath-Flash,40x__10x,0.4926889836788177,-2.760997698198401,0.22535211267605634,0.08450704225352113
TCGA-AN-A0G0-01Z-00-DX1.BE0BB5DF-DEDA-48D8-B5D8-2735C767F28F,BRCA,gigapath_flash,GigaPath-Flash,40x__2p5x,0.3283888101577759,-4.159063956333535,0.056338028169014086,0.39436619718309857
TCGA-AN-A0G0-01Z-00-DX1.BE0BB5DF-DEDA-48D8-B5D8-2735C767F28F,BRCA,gigapath_flash,GigaPath-Flash,10x__2p5x,0.4932309687137604,-0.6919322516624404,0.08450704225352113,0.8028169014084507
TCGA-AQ-A04L-01Z-00-DX1.F35BF4DD-896A-43C2-8DA6-C67945C003BE,BRCA,gigapath_flash,GigaPath-Flash,40x__10x,0.627667635679245,-0.4839247464304655,0.8591549295774648,0.704225352112676
TCGA-AQ-A04L-01Z-00-DX1.F35BF4DD-896A-43C2-8DA6-C67945C003BE,BRCA,gigapath_flash,GigaPath-Flash,40x__2p5x,0.4715923219919204,-4.531171189324412,0.6901408450704225,0.323943661971831
TCGA-AQ-A04L-01Z-00-DX1.F35BF4DD-896A-43C2-8DA6-C67945C003BE,BRCA,gigapath_flash,GigaPath-Flash,10x__2p5x,0.6929775178432465,-1.906595070198812,0.9436619718309859,0.4084507042253521
TCGA-AR-A2LK-01Z-00-DX1.FBD59C38-CD4E-4C22-BC74-A57C192A9BBC,BRCA,gigapath_flash,GigaPath-Flash,40x__10x,0.5783734023571014,-1.847607542571437,0.5211267605633803,0.29577464788732394
TCGA-AR-A2LK-01Z-00-DX1.FBD59C38-CD4E-4C22-BC74-A57C192A9BBC,BRCA,gigapath_flash,GigaPath-Flash,40x__2p5x,0.4041279703378677,-4.551090854338647,0.30985915492957744,0.30985915492957744
TCGA-AR-A2LK-01Z-00-DX1.FBD59C38-CD4E-4C22-BC74-A57C192A9BBC,BRCA,gigapath_flash,GigaPath-Flash,10x__2p5x,0.6251803636550903,-1.35931434913944,0.676056338028169,0.49295774647887325
TCGA-AR-A5QM-01Z-00-DX1.A9017CED-FF57-4090-95B9-94DC91854347,BRCA,gigapath_flash,GigaPath-Flash,40x__10x,0.5962059795856476,-0.9118499263989308,0.6197183098591549,0.4647887323943662
TCGA-AR-A5QM-01Z-00-DX1.A9017CED-FF57-4090-95B9-94DC91854347,BRCA,gigapath_flash,GigaPath-Flash,40x__2p5x,0.3621719032526016,-5.453261010735227,0.1267605633802817,0.16901408450704225
TCGA-AR-A5QM-01Z-00-DX1.A9017CED-FF57-4090-95B9-94DC91854347,BRCA,gigapath_flash,GigaPath-Flash,10x__2p5x,0.6270720660686493,-1.695560698683727,0.704225352112676,0.43661971830985913
TCGA-BH-A0C1-01Z-00-DX1.21FE357E-B182-4397-BFEF-7E96E994236A,BRCA,gigapath_flash,GigaPath-Flash,40x__10x,0.6522722542285919,-2.565909534498158,0.9295774647887324,0.15492957746478872
TCGA-BH-A0C1-01Z-00-DX1.21FE357E-B182-4397-BFEF-7E96E994236A,BRCA,gigapath_flash,GigaPath-Flash,40x__2p5x,0.464784488081932,-4.68749248147192,0.647887323943662,0.29577464788732394
TCGA-BH-A0C1-01Z-00-DX1.21FE357E-B182-4397-BFEF-7E96E994236A,BRCA,gigapath_flash,GigaPath-Flash,10x__2p5x,0.6065774708986282,-1.553752028234494,0.6338028169014085,0.4788732394366197
TCGA-D8-A1X8-01Z-00-DX1.DDA3866E-C7CC-4650-BE2B-5C9A98A2D531,BRCA,gigapath_flash,GigaPath-Flash,40x__10x,0.5121854543685913,-1.956552889068352,0.2535211267605634,0.2535211267605634
TCGA-D8-A1X8-01Z-00-DX1.DDA3866E-C7CC-4650-BE2B-5C9A98A2D531,BRCA,gigapath_flash,GigaPath-Flash,40x__2p5x,0.4931507557630539,-4.732674520181481,0.7464788732394366,0.28169014084507044
TCGA-D8-A1X8-01Z-00-DX1.DDA3866E-C7CC-4650-BE2B-5C9A98A2D531,BRCA,gigapath_flash,GigaPath-Flash,10x__2p5x,0.5360125750303268,-0.7900084319448342,0.28169014084507044,0.7605633802816901
TCGA-E2-A14P-01Z-00-DX1.663B02FF-C64B-41A6-8685-FD61CD76F9C6,BRCA,gigapath_flash,GigaPath-Flash,40x__10x,0.4352517873048782,-2.3288784008897805,0.07042253521126761,0.18309859154929578
TCGA-E2-A14P-01Z-00-DX1.663B02FF-C64B-41A6-8685-FD61CD76F9C6,BRCA,gigapath_flash,GigaPath-Flash,40x__2p5x,0.3587701022624969,-4.239636685158256,0.11267605633802817,0.36619718309859156
TCGA-E2-A14P-01Z-00-DX1.663B02FF-C64B-41A6-8685-FD61CD76F9C6,BRCA,gigapath_flash,GigaPath-Flash,10x__2p5x,0.5347231477499008,-1.8297078484464504,0.2676056338028169,0.4225352112676056
TCGA-E2-A1LA-01Z-00-DX1.AE49E943-B830-4ED9-B09E-E499441BC2EC,BRCA,gigapath_flash,GigaPath-Flash,40x__10x,0.6015801429748535,-0.5741731003866477,0.676056338028169,0.647887323943662
TCGA-E2-A1LA-01Z-00-DX1.AE49E943-B830-4ED9-B09E-E499441BC2EC,BRCA,gigapath_flash,GigaPath-Flash,40x__2p5x,0.3881821632385254,-4.921615830475558,0.2112676056338028,0.2535211267605634
TCGA-E2-A1LA-01Z-00-DX1.AE49E943-B830-4ED9-B09E-E499441BC2EC,BRCA,gigapath_flash,GigaPath-Flash,10x__2p5x,0.5897318124771118,-1.1413627870055534,0.5774647887323944,0.5774647887323944
TCGA-GM-A3XN-01Z-00-DX1.49F5C8AC-0328-4BC2-9FE2-E7150B7A42E2,BRCA,gigapath_flash,GigaPath-Flash,40x__10x,0.5753238201141357,-2.311662017411217,0.49295774647887325,0.19718309859154928
TCGA-GM-A3XN-01Z-00-DX1.49F5C8AC-0328-4BC2-9FE2-E7150B7A42E2,BRCA,gigapath_flash,GigaPath-Flash,40x__2p5x,0.3871622681617737,-5.599842728039024,0.19718309859154928,0.1267605633802817
TCGA-GM-A3XN-01Z-00-DX1.49F5C8AC-0328-4BC2-9FE2-E7150B7A42E2,BRCA,gigapath_flash,GigaPath-Flash,10x__2p5x,0.5588724762201309,-1.6177366910368254,0.38028169014084506,0.4507042253521127
TCGA-AY-A8YK-01Z-00-DX1.89E3C546-0425-449B-A6FB-1C35168EA7EB,COAD,gigapath_flash,GigaPath-Flash,40x__10x,0.5526953041553497,-0.0009205228908593,0.36619718309859156,0.8873239436619719
TCGA-AY-A8YK-01Z-00-DX1.89E3C546-0425-449B-A6FB-1C35168EA7EB,COAD,gigapath_flash,GigaPath-Flash,40x__2p5x,0.421709194779396,-1.3917972411716018,0.4225352112676056,0.8028169014084507
TCGA-AY-A8YK-01Z-00-DX1.89E3C546-0425-449B-A6FB-1C35168EA7EB,COAD,gigapath_flash,GigaPath-Flash,10x__2p5x,0.5308241844177246,-2.260413833654872,0.22535211267605634,0.352112676056338
TCGA-CK-4947-01Z-00-DX1.b257d5fd-b97b-4987-b088-77f044ca7fe2,COAD,gigapath_flash,GigaPath-Flash,40x__10x,0.6070227324962616,-0.976907773531718,0.7323943661971831,0.4507042253521127
TCGA-CK-4947-01Z-00-DX1.b257d5fd-b97b-4987-b088-77f044ca7fe2,COAD,gigapath_flash,GigaPath-Flash,40x__2p5x,0.4890220761299133,-0.7274130330234427,0.704225352112676,0.8732394366197183
TCGA-CK-4947-01Z-00-DX1.b257d5fd-b97b-4987-b088-77f044ca7fe2,COAD,gigapath_flash,GigaPath-Flash,10x__2p5x,0.5649836957454681,-1.948171014361144,0.4225352112676056,0.39436619718309857
TCGA-CM-6168-01Z-00-DX1.96af6eb2-9d51-4671-baf8-1a73d0c66869,COAD,gigapath_flash,GigaPath-Flash,40x__10x,0.6346322596073151,-0.8913665137129646,0.8873239436619719,0.49295774647887325
TCGA-CM-6168-01Z-00-DX1.96af6eb2-9d51-4671-baf8-1a73d0c66869,COAD,gigapath_flash,GigaPath-Flash,40x__2p5x,0.5281871408224106,-1.410970613917678,0.9014084507042254,0.7887323943661971
TCGA-CM-6168-01Z-00-DX1.96af6eb2-9d51-4671-baf8-1a73d0c66869,COAD,gigapath_flash,GigaPath-Flash,10x__2p5x,0.5879249274730682,-0.7777465659361118,0.5633802816901409,0.7746478873239436
TCGA-CM-6169-01Z-00-DX1.0381c243-02b8-4f1d-840c-19ef44d4b92c,COAD,gigapath_flash,GigaPath-Flash,40x__10x,0.6097088158130646,-0.8877917559408359,0.7605633802816901,0.5211267605633803
TCGA-CM-6169-01Z-00-DX1.0381c243-02b8-4f1d-840c-19ef44d4b92c,COAD,gigapath_flash,GigaPath-Flash,40x__2p5x,0.5092821419239044,-1.0834633727661909,0.8028169014084507,0.8591549295774648
TCGA-CM-6169-01Z-00-DX1.0381c243-02b8-4f1d-840c-19ef44d4b92c,COAD,gigapath_flash,GigaPath-Flash,10x__2p5x,0.662137359380722,-0.8225507232740157,0.8450704225352113,0.7183098591549296
TCGA-G4-6309-01Z-00-DX1.3eb20fdc-eb86-4bd5-8194-76b02d4fa472,COAD,gigapath_flash,GigaPath-Flash,40x__10x,0.546967476606369,-0.160891615567823,0.3380281690140845,0.8169014084507042
TCGA-G4-6309-01Z-00-DX1.3eb20fdc-eb86-4bd5-8194-76b02d4fa472,COAD,gigapath_flash,GigaPath-Flash,40x__2p5x,0.4660081714391708,-1.1549870914420068,0.6619718309859155,0.8450704225352113
TCGA-G4-6309-01Z-00-DX1.3eb20fdc-eb86-4bd5-8194-76b02d4fa472,COAD,gigapath_flash,GigaPath-Flash,10x__2p5x,0.5631781816482544,-1.1177996652807711,0.4084507042253521,0.5915492957746479
TCGA-G4-6310-01Z-00-DX1.b88472d4-3adc-4e4d-b0f2-0dc195a3d7df,COAD,gigapath_flash,GigaPath-Flash,40x__10x,0.582504540681839,-0.8909719154513998,0.5352112676056338,0.5070422535211268
TCGA-G4-6310-01Z-00-DX1.b88472d4-3adc-4e4d-b0f2-0dc195a3d7df,COAD,gigapath_flash,GigaPath-Flash,40x__2p5x,0.420924499630928,-1.2381968943656152,0.4084507042253521,0.8309859154929577
TCGA-G4-6310-01Z-00-DX1.b88472d4-3adc-4e4d-b0f2-0dc195a3d7df,COAD,gigapath_flash,GigaPath-Flash,10x__2p5x,0.5510134100914001,-0.9031259707173998,0.352112676056338,0.6901408450704225
TCGA-G4-6588-01Z-00-DX1.0747172e-f630-4b7c-9341-55078585ae00,COAD,gigapath_flash,GigaPath-Flash,40x__10x,0.5335957705974579,-0.1128632786869001,0.29577464788732394,0.8450704225352113
TCGA-G4-6588-01Z-00-DX1.0747172e-f630-4b7c-9341-55078585ae00,COAD,gigapath_flash,GigaPath-Flash,40x__2p5x,0.4695296883583069,-1.3005626290993573,0.676056338028169,0.8169014084507042
TCGA-G4-6588-01Z-00-DX1.0747172e-f630-4b7c-9341-55078585ae00,COAD,gigapath_flash,GigaPath-Flash,10x__2p5x,0.5839324295520782,-1.194717164309164,0.5211267605633803,0.5492957746478874
TCGA-BA-6871-01Z-00-DX1.4d9ca329-f8d5-4c31-a20f-9d4fba728326,HNSC,gigapath_flash,GigaPath-Flash,40x__10x,0.4597931653261184,1.3122611030528577,0.14084507042253522,0.9577464788732394
TCGA-BA-6871-01Z-00-DX1.4d9ca329-f8d5-4c31-a20f-9d4fba728326,HNSC,gigapath_flash,GigaPath-Flash,40x__2p5x,0.3902060687541961,0.2320048540265728,0.23943661971830985,0.9436619718309859
TCGA-BA-6871-01Z-00-DX1.4d9ca329-f8d5-4c31-a20f-9d4fba728326,HNSC,gigapath_flash,GigaPath-Flash,10x__2p5x,0.4889008551836014,1.013611523963362,0.07042253521126761,0.9859154929577465
TCGA-BA-6872-01Z-00-DX1.F99F6394-D319-4599-B124-D2A6692FA096,HNSC,gigapath_flash,GigaPath-Flash,40x__10x,0.6094444394111633,1.613068948920617,0.7464788732394366,0.971830985915493
TCGA-BA-6872-01Z-00-DX1.F99F6394-D319-4599-B124-D2A6692FA096,HNSC,gigapath_flash,GigaPath-Flash,40x__2p5x,0.4999796748161316,0.8942986872094494,0.7605633802816901,0.971830985915493
TCGA-BA-6872-01Z-00-DX1.F99F6394-D319-4599-B124-D2A6692FA096,HNSC,gigapath_flash,GigaPath-Flash,10x__2p5x,0.7020751535892487,-0.0460861907276442,0.9577464788732394,0.9436619718309859
TCGA-CN-A6V7-01A-01-TS1.F54912D3-1E21-4605-ACFC-142973524AE2,HNSC,gigapath_flash,GigaPath-Flash,40x__10x,0.6268349587917328,1.6716661403888444,0.8450704225352113,0.9859154929577465
TCGA-CN-A6V7-01A-01-TS1.F54912D3-1E21-4605-ACFC-142973524AE2,HNSC,gigapath_flash,GigaPath-Flash,40x__2p5x,0.4628731161355972,3.314061266523045,0.6338028169014085,1.0
TCGA-CN-A6V7-01A-01-TS1.F54912D3-1E21-4605-ACFC-142973524AE2,HNSC,gigapath_flash,GigaPath-Flash,10x__2p5x,0.5221979767084122,3.046775323499768,0.16901408450704225,1.0
TCGA-CV-6935-01Z-00-DX1.9C449CB2-FB6D-41D1-A4A6-3069DC84A697,HNSC,gigapath_flash,GigaPath-Flash,40x__10x,0.7127497494220734,-0.074360387190831,1.0,0.8591549295774648
TCGA-CV-6935-01Z-00-DX1.9C449CB2-FB6D-41D1-A4A6-3069DC84A697,HNSC,gigapath_flash,GigaPath-Flash,40x__2p5x,0.5551571846008301,-0.6258341632605953,0.9577464788732394,0.8873239436619719
TCGA-CV-6935-01Z-00-DX1.9C449CB2-FB6D-41D1-A4A6-3069DC84A697,HNSC,gigapath_flash,GigaPath-Flash,10x__2p5x,0.7045540809631348,-0.5732788058759204,0.971830985915493,0.8450704225352113
TCGA-CV-A45O-01Z-00-DX1.8CBD0CCC-C815-475D-87F9-76272F4F715B,HNSC,gigapath_flash,GigaPath-Flash,40x__10x,0.6497321724891663,0.1499484614896957,0.9154929577464789,0.9014084507042254
TCGA-CV-A45O-01Z-00-DX1.8CBD0CCC-C815-475D-87F9-76272F4F715B,HNSC,gigapath_flash,GigaPath-Flash,40x__2p5x,0.5542633533477783,-0.3215220515696573,0.9436619718309859,0.9014084507042254
TCGA-CV-A45O-01Z-00-DX1.8CBD0CCC-C815-475D-87F9-76272F4F715B,HNSC,gigapath_flash,GigaPath-Flash,10x__2p5x,0.6827345788478851,-0.4436698518102457,0.9014084507042254,0.9014084507042254
TCGA-CV-A6JE-01Z-00-DX1.20137D17-19B3-49FF-9C3D-60933157E409,HNSC,gigapath_flash,GigaPath-Flash,40x__10x,0.6999368667602539,1.0338893978785817,0.9859154929577465,0.9436619718309859
TCGA-CV-A6JE-01Z-00-DX1.20137D17-19B3-49FF-9C3D-60933157E409,HNSC,gigapath_flash,GigaPath-Flash,40x__2p5x,0.6134091019630432,-1.5519939270115335,1.0,0.7605633802816901
TCGA-CV-A6JE-01Z-00-DX1.20137D17-19B3-49FF-9C3D-60933157E409,HNSC,gigapath_flash,GigaPath-Flash,10x__2p5x,0.7085066139698029,-3.387872409337227,1.0,0.19718309859154928
TCGA-CV-A6JU-01Z-00-DX1.35A3A1F0-9D6C-4794-B501-E56E48C51DF9,HNSC,gigapath_flash,GigaPath-Flash,40x__10x,0.5644338428974152,-0.3429290861246923,0.4225352112676056,0.7464788732394366
TCGA-CV-A6JU-01Z-00-DX1.35A3A1F0-9D6C-4794-B501-E56E48C51DF9,HNSC,gigapath_flash,GigaPath-Flash,40x__2p5x,0.4352858513593673,-0.0471557890046011,0.5211267605633803,0.9295774647887324
TCGA-CV-A6JU-01Z-00-DX1.35A3A1F0-9D6C-4794-B501-E56E48C51DF9,HNSC,gigapath_flash,GigaPath-Flash,10x__2p5x,0.478150337934494,-0.4113611675556079,0.04225352112676056,0.9154929577464789
TCGA-UF-A719-01Z-00-DX1.4C4ECC2C-C390-4C5E-A709-CF08C113F1A1,HNSC,gigapath_flash,GigaPath-Flash,40x__10x,0.4798954576253891,0.8585929251018879,0.2112676056338028,0.9295774647887324
TCGA-UF-A719-01Z-00-DX1.4C4ECC2C-C390-4C5E-A709-CF08C113F1A1,HNSC,gigapath_flash,GigaPath-Flash,40x__2p5x,0.343903586268425,2.1291419456787093,0.08450704225352113,0.9859154929577465
TCGA-UF-A719-01Z-00-DX1.4C4ECC2C-C390-4C5E-A709-CF08C113F1A1,HNSC,gigapath_flash,GigaPath-Flash,10x__2p5x,0.5210157334804535,0.1542872996669472,0.15492957746478872,0.9577464788732394
TCGA-A3-3346-01Z-00-DX1.95280216-fd71-4a03-b452-6e3d667f2542,KIRC,gigapath_flash,GigaPath-Flash,40x__10x,0.4338344931602478,-0.6069782335380512,0.056338028169014086,0.6338028169014085
TCGA-A3-3346-01Z-00-DX1.95280216-fd71-4a03-b452-6e3d667f2542,KIRC,gigapath_flash,GigaPath-Flash,40x__2p5x,0.4268837720155716,-1.6667921405490715,0.4788732394366197,0.7464788732394366
TCGA-A3-3346-01Z-00-DX1.95280216-fd71-4a03-b452-6e3d667f2542,KIRC,gigapath_flash,GigaPath-Flash,10x__2p5x,0.6305537819862366,-1.609433087854466,0.7183098591549296,0.4647887323943662
TCGA-A3-A8CQ-01Z-00-DX1.78DA0827-5FB8-4B9F-A845-22F85830B5FB,KIRC,gigapath_flash,GigaPath-Flash,40x__10x,0.3889100700616836,-1.3393438806053644,0.014084507042253521,0.4084507042253521
TCGA-A3-A8CQ-01Z-00-DX1.78DA0827-5FB8-4B9F-A845-22F85830B5FB,KIRC,gigapath_flash,GigaPath-Flash,40x__2p5x,0.5038248300552368,-3.672422821240127,0.7887323943661971,0.4225352112676056
TCGA-A3-A8CQ-01Z-00-DX1.78DA0827-5FB8-4B9F-A845-22F85830B5FB,KIRC,gigapath_flash,GigaPath-Flash,10x__2p5x,0.4842496663331985,-1.9525085823979376,0.056338028169014086,0.38028169014084506
TCGA-AK-3444-01Z-00-DX1.1F0E0B47-29FF-456F-800A-539983FDCFAA,KIRC,gigapath_flash,GigaPath-Flash,40x__10x,0.4381884634494781,-1.4020928810872753,0.08450704225352113,0.39436619718309857
TCGA-AK-3444-01Z-00-DX1.1F0E0B47-29FF-456F-800A-539983FDCFAA,KIRC,gigapath_flash,GigaPath-Flash,40x__2p5x,0.3450006023049354,-3.143886069442644,0.09859154929577464,0.49295774647887325
TCGA-AK-3444-01Z-00-DX1.1F0E0B47-29FF-456F-800A-539983FDCFAA,KIRC,gigapath_flash,GigaPath-Flash,10x__2p5x,0.505079910159111,-2.995771759883767,0.1267605633802817,0.2676056338028169
TCGA-B0-5094-01Z-00-DX1.eac31fe2-09da-4ecf-8e25-c073cbb03295,KIRC,gigapath_flash,GigaPath-Flash,40x__10x,0.6782290935516357,-1.5393610424936466,0.9577464788732394,0.352112676056338
TCGA-B0-5094-01Z-00-DX1.eac31fe2-09da-4ecf-8e25-c073cbb03295,KIRC,gigapath_flash,GigaPath-Flash,40x__2p5x,0.5615760684013367,-1.7348435306044745,0.971830985915493,0.7183098591549296
TCGA-B0-5094-01Z-00-DX1.eac31fe2-09da-4ecf-8e25-c073cbb03295,KIRC,gigapath_flash,GigaPath-Flash,10x__2p5x,0.6740709543228149,-1.2725251968687037,0.8873239436619719,0.5070422535211268
TCGA-B0-5106-01Z-00-DX1.564e51a3-be50-4eed-ba9c-4d478b96ffc6,KIRC,gigapath_flash,GigaPath-Flash,40x__10x,0.598484456539154,-0.0702978192155968,0.6619718309859155,0.8732394366197183
TCGA-B0-5106-01Z-00-DX1.564e51a3-be50-4eed-ba9c-4d478b96ffc6,KIRC,gigapath_flash,GigaPath-Flash,40x__2p5x,0.4201799929141998,-1.7678961679356822,0.39436619718309857,0.6901408450704225
TCGA-B0-5106-01Z-00-DX1.564e51a3-be50-4eed-ba9c-4d478b96ffc6,KIRC,gigapath_flash,GigaPath-Flash,10x__2p5x,0.5576554089784622,-3.110069932356756,0.36619718309859156,0.2535211267605634
TCGA-B0-5711-01Z-00-DX1.6839921f-ec08-4e94-8bf9-4b5a4fcdda45,KIRC,gigapath_flash,GigaPath-Flash,40x__10x,0.5834496915340424,-0.2417374987141311,0.5492957746478874,0.8028169014084507
TCGA-B0-5711-01Z-00-DX1.6839921f-ec08-4e94-8bf9-4b5a4fcdda45,KIRC,gigapath_flash,GigaPath-Flash,40x__2p5x,0.4922585636377334,-1.4915381449169114,0.7323943661971831,0.7746478873239436
TCGA-B0-5711-01Z-00-DX1.6839921f-ec08-4e94-8bf9-4b5a4fcdda45,KIRC,gigapath_flash,GigaPath-Flash,10x__2p5x,0.5293407142162323,-2.6241773934517925,0.19718309859154928,0.30985915492957744
TCGA-B2-5633-01Z-00-DX1.c55a29ca-468e-46de-9ff5-a51f46fe09fd,KIRC,gigapath_flash,GigaPath-Flash,40x__10x,0.554828017950058,-0.3020409525633357,0.39436619718309857,0.7605633802816901
TCGA-B2-5633-01Z-00-DX1.c55a29ca-468e-46de-9ff5-a51f46fe09fd,KIRC,gigapath_flash,GigaPath-Flash,40x__2p5x,0.4037020355463028,-2.219190804232847,0.28169014084507044,0.6619718309859155
TCGA-B2-5633-01Z-00-DX1.c55a29ca-468e-46de-9ff5-a51f46fe09fd,KIRC,gigapath_flash,GigaPath-Flash,10x__2p5x,0.5484743565320969,-3.2716475947403856,0.323943661971831,0.22535211267605634
TCGA-BP-4991-01Z-00-DX1.71305f5c-ca59-48fa-bb82-4b441c1fffdc,KIRC,gigapath_flash,GigaPath-Flash,40x__10x,0.5678408741950989,-0.2616360520670158,0.4507042253521127,0.7887323943661971
TCGA-BP-4991-01Z-00-DX1.71305f5c-ca59-48fa-bb82-4b441c1fffdc,KIRC,gigapath_flash,GigaPath-Flash,40x__2p5x,0.5114246606826782,-1.734588460256584,0.8169014084507042,0.7323943661971831
TCGA-BP-4991-01Z-00-DX1.71305f5c-ca59-48fa-bb82-4b441c1fffdc,KIRC,gigapath_flash,GigaPath-Flash,10x__2p5x,0.5329927802085876,-2.7628478726533325,0.23943661971830985,0.28169014084507044
TCGA-BP-5201-01Z-00-DX1.d1a9878e-bb97-48fb-9098-9d9337f06250,KIRC,gigapath_flash,GigaPath-Flash,40x__10x,0.6956876814365387,-0.147415445593785,0.971830985915493,0.8309859154929577
TCGA-BP-5201-01Z-00-DX1.d1a9878e-bb97-48fb-9098-9d9337f06250,KIRC,gigapath_flash,GigaPath-Flash,40x__2p5x,0.5707802176475525,0.7038922758671112,0.9859154929577465,0.9577464788732394
TCGA-BP-5201-01Z-00-DX1.d1a9878e-bb97-48fb-9098-9d9337f06250,KIRC,gigapath_flash,GigaPath-Flash,10x__2p5x,0.5859645307064056,-1.1499662558263617,0.5492957746478874,0.5633802816901409
TCGA-55-6986-01Z-00-DX1.ae52d41e-3cd6-4d36-b04b-2ea7d29bd8da,LUAD,gigapath_flash,GigaPath-Flash,40x__10x,0.5529041290283203,-0.5717089549291191,0.38028169014084506,0.6619718309859155
TCGA-55-6986-01Z-00-DX1.ae52d41e-3cd6-4d36-b04b-2ea7d29bd8da,LUAD,gigapath_flash,GigaPath-Flash,40x__2p5x,0.3916157484054565,-6.159476333388932,0.2535211267605634,0.11267605633802817
TCGA-55-6986-01Z-00-DX1.ae52d41e-3cd6-4d36-b04b-2ea7d29bd8da,LUAD,gigapath_flash,GigaPath-Flash,10x__2p5x,0.5433033406734467,-3.3790545362272177,0.29577464788732394,0.2112676056338028
TCGA-64-5779-01Z-00-DX1.B3268447-DCE0-4927-B5A9-EC4D61E9B17D,LUAD,gigapath_flash,GigaPath-Flash,40x__10x,0.4792959094047546,1.6815697576853896,0.19718309859154928,1.0
TCGA-64-5779-01Z-00-DX1.B3268447-DCE0-4927-B5A9-EC4D61E9B17D,LUAD,gigapath_flash,GigaPath-Flash,40x__2p5x,0.2820848450064659,-0.3011316925563724,0.014084507042253521,0.9154929577464789
TCGA-64-5779-01Z-00-DX1.B3268447-DCE0-4927-B5A9-EC4D61E9B17D,LUAD,gigapath_flash,GigaPath-Flash,10x__2p5x,0.5139623135328293,-0.5732478194392664,0.14084507042253522,0.8591549295774648
TCGA-78-7158-01Z-00-DX1.74db3dcd-2715-4ce7-8e48-30c8b7946ba0,LUAD,gigapath_flash,GigaPath-Flash,40x__10x,0.618769109249115,-0.8011719663479425,0.8309859154929577,0.5915492957746479
TCGA-78-7158-01Z-00-DX1.74db3dcd-2715-4ce7-8e48-30c8b7946ba0,LUAD,gigapath_flash,GigaPath-Flash,40x__2p5x,0.5266414880752563,-5.006757299712594,0.8873239436619719,0.22535211267605634
TCGA-78-7158-01Z-00-DX1.74db3dcd-2715-4ce7-8e48-30c8b7946ba0,LUAD,gigapath_flash,GigaPath-Flash,10x__2p5x,0.6542285978794098,-3.4551740768419763,0.8028169014084507,0.1267605633802817
TCGA-78-7163-01Z-00-DX1.42880bdf-271d-41dd-aada-e7ec1156ff31,LUAD,gigapath_flash,GigaPath-Flash,40x__10x,0.6456941962242126,0.5866471339612488,0.9014084507042254,0.9154929577464789
TCGA-78-7163-01Z-00-DX1.42880bdf-271d-41dd-aada-e7ec1156ff31,LUAD,gigapath_flash,GigaPath-Flash,40x__2p5x,0.5237777829170227,-5.24128678328438,0.8591549295774648,0.18309859154929578
TCGA-78-7163-01Z-00-DX1.42880bdf-271d-41dd-aada-e7ec1156ff31,LUAD,gigapath_flash,GigaPath-Flash,10x__2p5x,0.5470188558101654,-3.5587289912804048,0.30985915492957744,0.11267605633802817
TCGA-78-7536-01Z-00-DX1.6b066140-8b82-40a5-bd48-430eeb4463fe,LUAD,gigapath_flash,GigaPath-Flash,40x__10x,0.5601810812950134,-1.4146799020600471,0.4084507042253521,0.38028169014084506
TCGA-78-7536-01Z-00-DX1.6b066140-8b82-40a5-bd48-430eeb4463fe,LUAD,gigapath_flash,GigaPath-Flash,40x__2p5x,0.4132392704486847,-4.295098201780595,0.38028169014084506,0.352112676056338
TCGA-78-7536-01Z-00-DX1.6b066140-8b82-40a5-bd48-430eeb4463fe,LUAD,gigapath_flash,GigaPath-Flash,10x__2p5x,0.5280056595802307,-3.26497388016454,0.18309859154929578,0.23943661971830985
TCGA-86-8668-01Z-00-DX1.d720d486-02c7-4f98-8feb-e0e50a12c158,LUAD,gigapath_flash,GigaPath-Flash,40x__10x,0.403481587767601,-0.2846332712571203,0.028169014084507043,0.7746478873239436
TCGA-86-8668-01Z-00-DX1.d720d486-02c7-4f98-8feb-e0e50a12c158,LUAD,gigapath_flash,GigaPath-Flash,40x__2p5x,0.2899109125137329,-3.2552117410615606,0.028169014084507043,0.4647887323943662
TCGA-86-8668-01Z-00-DX1.d720d486-02c7-4f98-8feb-e0e50a12c158,LUAD,gigapath_flash,GigaPath-Flash,10x__2p5x,0.5008574873209,-2.280388757140558,0.11267605633802817,0.3380281690140845
TCGA-97-A4LX-01Z-00-DX1.B2334672-A626-4E74-B4D1-A79F70F65909,LUAD,gigapath_flash,GigaPath-Flash,40x__10x,0.6160130500793457,-0.8961259510840218,0.8028169014084507,0.4788732394366197
TCGA-97-A4LX-01Z-00-DX1.B2334672-A626-4E74-B4D1-A79F70F65909,LUAD,gigapath_flash,GigaPath-Flash,40x__2p5x,0.4038886129856109,-4.197784308939084,0.29577464788732394,0.38028169014084506
TCGA-97-A4LX-01Z-00-DX1.B2334672-A626-4E74-B4D1-A79F70F65909,LUAD,gigapath_flash,GigaPath-Flash,10x__2p5x,0.5934448689222336,-3.43273831809174,0.6056338028169014,0.16901408450704225
TCGA-97-A4M2-01Z-00-DX1.5C72522C-1538-4D68-B517-5FB05A9D401A,LUAD,gigapath_flash,GigaPath-Flash,40x__10x,0.597593754529953,-0.8167371006483144,0.6338028169014085,0.5774647887323944
TCGA-97-A4M2-01Z-00-DX1.5C72522C-1538-4D68-B517-5FB05A9D401A,LUAD,gigapath_flash,GigaPath-Flash,40x__2p5x,0.4241070747375488,-5.058228047451388,0.4507042253521127,0.2112676056338028
TCGA-97-A4M2-01Z-00-DX1.5C72522C-1538-4D68-B517-5FB05A9D401A,LUAD,gigapath_flash,GigaPath-Flash,10x__2p5x,0.5744249522686005,-3.443386837227785,0.4647887323943662,0.14084507042253522
TCGA-J2-A4AE-01Z-00-DX1.42C5DE4A-7787-4E59-8969-D12503262C96,LUAD,gigapath_flash,GigaPath-Flash,40x__10x,0.5130129754543304,-0.4801469064680724,0.2676056338028169,0.7183098591549296
TCGA-J2-A4AE-01Z-00-DX1.42C5DE4A-7787-4E59-8969-D12503262C96,LUAD,gigapath_flash,GigaPath-Flash,40x__2p5x,0.3898148536682129,-4.825513966479366,0.22535211267605634,0.2676056338028169
TCGA-J2-A4AE-01Z-00-DX1.42C5DE4A-7787-4E59-8969-D12503262C96,LUAD,gigapath_flash,GigaPath-Flash,10x__2p5x,0.5657585710287094,-3.895607361438144,0.43661971830985913,0.08450704225352113
TCGA-BR-6452-01Z-00-DX1.aec8246e-9dce-436d-9faa-df8fa1f6e47c,STAD,gigapath_flash,GigaPath-Flash,40x__10x,0.4701274335384369,-2.711724270132023,0.16901408450704225,0.1267605633802817
TCGA-BR-6452-01Z-00-DX1.aec8246e-9dce-436d-9faa-df8fa1f6e47c,STAD,gigapath_flash,GigaPath-Flash,40x__2p5x,0.3648608028888702,-6.686626394901884,0.14084507042253522,0.08450704225352113
TCGA-BR-6452-01Z-00-DX1.aec8246e-9dce-436d-9faa-df8fa1f6e47c,STAD,gigapath_flash,GigaPath-Flash,10x__2p5x,0.6001348495483398,-4.426122288388632,0.6197183098591549,0.07042253521126761
TCGA-BR-6454-01Z-00-DX1.63fb6280-2b43-49b2-960a-eb9c0e8b617c,STAD,gigapath_flash,GigaPath-Flash,40x__10x,0.4557648152112961,-2.924691369954417,0.11267605633802817,0.04225352112676056
TCGA-BR-6454-01Z-00-DX1.63fb6280-2b43-49b2-960a-eb9c0e8b617c,STAD,gigapath_flash,GigaPath-Flash,40x__2p5x,0.3760158866643905,-8.384331333599722,0.15492957746478872,0.014084507042253521
TCGA-BR-6454-01Z-00-DX1.63fb6280-2b43-49b2-960a-eb9c0e8b617c,STAD,gigapath_flash,GigaPath-Flash,10x__2p5x,0.5340706557035446,-6.841597868776733,0.2535211267605634,0.014084507042253521
TCGA-BR-A4CQ-01Z-00-DX1.B63282A5-154D-441B-BF96-5BB26CB6D95E,STAD,gigapath_flash,GigaPath-Flash,40x__10x,0.5448534488677979,-2.237258209949521,0.323943661971831,0.22535211267605634
TCGA-BR-A4CQ-01Z-00-DX1.B63282A5-154D-441B-BF96-5BB26CB6D95E,STAD,gigapath_flash,GigaPath-Flash,40x__2p5x,0.4292411506175995,-5.531528194036114,0.49295774647887325,0.15492957746478872
TCGA-BR-A4CQ-01Z-00-DX1.B63282A5-154D-441B-BF96-5BB26CB6D95E,STAD,gigapath_flash,GigaPath-Flash,10x__2p5x,0.6453129649162292,-3.84309365903855,0.7746478873239436,0.09859154929577464
TCGA-CD-A487-01Z-00-DX1.A026BD2F-B721-4340-83D5-7AA39227C90F,STAD,gigapath_flash,GigaPath-Flash,40x__10x,0.6060689389705658,-2.908986132464818,0.704225352112676,0.056338028169014086
TCGA-CD-A487-01Z-00-DX1.A026BD2F-B721-4340-83D5-7AA39227C90F,STAD,gigapath_flash,GigaPath-Flash,40x__2p5x,0.4362514317035675,-3.95876369511996,0.5352112676056338,0.4084507042253521
TCGA-CD-A487-01Z-00-DX1.A026BD2F-B721-4340-83D5-7AA39227C90F,STAD,gigapath_flash,GigaPath-Flash,10x__2p5x,0.6268376111984253,-2.4314470733193168,0.6901408450704225,0.323943661971831
TCGA-FP-8209-01Z-00-DX1.a5e13081-1631-44d4-8d6a-c229a22c2311,STAD,gigapath_flash,GigaPath-Flash,40x__10x,0.4586336016654968,-2.730178320567764,0.1267605633802817,0.09859154929577464
TCGA-FP-8209-01Z-00-DX1.a5e13081-1631-44d4-8d6a-c229a22c2311,STAD,gigapath_flash,GigaPath-Flash,40x__2p5x,0.404741570353508,-7.325113766745416,0.323943661971831,0.028169014084507043
TCGA-FP-8209-01Z-00-DX1.a5e13081-1631-44d4-8d6a-c229a22c2311,STAD,gigapath_flash,GigaPath-Flash,10x__2p5x,0.5846723020076752,-5.275668270641402,0.5352112676056338,0.04225352112676056
TCGA-SW-A7EA-01Z-00-DX1.C5E1BE0E-0A25-4480-A3AC-DB2ED7471A4E,STAD,gigapath_flash,GigaPath-Flash,40x__10x,0.606337159872055,-1.9212935534939848,0.7183098591549296,0.28169014084507044
TCGA-SW-A7EA-01Z-00-DX1.C5E1BE0E-0A25-4480-A3AC-DB2ED7471A4E,STAD,gigapath_flash,GigaPath-Flash,40x__2p5x,0.4225007444620132,-6.433797302590532,0.43661971830985913,0.09859154929577464
TCGA-SW-A7EA-01Z-00-DX1.C5E1BE0E-0A25-4480-A3AC-DB2ED7471A4E,STAD,gigapath_flash,GigaPath-Flash,10x__2p5x,0.6657126843929291,-3.441491605395714,0.8591549295774648,0.15492957746478872
TCGA-VQ-A8PY-01Z-00-DX1.EA2C7386-012A-442A-95B3-FFA12BD2684D,STAD,gigapath_flash,GigaPath-Flash,40x__10x,0.5760642886161804,-2.583863723139848,0.5070422535211268,0.14084507042253522
TCGA-VQ-A8PY-01Z-00-DX1.EA2C7386-012A-442A-95B3-FFA12BD2684D,STAD,gigapath_flash,GigaPath-Flash,40x__2p5x,0.4541618824005127,-4.926278163010215,0.5774647887323944,0.23943661971830985
TCGA-VQ-A8PY-01Z-00-DX1.EA2C7386-012A-442A-95B3-FFA12BD2684D,STAD,gigapath_flash,GigaPath-Flash,10x__2p5x,0.5760724693536758,-3.395505467029575,0.4788732394366197,0.18309859154929578
TCGA-VQ-A924-01Z-00-DX1.736B41F3-9678-4FAF-AE86-FCAC4F6DCBD3,STAD,gigapath_flash,GigaPath-Flash,40x__10x,0.5343157052993774,-2.717026760840775,0.30985915492957744,0.11267605633802817
TCGA-VQ-A924-01Z-00-DX1.736B41F3-9678-4FAF-AE86-FCAC4F6DCBD3,STAD,gigapath_flash,GigaPath-Flash,40x__2p5x,0.4557490199804306,-6.756827400831196,0.5915492957746479,0.056338028169014086
TCGA-VQ-A924-01Z-00-DX1.736B41F3-9678-4FAF-AE86-FCAC4F6DCBD3,STAD,gigapath_flash,GigaPath-Flash,10x__2p5x,0.592711478471756,-5.792405722428296,0.5915492957746479,0.028169014084507043
TCGA-ZQ-A9CR-01Z-00-DX1.C9AC9991-7054-4068-A7AA-9D1EB7F040A3,STAD,gigapath_flash,GigaPath-Flash,40x__10x,0.6028819680213928,-3.185060772142804,0.6901408450704225,0.028169014084507043
TCGA-ZQ-A9CR-01Z-00-DX1.C9AC9991-7054-4068-A7AA-9D1EB7F040A3,STAD,gigapath_flash,GigaPath-Flash,40x__2p5x,0.5260821282863617,-6.789693527677929,0.8732394366197183,0.04225352112676056
TCGA-ZQ-A9CR-01Z-00-DX1.C9AC9991-7054-4068-A7AA-9D1EB7F040A3,STAD,gigapath_flash,GigaPath-Flash,10x__2p5x,0.6227800250053406,-4.78458566945576,0.6619718309859155,0.056338028169014086
TCGA-A5-A0GX-01Z-00-DX1.7E713D1A-5858-4648-957D-77189E43CFAA,UCEC,gigapath_flash,GigaPath-Flash,40x__10x,0.6286752820014954,-1.5390606754120717,0.8732394366197183,0.36619718309859156
TCGA-A5-A0GX-01Z-00-DX1.7E713D1A-5858-4648-957D-77189E43CFAA,UCEC,gigapath_flash,GigaPath-Flash,40x__2p5x,0.5332058221101761,-2.5194976593336875,0.9154929577464789,0.6197183098591549
TCGA-A5-A0GX-01Z-00-DX1.7E713D1A-5858-4648-957D-77189E43CFAA,UCEC,gigapath_flash,GigaPath-Flash,10x__2p5x,0.647205650806427,-0.62833558004303,0.7887323943661971,0.8169014084507042
TCGA-A5-A0R7-01Z-00-DX1.D21E6974-22A3-4A68-8B4E-14E84A7A50A5,UCEC,gigapath_flash,GigaPath-Flash,40x__10x,0.5664004981517792,-2.105289014699161,0.43661971830985913,0.23943661971830985
TCGA-A5-A0R7-01Z-00-DX1.D21E6974-22A3-4A68-8B4E-14E84A7A50A5,UCEC,gigapath_flash,GigaPath-Flash,40x__2p5x,0.3988632410764694,-4.517949124080981,0.2676056338028169,0.3380281690140845
TCGA-A5-A0R7-01Z-00-DX1.D21E6974-22A3-4A68-8B4E-14E84A7A50A5,UCEC,gigapath_flash,GigaPath-Flash,10x__2p5x,0.5811644196510315,-2.661617028862845,0.49295774647887325,0.29577464788732394
TCGA-AX-A05U-01Z-00-DX1.1EBFC727-B5D5-4543-BBA9-4254ABD3D584,UCEC,gigapath_flash,GigaPath-Flash,40x__10x,0.5980654656887054,-0.8805709338638985,0.647887323943662,0.5352112676056338
TCGA-AX-A05U-01Z-00-DX1.1EBFC727-B5D5-4543-BBA9-4254ABD3D584,UCEC,gigapath_flash,GigaPath-Flash,40x__2p5x,0.5195417553186417,-5.543966112120103,0.8450704225352113,0.14084507042253522
TCGA-AX-A05U-01Z-00-DX1.1EBFC727-B5D5-4543-BBA9-4254ABD3D584,UCEC,gigapath_flash,GigaPath-Flash,10x__2p5x,0.6890674233436584,-1.0542023974174846,0.9154929577464789,0.6197183098591549
TCGA-AX-A06B-01Z-00-DX2.1757C039-99F7-4087-A9E5-D340AF7220D4,UCEC,gigapath_flash,GigaPath-Flash,40x__10x,0.5709661841392517,-0.6666272979203475,0.4647887323943662,0.6197183098591549
TCGA-AX-A06B-01Z-00-DX2.1757C039-99F7-4087-A9E5-D340AF7220D4,UCEC,gigapath_flash,GigaPath-Flash,40x__2p5x,0.4059327393770218,-1.7573228343530196,0.3380281690140845,0.704225352112676
TCGA-AX-A06B-01Z-00-DX2.1757C039-99F7-4087-A9E5-D340AF7220D4,UCEC,gigapath_flash,GigaPath-Flash,10x__2p5x,0.6567049622535706,0.4174461674853532,0.8309859154929577,0.971830985915493
TCGA-AX-A0J0-01Z-00-DX2.56C668BE-03B8-4B87-A226-AABD97D53C38,UCEC,gigapath_flash,GigaPath-Flash,40x__10x,0.4973587542772293,-0.8335316016822898,0.23943661971830985,0.5633802816901409
TCGA-AX-A0J0-01Z-00-DX2.56C668BE-03B8-4B87-A226-AABD97D53C38,UCEC,gigapath_flash,GigaPath-Flash,40x__2p5x,0.407766506075859,-2.109027150853075,0.352112676056338,0.676056338028169
TCGA-AX-A0J0-01Z-00-DX2.56C668BE-03B8-4B87-A226-AABD97D53C38,UCEC,gigapath_flash,GigaPath-Flash,10x__2p5x,0.6549871563911438,-1.0353186673495636,0.8169014084507042,0.647887323943662
TCGA-B5-A11F-01Z-00-DX1.3F1C053D-E81E-4C8D-965D-6F3DE29D9511,UCEC,gigapath_flash,GigaPath-Flash,40x__10x,0.4635719060897827,-1.80837218034242,0.15492957746478872,0.30985915492957744
TCGA-B5-A11F-01Z-00-DX1.3F1C053D-E81E-4C8D-965D-6F3DE29D9511,UCEC,gigapath_flash,GigaPath-Flash,40x__2p5x,0.3799787610769272,-6.7054425558291655,0.18309859154929578,0.07042253521126761
TCGA-B5-A11F-01Z-00-DX1.3F1C053D-E81E-4C8D-965D-6F3DE29D9511,UCEC,gigapath_flash,GigaPath-Flash,10x__2p5x,0.497156485915184,-2.1625610488148324,0.09859154929577464,0.36619718309859156
TCGA-BG-A0W1-01Z-00-DX1.8E06269C-1278-478B-A128-59FA911B1649,UCEC,gigapath_flash,GigaPath-Flash,40x__10x,0.5219809412956238,-1.9460876408593,0.28169014084507044,0.2676056338028169
TCGA-BG-A0W1-01Z-00-DX1.8E06269C-1278-478B-A128-59FA911B1649,UCEC,gigapath_flash,GigaPath-Flash,40x__2p5x,0.4111638814210892,-5.211279567829561,0.36619718309859156,0.19718309859154928
TCGA-BG-A0W1-01Z-00-DX1.8E06269C-1278-478B-A128-59FA911B1649,UCEC,gigapath_flash,GigaPath-Flash,10x__2p5x,0.5490701794624329,-1.0430013022121474,0.3380281690140845,0.6338028169014085
TCGA-EY-A1GQ-01Z-00-DX1.03D52C6F-515E-4A4F-A08E-31D773BCC67F,UCEC,gigapath_flash,GigaPath-Flash,40x__10x,0.4733825027942657,-0.5642747488738701,0.18309859154929578,0.676056338028169
TCGA-EY-A1GQ-01Z-00-DX1.03D52C6F-515E-4A4F-A08E-31D773BCC67F,UCEC,gigapath_flash,GigaPath-Flash,40x__2p5x,0.4302837997674942,-3.440355936379246,0.5070422535211268,0.43661971830985913
TCGA-EY-A1GQ-01Z-00-DX1.03D52C6F-515E-4A4F-A08E-31D773BCC67F,UCEC,gigapath_flash,GigaPath-Flash,10x__2p5x,0.6418043971061707,-0.9684783678851108,0.7464788732394366,0.6619718309859155
TCGA-FI-A2EX-01Z-00-DX1.127F5153-745D-43E6-83CA-DE2738702C62,UCEC,gigapath_flash,GigaPath-Flash,40x__10x,0.5908979177474976,-0.8411111257351044,0.5915492957746479,0.5492957746478874
TCGA-FI-A2EX-01Z-00-DX1.127F5153-745D-43E6-83CA-DE2738702C62,UCEC,gigapath_flash,GigaPath-Flash,40x__2p5x,0.5439950227737427,-2.2902285260581903,0.9295774647887324,0.647887323943662
TCGA-FI-A2EX-01Z-00-DX1.127F5153-745D-43E6-83CA-DE2738702C62,UCEC,gigapath_flash,GigaPath-Flash,10x__2p5x,0.7061707973480225,-0.9628342886660768,0.9859154929577465,0.676056338028169
TCGA-CF-A3MF-01Z-00-DX1.91768C26-5BB1-4DE6-9737-AA26BD687A75,BLCA,midnight,Midnight,40x__10x,0.3877477645874023,-0.2567380344245846,0.7464788732394366,0.5352112676056338
TCGA-CF-A3MF-01Z-00-DX1.91768C26-5BB1-4DE6-9737-AA26BD687A75,BLCA,midnight,Midnight,40x__2p5x,0.3694363832473755,-0.2984974778335184,0.9295774647887324,0.7323943661971831
TCGA-CF-A3MF-01Z-00-DX1.91768C26-5BB1-4DE6-9737-AA26BD687A75,BLCA,midnight,Midnight,10x__2p5x,0.5291352868080139,-0.2193438502299044,0.9295774647887324,0.352112676056338
TCGA-CU-A0YN-01Z-00-DX1.6C5EAAAF-8F14-49D3-8FFC-9BDAE56CAFD0,BLCA,midnight,Midnight,40x__10x,0.3285939842462539,0.0712822438433245,0.3380281690140845,0.8873239436619719
TCGA-CU-A0YN-01Z-00-DX1.6C5EAAAF-8F14-49D3-8FFC-9BDAE56CAFD0,BLCA,midnight,Midnight,40x__2p5x,0.3287530094385147,0.1142697999119153,0.8591549295774648,0.9154929577464789
TCGA-CU-A0YN-01Z-00-DX1.6C5EAAAF-8F14-49D3-8FFC-9BDAE56CAFD0,BLCA,midnight,Midnight,10x__2p5x,0.4416135549545288,-0.6476710057998816,0.5915492957746479,0.056338028169014086
TCGA-DK-A6AW-01Z-00-DX1.C2453A8C-8282-443C-9E76-5B6CAD2FE69B,BLCA,midnight,Midnight,40x__10x,0.33939228951931,0.6605566042323048,0.43661971830985913,0.9577464788732394
TCGA-DK-A6AW-01Z-00-DX1.C2453A8C-8282-443C-9E76-5B6CAD2FE69B,BLCA,midnight,Midnight,40x__2p5x,0.2951978594064712,0.2391918989795095,0.676056338028169,0.9295774647887324
TCGA-DK-A6AW-01Z-00-DX1.C2453A8C-8282-443C-9E76-5B6CAD2FE69B,BLCA,midnight,Midnight,10x__2p5x,0.443031445145607,-0.5253246187107583,0.6056338028169014,0.11267605633802817
TCGA-DK-AA6L-01A-01-TSA.5794F0C6-9ED6-489A-9621-18CCC5935548,BLCA,midnight,Midnight,40x__10x,0.3293489068746567,-0.1815312420337354,0.352112676056338,0.6197183098591549
TCGA-DK-AA6L-01A-01-TSA.5794F0C6-9ED6-489A-9621-18CCC5935548,BLCA,midnight,Midnight,40x__2p5x,0.2729406133294105,-0.652318200124332,0.4084507042253521,0.4507042253521127
TCGA-DK-AA6L-01A-01-TSA.5794F0C6-9ED6-489A-9621-18CCC5935548,BLCA,midnight,Midnight,10x__2p5x,0.4046974778175354,-0.8613658386916182,0.38028169014084506,0.028169014084507043
TCGA-DK-AA77-01A-01-TSA.26CAF5CB-CC4F-4522-BD2B-343FB70205FE,BLCA,midnight,Midnight,40x__10x,0.2818628624081611,0.1427673576259465,0.08450704225352113,0.9154929577464789
TCGA-DK-AA77-01A-01-TSA.26CAF5CB-CC4F-4522-BD2B-343FB70205FE,BLCA,midnight,Midnight,40x__2p5x,0.2581826746463775,1.0784963481073375,0.15492957746478872,0.9859154929577465
TCGA-DK-AA77-01A-01-TSA.26CAF5CB-CC4F-4522-BD2B-343FB70205FE,BLCA,midnight,Midnight,10x__2p5x,0.3797914534807205,0.9085361365259028,0.23943661971830985,0.9859154929577465
TCGA-FD-A6TK-01Z-00-DX1.B685DA87-72A6-4C38-8AA1-40B6E543383C,BLCA,midnight,Midnight,40x__10x,0.3835915476083755,-0.1331762690747792,0.6901408450704225,0.7464788732394366
TCGA-FD-A6TK-01Z-00-DX1.B685DA87-72A6-4C38-8AA1-40B6E543383C,BLCA,midnight,Midnight,40x__2p5x,0.2795638144016266,-0.4387888117214209,0.5070422535211268,0.6338028169014085
TCGA-FD-A6TK-01Z-00-DX1.B685DA87-72A6-4C38-8AA1-40B6E543383C,BLCA,midnight,Midnight,10x__2p5x,0.4343037605285644,-0.0719435208095363,0.5352112676056338,0.7605633802816901
TCGA-GU-AATP-01Z-00-DX1.0D8EC37C-88E7-49D5-A76D-F0A4A3FD8AE4,BLCA,midnight,Midnight,40x__10x,0.3787075579166412,-0.0607766108416007,0.676056338028169,0.7887323943661971
TCGA-GU-AATP-01Z-00-DX1.0D8EC37C-88E7-49D5-A76D-F0A4A3FD8AE4,BLCA,midnight,Midnight,40x__2p5x,0.2628016769886017,-0.3199554306810793,0.2535211267605634,0.704225352112676
TCGA-GU-AATP-01Z-00-DX1.0D8EC37C-88E7-49D5-A76D-F0A4A3FD8AE4,BLCA,midnight,Midnight,10x__2p5x,0.4135736972093582,-0.0724537314079908,0.4225352112676056,0.7464788732394366
TCGA-XF-A8HB-01Z-00-DX1.D6874152-D20A-4CA4-8E8B-8CBAB5F7D7B5,BLCA,midnight,Midnight,40x__10x,0.3935785740613937,-0.0505924320561781,0.8028169014084507,0.8169014084507042
TCGA-XF-A8HB-01Z-00-DX1.D6874152-D20A-4CA4-8E8B-8CBAB5F7D7B5,BLCA,midnight,Midnight,40x__2p5x,0.2744706124067306,-0.3357116966390879,0.43661971830985913,0.6901408450704225
TCGA-XF-A8HB-01Z-00-DX1.D6874152-D20A-4CA4-8E8B-8CBAB5F7D7B5,BLCA,midnight,Midnight,10x__2p5x,0.4344031065702438,-0.0528788443458113,0.5492957746478874,0.8309859154929577
TCGA-ZF-A9R1-01Z-00-DX1.74520759-D448-45B5-B8AD-45502C99A519,BLCA,midnight,Midnight,40x__10x,0.4217234998941421,-0.1669665373758918,0.9295774647887324,0.7183098591549296
TCGA-ZF-A9R1-01Z-00-DX1.74520759-D448-45B5-B8AD-45502C99A519,BLCA,midnight,Midnight,40x__2p5x,0.3097601532936096,-0.5510971982017565,0.8169014084507042,0.5352112676056338
TCGA-ZF-A9R1-01Z-00-DX1.74520759-D448-45B5-B8AD-45502C99A519,BLCA,midnight,Midnight,10x__2p5x,0.4729692041873932,-0.1341017061465524,0.7605633802816901,0.5774647887323944
TCGA-ZF-AA51-01Z-00-DX1.128C9731-C206-4E71-9A64-864FA9FD7E96,BLCA,midnight,Midnight,40x__10x,0.3945547938346863,-0.2560655667860661,0.8309859154929577,0.5492957746478874
TCGA-ZF-AA51-01Z-00-DX1.128C9731-C206-4E71-9A64-864FA9FD7E96,BLCA,midnight,Midnight,40x__2p5x,0.2897403240203857,0.3688003457288619,0.6197183098591549,0.9436619718309859
TCGA-ZF-AA51-01Z-00-DX1.128C9731-C206-4E71-9A64-864FA9FD7E96,BLCA,midnight,Midnight,10x__2p5x,0.556088924407959,-0.1549240978803177,0.971830985915493,0.49295774647887325
TCGA-A7-A2KD-01Z-00-DX1.BFF2DFC8-1D95-4DC2-98FC-5BD7D7C6CDF5,BRCA,midnight,Midnight,40x__10x,0.3127490431070328,-1.1824102984350522,0.22535211267605634,0.028169014084507043
TCGA-A7-A2KD-01Z-00-DX1.BFF2DFC8-1D95-4DC2-98FC-5BD7D7C6CDF5,BRCA,midnight,Midnight,40x__2p5x,0.2716383039951324,-0.8879938367789808,0.352112676056338,0.2535211267605634
TCGA-A7-A2KD-01Z-00-DX1.BFF2DFC8-1D95-4DC2-98FC-5BD7D7C6CDF5,BRCA,midnight,Midnight,10x__2p5x,0.3021597415208816,-0.4500350002198224,0.014084507042253521,0.18309859154929578
TCGA-AN-A0G0-01Z-00-DX1.BE0BB5DF-DEDA-48D8-B5D8-2735C767F28F,BRCA,midnight,Midnight,40x__10x,0.3539637178182602,-0.1035305619684652,0.5633802816901409,0.7605633802816901
TCGA-AN-A0G0-01Z-00-DX1.BE0BB5DF-DEDA-48D8-B5D8-2735C767F28F,BRCA,midnight,Midnight,40x__2p5x,0.3598879277706146,0.016405602661431,0.8873239436619719,0.9014084507042254
TCGA-AN-A0G0-01Z-00-DX1.BE0BB5DF-DEDA-48D8-B5D8-2735C767F28F,BRCA,midnight,Midnight,10x__2p5x,0.4586006999015808,0.2079504704299996,0.676056338028169,0.9436619718309859
TCGA-AQ-A04L-01Z-00-DX1.F35BF4DD-896A-43C2-8DA6-C67945C003BE,BRCA,midnight,Midnight,40x__10x,0.3899428993463516,-0.3249359929553469,0.7887323943661971,0.4788732394366197
TCGA-AQ-A04L-01Z-00-DX1.F35BF4DD-896A-43C2-8DA6-C67945C003BE,BRCA,midnight,Midnight,40x__2p5x,0.2989052385091781,-0.6696311264882929,0.7183098591549296,0.43661971830985913
TCGA-AQ-A04L-01Z-00-DX1.F35BF4DD-896A-43C2-8DA6-C67945C003BE,BRCA,midnight,Midnight,10x__2p5x,0.3716050237417221,-0.1361044929256748,0.16901408450704225,0.5633802816901409
TCGA-AR-A2LK-01Z-00-DX1.FBD59C38-CD4E-4C22-BC74-A57C192A9BBC,BRCA,midnight,Midnight,40x__10x,0.3892924338579178,-0.1841248433325573,0.7746478873239436,0.6056338028169014
TCGA-AR-A2LK-01Z-00-DX1.FBD59C38-CD4E-4C22-BC74-A57C192A9BBC,BRCA,midnight,Midnight,40x__2p5x,0.2753199785947799,-0.574342441334063,0.4507042253521127,0.5070422535211268
TCGA-AR-A2LK-01Z-00-DX1.FBD59C38-CD4E-4C22-BC74-A57C192A9BBC,BRCA,midnight,Midnight,10x__2p5x,0.3799998462200165,-0.1015609680364056,0.2535211267605634,0.6619718309859155
TCGA-AR-A5QM-01Z-00-DX1.A9017CED-FF57-4090-95B9-94DC91854347,BRCA,midnight,Midnight,40x__10x,0.3876658827066421,-0.2886207321410259,0.7323943661971831,0.5211267605633803
TCGA-AR-A5QM-01Z-00-DX1.A9017CED-FF57-4090-95B9-94DC91854347,BRCA,midnight,Midnight,40x__2p5x,0.296113520860672,-0.7656477724143798,0.704225352112676,0.3380281690140845
TCGA-AR-A5QM-01Z-00-DX1.A9017CED-FF57-4090-95B9-94DC91854347,BRCA,midnight,Midnight,10x__2p5x,0.4103433936834335,-0.1368668374828804,0.4084507042253521,0.5492957746478874
TCGA-BH-A0C1-01Z-00-DX1.21FE357E-B182-4397-BFEF-7E96E994236A,BRCA,midnight,Midnight,40x__10x,0.3726271390914917,-0.509010687742213,0.647887323943662,0.29577464788732394
TCGA-BH-A0C1-01Z-00-DX1.21FE357E-B182-4397-BFEF-7E96E994236A,BRCA,midnight,Midnight,40x__2p5x,0.2755381166934967,-0.6209034848232327,0.4788732394366197,0.4647887323943662
TCGA-BH-A0C1-01Z-00-DX1.21FE357E-B182-4397-BFEF-7E96E994236A,BRCA,midnight,Midnight,10x__2p5x,0.3704205304384231,-0.1173312103759996,0.14084507042253522,0.647887323943662
TCGA-D8-A1X8-01Z-00-DX1.DDA3866E-C7CC-4650-BE2B-5C9A98A2D531,BRCA,midnight,Midnight,40x__10x,0.3851947039365768,-0.455452528731312,0.7183098591549296,0.36619718309859156
TCGA-D8-A1X8-01Z-00-DX1.DDA3866E-C7CC-4650-BE2B-5C9A98A2D531,BRCA,midnight,Midnight,40x__2p5x,0.2955032438039779,-0.7628665526204939,0.6901408450704225,0.352112676056338
TCGA-D8-A1X8-01Z-00-DX1.DDA3866E-C7CC-4650-BE2B-5C9A98A2D531,BRCA,midnight,Midnight,10x__2p5x,0.4156359732151031,-0.1679774687629886,0.43661971830985913,0.4084507042253521
TCGA-E2-A14P-01Z-00-DX1.663B02FF-C64B-41A6-8685-FD61CD76F9C6,BRCA,midnight,Midnight,40x__10x,0.4146853387355804,-0.2371049731851374,0.8732394366197183,0.5633802816901409
TCGA-E2-A14P-01Z-00-DX1.663B02FF-C64B-41A6-8685-FD61CD76F9C6,BRCA,midnight,Midnight,40x__2p5x,0.3062208145856857,-0.4727528880136465,0.8028169014084507,0.6056338028169014
TCGA-E2-A14P-01Z-00-DX1.663B02FF-C64B-41A6-8685-FD61CD76F9C6,BRCA,midnight,Midnight,10x__2p5x,0.3721204251050949,-0.1476373146458465,0.18309859154929578,0.5070422535211268
TCGA-E2-A1LA-01Z-00-DX1.AE49E943-B830-4ED9-B09E-E499441BC2EC,BRCA,midnight,Midnight,40x__10x,0.4169645756483078,-0.5477555532276049,0.9014084507042254,0.2676056338028169
TCGA-E2-A1LA-01Z-00-DX1.AE49E943-B830-4ED9-B09E-E499441BC2EC,BRCA,midnight,Midnight,40x__2p5x,0.2830792516469955,-0.8147012852168316,0.5492957746478874,0.323943661971831
TCGA-E2-A1LA-01Z-00-DX1.AE49E943-B830-4ED9-B09E-E499441BC2EC,BRCA,midnight,Midnight,10x__2p5x,0.4044522494077682,-0.2594839334009342,0.36619718309859156,0.323943661971831
TCGA-GM-A3XN-01Z-00-DX1.49F5C8AC-0328-4BC2-9FE2-E7150B7A42E2,BRCA,midnight,Midnight,40x__10x,0.3963642716407776,-0.4363367106659268,0.8591549295774648,0.38028169014084506
TCGA-GM-A3XN-01Z-00-DX1.49F5C8AC-0328-4BC2-9FE2-E7150B7A42E2,BRCA,midnight,Midnight,40x__2p5x,0.2875759303569793,-0.8248469857116334,0.6056338028169014,0.29577464788732394
TCGA-GM-A3XN-01Z-00-DX1.49F5C8AC-0328-4BC2-9FE2-E7150B7A42E2,BRCA,midnight,Midnight,10x__2p5x,0.3902635127305984,-0.1654764087869923,0.29577464788732394,0.43661971830985913
TCGA-AY-A8YK-01Z-00-DX1.89E3C546-0425-449B-A6FB-1C35168EA7EB,COAD,midnight,Midnight,40x__10x,0.2883575856685638,1.125891163606239,0.1267605633802817,0.971830985915493
TCGA-AY-A8YK-01Z-00-DX1.89E3C546-0425-449B-A6FB-1C35168EA7EB,COAD,midnight,Midnight,40x__2p5x,0.2623751759529114,-0.1055180961416568,0.23943661971830985,0.8873239436619719
TCGA-AY-A8YK-01Z-00-DX1.89E3C546-0425-449B-A6FB-1C35168EA7EB,COAD,midnight,Midnight,10x__2p5x,0.3790635019540787,0.26740911522527,0.22535211267605634,0.9577464788732394
TCGA-CK-4947-01Z-00-DX1.b257d5fd-b97b-4987-b088-77f044ca7fe2,COAD,midnight,Midnight,40x__10x,0.3758208602666855,-1.1765021482532712,0.6619718309859155,0.04225352112676056
TCGA-CK-4947-01Z-00-DX1.b257d5fd-b97b-4987-b088-77f044ca7fe2,COAD,midnight,Midnight,40x__2p5x,0.2873835265636444,-1.953538357998308,0.5915492957746479,0.028169014084507043
TCGA-CK-4947-01Z-00-DX1.b257d5fd-b97b-4987-b088-77f044ca7fe2,COAD,midnight,Midnight,10x__2p5x,0.4801945090293884,-0.7534238818224932,0.8309859154929577,0.04225352112676056
TCGA-CM-6168-01Z-00-DX1.96af6eb2-9d51-4671-baf8-1a73d0c66869,COAD,midnight,Midnight,40x__10x,0.3408655077219009,-0.4802478422239523,0.4788732394366197,0.323943661971831
TCGA-CM-6168-01Z-00-DX1.96af6eb2-9d51-4671-baf8-1a73d0c66869,COAD,midnight,Midnight,40x__2p5x,0.2721382677555084,-1.1540839800972795,0.38028169014084506,0.15492957746478872
TCGA-CM-6168-01Z-00-DX1.96af6eb2-9d51-4671-baf8-1a73d0c66869,COAD,midnight,Midnight,10x__2p5x,0.4588411599397659,-0.2745207303475967,0.6901408450704225,0.28169014084507044
TCGA-CM-6169-01Z-00-DX1.0381c243-02b8-4f1d-840c-19ef44d4b92c,COAD,midnight,Midnight,40x__10x,0.3433858156204223,-0.6637629070665096,0.5070422535211268,0.19718309859154928
TCGA-CM-6169-01Z-00-DX1.0381c243-02b8-4f1d-840c-19ef44d4b92c,COAD,midnight,Midnight,40x__2p5x,0.2797359079122543,-1.750964527583438,0.5211267605633803,0.07042253521126761
TCGA-CM-6169-01Z-00-DX1.0381c243-02b8-4f1d-840c-19ef44d4b92c,COAD,midnight,Midnight,10x__2p5x,0.4682825356721878,-0.3377283179201977,0.7323943661971831,0.2676056338028169
TCGA-G4-6309-01Z-00-DX1.3eb20fdc-eb86-4bd5-8194-76b02d4fa472,COAD,midnight,Midnight,40x__10x,0.336232453584671,-0.3588147877316791,0.4084507042253521,0.43661971830985913
TCGA-G4-6309-01Z-00-DX1.3eb20fdc-eb86-4bd5-8194-76b02d4fa472,COAD,midnight,Midnight,40x__2p5x,0.2725785970687866,-1.145410194746646,0.39436619718309857,0.16901408450704225
TCGA-G4-6309-01Z-00-DX1.3eb20fdc-eb86-4bd5-8194-76b02d4fa472,COAD,midnight,Midnight,10x__2p5x,0.4568781107664108,-0.16494188168797,0.647887323943662,0.4507042253521127
TCGA-G4-6310-01Z-00-DX1.b88472d4-3adc-4e4d-b0f2-0dc195a3d7df,COAD,midnight,Midnight,40x__10x,0.325191929936409,-1.089632826393229,0.29577464788732394,0.056338028169014086
TCGA-G4-6310-01Z-00-DX1.b88472d4-3adc-4e4d-b0f2-0dc195a3d7df,COAD,midnight,Midnight,40x__2p5x,0.2623610571026802,-1.7653115208728054,0.22535211267605634,0.056338028169014086
TCGA-G4-6310-01Z-00-DX1.b88472d4-3adc-4e4d-b0f2-0dc195a3d7df,COAD,midnight,Midnight,10x__2p5x,0.4414539635181427,-1.104394598672139,0.5774647887323944,0.014084507042253521
TCGA-G4-6588-01Z-00-DX1.0747172e-f630-4b7c-9341-55078585ae00,COAD,midnight,Midnight,40x__10x,0.3008459955453872,-0.3482270740756628,0.16901408450704225,0.4507042253521127
TCGA-G4-6588-01Z-00-DX1.0747172e-f630-4b7c-9341-55078585ae00,COAD,midnight,Midnight,40x__2p5x,0.2659336030483246,-1.033198028834058,0.323943661971831,0.18309859154929578
TCGA-G4-6588-01Z-00-DX1.0747172e-f630-4b7c-9341-55078585ae00,COAD,midnight,Midnight,10x__2p5x,0.4373051077127456,-0.1578607326116515,0.5633802816901409,0.4647887323943662
TCGA-BA-6871-01Z-00-DX1.4d9ca329-f8d5-4c31-a20f-9d4fba728326,HNSC,midnight,Midnight,40x__10x,0.3189503401517868,-1.0093076765872957,0.2535211267605634,0.08450704225352113
TCGA-BA-6871-01Z-00-DX1.4d9ca329-f8d5-4c31-a20f-9d4fba728326,HNSC,midnight,Midnight,40x__2p5x,0.2367405295372009,-0.9444081676519523,0.08450704225352113,0.2112676056338028
TCGA-BA-6871-01Z-00-DX1.4d9ca329-f8d5-4c31-a20f-9d4fba728326,HNSC,midnight,Midnight,10x__2p5x,0.4762657433748245,-0.4467221810396318,0.8028169014084507,0.19718309859154928
TCGA-BA-6872-01Z-00-DX1.F99F6394-D319-4599-B124-D2A6692FA096,HNSC,midnight,Midnight,40x__10x,0.3218076080083847,-0.7690486805324908,0.2676056338028169,0.15492957746478872
TCGA-BA-6872-01Z-00-DX1.F99F6394-D319-4599-B124-D2A6692FA096,HNSC,midnight,Midnight,40x__2p5x,0.3228386789560318,-1.2615844674045125,0.8450704225352113,0.11267605633802817
TCGA-BA-6872-01Z-00-DX1.F99F6394-D319-4599-B124-D2A6692FA096,HNSC,midnight,Midnight,10x__2p5x,0.4768089354038238,-0.2687118155382595,0.8169014084507042,0.29577464788732394
TCGA-CN-A6V7-01A-01-TS1.F54912D3-1E21-4605-ACFC-142973524AE2,HNSC,midnight,Midnight,40x__10x,0.2557678371667862,3.183703173441626,0.028169014084507043,1.0
TCGA-CN-A6V7-01A-01-TS1.F54912D3-1E21-4605-ACFC-142973524AE2,HNSC,midnight,Midnight,40x__2p5x,0.2349593564867973,4.397264837124778,0.056338028169014086,1.0
TCGA-CN-A6V7-01A-01-TS1.F54912D3-1E21-4605-ACFC-142973524AE2,HNSC,midnight,Midnight,10x__2p5x,0.4015055447816849,3.1834464887956075,0.3380281690140845,1.0
TCGA-CV-6935-01Z-00-DX1.9C449CB2-FB6D-41D1-A4A6-3069DC84A697,HNSC,midnight,Midnight,40x__10x,0.4240619093179703,-0.1935915756742949,0.9577464788732394,0.5774647887323944
TCGA-CV-6935-01Z-00-DX1.9C449CB2-FB6D-41D1-A4A6-3069DC84A697,HNSC,midnight,Midnight,40x__2p5x,0.3218475133180618,-0.7327358519606608,0.8309859154929577,0.38028169014084506
TCGA-CV-6935-01Z-00-DX1.9C449CB2-FB6D-41D1-A4A6-3069DC84A697,HNSC,midnight,Midnight,10x__2p5x,0.5429003834724426,-0.0498960353000981,0.9577464788732394,0.8450704225352113
TCGA-CV-A45O-01Z-00-DX1.8CBD0CCC-C815-475D-87F9-76272F4F715B,HNSC,midnight,Midnight,40x__10x,0.4163470715284347,-0.1691112038752416,0.8873239436619719,0.704225352112676
TCGA-CV-A45O-01Z-00-DX1.8CBD0CCC-C815-475D-87F9-76272F4F715B,HNSC,midnight,Midnight,40x__2p5x,0.3052286505699157,-0.9208830165668797,0.7887323943661971,0.22535211267605634
TCGA-CV-A45O-01Z-00-DX1.8CBD0CCC-C815-475D-87F9-76272F4F715B,HNSC,midnight,Midnight,10x__2p5x,0.4595893323421478,-0.0690186683065782,0.704225352112676,0.7887323943661971
TCGA-CV-A6JE-01Z-00-DX1.20137D17-19B3-49FF-9C3D-60933157E409,HNSC,midnight,Midnight,40x__10x,0.3943716883659363,-0.8396215576351871,0.8169014084507042,0.11267605633802817
TCGA-CV-A6JE-01Z-00-DX1.20137D17-19B3-49FF-9C3D-60933157E409,HNSC,midnight,Midnight,40x__2p5x,0.2606100738048553,-1.8473213506158952,0.18309859154929578,0.04225352112676056
TCGA-CV-A6JE-01Z-00-DX1.20137D17-19B3-49FF-9C3D-60933157E409,HNSC,midnight,Midnight,10x__2p5x,0.4341741502285003,-0.5338664348830112,0.5211267605633803,0.09859154929577464
TCGA-CV-A6JU-01Z-00-DX1.35A3A1F0-9D6C-4794-B501-E56E48C51DF9,HNSC,midnight,Midnight,40x__10x,0.3849357962608337,-0.3479640849564859,0.704225352112676,0.4647887323943662
TCGA-CV-A6JU-01Z-00-DX1.35A3A1F0-9D6C-4794-B501-E56E48C51DF9,HNSC,midnight,Midnight,40x__2p5x,0.248309351503849,-1.1798017178862077,0.1267605633802817,0.1267605633802817
TCGA-CV-A6JU-01Z-00-DX1.35A3A1F0-9D6C-4794-B501-E56E48C51DF9,HNSC,midnight,Midnight,10x__2p5x,0.4505366683006286,-0.1183031627373262,0.6197183098591549,0.6338028169014085
TCGA-UF-A719-01Z-00-DX1.4C4ECC2C-C390-4C5E-A709-CF08C113F1A1,HNSC,midnight,Midnight,40x__10x,0.388815775513649,-0.5835783552734223,0.7605633802816901,0.22535211267605634
TCGA-UF-A719-01Z-00-DX1.4C4ECC2C-C390-4C5E-A709-CF08C113F1A1,HNSC,midnight,Midnight,40x__2p5x,0.260499432682991,-2.006286509258925,0.16901408450704225,0.014084507042253521
TCGA-UF-A719-01Z-00-DX1.4C4ECC2C-C390-4C5E-A709-CF08C113F1A1,HNSC,midnight,Midnight,10x__2p5x,0.4307403713464737,-0.5169815762256761,0.5070422535211268,0.14084507042253522
TCGA-A3-3346-01Z-00-DX1.95280216-fd71-4a03-b452-6e3d667f2542,KIRC,midnight,Midnight,40x__10x,0.3024648874998092,-0.9792377777171544,0.18309859154929578,0.09859154929577464
TCGA-A3-3346-01Z-00-DX1.95280216-fd71-4a03-b452-6e3d667f2542,KIRC,midnight,Midnight,40x__2p5x,0.270005539059639,-0.8374439956045141,0.3380281690140845,0.28169014084507044
TCGA-A3-3346-01Z-00-DX1.95280216-fd71-4a03-b452-6e3d667f2542,KIRC,midnight,Midnight,10x__2p5x,0.3957489132881164,-0.5043243561005666,0.323943661971831,0.15492957746478872
TCGA-A3-A8CQ-01Z-00-DX1.78DA0827-5FB8-4B9F-A845-22F85830B5FB,KIRC,midnight,Midnight,40x__10x,0.2312842905521392,-0.5292952646305343,0.014084507042253521,0.28169014084507044
TCGA-A3-A8CQ-01Z-00-DX1.78DA0827-5FB8-4B9F-A845-22F85830B5FB,KIRC,midnight,Midnight,40x__2p5x,0.2468215152621269,-0.5510980184921455,0.11267605633802817,0.5211267605633803
TCGA-A3-A8CQ-01Z-00-DX1.78DA0827-5FB8-4B9F-A845-22F85830B5FB,KIRC,midnight,Midnight,10x__2p5x,0.3446916788816452,-0.1403032629289413,0.056338028169014086,0.5211267605633803
TCGA-AK-3444-01Z-00-DX1.1F0E0B47-29FF-456F-800A-539983FDCFAA,KIRC,midnight,Midnight,40x__10x,0.3166033625602722,-0.7791278183088493,0.23943661971830985,0.14084507042253522
TCGA-AK-3444-01Z-00-DX1.1F0E0B47-29FF-456F-800A-539983FDCFAA,KIRC,midnight,Midnight,40x__2p5x,0.2905555963516235,-0.747603565108986,0.6338028169014085,0.36619718309859156
TCGA-AK-3444-01Z-00-DX1.1F0E0B47-29FF-456F-800A-539983FDCFAA,KIRC,midnight,Midnight,10x__2p5x,0.3534249365329742,-0.3718589534404034,0.09859154929577464,0.23943661971830985
TCGA-B0-5094-01Z-00-DX1.eac31fe2-09da-4ecf-8e25-c073cbb03295,KIRC,midnight,Midnight,40x__10x,0.2932301163673401,-0.8081875039113171,0.14084507042253522,0.1267605633802817
TCGA-B0-5094-01Z-00-DX1.eac31fe2-09da-4ecf-8e25-c073cbb03295,KIRC,midnight,Midnight,40x__2p5x,0.2719614952802658,-0.8244647983982301,0.36619718309859156,0.30985915492957744
TCGA-B0-5094-01Z-00-DX1.eac31fe2-09da-4ecf-8e25-c073cbb03295,KIRC,midnight,Midnight,10x__2p5x,0.5041834712028503,-0.543508644872402,0.9014084507042254,0.08450704225352113
TCGA-B0-5106-01Z-00-DX1.564e51a3-be50-4eed-ba9c-4d478b96ffc6,KIRC,midnight,Midnight,40x__10x,0.3405478000640869,-0.462222038601088,0.4647887323943662,0.352112676056338
TCGA-B0-5106-01Z-00-DX1.564e51a3-be50-4eed-ba9c-4d478b96ffc6,KIRC,midnight,Midnight,40x__2p5x,0.2808386385440826,-0.4909152556631902,0.5352112676056338,0.5915492957746479
TCGA-B0-5106-01Z-00-DX1.564e51a3-be50-4eed-ba9c-4d478b96ffc6,KIRC,midnight,Midnight,10x__2p5x,0.4067181795835495,-0.1393347995724724,0.39436619718309857,0.5352112676056338
TCGA-B0-5711-01Z-00-DX1.6839921f-ec08-4e94-8bf9-4b5a4fcdda45,KIRC,midnight,Midnight,40x__10x,0.3034645467996597,-0.3708390735740864,0.19718309859154928,0.4084507042253521
TCGA-B0-5711-01Z-00-DX1.6839921f-ec08-4e94-8bf9-4b5a4fcdda45,KIRC,midnight,Midnight,40x__2p5x,0.2548539713025093,-0.517950825626083,0.14084507042253522,0.5774647887323944
TCGA-B0-5711-01Z-00-DX1.6839921f-ec08-4e94-8bf9-4b5a4fcdda45,KIRC,midnight,Midnight,10x__2p5x,0.3892960697412491,-0.1286538436337066,0.28169014084507044,0.6056338028169014
TCGA-B2-5633-01Z-00-DX1.c55a29ca-468e-46de-9ff5-a51f46fe09fd,KIRC,midnight,Midnight,40x__10x,0.3333000093698501,-0.5553727603731733,0.36619718309859156,0.2535211267605634
TCGA-B2-5633-01Z-00-DX1.c55a29ca-468e-46de-9ff5-a51f46fe09fd,KIRC,midnight,Midnight,40x__2p5x,0.2854067683219909,-0.6025128594036631,0.5774647887323944,0.4788732394366197
TCGA-B2-5633-01Z-00-DX1.c55a29ca-468e-46de-9ff5-a51f46fe09fd,KIRC,midnight,Midnight,10x__2p5x,0.4260003864765167,-0.229251958071131,0.4788732394366197,0.3380281690140845
TCGA-BP-4991-01Z-00-DX1.71305f5c-ca59-48fa-bb82-4b441c1fffdc,KIRC,midnight,Midnight,40x__10x,0.2567952871322632,-0.7583834648054527,0.04225352112676056,0.16901408450704225
TCGA-BP-4991-01Z-00-DX1.71305f5c-ca59-48fa-bb82-4b441c1fffdc,KIRC,midnight,Midnight,40x__2p5x,0.2644659578800201,-0.7258527365076535,0.28169014084507044,0.39436619718309857
TCGA-BP-4991-01Z-00-DX1.71305f5c-ca59-48fa-bb82-4b441c1fffdc,KIRC,midnight,Midnight,10x__2p5x,0.3715232163667679,-0.3768124331075503,0.15492957746478872,0.2112676056338028
TCGA-BP-5201-01Z-00-DX1.d1a9878e-bb97-48fb-9098-9d9337f06250,KIRC,midnight,Midnight,40x__10x,0.4974910765886307,0.5692449997367993,0.9859154929577465,0.9436619718309859
TCGA-BP-5201-01Z-00-DX1.d1a9878e-bb97-48fb-9098-9d9337f06250,KIRC,midnight,Midnight,40x__2p5x,0.475261390209198,0.4482892070600823,0.9859154929577465,0.9577464788732394
TCGA-BP-5201-01Z-00-DX1.d1a9878e-bb97-48fb-9098-9d9337f06250,KIRC,midnight,Midnight,10x__2p5x,0.5422842502593994,-0.0295474529378033,0.9436619718309859,0.9154929577464789
TCGA-55-6986-01Z-00-DX1.ae52d41e-3cd6-4d36-b04b-2ea7d29bd8da,LUAD,midnight,Midnight,40x__10x,0.3395988047122955,-0.0808628391524853,0.4507042253521127,0.7746478873239436
TCGA-55-6986-01Z-00-DX1.ae52d41e-3cd6-4d36-b04b-2ea7d29bd8da,LUAD,midnight,Midnight,40x__2p5x,0.3028155267238617,-0.113545241181185,0.7746478873239436,0.8732394366197183
TCGA-55-6986-01Z-00-DX1.ae52d41e-3cd6-4d36-b04b-2ea7d29bd8da,LUAD,midnight,Midnight,10x__2p5x,0.4663453698158264,-0.0228984236880381,0.7183098591549296,0.9295774647887324
TCGA-64-5779-01Z-00-DX1.B3268447-DCE0-4927-B5A9-EC4D61E9B17D,LUAD,midnight,Midnight,40x__10x,0.3542229980230331,-0.0191837733312339,0.5774647887323944,0.8591549295774648
TCGA-64-5779-01Z-00-DX1.B3268447-DCE0-4927-B5A9-EC4D61E9B17D,LUAD,midnight,Midnight,40x__2p5x,0.3603009134531021,-0.1696490787609285,0.9014084507042254,0.7887323943661971
TCGA-64-5779-01Z-00-DX1.B3268447-DCE0-4927-B5A9-EC4D61E9B17D,LUAD,midnight,Midnight,10x__2p5x,0.4747928828001022,-0.0778126783568535,0.7887323943661971,0.7323943661971831
TCGA-78-7158-01Z-00-DX1.74db3dcd-2715-4ce7-8e48-30c8b7946ba0,LUAD,midnight,Midnight,40x__10x,0.365465834736824,-0.1764424824492692,0.6197183098591549,0.6901408450704225
TCGA-78-7158-01Z-00-DX1.74db3dcd-2715-4ce7-8e48-30c8b7946ba0,LUAD,midnight,Midnight,40x__2p5x,0.3641760796308517,-0.3109727473228081,0.9154929577464789,0.7183098591549296
TCGA-78-7158-01Z-00-DX1.74db3dcd-2715-4ce7-8e48-30c8b7946ba0,LUAD,midnight,Midnight,10x__2p5x,0.5060761570930481,-0.0863241962478972,0.9154929577464789,0.6901408450704225
TCGA-78-7163-01Z-00-DX1.42880bdf-271d-41dd-aada-e7ec1156ff31,LUAD,midnight,Midnight,40x__10x,0.7023926079273224,-0.1797741320599738,1.0,0.6619718309859155
TCGA-78-7163-01Z-00-DX1.42880bdf-271d-41dd-aada-e7ec1156ff31,LUAD,midnight,Midnight,40x__2p5x,0.6485917568206787,-0.1423662699323723,1.0,0.8309859154929577
TCGA-78-7163-01Z-00-DX1.42880bdf-271d-41dd-aada-e7ec1156ff31,LUAD,midnight,Midnight,10x__2p5x,0.654999166727066,-0.0700509918125094,1.0,0.7746478873239436
TCGA-78-7536-01Z-00-DX1.6b066140-8b82-40a5-bd48-430eeb4463fe,LUAD,midnight,Midnight,40x__10x,0.3361618369817734,-0.1800233771248132,0.39436619718309857,0.647887323943662
TCGA-78-7536-01Z-00-DX1.6b066140-8b82-40a5-bd48-430eeb4463fe,LUAD,midnight,Midnight,40x__2p5x,0.3725076168775558,-0.3377443925824605,0.9577464788732394,0.6619718309859155
TCGA-78-7536-01Z-00-DX1.6b066140-8b82-40a5-bd48-430eeb4463fe,LUAD,midnight,Midnight,10x__2p5x,0.4841073155403137,-0.0664704219136562,0.8450704225352113,0.8169014084507042
TCGA-86-8668-01Z-00-DX1.d720d486-02c7-4f98-8feb-e0e50a12c158,LUAD,midnight,Midnight,40x__10x,0.3109711408615112,-0.1796539304584201,0.2112676056338028,0.676056338028169
TCGA-86-8668-01Z-00-DX1.d720d486-02c7-4f98-8feb-e0e50a12c158,LUAD,midnight,Midnight,40x__2p5x,0.2651752233505249,-0.1606202092414527,0.29577464788732394,0.8028169014084507
TCGA-86-8668-01Z-00-DX1.d720d486-02c7-4f98-8feb-e0e50a12c158,LUAD,midnight,Midnight,10x__2p5x,0.4217252731323242,-0.0361798321437302,0.4647887323943662,0.8873239436619719
TCGA-97-A4LX-01Z-00-DX1.B2334672-A626-4E74-B4D1-A79F70F65909,LUAD,midnight,Midnight,40x__10x,0.3515434563159942,-0.0331381771215994,0.5492957746478874,0.8450704225352113
TCGA-97-A4LX-01Z-00-DX1.B2334672-A626-4E74-B4D1-A79F70F65909,LUAD,midnight,Midnight,40x__2p5x,0.301937460899353,-0.1263691417727845,0.7605633802816901,0.8450704225352113
TCGA-97-A4LX-01Z-00-DX1.B2334672-A626-4E74-B4D1-A79F70F65909,LUAD,midnight,Midnight,10x__2p5x,0.4928527325391769,-0.042890019809744,0.8591549295774648,0.8732394366197183
TCGA-97-A4M2-01Z-00-DX1.5C72522C-1538-4D68-B517-5FB05A9D401A,LUAD,midnight,Midnight,40x__10x,0.3383770287036896,-0.04788223415519,0.4225352112676056,0.8309859154929577
TCGA-97-A4M2-01Z-00-DX1.5C72522C-1538-4D68-B517-5FB05A9D401A,LUAD,midnight,Midnight,40x__2p5x,0.2731322348117828,-0.1197220717667746,0.4225352112676056,0.8591549295774648
TCGA-97-A4M2-01Z-00-DX1.5C72522C-1538-4D68-B517-5FB05A9D401A,LUAD,midnight,Midnight,10x__2p5x,0.4517752677202225,-0.0305602553088294,0.6338028169014085,0.9014084507042254
TCGA-J2-A4AE-01Z-00-DX1.42C5DE4A-7787-4E59-8969-D12503262C96,LUAD,midnight,Midnight,40x__10x,0.2691843211650848,-0.0537185545480211,0.056338028169014086,0.8028169014084507
TCGA-J2-A4AE-01Z-00-DX1.42C5DE4A-7787-4E59-8969-D12503262C96,LUAD,midnight,Midnight,40x__2p5x,0.2023636773228645,-0.1952211538993057,0.014084507042253521,0.7464788732394366
TCGA-J2-A4AE-01Z-00-DX1.42C5DE4A-7787-4E59-8969-D12503262C96,LUAD,midnight,Midnight,10x__2p5x,0.3516573458909988,-0.0477073342669733,0.08450704225352113,0.8591549295774648
TCGA-BR-6452-01Z-00-DX1.aec8246e-9dce-436d-9faa-df8fa1f6e47c,STAD,midnight,Midnight,40x__10x,0.2837720215320587,1.5881506885210344,0.11267605633802817,0.9859154929577465
TCGA-BR-6452-01Z-00-DX1.aec8246e-9dce-436d-9faa-df8fa1f6e47c,STAD,midnight,Midnight,40x__2p5x,0.240081176161766,0.9330218873700452,0.09859154929577464,0.971830985915493
TCGA-BR-6452-01Z-00-DX1.aec8246e-9dce-436d-9faa-df8fa1f6e47c,STAD,midnight,Midnight,10x__2p5x,0.4263957142829895,0.4672459490254271,0.49295774647887325,0.971830985915493
TCGA-BR-6454-01Z-00-DX1.63fb6280-2b43-49b2-960a-eb9c0e8b617c,STAD,midnight,Midnight,40x__10x,0.2733965218067169,0.0871622140852665,0.07042253521126761,0.9014084507042254
TCGA-BR-6454-01Z-00-DX1.63fb6280-2b43-49b2-960a-eb9c0e8b617c,STAD,midnight,Midnight,40x__2p5x,0.2655890583992004,-0.171047074146544,0.30985915492957744,0.7746478873239436
TCGA-BR-6454-01Z-00-DX1.63fb6280-2b43-49b2-960a-eb9c0e8b617c,STAD,midnight,Midnight,10x__2p5x,0.3723107427358627,-0.1724067224559962,0.19718309859154928,0.39436619718309857
TCGA-BR-A4CQ-01Z-00-DX1.B63282A5-154D-441B-BF96-5BB26CB6D95E,STAD,midnight,Midnight,40x__10x,0.3712002635002136,-0.4306499806989216,0.6338028169014085,0.39436619718309857
TCGA-BR-A4CQ-01Z-00-DX1.B63282A5-154D-441B-BF96-5BB26CB6D95E,STAD,midnight,Midnight,40x__2p5x,0.3008866906166076,-0.5230158221176211,0.7323943661971831,0.5633802816901409
TCGA-BR-A4CQ-01Z-00-DX1.B63282A5-154D-441B-BF96-5BB26CB6D95E,STAD,midnight,Midnight,10x__2p5x,0.4581152647733688,-0.0793799158536668,0.6619718309859155,0.7183098591549296
TCGA-CD-A487-01Z-00-DX1.A026BD2F-B721-4340-83D5-7AA39227C90F,STAD,midnight,Midnight,40x__10x,0.3607724606990814,-0.5775745636229669,0.6056338028169014,0.23943661971830985
TCGA-CD-A487-01Z-00-DX1.A026BD2F-B721-4340-83D5-7AA39227C90F,STAD,midnight,Midnight,40x__2p5x,0.2753422707319259,-0.5861746777731798,0.4647887323943662,0.49295774647887325
TCGA-CD-A487-01Z-00-DX1.A026BD2F-B721-4340-83D5-7AA39227C90F,STAD,midnight,Midnight,10x__2p5x,0.4022763967514038,-0.570526629133503,0.352112676056338,0.07042253521126761
TCGA-FP-8209-01Z-00-DX1.a5e13081-1631-44d4-8d6a-c229a22c2311,STAD,midnight,Midnight,40x__10x,0.4170837700366974,0.0073556626111474,0.9154929577464789,0.8732394366197183
TCGA-FP-8209-01Z-00-DX1.a5e13081-1631-44d4-8d6a-c229a22c2311,STAD,midnight,Midnight,40x__2p5x,0.2847934812307358,-0.1548176293292055,0.5633802816901409,0.8169014084507042
TCGA-FP-8209-01Z-00-DX1.a5e13081-1631-44d4-8d6a-c229a22c2311,STAD,midnight,Midnight,10x__2p5x,0.4724266827106476,-0.0870233429738497,0.7464788732394366,0.676056338028169
TCGA-SW-A7EA-01Z-00-DX1.C5E1BE0E-0A25-4480-A3AC-DB2ED7471A4E,STAD,midnight,Midnight,40x__10x,0.3957880288362503,0.2374064240838889,0.8450704225352113,0.9295774647887324
TCGA-SW-A7EA-01Z-00-DX1.C5E1BE0E-0A25-4480-A3AC-DB2ED7471A4E,STAD,midnight,Midnight,40x__2p5x,0.4176904559135437,-0.1915280778659427,0.971830985915493,0.7605633802816901
TCGA-SW-A7EA-01Z-00-DX1.C5E1BE0E-0A25-4480-A3AC-DB2ED7471A4E,STAD,midnight,Midnight,10x__2p5x,0.5741481482982635,-0.3494115984459063,0.9859154929577465,0.2535211267605634
TCGA-VQ-A8PY-01Z-00-DX1.EA2C7386-012A-442A-95B3-FFA12BD2684D,STAD,midnight,Midnight,40x__10x,0.4229664504528045,-0.1849428577833377,0.9436619718309859,0.5915492957746479
TCGA-VQ-A8PY-01Z-00-DX1.EA2C7386-012A-442A-95B3-FFA12BD2684D,STAD,midnight,Midnight,40x__2p5x,0.2931260764598846,-0.3361125547796946,0.647887323943662,0.676056338028169
TCGA-VQ-A8PY-01Z-00-DX1.EA2C7386-012A-442A-95B3-FFA12BD2684D,STAD,midnight,Midnight,10x__2p5x,0.4734412133693695,-0.1563190105982947,0.7746478873239436,0.4788732394366197
TCGA-VQ-A924-01Z-00-DX1.736B41F3-9678-4FAF-AE86-FCAC4F6DCBD3,STAD,midnight,Midnight,40x__10x,0.2934289872646332,-1.04997513679499,0.15492957746478872,0.07042253521126761
TCGA-VQ-A924-01Z-00-DX1.736B41F3-9678-4FAF-AE86-FCAC4F6DCBD3,STAD,midnight,Midnight,40x__2p5x,0.2606776654720306,-0.6963732734288653,0.19718309859154928,0.4225352112676056
TCGA-VQ-A924-01Z-00-DX1.736B41F3-9678-4FAF-AE86-FCAC4F6DCBD3,STAD,midnight,Midnight,10x__2p5x,0.3734836876392364,-0.0670456171416152,0.2112676056338028,0.8028169014084507
TCGA-ZQ-A9CR-01Z-00-DX1.C9AC9991-7054-4068-A7AA-9D1EB7F040A3,STAD,midnight,Midnight,40x__10x,0.4564736783504486,-0.5004803277498333,0.971830985915493,0.30985915492957744
TCGA-ZQ-A9CR-01Z-00-DX1.C9AC9991-7054-4068-A7AA-9D1EB7F040A3,STAD,midnight,Midnight,40x__2p5x,0.3298907279968261,-0.3647473304586844,0.8732394366197183,0.647887323943662
TCGA-ZQ-A9CR-01Z-00-DX1.C9AC9991-7054-4068-A7AA-9D1EB7F040A3,STAD,midnight,Midnight,10x__2p5x,0.4997145235538482,-0.1665624065043727,0.8732394366197183,0.4225352112676056
TCGA-A5-A0GX-01Z-00-DX1.7E713D1A-5858-4648-957D-77189E43CFAA,UCEC,midnight,Midnight,40x__10x,0.3261019438505173,-0.3207609730704552,0.30985915492957744,0.49295774647887325
TCGA-A5-A0GX-01Z-00-DX1.7E713D1A-5858-4648-957D-77189E43CFAA,UCEC,midnight,Midnight,40x__2p5x,0.2947335839271545,-0.7049954506632025,0.6619718309859155,0.4084507042253521
TCGA-A5-A0GX-01Z-00-DX1.7E713D1A-5858-4648-957D-77189E43CFAA,UCEC,midnight,Midnight,10x__2p5x,0.340062066912651,-0.2089031338029255,0.04225352112676056,0.36619718309859156
TCGA-A5-A0R7-01Z-00-DX1.D21E6974-22A3-4A68-8B4E-14E84A7A50A5,UCEC,midnight,Midnight,40x__10x,0.3445528745651245,-0.6048845083199647,0.5352112676056338,0.2112676056338028
TCGA-A5-A0R7-01Z-00-DX1.D21E6974-22A3-4A68-8B4E-14E84A7A50A5,UCEC,midnight,Midnight,40x__2p5x,0.2619539797306061,-1.4005835834715374,0.2112676056338028,0.08450704225352113
TCGA-A5-A0R7-01Z-00-DX1.D21E6974-22A3-4A68-8B4E-14E84A7A50A5,UCEC,midnight,Midnight,10x__2p5x,0.3883688896894455,-0.5215345515631811,0.2676056338028169,0.1267605633802817
TCGA-AX-A05U-01Z-00-DX1.1EBFC727-B5D5-4543-BBA9-4254ABD3D584,UCEC,midnight,Midnight,40x__10x,0.3421128988265991,-0.1466740052975609,0.49295774647887325,0.7323943661971831
TCGA-AX-A05U-01Z-00-DX1.1EBFC727-B5D5-4543-BBA9-4254ABD3D584,UCEC,midnight,Midnight,40x__2p5x,0.2118809893727302,-0.5458425261768166,0.028169014084507043,0.5492957746478874
TCGA-AX-A05U-01Z-00-DX1.1EBFC727-B5D5-4543-BBA9-4254ABD3D584,UCEC,midnight,Midnight,10x__2p5x,0.3507681638002395,-0.0852859828083726,0.07042253521126761,0.704225352112676
TCGA-AX-A06B-01Z-00-DX2.1757C039-99F7-4087-A9E5-D340AF7220D4,UCEC,midnight,Midnight,40x__10x,0.3337199836969375,-0.750847524133065,0.38028169014084506,0.18309859154929578
TCGA-AX-A06B-01Z-00-DX2.1757C039-99F7-4087-A9E5-D340AF7220D4,UCEC,midnight,Midnight,40x__2p5x,0.3017502427101135,-0.9559515705355236,0.7464788732394366,0.19718309859154928
TCGA-AX-A06B-01Z-00-DX2.1757C039-99F7-4087-A9E5-D340AF7220D4,UCEC,midnight,Midnight,10x__2p5x,0.5021295696496964,-0.3732857599788036,0.8873239436619719,0.22535211267605634
TCGA-AX-A0J0-01Z-00-DX2.56C668BE-03B8-4B87-A226-AABD97D53C38,UCEC,midnight,Midnight,40x__10x,0.3218916058540344,-0.3167948383652105,0.28169014084507044,0.5070422535211268
TCGA-AX-A0J0-01Z-00-DX2.56C668BE-03B8-4B87-A226-AABD97D53C38,UCEC,midnight,Midnight,40x__2p5x,0.2785568237304687,-0.8801927107727359,0.49295774647887325,0.2676056338028169
TCGA-AX-A0J0-01Z-00-DX2.56C668BE-03B8-4B87-A226-AABD97D53C38,UCEC,midnight,Midnight,10x__2p5x,0.3948144465684891,-0.1929727577753786,0.30985915492957744,0.38028169014084506
TCGA-B5-A11F-01Z-00-DX1.3F1C053D-E81E-4C8D-965D-6F3DE29D9511,UCEC,midnight,Midnight,40x__10x,0.3444954305887222,-0.463741800386029,0.5211267605633803,0.3380281690140845
TCGA-B5-A11F-01Z-00-DX1.3F1C053D-E81E-4C8D-965D-6F3DE29D9511,UCEC,midnight,Midnight,40x__2p5x,0.2353623285889625,-1.1704049175604974,0.07042253521126761,0.14084507042253522
TCGA-B5-A11F-01Z-00-DX1.3F1C053D-E81E-4C8D-965D-6F3DE29D9511,UCEC,midnight,Midnight,10x__2p5x,0.3634414225816726,-0.2640741315959704,0.11267605633802817,0.30985915492957744
TCGA-BG-A0W1-01Z-00-DX1.8E06269C-1278-478B-A128-59FA911B1649,UCEC,midnight,Midnight,40x__10x,0.2832192331552505,-0.3621480956764378,0.09859154929577464,0.4225352112676056
TCGA-BG-A0W1-01Z-00-DX1.8E06269C-1278-478B-A128-59FA911B1649,UCEC,midnight,Midnight,40x__2p5x,0.223182737827301,-0.9169439809419868,0.04225352112676056,0.23943661971830985
TCGA-BG-A0W1-01Z-00-DX1.8E06269C-1278-478B-A128-59FA911B1649,UCEC,midnight,Midnight,10x__2p5x,0.3207408636808395,-0.1307653558208665,0.028169014084507043,0.5915492957746479
TCGA-EY-A1GQ-01Z-00-DX1.03D52C6F-515E-4A4F-A08E-31D773BCC67F,UCEC,midnight,Midnight,40x__10x,0.3592026829719543,-1.3543155203941135,0.5915492957746479,0.014084507042253521
TCGA-EY-A1GQ-01Z-00-DX1.03D52C6F-515E-4A4F-A08E-31D773BCC67F,UCEC,midnight,Midnight,40x__2p5x,0.3719959259033203,-1.339790358318778,0.9436619718309859,0.09859154929577464
TCGA-EY-A1GQ-01Z-00-DX1.03D52C6F-515E-4A4F-A08E-31D773BCC67F,UCEC,midnight,Midnight,10x__2p5x,0.4210702031850815,-0.4945250930521495,0.4507042253521127,0.16901408450704225
TCGA-FI-A2EX-01Z-00-DX1.127F5153-745D-43E6-83CA-DE2738702C62,UCEC,midnight,Midnight,40x__10x,0.3278427720069885,-0.180220549233178,0.323943661971831,0.6338028169014085
TCGA-FI-A2EX-01Z-00-DX1.127F5153-745D-43E6-83CA-DE2738702C62,UCEC,midnight,Midnight,40x__2p5x,0.2632225155830383,-0.4573775298790171,0.2676056338028169,0.6197183098591549
TCGA-FI-A2EX-01Z-00-DX1.127F5153-745D-43E6-83CA-DE2738702C62,UCEC,midnight,Midnight,10x__2p5x,0.3684400767087936,-0.127730899313188,0.1267605633802817,0.6197183098591549
TCGA-CF-A3MF-01Z-00-DX1.91768C26-5BB1-4DE6-9737-AA26BD687A75,BLCA,phikon,Phikon,40x__10x,0.7417211532592773,0.2414407847524455,0.8591549295774648,0.9577464788732394
TCGA-CF-A3MF-01Z-00-DX1.91768C26-5BB1-4DE6-9737-AA26BD687A75,BLCA,phikon,Phikon,40x__2p5x,0.3523267060518265,-1.076487933073191,0.7183098591549296,0.7464788732394366
TCGA-CF-A3MF-01Z-00-DX1.91768C26-5BB1-4DE6-9737-AA26BD687A75,BLCA,phikon,Phikon,10x__2p5x,0.4804683774709701,0.5345089382279804,0.28169014084507044,0.9154929577464789
TCGA-CU-A0YN-01Z-00-DX1.6C5EAAAF-8F14-49D3-8FFC-9BDAE56CAFD0,BLCA,phikon,Phikon,40x__10x,0.6904630661010742,0.8763934083776521,0.704225352112676,0.9859154929577465
TCGA-CU-A0YN-01Z-00-DX1.6C5EAAAF-8F14-49D3-8FFC-9BDAE56CAFD0,BLCA,phikon,Phikon,40x__2p5x,0.2039571329951286,-0.1482442426704335,0.15492957746478872,0.8450704225352113
TCGA-CU-A0YN-01Z-00-DX1.6C5EAAAF-8F14-49D3-8FFC-9BDAE56CAFD0,BLCA,phikon,Phikon,10x__2p5x,0.3829192221164703,0.8138619181366838,0.04225352112676056,0.971830985915493
TCGA-DK-A6AW-01Z-00-DX1.C2453A8C-8282-443C-9E76-5B6CAD2FE69B,BLCA,phikon,Phikon,40x__10x,0.5975392758846283,0.0228227732239067,0.18309859154929578,0.9014084507042254
TCGA-DK-A6AW-01Z-00-DX1.C2453A8C-8282-443C-9E76-5B6CAD2FE69B,BLCA,phikon,Phikon,40x__2p5x,0.2399182692170143,-0.8404188613656555,0.28169014084507044,0.7605633802816901
TCGA-DK-A6AW-01Z-00-DX1.C2453A8C-8282-443C-9E76-5B6CAD2FE69B,BLCA,phikon,Phikon,10x__2p5x,0.4756239056587219,-0.8963550244013195,0.22535211267605634,0.704225352112676
TCGA-DK-AA6L-01A-01-TSA.5794F0C6-9ED6-489A-9621-18CCC5935548,BLCA,phikon,Phikon,40x__10x,0.7937068045139313,-0.0485043366277017,0.9859154929577465,0.8169014084507042
TCGA-DK-AA6L-01A-01-TSA.5794F0C6-9ED6-489A-9621-18CCC5935548,BLCA,phikon,Phikon,40x__2p5x,0.3482257127761841,-2.6509437371468825,0.6901408450704225,0.323943661971831
TCGA-DK-AA6L-01A-01-TSA.5794F0C6-9ED6-489A-9621-18CCC5935548,BLCA,phikon,Phikon,10x__2p5x,0.4724590331315994,-2.658985100834955,0.19718309859154928,0.11267605633802817
TCGA-DK-AA77-01A-01-TSA.26CAF5CB-CC4F-4522-BD2B-343FB70205FE,BLCA,phikon,Phikon,40x__10x,0.77616947889328,0.054728999343373,0.971830985915493,0.9154929577464789
TCGA-DK-AA77-01A-01-TSA.26CAF5CB-CC4F-4522-BD2B-343FB70205FE,BLCA,phikon,Phikon,40x__2p5x,0.3252680450677871,-3.0758407866998523,0.5915492957746479,0.22535211267605634
TCGA-DK-AA77-01A-01-TSA.26CAF5CB-CC4F-4522-BD2B-343FB70205FE,BLCA,phikon,Phikon,10x__2p5x,0.4865900576114654,-3.780767344659207,0.38028169014084506,0.014084507042253521
TCGA-FD-A6TK-01Z-00-DX1.B685DA87-72A6-4C38-8AA1-40B6E543383C,BLCA,phikon,Phikon,40x__10x,0.6815498769283295,-0.1521345741603137,0.6619718309859155,0.7183098591549296
TCGA-FD-A6TK-01Z-00-DX1.B685DA87-72A6-4C38-8AA1-40B6E543383C,BLCA,phikon,Phikon,40x__2p5x,0.3170849233865738,-2.016088112778088,0.5492957746478874,0.5774647887323944
TCGA-FD-A6TK-01Z-00-DX1.B685DA87-72A6-4C38-8AA1-40B6E543383C,BLCA,phikon,Phikon,10x__2p5x,0.5546999573707581,-0.6731779171388095,0.647887323943662,0.7887323943661971
TCGA-GU-AATP-01Z-00-DX1.0D8EC37C-88E7-49D5-A76D-F0A4A3FD8AE4,BLCA,phikon,Phikon,40x__10x,0.6372843980789185,-0.3530349196177884,0.4647887323943662,0.4647887323943662
TCGA-GU-AATP-01Z-00-DX1.0D8EC37C-88E7-49D5-A76D-F0A4A3FD8AE4,BLCA,phikon,Phikon,40x__2p5x,0.2245775014162063,-2.911607989422811,0.22535211267605634,0.2676056338028169
TCGA-GU-AATP-01Z-00-DX1.0D8EC37C-88E7-49D5-A76D-F0A4A3FD8AE4,BLCA,phikon,Phikon,10x__2p5x,0.4864802807569504,-1.076200413487421,0.36619718309859156,0.5633802816901409
TCGA-XF-A8HB-01Z-00-DX1.D6874152-D20A-4CA4-8E8B-8CBAB5F7D7B5,BLCA,phikon,Phikon,40x__10x,0.6022796332836151,-0.3125356242925595,0.22535211267605634,0.5492957746478874
TCGA-XF-A8HB-01Z-00-DX1.D6874152-D20A-4CA4-8E8B-8CBAB5F7D7B5,BLCA,phikon,Phikon,40x__2p5x,0.229554034769535,-4.542915706415959,0.2535211267605634,0.04225352112676056
TCGA-XF-A8HB-01Z-00-DX1.D6874152-D20A-4CA4-8E8B-8CBAB5F7D7B5,BLCA,phikon,Phikon,10x__2p5x,0.5644752085208893,-1.0380491627719253,0.7183098591549296,0.6197183098591549
TCGA-ZF-A9R1-01Z-00-DX1.74520759-D448-45B5-B8AD-45502C99A519,BLCA,phikon,Phikon,40x__10x,0.6124171614646912,-0.1766547439887589,0.30985915492957744,0.6619718309859155
TCGA-ZF-A9R1-01Z-00-DX1.74520759-D448-45B5-B8AD-45502C99A519,BLCA,phikon,Phikon,40x__2p5x,0.3820603489875793,-3.9372698680086975,0.7887323943661971,0.11267605633802817
TCGA-ZF-A9R1-01Z-00-DX1.74520759-D448-45B5-B8AD-45502C99A519,BLCA,phikon,Phikon,10x__2p5x,0.5616804659366608,-0.6599931869952781,0.704225352112676,0.8028169014084507
TCGA-ZF-AA51-01Z-00-DX1.128C9731-C206-4E71-9A64-864FA9FD7E96,BLCA,phikon,Phikon,40x__10x,0.7649612724781036,-0.1566438483580176,0.9577464788732394,0.6901408450704225
TCGA-ZF-AA51-01Z-00-DX1.128C9731-C206-4E71-9A64-864FA9FD7E96,BLCA,phikon,Phikon,40x__2p5x,0.3871728181838989,-3.588705688424472,0.8028169014084507,0.18309859154929578
TCGA-ZF-AA51-01Z-00-DX1.128C9731-C206-4E71-9A64-864FA9FD7E96,BLCA,phikon,Phikon,10x__2p5x,0.6211307942867279,-1.1470401372000445,0.9014084507042254,0.5352112676056338
TCGA-A7-A2KD-01Z-00-DX1.BFF2DFC8-1D95-4DC2-98FC-5BD7D7C6CDF5,BRCA,phikon,Phikon,40x__10x,0.6594922542572021,-0.7979288134010547,0.5915492957746479,0.2112676056338028
TCGA-A7-A2KD-01Z-00-DX1.BFF2DFC8-1D95-4DC2-98FC-5BD7D7C6CDF5,BRCA,phikon,Phikon,40x__2p5x,0.1469836831092834,-3.9721586010723335,0.028169014084507043,0.08450704225352113
TCGA-A7-A2KD-01Z-00-DX1.BFF2DFC8-1D95-4DC2-98FC-5BD7D7C6CDF5,BRCA,phikon,Phikon,10x__2p5x,0.3396656811237335,-3.254675724377364,0.028169014084507043,0.028169014084507043
TCGA-AN-A0G0-01Z-00-DX1.BE0BB5DF-DEDA-48D8-B5D8-2735C767F28F,BRCA,phikon,Phikon,40x__10x,0.6160586774349213,-1.3408086615096275,0.323943661971831,0.056338028169014086
TCGA-AN-A0G0-01Z-00-DX1.BE0BB5DF-DEDA-48D8-B5D8-2735C767F28F,BRCA,phikon,Phikon,40x__2p5x,0.1392158679664135,-2.6297957824781304,0.014084507042253521,0.3380281690140845
TCGA-AN-A0G0-01Z-00-DX1.BE0BB5DF-DEDA-48D8-B5D8-2735C767F28F,BRCA,phikon,Phikon,10x__2p5x,0.309051088988781,-1.3124461323458712,0.014084507042253521,0.43661971830985913
TCGA-AQ-A04L-01Z-00-DX1.F35BF4DD-896A-43C2-8DA6-C67945C003BE,BRCA,phikon,Phikon,40x__10x,0.763545572757721,-0.8020448478909176,0.9295774647887324,0.19718309859154928
TCGA-AQ-A04L-01Z-00-DX1.F35BF4DD-896A-43C2-8DA6-C67945C003BE,BRCA,phikon,Phikon,40x__2p5x,0.3713209480047226,-5.253469126860597,0.7605633802816901,0.028169014084507043
TCGA-AQ-A04L-01Z-00-DX1.F35BF4DD-896A-43C2-8DA6-C67945C003BE,BRCA,phikon,Phikon,10x__2p5x,0.5805326402187347,-3.239976274892406,0.7887323943661971,0.04225352112676056
TCGA-AR-A2LK-01Z-00-DX1.FBD59C38-CD4E-4C22-BC74-A57C192A9BBC,BRCA,phikon,Phikon,40x__10x,0.624556690454483,-0.3099890390619016,0.352112676056338,0.5633802816901409
TCGA-AR-A2LK-01Z-00-DX1.FBD59C38-CD4E-4C22-BC74-A57C192A9BBC,BRCA,phikon,Phikon,40x__2p5x,0.1934039704501629,-3.191514712771179,0.09859154929577464,0.2112676056338028
TCGA-AR-A2LK-01Z-00-DX1.FBD59C38-CD4E-4C22-BC74-A57C192A9BBC,BRCA,phikon,Phikon,10x__2p5x,0.441693365573883,-1.8180267139359043,0.11267605633802817,0.29577464788732394
TCGA-AR-A5QM-01Z-00-DX1.A9017CED-FF57-4090-95B9-94DC91854347,BRCA,phikon,Phikon,40x__10x,0.6641417443752289,-0.3462874937823007,0.6338028169014085,0.49295774647887325
TCGA-AR-A5QM-01Z-00-DX1.A9017CED-FF57-4090-95B9-94DC91854347,BRCA,phikon,Phikon,40x__2p5x,0.1766846142709255,-3.248927511147687,0.056338028169014086,0.19718309859154928
TCGA-AR-A5QM-01Z-00-DX1.A9017CED-FF57-4090-95B9-94DC91854347,BRCA,phikon,Phikon,10x__2p5x,0.4451191872358322,-1.3302026030218408,0.14084507042253522,0.4084507042253521
TCGA-BH-A0C1-01Z-00-DX1.21FE357E-B182-4397-BFEF-7E96E994236A,BRCA,phikon,Phikon,40x__10x,0.6641021370887756,-1.6029237504300635,0.6197183098591549,0.04225352112676056
TCGA-BH-A0C1-01Z-00-DX1.21FE357E-B182-4397-BFEF-7E96E994236A,BRCA,phikon,Phikon,40x__2p5x,0.1736618094146251,-5.912349960228497,0.04225352112676056,0.014084507042253521
TCGA-BH-A0C1-01Z-00-DX1.21FE357E-B182-4397-BFEF-7E96E994236A,BRCA,phikon,Phikon,10x__2p5x,0.4636463224887848,-2.623124979688397,0.15492957746478872,0.1267605633802817
TCGA-D8-A1X8-01Z-00-DX1.DDA3866E-C7CC-4650-BE2B-5C9A98A2D531,BRCA,phikon,Phikon,40x__10x,0.6100260615348816,-0.9091019227401456,0.28169014084507044,0.16901408450704225
TCGA-D8-A1X8-01Z-00-DX1.DDA3866E-C7CC-4650-BE2B-5C9A98A2D531,BRCA,phikon,Phikon,40x__2p5x,0.2807455062866211,-3.6425468299688992,0.4647887323943662,0.14084507042253522
TCGA-D8-A1X8-01Z-00-DX1.DDA3866E-C7CC-4650-BE2B-5C9A98A2D531,BRCA,phikon,Phikon,10x__2p5x,0.5656636655330658,-2.2124237219509792,0.7323943661971831,0.18309859154929578
TCGA-E2-A14P-01Z-00-DX1.663B02FF-C64B-41A6-8685-FD61CD76F9C6,BRCA,phikon,Phikon,40x__10x,0.5854176878929138,-0.9180525342246278,0.14084507042253522,0.15492957746478872
TCGA-E2-A14P-01Z-00-DX1.663B02FF-C64B-41A6-8685-FD61CD76F9C6,BRCA,phikon,Phikon,40x__2p5x,0.1972975134849548,-4.153668146670874,0.1267605633802817,0.07042253521126761
TCGA-E2-A14P-01Z-00-DX1.663B02FF-C64B-41A6-8685-FD61CD76F9C6,BRCA,phikon,Phikon,10x__2p5x,0.4860204607248306,-1.9677868903223863,0.352112676056338,0.23943661971830985
TCGA-E2-A1LA-01Z-00-DX1.AE49E943-B830-4ED9-B09E-E499441BC2EC,BRCA,phikon,Phikon,40x__10x,0.7137101590633392,-0.92019109324202,0.7464788732394366,0.14084507042253522
TCGA-E2-A1LA-01Z-00-DX1.AE49E943-B830-4ED9-B09E-E499441BC2EC,BRCA,phikon,Phikon,40x__2p5x,0.247030608355999,-4.419780327983757,0.323943661971831,0.056338028169014086
TCGA-E2-A1LA-01Z-00-DX1.AE49E943-B830-4ED9-B09E-E499441BC2EC,BRCA,phikon,Phikon,10x__2p5x,0.4786535650491714,-2.69222364414716,0.2535211267605634,0.08450704225352113
TCGA-GM-A3XN-01Z-00-DX1.49F5C8AC-0328-4BC2-9FE2-E7150B7A42E2,BRCA,phikon,Phikon,40x__10x,0.6161594390869141,-0.9685930271031342,0.3380281690140845,0.09859154929577464
TCGA-GM-A3XN-01Z-00-DX1.49F5C8AC-0328-4BC2-9FE2-E7150B7A42E2,BRCA,phikon,Phikon,40x__2p5x,0.2629001140594482,-3.798178077899788,0.39436619718309857,0.1267605633802817
TCGA-GM-A3XN-01Z-00-DX1.49F5C8AC-0328-4BC2-9FE2-E7150B7A42E2,BRCA,phikon,Phikon,10x__2p5x,0.512033686041832,-1.7966780677877228,0.5211267605633803,0.30985915492957744
TCGA-AY-A8YK-01Z-00-DX1.89E3C546-0425-449B-A6FB-1C35168EA7EB,COAD,phikon,Phikon,40x__10x,0.7175292074680328,-0.2903505760844634,0.7887323943661971,0.5915492957746479
TCGA-AY-A8YK-01Z-00-DX1.89E3C546-0425-449B-A6FB-1C35168EA7EB,COAD,phikon,Phikon,40x__2p5x,0.3378409892320633,-0.8088749080789033,0.6619718309859155,0.8028169014084507
TCGA-AY-A8YK-01Z-00-DX1.89E3C546-0425-449B-A6FB-1C35168EA7EB,COAD,phikon,Phikon,10x__2p5x,0.4765467792749405,-1.5888666390136637,0.23943661971830985,0.352112676056338
TCGA-CK-4947-01Z-00-DX1.b257d5fd-b97b-4987-b088-77f044ca7fe2,COAD,phikon,Phikon,40x__10x,0.607872724533081,-0.9311458394665266,0.2676056338028169,0.1267605633802817
TCGA-CK-4947-01Z-00-DX1.b257d5fd-b97b-4987-b088-77f044ca7fe2,COAD,phikon,Phikon,40x__2p5x,0.3717897683382034,-2.140374161751953,0.7746478873239436,0.5352112676056338
TCGA-CK-4947-01Z-00-DX1.b257d5fd-b97b-4987-b088-77f044ca7fe2,COAD,phikon,Phikon,10x__2p5x,0.6084313094615936,-1.319847924387181,0.8309859154929577,0.4225352112676056
TCGA-CM-6168-01Z-00-DX1.96af6eb2-9d51-4671-baf8-1a73d0c66869,COAD,phikon,Phikon,40x__10x,0.6542353332042694,-0.3140102639148324,0.5492957746478874,0.5352112676056338
TCGA-CM-6168-01Z-00-DX1.96af6eb2-9d51-4671-baf8-1a73d0c66869,COAD,phikon,Phikon,40x__2p5x,0.4570304155349731,-1.985012476420129,0.9295774647887324,0.6197183098591549
TCGA-CM-6168-01Z-00-DX1.96af6eb2-9d51-4671-baf8-1a73d0c66869,COAD,phikon,Phikon,10x__2p5x,0.6152966022491455,-0.5033547072897276,0.8732394366197183,0.8309859154929577
TCGA-CM-6169-01Z-00-DX1.0381c243-02b8-4f1d-840c-19ef44d4b92c,COAD,phikon,Phikon,40x__10x,0.601076602935791,-0.4686817659756134,0.19718309859154928,0.39436619718309857
TCGA-CM-6169-01Z-00-DX1.0381c243-02b8-4f1d-840c-19ef44d4b92c,COAD,phikon,Phikon,40x__2p5x,0.3963192999362945,-1.9734756089749887,0.8309859154929577,0.6338028169014085
TCGA-CM-6169-01Z-00-DX1.0381c243-02b8-4f1d-840c-19ef44d4b92c,COAD,phikon,Phikon,10x__2p5x,0.608486533164978,-0.6907429420749053,0.8450704225352113,0.7746478873239436
TCGA-G4-6309-01Z-00-DX1.3eb20fdc-eb86-4bd5-8194-76b02d4fa472,COAD,phikon,Phikon,40x__10x,0.7038863301277161,-0.590047502260486,0.7323943661971831,0.30985915492957744
TCGA-G4-6309-01Z-00-DX1.3eb20fdc-eb86-4bd5-8194-76b02d4fa472,COAD,phikon,Phikon,40x__2p5x,0.42299984395504,-2.396827655857075,0.8591549295774648,0.4647887323943662
TCGA-G4-6309-01Z-00-DX1.3eb20fdc-eb86-4bd5-8194-76b02d4fa472,COAD,phikon,Phikon,10x__2p5x,0.5931346118450165,-0.958124035657466,0.8028169014084507,0.6619718309859155
TCGA-G4-6310-01Z-00-DX1.b88472d4-3adc-4e4d-b0f2-0dc195a3d7df,COAD,phikon,Phikon,40x__10x,0.6575573086738586,-0.6439610634389925,0.5774647887323944,0.28169014084507044
TCGA-G4-6310-01Z-00-DX1.b88472d4-3adc-4e4d-b0f2-0dc195a3d7df,COAD,phikon,Phikon,40x__2p5x,0.3566699028015136,-2.871673945370522,0.7323943661971831,0.28169014084507044
TCGA-G4-6310-01Z-00-DX1.b88472d4-3adc-4e4d-b0f2-0dc195a3d7df,COAD,phikon,Phikon,10x__2p5x,0.5591124296188354,-0.9900570841820632,0.6901408450704225,0.6338028169014085
TCGA-G4-6588-01Z-00-DX1.0747172e-f630-4b7c-9341-55078585ae00,COAD,phikon,Phikon,40x__10x,0.6356176435947418,-0.4803409065545662,0.43661971830985913,0.3380281690140845
TCGA-G4-6588-01Z-00-DX1.0747172e-f630-4b7c-9341-55078585ae00,COAD,phikon,Phikon,40x__2p5x,0.4459950625896454,-2.491632353733145,0.8873239436619719,0.39436619718309857
TCGA-G4-6588-01Z-00-DX1.0747172e-f630-4b7c-9341-55078585ae00,COAD,phikon,Phikon,10x__2p5x,0.6063326895236969,-1.1739967205376307,0.8169014084507042,0.5211267605633803
TCGA-BA-6871-01Z-00-DX1.4d9ca329-f8d5-4c31-a20f-9d4fba728326,HNSC,phikon,Phikon,40x__10x,0.4664153903722763,1.1134588615360002,0.04225352112676056,1.0
TCGA-BA-6871-01Z-00-DX1.4d9ca329-f8d5-4c31-a20f-9d4fba728326,HNSC,phikon,Phikon,40x__2p5x,0.3292980939149856,1.0477456419452431,0.6056338028169014,0.9436619718309859
TCGA-BA-6871-01Z-00-DX1.4d9ca329-f8d5-4c31-a20f-9d4fba728326,HNSC,phikon,Phikon,10x__2p5x,0.5226698070764542,0.7937149576711429,0.5492957746478874,0.9577464788732394
TCGA-BA-6872-01Z-00-DX1.F99F6394-D319-4599-B124-D2A6692FA096,HNSC,phikon,Phikon,40x__10x,0.6746411025524139,-0.1183797862614651,0.647887323943662,0.7464788732394366
TCGA-BA-6872-01Z-00-DX1.F99F6394-D319-4599-B124-D2A6692FA096,HNSC,phikon,Phikon,40x__2p5x,0.532473549246788,-0.1425979317210126,1.0,0.8591549295774648
TCGA-BA-6872-01Z-00-DX1.F99F6394-D319-4599-B124-D2A6692FA096,HNSC,phikon,Phikon,10x__2p5x,0.7423206269741058,-0.3937895491783784,1.0,0.8732394366197183
TCGA-CN-A6V7-01A-01-TS1.F54912D3-1E21-4605-ACFC-142973524AE2,HNSC,phikon,Phikon,40x__10x,0.7147074341773987,-0.1747354094220728,0.7746478873239436,0.676056338028169
TCGA-CN-A6V7-01A-01-TS1.F54912D3-1E21-4605-ACFC-142973524AE2,HNSC,phikon,Phikon,40x__2p5x,0.3210535049438476,3.7370781902281407,0.5633802816901409,1.0
TCGA-CN-A6V7-01A-01-TS1.F54912D3-1E21-4605-ACFC-142973524AE2,HNSC,phikon,Phikon,10x__2p5x,0.5378408432006836,3.0290721854161604,0.5915492957746479,1.0
TCGA-CV-6935-01Z-00-DX1.9C449CB2-FB6D-41D1-A4A6-3069DC84A697,HNSC,phikon,Phikon,40x__10x,0.729032039642334,-0.108232661285499,0.8309859154929577,0.7746478873239436
TCGA-CV-6935-01Z-00-DX1.9C449CB2-FB6D-41D1-A4A6-3069DC84A697,HNSC,phikon,Phikon,40x__2p5x,0.4794101268053055,-0.3219032587617906,0.971830985915493,0.8309859154929577
TCGA-CV-6935-01Z-00-DX1.9C449CB2-FB6D-41D1-A4A6-3069DC84A697,HNSC,phikon,Phikon,10x__2p5x,0.7199594378471375,-0.1566815010151838,0.9859154929577465,0.9014084507042254
TCGA-CV-A45O-01Z-00-DX1.8CBD0CCC-C815-475D-87F9-76272F4F715B,HNSC,phikon,Phikon,40x__10x,0.6316913068294525,-0.0287739610444679,0.39436619718309857,0.8450704225352113
TCGA-CV-A45O-01Z-00-DX1.8CBD0CCC-C815-475D-87F9-76272F4F715B,HNSC,phikon,Phikon,40x__2p5x,0.448839783668518,-0.0752861309296994,0.9154929577464789,0.9014084507042254
TCGA-CV-A45O-01Z-00-DX1.8CBD0CCC-C815-475D-87F9-76272F4F715B,HNSC,phikon,Phikon,10x__2p5x,0.6961116194725037,-0.4700779168744436,0.9577464788732394,0.8450704225352113
TCGA-CV-A6JE-01Z-00-DX1.20137D17-19B3-49FF-9C3D-60933157E409,HNSC,phikon,Phikon,40x__10x,0.7212821841239929,-0.0218837897299553,0.8028169014084507,0.8591549295774648
TCGA-CV-A6JE-01Z-00-DX1.20137D17-19B3-49FF-9C3D-60933157E409,HNSC,phikon,Phikon,40x__2p5x,0.4735678434371948,-0.085373906891819,0.9436619718309859,0.8873239436619719
TCGA-CV-A6JE-01Z-00-DX1.20137D17-19B3-49FF-9C3D-60933157E409,HNSC,phikon,Phikon,10x__2p5x,0.6770382523536682,-0.3328532793092149,0.9436619718309859,0.8873239436619719
TCGA-CV-A6JU-01Z-00-DX1.35A3A1F0-9D6C-4794-B501-E56E48C51DF9,HNSC,phikon,Phikon,40x__10x,0.6279439032077789,-0.4010668152736167,0.38028169014084506,0.4225352112676056
TCGA-CV-A6JU-01Z-00-DX1.35A3A1F0-9D6C-4794-B501-E56E48C51DF9,HNSC,phikon,Phikon,40x__2p5x,0.4257707446813583,0.0817946233773295,0.8732394366197183,0.9154929577464789
TCGA-CV-A6JU-01Z-00-DX1.35A3A1F0-9D6C-4794-B501-E56E48C51DF9,HNSC,phikon,Phikon,10x__2p5x,0.5586948990821838,0.5512941726288374,0.676056338028169,0.9295774647887324
TCGA-UF-A719-01Z-00-DX1.4C4ECC2C-C390-4C5E-A709-CF08C113F1A1,HNSC,phikon,Phikon,40x__10x,0.5099620372056961,0.0045901189162797,0.056338028169014086,0.8873239436619719
TCGA-UF-A719-01Z-00-DX1.4C4ECC2C-C390-4C5E-A709-CF08C113F1A1,HNSC,phikon,Phikon,40x__2p5x,0.262374959886074,1.252744543742614,0.38028169014084506,0.971830985915493
TCGA-UF-A719-01Z-00-DX1.4C4ECC2C-C390-4C5E-A709-CF08C113F1A1,HNSC,phikon,Phikon,10x__2p5x,0.5051740854978561,0.6370841508521797,0.4788732394366197,0.9436619718309859
TCGA-A3-3346-01Z-00-DX1.95280216-fd71-4a03-b452-6e3d667f2542,KIRC,phikon,Phikon,40x__10x,0.5149131864309311,-1.9145710206123847,0.07042253521126761,0.014084507042253521
TCGA-A3-3346-01Z-00-DX1.95280216-fd71-4a03-b452-6e3d667f2542,KIRC,phikon,Phikon,40x__2p5x,0.3621033430099487,-2.401645403589998,0.7464788732394366,0.4507042253521127
TCGA-A3-3346-01Z-00-DX1.95280216-fd71-4a03-b452-6e3d667f2542,KIRC,phikon,Phikon,10x__2p5x,0.6154529452323914,-0.9666159076239056,0.8873239436619719,0.647887323943662
TCGA-A3-A8CQ-01Z-00-DX1.78DA0827-5FB8-4B9F-A845-22F85830B5FB,KIRC,phikon,Phikon,40x__10x,0.4214392006397247,-0.9423833003941574,0.014084507042253521,0.11267605633802817
TCGA-A3-A8CQ-01Z-00-DX1.78DA0827-5FB8-4B9F-A845-22F85830B5FB,KIRC,phikon,Phikon,40x__2p5x,0.2489460408687591,-3.595753613421949,0.3380281690140845,0.16901408450704225
TCGA-A3-A8CQ-01Z-00-DX1.78DA0827-5FB8-4B9F-A845-22F85830B5FB,KIRC,phikon,Phikon,10x__2p5x,0.5099772959947586,-1.3983201228722133,0.5070422535211268,0.38028169014084506
TCGA-AK-3444-01Z-00-DX1.1F0E0B47-29FF-456F-800A-539983FDCFAA,KIRC,phikon,Phikon,40x__10x,0.6367434561252594,-0.7648105932912239,0.4507042253521127,0.2676056338028169
TCGA-AK-3444-01Z-00-DX1.1F0E0B47-29FF-456F-800A-539983FDCFAA,KIRC,phikon,Phikon,40x__2p5x,0.2554340362548828,-0.83603038618425,0.352112676056338,0.7746478873239436
TCGA-AK-3444-01Z-00-DX1.1F0E0B47-29FF-456F-800A-539983FDCFAA,KIRC,phikon,Phikon,10x__2p5x,0.4391609728336334,-1.1334545021911766,0.09859154929577464,0.5492957746478874
TCGA-B0-5094-01Z-00-DX1.eac31fe2-09da-4ecf-8e25-c073cbb03295,KIRC,phikon,Phikon,40x__10x,0.6013061702251434,-0.7840745557855211,0.2112676056338028,0.23943661971830985
TCGA-B0-5094-01Z-00-DX1.eac31fe2-09da-4ecf-8e25-c073cbb03295,KIRC,phikon,Phikon,40x__2p5x,0.4485280960798263,-1.7355475647511729,0.9014084507042254,0.6619718309859155
TCGA-B0-5094-01Z-00-DX1.eac31fe2-09da-4ecf-8e25-c073cbb03295,KIRC,phikon,Phikon,10x__2p5x,0.6967937350273132,-1.2476636040420055,0.971830985915493,0.4507042253521127
TCGA-B0-5106-01Z-00-DX1.564e51a3-be50-4eed-ba9c-4d478b96ffc6,KIRC,phikon,Phikon,40x__10x,0.6029711961746216,-0.5164377421718157,0.23943661971830985,0.323943661971831
TCGA-B0-5106-01Z-00-DX1.564e51a3-be50-4eed-ba9c-4d478b96ffc6,KIRC,phikon,Phikon,40x__2p5x,0.3908709585666656,-2.2373871234392384,0.8169014084507042,0.5211267605633803
TCGA-B0-5106-01Z-00-DX1.564e51a3-be50-4eed-ba9c-4d478b96ffc6,KIRC,phikon,Phikon,10x__2p5x,0.5769268274307251,-0.8447154490953939,0.7746478873239436,0.7323943661971831
TCGA-B0-5711-01Z-00-DX1.6839921f-ec08-4e94-8bf9-4b5a4fcdda45,KIRC,phikon,Phikon,40x__10x,0.4623978286981582,-1.0895051676190062,0.028169014084507043,0.08450704225352113
TCGA-B0-5711-01Z-00-DX1.6839921f-ec08-4e94-8bf9-4b5a4fcdda45,KIRC,phikon,Phikon,40x__2p5x,0.3372954726219177,-2.5200530281144453,0.647887323943662,0.38028169014084506
TCGA-B0-5711-01Z-00-DX1.6839921f-ec08-4e94-8bf9-4b5a4fcdda45,KIRC,phikon,Phikon,10x__2p5x,0.5309910029172897,-0.9083459450608016,0.5633802816901409,0.6901408450704225
TCGA-B2-5633-01Z-00-DX1.c55a29ca-468e-46de-9ff5-a51f46fe09fd,KIRC,phikon,Phikon,40x__10x,0.5590643882751465,-0.4722184675118585,0.09859154929577464,0.36619718309859156
TCGA-B2-5633-01Z-00-DX1.c55a29ca-468e-46de-9ff5-a51f46fe09fd,KIRC,phikon,Phikon,40x__2p5x,0.2880493029952049,-2.915951678085114,0.5070422535211268,0.23943661971830985
TCGA-B2-5633-01Z-00-DX1.c55a29ca-468e-46de-9ff5-a51f46fe09fd,KIRC,phikon,Phikon,10x__2p5x,0.4990334957838058,-0.918625023284017,0.4507042253521127,0.676056338028169
TCGA-BP-4991-01Z-00-DX1.71305f5c-ca59-48fa-bb82-4b441c1fffdc,KIRC,phikon,Phikon,40x__10x,0.6317831873893738,-1.7110062146739415,0.4084507042253521,0.028169014084507043
TCGA-BP-4991-01Z-00-DX1.71305f5c-ca59-48fa-bb82-4b441c1fffdc,KIRC,phikon,Phikon,40x__2p5x,0.2709963396191597,-2.336474110063307,0.4225352112676056,0.49295774647887325
TCGA-BP-4991-01Z-00-DX1.71305f5c-ca59-48fa-bb82-4b441c1fffdc,KIRC,phikon,Phikon,10x__2p5x,0.4694510251283645,-1.2026571118134175,0.18309859154929578,0.49295774647887325
TCGA-BP-5201-01Z-00-DX1.d1a9878e-bb97-48fb-9098-9d9337f06250,KIRC,phikon,Phikon,40x__10x,0.8154842853546143,-1.2847937761484878,1.0,0.07042253521126761
TCGA-BP-5201-01Z-00-DX1.d1a9878e-bb97-48fb-9098-9d9337f06250,KIRC,phikon,Phikon,40x__2p5x,0.4752292484045028,-0.6205161807991612,0.9577464788732394,0.8169014084507042
TCGA-BP-5201-01Z-00-DX1.d1a9878e-bb97-48fb-9098-9d9337f06250,KIRC,phikon,Phikon,10x__2p5x,0.5546191930770874,-0.5956971672346622,0.6338028169014085,0.8169014084507042
TCGA-55-6986-01Z-00-DX1.ae52d41e-3cd6-4d36-b04b-2ea7d29bd8da,LUAD,phikon,Phikon,40x__10x,0.6398659348487854,-0.1538969683368394,0.4788732394366197,0.704225352112676
TCGA-55-6986-01Z-00-DX1.ae52d41e-3cd6-4d36-b04b-2ea7d29bd8da,LUAD,phikon,Phikon,40x__2p5x,0.3214140385389328,-2.912456859638259,0.5774647887323944,0.2535211267605634
TCGA-55-6986-01Z-00-DX1.ae52d41e-3cd6-4d36-b04b-2ea7d29bd8da,LUAD,phikon,Phikon,10x__2p5x,0.5188432186841965,-1.3323410817175898,0.5352112676056338,0.39436619718309857
TCGA-64-5779-01Z-00-DX1.B3268447-DCE0-4927-B5A9-EC4D61E9B17D,LUAD,phikon,Phikon,40x__10x,0.6123033165931702,0.3328554728941004,0.29577464788732394,0.971830985915493
TCGA-64-5779-01Z-00-DX1.B3268447-DCE0-4927-B5A9-EC4D61E9B17D,LUAD,phikon,Phikon,40x__2p5x,0.1887511610984802,1.9277226871396351,0.08450704225352113,0.9859154929577465
TCGA-64-5779-01Z-00-DX1.B3268447-DCE0-4927-B5A9-EC4D61E9B17D,LUAD,phikon,Phikon,10x__2p5x,0.4073147624731064,1.1916452933349972,0.056338028169014086,0.9859154929577465
TCGA-78-7158-01Z-00-DX1.74db3dcd-2715-4ce7-8e48-30c8b7946ba0,LUAD,phikon,Phikon,40x__10x,0.6570981442928314,-0.142293493235581,0.5633802816901409,0.7323943661971831
TCGA-78-7158-01Z-00-DX1.74db3dcd-2715-4ce7-8e48-30c8b7946ba0,LUAD,phikon,Phikon,40x__2p5x,0.3495417535305023,-3.635792272960408,0.704225352112676,0.15492957746478872
TCGA-78-7158-01Z-00-DX1.74db3dcd-2715-4ce7-8e48-30c8b7946ba0,LUAD,phikon,Phikon,10x__2p5x,0.6484486162662506,-1.8517444517303687,0.9295774647887324,0.28169014084507044
TCGA-78-7163-01Z-00-DX1.42880bdf-271d-41dd-aada-e7ec1156ff31,LUAD,phikon,Phikon,40x__10x,0.7593517303466797,-0.2762285862636698,0.9154929577464789,0.6197183098591549
TCGA-78-7163-01Z-00-DX1.42880bdf-271d-41dd-aada-e7ec1156ff31,LUAD,phikon,Phikon,40x__2p5x,0.4134231656789779,-2.4250782033133698,0.8450704225352113,0.43661971830985913
TCGA-78-7163-01Z-00-DX1.42880bdf-271d-41dd-aada-e7ec1156ff31,LUAD,phikon,Phikon,10x__2p5x,0.5431751608848572,-3.1836679102532472,0.6056338028169014,0.056338028169014086
TCGA-78-7536-01Z-00-DX1.6b066140-8b82-40a5-bd48-430eeb4463fe,LUAD,phikon,Phikon,40x__10x,0.6059981286525726,-0.8644807880151376,0.2535211267605634,0.18309859154929578
TCGA-78-7536-01Z-00-DX1.6b066140-8b82-40a5-bd48-430eeb4463fe,LUAD,phikon,Phikon,40x__2p5x,0.2616117373108864,-2.4433842017064453,0.36619718309859156,0.4225352112676056
TCGA-78-7536-01Z-00-DX1.6b066140-8b82-40a5-bd48-430eeb4463fe,LUAD,phikon,Phikon,10x__2p5x,0.5071169435977936,-1.6246206512429513,0.49295774647887325,0.3380281690140845
TCGA-86-8668-01Z-00-DX1.d720d486-02c7-4f98-8feb-e0e50a12c158,LUAD,phikon,Phikon,40x__10x,0.5756986439228058,-0.0625854180375761,0.11267605633802817,0.8028169014084507
TCGA-86-8668-01Z-00-DX1.d720d486-02c7-4f98-8feb-e0e50a12c158,LUAD,phikon,Phikon,40x__2p5x,0.2661391720175743,-2.3423020993015298,0.4084507042253521,0.4788732394366197
TCGA-86-8668-01Z-00-DX1.d720d486-02c7-4f98-8feb-e0e50a12c158,LUAD,phikon,Phikon,10x__2p5x,0.4836481958627701,-2.4713136237633035,0.3380281690140845,0.15492957746478872
TCGA-97-A4LX-01Z-00-DX1.B2334672-A626-4E74-B4D1-A79F70F65909,LUAD,phikon,Phikon,40x__10x,0.634577602148056,-0.2076178196988526,0.4225352112676056,0.647887323943662
TCGA-97-A4LX-01Z-00-DX1.B2334672-A626-4E74-B4D1-A79F70F65909,LUAD,phikon,Phikon,40x__2p5x,0.2279316335916519,-2.073204287646882,0.23943661971830985,0.5633802816901409
TCGA-97-A4LX-01Z-00-DX1.B2334672-A626-4E74-B4D1-A79F70F65909,LUAD,phikon,Phikon,10x__2p5x,0.4874797612428665,-2.4901520343121306,0.39436619718309857,0.14084507042253522
TCGA-97-A4M2-01Z-00-DX1.5C72522C-1538-4D68-B517-5FB05A9D401A,LUAD,phikon,Phikon,40x__10x,0.648580402135849,-0.281426476538041,0.49295774647887325,0.6056338028169014
TCGA-97-A4M2-01Z-00-DX1.5C72522C-1538-4D68-B517-5FB05A9D401A,LUAD,phikon,Phikon,40x__2p5x,0.1949323788285255,-2.476433849666269,0.11267605633802817,0.4084507042253521
TCGA-97-A4M2-01Z-00-DX1.5C72522C-1538-4D68-B517-5FB05A9D401A,LUAD,phikon,Phikon,10x__2p5x,0.4740886986255646,-2.691276655535558,0.2112676056338028,0.09859154929577464
TCGA-J2-A4AE-01Z-00-DX1.42C5DE4A-7787-4E59-8969-D12503262C96,LUAD,phikon,Phikon,40x__10x,0.6266333758831024,-0.6353461392407816,0.36619718309859156,0.29577464788732394
TCGA-J2-A4AE-01Z-00-DX1.42C5DE4A-7787-4E59-8969-D12503262C96,LUAD,phikon,Phikon,40x__2p5x,0.2003642246127128,-2.666863857684232,0.14084507042253522,0.30985915492957744
TCGA-J2-A4AE-01Z-00-DX1.42C5DE4A-7787-4E59-8969-D12503262C96,LUAD,phikon,Phikon,10x__2p5x,0.4792196005582809,-2.876175309245079,0.2676056338028169,0.07042253521126761
TCGA-BR-6452-01Z-00-DX1.aec8246e-9dce-436d-9faa-df8fa1f6e47c,STAD,phikon,Phikon,40x__10x,0.5933069586753845,-0.785736634262107,0.16901408450704225,0.22535211267605634
TCGA-BR-6452-01Z-00-DX1.aec8246e-9dce-436d-9faa-df8fa1f6e47c,STAD,phikon,Phikon,40x__2p5x,0.3341083377599716,-1.3238292286394155,0.6338028169014085,0.676056338028169
TCGA-BR-6452-01Z-00-DX1.aec8246e-9dce-436d-9faa-df8fa1f6e47c,STAD,phikon,Phikon,10x__2p5x,0.5671875774860382,-1.2194441077878166,0.7605633802816901,0.4788732394366197
TCGA-BR-6454-01Z-00-DX1.63fb6280-2b43-49b2-960a-eb9c0e8b617c,STAD,phikon,Phikon,40x__10x,0.5857845842838287,-0.4693275611624274,0.15492957746478872,0.38028169014084506
TCGA-BR-6454-01Z-00-DX1.63fb6280-2b43-49b2-960a-eb9c0e8b617c,STAD,phikon,Phikon,40x__2p5x,0.2731566876173019,-1.9867304585370615,0.43661971830985913,0.6056338028169014
TCGA-BR-6454-01Z-00-DX1.63fb6280-2b43-49b2-960a-eb9c0e8b617c,STAD,phikon,Phikon,10x__2p5x,0.4644356369972229,-1.1815388848170665,0.16901408450704225,0.5070422535211268
TCGA-BR-A4CQ-01Z-00-DX1.B63282A5-154D-441B-BF96-5BB26CB6D95E,STAD,phikon,Phikon,40x__10x,0.6636072397232056,-0.2458764378912306,0.6056338028169014,0.6338028169014085
TCGA-BR-A4CQ-01Z-00-DX1.B63282A5-154D-441B-BF96-5BB26CB6D95E,STAD,phikon,Phikon,40x__2p5x,0.2844992056488991,-1.287828525916572,0.4788732394366197,0.6901408450704225
TCGA-BR-A4CQ-01Z-00-DX1.B63282A5-154D-441B-BF96-5BB26CB6D95E,STAD,phikon,Phikon,10x__2p5x,0.4974085390567779,-1.4882021957073923,0.4225352112676056,0.36619718309859156
TCGA-CD-A487-01Z-00-DX1.A026BD2F-B721-4340-83D5-7AA39227C90F,STAD,phikon,Phikon,40x__10x,0.7217594385147095,-0.3466970841417299,0.8169014084507042,0.4788732394366197
TCGA-CD-A487-01Z-00-DX1.A026BD2F-B721-4340-83D5-7AA39227C90F,STAD,phikon,Phikon,40x__2p5x,0.2855600416660309,0.0903487163240902,0.49295774647887325,0.9295774647887324
TCGA-CD-A487-01Z-00-DX1.A026BD2F-B721-4340-83D5-7AA39227C90F,STAD,phikon,Phikon,10x__2p5x,0.4996654838323593,-0.8724724157132677,0.4647887323943662,0.7183098591549296
TCGA-FP-8209-01Z-00-DX1.a5e13081-1631-44d4-8d6a-c229a22c2311,STAD,phikon,Phikon,40x__10x,0.5307799875736237,0.2066564263419404,0.08450704225352113,0.9436619718309859
TCGA-FP-8209-01Z-00-DX1.a5e13081-1631-44d4-8d6a-c229a22c2311,STAD,phikon,Phikon,40x__2p5x,0.3305043205618858,-0.1056640094406058,0.6197183098591549,0.8732394366197183
TCGA-FP-8209-01Z-00-DX1.a5e13081-1631-44d4-8d6a-c229a22c2311,STAD,phikon,Phikon,10x__2p5x,0.54693803191185,-2.138717704999764,0.6197183098591549,0.2112676056338028
TCGA-SW-A7EA-01Z-00-DX1.C5E1BE0E-0A25-4480-A3AC-DB2ED7471A4E,STAD,phikon,Phikon,40x__10x,0.7560909986495972,-0.3067319444254174,0.8873239436619719,0.5774647887323944
TCGA-SW-A7EA-01Z-00-DX1.C5E1BE0E-0A25-4480-A3AC-DB2ED7471A4E,STAD,phikon,Phikon,40x__2p5x,0.3419241607189178,-0.8105323909904276,0.676056338028169,0.7887323943661971
TCGA-SW-A7EA-01Z-00-DX1.C5E1BE0E-0A25-4480-A3AC-DB2ED7471A4E,STAD,phikon,Phikon,10x__2p5x,0.6147044003009796,-1.0391470538225285,0.8591549295774648,0.6056338028169014
TCGA-VQ-A8PY-01Z-00-DX1.EA2C7386-012A-442A-95B3-FFA12BD2684D,STAD,phikon,Phikon,40x__10x,0.6486719846725464,0.1122612652229844,0.5070422535211268,0.9295774647887324
TCGA-VQ-A8PY-01Z-00-DX1.EA2C7386-012A-442A-95B3-FFA12BD2684D,STAD,phikon,Phikon,40x__2p5x,0.2465131878852844,-1.1542693519648517,0.30985915492957744,0.7323943661971831
TCGA-VQ-A8PY-01Z-00-DX1.EA2C7386-012A-442A-95B3-FFA12BD2684D,STAD,phikon,Phikon,10x__2p5x,0.4915226995944977,-1.9443984011590305,0.4084507042253521,0.2535211267605634
TCGA-VQ-A924-01Z-00-DX1.736B41F3-9678-4FAF-AE86-FCAC4F6DCBD3,STAD,phikon,Phikon,40x__10x,0.6824226677417755,-0.3583351541472622,0.676056338028169,0.4507042253521127
TCGA-VQ-A924-01Z-00-DX1.736B41F3-9678-4FAF-AE86-FCAC4F6DCBD3,STAD,phikon,Phikon,40x__2p5x,0.2432040497660637,1.1960821733756672,0.29577464788732394,0.9577464788732394
TCGA-VQ-A924-01Z-00-DX1.736B41F3-9678-4FAF-AE86-FCAC4F6DCBD3,STAD,phikon,Phikon,10x__2p5x,0.4814055562019348,-0.7358077534093798,0.29577464788732394,0.7464788732394366
TCGA-ZQ-A9CR-01Z-00-DX1.C9AC9991-7054-4068-A7AA-9D1EB7F040A3,STAD,phikon,Phikon,40x__10x,0.7409702241420746,-0.4237244216082615,0.8450704225352113,0.4084507042253521
TCGA-ZQ-A9CR-01Z-00-DX1.C9AC9991-7054-4068-A7AA-9D1EB7F040A3,STAD,phikon,Phikon,40x__2p5x,0.4994980841875076,-2.2463283349767798,0.9859154929577465,0.5070422535211268
TCGA-ZQ-A9CR-01Z-00-DX1.C9AC9991-7054-4068-A7AA-9D1EB7F040A3,STAD,phikon,Phikon,10x__2p5x,0.6239094138145447,-2.1986618194122274,0.9154929577464789,0.19718309859154928
TCGA-A5-A0GX-01Z-00-DX1.7E713D1A-5858-4648-957D-77189E43CFAA,UCEC,phikon,Phikon,40x__10x,0.7639222145080566,-0.316934924382945,0.9436619718309859,0.5211267605633803
TCGA-A5-A0GX-01Z-00-DX1.7E713D1A-5858-4648-957D-77189E43CFAA,UCEC,phikon,Phikon,40x__2p5x,0.2119284644722938,-3.969644622815457,0.19718309859154928,0.09859154929577464
TCGA-A5-A0GX-01Z-00-DX1.7E713D1A-5858-4648-957D-77189E43CFAA,UCEC,phikon,Phikon,10x__2p5x,0.4825139045715332,-1.2387392748482595,0.323943661971831,0.4647887323943662
TCGA-A5-A0R7-01Z-00-DX1.D21E6974-22A3-4A68-8B4E-14E84A7A50A5,UCEC,phikon,Phikon,40x__10x,0.6871118247509003,-0.7808643273531058,0.6901408450704225,0.2535211267605634
TCGA-A5-A0R7-01Z-00-DX1.D21E6974-22A3-4A68-8B4E-14E84A7A50A5,UCEC,phikon,Phikon,40x__2p5x,0.2210278958082199,-2.718245917935579,0.2112676056338028,0.29577464788732394
TCGA-A5-A0R7-01Z-00-DX1.D21E6974-22A3-4A68-8B4E-14E84A7A50A5,UCEC,phikon,Phikon,10x__2p5x,0.4823483377695083,-2.3539683575018437,0.30985915492957744,0.16901408450704225
TCGA-AX-A05U-01Z-00-DX1.1EBFC727-B5D5-4543-BBA9-4254ABD3D584,UCEC,phikon,Phikon,40x__10x,0.7588677108287811,-0.0461730836999437,0.9014084507042254,0.8309859154929577
TCGA-AX-A05U-01Z-00-DX1.1EBFC727-B5D5-4543-BBA9-4254ABD3D584,UCEC,phikon,Phikon,40x__2p5x,0.2997530102729797,-1.910905168327687,0.5352112676056338,0.647887323943662
TCGA-AX-A05U-01Z-00-DX1.1EBFC727-B5D5-4543-BBA9-4254ABD3D584,UCEC,phikon,Phikon,10x__2p5x,0.5360423028469086,-1.044016882787917,0.5774647887323944,0.5915492957746479
TCGA-AX-A06B-01Z-00-DX2.1757C039-99F7-4087-A9E5-D340AF7220D4,UCEC,phikon,Phikon,40x__10x,0.6542217433452606,-0.0181251167237623,0.5352112676056338,0.8732394366197183
TCGA-AX-A06B-01Z-00-DX2.1757C039-99F7-4087-A9E5-D340AF7220D4,UCEC,phikon,Phikon,40x__2p5x,0.2305070459842682,-1.2649072690284728,0.2676056338028169,0.7183098591549296
TCGA-AX-A06B-01Z-00-DX2.1757C039-99F7-4087-A9E5-D340AF7220D4,UCEC,phikon,Phikon,10x__2p5x,0.5573112964630127,-0.4055746931415839,0.6619718309859155,0.8591549295774648
TCGA-AX-A0J0-01Z-00-DX2.56C668BE-03B8-4B87-A226-AABD97D53C38,UCEC,phikon,Phikon,40x__10x,0.7144123911857605,-0.1018828947751223,0.7605633802816901,0.7887323943661971
TCGA-AX-A0J0-01Z-00-DX2.56C668BE-03B8-4B87-A226-AABD97D53C38,UCEC,phikon,Phikon,40x__2p5x,0.2890352010726928,-2.003062536047827,0.5211267605633803,0.5915492957746479
TCGA-AX-A0J0-01Z-00-DX2.56C668BE-03B8-4B87-A226-AABD97D53C38,UCEC,phikon,Phikon,10x__2p5x,0.4987017810344696,-1.052103844274399,0.43661971830985913,0.5774647887323944
TCGA-B5-A11F-01Z-00-DX1.3F1C053D-E81E-4C8D-965D-6F3DE29D9511,UCEC,phikon,Phikon,40x__10x,0.6935315728187561,-0.3438955803514021,0.7183098591549296,0.5070422535211268
TCGA-B5-A11F-01Z-00-DX1.3F1C053D-E81E-4C8D-965D-6F3DE29D9511,UCEC,phikon,Phikon,40x__2p5x,0.2044747844338417,-2.589722892501338,0.16901408450704225,0.352112676056338
TCGA-B5-A11F-01Z-00-DX1.3F1C053D-E81E-4C8D-965D-6F3DE29D9511,UCEC,phikon,Phikon,10x__2p5x,0.4271500706672668,-1.7075863006811178,0.07042253521126761,0.323943661971831
TCGA-BG-A0W1-01Z-00-DX1.8E06269C-1278-478B-A128-59FA911B1649,UCEC,phikon,Phikon,40x__10x,0.5794967114925385,-0.3832829480473977,0.1267605633802817,0.43661971830985913
TCGA-BG-A0W1-01Z-00-DX1.8E06269C-1278-478B-A128-59FA911B1649,UCEC,phikon,Phikon,40x__2p5x,0.1797725893557071,-1.2649413039058213,0.07042253521126761,0.704225352112676
TCGA-BG-A0W1-01Z-00-DX1.8E06269C-1278-478B-A128-59FA911B1649,UCEC,phikon,Phikon,10x__2p5x,0.4278043657541275,-1.940321369135944,0.08450704225352113,0.2676056338028169
TCGA-EY-A1GQ-01Z-00-DX1.03D52C6F-515E-4A4F-A08E-31D773BCC67F,UCEC,phikon,Phikon,40x__10x,0.6495940387248993,-0.47851199703852,0.5211267605633803,0.352112676056338
TCGA-EY-A1GQ-01Z-00-DX1.03D52C6F-515E-4A4F-A08E-31D773BCC67F,UCEC,phikon,Phikon,40x__2p5x,0.2092494145035743,-2.132042114301464,0.18309859154929578,0.5492957746478874
TCGA-EY-A1GQ-01Z-00-DX1.03D52C6F-515E-4A4F-A08E-31D773BCC67F,UCEC,phikon,Phikon,10x__2p5x,0.4446378499269485,-2.0975273808163384,0.1267605633802817,0.22535211267605634
TCGA-FI-A2EX-01Z-00-DX1.127F5153-745D-43E6-83CA-DE2738702C62,UCEC,phikon,Phikon,40x__10x,0.7494751513004303,-0.1097737345122822,0.8732394366197183,0.7605633802816901
TCGA-FI-A2EX-01Z-00-DX1.127F5153-745D-43E6-83CA-DE2738702C62,UCEC,phikon,Phikon,40x__2p5x,0.2749459072947502,-2.580818498139469,0.4507042253521127,0.36619718309859156
TCGA-FI-A2EX-01Z-00-DX1.127F5153-745D-43E6-83CA-DE2738702C62,UCEC,phikon,Phikon,10x__2p5x,0.5657978653907776,-0.6982569895165183,0.7464788732394366,0.7605633802816901
TCGA-CF-A3MF-01Z-00-DX1.91768C26-5BB1-4DE6-9737-AA26BD687A75,BLCA,uni,UNI,40x__10x,0.5486351847648621,-1.5103883494944568,0.9859154929577465,0.07042253521126761
TCGA-CF-A3MF-01Z-00-DX1.91768C26-5BB1-4DE6-9737-AA26BD687A75,BLCA,uni,UNI,40x__2p5x,0.2480334118008613,-2.0233107880041,0.6901408450704225,0.5633802816901409
TCGA-CF-A3MF-01Z-00-DX1.91768C26-5BB1-4DE6-9737-AA26BD687A75,BLCA,uni,UNI,10x__2p5x,0.3480823040008545,0.1788313460985983,0.5211267605633803,0.9014084507042254
TCGA-CU-A0YN-01Z-00-DX1.6C5EAAAF-8F14-49D3-8FFC-9BDAE56CAFD0,BLCA,uni,UNI,40x__10x,0.366552785038948,0.2698484896784448,0.2535211267605634,0.9436619718309859
TCGA-CU-A0YN-01Z-00-DX1.6C5EAAAF-8F14-49D3-8FFC-9BDAE56CAFD0,BLCA,uni,UNI,40x__2p5x,0.1388166546821594,-0.6626908343908671,0.15492957746478872,0.8169014084507042
TCGA-CU-A0YN-01Z-00-DX1.6C5EAAAF-8F14-49D3-8FFC-9BDAE56CAFD0,BLCA,uni,UNI,10x__2p5x,0.2561785578727722,1.648555531097919,0.056338028169014086,0.9859154929577465
TCGA-DK-A6AW-01Z-00-DX1.C2453A8C-8282-443C-9E76-5B6CAD2FE69B,BLCA,uni,UNI,40x__10x,0.3489043563604355,-1.2913764530502612,0.19718309859154928,0.11267605633802817
TCGA-DK-A6AW-01Z-00-DX1.C2453A8C-8282-443C-9E76-5B6CAD2FE69B,BLCA,uni,UNI,40x__2p5x,0.1635226793587207,-3.6727450451486954,0.29577464788732394,0.08450704225352113
TCGA-DK-A6AW-01Z-00-DX1.C2453A8C-8282-443C-9E76-5B6CAD2FE69B,BLCA,uni,UNI,10x__2p5x,0.3146410584449768,0.223265236854177,0.2535211267605634,0.9154929577464789
TCGA-DK-AA6L-01A-01-TSA.5794F0C6-9ED6-489A-9621-18CCC5935548,BLCA,uni,UNI,40x__10x,0.460279643535614,-0.0874563219269556,0.7887323943661971,0.7746478873239436
TCGA-DK-AA6L-01A-01-TSA.5794F0C6-9ED6-489A-9621-18CCC5935548,BLCA,uni,UNI,40x__2p5x,0.1693826392292976,-1.5328377377832592,0.323943661971831,0.6338028169014085
TCGA-DK-AA6L-01A-01-TSA.5794F0C6-9ED6-489A-9621-18CCC5935548,BLCA,uni,UNI,10x__2p5x,0.3147385716438293,0.2572715324948958,0.2676056338028169,0.9295774647887324
TCGA-DK-AA77-01A-01-TSA.26CAF5CB-CC4F-4522-BD2B-343FB70205FE,BLCA,uni,UNI,40x__10x,0.5072229504585266,-0.6451478535824243,0.9154929577464789,0.28169014084507044
TCGA-DK-AA77-01A-01-TSA.26CAF5CB-CC4F-4522-BD2B-343FB70205FE,BLCA,uni,UNI,40x__2p5x,0.2339855432510376,-2.9442493976316437,0.6197183098591549,0.29577464788732394
TCGA-DK-AA77-01A-01-TSA.26CAF5CB-CC4F-4522-BD2B-343FB70205FE,BLCA,uni,UNI,10x__2p5x,0.3590330630540848,-1.7602217562110816,0.5633802816901409,0.38028169014084506
TCGA-FD-A6TK-01Z-00-DX1.B685DA87-72A6-4C38-8AA1-40B6E543383C,BLCA,uni,UNI,40x__10x,0.3402351886034012,-0.498468300947686,0.08450704225352113,0.4225352112676056
TCGA-FD-A6TK-01Z-00-DX1.B685DA87-72A6-4C38-8AA1-40B6E543383C,BLCA,uni,UNI,40x__2p5x,0.1801218166947364,-3.1202190353550843,0.4225352112676056,0.2535211267605634
TCGA-FD-A6TK-01Z-00-DX1.B685DA87-72A6-4C38-8AA1-40B6E543383C,BLCA,uni,UNI,10x__2p5x,0.3876560777425766,-0.4823076859888159,0.7323943661971831,0.7746478873239436
TCGA-GU-AATP-01Z-00-DX1.0D8EC37C-88E7-49D5-A76D-F0A4A3FD8AE4,BLCA,uni,UNI,40x__10x,0.3419244587421417,-0.4453951527589099,0.11267605633802817,0.4507042253521127
TCGA-GU-AATP-01Z-00-DX1.0D8EC37C-88E7-49D5-A76D-F0A4A3FD8AE4,BLCA,uni,UNI,40x__2p5x,0.1694724410772323,-3.528859079812352,0.3380281690140845,0.09859154929577464
TCGA-GU-AATP-01Z-00-DX1.0D8EC37C-88E7-49D5-A76D-F0A4A3FD8AE4,BLCA,uni,UNI,10x__2p5x,0.3763416707515716,-0.7695701961151172,0.647887323943662,0.647887323943662
TCGA-XF-A8HB-01Z-00-DX1.D6874152-D20A-4CA4-8E8B-8CBAB5F7D7B5,BLCA,uni,UNI,40x__10x,0.3428051769733429,-0.3057161941491956,0.1267605633802817,0.6056338028169014
TCGA-XF-A8HB-01Z-00-DX1.D6874152-D20A-4CA4-8E8B-8CBAB5F7D7B5,BLCA,uni,UNI,40x__2p5x,0.1728231087327003,-3.213752723629215,0.38028169014084506,0.19718309859154928
TCGA-XF-A8HB-01Z-00-DX1.D6874152-D20A-4CA4-8E8B-8CBAB5F7D7B5,BLCA,uni,UNI,10x__2p5x,0.3873423337936401,-0.4169909727666487,0.7183098591549296,0.8309859154929577
TCGA-ZF-A9R1-01Z-00-DX1.74520759-D448-45B5-B8AD-45502C99A519,BLCA,uni,UNI,40x__10x,0.366334468126297,-1.021941662403359,0.23943661971830985,0.14084507042253522
TCGA-ZF-A9R1-01Z-00-DX1.74520759-D448-45B5-B8AD-45502C99A519,BLCA,uni,UNI,40x__2p5x,0.2125227525830268,-3.809451328293457,0.5070422535211268,0.056338028169014086
TCGA-ZF-A9R1-01Z-00-DX1.74520759-D448-45B5-B8AD-45502C99A519,BLCA,uni,UNI,10x__2p5x,0.3692814856767654,-0.6082684208943864,0.6197183098591549,0.7183098591549296
TCGA-ZF-AA51-01Z-00-DX1.128C9731-C206-4E71-9A64-864FA9FD7E96,BLCA,uni,UNI,40x__10x,0.4232127666473388,-0.8367432481153939,0.5633802816901409,0.2112676056338028
TCGA-ZF-AA51-01Z-00-DX1.128C9731-C206-4E71-9A64-864FA9FD7E96,BLCA,uni,UNI,40x__2p5x,0.2353716492652893,-3.843964697026637,0.647887323943662,0.04225352112676056
TCGA-ZF-AA51-01Z-00-DX1.128C9731-C206-4E71-9A64-864FA9FD7E96,BLCA,uni,UNI,10x__2p5x,0.387259230017662,-1.1068497055498143,0.704225352112676,0.5492957746478874
TCGA-A7-A2KD-01Z-00-DX1.BFF2DFC8-1D95-4DC2-98FC-5BD7D7C6CDF5,BRCA,uni,UNI,40x__10x,0.346966952085495,-1.3361695437143966,0.14084507042253522,0.08450704225352113
TCGA-A7-A2KD-01Z-00-DX1.BFF2DFC8-1D95-4DC2-98FC-5BD7D7C6CDF5,BRCA,uni,UNI,40x__2p5x,0.123057696968317,-1.2254984397644202,0.056338028169014086,0.7183098591549296
TCGA-A7-A2KD-01Z-00-DX1.BFF2DFC8-1D95-4DC2-98FC-5BD7D7C6CDF5,BRCA,uni,UNI,10x__2p5x,0.2601382583379745,-1.0798350702818895,0.07042253521126761,0.5633802816901409
TCGA-AN-A0G0-01Z-00-DX1.BE0BB5DF-DEDA-48D8-B5D8-2735C767F28F,BRCA,uni,UNI,40x__10x,0.3346554934978485,-1.3075506017048115,0.056338028169014086,0.09859154929577464
TCGA-AN-A0G0-01Z-00-DX1.BE0BB5DF-DEDA-48D8-B5D8-2735C767F28F,BRCA,uni,UNI,40x__2p5x,0.0891815871000289,-1.1889198373688992,0.014084507042253521,0.7323943661971831
TCGA-AN-A0G0-01Z-00-DX1.BE0BB5DF-DEDA-48D8-B5D8-2735C767F28F,BRCA,uni,UNI,10x__2p5x,0.2198982983827591,-0.693521639123175,0.014084507042253521,0.676056338028169
TCGA-AQ-A04L-01Z-00-DX1.F35BF4DD-896A-43C2-8DA6-C67945C003BE,BRCA,uni,UNI,40x__10x,0.4623231142759323,-1.604520578330089,0.8028169014084507,0.028169014084507043
TCGA-AQ-A04L-01Z-00-DX1.F35BF4DD-896A-43C2-8DA6-C67945C003BE,BRCA,uni,UNI,40x__2p5x,0.2393095567822456,-2.511388478976468,0.6619718309859155,0.39436619718309857
TCGA-AQ-A04L-01Z-00-DX1.F35BF4DD-896A-43C2-8DA6-C67945C003BE,BRCA,uni,UNI,10x__2p5x,0.3870693892240524,-1.9679141941572769,0.6901408450704225,0.2676056338028169
TCGA-AR-A2LK-01Z-00-DX1.FBD59C38-CD4E-4C22-BC74-A57C192A9BBC,BRCA,uni,UNI,40x__10x,0.3484921902418136,-0.1558979421315293,0.16901408450704225,0.7183098591549296
TCGA-AR-A2LK-01Z-00-DX1.FBD59C38-CD4E-4C22-BC74-A57C192A9BBC,BRCA,uni,UNI,40x__2p5x,0.13217518851161,-1.6371211520381703,0.11267605633802817,0.6197183098591549
TCGA-AR-A2LK-01Z-00-DX1.FBD59C38-CD4E-4C22-BC74-A57C192A9BBC,BRCA,uni,UNI,10x__2p5x,0.3139063119888305,-1.139954667947246,0.23943661971830985,0.5352112676056338
TCGA-AR-A5QM-01Z-00-DX1.A9017CED-FF57-4090-95B9-94DC91854347,BRCA,uni,UNI,40x__10x,0.3380737155675888,-0.1898317906045674,0.07042253521126761,0.6901408450704225
TCGA-AR-A5QM-01Z-00-DX1.A9017CED-FF57-4090-95B9-94DC91854347,BRCA,uni,UNI,40x__2p5x,0.1244145147502422,-1.651663951180867,0.07042253521126761,0.6056338028169014
TCGA-AR-A5QM-01Z-00-DX1.A9017CED-FF57-4090-95B9-94DC91854347,BRCA,uni,UNI,10x__2p5x,0.3089977502822876,-0.967492120602206,0.18309859154929578,0.6056338028169014
TCGA-BH-A0C1-01Z-00-DX1.21FE357E-B182-4397-BFEF-7E96E994236A,BRCA,uni,UNI,40x__10x,0.3613449931144714,-0.8008156431028632,0.2112676056338028,0.23943661971830985
TCGA-BH-A0C1-01Z-00-DX1.21FE357E-B182-4397-BFEF-7E96E994236A,BRCA,uni,UNI,40x__2p5x,0.159570924937725,-2.001189933462592,0.2676056338028169,0.5774647887323944
TCGA-BH-A0C1-01Z-00-DX1.21FE357E-B182-4397-BFEF-7E96E994236A,BRCA,uni,UNI,10x__2p5x,0.3351280093193054,-1.0162697306222628,0.4507042253521127,0.5774647887323944
TCGA-D8-A1X8-01Z-00-DX1.DDA3866E-C7CC-4650-BE2B-5C9A98A2D531,BRCA,uni,UNI,40x__10x,0.4183796048164367,-1.5410061206544166,0.5352112676056338,0.056338028169014086
TCGA-D8-A1X8-01Z-00-DX1.DDA3866E-C7CC-4650-BE2B-5C9A98A2D531,BRCA,uni,UNI,40x__2p5x,0.2052513062953949,-3.04880371746564,0.4788732394366197,0.28169014084507044
TCGA-D8-A1X8-01Z-00-DX1.DDA3866E-C7CC-4650-BE2B-5C9A98A2D531,BRCA,uni,UNI,10x__2p5x,0.373027503490448,-1.7026911456792655,0.6338028169014085,0.43661971830985913
TCGA-E2-A14P-01Z-00-DX1.663B02FF-C64B-41A6-8685-FD61CD76F9C6,BRCA,uni,UNI,40x__10x,0.325342908501625,-1.5580297924042683,0.04225352112676056,0.04225352112676056
TCGA-E2-A14P-01Z-00-DX1.663B02FF-C64B-41A6-8685-FD61CD76F9C6,BRCA,uni,UNI,40x__2p5x,0.1395415402948856,-2.1090259619289,0.18309859154929578,0.5352112676056338
TCGA-E2-A14P-01Z-00-DX1.663B02FF-C64B-41A6-8685-FD61CD76F9C6,BRCA,uni,UNI,10x__2p5x,0.3156522661447525,-1.1514888088923827,0.28169014084507044,0.5211267605633803
TCGA-E2-A1LA-01Z-00-DX1.AE49E943-B830-4ED9-B09E-E499441BC2EC,BRCA,uni,UNI,40x__10x,0.3660524189472198,-0.5172419801418504,0.22535211267605634,0.38028169014084506
TCGA-E2-A1LA-01Z-00-DX1.AE49E943-B830-4ED9-B09E-E499441BC2EC,BRCA,uni,UNI,40x__2p5x,0.1565969139337539,-2.051148940622201,0.2535211267605634,0.5492957746478874
TCGA-E2-A1LA-01Z-00-DX1.AE49E943-B830-4ED9-B09E-E499441BC2EC,BRCA,uni,UNI,10x__2p5x,0.3333756029605865,-1.8928962461958625,0.4225352112676056,0.28169014084507044
TCGA-GM-A3XN-01Z-00-DX1.49F5C8AC-0328-4BC2-9FE2-E7150B7A42E2,BRCA,uni,UNI,40x__10x,0.3405257612466812,-0.5031849053201274,0.09859154929577464,0.4084507042253521
TCGA-GM-A3XN-01Z-00-DX1.49F5C8AC-0328-4BC2-9FE2-E7150B7A42E2,BRCA,uni,UNI,40x__2p5x,0.1692155748605728,-1.8024146083810864,0.30985915492957744,0.5915492957746479
TCGA-GM-A3XN-01Z-00-DX1.49F5C8AC-0328-4BC2-9FE2-E7150B7A42E2,BRCA,uni,UNI,10x__2p5x,0.2961386740207672,-0.9800478275073894,0.1267605633802817,0.5915492957746479
TCGA-AY-A8YK-01Z-00-DX1.89E3C546-0425-449B-A6FB-1C35168EA7EB,COAD,uni,UNI,40x__10x,0.4129538983106613,-0.8935198075413773,0.49295774647887325,0.16901408450704225
TCGA-AY-A8YK-01Z-00-DX1.89E3C546-0425-449B-A6FB-1C35168EA7EB,COAD,uni,UNI,40x__2p5x,0.2671679183840751,-2.874064622347584,0.7605633802816901,0.3380281690140845
TCGA-AY-A8YK-01Z-00-DX1.89E3C546-0425-449B-A6FB-1C35168EA7EB,COAD,uni,UNI,10x__2p5x,0.3053815513849258,-4.9464055555594815,0.16901408450704225,0.014084507042253521
TCGA-CK-4947-01Z-00-DX1.b257d5fd-b97b-4987-b088-77f044ca7fe2,COAD,uni,UNI,40x__10x,0.4398242831230163,-0.9969628879874916,0.676056338028169,0.15492957746478872
TCGA-CK-4947-01Z-00-DX1.b257d5fd-b97b-4987-b088-77f044ca7fe2,COAD,uni,UNI,40x__2p5x,0.3110152781009674,-3.48754005082411,0.8732394366197183,0.11267605633802817
TCGA-CK-4947-01Z-00-DX1.b257d5fd-b97b-4987-b088-77f044ca7fe2,COAD,uni,UNI,10x__2p5x,0.4328188598155975,-2.983806937924141,0.8309859154929577,0.11267605633802817
TCGA-CM-6168-01Z-00-DX1.96af6eb2-9d51-4671-baf8-1a73d0c66869,COAD,uni,UNI,40x__10x,0.4267841577529907,-0.1942274447386604,0.6197183098591549,0.676056338028169
TCGA-CM-6168-01Z-00-DX1.96af6eb2-9d51-4671-baf8-1a73d0c66869,COAD,uni,UNI,40x__2p5x,0.3484747856855392,-2.139699004354216,0.971830985915493,0.5211267605633803
TCGA-CM-6168-01Z-00-DX1.96af6eb2-9d51-4671-baf8-1a73d0c66869,COAD,uni,UNI,10x__2p5x,0.4390880763530731,-1.5546637510749215,0.8732394366197183,0.4788732394366197
TCGA-CM-6169-01Z-00-DX1.0381c243-02b8-4f1d-840c-19ef44d4b92c,COAD,uni,UNI,40x__10x,0.4104669541120529,-0.3016856383983466,0.4788732394366197,0.6197183098591549
TCGA-CM-6169-01Z-00-DX1.0381c243-02b8-4f1d-840c-19ef44d4b92c,COAD,uni,UNI,40x__2p5x,0.3338702619075775,-2.3342968414679763,0.9436619718309859,0.5070422535211268
TCGA-CM-6169-01Z-00-DX1.0381c243-02b8-4f1d-840c-19ef44d4b92c,COAD,uni,UNI,10x__2p5x,0.4610400199890136,-1.7252097476608177,0.9154929577464789,0.4225352112676056
TCGA-G4-6309-01Z-00-DX1.3eb20fdc-eb86-4bd5-8194-76b02d4fa472,COAD,uni,UNI,40x__10x,0.4255412817001343,-0.6094003866448532,0.5915492957746479,0.30985915492957744
TCGA-G4-6309-01Z-00-DX1.3eb20fdc-eb86-4bd5-8194-76b02d4fa472,COAD,uni,UNI,40x__2p5x,0.2815815880894661,-2.463643969544371,0.8169014084507042,0.43661971830985913
TCGA-G4-6309-01Z-00-DX1.3eb20fdc-eb86-4bd5-8194-76b02d4fa472,COAD,uni,UNI,10x__2p5x,0.4100137650966644,-1.7494645436032574,0.7605633802816901,0.4084507042253521
TCGA-G4-6310-01Z-00-DX1.b88472d4-3adc-4e4d-b0f2-0dc195a3d7df,COAD,uni,UNI,40x__10x,0.4290934652090072,-0.706278907006234,0.647887323943662,0.2676056338028169
TCGA-G4-6310-01Z-00-DX1.b88472d4-3adc-4e4d-b0f2-0dc195a3d7df,COAD,uni,UNI,40x__2p5x,0.2709731161594391,-2.470596489775337,0.7887323943661971,0.4225352112676056
TCGA-G4-6310-01Z-00-DX1.b88472d4-3adc-4e4d-b0f2-0dc195a3d7df,COAD,uni,UNI,10x__2p5x,0.4120246469974518,-2.1355995630871165,0.7746478873239436,0.22535211267605634
TCGA-G4-6588-01Z-00-DX1.0747172e-f630-4b7c-9341-55078585ae00,COAD,uni,UNI,40x__10x,0.4166697263717651,-0.5925401351361612,0.5211267605633803,0.323943661971831
TCGA-G4-6588-01Z-00-DX1.0747172e-f630-4b7c-9341-55078585ae00,COAD,uni,UNI,40x__2p5x,0.3063699156045913,-2.6945706762273494,0.8450704225352113,0.352112676056338
TCGA-G4-6588-01Z-00-DX1.0747172e-f630-4b7c-9341-55078585ae00,COAD,uni,UNI,10x__2p5x,0.4358047246932983,-1.8098180719990211,0.8591549295774648,0.323943661971831
TCGA-BA-6871-01Z-00-DX1.4d9ca329-f8d5-4c31-a20f-9d4fba728326,HNSC,uni,UNI,40x__10x,0.4051856100559234,2.033870081086828,0.43661971830985913,0.9859154929577465
TCGA-BA-6871-01Z-00-DX1.4d9ca329-f8d5-4c31-a20f-9d4fba728326,HNSC,uni,UNI,40x__2p5x,0.2666548043489456,0.9244068633751724,0.7464788732394366,0.971830985915493
TCGA-BA-6871-01Z-00-DX1.4d9ca329-f8d5-4c31-a20f-9d4fba728326,HNSC,uni,UNI,10x__2p5x,0.3348178118467331,0.4832442666244461,0.43661971830985913,0.9577464788732394
TCGA-BA-6872-01Z-00-DX1.F99F6394-D319-4599-B124-D2A6692FA096,HNSC,uni,UNI,40x__10x,0.4820505827665329,-0.2957676576360536,0.8309859154929577,0.647887323943662
TCGA-BA-6872-01Z-00-DX1.F99F6394-D319-4599-B124-D2A6692FA096,HNSC,uni,UNI,40x__2p5x,0.3522349745035171,-0.6805034487967887,0.9859154929577465,0.8028169014084507
TCGA-BA-6872-01Z-00-DX1.F99F6394-D319-4599-B124-D2A6692FA096,HNSC,uni,UNI,10x__2p5x,0.5732905715703964,-0.6615769413002143,1.0,0.6901408450704225
TCGA-CN-A6V7-01A-01-TS1.F54912D3-1E21-4605-ACFC-142973524AE2,HNSC,uni,UNI,40x__10x,0.4960329681634903,2.3007741255980987,0.9014084507042254,1.0
TCGA-CN-A6V7-01A-01-TS1.F54912D3-1E21-4605-ACFC-142973524AE2,HNSC,uni,UNI,40x__2p5x,0.2049319446086883,4.106951600589597,0.4647887323943662,1.0
TCGA-CN-A6V7-01A-01-TS1.F54912D3-1E21-4605-ACFC-142973524AE2,HNSC,uni,UNI,10x__2p5x,0.3412837535142898,3.807361912342921,0.49295774647887325,1.0
TCGA-CV-6935-01Z-00-DX1.9C449CB2-FB6D-41D1-A4A6-3069DC84A697,HNSC,uni,UNI,40x__10x,0.5158048868179321,-0.0117075837566066,0.9295774647887324,0.8732394366197183
TCGA-CV-6935-01Z-00-DX1.9C449CB2-FB6D-41D1-A4A6-3069DC84A697,HNSC,uni,UNI,40x__2p5x,0.2681552246212959,-0.3977594921439027,0.7746478873239436,0.9014084507042254
TCGA-CV-6935-01Z-00-DX1.9C449CB2-FB6D-41D1-A4A6-3069DC84A697,HNSC,uni,UNI,10x__2p5x,0.5490302443504333,-0.4183000785336467,0.971830985915493,0.8169014084507042
TCGA-CV-A45O-01Z-00-DX1.8CBD0CCC-C815-475D-87F9-76272F4F715B,HNSC,uni,UNI,40x__10x,0.4893744885921478,0.0382221573209737,0.8732394366197183,0.9014084507042254
TCGA-CV-A45O-01Z-00-DX1.8CBD0CCC-C815-475D-87F9-76272F4F715B,HNSC,uni,UNI,40x__2p5x,0.322339192032814,-0.2942709718030787,0.9014084507042254,0.9295774647887324
TCGA-CV-A45O-01Z-00-DX1.8CBD0CCC-C815-475D-87F9-76272F4F715B,HNSC,uni,UNI,10x__2p5x,0.4918505996465683,-0.4192640138354753,0.9436619718309859,0.8028169014084507
TCGA-CV-A6JE-01Z-00-DX1.20137D17-19B3-49FF-9C3D-60933157E409,HNSC,uni,UNI,40x__10x,0.4876094907522201,-0.0120751544912077,0.8591549295774648,0.8591549295774648
TCGA-CV-A6JE-01Z-00-DX1.20137D17-19B3-49FF-9C3D-60933157E409,HNSC,uni,UNI,40x__2p5x,0.3129113763570785,-0.4816407721884895,0.8873239436619719,0.8873239436619719
TCGA-CV-A6JE-01Z-00-DX1.20137D17-19B3-49FF-9C3D-60933157E409,HNSC,uni,UNI,10x__2p5x,0.4798542112112045,-0.4038822015484177,0.9295774647887324,0.8450704225352113
TCGA-CV-A6JU-01Z-00-DX1.35A3A1F0-9D6C-4794-B501-E56E48C51DF9,HNSC,uni,UNI,40x__10x,0.396355926990509,-0.0030584258872794,0.4084507042253521,0.8873239436619719
TCGA-CV-A6JU-01Z-00-DX1.35A3A1F0-9D6C-4794-B501-E56E48C51DF9,HNSC,uni,UNI,40x__2p5x,0.2482994720339775,-0.530138627323109,0.704225352112676,0.8732394366197183
TCGA-CV-A6JU-01Z-00-DX1.35A3A1F0-9D6C-4794-B501-E56E48C51DF9,HNSC,uni,UNI,10x__2p5x,0.3090221434831619,-0.5319352836076396,0.19718309859154928,0.7464788732394366
TCGA-UF-A719-01Z-00-DX1.4C4ECC2C-C390-4C5E-A709-CF08C113F1A1,HNSC,uni,UNI,40x__10x,0.3667751550674438,0.201741843755939,0.2676056338028169,0.9295774647887324
TCGA-UF-A719-01Z-00-DX1.4C4ECC2C-C390-4C5E-A709-CF08C113F1A1,HNSC,uni,UNI,40x__2p5x,0.1841029562056064,1.1885716469874428,0.43661971830985913,0.9859154929577465
TCGA-UF-A719-01Z-00-DX1.4C4ECC2C-C390-4C5E-A709-CF08C113F1A1,HNSC,uni,UNI,10x__2p5x,0.2988254278898239,0.3426050764005576,0.14084507042253522,0.9436619718309859
TCGA-A3-3346-01Z-00-DX1.95280216-fd71-4a03-b452-6e3d667f2542,KIRC,uni,UNI,40x__10x,0.3802080005407333,-0.5122272207377658,0.323943661971831,0.39436619718309857
TCGA-A3-3346-01Z-00-DX1.95280216-fd71-4a03-b452-6e3d667f2542,KIRC,uni,UNI,40x__2p5x,0.2536015957593918,-0.9233363550516922,0.7183098591549296,0.7464788732394366
TCGA-A3-3346-01Z-00-DX1.95280216-fd71-4a03-b452-6e3d667f2542,KIRC,uni,UNI,10x__2p5x,0.4340446293354034,-0.4889828986774828,0.8450704225352113,0.7605633802816901
TCGA-A3-A8CQ-01Z-00-DX1.78DA0827-5FB8-4B9F-A845-22F85830B5FB,KIRC,uni,UNI,40x__10x,0.2735658586025238,-0.1552563681594323,0.014084507042253521,0.7323943661971831
TCGA-A3-A8CQ-01Z-00-DX1.78DA0827-5FB8-4B9F-A845-22F85830B5FB,KIRC,uni,UNI,40x__2p5x,0.2864904478192329,-1.4975888320350426,0.8309859154929577,0.6619718309859155
TCGA-A3-A8CQ-01Z-00-DX1.78DA0827-5FB8-4B9F-A845-22F85830B5FB,KIRC,uni,UNI,10x__2p5x,0.3116986900568008,-0.8459143165897505,0.22535211267605634,0.6338028169014085
TCGA-AK-3444-01Z-00-DX1.1F0E0B47-29FF-456F-800A-539983FDCFAA,KIRC,uni,UNI,40x__10x,0.4042158424854278,-0.3672328292048796,0.4225352112676056,0.5211267605633803
TCGA-AK-3444-01Z-00-DX1.1F0E0B47-29FF-456F-800A-539983FDCFAA,KIRC,uni,UNI,40x__2p5x,0.1320496685802936,-1.3329708730964411,0.09859154929577464,0.676056338028169
TCGA-AK-3444-01Z-00-DX1.1F0E0B47-29FF-456F-800A-539983FDCFAA,KIRC,uni,UNI,10x__2p5x,0.2444927766919136,-2.00752113399799,0.028169014084507043,0.2535211267605634
TCGA-B0-5094-01Z-00-DX1.eac31fe2-09da-4ecf-8e25-c073cbb03295,KIRC,uni,UNI,40x__10x,0.5165644586086273,-0.3165624927272942,0.9436619718309859,0.5915492957746479
TCGA-B0-5094-01Z-00-DX1.eac31fe2-09da-4ecf-8e25-c073cbb03295,KIRC,uni,UNI,40x__2p5x,0.3437892198562622,-0.8588873193701506,0.9577464788732394,0.7605633802816901
TCGA-B0-5094-01Z-00-DX1.eac31fe2-09da-4ecf-8e25-c073cbb03295,KIRC,uni,UNI,10x__2p5x,0.5558953732252121,-0.6259897203811298,0.9859154929577465,0.704225352112676
TCGA-B0-5106-01Z-00-DX1.564e51a3-be50-4eed-ba9c-4d478b96ffc6,KIRC,uni,UNI,40x__10x,0.4588716477155685,-0.0439383448789396,0.7605633802816901,0.8169014084507042
TCGA-B0-5106-01Z-00-DX1.564e51a3-be50-4eed-ba9c-4d478b96ffc6,KIRC,uni,UNI,40x__2p5x,0.2760467156767845,-0.7200994274414192,0.8028169014084507,0.7887323943661971
TCGA-B0-5106-01Z-00-DX1.564e51a3-be50-4eed-ba9c-4d478b96ffc6,KIRC,uni,UNI,10x__2p5x,0.3672921061515808,-0.3591497976075422,0.5915492957746479,0.8591549295774648
TCGA-B0-5711-01Z-00-DX1.6839921f-ec08-4e94-8bf9-4b5a4fcdda45,KIRC,uni,UNI,40x__10x,0.4448679983615875,-0.0438794993811673,0.704225352112676,0.8309859154929577
TCGA-B0-5711-01Z-00-DX1.6839921f-ec08-4e94-8bf9-4b5a4fcdda45,KIRC,uni,UNI,40x__2p5x,0.3068700432777405,-0.8439568681085966,0.8591549295774648,0.7746478873239436
TCGA-B0-5711-01Z-00-DX1.6839921f-ec08-4e94-8bf9-4b5a4fcdda45,KIRC,uni,UNI,10x__2p5x,0.3798047602176666,-0.3265743207711507,0.6619718309859155,0.8732394366197183
TCGA-B2-5633-01Z-00-DX1.c55a29ca-468e-46de-9ff5-a51f46fe09fd,KIRC,uni,UNI,40x__10x,0.4271379709243774,-0.0396884718100759,0.6338028169014085,0.8450704225352113
TCGA-B2-5633-01Z-00-DX1.c55a29ca-468e-46de-9ff5-a51f46fe09fd,KIRC,uni,UNI,40x__2p5x,0.2216505706310272,-1.27606539130352,0.5352112676056338,0.704225352112676
TCGA-B2-5633-01Z-00-DX1.c55a29ca-468e-46de-9ff5-a51f46fe09fd,KIRC,uni,UNI,10x__2p5x,0.3163290545344352,-0.7684662255922795,0.29577464788732394,0.6619718309859155
TCGA-BP-4991-01Z-00-DX1.71305f5c-ca59-48fa-bb82-4b441c1fffdc,KIRC,uni,UNI,40x__10x,0.4849530458450317,-0.0804687207239303,0.8450704225352113,0.7887323943661971
TCGA-BP-4991-01Z-00-DX1.71305f5c-ca59-48fa-bb82-4b441c1fffdc,KIRC,uni,UNI,40x__2p5x,0.225581906735897,-1.51481458332869,0.5492957746478874,0.647887323943662
TCGA-BP-4991-01Z-00-DX1.71305f5c-ca59-48fa-bb82-4b441c1fffdc,KIRC,uni,UNI,10x__2p5x,0.3296328485012054,-0.8501910008008174,0.39436619718309857,0.6197183098591549
TCGA-BP-5201-01Z-00-DX1.d1a9878e-bb97-48fb-9098-9d9337f06250,KIRC,uni,UNI,40x__10x,0.5704211294651031,-0.5548337985829433,1.0,0.3380281690140845
TCGA-BP-5201-01Z-00-DX1.d1a9878e-bb97-48fb-9098-9d9337f06250,KIRC,uni,UNI,40x__2p5x,0.3227585852146148,-0.3187927921850329,0.9154929577464789,0.9154929577464789
TCGA-BP-5201-01Z-00-DX1.d1a9878e-bb97-48fb-9098-9d9337f06250,KIRC,uni,UNI,10x__2p5x,0.4231418818235397,-0.2830670170796436,0.8028169014084507,0.8873239436619719
TCGA-55-6986-01Z-00-DX1.ae52d41e-3cd6-4d36-b04b-2ea7d29bd8da,LUAD,uni,UNI,40x__10x,0.4230208694934845,-0.327122099999215,0.5492957746478874,0.5633802816901409
TCGA-55-6986-01Z-00-DX1.ae52d41e-3cd6-4d36-b04b-2ea7d29bd8da,LUAD,uni,UNI,40x__2p5x,0.2325256094336509,-2.8794484389329256,0.5915492957746479,0.323943661971831
TCGA-55-6986-01Z-00-DX1.ae52d41e-3cd6-4d36-b04b-2ea7d29bd8da,LUAD,uni,UNI,10x__2p5x,0.3590752333402633,-1.7573675652395646,0.5774647887323944,0.39436619718309857
TCGA-64-5779-01Z-00-DX1.B3268447-DCE0-4927-B5A9-EC4D61E9B17D,LUAD,uni,UNI,40x__10x,0.4602749496698379,-0.8525285370582051,0.7746478873239436,0.19718309859154928
TCGA-64-5779-01Z-00-DX1.B3268447-DCE0-4927-B5A9-EC4D61E9B17D,LUAD,uni,UNI,40x__2p5x,0.1276592127978801,0.7263643826141873,0.08450704225352113,0.9577464788732394
TCGA-64-5779-01Z-00-DX1.B3268447-DCE0-4927-B5A9-EC4D61E9B17D,LUAD,uni,UNI,10x__2p5x,0.2673946544528007,1.0491591889364238,0.08450704225352113,0.971830985915493
TCGA-78-7158-01Z-00-DX1.74db3dcd-2715-4ce7-8e48-30c8b7946ba0,LUAD,uni,UNI,40x__10x,0.4689811170101166,-0.3744110644788641,0.8169014084507042,0.5070422535211268
TCGA-78-7158-01Z-00-DX1.74db3dcd-2715-4ce7-8e48-30c8b7946ba0,LUAD,uni,UNI,40x__2p5x,0.2540560215711593,-3.771528395914181,0.7323943661971831,0.07042253521126761
TCGA-78-7158-01Z-00-DX1.74db3dcd-2715-4ce7-8e48-30c8b7946ba0,LUAD,uni,UNI,10x__2p5x,0.4922093003988266,-1.4039761574839504,0.9577464788732394,0.5070422535211268
TCGA-78-7163-01Z-00-DX1.42880bdf-271d-41dd-aada-e7ec1156ff31,LUAD,uni,UNI,40x__10x,0.4955771565437317,-0.8671443996134636,0.8873239436619719,0.18309859154929578
TCGA-78-7163-01Z-00-DX1.42880bdf-271d-41dd-aada-e7ec1156ff31,LUAD,uni,UNI,40x__2p5x,0.3522626310586929,-4.622630310875018,1.0,0.014084507042253521
TCGA-78-7163-01Z-00-DX1.42880bdf-271d-41dd-aada-e7ec1156ff31,LUAD,uni,UNI,10x__2p5x,0.4420297890901565,-2.89533304022598,0.8873239436619719,0.1267605633802817
TCGA-78-7536-01Z-00-DX1.6b066140-8b82-40a5-bd48-430eeb4463fe,LUAD,uni,UNI,40x__10x,0.4460240453481674,-1.960849472665093,0.7183098591549296,0.014084507042253521
TCGA-78-7536-01Z-00-DX1.6b066140-8b82-40a5-bd48-430eeb4463fe,LUAD,uni,UNI,40x__2p5x,0.2325529679656028,-3.1349860483880265,0.6056338028169014,0.23943661971830985
TCGA-78-7536-01Z-00-DX1.6b066140-8b82-40a5-bd48-430eeb4463fe,LUAD,uni,UNI,10x__2p5x,0.4246256500482559,-1.416644049800828,0.8169014084507042,0.49295774647887325
TCGA-86-8668-01Z-00-DX1.d720d486-02c7-4f98-8feb-e0e50a12c158,LUAD,uni,UNI,40x__10x,0.4233134388923645,-0.5506102307556995,0.5774647887323944,0.352112676056338
TCGA-86-8668-01Z-00-DX1.d720d486-02c7-4f98-8feb-e0e50a12c158,LUAD,uni,UNI,40x__2p5x,0.2136214599013328,-2.347821317433856,0.5211267605633803,0.49295774647887325
TCGA-86-8668-01Z-00-DX1.d720d486-02c7-4f98-8feb-e0e50a12c158,LUAD,uni,UNI,10x__2p5x,0.318656638264656,-1.6792701053498154,0.323943661971831,0.4507042253521127
TCGA-97-A4LX-01Z-00-DX1.B2334672-A626-4E74-B4D1-A79F70F65909,LUAD,uni,UNI,40x__10x,0.3480737060308456,-0.4200789035557478,0.15492957746478872,0.4788732394366197
TCGA-97-A4LX-01Z-00-DX1.B2334672-A626-4E74-B4D1-A79F70F65909,LUAD,uni,UNI,40x__2p5x,0.1364555545151233,-2.888459770021427,0.1267605633802817,0.30985915492957744
TCGA-97-A4LX-01Z-00-DX1.B2334672-A626-4E74-B4D1-A79F70F65909,LUAD,uni,UNI,10x__2p5x,0.3006186932325363,-1.7950163352696389,0.15492957746478872,0.352112676056338
TCGA-97-A4M2-01Z-00-DX1.5C72522C-1538-4D68-B517-5FB05A9D401A,LUAD,uni,UNI,40x__10x,0.3488310128450393,-0.3276853190104908,0.18309859154929578,0.5492957746478874
TCGA-97-A4M2-01Z-00-DX1.5C72522C-1538-4D68-B517-5FB05A9D401A,LUAD,uni,UNI,40x__2p5x,0.1365806199610233,-3.405005973386367,0.14084507042253522,0.15492957746478872
TCGA-97-A4M2-01Z-00-DX1.5C72522C-1538-4D68-B517-5FB05A9D401A,LUAD,uni,UNI,10x__2p5x,0.2766258418560028,-2.229511358616638,0.09859154929577464,0.19718309859154928
TCGA-J2-A4AE-01Z-00-DX1.42C5DE4A-7787-4E59-8969-D12503262C96,LUAD,uni,UNI,40x__10x,0.2945642620325088,-0.6160137535512582,0.028169014084507043,0.29577464788732394
TCGA-J2-A4AE-01Z-00-DX1.42C5DE4A-7787-4E59-8969-D12503262C96,LUAD,uni,UNI,40x__2p5x,0.1144554689526557,-3.2485861360661623,0.028169014084507043,0.16901408450704225
TCGA-J2-A4AE-01Z-00-DX1.42C5DE4A-7787-4E59-8969-D12503262C96,LUAD,uni,UNI,10x__2p5x,0.2847578823566437,-2.027576006980409,0.11267605633802817,0.23943661971830985
TCGA-BR-6452-01Z-00-DX1.aec8246e-9dce-436d-9faa-df8fa1f6e47c,STAD,uni,UNI,40x__10x,0.4487553387880325,-0.0528408150533721,0.7323943661971831,0.8028169014084507
TCGA-BR-6452-01Z-00-DX1.aec8246e-9dce-436d-9faa-df8fa1f6e47c,STAD,uni,UNI,40x__2p5x,0.2297635674476623,-0.6272900865121732,0.5774647887323944,0.8450704225352113
TCGA-BR-6452-01Z-00-DX1.aec8246e-9dce-436d-9faa-df8fa1f6e47c,STAD,uni,UNI,10x__2p5x,0.3557544648647308,-0.5378238645526963,0.5352112676056338,0.7323943661971831
TCGA-BR-6454-01Z-00-DX1.63fb6280-2b43-49b2-960a-eb9c0e8b617c,STAD,uni,UNI,40x__10x,0.4428178369998932,-0.3634148419948294,0.6901408450704225,0.5352112676056338
TCGA-BR-6454-01Z-00-DX1.63fb6280-2b43-49b2-960a-eb9c0e8b617c,STAD,uni,UNI,40x__2p5x,0.2260297462344169,-2.406517707556332,0.5633802816901409,0.4647887323943662
TCGA-BR-6454-01Z-00-DX1.63fb6280-2b43-49b2-960a-eb9c0e8b617c,STAD,uni,UNI,10x__2p5x,0.3266268074512481,-3.070474169351488,0.36619718309859156,0.08450704225352113
TCGA-BR-A4CQ-01Z-00-DX1.B63282A5-154D-441B-BF96-5BB26CB6D95E,STAD,uni,UNI,40x__10x,0.3879279792308807,-0.2096955295796045,0.36619718309859156,0.6619718309859155
TCGA-BR-A4CQ-01Z-00-DX1.B63282A5-154D-441B-BF96-5BB26CB6D95E,STAD,uni,UNI,40x__2p5x,0.1616374179720878,-1.3076036566257532,0.28169014084507044,0.6901408450704225
TCGA-BR-A4CQ-01Z-00-DX1.B63282A5-154D-441B-BF96-5BB26CB6D95E,STAD,uni,UNI,10x__2p5x,0.323282390832901,-3.0040117332212657,0.352112676056338,0.09859154929577464
TCGA-CD-A487-01Z-00-DX1.A026BD2F-B721-4340-83D5-7AA39227C90F,STAD,uni,UNI,40x__10x,0.4145241975784302,0.1581056164182776,0.5070422535211268,0.9154929577464789
TCGA-CD-A487-01Z-00-DX1.A026BD2F-B721-4340-83D5-7AA39227C90F,STAD,uni,UNI,40x__2p5x,0.196986511349678,-0.6278848448610113,0.4507042253521127,0.8309859154929577
TCGA-CD-A487-01Z-00-DX1.A026BD2F-B721-4340-83D5-7AA39227C90F,STAD,uni,UNI,10x__2p5x,0.3577355295419693,-1.7941169782019657,0.5492957746478874,0.36619718309859156
TCGA-FP-8209-01Z-00-DX1.a5e13081-1631-44d4-8d6a-c229a22c2311,STAD,uni,UNI,40x__10x,0.3765602260828018,0.8489884491636097,0.30985915492957744,0.971830985915493
TCGA-FP-8209-01Z-00-DX1.a5e13081-1631-44d4-8d6a-c229a22c2311,STAD,uni,UNI,40x__2p5x,0.2352707386016845,-0.2079700508247592,0.6338028169014085,0.9436619718309859
TCGA-FP-8209-01Z-00-DX1.a5e13081-1631-44d4-8d6a-c229a22c2311,STAD,uni,UNI,10x__2p5x,0.3835248351097107,-0.4222218586149992,0.676056338028169,0.7887323943661971
TCGA-SW-A7EA-01Z-00-DX1.C5E1BE0E-0A25-4480-A3AC-DB2ED7471A4E,STAD,uni,UNI,40x__10x,0.529545933008194,-0.7649438886701434,0.9577464788732394,0.2535211267605634
TCGA-SW-A7EA-01Z-00-DX1.C5E1BE0E-0A25-4480-A3AC-DB2ED7471A4E,STAD,uni,UNI,40x__2p5x,0.2401390969753265,-3.24507829625515,0.676056338028169,0.18309859154929578
TCGA-SW-A7EA-01Z-00-DX1.C5E1BE0E-0A25-4480-A3AC-DB2ED7471A4E,STAD,uni,UNI,10x__2p5x,0.4543493390083313,-3.284259115758792,0.9014084507042254,0.056338028169014086
TCGA-VQ-A8PY-01Z-00-DX1.EA2C7386-012A-442A-95B3-FFA12BD2684D,STAD,uni,UNI,40x__10x,0.3933108001947403,0.3677394416878849,0.38028169014084506,0.9577464788732394
TCGA-VQ-A8PY-01Z-00-DX1.EA2C7386-012A-442A-95B3-FFA12BD2684D,STAD,uni,UNI,40x__2p5x,0.1703276708722114,-0.6092086498275485,0.36619718309859156,0.8591549295774648
TCGA-VQ-A8PY-01Z-00-DX1.EA2C7386-012A-442A-95B3-FFA12BD2684D,STAD,uni,UNI,10x__2p5x,0.339501678943634,-1.806196769722296,0.4647887323943662,0.3380281690140845
TCGA-VQ-A924-01Z-00-DX1.736B41F3-9678-4FAF-AE86-FCAC4F6DCBD3,STAD,uni,UNI,40x__10x,0.3849882632493973,-0.4430929598051446,0.352112676056338,0.4647887323943662
TCGA-VQ-A924-01Z-00-DX1.736B41F3-9678-4FAF-AE86-FCAC4F6DCBD3,STAD,uni,UNI,40x__2p5x,0.1497878618538379,-2.426350281066508,0.2112676056338028,0.4507042253521127
TCGA-VQ-A924-01Z-00-DX1.736B41F3-9678-4FAF-AE86-FCAC4F6DCBD3,STAD,uni,UNI,10x__2p5x,0.3271037340164184,-1.8520591060135296,0.38028169014084506,0.29577464788732394
TCGA-ZQ-A9CR-01Z-00-DX1.C9AC9991-7054-4068-A7AA-9D1EB7F040A3,STAD,uni,UNI,40x__10x,0.5389769673347473,-0.383591302896528,0.971830985915493,0.49295774647887325
TCGA-ZQ-A9CR-01Z-00-DX1.C9AC9991-7054-4068-A7AA-9D1EB7F040A3,STAD,uni,UNI,40x__2p5x,0.3322940468788147,-2.4003991771312068,0.9295774647887324,0.4788732394366197
TCGA-ZQ-A9CR-01Z-00-DX1.C9AC9991-7054-4068-A7AA-9D1EB7F040A3,STAD,uni,UNI,10x__2p5x,0.4219619184732437,-2.178868731039345,0.7887323943661971,0.2112676056338028
TCGA-A5-A0GX-01Z-00-DX1.7E713D1A-5858-4648-957D-77189E43CFAA,UCEC,uni,UNI,40x__10x,0.4071840047836303,-0.1521159180130945,0.4647887323943662,0.7464788732394366
TCGA-A5-A0GX-01Z-00-DX1.7E713D1A-5858-4648-957D-77189E43CFAA,UCEC,uni,UNI,40x__2p5x,0.1695334166288375,-2.558304601214801,0.352112676056338,0.38028169014084506
TCGA-A5-A0GX-01Z-00-DX1.7E713D1A-5858-4648-957D-77189E43CFAA,UCEC,uni,UNI,10x__2p5x,0.3674099147319793,-1.6090703283806822,0.6056338028169014,0.4647887323943662
TCGA-A5-A0R7-01Z-00-DX1.D21E6974-22A3-4A68-8B4E-14E84A7A50A5,UCEC,uni,UNI,40x__10x,0.3668023943901062,-0.4658177521729491,0.28169014084507044,0.43661971830985913
TCGA-A5-A0R7-01Z-00-DX1.D21E6974-22A3-4A68-8B4E-14E84A7A50A5,UCEC,uni,UNI,40x__2p5x,0.152693971991539,-3.1927419868615616,0.22535211267605634,0.2112676056338028
TCGA-A5-A0R7-01Z-00-DX1.D21E6974-22A3-4A68-8B4E-14E84A7A50A5,UCEC,uni,UNI,10x__2p5x,0.3180095106363296,-3.324919485751655,0.30985915492957744,0.04225352112676056
TCGA-AX-A05U-01Z-00-DX1.1EBFC727-B5D5-4543-BBA9-4254ABD3D584,UCEC,uni,UNI,40x__10x,0.4552010893821716,-0.1800920797759162,0.7464788732394366,0.704225352112676
TCGA-AX-A05U-01Z-00-DX1.1EBFC727-B5D5-4543-BBA9-4254ABD3D584,UCEC,uni,UNI,40x__2p5x,0.207163855433464,-3.1390973165409117,0.49295774647887325,0.22535211267605634
TCGA-AX-A05U-01Z-00-DX1.1EBFC727-B5D5-4543-BBA9-4254ABD3D584,UCEC,uni,UNI,10x__2p5x,0.3941145539283752,-1.8227904572186255,0.7464788732394366,0.30985915492957744
TCGA-AX-A06B-01Z-00-DX2.1757C039-99F7-4087-A9E5-D340AF7220D4,UCEC,uni,UNI,40x__10x,0.3697400689125061,-0.2996164869735183,0.29577464788732394,0.6338028169014085
TCGA-AX-A06B-01Z-00-DX2.1757C039-99F7-4087-A9E5-D340AF7220D4,UCEC,uni,UNI,40x__2p5x,0.1480553075671196,-2.566629262975697,0.19718309859154928,0.36619718309859156
TCGA-AX-A06B-01Z-00-DX2.1757C039-99F7-4087-A9E5-D340AF7220D4,UCEC,uni,UNI,10x__2p5x,0.3420202136039734,-2.456223074796576,0.5070422535211268,0.16901408450704225
TCGA-AX-A0J0-01Z-00-DX2.56C668BE-03B8-4B87-A226-AABD97D53C38,UCEC,uni,UNI,40x__10x,0.4267471432685852,-0.3218136894347085,0.6056338028169014,0.5774647887323944
TCGA-AX-A0J0-01Z-00-DX2.56C668BE-03B8-4B87-A226-AABD97D53C38,UCEC,uni,UNI,40x__2p5x,0.1792525872588157,-3.473612384957621,0.4084507042253521,0.14084507042253522
TCGA-AX-A0J0-01Z-00-DX2.56C668BE-03B8-4B87-A226-AABD97D53C38,UCEC,uni,UNI,10x__2p5x,0.3229956328868866,-3.982705604011554,0.3380281690140845,0.028169014084507043
TCGA-B5-A11F-01Z-00-DX1.3F1C053D-E81E-4C8D-965D-6F3DE29D9511,UCEC,uni,UNI,40x__10x,0.3826627284288406,-0.5243458960679293,0.3380281690140845,0.36619718309859156
TCGA-B5-A11F-01Z-00-DX1.3F1C053D-E81E-4C8D-965D-6F3DE29D9511,UCEC,uni,UNI,40x__2p5x,0.1153380312025547,-4.244904077503462,0.04225352112676056,0.028169014084507043
TCGA-B5-A11F-01Z-00-DX1.3F1C053D-E81E-4C8D-965D-6F3DE29D9511,UCEC,uni,UNI,10x__2p5x,0.2498531267046928,-3.2300391408807423,0.04225352112676056,0.07042253521126761
TCGA-BG-A0W1-01Z-00-DX1.8E06269C-1278-478B-A128-59FA911B1649,UCEC,uni,UNI,40x__10x,0.3941190242767334,-0.8067894689663229,0.39436619718309857,0.22535211267605634
TCGA-BG-A0W1-01Z-00-DX1.8E06269C-1278-478B-A128-59FA911B1649,UCEC,uni,UNI,40x__2p5x,0.152713656425476,-3.093034929900966,0.23943661971830985,0.2676056338028169
TCGA-BG-A0W1-01Z-00-DX1.8E06269C-1278-478B-A128-59FA911B1649,UCEC,uni,UNI,10x__2p5x,0.3100320696830749,-2.437323369661375,0.2112676056338028,0.18309859154929578
TCGA-EY-A1GQ-01Z-00-DX1.03D52C6F-515E-4A4F-A08E-31D773BCC67F,UCEC,uni,UNI,40x__10x,0.4071002453565597,-1.146218307612603,0.4507042253521127,0.1267605633802817
TCGA-EY-A1GQ-01Z-00-DX1.03D52C6F-515E-4A4F-A08E-31D773BCC67F,UCEC,uni,UNI,40x__2p5x,0.1390617601573467,-3.481425107383441,0.16901408450704225,0.1267605633802817
TCGA-EY-A1GQ-01Z-00-DX1.03D52C6F-515E-4A4F-A08E-31D773BCC67F,UCEC,uni,UNI,10x__2p5x,0.3304381072521209,-2.8897506518130425,0.4084507042253521,0.14084507042253522
TCGA-FI-A2EX-01Z-00-DX1.127F5153-745D-43E6-83CA-DE2738702C62,UCEC,uni,UNI,40x__10x,0.4320591241121292,-0.1032787007917926,0.6619718309859155,0.7605633802816901
TCGA-FI-A2EX-01Z-00-DX1.127F5153-745D-43E6-83CA-DE2738702C62,UCEC,uni,UNI,40x__2p5x,0.1742696389555931,-2.480241340603164,0.39436619718309857,0.4084507042253521
TCGA-FI-A2EX-01Z-00-DX1.127F5153-745D-43E6-83CA-DE2738702C62,UCEC,uni,UNI,10x__2p5x,0.3396918922662735,-2.572069552444943,0.4788732394366197,0.15492957746478872
TCGA-CF-A3MF-01Z-00-DX1.91768C26-5BB1-4DE6-9737-AA26BD687A75,BLCA,uni2,UNI2,40x__10x,0.5254395306110382,-0.7509929833422679,0.8591549295774648,0.30985915492957744
TCGA-CF-A3MF-01Z-00-DX1.91768C26-5BB1-4DE6-9737-AA26BD687A75,BLCA,uni2,UNI2,40x__2p5x,0.256015732884407,-1.663330409943935,0.7464788732394366,0.36619718309859156
TCGA-CF-A3MF-01Z-00-DX1.91768C26-5BB1-4DE6-9737-AA26BD687A75,BLCA,uni2,UNI2,10x__2p5x,0.5283305943012238,-0.5231489896871844,0.4084507042253521,0.22535211267605634
TCGA-CU-A0YN-01Z-00-DX1.6C5EAAAF-8F14-49D3-8FFC-9BDAE56CAFD0,BLCA,uni2,UNI2,40x__10x,0.3099763989448547,0.998233322302313,0.1267605633802817,0.9577464788732394
TCGA-CU-A0YN-01Z-00-DX1.6C5EAAAF-8F14-49D3-8FFC-9BDAE56CAFD0,BLCA,uni2,UNI2,40x__2p5x,0.1571838334202766,-0.5256828744630311,0.14084507042253522,0.6197183098591549
TCGA-CU-A0YN-01Z-00-DX1.6C5EAAAF-8F14-49D3-8FFC-9BDAE56CAFD0,BLCA,uni2,UNI2,10x__2p5x,0.5320290327072144,0.4057218017588237,0.4647887323943662,0.9859154929577465
TCGA-DK-A6AW-01Z-00-DX1.C2453A8C-8282-443C-9E76-5B6CAD2FE69B,BLCA,uni2,UNI2,40x__10x,0.3254686743021011,-0.7921145330792514,0.19718309859154928,0.28169014084507044
TCGA-DK-A6AW-01Z-00-DX1.C2453A8C-8282-443C-9E76-5B6CAD2FE69B,BLCA,uni2,UNI2,40x__2p5x,0.1428465843200683,-2.2050923047894635,0.056338028169014086,0.18309859154929578
TCGA-DK-A6AW-01Z-00-DX1.C2453A8C-8282-443C-9E76-5B6CAD2FE69B,BLCA,uni2,UNI2,10x__2p5x,0.4738790094852447,0.0368075206031566,0.15492957746478872,0.9436619718309859
TCGA-DK-AA6L-01A-01-TSA.5794F0C6-9ED6-489A-9621-18CCC5935548,BLCA,uni2,UNI2,40x__10x,0.5151015520095825,0.4197865777988995,0.8309859154929577,0.9014084507042254
TCGA-DK-AA6L-01A-01-TSA.5794F0C6-9ED6-489A-9621-18CCC5935548,BLCA,uni2,UNI2,40x__2p5x,0.202420100569725,0.3856361878233059,0.4647887323943662,0.971830985915493
TCGA-DK-AA6L-01A-01-TSA.5794F0C6-9ED6-489A-9621-18CCC5935548,BLCA,uni2,UNI2,10x__2p5x,0.4472455084323883,-0.3098900615009478,0.1267605633802817,0.36619718309859156
TCGA-DK-AA77-01A-01-TSA.26CAF5CB-CC4F-4522-BD2B-343FB70205FE,BLCA,uni2,UNI2,40x__10x,0.5512359440326691,0.1777628977323233,0.9436619718309859,0.8732394366197183
TCGA-DK-AA77-01A-01-TSA.26CAF5CB-CC4F-4522-BD2B-343FB70205FE,BLCA,uni2,UNI2,40x__2p5x,0.2177004963159561,-0.5375418016031712,0.5352112676056338,0.5915492957746479
TCGA-DK-AA77-01A-01-TSA.26CAF5CB-CC4F-4522-BD2B-343FB70205FE,BLCA,uni2,UNI2,10x__2p5x,0.3498773425817489,-0.4540048197614831,0.028169014084507043,0.28169014084507044
TCGA-FD-A6TK-01Z-00-DX1.B685DA87-72A6-4C38-8AA1-40B6E543383C,BLCA,uni2,UNI2,40x__10x,0.3066110759973526,-1.2891339666456252,0.09859154929577464,0.14084507042253522
TCGA-FD-A6TK-01Z-00-DX1.B685DA87-72A6-4C38-8AA1-40B6E543383C,BLCA,uni2,UNI2,40x__2p5x,0.1863075196743011,-2.276855578097847,0.2676056338028169,0.15492957746478872
TCGA-FD-A6TK-01Z-00-DX1.B685DA87-72A6-4C38-8AA1-40B6E543383C,BLCA,uni2,UNI2,10x__2p5x,0.5690301358699799,-0.2639072518437687,0.7887323943661971,0.4084507042253521
TCGA-GU-AATP-01Z-00-DX1.0D8EC37C-88E7-49D5-A76D-F0A4A3FD8AE4,BLCA,uni2,UNI2,40x__10x,0.3618122041225433,-1.0311504459988832,0.323943661971831,0.23943661971830985
TCGA-GU-AATP-01Z-00-DX1.0D8EC37C-88E7-49D5-A76D-F0A4A3FD8AE4,BLCA,uni2,UNI2,40x__2p5x,0.1941133365035057,-2.6216319751038077,0.3380281690140845,0.09859154929577464
TCGA-GU-AATP-01Z-00-DX1.0D8EC37C-88E7-49D5-A76D-F0A4A3FD8AE4,BLCA,uni2,UNI2,10x__2p5x,0.5543686747550964,-0.2542898876097448,0.647887323943662,0.4507042253521127
TCGA-XF-A8HB-01Z-00-DX1.D6874152-D20A-4CA4-8E8B-8CBAB5F7D7B5,BLCA,uni2,UNI2,40x__10x,0.3518875539302826,-0.8314251674020074,0.29577464788732394,0.2676056338028169
TCGA-XF-A8HB-01Z-00-DX1.D6874152-D20A-4CA4-8E8B-8CBAB5F7D7B5,BLCA,uni2,UNI2,40x__2p5x,0.187530517578125,-2.209149519058515,0.29577464788732394,0.16901408450704225
TCGA-XF-A8HB-01Z-00-DX1.D6874152-D20A-4CA4-8E8B-8CBAB5F7D7B5,BLCA,uni2,UNI2,10x__2p5x,0.559945285320282,-0.1506912792243236,0.6901408450704225,0.5352112676056338
TCGA-ZF-A9R1-01Z-00-DX1.74520759-D448-45B5-B8AD-45502C99A519,BLCA,uni2,UNI2,40x__10x,0.3147392123937607,-1.3254509645053536,0.14084507042253522,0.09859154929577464
TCGA-ZF-A9R1-01Z-00-DX1.74520759-D448-45B5-B8AD-45502C99A519,BLCA,uni2,UNI2,40x__2p5x,0.1552771404385566,-2.411008776180136,0.11267605633802817,0.14084507042253522
TCGA-ZF-A9R1-01Z-00-DX1.74520759-D448-45B5-B8AD-45502C99A519,BLCA,uni2,UNI2,10x__2p5x,0.5257655382156372,-0.313471247703964,0.38028169014084506,0.352112676056338
TCGA-ZF-AA51-01Z-00-DX1.128C9731-C206-4E71-9A64-864FA9FD7E96,BLCA,uni2,UNI2,40x__10x,0.4296941012144089,-1.1729487259811489,0.6619718309859155,0.19718309859154928
TCGA-ZF-AA51-01Z-00-DX1.128C9731-C206-4E71-9A64-864FA9FD7E96,BLCA,uni2,UNI2,40x__2p5x,0.1754178702831268,-1.5504280709608644,0.19718309859154928,0.38028169014084506
TCGA-ZF-AA51-01Z-00-DX1.128C9731-C206-4E71-9A64-864FA9FD7E96,BLCA,uni2,UNI2,10x__2p5x,0.4297491610050201,-0.0339500272647827,0.04225352112676056,0.7183098591549296
TCGA-A7-A2KD-01Z-00-DX1.BFF2DFC8-1D95-4DC2-98FC-5BD7D7C6CDF5,BRCA,uni2,UNI2,40x__10x,0.3425844460725784,-1.3039076907445848,0.2676056338028169,0.11267605633802817
TCGA-A7-A2KD-01Z-00-DX1.BFF2DFC8-1D95-4DC2-98FC-5BD7D7C6CDF5,BRCA,uni2,UNI2,40x__2p5x,0.1668824553489685,-1.4151746773093985,0.16901408450704225,0.4084507042253521
TCGA-A7-A2KD-01Z-00-DX1.BFF2DFC8-1D95-4DC2-98FC-5BD7D7C6CDF5,BRCA,uni2,UNI2,10x__2p5x,0.5494387149810791,-0.2428343916389783,0.5915492957746479,0.4647887323943662
TCGA-AN-A0G0-01Z-00-DX1.BE0BB5DF-DEDA-48D8-B5D8-2735C767F28F,BRCA,uni2,UNI2,40x__10x,0.2666319757699966,-1.23417496146352,0.014084507042253521,0.15492957746478872
TCGA-AN-A0G0-01Z-00-DX1.BE0BB5DF-DEDA-48D8-B5D8-2735C767F28F,BRCA,uni2,UNI2,40x__2p5x,0.1311921067535877,-1.696721961269646,0.014084507042253521,0.352112676056338
TCGA-AN-A0G0-01Z-00-DX1.BE0BB5DF-DEDA-48D8-B5D8-2735C767F28F,BRCA,uni2,UNI2,10x__2p5x,0.4719120264053345,-0.4789430502001499,0.14084507042253522,0.2676056338028169
TCGA-AQ-A04L-01Z-00-DX1.F35BF4DD-896A-43C2-8DA6-C67945C003BE,BRCA,uni2,UNI2,40x__10x,0.3982687592506408,0.0084972210177822,0.4647887323943662,0.8450704225352113
TCGA-AQ-A04L-01Z-00-DX1.F35BF4DD-896A-43C2-8DA6-C67945C003BE,BRCA,uni2,UNI2,40x__2p5x,0.1987563371658325,-0.6595920295781889,0.4084507042253521,0.5492957746478874
TCGA-AQ-A04L-01Z-00-DX1.F35BF4DD-896A-43C2-8DA6-C67945C003BE,BRCA,uni2,UNI2,10x__2p5x,0.5418630838394165,-0.0704760844498922,0.5633802816901409,0.647887323943662
TCGA-AR-A2LK-01Z-00-DX1.FBD59C38-CD4E-4C22-BC74-A57C192A9BBC,BRCA,uni2,UNI2,40x__10x,0.3011929243803024,-0.4776103639094539,0.07042253521126761,0.38028169014084506
TCGA-AR-A2LK-01Z-00-DX1.FBD59C38-CD4E-4C22-BC74-A57C192A9BBC,BRCA,uni2,UNI2,40x__2p5x,0.1570596545934677,-1.1562258163680388,0.1267605633802817,0.4647887323943662
TCGA-AR-A2LK-01Z-00-DX1.FBD59C38-CD4E-4C22-BC74-A57C192A9BBC,BRCA,uni2,UNI2,10x__2p5x,0.4931657463312149,-0.1868433877925466,0.18309859154929578,0.4788732394366197
TCGA-AR-A5QM-01Z-00-DX1.A9017CED-FF57-4090-95B9-94DC91854347,BRCA,uni2,UNI2,40x__10x,0.276905246078968,-0.5332635174569458,0.04225352112676056,0.3380281690140845
TCGA-AR-A5QM-01Z-00-DX1.A9017CED-FF57-4090-95B9-94DC91854347,BRCA,uni2,UNI2,40x__2p5x,0.1436798796057701,-1.4588933947182627,0.07042253521126761,0.39436619718309857
TCGA-AR-A5QM-01Z-00-DX1.A9017CED-FF57-4090-95B9-94DC91854347,BRCA,uni2,UNI2,10x__2p5x,0.5377292037010193,-0.097515823068597,0.5070422535211268,0.5915492957746479
TCGA-BH-A0C1-01Z-00-DX1.21FE357E-B182-4397-BFEF-7E96E994236A,BRCA,uni2,UNI2,40x__10x,0.296381413936615,-0.881243229396342,0.056338028169014086,0.2535211267605634
TCGA-BH-A0C1-01Z-00-DX1.21FE357E-B182-4397-BFEF-7E96E994236A,BRCA,uni2,UNI2,40x__2p5x,0.1376396417617797,-1.8128421455097812,0.028169014084507043,0.30985915492957744
TCGA-BH-A0C1-01Z-00-DX1.21FE357E-B182-4397-BFEF-7E96E994236A,BRCA,uni2,UNI2,10x__2p5x,0.5390503704547882,-0.1264056831581605,0.5211267605633803,0.5633802816901409
TCGA-D8-A1X8-01Z-00-DX1.DDA3866E-C7CC-4650-BE2B-5C9A98A2D531,BRCA,uni2,UNI2,40x__10x,0.3665529042482376,-1.0655740125631827,0.3380281690140845,0.2112676056338028
TCGA-D8-A1X8-01Z-00-DX1.DDA3866E-C7CC-4650-BE2B-5C9A98A2D531,BRCA,uni2,UNI2,40x__2p5x,0.1792989298701286,-2.481102104074833,0.22535211267605634,0.11267605633802817
TCGA-D8-A1X8-01Z-00-DX1.DDA3866E-C7CC-4650-BE2B-5C9A98A2D531,BRCA,uni2,UNI2,10x__2p5x,0.5118700861930847,-0.3949863428738906,0.30985915492957744,0.29577464788732394
TCGA-E2-A14P-01Z-00-DX1.663B02FF-C64B-41A6-8685-FD61CD76F9C6,BRCA,uni2,UNI2,40x__10x,0.321528673171997,-1.0361682667584478,0.15492957746478872,0.22535211267605634
TCGA-E2-A14P-01Z-00-DX1.663B02FF-C64B-41A6-8685-FD61CD76F9C6,BRCA,uni2,UNI2,40x__2p5x,0.1504216343164444,-1.9832018681787995,0.08450704225352113,0.2535211267605634
TCGA-E2-A14P-01Z-00-DX1.663B02FF-C64B-41A6-8685-FD61CD76F9C6,BRCA,uni2,UNI2,10x__2p5x,0.5192456543445587,-0.3077392836596256,0.352112676056338,0.38028169014084506
TCGA-E2-A1LA-01Z-00-DX1.AE49E943-B830-4ED9-B09E-E499441BC2EC,BRCA,uni2,UNI2,40x__10x,0.332029327750206,-1.2230793043975838,0.22535211267605634,0.16901408450704225
TCGA-E2-A1LA-01Z-00-DX1.AE49E943-B830-4ED9-B09E-E499441BC2EC,BRCA,uni2,UNI2,40x__2p5x,0.1726532131433487,-2.0456237234536414,0.18309859154929578,0.23943661971830985
TCGA-E2-A1LA-01Z-00-DX1.AE49E943-B830-4ED9-B09E-E499441BC2EC,BRCA,uni2,UNI2,10x__2p5x,0.5086891353130341,-0.481264012873833,0.2676056338028169,0.2535211267605634
TCGA-GM-A3XN-01Z-00-DX1.49F5C8AC-0328-4BC2-9FE2-E7150B7A42E2,BRCA,uni2,UNI2,40x__10x,0.2673319280147552,-0.7556343231819154,0.028169014084507043,0.29577464788732394
TCGA-GM-A3XN-01Z-00-DX1.49F5C8AC-0328-4BC2-9FE2-E7150B7A42E2,BRCA,uni2,UNI2,40x__2p5x,0.1581271141767501,-1.8032712559170176,0.15492957746478872,0.323943661971831
TCGA-GM-A3XN-01Z-00-DX1.49F5C8AC-0328-4BC2-9FE2-E7150B7A42E2,BRCA,uni2,UNI2,10x__2p5x,0.5527309775352478,-0.0793698836821486,0.6338028169014085,0.6338028169014085
TCGA-AY-A8YK-01Z-00-DX1.89E3C546-0425-449B-A6FB-1C35168EA7EB,COAD,uni2,UNI2,40x__10x,0.376155212521553,0.3474133302579429,0.36619718309859156,0.8873239436619719
TCGA-AY-A8YK-01Z-00-DX1.89E3C546-0425-449B-A6FB-1C35168EA7EB,COAD,uni2,UNI2,40x__2p5x,0.1973170861601829,-1.9421262932038916,0.39436619718309857,0.28169014084507044
TCGA-AY-A8YK-01Z-00-DX1.89E3C546-0425-449B-A6FB-1C35168EA7EB,COAD,uni2,UNI2,10x__2p5x,0.5515159964561462,-1.6686567764323463,0.6056338028169014,0.014084507042253521
TCGA-CK-4947-01Z-00-DX1.b257d5fd-b97b-4987-b088-77f044ca7fe2,COAD,uni2,UNI2,40x__10x,0.3892470598220825,-2.223417935948432,0.4084507042253521,0.014084507042253521
TCGA-CK-4947-01Z-00-DX1.b257d5fd-b97b-4987-b088-77f044ca7fe2,COAD,uni2,UNI2,40x__2p5x,0.1899816691875457,-3.9301971095247694,0.30985915492957744,0.014084507042253521
TCGA-CK-4947-01Z-00-DX1.b257d5fd-b97b-4987-b088-77f044ca7fe2,COAD,uni2,UNI2,10x__2p5x,0.5154569894075394,-0.9683593990371728,0.3380281690140845,0.14084507042253522
TCGA-CM-6168-01Z-00-DX1.96af6eb2-9d51-4671-baf8-1a73d0c66869,COAD,uni2,UNI2,40x__10x,0.4235574007034302,-1.506826035236449,0.6338028169014085,0.08450704225352113
TCGA-CM-6168-01Z-00-DX1.96af6eb2-9d51-4671-baf8-1a73d0c66869,COAD,uni2,UNI2,40x__2p5x,0.2271876484155655,-3.136295067920764,0.5774647887323944,0.08450704225352113
TCGA-CM-6168-01Z-00-DX1.96af6eb2-9d51-4671-baf8-1a73d0c66869,COAD,uni2,UNI2,10x__2p5x,0.5198823809623718,-0.7366665799943528,0.36619718309859156,0.18309859154929578
TCGA-CM-6169-01Z-00-DX1.0381c243-02b8-4f1d-840c-19ef44d4b92c,COAD,uni2,UNI2,40x__10x,0.3876100182533264,-1.6244089768171794,0.39436619718309857,0.07042253521126761
TCGA-CM-6169-01Z-00-DX1.0381c243-02b8-4f1d-840c-19ef44d4b92c,COAD,uni2,UNI2,40x__2p5x,0.197075754404068,-3.412018531939816,0.38028169014084506,0.04225352112676056
TCGA-CM-6169-01Z-00-DX1.0381c243-02b8-4f1d-840c-19ef44d4b92c,COAD,uni2,UNI2,10x__2p5x,0.5096947997808456,-0.7826245979347062,0.29577464788732394,0.15492957746478872
TCGA-G4-6309-01Z-00-DX1.3eb20fdc-eb86-4bd5-8194-76b02d4fa472,COAD,uni2,UNI2,40x__10x,0.4189900159835815,-1.667791145593976,0.5633802816901409,0.04225352112676056
TCGA-G4-6309-01Z-00-DX1.3eb20fdc-eb86-4bd5-8194-76b02d4fa472,COAD,uni2,UNI2,40x__2p5x,0.2096657454967498,-3.2667701384181136,0.5211267605633803,0.07042253521126761
TCGA-G4-6309-01Z-00-DX1.3eb20fdc-eb86-4bd5-8194-76b02d4fa472,COAD,uni2,UNI2,10x__2p5x,0.5010399669408798,-0.3912494871565487,0.2112676056338028,0.30985915492957744
TCGA-G4-6310-01Z-00-DX1.b88472d4-3adc-4e4d-b0f2-0dc195a3d7df,COAD,uni2,UNI2,40x__10x,0.4055251777172088,-1.8910416747519587,0.4788732394366197,0.028169014084507043
TCGA-G4-6310-01Z-00-DX1.b88472d4-3adc-4e4d-b0f2-0dc195a3d7df,COAD,uni2,UNI2,40x__2p5x,0.1947297155857086,-3.594431665487022,0.36619718309859156,0.028169014084507043
TCGA-G4-6310-01Z-00-DX1.b88472d4-3adc-4e4d-b0f2-0dc195a3d7df,COAD,uni2,UNI2,10x__2p5x,0.5123412311077118,-0.9731794264885438,0.323943661971831,0.1267605633802817
TCGA-G4-6588-01Z-00-DX1.0747172e-f630-4b7c-9341-55078585ae00,COAD,uni2,UNI2,40x__10x,0.4121672809123993,-1.2943868239606615,0.5352112676056338,0.1267605633802817
TCGA-G4-6588-01Z-00-DX1.0747172e-f630-4b7c-9341-55078585ae00,COAD,uni2,UNI2,40x__2p5x,0.209603726863861,-3.286224870744676,0.5070422535211268,0.056338028169014086
TCGA-G4-6588-01Z-00-DX1.0747172e-f630-4b7c-9341-55078585ae00,COAD,uni2,UNI2,10x__2p5x,0.5029642432928085,-0.5837647828676429,0.22535211267605634,0.2112676056338028
TCGA-BA-6871-01Z-00-DX1.4d9ca329-f8d5-4c31-a20f-9d4fba728326,HNSC,uni2,UNI2,40x__10x,0.389464721083641,0.9885342758863108,0.4225352112676056,0.9436619718309859
TCGA-BA-6871-01Z-00-DX1.4d9ca329-f8d5-4c31-a20f-9d4fba728326,HNSC,uni2,UNI2,40x__2p5x,0.1514720842242241,-0.0388277335645414,0.09859154929577464,0.9154929577464789
TCGA-BA-6871-01Z-00-DX1.4d9ca329-f8d5-4c31-a20f-9d4fba728326,HNSC,uni2,UNI2,10x__2p5x,0.4309419244527817,0.3621794032838082,0.056338028169014086,0.971830985915493
TCGA-BA-6872-01Z-00-DX1.F99F6394-D319-4599-B124-D2A6692FA096,HNSC,uni2,UNI2,40x__10x,0.5119097679853439,-1.2155582314601574,0.8028169014084507,0.18309859154929578
TCGA-BA-6872-01Z-00-DX1.F99F6394-D319-4599-B124-D2A6692FA096,HNSC,uni2,UNI2,40x__2p5x,0.1941638141870498,-2.4471190111832466,0.352112676056338,0.1267605633802817
TCGA-BA-6872-01Z-00-DX1.F99F6394-D319-4599-B124-D2A6692FA096,HNSC,uni2,UNI2,10x__2p5x,0.4457723498344421,-0.2588933609781006,0.08450704225352113,0.43661971830985913
TCGA-CN-A6V7-01A-01-TS1.F54912D3-1E21-4605-ACFC-142973524AE2,HNSC,uni2,UNI2,40x__10x,0.5132249295711517,1.1970558883244509,0.8169014084507042,0.971830985915493
TCGA-CN-A6V7-01A-01-TS1.F54912D3-1E21-4605-ACFC-142973524AE2,HNSC,uni2,UNI2,40x__2p5x,0.1382087990641594,2.355985987179795,0.04225352112676056,1.0
TCGA-CN-A6V7-01A-01-TS1.F54912D3-1E21-4605-ACFC-142973524AE2,HNSC,uni2,UNI2,10x__2p5x,0.3061179518699646,2.936346153842289,0.014084507042253521,1.0
TCGA-CV-6935-01Z-00-DX1.9C449CB2-FB6D-41D1-A4A6-3069DC84A697,HNSC,uni2,UNI2,40x__10x,0.4200109839439392,-0.273672044490466,0.5915492957746479,0.4788732394366197
TCGA-CV-6935-01Z-00-DX1.9C449CB2-FB6D-41D1-A4A6-3069DC84A697,HNSC,uni2,UNI2,40x__2p5x,0.2380175143480301,-1.3541242845930932,0.6338028169014085,0.4225352112676056
TCGA-CV-6935-01Z-00-DX1.9C449CB2-FB6D-41D1-A4A6-3069DC84A697,HNSC,uni2,UNI2,10x__2p5x,0.5940610766410828,-0.135239395414999,0.8732394366197183,0.5492957746478874
TCGA-CV-A45O-01Z-00-DX1.8CBD0CCC-C815-475D-87F9-76272F4F715B,HNSC,uni2,UNI2,40x__10x,0.4337687343358993,-0.0542295657619167,0.676056338028169,0.676056338028169
TCGA-CV-A45O-01Z-00-DX1.8CBD0CCC-C815-475D-87F9-76272F4F715B,HNSC,uni2,UNI2,40x__2p5x,0.2477889955043792,-0.8303008384061543,0.6901408450704225,0.5211267605633803
TCGA-CV-A45O-01Z-00-DX1.8CBD0CCC-C815-475D-87F9-76272F4F715B,HNSC,uni2,UNI2,10x__2p5x,0.5627803206443787,-0.1526172212791238,0.7464788732394366,0.5211267605633803
TCGA-CV-A6JE-01Z-00-DX1.20137D17-19B3-49FF-9C3D-60933157E409,HNSC,uni2,UNI2,40x__10x,0.4784856289625168,-0.3142756333855127,0.7323943661971831,0.43661971830985913
TCGA-CV-A6JE-01Z-00-DX1.20137D17-19B3-49FF-9C3D-60933157E409,HNSC,uni2,UNI2,40x__2p5x,0.335752859711647,-1.2436891587423973,0.9295774647887324,0.43661971830985913
TCGA-CV-A6JE-01Z-00-DX1.20137D17-19B3-49FF-9C3D-60933157E409,HNSC,uni2,UNI2,10x__2p5x,0.5981855094432831,-0.184290747768253,0.8873239436619719,0.49295774647887325
TCGA-CV-A6JU-01Z-00-DX1.35A3A1F0-9D6C-4794-B501-E56E48C51DF9,HNSC,uni2,UNI2,40x__10x,0.3818482309579849,-0.1831141071264011,0.38028169014084506,0.5492957746478874
TCGA-CV-A6JU-01Z-00-DX1.35A3A1F0-9D6C-4794-B501-E56E48C51DF9,HNSC,uni2,UNI2,40x__2p5x,0.2359580546617508,-0.8600457553711902,0.6197183098591549,0.5070422535211268
TCGA-CV-A6JU-01Z-00-DX1.35A3A1F0-9D6C-4794-B501-E56E48C51DF9,HNSC,uni2,UNI2,10x__2p5x,0.5778393447399139,-0.0851831777114108,0.8028169014084507,0.6197183098591549
TCGA-UF-A719-01Z-00-DX1.4C4ECC2C-C390-4C5E-A709-CF08C113F1A1,HNSC,uni2,UNI2,40x__10x,0.3273684382438659,0.1464747991587998,0.2112676056338028,0.8591549295774648
TCGA-UF-A719-01Z-00-DX1.4C4ECC2C-C390-4C5E-A709-CF08C113F1A1,HNSC,uni2,UNI2,40x__2p5x,0.2090846970677375,-0.6183397822290276,0.49295774647887325,0.5633802816901409
TCGA-UF-A719-01Z-00-DX1.4C4ECC2C-C390-4C5E-A709-CF08C113F1A1,HNSC,uni2,UNI2,10x__2p5x,0.5490290522575378,-0.2953314606718342,0.5774647887323944,0.39436619718309857
TCGA-A3-3346-01Z-00-DX1.95280216-fd71-4a03-b452-6e3d667f2542,KIRC,uni2,UNI2,40x__10x,0.4091599881649017,-0.0176077688684232,0.49295774647887325,0.7464788732394366
TCGA-A3-3346-01Z-00-DX1.95280216-fd71-4a03-b452-6e3d667f2542,KIRC,uni2,UNI2,40x__2p5x,0.1798860803246498,-0.6876516042478907,0.23943661971830985,0.5352112676056338
TCGA-A3-3346-01Z-00-DX1.95280216-fd71-4a03-b452-6e3d667f2542,KIRC,uni2,UNI2,10x__2p5x,0.4463029503822326,-0.3808396029663135,0.09859154929577464,0.323943661971831
TCGA-A3-A8CQ-01Z-00-DX1.78DA0827-5FB8-4B9F-A845-22F85830B5FB,KIRC,uni2,UNI2,40x__10x,0.5369132906198502,-0.0047941500257381,0.9154929577464789,0.7746478873239436
TCGA-A3-A8CQ-01Z-00-DX1.78DA0827-5FB8-4B9F-A845-22F85830B5FB,KIRC,uni2,UNI2,40x__2p5x,0.2350788414478302,-0.2006710774507423,0.6056338028169014,0.7323943661971831
TCGA-A3-A8CQ-01Z-00-DX1.78DA0827-5FB8-4B9F-A845-22F85830B5FB,KIRC,uni2,UNI2,10x__2p5x,0.4359617382287979,-0.0686263177624422,0.07042253521126761,0.676056338028169
TCGA-AK-3444-01Z-00-DX1.1F0E0B47-29FF-456F-800A-539983FDCFAA,KIRC,uni2,UNI2,40x__10x,0.5252242535352707,-0.0014929363703485,0.8450704225352113,0.8309859154929577
TCGA-AK-3444-01Z-00-DX1.1F0E0B47-29FF-456F-800A-539983FDCFAA,KIRC,uni2,UNI2,40x__2p5x,0.3366345465183258,-0.1194487963137294,0.9436619718309859,0.8028169014084507
TCGA-AK-3444-01Z-00-DX1.1F0E0B47-29FF-456F-800A-539983FDCFAA,KIRC,uni2,UNI2,10x__2p5x,0.6158621311187744,-0.0275326032201138,0.9436619718309859,0.7323943661971831
TCGA-B0-5094-01Z-00-DX1.eac31fe2-09da-4ecf-8e25-c073cbb03295,KIRC,uni2,UNI2,40x__10x,0.5675846338272095,-0.1070201761536312,0.971830985915493,0.5915492957746479
TCGA-B0-5094-01Z-00-DX1.eac31fe2-09da-4ecf-8e25-c073cbb03295,KIRC,uni2,UNI2,40x__2p5x,0.2746114432811737,-0.5063222811403938,0.8169014084507042,0.6338028169014085
TCGA-B0-5094-01Z-00-DX1.eac31fe2-09da-4ecf-8e25-c073cbb03295,KIRC,uni2,UNI2,10x__2p5x,0.5404107868671417,-0.2607974848550974,0.5492957746478874,0.4225352112676056
TCGA-B0-5106-01Z-00-DX1.564e51a3-be50-4eed-ba9c-4d478b96ffc6,KIRC,uni2,UNI2,40x__10x,0.5485530197620392,-0.0020469631841222,0.9295774647887324,0.8169014084507042
TCGA-B0-5106-01Z-00-DX1.564e51a3-be50-4eed-ba9c-4d478b96ffc6,KIRC,uni2,UNI2,40x__2p5x,0.384443074464798,-0.0590232002145001,0.9577464788732394,0.9014084507042254
TCGA-B0-5106-01Z-00-DX1.564e51a3-be50-4eed-ba9c-4d478b96ffc6,KIRC,uni2,UNI2,10x__2p5x,0.6589623391628265,-0.0093111252434414,0.971830985915493,0.8309859154929577
TCGA-B0-5711-01Z-00-DX1.6839921f-ec08-4e94-8bf9-4b5a4fcdda45,KIRC,uni2,UNI2,40x__10x,0.508063018321991,-0.0029704894317267,0.7887323943661971,0.8028169014084507
TCGA-B0-5711-01Z-00-DX1.6839921f-ec08-4e94-8bf9-4b5a4fcdda45,KIRC,uni2,UNI2,40x__2p5x,0.3314593434333801,-0.1133809591486302,0.9154929577464789,0.8169014084507042
TCGA-B0-5711-01Z-00-DX1.6839921f-ec08-4e94-8bf9-4b5a4fcdda45,KIRC,uni2,UNI2,10x__2p5x,0.6071161925792694,-0.0125818997127358,0.9154929577464789,0.8028169014084507
TCGA-B2-5633-01Z-00-DX1.c55a29ca-468e-46de-9ff5-a51f46fe09fd,KIRC,uni2,UNI2,40x__10x,0.5296608507633209,-0.0073793126217584,0.8873239436619719,0.7605633802816901
TCGA-B2-5633-01Z-00-DX1.c55a29ca-468e-46de-9ff5-a51f46fe09fd,KIRC,uni2,UNI2,40x__2p5x,0.396500289440155,-0.1245636013222762,0.971830985915493,0.7887323943661971
TCGA-B2-5633-01Z-00-DX1.c55a29ca-468e-46de-9ff5-a51f46fe09fd,KIRC,uni2,UNI2,10x__2p5x,0.6731702983379364,-0.0068637897730132,0.9859154929577465,0.8732394366197183
TCGA-BP-4991-01Z-00-DX1.71305f5c-ca59-48fa-bb82-4b441c1fffdc,KIRC,uni2,UNI2,40x__10x,0.5823352336883545,-0.0038082617255606,0.9859154929577465,0.7887323943661971
TCGA-BP-4991-01Z-00-DX1.71305f5c-ca59-48fa-bb82-4b441c1fffdc,KIRC,uni2,UNI2,40x__2p5x,0.4082186073064804,-0.1914712387478038,1.0,0.7464788732394366
TCGA-BP-4991-01Z-00-DX1.71305f5c-ca59-48fa-bb82-4b441c1fffdc,KIRC,uni2,UNI2,10x__2p5x,0.6529416441917419,-0.0368604733567902,0.9577464788732394,0.704225352112676
TCGA-BP-5201-01Z-00-DX1.d1a9878e-bb97-48fb-9098-9d9337f06250,KIRC,uni2,UNI2,40x__10x,0.6594098508358002,-0.2083568946546252,1.0,0.5070422535211268
TCGA-BP-5201-01Z-00-DX1.d1a9878e-bb97-48fb-9098-9d9337f06250,KIRC,uni2,UNI2,40x__2p5x,0.3145710825920105,-0.6128072319943454,0.8873239436619719,0.5774647887323944
TCGA-BP-5201-01Z-00-DX1.d1a9878e-bb97-48fb-9098-9d9337f06250,KIRC,uni2,UNI2,10x__2p5x,0.5094943791627884,-0.1213626436020766,0.28169014084507044,0.5774647887323944
TCGA-55-6986-01Z-00-DX1.ae52d41e-3cd6-4d36-b04b-2ea7d29bd8da,LUAD,uni2,UNI2,40x__10x,0.4785705804824829,-0.031872785838921,0.7464788732394366,0.7183098591549296
TCGA-55-6986-01Z-00-DX1.ae52d41e-3cd6-4d36-b04b-2ea7d29bd8da,LUAD,uni2,UNI2,40x__2p5x,0.2790591716766357,-0.0164955949483813,0.8309859154929577,0.9436619718309859
TCGA-55-6986-01Z-00-DX1.ae52d41e-3cd6-4d36-b04b-2ea7d29bd8da,LUAD,uni2,UNI2,10x__2p5x,0.5370929539203644,-0.0077059256751836,0.4788732394366197,0.8591549295774648
TCGA-64-5779-01Z-00-DX1.B3268447-DCE0-4927-B5A9-EC4D61E9B17D,LUAD,uni2,UNI2,40x__10x,0.3963051289319992,1.431224736956962,0.4507042253521127,1.0
TCGA-64-5779-01Z-00-DX1.B3268447-DCE0-4927-B5A9-EC4D61E9B17D,LUAD,uni2,UNI2,40x__2p5x,0.245466411113739,1.7113676846391712,0.676056338028169,0.9859154929577465
TCGA-64-5779-01Z-00-DX1.B3268447-DCE0-4927-B5A9-EC4D61E9B17D,LUAD,uni2,UNI2,10x__2p5x,0.5615958273410797,-0.7290111304043897,0.7183098591549296,0.19718309859154928
TCGA-78-7158-01Z-00-DX1.74db3dcd-2715-4ce7-8e48-30c8b7946ba0,LUAD,uni2,UNI2,40x__10x,0.4676327258348465,-0.0676573314204655,0.7183098591549296,0.6338028169014085
TCGA-78-7158-01Z-00-DX1.74db3dcd-2715-4ce7-8e48-30c8b7946ba0,LUAD,uni2,UNI2,40x__2p5x,0.2603885680437088,-0.0265458188437386,0.7605633802816901,0.9295774647887324
TCGA-78-7158-01Z-00-DX1.74db3dcd-2715-4ce7-8e48-30c8b7946ba0,LUAD,uni2,UNI2,10x__2p5x,0.562576949596405,-0.0129591025218226,0.7323943661971831,0.7887323943661971
TCGA-78-7163-01Z-00-DX1.42880bdf-271d-41dd-aada-e7ec1156ff31,LUAD,uni2,UNI2,40x__10x,0.5593439936637878,-0.2726584600342203,0.9577464788732394,0.49295774647887325
TCGA-78-7163-01Z-00-DX1.42880bdf-271d-41dd-aada-e7ec1156ff31,LUAD,uni2,UNI2,40x__2p5x,0.406911090016365,-0.0934266334930165,0.9859154929577465,0.8591549295774648
TCGA-78-7163-01Z-00-DX1.42880bdf-271d-41dd-aada-e7ec1156ff31,LUAD,uni2,UNI2,10x__2p5x,0.6773481965065002,-0.086370262224539,1.0,0.6056338028169014
TCGA-78-7536-01Z-00-DX1.6b066140-8b82-40a5-bd48-430eeb4463fe,LUAD,uni2,UNI2,40x__10x,0.4439428150653839,-0.4858769934617144,0.6901408450704225,0.36619718309859156
TCGA-78-7536-01Z-00-DX1.6b066140-8b82-40a5-bd48-430eeb4463fe,LUAD,uni2,UNI2,40x__2p5x,0.2332106977701187,-0.3580319539343526,0.5915492957746479,0.6619718309859155
TCGA-78-7536-01Z-00-DX1.6b066140-8b82-40a5-bd48-430eeb4463fe,LUAD,uni2,UNI2,10x__2p5x,0.5291483998298645,0.2382444251963311,0.4225352112676056,0.9577464788732394
TCGA-86-8668-01Z-00-DX1.d720d486-02c7-4f98-8feb-e0e50a12c158,LUAD,uni2,UNI2,40x__10x,0.5285488069057465,-0.0178691313144941,0.8732394366197183,0.7323943661971831
TCGA-86-8668-01Z-00-DX1.d720d486-02c7-4f98-8feb-e0e50a12c158,LUAD,uni2,UNI2,40x__2p5x,0.2675316333770752,0.0219037971426886,0.7887323943661971,0.9577464788732394
TCGA-86-8668-01Z-00-DX1.d720d486-02c7-4f98-8feb-e0e50a12c158,LUAD,uni2,UNI2,10x__2p5x,0.5376499891281128,-0.0044375158806923,0.49295774647887325,0.9295774647887324
TCGA-97-A4LX-01Z-00-DX1.B2334672-A626-4E74-B4D1-A79F70F65909,LUAD,uni2,UNI2,40x__10x,0.3050230145454407,-0.0879032871521027,0.08450704225352113,0.6197183098591549
TCGA-97-A4LX-01Z-00-DX1.B2334672-A626-4E74-B4D1-A79F70F65909,LUAD,uni2,UNI2,40x__2p5x,0.185087963938713,-0.1070925264752724,0.2535211267605634,0.8450704225352113
TCGA-97-A4LX-01Z-00-DX1.B2334672-A626-4E74-B4D1-A79F70F65909,LUAD,uni2,UNI2,10x__2p5x,0.5840126872062683,-0.0172360343072388,0.8309859154929577,0.7746478873239436
TCGA-97-A4M2-01Z-00-DX1.5C72522C-1538-4D68-B517-5FB05A9D401A,LUAD,uni2,UNI2,40x__10x,0.3088815808296203,-0.1772741052014333,0.11267605633802817,0.5633802816901409
TCGA-97-A4M2-01Z-00-DX1.5C72522C-1538-4D68-B517-5FB05A9D401A,LUAD,uni2,UNI2,40x__2p5x,0.1866893470287323,-0.1358370348884111,0.28169014084507044,0.7746478873239436
TCGA-97-A4M2-01Z-00-DX1.5C72522C-1538-4D68-B517-5FB05A9D401A,LUAD,uni2,UNI2,10x__2p5x,0.5522699952125549,-0.0082280852940151,0.6197183098591549,0.8450704225352113
TCGA-J2-A4AE-01Z-00-DX1.42C5DE4A-7787-4E59-8969-D12503262C96,LUAD,uni2,UNI2,40x__10x,0.3243365883827209,-0.0890286439515053,0.18309859154929578,0.6056338028169014
TCGA-J2-A4AE-01Z-00-DX1.42C5DE4A-7787-4E59-8969-D12503262C96,LUAD,uni2,UNI2,40x__2p5x,0.2015562653541565,-0.1077496360225208,0.4507042253521127,0.8309859154929577
TCGA-J2-A4AE-01Z-00-DX1.42C5DE4A-7787-4E59-8969-D12503262C96,LUAD,uni2,UNI2,10x__2p5x,0.5867509543895721,-0.0121688408423751,0.8450704225352113,0.8169014084507042
TCGA-BR-6452-01Z-00-DX1.aec8246e-9dce-436d-9faa-df8fa1f6e47c,STAD,uni2,UNI2,40x__10x,0.4659031182527542,-0.0368392712063729,0.704225352112676,0.6901408450704225
TCGA-BR-6452-01Z-00-DX1.aec8246e-9dce-436d-9faa-df8fa1f6e47c,STAD,uni2,UNI2,40x__2p5x,0.2557549700140953,-1.766130082926198,0.7323943661971831,0.3380281690140845
TCGA-BR-6452-01Z-00-DX1.aec8246e-9dce-436d-9faa-df8fa1f6e47c,STAD,uni2,UNI2,10x__2p5x,0.5546201765537262,-1.027924825622718,0.6619718309859155,0.11267605633802817
TCGA-BR-6454-01Z-00-DX1.63fb6280-2b43-49b2-960a-eb9c0e8b617c,STAD,uni2,UNI2,40x__10x,0.4897618740797043,-0.3127043428467745,0.7746478873239436,0.4507042253521127
TCGA-BR-6454-01Z-00-DX1.63fb6280-2b43-49b2-960a-eb9c0e8b617c,STAD,uni2,UNI2,40x__2p5x,0.2516156435012817,-2.11392275855322,0.704225352112676,0.22535211267605634
TCGA-BR-6454-01Z-00-DX1.63fb6280-2b43-49b2-960a-eb9c0e8b617c,STAD,uni2,UNI2,10x__2p5x,0.529938817024231,-0.3180200998495898,0.43661971830985913,0.3380281690140845
TCGA-BR-A4CQ-01Z-00-DX1.B63282A5-154D-441B-BF96-5BB26CB6D95E,STAD,uni2,UNI2,40x__10x,0.3350255787372589,-0.0366690308118058,0.23943661971830985,0.704225352112676
TCGA-BR-A4CQ-01Z-00-DX1.B63282A5-154D-441B-BF96-5BB26CB6D95E,STAD,uni2,UNI2,40x__2p5x,0.2082684934139251,-1.1604614085735458,0.4788732394366197,0.4507042253521127
TCGA-BR-A4CQ-01Z-00-DX1.B63282A5-154D-441B-BF96-5BB26CB6D95E,STAD,uni2,UNI2,10x__2p5x,0.5062722414731979,-1.0455947480385954,0.2535211267605634,0.09859154929577464
TCGA-CD-A487-01Z-00-DX1.A026BD2F-B721-4340-83D5-7AA39227C90F,STAD,uni2,UNI2,40x__10x,0.4221655577421188,0.444889128488494,0.6197183098591549,0.9154929577464789
TCGA-CD-A487-01Z-00-DX1.A026BD2F-B721-4340-83D5-7AA39227C90F,STAD,uni2,UNI2,40x__2p5x,0.2006810531020164,-1.09423144980027,0.43661971830985913,0.4788732394366197
TCGA-CD-A487-01Z-00-DX1.A026BD2F-B721-4340-83D5-7AA39227C90F,STAD,uni2,UNI2,10x__2p5x,0.5050697922706604,-1.3194635848183602,0.23943661971830985,0.07042253521126761
TCGA-FP-8209-01Z-00-DX1.a5e13081-1631-44d4-8d6a-c229a22c2311,STAD,uni2,UNI2,40x__10x,0.4236015230417251,1.2445424453578262,0.647887323943662,0.9859154929577465
TCGA-FP-8209-01Z-00-DX1.a5e13081-1631-44d4-8d6a-c229a22c2311,STAD,uni2,UNI2,40x__2p5x,0.1755457073450088,-0.8636569202281923,0.2112676056338028,0.49295774647887325
TCGA-FP-8209-01Z-00-DX1.a5e13081-1631-44d4-8d6a-c229a22c2311,STAD,uni2,UNI2,10x__2p5x,0.4466125220060348,-0.7779905207573605,0.11267605633802817,0.16901408450704225
TCGA-SW-A7EA-01Z-00-DX1.C5E1BE0E-0A25-4480-A3AC-DB2ED7471A4E,STAD,uni2,UNI2,40x__10x,0.4104604125022888,-0.3296647620221232,0.5070422535211268,0.4225352112676056
TCGA-SW-A7EA-01Z-00-DX1.C5E1BE0E-0A25-4480-A3AC-DB2ED7471A4E,STAD,uni2,UNI2,40x__2p5x,0.2000322416424751,-2.1623710376524103,0.4225352112676056,0.19718309859154928
TCGA-SW-A7EA-01Z-00-DX1.C5E1BE0E-0A25-4480-A3AC-DB2ED7471A4E,STAD,uni2,UNI2,10x__2p5x,0.4929458200931549,-1.6229918233073526,0.16901408450704225,0.028169014084507043
TCGA-VQ-A8PY-01Z-00-DX1.EA2C7386-012A-442A-95B3-FFA12BD2684D,STAD,uni2,UNI2,40x__10x,0.3560955673456192,0.9818433663216636,0.30985915492957744,0.9295774647887324
TCGA-VQ-A8PY-01Z-00-DX1.EA2C7386-012A-442A-95B3-FFA12BD2684D,STAD,uni2,UNI2,40x__2p5x,0.2388451844453811,-0.3338093321976814,0.647887323943662,0.676056338028169
TCGA-VQ-A8PY-01Z-00-DX1.EA2C7386-012A-442A-95B3-FFA12BD2684D,STAD,uni2,UNI2,10x__2p5x,0.5885359048843384,-1.5896640985135615,0.8591549295774648,0.04225352112676056
TCGA-VQ-A924-01Z-00-DX1.736B41F3-9678-4FAF-AE86-FCAC4F6DCBD3,STAD,uni2,UNI2,40x__10x,0.3721491694450378,-0.0568847955968784,0.352112676056338,0.6619718309859155
TCGA-VQ-A924-01Z-00-DX1.736B41F3-9678-4FAF-AE86-FCAC4F6DCBD3,STAD,uni2,UNI2,40x__2p5x,0.2242209985852241,-1.9818322615484925,0.5492957746478874,0.2676056338028169
TCGA-VQ-A924-01Z-00-DX1.736B41F3-9678-4FAF-AE86-FCAC4F6DCBD3,STAD,uni2,UNI2,10x__2p5x,0.5400819480419159,-1.283040302701637,0.5352112676056338,0.08450704225352113
TCGA-ZQ-A9CR-01Z-00-DX1.C9AC9991-7054-4068-A7AA-9D1EB7F040A3,STAD,uni2,UNI2,40x__10x,0.5350820422172546,-0.4138188889166502,0.9014084507042254,0.39436619718309857
TCGA-ZQ-A9CR-01Z-00-DX1.C9AC9991-7054-4068-A7AA-9D1EB7F040A3,STAD,uni2,UNI2,40x__2p5x,0.2837175577878952,-2.148529988361997,0.8450704225352113,0.2112676056338028
TCGA-ZQ-A9CR-01Z-00-DX1.C9AC9991-7054-4068-A7AA-9D1EB7F040A3,STAD,uni2,UNI2,10x__2p5x,0.5306975841522217,-1.3620329174919683,0.4507042253521127,0.056338028169014086
TCGA-A5-A0GX-01Z-00-DX1.7E713D1A-5858-4648-957D-77189E43CFAA,UCEC,uni2,UNI2,40x__10x,0.4207217544317245,-0.1160465842103473,0.6056338028169014,0.5774647887323944
TCGA-A5-A0GX-01Z-00-DX1.7E713D1A-5858-4648-957D-77189E43CFAA,UCEC,uni2,UNI2,40x__2p5x,0.3031740486621856,-0.0898128134069902,0.8732394366197183,0.8732394366197183
TCGA-A5-A0GX-01Z-00-DX1.7E713D1A-5858-4648-957D-77189E43CFAA,UCEC,uni2,UNI2,10x__2p5x,0.5998092591762543,-0.0067705588985773,0.9014084507042254,0.8873239436619719
TCGA-A5-A0R7-01Z-00-DX1.D21E6974-22A3-4A68-8B4E-14E84A7A50A5,UCEC,uni2,UNI2,40x__10x,0.3233586996793747,-0.7112413552631973,0.16901408450704225,0.323943661971831
TCGA-A5-A0R7-01Z-00-DX1.D21E6974-22A3-4A68-8B4E-14E84A7A50A5,UCEC,uni2,UNI2,40x__2p5x,0.2451518774032592,-0.4438819305642815,0.6619718309859155,0.647887323943662
TCGA-A5-A0R7-01Z-00-DX1.D21E6974-22A3-4A68-8B4E-14E84A7A50A5,UCEC,uni2,UNI2,10x__2p5x,0.5789577662944794,-0.168649873026859,0.8169014084507042,0.5070422535211268
TCGA-AX-A05U-01Z-00-DX1.1EBFC727-B5D5-4543-BBA9-4254ABD3D584,UCEC,uni2,UNI2,40x__10x,0.4193914532661438,-0.350897189442933,0.5774647887323944,0.4084507042253521
TCGA-AX-A05U-01Z-00-DX1.1EBFC727-B5D5-4543-BBA9-4254ABD3D584,UCEC,uni2,UNI2,40x__2p5x,0.2702805250883102,-0.1429370146221147,0.8028169014084507,0.7605633802816901
TCGA-AX-A05U-01Z-00-DX1.1EBFC727-B5D5-4543-BBA9-4254ABD3D584,UCEC,uni2,UNI2,10x__2p5x,0.6102013885974884,-0.0057139498032268,0.9295774647887324,0.9154929577464789
TCGA-AX-A06B-01Z-00-DX2.1757C039-99F7-4087-A9E5-D340AF7220D4,UCEC,uni2,UNI2,40x__10x,0.3365239202976227,-0.5151392889955246,0.2535211267605634,0.352112676056338
TCGA-AX-A06B-01Z-00-DX2.1757C039-99F7-4087-A9E5-D340AF7220D4,UCEC,uni2,UNI2,40x__2p5x,0.1911497935652732,-0.5343896444982661,0.323943661971831,0.6056338028169014
TCGA-AX-A06B-01Z-00-DX2.1757C039-99F7-4087-A9E5-D340AF7220D4,UCEC,uni2,UNI2,10x__2p5x,0.4997862726449966,-0.0691866639757023,0.19718309859154928,0.6619718309859155
TCGA-AX-A0J0-01Z-00-DX2.56C668BE-03B8-4B87-A226-AABD97D53C38,UCEC,uni2,UNI2,40x__10x,0.4112526029348373,-0.1869496895226522,0.5211267605633803,0.5352112676056338
TCGA-AX-A0J0-01Z-00-DX2.56C668BE-03B8-4B87-A226-AABD97D53C38,UCEC,uni2,UNI2,40x__2p5x,0.2663724198937416,-0.2108958935722297,0.7746478873239436,0.7183098591549296
TCGA-AX-A0J0-01Z-00-DX2.56C668BE-03B8-4B87-A226-AABD97D53C38,UCEC,uni2,UNI2,10x__2p5x,0.5615103244781494,-0.0434647632220395,0.704225352112676,0.6901408450704225
TCGA-B5-A11F-01Z-00-DX1.3F1C053D-E81E-4C8D-965D-6F3DE29D9511,UCEC,uni2,UNI2,40x__10x,0.4133801609277725,-0.1942849524501554,0.5492957746478874,0.5211267605633803
TCGA-B5-A11F-01Z-00-DX1.3F1C053D-E81E-4C8D-965D-6F3DE29D9511,UCEC,uni2,UNI2,40x__2p5x,0.2544299587607384,-0.2272494297148818,0.7183098591549296,0.704225352112676
TCGA-B5-A11F-01Z-00-DX1.3F1C053D-E81E-4C8D-965D-6F3DE29D9511,UCEC,uni2,UNI2,10x__2p5x,0.5259568095207214,-0.0228581517537135,0.39436619718309857,0.7605633802816901
TCGA-BG-A0W1-01Z-00-DX1.8E06269C-1278-478B-A128-59FA911B1649,UCEC,uni2,UNI2,40x__10x,0.3920767605304718,-0.3035320636132171,0.43661971830985913,0.4647887323943662
TCGA-BG-A0W1-01Z-00-DX1.8E06269C-1278-478B-A128-59FA911B1649,UCEC,uni2,UNI2,40x__2p5x,0.2860367447137832,-0.2278266304562984,0.8591549295774648,0.6901408450704225
TCGA-BG-A0W1-01Z-00-DX1.8E06269C-1278-478B-A128-59FA911B1649,UCEC,uni2,UNI2,10x__2p5x,0.5680256485939026,-0.0264397705903806,0.7746478873239436,0.7464788732394366
TCGA-EY-A1GQ-01Z-00-DX1.03D52C6F-515E-4A4F-A08E-31D773BCC67F,UCEC,uni2,UNI2,40x__10x,0.3470601737499237,-1.645311281568821,0.28169014084507044,0.056338028169014086
TCGA-EY-A1GQ-01Z-00-DX1.03D52C6F-515E-4A4F-A08E-31D773BCC67F,UCEC,uni2,UNI2,40x__2p5x,0.2249423339962959,-1.8327668188139492,0.5633802816901409,0.29577464788732394
TCGA-EY-A1GQ-01Z-00-DX1.03D52C6F-515E-4A4F-A08E-31D773BCC67F,UCEC,uni2,UNI2,10x__2p5x,0.5654776692390442,-0.488353081233449,0.7605633802816901,0.23943661971830985
TCGA-FI-A2EX-01Z-00-DX1.127F5153-745D-43E6-83CA-DE2738702C62,UCEC,uni2,UNI2,40x__10x,0.4873896092176437,-0.0622687342975856,0.7605633802816901,0.647887323943662
TCGA-FI-A2EX-01Z-00-DX1.127F5153-745D-43E6-83CA-DE2738702C62,UCEC,uni2,UNI2,40x__2p5x,0.3207229673862457,-0.0748657622947683,0.9014084507042254,0.8873239436619719
TCGA-FI-A2EX-01Z-00-DX1.127F5153-745D-43E6-83CA-DE2738702C62,UCEC,uni2,UNI2,10x__2p5x,0.5575398504734039,-0.0058979196402596,0.676056338028169,0.9014084507042254
TCGA-CF-A3MF-01Z-00-DX1.91768C26-5BB1-4DE6-9737-AA26BD687A75,BLCA,virchow,Virchow,40x__10x,0.7118028104305267,-3.169593545237722,0.4225352112676056,0.04225352112676056
TCGA-CF-A3MF-01Z-00-DX1.91768C26-5BB1-4DE6-9737-AA26BD687A75,BLCA,virchow,Virchow,40x__2p5x,0.4217946380376816,-5.586580516058542,0.676056338028169,0.28169014084507044
TCGA-CF-A3MF-01Z-00-DX1.91768C26-5BB1-4DE6-9737-AA26BD687A75,BLCA,virchow,Virchow,10x__2p5x,0.4395458698272705,-5.388259083292313,0.5211267605633803,0.2112676056338028
TCGA-CU-A0YN-01Z-00-DX1.6C5EAAAF-8F14-49D3-8FFC-9BDAE56CAFD0,BLCA,virchow,Virchow,40x__10x,0.6711569130420685,-1.7102096218327472,0.29577464788732394,0.2676056338028169
TCGA-CU-A0YN-01Z-00-DX1.6C5EAAAF-8F14-49D3-8FFC-9BDAE56CAFD0,BLCA,virchow,Virchow,40x__2p5x,0.1870544552803039,-4.94876333201396,0.07042253521126761,0.4084507042253521
TCGA-CU-A0YN-01Z-00-DX1.6C5EAAAF-8F14-49D3-8FFC-9BDAE56CAFD0,BLCA,virchow,Virchow,10x__2p5x,0.3279758393764496,-4.70408107969313,0.1267605633802817,0.23943661971830985
TCGA-DK-A6AW-01Z-00-DX1.C2453A8C-8282-443C-9E76-5B6CAD2FE69B,BLCA,virchow,Virchow,40x__10x,0.5560910105705261,-3.902419783214456,0.04225352112676056,0.014084507042253521
TCGA-DK-A6AW-01Z-00-DX1.C2453A8C-8282-443C-9E76-5B6CAD2FE69B,BLCA,virchow,Virchow,40x__2p5x,0.198251187801361,-4.913395576109975,0.11267605633802817,0.43661971830985913
TCGA-DK-A6AW-01Z-00-DX1.C2453A8C-8282-443C-9E76-5B6CAD2FE69B,BLCA,virchow,Virchow,10x__2p5x,0.2838215753436088,-4.006391438276025,0.056338028169014086,0.352112676056338
TCGA-DK-AA6L-01A-01-TSA.5794F0C6-9ED6-489A-9621-18CCC5935548,BLCA,virchow,Virchow,40x__10x,0.6926063895225525,-0.6737960101162691,0.36619718309859156,0.7605633802816901
TCGA-DK-AA6L-01A-01-TSA.5794F0C6-9ED6-489A-9621-18CCC5935548,BLCA,virchow,Virchow,40x__2p5x,0.2651178389787674,-2.352857770236377,0.23943661971830985,0.7464788732394366
TCGA-DK-AA6L-01A-01-TSA.5794F0C6-9ED6-489A-9621-18CCC5935548,BLCA,virchow,Virchow,10x__2p5x,0.3829518109560013,-2.0145612038117315,0.36619718309859156,0.6901408450704225
TCGA-DK-AA77-01A-01-TSA.26CAF5CB-CC4F-4522-BD2B-343FB70205FE,BLCA,virchow,Virchow,40x__10x,0.5632686018943787,-1.7970319678017943,0.08450704225352113,0.2112676056338028
TCGA-DK-AA77-01A-01-TSA.26CAF5CB-CC4F-4522-BD2B-343FB70205FE,BLCA,virchow,Virchow,40x__2p5x,0.3574071377515793,-7.689742921154132,0.5070422535211268,0.056338028169014086
TCGA-DK-AA77-01A-01-TSA.26CAF5CB-CC4F-4522-BD2B-343FB70205FE,BLCA,virchow,Virchow,10x__2p5x,0.4089482873678207,-5.660520345209683,0.43661971830985913,0.16901408450704225
TCGA-FD-A6TK-01Z-00-DX1.B685DA87-72A6-4C38-8AA1-40B6E543383C,BLCA,virchow,Virchow,40x__10x,0.8108655512332916,-2.189487435023062,0.8591549295774648,0.16901408450704225
TCGA-FD-A6TK-01Z-00-DX1.B685DA87-72A6-4C38-8AA1-40B6E543383C,BLCA,virchow,Virchow,40x__2p5x,0.4056570827960968,-6.229127607007492,0.647887323943662,0.18309859154929578
TCGA-FD-A6TK-01Z-00-DX1.B685DA87-72A6-4C38-8AA1-40B6E543383C,BLCA,virchow,Virchow,10x__2p5x,0.451170265674591,-4.085032633518078,0.5352112676056338,0.323943661971831
TCGA-GU-AATP-01Z-00-DX1.0D8EC37C-88E7-49D5-A76D-F0A4A3FD8AE4,BLCA,virchow,Virchow,40x__10x,0.713534414768219,-0.8819263519458046,0.4507042253521127,0.6619718309859155
TCGA-GU-AATP-01Z-00-DX1.0D8EC37C-88E7-49D5-A76D-F0A4A3FD8AE4,BLCA,virchow,Virchow,40x__2p5x,0.2957745194435119,-6.854284096103865,0.323943661971831,0.09859154929577464
TCGA-GU-AATP-01Z-00-DX1.0D8EC37C-88E7-49D5-A76D-F0A4A3FD8AE4,BLCA,virchow,Virchow,10x__2p5x,0.3706240355968475,-3.988272004451906,0.28169014084507044,0.36619718309859156
TCGA-XF-A8HB-01Z-00-DX1.D6874152-D20A-4CA4-8E8B-8CBAB5F7D7B5,BLCA,virchow,Virchow,40x__10x,0.7324629724025726,-0.9213266256590922,0.5492957746478874,0.5915492957746479
TCGA-XF-A8HB-01Z-00-DX1.D6874152-D20A-4CA4-8E8B-8CBAB5F7D7B5,BLCA,virchow,Virchow,40x__2p5x,0.3569176346063614,-5.942981554941595,0.49295774647887325,0.2112676056338028
TCGA-XF-A8HB-01Z-00-DX1.D6874152-D20A-4CA4-8E8B-8CBAB5F7D7B5,BLCA,virchow,Virchow,10x__2p5x,0.4100101292133331,-3.0460124729852667,0.4507042253521127,0.5492957746478874
TCGA-ZF-A9R1-01Z-00-DX1.74520759-D448-45B5-B8AD-45502C99A519,BLCA,virchow,Virchow,40x__10x,0.7900605499744415,-1.8672168576363268,0.7887323943661971,0.19718309859154928
TCGA-ZF-A9R1-01Z-00-DX1.74520759-D448-45B5-B8AD-45502C99A519,BLCA,virchow,Virchow,40x__2p5x,0.4133403748273849,-5.409698683503672,0.6619718309859155,0.323943661971831
TCGA-ZF-A9R1-01Z-00-DX1.74520759-D448-45B5-B8AD-45502C99A519,BLCA,virchow,Virchow,10x__2p5x,0.4767967015504837,-2.710070719851362,0.6056338028169014,0.6056338028169014
TCGA-ZF-AA51-01Z-00-DX1.128C9731-C206-4E71-9A64-864FA9FD7E96,BLCA,virchow,Virchow,40x__10x,0.7128539383411407,-1.0476927840818122,0.43661971830985913,0.5633802816901409
TCGA-ZF-AA51-01Z-00-DX1.128C9731-C206-4E71-9A64-864FA9FD7E96,BLCA,virchow,Virchow,40x__2p5x,0.3082331866025924,-5.7153043934072185,0.3380281690140845,0.23943661971830985
TCGA-ZF-AA51-01Z-00-DX1.128C9731-C206-4E71-9A64-864FA9FD7E96,BLCA,virchow,Virchow,10x__2p5x,0.4947110265493393,-4.314562219399156,0.6197183098591549,0.28169014084507044
TCGA-A7-A2KD-01Z-00-DX1.BFF2DFC8-1D95-4DC2-98FC-5BD7D7C6CDF5,BRCA,virchow,Virchow,40x__10x,0.7216257154941559,-2.6415831391289744,0.5070422535211268,0.08450704225352113
TCGA-A7-A2KD-01Z-00-DX1.BFF2DFC8-1D95-4DC2-98FC-5BD7D7C6CDF5,BRCA,virchow,Virchow,40x__2p5x,0.2254396975040435,-0.9900974200317793,0.15492957746478872,0.9577464788732394
TCGA-A7-A2KD-01Z-00-DX1.BFF2DFC8-1D95-4DC2-98FC-5BD7D7C6CDF5,BRCA,virchow,Virchow,10x__2p5x,0.2764866352081299,0.1587056823544762,0.028169014084507043,0.971830985915493
TCGA-AN-A0G0-01Z-00-DX1.BE0BB5DF-DEDA-48D8-B5D8-2735C767F28F,BRCA,virchow,Virchow,40x__10x,0.5417490303516388,-2.401267736979816,0.028169014084507043,0.14084507042253522
TCGA-AN-A0G0-01Z-00-DX1.BE0BB5DF-DEDA-48D8-B5D8-2735C767F28F,BRCA,virchow,Virchow,40x__2p5x,0.2087002024054527,-5.342299638981428,0.1267605633802817,0.352112676056338
TCGA-AN-A0G0-01Z-00-DX1.BE0BB5DF-DEDA-48D8-B5D8-2735C767F28F,BRCA,virchow,Virchow,10x__2p5x,0.2805499359965324,-1.9096847812088416,0.04225352112676056,0.7183098591549296
TCGA-AQ-A04L-01Z-00-DX1.F35BF4DD-896A-43C2-8DA6-C67945C003BE,BRCA,virchow,Virchow,40x__10x,0.8546463847160339,-1.2991115773348478,0.9577464788732394,0.4084507042253521
TCGA-AQ-A04L-01Z-00-DX1.F35BF4DD-896A-43C2-8DA6-C67945C003BE,BRCA,virchow,Virchow,40x__2p5x,0.4428576231002807,-3.4110128492215046,0.7183098591549296,0.6197183098591549
TCGA-AQ-A04L-01Z-00-DX1.F35BF4DD-896A-43C2-8DA6-C67945C003BE,BRCA,virchow,Virchow,10x__2p5x,0.5246614217758179,-1.1383896020401132,0.6338028169014085,0.8732394366197183
TCGA-AR-A2LK-01Z-00-DX1.FBD59C38-CD4E-4C22-BC74-A57C192A9BBC,BRCA,virchow,Virchow,40x__10x,0.6349948346614838,-1.219913759637865,0.2112676056338028,0.4788732394366197
TCGA-AR-A2LK-01Z-00-DX1.FBD59C38-CD4E-4C22-BC74-A57C192A9BBC,BRCA,virchow,Virchow,40x__2p5x,0.3420941084623337,-4.165565925717552,0.4647887323943662,0.49295774647887325
TCGA-AR-A2LK-01Z-00-DX1.FBD59C38-CD4E-4C22-BC74-A57C192A9BBC,BRCA,virchow,Virchow,10x__2p5x,0.3781556636095047,-2.708863785903336,0.3380281690140845,0.6197183098591549
TCGA-AR-A5QM-01Z-00-DX1.A9017CED-FF57-4090-95B9-94DC91854347,BRCA,virchow,Virchow,40x__10x,0.7086932957172394,-0.3079797399536866,0.39436619718309857,0.8873239436619719
TCGA-AR-A5QM-01Z-00-DX1.A9017CED-FF57-4090-95B9-94DC91854347,BRCA,virchow,Virchow,40x__2p5x,0.3197520971298218,-3.0195199739823044,0.4084507042253521,0.6901408450704225
TCGA-AR-A5QM-01Z-00-DX1.A9017CED-FF57-4090-95B9-94DC91854347,BRCA,virchow,Virchow,10x__2p5x,0.3778251558542251,-1.8326278669451557,0.323943661971831,0.7464788732394366
TCGA-BH-A0C1-01Z-00-DX1.21FE357E-B182-4397-BFEF-7E96E994236A,BRCA,virchow,Virchow,40x__10x,0.7604896724224091,-1.3229189276894302,0.7183098591549296,0.36619718309859156
TCGA-BH-A0C1-01Z-00-DX1.21FE357E-B182-4397-BFEF-7E96E994236A,BRCA,virchow,Virchow,40x__2p5x,0.3175015449523926,-2.309113789163072,0.38028169014084506,0.7605633802816901
TCGA-BH-A0C1-01Z-00-DX1.21FE357E-B182-4397-BFEF-7E96E994236A,BRCA,virchow,Virchow,10x__2p5x,0.3764230906963348,-0.978784007239346,0.30985915492957744,0.9014084507042254
TCGA-D8-A1X8-01Z-00-DX1.DDA3866E-C7CC-4650-BE2B-5C9A98A2D531,BRCA,virchow,Virchow,40x__10x,0.6172007024288177,-1.5882032925635718,0.16901408450704225,0.30985915492957744
TCGA-D8-A1X8-01Z-00-DX1.DDA3866E-C7CC-4650-BE2B-5C9A98A2D531,BRCA,virchow,Virchow,40x__2p5x,0.33316770195961,-2.041142055351561,0.4225352112676056,0.8028169014084507
TCGA-D8-A1X8-01Z-00-DX1.DDA3866E-C7CC-4650-BE2B-5C9A98A2D531,BRCA,virchow,Virchow,10x__2p5x,0.4069625288248062,-0.957362418561448,0.4225352112676056,0.9154929577464789
TCGA-E2-A14P-01Z-00-DX1.663B02FF-C64B-41A6-8685-FD61CD76F9C6,BRCA,virchow,Virchow,40x__10x,0.5593282580375671,-2.231951848925981,0.07042253521126761,0.15492957746478872
TCGA-E2-A14P-01Z-00-DX1.663B02FF-C64B-41A6-8685-FD61CD76F9C6,BRCA,virchow,Virchow,40x__2p5x,0.2694557309150696,-3.3410313970989627,0.2535211267605634,0.6338028169014085
TCGA-E2-A14P-01Z-00-DX1.663B02FF-C64B-41A6-8685-FD61CD76F9C6,BRCA,virchow,Virchow,10x__2p5x,0.4184638857841491,-2.474283596274174,0.4788732394366197,0.647887323943662
TCGA-E2-A1LA-01Z-00-DX1.AE49E943-B830-4ED9-B09E-E499441BC2EC,BRCA,virchow,Virchow,40x__10x,0.6431850492954254,-1.1755944879845583,0.2676056338028169,0.5211267605633803
TCGA-E2-A1LA-01Z-00-DX1.AE49E943-B830-4ED9-B09E-E499441BC2EC,BRCA,virchow,Virchow,40x__2p5x,0.3709234446287155,-3.116176940858196,0.5352112676056338,0.676056338028169
TCGA-E2-A1LA-01Z-00-DX1.AE49E943-B830-4ED9-B09E-E499441BC2EC,BRCA,virchow,Virchow,10x__2p5x,0.4115502536296844,-1.0015076268407943,0.4647887323943662,0.8873239436619719
TCGA-GM-A3XN-01Z-00-DX1.49F5C8AC-0328-4BC2-9FE2-E7150B7A42E2,BRCA,virchow,Virchow,40x__10x,0.754017174243927,-0.6411993571481708,0.676056338028169,0.7746478873239436
TCGA-GM-A3XN-01Z-00-DX1.49F5C8AC-0328-4BC2-9FE2-E7150B7A42E2,BRCA,virchow,Virchow,40x__2p5x,0.3863733112812042,-3.3221320706371538,0.6056338028169014,0.647887323943662
TCGA-GM-A3XN-01Z-00-DX1.49F5C8AC-0328-4BC2-9FE2-E7150B7A42E2,BRCA,virchow,Virchow,10x__2p5x,0.3932500779628753,-1.804685623803589,0.39436619718309857,0.7605633802816901
TCGA-AY-A8YK-01Z-00-DX1.89E3C546-0425-449B-A6FB-1C35168EA7EB,COAD,virchow,Virchow,40x__10x,0.7339327931404114,-1.7740286002723598,0.5633802816901409,0.23943661971830985
TCGA-AY-A8YK-01Z-00-DX1.89E3C546-0425-449B-A6FB-1C35168EA7EB,COAD,virchow,Virchow,40x__2p5x,0.3147767931222915,-2.140238039226278,0.36619718309859156,0.7746478873239436
TCGA-AY-A8YK-01Z-00-DX1.89E3C546-0425-449B-A6FB-1C35168EA7EB,COAD,virchow,Virchow,10x__2p5x,0.3596820384263992,0.1070865922579818,0.23943661971830985,0.9577464788732394
TCGA-CK-4947-01Z-00-DX1.b257d5fd-b97b-4987-b088-77f044ca7fe2,COAD,virchow,Virchow,40x__10x,0.8241509199142456,-1.1409209746990914,0.8873239436619719,0.5492957746478874
TCGA-CK-4947-01Z-00-DX1.b257d5fd-b97b-4987-b088-77f044ca7fe2,COAD,virchow,Virchow,40x__2p5x,0.5931003987789154,-1.7625798828967518,0.8732394366197183,0.8591549295774648
TCGA-CK-4947-01Z-00-DX1.b257d5fd-b97b-4987-b088-77f044ca7fe2,COAD,virchow,Virchow,10x__2p5x,0.6320810914039612,-1.562361385096553,0.8450704225352113,0.7887323943661971
TCGA-CM-6168-01Z-00-DX1.96af6eb2-9d51-4671-baf8-1a73d0c66869,COAD,virchow,Virchow,40x__10x,0.8073964416980743,-0.7810689759423857,0.8309859154929577,0.7183098591549296
TCGA-CM-6168-01Z-00-DX1.96af6eb2-9d51-4671-baf8-1a73d0c66869,COAD,virchow,Virchow,40x__2p5x,0.674161970615387,-1.5176503847106342,0.9859154929577465,0.9154929577464789
TCGA-CM-6168-01Z-00-DX1.96af6eb2-9d51-4671-baf8-1a73d0c66869,COAD,virchow,Virchow,10x__2p5x,0.6504066586494446,-2.260378003724248,0.8873239436619719,0.676056338028169
TCGA-CM-6169-01Z-00-DX1.0381c243-02b8-4f1d-840c-19ef44d4b92c,COAD,virchow,Virchow,40x__10x,0.7967953383922577,-1.3003042956864692,0.8028169014084507,0.39436619718309857
TCGA-CM-6169-01Z-00-DX1.0381c243-02b8-4f1d-840c-19ef44d4b92c,COAD,virchow,Virchow,40x__2p5x,0.6303294897079468,-2.0980116663587567,0.971830985915493,0.7887323943661971
TCGA-CM-6169-01Z-00-DX1.0381c243-02b8-4f1d-840c-19ef44d4b92c,COAD,virchow,Virchow,10x__2p5x,0.6669784486293793,-3.02802087107748,0.9436619718309859,0.5633802816901409
TCGA-G4-6309-01Z-00-DX1.3eb20fdc-eb86-4bd5-8194-76b02d4fa472,COAD,virchow,Virchow,40x__10x,0.7506141066551208,-1.275291381018093,0.6338028169014085,0.43661971830985913
TCGA-G4-6309-01Z-00-DX1.3eb20fdc-eb86-4bd5-8194-76b02d4fa472,COAD,virchow,Virchow,40x__2p5x,0.5952780246734619,-1.0458572408435216,0.9014084507042254,0.9436619718309859
TCGA-G4-6309-01Z-00-DX1.3eb20fdc-eb86-4bd5-8194-76b02d4fa472,COAD,virchow,Virchow,10x__2p5x,0.5690141916275024,-1.4227427642402493,0.7183098591549296,0.8169014084507042
TCGA-G4-6310-01Z-00-DX1.b88472d4-3adc-4e4d-b0f2-0dc195a3d7df,COAD,virchow,Virchow,40x__10x,0.7341625690460205,-1.181813083983535,0.5774647887323944,0.5070422535211268
TCGA-G4-6310-01Z-00-DX1.b88472d4-3adc-4e4d-b0f2-0dc195a3d7df,COAD,virchow,Virchow,40x__2p5x,0.5523114800453186,-1.6907432508535831,0.8028169014084507,0.8732394366197183
TCGA-G4-6310-01Z-00-DX1.b88472d4-3adc-4e4d-b0f2-0dc195a3d7df,COAD,virchow,Virchow,10x__2p5x,0.574142336845398,-1.8915473615235912,0.7323943661971831,0.7323943661971831
TCGA-G4-6588-01Z-00-DX1.0747172e-f630-4b7c-9341-55078585ae00,COAD,virchow,Virchow,40x__10x,0.7440736889839172,-0.8501726872287503,0.6056338028169014,0.6901408450704225
TCGA-G4-6588-01Z-00-DX1.0747172e-f630-4b7c-9341-55078585ae00,COAD,virchow,Virchow,40x__2p5x,0.5868716835975647,-1.636402459963079,0.8591549295774648,0.8873239436619719
TCGA-G4-6588-01Z-00-DX1.0747172e-f630-4b7c-9341-55078585ae00,COAD,virchow,Virchow,10x__2p5x,0.5989731848239899,-1.6915524884378663,0.8169014084507042,0.7746478873239436
TCGA-BA-6871-01Z-00-DX1.4d9ca329-f8d5-4c31-a20f-9d4fba728326,HNSC,virchow,Virchow,40x__10x,0.7233849167823792,-0.6208203408804603,0.5211267605633803,0.8169014084507042
TCGA-BA-6871-01Z-00-DX1.4d9ca329-f8d5-4c31-a20f-9d4fba728326,HNSC,virchow,Virchow,40x__2p5x,0.3386754840612411,0.4773079952200268,0.4507042253521127,0.9859154929577465
TCGA-BA-6871-01Z-00-DX1.4d9ca329-f8d5-4c31-a20f-9d4fba728326,HNSC,virchow,Virchow,10x__2p5x,0.555919736623764,-0.5923799221012056,0.676056338028169,0.9295774647887324
TCGA-BA-6872-01Z-00-DX1.F99F6394-D319-4599-B124-D2A6692FA096,HNSC,virchow,Virchow,40x__10x,0.7662627398967743,-2.5122202468347354,0.7464788732394366,0.09859154929577464
TCGA-BA-6872-01Z-00-DX1.F99F6394-D319-4599-B124-D2A6692FA096,HNSC,virchow,Virchow,40x__2p5x,0.5784232914447784,-5.163810561694303,0.8450704225352113,0.38028169014084506
TCGA-BA-6872-01Z-00-DX1.F99F6394-D319-4599-B124-D2A6692FA096,HNSC,virchow,Virchow,10x__2p5x,0.7128346264362335,-3.824324321460512,0.9859154929577465,0.4225352112676056
TCGA-CN-A6V7-01A-01-TS1.F54912D3-1E21-4605-ACFC-142973524AE2,HNSC,virchow,Virchow,40x__10x,0.4730808287858963,1.7113964843380405,0.014084507042253521,1.0
TCGA-CN-A6V7-01A-01-TS1.F54912D3-1E21-4605-ACFC-142973524AE2,HNSC,virchow,Virchow,40x__2p5x,0.2889244258403778,3.178466435376373,0.28169014084507044,1.0
TCGA-CN-A6V7-01A-01-TS1.F54912D3-1E21-4605-ACFC-142973524AE2,HNSC,virchow,Virchow,10x__2p5x,0.4748368710279464,3.546027417479818,0.5915492957746479,1.0
TCGA-CV-6935-01Z-00-DX1.9C449CB2-FB6D-41D1-A4A6-3069DC84A697,HNSC,virchow,Virchow,40x__10x,0.63960200548172,-1.4331047962290946,0.23943661971830985,0.323943661971831
TCGA-CV-6935-01Z-00-DX1.9C449CB2-FB6D-41D1-A4A6-3069DC84A697,HNSC,virchow,Virchow,40x__2p5x,0.3951031118631363,-3.713287557553856,0.6197183098591549,0.5774647887323944
TCGA-CV-6935-01Z-00-DX1.9C449CB2-FB6D-41D1-A4A6-3069DC84A697,HNSC,virchow,Virchow,10x__2p5x,0.6575985550880432,-1.1780436391632487,0.9014084507042254,0.8591549295774648
TCGA-CV-A45O-01Z-00-DX1.8CBD0CCC-C815-475D-87F9-76272F4F715B,HNSC,virchow,Virchow,40x__10x,0.6192180514335632,-1.0338327270221788,0.18309859154929578,0.5774647887323944
TCGA-CV-A45O-01Z-00-DX1.8CBD0CCC-C815-475D-87F9-76272F4F715B,HNSC,virchow,Virchow,40x__2p5x,0.3598804771900177,-3.864869841412829,0.5211267605633803,0.5492957746478874
TCGA-CV-A45O-01Z-00-DX1.8CBD0CCC-C815-475D-87F9-76272F4F715B,HNSC,virchow,Virchow,10x__2p5x,0.5518451482057571,-1.4886923535081389,0.6619718309859155,0.8028169014084507
TCGA-CV-A6JE-01Z-00-DX1.20137D17-19B3-49FF-9C3D-60933157E409,HNSC,virchow,Virchow,40x__10x,0.7528354227542877,-1.7420475181000896,0.6619718309859155,0.2535211267605634
TCGA-CV-A6JE-01Z-00-DX1.20137D17-19B3-49FF-9C3D-60933157E409,HNSC,virchow,Virchow,40x__2p5x,0.4922542721033096,-1.998608470526692,0.7887323943661971,0.8309859154929577
TCGA-CV-A6JE-01Z-00-DX1.20137D17-19B3-49FF-9C3D-60933157E409,HNSC,virchow,Virchow,10x__2p5x,0.4687787294387817,-1.1905402016401574,0.5633802816901409,0.8450704225352113
TCGA-CV-A6JU-01Z-00-DX1.35A3A1F0-9D6C-4794-B501-E56E48C51DF9,HNSC,virchow,Virchow,40x__10x,0.6421589851379395,-1.4315679166780095,0.2535211267605634,0.3380281690140845
TCGA-CV-A6JU-01Z-00-DX1.35A3A1F0-9D6C-4794-B501-E56E48C51DF9,HNSC,virchow,Virchow,40x__2p5x,0.2852748259902,-1.5454074552899877,0.2676056338028169,0.9014084507042254
TCGA-CV-A6JU-01Z-00-DX1.35A3A1F0-9D6C-4794-B501-E56E48C51DF9,HNSC,virchow,Virchow,10x__2p5x,0.2980268150568008,-1.2085325866909475,0.08450704225352113,0.8309859154929577
TCGA-UF-A719-01Z-00-DX1.4C4ECC2C-C390-4C5E-A709-CF08C113F1A1,HNSC,virchow,Virchow,40x__10x,0.5579606890678406,-3.6405250020760542,0.056338028169014086,0.028169014084507043
TCGA-UF-A719-01Z-00-DX1.4C4ECC2C-C390-4C5E-A709-CF08C113F1A1,HNSC,virchow,Virchow,40x__2p5x,0.2356594279408455,0.4005497188919195,0.16901408450704225,0.971830985915493
TCGA-UF-A719-01Z-00-DX1.4C4ECC2C-C390-4C5E-A709-CF08C113F1A1,HNSC,virchow,Virchow,10x__2p5x,0.3387077897787094,-0.0158132444930111,0.15492957746478872,0.9436619718309859
TCGA-A3-3346-01Z-00-DX1.95280216-fd71-4a03-b452-6e3d667f2542,KIRC,virchow,Virchow,40x__10x,0.6717547178268433,-0.7647080474637417,0.323943661971831,0.7323943661971831
TCGA-A3-3346-01Z-00-DX1.95280216-fd71-4a03-b452-6e3d667f2542,KIRC,virchow,Virchow,40x__2p5x,0.4525985419750213,-2.84685745956873,0.7323943661971831,0.704225352112676
TCGA-A3-3346-01Z-00-DX1.95280216-fd71-4a03-b452-6e3d667f2542,KIRC,virchow,Virchow,10x__2p5x,0.65806645154953,-4.6420290128328725,0.9154929577464789,0.2535211267605634
TCGA-A3-A8CQ-01Z-00-DX1.78DA0827-5FB8-4B9F-A845-22F85830B5FB,KIRC,virchow,Virchow,40x__10x,0.7344333529472351,-0.4973331995719083,0.5915492957746479,0.8591549295774648
TCGA-A3-A8CQ-01Z-00-DX1.78DA0827-5FB8-4B9F-A845-22F85830B5FB,KIRC,virchow,Virchow,40x__2p5x,0.4810881167650223,-4.262311256901056,0.7746478873239436,0.4647887323943662
TCGA-A3-A8CQ-01Z-00-DX1.78DA0827-5FB8-4B9F-A845-22F85830B5FB,KIRC,virchow,Virchow,10x__2p5x,0.5616709887981415,-5.986139392318351,0.6901408450704225,0.14084507042253522
TCGA-AK-3444-01Z-00-DX1.1F0E0B47-29FF-456F-800A-539983FDCFAA,KIRC,virchow,Virchow,40x__10x,0.6061976552009583,-0.2470451434601809,0.15492957746478872,0.9014084507042254
TCGA-AK-3444-01Z-00-DX1.1F0E0B47-29FF-456F-800A-539983FDCFAA,KIRC,virchow,Virchow,40x__2p5x,0.2406045719981193,-4.225164689640892,0.19718309859154928,0.4788732394366197
TCGA-AK-3444-01Z-00-DX1.1F0E0B47-29FF-456F-800A-539983FDCFAA,KIRC,virchow,Virchow,10x__2p5x,0.3718826472759247,-5.568428712866055,0.29577464788732394,0.18309859154929578
TCGA-B0-5094-01Z-00-DX1.eac31fe2-09da-4ecf-8e25-c073cbb03295,KIRC,virchow,Virchow,40x__10x,0.8133672773838043,-0.3973167403459379,0.8732394366197183,0.8732394366197183
TCGA-B0-5094-01Z-00-DX1.eac31fe2-09da-4ecf-8e25-c073cbb03295,KIRC,virchow,Virchow,40x__2p5x,0.6001175045967102,-4.062881627819842,0.9436619718309859,0.5211267605633803
TCGA-B0-5094-01Z-00-DX1.eac31fe2-09da-4ecf-8e25-c073cbb03295,KIRC,virchow,Virchow,10x__2p5x,0.7198668420314789,-5.288881633649899,1.0,0.22535211267605634
TCGA-B0-5106-01Z-00-DX1.564e51a3-be50-4eed-ba9c-4d478b96ffc6,KIRC,virchow,Virchow,40x__10x,0.8710792660713196,-0.9064399474280694,0.971830985915493,0.6197183098591549
TCGA-B0-5106-01Z-00-DX1.564e51a3-be50-4eed-ba9c-4d478b96ffc6,KIRC,virchow,Virchow,40x__2p5x,0.5990318953990936,-2.019273517977436,0.9295774647887324,0.8169014084507042
TCGA-B0-5106-01Z-00-DX1.564e51a3-be50-4eed-ba9c-4d478b96ffc6,KIRC,virchow,Virchow,10x__2p5x,0.6328028440475464,-2.5252743787526617,0.8591549295774648,0.6338028169014085
TCGA-B0-5711-01Z-00-DX1.6839921f-ec08-4e94-8bf9-4b5a4fcdda45,KIRC,virchow,Virchow,40x__10x,0.8251365125179291,-0.219045451253467,0.9154929577464789,0.9154929577464789
TCGA-B0-5711-01Z-00-DX1.6839921f-ec08-4e94-8bf9-4b5a4fcdda45,KIRC,virchow,Virchow,40x__2p5x,0.595779538154602,-2.78509161310812,0.9154929577464789,0.7183098591549296
TCGA-B0-5711-01Z-00-DX1.6839921f-ec08-4e94-8bf9-4b5a4fcdda45,KIRC,virchow,Virchow,10x__2p5x,0.5987004339694977,-3.3040452435420966,0.8028169014084507,0.4788732394366197
TCGA-B2-5633-01Z-00-DX1.c55a29ca-468e-46de-9ff5-a51f46fe09fd,KIRC,virchow,Virchow,40x__10x,0.8249523341655731,-0.0237018679601459,0.9014084507042254,0.971830985915493
TCGA-B2-5633-01Z-00-DX1.c55a29ca-468e-46de-9ff5-a51f46fe09fd,KIRC,virchow,Virchow,40x__2p5x,0.5572081953287125,-3.743384422730281,0.8169014084507042,0.5633802816901409
TCGA-B2-5633-01Z-00-DX1.c55a29ca-468e-46de-9ff5-a51f46fe09fd,KIRC,virchow,Virchow,10x__2p5x,0.6471998989582062,-4.236030904234787,0.8732394366197183,0.29577464788732394
TCGA-BP-4991-01Z-00-DX1.71305f5c-ca59-48fa-bb82-4b441c1fffdc,KIRC,virchow,Virchow,40x__10x,0.8890834450721741,-0.0976960118580741,0.9859154929577465,0.9577464788732394
TCGA-BP-4991-01Z-00-DX1.71305f5c-ca59-48fa-bb82-4b441c1fffdc,KIRC,virchow,Virchow,40x__2p5x,0.5741068124771118,-3.4605670946443974,0.8309859154929577,0.6056338028169014
TCGA-BP-4991-01Z-00-DX1.71305f5c-ca59-48fa-bb82-4b441c1fffdc,KIRC,virchow,Virchow,10x__2p5x,0.6160787343978882,-3.2828565643772096,0.8309859154929577,0.49295774647887325
TCGA-BP-5201-01Z-00-DX1.d1a9878e-bb97-48fb-9098-9d9337f06250,KIRC,virchow,Virchow,40x__10x,0.8058803975582123,-0.632356566339513,0.8169014084507042,0.8028169014084507
TCGA-BP-5201-01Z-00-DX1.d1a9878e-bb97-48fb-9098-9d9337f06250,KIRC,virchow,Virchow,40x__2p5x,0.6770683228969574,-3.278462252536784,1.0,0.6619718309859155
TCGA-BP-5201-01Z-00-DX1.d1a9878e-bb97-48fb-9098-9d9337f06250,KIRC,virchow,Virchow,10x__2p5x,0.6909554600715637,-3.6738554270662567,0.971830985915493,0.4647887323943662
TCGA-55-6986-01Z-00-DX1.ae52d41e-3cd6-4d36-b04b-2ea7d29bd8da,LUAD,virchow,Virchow,40x__10x,0.7621099948883057,-0.5376496898457739,0.7323943661971831,0.8309859154929577
TCGA-55-6986-01Z-00-DX1.ae52d41e-3cd6-4d36-b04b-2ea7d29bd8da,LUAD,virchow,Virchow,40x__2p5x,0.3855740800499916,-2.773364849740965,0.5915492957746479,0.7323943661971831
TCGA-55-6986-01Z-00-DX1.ae52d41e-3cd6-4d36-b04b-2ea7d29bd8da,LUAD,virchow,Virchow,10x__2p5x,0.5794785022735596,-3.903867654537573,0.7464788732394366,0.4084507042253521
TCGA-64-5779-01Z-00-DX1.B3268447-DCE0-4927-B5A9-EC4D61E9B17D,LUAD,virchow,Virchow,40x__10x,0.7262959182262421,-2.5034394767329404,0.5352112676056338,0.11267605633802817
TCGA-64-5779-01Z-00-DX1.B3268447-DCE0-4927-B5A9-EC4D61E9B17D,LUAD,virchow,Virchow,40x__2p5x,0.1835610643029213,-1.2993967966051017,0.04225352112676056,0.9295774647887324
TCGA-64-5779-01Z-00-DX1.B3268447-DCE0-4927-B5A9-EC4D61E9B17D,LUAD,virchow,Virchow,10x__2p5x,0.3926699832081795,1.120840271529386,0.38028169014084506,0.9859154929577465
TCGA-78-7158-01Z-00-DX1.74db3dcd-2715-4ce7-8e48-30c8b7946ba0,LUAD,virchow,Virchow,40x__10x,0.8362250328063965,-1.3907541233339642,0.9295774647887324,0.352112676056338
TCGA-78-7158-01Z-00-DX1.74db3dcd-2715-4ce7-8e48-30c8b7946ba0,LUAD,virchow,Virchow,40x__2p5x,0.472390353679657,-5.0448690444493325,0.7464788732394366,0.39436619718309857
TCGA-78-7158-01Z-00-DX1.74db3dcd-2715-4ce7-8e48-30c8b7946ba0,LUAD,virchow,Virchow,10x__2p5x,0.5674023032188416,-3.6942229843508265,0.704225352112676,0.4507042253521127
TCGA-78-7163-01Z-00-DX1.42880bdf-271d-41dd-aada-e7ec1156ff31,LUAD,virchow,Virchow,40x__10x,0.8435907661914825,-2.6571939294142632,0.9436619718309859,0.07042253521126761
TCGA-78-7163-01Z-00-DX1.42880bdf-271d-41dd-aada-e7ec1156ff31,LUAD,virchow,Virchow,40x__2p5x,0.6138515770435333,-6.397160790450028,0.9577464788732394,0.14084507042253522
TCGA-78-7163-01Z-00-DX1.42880bdf-271d-41dd-aada-e7ec1156ff31,LUAD,virchow,Virchow,10x__2p5x,0.6653474569320679,-3.1541793868646857,0.9295774647887324,0.5352112676056338
TCGA-78-7536-01Z-00-DX1.6b066140-8b82-40a5-bd48-430eeb4463fe,LUAD,virchow,Virchow,40x__10x,0.7441992461681366,-3.067069856063266,0.6197183098591549,0.056338028169014086
TCGA-78-7536-01Z-00-DX1.6b066140-8b82-40a5-bd48-430eeb4463fe,LUAD,virchow,Virchow,40x__2p5x,0.371520385146141,-3.702900420880928,0.5633802816901409,0.5915492957746479
TCGA-78-7536-01Z-00-DX1.6b066140-8b82-40a5-bd48-430eeb4463fe,LUAD,virchow,Virchow,10x__2p5x,0.5904390215873718,-2.783682221055728,0.7746478873239436,0.5774647887323944
TCGA-86-8668-01Z-00-DX1.d720d486-02c7-4f98-8feb-e0e50a12c158,LUAD,virchow,Virchow,40x__10x,0.7510824501514435,-0.8887472568933882,0.647887323943662,0.647887323943662
TCGA-86-8668-01Z-00-DX1.d720d486-02c7-4f98-8feb-e0e50a12c158,LUAD,virchow,Virchow,40x__2p5x,0.3959299325942993,-1.9823629666584277,0.6338028169014085,0.8450704225352113
TCGA-86-8668-01Z-00-DX1.d720d486-02c7-4f98-8feb-e0e50a12c158,LUAD,virchow,Virchow,10x__2p5x,0.4734571725130081,-1.9858264708028448,0.5774647887323944,0.704225352112676
TCGA-97-A4LX-01Z-00-DX1.B2334672-A626-4E74-B4D1-A79F70F65909,LUAD,virchow,Virchow,40x__10x,0.635321244597435,-0.5195528276454102,0.22535211267605634,0.8450704225352113
TCGA-97-A4LX-01Z-00-DX1.B2334672-A626-4E74-B4D1-A79F70F65909,LUAD,virchow,Virchow,40x__2p5x,0.1957208216190338,-5.5779990549922935,0.08450704225352113,0.29577464788732394
TCGA-97-A4LX-01Z-00-DX1.B2334672-A626-4E74-B4D1-A79F70F65909,LUAD,virchow,Virchow,10x__2p5x,0.3119916245341301,-3.972707048488864,0.09859154929577464,0.38028169014084506
TCGA-97-A4M2-01Z-00-DX1.5C72522C-1538-4D68-B517-5FB05A9D401A,LUAD,virchow,Virchow,40x__10x,0.6316661536693573,-0.717041652042523,0.19718309859154928,0.7464788732394366
TCGA-97-A4M2-01Z-00-DX1.5C72522C-1538-4D68-B517-5FB05A9D401A,LUAD,virchow,Virchow,40x__2p5x,0.2520856037735939,-4.93649488114202,0.22535211267605634,0.4225352112676056
TCGA-97-A4M2-01Z-00-DX1.5C72522C-1538-4D68-B517-5FB05A9D401A,LUAD,virchow,Virchow,10x__2p5x,0.346101626753807,-3.741635371808873,0.18309859154929578,0.43661971830985913
TCGA-J2-A4AE-01Z-00-DX1.42C5DE4A-7787-4E59-8969-D12503262C96,LUAD,virchow,Virchow,40x__10x,0.5960239768028259,-0.1280143473564437,0.14084507042253522,0.9436619718309859
TCGA-J2-A4AE-01Z-00-DX1.42C5DE4A-7787-4E59-8969-D12503262C96,LUAD,virchow,Virchow,40x__2p5x,0.1834612637758255,-4.134030374074017,0.028169014084507043,0.5070422535211268
TCGA-J2-A4AE-01Z-00-DX1.42C5DE4A-7787-4E59-8969-D12503262C96,LUAD,virchow,Virchow,10x__2p5x,0.3121532127261162,-2.433764307016656,0.11267605633802817,0.6619718309859155
TCGA-BR-6452-01Z-00-DX1.aec8246e-9dce-436d-9faa-df8fa1f6e47c,STAD,virchow,Virchow,40x__10x,0.7861241400241852,-0.8925629854636113,0.7746478873239436,0.6338028169014085
TCGA-BR-6452-01Z-00-DX1.aec8246e-9dce-436d-9faa-df8fa1f6e47c,STAD,virchow,Virchow,40x__2p5x,0.4733918309211731,-6.654786852494103,0.7605633802816901,0.11267605633802817
TCGA-BR-6452-01Z-00-DX1.aec8246e-9dce-436d-9faa-df8fa1f6e47c,STAD,virchow,Virchow,10x__2p5x,0.5251309722661972,-7.568190798216523,0.647887323943662,0.07042253521126761
TCGA-BR-6454-01Z-00-DX1.63fb6280-2b43-49b2-960a-eb9c0e8b617c,STAD,virchow,Virchow,40x__10x,0.7171412706375122,-1.2289519026082103,0.4788732394366197,0.4647887323943662
TCGA-BR-6454-01Z-00-DX1.63fb6280-2b43-49b2-960a-eb9c0e8b617c,STAD,virchow,Virchow,40x__2p5x,0.3721861541271209,-10.332734178430746,0.5774647887323944,0.014084507042253521
TCGA-BR-6454-01Z-00-DX1.63fb6280-2b43-49b2-960a-eb9c0e8b617c,STAD,virchow,Virchow,10x__2p5x,0.4634355455636978,-10.128852760567751,0.5492957746478874,0.014084507042253521
TCGA-BR-A4CQ-01Z-00-DX1.B63282A5-154D-441B-BF96-5BB26CB6D95E,STAD,virchow,Virchow,40x__10x,0.8090453147888184,-1.7896975601436715,0.8450704225352113,0.22535211267605634
TCGA-BR-A4CQ-01Z-00-DX1.B63282A5-154D-441B-BF96-5BB26CB6D95E,STAD,virchow,Virchow,40x__2p5x,0.2394578456878662,-7.607511925469174,0.18309859154929578,0.07042253521126761
TCGA-BR-A4CQ-01Z-00-DX1.B63282A5-154D-441B-BF96-5BB26CB6D95E,STAD,virchow,Virchow,10x__2p5x,0.3568421006202698,-8.154998491310902,0.2112676056338028,0.056338028169014086
TCGA-CD-A487-01Z-00-DX1.A026BD2F-B721-4340-83D5-7AA39227C90F,STAD,virchow,Virchow,40x__10x,0.6712576448917389,-0.909159827663238,0.30985915492957744,0.6056338028169014
TCGA-CD-A487-01Z-00-DX1.A026BD2F-B721-4340-83D5-7AA39227C90F,STAD,virchow,Virchow,40x__2p5x,0.3714256286621094,-6.343328131864989,0.5492957746478874,0.15492957746478872
TCGA-CD-A487-01Z-00-DX1.A026BD2F-B721-4340-83D5-7AA39227C90F,STAD,virchow,Virchow,10x__2p5x,0.4244985580444336,-5.457968819840287,0.49295774647887325,0.19718309859154928
TCGA-FP-8209-01Z-00-DX1.a5e13081-1631-44d4-8d6a-c229a22c2311,STAD,virchow,Virchow,40x__10x,0.7110434472560883,1.3888775054886242,0.4084507042253521,0.9859154929577465
TCGA-FP-8209-01Z-00-DX1.a5e13081-1631-44d4-8d6a-c229a22c2311,STAD,virchow,Virchow,40x__2p5x,0.4332127124071121,-5.507173987912793,0.704225352112676,0.30985915492957744
TCGA-FP-8209-01Z-00-DX1.a5e13081-1631-44d4-8d6a-c229a22c2311,STAD,virchow,Virchow,10x__2p5x,0.5983185470104218,-7.480782763911537,0.7887323943661971,0.08450704225352113
TCGA-SW-A7EA-01Z-00-DX1.C5E1BE0E-0A25-4480-A3AC-DB2ED7471A4E,STAD,virchow,Virchow,40x__10x,0.7683359086513519,-1.2503921045268784,0.7605633802816901,0.4507042253521127
TCGA-SW-A7EA-01Z-00-DX1.C5E1BE0E-0A25-4480-A3AC-DB2ED7471A4E,STAD,virchow,Virchow,40x__2p5x,0.4219704866409302,-6.568414822067817,0.6901408450704225,0.1267605633802817
TCGA-SW-A7EA-01Z-00-DX1.C5E1BE0E-0A25-4480-A3AC-DB2ED7471A4E,STAD,virchow,Virchow,10x__2p5x,0.5826719403266907,-7.018205761443478,0.7605633802816901,0.11267605633802817
TCGA-VQ-A8PY-01Z-00-DX1.EA2C7386-012A-442A-95B3-FFA12BD2684D,STAD,virchow,Virchow,40x__10x,0.6781173944473267,-1.2917865742851078,0.3380281690140845,0.4225352112676056
TCGA-VQ-A8PY-01Z-00-DX1.EA2C7386-012A-442A-95B3-FFA12BD2684D,STAD,virchow,Virchow,40x__2p5x,0.2424135953187942,-5.988897425655415,0.2112676056338028,0.19718309859154928
TCGA-VQ-A8PY-01Z-00-DX1.EA2C7386-012A-442A-95B3-FFA12BD2684D,STAD,virchow,Virchow,10x__2p5x,0.348751813173294,-6.049633875676564,0.19718309859154928,0.1267605633802817
TCGA-VQ-A924-01Z-00-DX1.736B41F3-9678-4FAF-AE86-FCAC4F6DCBD3,STAD,virchow,Virchow,40x__10x,0.56759974360466,-0.8785637755180387,0.09859154929577464,0.676056338028169
TCGA-VQ-A924-01Z-00-DX1.736B41F3-9678-4FAF-AE86-FCAC4F6DCBD3,STAD,virchow,Virchow,40x__2p5x,0.3182372897863388,-8.893308944554205,0.39436619718309857,0.04225352112676056
TCGA-VQ-A924-01Z-00-DX1.736B41F3-9678-4FAF-AE86-FCAC4F6DCBD3,STAD,virchow,Virchow,10x__2p5x,0.3828956484794616,-9.282087209029658,0.352112676056338,0.04225352112676056
TCGA-ZQ-A9CR-01Z-00-DX1.C9AC9991-7054-4068-A7AA-9D1EB7F040A3,STAD,virchow,Virchow,40x__10x,0.9063652753829956,-1.9795313142906887,1.0,0.18309859154929578
TCGA-ZQ-A9CR-01Z-00-DX1.C9AC9991-7054-4068-A7AA-9D1EB7F040A3,STAD,virchow,Virchow,40x__2p5x,0.5946605801582336,-9.876615078810495,0.8873239436619719,0.028169014084507043
TCGA-ZQ-A9CR-01Z-00-DX1.C9AC9991-7054-4068-A7AA-9D1EB7F040A3,STAD,virchow,Virchow,10x__2p5x,0.66930291056633,-9.283405901456272,0.9577464788732394,0.028169014084507043
TCGA-A5-A0GX-01Z-00-DX1.7E713D1A-5858-4648-957D-77189E43CFAA,UCEC,virchow,Virchow,40x__10x,0.7570366263389587,-0.6372291125659941,0.704225352112676,0.7887323943661971
TCGA-A5-A0GX-01Z-00-DX1.7E713D1A-5858-4648-957D-77189E43CFAA,UCEC,virchow,Virchow,40x__2p5x,0.3349033743143081,-5.587481422091625,0.43661971830985913,0.2676056338028169
TCGA-A5-A0GX-01Z-00-DX1.7E713D1A-5858-4648-957D-77189E43CFAA,UCEC,virchow,Virchow,10x__2p5x,0.3579125255346298,-3.16726207698389,0.22535211267605634,0.5070422535211268
TCGA-A5-A0R7-01Z-00-DX1.D21E6974-22A3-4A68-8B4E-14E84A7A50A5,UCEC,virchow,Virchow,40x__10x,0.705222487449646,-2.4163657978747635,0.38028169014084506,0.1267605633802817
TCGA-A5-A0R7-01Z-00-DX1.D21E6974-22A3-4A68-8B4E-14E84A7A50A5,UCEC,virchow,Virchow,40x__2p5x,0.3534879237413406,-5.354641983250361,0.4788732394366197,0.3380281690140845
TCGA-A5-A0R7-01Z-00-DX1.D21E6974-22A3-4A68-8B4E-14E84A7A50A5,UCEC,virchow,Virchow,10x__2p5x,0.3307659029960632,-4.170233845780278,0.14084507042253522,0.30985915492957744
TCGA-AX-A05U-01Z-00-DX1.1EBFC727-B5D5-4543-BBA9-4254ABD3D584,UCEC,virchow,Virchow,40x__10x,0.6920989155769348,-1.1547693777064183,0.352112676056338,0.5352112676056338
TCGA-AX-A05U-01Z-00-DX1.1EBFC727-B5D5-4543-BBA9-4254ABD3D584,UCEC,virchow,Virchow,40x__2p5x,0.2945649772882461,-5.704906675421796,0.30985915492957744,0.2535211267605634
TCGA-AX-A05U-01Z-00-DX1.1EBFC727-B5D5-4543-BBA9-4254ABD3D584,UCEC,virchow,Virchow,10x__2p5x,0.3694658875465393,-3.969448309048579,0.2676056338028169,0.39436619718309857
TCGA-AX-A06B-01Z-00-DX2.1757C039-99F7-4087-A9E5-D340AF7220D4,UCEC,virchow,Virchow,40x__10x,0.7201062142848969,-1.311528717060885,0.49295774647887325,0.38028169014084506
TCGA-AX-A06B-01Z-00-DX2.1757C039-99F7-4087-A9E5-D340AF7220D4,UCEC,virchow,Virchow,40x__2p5x,0.2163400128483772,-3.961445651034235,0.14084507042253522,0.5352112676056338
TCGA-AX-A06B-01Z-00-DX2.1757C039-99F7-4087-A9E5-D340AF7220D4,UCEC,virchow,Virchow,10x__2p5x,0.3665803447365761,-3.166189350648012,0.2535211267605634,0.5211267605633803
TCGA-AX-A0J0-01Z-00-DX2.56C668BE-03B8-4B87-A226-AABD97D53C38,UCEC,virchow,Virchow,40x__10x,0.7137672007083893,-1.2020388846272791,0.4647887323943662,0.49295774647887325
TCGA-AX-A0J0-01Z-00-DX2.56C668BE-03B8-4B87-A226-AABD97D53C38,UCEC,virchow,Virchow,40x__2p5x,0.2942200303077698,-5.860738505011048,0.29577464788732394,0.22535211267605634
TCGA-AX-A0J0-01Z-00-DX2.56C668BE-03B8-4B87-A226-AABD97D53C38,UCEC,virchow,Virchow,10x__2p5x,0.4304611831903457,-4.034114627820937,0.5070422535211268,0.3380281690140845
TCGA-B5-A11F-01Z-00-DX1.3F1C053D-E81E-4C8D-965D-6F3DE29D9511,UCEC,virchow,Virchow,40x__10x,0.6664370894432068,-0.1709420833752327,0.28169014084507044,0.9295774647887324
TCGA-B5-A11F-01Z-00-DX1.3F1C053D-E81E-4C8D-965D-6F3DE29D9511,UCEC,virchow,Virchow,40x__2p5x,0.1982028186321258,-7.116727468960065,0.09859154929577464,0.08450704225352113
TCGA-B5-A11F-01Z-00-DX1.3F1C053D-E81E-4C8D-965D-6F3DE29D9511,UCEC,virchow,Virchow,10x__2p5x,0.2930703088641166,-5.721134626816502,0.07042253521126761,0.15492957746478872
TCGA-BG-A0W1-01Z-00-DX1.8E06269C-1278-478B-A128-59FA911B1649,UCEC,virchow,Virchow,40x__10x,0.5702641606330872,-1.6184367762739489,0.11267605633802817,0.29577464788732394
TCGA-BG-A0W1-01Z-00-DX1.8E06269C-1278-478B-A128-59FA911B1649,UCEC,virchow,Virchow,40x__2p5x,0.1862815022468567,-5.196400853980497,0.056338028169014086,0.36619718309859156
TCGA-BG-A0W1-01Z-00-DX1.8E06269C-1278-478B-A128-59FA911B1649,UCEC,virchow,Virchow,10x__2p5x,0.2604904472827911,-4.587050849325833,0.014084507042253521,0.2676056338028169
TCGA-EY-A1GQ-01Z-00-DX1.03D52C6F-515E-4A4F-A08E-31D773BCC67F,UCEC,virchow,Virchow,40x__10x,0.5732390880584717,-1.6566095637707403,0.1267605633802817,0.28169014084507044
TCGA-EY-A1GQ-01Z-00-DX1.03D52C6F-515E-4A4F-A08E-31D773BCC67F,UCEC,virchow,Virchow,40x__2p5x,0.1537827774882316,-6.336262238233838,0.014084507042253521,0.16901408450704225
TCGA-EY-A1GQ-01Z-00-DX1.03D52C6F-515E-4A4F-A08E-31D773BCC67F,UCEC,virchow,Virchow,10x__2p5x,0.3416968807578087,-7.412509231533991,0.16901408450704225,0.09859154929577464
TCGA-FI-A2EX-01Z-00-DX1.127F5153-745D-43E6-83CA-DE2738702C62,UCEC,virchow,Virchow,40x__10x,0.755124032497406,-0.8180657215195091,0.6901408450704225,0.704225352112676
TCGA-FI-A2EX-01Z-00-DX1.127F5153-745D-43E6-83CA-DE2738702C62,UCEC,virchow,Virchow,40x__2p5x,0.3132838755846023,-4.495039000019401,0.352112676056338,0.4507042253521127
TCGA-FI-A2EX-01Z-00-DX1.127F5153-745D-43E6-83CA-DE2738702C62,UCEC,virchow,Virchow,10x__2p5x,0.3948938250541687,-2.758467863563689,0.4084507042253521,0.5915492957746479
TCGA-CF-A3MF-01Z-00-DX1.91768C26-5BB1-4DE6-9737-AA26BD687A75,BLCA,virchow2,Virchow2,40x__10x,0.749801754951477,-1.7903685419930997,0.8732394366197183,0.014084507042253521
TCGA-CF-A3MF-01Z-00-DX1.91768C26-5BB1-4DE6-9737-AA26BD687A75,BLCA,virchow2,Virchow2,40x__2p5x,0.4867564588785171,-1.614861003064453,0.15492957746478872,0.29577464788732394
TCGA-CF-A3MF-01Z-00-DX1.91768C26-5BB1-4DE6-9737-AA26BD687A75,BLCA,virchow2,Virchow2,10x__2p5x,0.6741953492164612,-0.7461302181528272,0.30985915492957744,0.22535211267605634
TCGA-CU-A0YN-01Z-00-DX1.6C5EAAAF-8F14-49D3-8FFC-9BDAE56CAFD0,BLCA,virchow2,Virchow2,40x__10x,0.7041317522525787,0.9546754222601216,0.39436619718309857,0.9859154929577465
TCGA-CU-A0YN-01Z-00-DX1.6C5EAAAF-8F14-49D3-8FFC-9BDAE56CAFD0,BLCA,virchow2,Virchow2,40x__2p5x,0.529290109872818,-1.43153965828825,0.5633802816901409,0.352112676056338
TCGA-CU-A0YN-01Z-00-DX1.6C5EAAAF-8F14-49D3-8FFC-9BDAE56CAFD0,BLCA,virchow2,Virchow2,10x__2p5x,0.6739212274551392,-2.429216440502192,0.29577464788732394,0.014084507042253521
TCGA-DK-A6AW-01Z-00-DX1.C2453A8C-8282-443C-9E76-5B6CAD2FE69B,BLCA,virchow2,Virchow2,40x__10x,0.6981581747531891,-1.732718892842223,0.323943661971831,0.028169014084507043
TCGA-DK-A6AW-01Z-00-DX1.C2453A8C-8282-443C-9E76-5B6CAD2FE69B,BLCA,virchow2,Virchow2,40x__2p5x,0.4851019829511642,-2.9298366775034084,0.14084507042253522,0.07042253521126761
TCGA-DK-A6AW-01Z-00-DX1.C2453A8C-8282-443C-9E76-5B6CAD2FE69B,BLCA,virchow2,Virchow2,10x__2p5x,0.6196353137493134,-0.8942563467448779,0.08450704225352113,0.18309859154929578
TCGA-DK-AA6L-01A-01-TSA.5794F0C6-9ED6-489A-9621-18CCC5935548,BLCA,virchow2,Virchow2,40x__10x,0.7129070460796356,0.4410907754416328,0.5070422535211268,0.9436619718309859
TCGA-DK-AA6L-01A-01-TSA.5794F0C6-9ED6-489A-9621-18CCC5935548,BLCA,virchow2,Virchow2,40x__2p5x,0.3975097090005874,-1.0489162370668397,0.014084507042253521,0.4647887323943662
TCGA-DK-AA6L-01A-01-TSA.5794F0C6-9ED6-489A-9621-18CCC5935548,BLCA,virchow2,Virchow2,10x__2p5x,0.5983794331550598,-0.4622271977483883,0.056338028169014086,0.39436619718309857
TCGA-DK-AA77-01A-01-TSA.26CAF5CB-CC4F-4522-BD2B-343FB70205FE,BLCA,virchow2,Virchow2,40x__10x,0.6718415915966034,0.849752683672904,0.09859154929577464,0.971830985915493
TCGA-DK-AA77-01A-01-TSA.26CAF5CB-CC4F-4522-BD2B-343FB70205FE,BLCA,virchow2,Virchow2,40x__2p5x,0.4046750366687774,0.9193211981506144,0.028169014084507043,0.971830985915493
TCGA-DK-AA77-01A-01-TSA.26CAF5CB-CC4F-4522-BD2B-343FB70205FE,BLCA,virchow2,Virchow2,10x__2p5x,0.6360361576080322,-0.0026801275548446,0.14084507042253522,0.9295774647887324
TCGA-FD-A6TK-01Z-00-DX1.B685DA87-72A6-4C38-8AA1-40B6E543383C,BLCA,virchow2,Virchow2,40x__10x,0.7246378064155579,-1.2097060969305122,0.676056338028169,0.09859154929577464
TCGA-FD-A6TK-01Z-00-DX1.B685DA87-72A6-4C38-8AA1-40B6E543383C,BLCA,virchow2,Virchow2,40x__2p5x,0.5506002008914948,-2.7816371701602463,0.7746478873239436,0.08450704225352113
TCGA-FD-A6TK-01Z-00-DX1.B685DA87-72A6-4C38-8AA1-40B6E543383C,BLCA,virchow2,Virchow2,10x__2p5x,0.7209320664405823,-0.4073204777910275,0.7464788732394366,0.4084507042253521
TCGA-GU-AATP-01Z-00-DX1.0D8EC37C-88E7-49D5-A76D-F0A4A3FD8AE4,BLCA,virchow2,Virchow2,40x__10x,0.7411729991436005,-0.2761834387952474,0.8028169014084507,0.4647887323943662
TCGA-GU-AATP-01Z-00-DX1.0D8EC37C-88E7-49D5-A76D-F0A4A3FD8AE4,BLCA,virchow2,Virchow2,40x__2p5x,0.5381152331829071,-2.124634633268052,0.6619718309859155,0.15492957746478872
TCGA-GU-AATP-01Z-00-DX1.0D8EC37C-88E7-49D5-A76D-F0A4A3FD8AE4,BLCA,virchow2,Virchow2,10x__2p5x,0.6939598023891449,-0.1650811998189103,0.49295774647887325,0.5492957746478874
TCGA-XF-A8HB-01Z-00-DX1.D6874152-D20A-4CA4-8E8B-8CBAB5F7D7B5,BLCA,virchow2,Virchow2,40x__10x,0.7167686820030212,-1.2391012193801276,0.5774647887323944,0.08450704225352113
TCGA-XF-A8HB-01Z-00-DX1.D6874152-D20A-4CA4-8E8B-8CBAB5F7D7B5,BLCA,virchow2,Virchow2,40x__2p5x,0.5660835206508636,-2.2974674807538924,0.8873239436619719,0.14084507042253522
TCGA-XF-A8HB-01Z-00-DX1.D6874152-D20A-4CA4-8E8B-8CBAB5F7D7B5,BLCA,virchow2,Virchow2,10x__2p5x,0.730865865945816,-0.2554485838619905,0.8169014084507042,0.4647887323943662
TCGA-ZF-A9R1-01Z-00-DX1.74520759-D448-45B5-B8AD-45502C99A519,BLCA,virchow2,Virchow2,40x__10x,0.7088389992713928,-1.380722182183966,0.4507042253521127,0.04225352112676056
TCGA-ZF-A9R1-01Z-00-DX1.74520759-D448-45B5-B8AD-45502C99A519,BLCA,virchow2,Virchow2,40x__2p5x,0.5329519808292389,-2.5291867677871265,0.5915492957746479,0.11267605633802817
TCGA-ZF-A9R1-01Z-00-DX1.74520759-D448-45B5-B8AD-45502C99A519,BLCA,virchow2,Virchow2,10x__2p5x,0.7043889760971069,-0.4778740024762146,0.6338028169014085,0.38028169014084506
TCGA-ZF-AA51-01Z-00-DX1.128C9731-C206-4E71-9A64-864FA9FD7E96,BLCA,virchow2,Virchow2,40x__10x,0.7604281008243561,-1.0587382088402078,0.9295774647887324,0.11267605633802817
TCGA-ZF-AA51-01Z-00-DX1.128C9731-C206-4E71-9A64-864FA9FD7E96,BLCA,virchow2,Virchow2,40x__2p5x,0.5802242457866669,-1.8081017172326892,0.9154929577464789,0.2676056338028169
TCGA-ZF-AA51-01Z-00-DX1.128C9731-C206-4E71-9A64-864FA9FD7E96,BLCA,virchow2,Virchow2,10x__2p5x,0.7183346748352051,-1.26584357157844,0.7183098591549296,0.09859154929577464
TCGA-A7-A2KD-01Z-00-DX1.BFF2DFC8-1D95-4DC2-98FC-5BD7D7C6CDF5,BRCA,virchow2,Virchow2,40x__10x,0.6808494031429291,-0.6098434754319413,0.18309859154929578,0.2676056338028169
TCGA-A7-A2KD-01Z-00-DX1.BFF2DFC8-1D95-4DC2-98FC-5BD7D7C6CDF5,BRCA,virchow2,Virchow2,40x__2p5x,0.4715456813573837,-0.4538138523125724,0.07042253521126761,0.647887323943662
TCGA-A7-A2KD-01Z-00-DX1.BFF2DFC8-1D95-4DC2-98FC-5BD7D7C6CDF5,BRCA,virchow2,Virchow2,10x__2p5x,0.7040301859378815,-0.0260325441160135,0.6197183098591549,0.7605633802816901
TCGA-AN-A0G0-01Z-00-DX1.BE0BB5DF-DEDA-48D8-B5D8-2735C767F28F,BRCA,virchow2,Virchow2,40x__10x,0.6831003427505493,-1.0499098901470236,0.19718309859154928,0.1267605633802817
TCGA-AN-A0G0-01Z-00-DX1.BE0BB5DF-DEDA-48D8-B5D8-2735C767F28F,BRCA,virchow2,Virchow2,40x__2p5x,0.50107841193676,-1.7428339198125076,0.2676056338028169,0.28169014084507044
TCGA-AN-A0G0-01Z-00-DX1.BE0BB5DF-DEDA-48D8-B5D8-2735C767F28F,BRCA,virchow2,Virchow2,10x__2p5x,0.6561306118965149,-0.0471836695385241,0.23943661971830985,0.704225352112676
TCGA-AQ-A04L-01Z-00-DX1.F35BF4DD-896A-43C2-8DA6-C67945C003BE,BRCA,virchow2,Virchow2,40x__10x,0.728396862745285,-0.7741489544011367,0.7183098591549296,0.2112676056338028
TCGA-AQ-A04L-01Z-00-DX1.F35BF4DD-896A-43C2-8DA6-C67945C003BE,BRCA,virchow2,Virchow2,40x__2p5x,0.5634843707084656,-0.9592456660233644,0.8732394366197183,0.5352112676056338
TCGA-AQ-A04L-01Z-00-DX1.F35BF4DD-896A-43C2-8DA6-C67945C003BE,BRCA,virchow2,Virchow2,10x__2p5x,0.7413519620895386,-0.0269753464408862,0.8873239436619719,0.7464788732394366
TCGA-AR-A2LK-01Z-00-DX1.FBD59C38-CD4E-4C22-BC74-A57C192A9BBC,BRCA,virchow2,Virchow2,40x__10x,0.695777952671051,-0.0783685453781178,0.30985915492957744,0.6619718309859155
TCGA-AR-A2LK-01Z-00-DX1.FBD59C38-CD4E-4C22-BC74-A57C192A9BBC,BRCA,virchow2,Virchow2,40x__2p5x,0.5304553508758545,-0.717333362396847,0.5774647887323944,0.5633802816901409
TCGA-AR-A2LK-01Z-00-DX1.FBD59C38-CD4E-4C22-BC74-A57C192A9BBC,BRCA,virchow2,Virchow2,10x__2p5x,0.6886913478374481,-0.0708982730642833,0.4647887323943662,0.647887323943662
TCGA-AR-A5QM-01Z-00-DX1.A9017CED-FF57-4090-95B9-94DC91854347,BRCA,virchow2,Virchow2,40x__10x,0.6805742681026459,-0.0681779463647296,0.15492957746478872,0.676056338028169
TCGA-AR-A5QM-01Z-00-DX1.A9017CED-FF57-4090-95B9-94DC91854347,BRCA,virchow2,Virchow2,40x__2p5x,0.5390626639127731,-0.310860904842947,0.676056338028169,0.7323943661971831
TCGA-AR-A5QM-01Z-00-DX1.A9017CED-FF57-4090-95B9-94DC91854347,BRCA,virchow2,Virchow2,10x__2p5x,0.7314792573451996,-0.0120440141183382,0.8309859154929577,0.8450704225352113
TCGA-BH-A0C1-01Z-00-DX1.21FE357E-B182-4397-BFEF-7E96E994236A,BRCA,virchow2,Virchow2,40x__10x,0.6756572425365448,-0.2569311754431884,0.1267605633802817,0.5070422535211268
TCGA-BH-A0C1-01Z-00-DX1.21FE357E-B182-4397-BFEF-7E96E994236A,BRCA,virchow2,Virchow2,40x__2p5x,0.5153201967477798,-0.3596097386243631,0.352112676056338,0.7183098591549296
TCGA-BH-A0C1-01Z-00-DX1.21FE357E-B182-4397-BFEF-7E96E994236A,BRCA,virchow2,Virchow2,10x__2p5x,0.7259818613529205,-0.0059041213798986,0.7605633802816901,0.8873239436619719
TCGA-D8-A1X8-01Z-00-DX1.DDA3866E-C7CC-4650-BE2B-5C9A98A2D531,BRCA,virchow2,Virchow2,40x__10x,0.7533016502857208,-0.2629287666863409,0.9154929577464789,0.49295774647887325
TCGA-D8-A1X8-01Z-00-DX1.DDA3866E-C7CC-4650-BE2B-5C9A98A2D531,BRCA,virchow2,Virchow2,40x__2p5x,0.540128082036972,-1.912718533360626,0.704225352112676,0.2112676056338028
TCGA-D8-A1X8-01Z-00-DX1.DDA3866E-C7CC-4650-BE2B-5C9A98A2D531,BRCA,virchow2,Virchow2,10x__2p5x,0.6673718094825745,-0.5497154463904731,0.2535211267605634,0.30985915492957744
TCGA-E2-A14P-01Z-00-DX1.663B02FF-C64B-41A6-8685-FD61CD76F9C6,BRCA,virchow2,Virchow2,40x__10x,0.7210932970046997,-0.3490742765875516,0.6338028169014085,0.38028169014084506
TCGA-E2-A14P-01Z-00-DX1.663B02FF-C64B-41A6-8685-FD61CD76F9C6,BRCA,virchow2,Virchow2,40x__2p5x,0.497502863407135,-1.1613904104510664,0.2112676056338028,0.43661971830985913
TCGA-E2-A14P-01Z-00-DX1.663B02FF-C64B-41A6-8685-FD61CD76F9C6,BRCA,virchow2,Virchow2,10x__2p5x,0.6507574319839478,-0.1363964408269491,0.19718309859154928,0.5774647887323944
TCGA-E2-A1LA-01Z-00-DX1.AE49E943-B830-4ED9-B09E-E499441BC2EC,BRCA,virchow2,Virchow2,40x__10x,0.6342741847038269,-0.6514423739454935,0.028169014084507043,0.2535211267605634
TCGA-E2-A1LA-01Z-00-DX1.AE49E943-B830-4ED9-B09E-E499441BC2EC,BRCA,virchow2,Virchow2,40x__2p5x,0.4840985238552093,-1.551443289466888,0.1267605633802817,0.30985915492957744
TCGA-E2-A1LA-01Z-00-DX1.AE49E943-B830-4ED9-B09E-E499441BC2EC,BRCA,virchow2,Virchow2,10x__2p5x,0.7065378725528717,-0.0737006124956101,0.6901408450704225,0.6338028169014085
TCGA-GM-A3XN-01Z-00-DX1.49F5C8AC-0328-4BC2-9FE2-E7150B7A42E2,BRCA,virchow2,Virchow2,40x__10x,0.686466246843338,-0.2038187803391387,0.2112676056338028,0.5774647887323944
TCGA-GM-A3XN-01Z-00-DX1.49F5C8AC-0328-4BC2-9FE2-E7150B7A42E2,BRCA,virchow2,Virchow2,40x__2p5x,0.5410372614860535,-0.4367874299832667,0.7183098591549296,0.6619718309859155
TCGA-GM-A3XN-01Z-00-DX1.49F5C8AC-0328-4BC2-9FE2-E7150B7A42E2,BRCA,virchow2,Virchow2,10x__2p5x,0.7276307344436646,-0.0226483496803954,0.7746478873239436,0.7887323943661971
TCGA-AY-A8YK-01Z-00-DX1.89E3C546-0425-449B-A6FB-1C35168EA7EB,COAD,virchow2,Virchow2,40x__10x,0.7096267640590668,-0.2156022916319654,0.4647887323943662,0.5492957746478874
TCGA-AY-A8YK-01Z-00-DX1.89E3C546-0425-449B-A6FB-1C35168EA7EB,COAD,virchow2,Virchow2,40x__2p5x,0.5571086406707764,-1.8396957519422763,0.8309859154929577,0.2535211267605634
TCGA-AY-A8YK-01Z-00-DX1.89E3C546-0425-449B-A6FB-1C35168EA7EB,COAD,virchow2,Virchow2,10x__2p5x,0.7668275833129883,-0.7254544776836461,0.971830985915493,0.23943661971830985
TCGA-CK-4947-01Z-00-DX1.b257d5fd-b97b-4987-b088-77f044ca7fe2,COAD,virchow2,Virchow2,40x__10x,0.7225757241249084,-1.2867860908900464,0.6619718309859155,0.056338028169014086
TCGA-CK-4947-01Z-00-DX1.b257d5fd-b97b-4987-b088-77f044ca7fe2,COAD,virchow2,Virchow2,40x__2p5x,0.5112561881542206,-3.2988414334324028,0.323943661971831,0.028169014084507043
TCGA-CK-4947-01Z-00-DX1.b257d5fd-b97b-4987-b088-77f044ca7fe2,COAD,virchow2,Virchow2,10x__2p5x,0.6960313022136688,-1.0625296423402284,0.5211267605633803,0.15492957746478872
TCGA-CM-6168-01Z-00-DX1.96af6eb2-9d51-4671-baf8-1a73d0c66869,COAD,virchow2,Virchow2,40x__10x,0.711907297372818,-0.2892302309559754,0.49295774647887325,0.4507042253521127
TCGA-CM-6168-01Z-00-DX1.96af6eb2-9d51-4671-baf8-1a73d0c66869,COAD,virchow2,Virchow2,40x__2p5x,0.5379638671875,-2.3766467989535105,0.647887323943662,0.1267605633802817
TCGA-CM-6168-01Z-00-DX1.96af6eb2-9d51-4671-baf8-1a73d0c66869,COAD,virchow2,Virchow2,10x__2p5x,0.6854409575462341,-0.2745883513913131,0.4507042253521127,0.4507042253521127
TCGA-CM-6169-01Z-00-DX1.0381c243-02b8-4f1d-840c-19ef44d4b92c,COAD,virchow2,Virchow2,40x__10x,0.7337404787540436,-0.5532493229664459,0.7323943661971831,0.28169014084507044
TCGA-CM-6169-01Z-00-DX1.0381c243-02b8-4f1d-840c-19ef44d4b92c,COAD,virchow2,Virchow2,40x__2p5x,0.5470795631408691,-3.1031635749625157,0.7605633802816901,0.04225352112676056
TCGA-CM-6169-01Z-00-DX1.0381c243-02b8-4f1d-840c-19ef44d4b92c,COAD,virchow2,Virchow2,10x__2p5x,0.6941601932048798,-0.3028728510939805,0.5070422535211268,0.43661971830985913
TCGA-G4-6309-01Z-00-DX1.3eb20fdc-eb86-4bd5-8194-76b02d4fa472,COAD,virchow2,Virchow2,40x__10x,0.7273535430431366,-0.3981113048233634,0.704225352112676,0.352112676056338
TCGA-G4-6309-01Z-00-DX1.3eb20fdc-eb86-4bd5-8194-76b02d4fa472,COAD,virchow2,Virchow2,40x__2p5x,0.5281700491905212,-3.978776639889466,0.5492957746478874,0.014084507042253521
TCGA-G4-6309-01Z-00-DX1.3eb20fdc-eb86-4bd5-8194-76b02d4fa472,COAD,virchow2,Virchow2,10x__2p5x,0.6764264106750488,-1.0993153333559182,0.3380281690140845,0.14084507042253522
TCGA-G4-6310-01Z-00-DX1.b88472d4-3adc-4e4d-b0f2-0dc195a3d7df,COAD,virchow2,Virchow2,40x__10x,0.6990031599998474,-0.9101266173199624,0.352112676056338,0.18309859154929578
TCGA-G4-6310-01Z-00-DX1.b88472d4-3adc-4e4d-b0f2-0dc195a3d7df,COAD,virchow2,Virchow2,40x__2p5x,0.479144886136055,-2.7683589402551307,0.09859154929577464,0.09859154929577464
TCGA-G4-6310-01Z-00-DX1.b88472d4-3adc-4e4d-b0f2-0dc195a3d7df,COAD,virchow2,Virchow2,10x__2p5x,0.6436790525913239,-0.5465532454511296,0.16901408450704225,0.323943661971831
TCGA-G4-6588-01Z-00-DX1.0747172e-f630-4b7c-9341-55078585ae00,COAD,virchow2,Virchow2,40x__10x,0.7506035268306732,-0.4174217439451261,0.8873239436619719,0.3380281690140845
TCGA-G4-6588-01Z-00-DX1.0747172e-f630-4b7c-9341-55078585ae00,COAD,virchow2,Virchow2,40x__2p5x,0.5573274791240692,-3.000511534938229,0.8450704225352113,0.056338028169014086
TCGA-G4-6588-01Z-00-DX1.0747172e-f630-4b7c-9341-55078585ae00,COAD,virchow2,Virchow2,10x__2p5x,0.706457257270813,-0.8312781508241848,0.676056338028169,0.2112676056338028
TCGA-BA-6871-01Z-00-DX1.4d9ca329-f8d5-4c31-a20f-9d4fba728326,HNSC,virchow2,Virchow2,40x__10x,0.7418693006038666,-0.2048559063891823,0.8169014084507042,0.5633802816901409
TCGA-BA-6871-01Z-00-DX1.4d9ca329-f8d5-4c31-a20f-9d4fba728326,HNSC,virchow2,Virchow2,40x__2p5x,0.4894038289785385,1.3579681479027894,0.16901408450704225,0.9859154929577465
TCGA-BA-6871-01Z-00-DX1.4d9ca329-f8d5-4c31-a20f-9d4fba728326,HNSC,virchow2,Virchow2,10x__2p5x,0.6360595226287842,2.3426023665044644,0.15492957746478872,1.0
TCGA-BA-6872-01Z-00-DX1.F99F6394-D319-4599-B124-D2A6692FA096,HNSC,virchow2,Virchow2,40x__10x,0.715351790189743,0.4828342716882901,0.5492957746478874,0.9577464788732394
TCGA-BA-6872-01Z-00-DX1.F99F6394-D319-4599-B124-D2A6692FA096,HNSC,virchow2,Virchow2,40x__2p5x,0.5531649887561798,-0.2105379203801995,0.8028169014084507,0.7746478873239436
TCGA-BA-6872-01Z-00-DX1.F99F6394-D319-4599-B124-D2A6692FA096,HNSC,virchow2,Virchow2,10x__2p5x,0.7378176152706146,0.1249712156977454,0.8732394366197183,0.9577464788732394
TCGA-CN-A6V7-01A-01-TS1.F54912D3-1E21-4605-ACFC-142973524AE2,HNSC,virchow2,Virchow2,40x__10x,0.6332191228866577,3.761124476966341,0.014084507042253521,1.0
TCGA-CN-A6V7-01A-01-TS1.F54912D3-1E21-4605-ACFC-142973524AE2,HNSC,virchow2,Virchow2,40x__2p5x,0.5009520053863525,2.752144969441472,0.23943661971830985,1.0
TCGA-CN-A6V7-01A-01-TS1.F54912D3-1E21-4605-ACFC-142973524AE2,HNSC,virchow2,Virchow2,10x__2p5x,0.671721339225769,1.596169130726294,0.28169014084507044,0.9859154929577465
TCGA-CV-6935-01Z-00-DX1.9C449CB2-FB6D-41D1-A4A6-3069DC84A697,HNSC,virchow2,Virchow2,40x__10x,0.6706892251968384,-0.0428612419372801,0.08450704225352113,0.7183098591549296
TCGA-CV-6935-01Z-00-DX1.9C449CB2-FB6D-41D1-A4A6-3069DC84A697,HNSC,virchow2,Virchow2,40x__2p5x,0.5334233343601227,0.0891531217216584,0.6056338028169014,0.9295774647887324
TCGA-CV-6935-01Z-00-DX1.9C449CB2-FB6D-41D1-A4A6-3069DC84A697,HNSC,virchow2,Virchow2,10x__2p5x,0.7024296820163727,-0.3161901620235778,0.5915492957746479,0.4225352112676056
TCGA-CV-A45O-01Z-00-DX1.8CBD0CCC-C815-475D-87F9-76272F4F715B,HNSC,virchow2,Virchow2,40x__10x,0.7256872057914734,0.0306468254153463,0.6901408450704225,0.9014084507042254
TCGA-CV-A45O-01Z-00-DX1.8CBD0CCC-C815-475D-87F9-76272F4F715B,HNSC,virchow2,Virchow2,40x__2p5x,0.5469378530979156,-0.2901939020303234,0.7464788732394366,0.7464788732394366
TCGA-CV-A45O-01Z-00-DX1.8CBD0CCC-C815-475D-87F9-76272F4F715B,HNSC,virchow2,Virchow2,10x__2p5x,0.704414963722229,-0.0806344111139199,0.647887323943662,0.6197183098591549
TCGA-CV-A6JE-01Z-00-DX1.20137D17-19B3-49FF-9C3D-60933157E409,HNSC,virchow2,Virchow2,40x__10x,0.7489549815654755,-0.3024473136152568,0.8591549295774648,0.4225352112676056
TCGA-CV-A6JE-01Z-00-DX1.20137D17-19B3-49FF-9C3D-60933157E409,HNSC,virchow2,Virchow2,40x__2p5x,0.5917185842990875,-0.1214150527695093,0.9295774647887324,0.8309859154929577
TCGA-CV-A6JE-01Z-00-DX1.20137D17-19B3-49FF-9C3D-60933157E409,HNSC,virchow2,Virchow2,10x__2p5x,0.7279258370399475,-0.0221931242096819,0.7887323943661971,0.8028169014084507
TCGA-CV-A6JU-01Z-00-DX1.35A3A1F0-9D6C-4794-B501-E56E48C51DF9,HNSC,virchow2,Virchow2,40x__10x,0.718587726354599,-0.1050750894805875,0.5915492957746479,0.6338028169014085
TCGA-CV-A6JU-01Z-00-DX1.35A3A1F0-9D6C-4794-B501-E56E48C51DF9,HNSC,virchow2,Virchow2,40x__2p5x,0.5192293673753738,-0.0835351228337295,0.4225352112676056,0.8591549295774648
TCGA-CV-A6JU-01Z-00-DX1.35A3A1F0-9D6C-4794-B501-E56E48C51DF9,HNSC,virchow2,Virchow2,10x__2p5x,0.6985485851764679,0.0186740106996214,0.5633802816901409,0.9436619718309859
TCGA-UF-A719-01Z-00-DX1.4C4ECC2C-C390-4C5E-A709-CF08C113F1A1,HNSC,virchow2,Virchow2,40x__10x,0.7146172821521759,-1.0424798468361158,0.5352112676056338,0.14084507042253522
TCGA-UF-A719-01Z-00-DX1.4C4ECC2C-C390-4C5E-A709-CF08C113F1A1,HNSC,virchow2,Virchow2,40x__2p5x,0.5215684473514557,0.3507736484658003,0.43661971830985913,0.9577464788732394
TCGA-UF-A719-01Z-00-DX1.4C4ECC2C-C390-4C5E-A709-CF08C113F1A1,HNSC,virchow2,Virchow2,10x__2p5x,0.6805537343025208,0.3013159579951014,0.38028169014084506,0.971830985915493
TCGA-A3-3346-01Z-00-DX1.95280216-fd71-4a03-b452-6e3d667f2542,KIRC,virchow2,Virchow2,40x__10x,0.6518520414829254,-0.0137751250407557,0.056338028169014086,0.7605633802816901
TCGA-A3-3346-01Z-00-DX1.95280216-fd71-4a03-b452-6e3d667f2542,KIRC,virchow2,Virchow2,40x__2p5x,0.4462691247463226,-0.6562230773617016,0.04225352112676056,0.5915492957746479
TCGA-A3-3346-01Z-00-DX1.95280216-fd71-4a03-b452-6e3d667f2542,KIRC,virchow2,Virchow2,10x__2p5x,0.5100411921739578,-0.5379381191313561,0.028169014084507043,0.352112676056338
TCGA-A3-A8CQ-01Z-00-DX1.78DA0827-5FB8-4B9F-A845-22F85830B5FB,KIRC,virchow2,Virchow2,40x__10x,0.7202434539794922,-0.0004024353079738,0.6197183098591549,0.8873239436619719
TCGA-A3-A8CQ-01Z-00-DX1.78DA0827-5FB8-4B9F-A845-22F85830B5FB,KIRC,virchow2,Virchow2,40x__2p5x,0.4565423727035522,-0.3610484831260674,0.056338028169014086,0.704225352112676
TCGA-A3-A8CQ-01Z-00-DX1.78DA0827-5FB8-4B9F-A845-22F85830B5FB,KIRC,virchow2,Virchow2,10x__2p5x,0.5076181590557098,-0.5350246638532556,0.014084507042253521,0.36619718309859156
TCGA-AK-3444-01Z-00-DX1.1F0E0B47-29FF-456F-800A-539983FDCFAA,KIRC,virchow2,Virchow2,40x__10x,0.7844363152980804,-0.0076221180342776,0.971830985915493,0.7887323943661971
TCGA-AK-3444-01Z-00-DX1.1F0E0B47-29FF-456F-800A-539983FDCFAA,KIRC,virchow2,Virchow2,40x__2p5x,0.4931401014328003,-0.9898999755034664,0.19718309859154928,0.5211267605633803
TCGA-AK-3444-01Z-00-DX1.1F0E0B47-29FF-456F-800A-539983FDCFAA,KIRC,virchow2,Virchow2,10x__2p5x,0.5820176899433136,-0.6938018760164946,0.04225352112676056,0.2535211267605634
TCGA-B0-5094-01Z-00-DX1.eac31fe2-09da-4ecf-8e25-c073cbb03295,KIRC,virchow2,Virchow2,40x__10x,0.8199208676815033,-0.0129678206079774,1.0,0.7746478873239436
TCGA-B0-5094-01Z-00-DX1.eac31fe2-09da-4ecf-8e25-c073cbb03295,KIRC,virchow2,Virchow2,40x__2p5x,0.667477935552597,-0.2102873386974359,0.9859154929577465,0.7887323943661971
TCGA-B0-5094-01Z-00-DX1.eac31fe2-09da-4ecf-8e25-c073cbb03295,KIRC,virchow2,Virchow2,10x__2p5x,0.7694409191608429,-0.1665884484161883,0.9859154929577465,0.5352112676056338
TCGA-B0-5106-01Z-00-DX1.564e51a3-be50-4eed-ba9c-4d478b96ffc6,KIRC,virchow2,Virchow2,40x__10x,0.7530438005924225,-0.0013492118211059,0.9014084507042254,0.8591549295774648
TCGA-B0-5106-01Z-00-DX1.564e51a3-be50-4eed-ba9c-4d478b96ffc6,KIRC,virchow2,Virchow2,40x__2p5x,0.568021833896637,-0.0213874996486374,0.9014084507042254,0.9014084507042254
TCGA-B0-5106-01Z-00-DX1.564e51a3-be50-4eed-ba9c-4d478b96ffc6,KIRC,virchow2,Virchow2,10x__2p5x,0.7188492119312286,-0.0069431901915479,0.7323943661971831,0.8732394366197183
TCGA-B0-5711-01Z-00-DX1.6839921f-ec08-4e94-8bf9-4b5a4fcdda45,KIRC,virchow2,Virchow2,40x__10x,0.7765546441078186,-0.0011649432952759,0.9577464788732394,0.8732394366197183
TCGA-B0-5711-01Z-00-DX1.6839921f-ec08-4e94-8bf9-4b5a4fcdda45,KIRC,virchow2,Virchow2,40x__2p5x,0.6132514178752899,-0.0179156080542763,0.9577464788732394,0.9154929577464789
TCGA-B0-5711-01Z-00-DX1.6839921f-ec08-4e94-8bf9-4b5a4fcdda45,KIRC,virchow2,Virchow2,10x__2p5x,0.7330386340618134,-0.0076154293416882,0.8450704225352113,0.8591549295774648
TCGA-B2-5633-01Z-00-DX1.c55a29ca-468e-46de-9ff5-a51f46fe09fd,KIRC,virchow2,Virchow2,40x__10x,0.7444166839122772,-0.0050016533507205,0.8450704225352113,0.8309859154929577
TCGA-B2-5633-01Z-00-DX1.c55a29ca-468e-46de-9ff5-a51f46fe09fd,KIRC,virchow2,Virchow2,40x__2p5x,0.6340435147285461,-0.0301473873795653,0.971830985915493,0.8873239436619719
TCGA-B2-5633-01Z-00-DX1.c55a29ca-468e-46de-9ff5-a51f46fe09fd,KIRC,virchow2,Virchow2,10x__2p5x,0.7574663162231445,-0.0044301831899272,0.9577464788732394,0.9154929577464789
TCGA-BP-4991-01Z-00-DX1.71305f5c-ca59-48fa-bb82-4b441c1fffdc,KIRC,virchow2,Virchow2,40x__10x,0.8114999234676361,-0.0066907256732755,0.9859154929577465,0.8169014084507042
TCGA-BP-4991-01Z-00-DX1.71305f5c-ca59-48fa-bb82-4b441c1fffdc,KIRC,virchow2,Virchow2,40x__2p5x,0.6727709174156189,-0.1160529012192759,1.0,0.8450704225352113
TCGA-BP-4991-01Z-00-DX1.71305f5c-ca59-48fa-bb82-4b441c1fffdc,KIRC,virchow2,Virchow2,10x__2p5x,0.7734122276306152,-0.0422815352047121,1.0,0.7183098591549296
TCGA-BP-5201-01Z-00-DX1.d1a9878e-bb97-48fb-9098-9d9337f06250,KIRC,virchow2,Virchow2,40x__10x,0.6874273717403412,-0.0047588136020107,0.23943661971830985,0.8450704225352113
TCGA-BP-5201-01Z-00-DX1.d1a9878e-bb97-48fb-9098-9d9337f06250,KIRC,virchow2,Virchow2,40x__2p5x,0.5225073099136353,-0.8629505873754176,0.4788732394366197,0.5492957746478874
TCGA-BP-5201-01Z-00-DX1.d1a9878e-bb97-48fb-9098-9d9337f06250,KIRC,virchow2,Virchow2,10x__2p5x,0.6344544291496277,-0.5590525543118365,0.1267605633802817,0.29577464788732394
TCGA-55-6986-01Z-00-DX1.ae52d41e-3cd6-4d36-b04b-2ea7d29bd8da,LUAD,virchow2,Virchow2,40x__10x,0.7217653393745422,-0.0516054682944997,0.647887323943662,0.6901408450704225
TCGA-55-6986-01Z-00-DX1.ae52d41e-3cd6-4d36-b04b-2ea7d29bd8da,LUAD,virchow2,Virchow2,40x__2p5x,0.536438912153244,-0.1494793748699106,0.6338028169014085,0.8169014084507042
TCGA-55-6986-01Z-00-DX1.ae52d41e-3cd6-4d36-b04b-2ea7d29bd8da,LUAD,virchow2,Virchow2,10x__2p5x,0.6779319643974304,-0.0592972220242263,0.36619718309859156,0.6901408450704225
TCGA-64-5779-01Z-00-DX1.B3268447-DCE0-4927-B5A9-EC4D61E9B17D,LUAD,virchow2,Virchow2,40x__10x,0.7013973891735077,-0.3001871144853654,0.36619718309859156,0.43661971830985913
TCGA-64-5779-01Z-00-DX1.B3268447-DCE0-4927-B5A9-EC4D61E9B17D,LUAD,virchow2,Virchow2,40x__2p5x,0.4831509888172149,0.289728972762755,0.11267605633802817,0.9436619718309859
TCGA-64-5779-01Z-00-DX1.B3268447-DCE0-4927-B5A9-EC4D61E9B17D,LUAD,virchow2,Virchow2,10x__2p5x,0.6208097338676453,-0.5419089207567378,0.11267605633802817,0.3380281690140845
TCGA-78-7158-01Z-00-DX1.74db3dcd-2715-4ce7-8e48-30c8b7946ba0,LUAD,virchow2,Virchow2,40x__10x,0.7079806923866272,-0.3511931517260658,0.43661971830985913,0.36619718309859156
TCGA-78-7158-01Z-00-DX1.74db3dcd-2715-4ce7-8e48-30c8b7946ba0,LUAD,virchow2,Virchow2,40x__2p5x,0.5144138038158417,-0.5916937555937863,0.3380281690140845,0.6056338028169014
TCGA-78-7158-01Z-00-DX1.74db3dcd-2715-4ce7-8e48-30c8b7946ba0,LUAD,virchow2,Virchow2,10x__2p5x,0.6755537986755371,-0.1486086918956602,0.323943661971831,0.5633802816901409
TCGA-78-7163-01Z-00-DX1.42880bdf-271d-41dd-aada-e7ec1156ff31,LUAD,virchow2,Virchow2,40x__10x,0.7436814308166504,-0.6579380729756127,0.8309859154929577,0.23943661971830985
TCGA-78-7163-01Z-00-DX1.42880bdf-271d-41dd-aada-e7ec1156ff31,LUAD,virchow2,Virchow2,40x__2p5x,0.6008816957473755,-0.5110208638242253,0.9436619718309859,0.6338028169014085
TCGA-78-7163-01Z-00-DX1.42880bdf-271d-41dd-aada-e7ec1156ff31,LUAD,virchow2,Virchow2,10x__2p5x,0.7533797919750214,-0.207434809719621,0.9295774647887324,0.5211267605633803
TCGA-78-7536-01Z-00-DX1.6b066140-8b82-40a5-bd48-430eeb4463fe,LUAD,virchow2,Virchow2,40x__10x,0.737446129322052,-1.039967139333202,0.7746478873239436,0.15492957746478872
TCGA-78-7536-01Z-00-DX1.6b066140-8b82-40a5-bd48-430eeb4463fe,LUAD,virchow2,Virchow2,40x__2p5x,0.5270489752292633,-1.542871740151092,0.5352112676056338,0.323943661971831
TCGA-78-7536-01Z-00-DX1.6b066140-8b82-40a5-bd48-430eeb4463fe,LUAD,virchow2,Virchow2,10x__2p5x,0.6705845296382904,-1.4112208250533302,0.2676056338028169,0.08450704225352113
TCGA-86-8668-01Z-00-DX1.d720d486-02c7-4f98-8feb-e0e50a12c158,LUAD,virchow2,Virchow2,40x__10x,0.692066103219986,-0.5009077471211736,0.29577464788732394,0.29577464788732394
TCGA-86-8668-01Z-00-DX1.d720d486-02c7-4f98-8feb-e0e50a12c158,LUAD,virchow2,Virchow2,40x__2p5x,0.5216612219810486,-0.0670933179393964,0.4507042253521127,0.8732394366197183
TCGA-86-8668-01Z-00-DX1.d720d486-02c7-4f98-8feb-e0e50a12c158,LUAD,virchow2,Virchow2,10x__2p5x,0.6845254004001617,-0.0047392735874274,0.43661971830985913,0.9014084507042254
TCGA-97-A4LX-01Z-00-DX1.B2334672-A626-4E74-B4D1-A79F70F65909,LUAD,virchow2,Virchow2,40x__10x,0.6904794275760651,-0.0292448892280778,0.2676056338028169,0.7323943661971831
TCGA-97-A4LX-01Z-00-DX1.B2334672-A626-4E74-B4D1-A79F70F65909,LUAD,virchow2,Virchow2,40x__2p5x,0.5577159225940704,-0.1868162392170574,0.8591549295774648,0.8028169014084507
TCGA-97-A4LX-01Z-00-DX1.B2334672-A626-4E74-B4D1-A79F70F65909,LUAD,virchow2,Virchow2,10x__2p5x,0.7285070419311523,-0.0207433660287825,0.8028169014084507,0.8169014084507042
TCGA-97-A4M2-01Z-00-DX1.5C72522C-1538-4D68-B517-5FB05A9D401A,LUAD,virchow2,Virchow2,40x__10x,0.6750655174255371,-0.1707248734356627,0.11267605633802817,0.6056338028169014
TCGA-97-A4M2-01Z-00-DX1.5C72522C-1538-4D68-B517-5FB05A9D401A,LUAD,virchow2,Virchow2,40x__2p5x,0.5242847204208374,-0.4055227037721153,0.5070422535211268,0.676056338028169
TCGA-97-A4M2-01Z-00-DX1.5C72522C-1538-4D68-B517-5FB05A9D401A,LUAD,virchow2,Virchow2,10x__2p5x,0.7021428644657135,-0.0230955881359673,0.5774647887323944,0.7746478873239436
TCGA-J2-A4AE-01Z-00-DX1.42C5DE4A-7787-4E59-8969-D12503262C96,LUAD,virchow2,Virchow2,40x__10x,0.73686882853508,-0.2633720736985253,0.7605633802816901,0.4788732394366197
TCGA-J2-A4AE-01Z-00-DX1.42C5DE4A-7787-4E59-8969-D12503262C96,LUAD,virchow2,Virchow2,40x__2p5x,0.5513307154178619,-0.5834146533929601,0.7887323943661971,0.6197183098591549
TCGA-J2-A4AE-01Z-00-DX1.42C5DE4A-7787-4E59-8969-D12503262C96,LUAD,virchow2,Virchow2,10x__2p5x,0.6963626146316528,-0.0639139479388412,0.5352112676056338,0.676056338028169
TCGA-BR-6452-01Z-00-DX1.aec8246e-9dce-436d-9faa-df8fa1f6e47c,STAD,virchow2,Virchow2,40x__10x,0.71549192070961,-0.2156735623976307,0.5633802816901409,0.5352112676056338
TCGA-BR-6452-01Z-00-DX1.aec8246e-9dce-436d-9faa-df8fa1f6e47c,STAD,virchow2,Virchow2,40x__2p5x,0.4729813039302826,-1.252032374822488,0.08450704225352113,0.39436619718309857
TCGA-BR-6452-01Z-00-DX1.aec8246e-9dce-436d-9faa-df8fa1f6e47c,STAD,virchow2,Virchow2,10x__2p5x,0.6151717901229858,-1.6200169902941446,0.07042253521126761,0.07042253521126761
TCGA-BR-6454-01Z-00-DX1.63fb6280-2b43-49b2-960a-eb9c0e8b617c,STAD,virchow2,Virchow2,40x__10x,0.6910835206508636,-0.0992792520206766,0.28169014084507044,0.647887323943662
TCGA-BR-6454-01Z-00-DX1.63fb6280-2b43-49b2-960a-eb9c0e8b617c,STAD,virchow2,Virchow2,40x__2p5x,0.5227615684270859,-1.3648929690151106,0.49295774647887325,0.38028169014084506
TCGA-BR-6454-01Z-00-DX1.63fb6280-2b43-49b2-960a-eb9c0e8b617c,STAD,virchow2,Virchow2,10x__2p5x,0.682978481054306,-0.5835016609291841,0.4225352112676056,0.2676056338028169
TCGA-BR-A4CQ-01Z-00-DX1.B63282A5-154D-441B-BF96-5BB26CB6D95E,STAD,virchow2,Virchow2,40x__10x,0.6806950271129608,-0.0219441529125472,0.16901408450704225,0.7464788732394366
TCGA-BR-A4CQ-01Z-00-DX1.B63282A5-154D-441B-BF96-5BB26CB6D95E,STAD,virchow2,Virchow2,40x__2p5x,0.500232458114624,-1.3835534977565005,0.22535211267605634,0.36619718309859156
TCGA-BR-A4CQ-01Z-00-DX1.B63282A5-154D-441B-BF96-5BB26CB6D95E,STAD,virchow2,Virchow2,10x__2p5x,0.677910715341568,-1.1266243310123292,0.352112676056338,0.1267605633802817
TCGA-CD-A487-01Z-00-DX1.A026BD2F-B721-4340-83D5-7AA39227C90F,STAD,virchow2,Virchow2,40x__10x,0.6683364808559418,-0.0072618940388014,0.07042253521126761,0.8028169014084507
TCGA-CD-A487-01Z-00-DX1.A026BD2F-B721-4340-83D5-7AA39227C90F,STAD,virchow2,Virchow2,40x__2p5x,0.4916224926710129,-1.012317001372279,0.18309859154929578,0.49295774647887325
TCGA-CD-A487-01Z-00-DX1.A026BD2F-B721-4340-83D5-7AA39227C90F,STAD,virchow2,Virchow2,10x__2p5x,0.6817895472049713,-1.189567429401369,0.39436619718309857,0.11267605633802817
TCGA-FP-8209-01Z-00-DX1.a5e13081-1631-44d4-8d6a-c229a22c2311,STAD,virchow2,Virchow2,40x__10x,0.7048186361789703,0.1931942415472981,0.4225352112676056,0.9154929577464789
TCGA-FP-8209-01Z-00-DX1.a5e13081-1631-44d4-8d6a-c229a22c2311,STAD,virchow2,Virchow2,40x__2p5x,0.5098469406366348,-1.0746964823693892,0.30985915492957744,0.4507042253521127
TCGA-FP-8209-01Z-00-DX1.a5e13081-1631-44d4-8d6a-c229a22c2311,STAD,virchow2,Virchow2,10x__2p5x,0.619987279176712,-0.9455010421892972,0.09859154929577464,0.16901408450704225
TCGA-SW-A7EA-01Z-00-DX1.C5E1BE0E-0A25-4480-A3AC-DB2ED7471A4E,STAD,virchow2,Virchow2,40x__10x,0.6877200305461884,-0.6602031602258446,0.2535211267605634,0.22535211267605634
TCGA-SW-A7EA-01Z-00-DX1.C5E1BE0E-0A25-4480-A3AC-DB2ED7471A4E,STAD,virchow2,Virchow2,40x__2p5x,0.5165875256061554,-1.893422992123788,0.38028169014084506,0.22535211267605634
TCGA-SW-A7EA-01Z-00-DX1.C5E1BE0E-0A25-4480-A3AC-DB2ED7471A4E,STAD,virchow2,Virchow2,10x__2p5x,0.6821655333042145,-0.5641190177518511,0.4084507042253521,0.28169014084507044
TCGA-VQ-A8PY-01Z-00-DX1.EA2C7386-012A-442A-95B3-FFA12BD2684D,STAD,virchow2,Virchow2,40x__10x,0.7337957322597504,0.329084181593568,0.7464788732394366,0.9295774647887324
TCGA-VQ-A8PY-01Z-00-DX1.EA2C7386-012A-442A-95B3-FFA12BD2684D,STAD,virchow2,Virchow2,40x__2p5x,0.5539111793041229,-1.9787826143580336,0.8169014084507042,0.18309859154929578
TCGA-VQ-A8PY-01Z-00-DX1.EA2C7386-012A-442A-95B3-FFA12BD2684D,STAD,virchow2,Virchow2,10x__2p5x,0.7063150703907013,-2.065722932810852,0.6619718309859155,0.04225352112676056
TCGA-VQ-A924-01Z-00-DX1.736B41F3-9678-4FAF-AE86-FCAC4F6DCBD3,STAD,virchow2,Virchow2,40x__10x,0.7719815671443939,-0.1878323457948881,0.9436619718309859,0.5915492957746479
TCGA-VQ-A924-01Z-00-DX1.736B41F3-9678-4FAF-AE86-FCAC4F6DCBD3,STAD,virchow2,Virchow2,40x__2p5x,0.5166564583778381,-1.8520887777844948,0.39436619718309857,0.23943661971830985
TCGA-VQ-A924-01Z-00-DX1.736B41F3-9678-4FAF-AE86-FCAC4F6DCBD3,STAD,virchow2,Virchow2,10x__2p5x,0.6537889242172241,-1.9083293196976023,0.2112676056338028,0.056338028169014086
TCGA-ZQ-A9CR-01Z-00-DX1.C9AC9991-7054-4068-A7AA-9D1EB7F040A3,STAD,virchow2,Virchow2,40x__10x,0.7396525740623474,-0.4507643990756114,0.7887323943661971,0.323943661971831
TCGA-ZQ-A9CR-01Z-00-DX1.C9AC9991-7054-4068-A7AA-9D1EB7F040A3,STAD,virchow2,Virchow2,40x__2p5x,0.5419482290744781,-1.9218014693465264,0.7323943661971831,0.19718309859154928
TCGA-ZQ-A9CR-01Z-00-DX1.C9AC9991-7054-4068-A7AA-9D1EB7F040A3,STAD,virchow2,Virchow2,10x__2p5x,0.6892489790916443,-2.3777803767426864,0.4788732394366197,0.028169014084507043
TCGA-A5-A0GX-01Z-00-DX1.7E713D1A-5858-4648-957D-77189E43CFAA,UCEC,virchow2,Virchow2,40x__10x,0.6984204351902008,-0.2436485731305151,0.3380281690140845,0.5211267605633803
TCGA-A5-A0GX-01Z-00-DX1.7E713D1A-5858-4648-957D-77189E43CFAA,UCEC,virchow2,Virchow2,40x__2p5x,0.5400125235319138,-0.6726989693094556,0.6901408450704225,0.5774647887323944
TCGA-A5-A0GX-01Z-00-DX1.7E713D1A-5858-4648-957D-77189E43CFAA,UCEC,virchow2,Virchow2,10x__2p5x,0.7555616796016693,-0.0959309751729829,0.9436619718309859,0.6056338028169014
TCGA-A5-A0R7-01Z-00-DX1.D21E6974-22A3-4A68-8B4E-14E84A7A50A5,UCEC,virchow2,Virchow2,40x__10x,0.650464802980423,-0.8480207183760229,0.04225352112676056,0.19718309859154928
TCGA-A5-A0R7-01Z-00-DX1.D21E6974-22A3-4A68-8B4E-14E84A7A50A5,UCEC,virchow2,Virchow2,40x__2p5x,0.501815527677536,-1.4941714814045957,0.28169014084507044,0.3380281690140845
TCGA-A5-A0R7-01Z-00-DX1.D21E6974-22A3-4A68-8B4E-14E84A7A50A5,UCEC,virchow2,Virchow2,10x__2p5x,0.7436136603355408,-0.8357991737641527,0.9014084507042254,0.19718309859154928
TCGA-AX-A05U-01Z-00-DX1.1EBFC727-B5D5-4543-BBA9-4254ABD3D584,UCEC,virchow2,Virchow2,40x__10x,0.7143994271755219,-0.4842834535089307,0.5211267605633803,0.30985915492957744
TCGA-AX-A05U-01Z-00-DX1.1EBFC727-B5D5-4543-BBA9-4254ABD3D584,UCEC,virchow2,Virchow2,40x__2p5x,0.5222918093204498,-0.3993347487635842,0.4647887323943662,0.6901408450704225
TCGA-AX-A05U-01Z-00-DX1.1EBFC727-B5D5-4543-BBA9-4254ABD3D584,UCEC,virchow2,Virchow2,10x__2p5x,0.7442405819892883,-0.0335482971851012,0.9154929577464789,0.7323943661971831
TCGA-AX-A06B-01Z-00-DX2.1757C039-99F7-4087-A9E5-D340AF7220D4,UCEC,virchow2,Virchow2,40x__10x,0.7108051180839539,-1.274843631510686,0.4788732394366197,0.07042253521126761
TCGA-AX-A06B-01Z-00-DX2.1757C039-99F7-4087-A9E5-D340AF7220D4,UCEC,virchow2,Virchow2,40x__2p5x,0.5171373784542084,-1.1783140414251696,0.4084507042253521,0.4225352112676056
TCGA-AX-A06B-01Z-00-DX2.1757C039-99F7-4087-A9E5-D340AF7220D4,UCEC,virchow2,Virchow2,10x__2p5x,0.6550718545913696,-0.251710260685127,0.22535211267605634,0.49295774647887325
TCGA-AX-A0J0-01Z-00-DX2.56C668BE-03B8-4B87-A226-AABD97D53C38,UCEC,virchow2,Virchow2,40x__10x,0.7026978433132172,-0.3171838844274843,0.38028169014084506,0.4084507042253521
TCGA-AX-A0J0-01Z-00-DX2.56C668BE-03B8-4B87-A226-AABD97D53C38,UCEC,virchow2,Virchow2,40x__2p5x,0.5243764519691467,-1.0057718869479246,0.5211267605633803,0.5070422535211268
TCGA-AX-A0J0-01Z-00-DX2.56C668BE-03B8-4B87-A226-AABD97D53C38,UCEC,virchow2,Virchow2,10x__2p5x,0.7109578847885132,-0.0680042234250879,0.704225352112676,0.6619718309859155
TCGA-B5-A11F-01Z-00-DX1.3F1C053D-E81E-4C8D-965D-6F3DE29D9511,UCEC,virchow2,Virchow2,40x__10x,0.678872287273407,-0.1664086947651272,0.14084507042253522,0.6197183098591549
TCGA-B5-A11F-01Z-00-DX1.3F1C053D-E81E-4C8D-965D-6F3DE29D9511,UCEC,virchow2,Virchow2,40x__2p5x,0.5027228593826294,-1.2492636296951276,0.29577464788732394,0.4084507042253521
TCGA-B5-A11F-01Z-00-DX1.3F1C053D-E81E-4C8D-965D-6F3DE29D9511,UCEC,virchow2,Virchow2,10x__2p5x,0.7035867869853973,-0.2537262012319776,0.6056338028169014,0.4788732394366197
TCGA-BG-A0W1-01Z-00-DX1.8E06269C-1278-478B-A128-59FA911B1649,UCEC,virchow2,Virchow2,40x__10x,0.6869352459907532,-0.3345922909062508,0.22535211267605634,0.39436619718309857
TCGA-BG-A0W1-01Z-00-DX1.8E06269C-1278-478B-A128-59FA911B1649,UCEC,virchow2,Virchow2,40x__2p5x,0.501003086566925,-1.0231807807454412,0.2535211267605634,0.4788732394366197
TCGA-BG-A0W1-01Z-00-DX1.8E06269C-1278-478B-A128-59FA911B1649,UCEC,virchow2,Virchow2,10x__2p5x,0.6975193023681641,-0.1063445949152838,0.5492957746478874,0.5915492957746479
TCGA-EY-A1GQ-01Z-00-DX1.03D52C6F-515E-4A4F-A08E-31D773BCC67F,UCEC,virchow2,Virchow2,40x__10x,0.7193484306335449,-0.932680713438866,0.6056338028169014,0.16901408450704225
TCGA-EY-A1GQ-01Z-00-DX1.03D52C6F-515E-4A4F-A08E-31D773BCC67F,UCEC,virchow2,Virchow2,40x__2p5x,0.5159605592489243,-2.002972424241718,0.36619718309859156,0.16901408450704225
TCGA-EY-A1GQ-01Z-00-DX1.03D52C6F-515E-4A4F-A08E-31D773BCC67F,UCEC,virchow2,Virchow2,10x__2p5x,0.6496589481830597,-0.2217219984946784,0.18309859154929578,0.5070422535211268
TCGA-FI-A2EX-01Z-00-DX1.127F5153-745D-43E6-83CA-DE2738702C62,UCEC,virchow2,Virchow2,40x__10x,0.7047852873802185,-0.0477343203824708,0.4084507042253521,0.704225352112676
TCGA-FI-A2EX-01Z-00-DX1.127F5153-745D-43E6-83CA-DE2738702C62,UCEC,virchow2,Virchow2,40x__2p5x,0.5348705351352692,-0.257816241874282,0.6197183098591549,0.7605633802816901
TCGA-FI-A2EX-01Z-00-DX1.127F5153-745D-43E6-83CA-DE2738702C62,UCEC,virchow2,Virchow2,10x__2p5x,0.7343268096446991,-0.0126617610330806,0.8591549295774648,0.8309859154929577
