case_id,cancer,model,model_display,source_scale,target_scale,shift_robustness,n_repeats,direction
TCGA-55-6986-01Z-00-DX1.ae52d41e-3cd6-4d36-b04b-2ea7d29bd8da,LUAD,gigapath,GigaPath,10x,2p5x,-2.382459199995868,10,10× → 2.5×
TCGA-55-6986-01Z-00-DX1.ae52d41e-3cd6-4d36-b04b-2ea7d29bd8da,LUAD,gigapath,GigaPath,10x,40x,-0.6870604758086023,10,10× → 40×
TCGA-55-6986-01Z-00-DX1.ae52d41e-3cd6-4d36-b04b-2ea7d29bd8da,LUAD,gigapath,GigaPath,2p5x,10x,0.10064169177849533,10,2.5× → 10×
TCGA-55-6986-01Z-00-DX1.ae52d41e-3cd6-4d36-b04b-2ea7d29bd8da,LUAD,gigapath,GigaPath,2p5x,40x,-0.47723027101434967,10,2.5× → 40×
TCGA-55-6986-01Z-00-DX1.ae52d41e-3cd6-4d36-b04b-2ea7d29bd8da,LUAD,gigapath,GigaPath,40x,10x,0.1550525418423999,10,40× → 10×
TCGA-55-6986-01Z-00-DX1.ae52d41e-3cd6-4d36-b04b-2ea7d29bd8da,LUAD,gigapath,GigaPath,40x,2p5x,-1.734339050436747,10,40× → 2.5×
TCGA-55-6986-01Z-00-DX1.ae52d41e-3cd6-4d36-b04b-2ea7d29bd8da,LUAD,gigapath_flash,GigaPath-Flash,10x,2p5x,-3.9633669004345187,10,10× → 2.5×
TCGA-55-6986-01Z-00-DX1.ae52d41e-3cd6-4d36-b04b-2ea7d29bd8da,LUAD,gigapath_flash,GigaPath-Flash,10x,40x,-1.1728732211638442,10,10× → 40×
TCGA-55-6986-01Z-00-DX1.ae52d41e-3cd6-4d36-b04b-2ea7d29bd8da,LUAD,gigapath_flash,GigaPath-Flash,2p5x,10x,-2.7947421720199164,10,2.5× → 10×
TCGA-55-6986-01Z-00-DX1.ae52d41e-3cd6-4d36-b04b-2ea7d29bd8da,LUAD,gigapath_flash,GigaPath-Flash,2p5x,40x,-8.75839950295,10,2.5× → 40×
TCGA-55-6986-01Z-00-DX1.ae52d41e-3cd6-4d36-b04b-2ea7d29bd8da,LUAD,gigapath_flash,GigaPath-Flash,40x,10x,0.029455311305606212,10,40× → 10×
TCGA-55-6986-01Z-00-DX1.ae52d41e-3cd6-4d36-b04b-2ea7d29bd8da,LUAD,gigapath_flash,GigaPath-Flash,40x,2p5x,-3.5605531638278647,10,40× → 2.5×
TCGA-55-6986-01Z-00-DX1.ae52d41e-3cd6-4d36-b04b-2ea7d29bd8da,LUAD,midnight,Midnight,10x,2p5x,-0.00494271853348367,10,10× → 2.5×
TCGA-55-6986-01Z-00-DX1.ae52d41e-3cd6-4d36-b04b-2ea7d29bd8da,LUAD,midnight,Midnight,10x,40x,-0.05932869361904482,10,10× → 40×
TCGA-55-6986-01Z-00-DX1.ae52d41e-3cd6-4d36-b04b-2ea7d29bd8da,LUAD,midnight,Midnight,2p5x,10x,-0.04085412884259259,10,2.5× → 10×
TCGA-55-6986-01Z-00-DX1.ae52d41e-3cd6-4d36-b04b-2ea7d29bd8da,LUAD,midnight,Midnight,2p5x,40x,-0.14726788706597208,10,2.5× → 40×
TCGA-55-6986-01Z-00-DX1.ae52d41e-3cd6-4d36-b04b-2ea7d29bd8da,LUAD,midnight,Midnight,40x,10x,-0.10239698468592577,10,40× → 10×
TCGA-55-6986-01Z-00-DX1.ae52d41e-3cd6-4d36-b04b-2ea7d29bd8da,LUAD,midnight,Midnight,40x,2p5x,-0.07982259529639783,10,40× → 2.5×
TCGA-55-6986-01Z-00-DX1.ae52d41e-3cd6-4d36-b04b-2ea7d29bd8da,LUAD,phikon,Phikon,10x,2p5x,-2.040964934693489,10,10× → 2.5×
TCGA-55-6986-01Z-00-DX1.ae52d41e-3cd6-4d36-b04b-2ea7d29bd8da,LUAD,phikon,Phikon,10x,40x,-0.04822024967193693,10,10× → 40×
TCGA-55-6986-01Z-00-DX1.ae52d41e-3cd6-4d36-b04b-2ea7d29bd8da,LUAD,phikon,Phikon,2p5x,10x,-0.6237172287416902,10,2.5× → 10×
TCGA-55-6986-01Z-00-DX1.ae52d41e-3cd6-4d36-b04b-2ea7d29bd8da,LUAD,phikon,Phikon,2p5x,40x,-3.6072535791148246,10,2.5× → 40×
TCGA-55-6986-01Z-00-DX1.ae52d41e-3cd6-4d36-b04b-2ea7d29bd8da,LUAD,phikon,Phikon,40x,10x,-0.2595736870017419,10,40× → 10×
TCGA-55-6986-01Z-00-DX1.ae52d41e-3cd6-4d36-b04b-2ea7d29bd8da,LUAD,phikon,Phikon,40x,2p5x,-2.217660140161692,10,40× → 2.5×
TCGA-55-6986-01Z-00-DX1.ae52d41e-3cd6-4d36-b04b-2ea7d29bd8da,LUAD,uni,UNI,10x,2p5x,-3.1575413413739346,10,10× → 2.5×
TCGA-55-6986-01Z-00-DX1.ae52d41e-3cd6-4d36-b04b-2ea7d29bd8da,LUAD,uni,UNI,10x,40x,-0.1677022560693272,10,10× → 40×
TCGA-55-6986-01Z-00-DX1.ae52d41e-3cd6-4d36-b04b-2ea7d29bd8da,LUAD,uni,UNI,2p5x,10x,-0.3571937891051949,10,2.5× → 10×
TCGA-55-6986-01Z-00-DX1.ae52d41e-3cd6-4d36-b04b-2ea7d29bd8da,LUAD,uni,UNI,2p5x,40x,-1.621674593797276,10,2.5× → 40×
TCGA-55-6986-01Z-00-DX1.ae52d41e-3cd6-4d36-b04b-2ea7d29bd8da,LUAD,uni,UNI,40x,10x,-0.4865419439291029,10,40× → 10×
TCGA-55-6986-01Z-00-DX1.ae52d41e-3cd6-4d36-b04b-2ea7d29bd8da,LUAD,uni,UNI,40x,2p5x,-4.137222284068574,10,40× → 2.5×
TCGA-55-6986-01Z-00-DX1.ae52d41e-3cd6-4d36-b04b-2ea7d29bd8da,LUAD,uni2,UNI2,10x,2p5x,-0.01742465635993255,10,10× → 2.5×
TCGA-55-6986-01Z-00-DX1.ae52d41e-3cd6-4d36-b04b-2ea7d29bd8da,LUAD,uni2,UNI2,10x,40x,-0.03406301794362605,10,10× → 40×
TCGA-55-6986-01Z-00-DX1.ae52d41e-3cd6-4d36-b04b-2ea7d29bd8da,LUAD,uni2,UNI2,2p5x,10x,0.00201280500956527,10,2.5× → 10×
TCGA-55-6986-01Z-00-DX1.ae52d41e-3cd6-4d36-b04b-2ea7d29bd8da,LUAD,uni2,UNI2,2p5x,40x,-0.00284716494832691,10,2.5× → 40×
TCGA-55-6986-01Z-00-DX1.ae52d41e-3cd6-4d36-b04b-2ea7d29bd8da,LUAD,uni2,UNI2,40x,10x,-0.02968255373421589,10,40× → 10×
TCGA-55-6986-01Z-00-DX1.ae52d41e-3cd6-4d36-b04b-2ea7d29bd8da,LUAD,uni2,UNI2,40x,2p5x,-0.030144024948435738,10,40× → 2.5×
TCGA-55-6986-01Z-00-DX1.ae52d41e-3cd6-4d36-b04b-2ea7d29bd8da,LUAD,virchow,Virchow,10x,2p5x,-3.881664251307742,10,10× → 2.5×
TCGA-55-6986-01Z-00-DX1.ae52d41e-3cd6-4d36-b04b-2ea7d29bd8da,LUAD,virchow,Virchow,10x,40x,-0.48010367592189274,10,10× → 40×
TCGA-55-6986-01Z-00-DX1.ae52d41e-3cd6-4d36-b04b-2ea7d29bd8da,LUAD,virchow,Virchow,2p5x,10x,-3.9260710577674045,10,2.5× → 10×
TCGA-55-6986-01Z-00-DX1.ae52d41e-3cd6-4d36-b04b-2ea7d29bd8da,LUAD,virchow,Virchow,2p5x,40x,-0.5900802352423051,10,2.5× → 40×
TCGA-55-6986-01Z-00-DX1.ae52d41e-3cd6-4d36-b04b-2ea7d29bd8da,LUAD,virchow,Virchow,40x,10x,-0.5951957037696549,10,40× → 10×
TCGA-55-6986-01Z-00-DX1.ae52d41e-3cd6-4d36-b04b-2ea7d29bd8da,LUAD,virchow,Virchow,40x,2p5x,-4.956649464239627,10,40× → 2.5×
TCGA-55-6986-01Z-00-DX1.ae52d41e-3cd6-4d36-b04b-2ea7d29bd8da,LUAD,virchow2,Virchow2,10x,2p5x,-0.11820255416667916,10,10× → 2.5×
TCGA-55-6986-01Z-00-DX1.ae52d41e-3cd6-4d36-b04b-2ea7d29bd8da,LUAD,virchow2,Virchow2,10x,40x,-0.11488532488245566,10,10× → 40×
TCGA-55-6986-01Z-00-DX1.ae52d41e-3cd6-4d36-b04b-2ea7d29bd8da,LUAD,virchow2,Virchow2,2p5x,10x,-0.0003918898817735198,10,2.5× → 10×
TCGA-55-6986-01Z-00-DX1.ae52d41e-3cd6-4d36-b04b-2ea7d29bd8da,LUAD,virchow2,Virchow2,2p5x,40x,-0.299549541330826,10,2.5× → 40×
TCGA-55-6986-01Z-00-DX1.ae52d41e-3cd6-4d36-b04b-2ea7d29bd8da,LUAD,virchow2,Virchow2,40x,10x,0.01167438829345621,10,40× → 10×
TCGA-55-6986-01Z-00-DX1.ae52d41e-3cd6-4d36-b04b-2ea7d29bd8da,LUAD,virchow2,Virchow2,40x,2p5x,0.0005907915910047096,10,40× → 2.5×
TCGA-64-5779-01Z-00-DX1.B3268447-DCE0-4927-B5A9-EC4D61E9B17D,LUAD,gigapath,GigaPath,10x,2p5x,0.8071894277628691,10,10× → 2.5×
TCGA-64-5779-01Z-00-DX1.B3268447-DCE0-4927-B5A9-EC4D61E9B17D,LUAD,gigapath,GigaPath,10x,40x,1.066804700844837,10,10× → 40×
TCGA-64-5779-01Z-00-DX1.B3268447-DCE0-4927-B5A9-EC4D61E9B17D,LUAD,gigapath,GigaPath,2p5x,10x,0.879628752701166,10,2.5× → 10×
TCGA-64-5779-01Z-00-DX1.B3268447-DCE0-4927-B5A9-EC4D61E9B17D,LUAD,gigapath,GigaPath,2p5x,40x,1.7374405243513145,10,2.5× → 40×
TCGA-64-5779-01Z-00-DX1.B3268447-DCE0-4927-B5A9-EC4D61E9B17D,LUAD,gigapath,GigaPath,40x,10x,0.36540853103074966,10,40× → 10×
TCGA-64-5779-01Z-00-DX1.B3268447-DCE0-4927-B5A9-EC4D61E9B17D,LUAD,gigapath,GigaPath,40x,2p5x,1.67113780222278,10,40× → 2.5×
TCGA-64-5779-01Z-00-DX1.B3268447-DCE0-4927-B5A9-EC4D61E9B17D,LUAD,gigapath_flash,GigaPath-Flash,10x,2p5x,0.8612801515948977,10,10× → 2.5×
TCGA-64-5779-01Z-00-DX1.B3268447-DCE0-4927-B5A9-EC4D61E9B17D,LUAD,gigapath_flash,GigaPath-Flash,10x,40x,-0.4885419907544363,10,10× → 40×
TCGA-64-5779-01Z-00-DX1.B3268447-DCE0-4927-B5A9-EC4D61E9B17D,LUAD,gigapath_flash,GigaPath-Flash,2p5x,10x,-2.0077757904734304,10,2.5× → 10×
TCGA-64-5779-01Z-00-DX1.B3268447-DCE0-4927-B5A9-EC4D61E9B17D,LUAD,gigapath_flash,GigaPath-Flash,2p5x,40x,-0.9526553933745209,10,2.5× → 40×
TCGA-64-5779-01Z-00-DX1.B3268447-DCE0-4927-B5A9-EC4D61E9B17D,LUAD,gigapath_flash,GigaPath-Flash,40x,10x,3.851681506125216,10,40× → 10×
TCGA-64-5779-01Z-00-DX1.B3268447-DCE0-4927-B5A9-EC4D61E9B17D,LUAD,gigapath_flash,GigaPath-Flash,40x,2p5x,0.3503920082617761,10,40× → 2.5×
TCGA-64-5779-01Z-00-DX1.B3268447-DCE0-4927-B5A9-EC4D61E9B17D,LUAD,midnight,Midnight,10x,2p5x,0.11675524026324886,10,10× → 2.5×
TCGA-64-5779-01Z-00-DX1.B3268447-DCE0-4927-B5A9-EC4D61E9B17D,LUAD,midnight,Midnight,10x,40x,-0.2295195182678038,10,10× → 40×
TCGA-64-5779-01Z-00-DX1.B3268447-DCE0-4927-B5A9-EC4D61E9B17D,LUAD,midnight,Midnight,2p5x,10x,-0.27238059697695594,10,2.5× → 10×
TCGA-64-5779-01Z-00-DX1.B3268447-DCE0-4927-B5A9-EC4D61E9B17D,LUAD,midnight,Midnight,2p5x,40x,-0.4762088816940765,10,2.5× → 40×
TCGA-64-5779-01Z-00-DX1.B3268447-DCE0-4927-B5A9-EC4D61E9B17D,LUAD,midnight,Midnight,40x,10x,0.19115197160533592,10,40× → 10×
TCGA-64-5779-01Z-00-DX1.B3268447-DCE0-4927-B5A9-EC4D61E9B17D,LUAD,midnight,Midnight,40x,2p5x,0.13691072417221944,10,40× → 2.5×
TCGA-64-5779-01Z-00-DX1.B3268447-DCE0-4927-B5A9-EC4D61E9B17D,LUAD,phikon,Phikon,10x,2p5x,-1.3354991381753083,10,10× → 2.5×
TCGA-64-5779-01Z-00-DX1.B3268447-DCE0-4927-B5A9-EC4D61E9B17D,LUAD,phikon,Phikon,10x,40x,1.154472630779172,10,10× → 40×
TCGA-64-5779-01Z-00-DX1.B3268447-DCE0-4927-B5A9-EC4D61E9B17D,LUAD,phikon,Phikon,2p5x,10x,3.7187897248453026,10,2.5× → 10×
TCGA-64-5779-01Z-00-DX1.B3268447-DCE0-4927-B5A9-EC4D61E9B17D,LUAD,phikon,Phikon,2p5x,40x,5.2155503842581705,10,2.5× → 40×
TCGA-64-5779-01Z-00-DX1.B3268447-DCE0-4927-B5A9-EC4D61E9B17D,LUAD,phikon,Phikon,40x,10x,-0.4887616849909711,10,40× → 10×
TCGA-64-5779-01Z-00-DX1.B3268447-DCE0-4927-B5A9-EC4D61E9B17D,LUAD,phikon,Phikon,40x,2p5x,-1.3601050099789003,10,40× → 2.5×
TCGA-64-5779-01Z-00-DX1.B3268447-DCE0-4927-B5A9-EC4D61E9B17D,LUAD,uni,UNI,10x,2p5x,0.7902157612219648,10,10× → 2.5×
TCGA-64-5779-01Z-00-DX1.B3268447-DCE0-4927-B5A9-EC4D61E9B17D,LUAD,uni,UNI,10x,40x,0.7214080749681837,10,10× → 40×
TCGA-64-5779-01Z-00-DX1.B3268447-DCE0-4927-B5A9-EC4D61E9B17D,LUAD,uni,UNI,2p5x,10x,1.3081026166508827,10,2.5× → 10×
TCGA-64-5779-01Z-00-DX1.B3268447-DCE0-4927-B5A9-EC4D61E9B17D,LUAD,uni,UNI,2p5x,40x,2.268822150873274,10,2.5× → 40×
TCGA-64-5779-01Z-00-DX1.B3268447-DCE0-4927-B5A9-EC4D61E9B17D,LUAD,uni,UNI,40x,10x,-2.426465149084594,10,40× → 10×
TCGA-64-5779-01Z-00-DX1.B3268447-DCE0-4927-B5A9-EC4D61E9B17D,LUAD,uni,UNI,40x,2p5x,-0.8160933856448997,10,40× → 2.5×
TCGA-64-5779-01Z-00-DX1.B3268447-DCE0-4927-B5A9-EC4D61E9B17D,LUAD,uni2,UNI2,10x,2p5x,0.3622652413385191,10,10× → 2.5×
TCGA-64-5779-01Z-00-DX1.B3268447-DCE0-4927-B5A9-EC4D61E9B17D,LUAD,uni2,UNI2,10x,40x,0.7135768865000073,10,10× → 40×
TCGA-64-5779-01Z-00-DX1.B3268447-DCE0-4927-B5A9-EC4D61E9B17D,LUAD,uni2,UNI2,2p5x,10x,-1.8202875021472984,10,2.5× → 10×
TCGA-64-5779-01Z-00-DX1.B3268447-DCE0-4927-B5A9-EC4D61E9B17D,LUAD,uni2,UNI2,2p5x,40x,1.3052382756211045,10,2.5× → 40×
TCGA-64-5779-01Z-00-DX1.B3268447-DCE0-4927-B5A9-EC4D61E9B17D,LUAD,uni2,UNI2,40x,10x,2.1488725874139165,10,40× → 10×
TCGA-64-5779-01Z-00-DX1.B3268447-DCE0-4927-B5A9-EC4D61E9B17D,LUAD,uni2,UNI2,40x,2p5x,2.1174970936572377,10,40× → 2.5×
TCGA-64-5779-01Z-00-DX1.B3268447-DCE0-4927-B5A9-EC4D61E9B17D,LUAD,virchow,Virchow,10x,2p5x,-1.7730930462006083,10,10× → 2.5×
TCGA-64-5779-01Z-00-DX1.B3268447-DCE0-4927-B5A9-EC4D61E9B17D,LUAD,virchow,Virchow,10x,40x,-1.0565235469382421,10,10× → 40×
TCGA-64-5779-01Z-00-DX1.B3268447-DCE0-4927-B5A9-EC4D61E9B17D,LUAD,virchow,Virchow,2p5x,10x,4.01477358925938,10,2.5× → 10×
TCGA-64-5779-01Z-00-DX1.B3268447-DCE0-4927-B5A9-EC4D61E9B17D,LUAD,virchow,Virchow,2p5x,40x,3.4185795975807904,10,2.5× → 40×
TCGA-64-5779-01Z-00-DX1.B3268447-DCE0-4927-B5A9-EC4D61E9B17D,LUAD,virchow,Virchow,40x,10x,-3.9503554065276383,10,40× → 10×
TCGA-64-5779-01Z-00-DX1.B3268447-DCE0-4927-B5A9-EC4D61E9B17D,LUAD,virchow,Virchow,40x,2p5x,-6.017373190790994,10,40× → 2.5×
TCGA-64-5779-01Z-00-DX1.B3268447-DCE0-4927-B5A9-EC4D61E9B17D,LUAD,virchow2,Virchow2,10x,2p5x,-1.0301579874543427,10,10× → 2.5×
TCGA-64-5779-01Z-00-DX1.B3268447-DCE0-4927-B5A9-EC4D61E9B17D,LUAD,virchow2,Virchow2,10x,40x,-1.4323318880625202,10,10× → 40×
TCGA-64-5779-01Z-00-DX1.B3268447-DCE0-4927-B5A9-EC4D61E9B17D,LUAD,virchow2,Virchow2,2p5x,10x,-0.05365985405913287,10,2.5× → 10×
TCGA-64-5779-01Z-00-DX1.B3268447-DCE0-4927-B5A9-EC4D61E9B17D,LUAD,virchow2,Virchow2,2p5x,40x,0.7547196071246061,10,2.5× → 40×
TCGA-64-5779-01Z-00-DX1.B3268447-DCE0-4927-B5A9-EC4D61E9B17D,LUAD,virchow2,Virchow2,40x,10x,0.8319576590917892,10,40× → 10×
TCGA-64-5779-01Z-00-DX1.B3268447-DCE0-4927-B5A9-EC4D61E9B17D,LUAD,virchow2,Virchow2,40x,2p5x,-0.17526166159909606,10,40× → 2.5×
TCGA-78-7158-01Z-00-DX1.74db3dcd-2715-4ce7-8e48-30c8b7946ba0,LUAD,gigapath,GigaPath,10x,2p5x,-2.3236403369239267,10,10× → 2.5×
TCGA-78-7158-01Z-00-DX1.74db3dcd-2715-4ce7-8e48-30c8b7946ba0,LUAD,gigapath,GigaPath,10x,40x,-1.8833248825817712,10,10× → 40×
TCGA-78-7158-01Z-00-DX1.74db3dcd-2715-4ce7-8e48-30c8b7946ba0,LUAD,gigapath,GigaPath,2p5x,10x,-0.0994303526456505,10,2.5× → 10×
TCGA-78-7158-01Z-00-DX1.74db3dcd-2715-4ce7-8e48-30c8b7946ba0,LUAD,gigapath,GigaPath,2p5x,40x,-1.0657573744750517,10,2.5× → 40×
TCGA-78-7158-01Z-00-DX1.74db3dcd-2715-4ce7-8e48-30c8b7946ba0,LUAD,gigapath,GigaPath,40x,10x,-0.010786838973678502,10,40× → 10×
TCGA-78-7158-01Z-00-DX1.74db3dcd-2715-4ce7-8e48-30c8b7946ba0,LUAD,gigapath,GigaPath,40x,2p5x,-4.039912146608662,10,40× → 2.5×
TCGA-78-7158-01Z-00-DX1.74db3dcd-2715-4ce7-8e48-30c8b7946ba0,LUAD,gigapath_flash,GigaPath-Flash,10x,2p5x,-2.222371985283625,10,10× → 2.5×
TCGA-78-7158-01Z-00-DX1.74db3dcd-2715-4ce7-8e48-30c8b7946ba0,LUAD,gigapath_flash,GigaPath-Flash,10x,40x,-1.360432069387823,10,10× → 40×
TCGA-78-7158-01Z-00-DX1.74db3dcd-2715-4ce7-8e48-30c8b7946ba0,LUAD,gigapath_flash,GigaPath-Flash,2p5x,10x,-4.687976168400327,10,2.5× → 10×
TCGA-78-7158-01Z-00-DX1.74db3dcd-2715-4ce7-8e48-30c8b7946ba0,LUAD,gigapath_flash,GigaPath-Flash,2p5x,40x,-5.466438212618714,10,2.5× → 40×
TCGA-78-7158-01Z-00-DX1.74db3dcd-2715-4ce7-8e48-30c8b7946ba0,LUAD,gigapath_flash,GigaPath-Flash,40x,10x,-0.24191186330806208,10,40× → 10×
TCGA-78-7158-01Z-00-DX1.74db3dcd-2715-4ce7-8e48-30c8b7946ba0,LUAD,gigapath_flash,GigaPath-Flash,40x,2p5x,-4.547076386806474,10,40× → 2.5×
TCGA-78-7158-01Z-00-DX1.74db3dcd-2715-4ce7-8e48-30c8b7946ba0,LUAD,midnight,Midnight,10x,2p5x,-0.01041407482124089,10,10× → 2.5×
TCGA-78-7158-01Z-00-DX1.74db3dcd-2715-4ce7-8e48-30c8b7946ba0,LUAD,midnight,Midnight,10x,40x,-0.17661402925634445,10,10× → 40×
TCGA-78-7158-01Z-00-DX1.74db3dcd-2715-4ce7-8e48-30c8b7946ba0,LUAD,midnight,Midnight,2p5x,10x,-0.16223431767455349,10,2.5× → 10×
TCGA-78-7158-01Z-00-DX1.74db3dcd-2715-4ce7-8e48-30c8b7946ba0,LUAD,midnight,Midnight,2p5x,40x,-0.459247159923699,10,2.5× → 40×
TCGA-78-7158-01Z-00-DX1.74db3dcd-2715-4ce7-8e48-30c8b7946ba0,LUAD,midnight,Midnight,40x,10x,-0.17627093564219384,10,40× → 10×
TCGA-78-7158-01Z-00-DX1.74db3dcd-2715-4ce7-8e48-30c8b7946ba0,LUAD,midnight,Midnight,40x,2p5x,-0.16269833472191708,10,40× → 2.5×
TCGA-78-7158-01Z-00-DX1.74db3dcd-2715-4ce7-8e48-30c8b7946ba0,LUAD,phikon,Phikon,10x,2p5x,-2.451638798277452,10,10× → 2.5×
TCGA-78-7158-01Z-00-DX1.74db3dcd-2715-4ce7-8e48-30c8b7946ba0,LUAD,phikon,Phikon,10x,40x,-0.15274445657053365,10,10× → 40×
TCGA-78-7158-01Z-00-DX1.74db3dcd-2715-4ce7-8e48-30c8b7946ba0,LUAD,phikon,Phikon,2p5x,10x,-1.2518501051832862,10,2.5× → 10×
TCGA-78-7158-01Z-00-DX1.74db3dcd-2715-4ce7-8e48-30c8b7946ba0,LUAD,phikon,Phikon,2p5x,40x,-3.7609328936186572,10,2.5× → 40×
TCGA-78-7158-01Z-00-DX1.74db3dcd-2715-4ce7-8e48-30c8b7946ba0,LUAD,phikon,Phikon,40x,10x,-0.1318425299006283,10,40× → 10×
TCGA-78-7158-01Z-00-DX1.74db3dcd-2715-4ce7-8e48-30c8b7946ba0,LUAD,phikon,Phikon,40x,2p5x,-3.510651652302159,10,40× → 2.5×
TCGA-78-7158-01Z-00-DX1.74db3dcd-2715-4ce7-8e48-30c8b7946ba0,LUAD,uni,UNI,10x,2p5x,-1.4698212612212083,10,10× → 2.5×
TCGA-78-7158-01Z-00-DX1.74db3dcd-2715-4ce7-8e48-30c8b7946ba0,LUAD,uni,UNI,10x,40x,-0.20956516094564845,10,10× → 40×
TCGA-78-7158-01Z-00-DX1.74db3dcd-2715-4ce7-8e48-30c8b7946ba0,LUAD,uni,UNI,2p5x,10x,-1.338131053746693,10,2.5× → 10×
TCGA-78-7158-01Z-00-DX1.74db3dcd-2715-4ce7-8e48-30c8b7946ba0,LUAD,uni,UNI,2p5x,40x,-3.546804330282046,10,2.5× → 40×
TCGA-78-7158-01Z-00-DX1.74db3dcd-2715-4ce7-8e48-30c8b7946ba0,LUAD,uni,UNI,40x,10x,-0.5392569680120797,10,40× → 10×
TCGA-78-7158-01Z-00-DX1.74db3dcd-2715-4ce7-8e48-30c8b7946ba0,LUAD,uni,UNI,40x,2p5x,-3.996252461546315,10,40× → 2.5×
TCGA-78-7158-01Z-00-DX1.74db3dcd-2715-4ce7-8e48-30c8b7946ba0,LUAD,uni2,UNI2,10x,2p5x,-0.04622200723437249,10,10× → 2.5×
TCGA-78-7158-01Z-00-DX1.74db3dcd-2715-4ce7-8e48-30c8b7946ba0,LUAD,uni2,UNI2,10x,40x,-0.15033070423786576,10,10× → 40×
TCGA-78-7158-01Z-00-DX1.74db3dcd-2715-4ce7-8e48-30c8b7946ba0,LUAD,uni2,UNI2,2p5x,10x,0.020303802190727173,10,2.5× → 10×
TCGA-78-7158-01Z-00-DX1.74db3dcd-2715-4ce7-8e48-30c8b7946ba0,LUAD,uni2,UNI2,2p5x,40x,-0.026241140109181223,10,2.5× → 40×
TCGA-78-7158-01Z-00-DX1.74db3dcd-2715-4ce7-8e48-30c8b7946ba0,LUAD,uni2,UNI2,40x,10x,0.01501604139693472,10,40× → 10×
TCGA-78-7158-01Z-00-DX1.74db3dcd-2715-4ce7-8e48-30c8b7946ba0,LUAD,uni2,UNI2,40x,2p5x,-0.02685049757829607,10,40× → 2.5×
TCGA-78-7158-01Z-00-DX1.74db3dcd-2715-4ce7-8e48-30c8b7946ba0,LUAD,virchow,Virchow,10x,2p5x,-3.128612957737326,10,10× → 2.5×
TCGA-78-7158-01Z-00-DX1.74db3dcd-2715-4ce7-8e48-30c8b7946ba0,LUAD,virchow,Virchow,10x,40x,-1.8620024636227825,10,10× → 40×
TCGA-78-7158-01Z-00-DX1.74db3dcd-2715-4ce7-8e48-30c8b7946ba0,LUAD,virchow,Virchow,2p5x,10x,-4.259833010964328,10,2.5× → 10×
TCGA-78-7158-01Z-00-DX1.74db3dcd-2715-4ce7-8e48-30c8b7946ba0,LUAD,virchow,Virchow,2p5x,40x,-3.9884354551215835,10,2.5× → 40×
TCGA-78-7158-01Z-00-DX1.74db3dcd-2715-4ce7-8e48-30c8b7946ba0,LUAD,virchow,Virchow,40x,10x,-0.9195057830451457,10,40× → 10×
TCGA-78-7158-01Z-00-DX1.74db3dcd-2715-4ce7-8e48-30c8b7946ba0,LUAD,virchow,Virchow,40x,2p5x,-6.10130263377708,10,40× → 2.5×
TCGA-78-7158-01Z-00-DX1.74db3dcd-2715-4ce7-8e48-30c8b7946ba0,LUAD,virchow2,Virchow2,10x,2p5x,-0.23399329885518264,10,10× → 2.5×
TCGA-78-7158-01Z-00-DX1.74db3dcd-2715-4ce7-8e48-30c8b7946ba0,LUAD,virchow2,Virchow2,10x,40x,-0.7591749600821658,10,10× → 40×
TCGA-78-7158-01Z-00-DX1.74db3dcd-2715-4ce7-8e48-30c8b7946ba0,LUAD,virchow2,Virchow2,2p5x,10x,-0.06322408493613785,10,2.5× → 10×
TCGA-78-7158-01Z-00-DX1.74db3dcd-2715-4ce7-8e48-30c8b7946ba0,LUAD,virchow2,Virchow2,2p5x,40x,-1.2315915990589508,10,2.5× → 40×
TCGA-78-7158-01Z-00-DX1.74db3dcd-2715-4ce7-8e48-30c8b7946ba0,LUAD,virchow2,Virchow2,40x,10x,0.056788656630034115,10,40× → 10×
TCGA-78-7158-01Z-00-DX1.74db3dcd-2715-4ce7-8e48-30c8b7946ba0,LUAD,virchow2,Virchow2,40x,2p5x,0.04820408787137788,10,40× → 2.5×
TCGA-78-7163-01Z-00-DX1.42880bdf-271d-41dd-aada-e7ec1156ff31,LUAD,gigapath,GigaPath,10x,2p5x,-3.247409445762552,10,10× → 2.5×
TCGA-78-7163-01Z-00-DX1.42880bdf-271d-41dd-aada-e7ec1156ff31,LUAD,gigapath,GigaPath,10x,40x,-2.6850471629246284,10,10× → 40×
TCGA-78-7163-01Z-00-DX1.42880bdf-271d-41dd-aada-e7ec1156ff31,LUAD,gigapath,GigaPath,2p5x,10x,1.4597823683941828,10,2.5× → 10×
TCGA-78-7163-01Z-00-DX1.42880bdf-271d-41dd-aada-e7ec1156ff31,LUAD,gigapath,GigaPath,2p5x,40x,-3.682125268444358,10,2.5× → 40×
TCGA-78-7163-01Z-00-DX1.42880bdf-271d-41dd-aada-e7ec1156ff31,LUAD,gigapath,GigaPath,40x,10x,1.5861099007614636,10,40× → 10×
TCGA-78-7163-01Z-00-DX1.42880bdf-271d-41dd-aada-e7ec1156ff31,LUAD,gigapath,GigaPath,40x,2p5x,-1.9663820561015686,10,40× → 2.5×
TCGA-78-7163-01Z-00-DX1.42880bdf-271d-41dd-aada-e7ec1156ff31,LUAD,gigapath_flash,GigaPath-Flash,10x,2p5x,-5.051465131733054,10,10× → 2.5×
TCGA-78-7163-01Z-00-DX1.42880bdf-271d-41dd-aada-e7ec1156ff31,LUAD,gigapath_flash,GigaPath-Flash,10x,40x,-2.4038950735179214,10,10× → 40×
TCGA-78-7163-01Z-00-DX1.42880bdf-271d-41dd-aada-e7ec1156ff31,LUAD,gigapath_flash,GigaPath-Flash,2p5x,10x,-2.065992850827756,10,2.5× → 10×
TCGA-78-7163-01Z-00-DX1.42880bdf-271d-41dd-aada-e7ec1156ff31,LUAD,gigapath_flash,GigaPath-Flash,2p5x,40x,-8.529246870278476,10,2.5× → 40×
TCGA-78-7163-01Z-00-DX1.42880bdf-271d-41dd-aada-e7ec1156ff31,LUAD,gigapath_flash,GigaPath-Flash,40x,10x,3.577189341440419,10,40× → 10×
TCGA-78-7163-01Z-00-DX1.42880bdf-271d-41dd-aada-e7ec1156ff31,LUAD,gigapath_flash,GigaPath-Flash,40x,2p5x,-1.9533266962902833,10,40× → 2.5×
TCGA-78-7163-01Z-00-DX1.42880bdf-271d-41dd-aada-e7ec1156ff31,LUAD,midnight,Midnight,10x,2p5x,0.1352883588600616,10,10× → 2.5×
TCGA-78-7163-01Z-00-DX1.42880bdf-271d-41dd-aada-e7ec1156ff31,LUAD,midnight,Midnight,10x,40x,-0.2880722940907373,10,10× → 40×
TCGA-78-7163-01Z-00-DX1.42880bdf-271d-41dd-aada-e7ec1156ff31,LUAD,midnight,Midnight,2p5x,10x,-0.27539034248508043,10,2.5× → 10×
TCGA-78-7163-01Z-00-DX1.42880bdf-271d-41dd-aada-e7ec1156ff31,LUAD,midnight,Midnight,2p5x,40x,-0.4007008392083196,10,2.5× → 40×
TCGA-78-7163-01Z-00-DX1.42880bdf-271d-41dd-aada-e7ec1156ff31,LUAD,midnight,Midnight,40x,10x,-0.07147597002921029,10,40× → 10×
TCGA-78-7163-01Z-00-DX1.42880bdf-271d-41dd-aada-e7ec1156ff31,LUAD,midnight,Midnight,40x,2p5x,0.11596829934357496,10,40× → 2.5×
TCGA-78-7163-01Z-00-DX1.42880bdf-271d-41dd-aada-e7ec1156ff31,LUAD,phikon,Phikon,10x,2p5x,-3.7083757107066146,10,10× → 2.5×
TCGA-78-7163-01Z-00-DX1.42880bdf-271d-41dd-aada-e7ec1156ff31,LUAD,phikon,Phikon,10x,40x,-0.1468852715034265,10,10× → 40×
TCGA-78-7163-01Z-00-DX1.42880bdf-271d-41dd-aada-e7ec1156ff31,LUAD,phikon,Phikon,2p5x,10x,-2.6589601097998803,10,2.5× → 10×
TCGA-78-7163-01Z-00-DX1.42880bdf-271d-41dd-aada-e7ec1156ff31,LUAD,phikon,Phikon,2p5x,40x,-1.0461686084091881,10,2.5× → 40×
TCGA-78-7163-01Z-00-DX1.42880bdf-271d-41dd-aada-e7ec1156ff31,LUAD,phikon,Phikon,40x,10x,-0.40557190102391305,10,40× → 10×
TCGA-78-7163-01Z-00-DX1.42880bdf-271d-41dd-aada-e7ec1156ff31,LUAD,phikon,Phikon,40x,2p5x,-3.803987798217551,10,40× → 2.5×
TCGA-78-7163-01Z-00-DX1.42880bdf-271d-41dd-aada-e7ec1156ff31,LUAD,uni,UNI,10x,2p5x,-3.2047798917082337,10,10× → 2.5×
TCGA-78-7163-01Z-00-DX1.42880bdf-271d-41dd-aada-e7ec1156ff31,LUAD,uni,UNI,10x,40x,-0.749231667578891,10,10× → 40×
TCGA-78-7163-01Z-00-DX1.42880bdf-271d-41dd-aada-e7ec1156ff31,LUAD,uni,UNI,2p5x,10x,-2.5858861887437254,10,2.5× → 10×
TCGA-78-7163-01Z-00-DX1.42880bdf-271d-41dd-aada-e7ec1156ff31,LUAD,uni,UNI,2p5x,40x,-4.159974082155021,10,2.5× → 40×
TCGA-78-7163-01Z-00-DX1.42880bdf-271d-41dd-aada-e7ec1156ff31,LUAD,uni,UNI,40x,10x,-0.9850571316480362,10,40× → 10×
TCGA-78-7163-01Z-00-DX1.42880bdf-271d-41dd-aada-e7ec1156ff31,LUAD,uni,UNI,40x,2p5x,-5.085286539595016,10,40× → 2.5×
TCGA-78-7163-01Z-00-DX1.42880bdf-271d-41dd-aada-e7ec1156ff31,LUAD,uni2,UNI2,10x,2p5x,-0.2148431804143093,10,10× → 2.5×
TCGA-78-7163-01Z-00-DX1.42880bdf-271d-41dd-aada-e7ec1156ff31,LUAD,uni2,UNI2,10x,40x,-0.5494025751711125,10,10× → 40×
TCGA-78-7163-01Z-00-DX1.42880bdf-271d-41dd-aada-e7ec1156ff31,LUAD,uni2,UNI2,2p5x,10x,0.04210265596523119,10,2.5× → 10×
TCGA-78-7163-01Z-00-DX1.42880bdf-271d-41dd-aada-e7ec1156ff31,LUAD,uni2,UNI2,2p5x,40x,-0.053371530270090596,10,2.5× → 40×
TCGA-78-7163-01Z-00-DX1.42880bdf-271d-41dd-aada-e7ec1156ff31,LUAD,uni2,UNI2,40x,10x,0.00408565510267181,10,40× → 10×
TCGA-78-7163-01Z-00-DX1.42880bdf-271d-41dd-aada-e7ec1156ff31,LUAD,uni2,UNI2,40x,2p5x,-0.1334817367159423,10,40× → 2.5×
TCGA-78-7163-01Z-00-DX1.42880bdf-271d-41dd-aada-e7ec1156ff31,LUAD,virchow,Virchow,10x,2p5x,-4.8497396113148294,10,10× → 2.5×
TCGA-78-7163-01Z-00-DX1.42880bdf-271d-41dd-aada-e7ec1156ff31,LUAD,virchow,Virchow,10x,40x,-3.3659700088875093,10,10× → 40×
TCGA-78-7163-01Z-00-DX1.42880bdf-271d-41dd-aada-e7ec1156ff31,LUAD,virchow,Virchow,2p5x,10x,-1.4586191624145413,10,2.5× → 10×
TCGA-78-7163-01Z-00-DX1.42880bdf-271d-41dd-aada-e7ec1156ff31,LUAD,virchow,Virchow,2p5x,40x,-3.4637354274291696,10,2.5× → 40×
TCGA-78-7163-01Z-00-DX1.42880bdf-271d-41dd-aada-e7ec1156ff31,LUAD,virchow,Virchow,40x,10x,-1.9484178499410174,10,40× → 10×
TCGA-78-7163-01Z-00-DX1.42880bdf-271d-41dd-aada-e7ec1156ff31,LUAD,virchow,Virchow,40x,2p5x,-9.330586153470886,10,40× → 2.5×
TCGA-78-7163-01Z-00-DX1.42880bdf-271d-41dd-aada-e7ec1156ff31,LUAD,virchow2,Virchow2,10x,2p5x,-0.3879844294556821,10,10× → 2.5×
TCGA-78-7163-01Z-00-DX1.42880bdf-271d-41dd-aada-e7ec1156ff31,LUAD,virchow2,Virchow2,10x,40x,-1.6588180433390662,10,10× → 40×
TCGA-78-7163-01Z-00-DX1.42880bdf-271d-41dd-aada-e7ec1156ff31,LUAD,virchow2,Virchow2,2p5x,10x,-0.026885189983559887,10,2.5× → 10×
TCGA-78-7163-01Z-00-DX1.42880bdf-271d-41dd-aada-e7ec1156ff31,LUAD,virchow2,Virchow2,2p5x,40x,-1.2716060655594015,10,2.5× → 40×
TCGA-78-7163-01Z-00-DX1.42880bdf-271d-41dd-aada-e7ec1156ff31,LUAD,virchow2,Virchow2,40x,10x,0.3429418973878406,10,40× → 10×
TCGA-78-7163-01Z-00-DX1.42880bdf-271d-41dd-aada-e7ec1156ff31,LUAD,virchow2,Virchow2,40x,2p5x,0.24956433791095095,10,40× → 2.5×
TCGA-78-7536-01Z-00-DX1.6b066140-8b82-40a5-bd48-430eeb4463fe,LUAD,gigapath,GigaPath,10x,2p5x,-1.9401445710477117,10,10× → 2.5×
TCGA-78-7536-01Z-00-DX1.6b066140-8b82-40a5-bd48-430eeb4463fe,LUAD,gigapath,GigaPath,10x,40x,-1.4354627608118167,10,10× → 40×
TCGA-78-7536-01Z-00-DX1.6b066140-8b82-40a5-bd48-430eeb4463fe,LUAD,gigapath,GigaPath,2p5x,10x,-0.12426970788048448,10,2.5× → 10×
TCGA-78-7536-01Z-00-DX1.6b066140-8b82-40a5-bd48-430eeb4463fe,LUAD,gigapath,GigaPath,2p5x,40x,-2.1897612619096316,10,2.5× → 40×
TCGA-78-7536-01Z-00-DX1.6b066140-8b82-40a5-bd48-430eeb4463fe,LUAD,gigapath,GigaPath,40x,10x,-1.6066785656799483,10,40× → 10×
TCGA-78-7536-01Z-00-DX1.6b066140-8b82-40a5-bd48-430eeb4463fe,LUAD,gigapath,GigaPath,40x,2p5x,-3.7835896773471944,10,40× → 2.5×
TCGA-78-7536-01Z-00-DX1.6b066140-8b82-40a5-bd48-430eeb4463fe,LUAD,gigapath_flash,GigaPath-Flash,10x,2p5x,-2.7068234923356917,10,10× → 2.5×
TCGA-78-7536-01Z-00-DX1.6b066140-8b82-40a5-bd48-430eeb4463fe,LUAD,gigapath_flash,GigaPath-Flash,10x,40x,-1.6315946300038942,10,10× → 40×
TCGA-78-7536-01Z-00-DX1.6b066140-8b82-40a5-bd48-430eeb4463fe,LUAD,gigapath_flash,GigaPath-Flash,2p5x,10x,-3.823124267993387,10,2.5× → 10×
TCGA-78-7536-01Z-00-DX1.6b066140-8b82-40a5-bd48-430eeb4463fe,LUAD,gigapath_flash,GigaPath-Flash,2p5x,40x,-4.740053346794388,10,2.5× → 40×
TCGA-78-7536-01Z-00-DX1.6b066140-8b82-40a5-bd48-430eeb4463fe,LUAD,gigapath_flash,GigaPath-Flash,40x,10x,-1.1977651741161999,10,40× → 10×
TCGA-78-7536-01Z-00-DX1.6b066140-8b82-40a5-bd48-430eeb4463fe,LUAD,gigapath_flash,GigaPath-Flash,40x,2p5x,-3.8501430567668016,10,40× → 2.5×
TCGA-78-7536-01Z-00-DX1.6b066140-8b82-40a5-bd48-430eeb4463fe,LUAD,midnight,Midnight,10x,2p5x,-0.00897325391647021,10,10× → 2.5×
TCGA-78-7536-01Z-00-DX1.6b066140-8b82-40a5-bd48-430eeb4463fe,LUAD,midnight,Midnight,10x,40x,-0.33679613928850294,10,10× → 40×
TCGA-78-7536-01Z-00-DX1.6b066140-8b82-40a5-bd48-430eeb4463fe,LUAD,midnight,Midnight,2p5x,10x,-0.12396758991084222,10,2.5× → 10×
TCGA-78-7536-01Z-00-DX1.6b066140-8b82-40a5-bd48-430eeb4463fe,LUAD,midnight,Midnight,2p5x,40x,-0.4816172417374288,10,2.5× → 40×
TCGA-78-7536-01Z-00-DX1.6b066140-8b82-40a5-bd48-430eeb4463fe,LUAD,midnight,Midnight,40x,10x,-0.023250614961123427,10,40× → 10×
TCGA-78-7536-01Z-00-DX1.6b066140-8b82-40a5-bd48-430eeb4463fe,LUAD,midnight,Midnight,40x,2p5x,-0.1938715434274922,10,40× → 2.5×
TCGA-78-7536-01Z-00-DX1.6b066140-8b82-40a5-bd48-430eeb4463fe,LUAD,phikon,Phikon,10x,2p5x,-2.8947147066207606,10,10× → 2.5×
TCGA-78-7536-01Z-00-DX1.6b066140-8b82-40a5-bd48-430eeb4463fe,LUAD,phikon,Phikon,10x,40x,-0.424290823097658,10,10× → 40×
TCGA-78-7536-01Z-00-DX1.6b066140-8b82-40a5-bd48-430eeb4463fe,LUAD,phikon,Phikon,2p5x,10x,-0.35452659586514207,10,2.5× → 10×
TCGA-78-7536-01Z-00-DX1.6b066140-8b82-40a5-bd48-430eeb4463fe,LUAD,phikon,Phikon,2p5x,40x,-1.1322435191675477,10,2.5× → 40×
TCGA-78-7536-01Z-00-DX1.6b066140-8b82-40a5-bd48-430eeb4463fe,LUAD,phikon,Phikon,40x,10x,-1.3046707529326171,10,40× → 10×
TCGA-78-7536-01Z-00-DX1.6b066140-8b82-40a5-bd48-430eeb4463fe,LUAD,phikon,Phikon,40x,2p5x,-3.7545248842453427,10,40× → 2.5×
TCGA-78-7536-01Z-00-DX1.6b066140-8b82-40a5-bd48-430eeb4463fe,LUAD,uni,UNI,10x,2p5x,-1.7986721404897175,10,10× → 2.5×
TCGA-78-7536-01Z-00-DX1.6b066140-8b82-40a5-bd48-430eeb4463fe,LUAD,uni,UNI,10x,40x,0.14598500481427676,10,10× → 40×
TCGA-78-7536-01Z-00-DX1.6b066140-8b82-40a5-bd48-430eeb4463fe,LUAD,uni,UNI,2p5x,10x,-1.0346159591119384,10,2.5× → 10×
TCGA-78-7536-01Z-00-DX1.6b066140-8b82-40a5-bd48-430eeb4463fe,LUAD,uni,UNI,2p5x,40x,-2.136896439714975,10,2.5× → 40×
TCGA-78-7536-01Z-00-DX1.6b066140-8b82-40a5-bd48-430eeb4463fe,LUAD,uni,UNI,40x,10x,-4.067683950144462,10,40× → 10×
TCGA-78-7536-01Z-00-DX1.6b066140-8b82-40a5-bd48-430eeb4463fe,LUAD,uni,UNI,40x,2p5x,-4.133075657061079,10,40× → 2.5×
TCGA-78-7536-01Z-00-DX1.6b066140-8b82-40a5-bd48-430eeb4463fe,LUAD,uni2,UNI2,10x,2p5x,0.5678444356632506,10,10× → 2.5×
TCGA-78-7536-01Z-00-DX1.6b066140-8b82-40a5-bd48-430eeb4463fe,LUAD,uni2,UNI2,10x,40x,0.499426494697106,10,10× → 40×
TCGA-78-7536-01Z-00-DX1.6b066140-8b82-40a5-bd48-430eeb4463fe,LUAD,uni2,UNI2,2p5x,10x,-0.09135558527058826,10,2.5× → 10×
TCGA-78-7536-01Z-00-DX1.6b066140-8b82-40a5-bd48-430eeb4463fe,LUAD,uni2,UNI2,2p5x,40x,-0.007325910613138141,10,2.5× → 40×
TCGA-78-7536-01Z-00-DX1.6b066140-8b82-40a5-bd48-430eeb4463fe,LUAD,uni2,UNI2,40x,10x,-1.471180481620535,10,40× → 10×
TCGA-78-7536-01Z-00-DX1.6b066140-8b82-40a5-bd48-430eeb4463fe,LUAD,uni2,UNI2,40x,2p5x,-0.7087379972555671,10,40× → 2.5×
TCGA-78-7536-01Z-00-DX1.6b066140-8b82-40a5-bd48-430eeb4463fe,LUAD,virchow,Virchow,10x,2p5x,-5.452616803048405,10,10× → 2.5×
TCGA-78-7536-01Z-00-DX1.6b066140-8b82-40a5-bd48-430eeb4463fe,LUAD,virchow,Virchow,10x,40x,-0.8509289042713826,10,10× → 40×
TCGA-78-7536-01Z-00-DX1.6b066140-8b82-40a5-bd48-430eeb4463fe,LUAD,virchow,Virchow,2p5x,10x,-0.11474763906305227,10,2.5× → 10×
TCGA-78-7536-01Z-00-DX1.6b066140-8b82-40a5-bd48-430eeb4463fe,LUAD,virchow,Virchow,2p5x,40x,-1.2310256685729837,10,2.5× → 40×
TCGA-78-7536-01Z-00-DX1.6b066140-8b82-40a5-bd48-430eeb4463fe,LUAD,virchow,Virchow,40x,10x,-5.28321080785515,10,40× → 10×
TCGA-78-7536-01Z-00-DX1.6b066140-8b82-40a5-bd48-430eeb4463fe,LUAD,virchow,Virchow,40x,2p5x,-6.174775173188872,10,40× → 2.5×
TCGA-78-7536-01Z-00-DX1.6b066140-8b82-40a5-bd48-430eeb4463fe,LUAD,virchow2,Virchow2,10x,2p5x,-1.71779009259564,10,10× → 2.5×
TCGA-78-7536-01Z-00-DX1.6b066140-8b82-40a5-bd48-430eeb4463fe,LUAD,virchow2,Virchow2,10x,40x,-0.98135635220411,10,10× → 40×
TCGA-78-7536-01Z-00-DX1.6b066140-8b82-40a5-bd48-430eeb4463fe,LUAD,virchow2,Virchow2,2p5x,10x,-1.1046515575110205,10,2.5× → 10×
TCGA-78-7536-01Z-00-DX1.6b066140-8b82-40a5-bd48-430eeb4463fe,LUAD,virchow2,Virchow2,2p5x,40x,-1.724875873865484,10,2.5× → 40×
TCGA-78-7536-01Z-00-DX1.6b066140-8b82-40a5-bd48-430eeb4463fe,LUAD,virchow2,Virchow2,40x,10x,-1.0985779264622937,10,40× → 10×
TCGA-78-7536-01Z-00-DX1.6b066140-8b82-40a5-bd48-430eeb4463fe,LUAD,virchow2,Virchow2,40x,2p5x,-1.3608676064366994,10,40× → 2.5×
TCGA-86-8668-01Z-00-DX1.d720d486-02c7-4f98-8feb-e0e50a12c158,LUAD,gigapath,GigaPath,10x,2p5x,-1.6893503539000048,10,10× → 2.5×
TCGA-86-8668-01Z-00-DX1.d720d486-02c7-4f98-8feb-e0e50a12c158,LUAD,gigapath,GigaPath,10x,40x,-1.6970098929054291,10,10× → 40×
TCGA-86-8668-01Z-00-DX1.d720d486-02c7-4f98-8feb-e0e50a12c158,LUAD,gigapath,GigaPath,2p5x,10x,-0.015031634727276949,10,2.5× → 10×
TCGA-86-8668-01Z-00-DX1.d720d486-02c7-4f98-8feb-e0e50a12c158,LUAD,gigapath,GigaPath,2p5x,40x,-1.26443369733857,10,2.5× → 40×
TCGA-86-8668-01Z-00-DX1.d720d486-02c7-4f98-8feb-e0e50a12c158,LUAD,gigapath,GigaPath,40x,10x,2.0297429042752206,10,40× → 10×
TCGA-86-8668-01Z-00-DX1.d720d486-02c7-4f98-8feb-e0e50a12c158,LUAD,gigapath,GigaPath,40x,2p5x,0.9420166415960736,10,40× → 2.5×
TCGA-86-8668-01Z-00-DX1.d720d486-02c7-4f98-8feb-e0e50a12c158,LUAD,gigapath_flash,GigaPath-Flash,10x,2p5x,-3.1288468685127997,10,10× → 2.5×
TCGA-86-8668-01Z-00-DX1.d720d486-02c7-4f98-8feb-e0e50a12c158,LUAD,gigapath_flash,GigaPath-Flash,10x,40x,-2.115798066131218,10,10× → 40×
TCGA-86-8668-01Z-00-DX1.d720d486-02c7-4f98-8feb-e0e50a12c158,LUAD,gigapath_flash,GigaPath-Flash,2p5x,10x,-1.4319306457683165,10,2.5× → 10×
TCGA-86-8668-01Z-00-DX1.d720d486-02c7-4f98-8feb-e0e50a12c158,LUAD,gigapath_flash,GigaPath-Flash,2p5x,40x,-5.634034117896634,10,2.5× → 40×
TCGA-86-8668-01Z-00-DX1.d720d486-02c7-4f98-8feb-e0e50a12c158,LUAD,gigapath_flash,GigaPath-Flash,40x,10x,1.546531523616977,10,40× → 10×
TCGA-86-8668-01Z-00-DX1.d720d486-02c7-4f98-8feb-e0e50a12c158,LUAD,gigapath_flash,GigaPath-Flash,40x,2p5x,-0.8763893642264865,10,40× → 2.5×
TCGA-86-8668-01Z-00-DX1.d720d486-02c7-4f98-8feb-e0e50a12c158,LUAD,midnight,Midnight,10x,2p5x,0.00273243317733686,10,10× → 2.5×
TCGA-86-8668-01Z-00-DX1.d720d486-02c7-4f98-8feb-e0e50a12c158,LUAD,midnight,Midnight,10x,40x,-0.15526608068075637,10,10× → 40×
TCGA-86-8668-01Z-00-DX1.d720d486-02c7-4f98-8feb-e0e50a12c158,LUAD,midnight,Midnight,2p5x,10x,-0.07509209746479743,10,2.5× → 10×
TCGA-86-8668-01Z-00-DX1.d720d486-02c7-4f98-8feb-e0e50a12c158,LUAD,midnight,Midnight,2p5x,40x,-0.280807888928129,10,2.5× → 40×
TCGA-86-8668-01Z-00-DX1.d720d486-02c7-4f98-8feb-e0e50a12c158,LUAD,midnight,Midnight,40x,10x,-0.20404178023608374,10,40× → 10×
TCGA-86-8668-01Z-00-DX1.d720d486-02c7-4f98-8feb-e0e50a12c158,LUAD,midnight,Midnight,40x,2p5x,-0.04043252955477635,10,40× → 2.5×
TCGA-86-8668-01Z-00-DX1.d720d486-02c7-4f98-8feb-e0e50a12c158,LUAD,phikon,Phikon,10x,2p5x,-2.3904817283613804,10,10× → 2.5×
TCGA-86-8668-01Z-00-DX1.d720d486-02c7-4f98-8feb-e0e50a12c158,LUAD,phikon,Phikon,10x,40x,0.030158604158167023,10,10× → 40×
TCGA-86-8668-01Z-00-DX1.d720d486-02c7-4f98-8feb-e0e50a12c158,LUAD,phikon,Phikon,2p5x,10x,-2.5521455191652267,10,2.5× → 10×
TCGA-86-8668-01Z-00-DX1.d720d486-02c7-4f98-8feb-e0e50a12c158,LUAD,phikon,Phikon,2p5x,40x,-2.833528659263644,10,2.5× → 40×
TCGA-86-8668-01Z-00-DX1.d720d486-02c7-4f98-8feb-e0e50a12c158,LUAD,phikon,Phikon,40x,10x,-0.15532944023331927,10,40× → 10×
TCGA-86-8668-01Z-00-DX1.d720d486-02c7-4f98-8feb-e0e50a12c158,LUAD,phikon,Phikon,40x,2p5x,-1.8510755393394152,10,40× → 2.5×
TCGA-86-8668-01Z-00-DX1.d720d486-02c7-4f98-8feb-e0e50a12c158,LUAD,uni,UNI,10x,2p5x,-2.9835972144963154,10,10× → 2.5×
TCGA-86-8668-01Z-00-DX1.d720d486-02c7-4f98-8feb-e0e50a12c158,LUAD,uni,UNI,10x,40x,-1.297591462970129,10,10× → 40×
TCGA-86-8668-01Z-00-DX1.d720d486-02c7-4f98-8feb-e0e50a12c158,LUAD,uni,UNI,2p5x,10x,-0.374942996203315,10,2.5× → 10×
TCGA-86-8668-01Z-00-DX1.d720d486-02c7-4f98-8feb-e0e50a12c158,LUAD,uni,UNI,2p5x,40x,-1.9804053078607537,10,2.5× → 40×
TCGA-86-8668-01Z-00-DX1.d720d486-02c7-4f98-8feb-e0e50a12c158,LUAD,uni,UNI,40x,10x,0.1963710014587299,10,40× → 10×
TCGA-86-8668-01Z-00-DX1.d720d486-02c7-4f98-8feb-e0e50a12c158,LUAD,uni,UNI,40x,2p5x,-2.7152373270069576,10,40× → 2.5×
TCGA-86-8668-01Z-00-DX1.d720d486-02c7-4f98-8feb-e0e50a12c158,LUAD,uni2,UNI2,10x,2p5x,-0.00932135092704809,10,10× → 2.5×
TCGA-86-8668-01Z-00-DX1.d720d486-02c7-4f98-8feb-e0e50a12c158,LUAD,uni2,UNI2,10x,40x,-0.14271368884440377,10,10× → 40×
TCGA-86-8668-01Z-00-DX1.d720d486-02c7-4f98-8feb-e0e50a12c158,LUAD,uni2,UNI2,2p5x,10x,0.00044631916566348004,10,2.5× → 10×
TCGA-86-8668-01Z-00-DX1.d720d486-02c7-4f98-8feb-e0e50a12c158,LUAD,uni2,UNI2,2p5x,40x,-0.011738421452058629,10,2.5× → 40×
TCGA-86-8668-01Z-00-DX1.d720d486-02c7-4f98-8feb-e0e50a12c158,LUAD,uni2,UNI2,40x,10x,0.10697542621541556,10,40× → 10×
TCGA-86-8668-01Z-00-DX1.d720d486-02c7-4f98-8feb-e0e50a12c158,LUAD,uni2,UNI2,40x,2p5x,0.055546015737435915,10,40× → 2.5×
TCGA-86-8668-01Z-00-DX1.d720d486-02c7-4f98-8feb-e0e50a12c158,LUAD,virchow,Virchow,10x,2p5x,-3.525836784082634,10,10× → 2.5×
TCGA-86-8668-01Z-00-DX1.d720d486-02c7-4f98-8feb-e0e50a12c158,LUAD,virchow,Virchow,10x,40x,-1.865272511714369,10,10× → 40×
TCGA-86-8668-01Z-00-DX1.d720d486-02c7-4f98-8feb-e0e50a12c158,LUAD,virchow,Virchow,2p5x,10x,-0.4458161575230558,10,2.5× → 10×
TCGA-86-8668-01Z-00-DX1.d720d486-02c7-4f98-8feb-e0e50a12c158,LUAD,virchow,Virchow,2p5x,40x,-0.8665658538788715,10,2.5× → 40×
TCGA-86-8668-01Z-00-DX1.d720d486-02c7-4f98-8feb-e0e50a12c158,LUAD,virchow,Virchow,40x,10x,0.08777799792759258,10,40× → 10×
TCGA-86-8668-01Z-00-DX1.d720d486-02c7-4f98-8feb-e0e50a12c158,LUAD,virchow,Virchow,40x,2p5x,-3.0981600794379838,10,40× → 2.5×
TCGA-86-8668-01Z-00-DX1.d720d486-02c7-4f98-8feb-e0e50a12c158,LUAD,virchow2,Virchow2,10x,2p5x,-0.00619131933923329,10,10× → 2.5×
TCGA-86-8668-01Z-00-DX1.d720d486-02c7-4f98-8feb-e0e50a12c158,LUAD,virchow2,Virchow2,10x,40x,-1.5206672958759728,10,10× → 40×
TCGA-86-8668-01Z-00-DX1.d720d486-02c7-4f98-8feb-e0e50a12c158,LUAD,virchow2,Virchow2,2p5x,10x,-0.00328722783562141,10,2.5× → 10×
TCGA-86-8668-01Z-00-DX1.d720d486-02c7-4f98-8feb-e0e50a12c158,LUAD,virchow2,Virchow2,2p5x,40x,-0.6375421110725433,10,2.5× → 40×
TCGA-86-8668-01Z-00-DX1.d720d486-02c7-4f98-8feb-e0e50a12c158,LUAD,virchow2,Virchow2,40x,10x,0.5188518016336257,10,40× → 10×
TCGA-86-8668-01Z-00-DX1.d720d486-02c7-4f98-8feb-e0e50a12c158,LUAD,virchow2,Virchow2,40x,2p5x,0.5033554751937505,10,40× → 2.5×
TCGA-97-A4LX-01Z-00-DX1.B2334672-A626-4E74-B4D1-A79F70F65909,LUAD,gigapath,GigaPath,10x,2p5x,-1.536662671654771,10,10× → 2.5×
TCGA-97-A4LX-01Z-00-DX1.B2334672-A626-4E74-B4D1-A79F70F65909,LUAD,gigapath,GigaPath,10x,40x,-1.383103859667236,10,10× → 40×
TCGA-97-A4LX-01Z-00-DX1.B2334672-A626-4E74-B4D1-A79F70F65909,LUAD,gigapath,GigaPath,2p5x,10x,-1.3704593512147412,10,2.5× → 10×
TCGA-97-A4LX-01Z-00-DX1.B2334672-A626-4E74-B4D1-A79F70F65909,LUAD,gigapath,GigaPath,2p5x,40x,-2.5273565036301098,10,2.5× → 40×
TCGA-97-A4LX-01Z-00-DX1.B2334672-A626-4E74-B4D1-A79F70F65909,LUAD,gigapath,GigaPath,40x,10x,-0.1755369654582401,10,40× → 10×
TCGA-97-A4LX-01Z-00-DX1.B2334672-A626-4E74-B4D1-A79F70F65909,LUAD,gigapath,GigaPath,40x,2p5x,-2.346412310143554,10,40× → 2.5×
TCGA-97-A4LX-01Z-00-DX1.B2334672-A626-4E74-B4D1-A79F70F65909,LUAD,gigapath_flash,GigaPath-Flash,10x,2p5x,-2.242948390090798,10,10× → 2.5×
TCGA-97-A4LX-01Z-00-DX1.B2334672-A626-4E74-B4D1-A79F70F65909,LUAD,gigapath_flash,GigaPath-Flash,10x,40x,-2.0088544000804562,10,10× → 40×
TCGA-97-A4LX-01Z-00-DX1.B2334672-A626-4E74-B4D1-A79F70F65909,LUAD,gigapath_flash,GigaPath-Flash,2p5x,10x,-4.622528246092682,10,2.5× → 10×
TCGA-97-A4LX-01Z-00-DX1.B2334672-A626-4E74-B4D1-A79F70F65909,LUAD,gigapath_flash,GigaPath-Flash,2p5x,40x,-5.4137727825295325,10,2.5× → 40×
TCGA-97-A4LX-01Z-00-DX1.B2334672-A626-4E74-B4D1-A79F70F65909,LUAD,gigapath_flash,GigaPath-Flash,40x,10x,0.21660249791241273,10,40× → 10×
TCGA-97-A4LX-01Z-00-DX1.B2334672-A626-4E74-B4D1-A79F70F65909,LUAD,gigapath_flash,GigaPath-Flash,40x,2p5x,-2.9817958353486342,10,40× → 2.5×
TCGA-97-A4LX-01Z-00-DX1.B2334672-A626-4E74-B4D1-A79F70F65909,LUAD,midnight,Midnight,10x,2p5x,-0.00304836392455368,10,10× → 2.5×
TCGA-97-A4LX-01Z-00-DX1.B2334672-A626-4E74-B4D1-A79F70F65909,LUAD,midnight,Midnight,10x,40x,-0.02550740292709778,10,10× → 40×
TCGA-97-A4LX-01Z-00-DX1.B2334672-A626-4E74-B4D1-A79F70F65909,LUAD,midnight,Midnight,2p5x,10x,-0.08273167569493428,10,2.5× → 10×
TCGA-97-A4LX-01Z-00-DX1.B2334672-A626-4E74-B4D1-A79F70F65909,LUAD,midnight,Midnight,2p5x,40x,-0.195430533240803,10,2.5× → 40×
TCGA-97-A4LX-01Z-00-DX1.B2334672-A626-4E74-B4D1-A79F70F65909,LUAD,midnight,Midnight,40x,10x,-0.040768951316101,10,40× → 10×
TCGA-97-A4LX-01Z-00-DX1.B2334672-A626-4E74-B4D1-A79F70F65909,LUAD,midnight,Midnight,40x,2p5x,-0.057307750304765856,10,40× → 2.5×
TCGA-97-A4LX-01Z-00-DX1.B2334672-A626-4E74-B4D1-A79F70F65909,LUAD,phikon,Phikon,10x,2p5x,-3.4038231358727487,10,10× → 2.5×
TCGA-97-A4LX-01Z-00-DX1.B2334672-A626-4E74-B4D1-A79F70F65909,LUAD,phikon,Phikon,10x,40x,-0.02345392254195823,10,10× → 40×
TCGA-97-A4LX-01Z-00-DX1.B2334672-A626-4E74-B4D1-A79F70F65909,LUAD,phikon,Phikon,2p5x,10x,-1.5764809327515124,10,2.5× → 10×
TCGA-97-A4LX-01Z-00-DX1.B2334672-A626-4E74-B4D1-A79F70F65909,LUAD,phikon,Phikon,2p5x,40x,-1.0455503892564688,10,2.5× → 40×
TCGA-97-A4LX-01Z-00-DX1.B2334672-A626-4E74-B4D1-A79F70F65909,LUAD,phikon,Phikon,40x,10x,-0.39178171685574703,10,40× → 10×
TCGA-97-A4LX-01Z-00-DX1.B2334672-A626-4E74-B4D1-A79F70F65909,LUAD,phikon,Phikon,40x,2p5x,-3.1008581860372955,10,40× → 2.5×
TCGA-97-A4LX-01Z-00-DX1.B2334672-A626-4E74-B4D1-A79F70F65909,LUAD,uni,UNI,10x,2p5x,-1.9554843513555524,10,10× → 2.5×
TCGA-97-A4LX-01Z-00-DX1.B2334672-A626-4E74-B4D1-A79F70F65909,LUAD,uni,UNI,10x,40x,-0.43626846625741306,10,10× → 40×
TCGA-97-A4LX-01Z-00-DX1.B2334672-A626-4E74-B4D1-A79F70F65909,LUAD,uni,UNI,2p5x,10x,-1.634548319183725,10,2.5× → 10×
TCGA-97-A4LX-01Z-00-DX1.B2334672-A626-4E74-B4D1-A79F70F65909,LUAD,uni,UNI,2p5x,40x,-2.316746346781876,10,2.5× → 40×
TCGA-97-A4LX-01Z-00-DX1.B2334672-A626-4E74-B4D1-A79F70F65909,LUAD,uni,UNI,40x,10x,-0.4038893408540825,10,40× → 10×
TCGA-97-A4LX-01Z-00-DX1.B2334672-A626-4E74-B4D1-A79F70F65909,LUAD,uni,UNI,40x,2p5x,-3.460173193260978,10,40× → 2.5×
TCGA-97-A4LX-01Z-00-DX1.B2334672-A626-4E74-B4D1-A79F70F65909,LUAD,uni2,UNI2,10x,2p5x,-0.00130839454108055,10,10× → 2.5×
TCGA-97-A4LX-01Z-00-DX1.B2334672-A626-4E74-B4D1-A79F70F65909,LUAD,uni2,UNI2,10x,40x,-0.14773526567304027,10,10× → 40×
TCGA-97-A4LX-01Z-00-DX1.B2334672-A626-4E74-B4D1-A79F70F65909,LUAD,uni2,UNI2,2p5x,10x,-0.03316367407339707,10,2.5× → 10×
TCGA-97-A4LX-01Z-00-DX1.B2334672-A626-4E74-B4D1-A79F70F65909,LUAD,uni2,UNI2,2p5x,40x,-0.07614841270249398,10,2.5× → 40×
TCGA-97-A4LX-01Z-00-DX1.B2334672-A626-4E74-B4D1-A79F70F65909,LUAD,uni2,UNI2,40x,10x,-0.028071308631165186,10,40× → 10×
TCGA-97-A4LX-01Z-00-DX1.B2334672-A626-4E74-B4D1-A79F70F65909,LUAD,uni2,UNI2,40x,2p5x,-0.13803664024805073,10,40× → 2.5×
TCGA-97-A4LX-01Z-00-DX1.B2334672-A626-4E74-B4D1-A79F70F65909,LUAD,virchow,Virchow,10x,2p5x,-5.566466933762728,10,10× → 2.5×
TCGA-97-A4LX-01Z-00-DX1.B2334672-A626-4E74-B4D1-A79F70F65909,LUAD,virchow,Virchow,10x,40x,-1.0324409553393274,10,10× → 40×
TCGA-97-A4LX-01Z-00-DX1.B2334672-A626-4E74-B4D1-A79F70F65909,LUAD,virchow,Virchow,2p5x,10x,-2.3789471632150017,10,2.5× → 10×
TCGA-97-A4LX-01Z-00-DX1.B2334672-A626-4E74-B4D1-A79F70F65909,LUAD,virchow,Virchow,2p5x,40x,-3.9923599366711655,10,2.5× → 40×
TCGA-97-A4LX-01Z-00-DX1.B2334672-A626-4E74-B4D1-A79F70F65909,LUAD,virchow,Virchow,40x,10x,-0.00666469995149292,10,40× → 10×
TCGA-97-A4LX-01Z-00-DX1.B2334672-A626-4E74-B4D1-A79F70F65909,LUAD,virchow,Virchow,40x,2p5x,-7.163638173313421,10,40× → 2.5×
TCGA-97-A4LX-01Z-00-DX1.B2334672-A626-4E74-B4D1-A79F70F65909,LUAD,virchow2,Virchow2,10x,2p5x,-0.00393862277571533,10,10× → 2.5×
TCGA-97-A4LX-01Z-00-DX1.B2334672-A626-4E74-B4D1-A79F70F65909,LUAD,virchow2,Virchow2,10x,40x,-0.05513140686862751,10,10× → 40×
TCGA-97-A4LX-01Z-00-DX1.B2334672-A626-4E74-B4D1-A79F70F65909,LUAD,virchow2,Virchow2,2p5x,10x,-0.03754810928184971,10,2.5× → 10×
TCGA-97-A4LX-01Z-00-DX1.B2334672-A626-4E74-B4D1-A79F70F65909,LUAD,virchow2,Virchow2,2p5x,40x,-0.3282725100616991,10,2.5× → 40×
TCGA-97-A4LX-01Z-00-DX1.B2334672-A626-4E74-B4D1-A79F70F65909,LUAD,virchow2,Virchow2,40x,10x,-0.0033583715875281106,10,40× → 10×
TCGA-97-A4LX-01Z-00-DX1.B2334672-A626-4E74-B4D1-A79F70F65909,LUAD,virchow2,Virchow2,40x,2p5x,-0.04535996837241576,10,40× → 2.5×
TCGA-97-A4M2-01Z-00-DX1.5C72522C-1538-4D68-B517-5FB05A9D401A,LUAD,gigapath,GigaPath,10x,2p5x,-2.410120751193025,10,10× → 2.5×
TCGA-97-A4M2-01Z-00-DX1.5C72522C-1538-4D68-B517-5FB05A9D401A,LUAD,gigapath,GigaPath,10x,40x,-0.5288213888027958,10,10× → 40×
TCGA-97-A4M2-01Z-00-DX1.5C72522C-1538-4D68-B517-5FB05A9D401A,LUAD,gigapath,GigaPath,2p5x,10x,-0.10637126176540641,10,2.5× → 10×
TCGA-97-A4M2-01Z-00-DX1.5C72522C-1538-4D68-B517-5FB05A9D401A,LUAD,gigapath,GigaPath,2p5x,40x,-1.0825613402916876,10,2.5× → 40×
TCGA-97-A4M2-01Z-00-DX1.5C72522C-1538-4D68-B517-5FB05A9D401A,LUAD,gigapath,GigaPath,40x,10x,-0.23653491080103484,10,40× → 10×
TCGA-97-A4M2-01Z-00-DX1.5C72522C-1538-4D68-B517-5FB05A9D401A,LUAD,gigapath,GigaPath,40x,2p5x,-3.7027490054817775,10,40× → 2.5×
TCGA-97-A4M2-01Z-00-DX1.5C72522C-1538-4D68-B517-5FB05A9D401A,LUAD,gigapath_flash,GigaPath-Flash,10x,2p5x,-3.4624422862269233,10,10× → 2.5×
TCGA-97-A4M2-01Z-00-DX1.5C72522C-1538-4D68-B517-5FB05A9D401A,LUAD,gigapath_flash,GigaPath-Flash,10x,40x,-1.5561632813929034,10,10× → 40×
TCGA-97-A4M2-01Z-00-DX1.5C72522C-1538-4D68-B517-5FB05A9D401A,LUAD,gigapath_flash,GigaPath-Flash,2p5x,10x,-3.4243313882286457,10,2.5× → 10×
TCGA-97-A4M2-01Z-00-DX1.5C72522C-1538-4D68-B517-5FB05A9D401A,LUAD,gigapath_flash,GigaPath-Flash,2p5x,40x,-5.990236119635294,10,2.5× → 40×
TCGA-97-A4M2-01Z-00-DX1.5C72522C-1538-4D68-B517-5FB05A9D401A,LUAD,gigapath_flash,GigaPath-Flash,40x,10x,-0.07731091990372545,10,40× → 10×
TCGA-97-A4M2-01Z-00-DX1.5C72522C-1538-4D68-B517-5FB05A9D401A,LUAD,gigapath_flash,GigaPath-Flash,40x,2p5x,-4.1262199752674835,10,40× → 2.5×
TCGA-97-A4M2-01Z-00-DX1.5C72522C-1538-4D68-B517-5FB05A9D401A,LUAD,midnight,Midnight,10x,2p5x,-0.0067141020640728,10,10× → 2.5×
TCGA-97-A4M2-01Z-00-DX1.5C72522C-1538-4D68-B517-5FB05A9D401A,LUAD,midnight,Midnight,10x,40x,-0.05678715012739501,10,10× → 40×
TCGA-97-A4M2-01Z-00-DX1.5C72522C-1538-4D68-B517-5FB05A9D401A,LUAD,midnight,Midnight,2p5x,10x,-0.05440640855358593,10,2.5× → 10×
TCGA-97-A4M2-01Z-00-DX1.5C72522C-1538-4D68-B517-5FB05A9D401A,LUAD,midnight,Midnight,2p5x,40x,-0.20468730678373684,10,2.5× → 40×
TCGA-97-A4M2-01Z-00-DX1.5C72522C-1538-4D68-B517-5FB05A9D401A,LUAD,midnight,Midnight,40x,10x,-0.03897731818298506,10,40× → 10×
TCGA-97-A4M2-01Z-00-DX1.5C72522C-1538-4D68-B517-5FB05A9D401A,LUAD,midnight,Midnight,40x,2p5x,-0.03475683674981239,10,40× → 2.5×
TCGA-97-A4M2-01Z-00-DX1.5C72522C-1538-4D68-B517-5FB05A9D401A,LUAD,phikon,Phikon,10x,2p5x,-4.348134333197154,10,10× → 2.5×
TCGA-97-A4M2-01Z-00-DX1.5C72522C-1538-4D68-B517-5FB05A9D401A,LUAD,phikon,Phikon,10x,40x,-0.01316835163230711,10,10× → 40×
TCGA-97-A4M2-01Z-00-DX1.5C72522C-1538-4D68-B517-5FB05A9D401A,LUAD,phikon,Phikon,2p5x,10x,-1.0344189778739619,10,2.5× → 10×
TCGA-97-A4M2-01Z-00-DX1.5C72522C-1538-4D68-B517-5FB05A9D401A,LUAD,phikon,Phikon,2p5x,40x,-0.8684965359502937,10,2.5× → 40×
TCGA-97-A4M2-01Z-00-DX1.5C72522C-1538-4D68-B517-5FB05A9D401A,LUAD,phikon,Phikon,40x,10x,-0.5496846014437748,10,40× → 10×
TCGA-97-A4M2-01Z-00-DX1.5C72522C-1538-4D68-B517-5FB05A9D401A,LUAD,phikon,Phikon,40x,2p5x,-4.084371163382244,10,40× → 2.5×
TCGA-97-A4M2-01Z-00-DX1.5C72522C-1538-4D68-B517-5FB05A9D401A,LUAD,uni,UNI,10x,2p5x,-2.801427173673372,10,10× → 2.5×
TCGA-97-A4M2-01Z-00-DX1.5C72522C-1538-4D68-B517-5FB05A9D401A,LUAD,uni,UNI,10x,40x,-0.4315335958203897,10,10× → 40×
TCGA-97-A4M2-01Z-00-DX1.5C72522C-1538-4D68-B517-5FB05A9D401A,LUAD,uni,UNI,2p5x,10x,-1.6575955435599052,10,2.5× → 10×
TCGA-97-A4M2-01Z-00-DX1.5C72522C-1538-4D68-B517-5FB05A9D401A,LUAD,uni,UNI,2p5x,40x,-3.084900836805074,10,2.5× → 40×
TCGA-97-A4M2-01Z-00-DX1.5C72522C-1538-4D68-B517-5FB05A9D401A,LUAD,uni,UNI,40x,10x,-0.22383704220059183,10,40× → 10×
TCGA-97-A4M2-01Z-00-DX1.5C72522C-1538-4D68-B517-5FB05A9D401A,LUAD,uni,UNI,40x,2p5x,-3.725111109967659,10,40× → 2.5×
TCGA-97-A4M2-01Z-00-DX1.5C72522C-1538-4D68-B517-5FB05A9D401A,LUAD,uni2,UNI2,10x,2p5x,-0.014956099150852381,10,10× → 2.5×
TCGA-97-A4M2-01Z-00-DX1.5C72522C-1538-4D68-B517-5FB05A9D401A,LUAD,uni2,UNI2,10x,40x,-0.35420264975342175,10,10× → 40×
TCGA-97-A4M2-01Z-00-DX1.5C72522C-1538-4D68-B517-5FB05A9D401A,LUAD,uni2,UNI2,2p5x,10x,-0.00150007143717793,10,2.5× → 10×
TCGA-97-A4M2-01Z-00-DX1.5C72522C-1538-4D68-B517-5FB05A9D401A,LUAD,uni2,UNI2,2p5x,40x,-0.1351583032485419,10,2.5× → 40×
TCGA-97-A4M2-01Z-00-DX1.5C72522C-1538-4D68-B517-5FB05A9D401A,LUAD,uni2,UNI2,40x,10x,-0.00034556064944486,10,40× → 10×
TCGA-97-A4M2-01Z-00-DX1.5C72522C-1538-4D68-B517-5FB05A9D401A,LUAD,uni2,UNI2,40x,2p5x,-0.13651576652828035,10,40× → 2.5×
TCGA-97-A4M2-01Z-00-DX1.5C72522C-1538-4D68-B517-5FB05A9D401A,LUAD,virchow,Virchow,10x,2p5x,-6.2194884000467825,10,10× → 2.5×
TCGA-97-A4M2-01Z-00-DX1.5C72522C-1538-4D68-B517-5FB05A9D401A,LUAD,virchow,Virchow,10x,40x,-1.2582014023861727,10,10× → 40×
TCGA-97-A4M2-01Z-00-DX1.5C72522C-1538-4D68-B517-5FB05A9D401A,LUAD,virchow,Virchow,2p5x,10x,-1.2637823435709636,10,2.5× → 10×
TCGA-97-A4M2-01Z-00-DX1.5C72522C-1538-4D68-B517-5FB05A9D401A,LUAD,virchow,Virchow,2p5x,40x,-3.329453177145294,10,2.5× → 40×
TCGA-97-A4M2-01Z-00-DX1.5C72522C-1538-4D68-B517-5FB05A9D401A,LUAD,virchow,Virchow,40x,10x,-0.17588190169887313,10,40× → 10×
TCGA-97-A4M2-01Z-00-DX1.5C72522C-1538-4D68-B517-5FB05A9D401A,LUAD,virchow,Virchow,40x,2p5x,-6.543536585138746,10,40× → 2.5×
TCGA-97-A4M2-01Z-00-DX1.5C72522C-1538-4D68-B517-5FB05A9D401A,LUAD,virchow2,Virchow2,10x,2p5x,-0.0184189253181237,10,10× → 2.5×
TCGA-97-A4M2-01Z-00-DX1.5C72522C-1538-4D68-B517-5FB05A9D401A,LUAD,virchow2,Virchow2,10x,40x,-0.3399553417423834,10,10× → 40×
TCGA-97-A4M2-01Z-00-DX1.5C72522C-1538-4D68-B517-5FB05A9D401A,LUAD,virchow2,Virchow2,2p5x,10x,-0.02777225095381094,10,2.5× → 10×
TCGA-97-A4M2-01Z-00-DX1.5C72522C-1538-4D68-B517-5FB05A9D401A,LUAD,virchow2,Virchow2,2p5x,40x,-0.8054343679042038,10,2.5× → 40×
TCGA-97-A4M2-01Z-00-DX1.5C72522C-1538-4D68-B517-5FB05A9D401A,LUAD,virchow2,Virchow2,40x,10x,-0.00149440512894203,10,40× → 10×
TCGA-97-A4M2-01Z-00-DX1.5C72522C-1538-4D68-B517-5FB05A9D401A,LUAD,virchow2,Virchow2,40x,2p5x,-0.00561103964002683,10,40× → 2.5×
TCGA-A3-3346-01Z-00-DX1.95280216-fd71-4a03-b452-6e3d667f2542,KIRC,gigapath,GigaPath,10x,2p5x,-1.4390379355629765,10,10× → 2.5×
TCGA-A3-3346-01Z-00-DX1.95280216-fd71-4a03-b452-6e3d667f2542,KIRC,gigapath,GigaPath,10x,40x,-0.8006087132869665,10,10× → 40×
TCGA-A3-3346-01Z-00-DX1.95280216-fd71-4a03-b452-6e3d667f2542,KIRC,gigapath,GigaPath,2p5x,10x,-2.251512060642816,10,2.5× → 10×
TCGA-A3-3346-01Z-00-DX1.95280216-fd71-4a03-b452-6e3d667f2542,KIRC,gigapath,GigaPath,2p5x,40x,-0.22775814431244118,10,2.5× → 40×
TCGA-A3-3346-01Z-00-DX1.95280216-fd71-4a03-b452-6e3d667f2542,KIRC,gigapath,GigaPath,40x,10x,-1.0806559987380935,10,40× → 10×
TCGA-A3-3346-01Z-00-DX1.95280216-fd71-4a03-b452-6e3d667f2542,KIRC,gigapath,GigaPath,40x,2p5x,-2.4230731582959275,10,40× → 2.5×
TCGA-A3-3346-01Z-00-DX1.95280216-fd71-4a03-b452-6e3d667f2542,KIRC,gigapath_flash,GigaPath-Flash,10x,2p5x,-1.8260653638265627,10,10× → 2.5×
TCGA-A3-3346-01Z-00-DX1.95280216-fd71-4a03-b452-6e3d667f2542,KIRC,gigapath_flash,GigaPath-Flash,10x,40x,-0.6526930234450444,10,10× → 40×
TCGA-A3-3346-01Z-00-DX1.95280216-fd71-4a03-b452-6e3d667f2542,KIRC,gigapath_flash,GigaPath-Flash,2p5x,10x,-1.3928008118823691,10,2.5× → 10×
TCGA-A3-3346-01Z-00-DX1.95280216-fd71-4a03-b452-6e3d667f2542,KIRC,gigapath_flash,GigaPath-Flash,2p5x,40x,-0.9192478307764246,10,2.5× → 40×
TCGA-A3-3346-01Z-00-DX1.95280216-fd71-4a03-b452-6e3d667f2542,KIRC,gigapath_flash,GigaPath-Flash,40x,10x,-0.5612634436310581,10,40× → 10×
TCGA-A3-3346-01Z-00-DX1.95280216-fd71-4a03-b452-6e3d667f2542,KIRC,gigapath_flash,GigaPath-Flash,40x,2p5x,-2.4143364503217186,10,40× → 2.5×
TCGA-A3-3346-01Z-00-DX1.95280216-fd71-4a03-b452-6e3d667f2542,KIRC,midnight,Midnight,10x,2p5x,-0.24962887282605908,10,10× → 2.5×
TCGA-A3-3346-01Z-00-DX1.95280216-fd71-4a03-b452-6e3d667f2542,KIRC,midnight,Midnight,10x,40x,-1.0754462094877806,10,10× → 40×
TCGA-A3-3346-01Z-00-DX1.95280216-fd71-4a03-b452-6e3d667f2542,KIRC,midnight,Midnight,2p5x,10x,-0.759019839375074,10,2.5× → 10×
TCGA-A3-3346-01Z-00-DX1.95280216-fd71-4a03-b452-6e3d667f2542,KIRC,midnight,Midnight,2p5x,40x,-0.7785708274556219,10,2.5× → 40×
TCGA-A3-3346-01Z-00-DX1.95280216-fd71-4a03-b452-6e3d667f2542,KIRC,midnight,Midnight,40x,10x,-0.8830293459465285,10,40× → 10×
TCGA-A3-3346-01Z-00-DX1.95280216-fd71-4a03-b452-6e3d667f2542,KIRC,midnight,Midnight,40x,2p5x,-0.896317163753406,10,40× → 2.5×
TCGA-A3-3346-01Z-00-DX1.95280216-fd71-4a03-b452-6e3d667f2542,KIRC,phikon,Phikon,10x,2p5x,-1.7243314131680372,10,10× → 2.5×
TCGA-A3-3346-01Z-00-DX1.95280216-fd71-4a03-b452-6e3d667f2542,KIRC,phikon,Phikon,10x,40x,-2.412414332673115,10,10× → 40×
TCGA-A3-3346-01Z-00-DX1.95280216-fd71-4a03-b452-6e3d667f2542,KIRC,phikon,Phikon,2p5x,10x,-0.20890040207977378,10,2.5× → 10×
TCGA-A3-3346-01Z-00-DX1.95280216-fd71-4a03-b452-6e3d667f2542,KIRC,phikon,Phikon,2p5x,40x,-2.1081266206165354,10,2.5× → 40×
TCGA-A3-3346-01Z-00-DX1.95280216-fd71-4a03-b452-6e3d667f2542,KIRC,phikon,Phikon,40x,10x,-1.4167277085516548,10,40× → 10×
TCGA-A3-3346-01Z-00-DX1.95280216-fd71-4a03-b452-6e3d667f2542,KIRC,phikon,Phikon,40x,2p5x,-2.695164186563461,10,40× → 2.5×
TCGA-A3-3346-01Z-00-DX1.95280216-fd71-4a03-b452-6e3d667f2542,KIRC,uni,UNI,10x,2p5x,-0.6654082444286068,10,10× → 2.5×
TCGA-A3-3346-01Z-00-DX1.95280216-fd71-4a03-b452-6e3d667f2542,KIRC,uni,UNI,10x,40x,-0.3227134625513436,10,10× → 40×
TCGA-A3-3346-01Z-00-DX1.95280216-fd71-4a03-b452-6e3d667f2542,KIRC,uni,UNI,2p5x,10x,-0.3125575529263588,10,2.5× → 10×
TCGA-A3-3346-01Z-00-DX1.95280216-fd71-4a03-b452-6e3d667f2542,KIRC,uni,UNI,2p5x,40x,-0.9855862977892189,10,2.5× → 40×
TCGA-A3-3346-01Z-00-DX1.95280216-fd71-4a03-b452-6e3d667f2542,KIRC,uni,UNI,40x,10x,-0.7017409789241882,10,40× → 10×
TCGA-A3-3346-01Z-00-DX1.95280216-fd71-4a03-b452-6e3d667f2542,KIRC,uni,UNI,40x,2p5x,-0.8610864123141655,10,40× → 2.5×
TCGA-A3-3346-01Z-00-DX1.95280216-fd71-4a03-b452-6e3d667f2542,KIRC,uni2,UNI2,10x,2p5x,-0.25351191539402423,10,10× → 2.5×
TCGA-A3-3346-01Z-00-DX1.95280216-fd71-4a03-b452-6e3d667f2542,KIRC,uni2,UNI2,10x,40x,-0.05371236255871918,10,10× → 40×
TCGA-A3-3346-01Z-00-DX1.95280216-fd71-4a03-b452-6e3d667f2542,KIRC,uni2,UNI2,2p5x,10x,-0.5081672905386027,10,2.5× → 10×
TCGA-A3-3346-01Z-00-DX1.95280216-fd71-4a03-b452-6e3d667f2542,KIRC,uni2,UNI2,2p5x,40x,-1.0551533099017645,10,2.5× → 40×
TCGA-A3-3346-01Z-00-DX1.95280216-fd71-4a03-b452-6e3d667f2542,KIRC,uni2,UNI2,40x,10x,0.018496824821872728,10,40× → 10×
TCGA-A3-3346-01Z-00-DX1.95280216-fd71-4a03-b452-6e3d667f2542,KIRC,uni2,UNI2,40x,2p5x,-0.320149898594017,10,40× → 2.5×
TCGA-A3-3346-01Z-00-DX1.95280216-fd71-4a03-b452-6e3d667f2542,KIRC,virchow,Virchow,10x,2p5x,-4.13959573045727,10,10× → 2.5×
TCGA-A3-3346-01Z-00-DX1.95280216-fd71-4a03-b452-6e3d667f2542,KIRC,virchow,Virchow,10x,40x,0.014629199746034733,10,10× → 40×
TCGA-A3-3346-01Z-00-DX1.95280216-fd71-4a03-b452-6e3d667f2542,KIRC,virchow,Virchow,2p5x,10x,-5.144462295208474,10,2.5× → 10×
TCGA-A3-3346-01Z-00-DX1.95280216-fd71-4a03-b452-6e3d667f2542,KIRC,virchow,Virchow,2p5x,40x,-3.4180925185096336,10,2.5× → 40×
TCGA-A3-3346-01Z-00-DX1.95280216-fd71-4a03-b452-6e3d667f2542,KIRC,virchow,Virchow,40x,10x,-1.5440452946735181,10,40× → 10×
TCGA-A3-3346-01Z-00-DX1.95280216-fd71-4a03-b452-6e3d667f2542,KIRC,virchow,Virchow,40x,2p5x,-2.275622400627827,10,40× → 2.5×
TCGA-A3-3346-01Z-00-DX1.95280216-fd71-4a03-b452-6e3d667f2542,KIRC,virchow2,Virchow2,10x,2p5x,-0.9633804911120146,10,10× → 2.5×
TCGA-A3-3346-01Z-00-DX1.95280216-fd71-4a03-b452-6e3d667f2542,KIRC,virchow2,Virchow2,10x,40x,-0.03196996679299012,10,10× → 40×
TCGA-A3-3346-01Z-00-DX1.95280216-fd71-4a03-b452-6e3d667f2542,KIRC,virchow2,Virchow2,2p5x,10x,-0.11249574715069777,10,2.5× → 10×
TCGA-A3-3346-01Z-00-DX1.95280216-fd71-4a03-b452-6e3d667f2542,KIRC,virchow2,Virchow2,2p5x,40x,-0.1771546329088038,10,2.5× → 40×
TCGA-A3-3346-01Z-00-DX1.95280216-fd71-4a03-b452-6e3d667f2542,KIRC,virchow2,Virchow2,40x,10x,0.00441971671147853,10,40× → 10×
TCGA-A3-3346-01Z-00-DX1.95280216-fd71-4a03-b452-6e3d667f2542,KIRC,virchow2,Virchow2,40x,2p5x,-1.1352915218145994,10,40× → 2.5×
TCGA-A3-A8CQ-01Z-00-DX1.78DA0827-5FB8-4B9F-A845-22F85830B5FB,KIRC,gigapath,GigaPath,10x,2p5x,-1.2946182200192597,10,10× → 2.5×
TCGA-A3-A8CQ-01Z-00-DX1.78DA0827-5FB8-4B9F-A845-22F85830B5FB,KIRC,gigapath,GigaPath,10x,40x,-1.2343620310042362,10,10× → 40×
TCGA-A3-A8CQ-01Z-00-DX1.78DA0827-5FB8-4B9F-A845-22F85830B5FB,KIRC,gigapath,GigaPath,2p5x,10x,-3.4807940700494777,10,2.5× → 10×
TCGA-A3-A8CQ-01Z-00-DX1.78DA0827-5FB8-4B9F-A845-22F85830B5FB,KIRC,gigapath,GigaPath,2p5x,40x,-1.5465249950500748,10,2.5× → 40×
TCGA-A3-A8CQ-01Z-00-DX1.78DA0827-5FB8-4B9F-A845-22F85830B5FB,KIRC,gigapath,GigaPath,40x,10x,-0.9226350957306388,10,40× → 10×
TCGA-A3-A8CQ-01Z-00-DX1.78DA0827-5FB8-4B9F-A845-22F85830B5FB,KIRC,gigapath,GigaPath,40x,2p5x,-4.117052514454649,10,40× → 2.5×
TCGA-A3-A8CQ-01Z-00-DX1.78DA0827-5FB8-4B9F-A845-22F85830B5FB,KIRC,gigapath_flash,GigaPath-Flash,10x,2p5x,-1.3662408117975322,10,10× → 2.5×
TCGA-A3-A8CQ-01Z-00-DX1.78DA0827-5FB8-4B9F-A845-22F85830B5FB,KIRC,gigapath_flash,GigaPath-Flash,10x,40x,-1.8764801157631505,10,10× → 40×
TCGA-A3-A8CQ-01Z-00-DX1.78DA0827-5FB8-4B9F-A845-22F85830B5FB,KIRC,gigapath_flash,GigaPath-Flash,2p5x,10x,-2.538776352998343,10,2.5× → 10×
TCGA-A3-A8CQ-01Z-00-DX1.78DA0827-5FB8-4B9F-A845-22F85830B5FB,KIRC,gigapath_flash,GigaPath-Flash,2p5x,40x,-1.8767924452258775,10,2.5× → 40×
TCGA-A3-A8CQ-01Z-00-DX1.78DA0827-5FB8-4B9F-A845-22F85830B5FB,KIRC,gigapath_flash,GigaPath-Flash,40x,10x,-0.8022076454475779,10,40× → 10×
TCGA-A3-A8CQ-01Z-00-DX1.78DA0827-5FB8-4B9F-A845-22F85830B5FB,KIRC,gigapath_flash,GigaPath-Flash,40x,2p5x,-5.468053197254376,10,40× → 2.5×
TCGA-A3-A8CQ-01Z-00-DX1.78DA0827-5FB8-4B9F-A845-22F85830B5FB,KIRC,midnight,Midnight,10x,2p5x,-0.12344355808265557,10,10× → 2.5×
TCGA-A3-A8CQ-01Z-00-DX1.78DA0827-5FB8-4B9F-A845-22F85830B5FB,KIRC,midnight,Midnight,10x,40x,-0.2864575192267925,10,10× → 40×
TCGA-A3-A8CQ-01Z-00-DX1.78DA0827-5FB8-4B9F-A845-22F85830B5FB,KIRC,midnight,Midnight,2p5x,10x,-0.1571629677752271,10,2.5× → 10×
TCGA-A3-A8CQ-01Z-00-DX1.78DA0827-5FB8-4B9F-A845-22F85830B5FB,KIRC,midnight,Midnight,2p5x,40x,-0.5710183608360659,10,2.5× → 40×
TCGA-A3-A8CQ-01Z-00-DX1.78DA0827-5FB8-4B9F-A845-22F85830B5FB,KIRC,midnight,Midnight,40x,10x,-0.772133010034276,10,40× → 10×
TCGA-A3-A8CQ-01Z-00-DX1.78DA0827-5FB8-4B9F-A845-22F85830B5FB,KIRC,midnight,Midnight,40x,2p5x,-0.531177676148225,10,40× → 2.5×
TCGA-A3-A8CQ-01Z-00-DX1.78DA0827-5FB8-4B9F-A845-22F85830B5FB,KIRC,phikon,Phikon,10x,2p5x,-1.8405312549722175,10,10× → 2.5×
TCGA-A3-A8CQ-01Z-00-DX1.78DA0827-5FB8-4B9F-A845-22F85830B5FB,KIRC,phikon,Phikon,10x,40x,-0.8474053198823068,10,10× → 40×
TCGA-A3-A8CQ-01Z-00-DX1.78DA0827-5FB8-4B9F-A845-22F85830B5FB,KIRC,phikon,Phikon,2p5x,10x,-0.956108990772209,10,2.5× → 10×
TCGA-A3-A8CQ-01Z-00-DX1.78DA0827-5FB8-4B9F-A845-22F85830B5FB,KIRC,phikon,Phikon,2p5x,40x,-3.6898389331075068,10,2.5× → 40×
TCGA-A3-A8CQ-01Z-00-DX1.78DA0827-5FB8-4B9F-A845-22F85830B5FB,KIRC,phikon,Phikon,40x,10x,-1.037361280906008,10,40× → 10×
TCGA-A3-A8CQ-01Z-00-DX1.78DA0827-5FB8-4B9F-A845-22F85830B5FB,KIRC,phikon,Phikon,40x,2p5x,-3.5016682937363925,10,40× → 2.5×
TCGA-A3-A8CQ-01Z-00-DX1.78DA0827-5FB8-4B9F-A845-22F85830B5FB,KIRC,uni,UNI,10x,2p5x,-0.5614811752428095,10,10× → 2.5×
TCGA-A3-A8CQ-01Z-00-DX1.78DA0827-5FB8-4B9F-A845-22F85830B5FB,KIRC,uni,UNI,10x,40x,-0.24011541452684396,10,10× → 40×
TCGA-A3-A8CQ-01Z-00-DX1.78DA0827-5FB8-4B9F-A845-22F85830B5FB,KIRC,uni,UNI,2p5x,10x,-1.1303474579366914,10,2.5× → 10×
TCGA-A3-A8CQ-01Z-00-DX1.78DA0827-5FB8-4B9F-A845-22F85830B5FB,KIRC,uni,UNI,2p5x,40x,-1.7187346513953508,10,2.5× → 40×
TCGA-A3-A8CQ-01Z-00-DX1.78DA0827-5FB8-4B9F-A845-22F85830B5FB,KIRC,uni,UNI,40x,10x,-0.07039732179202068,10,40× → 10×
TCGA-A3-A8CQ-01Z-00-DX1.78DA0827-5FB8-4B9F-A845-22F85830B5FB,KIRC,uni,UNI,40x,2p5x,-1.2764430126747341,10,40× → 2.5×
TCGA-A3-A8CQ-01Z-00-DX1.78DA0827-5FB8-4B9F-A845-22F85830B5FB,KIRC,uni2,UNI2,10x,2p5x,-0.1710269127535195,10,10× → 2.5×
TCGA-A3-A8CQ-01Z-00-DX1.78DA0827-5FB8-4B9F-A845-22F85830B5FB,KIRC,uni2,UNI2,10x,40x,-0.00966727871549575,10,10× → 40×
TCGA-A3-A8CQ-01Z-00-DX1.78DA0827-5FB8-4B9F-A845-22F85830B5FB,KIRC,uni2,UNI2,2p5x,10x,0.03377427722863503,10,2.5× → 10×
TCGA-A3-A8CQ-01Z-00-DX1.78DA0827-5FB8-4B9F-A845-22F85830B5FB,KIRC,uni2,UNI2,2p5x,40x,-0.1676787671827513,10,2.5× → 40×
TCGA-A3-A8CQ-01Z-00-DX1.78DA0827-5FB8-4B9F-A845-22F85830B5FB,KIRC,uni2,UNI2,40x,10x,7.897866401942476e-05,10,40× → 10×
TCGA-A3-A8CQ-01Z-00-DX1.78DA0827-5FB8-4B9F-A845-22F85830B5FB,KIRC,uni2,UNI2,40x,2p5x,-0.23366338771873335,10,40× → 2.5×
TCGA-A3-A8CQ-01Z-00-DX1.78DA0827-5FB8-4B9F-A845-22F85830B5FB,KIRC,virchow,Virchow,10x,2p5x,-5.6362689848215295,10,10× → 2.5×
TCGA-A3-A8CQ-01Z-00-DX1.78DA0827-5FB8-4B9F-A845-22F85830B5FB,KIRC,virchow,Virchow,10x,40x,-0.014855292157030011,10,10× → 40×
TCGA-A3-A8CQ-01Z-00-DX1.78DA0827-5FB8-4B9F-A845-22F85830B5FB,KIRC,virchow,Virchow,2p5x,10x,-6.336009799815172,10,2.5× → 10×
TCGA-A3-A8CQ-01Z-00-DX1.78DA0827-5FB8-4B9F-A845-22F85830B5FB,KIRC,virchow,Virchow,2p5x,40x,-4.098112476761864,10,2.5× → 40×
TCGA-A3-A8CQ-01Z-00-DX1.78DA0827-5FB8-4B9F-A845-22F85830B5FB,KIRC,virchow,Virchow,40x,10x,-0.9798111069867865,10,40× → 10×
TCGA-A3-A8CQ-01Z-00-DX1.78DA0827-5FB8-4B9F-A845-22F85830B5FB,KIRC,virchow,Virchow,40x,2p5x,-4.4265100370402495,10,40× → 2.5×
TCGA-A3-A8CQ-01Z-00-DX1.78DA0827-5FB8-4B9F-A845-22F85830B5FB,KIRC,virchow2,Virchow2,10x,2p5x,-1.0697074833333713,10,10× → 2.5×
TCGA-A3-A8CQ-01Z-00-DX1.78DA0827-5FB8-4B9F-A845-22F85830B5FB,KIRC,virchow2,Virchow2,10x,40x,-0.00095048391222871,10,10× → 40×
TCGA-A3-A8CQ-01Z-00-DX1.78DA0827-5FB8-4B9F-A845-22F85830B5FB,KIRC,virchow2,Virchow2,2p5x,10x,-0.0003418443731401893,10,2.5× → 10×
TCGA-A3-A8CQ-01Z-00-DX1.78DA0827-5FB8-4B9F-A845-22F85830B5FB,KIRC,virchow2,Virchow2,2p5x,40x,-0.00855214929700034,10,2.5× → 40×
TCGA-A3-A8CQ-01Z-00-DX1.78DA0827-5FB8-4B9F-A845-22F85830B5FB,KIRC,virchow2,Virchow2,40x,10x,0.00014561329628095984,10,40× → 10×
TCGA-A3-A8CQ-01Z-00-DX1.78DA0827-5FB8-4B9F-A845-22F85830B5FB,KIRC,virchow2,Virchow2,40x,2p5x,-0.7135448169551344,10,40× → 2.5×
TCGA-A5-A0GX-01Z-00-DX1.7E713D1A-5858-4648-957D-77189E43CFAA,UCEC,gigapath,GigaPath,10x,2p5x,-0.16148110189912035,10,10× → 2.5×
TCGA-A5-A0GX-01Z-00-DX1.7E713D1A-5858-4648-957D-77189E43CFAA,UCEC,gigapath,GigaPath,10x,40x,-1.1370212466903369,10,10× → 40×
TCGA-A5-A0GX-01Z-00-DX1.7E713D1A-5858-4648-957D-77189E43CFAA,UCEC,gigapath,GigaPath,2p5x,10x,-0.005923311291008941,10,2.5× → 10×
TCGA-A5-A0GX-01Z-00-DX1.7E713D1A-5858-4648-957D-77189E43CFAA,UCEC,gigapath,GigaPath,2p5x,40x,-0.5445599734133818,10,2.5× → 40×
TCGA-A5-A0GX-01Z-00-DX1.7E713D1A-5858-4648-957D-77189E43CFAA,UCEC,gigapath,GigaPath,40x,10x,-0.03743475131227311,10,40× → 10×
TCGA-A5-A0GX-01Z-00-DX1.7E713D1A-5858-4648-957D-77189E43CFAA,UCEC,gigapath,GigaPath,40x,2p5x,-1.0479253056607074,10,40× → 2.5×
TCGA-A5-A0GX-01Z-00-DX1.7E713D1A-5858-4648-957D-77189E43CFAA,UCEC,gigapath_flash,GigaPath-Flash,10x,2p5x,-1.0474264411509575,10,10× → 2.5×
TCGA-A5-A0GX-01Z-00-DX1.7E713D1A-5858-4648-957D-77189E43CFAA,UCEC,gigapath_flash,GigaPath-Flash,10x,40x,-3.0630465708632024,10,10× → 40×
TCGA-A5-A0GX-01Z-00-DX1.7E713D1A-5858-4648-957D-77189E43CFAA,UCEC,gigapath_flash,GigaPath-Flash,2p5x,10x,-0.2092447189351025,10,2.5× → 10×
TCGA-A5-A0GX-01Z-00-DX1.7E713D1A-5858-4648-957D-77189E43CFAA,UCEC,gigapath_flash,GigaPath-Flash,2p5x,40x,-3.007801068852705,10,2.5× → 40×
TCGA-A5-A0GX-01Z-00-DX1.7E713D1A-5858-4648-957D-77189E43CFAA,UCEC,gigapath_flash,GigaPath-Flash,40x,10x,-0.01507477996094049,10,40× → 10×
TCGA-A5-A0GX-01Z-00-DX1.7E713D1A-5858-4648-957D-77189E43CFAA,UCEC,gigapath_flash,GigaPath-Flash,40x,2p5x,-2.0311942498146704,10,40× → 2.5×
TCGA-A5-A0GX-01Z-00-DX1.7E713D1A-5858-4648-957D-77189E43CFAA,UCEC,midnight,Midnight,10x,2p5x,-0.2069166985089231,10,10× → 2.5×
TCGA-A5-A0GX-01Z-00-DX1.7E713D1A-5858-4648-957D-77189E43CFAA,UCEC,midnight,Midnight,10x,40x,-0.3560490710493805,10,10× → 40×
TCGA-A5-A0GX-01Z-00-DX1.7E713D1A-5858-4648-957D-77189E43CFAA,UCEC,midnight,Midnight,2p5x,10x,-0.2108895690969279,10,2.5× → 10×
TCGA-A5-A0GX-01Z-00-DX1.7E713D1A-5858-4648-957D-77189E43CFAA,UCEC,midnight,Midnight,2p5x,40x,-0.5791308463254459,10,2.5× → 40×
TCGA-A5-A0GX-01Z-00-DX1.7E713D1A-5858-4648-957D-77189E43CFAA,UCEC,midnight,Midnight,40x,10x,-0.2854728750915299,10,40× → 10×
TCGA-A5-A0GX-01Z-00-DX1.7E713D1A-5858-4648-957D-77189E43CFAA,UCEC,midnight,Midnight,40x,2p5x,-0.8308600550009592,10,40× → 2.5×
TCGA-A5-A0GX-01Z-00-DX1.7E713D1A-5858-4648-957D-77189E43CFAA,UCEC,phikon,Phikon,10x,2p5x,-0.8886878992393832,10,10× → 2.5×
TCGA-A5-A0GX-01Z-00-DX1.7E713D1A-5858-4648-957D-77189E43CFAA,UCEC,phikon,Phikon,10x,40x,-0.3899423836206528,10,10× → 40×
TCGA-A5-A0GX-01Z-00-DX1.7E713D1A-5858-4648-957D-77189E43CFAA,UCEC,phikon,Phikon,2p5x,10x,-1.588790650457136,10,2.5× → 10×
TCGA-A5-A0GX-01Z-00-DX1.7E713D1A-5858-4648-957D-77189E43CFAA,UCEC,phikon,Phikon,2p5x,40x,-5.277974175977969,10,2.5× → 40×
TCGA-A5-A0GX-01Z-00-DX1.7E713D1A-5858-4648-957D-77189E43CFAA,UCEC,phikon,Phikon,40x,10x,-0.24392746514523728,10,40× → 10×
TCGA-A5-A0GX-01Z-00-DX1.7E713D1A-5858-4648-957D-77189E43CFAA,UCEC,phikon,Phikon,40x,2p5x,-2.6613150696529457,10,40× → 2.5×
TCGA-A5-A0GX-01Z-00-DX1.7E713D1A-5858-4648-957D-77189E43CFAA,UCEC,uni,UNI,10x,2p5x,-1.0353155316428002,10,10× → 2.5×
TCGA-A5-A0GX-01Z-00-DX1.7E713D1A-5858-4648-957D-77189E43CFAA,UCEC,uni,UNI,10x,40x,-0.18333000898017868,10,10× → 40×
TCGA-A5-A0GX-01Z-00-DX1.7E713D1A-5858-4648-957D-77189E43CFAA,UCEC,uni,UNI,2p5x,10x,-2.1828251251185646,10,2.5× → 10×
TCGA-A5-A0GX-01Z-00-DX1.7E713D1A-5858-4648-957D-77189E43CFAA,UCEC,uni,UNI,2p5x,40x,-2.469216129018866,10,2.5× → 40×
TCGA-A5-A0GX-01Z-00-DX1.7E713D1A-5858-4648-957D-77189E43CFAA,UCEC,uni,UNI,40x,10x,-0.12090182704601041,10,40× → 10×
TCGA-A5-A0GX-01Z-00-DX1.7E713D1A-5858-4648-957D-77189E43CFAA,UCEC,uni,UNI,40x,2p5x,-2.6473930734107354,10,40× → 2.5×
TCGA-A5-A0GX-01Z-00-DX1.7E713D1A-5858-4648-957D-77189E43CFAA,UCEC,uni2,UNI2,10x,2p5x,-0.00439101453777878,10,10× → 2.5×
TCGA-A5-A0GX-01Z-00-DX1.7E713D1A-5858-4648-957D-77189E43CFAA,UCEC,uni2,UNI2,10x,40x,-0.224671974361261,10,10× → 40×
TCGA-A5-A0GX-01Z-00-DX1.7E713D1A-5858-4648-957D-77189E43CFAA,UCEC,uni2,UNI2,2p5x,10x,-0.00915010325937585,10,2.5× → 10×
TCGA-A5-A0GX-01Z-00-DX1.7E713D1A-5858-4648-957D-77189E43CFAA,UCEC,uni2,UNI2,2p5x,40x,-0.16790439317800682,10,2.5× → 40×
TCGA-A5-A0GX-01Z-00-DX1.7E713D1A-5858-4648-957D-77189E43CFAA,UCEC,uni2,UNI2,40x,10x,-0.0074211940594336,10,40× → 10×
TCGA-A5-A0GX-01Z-00-DX1.7E713D1A-5858-4648-957D-77189E43CFAA,UCEC,uni2,UNI2,40x,2p5x,-0.01172123363597362,10,40× → 2.5×
TCGA-A5-A0GX-01Z-00-DX1.7E713D1A-5858-4648-957D-77189E43CFAA,UCEC,virchow,Virchow,10x,2p5x,-3.9119147645369283,10,10× → 2.5×
TCGA-A5-A0GX-01Z-00-DX1.7E713D1A-5858-4648-957D-77189E43CFAA,UCEC,virchow,Virchow,10x,40x,-1.2747350800736834,10,10× → 40×
TCGA-A5-A0GX-01Z-00-DX1.7E713D1A-5858-4648-957D-77189E43CFAA,UCEC,virchow,Virchow,2p5x,10x,-2.422609389430852,10,2.5× → 10×
TCGA-A5-A0GX-01Z-00-DX1.7E713D1A-5858-4648-957D-77189E43CFAA,UCEC,virchow,Virchow,2p5x,40x,-4.877831341729573,10,2.5× → 40×
TCGA-A5-A0GX-01Z-00-DX1.7E713D1A-5858-4648-957D-77189E43CFAA,UCEC,virchow,Virchow,40x,10x,0.00027685494169519,10,40× → 10×
TCGA-A5-A0GX-01Z-00-DX1.7E713D1A-5858-4648-957D-77189E43CFAA,UCEC,virchow,Virchow,40x,2p5x,-6.297131502453676,10,40× → 2.5×
TCGA-A5-A0GX-01Z-00-DX1.7E713D1A-5858-4648-957D-77189E43CFAA,UCEC,virchow2,Virchow2,10x,2p5x,0.0008363600187148481,10,10× → 2.5×
TCGA-A5-A0GX-01Z-00-DX1.7E713D1A-5858-4648-957D-77189E43CFAA,UCEC,virchow2,Virchow2,10x,40x,-0.4850701224531237,10,10× → 40×
TCGA-A5-A0GX-01Z-00-DX1.7E713D1A-5858-4648-957D-77189E43CFAA,UCEC,virchow2,Virchow2,2p5x,10x,-0.1926983103646807,10,2.5× → 10×
TCGA-A5-A0GX-01Z-00-DX1.7E713D1A-5858-4648-957D-77189E43CFAA,UCEC,virchow2,Virchow2,2p5x,40x,-1.3265070559129932,10,2.5× → 40×
TCGA-A5-A0GX-01Z-00-DX1.7E713D1A-5858-4648-957D-77189E43CFAA,UCEC,virchow2,Virchow2,40x,10x,-0.0022270238079064504,10,40× → 10×
TCGA-A5-A0GX-01Z-00-DX1.7E713D1A-5858-4648-957D-77189E43CFAA,UCEC,virchow2,Virchow2,40x,2p5x,-0.01889088270591821,10,40× → 2.5×
TCGA-A5-A0R7-01Z-00-DX1.D21E6974-22A3-4A68-8B4E-14E84A7A50A5,UCEC,gigapath,GigaPath,10x,2p5x,-0.18437655911791287,10,10× → 2.5×
TCGA-A5-A0R7-01Z-00-DX1.D21E6974-22A3-4A68-8B4E-14E84A7A50A5,UCEC,gigapath,GigaPath,10x,40x,-3.2102715095352727,10,10× → 40×
TCGA-A5-A0R7-01Z-00-DX1.D21E6974-22A3-4A68-8B4E-14E84A7A50A5,UCEC,gigapath,GigaPath,2p5x,10x,-1.809222510708165,10,2.5× → 10×
TCGA-A5-A0R7-01Z-00-DX1.D21E6974-22A3-4A68-8B4E-14E84A7A50A5,UCEC,gigapath,GigaPath,2p5x,40x,-3.8446700178507727,10,2.5× → 40×
TCGA-A5-A0R7-01Z-00-DX1.D21E6974-22A3-4A68-8B4E-14E84A7A50A5,UCEC,gigapath,GigaPath,40x,10x,-0.11649328861966506,10,40× → 10×
TCGA-A5-A0R7-01Z-00-DX1.D21E6974-22A3-4A68-8B4E-14E84A7A50A5,UCEC,gigapath,GigaPath,40x,2p5x,-1.5625754214092074,10,40× → 2.5×
TCGA-A5-A0R7-01Z-00-DX1.D21E6974-22A3-4A68-8B4E-14E84A7A50A5,UCEC,gigapath_flash,GigaPath-Flash,10x,2p5x,-0.729585576006766,10,10× → 2.5×
TCGA-A5-A0R7-01Z-00-DX1.D21E6974-22A3-4A68-8B4E-14E84A7A50A5,UCEC,gigapath_flash,GigaPath-Flash,10x,40x,-4.243491727686466,10,10× → 40×
TCGA-A5-A0R7-01Z-00-DX1.D21E6974-22A3-4A68-8B4E-14E84A7A50A5,UCEC,gigapath_flash,GigaPath-Flash,2p5x,10x,-4.593648481718924,10,2.5× → 10×
TCGA-A5-A0R7-01Z-00-DX1.D21E6974-22A3-4A68-8B4E-14E84A7A50A5,UCEC,gigapath_flash,GigaPath-Flash,2p5x,40x,-6.756957491333194,10,2.5× → 40×
TCGA-A5-A0R7-01Z-00-DX1.D21E6974-22A3-4A68-8B4E-14E84A7A50A5,UCEC,gigapath_flash,GigaPath-Flash,40x,10x,0.03291369828814369,10,40× → 10×
TCGA-A5-A0R7-01Z-00-DX1.D21E6974-22A3-4A68-8B4E-14E84A7A50A5,UCEC,gigapath_flash,GigaPath-Flash,40x,2p5x,-2.27894075682877,10,40× → 2.5×
TCGA-A5-A0R7-01Z-00-DX1.D21E6974-22A3-4A68-8B4E-14E84A7A50A5,UCEC,midnight,Midnight,10x,2p5x,-0.2970372881668516,10,10× → 2.5×
TCGA-A5-A0R7-01Z-00-DX1.D21E6974-22A3-4A68-8B4E-14E84A7A50A5,UCEC,midnight,Midnight,10x,40x,-0.8572049865785155,10,10× → 40×
TCGA-A5-A0R7-01Z-00-DX1.D21E6974-22A3-4A68-8B4E-14E84A7A50A5,UCEC,midnight,Midnight,2p5x,10x,-0.7460318149595105,10,2.5× → 10×
TCGA-A5-A0R7-01Z-00-DX1.D21E6974-22A3-4A68-8B4E-14E84A7A50A5,UCEC,midnight,Midnight,2p5x,40x,-1.7542026545290017,10,2.5× → 40×
TCGA-A5-A0R7-01Z-00-DX1.D21E6974-22A3-4A68-8B4E-14E84A7A50A5,UCEC,midnight,Midnight,40x,10x,-0.35256403006141385,10,40× → 10×
TCGA-A5-A0R7-01Z-00-DX1.D21E6974-22A3-4A68-8B4E-14E84A7A50A5,UCEC,midnight,Midnight,40x,2p5x,-1.0469645124140727,10,40× → 2.5×
TCGA-A5-A0R7-01Z-00-DX1.D21E6974-22A3-4A68-8B4E-14E84A7A50A5,UCEC,phikon,Phikon,10x,2p5x,-0.32503228454050037,10,10× → 2.5×
TCGA-A5-A0R7-01Z-00-DX1.D21E6974-22A3-4A68-8B4E-14E84A7A50A5,UCEC,phikon,Phikon,10x,40x,-2.575343259067506,10,10× → 40×
TCGA-A5-A0R7-01Z-00-DX1.D21E6974-22A3-4A68-8B4E-14E84A7A50A5,UCEC,phikon,Phikon,2p5x,10x,-4.382904430463186,10,2.5× → 10×
TCGA-A5-A0R7-01Z-00-DX1.D21E6974-22A3-4A68-8B4E-14E84A7A50A5,UCEC,phikon,Phikon,2p5x,40x,-3.9111636309863522,10,2.5× → 40×
TCGA-A5-A0R7-01Z-00-DX1.D21E6974-22A3-4A68-8B4E-14E84A7A50A5,UCEC,phikon,Phikon,40x,10x,1.0136146043612941,10,40× → 10×
TCGA-A5-A0R7-01Z-00-DX1.D21E6974-22A3-4A68-8B4E-14E84A7A50A5,UCEC,phikon,Phikon,40x,2p5x,-1.525328204884806,10,40× → 2.5×
TCGA-A5-A0R7-01Z-00-DX1.D21E6974-22A3-4A68-8B4E-14E84A7A50A5,UCEC,uni,UNI,10x,2p5x,-1.183288351160299,10,10× → 2.5×
TCGA-A5-A0R7-01Z-00-DX1.D21E6974-22A3-4A68-8B4E-14E84A7A50A5,UCEC,uni,UNI,10x,40x,-0.9657803041311782,10,10× → 40×
TCGA-A5-A0R7-01Z-00-DX1.D21E6974-22A3-4A68-8B4E-14E84A7A50A5,UCEC,uni,UNI,2p5x,10x,-5.4665506203430105,10,2.5× → 10×
TCGA-A5-A0R7-01Z-00-DX1.D21E6974-22A3-4A68-8B4E-14E84A7A50A5,UCEC,uni,UNI,2p5x,40x,-3.0026888871914883,10,2.5× → 40×
TCGA-A5-A0R7-01Z-00-DX1.D21E6974-22A3-4A68-8B4E-14E84A7A50A5,UCEC,uni,UNI,40x,10x,0.034144799785279976,10,40× → 10×
TCGA-A5-A0R7-01Z-00-DX1.D21E6974-22A3-4A68-8B4E-14E84A7A50A5,UCEC,uni,UNI,40x,2p5x,-3.3827950865316354,10,40× → 2.5×
TCGA-A5-A0R7-01Z-00-DX1.D21E6974-22A3-4A68-8B4E-14E84A7A50A5,UCEC,uni2,UNI2,10x,2p5x,-0.04473796232255805,10,10× → 2.5×
TCGA-A5-A0R7-01Z-00-DX1.D21E6974-22A3-4A68-8B4E-14E84A7A50A5,UCEC,uni2,UNI2,10x,40x,-1.6228916690086426,10,10× → 40×
TCGA-A5-A0R7-01Z-00-DX1.D21E6974-22A3-4A68-8B4E-14E84A7A50A5,UCEC,uni2,UNI2,2p5x,10x,-0.29256178373116,10,2.5× → 10×
TCGA-A5-A0R7-01Z-00-DX1.D21E6974-22A3-4A68-8B4E-14E84A7A50A5,UCEC,uni2,UNI2,2p5x,40x,-1.0354955211750576,10,2.5× → 40×
TCGA-A5-A0R7-01Z-00-DX1.D21E6974-22A3-4A68-8B4E-14E84A7A50A5,UCEC,uni2,UNI2,40x,10x,0.20040895848224807,10,40× → 10×
TCGA-A5-A0R7-01Z-00-DX1.D21E6974-22A3-4A68-8B4E-14E84A7A50A5,UCEC,uni2,UNI2,40x,2p5x,0.14773166004649463,10,40× → 2.5×
TCGA-A5-A0R7-01Z-00-DX1.D21E6974-22A3-4A68-8B4E-14E84A7A50A5,UCEC,virchow,Virchow,10x,2p5x,-4.144255122746565,10,10× → 2.5×
TCGA-A5-A0R7-01Z-00-DX1.D21E6974-22A3-4A68-8B4E-14E84A7A50A5,UCEC,virchow,Virchow,10x,40x,-4.975916685954713,10,10× → 40×
TCGA-A5-A0R7-01Z-00-DX1.D21E6974-22A3-4A68-8B4E-14E84A7A50A5,UCEC,virchow,Virchow,2p5x,10x,-4.196212568813992,10,2.5× → 10×
TCGA-A5-A0R7-01Z-00-DX1.D21E6974-22A3-4A68-8B4E-14E84A7A50A5,UCEC,virchow,Virchow,2p5x,40x,-4.852749342280438,10,2.5× → 40×
TCGA-A5-A0R7-01Z-00-DX1.D21E6974-22A3-4A68-8B4E-14E84A7A50A5,UCEC,virchow,Virchow,40x,10x,0.14318509020518683,10,40× → 10×
TCGA-A5-A0R7-01Z-00-DX1.D21E6974-22A3-4A68-8B4E-14E84A7A50A5,UCEC,virchow,Virchow,40x,2p5x,-5.856534624220284,10,40× → 2.5×
TCGA-A5-A0R7-01Z-00-DX1.D21E6974-22A3-4A68-8B4E-14E84A7A50A5,UCEC,virchow2,Virchow2,10x,2p5x,0.00532720531760387,10,10× → 2.5×
TCGA-A5-A0R7-01Z-00-DX1.D21E6974-22A3-4A68-8B4E-14E84A7A50A5,UCEC,virchow2,Virchow2,10x,40x,-1.7050254918118726,10,10× → 40×
TCGA-A5-A0R7-01Z-00-DX1.D21E6974-22A3-4A68-8B4E-14E84A7A50A5,UCEC,virchow2,Virchow2,2p5x,10x,-1.676925552845909,10,2.5× → 10×
TCGA-A5-A0R7-01Z-00-DX1.D21E6974-22A3-4A68-8B4E-14E84A7A50A5,UCEC,virchow2,Virchow2,2p5x,40x,-2.9761374313945628,10,2.5× → 40×
TCGA-A5-A0R7-01Z-00-DX1.D21E6974-22A3-4A68-8B4E-14E84A7A50A5,UCEC,virchow2,Virchow2,40x,10x,0.008984055059826721,10,40× → 10×
TCGA-A5-A0R7-01Z-00-DX1.D21E6974-22A3-4A68-8B4E-14E84A7A50A5,UCEC,virchow2,Virchow2,40x,2p5x,-0.012205531414629,10,40× → 2.5×
TCGA-A7-A2KD-01Z-00-DX1.BFF2DFC8-1D95-4DC2-98FC-5BD7D7C6CDF5,BRCA,gigapath,GigaPath,10x,2p5x,0.0734568928294673,10,10× → 2.5×
TCGA-A7-A2KD-01Z-00-DX1.BFF2DFC8-1D95-4DC2-98FC-5BD7D7C6CDF5,BRCA,gigapath,GigaPath,10x,40x,-0.22193165736401305,10,10× → 40×
TCGA-A7-A2KD-01Z-00-DX1.BFF2DFC8-1D95-4DC2-98FC-5BD7D7C6CDF5,BRCA,gigapath,GigaPath,2p5x,10x,0.5789952748029906,10,2.5× → 10×
TCGA-A7-A2KD-01Z-00-DX1.BFF2DFC8-1D95-4DC2-98FC-5BD7D7C6CDF5,BRCA,gigapath,GigaPath,2p5x,40x,-0.40729521042767536,10,2.5× → 40×
TCGA-A7-A2KD-01Z-00-DX1.BFF2DFC8-1D95-4DC2-98FC-5BD7D7C6CDF5,BRCA,gigapath,GigaPath,40x,10x,-0.9702859959175016,10,40× → 10×
TCGA-A7-A2KD-01Z-00-DX1.BFF2DFC8-1D95-4DC2-98FC-5BD7D7C6CDF5,BRCA,gigapath,GigaPath,40x,2p5x,-0.7837012642863999,10,40× → 2.5×
TCGA-A7-A2KD-01Z-00-DX1.BFF2DFC8-1D95-4DC2-98FC-5BD7D7C6CDF5,BRCA,gigapath_flash,GigaPath-Flash,10x,2p5x,-1.414731415241712,10,10× → 2.5×
TCGA-A7-A2KD-01Z-00-DX1.BFF2DFC8-1D95-4DC2-98FC-5BD7D7C6CDF5,BRCA,gigapath_flash,GigaPath-Flash,10x,40x,-0.5048331859745612,10,10× → 40×
TCGA-A7-A2KD-01Z-00-DX1.BFF2DFC8-1D95-4DC2-98FC-5BD7D7C6CDF5,BRCA,gigapath_flash,GigaPath-Flash,2p5x,10x,1.25506762858592,10,2.5× → 10×
TCGA-A7-A2KD-01Z-00-DX1.BFF2DFC8-1D95-4DC2-98FC-5BD7D7C6CDF5,BRCA,gigapath_flash,GigaPath-Flash,2p5x,40x,-2.585790681980221,10,2.5× → 40×
TCGA-A7-A2KD-01Z-00-DX1.BFF2DFC8-1D95-4DC2-98FC-5BD7D7C6CDF5,BRCA,gigapath_flash,GigaPath-Flash,40x,10x,-7.531143587328036,10,40× → 10×
TCGA-A7-A2KD-01Z-00-DX1.BFF2DFC8-1D95-4DC2-98FC-5BD7D7C6CDF5,BRCA,gigapath_flash,GigaPath-Flash,40x,2p5x,-3.6192366930393263,10,40× → 2.5×
TCGA-A7-A2KD-01Z-00-DX1.BFF2DFC8-1D95-4DC2-98FC-5BD7D7C6CDF5,BRCA,midnight,Midnight,10x,2p5x,-0.27315738522588473,10,10× → 2.5×
TCGA-A7-A2KD-01Z-00-DX1.BFF2DFC8-1D95-4DC2-98FC-5BD7D7C6CDF5,BRCA,midnight,Midnight,10x,40x,-0.7978695660168721,10,10× → 40×
TCGA-A7-A2KD-01Z-00-DX1.BFF2DFC8-1D95-4DC2-98FC-5BD7D7C6CDF5,BRCA,midnight,Midnight,2p5x,10x,-0.6269126152137602,10,2.5× → 10×
TCGA-A7-A2KD-01Z-00-DX1.BFF2DFC8-1D95-4DC2-98FC-5BD7D7C6CDF5,BRCA,midnight,Midnight,2p5x,40x,-0.6895350985950135,10,2.5× → 40×
TCGA-A7-A2KD-01Z-00-DX1.BFF2DFC8-1D95-4DC2-98FC-5BD7D7C6CDF5,BRCA,midnight,Midnight,40x,10x,-1.5669510308532322,10,40× → 10×
TCGA-A7-A2KD-01Z-00-DX1.BFF2DFC8-1D95-4DC2-98FC-5BD7D7C6CDF5,BRCA,midnight,Midnight,40x,2p5x,-1.0864525749629483,10,40× → 2.5×
TCGA-A7-A2KD-01Z-00-DX1.BFF2DFC8-1D95-4DC2-98FC-5BD7D7C6CDF5,BRCA,phikon,Phikon,10x,2p5x,-3.316377931011612,10,10× → 2.5×
TCGA-A7-A2KD-01Z-00-DX1.BFF2DFC8-1D95-4DC2-98FC-5BD7D7C6CDF5,BRCA,phikon,Phikon,10x,40x,-1.4886254285601592,10,10× → 40×
TCGA-A7-A2KD-01Z-00-DX1.BFF2DFC8-1D95-4DC2-98FC-5BD7D7C6CDF5,BRCA,phikon,Phikon,2p5x,10x,-3.1929735177431153,10,2.5× → 10×
TCGA-A7-A2KD-01Z-00-DX1.BFF2DFC8-1D95-4DC2-98FC-5BD7D7C6CDF5,BRCA,phikon,Phikon,2p5x,40x,-6.699791052378288,10,2.5× → 40×
TCGA-A7-A2KD-01Z-00-DX1.BFF2DFC8-1D95-4DC2-98FC-5BD7D7C6CDF5,BRCA,phikon,Phikon,40x,10x,-0.10723219824195027,10,40× → 10×
TCGA-A7-A2KD-01Z-00-DX1.BFF2DFC8-1D95-4DC2-98FC-5BD7D7C6CDF5,BRCA,phikon,Phikon,40x,2p5x,-1.2445261497663795,10,40× → 2.5×
TCGA-A7-A2KD-01Z-00-DX1.BFF2DFC8-1D95-4DC2-98FC-5BD7D7C6CDF5,BRCA,uni,UNI,10x,2p5x,-1.9886542813778008,10,10× → 2.5×
TCGA-A7-A2KD-01Z-00-DX1.BFF2DFC8-1D95-4DC2-98FC-5BD7D7C6CDF5,BRCA,uni,UNI,10x,40x,-1.1018096378213067,10,10× → 40×
TCGA-A7-A2KD-01Z-00-DX1.BFF2DFC8-1D95-4DC2-98FC-5BD7D7C6CDF5,BRCA,uni,UNI,2p5x,10x,-0.17101585918597842,10,2.5× → 10×
TCGA-A7-A2KD-01Z-00-DX1.BFF2DFC8-1D95-4DC2-98FC-5BD7D7C6CDF5,BRCA,uni,UNI,2p5x,40x,-0.0679643823135521,10,2.5× → 40×
TCGA-A7-A2KD-01Z-00-DX1.BFF2DFC8-1D95-4DC2-98FC-5BD7D7C6CDF5,BRCA,uni,UNI,40x,10x,-1.5705294496074862,10,40× → 10×
TCGA-A7-A2KD-01Z-00-DX1.BFF2DFC8-1D95-4DC2-98FC-5BD7D7C6CDF5,BRCA,uni,UNI,40x,2p5x,-2.3830324972152885,10,40× → 2.5×
TCGA-A7-A2KD-01Z-00-DX1.BFF2DFC8-1D95-4DC2-98FC-5BD7D7C6CDF5,BRCA,uni2,UNI2,10x,2p5x,-0.26384922517352016,10,10× → 2.5×
TCGA-A7-A2KD-01Z-00-DX1.BFF2DFC8-1D95-4DC2-98FC-5BD7D7C6CDF5,BRCA,uni2,UNI2,10x,40x,-1.8443036853484167,10,10× → 40×
TCGA-A7-A2KD-01Z-00-DX1.BFF2DFC8-1D95-4DC2-98FC-5BD7D7C6CDF5,BRCA,uni2,UNI2,2p5x,10x,-0.22181955810443638,10,2.5× → 10×
TCGA-A7-A2KD-01Z-00-DX1.BFF2DFC8-1D95-4DC2-98FC-5BD7D7C6CDF5,BRCA,uni2,UNI2,2p5x,40x,-2.5206428962660885,10,2.5× → 40×
TCGA-A7-A2KD-01Z-00-DX1.BFF2DFC8-1D95-4DC2-98FC-5BD7D7C6CDF5,BRCA,uni2,UNI2,40x,10x,-0.7635116961407529,10,40× → 10×
TCGA-A7-A2KD-01Z-00-DX1.BFF2DFC8-1D95-4DC2-98FC-5BD7D7C6CDF5,BRCA,uni2,UNI2,40x,2p5x,-0.30970645835270816,10,40× → 2.5×
TCGA-A7-A2KD-01Z-00-DX1.BFF2DFC8-1D95-4DC2-98FC-5BD7D7C6CDF5,BRCA,virchow,Virchow,10x,2p5x,-2.6987812776800046,10,10× → 2.5×
TCGA-A7-A2KD-01Z-00-DX1.BFF2DFC8-1D95-4DC2-98FC-5BD7D7C6CDF5,BRCA,virchow,Virchow,10x,40x,-0.3583914647383275,10,10× → 40×
TCGA-A7-A2KD-01Z-00-DX1.BFF2DFC8-1D95-4DC2-98FC-5BD7D7C6CDF5,BRCA,virchow,Virchow,2p5x,10x,3.0161926423889573,10,2.5× → 10×
TCGA-A7-A2KD-01Z-00-DX1.BFF2DFC8-1D95-4DC2-98FC-5BD7D7C6CDF5,BRCA,virchow,Virchow,2p5x,40x,1.5212159769077922,10,2.5× → 40×
TCGA-A7-A2KD-01Z-00-DX1.BFF2DFC8-1D95-4DC2-98FC-5BD7D7C6CDF5,BRCA,virchow,Virchow,40x,10x,-4.924774813519621,10,40× → 10×
TCGA-A7-A2KD-01Z-00-DX1.BFF2DFC8-1D95-4DC2-98FC-5BD7D7C6CDF5,BRCA,virchow,Virchow,40x,2p5x,-3.501410816971351,10,40× → 2.5×
TCGA-A7-A2KD-01Z-00-DX1.BFF2DFC8-1D95-4DC2-98FC-5BD7D7C6CDF5,BRCA,virchow2,Virchow2,10x,2p5x,-0.0085644404194858,10,10× → 2.5×
TCGA-A7-A2KD-01Z-00-DX1.BFF2DFC8-1D95-4DC2-98FC-5BD7D7C6CDF5,BRCA,virchow2,Virchow2,10x,40x,-0.5592568022318704,10,10× → 40×
TCGA-A7-A2KD-01Z-00-DX1.BFF2DFC8-1D95-4DC2-98FC-5BD7D7C6CDF5,BRCA,virchow2,Virchow2,2p5x,10x,-0.04350064781254131,10,2.5× → 10×
TCGA-A7-A2KD-01Z-00-DX1.BFF2DFC8-1D95-4DC2-98FC-5BD7D7C6CDF5,BRCA,virchow2,Virchow2,2p5x,40x,-0.8587691138501923,10,2.5× → 40×
TCGA-A7-A2KD-01Z-00-DX1.BFF2DFC8-1D95-4DC2-98FC-5BD7D7C6CDF5,BRCA,virchow2,Virchow2,40x,10x,-0.6604301486320122,10,40× → 10×
TCGA-A7-A2KD-01Z-00-DX1.BFF2DFC8-1D95-4DC2-98FC-5BD7D7C6CDF5,BRCA,virchow2,Virchow2,40x,2p5x,-0.048858590774952464,10,40× → 2.5×
TCGA-AK-3444-01Z-00-DX1.1F0E0B47-29FF-456F-800A-539983FDCFAA,KIRC,gigapath,GigaPath,10x,2p5x,-2.005671066999242,10,10× → 2.5×
TCGA-AK-3444-01Z-00-DX1.1F0E0B47-29FF-456F-800A-539983FDCFAA,KIRC,gigapath,GigaPath,10x,40x,-0.20520166712374008,10,10× → 40×
TCGA-AK-3444-01Z-00-DX1.1F0E0B47-29FF-456F-800A-539983FDCFAA,KIRC,gigapath,GigaPath,2p5x,10x,-3.737345782156025,10,2.5× → 10×
TCGA-AK-3444-01Z-00-DX1.1F0E0B47-29FF-456F-800A-539983FDCFAA,KIRC,gigapath,GigaPath,2p5x,40x,-0.8743474231644506,10,2.5× → 40×
TCGA-AK-3444-01Z-00-DX1.1F0E0B47-29FF-456F-800A-539983FDCFAA,KIRC,gigapath,GigaPath,40x,10x,-1.185001062606299,10,40× → 10×
TCGA-AK-3444-01Z-00-DX1.1F0E0B47-29FF-456F-800A-539983FDCFAA,KIRC,gigapath,GigaPath,40x,2p5x,-3.5014703461384498,10,40× → 2.5×
TCGA-AK-3444-01Z-00-DX1.1F0E0B47-29FF-456F-800A-539983FDCFAA,KIRC,gigapath_flash,GigaPath-Flash,10x,2p5x,-1.8604576389053562,10,10× → 2.5×
TCGA-AK-3444-01Z-00-DX1.1F0E0B47-29FF-456F-800A-539983FDCFAA,KIRC,gigapath_flash,GigaPath-Flash,10x,40x,-0.43779455558070157,10,10× → 40×
TCGA-AK-3444-01Z-00-DX1.1F0E0B47-29FF-456F-800A-539983FDCFAA,KIRC,gigapath_flash,GigaPath-Flash,2p5x,10x,-4.1310858808621775,10,2.5× → 10×
TCGA-AK-3444-01Z-00-DX1.1F0E0B47-29FF-456F-800A-539983FDCFAA,KIRC,gigapath_flash,GigaPath-Flash,2p5x,40x,-2.829291799120937,10,2.5× → 40×
TCGA-AK-3444-01Z-00-DX1.1F0E0B47-29FF-456F-800A-539983FDCFAA,KIRC,gigapath_flash,GigaPath-Flash,40x,10x,-2.366391206593849,10,40× → 10×
TCGA-AK-3444-01Z-00-DX1.1F0E0B47-29FF-456F-800A-539983FDCFAA,KIRC,gigapath_flash,GigaPath-Flash,40x,2p5x,-3.4584803397643507,10,40× → 2.5×
TCGA-AK-3444-01Z-00-DX1.1F0E0B47-29FF-456F-800A-539983FDCFAA,KIRC,midnight,Midnight,10x,2p5x,-0.2742990729660587,10,10× → 2.5×
TCGA-AK-3444-01Z-00-DX1.1F0E0B47-29FF-456F-800A-539983FDCFAA,KIRC,midnight,Midnight,10x,40x,-0.4533101441762499,10,10× → 40×
TCGA-AK-3444-01Z-00-DX1.1F0E0B47-29FF-456F-800A-539983FDCFAA,KIRC,midnight,Midnight,2p5x,10x,-0.46941883391474815,10,2.5× → 10×
TCGA-AK-3444-01Z-00-DX1.1F0E0B47-29FF-456F-800A-539983FDCFAA,KIRC,midnight,Midnight,2p5x,40x,-0.7740239252078027,10,2.5× → 40×
TCGA-AK-3444-01Z-00-DX1.1F0E0B47-29FF-456F-800A-539983FDCFAA,KIRC,midnight,Midnight,40x,10x,-1.1049454924414484,10,40× → 10×
TCGA-AK-3444-01Z-00-DX1.1F0E0B47-29FF-456F-800A-539983FDCFAA,KIRC,midnight,Midnight,40x,2p5x,-0.7211832050101693,10,40× → 2.5×
TCGA-AK-3444-01Z-00-DX1.1F0E0B47-29FF-456F-800A-539983FDCFAA,KIRC,phikon,Phikon,10x,2p5x,-3.6786008250740165,10,10× → 2.5×
TCGA-AK-3444-01Z-00-DX1.1F0E0B47-29FF-456F-800A-539983FDCFAA,KIRC,phikon,Phikon,10x,40x,-0.09667467357048698,10,10× → 40×
TCGA-AK-3444-01Z-00-DX1.1F0E0B47-29FF-456F-800A-539983FDCFAA,KIRC,phikon,Phikon,2p5x,10x,1.4116918206916638,10,2.5× → 10×
TCGA-AK-3444-01Z-00-DX1.1F0E0B47-29FF-456F-800A-539983FDCFAA,KIRC,phikon,Phikon,2p5x,40x,1.8033278014254184,10,2.5× → 40×
TCGA-AK-3444-01Z-00-DX1.1F0E0B47-29FF-456F-800A-539983FDCFAA,KIRC,phikon,Phikon,40x,10x,-1.4329465130119607,10,40× → 10×
TCGA-AK-3444-01Z-00-DX1.1F0E0B47-29FF-456F-800A-539983FDCFAA,KIRC,phikon,Phikon,40x,2p5x,-3.4753885737939187,10,40× → 2.5×
TCGA-AK-3444-01Z-00-DX1.1F0E0B47-29FF-456F-800A-539983FDCFAA,KIRC,uni,UNI,10x,2p5x,-1.191334246469148,10,10× → 2.5×
TCGA-AK-3444-01Z-00-DX1.1F0E0B47-29FF-456F-800A-539983FDCFAA,KIRC,uni,UNI,10x,40x,0.06136559973863752,10,10× → 40×
TCGA-AK-3444-01Z-00-DX1.1F0E0B47-29FF-456F-800A-539983FDCFAA,KIRC,uni,UNI,2p5x,10x,-2.8237080215268318,10,2.5× → 10×
TCGA-AK-3444-01Z-00-DX1.1F0E0B47-29FF-456F-800A-539983FDCFAA,KIRC,uni,UNI,2p5x,40x,-1.4395712971460508,10,2.5× → 40×
TCGA-AK-3444-01Z-00-DX1.1F0E0B47-29FF-456F-800A-539983FDCFAA,KIRC,uni,UNI,40x,10x,-0.7958312581483968,10,40× → 10×
TCGA-AK-3444-01Z-00-DX1.1F0E0B47-29FF-456F-800A-539983FDCFAA,KIRC,uni,UNI,40x,2p5x,-1.2263704490468315,10,40× → 2.5×
TCGA-AK-3444-01Z-00-DX1.1F0E0B47-29FF-456F-800A-539983FDCFAA,KIRC,uni2,UNI2,10x,2p5x,-0.013512447602681079,10,10× → 2.5×
TCGA-AK-3444-01Z-00-DX1.1F0E0B47-29FF-456F-800A-539983FDCFAA,KIRC,uni2,UNI2,10x,40x,-0.0040323850881271005,10,10× → 40×
TCGA-AK-3444-01Z-00-DX1.1F0E0B47-29FF-456F-800A-539983FDCFAA,KIRC,uni2,UNI2,2p5x,10x,-0.041552758837546534,10,2.5× → 10×
TCGA-AK-3444-01Z-00-DX1.1F0E0B47-29FF-456F-800A-539983FDCFAA,KIRC,uni2,UNI2,2p5x,40x,-0.22333106346793064,10,2.5× → 40×
TCGA-AK-3444-01Z-00-DX1.1F0E0B47-29FF-456F-800A-539983FDCFAA,KIRC,uni2,UNI2,40x,10x,0.0010465123474299798,10,40× → 10×
TCGA-AK-3444-01Z-00-DX1.1F0E0B47-29FF-456F-800A-539983FDCFAA,KIRC,uni2,UNI2,40x,2p5x,-0.015566529159528058,10,40× → 2.5×
TCGA-AK-3444-01Z-00-DX1.1F0E0B47-29FF-456F-800A-539983FDCFAA,KIRC,virchow,Virchow,10x,2p5x,-5.491140270467595,10,10× → 2.5×
TCGA-AK-3444-01Z-00-DX1.1F0E0B47-29FF-456F-800A-539983FDCFAA,KIRC,virchow,Virchow,10x,40x,0.005391319326046527,10,10× → 40×
TCGA-AK-3444-01Z-00-DX1.1F0E0B47-29FF-456F-800A-539983FDCFAA,KIRC,virchow,Virchow,2p5x,10x,-5.645717155264515,10,2.5× → 10×
TCGA-AK-3444-01Z-00-DX1.1F0E0B47-29FF-456F-800A-539983FDCFAA,KIRC,virchow,Virchow,2p5x,40x,-3.1619211277267976,10,2.5× → 40×
TCGA-AK-3444-01Z-00-DX1.1F0E0B47-29FF-456F-800A-539983FDCFAA,KIRC,virchow,Virchow,40x,10x,-0.49948160624640836,10,40× → 10×
TCGA-AK-3444-01Z-00-DX1.1F0E0B47-29FF-456F-800A-539983FDCFAA,KIRC,virchow,Virchow,40x,2p5x,-5.288408251554986,10,40× → 2.5×
TCGA-AK-3444-01Z-00-DX1.1F0E0B47-29FF-456F-800A-539983FDCFAA,KIRC,virchow2,Virchow2,10x,2p5x,-1.4196703702534585,10,10× → 2.5×
TCGA-AK-3444-01Z-00-DX1.1F0E0B47-29FF-456F-800A-539983FDCFAA,KIRC,virchow2,Virchow2,10x,40x,0.00049156751215908,10,10× → 40×
TCGA-AK-3444-01Z-00-DX1.1F0E0B47-29FF-456F-800A-539983FDCFAA,KIRC,virchow2,Virchow2,2p5x,10x,0.032066618220469405,10,2.5× → 10×
TCGA-AK-3444-01Z-00-DX1.1F0E0B47-29FF-456F-800A-539983FDCFAA,KIRC,virchow2,Virchow2,2p5x,40x,0.03299589646833216,10,2.5× → 40×
TCGA-AK-3444-01Z-00-DX1.1F0E0B47-29FF-456F-800A-539983FDCFAA,KIRC,virchow2,Virchow2,40x,10x,-0.01573580358071435,10,40× → 10×
TCGA-AK-3444-01Z-00-DX1.1F0E0B47-29FF-456F-800A-539983FDCFAA,KIRC,virchow2,Virchow2,40x,2p5x,-2.012795847475265,10,40× → 2.5×
TCGA-AN-A0G0-01Z-00-DX1.BE0BB5DF-DEDA-48D8-B5D8-2735C767F28F,BRCA,gigapath,GigaPath,10x,2p5x,-1.104598913531341,10,10× → 2.5×
TCGA-AN-A0G0-01Z-00-DX1.BE0BB5DF-DEDA-48D8-B5D8-2735C767F28F,BRCA,gigapath,GigaPath,10x,40x,-0.26607406779054765,10,10× → 40×
TCGA-AN-A0G0-01Z-00-DX1.BE0BB5DF-DEDA-48D8-B5D8-2735C767F28F,BRCA,gigapath,GigaPath,2p5x,10x,-1.9609331999800013,10,2.5× → 10×
TCGA-AN-A0G0-01Z-00-DX1.BE0BB5DF-DEDA-48D8-B5D8-2735C767F28F,BRCA,gigapath,GigaPath,2p5x,40x,-0.48324133986948115,10,2.5× → 40×
TCGA-AN-A0G0-01Z-00-DX1.BE0BB5DF-DEDA-48D8-B5D8-2735C767F28F,BRCA,gigapath,GigaPath,40x,10x,-1.6593609776718785,10,40× → 10×
TCGA-AN-A0G0-01Z-00-DX1.BE0BB5DF-DEDA-48D8-B5D8-2735C767F28F,BRCA,gigapath,GigaPath,40x,2p5x,-3.8501892171538494,10,40× → 2.5×
TCGA-AN-A0G0-01Z-00-DX1.BE0BB5DF-DEDA-48D8-B5D8-2735C767F28F,BRCA,gigapath_flash,GigaPath-Flash,10x,2p5x,-1.7651941332765673,10,10× → 2.5×
TCGA-AN-A0G0-01Z-00-DX1.BE0BB5DF-DEDA-48D8-B5D8-2735C767F28F,BRCA,gigapath_flash,GigaPath-Flash,10x,40x,-0.595928063347021,10,10× → 40×
TCGA-AN-A0G0-01Z-00-DX1.BE0BB5DF-DEDA-48D8-B5D8-2735C767F28F,BRCA,gigapath_flash,GigaPath-Flash,2p5x,10x,0.3813296299516864,10,2.5× → 10×
TCGA-AN-A0G0-01Z-00-DX1.BE0BB5DF-DEDA-48D8-B5D8-2735C767F28F,BRCA,gigapath_flash,GigaPath-Flash,2p5x,40x,-2.671393443280227,10,2.5× → 40×
TCGA-AN-A0G0-01Z-00-DX1.BE0BB5DF-DEDA-48D8-B5D8-2735C767F28F,BRCA,gigapath_flash,GigaPath-Flash,40x,10x,-4.926067333049781,10,40× → 10×
TCGA-AN-A0G0-01Z-00-DX1.BE0BB5DF-DEDA-48D8-B5D8-2735C767F28F,BRCA,gigapath_flash,GigaPath-Flash,40x,2p5x,-5.646734469386843,10,40× → 2.5×
TCGA-AN-A0G0-01Z-00-DX1.BE0BB5DF-DEDA-48D8-B5D8-2735C767F28F,BRCA,midnight,Midnight,10x,2p5x,0.5334630113520292,10,10× → 2.5×
TCGA-AN-A0G0-01Z-00-DX1.BE0BB5DF-DEDA-48D8-B5D8-2735C767F28F,BRCA,midnight,Midnight,10x,40x,0.2880242092893373,10,10× → 40×
TCGA-AN-A0G0-01Z-00-DX1.BE0BB5DF-DEDA-48D8-B5D8-2735C767F28F,BRCA,midnight,Midnight,2p5x,10x,-0.11756207049203007,10,2.5× → 10×
TCGA-AN-A0G0-01Z-00-DX1.BE0BB5DF-DEDA-48D8-B5D8-2735C767F28F,BRCA,midnight,Midnight,2p5x,40x,0.41133175533940686,10,2.5× → 40×
TCGA-AN-A0G0-01Z-00-DX1.BE0BB5DF-DEDA-48D8-B5D8-2735C767F28F,BRCA,midnight,Midnight,40x,10x,-0.49508533322626763,10,40× → 10×
TCGA-AN-A0G0-01Z-00-DX1.BE0BB5DF-DEDA-48D8-B5D8-2735C767F28F,BRCA,midnight,Midnight,40x,2p5x,-0.3785205500165448,10,40× → 2.5×
TCGA-AN-A0G0-01Z-00-DX1.BE0BB5DF-DEDA-48D8-B5D8-2735C767F28F,BRCA,phikon,Phikon,10x,2p5x,-1.7842217153845006,10,10× → 2.5×
TCGA-AN-A0G0-01Z-00-DX1.BE0BB5DF-DEDA-48D8-B5D8-2735C767F28F,BRCA,phikon,Phikon,10x,40x,-1.8760355785882474,10,10× → 40×
TCGA-AN-A0G0-01Z-00-DX1.BE0BB5DF-DEDA-48D8-B5D8-2735C767F28F,BRCA,phikon,Phikon,2p5x,10x,-0.8406705493072415,10,2.5× → 10×
TCGA-AN-A0G0-01Z-00-DX1.BE0BB5DF-DEDA-48D8-B5D8-2735C767F28F,BRCA,phikon,Phikon,2p5x,40x,-4.5135622061853695,10,2.5× → 40×
TCGA-AN-A0G0-01Z-00-DX1.BE0BB5DF-DEDA-48D8-B5D8-2735C767F28F,BRCA,phikon,Phikon,40x,10x,-0.8055817444310078,10,40× → 10×
TCGA-AN-A0G0-01Z-00-DX1.BE0BB5DF-DEDA-48D8-B5D8-2735C767F28F,BRCA,phikon,Phikon,40x,2p5x,-0.7460293587708912,10,40× → 2.5×
TCGA-AN-A0G0-01Z-00-DX1.BE0BB5DF-DEDA-48D8-B5D8-2735C767F28F,BRCA,uni,UNI,10x,2p5x,-1.9892584543191862,10,10× → 2.5×
TCGA-AN-A0G0-01Z-00-DX1.BE0BB5DF-DEDA-48D8-B5D8-2735C767F28F,BRCA,uni,UNI,10x,40x,-1.1343838338121184,10,10× → 40×
TCGA-AN-A0G0-01Z-00-DX1.BE0BB5DF-DEDA-48D8-B5D8-2735C767F28F,BRCA,uni,UNI,2p5x,10x,0.6022151760728361,10,2.5× → 10×
TCGA-AN-A0G0-01Z-00-DX1.BE0BB5DF-DEDA-48D8-B5D8-2735C767F28F,BRCA,uni,UNI,2p5x,40x,0.6994697702831348,10,2.5× → 40×
TCGA-AN-A0G0-01Z-00-DX1.BE0BB5DF-DEDA-48D8-B5D8-2735C767F28F,BRCA,uni,UNI,40x,10x,-1.4807173695975053,10,40× → 10×
TCGA-AN-A0G0-01Z-00-DX1.BE0BB5DF-DEDA-48D8-B5D8-2735C767F28F,BRCA,uni,UNI,40x,2p5x,-3.077309445020933,10,40× → 2.5×
TCGA-AN-A0G0-01Z-00-DX1.BE0BB5DF-DEDA-48D8-B5D8-2735C767F28F,BRCA,uni2,UNI2,10x,2p5x,-1.7342401790199653,10,10× → 2.5×
TCGA-AN-A0G0-01Z-00-DX1.BE0BB5DF-DEDA-48D8-B5D8-2735C767F28F,BRCA,uni2,UNI2,10x,40x,-1.3817672043843874,10,10× → 40×
TCGA-AN-A0G0-01Z-00-DX1.BE0BB5DF-DEDA-48D8-B5D8-2735C767F28F,BRCA,uni2,UNI2,2p5x,10x,0.7763540786196654,10,2.5× → 10×
TCGA-AN-A0G0-01Z-00-DX1.BE0BB5DF-DEDA-48D8-B5D8-2735C767F28F,BRCA,uni2,UNI2,2p5x,40x,-0.7749940296956817,10,2.5× → 40×
TCGA-AN-A0G0-01Z-00-DX1.BE0BB5DF-DEDA-48D8-B5D8-2735C767F28F,BRCA,uni2,UNI2,40x,10x,-1.0865827185426524,10,40× → 10×
TCGA-AN-A0G0-01Z-00-DX1.BE0BB5DF-DEDA-48D8-B5D8-2735C767F28F,BRCA,uni2,UNI2,40x,2p5x,-2.6184498928436106,10,40× → 2.5×
TCGA-AN-A0G0-01Z-00-DX1.BE0BB5DF-DEDA-48D8-B5D8-2735C767F28F,BRCA,virchow,Virchow,10x,2p5x,-4.531917190729282,10,10× → 2.5×
TCGA-AN-A0G0-01Z-00-DX1.BE0BB5DF-DEDA-48D8-B5D8-2735C767F28F,BRCA,virchow,Virchow,10x,40x,0.65398696816656,10,10× → 40×
TCGA-AN-A0G0-01Z-00-DX1.BE0BB5DF-DEDA-48D8-B5D8-2735C767F28F,BRCA,virchow,Virchow,2p5x,10x,0.7125476283115988,10,2.5× → 10×
TCGA-AN-A0G0-01Z-00-DX1.BE0BB5DF-DEDA-48D8-B5D8-2735C767F28F,BRCA,virchow,Virchow,2p5x,40x,0.393557885604369,10,2.5× → 40×
TCGA-AN-A0G0-01Z-00-DX1.BE0BB5DF-DEDA-48D8-B5D8-2735C767F28F,BRCA,virchow,Virchow,40x,10x,-5.456522442126192,10,40× → 10×
TCGA-AN-A0G0-01Z-00-DX1.BE0BB5DF-DEDA-48D8-B5D8-2735C767F28F,BRCA,virchow,Virchow,40x,2p5x,-11.078157163567223,10,40× → 2.5×
TCGA-AN-A0G0-01Z-00-DX1.BE0BB5DF-DEDA-48D8-B5D8-2735C767F28F,BRCA,virchow2,Virchow2,10x,2p5x,-0.7593115404018353,10,10× → 2.5×
TCGA-AN-A0G0-01Z-00-DX1.BE0BB5DF-DEDA-48D8-B5D8-2735C767F28F,BRCA,virchow2,Virchow2,10x,40x,-0.3246157878601111,10,10× → 40×
TCGA-AN-A0G0-01Z-00-DX1.BE0BB5DF-DEDA-48D8-B5D8-2735C767F28F,BRCA,virchow2,Virchow2,2p5x,10x,0.664944201324787,10,2.5× → 10×
TCGA-AN-A0G0-01Z-00-DX1.BE0BB5DF-DEDA-48D8-B5D8-2735C767F28F,BRCA,virchow2,Virchow2,2p5x,40x,-0.3973458296245592,10,2.5× → 40×
TCGA-AN-A0G0-01Z-00-DX1.BE0BB5DF-DEDA-48D8-B5D8-2735C767F28F,BRCA,virchow2,Virchow2,40x,10x,-1.7752039924339365,10,40× → 10×
TCGA-AN-A0G0-01Z-00-DX1.BE0BB5DF-DEDA-48D8-B5D8-2735C767F28F,BRCA,virchow2,Virchow2,40x,2p5x,-3.0883220100004563,10,40× → 2.5×
TCGA-AQ-A04L-01Z-00-DX1.F35BF4DD-896A-43C2-8DA6-C67945C003BE,BRCA,gigapath,GigaPath,10x,2p5x,-2.6186469887295063,10,10× → 2.5×
TCGA-AQ-A04L-01Z-00-DX1.F35BF4DD-896A-43C2-8DA6-C67945C003BE,BRCA,gigapath,GigaPath,10x,40x,0.3823422171829681,10,10× → 40×
TCGA-AQ-A04L-01Z-00-DX1.F35BF4DD-896A-43C2-8DA6-C67945C003BE,BRCA,gigapath,GigaPath,2p5x,10x,-1.2006931123392541,10,2.5× → 10×
TCGA-AQ-A04L-01Z-00-DX1.F35BF4DD-896A-43C2-8DA6-C67945C003BE,BRCA,gigapath,GigaPath,2p5x,40x,-2.0458823424284303,10,2.5× → 40×
TCGA-AQ-A04L-01Z-00-DX1.F35BF4DD-896A-43C2-8DA6-C67945C003BE,BRCA,gigapath,GigaPath,40x,10x,-4.21735705775683,10,40× → 10×
TCGA-AQ-A04L-01Z-00-DX1.F35BF4DD-896A-43C2-8DA6-C67945C003BE,BRCA,gigapath,GigaPath,40x,2p5x,-5.585625152677286,10,40× → 2.5×
TCGA-AQ-A04L-01Z-00-DX1.F35BF4DD-896A-43C2-8DA6-C67945C003BE,BRCA,gigapath_flash,GigaPath-Flash,10x,2p5x,-3.4521926763795556,10,10× → 2.5×
TCGA-AQ-A04L-01Z-00-DX1.F35BF4DD-896A-43C2-8DA6-C67945C003BE,BRCA,gigapath_flash,GigaPath-Flash,10x,40x,0.6612952806976693,10,10× → 40×
TCGA-AQ-A04L-01Z-00-DX1.F35BF4DD-896A-43C2-8DA6-C67945C003BE,BRCA,gigapath_flash,GigaPath-Flash,2p5x,10x,-0.36099746401806837,10,2.5× → 10×
TCGA-AQ-A04L-01Z-00-DX1.F35BF4DD-896A-43C2-8DA6-C67945C003BE,BRCA,gigapath_flash,GigaPath-Flash,2p5x,40x,-3.126139934410502,10,2.5× → 40×
TCGA-AQ-A04L-01Z-00-DX1.F35BF4DD-896A-43C2-8DA6-C67945C003BE,BRCA,gigapath_flash,GigaPath-Flash,40x,10x,-1.6291447735586004,10,40× → 10×
TCGA-AQ-A04L-01Z-00-DX1.F35BF4DD-896A-43C2-8DA6-C67945C003BE,BRCA,gigapath_flash,GigaPath-Flash,40x,2p5x,-5.9362024442383206,10,40× → 2.5×
TCGA-AQ-A04L-01Z-00-DX1.F35BF4DD-896A-43C2-8DA6-C67945C003BE,BRCA,midnight,Midnight,10x,2p5x,-0.14337137870763852,10,10× → 2.5×
TCGA-AQ-A04L-01Z-00-DX1.F35BF4DD-896A-43C2-8DA6-C67945C003BE,BRCA,midnight,Midnight,10x,40x,-0.22057977453088343,10,10× → 40×
TCGA-AQ-A04L-01Z-00-DX1.F35BF4DD-896A-43C2-8DA6-C67945C003BE,BRCA,midnight,Midnight,2p5x,10x,-0.12883760714371098,10,2.5× → 10×
TCGA-AQ-A04L-01Z-00-DX1.F35BF4DD-896A-43C2-8DA6-C67945C003BE,BRCA,midnight,Midnight,2p5x,40x,-0.3605525637806842,10,2.5× → 40×
TCGA-AQ-A04L-01Z-00-DX1.F35BF4DD-896A-43C2-8DA6-C67945C003BE,BRCA,midnight,Midnight,40x,10x,-0.42929221137981033,10,40× → 10×
TCGA-AQ-A04L-01Z-00-DX1.F35BF4DD-896A-43C2-8DA6-C67945C003BE,BRCA,midnight,Midnight,40x,2p5x,-0.9787096891959017,10,40× → 2.5×
TCGA-AQ-A04L-01Z-00-DX1.F35BF4DD-896A-43C2-8DA6-C67945C003BE,BRCA,phikon,Phikon,10x,2p5x,-2.7386818203838255,10,10× → 2.5×
TCGA-AQ-A04L-01Z-00-DX1.F35BF4DD-896A-43C2-8DA6-C67945C003BE,BRCA,phikon,Phikon,10x,40x,-1.5085431390342834,10,10× → 40×
TCGA-AQ-A04L-01Z-00-DX1.F35BF4DD-896A-43C2-8DA6-C67945C003BE,BRCA,phikon,Phikon,2p5x,10x,-3.7412707294009864,10,2.5× → 10×
TCGA-AQ-A04L-01Z-00-DX1.F35BF4DD-896A-43C2-8DA6-C67945C003BE,BRCA,phikon,Phikon,2p5x,40x,-7.576612076735844,10,2.5× → 40×
TCGA-AQ-A04L-01Z-00-DX1.F35BF4DD-896A-43C2-8DA6-C67945C003BE,BRCA,phikon,Phikon,40x,10x,-0.09554655674755178,10,40× → 10×
TCGA-AQ-A04L-01Z-00-DX1.F35BF4DD-896A-43C2-8DA6-C67945C003BE,BRCA,phikon,Phikon,40x,2p5x,-2.930326176985348,10,40× → 2.5×
TCGA-AQ-A04L-01Z-00-DX1.F35BF4DD-896A-43C2-8DA6-C67945C003BE,BRCA,uni,UNI,10x,2p5x,-1.9274702043310754,10,10× → 2.5×
TCGA-AQ-A04L-01Z-00-DX1.F35BF4DD-896A-43C2-8DA6-C67945C003BE,BRCA,uni,UNI,10x,40x,-1.5965862436531852,10,10× → 40×
TCGA-AQ-A04L-01Z-00-DX1.F35BF4DD-896A-43C2-8DA6-C67945C003BE,BRCA,uni,UNI,2p5x,10x,-2.0083581839834777,10,2.5× → 10×
TCGA-AQ-A04L-01Z-00-DX1.F35BF4DD-896A-43C2-8DA6-C67945C003BE,BRCA,uni,UNI,2p5x,40x,-1.1278832295923036,10,2.5× → 40×
TCGA-AQ-A04L-01Z-00-DX1.F35BF4DD-896A-43C2-8DA6-C67945C003BE,BRCA,uni,UNI,40x,10x,-1.6124549130069936,10,40× → 10×
TCGA-AQ-A04L-01Z-00-DX1.F35BF4DD-896A-43C2-8DA6-C67945C003BE,BRCA,uni,UNI,40x,2p5x,-3.894893728360632,10,40× → 2.5×
TCGA-AQ-A04L-01Z-00-DX1.F35BF4DD-896A-43C2-8DA6-C67945C003BE,BRCA,uni2,UNI2,10x,2p5x,-0.09475632023010785,10,10× → 2.5×
TCGA-AQ-A04L-01Z-00-DX1.F35BF4DD-896A-43C2-8DA6-C67945C003BE,BRCA,uni2,UNI2,10x,40x,-0.27193093817423913,10,10× → 40×
TCGA-AQ-A04L-01Z-00-DX1.F35BF4DD-896A-43C2-8DA6-C67945C003BE,BRCA,uni2,UNI2,2p5x,10x,-0.04619584866967646,10,2.5× → 10×
TCGA-AQ-A04L-01Z-00-DX1.F35BF4DD-896A-43C2-8DA6-C67945C003BE,BRCA,uni2,UNI2,2p5x,40x,-0.9431261837835017,10,2.5× → 40×
TCGA-AQ-A04L-01Z-00-DX1.F35BF4DD-896A-43C2-8DA6-C67945C003BE,BRCA,uni2,UNI2,40x,10x,0.2889253802098036,10,40× → 10×
TCGA-AQ-A04L-01Z-00-DX1.F35BF4DD-896A-43C2-8DA6-C67945C003BE,BRCA,uni2,UNI2,40x,2p5x,-0.37605787537287594,10,40× → 2.5×
TCGA-AQ-A04L-01Z-00-DX1.F35BF4DD-896A-43C2-8DA6-C67945C003BE,BRCA,virchow,Virchow,10x,2p5x,-2.155811782293528,10,10× → 2.5×
TCGA-AQ-A04L-01Z-00-DX1.F35BF4DD-896A-43C2-8DA6-C67945C003BE,BRCA,virchow,Virchow,10x,40x,-2.230022566047259,10,10× → 40×
TCGA-AQ-A04L-01Z-00-DX1.F35BF4DD-896A-43C2-8DA6-C67945C003BE,BRCA,virchow,Virchow,2p5x,10x,-0.12096742178669836,10,2.5× → 10×
TCGA-AQ-A04L-01Z-00-DX1.F35BF4DD-896A-43C2-8DA6-C67945C003BE,BRCA,virchow,Virchow,2p5x,40x,-0.7224281607755223,10,2.5× → 40×
TCGA-AQ-A04L-01Z-00-DX1.F35BF4DD-896A-43C2-8DA6-C67945C003BE,BRCA,virchow,Virchow,40x,10x,-0.3682005886224371,10,40× → 10×
TCGA-AQ-A04L-01Z-00-DX1.F35BF4DD-896A-43C2-8DA6-C67945C003BE,BRCA,virchow,Virchow,40x,2p5x,-6.099597537667487,10,40× → 2.5×
TCGA-AQ-A04L-01Z-00-DX1.F35BF4DD-896A-43C2-8DA6-C67945C003BE,BRCA,virchow2,Virchow2,10x,2p5x,-0.025637800499052583,10,10× → 2.5×
TCGA-AQ-A04L-01Z-00-DX1.F35BF4DD-896A-43C2-8DA6-C67945C003BE,BRCA,virchow2,Virchow2,10x,40x,-1.5799256511741073,10,10× → 40×
TCGA-AQ-A04L-01Z-00-DX1.F35BF4DD-896A-43C2-8DA6-C67945C003BE,BRCA,virchow2,Virchow2,2p5x,10x,-0.02831289238271979,10,2.5× → 10×
TCGA-AQ-A04L-01Z-00-DX1.F35BF4DD-896A-43C2-8DA6-C67945C003BE,BRCA,virchow2,Virchow2,2p5x,40x,-1.4848206159493214,10,2.5× → 40×
TCGA-AQ-A04L-01Z-00-DX1.F35BF4DD-896A-43C2-8DA6-C67945C003BE,BRCA,virchow2,Virchow2,40x,10x,0.03162774237183369,10,40× → 10×
TCGA-AQ-A04L-01Z-00-DX1.F35BF4DD-896A-43C2-8DA6-C67945C003BE,BRCA,virchow2,Virchow2,40x,2p5x,-0.43367071609740704,10,40× → 2.5×
TCGA-AR-A2LK-01Z-00-DX1.FBD59C38-CD4E-4C22-BC74-A57C192A9BBC,BRCA,gigapath,GigaPath,10x,2p5x,-1.867813689060375,10,10× → 2.5×
TCGA-AR-A2LK-01Z-00-DX1.FBD59C38-CD4E-4C22-BC74-A57C192A9BBC,BRCA,gigapath,GigaPath,10x,40x,-0.10834869001799516,10,10× → 40×
TCGA-AR-A2LK-01Z-00-DX1.FBD59C38-CD4E-4C22-BC74-A57C192A9BBC,BRCA,gigapath,GigaPath,2p5x,10x,0.14126095889908535,10,2.5× → 10×
TCGA-AR-A2LK-01Z-00-DX1.FBD59C38-CD4E-4C22-BC74-A57C192A9BBC,BRCA,gigapath,GigaPath,2p5x,40x,-0.2989229330931553,10,2.5× → 40×
TCGA-AR-A2LK-01Z-00-DX1.FBD59C38-CD4E-4C22-BC74-A57C192A9BBC,BRCA,gigapath,GigaPath,40x,10x,-1.4250114452961622,10,40× → 10×
TCGA-AR-A2LK-01Z-00-DX1.FBD59C38-CD4E-4C22-BC74-A57C192A9BBC,BRCA,gigapath,GigaPath,40x,2p5x,-5.2409773417455465,10,40× → 2.5×
TCGA-AR-A2LK-01Z-00-DX1.FBD59C38-CD4E-4C22-BC74-A57C192A9BBC,BRCA,gigapath_flash,GigaPath-Flash,10x,2p5x,-2.9116572987896583,10,10× → 2.5×
TCGA-AR-A2LK-01Z-00-DX1.FBD59C38-CD4E-4C22-BC74-A57C192A9BBC,BRCA,gigapath_flash,GigaPath-Flash,10x,40x,-0.32141285216229176,10,10× → 40×
TCGA-AR-A2LK-01Z-00-DX1.FBD59C38-CD4E-4C22-BC74-A57C192A9BBC,BRCA,gigapath_flash,GigaPath-Flash,2p5x,10x,0.19302860051077828,10,2.5× → 10×
TCGA-AR-A2LK-01Z-00-DX1.FBD59C38-CD4E-4C22-BC74-A57C192A9BBC,BRCA,gigapath_flash,GigaPath-Flash,2p5x,40x,-2.137320360245009,10,2.5× → 40×
TCGA-AR-A2LK-01Z-00-DX1.FBD59C38-CD4E-4C22-BC74-A57C192A9BBC,BRCA,gigapath_flash,GigaPath-Flash,40x,10x,-3.3738022329805823,10,40× → 10×
TCGA-AR-A2LK-01Z-00-DX1.FBD59C38-CD4E-4C22-BC74-A57C192A9BBC,BRCA,gigapath_flash,GigaPath-Flash,40x,2p5x,-6.964861348432285,10,40× → 2.5×
TCGA-AR-A2LK-01Z-00-DX1.FBD59C38-CD4E-4C22-BC74-A57C192A9BBC,BRCA,midnight,Midnight,10x,2p5x,-0.11265482425892634,10,10× → 2.5×
TCGA-AR-A2LK-01Z-00-DX1.FBD59C38-CD4E-4C22-BC74-A57C192A9BBC,BRCA,midnight,Midnight,10x,40x,-0.04951871144725953,10,10× → 40×
TCGA-AR-A2LK-01Z-00-DX1.FBD59C38-CD4E-4C22-BC74-A57C192A9BBC,BRCA,midnight,Midnight,2p5x,10x,-0.09046711181388492,10,2.5× → 10×
TCGA-AR-A2LK-01Z-00-DX1.FBD59C38-CD4E-4C22-BC74-A57C192A9BBC,BRCA,midnight,Midnight,2p5x,40x,-0.1877006234262252,10,2.5× → 40×
TCGA-AR-A2LK-01Z-00-DX1.FBD59C38-CD4E-4C22-BC74-A57C192A9BBC,BRCA,midnight,Midnight,40x,10x,-0.31873097521785515,10,40× → 10×
TCGA-AR-A2LK-01Z-00-DX1.FBD59C38-CD4E-4C22-BC74-A57C192A9BBC,BRCA,midnight,Midnight,40x,2p5x,-0.9609842592419009,10,40× → 2.5×
TCGA-AR-A2LK-01Z-00-DX1.FBD59C38-CD4E-4C22-BC74-A57C192A9BBC,BRCA,phikon,Phikon,10x,2p5x,-3.278319507128864,10,10× → 2.5×
TCGA-AR-A2LK-01Z-00-DX1.FBD59C38-CD4E-4C22-BC74-A57C192A9BBC,BRCA,phikon,Phikon,10x,40x,-0.3052159488811395,10,10× → 40×
TCGA-AR-A2LK-01Z-00-DX1.FBD59C38-CD4E-4C22-BC74-A57C192A9BBC,BRCA,phikon,Phikon,2p5x,10x,-0.3577339207429451,10,2.5× → 10×
TCGA-AR-A2LK-01Z-00-DX1.FBD59C38-CD4E-4C22-BC74-A57C192A9BBC,BRCA,phikon,Phikon,2p5x,40x,-2.987967987194913,10,2.5× → 40×
TCGA-AR-A2LK-01Z-00-DX1.FBD59C38-CD4E-4C22-BC74-A57C192A9BBC,BRCA,phikon,Phikon,40x,10x,-0.3147621292426638,10,40× → 10×
TCGA-AR-A2LK-01Z-00-DX1.FBD59C38-CD4E-4C22-BC74-A57C192A9BBC,BRCA,phikon,Phikon,40x,2p5x,-3.3950614383474447,10,40× → 2.5×
TCGA-AR-A2LK-01Z-00-DX1.FBD59C38-CD4E-4C22-BC74-A57C192A9BBC,BRCA,uni,UNI,10x,2p5x,-2.5563920686296604,10,10× → 2.5×
TCGA-AR-A2LK-01Z-00-DX1.FBD59C38-CD4E-4C22-BC74-A57C192A9BBC,BRCA,uni,UNI,10x,40x,-0.09645763454779707,10,10× → 40×
TCGA-AR-A2LK-01Z-00-DX1.FBD59C38-CD4E-4C22-BC74-A57C192A9BBC,BRCA,uni,UNI,2p5x,10x,0.27648273273516794,10,2.5× → 10×
TCGA-AR-A2LK-01Z-00-DX1.FBD59C38-CD4E-4C22-BC74-A57C192A9BBC,BRCA,uni,UNI,2p5x,40x,0.1940915322064221,10,2.5× → 40×
TCGA-AR-A2LK-01Z-00-DX1.FBD59C38-CD4E-4C22-BC74-A57C192A9BBC,BRCA,uni,UNI,40x,10x,-0.2153382497152616,10,40× → 10×
TCGA-AR-A2LK-01Z-00-DX1.FBD59C38-CD4E-4C22-BC74-A57C192A9BBC,BRCA,uni,UNI,40x,2p5x,-3.4683338362827643,10,40× → 2.5×
TCGA-AR-A2LK-01Z-00-DX1.FBD59C38-CD4E-4C22-BC74-A57C192A9BBC,BRCA,uni2,UNI2,10x,2p5x,-0.370596539569607,10,10× → 2.5×
TCGA-AR-A2LK-01Z-00-DX1.FBD59C38-CD4E-4C22-BC74-A57C192A9BBC,BRCA,uni2,UNI2,10x,40x,-0.860735258570327,10,10× → 40×
TCGA-AR-A2LK-01Z-00-DX1.FBD59C38-CD4E-4C22-BC74-A57C192A9BBC,BRCA,uni2,UNI2,2p5x,10x,-0.0030902360154861997,10,2.5× → 10×
TCGA-AR-A2LK-01Z-00-DX1.FBD59C38-CD4E-4C22-BC74-A57C192A9BBC,BRCA,uni2,UNI2,2p5x,40x,-1.3735923454834138,10,2.5× → 40×
TCGA-AR-A2LK-01Z-00-DX1.FBD59C38-CD4E-4C22-BC74-A57C192A9BBC,BRCA,uni2,UNI2,40x,10x,-0.09448546924858074,10,40× → 10×
TCGA-AR-A2LK-01Z-00-DX1.FBD59C38-CD4E-4C22-BC74-A57C192A9BBC,BRCA,uni2,UNI2,40x,2p5x,-0.9388592872526639,10,40× → 2.5×
TCGA-AR-A2LK-01Z-00-DX1.FBD59C38-CD4E-4C22-BC74-A57C192A9BBC,BRCA,virchow,Virchow,10x,2p5x,-5.736685418424922,10,10× → 2.5×
TCGA-AR-A2LK-01Z-00-DX1.FBD59C38-CD4E-4C22-BC74-A57C192A9BBC,BRCA,virchow,Virchow,10x,40x,0.0013985075381760799,10,10× → 40×
TCGA-AR-A2LK-01Z-00-DX1.FBD59C38-CD4E-4C22-BC74-A57C192A9BBC,BRCA,virchow,Virchow,2p5x,10x,0.31895784661825055,10,2.5× → 10×
TCGA-AR-A2LK-01Z-00-DX1.FBD59C38-CD4E-4C22-BC74-A57C192A9BBC,BRCA,virchow,Virchow,2p5x,40x,0.27670316481356305,10,2.5× → 40×
TCGA-AR-A2LK-01Z-00-DX1.FBD59C38-CD4E-4C22-BC74-A57C192A9BBC,BRCA,virchow,Virchow,40x,10x,-2.4412260268139065,10,40× → 10×
TCGA-AR-A2LK-01Z-00-DX1.FBD59C38-CD4E-4C22-BC74-A57C192A9BBC,BRCA,virchow,Virchow,40x,2p5x,-8.607835016248668,10,40× → 2.5×
TCGA-AR-A2LK-01Z-00-DX1.FBD59C38-CD4E-4C22-BC74-A57C192A9BBC,BRCA,virchow2,Virchow2,10x,2p5x,-0.15070129708745833,10,10× → 2.5×
TCGA-AR-A2LK-01Z-00-DX1.FBD59C38-CD4E-4C22-BC74-A57C192A9BBC,BRCA,virchow2,Virchow2,10x,40x,-0.01188389772263121,10,10× → 40×
TCGA-AR-A2LK-01Z-00-DX1.FBD59C38-CD4E-4C22-BC74-A57C192A9BBC,BRCA,virchow2,Virchow2,2p5x,10x,0.00890475095889164,10,2.5× → 10×
TCGA-AR-A2LK-01Z-00-DX1.FBD59C38-CD4E-4C22-BC74-A57C192A9BBC,BRCA,virchow2,Virchow2,2p5x,40x,-0.02167262674069043,10,2.5× → 40×
TCGA-AR-A2LK-01Z-00-DX1.FBD59C38-CD4E-4C22-BC74-A57C192A9BBC,BRCA,virchow2,Virchow2,40x,10x,-0.1448531930336044,10,40× → 10×
TCGA-AR-A2LK-01Z-00-DX1.FBD59C38-CD4E-4C22-BC74-A57C192A9BBC,BRCA,virchow2,Virchow2,40x,2p5x,-1.4129940980530036,10,40× → 2.5×
TCGA-AR-A5QM-01Z-00-DX1.A9017CED-FF57-4090-95B9-94DC91854347,BRCA,gigapath,GigaPath,10x,2p5x,-1.8042557603584701,10,10× → 2.5×
TCGA-AR-A5QM-01Z-00-DX1.A9017CED-FF57-4090-95B9-94DC91854347,BRCA,gigapath,GigaPath,10x,40x,-0.04440225000503814,10,10× → 40×
TCGA-AR-A5QM-01Z-00-DX1.A9017CED-FF57-4090-95B9-94DC91854347,BRCA,gigapath,GigaPath,2p5x,10x,0.00221681832717882,10,2.5× → 10×
TCGA-AR-A5QM-01Z-00-DX1.A9017CED-FF57-4090-95B9-94DC91854347,BRCA,gigapath,GigaPath,2p5x,40x,-0.9383011803550485,10,2.5× → 40×
TCGA-AR-A5QM-01Z-00-DX1.A9017CED-FF57-4090-95B9-94DC91854347,BRCA,gigapath,GigaPath,40x,10x,-1.9634196040854994,10,40× → 10×
TCGA-AR-A5QM-01Z-00-DX1.A9017CED-FF57-4090-95B9-94DC91854347,BRCA,gigapath,GigaPath,40x,2p5x,-5.129922620131272,10,40× → 2.5×
TCGA-AR-A5QM-01Z-00-DX1.A9017CED-FF57-4090-95B9-94DC91854347,BRCA,gigapath_flash,GigaPath-Flash,10x,2p5x,-3.4581920628339007,10,10× → 2.5×
TCGA-AR-A5QM-01Z-00-DX1.A9017CED-FF57-4090-95B9-94DC91854347,BRCA,gigapath_flash,GigaPath-Flash,10x,40x,-0.08221914213534033,10,10× → 40×
TCGA-AR-A5QM-01Z-00-DX1.A9017CED-FF57-4090-95B9-94DC91854347,BRCA,gigapath_flash,GigaPath-Flash,2p5x,10x,0.06707066546644604,10,2.5× → 10×
TCGA-AR-A5QM-01Z-00-DX1.A9017CED-FF57-4090-95B9-94DC91854347,BRCA,gigapath_flash,GigaPath-Flash,2p5x,40x,-4.39651709963062,10,2.5× → 40×
TCGA-AR-A5QM-01Z-00-DX1.A9017CED-FF57-4090-95B9-94DC91854347,BRCA,gigapath_flash,GigaPath-Flash,40x,10x,-1.7414807106625214,10,40× → 10×
TCGA-AR-A5QM-01Z-00-DX1.A9017CED-FF57-4090-95B9-94DC91854347,BRCA,gigapath_flash,GigaPath-Flash,40x,2p5x,-6.510004921839834,10,40× → 2.5×
TCGA-AR-A5QM-01Z-00-DX1.A9017CED-FF57-4090-95B9-94DC91854347,BRCA,midnight,Midnight,10x,2p5x,-0.1729014189517448,10,10× → 2.5×
TCGA-AR-A5QM-01Z-00-DX1.A9017CED-FF57-4090-95B9-94DC91854347,BRCA,midnight,Midnight,10x,40x,-0.08194227260971702,10,10× → 40×
TCGA-AR-A5QM-01Z-00-DX1.A9017CED-FF57-4090-95B9-94DC91854347,BRCA,midnight,Midnight,2p5x,10x,-0.10083225601401606,10,2.5× → 10×
TCGA-AR-A5QM-01Z-00-DX1.A9017CED-FF57-4090-95B9-94DC91854347,BRCA,midnight,Midnight,2p5x,40x,-0.25642020082729466,10,2.5× → 40×
TCGA-AR-A5QM-01Z-00-DX1.A9017CED-FF57-4090-95B9-94DC91854347,BRCA,midnight,Midnight,40x,10x,-0.49529919167233477,10,40× → 10×
TCGA-AR-A5QM-01Z-00-DX1.A9017CED-FF57-4090-95B9-94DC91854347,BRCA,midnight,Midnight,40x,2p5x,-1.2748753440014648,10,40× → 2.5×
TCGA-AR-A5QM-01Z-00-DX1.A9017CED-FF57-4090-95B9-94DC91854347,BRCA,phikon,Phikon,10x,2p5x,-2.383598585896798,10,10× → 2.5×
TCGA-AR-A5QM-01Z-00-DX1.A9017CED-FF57-4090-95B9-94DC91854347,BRCA,phikon,Phikon,10x,40x,-0.5105497640485364,10,10× → 40×
TCGA-AR-A5QM-01Z-00-DX1.A9017CED-FF57-4090-95B9-94DC91854347,BRCA,phikon,Phikon,2p5x,10x,-0.27680662014688384,10,2.5× → 10×
TCGA-AR-A5QM-01Z-00-DX1.A9017CED-FF57-4090-95B9-94DC91854347,BRCA,phikon,Phikon,2p5x,40x,-3.884551426468478,10,2.5× → 40×
TCGA-AR-A5QM-01Z-00-DX1.A9017CED-FF57-4090-95B9-94DC91854347,BRCA,phikon,Phikon,40x,10x,-0.18202522351606495,10,40× → 10×
TCGA-AR-A5QM-01Z-00-DX1.A9017CED-FF57-4090-95B9-94DC91854347,BRCA,phikon,Phikon,40x,2p5x,-2.613303595826897,10,40× → 2.5×
TCGA-AR-A5QM-01Z-00-DX1.A9017CED-FF57-4090-95B9-94DC91854347,BRCA,uni,UNI,10x,2p5x,-1.920827498408355,10,10× → 2.5×
TCGA-AR-A5QM-01Z-00-DX1.A9017CED-FF57-4090-95B9-94DC91854347,BRCA,uni,UNI,10x,40x,-0.2362721425586582,10,10× → 40×
TCGA-AR-A5QM-01Z-00-DX1.A9017CED-FF57-4090-95B9-94DC91854347,BRCA,uni,UNI,2p5x,10x,-0.01415674279605669,10,2.5× → 10×
TCGA-AR-A5QM-01Z-00-DX1.A9017CED-FF57-4090-95B9-94DC91854347,BRCA,uni,UNI,2p5x,40x,-0.10571657336262463,10,2.5× → 40×
TCGA-AR-A5QM-01Z-00-DX1.A9017CED-FF57-4090-95B9-94DC91854347,BRCA,uni,UNI,40x,10x,-0.14339143865047654,10,40× → 10×
TCGA-AR-A5QM-01Z-00-DX1.A9017CED-FF57-4090-95B9-94DC91854347,BRCA,uni,UNI,40x,2p5x,-3.1976113289991095,10,40× → 2.5×
TCGA-AR-A5QM-01Z-00-DX1.A9017CED-FF57-4090-95B9-94DC91854347,BRCA,uni2,UNI2,10x,2p5x,-0.1624526917446568,10,10× → 2.5×
TCGA-AR-A5QM-01Z-00-DX1.A9017CED-FF57-4090-95B9-94DC91854347,BRCA,uni2,UNI2,10x,40x,-0.9578483519554016,10,10× → 40×
TCGA-AR-A5QM-01Z-00-DX1.A9017CED-FF57-4090-95B9-94DC91854347,BRCA,uni2,UNI2,2p5x,10x,-0.03257895439253727,10,2.5× → 10×
TCGA-AR-A5QM-01Z-00-DX1.A9017CED-FF57-4090-95B9-94DC91854347,BRCA,uni2,UNI2,2p5x,40x,-2.2417017598465003,10,2.5× → 40×
TCGA-AR-A5QM-01Z-00-DX1.A9017CED-FF57-4090-95B9-94DC91854347,BRCA,uni2,UNI2,40x,10x,-0.10867868295848992,10,40× → 10×
TCGA-AR-A5QM-01Z-00-DX1.A9017CED-FF57-4090-95B9-94DC91854347,BRCA,uni2,UNI2,40x,2p5x,-0.676085029590025,10,40× → 2.5×
TCGA-AR-A5QM-01Z-00-DX1.A9017CED-FF57-4090-95B9-94DC91854347,BRCA,virchow,Virchow,10x,2p5x,-3.6915980565793034,10,10× → 2.5×
TCGA-AR-A5QM-01Z-00-DX1.A9017CED-FF57-4090-95B9-94DC91854347,BRCA,virchow,Virchow,10x,40x,-0.2578226891948138,10,10× → 40×
TCGA-AR-A5QM-01Z-00-DX1.A9017CED-FF57-4090-95B9-94DC91854347,BRCA,virchow,Virchow,2p5x,10x,0.02634232268899255,10,2.5× → 10×
TCGA-AR-A5QM-01Z-00-DX1.A9017CED-FF57-4090-95B9-94DC91854347,BRCA,virchow,Virchow,2p5x,40x,-0.9024624797939144,10,2.5× → 40×
TCGA-AR-A5QM-01Z-00-DX1.A9017CED-FF57-4090-95B9-94DC91854347,BRCA,virchow,Virchow,40x,10x,-0.3581367907125594,10,40× → 10×
TCGA-AR-A5QM-01Z-00-DX1.A9017CED-FF57-4090-95B9-94DC91854347,BRCA,virchow,Virchow,40x,2p5x,-5.136577468170694,10,40× → 2.5×
TCGA-AR-A5QM-01Z-00-DX1.A9017CED-FF57-4090-95B9-94DC91854347,BRCA,virchow2,Virchow2,10x,2p5x,-0.0200588703529462,10,10× → 2.5×
TCGA-AR-A5QM-01Z-00-DX1.A9017CED-FF57-4090-95B9-94DC91854347,BRCA,virchow2,Virchow2,10x,40x,-0.023323525730043447,10,10× → 40×
TCGA-AR-A5QM-01Z-00-DX1.A9017CED-FF57-4090-95B9-94DC91854347,BRCA,virchow2,Virchow2,2p5x,10x,-0.00402915788373025,10,2.5× → 10×
TCGA-AR-A5QM-01Z-00-DX1.A9017CED-FF57-4090-95B9-94DC91854347,BRCA,virchow2,Virchow2,2p5x,40x,-0.06633846339912529,10,2.5× → 40×
TCGA-AR-A5QM-01Z-00-DX1.A9017CED-FF57-4090-95B9-94DC91854347,BRCA,virchow2,Virchow2,40x,10x,-0.11303236699941563,10,40× → 10×
TCGA-AR-A5QM-01Z-00-DX1.A9017CED-FF57-4090-95B9-94DC91854347,BRCA,virchow2,Virchow2,40x,2p5x,-0.5553833462867688,10,40× → 2.5×
TCGA-AX-A05U-01Z-00-DX1.1EBFC727-B5D5-4543-BBA9-4254ABD3D584,UCEC,gigapath,GigaPath,10x,2p5x,-0.3173646761106529,10,10× → 2.5×
TCGA-AX-A05U-01Z-00-DX1.1EBFC727-B5D5-4543-BBA9-4254ABD3D584,UCEC,gigapath,GigaPath,10x,40x,-1.662283885039327,10,10× → 40×
TCGA-AX-A05U-01Z-00-DX1.1EBFC727-B5D5-4543-BBA9-4254ABD3D584,UCEC,gigapath,GigaPath,2p5x,10x,0.0029289983050719143,10,2.5× → 10×
TCGA-AX-A05U-01Z-00-DX1.1EBFC727-B5D5-4543-BBA9-4254ABD3D584,UCEC,gigapath,GigaPath,2p5x,40x,-2.3081693140856663,10,2.5× → 40×
TCGA-AX-A05U-01Z-00-DX1.1EBFC727-B5D5-4543-BBA9-4254ABD3D584,UCEC,gigapath,GigaPath,40x,10x,0.054242588324578025,10,40× → 10×
TCGA-AX-A05U-01Z-00-DX1.1EBFC727-B5D5-4543-BBA9-4254ABD3D584,UCEC,gigapath,GigaPath,40x,2p5x,-2.3678501515264525,10,40× → 2.5×
TCGA-AX-A05U-01Z-00-DX1.1EBFC727-B5D5-4543-BBA9-4254ABD3D584,UCEC,gigapath_flash,GigaPath-Flash,10x,2p5x,-1.500627655537921,10,10× → 2.5×
TCGA-AX-A05U-01Z-00-DX1.1EBFC727-B5D5-4543-BBA9-4254ABD3D584,UCEC,gigapath_flash,GigaPath-Flash,10x,40x,-2.175529203526255,10,10× → 40×
TCGA-AX-A05U-01Z-00-DX1.1EBFC727-B5D5-4543-BBA9-4254ABD3D584,UCEC,gigapath_flash,GigaPath-Flash,2p5x,10x,-0.6077771392970479,10,2.5× → 10×
TCGA-AX-A05U-01Z-00-DX1.1EBFC727-B5D5-4543-BBA9-4254ABD3D584,UCEC,gigapath_flash,GigaPath-Flash,2p5x,40x,-7.065017393548141,10,2.5× → 40×
TCGA-AX-A05U-01Z-00-DX1.1EBFC727-B5D5-4543-BBA9-4254ABD3D584,UCEC,gigapath_flash,GigaPath-Flash,40x,10x,0.4143873357984578,10,40× → 10×
TCGA-AX-A05U-01Z-00-DX1.1EBFC727-B5D5-4543-BBA9-4254ABD3D584,UCEC,gigapath_flash,GigaPath-Flash,40x,2p5x,-4.022914830692065,10,40× → 2.5×
TCGA-AX-A05U-01Z-00-DX1.1EBFC727-B5D5-4543-BBA9-4254ABD3D584,UCEC,midnight,Midnight,10x,2p5x,-0.07277885794861702,10,10× → 2.5×
TCGA-AX-A05U-01Z-00-DX1.1EBFC727-B5D5-4543-BBA9-4254ABD3D584,UCEC,midnight,Midnight,10x,40x,-0.21242043548799855,10,10× → 40×
TCGA-AX-A05U-01Z-00-DX1.1EBFC727-B5D5-4543-BBA9-4254ABD3D584,UCEC,midnight,Midnight,2p5x,10x,-0.09779310766812813,10,2.5× → 10×
TCGA-AX-A05U-01Z-00-DX1.1EBFC727-B5D5-4543-BBA9-4254ABD3D584,UCEC,midnight,Midnight,2p5x,40x,-0.6046483992947914,10,2.5× → 40×
TCGA-AX-A05U-01Z-00-DX1.1EBFC727-B5D5-4543-BBA9-4254ABD3D584,UCEC,midnight,Midnight,40x,10x,-0.08092757510712331,10,40× → 10×
TCGA-AX-A05U-01Z-00-DX1.1EBFC727-B5D5-4543-BBA9-4254ABD3D584,UCEC,midnight,Midnight,40x,2p5x,-0.48703665305884175,10,40× → 2.5×
TCGA-AX-A05U-01Z-00-DX1.1EBFC727-B5D5-4543-BBA9-4254ABD3D584,UCEC,phikon,Phikon,10x,2p5x,-0.9494114447325579,10,10× → 2.5×
TCGA-AX-A05U-01Z-00-DX1.1EBFC727-B5D5-4543-BBA9-4254ABD3D584,UCEC,phikon,Phikon,10x,40x,-0.19391395500154532,10,10× → 40×
TCGA-AX-A05U-01Z-00-DX1.1EBFC727-B5D5-4543-BBA9-4254ABD3D584,UCEC,phikon,Phikon,2p5x,10x,-1.1386223208432762,10,2.5× → 10×
TCGA-AX-A05U-01Z-00-DX1.1EBFC727-B5D5-4543-BBA9-4254ABD3D584,UCEC,phikon,Phikon,2p5x,40x,-1.4639374625289392,10,2.5× → 40×
TCGA-AX-A05U-01Z-00-DX1.1EBFC727-B5D5-4543-BBA9-4254ABD3D584,UCEC,phikon,Phikon,40x,10x,0.10156778760165792,10,40× → 10×
TCGA-AX-A05U-01Z-00-DX1.1EBFC727-B5D5-4543-BBA9-4254ABD3D584,UCEC,phikon,Phikon,40x,2p5x,-2.3578728741264348,10,40× → 2.5×
TCGA-AX-A05U-01Z-00-DX1.1EBFC727-B5D5-4543-BBA9-4254ABD3D584,UCEC,uni,UNI,10x,2p5x,-2.2317604973161336,10,10× → 2.5×
TCGA-AX-A05U-01Z-00-DX1.1EBFC727-B5D5-4543-BBA9-4254ABD3D584,UCEC,uni,UNI,10x,40x,-0.3693596414185499,10,10× → 40×
TCGA-AX-A05U-01Z-00-DX1.1EBFC727-B5D5-4543-BBA9-4254ABD3D584,UCEC,uni,UNI,2p5x,10x,-1.4138204171211184,10,2.5× → 10×
TCGA-AX-A05U-01Z-00-DX1.1EBFC727-B5D5-4543-BBA9-4254ABD3D584,UCEC,uni,UNI,2p5x,40x,-1.634698352356207,10,2.5× → 40×
TCGA-AX-A05U-01Z-00-DX1.1EBFC727-B5D5-4543-BBA9-4254ABD3D584,UCEC,uni,UNI,40x,10x,0.009175481866717461,10,40× → 10×
TCGA-AX-A05U-01Z-00-DX1.1EBFC727-B5D5-4543-BBA9-4254ABD3D584,UCEC,uni,UNI,40x,2p5x,-4.643496280725616,10,40× → 2.5×
TCGA-AX-A05U-01Z-00-DX1.1EBFC727-B5D5-4543-BBA9-4254ABD3D584,UCEC,uni2,UNI2,10x,2p5x,-0.00922015167762117,10,10× → 2.5×
TCGA-AX-A05U-01Z-00-DX1.1EBFC727-B5D5-4543-BBA9-4254ABD3D584,UCEC,uni2,UNI2,10x,40x,-0.780304887934306,10,10× → 40×
TCGA-AX-A05U-01Z-00-DX1.1EBFC727-B5D5-4543-BBA9-4254ABD3D584,UCEC,uni2,UNI2,2p5x,10x,-0.00220774792883252,10,2.5× → 10×
TCGA-AX-A05U-01Z-00-DX1.1EBFC727-B5D5-4543-BBA9-4254ABD3D584,UCEC,uni2,UNI2,2p5x,40x,-0.3369263587461804,10,2.5× → 40×
TCGA-AX-A05U-01Z-00-DX1.1EBFC727-B5D5-4543-BBA9-4254ABD3D584,UCEC,uni2,UNI2,40x,10x,0.07851050904843979,10,40× → 10×
TCGA-AX-A05U-01Z-00-DX1.1EBFC727-B5D5-4543-BBA9-4254ABD3D584,UCEC,uni2,UNI2,40x,2p5x,0.05105232950195088,10,40× → 2.5×
TCGA-AX-A05U-01Z-00-DX1.1EBFC727-B5D5-4543-BBA9-4254ABD3D584,UCEC,virchow,Virchow,10x,2p5x,-5.319153963996446,10,10× → 2.5×
TCGA-AX-A05U-01Z-00-DX1.1EBFC727-B5D5-4543-BBA9-4254ABD3D584,UCEC,virchow,Virchow,10x,40x,-2.3125052559475305,10,10× → 40×
TCGA-AX-A05U-01Z-00-DX1.1EBFC727-B5D5-4543-BBA9-4254ABD3D584,UCEC,virchow,Virchow,2p5x,10x,-2.6197426541007123,10,2.5× → 10×
TCGA-AX-A05U-01Z-00-DX1.1EBFC727-B5D5-4543-BBA9-4254ABD3D584,UCEC,virchow,Virchow,2p5x,40x,-4.546169678094159,10,2.5× → 40×
TCGA-AX-A05U-01Z-00-DX1.1EBFC727-B5D5-4543-BBA9-4254ABD3D584,UCEC,virchow,Virchow,40x,10x,0.0029665005346941305,10,40× → 10×
TCGA-AX-A05U-01Z-00-DX1.1EBFC727-B5D5-4543-BBA9-4254ABD3D584,UCEC,virchow,Virchow,40x,2p5x,-6.863643672749433,10,40× → 2.5×
TCGA-AX-A05U-01Z-00-DX1.1EBFC727-B5D5-4543-BBA9-4254ABD3D584,UCEC,virchow2,Virchow2,10x,2p5x,0.00244714896925881,10,10× → 2.5×
TCGA-AX-A05U-01Z-00-DX1.1EBFC727-B5D5-4543-BBA9-4254ABD3D584,UCEC,virchow2,Virchow2,10x,40x,-0.963632090358787,10,10× → 40×
TCGA-AX-A05U-01Z-00-DX1.1EBFC727-B5D5-4543-BBA9-4254ABD3D584,UCEC,virchow2,Virchow2,2p5x,10x,-0.0695437433394612,10,2.5× → 10×
TCGA-AX-A05U-01Z-00-DX1.1EBFC727-B5D5-4543-BBA9-4254ABD3D584,UCEC,virchow2,Virchow2,2p5x,40x,-0.7768797129518887,10,2.5× → 40×
TCGA-AX-A05U-01Z-00-DX1.1EBFC727-B5D5-4543-BBA9-4254ABD3D584,UCEC,virchow2,Virchow2,40x,10x,-0.00493481665907442,10,40× → 10×
TCGA-AX-A05U-01Z-00-DX1.1EBFC727-B5D5-4543-BBA9-4254ABD3D584,UCEC,virchow2,Virchow2,40x,2p5x,-0.02178978457527962,10,40× → 2.5×
TCGA-AX-A06B-01Z-00-DX2.1757C039-99F7-4087-A9E5-D340AF7220D4,UCEC,gigapath,GigaPath,10x,2p5x,0.5537868298756736,10,10× → 2.5×
TCGA-AX-A06B-01Z-00-DX2.1757C039-99F7-4087-A9E5-D340AF7220D4,UCEC,gigapath,GigaPath,10x,40x,-2.018596077940504,10,10× → 40×
TCGA-AX-A06B-01Z-00-DX2.1757C039-99F7-4087-A9E5-D340AF7220D4,UCEC,gigapath,GigaPath,2p5x,10x,0.2092516355802596,10,2.5× → 10×
TCGA-AX-A06B-01Z-00-DX2.1757C039-99F7-4087-A9E5-D340AF7220D4,UCEC,gigapath,GigaPath,2p5x,40x,-2.9189949297724658,10,2.5× → 40×
TCGA-AX-A06B-01Z-00-DX2.1757C039-99F7-4087-A9E5-D340AF7220D4,UCEC,gigapath,GigaPath,40x,10x,1.0345644222897696,10,40× → 10×
TCGA-AX-A06B-01Z-00-DX2.1757C039-99F7-4087-A9E5-D340AF7220D4,UCEC,gigapath,GigaPath,40x,2p5x,-0.8265988130711241,10,40× → 2.5×
TCGA-AX-A06B-01Z-00-DX2.1757C039-99F7-4087-A9E5-D340AF7220D4,UCEC,gigapath_flash,GigaPath-Flash,10x,2p5x,-0.1606427927844692,10,10× → 2.5×
TCGA-AX-A06B-01Z-00-DX2.1757C039-99F7-4087-A9E5-D340AF7220D4,UCEC,gigapath_flash,GigaPath-Flash,10x,40x,-1.904781653856449,10,10× → 40×
TCGA-AX-A06B-01Z-00-DX2.1757C039-99F7-4087-A9E5-D340AF7220D4,UCEC,gigapath_flash,GigaPath-Flash,2p5x,10x,0.9955351277551756,10,2.5× → 10×
TCGA-AX-A06B-01Z-00-DX2.1757C039-99F7-4087-A9E5-D340AF7220D4,UCEC,gigapath_flash,GigaPath-Flash,2p5x,40x,-1.3408905546182663,10,2.5× → 40×
TCGA-AX-A06B-01Z-00-DX2.1757C039-99F7-4087-A9E5-D340AF7220D4,UCEC,gigapath_flash,GigaPath-Flash,40x,10x,0.5715270580157539,10,40× → 10×
TCGA-AX-A06B-01Z-00-DX2.1757C039-99F7-4087-A9E5-D340AF7220D4,UCEC,gigapath_flash,GigaPath-Flash,40x,2p5x,-2.173755114087773,10,40× → 2.5×
TCGA-AX-A06B-01Z-00-DX2.1757C039-99F7-4087-A9E5-D340AF7220D4,UCEC,midnight,Midnight,10x,2p5x,-0.10142611080473192,10,10× → 2.5×
TCGA-AX-A06B-01Z-00-DX2.1757C039-99F7-4087-A9E5-D340AF7220D4,UCEC,midnight,Midnight,10x,40x,-0.9304689248818263,10,10× → 40×
TCGA-AX-A06B-01Z-00-DX2.1757C039-99F7-4087-A9E5-D340AF7220D4,UCEC,midnight,Midnight,2p5x,10x,-0.6451454091528753,10,2.5× → 10×
TCGA-AX-A06B-01Z-00-DX2.1757C039-99F7-4087-A9E5-D340AF7220D4,UCEC,midnight,Midnight,2p5x,40x,-1.3005156824827904,10,2.5× → 40×
TCGA-AX-A06B-01Z-00-DX2.1757C039-99F7-4087-A9E5-D340AF7220D4,UCEC,midnight,Midnight,40x,10x,-0.5712261233843035,10,40× → 10×
TCGA-AX-A06B-01Z-00-DX2.1757C039-99F7-4087-A9E5-D340AF7220D4,UCEC,midnight,Midnight,40x,2p5x,-0.611387458588257,10,40× → 2.5×
TCGA-AX-A06B-01Z-00-DX2.1757C039-99F7-4087-A9E5-D340AF7220D4,UCEC,phikon,Phikon,10x,2p5x,-0.7717583393884344,10,10× → 2.5×
TCGA-AX-A06B-01Z-00-DX2.1757C039-99F7-4087-A9E5-D340AF7220D4,UCEC,phikon,Phikon,10x,40x,-0.3029719543084213,10,10× → 40×
TCGA-AX-A06B-01Z-00-DX2.1757C039-99F7-4087-A9E5-D340AF7220D4,UCEC,phikon,Phikon,2p5x,10x,-0.03939104689473326,10,2.5× → 10×
TCGA-AX-A06B-01Z-00-DX2.1757C039-99F7-4087-A9E5-D340AF7220D4,UCEC,phikon,Phikon,2p5x,40x,-1.1688354645350925,10,2.5× → 40×
TCGA-AX-A06B-01Z-00-DX2.1757C039-99F7-4087-A9E5-D340AF7220D4,UCEC,phikon,Phikon,40x,10x,0.2667217208608966,10,40× → 10×
TCGA-AX-A06B-01Z-00-DX2.1757C039-99F7-4087-A9E5-D340AF7220D4,UCEC,phikon,Phikon,40x,2p5x,-1.3609790735218532,10,40× → 2.5×
TCGA-AX-A06B-01Z-00-DX2.1757C039-99F7-4087-A9E5-D340AF7220D4,UCEC,uni,UNI,10x,2p5x,-1.8141624002370438,10,10× → 2.5×
TCGA-AX-A06B-01Z-00-DX2.1757C039-99F7-4087-A9E5-D340AF7220D4,UCEC,uni,UNI,10x,40x,-1.1662864725632704,10,10× → 40×
TCGA-AX-A06B-01Z-00-DX2.1757C039-99F7-4087-A9E5-D340AF7220D4,UCEC,uni,UNI,2p5x,10x,-3.098283749356108,10,2.5× → 10×
TCGA-AX-A06B-01Z-00-DX2.1757C039-99F7-4087-A9E5-D340AF7220D4,UCEC,uni,UNI,2p5x,40x,-3.3902300380129744,10,2.5× → 40×
TCGA-AX-A06B-01Z-00-DX2.1757C039-99F7-4087-A9E5-D340AF7220D4,UCEC,uni,UNI,40x,10x,0.5670534986162339,10,40× → 10×
TCGA-AX-A06B-01Z-00-DX2.1757C039-99F7-4087-A9E5-D340AF7220D4,UCEC,uni,UNI,40x,2p5x,-1.7430284879384206,10,40× → 2.5×
TCGA-AX-A06B-01Z-00-DX2.1757C039-99F7-4087-A9E5-D340AF7220D4,UCEC,uni2,UNI2,10x,2p5x,0.34801212982005236,10,10× → 2.5×
TCGA-AX-A06B-01Z-00-DX2.1757C039-99F7-4087-A9E5-D340AF7220D4,UCEC,uni2,UNI2,10x,40x,-1.2852401271383187,10,10× → 40×
TCGA-AX-A06B-01Z-00-DX2.1757C039-99F7-4087-A9E5-D340AF7220D4,UCEC,uni2,UNI2,2p5x,10x,-0.48638545777145714,10,2.5× → 10×
TCGA-AX-A06B-01Z-00-DX2.1757C039-99F7-4087-A9E5-D340AF7220D4,UCEC,uni2,UNI2,2p5x,40x,-1.6752461334113562,10,2.5× → 40×
TCGA-AX-A06B-01Z-00-DX2.1757C039-99F7-4087-A9E5-D340AF7220D4,UCEC,uni2,UNI2,40x,10x,0.25496154914726954,10,40× → 10×
TCGA-AX-A06B-01Z-00-DX2.1757C039-99F7-4087-A9E5-D340AF7220D4,UCEC,uni2,UNI2,40x,2p5x,0.6064668444148243,10,40× → 2.5×
TCGA-AX-A06B-01Z-00-DX2.1757C039-99F7-4087-A9E5-D340AF7220D4,UCEC,virchow,Virchow,10x,2p5x,-3.4589342792490796,10,10× → 2.5×
TCGA-AX-A06B-01Z-00-DX2.1757C039-99F7-4087-A9E5-D340AF7220D4,UCEC,virchow,Virchow,10x,40x,-2.808638714223636,10,10× → 40×
TCGA-AX-A06B-01Z-00-DX2.1757C039-99F7-4087-A9E5-D340AF7220D4,UCEC,virchow,Virchow,2p5x,10x,-2.8734444220469446,10,2.5× → 10×
TCGA-AX-A06B-01Z-00-DX2.1757C039-99F7-4087-A9E5-D340AF7220D4,UCEC,virchow,Virchow,2p5x,40x,-3.106843325737387,10,2.5× → 40×
TCGA-AX-A06B-01Z-00-DX2.1757C039-99F7-4087-A9E5-D340AF7220D4,UCEC,virchow,Virchow,40x,10x,0.18558128010186623,10,40× → 10×
TCGA-AX-A06B-01Z-00-DX2.1757C039-99F7-4087-A9E5-D340AF7220D4,UCEC,virchow,Virchow,40x,2p5x,-4.816047976331083,10,40× → 2.5×
TCGA-AX-A06B-01Z-00-DX2.1757C039-99F7-4087-A9E5-D340AF7220D4,UCEC,virchow2,Virchow2,10x,2p5x,-0.6458476269071071,10,10× → 2.5×
TCGA-AX-A06B-01Z-00-DX2.1757C039-99F7-4087-A9E5-D340AF7220D4,UCEC,virchow2,Virchow2,10x,40x,-3.026396466026156,10,10× → 40×
TCGA-AX-A06B-01Z-00-DX2.1757C039-99F7-4087-A9E5-D340AF7220D4,UCEC,virchow2,Virchow2,2p5x,10x,0.14242710553685317,10,2.5× → 10×
TCGA-AX-A06B-01Z-00-DX2.1757C039-99F7-4087-A9E5-D340AF7220D4,UCEC,virchow2,Virchow2,2p5x,40x,-2.0139257974999305,10,2.5× → 40×
TCGA-AX-A06B-01Z-00-DX2.1757C039-99F7-4087-A9E5-D340AF7220D4,UCEC,virchow2,Virchow2,40x,10x,0.476709203004784,10,40× → 10×
TCGA-AX-A06B-01Z-00-DX2.1757C039-99F7-4087-A9E5-D340AF7220D4,UCEC,virchow2,Virchow2,40x,2p5x,-0.34270228535040875,10,40× → 2.5×
TCGA-AX-A0J0-01Z-00-DX2.56C668BE-03B8-4B87-A226-AABD97D53C38,UCEC,gigapath,GigaPath,10x,2p5x,-0.7825062579436249,10,10× → 2.5×
TCGA-AX-A0J0-01Z-00-DX2.56C668BE-03B8-4B87-A226-AABD97D53C38,UCEC,gigapath,GigaPath,10x,40x,-1.2207336749903868,10,10× → 40×
TCGA-AX-A0J0-01Z-00-DX2.56C668BE-03B8-4B87-A226-AABD97D53C38,UCEC,gigapath,GigaPath,2p5x,10x,-0.15139406865378974,10,2.5× → 10×
TCGA-AX-A0J0-01Z-00-DX2.56C668BE-03B8-4B87-A226-AABD97D53C38,UCEC,gigapath,GigaPath,2p5x,40x,-0.7621697005667704,10,2.5× → 40×
TCGA-AX-A0J0-01Z-00-DX2.56C668BE-03B8-4B87-A226-AABD97D53C38,UCEC,gigapath,GigaPath,40x,10x,-0.5148252327547682,10,40× → 10×
TCGA-AX-A0J0-01Z-00-DX2.56C668BE-03B8-4B87-A226-AABD97D53C38,UCEC,gigapath,GigaPath,40x,2p5x,-2.865996980005768,10,40× → 2.5×
TCGA-AX-A0J0-01Z-00-DX2.56C668BE-03B8-4B87-A226-AABD97D53C38,UCEC,gigapath_flash,GigaPath-Flash,10x,2p5x,-1.8316876002241493,10,10× → 2.5×
TCGA-AX-A0J0-01Z-00-DX2.56C668BE-03B8-4B87-A226-AABD97D53C38,UCEC,gigapath_flash,GigaPath-Flash,10x,40x,-1.7953821290816498,10,10× → 40×
TCGA-AX-A0J0-01Z-00-DX2.56C668BE-03B8-4B87-A226-AABD97D53C38,UCEC,gigapath_flash,GigaPath-Flash,2p5x,10x,-0.23894973447497794,10,2.5× → 10×
TCGA-AX-A0J0-01Z-00-DX2.56C668BE-03B8-4B87-A226-AABD97D53C38,UCEC,gigapath_flash,GigaPath-Flash,2p5x,40x,-1.0911754131054883,10,2.5× → 40×
TCGA-AX-A0J0-01Z-00-DX2.56C668BE-03B8-4B87-A226-AABD97D53C38,UCEC,gigapath_flash,GigaPath-Flash,40x,10x,0.12831892571707054,10,40× → 10×
TCGA-AX-A0J0-01Z-00-DX2.56C668BE-03B8-4B87-A226-AABD97D53C38,UCEC,gigapath_flash,GigaPath-Flash,40x,2p5x,-3.1268788886006624,10,40× → 2.5×
TCGA-AX-A0J0-01Z-00-DX2.56C668BE-03B8-4B87-A226-AABD97D53C38,UCEC,midnight,Midnight,10x,2p5x,-0.19560240072582213,10,10× → 2.5×
TCGA-AX-A0J0-01Z-00-DX2.56C668BE-03B8-4B87-A226-AABD97D53C38,UCEC,midnight,Midnight,10x,40x,-0.34095458670202633,10,10× → 40×
TCGA-AX-A0J0-01Z-00-DX2.56C668BE-03B8-4B87-A226-AABD97D53C38,UCEC,midnight,Midnight,2p5x,10x,-0.19034311482493513,10,2.5× → 10×
TCGA-AX-A0J0-01Z-00-DX2.56C668BE-03B8-4B87-A226-AABD97D53C38,UCEC,midnight,Midnight,2p5x,40x,-0.790275974162402,10,2.5× → 40×
TCGA-AX-A0J0-01Z-00-DX2.56C668BE-03B8-4B87-A226-AABD97D53C38,UCEC,midnight,Midnight,40x,10x,-0.29263509002839455,10,40× → 10×
TCGA-AX-A0J0-01Z-00-DX2.56C668BE-03B8-4B87-A226-AABD97D53C38,UCEC,midnight,Midnight,40x,2p5x,-0.9701094473830695,10,40× → 2.5×
TCGA-AX-A0J0-01Z-00-DX2.56C668BE-03B8-4B87-A226-AABD97D53C38,UCEC,phikon,Phikon,10x,2p5x,-1.4704997919995035,10,10× → 2.5×
TCGA-AX-A0J0-01Z-00-DX2.56C668BE-03B8-4B87-A226-AABD97D53C38,UCEC,phikon,Phikon,10x,40x,-0.1805876653887642,10,10× → 40×
TCGA-AX-A0J0-01Z-00-DX2.56C668BE-03B8-4B87-A226-AABD97D53C38,UCEC,phikon,Phikon,2p5x,10x,-0.6337078965492948,10,2.5× → 10×
TCGA-AX-A0J0-01Z-00-DX2.56C668BE-03B8-4B87-A226-AABD97D53C38,UCEC,phikon,Phikon,2p5x,40x,-0.7821342918381373,10,2.5× → 40×
TCGA-AX-A0J0-01Z-00-DX2.56C668BE-03B8-4B87-A226-AABD97D53C38,UCEC,phikon,Phikon,40x,10x,-0.023178124161480382,10,40× → 10×
TCGA-AX-A0J0-01Z-00-DX2.56C668BE-03B8-4B87-A226-AABD97D53C38,UCEC,phikon,Phikon,40x,2p5x,-3.223990780257517,10,40× → 2.5×
TCGA-AX-A0J0-01Z-00-DX2.56C668BE-03B8-4B87-A226-AABD97D53C38,UCEC,uni,UNI,10x,2p5x,-2.309626293127168,10,10× → 2.5×
TCGA-AX-A0J0-01Z-00-DX2.56C668BE-03B8-4B87-A226-AABD97D53C38,UCEC,uni,UNI,10x,40x,-0.6241804006074305,10,10× → 40×
TCGA-AX-A0J0-01Z-00-DX2.56C668BE-03B8-4B87-A226-AABD97D53C38,UCEC,uni,UNI,2p5x,10x,-5.655784914895939,10,2.5× → 10×
TCGA-AX-A0J0-01Z-00-DX2.56C668BE-03B8-4B87-A226-AABD97D53C38,UCEC,uni,UNI,2p5x,40x,-3.8414411899531715,10,2.5× → 40×
TCGA-AX-A0J0-01Z-00-DX2.56C668BE-03B8-4B87-A226-AABD97D53C38,UCEC,uni,UNI,40x,10x,-0.019446978261986374,10,40× → 10×
TCGA-AX-A0J0-01Z-00-DX2.56C668BE-03B8-4B87-A226-AABD97D53C38,UCEC,uni,UNI,40x,2p5x,-3.105783579962071,10,40× → 2.5×
TCGA-AX-A0J0-01Z-00-DX2.56C668BE-03B8-4B87-A226-AABD97D53C38,UCEC,uni2,UNI2,10x,2p5x,-0.01953731628989184,10,10× → 2.5×
TCGA-AX-A0J0-01Z-00-DX2.56C668BE-03B8-4B87-A226-AABD97D53C38,UCEC,uni2,UNI2,10x,40x,-0.35176582063065986,10,10× → 40×
TCGA-AX-A0J0-01Z-00-DX2.56C668BE-03B8-4B87-A226-AABD97D53C38,UCEC,uni2,UNI2,2p5x,10x,-0.06739221015418712,10,2.5× → 10×
TCGA-AX-A0J0-01Z-00-DX2.56C668BE-03B8-4B87-A226-AABD97D53C38,UCEC,uni2,UNI2,2p5x,40x,-0.34385069554835807,10,2.5× → 40×
TCGA-AX-A0J0-01Z-00-DX2.56C668BE-03B8-4B87-A226-AABD97D53C38,UCEC,uni2,UNI2,40x,10x,-0.0221335584146446,10,40× → 10×
TCGA-AX-A0J0-01Z-00-DX2.56C668BE-03B8-4B87-A226-AABD97D53C38,UCEC,uni2,UNI2,40x,2p5x,-0.07794109159610149,10,40× → 2.5×
TCGA-AX-A0J0-01Z-00-DX2.56C668BE-03B8-4B87-A226-AABD97D53C38,UCEC,virchow,Virchow,10x,2p5x,-5.041812845578251,10,10× → 2.5×
TCGA-AX-A0J0-01Z-00-DX2.56C668BE-03B8-4B87-A226-AABD97D53C38,UCEC,virchow,Virchow,10x,40x,-2.41718584413296,10,10× → 40×
TCGA-AX-A0J0-01Z-00-DX2.56C668BE-03B8-4B87-A226-AABD97D53C38,UCEC,virchow,Virchow,2p5x,10x,-3.0264164100636237,10,2.5× → 10×
TCGA-AX-A0J0-01Z-00-DX2.56C668BE-03B8-4B87-A226-AABD97D53C38,UCEC,virchow,Virchow,2p5x,40x,-5.451254653694424,10,2.5× → 40×
TCGA-AX-A0J0-01Z-00-DX2.56C668BE-03B8-4B87-A226-AABD97D53C38,UCEC,virchow,Virchow,40x,10x,0.013108074878401802,10,40× → 10×
TCGA-AX-A0J0-01Z-00-DX2.56C668BE-03B8-4B87-A226-AABD97D53C38,UCEC,virchow,Virchow,40x,2p5x,-6.27022235632767,10,40× → 2.5×
TCGA-AX-A0J0-01Z-00-DX2.56C668BE-03B8-4B87-A226-AABD97D53C38,UCEC,virchow2,Virchow2,10x,2p5x,-0.0035545510866020194,10,10× → 2.5×
TCGA-AX-A0J0-01Z-00-DX2.56C668BE-03B8-4B87-A226-AABD97D53C38,UCEC,virchow2,Virchow2,10x,40x,-0.5989141822133691,10,10× → 40×
TCGA-AX-A0J0-01Z-00-DX2.56C668BE-03B8-4B87-A226-AABD97D53C38,UCEC,virchow2,Virchow2,2p5x,10x,-0.13245389576357372,10,2.5× → 10×
TCGA-AX-A0J0-01Z-00-DX2.56C668BE-03B8-4B87-A226-AABD97D53C38,UCEC,virchow2,Virchow2,2p5x,40x,-1.875233692276483,10,2.5× → 40×
TCGA-AX-A0J0-01Z-00-DX2.56C668BE-03B8-4B87-A226-AABD97D53C38,UCEC,virchow2,Virchow2,40x,10x,-0.03545358664159944,10,40× → 10×
TCGA-AX-A0J0-01Z-00-DX2.56C668BE-03B8-4B87-A226-AABD97D53C38,UCEC,virchow2,Virchow2,40x,2p5x,-0.13631008161936647,10,40× → 2.5×
TCGA-AY-A8YK-01Z-00-DX1.89E3C546-0425-449B-A6FB-1C35168EA7EB,COAD,gigapath,GigaPath,10x,2p5x,-0.6181670466396127,10,10× → 2.5×
TCGA-AY-A8YK-01Z-00-DX1.89E3C546-0425-449B-A6FB-1C35168EA7EB,COAD,gigapath,GigaPath,10x,40x,-3.8091090053283123,10,10× → 40×
TCGA-AY-A8YK-01Z-00-DX1.89E3C546-0425-449B-A6FB-1C35168EA7EB,COAD,gigapath,GigaPath,2p5x,10x,-9.476291017799193,10,2.5× → 10×
TCGA-AY-A8YK-01Z-00-DX1.89E3C546-0425-449B-A6FB-1C35168EA7EB,COAD,gigapath,GigaPath,2p5x,40x,-7.295095794857839,10,2.5× → 40×
TCGA-AY-A8YK-01Z-00-DX1.89E3C546-0425-449B-A6FB-1C35168EA7EB,COAD,gigapath,GigaPath,40x,10x,1.9242440336866415,10,40× → 10×
TCGA-AY-A8YK-01Z-00-DX1.89E3C546-0425-449B-A6FB-1C35168EA7EB,COAD,gigapath,GigaPath,40x,2p5x,-3.1120418601005286,10,40× → 2.5×
TCGA-AY-A8YK-01Z-00-DX1.89E3C546-0425-449B-A6FB-1C35168EA7EB,COAD,gigapath_flash,GigaPath-Flash,10x,2p5x,-1.1158454823657653,10,10× → 2.5×
TCGA-AY-A8YK-01Z-00-DX1.89E3C546-0425-449B-A6FB-1C35168EA7EB,COAD,gigapath_flash,GigaPath-Flash,10x,40x,-4.080106893296582,10,10× → 40×
TCGA-AY-A8YK-01Z-00-DX1.89E3C546-0425-449B-A6FB-1C35168EA7EB,COAD,gigapath_flash,GigaPath-Flash,2p5x,10x,-3.404982184943978,10,2.5× → 10×
TCGA-AY-A8YK-01Z-00-DX1.89E3C546-0425-449B-A6FB-1C35168EA7EB,COAD,gigapath_flash,GigaPath-Flash,2p5x,40x,-1.6814985607316069,10,2.5× → 40×
TCGA-AY-A8YK-01Z-00-DX1.89E3C546-0425-449B-A6FB-1C35168EA7EB,COAD,gigapath_flash,GigaPath-Flash,40x,10x,4.078265847514864,10,40× → 10×
TCGA-AY-A8YK-01Z-00-DX1.89E3C546-0425-449B-A6FB-1C35168EA7EB,COAD,gigapath_flash,GigaPath-Flash,40x,2p5x,-1.1020959216115969,10,40× → 2.5×
TCGA-AY-A8YK-01Z-00-DX1.89E3C546-0425-449B-A6FB-1C35168EA7EB,COAD,midnight,Midnight,10x,2p5x,1.9590919413142132,10,10× → 2.5×
TCGA-AY-A8YK-01Z-00-DX1.89E3C546-0425-449B-A6FB-1C35168EA7EB,COAD,midnight,Midnight,10x,40x,1.2613505873047517,10,10× → 40×
TCGA-AY-A8YK-01Z-00-DX1.89E3C546-0425-449B-A6FB-1C35168EA7EB,COAD,midnight,Midnight,2p5x,10x,-1.4242737108636732,10,2.5× → 10×
TCGA-AY-A8YK-01Z-00-DX1.89E3C546-0425-449B-A6FB-1C35168EA7EB,COAD,midnight,Midnight,2p5x,40x,-1.660451029589338,10,2.5× → 40×
TCGA-AY-A8YK-01Z-00-DX1.89E3C546-0425-449B-A6FB-1C35168EA7EB,COAD,midnight,Midnight,40x,10x,0.9904317399077265,10,40× → 10×
TCGA-AY-A8YK-01Z-00-DX1.89E3C546-0425-449B-A6FB-1C35168EA7EB,COAD,midnight,Midnight,40x,2p5x,1.449414837306024,10,40× → 2.5×
TCGA-AY-A8YK-01Z-00-DX1.89E3C546-0425-449B-A6FB-1C35168EA7EB,COAD,phikon,Phikon,10x,2p5x,-4.449499091927585,10,10× → 2.5×
TCGA-AY-A8YK-01Z-00-DX1.89E3C546-0425-449B-A6FB-1C35168EA7EB,COAD,phikon,Phikon,10x,40x,-0.515282982198306,10,10× → 40×
TCGA-AY-A8YK-01Z-00-DX1.89E3C546-0425-449B-A6FB-1C35168EA7EB,COAD,phikon,Phikon,2p5x,10x,1.2717658139002581,10,2.5× → 10×
TCGA-AY-A8YK-01Z-00-DX1.89E3C546-0425-449B-A6FB-1C35168EA7EB,COAD,phikon,Phikon,2p5x,40x,1.4604164031379474,10,2.5× → 40×
TCGA-AY-A8YK-01Z-00-DX1.89E3C546-0425-449B-A6FB-1C35168EA7EB,COAD,phikon,Phikon,40x,10x,-0.06541816997062067,10,40× → 10×
TCGA-AY-A8YK-01Z-00-DX1.89E3C546-0425-449B-A6FB-1C35168EA7EB,COAD,phikon,Phikon,40x,2p5x,-3.0781662192957535,10,40× → 2.5×
TCGA-AY-A8YK-01Z-00-DX1.89E3C546-0425-449B-A6FB-1C35168EA7EB,COAD,uni,UNI,10x,2p5x,-3.4104083347824528,10,10× → 2.5×
TCGA-AY-A8YK-01Z-00-DX1.89E3C546-0425-449B-A6FB-1C35168EA7EB,COAD,uni,UNI,10x,40x,-2.1168082392707293,10,10× → 40×
TCGA-AY-A8YK-01Z-00-DX1.89E3C546-0425-449B-A6FB-1C35168EA7EB,COAD,uni,UNI,2p5x,10x,-6.482402776336512,10,2.5× → 10×
TCGA-AY-A8YK-01Z-00-DX1.89E3C546-0425-449B-A6FB-1C35168EA7EB,COAD,uni,UNI,2p5x,40x,-3.566273196878503,10,2.5× → 40×
TCGA-AY-A8YK-01Z-00-DX1.89E3C546-0425-449B-A6FB-1C35168EA7EB,COAD,uni,UNI,40x,10x,0.32976862418797454,10,40× → 10×
TCGA-AY-A8YK-01Z-00-DX1.89E3C546-0425-449B-A6FB-1C35168EA7EB,COAD,uni,UNI,40x,2p5x,-2.181856047816664,10,40× → 2.5×
TCGA-AY-A8YK-01Z-00-DX1.89E3C546-0425-449B-A6FB-1C35168EA7EB,COAD,uni2,UNI2,10x,2p5x,0.0382502309729935,10,10× → 2.5×
TCGA-AY-A8YK-01Z-00-DX1.89E3C546-0425-449B-A6FB-1C35168EA7EB,COAD,uni2,UNI2,10x,40x,-2.34532977095529,10,10× → 40×
TCGA-AY-A8YK-01Z-00-DX1.89E3C546-0425-449B-A6FB-1C35168EA7EB,COAD,uni2,UNI2,2p5x,10x,-3.3755637838376864,10,2.5× → 10×
TCGA-AY-A8YK-01Z-00-DX1.89E3C546-0425-449B-A6FB-1C35168EA7EB,COAD,uni2,UNI2,2p5x,40x,-6.6988678806343085,10,2.5× → 40×
TCGA-AY-A8YK-01Z-00-DX1.89E3C546-0425-449B-A6FB-1C35168EA7EB,COAD,uni2,UNI2,40x,10x,3.0401564314711758,10,40× → 10×
TCGA-AY-A8YK-01Z-00-DX1.89E3C546-0425-449B-A6FB-1C35168EA7EB,COAD,uni2,UNI2,40x,2p5x,2.8146152942265266,10,40× → 2.5×
TCGA-AY-A8YK-01Z-00-DX1.89E3C546-0425-449B-A6FB-1C35168EA7EB,COAD,virchow,Virchow,10x,2p5x,-2.8735266773654686,10,10× → 2.5×
TCGA-AY-A8YK-01Z-00-DX1.89E3C546-0425-449B-A6FB-1C35168EA7EB,COAD,virchow,Virchow,10x,40x,-2.296053100631676,10,10× → 40×
TCGA-AY-A8YK-01Z-00-DX1.89E3C546-0425-449B-A6FB-1C35168EA7EB,COAD,virchow,Virchow,2p5x,10x,3.087699861881432,10,2.5× → 10×
TCGA-AY-A8YK-01Z-00-DX1.89E3C546-0425-449B-A6FB-1C35168EA7EB,COAD,virchow,Virchow,2p5x,40x,2.99196786974969,10,2.5× → 40×
TCGA-AY-A8YK-01Z-00-DX1.89E3C546-0425-449B-A6FB-1C35168EA7EB,COAD,virchow,Virchow,40x,10x,-1.2520040999130433,10,40× → 10×
TCGA-AY-A8YK-01Z-00-DX1.89E3C546-0425-449B-A6FB-1C35168EA7EB,COAD,virchow,Virchow,40x,2p5x,-7.272443948202245,10,40× → 2.5×
TCGA-AY-A8YK-01Z-00-DX1.89E3C546-0425-449B-A6FB-1C35168EA7EB,COAD,virchow2,Virchow2,10x,2p5x,-1.096777749355921,10,10× → 2.5×
TCGA-AY-A8YK-01Z-00-DX1.89E3C546-0425-449B-A6FB-1C35168EA7EB,COAD,virchow2,Virchow2,10x,40x,-2.5892257801306338,10,10× → 40×
TCGA-AY-A8YK-01Z-00-DX1.89E3C546-0425-449B-A6FB-1C35168EA7EB,COAD,virchow2,Virchow2,2p5x,10x,-0.3541312060113711,10,2.5× → 10×
TCGA-AY-A8YK-01Z-00-DX1.89E3C546-0425-449B-A6FB-1C35168EA7EB,COAD,virchow2,Virchow2,2p5x,40x,-3.742606295238258,10,2.5× → 40×
TCGA-AY-A8YK-01Z-00-DX1.89E3C546-0425-449B-A6FB-1C35168EA7EB,COAD,virchow2,Virchow2,40x,10x,2.158021196866703,10,40× → 10×
TCGA-AY-A8YK-01Z-00-DX1.89E3C546-0425-449B-A6FB-1C35168EA7EB,COAD,virchow2,Virchow2,40x,2p5x,0.06321479135370536,10,40× → 2.5×
TCGA-B0-5094-01Z-00-DX1.eac31fe2-09da-4ecf-8e25-c073cbb03295,KIRC,gigapath,GigaPath,10x,2p5x,-1.650020570095204,10,10× → 2.5×
TCGA-B0-5094-01Z-00-DX1.eac31fe2-09da-4ecf-8e25-c073cbb03295,KIRC,gigapath,GigaPath,10x,40x,-2.196025626655138,10,10× → 40×
TCGA-B0-5094-01Z-00-DX1.eac31fe2-09da-4ecf-8e25-c073cbb03295,KIRC,gigapath,GigaPath,2p5x,10x,-1.1053882482900401,10,2.5× → 10×
TCGA-B0-5094-01Z-00-DX1.eac31fe2-09da-4ecf-8e25-c073cbb03295,KIRC,gigapath,GigaPath,2p5x,40x,-0.3718450825355154,10,2.5× → 40×
TCGA-B0-5094-01Z-00-DX1.eac31fe2-09da-4ecf-8e25-c073cbb03295,KIRC,gigapath,GigaPath,40x,10x,-0.6336039457812561,10,40× → 10×
TCGA-B0-5094-01Z-00-DX1.eac31fe2-09da-4ecf-8e25-c073cbb03295,KIRC,gigapath,GigaPath,40x,2p5x,-2.980686660607343,10,40× → 2.5×
TCGA-B0-5094-01Z-00-DX1.eac31fe2-09da-4ecf-8e25-c073cbb03295,KIRC,gigapath_flash,GigaPath-Flash,10x,2p5x,-1.9422077753837974,10,10× → 2.5×
TCGA-B0-5094-01Z-00-DX1.eac31fe2-09da-4ecf-8e25-c073cbb03295,KIRC,gigapath_flash,GigaPath-Flash,10x,40x,-1.6978917393956046,10,10× → 40×
TCGA-B0-5094-01Z-00-DX1.eac31fe2-09da-4ecf-8e25-c073cbb03295,KIRC,gigapath_flash,GigaPath-Flash,2p5x,10x,-0.6028426183536095,10,2.5× → 10×
TCGA-B0-5094-01Z-00-DX1.eac31fe2-09da-4ecf-8e25-c073cbb03295,KIRC,gigapath_flash,GigaPath-Flash,2p5x,40x,-0.22679873995086347,10,2.5× → 40×
TCGA-B0-5094-01Z-00-DX1.eac31fe2-09da-4ecf-8e25-c073cbb03295,KIRC,gigapath_flash,GigaPath-Flash,40x,10x,-1.3808303455916886,10,40× → 10×
TCGA-B0-5094-01Z-00-DX1.eac31fe2-09da-4ecf-8e25-c073cbb03295,KIRC,gigapath_flash,GigaPath-Flash,40x,2p5x,-3.242888321258085,10,40× → 2.5×
TCGA-B0-5094-01Z-00-DX1.eac31fe2-09da-4ecf-8e25-c073cbb03295,KIRC,midnight,Midnight,10x,2p5x,-0.23131433319397784,10,10× → 2.5×
TCGA-B0-5094-01Z-00-DX1.eac31fe2-09da-4ecf-8e25-c073cbb03295,KIRC,midnight,Midnight,10x,40x,-0.9393955675136496,10,10× → 40×
TCGA-B0-5094-01Z-00-DX1.eac31fe2-09da-4ecf-8e25-c073cbb03295,KIRC,midnight,Midnight,2p5x,10x,-0.8557029565508261,10,2.5× → 10×
TCGA-B0-5094-01Z-00-DX1.eac31fe2-09da-4ecf-8e25-c073cbb03295,KIRC,midnight,Midnight,2p5x,40x,-1.0103866983338765,10,2.5× → 40×
TCGA-B0-5094-01Z-00-DX1.eac31fe2-09da-4ecf-8e25-c073cbb03295,KIRC,midnight,Midnight,40x,10x,-0.6769794403089845,10,40× → 10×
TCGA-B0-5094-01Z-00-DX1.eac31fe2-09da-4ecf-8e25-c073cbb03295,KIRC,midnight,Midnight,40x,2p5x,-0.6385428984625836,10,40× → 2.5×
TCGA-B0-5094-01Z-00-DX1.eac31fe2-09da-4ecf-8e25-c073cbb03295,KIRC,phikon,Phikon,10x,2p5x,-2.0525883498013213,10,10× → 2.5×
TCGA-B0-5094-01Z-00-DX1.eac31fe2-09da-4ecf-8e25-c073cbb03295,KIRC,phikon,Phikon,10x,40x,-1.0052850522580357,10,10× → 40×
TCGA-B0-5094-01Z-00-DX1.eac31fe2-09da-4ecf-8e25-c073cbb03295,KIRC,phikon,Phikon,2p5x,10x,-0.44273885828268894,10,2.5× → 10×
TCGA-B0-5094-01Z-00-DX1.eac31fe2-09da-4ecf-8e25-c073cbb03295,KIRC,phikon,Phikon,2p5x,40x,-0.9372248869111883,10,2.5× → 40×
TCGA-B0-5094-01Z-00-DX1.eac31fe2-09da-4ecf-8e25-c073cbb03295,KIRC,phikon,Phikon,40x,10x,-0.5628640593130066,10,40× → 10×
TCGA-B0-5094-01Z-00-DX1.eac31fe2-09da-4ecf-8e25-c073cbb03295,KIRC,phikon,Phikon,40x,2p5x,-2.5338702425911572,10,40× → 2.5×
TCGA-B0-5094-01Z-00-DX1.eac31fe2-09da-4ecf-8e25-c073cbb03295,KIRC,uni,UNI,10x,2p5x,-0.956356179393989,10,10× → 2.5×
TCGA-B0-5094-01Z-00-DX1.eac31fe2-09da-4ecf-8e25-c073cbb03295,KIRC,uni,UNI,10x,40x,-0.6076490376370043,10,10× → 40×
TCGA-B0-5094-01Z-00-DX1.eac31fe2-09da-4ecf-8e25-c073cbb03295,KIRC,uni,UNI,2p5x,10x,-0.2956232613682706,10,2.5× → 10×
TCGA-B0-5094-01Z-00-DX1.eac31fe2-09da-4ecf-8e25-c073cbb03295,KIRC,uni,UNI,2p5x,40x,-0.8759774228934345,10,2.5× → 40×
TCGA-B0-5094-01Z-00-DX1.eac31fe2-09da-4ecf-8e25-c073cbb03295,KIRC,uni,UNI,40x,10x,-0.025475947817584083,10,40× → 10×
TCGA-B0-5094-01Z-00-DX1.eac31fe2-09da-4ecf-8e25-c073cbb03295,KIRC,uni,UNI,40x,2p5x,-0.8417972158468668,10,40× → 2.5×
TCGA-B0-5094-01Z-00-DX1.eac31fe2-09da-4ecf-8e25-c073cbb03295,KIRC,uni2,UNI2,10x,2p5x,0.028389845268442866,10,10× → 2.5×
TCGA-B0-5094-01Z-00-DX1.eac31fe2-09da-4ecf-8e25-c073cbb03295,KIRC,uni2,UNI2,10x,40x,-0.32818468873213186,10,10× → 40×
TCGA-B0-5094-01Z-00-DX1.eac31fe2-09da-4ecf-8e25-c073cbb03295,KIRC,uni2,UNI2,2p5x,10x,-0.5499848149786378,10,2.5× → 10×
TCGA-B0-5094-01Z-00-DX1.eac31fe2-09da-4ecf-8e25-c073cbb03295,KIRC,uni2,UNI2,2p5x,40x,-1.088212220169634,10,2.5× → 40×
TCGA-B0-5094-01Z-00-DX1.eac31fe2-09da-4ecf-8e25-c073cbb03295,KIRC,uni2,UNI2,40x,10x,0.11414433642486928,10,40× → 10×
TCGA-B0-5094-01Z-00-DX1.eac31fe2-09da-4ecf-8e25-c073cbb03295,KIRC,uni2,UNI2,40x,2p5x,0.07556765788884628,10,40× → 2.5×
TCGA-B0-5094-01Z-00-DX1.eac31fe2-09da-4ecf-8e25-c073cbb03295,KIRC,virchow,Virchow,10x,2p5x,-6.402181103358541,10,10× → 2.5×
TCGA-B0-5094-01Z-00-DX1.eac31fe2-09da-4ecf-8e25-c073cbb03295,KIRC,virchow,Virchow,10x,40x,0.0028590172096173904,10,10× → 40×
TCGA-B0-5094-01Z-00-DX1.eac31fe2-09da-4ecf-8e25-c073cbb03295,KIRC,virchow,Virchow,2p5x,10x,-4.175582163941257,10,2.5× → 10×
TCGA-B0-5094-01Z-00-DX1.eac31fe2-09da-4ecf-8e25-c073cbb03295,KIRC,virchow,Virchow,2p5x,40x,-2.51785750926127,10,2.5× → 40×
TCGA-B0-5094-01Z-00-DX1.eac31fe2-09da-4ecf-8e25-c073cbb03295,KIRC,virchow,Virchow,40x,10x,-0.7974924979014932,10,40× → 10×
TCGA-B0-5094-01Z-00-DX1.eac31fe2-09da-4ecf-8e25-c073cbb03295,KIRC,virchow,Virchow,40x,2p5x,-5.607905746378416,10,40× → 2.5×
TCGA-B0-5094-01Z-00-DX1.eac31fe2-09da-4ecf-8e25-c073cbb03295,KIRC,virchow2,Virchow2,10x,2p5x,-0.11265184333826325,10,10× → 2.5×
TCGA-B0-5094-01Z-00-DX1.eac31fe2-09da-4ecf-8e25-c073cbb03295,KIRC,virchow2,Virchow2,10x,40x,-0.05720820571778219,10,10× → 40×
TCGA-B0-5094-01Z-00-DX1.eac31fe2-09da-4ecf-8e25-c073cbb03295,KIRC,virchow2,Virchow2,2p5x,10x,-0.2205250534941133,10,2.5× → 10×
TCGA-B0-5094-01Z-00-DX1.eac31fe2-09da-4ecf-8e25-c073cbb03295,KIRC,virchow2,Virchow2,2p5x,40x,-0.312291469316958,10,2.5× → 40×
TCGA-B0-5094-01Z-00-DX1.eac31fe2-09da-4ecf-8e25-c073cbb03295,KIRC,virchow2,Virchow2,40x,10x,0.031272564501827235,10,40× → 10×
TCGA-B0-5094-01Z-00-DX1.eac31fe2-09da-4ecf-8e25-c073cbb03295,KIRC,virchow2,Virchow2,40x,2p5x,-0.1082832080779138,10,40× → 2.5×
TCGA-B0-5106-01Z-00-DX1.564e51a3-be50-4eed-ba9c-4d478b96ffc6,KIRC,gigapath,GigaPath,10x,2p5x,-0.8548673905523462,10,10× → 2.5×
TCGA-B0-5106-01Z-00-DX1.564e51a3-be50-4eed-ba9c-4d478b96ffc6,KIRC,gigapath,GigaPath,10x,40x,-0.4250078942201256,10,10× → 40×
TCGA-B0-5106-01Z-00-DX1.564e51a3-be50-4eed-ba9c-4d478b96ffc6,KIRC,gigapath,GigaPath,2p5x,10x,-2.4314174292595783,10,2.5× → 10×
TCGA-B0-5106-01Z-00-DX1.564e51a3-be50-4eed-ba9c-4d478b96ffc6,KIRC,gigapath,GigaPath,2p5x,40x,-0.6568456714756457,10,2.5× → 40×
TCGA-B0-5106-01Z-00-DX1.564e51a3-be50-4eed-ba9c-4d478b96ffc6,KIRC,gigapath,GigaPath,40x,10x,0.00948981307531923,10,40× → 10×
TCGA-B0-5106-01Z-00-DX1.564e51a3-be50-4eed-ba9c-4d478b96ffc6,KIRC,gigapath,GigaPath,40x,2p5x,-1.2451972200576364,10,40× → 2.5×
TCGA-B0-5106-01Z-00-DX1.564e51a3-be50-4eed-ba9c-4d478b96ffc6,KIRC,gigapath_flash,GigaPath-Flash,10x,2p5x,-0.5377349696306029,10,10× → 2.5×
TCGA-B0-5106-01Z-00-DX1.564e51a3-be50-4eed-ba9c-4d478b96ffc6,KIRC,gigapath_flash,GigaPath-Flash,10x,40x,-0.35258133913096795,10,10× → 40×
TCGA-B0-5106-01Z-00-DX1.564e51a3-be50-4eed-ba9c-4d478b96ffc6,KIRC,gigapath_flash,GigaPath-Flash,2p5x,10x,-5.682404895082909,10,2.5× → 10×
TCGA-B0-5106-01Z-00-DX1.564e51a3-be50-4eed-ba9c-4d478b96ffc6,KIRC,gigapath_flash,GigaPath-Flash,2p5x,40x,-2.6324647416334814,10,2.5× → 40×
TCGA-B0-5106-01Z-00-DX1.564e51a3-be50-4eed-ba9c-4d478b96ffc6,KIRC,gigapath_flash,GigaPath-Flash,40x,10x,0.21198570069977435,10,40× → 10×
TCGA-B0-5106-01Z-00-DX1.564e51a3-be50-4eed-ba9c-4d478b96ffc6,KIRC,gigapath_flash,GigaPath-Flash,40x,2p5x,-0.9033275942378829,10,40× → 2.5×
TCGA-B0-5106-01Z-00-DX1.564e51a3-be50-4eed-ba9c-4d478b96ffc6,KIRC,midnight,Midnight,10x,2p5x,-0.03415593922515789,10,10× → 2.5×
TCGA-B0-5106-01Z-00-DX1.564e51a3-be50-4eed-ba9c-4d478b96ffc6,KIRC,midnight,Midnight,10x,40x,-0.312227379697811,10,10× → 40×
TCGA-B0-5106-01Z-00-DX1.564e51a3-be50-4eed-ba9c-4d478b96ffc6,KIRC,midnight,Midnight,2p5x,10x,-0.24451365991978702,10,2.5× → 10×
TCGA-B0-5106-01Z-00-DX1.564e51a3-be50-4eed-ba9c-4d478b96ffc6,KIRC,midnight,Midnight,2p5x,40x,-0.5240134185887096,10,2.5× → 40×
TCGA-B0-5106-01Z-00-DX1.564e51a3-be50-4eed-ba9c-4d478b96ffc6,KIRC,midnight,Midnight,40x,10x,-0.6122166975043651,10,40× → 10×
TCGA-B0-5106-01Z-00-DX1.564e51a3-be50-4eed-ba9c-4d478b96ffc6,KIRC,midnight,Midnight,40x,2p5x,-0.4578170927376707,10,40× → 2.5×
TCGA-B0-5106-01Z-00-DX1.564e51a3-be50-4eed-ba9c-4d478b96ffc6,KIRC,phikon,Phikon,10x,2p5x,-0.9852254285841212,10,10× → 2.5×
TCGA-B0-5106-01Z-00-DX1.564e51a3-be50-4eed-ba9c-4d478b96ffc6,KIRC,phikon,Phikon,10x,40x,-0.4533018310616795,10,10× → 40×
TCGA-B0-5106-01Z-00-DX1.564e51a3-be50-4eed-ba9c-4d478b96ffc6,KIRC,phikon,Phikon,2p5x,10x,-0.7042054696066664,10,2.5× → 10×
TCGA-B0-5106-01Z-00-DX1.564e51a3-be50-4eed-ba9c-4d478b96ffc6,KIRC,phikon,Phikon,2p5x,40x,-2.0590722882515067,10,2.5× → 40×
TCGA-B0-5106-01Z-00-DX1.564e51a3-be50-4eed-ba9c-4d478b96ffc6,KIRC,phikon,Phikon,40x,10x,-0.5795736532819518,10,40× → 10×
TCGA-B0-5106-01Z-00-DX1.564e51a3-be50-4eed-ba9c-4d478b96ffc6,KIRC,phikon,Phikon,40x,2p5x,-2.4157019586269697,10,40× → 2.5×
TCGA-B0-5106-01Z-00-DX1.564e51a3-be50-4eed-ba9c-4d478b96ffc6,KIRC,uni,UNI,10x,2p5x,-0.3689238921763403,10,10× → 2.5×
TCGA-B0-5106-01Z-00-DX1.564e51a3-be50-4eed-ba9c-4d478b96ffc6,KIRC,uni,UNI,10x,40x,-0.053781838614561,10,10× → 40×
TCGA-B0-5106-01Z-00-DX1.564e51a3-be50-4eed-ba9c-4d478b96ffc6,KIRC,uni,UNI,2p5x,10x,-0.349375703038744,10,2.5× → 10×
TCGA-B0-5106-01Z-00-DX1.564e51a3-be50-4eed-ba9c-4d478b96ffc6,KIRC,uni,UNI,2p5x,40x,-0.7241855732707874,10,2.5× → 40×
TCGA-B0-5106-01Z-00-DX1.564e51a3-be50-4eed-ba9c-4d478b96ffc6,KIRC,uni,UNI,40x,10x,-0.03409485114331816,10,40× → 10×
TCGA-B0-5106-01Z-00-DX1.564e51a3-be50-4eed-ba9c-4d478b96ffc6,KIRC,uni,UNI,40x,2p5x,-0.7160132816120511,10,40× → 2.5×
TCGA-B0-5106-01Z-00-DX1.564e51a3-be50-4eed-ba9c-4d478b96ffc6,KIRC,uni2,UNI2,10x,2p5x,-0.0014503413673655,10,10× → 2.5×
TCGA-B0-5106-01Z-00-DX1.564e51a3-be50-4eed-ba9c-4d478b96ffc6,KIRC,uni2,UNI2,10x,40x,-0.00477415975722258,10,10× → 40×
TCGA-B0-5106-01Z-00-DX1.564e51a3-be50-4eed-ba9c-4d478b96ffc6,KIRC,uni2,UNI2,2p5x,10x,-0.01717190911951729,10,2.5× → 10×
TCGA-B0-5106-01Z-00-DX1.564e51a3-be50-4eed-ba9c-4d478b96ffc6,KIRC,uni2,UNI2,2p5x,40x,-0.11786119819832148,10,2.5× → 40×
TCGA-B0-5106-01Z-00-DX1.564e51a3-be50-4eed-ba9c-4d478b96ffc6,KIRC,uni2,UNI2,40x,10x,0.00068023338897819,10,40× → 10×
TCGA-B0-5106-01Z-00-DX1.564e51a3-be50-4eed-ba9c-4d478b96ffc6,KIRC,uni2,UNI2,40x,2p5x,-0.00018520223067876,10,40× → 2.5×
TCGA-B0-5106-01Z-00-DX1.564e51a3-be50-4eed-ba9c-4d478b96ffc6,KIRC,virchow,Virchow,10x,2p5x,-1.0545284662474723,10,10× → 2.5×
TCGA-B0-5106-01Z-00-DX1.564e51a3-be50-4eed-ba9c-4d478b96ffc6,KIRC,virchow,Virchow,10x,40x,-0.16288595284637902,10,10× → 40×
TCGA-B0-5106-01Z-00-DX1.564e51a3-be50-4eed-ba9c-4d478b96ffc6,KIRC,virchow,Virchow,2p5x,10x,-3.996020291257851,10,2.5× → 10×
TCGA-B0-5106-01Z-00-DX1.564e51a3-be50-4eed-ba9c-4d478b96ffc6,KIRC,virchow,Virchow,2p5x,40x,-3.3731840934151087,10,2.5× → 40×
TCGA-B0-5106-01Z-00-DX1.564e51a3-be50-4eed-ba9c-4d478b96ffc6,KIRC,virchow,Virchow,40x,10x,-1.6499939420097598,10,40× → 10×
TCGA-B0-5106-01Z-00-DX1.564e51a3-be50-4eed-ba9c-4d478b96ffc6,KIRC,virchow,Virchow,40x,2p5x,-0.6653629425397642,10,40× → 2.5×
TCGA-B0-5106-01Z-00-DX1.564e51a3-be50-4eed-ba9c-4d478b96ffc6,KIRC,virchow2,Virchow2,10x,2p5x,-0.012973135258731191,10,10× → 2.5×
TCGA-B0-5106-01Z-00-DX1.564e51a3-be50-4eed-ba9c-4d478b96ffc6,KIRC,virchow2,Virchow2,10x,40x,-0.0037083637965909704,10,10× → 40×
TCGA-B0-5106-01Z-00-DX1.564e51a3-be50-4eed-ba9c-4d478b96ffc6,KIRC,virchow2,Virchow2,2p5x,10x,-0.00091324512436461,10,2.5× → 10×
TCGA-B0-5106-01Z-00-DX1.564e51a3-be50-4eed-ba9c-4d478b96ffc6,KIRC,virchow2,Virchow2,2p5x,40x,-0.01910734609483557,10,2.5× → 40×
TCGA-B0-5106-01Z-00-DX1.564e51a3-be50-4eed-ba9c-4d478b96ffc6,KIRC,virchow2,Virchow2,40x,10x,0.00100994015437901,10,40× → 10×
TCGA-B0-5106-01Z-00-DX1.564e51a3-be50-4eed-ba9c-4d478b96ffc6,KIRC,virchow2,Virchow2,40x,2p5x,-0.02366765320243917,10,40× → 2.5×
TCGA-B0-5711-01Z-00-DX1.6839921f-ec08-4e94-8bf9-4b5a4fcdda45,KIRC,gigapath,GigaPath,10x,2p5x,-0.8069322289820489,10,10× → 2.5×
TCGA-B0-5711-01Z-00-DX1.6839921f-ec08-4e94-8bf9-4b5a4fcdda45,KIRC,gigapath,GigaPath,10x,40x,-0.7513346973626024,10,10× → 40×
TCGA-B0-5711-01Z-00-DX1.6839921f-ec08-4e94-8bf9-4b5a4fcdda45,KIRC,gigapath,GigaPath,2p5x,10x,-2.0185660980263944,10,2.5× → 10×
TCGA-B0-5711-01Z-00-DX1.6839921f-ec08-4e94-8bf9-4b5a4fcdda45,KIRC,gigapath,GigaPath,2p5x,40x,-0.23290937755411312,10,2.5× → 40×
TCGA-B0-5711-01Z-00-DX1.6839921f-ec08-4e94-8bf9-4b5a4fcdda45,KIRC,gigapath,GigaPath,40x,10x,-0.02244441885458843,10,40× → 10×
TCGA-B0-5711-01Z-00-DX1.6839921f-ec08-4e94-8bf9-4b5a4fcdda45,KIRC,gigapath,GigaPath,40x,2p5x,-1.4627781963531974,10,40× → 2.5×
TCGA-B0-5711-01Z-00-DX1.6839921f-ec08-4e94-8bf9-4b5a4fcdda45,KIRC,gigapath_flash,GigaPath-Flash,10x,2p5x,-1.1654734737671113,10,10× → 2.5×
TCGA-B0-5711-01Z-00-DX1.6839921f-ec08-4e94-8bf9-4b5a4fcdda45,KIRC,gigapath_flash,GigaPath-Flash,10x,40x,-0.48563347179431593,10,10× → 40×
TCGA-B0-5711-01Z-00-DX1.6839921f-ec08-4e94-8bf9-4b5a4fcdda45,KIRC,gigapath_flash,GigaPath-Flash,2p5x,10x,-4.082881313136474,10,2.5× → 10×
TCGA-B0-5711-01Z-00-DX1.6839921f-ec08-4e94-8bf9-4b5a4fcdda45,KIRC,gigapath_flash,GigaPath-Flash,2p5x,40x,-1.9042162849915723,10,2.5× → 40×
TCGA-B0-5711-01Z-00-DX1.6839921f-ec08-4e94-8bf9-4b5a4fcdda45,KIRC,gigapath_flash,GigaPath-Flash,40x,10x,0.0021584743660537703,10,40× → 10×
TCGA-B0-5711-01Z-00-DX1.6839921f-ec08-4e94-8bf9-4b5a4fcdda45,KIRC,gigapath_flash,GigaPath-Flash,40x,2p5x,-1.0788600048422508,10,40× → 2.5×
TCGA-B0-5711-01Z-00-DX1.6839921f-ec08-4e94-8bf9-4b5a4fcdda45,KIRC,midnight,Midnight,10x,2p5x,-0.057826056963994364,10,10× → 2.5×
TCGA-B0-5711-01Z-00-DX1.6839921f-ec08-4e94-8bf9-4b5a4fcdda45,KIRC,midnight,Midnight,10x,40x,-0.3578022738667387,10,10× → 40×
TCGA-B0-5711-01Z-00-DX1.6839921f-ec08-4e94-8bf9-4b5a4fcdda45,KIRC,midnight,Midnight,2p5x,10x,-0.19948163030341884,10,2.5× → 10×
TCGA-B0-5711-01Z-00-DX1.6839921f-ec08-4e94-8bf9-4b5a4fcdda45,KIRC,midnight,Midnight,2p5x,40x,-0.5866492144696729,10,2.5× → 40×
TCGA-B0-5711-01Z-00-DX1.6839921f-ec08-4e94-8bf9-4b5a4fcdda45,KIRC,midnight,Midnight,40x,10x,-0.383875873281434,10,40× → 10×
TCGA-B0-5711-01Z-00-DX1.6839921f-ec08-4e94-8bf9-4b5a4fcdda45,KIRC,midnight,Midnight,40x,2p5x,-0.449252436782493,10,40× → 2.5×
TCGA-B0-5711-01Z-00-DX1.6839921f-ec08-4e94-8bf9-4b5a4fcdda45,KIRC,phikon,Phikon,10x,2p5x,-0.7957543915214007,10,10× → 2.5×
TCGA-B0-5711-01Z-00-DX1.6839921f-ec08-4e94-8bf9-4b5a4fcdda45,KIRC,phikon,Phikon,10x,40x,-1.9570005639568617,10,10× → 40×
TCGA-B0-5711-01Z-00-DX1.6839921f-ec08-4e94-8bf9-4b5a4fcdda45,KIRC,phikon,Phikon,2p5x,10x,-1.0209374986002022,10,2.5× → 10×
TCGA-B0-5711-01Z-00-DX1.6839921f-ec08-4e94-8bf9-4b5a4fcdda45,KIRC,phikon,Phikon,2p5x,40x,-2.3989506035034105,10,2.5× → 40×
TCGA-B0-5711-01Z-00-DX1.6839921f-ec08-4e94-8bf9-4b5a4fcdda45,KIRC,phikon,Phikon,40x,10x,-0.22200977128115085,10,40× → 10×
TCGA-B0-5711-01Z-00-DX1.6839921f-ec08-4e94-8bf9-4b5a4fcdda45,KIRC,phikon,Phikon,40x,2p5x,-2.64115545272548,10,40× → 2.5×
TCGA-B0-5711-01Z-00-DX1.6839921f-ec08-4e94-8bf9-4b5a4fcdda45,KIRC,uni,UNI,10x,2p5x,-0.32986211809083116,10,10× → 2.5×
TCGA-B0-5711-01Z-00-DX1.6839921f-ec08-4e94-8bf9-4b5a4fcdda45,KIRC,uni,UNI,10x,40x,-0.06182601235596158,10,10× → 40×
TCGA-B0-5711-01Z-00-DX1.6839921f-ec08-4e94-8bf9-4b5a4fcdda45,KIRC,uni,UNI,2p5x,10x,-0.3232865234514701,10,2.5× → 10×
TCGA-B0-5711-01Z-00-DX1.6839921f-ec08-4e94-8bf9-4b5a4fcdda45,KIRC,uni,UNI,2p5x,40x,-0.5372431969103566,10,2.5× → 40×
TCGA-B0-5711-01Z-00-DX1.6839921f-ec08-4e94-8bf9-4b5a4fcdda45,KIRC,uni,UNI,40x,10x,-0.025932986406373072,10,40× → 10×
TCGA-B0-5711-01Z-00-DX1.6839921f-ec08-4e94-8bf9-4b5a4fcdda45,KIRC,uni,UNI,40x,2p5x,-1.1506705393068364,10,40× → 2.5×
TCGA-B0-5711-01Z-00-DX1.6839921f-ec08-4e94-8bf9-4b5a4fcdda45,KIRC,uni2,UNI2,10x,2p5x,-0.0036238797022464103,10,10× → 2.5×
TCGA-B0-5711-01Z-00-DX1.6839921f-ec08-4e94-8bf9-4b5a4fcdda45,KIRC,uni2,UNI2,10x,40x,-0.007090538705467569,10,10× → 40×
TCGA-B0-5711-01Z-00-DX1.6839921f-ec08-4e94-8bf9-4b5a4fcdda45,KIRC,uni2,UNI2,2p5x,10x,-0.02153991972322509,10,2.5× → 10×
TCGA-B0-5711-01Z-00-DX1.6839921f-ec08-4e94-8bf9-4b5a4fcdda45,KIRC,uni2,UNI2,2p5x,40x,-0.22546275882885974,10,2.5× → 40×
TCGA-B0-5711-01Z-00-DX1.6839921f-ec08-4e94-8bf9-4b5a4fcdda45,KIRC,uni2,UNI2,40x,10x,0.00114955984201403,10,40× → 10×
TCGA-B0-5711-01Z-00-DX1.6839921f-ec08-4e94-8bf9-4b5a4fcdda45,KIRC,uni2,UNI2,40x,2p5x,-0.0012991594684006902,10,40× → 2.5×
TCGA-B0-5711-01Z-00-DX1.6839921f-ec08-4e94-8bf9-4b5a4fcdda45,KIRC,virchow,Virchow,10x,2p5x,-1.7877444777193348,10,10× → 2.5×
TCGA-B0-5711-01Z-00-DX1.6839921f-ec08-4e94-8bf9-4b5a4fcdda45,KIRC,virchow,Virchow,10x,40x,-0.02019898027272352,10,10× → 40×
TCGA-B0-5711-01Z-00-DX1.6839921f-ec08-4e94-8bf9-4b5a4fcdda45,KIRC,virchow,Virchow,2p5x,10x,-4.820346009364859,10,2.5× → 10×
TCGA-B0-5711-01Z-00-DX1.6839921f-ec08-4e94-8bf9-4b5a4fcdda45,KIRC,virchow,Virchow,2p5x,40x,-3.5116555334457744,10,2.5× → 40×
TCGA-B0-5711-01Z-00-DX1.6839921f-ec08-4e94-8bf9-4b5a4fcdda45,KIRC,virchow,Virchow,40x,10x,-0.41789192223421046,10,40× → 10×
TCGA-B0-5711-01Z-00-DX1.6839921f-ec08-4e94-8bf9-4b5a4fcdda45,KIRC,virchow,Virchow,40x,2p5x,-2.0585276927704648,10,40× → 2.5×
TCGA-B0-5711-01Z-00-DX1.6839921f-ec08-4e94-8bf9-4b5a4fcdda45,KIRC,virchow2,Virchow2,10x,2p5x,-0.0069821226200108,10,10× → 2.5×
TCGA-B0-5711-01Z-00-DX1.6839921f-ec08-4e94-8bf9-4b5a4fcdda45,KIRC,virchow2,Virchow2,10x,40x,-0.00265918266177723,10,10× → 40×
TCGA-B0-5711-01Z-00-DX1.6839921f-ec08-4e94-8bf9-4b5a4fcdda45,KIRC,virchow2,Virchow2,2p5x,10x,-0.00824873606336555,10,2.5× → 10×
TCGA-B0-5711-01Z-00-DX1.6839921f-ec08-4e94-8bf9-4b5a4fcdda45,KIRC,virchow2,Virchow2,2p5x,40x,-0.022191997987761468,10,2.5× → 40×
TCGA-B0-5711-01Z-00-DX1.6839921f-ec08-4e94-8bf9-4b5a4fcdda45,KIRC,virchow2,Virchow2,40x,10x,0.0003292960712253283,10,40× → 10×
TCGA-B0-5711-01Z-00-DX1.6839921f-ec08-4e94-8bf9-4b5a4fcdda45,KIRC,virchow2,Virchow2,40x,2p5x,-0.01363921812079113,10,40× → 2.5×
TCGA-B2-5633-01Z-00-DX1.c55a29ca-468e-46de-9ff5-a51f46fe09fd,KIRC,gigapath,GigaPath,10x,2p5x,-0.625337867540293,10,10× → 2.5×
TCGA-B2-5633-01Z-00-DX1.c55a29ca-468e-46de-9ff5-a51f46fe09fd,KIRC,gigapath,GigaPath,10x,40x,-0.7043389730526065,10,10× → 40×
TCGA-B2-5633-01Z-00-DX1.c55a29ca-468e-46de-9ff5-a51f46fe09fd,KIRC,gigapath,GigaPath,2p5x,10x,-3.7502673002529505,10,2.5× → 10×
TCGA-B2-5633-01Z-00-DX1.c55a29ca-468e-46de-9ff5-a51f46fe09fd,KIRC,gigapath,GigaPath,2p5x,40x,-1.354761310290854,10,2.5× → 40×
TCGA-B2-5633-01Z-00-DX1.c55a29ca-468e-46de-9ff5-a51f46fe09fd,KIRC,gigapath,GigaPath,40x,10x,-0.07850623926770987,10,40× → 10×
TCGA-B2-5633-01Z-00-DX1.c55a29ca-468e-46de-9ff5-a51f46fe09fd,KIRC,gigapath,GigaPath,40x,2p5x,-1.8515625381182859,10,40× → 2.5×
TCGA-B2-5633-01Z-00-DX1.c55a29ca-468e-46de-9ff5-a51f46fe09fd,KIRC,gigapath_flash,GigaPath-Flash,10x,2p5x,-1.0366420990672363,10,10× → 2.5×
TCGA-B2-5633-01Z-00-DX1.c55a29ca-468e-46de-9ff5-a51f46fe09fd,KIRC,gigapath_flash,GigaPath-Flash,10x,40x,-0.6187544228787534,10,10× → 40×
TCGA-B2-5633-01Z-00-DX1.c55a29ca-468e-46de-9ff5-a51f46fe09fd,KIRC,gigapath_flash,GigaPath-Flash,2p5x,10x,-5.506653090413535,10,2.5× → 10×
TCGA-B2-5633-01Z-00-DX1.c55a29ca-468e-46de-9ff5-a51f46fe09fd,KIRC,gigapath_flash,GigaPath-Flash,2p5x,40x,-3.369546881454127,10,2.5× → 40×
TCGA-B2-5633-01Z-00-DX1.c55a29ca-468e-46de-9ff5-a51f46fe09fd,KIRC,gigapath_flash,GigaPath-Flash,40x,10x,0.014672517752082021,10,40× → 10×
TCGA-B2-5633-01Z-00-DX1.c55a29ca-468e-46de-9ff5-a51f46fe09fd,KIRC,gigapath_flash,GigaPath-Flash,40x,2p5x,-1.0688347270115668,10,40× → 2.5×
TCGA-B2-5633-01Z-00-DX1.c55a29ca-468e-46de-9ff5-a51f46fe09fd,KIRC,midnight,Midnight,10x,2p5x,-0.09688958460779235,10,10× → 2.5×
TCGA-B2-5633-01Z-00-DX1.c55a29ca-468e-46de-9ff5-a51f46fe09fd,KIRC,midnight,Midnight,10x,40x,-0.58971339159796,10,10× → 40×
TCGA-B2-5633-01Z-00-DX1.c55a29ca-468e-46de-9ff5-a51f46fe09fd,KIRC,midnight,Midnight,2p5x,10x,-0.36161433153446965,10,2.5× → 10×
TCGA-B2-5633-01Z-00-DX1.c55a29ca-468e-46de-9ff5-a51f46fe09fd,KIRC,midnight,Midnight,2p5x,40x,-0.7659339604408568,10,2.5× → 40×
TCGA-B2-5633-01Z-00-DX1.c55a29ca-468e-46de-9ff5-a51f46fe09fd,KIRC,midnight,Midnight,40x,10x,-0.5210321291483865,10,40× → 10×
TCGA-B2-5633-01Z-00-DX1.c55a29ca-468e-46de-9ff5-a51f46fe09fd,KIRC,midnight,Midnight,40x,2p5x,-0.4390917583664694,10,40× → 2.5×
TCGA-B2-5633-01Z-00-DX1.c55a29ca-468e-46de-9ff5-a51f46fe09fd,KIRC,phikon,Phikon,10x,2p5x,-1.538309590800658,10,10× → 2.5×
TCGA-B2-5633-01Z-00-DX1.c55a29ca-468e-46de-9ff5-a51f46fe09fd,KIRC,phikon,Phikon,10x,40x,-0.7404465405748589,10,10× → 40×
TCGA-B2-5633-01Z-00-DX1.c55a29ca-468e-46de-9ff5-a51f46fe09fd,KIRC,phikon,Phikon,2p5x,10x,-0.2989404557673757,10,2.5× → 10×
TCGA-B2-5633-01Z-00-DX1.c55a29ca-468e-46de-9ff5-a51f46fe09fd,KIRC,phikon,Phikon,2p5x,40x,-2.2766607210729806,10,2.5× → 40×
TCGA-B2-5633-01Z-00-DX1.c55a29ca-468e-46de-9ff5-a51f46fe09fd,KIRC,phikon,Phikon,40x,10x,-0.2039903944488582,10,40× → 10×
TCGA-B2-5633-01Z-00-DX1.c55a29ca-468e-46de-9ff5-a51f46fe09fd,KIRC,phikon,Phikon,40x,2p5x,-3.5552426350972475,10,40× → 2.5×
TCGA-B2-5633-01Z-00-DX1.c55a29ca-468e-46de-9ff5-a51f46fe09fd,KIRC,uni,UNI,10x,2p5x,-0.6779493721506593,10,10× → 2.5×
TCGA-B2-5633-01Z-00-DX1.c55a29ca-468e-46de-9ff5-a51f46fe09fd,KIRC,uni,UNI,10x,40x,-0.07651886995446225,10,10× → 40×
TCGA-B2-5633-01Z-00-DX1.c55a29ca-468e-46de-9ff5-a51f46fe09fd,KIRC,uni,UNI,2p5x,10x,-0.8589830790338995,10,2.5× → 10×
TCGA-B2-5633-01Z-00-DX1.c55a29ca-468e-46de-9ff5-a51f46fe09fd,KIRC,uni,UNI,2p5x,40x,-1.4602039480819067,10,2.5× → 40×
TCGA-B2-5633-01Z-00-DX1.c55a29ca-468e-46de-9ff5-a51f46fe09fd,KIRC,uni,UNI,40x,10x,-0.0028580736656894923,10,40× → 10×
TCGA-B2-5633-01Z-00-DX1.c55a29ca-468e-46de-9ff5-a51f46fe09fd,KIRC,uni,UNI,40x,2p5x,-1.0919268345251338,10,40× → 2.5×
TCGA-B2-5633-01Z-00-DX1.c55a29ca-468e-46de-9ff5-a51f46fe09fd,KIRC,uni2,UNI2,10x,2p5x,-0.00048404426087822006,10,10× → 2.5×
TCGA-B2-5633-01Z-00-DX1.c55a29ca-468e-46de-9ff5-a51f46fe09fd,KIRC,uni2,UNI2,10x,40x,-0.016223457982542412,10,10× → 40×
TCGA-B2-5633-01Z-00-DX1.c55a29ca-468e-46de-9ff5-a51f46fe09fd,KIRC,uni2,UNI2,2p5x,10x,-0.01324353528514817,10,2.5× → 10×
TCGA-B2-5633-01Z-00-DX1.c55a29ca-468e-46de-9ff5-a51f46fe09fd,KIRC,uni2,UNI2,2p5x,40x,-0.24956340601811083,10,2.5× → 40×
TCGA-B2-5633-01Z-00-DX1.c55a29ca-468e-46de-9ff5-a51f46fe09fd,KIRC,uni2,UNI2,40x,10x,0.0014648327390255,10,40× → 10×
TCGA-B2-5633-01Z-00-DX1.c55a29ca-468e-46de-9ff5-a51f46fe09fd,KIRC,uni2,UNI2,40x,2p5x,0.0004362033735583077,10,40× → 2.5×
TCGA-B2-5633-01Z-00-DX1.c55a29ca-468e-46de-9ff5-a51f46fe09fd,KIRC,virchow,Virchow,10x,2p5x,-4.713128999784667,10,10× → 2.5×
TCGA-B2-5633-01Z-00-DX1.c55a29ca-468e-46de-9ff5-a51f46fe09fd,KIRC,virchow,Virchow,10x,40x,-0.04585996889497863,10,10× → 40×
TCGA-B2-5633-01Z-00-DX1.c55a29ca-468e-46de-9ff5-a51f46fe09fd,KIRC,virchow,Virchow,2p5x,10x,-3.758932808684908,10,2.5× → 10×
TCGA-B2-5633-01Z-00-DX1.c55a29ca-468e-46de-9ff5-a51f46fe09fd,KIRC,virchow,Virchow,2p5x,40x,-3.5697367291224267,10,2.5× → 40×
TCGA-B2-5633-01Z-00-DX1.c55a29ca-468e-46de-9ff5-a51f46fe09fd,KIRC,virchow,Virchow,40x,10x,-0.00154376702531319,10,40× → 10×
TCGA-B2-5633-01Z-00-DX1.c55a29ca-468e-46de-9ff5-a51f46fe09fd,KIRC,virchow,Virchow,40x,2p5x,-3.9170321163381336,10,40× → 2.5×
TCGA-B2-5633-01Z-00-DX1.c55a29ca-468e-46de-9ff5-a51f46fe09fd,KIRC,virchow2,Virchow2,10x,2p5x,-0.00161749411946802,10,10× → 2.5×
TCGA-B2-5633-01Z-00-DX1.c55a29ca-468e-46de-9ff5-a51f46fe09fd,KIRC,virchow2,Virchow2,10x,40x,-0.011034272260846011,10,10× → 40×
TCGA-B2-5633-01Z-00-DX1.c55a29ca-468e-46de-9ff5-a51f46fe09fd,KIRC,virchow2,Virchow2,2p5x,10x,-0.007242872260386319,10,2.5× → 10×
TCGA-B2-5633-01Z-00-DX1.c55a29ca-468e-46de-9ff5-a51f46fe09fd,KIRC,virchow2,Virchow2,2p5x,40x,-0.060264919966166085,10,2.5× → 40×
TCGA-B2-5633-01Z-00-DX1.c55a29ca-468e-46de-9ff5-a51f46fe09fd,KIRC,virchow2,Virchow2,40x,10x,0.00103096555940498,10,40× → 10×
TCGA-B2-5633-01Z-00-DX1.c55a29ca-468e-46de-9ff5-a51f46fe09fd,KIRC,virchow2,Virchow2,40x,2p5x,-2.985479296457463e-05,10,40× → 2.5×
TCGA-B5-A11F-01Z-00-DX1.3F1C053D-E81E-4C8D-965D-6F3DE29D9511,UCEC,gigapath,GigaPath,10x,2p5x,-1.2541105907687415,10,10× → 2.5×
TCGA-B5-A11F-01Z-00-DX1.3F1C053D-E81E-4C8D-965D-6F3DE29D9511,UCEC,gigapath,GigaPath,10x,40x,-2.266183822465107,10,10× → 40×
TCGA-B5-A11F-01Z-00-DX1.3F1C053D-E81E-4C8D-965D-6F3DE29D9511,UCEC,gigapath,GigaPath,2p5x,10x,-0.40418657884588927,10,2.5× → 10×
TCGA-B5-A11F-01Z-00-DX1.3F1C053D-E81E-4C8D-965D-6F3DE29D9511,UCEC,gigapath,GigaPath,2p5x,40x,-4.920629379623918,10,2.5× → 40×
TCGA-B5-A11F-01Z-00-DX1.3F1C053D-E81E-4C8D-965D-6F3DE29D9511,UCEC,gigapath,GigaPath,40x,10x,-0.9220481812061037,10,40× → 10×
TCGA-B5-A11F-01Z-00-DX1.3F1C053D-E81E-4C8D-965D-6F3DE29D9511,UCEC,gigapath,GigaPath,40x,2p5x,-5.215284843958539,10,40× → 2.5×
TCGA-B5-A11F-01Z-00-DX1.3F1C053D-E81E-4C8D-965D-6F3DE29D9511,UCEC,gigapath_flash,GigaPath-Flash,10x,2p5x,-2.4025826330890228,10,10× → 2.5×
TCGA-B5-A11F-01Z-00-DX1.3F1C053D-E81E-4C8D-965D-6F3DE29D9511,UCEC,gigapath_flash,GigaPath-Flash,10x,40x,-3.411714144597048,10,10× → 40×
TCGA-B5-A11F-01Z-00-DX1.3F1C053D-E81E-4C8D-965D-6F3DE29D9511,UCEC,gigapath_flash,GigaPath-Flash,2p5x,10x,-1.9225394645406422,10,2.5× → 10×
TCGA-B5-A11F-01Z-00-DX1.3F1C053D-E81E-4C8D-965D-6F3DE29D9511,UCEC,gigapath_flash,GigaPath-Flash,2p5x,40x,-7.183456457003241,10,2.5× → 40×
TCGA-B5-A11F-01Z-00-DX1.3F1C053D-E81E-4C8D-965D-6F3DE29D9511,UCEC,gigapath_flash,GigaPath-Flash,40x,10x,-0.20503021608779154,10,40× → 10×
TCGA-B5-A11F-01Z-00-DX1.3F1C053D-E81E-4C8D-965D-6F3DE29D9511,UCEC,gigapath_flash,GigaPath-Flash,40x,2p5x,-6.227428654655089,10,40× → 2.5×
TCGA-B5-A11F-01Z-00-DX1.3F1C053D-E81E-4C8D-965D-6F3DE29D9511,UCEC,midnight,Midnight,10x,2p5x,-0.19673969348229847,10,10× → 2.5×
TCGA-B5-A11F-01Z-00-DX1.3F1C053D-E81E-4C8D-965D-6F3DE29D9511,UCEC,midnight,Midnight,10x,40x,-0.5268039573379808,10,10× → 40×
TCGA-B5-A11F-01Z-00-DX1.3F1C053D-E81E-4C8D-965D-6F3DE29D9511,UCEC,midnight,Midnight,2p5x,10x,-0.3314085697096421,10,2.5× → 10×
TCGA-B5-A11F-01Z-00-DX1.3F1C053D-E81E-4C8D-965D-6F3DE29D9511,UCEC,midnight,Midnight,2p5x,40x,-1.1696971080078467,10,2.5× → 40×
TCGA-B5-A11F-01Z-00-DX1.3F1C053D-E81E-4C8D-965D-6F3DE29D9511,UCEC,midnight,Midnight,40x,10x,-0.40067964343407725,10,40× → 10×
TCGA-B5-A11F-01Z-00-DX1.3F1C053D-E81E-4C8D-965D-6F3DE29D9511,UCEC,midnight,Midnight,40x,2p5x,-1.171112727113148,10,40× → 2.5×
TCGA-B5-A11F-01Z-00-DX1.3F1C053D-E81E-4C8D-965D-6F3DE29D9511,UCEC,phikon,Phikon,10x,2p5x,-1.9210422004155592,10,10× → 2.5×
TCGA-B5-A11F-01Z-00-DX1.3F1C053D-E81E-4C8D-965D-6F3DE29D9511,UCEC,phikon,Phikon,10x,40x,-0.32734236928690824,10,10× → 40×
TCGA-B5-A11F-01Z-00-DX1.3F1C053D-E81E-4C8D-965D-6F3DE29D9511,UCEC,phikon,Phikon,2p5x,10x,-1.494130400946677,10,2.5× → 10×
TCGA-B5-A11F-01Z-00-DX1.3F1C053D-E81E-4C8D-965D-6F3DE29D9511,UCEC,phikon,Phikon,2p5x,40x,-2.8703195709346496,10,2.5× → 40×
TCGA-B5-A11F-01Z-00-DX1.3F1C053D-E81E-4C8D-965D-6F3DE29D9511,UCEC,phikon,Phikon,40x,10x,-0.3604487914158961,10,40× → 10×
TCGA-B5-A11F-01Z-00-DX1.3F1C053D-E81E-4C8D-965D-6F3DE29D9511,UCEC,phikon,Phikon,40x,2p5x,-2.3091262140680264,10,40× → 2.5×
TCGA-B5-A11F-01Z-00-DX1.3F1C053D-E81E-4C8D-965D-6F3DE29D9511,UCEC,uni,UNI,10x,2p5x,-2.683629290451938,10,10× → 2.5×
TCGA-B5-A11F-01Z-00-DX1.3F1C053D-E81E-4C8D-965D-6F3DE29D9511,UCEC,uni,UNI,10x,40x,-0.7012466704869169,10,10× → 40×
TCGA-B5-A11F-01Z-00-DX1.3F1C053D-E81E-4C8D-965D-6F3DE29D9511,UCEC,uni,UNI,2p5x,10x,-3.7764489913095467,10,2.5× → 10×
TCGA-B5-A11F-01Z-00-DX1.3F1C053D-E81E-4C8D-965D-6F3DE29D9511,UCEC,uni,UNI,2p5x,40x,-4.1955744431912,10,2.5× → 40×
TCGA-B5-A11F-01Z-00-DX1.3F1C053D-E81E-4C8D-965D-6F3DE29D9511,UCEC,uni,UNI,40x,10x,-0.34744512164894165,10,40× → 10×
TCGA-B5-A11F-01Z-00-DX1.3F1C053D-E81E-4C8D-965D-6F3DE29D9511,UCEC,uni,UNI,40x,2p5x,-4.2942337118157266,10,40× → 2.5×
TCGA-B5-A11F-01Z-00-DX1.3F1C053D-E81E-4C8D-965D-6F3DE29D9511,UCEC,uni2,UNI2,10x,2p5x,-0.01765685476907453,10,10× → 2.5×
TCGA-B5-A11F-01Z-00-DX1.3F1C053D-E81E-4C8D-965D-6F3DE29D9511,UCEC,uni2,UNI2,10x,40x,-0.3712685685436218,10,10× → 40×
TCGA-B5-A11F-01Z-00-DX1.3F1C053D-E81E-4C8D-965D-6F3DE29D9511,UCEC,uni2,UNI2,2p5x,10x,-0.02805944873835255,10,2.5× → 10×
TCGA-B5-A11F-01Z-00-DX1.3F1C053D-E81E-4C8D-965D-6F3DE29D9511,UCEC,uni2,UNI2,2p5x,40x,-0.33310588334865077,10,2.5× → 40×
TCGA-B5-A11F-01Z-00-DX1.3F1C053D-E81E-4C8D-965D-6F3DE29D9511,UCEC,uni2,UNI2,40x,10x,-0.01730133635668911,10,40× → 10×
TCGA-B5-A11F-01Z-00-DX1.3F1C053D-E81E-4C8D-965D-6F3DE29D9511,UCEC,uni2,UNI2,40x,2p5x,-0.12139297608111299,10,40× → 2.5×
TCGA-B5-A11F-01Z-00-DX1.3F1C053D-E81E-4C8D-965D-6F3DE29D9511,UCEC,virchow,Virchow,10x,2p5x,-6.472535032502394,10,10× → 2.5×
TCGA-B5-A11F-01Z-00-DX1.3F1C053D-E81E-4C8D-965D-6F3DE29D9511,UCEC,virchow,Virchow,10x,40x,-0.3389600628555186,10,10× → 40×
TCGA-B5-A11F-01Z-00-DX1.3F1C053D-E81E-4C8D-965D-6F3DE29D9511,UCEC,virchow,Virchow,2p5x,10x,-4.969734221130609,10,2.5× → 10×
TCGA-B5-A11F-01Z-00-DX1.3F1C053D-E81E-4C8D-965D-6F3DE29D9511,UCEC,virchow,Virchow,2p5x,40x,-7.062330379145027,10,2.5× → 40×
TCGA-B5-A11F-01Z-00-DX1.3F1C053D-E81E-4C8D-965D-6F3DE29D9511,UCEC,virchow,Virchow,40x,10x,-0.0029241038949467703,10,40× → 10×
TCGA-B5-A11F-01Z-00-DX1.3F1C053D-E81E-4C8D-965D-6F3DE29D9511,UCEC,virchow,Virchow,40x,2p5x,-7.1711245587751025,10,40× → 2.5×
TCGA-B5-A11F-01Z-00-DX1.3F1C053D-E81E-4C8D-965D-6F3DE29D9511,UCEC,virchow2,Virchow2,10x,2p5x,-0.0007903200093472099,10,10× → 2.5×
TCGA-B5-A11F-01Z-00-DX1.3F1C053D-E81E-4C8D-965D-6F3DE29D9511,UCEC,virchow2,Virchow2,10x,40x,-0.31232129568778444,10,10× → 40×
TCGA-B5-A11F-01Z-00-DX1.3F1C053D-E81E-4C8D-965D-6F3DE29D9511,UCEC,virchow2,Virchow2,2p5x,10x,-0.506662082454608,10,2.5× → 10×
TCGA-B5-A11F-01Z-00-DX1.3F1C053D-E81E-4C8D-965D-6F3DE29D9511,UCEC,virchow2,Virchow2,2p5x,40x,-2.3118719715743117,10,2.5× → 40×
TCGA-B5-A11F-01Z-00-DX1.3F1C053D-E81E-4C8D-965D-6F3DE29D9511,UCEC,virchow2,Virchow2,40x,10x,-0.02049609384246991,10,40× → 10×
TCGA-B5-A11F-01Z-00-DX1.3F1C053D-E81E-4C8D-965D-6F3DE29D9511,UCEC,virchow2,Virchow2,40x,2p5x,-0.1866552878159434,10,40× → 2.5×
TCGA-BA-6871-01Z-00-DX1.4d9ca329-f8d5-4c31-a20f-9d4fba728326,HNSC,gigapath,GigaPath,10x,2p5x,-0.6145333500453368,10,10× → 2.5×
TCGA-BA-6871-01Z-00-DX1.4d9ca329-f8d5-4c31-a20f-9d4fba728326,HNSC,gigapath,GigaPath,10x,40x,1.1208395431555558,10,10× → 40×
TCGA-BA-6871-01Z-00-DX1.4d9ca329-f8d5-4c31-a20f-9d4fba728326,HNSC,gigapath,GigaPath,2p5x,10x,2.694546100923433,10,2.5× → 10×
TCGA-BA-6871-01Z-00-DX1.4d9ca329-f8d5-4c31-a20f-9d4fba728326,HNSC,gigapath,GigaPath,2p5x,40x,2.2532760528566755,10,2.5× → 40×
TCGA-BA-6871-01Z-00-DX1.4d9ca329-f8d5-4c31-a20f-9d4fba728326,HNSC,gigapath,GigaPath,40x,10x,3.422766858284146,10,40× → 10×
TCGA-BA-6871-01Z-00-DX1.4d9ca329-f8d5-4c31-a20f-9d4fba728326,HNSC,gigapath,GigaPath,40x,2p5x,3.6039730750191765,10,40× → 2.5×
TCGA-BA-6871-01Z-00-DX1.4d9ca329-f8d5-4c31-a20f-9d4fba728326,HNSC,gigapath_flash,GigaPath-Flash,10x,2p5x,1.0941843912478597,10,10× → 2.5×
TCGA-BA-6871-01Z-00-DX1.4d9ca329-f8d5-4c31-a20f-9d4fba728326,HNSC,gigapath_flash,GigaPath-Flash,10x,40x,1.5770679872553635,10,10× → 40×
TCGA-BA-6871-01Z-00-DX1.4d9ca329-f8d5-4c31-a20f-9d4fba728326,HNSC,gigapath_flash,GigaPath-Flash,2p5x,10x,0.9330386566788647,10,2.5× → 10×
TCGA-BA-6871-01Z-00-DX1.4d9ca329-f8d5-4c31-a20f-9d4fba728326,HNSC,gigapath_flash,GigaPath-Flash,2p5x,40x,-2.1285696547904136,10,2.5× → 40×
TCGA-BA-6871-01Z-00-DX1.4d9ca329-f8d5-4c31-a20f-9d4fba728326,HNSC,gigapath_flash,GigaPath-Flash,40x,10x,1.0474542188503515,10,40× → 10×
TCGA-BA-6871-01Z-00-DX1.4d9ca329-f8d5-4c31-a20f-9d4fba728326,HNSC,gigapath_flash,GigaPath-Flash,40x,2p5x,2.5925793628435594,10,40× → 2.5×
TCGA-BA-6871-01Z-00-DX1.4d9ca329-f8d5-4c31-a20f-9d4fba728326,HNSC,midnight,Midnight,10x,2p5x,0.03300641843278115,10,10× → 2.5×
TCGA-BA-6871-01Z-00-DX1.4d9ca329-f8d5-4c31-a20f-9d4fba728326,HNSC,midnight,Midnight,10x,40x,-0.9195439225073534,10,10× → 40×
TCGA-BA-6871-01Z-00-DX1.4d9ca329-f8d5-4c31-a20f-9d4fba728326,HNSC,midnight,Midnight,2p5x,10x,-0.9264507805120447,10,2.5× → 10×
TCGA-BA-6871-01Z-00-DX1.4d9ca329-f8d5-4c31-a20f-9d4fba728326,HNSC,midnight,Midnight,2p5x,40x,-1.432834562339872,10,2.5× → 40×
TCGA-BA-6871-01Z-00-DX1.4d9ca329-f8d5-4c31-a20f-9d4fba728326,HNSC,midnight,Midnight,40x,10x,-1.099071430667238,10,40× → 10×
TCGA-BA-6871-01Z-00-DX1.4d9ca329-f8d5-4c31-a20f-9d4fba728326,HNSC,midnight,Midnight,40x,2p5x,-0.4559817729640329,10,40× → 2.5×
TCGA-BA-6871-01Z-00-DX1.4d9ca329-f8d5-4c31-a20f-9d4fba728326,HNSC,phikon,Phikon,10x,2p5x,2.5755565358898798,10,10× → 2.5×
TCGA-BA-6871-01Z-00-DX1.4d9ca329-f8d5-4c31-a20f-9d4fba728326,HNSC,phikon,Phikon,10x,40x,1.7094167153425766,10,10× → 40×
TCGA-BA-6871-01Z-00-DX1.4d9ca329-f8d5-4c31-a20f-9d4fba728326,HNSC,phikon,Phikon,2p5x,10x,-0.9881266205475938,10,2.5× → 10×
TCGA-BA-6871-01Z-00-DX1.4d9ca329-f8d5-4c31-a20f-9d4fba728326,HNSC,phikon,Phikon,2p5x,40x,1.3187511712107878,10,2.5× → 40×
TCGA-BA-6871-01Z-00-DX1.4d9ca329-f8d5-4c31-a20f-9d4fba728326,HNSC,phikon,Phikon,40x,10x,0.5175010077294238,10,40× → 10×
TCGA-BA-6871-01Z-00-DX1.4d9ca329-f8d5-4c31-a20f-9d4fba728326,HNSC,phikon,Phikon,40x,2p5x,0.7767401126796989,10,40× → 2.5×
TCGA-BA-6871-01Z-00-DX1.4d9ca329-f8d5-4c31-a20f-9d4fba728326,HNSC,uni,UNI,10x,2p5x,2.555519463979862,10,10× → 2.5×
TCGA-BA-6871-01Z-00-DX1.4d9ca329-f8d5-4c31-a20f-9d4fba728326,HNSC,uni,UNI,10x,40x,1.346500459430599,10,10× → 40×
TCGA-BA-6871-01Z-00-DX1.4d9ca329-f8d5-4c31-a20f-9d4fba728326,HNSC,uni,UNI,2p5x,10x,-1.58903093073097,10,2.5× → 10×
TCGA-BA-6871-01Z-00-DX1.4d9ca329-f8d5-4c31-a20f-9d4fba728326,HNSC,uni,UNI,2p5x,40x,-1.7886554463859627,10,2.5× → 40×
TCGA-BA-6871-01Z-00-DX1.4d9ca329-f8d5-4c31-a20f-9d4fba728326,HNSC,uni,UNI,40x,10x,2.7212397027430577,10,40× → 10×
TCGA-BA-6871-01Z-00-DX1.4d9ca329-f8d5-4c31-a20f-9d4fba728326,HNSC,uni,UNI,40x,2p5x,3.6374691731363074,10,40× → 2.5×
TCGA-BA-6871-01Z-00-DX1.4d9ca329-f8d5-4c31-a20f-9d4fba728326,HNSC,uni2,UNI2,10x,2p5x,0.7085652915479574,10,10× → 2.5×
TCGA-BA-6871-01Z-00-DX1.4d9ca329-f8d5-4c31-a20f-9d4fba728326,HNSC,uni2,UNI2,10x,40x,0.48227666253112006,10,10× → 40×
TCGA-BA-6871-01Z-00-DX1.4d9ca329-f8d5-4c31-a20f-9d4fba728326,HNSC,uni2,UNI2,2p5x,10x,0.015793515019659088,10,2.5× → 10×
TCGA-BA-6871-01Z-00-DX1.4d9ca329-f8d5-4c31-a20f-9d4fba728326,HNSC,uni2,UNI2,2p5x,40x,-0.6388354525437865,10,2.5× → 40×
TCGA-BA-6871-01Z-00-DX1.4d9ca329-f8d5-4c31-a20f-9d4fba728326,HNSC,uni2,UNI2,40x,10x,1.4947918892415015,10,40× → 10×
TCGA-BA-6871-01Z-00-DX1.4d9ca329-f8d5-4c31-a20f-9d4fba728326,HNSC,uni2,UNI2,40x,2p5x,0.5611799854147038,10,40× → 2.5×
TCGA-BA-6871-01Z-00-DX1.4d9ca329-f8d5-4c31-a20f-9d4fba728326,HNSC,virchow,Virchow,10x,2p5x,2.456564115995993,10,10× → 2.5×
TCGA-BA-6871-01Z-00-DX1.4d9ca329-f8d5-4c31-a20f-9d4fba728326,HNSC,virchow,Virchow,10x,40x,-2.050198064187002,10,10× → 40×
TCGA-BA-6871-01Z-00-DX1.4d9ca329-f8d5-4c31-a20f-9d4fba728326,HNSC,virchow,Virchow,2p5x,10x,-3.6413239601984038,10,2.5× → 10×
TCGA-BA-6871-01Z-00-DX1.4d9ca329-f8d5-4c31-a20f-9d4fba728326,HNSC,virchow,Virchow,2p5x,40x,-2.795084849627914,10,2.5× → 40×
TCGA-BA-6871-01Z-00-DX1.4d9ca329-f8d5-4c31-a20f-9d4fba728326,HNSC,virchow,Virchow,40x,10x,0.8085573824260812,10,40× → 10×
TCGA-BA-6871-01Z-00-DX1.4d9ca329-f8d5-4c31-a20f-9d4fba728326,HNSC,virchow,Virchow,40x,2p5x,3.7497008400679674,10,40× → 2.5×
TCGA-BA-6871-01Z-00-DX1.4d9ca329-f8d5-4c31-a20f-9d4fba728326,HNSC,virchow2,Virchow2,10x,2p5x,4.597586376606357,10,10× → 2.5×
TCGA-BA-6871-01Z-00-DX1.4d9ca329-f8d5-4c31-a20f-9d4fba728326,HNSC,virchow2,Virchow2,10x,40x,-0.43334904025694615,10,10× → 40×
TCGA-BA-6871-01Z-00-DX1.4d9ca329-f8d5-4c31-a20f-9d4fba728326,HNSC,virchow2,Virchow2,2p5x,10x,0.0876183564025709,10,2.5× → 10×
TCGA-BA-6871-01Z-00-DX1.4d9ca329-f8d5-4c31-a20f-9d4fba728326,HNSC,virchow2,Virchow2,2p5x,40x,-0.6939033121053049,10,2.5× → 40×
TCGA-BA-6871-01Z-00-DX1.4d9ca329-f8d5-4c31-a20f-9d4fba728326,HNSC,virchow2,Virchow2,40x,10x,0.02363722747858149,10,40× → 10×
TCGA-BA-6871-01Z-00-DX1.4d9ca329-f8d5-4c31-a20f-9d4fba728326,HNSC,virchow2,Virchow2,40x,2p5x,3.4098396079108837,10,40× → 2.5×
TCGA-BA-6872-01Z-00-DX1.F99F6394-D319-4599-B124-D2A6692FA096,HNSC,gigapath,GigaPath,10x,2p5x,-2.598365152002259,10,10× → 2.5×
TCGA-BA-6872-01Z-00-DX1.F99F6394-D319-4599-B124-D2A6692FA096,HNSC,gigapath,GigaPath,10x,40x,0.21375577165945608,10,10× → 40×
TCGA-BA-6872-01Z-00-DX1.F99F6394-D319-4599-B124-D2A6692FA096,HNSC,gigapath,GigaPath,2p5x,10x,3.825012817288523,10,2.5× → 10×
TCGA-BA-6872-01Z-00-DX1.F99F6394-D319-4599-B124-D2A6692FA096,HNSC,gigapath,GigaPath,2p5x,40x,0.9962372317218453,10,2.5× → 40×
TCGA-BA-6872-01Z-00-DX1.F99F6394-D319-4599-B124-D2A6692FA096,HNSC,gigapath,GigaPath,40x,10x,2.0991605575404586,10,40× → 10×
TCGA-BA-6872-01Z-00-DX1.F99F6394-D319-4599-B124-D2A6692FA096,HNSC,gigapath,GigaPath,40x,2p5x,2.109906592459286,10,40× → 2.5×
TCGA-BA-6872-01Z-00-DX1.F99F6394-D319-4599-B124-D2A6692FA096,HNSC,gigapath_flash,GigaPath-Flash,10x,2p5x,-2.0343705122277513,10,10× → 2.5×
TCGA-BA-6872-01Z-00-DX1.F99F6394-D319-4599-B124-D2A6692FA096,HNSC,gigapath_flash,GigaPath-Flash,10x,40x,-0.7044567444654743,10,10× → 40×
TCGA-BA-6872-01Z-00-DX1.F99F6394-D319-4599-B124-D2A6692FA096,HNSC,gigapath_flash,GigaPath-Flash,2p5x,10x,1.942198130772463,10,2.5× → 10×
TCGA-BA-6872-01Z-00-DX1.F99F6394-D319-4599-B124-D2A6692FA096,HNSC,gigapath_flash,GigaPath-Flash,2p5x,40x,-3.96444040769534,10,2.5× → 40×
TCGA-BA-6872-01Z-00-DX1.F99F6394-D319-4599-B124-D2A6692FA096,HNSC,gigapath_flash,GigaPath-Flash,40x,10x,3.9305946423067075,10,40× → 10×
TCGA-BA-6872-01Z-00-DX1.F99F6394-D319-4599-B124-D2A6692FA096,HNSC,gigapath_flash,GigaPath-Flash,40x,2p5x,5.753037782114239,10,40× → 2.5×
TCGA-BA-6872-01Z-00-DX1.F99F6394-D319-4599-B124-D2A6692FA096,HNSC,midnight,Midnight,10x,2p5x,-0.07324763280511315,10,10× → 2.5×
TCGA-BA-6872-01Z-00-DX1.F99F6394-D319-4599-B124-D2A6692FA096,HNSC,midnight,Midnight,10x,40x,-0.6229830278504167,10,10× → 40×
TCGA-BA-6872-01Z-00-DX1.F99F6394-D319-4599-B124-D2A6692FA096,HNSC,midnight,Midnight,2p5x,10x,-0.4641759982714059,10,2.5× → 10×
TCGA-BA-6872-01Z-00-DX1.F99F6394-D319-4599-B124-D2A6692FA096,HNSC,midnight,Midnight,2p5x,40x,-1.8218429342994533,10,2.5× → 40×
TCGA-BA-6872-01Z-00-DX1.F99F6394-D319-4599-B124-D2A6692FA096,HNSC,midnight,Midnight,40x,10x,-0.9151143332145647,10,40× → 10×
TCGA-BA-6872-01Z-00-DX1.F99F6394-D319-4599-B124-D2A6692FA096,HNSC,midnight,Midnight,40x,2p5x,-0.7013260005095718,10,40× → 2.5×
TCGA-BA-6872-01Z-00-DX1.F99F6394-D319-4599-B124-D2A6692FA096,HNSC,phikon,Phikon,10x,2p5x,-0.8299906186974862,10,10× → 2.5×
TCGA-BA-6872-01Z-00-DX1.F99F6394-D319-4599-B124-D2A6692FA096,HNSC,phikon,Phikon,10x,40x,-0.7583534601596383,10,10× → 40×
TCGA-BA-6872-01Z-00-DX1.F99F6394-D319-4599-B124-D2A6692FA096,HNSC,phikon,Phikon,2p5x,10x,0.04241152034072924,10,2.5× → 10×
TCGA-BA-6872-01Z-00-DX1.F99F6394-D319-4599-B124-D2A6692FA096,HNSC,phikon,Phikon,2p5x,40x,-0.12927791057460664,10,2.5× → 40×
TCGA-BA-6872-01Z-00-DX1.F99F6394-D319-4599-B124-D2A6692FA096,HNSC,phikon,Phikon,40x,10x,0.5215938876367081,10,40× → 10×
TCGA-BA-6872-01Z-00-DX1.F99F6394-D319-4599-B124-D2A6692FA096,HNSC,phikon,Phikon,40x,2p5x,-0.15591795286741866,10,40× → 2.5×
TCGA-BA-6872-01Z-00-DX1.F99F6394-D319-4599-B124-D2A6692FA096,HNSC,uni,UNI,10x,2p5x,-1.3746068940878888,10,10× → 2.5×
TCGA-BA-6872-01Z-00-DX1.F99F6394-D319-4599-B124-D2A6692FA096,HNSC,uni,UNI,10x,40x,-1.8612633933900693,10,10× → 40×
TCGA-BA-6872-01Z-00-DX1.F99F6394-D319-4599-B124-D2A6692FA096,HNSC,uni,UNI,2p5x,10x,0.05145301148746042,10,2.5× → 10×
TCGA-BA-6872-01Z-00-DX1.F99F6394-D319-4599-B124-D2A6692FA096,HNSC,uni,UNI,2p5x,40x,-0.6460252616834486,10,2.5× → 40×
TCGA-BA-6872-01Z-00-DX1.F99F6394-D319-4599-B124-D2A6692FA096,HNSC,uni,UNI,40x,10x,1.269728078117962,10,40× → 10×
TCGA-BA-6872-01Z-00-DX1.F99F6394-D319-4599-B124-D2A6692FA096,HNSC,uni,UNI,40x,2p5x,-0.7149816359101286,10,40× → 2.5×
TCGA-BA-6872-01Z-00-DX1.F99F6394-D319-4599-B124-D2A6692FA096,HNSC,uni2,UNI2,10x,2p5x,-0.8658452145016146,10,10× → 2.5×
TCGA-BA-6872-01Z-00-DX1.F99F6394-D319-4599-B124-D2A6692FA096,HNSC,uni2,UNI2,10x,40x,-1.6450797846569614,10,10× → 40×
TCGA-BA-6872-01Z-00-DX1.F99F6394-D319-4599-B124-D2A6692FA096,HNSC,uni2,UNI2,2p5x,10x,0.3480584925454133,10,2.5× → 10×
TCGA-BA-6872-01Z-00-DX1.F99F6394-D319-4599-B124-D2A6692FA096,HNSC,uni2,UNI2,2p5x,40x,-1.538738048508461,10,2.5× → 40×
TCGA-BA-6872-01Z-00-DX1.F99F6394-D319-4599-B124-D2A6692FA096,HNSC,uni2,UNI2,40x,10x,-0.7860366782633532,10,40× → 10×
TCGA-BA-6872-01Z-00-DX1.F99F6394-D319-4599-B124-D2A6692FA096,HNSC,uni2,UNI2,40x,2p5x,-3.355499973858032,10,40× → 2.5×
TCGA-BA-6872-01Z-00-DX1.F99F6394-D319-4599-B124-D2A6692FA096,HNSC,virchow,Virchow,10x,2p5x,0.5253032957221893,10,10× → 2.5×
TCGA-BA-6872-01Z-00-DX1.F99F6394-D319-4599-B124-D2A6692FA096,HNSC,virchow,Virchow,10x,40x,-5.7040717275234,10,10× → 40×
TCGA-BA-6872-01Z-00-DX1.F99F6394-D319-4599-B124-D2A6692FA096,HNSC,virchow,Virchow,2p5x,10x,-8.173951938643214,10,2.5× → 10×
TCGA-BA-6872-01Z-00-DX1.F99F6394-D319-4599-B124-D2A6692FA096,HNSC,virchow,Virchow,2p5x,40x,-7.84565920633847,10,2.5× → 40×
TCGA-BA-6872-01Z-00-DX1.F99F6394-D319-4599-B124-D2A6692FA096,HNSC,virchow,Virchow,40x,10x,0.6796312338539288,10,40× → 10×
TCGA-BA-6872-01Z-00-DX1.F99F6394-D319-4599-B124-D2A6692FA096,HNSC,virchow,Virchow,40x,2p5x,-2.4819619170501346,10,40× → 2.5×
TCGA-BA-6872-01Z-00-DX1.F99F6394-D319-4599-B124-D2A6692FA096,HNSC,virchow2,Virchow2,10x,2p5x,-0.03113548245983021,10,10× → 2.5×
TCGA-BA-6872-01Z-00-DX1.F99F6394-D319-4599-B124-D2A6692FA096,HNSC,virchow2,Virchow2,10x,40x,-0.5607270871396747,10,10× → 40×
TCGA-BA-6872-01Z-00-DX1.F99F6394-D319-4599-B124-D2A6692FA096,HNSC,virchow2,Virchow2,2p5x,10x,0.28107791385532116,10,2.5× → 10×
TCGA-BA-6872-01Z-00-DX1.F99F6394-D319-4599-B124-D2A6692FA096,HNSC,virchow2,Virchow2,2p5x,40x,-1.398619156045468,10,2.5× → 40×
TCGA-BA-6872-01Z-00-DX1.F99F6394-D319-4599-B124-D2A6692FA096,HNSC,virchow2,Virchow2,40x,10x,1.5263956305162547,10,40× → 10×
TCGA-BA-6872-01Z-00-DX1.F99F6394-D319-4599-B124-D2A6692FA096,HNSC,virchow2,Virchow2,40x,2p5x,0.977543315285069,10,40× → 2.5×
TCGA-BG-A0W1-01Z-00-DX1.8E06269C-1278-478B-A128-59FA911B1649,UCEC,gigapath,GigaPath,10x,2p5x,-0.693531024447503,10,10× → 2.5×
TCGA-BG-A0W1-01Z-00-DX1.8E06269C-1278-478B-A128-59FA911B1649,UCEC,gigapath,GigaPath,10x,40x,-3.069082348615739,10,10× → 40×
TCGA-BG-A0W1-01Z-00-DX1.8E06269C-1278-478B-A128-59FA911B1649,UCEC,gigapath,GigaPath,2p5x,10x,-0.7351380419853015,10,2.5× → 10×
TCGA-BG-A0W1-01Z-00-DX1.8E06269C-1278-478B-A128-59FA911B1649,UCEC,gigapath,GigaPath,2p5x,40x,-2.6476989966278817,10,2.5× → 40×
TCGA-BG-A0W1-01Z-00-DX1.8E06269C-1278-478B-A128-59FA911B1649,UCEC,gigapath,GigaPath,40x,10x,-0.6392684350750918,10,40× → 10×
TCGA-BG-A0W1-01Z-00-DX1.8E06269C-1278-478B-A128-59FA911B1649,UCEC,gigapath,GigaPath,40x,2p5x,-4.56620460465183,10,40× → 2.5×
TCGA-BG-A0W1-01Z-00-DX1.8E06269C-1278-478B-A128-59FA911B1649,UCEC,gigapath_flash,GigaPath-Flash,10x,2p5x,-1.51491766833392,10,10× → 2.5×
TCGA-BG-A0W1-01Z-00-DX1.8E06269C-1278-478B-A128-59FA911B1649,UCEC,gigapath_flash,GigaPath-Flash,10x,40x,-4.254179310014308,10,10× → 40×
TCGA-BG-A0W1-01Z-00-DX1.8E06269C-1278-478B-A128-59FA911B1649,UCEC,gigapath_flash,GigaPath-Flash,2p5x,10x,-0.5710849360903744,10,2.5× → 10×
TCGA-BG-A0W1-01Z-00-DX1.8E06269C-1278-478B-A128-59FA911B1649,UCEC,gigapath_flash,GigaPath-Flash,2p5x,40x,-5.085857645068754,10,2.5× → 40×
TCGA-BG-A0W1-01Z-00-DX1.8E06269C-1278-478B-A128-59FA911B1649,UCEC,gigapath_flash,GigaPath-Flash,40x,10x,0.36200402829570844,10,40× → 10×
TCGA-BG-A0W1-01Z-00-DX1.8E06269C-1278-478B-A128-59FA911B1649,UCEC,gigapath_flash,GigaPath-Flash,40x,2p5x,-5.33670149059037,10,40× → 2.5×
TCGA-BG-A0W1-01Z-00-DX1.8E06269C-1278-478B-A128-59FA911B1649,UCEC,midnight,Midnight,10x,2p5x,-0.09273238017540403,10,10× → 2.5×
TCGA-BG-A0W1-01Z-00-DX1.8E06269C-1278-478B-A128-59FA911B1649,UCEC,midnight,Midnight,10x,40x,-0.3756503064058282,10,10× → 40×
TCGA-BG-A0W1-01Z-00-DX1.8E06269C-1278-478B-A128-59FA911B1649,UCEC,midnight,Midnight,2p5x,10x,-0.1687983314663289,10,2.5× → 10×
TCGA-BG-A0W1-01Z-00-DX1.8E06269C-1278-478B-A128-59FA911B1649,UCEC,midnight,Midnight,2p5x,40x,-0.9393022186099129,10,2.5× → 40×
TCGA-BG-A0W1-01Z-00-DX1.8E06269C-1278-478B-A128-59FA911B1649,UCEC,midnight,Midnight,40x,10x,-0.3486458849470474,10,40× → 10×
TCGA-BG-A0W1-01Z-00-DX1.8E06269C-1278-478B-A128-59FA911B1649,UCEC,midnight,Midnight,40x,2p5x,-0.8945857432740608,10,40× → 2.5×
TCGA-BG-A0W1-01Z-00-DX1.8E06269C-1278-478B-A128-59FA911B1649,UCEC,phikon,Phikon,10x,2p5x,-3.327028259655718,10,10× → 2.5×
TCGA-BG-A0W1-01Z-00-DX1.8E06269C-1278-478B-A128-59FA911B1649,UCEC,phikon,Phikon,10x,40x,-0.6382794666225723,10,10× → 40×
TCGA-BG-A0W1-01Z-00-DX1.8E06269C-1278-478B-A128-59FA911B1649,UCEC,phikon,Phikon,2p5x,10x,-0.5536144786161695,10,2.5× → 10×
TCGA-BG-A0W1-01Z-00-DX1.8E06269C-1278-478B-A128-59FA911B1649,UCEC,phikon,Phikon,2p5x,40x,0.595561086273802,10,2.5× → 40×
TCGA-BG-A0W1-01Z-00-DX1.8E06269C-1278-478B-A128-59FA911B1649,UCEC,phikon,Phikon,40x,10x,-0.12828642947222307,10,40× → 10×
TCGA-BG-A0W1-01Z-00-DX1.8E06269C-1278-478B-A128-59FA911B1649,UCEC,phikon,Phikon,40x,2p5x,-3.125443694085445,10,40× → 2.5×
TCGA-BG-A0W1-01Z-00-DX1.8E06269C-1278-478B-A128-59FA911B1649,UCEC,uni,UNI,10x,2p5x,-2.4338122796266517,10,10× → 2.5×
TCGA-BG-A0W1-01Z-00-DX1.8E06269C-1278-478B-A128-59FA911B1649,UCEC,uni,UNI,10x,40x,-1.5706311004461948,10,10× → 40×
TCGA-BG-A0W1-01Z-00-DX1.8E06269C-1278-478B-A128-59FA911B1649,UCEC,uni,UNI,2p5x,10x,-2.440834459696098,10,2.5× → 10×
TCGA-BG-A0W1-01Z-00-DX1.8E06269C-1278-478B-A128-59FA911B1649,UCEC,uni,UNI,2p5x,40x,-1.8266762656194822,10,2.5× → 40×
TCGA-BG-A0W1-01Z-00-DX1.8E06269C-1278-478B-A128-59FA911B1649,UCEC,uni,UNI,40x,10x,-0.04294783748645101,10,40× → 10×
TCGA-BG-A0W1-01Z-00-DX1.8E06269C-1278-478B-A128-59FA911B1649,UCEC,uni,UNI,40x,2p5x,-4.35939359418245,10,40× → 2.5×
TCGA-BG-A0W1-01Z-00-DX1.8E06269C-1278-478B-A128-59FA911B1649,UCEC,uni2,UNI2,10x,2p5x,-0.009833931388646511,10,10× → 2.5×
TCGA-BG-A0W1-01Z-00-DX1.8E06269C-1278-478B-A128-59FA911B1649,UCEC,uni2,UNI2,10x,40x,-0.5320604256953356,10,10× → 40×
TCGA-BG-A0W1-01Z-00-DX1.8E06269C-1278-478B-A128-59FA911B1649,UCEC,uni2,UNI2,2p5x,10x,-0.04304560979211473,10,2.5× → 10×
TCGA-BG-A0W1-01Z-00-DX1.8E06269C-1278-478B-A128-59FA911B1649,UCEC,uni2,UNI2,2p5x,40x,-0.4195784418637191,10,2.5× → 40×
TCGA-BG-A0W1-01Z-00-DX1.8E06269C-1278-478B-A128-59FA911B1649,UCEC,uni2,UNI2,40x,10x,-0.07500370153109875,10,40× → 10×
TCGA-BG-A0W1-01Z-00-DX1.8E06269C-1278-478B-A128-59FA911B1649,UCEC,uni2,UNI2,40x,2p5x,-0.0360748190488777,10,40× → 2.5×
TCGA-BG-A0W1-01Z-00-DX1.8E06269C-1278-478B-A128-59FA911B1649,UCEC,virchow,Virchow,10x,2p5x,-6.455475999033344,10,10× → 2.5×
TCGA-BG-A0W1-01Z-00-DX1.8E06269C-1278-478B-A128-59FA911B1649,UCEC,virchow,Virchow,10x,40x,-3.2471601258871785,10,10× → 40×
TCGA-BG-A0W1-01Z-00-DX1.8E06269C-1278-478B-A128-59FA911B1649,UCEC,virchow,Virchow,2p5x,10x,-2.718625699618323,10,2.5× → 10×
TCGA-BG-A0W1-01Z-00-DX1.8E06269C-1278-478B-A128-59FA911B1649,UCEC,virchow,Virchow,2p5x,40x,-3.716479093448526,10,2.5× → 40×
TCGA-BG-A0W1-01Z-00-DX1.8E06269C-1278-478B-A128-59FA911B1649,UCEC,virchow,Virchow,40x,10x,0.010286573339280871,10,40× → 10×
TCGA-BG-A0W1-01Z-00-DX1.8E06269C-1278-478B-A128-59FA911B1649,UCEC,virchow,Virchow,40x,2p5x,-6.676322614512467,10,40× → 2.5×
TCGA-BG-A0W1-01Z-00-DX1.8E06269C-1278-478B-A128-59FA911B1649,UCEC,virchow2,Virchow2,10x,2p5x,-7.89521062271339e-05,10,10× → 2.5×
TCGA-BG-A0W1-01Z-00-DX1.8E06269C-1278-478B-A128-59FA911B1649,UCEC,virchow2,Virchow2,10x,40x,-0.6169764115983976,10,10× → 40×
TCGA-BG-A0W1-01Z-00-DX1.8E06269C-1278-478B-A128-59FA911B1649,UCEC,virchow2,Virchow2,2p5x,10x,-0.21261023772434057,10,2.5× → 10×
TCGA-BG-A0W1-01Z-00-DX1.8E06269C-1278-478B-A128-59FA911B1649,UCEC,virchow2,Virchow2,2p5x,40x,-1.9536912276518872,10,2.5× → 40×
TCGA-BG-A0W1-01Z-00-DX1.8E06269C-1278-478B-A128-59FA911B1649,UCEC,virchow2,Virchow2,40x,10x,-0.05220817021410409,10,40× → 10×
TCGA-BG-A0W1-01Z-00-DX1.8E06269C-1278-478B-A128-59FA911B1649,UCEC,virchow2,Virchow2,40x,2p5x,-0.092670333838995,10,40× → 2.5×
TCGA-BH-A0C1-01Z-00-DX1.21FE357E-B182-4397-BFEF-7E96E994236A,BRCA,gigapath,GigaPath,10x,2p5x,-2.101324738489278,10,10× → 2.5×
TCGA-BH-A0C1-01Z-00-DX1.21FE357E-B182-4397-BFEF-7E96E994236A,BRCA,gigapath,GigaPath,10x,40x,-0.33643795837788915,10,10× → 40×
TCGA-BH-A0C1-01Z-00-DX1.21FE357E-B182-4397-BFEF-7E96E994236A,BRCA,gigapath,GigaPath,2p5x,10x,-0.01990264257208204,10,2.5× → 10×
TCGA-BH-A0C1-01Z-00-DX1.21FE357E-B182-4397-BFEF-7E96E994236A,BRCA,gigapath,GigaPath,2p5x,40x,-2.346165970889222,10,2.5× → 40×
TCGA-BH-A0C1-01Z-00-DX1.21FE357E-B182-4397-BFEF-7E96E994236A,BRCA,gigapath,GigaPath,40x,10x,-2.2174429954208232,10,40× → 10×
TCGA-BH-A0C1-01Z-00-DX1.21FE357E-B182-4397-BFEF-7E96E994236A,BRCA,gigapath,GigaPath,40x,2p5x,-5.185526154361296,10,40× → 2.5×
TCGA-BH-A0C1-01Z-00-DX1.21FE357E-B182-4397-BFEF-7E96E994236A,BRCA,gigapath_flash,GigaPath-Flash,10x,2p5x,-3.109265402231906,10,10× → 2.5×
TCGA-BH-A0C1-01Z-00-DX1.21FE357E-B182-4397-BFEF-7E96E994236A,BRCA,gigapath_flash,GigaPath-Flash,10x,40x,-0.38281136328379506,10,10× → 40×
TCGA-BH-A0C1-01Z-00-DX1.21FE357E-B182-4397-BFEF-7E96E994236A,BRCA,gigapath_flash,GigaPath-Flash,2p5x,10x,0.0017613457629181198,10,2.5× → 10×
TCGA-BH-A0C1-01Z-00-DX1.21FE357E-B182-4397-BFEF-7E96E994236A,BRCA,gigapath_flash,GigaPath-Flash,2p5x,40x,-3.4505695919644794,10,2.5× → 40×
TCGA-BH-A0C1-01Z-00-DX1.21FE357E-B182-4397-BFEF-7E96E994236A,BRCA,gigapath_flash,GigaPath-Flash,40x,10x,-4.74900770571252,10,40× → 10×
TCGA-BH-A0C1-01Z-00-DX1.21FE357E-B182-4397-BFEF-7E96E994236A,BRCA,gigapath_flash,GigaPath-Flash,40x,2p5x,-5.92441537097936,10,40× → 2.5×
TCGA-BH-A0C1-01Z-00-DX1.21FE357E-B182-4397-BFEF-7E96E994236A,BRCA,midnight,Midnight,10x,2p5x,-0.05973673892198579,10,10× → 2.5×
TCGA-BH-A0C1-01Z-00-DX1.21FE357E-B182-4397-BFEF-7E96E994236A,BRCA,midnight,Midnight,10x,40x,-0.4518653213141052,10,10× → 40×
TCGA-BH-A0C1-01Z-00-DX1.21FE357E-B182-4397-BFEF-7E96E994236A,BRCA,midnight,Midnight,2p5x,10x,-0.17492568183001336,10,2.5× → 10×
TCGA-BH-A0C1-01Z-00-DX1.21FE357E-B182-4397-BFEF-7E96E994236A,BRCA,midnight,Midnight,2p5x,40x,-0.5822904609051004,10,2.5× → 40×
TCGA-BH-A0C1-01Z-00-DX1.21FE357E-B182-4397-BFEF-7E96E994236A,BRCA,midnight,Midnight,40x,10x,-0.5661560541703209,10,40× → 10×
TCGA-BH-A0C1-01Z-00-DX1.21FE357E-B182-4397-BFEF-7E96E994236A,BRCA,midnight,Midnight,40x,2p5x,-0.659516508741365,10,40× → 2.5×
TCGA-BH-A0C1-01Z-00-DX1.21FE357E-B182-4397-BFEF-7E96E994236A,BRCA,phikon,Phikon,10x,2p5x,-2.1590183937455723,10,10× → 2.5×
TCGA-BH-A0C1-01Z-00-DX1.21FE357E-B182-4397-BFEF-7E96E994236A,BRCA,phikon,Phikon,10x,40x,-2.9810612662617286,10,10× → 40×
TCGA-BH-A0C1-01Z-00-DX1.21FE357E-B182-4397-BFEF-7E96E994236A,BRCA,phikon,Phikon,2p5x,10x,-3.0872315656312215,10,2.5× → 10×
TCGA-BH-A0C1-01Z-00-DX1.21FE357E-B182-4397-BFEF-7E96E994236A,BRCA,phikon,Phikon,2p5x,40x,-9.413677619647055,10,2.5× → 40×
TCGA-BH-A0C1-01Z-00-DX1.21FE357E-B182-4397-BFEF-7E96E994236A,BRCA,phikon,Phikon,40x,10x,-0.22478623459839783,10,40× → 10×
TCGA-BH-A0C1-01Z-00-DX1.21FE357E-B182-4397-BFEF-7E96E994236A,BRCA,phikon,Phikon,40x,2p5x,-2.4110223008099374,10,40× → 2.5×
TCGA-BH-A0C1-01Z-00-DX1.21FE357E-B182-4397-BFEF-7E96E994236A,BRCA,uni,UNI,10x,2p5x,-1.9981570936703463,10,10× → 2.5×
TCGA-BH-A0C1-01Z-00-DX1.21FE357E-B182-4397-BFEF-7E96E994236A,BRCA,uni,UNI,10x,40x,-0.66786380667382,10,10× → 40×
TCGA-BH-A0C1-01Z-00-DX1.21FE357E-B182-4397-BFEF-7E96E994236A,BRCA,uni,UNI,2p5x,10x,-0.034382367574179,10,2.5× → 10×
TCGA-BH-A0C1-01Z-00-DX1.21FE357E-B182-4397-BFEF-7E96E994236A,BRCA,uni,UNI,2p5x,40x,-0.1772110213285033,10,2.5× → 40×
TCGA-BH-A0C1-01Z-00-DX1.21FE357E-B182-4397-BFEF-7E96E994236A,BRCA,uni,UNI,40x,10x,-0.9337674795319068,10,40× → 10×
TCGA-BH-A0C1-01Z-00-DX1.21FE357E-B182-4397-BFEF-7E96E994236A,BRCA,uni,UNI,40x,2p5x,-3.8251688455966812,10,40× → 2.5×
TCGA-BH-A0C1-01Z-00-DX1.21FE357E-B182-4397-BFEF-7E96E994236A,BRCA,uni2,UNI2,10x,2p5x,-0.04978102469251721,10,10× → 2.5×
TCGA-BH-A0C1-01Z-00-DX1.21FE357E-B182-4397-BFEF-7E96E994236A,BRCA,uni2,UNI2,10x,40x,-1.3333820970386412,10,10× → 40×
TCGA-BH-A0C1-01Z-00-DX1.21FE357E-B182-4397-BFEF-7E96E994236A,BRCA,uni2,UNI2,2p5x,10x,-0.20303034162380368,10,2.5× → 10×
TCGA-BH-A0C1-01Z-00-DX1.21FE357E-B182-4397-BFEF-7E96E994236A,BRCA,uni2,UNI2,2p5x,40x,-2.833326507831604,10,2.5× → 40×
TCGA-BH-A0C1-01Z-00-DX1.21FE357E-B182-4397-BFEF-7E96E994236A,BRCA,uni2,UNI2,40x,10x,-0.42910436175404276,10,40× → 10×
TCGA-BH-A0C1-01Z-00-DX1.21FE357E-B182-4397-BFEF-7E96E994236A,BRCA,uni2,UNI2,40x,2p5x,-0.7923577831879587,10,40× → 2.5×
TCGA-BH-A0C1-01Z-00-DX1.21FE357E-B182-4397-BFEF-7E96E994236A,BRCA,virchow,Virchow,10x,2p5x,-1.8376749276802111,10,10× → 2.5×
TCGA-BH-A0C1-01Z-00-DX1.21FE357E-B182-4397-BFEF-7E96E994236A,BRCA,virchow,Virchow,10x,40x,-1.5800878493502613,10,10× → 40×
TCGA-BH-A0C1-01Z-00-DX1.21FE357E-B182-4397-BFEF-7E96E994236A,BRCA,virchow,Virchow,2p5x,10x,-0.11989308679848057,10,2.5× → 10×
TCGA-BH-A0C1-01Z-00-DX1.21FE357E-B182-4397-BFEF-7E96E994236A,BRCA,virchow,Virchow,2p5x,40x,-1.2712838691222519,10,2.5× → 40×
TCGA-BH-A0C1-01Z-00-DX1.21FE357E-B182-4397-BFEF-7E96E994236A,BRCA,virchow,Virchow,40x,10x,-1.0657500060285994,10,40× → 10×
TCGA-BH-A0C1-01Z-00-DX1.21FE357E-B182-4397-BFEF-7E96E994236A,BRCA,virchow,Virchow,40x,2p5x,-3.346943709203893,10,40× → 2.5×
TCGA-BH-A0C1-01Z-00-DX1.21FE357E-B182-4397-BFEF-7E96E994236A,BRCA,virchow2,Virchow2,10x,2p5x,-0.006373047304369101,10,10× → 2.5×
TCGA-BH-A0C1-01Z-00-DX1.21FE357E-B182-4397-BFEF-7E96E994236A,BRCA,virchow2,Virchow2,10x,40x,-0.13186158598685216,10,10× → 40×
TCGA-BH-A0C1-01Z-00-DX1.21FE357E-B182-4397-BFEF-7E96E994236A,BRCA,virchow2,Virchow2,2p5x,10x,-0.00543519545542805,10,2.5× → 10×
TCGA-BH-A0C1-01Z-00-DX1.21FE357E-B182-4397-BFEF-7E96E994236A,BRCA,virchow2,Virchow2,2p5x,40x,-0.3578271641557886,10,2.5× → 40×
TCGA-BH-A0C1-01Z-00-DX1.21FE357E-B182-4397-BFEF-7E96E994236A,BRCA,virchow2,Virchow2,40x,10x,-0.38200076489952456,10,40× → 10×
TCGA-BH-A0C1-01Z-00-DX1.21FE357E-B182-4397-BFEF-7E96E994236A,BRCA,virchow2,Virchow2,40x,2p5x,-0.3613923130929376,10,40× → 2.5×
TCGA-BP-4991-01Z-00-DX1.71305f5c-ca59-48fa-bb82-4b441c1fffdc,KIRC,gigapath,GigaPath,10x,2p5x,-0.6310196541037218,10,10× → 2.5×
TCGA-BP-4991-01Z-00-DX1.71305f5c-ca59-48fa-bb82-4b441c1fffdc,KIRC,gigapath,GigaPath,10x,40x,-0.4504939390531352,10,10× → 40×
TCGA-BP-4991-01Z-00-DX1.71305f5c-ca59-48fa-bb82-4b441c1fffdc,KIRC,gigapath,GigaPath,2p5x,10x,-5.22806103341685,10,2.5× → 10×
TCGA-BP-4991-01Z-00-DX1.71305f5c-ca59-48fa-bb82-4b441c1fffdc,KIRC,gigapath,GigaPath,2p5x,40x,-0.5378830504828432,10,2.5× → 40×
TCGA-BP-4991-01Z-00-DX1.71305f5c-ca59-48fa-bb82-4b441c1fffdc,KIRC,gigapath,GigaPath,40x,10x,-0.26111905829688953,10,40× → 10×
TCGA-BP-4991-01Z-00-DX1.71305f5c-ca59-48fa-bb82-4b441c1fffdc,KIRC,gigapath,GigaPath,40x,2p5x,-1.5488199825476185,10,40× → 2.5×
TCGA-BP-4991-01Z-00-DX1.71305f5c-ca59-48fa-bb82-4b441c1fffdc,KIRC,gigapath_flash,GigaPath-Flash,10x,2p5x,-0.9598153868777081,10,10× → 2.5×
TCGA-BP-4991-01Z-00-DX1.71305f5c-ca59-48fa-bb82-4b441c1fffdc,KIRC,gigapath_flash,GigaPath-Flash,10x,40x,-0.4000907739678519,10,10× → 40×
TCGA-BP-4991-01Z-00-DX1.71305f5c-ca59-48fa-bb82-4b441c1fffdc,KIRC,gigapath_flash,GigaPath-Flash,2p5x,10x,-4.565880358428958,10,2.5× → 10×
TCGA-BP-4991-01Z-00-DX1.71305f5c-ca59-48fa-bb82-4b441c1fffdc,KIRC,gigapath_flash,GigaPath-Flash,2p5x,40x,-2.5802985979499438,10,2.5× → 40×
TCGA-BP-4991-01Z-00-DX1.71305f5c-ca59-48fa-bb82-4b441c1fffdc,KIRC,gigapath_flash,GigaPath-Flash,40x,10x,-0.12318133016617967,10,40× → 10×
TCGA-BP-4991-01Z-00-DX1.71305f5c-ca59-48fa-bb82-4b441c1fffdc,KIRC,gigapath_flash,GigaPath-Flash,40x,2p5x,-0.888878322563224,10,40× → 2.5×
TCGA-BP-4991-01Z-00-DX1.71305f5c-ca59-48fa-bb82-4b441c1fffdc,KIRC,midnight,Midnight,10x,2p5x,-0.272106706169217,10,10× → 2.5×
TCGA-BP-4991-01Z-00-DX1.71305f5c-ca59-48fa-bb82-4b441c1fffdc,KIRC,midnight,Midnight,10x,40x,-0.669556572307746,10,10× → 40×
TCGA-BP-4991-01Z-00-DX1.71305f5c-ca59-48fa-bb82-4b441c1fffdc,KIRC,midnight,Midnight,2p5x,10x,-0.48151816004588366,10,2.5× → 10×
TCGA-BP-4991-01Z-00-DX1.71305f5c-ca59-48fa-bb82-4b441c1fffdc,KIRC,midnight,Midnight,2p5x,40x,-0.7449121710931328,10,2.5× → 40×
TCGA-BP-4991-01Z-00-DX1.71305f5c-ca59-48fa-bb82-4b441c1fffdc,KIRC,midnight,Midnight,40x,10x,-0.8472103573031594,10,40× → 10×
TCGA-BP-4991-01Z-00-DX1.71305f5c-ca59-48fa-bb82-4b441c1fffdc,KIRC,midnight,Midnight,40x,2p5x,-0.7067933019221743,10,40× → 2.5×
TCGA-BP-4991-01Z-00-DX1.71305f5c-ca59-48fa-bb82-4b441c1fffdc,KIRC,phikon,Phikon,10x,2p5x,-0.9328559321725963,10,10× → 2.5×
TCGA-BP-4991-01Z-00-DX1.71305f5c-ca59-48fa-bb82-4b441c1fffdc,KIRC,phikon,Phikon,10x,40x,-2.2857284689889874,10,10× → 40×
TCGA-BP-4991-01Z-00-DX1.71305f5c-ca59-48fa-bb82-4b441c1fffdc,KIRC,phikon,Phikon,2p5x,10x,-1.4724582914542388,10,2.5× → 10×
TCGA-BP-4991-01Z-00-DX1.71305f5c-ca59-48fa-bb82-4b441c1fffdc,KIRC,phikon,Phikon,2p5x,40x,-2.810784401527966,10,2.5× → 40×
TCGA-BP-4991-01Z-00-DX1.71305f5c-ca59-48fa-bb82-4b441c1fffdc,KIRC,phikon,Phikon,40x,10x,-1.1362839603588955,10,40× → 10×
TCGA-BP-4991-01Z-00-DX1.71305f5c-ca59-48fa-bb82-4b441c1fffdc,KIRC,phikon,Phikon,40x,2p5x,-1.8621638185986478,10,40× → 2.5×
TCGA-BP-4991-01Z-00-DX1.71305f5c-ca59-48fa-bb82-4b441c1fffdc,KIRC,uni,UNI,10x,2p5x,-0.4704935187823162,10,10× → 2.5×
TCGA-BP-4991-01Z-00-DX1.71305f5c-ca59-48fa-bb82-4b441c1fffdc,KIRC,uni,UNI,10x,40x,-0.08645756510600038,10,10× → 40×
TCGA-BP-4991-01Z-00-DX1.71305f5c-ca59-48fa-bb82-4b441c1fffdc,KIRC,uni,UNI,2p5x,10x,-1.2298884828193186,10,2.5× → 10×
TCGA-BP-4991-01Z-00-DX1.71305f5c-ca59-48fa-bb82-4b441c1fffdc,KIRC,uni,UNI,2p5x,40x,-2.3010835714755165,10,2.5× → 40×
TCGA-BP-4991-01Z-00-DX1.71305f5c-ca59-48fa-bb82-4b441c1fffdc,KIRC,uni,UNI,40x,10x,-0.07447987634186025,10,40× → 10×
TCGA-BP-4991-01Z-00-DX1.71305f5c-ca59-48fa-bb82-4b441c1fffdc,KIRC,uni,UNI,40x,2p5x,-0.7285455951818638,10,40× → 2.5×
TCGA-BP-4991-01Z-00-DX1.71305f5c-ca59-48fa-bb82-4b441c1fffdc,KIRC,uni2,UNI2,10x,2p5x,-0.0004109895966919439,10,10× → 2.5×
TCGA-BP-4991-01Z-00-DX1.71305f5c-ca59-48fa-bb82-4b441c1fffdc,KIRC,uni2,UNI2,10x,40x,-0.01280146399476292,10,10× → 40×
TCGA-BP-4991-01Z-00-DX1.71305f5c-ca59-48fa-bb82-4b441c1fffdc,KIRC,uni2,UNI2,2p5x,10x,-0.07330995711688847,10,2.5× → 10×
TCGA-BP-4991-01Z-00-DX1.71305f5c-ca59-48fa-bb82-4b441c1fffdc,KIRC,uni2,UNI2,2p5x,40x,-0.38800579225596254,10,2.5× → 40×
TCGA-BP-4991-01Z-00-DX1.71305f5c-ca59-48fa-bb82-4b441c1fffdc,KIRC,uni2,UNI2,40x,10x,0.00518494054364157,10,40× → 10×
TCGA-BP-4991-01Z-00-DX1.71305f5c-ca59-48fa-bb82-4b441c1fffdc,KIRC,uni2,UNI2,40x,2p5x,0.00506331476035484,10,40× → 2.5×
TCGA-BP-4991-01Z-00-DX1.71305f5c-ca59-48fa-bb82-4b441c1fffdc,KIRC,virchow,Virchow,10x,2p5x,-1.8489199306360873,10,10× → 2.5×
TCGA-BP-4991-01Z-00-DX1.71305f5c-ca59-48fa-bb82-4b441c1fffdc,KIRC,virchow,Virchow,10x,40x,-0.13866672608161987,10,10× → 40×
TCGA-BP-4991-01Z-00-DX1.71305f5c-ca59-48fa-bb82-4b441c1fffdc,KIRC,virchow,Virchow,2p5x,10x,-4.7167931981183315,10,2.5× → 10×
TCGA-BP-4991-01Z-00-DX1.71305f5c-ca59-48fa-bb82-4b441c1fffdc,KIRC,virchow,Virchow,2p5x,40x,-4.503933824950717,10,2.5× → 40×
TCGA-BP-4991-01Z-00-DX1.71305f5c-ca59-48fa-bb82-4b441c1fffdc,KIRC,virchow,Virchow,40x,10x,-0.05672529763452837,10,40× → 10×
TCGA-BP-4991-01Z-00-DX1.71305f5c-ca59-48fa-bb82-4b441c1fffdc,KIRC,virchow,Virchow,40x,2p5x,-2.417200364338078,10,40× → 2.5×
TCGA-BP-4991-01Z-00-DX1.71305f5c-ca59-48fa-bb82-4b441c1fffdc,KIRC,virchow2,Virchow2,10x,2p5x,-0.05336649573551418,10,10× → 2.5×
TCGA-BP-4991-01Z-00-DX1.71305f5c-ca59-48fa-bb82-4b441c1fffdc,KIRC,virchow2,Virchow2,10x,40x,-0.004280553755985879,10,10× → 40×
TCGA-BP-4991-01Z-00-DX1.71305f5c-ca59-48fa-bb82-4b441c1fffdc,KIRC,virchow2,Virchow2,2p5x,10x,-0.031196574673909953,10,2.5× → 10×
TCGA-BP-4991-01Z-00-DX1.71305f5c-ca59-48fa-bb82-4b441c1fffdc,KIRC,virchow2,Virchow2,2p5x,40x,-0.04069617812894426,10,2.5× → 40×
TCGA-BP-4991-01Z-00-DX1.71305f5c-ca59-48fa-bb82-4b441c1fffdc,KIRC,virchow2,Virchow2,40x,10x,-0.00910089759056515,10,40× → 10×
TCGA-BP-4991-01Z-00-DX1.71305f5c-ca59-48fa-bb82-4b441c1fffdc,KIRC,virchow2,Virchow2,40x,2p5x,-0.19140962430960765,10,40× → 2.5×
TCGA-BP-5201-01Z-00-DX1.d1a9878e-bb97-48fb-9098-9d9337f06250,KIRC,gigapath,GigaPath,10x,2p5x,-0.1423952299454631,10,10× → 2.5×
TCGA-BP-5201-01Z-00-DX1.d1a9878e-bb97-48fb-9098-9d9337f06250,KIRC,gigapath,GigaPath,10x,40x,-1.0278394717040915,10,10× → 40×
TCGA-BP-5201-01Z-00-DX1.d1a9878e-bb97-48fb-9098-9d9337f06250,KIRC,gigapath,GigaPath,2p5x,10x,-1.3245642085895952,10,2.5× → 10×
TCGA-BP-5201-01Z-00-DX1.d1a9878e-bb97-48fb-9098-9d9337f06250,KIRC,gigapath,GigaPath,2p5x,40x,-1.9070086819272838,10,2.5× → 40×
TCGA-BP-5201-01Z-00-DX1.d1a9878e-bb97-48fb-9098-9d9337f06250,KIRC,gigapath,GigaPath,40x,10x,-1.1007057522777417,10,40× → 10×
TCGA-BP-5201-01Z-00-DX1.d1a9878e-bb97-48fb-9098-9d9337f06250,KIRC,gigapath,GigaPath,40x,2p5x,0.08919621874003902,10,40× → 2.5×
TCGA-BP-5201-01Z-00-DX1.d1a9878e-bb97-48fb-9098-9d9337f06250,KIRC,gigapath_flash,GigaPath-Flash,10x,2p5x,-0.20950514669852294,10,10× → 2.5×
TCGA-BP-5201-01Z-00-DX1.d1a9878e-bb97-48fb-9098-9d9337f06250,KIRC,gigapath_flash,GigaPath-Flash,10x,40x,-0.6719433865073396,10,10× → 40×
TCGA-BP-5201-01Z-00-DX1.d1a9878e-bb97-48fb-9098-9d9337f06250,KIRC,gigapath_flash,GigaPath-Flash,2p5x,10x,-2.0904273649542,10,2.5× → 10×
TCGA-BP-5201-01Z-00-DX1.d1a9878e-bb97-48fb-9098-9d9337f06250,KIRC,gigapath_flash,GigaPath-Flash,2p5x,40x,-2.537357684660943,10,2.5× → 40×
TCGA-BP-5201-01Z-00-DX1.d1a9878e-bb97-48fb-9098-9d9337f06250,KIRC,gigapath_flash,GigaPath-Flash,40x,10x,0.37711249531976965,10,40× → 10×
TCGA-BP-5201-01Z-00-DX1.d1a9878e-bb97-48fb-9098-9d9337f06250,KIRC,gigapath_flash,GigaPath-Flash,40x,2p5x,3.945142236395165,10,40× → 2.5×
TCGA-BP-5201-01Z-00-DX1.d1a9878e-bb97-48fb-9098-9d9337f06250,KIRC,midnight,Midnight,10x,2p5x,0.3670143989805391,10,10× → 2.5×
TCGA-BP-5201-01Z-00-DX1.d1a9878e-bb97-48fb-9098-9d9337f06250,KIRC,midnight,Midnight,10x,40x,0.008939415128471533,10,10× → 40×
TCGA-BP-5201-01Z-00-DX1.d1a9878e-bb97-48fb-9098-9d9337f06250,KIRC,midnight,Midnight,2p5x,10x,-0.42610930485614584,10,2.5× → 10×
TCGA-BP-5201-01Z-00-DX1.d1a9878e-bb97-48fb-9098-9d9337f06250,KIRC,midnight,Midnight,2p5x,40x,-0.31790999203020404,10,2.5× → 40×
TCGA-BP-5201-01Z-00-DX1.d1a9878e-bb97-48fb-9098-9d9337f06250,KIRC,midnight,Midnight,40x,10x,1.1295505843451272,10,40× → 10×
TCGA-BP-5201-01Z-00-DX1.d1a9878e-bb97-48fb-9098-9d9337f06250,KIRC,midnight,Midnight,40x,2p5x,1.2144884061503687,10,40× → 2.5×
TCGA-BP-5201-01Z-00-DX1.d1a9878e-bb97-48fb-9098-9d9337f06250,KIRC,phikon,Phikon,10x,2p5x,-1.3906546720896025,10,10× → 2.5×
TCGA-BP-5201-01Z-00-DX1.d1a9878e-bb97-48fb-9098-9d9337f06250,KIRC,phikon,Phikon,10x,40x,-1.5733223466257242,10,10× → 40×
TCGA-BP-5201-01Z-00-DX1.d1a9878e-bb97-48fb-9098-9d9337f06250,KIRC,phikon,Phikon,2p5x,10x,0.19926033762027817,10,2.5× → 10×
TCGA-BP-5201-01Z-00-DX1.d1a9878e-bb97-48fb-9098-9d9337f06250,KIRC,phikon,Phikon,2p5x,40x,-0.02481034573959353,10,2.5× → 40×
TCGA-BP-5201-01Z-00-DX1.d1a9878e-bb97-48fb-9098-9d9337f06250,KIRC,phikon,Phikon,40x,10x,-0.9962652056712514,10,40× → 10×
TCGA-BP-5201-01Z-00-DX1.d1a9878e-bb97-48fb-9098-9d9337f06250,KIRC,phikon,Phikon,40x,2p5x,-1.2162220158587287,10,40× → 2.5×
TCGA-BP-5201-01Z-00-DX1.d1a9878e-bb97-48fb-9098-9d9337f06250,KIRC,uni,UNI,10x,2p5x,-0.1546901029341415,10,10× → 2.5×
TCGA-BP-5201-01Z-00-DX1.d1a9878e-bb97-48fb-9098-9d9337f06250,KIRC,uni,UNI,10x,40x,-0.6447423450351526,10,10× → 40×
TCGA-BP-5201-01Z-00-DX1.d1a9878e-bb97-48fb-9098-9d9337f06250,KIRC,uni,UNI,2p5x,10x,-0.41144393122514566,10,2.5× → 10×
TCGA-BP-5201-01Z-00-DX1.d1a9878e-bb97-48fb-9098-9d9337f06250,KIRC,uni,UNI,2p5x,40x,-0.27321330229932267,10,2.5× → 40×
TCGA-BP-5201-01Z-00-DX1.d1a9878e-bb97-48fb-9098-9d9337f06250,KIRC,uni,UNI,40x,10x,-0.4649252521307341,10,40× → 10×
TCGA-BP-5201-01Z-00-DX1.d1a9878e-bb97-48fb-9098-9d9337f06250,KIRC,uni,UNI,40x,2p5x,-0.36437228207074307,10,40× → 2.5×
TCGA-BP-5201-01Z-00-DX1.d1a9878e-bb97-48fb-9098-9d9337f06250,KIRC,uni2,UNI2,10x,2p5x,0.7462525721814497,10,10× → 2.5×
TCGA-BP-5201-01Z-00-DX1.d1a9878e-bb97-48fb-9098-9d9337f06250,KIRC,uni2,UNI2,10x,40x,0.13157125666861752,10,10× → 40×
TCGA-BP-5201-01Z-00-DX1.d1a9878e-bb97-48fb-9098-9d9337f06250,KIRC,uni2,UNI2,2p5x,10x,-0.9889778593856031,10,2.5× → 10×
TCGA-BP-5201-01Z-00-DX1.d1a9878e-bb97-48fb-9098-9d9337f06250,KIRC,uni2,UNI2,2p5x,40x,-1.5483517517300909,10,2.5× → 40×
TCGA-BP-5201-01Z-00-DX1.d1a9878e-bb97-48fb-9098-9d9337f06250,KIRC,uni2,UNI2,40x,10x,-0.5482850459778679,10,40× → 10×
TCGA-BP-5201-01Z-00-DX1.d1a9878e-bb97-48fb-9098-9d9337f06250,KIRC,uni2,UNI2,40x,2p5x,0.3227372877414002,10,40× → 2.5×
TCGA-BP-5201-01Z-00-DX1.d1a9878e-bb97-48fb-9098-9d9337f06250,KIRC,virchow,Virchow,10x,2p5x,-4.696150406766821,10,10× → 2.5×
TCGA-BP-5201-01Z-00-DX1.d1a9878e-bb97-48fb-9098-9d9337f06250,KIRC,virchow,Virchow,10x,40x,0.0650857221090764,10,10× → 40×
TCGA-BP-5201-01Z-00-DX1.d1a9878e-bb97-48fb-9098-9d9337f06250,KIRC,virchow,Virchow,2p5x,10x,-2.651560447365693,10,2.5× → 10×
TCGA-BP-5201-01Z-00-DX1.d1a9878e-bb97-48fb-9098-9d9337f06250,KIRC,virchow,Virchow,2p5x,40x,-1.5848598516184083,10,2.5× → 40×
TCGA-BP-5201-01Z-00-DX1.d1a9878e-bb97-48fb-9098-9d9337f06250,KIRC,virchow,Virchow,40x,10x,-1.3297988547881023,10,40× → 10×
TCGA-BP-5201-01Z-00-DX1.d1a9878e-bb97-48fb-9098-9d9337f06250,KIRC,virchow,Virchow,40x,2p5x,-4.972064653455159,10,40× → 2.5×
TCGA-BP-5201-01Z-00-DX1.d1a9878e-bb97-48fb-9098-9d9337f06250,KIRC,virchow2,Virchow2,10x,2p5x,-0.8178096696381905,10,10× → 2.5×
TCGA-BP-5201-01Z-00-DX1.d1a9878e-bb97-48fb-9098-9d9337f06250,KIRC,virchow2,Virchow2,10x,40x,-1.520342440264094,10,10× → 40×
TCGA-BP-5201-01Z-00-DX1.d1a9878e-bb97-48fb-9098-9d9337f06250,KIRC,virchow2,Virchow2,2p5x,10x,-0.3002954389854824,10,2.5× → 10×
TCGA-BP-5201-01Z-00-DX1.d1a9878e-bb97-48fb-9098-9d9337f06250,KIRC,virchow2,Virchow2,2p5x,40x,-1.0098948425185617,10,2.5× → 40×
TCGA-BP-5201-01Z-00-DX1.d1a9878e-bb97-48fb-9098-9d9337f06250,KIRC,virchow2,Virchow2,40x,10x,1.5108248130600723,10,40× → 10×
TCGA-BP-5201-01Z-00-DX1.d1a9878e-bb97-48fb-9098-9d9337f06250,KIRC,virchow2,Virchow2,40x,2p5x,-0.7160063322322736,10,40× → 2.5×
TCGA-BR-6452-01Z-00-DX1.aec8246e-9dce-436d-9faa-df8fa1f6e47c,STAD,gigapath,GigaPath,10x,2p5x,-2.526124096409508,10,10× → 2.5×
TCGA-BR-6452-01Z-00-DX1.aec8246e-9dce-436d-9faa-df8fa1f6e47c,STAD,gigapath,GigaPath,10x,40x,-1.7402634451987364,10,10× → 40×
TCGA-BR-6452-01Z-00-DX1.aec8246e-9dce-436d-9faa-df8fa1f6e47c,STAD,gigapath,GigaPath,2p5x,10x,1.9882142321543355,10,2.5× → 10×
TCGA-BR-6452-01Z-00-DX1.aec8246e-9dce-436d-9faa-df8fa1f6e47c,STAD,gigapath,GigaPath,2p5x,40x,-0.9548292191666314,10,2.5× → 40×
TCGA-BR-6452-01Z-00-DX1.aec8246e-9dce-436d-9faa-df8fa1f6e47c,STAD,gigapath,GigaPath,40x,10x,-1.6540619308953979,10,40× → 10×
TCGA-BR-6452-01Z-00-DX1.aec8246e-9dce-436d-9faa-df8fa1f6e47c,STAD,gigapath,GigaPath,40x,2p5x,-4.938079273203191,10,40× → 2.5×
TCGA-BR-6452-01Z-00-DX1.aec8246e-9dce-436d-9faa-df8fa1f6e47c,STAD,gigapath_flash,GigaPath-Flash,10x,2p5x,-0.5995485993226222,10,10× → 2.5×
TCGA-BR-6452-01Z-00-DX1.aec8246e-9dce-436d-9faa-df8fa1f6e47c,STAD,gigapath_flash,GigaPath-Flash,10x,40x,-2.368729545843825,10,10× → 40×
TCGA-BR-6452-01Z-00-DX1.aec8246e-9dce-436d-9faa-df8fa1f6e47c,STAD,gigapath_flash,GigaPath-Flash,2p5x,10x,-8.252695977454643,10,2.5× → 10×
TCGA-BR-6452-01Z-00-DX1.aec8246e-9dce-436d-9faa-df8fa1f6e47c,STAD,gigapath_flash,GigaPath-Flash,2p5x,40x,-7.638635422246213,10,2.5× → 40×
TCGA-BR-6452-01Z-00-DX1.aec8246e-9dce-436d-9faa-df8fa1f6e47c,STAD,gigapath_flash,GigaPath-Flash,40x,10x,-3.0547189944202224,10,40× → 10×
TCGA-BR-6452-01Z-00-DX1.aec8246e-9dce-436d-9faa-df8fa1f6e47c,STAD,gigapath_flash,GigaPath-Flash,40x,2p5x,-5.734617367557554,10,40× → 2.5×
TCGA-BR-6452-01Z-00-DX1.aec8246e-9dce-436d-9faa-df8fa1f6e47c,STAD,midnight,Midnight,10x,2p5x,0.025958394936220614,10,10× → 2.5×
TCGA-BR-6452-01Z-00-DX1.aec8246e-9dce-436d-9faa-df8fa1f6e47c,STAD,midnight,Midnight,10x,40x,1.7390138947987726,10,10× → 40×
TCGA-BR-6452-01Z-00-DX1.aec8246e-9dce-436d-9faa-df8fa1f6e47c,STAD,midnight,Midnight,2p5x,10x,0.9085335031146338,10,2.5× → 10×
TCGA-BR-6452-01Z-00-DX1.aec8246e-9dce-436d-9faa-df8fa1f6e47c,STAD,midnight,Midnight,2p5x,40x,1.1061534468321497,10,2.5× → 40×
TCGA-BR-6452-01Z-00-DX1.aec8246e-9dce-436d-9faa-df8fa1f6e47c,STAD,midnight,Midnight,40x,10x,1.437287482243296,10,40× → 10×
TCGA-BR-6452-01Z-00-DX1.aec8246e-9dce-436d-9faa-df8fa1f6e47c,STAD,midnight,Midnight,40x,2p5x,0.7598903279079408,10,40× → 2.5×
TCGA-BR-6452-01Z-00-DX1.aec8246e-9dce-436d-9faa-df8fa1f6e47c,STAD,phikon,Phikon,10x,2p5x,-1.3286173981939622,10,10× → 2.5×
TCGA-BR-6452-01Z-00-DX1.aec8246e-9dce-436d-9faa-df8fa1f6e47c,STAD,phikon,Phikon,10x,40x,-1.3344770353561737,10,10× → 40×
TCGA-BR-6452-01Z-00-DX1.aec8246e-9dce-436d-9faa-df8fa1f6e47c,STAD,phikon,Phikon,2p5x,10x,-1.1102708173816713,10,2.5× → 10×
TCGA-BR-6452-01Z-00-DX1.aec8246e-9dce-436d-9faa-df8fa1f6e47c,STAD,phikon,Phikon,2p5x,40x,-1.1496559685787378,10,2.5× → 40×
TCGA-BR-6452-01Z-00-DX1.aec8246e-9dce-436d-9faa-df8fa1f6e47c,STAD,phikon,Phikon,40x,10x,-0.23699623316804036,10,40× → 10×
TCGA-BR-6452-01Z-00-DX1.aec8246e-9dce-436d-9faa-df8fa1f6e47c,STAD,phikon,Phikon,40x,2p5x,-1.4980024887000933,10,40× → 2.5×
TCGA-BR-6452-01Z-00-DX1.aec8246e-9dce-436d-9faa-df8fa1f6e47c,STAD,uni,UNI,10x,2p5x,-0.01482331140391823,10,10× → 2.5×
TCGA-BR-6452-01Z-00-DX1.aec8246e-9dce-436d-9faa-df8fa1f6e47c,STAD,uni,UNI,10x,40x,-0.18788580073718503,10,10× → 40×
TCGA-BR-6452-01Z-00-DX1.aec8246e-9dce-436d-9faa-df8fa1f6e47c,STAD,uni,UNI,2p5x,10x,-1.060824417701474,10,2.5× → 10×
TCGA-BR-6452-01Z-00-DX1.aec8246e-9dce-436d-9faa-df8fa1f6e47c,STAD,uni,UNI,2p5x,40x,-0.13052072308730628,10,2.5× → 40×
TCGA-BR-6452-01Z-00-DX1.aec8246e-9dce-436d-9faa-df8fa1f6e47c,STAD,uni,UNI,40x,10x,0.08220417063044075,10,40× → 10×
TCGA-BR-6452-01Z-00-DX1.aec8246e-9dce-436d-9faa-df8fa1f6e47c,STAD,uni,UNI,40x,2p5x,-1.1240594499370402,10,40× → 2.5×
TCGA-BR-6452-01Z-00-DX1.aec8246e-9dce-436d-9faa-df8fa1f6e47c,STAD,uni2,UNI2,10x,2p5x,0.37270367315614206,10,10× → 2.5×
TCGA-BR-6452-01Z-00-DX1.aec8246e-9dce-436d-9faa-df8fa1f6e47c,STAD,uni2,UNI2,10x,40x,0.018677329556935632,10,10× → 40×
TCGA-BR-6452-01Z-00-DX1.aec8246e-9dce-436d-9faa-df8fa1f6e47c,STAD,uni2,UNI2,2p5x,10x,-2.4285533244015785,10,2.5× → 10×
TCGA-BR-6452-01Z-00-DX1.aec8246e-9dce-436d-9faa-df8fa1f6e47c,STAD,uni2,UNI2,2p5x,40x,-3.2294917145764392,10,2.5× → 40×
TCGA-BR-6452-01Z-00-DX1.aec8246e-9dce-436d-9faa-df8fa1f6e47c,STAD,uni2,UNI2,40x,10x,-0.09235587196968144,10,40× → 10×
TCGA-BR-6452-01Z-00-DX1.aec8246e-9dce-436d-9faa-df8fa1f6e47c,STAD,uni2,UNI2,40x,2p5x,-0.30276845127595625,10,40× → 2.5×
TCGA-BR-6452-01Z-00-DX1.aec8246e-9dce-436d-9faa-df8fa1f6e47c,STAD,virchow,Virchow,10x,2p5x,-4.3935843588192425,10,10× → 2.5×
TCGA-BR-6452-01Z-00-DX1.aec8246e-9dce-436d-9faa-df8fa1f6e47c,STAD,virchow,Virchow,10x,40x,-1.9552956416621832,10,10× → 40×
TCGA-BR-6452-01Z-00-DX1.aec8246e-9dce-436d-9faa-df8fa1f6e47c,STAD,virchow,Virchow,2p5x,10x,-10.742797237613804,10,2.5× → 10×
TCGA-BR-6452-01Z-00-DX1.aec8246e-9dce-436d-9faa-df8fa1f6e47c,STAD,virchow,Virchow,2p5x,40x,-8.442897006776576,10,2.5× → 40×
TCGA-BR-6452-01Z-00-DX1.aec8246e-9dce-436d-9faa-df8fa1f6e47c,STAD,virchow,Virchow,40x,10x,0.1701696707349606,10,40× → 10×
TCGA-BR-6452-01Z-00-DX1.aec8246e-9dce-436d-9faa-df8fa1f6e47c,STAD,virchow,Virchow,40x,2p5x,-4.866676698211628,10,40× → 2.5×
TCGA-BR-6452-01Z-00-DX1.aec8246e-9dce-436d-9faa-df8fa1f6e47c,STAD,virchow2,Virchow2,10x,2p5x,1.6756689388852153,10,10× → 2.5×
TCGA-BR-6452-01Z-00-DX1.aec8246e-9dce-436d-9faa-df8fa1f6e47c,STAD,virchow2,Virchow2,10x,40x,0.2793493108466326,10,10× → 40×
TCGA-BR-6452-01Z-00-DX1.aec8246e-9dce-436d-9faa-df8fa1f6e47c,STAD,virchow2,Virchow2,2p5x,10x,-4.915702919473505,10,2.5× → 10×
TCGA-BR-6452-01Z-00-DX1.aec8246e-9dce-436d-9faa-df8fa1f6e47c,STAD,virchow2,Virchow2,2p5x,40x,-3.488230387460168,10,2.5× → 40×
TCGA-BR-6452-01Z-00-DX1.aec8246e-9dce-436d-9faa-df8fa1f6e47c,STAD,virchow2,Virchow2,40x,10x,-0.7106964356418941,10,40× → 10×
TCGA-BR-6452-01Z-00-DX1.aec8246e-9dce-436d-9faa-df8fa1f6e47c,STAD,virchow2,Virchow2,40x,2p5x,0.9841656378151921,10,40× → 2.5×
TCGA-BR-6454-01Z-00-DX1.63fb6280-2b43-49b2-960a-eb9c0e8b617c,STAD,gigapath,GigaPath,10x,2p5x,-1.4438253107594679,10,10× → 2.5×
TCGA-BR-6454-01Z-00-DX1.63fb6280-2b43-49b2-960a-eb9c0e8b617c,STAD,gigapath,GigaPath,10x,40x,-3.414286538500788,10,10× → 40×
TCGA-BR-6454-01Z-00-DX1.63fb6280-2b43-49b2-960a-eb9c0e8b617c,STAD,gigapath,GigaPath,2p5x,10x,-2.955660184356256,10,2.5× → 10×
TCGA-BR-6454-01Z-00-DX1.63fb6280-2b43-49b2-960a-eb9c0e8b617c,STAD,gigapath,GigaPath,2p5x,40x,-4.068949469740699,10,2.5× → 40×
TCGA-BR-6454-01Z-00-DX1.63fb6280-2b43-49b2-960a-eb9c0e8b617c,STAD,gigapath,GigaPath,40x,10x,-0.9295798773532413,10,40× → 10×
TCGA-BR-6454-01Z-00-DX1.63fb6280-2b43-49b2-960a-eb9c0e8b617c,STAD,gigapath,GigaPath,40x,2p5x,-6.010752123689761,10,40× → 2.5×
TCGA-BR-6454-01Z-00-DX1.63fb6280-2b43-49b2-960a-eb9c0e8b617c,STAD,gigapath_flash,GigaPath-Flash,10x,2p5x,-1.2497563077491385,10,10× → 2.5×
TCGA-BR-6454-01Z-00-DX1.63fb6280-2b43-49b2-960a-eb9c0e8b617c,STAD,gigapath_flash,GigaPath-Flash,10x,40x,-4.711979058909812,10,10× → 40×
TCGA-BR-6454-01Z-00-DX1.63fb6280-2b43-49b2-960a-eb9c0e8b617c,STAD,gigapath_flash,GigaPath-Flash,2p5x,10x,-12.433439429804329,10,2.5× → 10×
TCGA-BR-6454-01Z-00-DX1.63fb6280-2b43-49b2-960a-eb9c0e8b617c,STAD,gigapath_flash,GigaPath-Flash,2p5x,40x,-10.053063789617534,10,2.5× → 40×
TCGA-BR-6454-01Z-00-DX1.63fb6280-2b43-49b2-960a-eb9c0e8b617c,STAD,gigapath_flash,GigaPath-Flash,40x,10x,-1.1374036809990236,10,40× → 10×
TCGA-BR-6454-01Z-00-DX1.63fb6280-2b43-49b2-960a-eb9c0e8b617c,STAD,gigapath_flash,GigaPath-Flash,40x,2p5x,-6.715598877581909,10,40× → 2.5×
TCGA-BR-6454-01Z-00-DX1.63fb6280-2b43-49b2-960a-eb9c0e8b617c,STAD,midnight,Midnight,10x,2p5x,0.04934494224544054,10,10× → 2.5×
TCGA-BR-6454-01Z-00-DX1.63fb6280-2b43-49b2-960a-eb9c0e8b617c,STAD,midnight,Midnight,10x,40x,0.13100233945570006,10,10× → 40×
TCGA-BR-6454-01Z-00-DX1.63fb6280-2b43-49b2-960a-eb9c0e8b617c,STAD,midnight,Midnight,2p5x,10x,-0.39415838715743295,10,2.5× → 10×
TCGA-BR-6454-01Z-00-DX1.63fb6280-2b43-49b2-960a-eb9c0e8b617c,STAD,midnight,Midnight,2p5x,40x,-0.2536919986891409,10,2.5× → 40×
TCGA-BR-6454-01Z-00-DX1.63fb6280-2b43-49b2-960a-eb9c0e8b617c,STAD,midnight,Midnight,40x,10x,0.043322088714832965,10,40× → 10×
TCGA-BR-6454-01Z-00-DX1.63fb6280-2b43-49b2-960a-eb9c0e8b617c,STAD,midnight,Midnight,40x,2p5x,-0.08840214960394724,10,40× → 2.5×
TCGA-BR-6454-01Z-00-DX1.63fb6280-2b43-49b2-960a-eb9c0e8b617c,STAD,phikon,Phikon,10x,2p5x,-1.3002677190720573,10,10× → 2.5×
TCGA-BR-6454-01Z-00-DX1.63fb6280-2b43-49b2-960a-eb9c0e8b617c,STAD,phikon,Phikon,10x,40x,-0.7828233513770293,10,10× → 40×
TCGA-BR-6454-01Z-00-DX1.63fb6280-2b43-49b2-960a-eb9c0e8b617c,STAD,phikon,Phikon,2p5x,10x,-1.0628100505620757,10,2.5× → 10×
TCGA-BR-6454-01Z-00-DX1.63fb6280-2b43-49b2-960a-eb9c0e8b617c,STAD,phikon,Phikon,2p5x,40x,-1.6846268433055294,10,2.5× → 40×
TCGA-BR-6454-01Z-00-DX1.63fb6280-2b43-49b2-960a-eb9c0e8b617c,STAD,phikon,Phikon,40x,10x,-0.15583177094782555,10,40× → 10×
TCGA-BR-6454-01Z-00-DX1.63fb6280-2b43-49b2-960a-eb9c0e8b617c,STAD,phikon,Phikon,40x,2p5x,-2.2888340737685944,10,40× → 2.5×
TCGA-BR-6454-01Z-00-DX1.63fb6280-2b43-49b2-960a-eb9c0e8b617c,STAD,uni,UNI,10x,2p5x,-1.5058262009466408,10,10× → 2.5×
TCGA-BR-6454-01Z-00-DX1.63fb6280-2b43-49b2-960a-eb9c0e8b617c,STAD,uni,UNI,10x,40x,-0.7601368662593596,10,10× → 40×
TCGA-BR-6454-01Z-00-DX1.63fb6280-2b43-49b2-960a-eb9c0e8b617c,STAD,uni,UNI,2p5x,10x,-4.635122137756335,10,2.5× → 10×
TCGA-BR-6454-01Z-00-DX1.63fb6280-2b43-49b2-960a-eb9c0e8b617c,STAD,uni,UNI,2p5x,40x,-3.6741881634002382,10,2.5× → 40×
TCGA-BR-6454-01Z-00-DX1.63fb6280-2b43-49b2-960a-eb9c0e8b617c,STAD,uni,UNI,40x,10x,0.03330718226970086,10,40× → 10×
TCGA-BR-6454-01Z-00-DX1.63fb6280-2b43-49b2-960a-eb9c0e8b617c,STAD,uni,UNI,40x,2p5x,-1.1388472517124248,10,40× → 2.5×
TCGA-BR-6454-01Z-00-DX1.63fb6280-2b43-49b2-960a-eb9c0e8b617c,STAD,uni2,UNI2,10x,2p5x,-0.02484894531252693,10,10× → 2.5×
TCGA-BR-6454-01Z-00-DX1.63fb6280-2b43-49b2-960a-eb9c0e8b617c,STAD,uni2,UNI2,10x,40x,-0.5364472233852311,10,10× → 40×
TCGA-BR-6454-01Z-00-DX1.63fb6280-2b43-49b2-960a-eb9c0e8b617c,STAD,uni2,UNI2,2p5x,10x,-0.6111912543866526,10,2.5× → 10×
TCGA-BR-6454-01Z-00-DX1.63fb6280-2b43-49b2-960a-eb9c0e8b617c,STAD,uni2,UNI2,2p5x,40x,-3.8072383818883644,10,2.5× → 40×
TCGA-BR-6454-01Z-00-DX1.63fb6280-2b43-49b2-960a-eb9c0e8b617c,STAD,uni2,UNI2,40x,10x,-0.08896146230831806,10,40× → 10×
TCGA-BR-6454-01Z-00-DX1.63fb6280-2b43-49b2-960a-eb9c0e8b617c,STAD,uni2,UNI2,40x,2p5x,-0.4206071352180761,10,40× → 2.5×
TCGA-BR-6454-01Z-00-DX1.63fb6280-2b43-49b2-960a-eb9c0e8b617c,STAD,virchow,Virchow,10x,2p5x,-6.299126544946967,10,10× → 2.5×
TCGA-BR-6454-01Z-00-DX1.63fb6280-2b43-49b2-960a-eb9c0e8b617c,STAD,virchow,Virchow,10x,40x,-1.6200128334873303,10,10× → 40×
TCGA-BR-6454-01Z-00-DX1.63fb6280-2b43-49b2-960a-eb9c0e8b617c,STAD,virchow,Virchow,2p5x,10x,-13.958578976188539,10,2.5× → 10×
TCGA-BR-6454-01Z-00-DX1.63fb6280-2b43-49b2-960a-eb9c0e8b617c,STAD,virchow,Virchow,2p5x,40x,-13.273552228554118,10,2.5× → 40×
TCGA-BR-6454-01Z-00-DX1.63fb6280-2b43-49b2-960a-eb9c0e8b617c,STAD,virchow,Virchow,40x,10x,-0.8378909717290911,10,40× → 10×
TCGA-BR-6454-01Z-00-DX1.63fb6280-2b43-49b2-960a-eb9c0e8b617c,STAD,virchow,Virchow,40x,2p5x,-7.391916128307372,10,40× → 2.5×
TCGA-BR-6454-01Z-00-DX1.63fb6280-2b43-49b2-960a-eb9c0e8b617c,STAD,virchow2,Virchow2,10x,2p5x,0.0034314291428802794,10,10× → 2.5×
TCGA-BR-6454-01Z-00-DX1.63fb6280-2b43-49b2-960a-eb9c0e8b617c,STAD,virchow2,Virchow2,10x,40x,-0.08931747488418704,10,10× → 40×
TCGA-BR-6454-01Z-00-DX1.63fb6280-2b43-49b2-960a-eb9c0e8b617c,STAD,virchow2,Virchow2,2p5x,10x,-1.1704347510012485,10,2.5× → 10×
TCGA-BR-6454-01Z-00-DX1.63fb6280-2b43-49b2-960a-eb9c0e8b617c,STAD,virchow2,Virchow2,2p5x,40x,-2.7172267888351938,10,2.5× → 40×
TCGA-BR-6454-01Z-00-DX1.63fb6280-2b43-49b2-960a-eb9c0e8b617c,STAD,virchow2,Virchow2,40x,10x,-0.10924102915716616,10,40× → 10×
TCGA-BR-6454-01Z-00-DX1.63fb6280-2b43-49b2-960a-eb9c0e8b617c,STAD,virchow2,Virchow2,40x,2p5x,-0.012559149195027555,10,40× → 2.5×
TCGA-BR-A4CQ-01Z-00-DX1.B63282A5-154D-441B-BF96-5BB26CB6D95E,STAD,gigapath,GigaPath,10x,2p5x,-3.0276523963104873,10,10× → 2.5×
TCGA-BR-A4CQ-01Z-00-DX1.B63282A5-154D-441B-BF96-5BB26CB6D95E,STAD,gigapath,GigaPath,10x,40x,-2.1549437142558867,10,10× → 40×
TCGA-BR-A4CQ-01Z-00-DX1.B63282A5-154D-441B-BF96-5BB26CB6D95E,STAD,gigapath,GigaPath,2p5x,10x,-1.9828705559671114,10,2.5× → 10×
TCGA-BR-A4CQ-01Z-00-DX1.B63282A5-154D-441B-BF96-5BB26CB6D95E,STAD,gigapath,GigaPath,2p5x,40x,-1.7805319123873722,10,2.5× → 40×
TCGA-BR-A4CQ-01Z-00-DX1.B63282A5-154D-441B-BF96-5BB26CB6D95E,STAD,gigapath,GigaPath,40x,10x,-0.5498246687521172,10,40× → 10×
TCGA-BR-A4CQ-01Z-00-DX1.B63282A5-154D-441B-BF96-5BB26CB6D95E,STAD,gigapath,GigaPath,40x,2p5x,-2.9328719207895007,10,40× → 2.5×
TCGA-BR-A4CQ-01Z-00-DX1.B63282A5-154D-441B-BF96-5BB26CB6D95E,STAD,gigapath_flash,GigaPath-Flash,10x,2p5x,-1.469465050033004,10,10× → 2.5×
TCGA-BR-A4CQ-01Z-00-DX1.B63282A5-154D-441B-BF96-5BB26CB6D95E,STAD,gigapath_flash,GigaPath-Flash,10x,40x,-4.300605338827739,10,10× → 40×
TCGA-BR-A4CQ-01Z-00-DX1.B63282A5-154D-441B-BF96-5BB26CB6D95E,STAD,gigapath_flash,GigaPath-Flash,2p5x,10x,-6.216722268044096,10,2.5× → 10×
TCGA-BR-A4CQ-01Z-00-DX1.B63282A5-154D-441B-BF96-5BB26CB6D95E,STAD,gigapath_flash,GigaPath-Flash,2p5x,40x,-8.751556401393309,10,2.5× → 40×
TCGA-BR-A4CQ-01Z-00-DX1.B63282A5-154D-441B-BF96-5BB26CB6D95E,STAD,gigapath_flash,GigaPath-Flash,40x,10x,-0.1739110810713027,10,40× → 10×
TCGA-BR-A4CQ-01Z-00-DX1.B63282A5-154D-441B-BF96-5BB26CB6D95E,STAD,gigapath_flash,GigaPath-Flash,40x,2p5x,-2.3114999866789185,10,40× → 2.5×
TCGA-BR-A4CQ-01Z-00-DX1.B63282A5-154D-441B-BF96-5BB26CB6D95E,STAD,midnight,Midnight,10x,2p5x,-0.03949250570486101,10,10× → 2.5×
TCGA-BR-A4CQ-01Z-00-DX1.B63282A5-154D-441B-BF96-5BB26CB6D95E,STAD,midnight,Midnight,10x,40x,-0.7818254317464911,10,10× → 40×
TCGA-BR-A4CQ-01Z-00-DX1.B63282A5-154D-441B-BF96-5BB26CB6D95E,STAD,midnight,Midnight,2p5x,10x,-0.11926732600247267,10,2.5× → 10×
TCGA-BR-A4CQ-01Z-00-DX1.B63282A5-154D-441B-BF96-5BB26CB6D95E,STAD,midnight,Midnight,2p5x,40x,-1.0361728777805652,10,2.5× → 40×
TCGA-BR-A4CQ-01Z-00-DX1.B63282A5-154D-441B-BF96-5BB26CB6D95E,STAD,midnight,Midnight,40x,10x,-0.07947452965135197,10,40× → 10×
TCGA-BR-A4CQ-01Z-00-DX1.B63282A5-154D-441B-BF96-5BB26CB6D95E,STAD,midnight,Midnight,40x,2p5x,-0.00985876645467676,10,40× → 2.5×
TCGA-BR-A4CQ-01Z-00-DX1.B63282A5-154D-441B-BF96-5BB26CB6D95E,STAD,phikon,Phikon,10x,2p5x,-1.7354647140686992,10,10× → 2.5×
TCGA-BR-A4CQ-01Z-00-DX1.B63282A5-154D-441B-BF96-5BB26CB6D95E,STAD,phikon,Phikon,10x,40x,-0.38559768810666417,10,10× → 40×
TCGA-BR-A4CQ-01Z-00-DX1.B63282A5-154D-441B-BF96-5BB26CB6D95E,STAD,phikon,Phikon,2p5x,10x,-1.2409396773460852,10,2.5× → 10×
TCGA-BR-A4CQ-01Z-00-DX1.B63282A5-154D-441B-BF96-5BB26CB6D95E,STAD,phikon,Phikon,2p5x,40x,-0.6121067984698936,10,2.5× → 40×
TCGA-BR-A4CQ-01Z-00-DX1.B63282A5-154D-441B-BF96-5BB26CB6D95E,STAD,phikon,Phikon,40x,10x,-0.10615518767579701,10,40× → 10×
TCGA-BR-A4CQ-01Z-00-DX1.B63282A5-154D-441B-BF96-5BB26CB6D95E,STAD,phikon,Phikon,40x,2p5x,-1.9635502533632505,10,40× → 2.5×
TCGA-BR-A4CQ-01Z-00-DX1.B63282A5-154D-441B-BF96-5BB26CB6D95E,STAD,uni,UNI,10x,2p5x,-1.4691272613644895,10,10× → 2.5×
TCGA-BR-A4CQ-01Z-00-DX1.B63282A5-154D-441B-BF96-5BB26CB6D95E,STAD,uni,UNI,10x,40x,-0.6186732925077945,10,10× → 40×
TCGA-BR-A4CQ-01Z-00-DX1.B63282A5-154D-441B-BF96-5BB26CB6D95E,STAD,uni,UNI,2p5x,10x,-4.538896205078042,10,2.5× → 10×
TCGA-BR-A4CQ-01Z-00-DX1.B63282A5-154D-441B-BF96-5BB26CB6D95E,STAD,uni,UNI,2p5x,40x,-2.2232704768496747,10,2.5× → 40×
TCGA-BR-A4CQ-01Z-00-DX1.B63282A5-154D-441B-BF96-5BB26CB6D95E,STAD,uni,UNI,40x,10x,0.19928223334858547,10,40× → 10×
TCGA-BR-A4CQ-01Z-00-DX1.B63282A5-154D-441B-BF96-5BB26CB6D95E,STAD,uni,UNI,40x,2p5x,-0.39193683640183125,10,40× → 2.5×
TCGA-BR-A4CQ-01Z-00-DX1.B63282A5-154D-441B-BF96-5BB26CB6D95E,STAD,uni2,UNI2,10x,2p5x,-0.21356050995114506,10,10× → 2.5×
TCGA-BR-A4CQ-01Z-00-DX1.B63282A5-154D-441B-BF96-5BB26CB6D95E,STAD,uni2,UNI2,10x,40x,-0.3275057370031719,10,10× → 40×
TCGA-BR-A4CQ-01Z-00-DX1.B63282A5-154D-441B-BF96-5BB26CB6D95E,STAD,uni2,UNI2,2p5x,10x,-1.8776289861260458,10,2.5× → 10×
TCGA-BR-A4CQ-01Z-00-DX1.B63282A5-154D-441B-BF96-5BB26CB6D95E,STAD,uni2,UNI2,2p5x,40x,-2.2355076245710497,10,2.5× → 40×
TCGA-BR-A4CQ-01Z-00-DX1.B63282A5-154D-441B-BF96-5BB26CB6D95E,STAD,uni2,UNI2,40x,10x,0.25416767537956025,10,40× → 10×
TCGA-BR-A4CQ-01Z-00-DX1.B63282A5-154D-441B-BF96-5BB26CB6D95E,STAD,uni2,UNI2,40x,2p5x,-0.0854151925760421,10,40× → 2.5×
TCGA-BR-A4CQ-01Z-00-DX1.B63282A5-154D-441B-BF96-5BB26CB6D95E,STAD,virchow,Virchow,10x,2p5x,-5.125132711246893,10,10× → 2.5×
TCGA-BR-A4CQ-01Z-00-DX1.B63282A5-154D-441B-BF96-5BB26CB6D95E,STAD,virchow,Virchow,10x,40x,-3.8362291477019435,10,10× → 40×
TCGA-BR-A4CQ-01Z-00-DX1.B63282A5-154D-441B-BF96-5BB26CB6D95E,STAD,virchow,Virchow,2p5x,10x,-11.18486427137491,10,2.5× → 10×
TCGA-BR-A4CQ-01Z-00-DX1.B63282A5-154D-441B-BF96-5BB26CB6D95E,STAD,virchow,Virchow,2p5x,40x,-10.303285517208849,10,2.5× → 40×
TCGA-BR-A4CQ-01Z-00-DX1.B63282A5-154D-441B-BF96-5BB26CB6D95E,STAD,virchow,Virchow,40x,10x,0.2568340274146003,10,40× → 10×
TCGA-BR-A4CQ-01Z-00-DX1.B63282A5-154D-441B-BF96-5BB26CB6D95E,STAD,virchow,Virchow,40x,2p5x,-4.9117383337295,10,40× → 2.5×
TCGA-BR-A4CQ-01Z-00-DX1.B63282A5-154D-441B-BF96-5BB26CB6D95E,STAD,virchow2,Virchow2,10x,2p5x,-0.12677960894196122,10,10× → 2.5×
TCGA-BR-A4CQ-01Z-00-DX1.B63282A5-154D-441B-BF96-5BB26CB6D95E,STAD,virchow2,Virchow2,10x,40x,-0.2009041568702142,10,10× → 40×
TCGA-BR-A4CQ-01Z-00-DX1.B63282A5-154D-441B-BF96-5BB26CB6D95E,STAD,virchow2,Virchow2,2p5x,10x,-2.126469053082697,10,2.5× → 10×
TCGA-BR-A4CQ-01Z-00-DX1.B63282A5-154D-441B-BF96-5BB26CB6D95E,STAD,virchow2,Virchow2,2p5x,40x,-2.8499487969939152,10,2.5× → 40×
TCGA-BR-A4CQ-01Z-00-DX1.B63282A5-154D-441B-BF96-5BB26CB6D95E,STAD,virchow2,Virchow2,40x,10x,0.15701585104511978,10,40× → 10×
TCGA-BR-A4CQ-01Z-00-DX1.B63282A5-154D-441B-BF96-5BB26CB6D95E,STAD,virchow2,Virchow2,40x,2p5x,0.08284180148091494,10,40× → 2.5×
TCGA-CD-A487-01Z-00-DX1.A026BD2F-B721-4340-83D5-7AA39227C90F,STAD,gigapath,GigaPath,10x,2p5x,-0.2703084439129654,10,10× → 2.5×
TCGA-CD-A487-01Z-00-DX1.A026BD2F-B721-4340-83D5-7AA39227C90F,STAD,gigapath,GigaPath,10x,40x,-2.0003276445585043,10,10× → 40×
TCGA-CD-A487-01Z-00-DX1.A026BD2F-B721-4340-83D5-7AA39227C90F,STAD,gigapath,GigaPath,2p5x,10x,-1.885255026805416,10,2.5× → 10×
TCGA-CD-A487-01Z-00-DX1.A026BD2F-B721-4340-83D5-7AA39227C90F,STAD,gigapath,GigaPath,2p5x,40x,-2.476853813638218,10,2.5× → 40×
TCGA-CD-A487-01Z-00-DX1.A026BD2F-B721-4340-83D5-7AA39227C90F,STAD,gigapath,GigaPath,40x,10x,-1.9672374718674728,10,40× → 10×
TCGA-CD-A487-01Z-00-DX1.A026BD2F-B721-4340-83D5-7AA39227C90F,STAD,gigapath,GigaPath,40x,2p5x,-3.0019015908300752,10,40× → 2.5×
TCGA-CD-A487-01Z-00-DX1.A026BD2F-B721-4340-83D5-7AA39227C90F,STAD,gigapath_flash,GigaPath-Flash,10x,2p5x,1.2133998295418404,10,10× → 2.5×
TCGA-CD-A487-01Z-00-DX1.A026BD2F-B721-4340-83D5-7AA39227C90F,STAD,gigapath_flash,GigaPath-Flash,10x,40x,-3.941434269667238,10,10× → 40×
TCGA-CD-A487-01Z-00-DX1.A026BD2F-B721-4340-83D5-7AA39227C90F,STAD,gigapath_flash,GigaPath-Flash,2p5x,10x,-6.076293976180475,10,2.5× → 10×
TCGA-CD-A487-01Z-00-DX1.A026BD2F-B721-4340-83D5-7AA39227C90F,STAD,gigapath_flash,GigaPath-Flash,2p5x,40x,-5.068272996417734,10,2.5× → 40×
TCGA-CD-A487-01Z-00-DX1.A026BD2F-B721-4340-83D5-7AA39227C90F,STAD,gigapath_flash,GigaPath-Flash,40x,10x,-1.8765379952623977,10,40× → 10×
TCGA-CD-A487-01Z-00-DX1.A026BD2F-B721-4340-83D5-7AA39227C90F,STAD,gigapath_flash,GigaPath-Flash,40x,2p5x,-2.849254393822186,10,40× → 2.5×
TCGA-CD-A487-01Z-00-DX1.A026BD2F-B721-4340-83D5-7AA39227C90F,STAD,midnight,Midnight,10x,2p5x,0.13024455644503555,10,10× → 2.5×
TCGA-CD-A487-01Z-00-DX1.A026BD2F-B721-4340-83D5-7AA39227C90F,STAD,midnight,Midnight,10x,40x,-0.8325283708423576,10,10× → 40×
TCGA-CD-A487-01Z-00-DX1.A026BD2F-B721-4340-83D5-7AA39227C90F,STAD,midnight,Midnight,2p5x,10x,-1.2712978147120417,10,2.5× → 10×
TCGA-CD-A487-01Z-00-DX1.A026BD2F-B721-4340-83D5-7AA39227C90F,STAD,midnight,Midnight,2p5x,40x,-1.2761426280192836,10,2.5× → 40×
TCGA-CD-A487-01Z-00-DX1.A026BD2F-B721-4340-83D5-7AA39227C90F,STAD,midnight,Midnight,40x,10x,-0.322620756403576,10,40× → 10×
TCGA-CD-A487-01Z-00-DX1.A026BD2F-B721-4340-83D5-7AA39227C90F,STAD,midnight,Midnight,40x,2p5x,0.1037932724729242,10,40× → 2.5×
TCGA-CD-A487-01Z-00-DX1.A026BD2F-B721-4340-83D5-7AA39227C90F,STAD,phikon,Phikon,10x,2p5x,-2.092941055849247,10,10× → 2.5×
TCGA-CD-A487-01Z-00-DX1.A026BD2F-B721-4340-83D5-7AA39227C90F,STAD,phikon,Phikon,10x,40x,-1.1173964688665416,10,10× → 40×
TCGA-CD-A487-01Z-00-DX1.A026BD2F-B721-4340-83D5-7AA39227C90F,STAD,phikon,Phikon,2p5x,10x,0.3479962244227114,10,2.5× → 10×
TCGA-CD-A487-01Z-00-DX1.A026BD2F-B721-4340-83D5-7AA39227C90F,STAD,phikon,Phikon,2p5x,40x,2.6916916688905514,10,2.5× → 40×
TCGA-CD-A487-01Z-00-DX1.A026BD2F-B721-4340-83D5-7AA39227C90F,STAD,phikon,Phikon,40x,10x,0.42400230058308186,10,40× → 10×
TCGA-CD-A487-01Z-00-DX1.A026BD2F-B721-4340-83D5-7AA39227C90F,STAD,phikon,Phikon,40x,2p5x,-2.510994236242371,10,40× → 2.5×
TCGA-CD-A487-01Z-00-DX1.A026BD2F-B721-4340-83D5-7AA39227C90F,STAD,uni,UNI,10x,2p5x,-0.9830076276643049,10,10× → 2.5×
TCGA-CD-A487-01Z-00-DX1.A026BD2F-B721-4340-83D5-7AA39227C90F,STAD,uni,UNI,10x,40x,-0.88441319488159,10,10× → 40×
TCGA-CD-A487-01Z-00-DX1.A026BD2F-B721-4340-83D5-7AA39227C90F,STAD,uni,UNI,2p5x,10x,-2.605226328739626,10,2.5× → 10×
TCGA-CD-A487-01Z-00-DX1.A026BD2F-B721-4340-83D5-7AA39227C90F,STAD,uni,UNI,2p5x,40x,-1.2731988748912058,10,2.5× → 40×
TCGA-CD-A487-01Z-00-DX1.A026BD2F-B721-4340-83D5-7AA39227C90F,STAD,uni,UNI,40x,10x,1.2006244277181453,10,40× → 10×
TCGA-CD-A487-01Z-00-DX1.A026BD2F-B721-4340-83D5-7AA39227C90F,STAD,uni,UNI,40x,2p5x,0.017429185169183126,10,40× → 2.5×
TCGA-CD-A487-01Z-00-DX1.A026BD2F-B721-4340-83D5-7AA39227C90F,STAD,uni2,UNI2,10x,2p5x,-0.7389063747937917,10,10× → 2.5×
TCGA-CD-A487-01Z-00-DX1.A026BD2F-B721-4340-83D5-7AA39227C90F,STAD,uni2,UNI2,10x,40x,-0.9628134217146508,10,10× → 40×
TCGA-CD-A487-01Z-00-DX1.A026BD2F-B721-4340-83D5-7AA39227C90F,STAD,uni2,UNI2,2p5x,10x,-1.9000207948429284,10,2.5× → 10×
TCGA-CD-A487-01Z-00-DX1.A026BD2F-B721-4340-83D5-7AA39227C90F,STAD,uni2,UNI2,2p5x,40x,-2.5244863467775316,10,2.5× → 40×
TCGA-CD-A487-01Z-00-DX1.A026BD2F-B721-4340-83D5-7AA39227C90F,STAD,uni2,UNI2,40x,10x,1.852591678691639,10,40× → 10×
TCGA-CD-A487-01Z-00-DX1.A026BD2F-B721-4340-83D5-7AA39227C90F,STAD,uni2,UNI2,40x,2p5x,0.3360234471769924,10,40× → 2.5×
TCGA-CD-A487-01Z-00-DX1.A026BD2F-B721-4340-83D5-7AA39227C90F,STAD,virchow,Virchow,10x,2p5x,-4.095809859449614,10,10× → 2.5×
TCGA-CD-A487-01Z-00-DX1.A026BD2F-B721-4340-83D5-7AA39227C90F,STAD,virchow,Virchow,10x,40x,-3.411928282824121,10,10× → 40×
TCGA-CD-A487-01Z-00-DX1.A026BD2F-B721-4340-83D5-7AA39227C90F,STAD,virchow,Virchow,2p5x,10x,-6.820127780230959,10,2.5× → 10×
TCGA-CD-A487-01Z-00-DX1.A026BD2F-B721-4340-83D5-7AA39227C90F,STAD,virchow,Virchow,2p5x,40x,-7.513072239687084,10,2.5× → 40×
TCGA-CD-A487-01Z-00-DX1.A026BD2F-B721-4340-83D5-7AA39227C90F,STAD,virchow,Virchow,40x,10x,1.593608627497646,10,40× → 10×
TCGA-CD-A487-01Z-00-DX1.A026BD2F-B721-4340-83D5-7AA39227C90F,STAD,virchow,Virchow,40x,2p5x,-5.173584024042894,10,40× → 2.5×
TCGA-CD-A487-01Z-00-DX1.A026BD2F-B721-4340-83D5-7AA39227C90F,STAD,virchow2,Virchow2,10x,2p5x,-0.37572558010533513,10,10× → 2.5×
TCGA-CD-A487-01Z-00-DX1.A026BD2F-B721-4340-83D5-7AA39227C90F,STAD,virchow2,Virchow2,10x,40x,-0.10975319153483967,10,10× → 40×
TCGA-CD-A487-01Z-00-DX1.A026BD2F-B721-4340-83D5-7AA39227C90F,STAD,virchow2,Virchow2,2p5x,10x,-2.003409278697403,10,2.5× → 10×
TCGA-CD-A487-01Z-00-DX1.A026BD2F-B721-4340-83D5-7AA39227C90F,STAD,virchow2,Virchow2,2p5x,40x,-1.5134697622213644,10,2.5× → 40×
TCGA-CD-A487-01Z-00-DX1.A026BD2F-B721-4340-83D5-7AA39227C90F,STAD,virchow2,Virchow2,40x,10x,0.09522940345723677,10,40× → 10×
TCGA-CD-A487-01Z-00-DX1.A026BD2F-B721-4340-83D5-7AA39227C90F,STAD,virchow2,Virchow2,40x,2p5x,-0.5111642405231936,10,40× → 2.5×
TCGA-CF-A3MF-01Z-00-DX1.91768C26-5BB1-4DE6-9737-AA26BD687A75,BLCA,gigapath,GigaPath,10x,2p5x,-1.207600739930232,10,10× → 2.5×
TCGA-CF-A3MF-01Z-00-DX1.91768C26-5BB1-4DE6-9737-AA26BD687A75,BLCA,gigapath,GigaPath,10x,40x,-1.2894883450895425,10,10× → 40×
TCGA-CF-A3MF-01Z-00-DX1.91768C26-5BB1-4DE6-9737-AA26BD687A75,BLCA,gigapath,GigaPath,2p5x,10x,1.0155256616571013,10,2.5× → 10×
TCGA-CF-A3MF-01Z-00-DX1.91768C26-5BB1-4DE6-9737-AA26BD687A75,BLCA,gigapath,GigaPath,2p5x,40x,-0.999167320935477,10,2.5× → 40×
TCGA-CF-A3MF-01Z-00-DX1.91768C26-5BB1-4DE6-9737-AA26BD687A75,BLCA,gigapath,GigaPath,40x,10x,-0.6227938941018116,10,40× → 10×
TCGA-CF-A3MF-01Z-00-DX1.91768C26-5BB1-4DE6-9737-AA26BD687A75,BLCA,gigapath,GigaPath,40x,2p5x,-1.610285187169234,10,40× → 2.5×
TCGA-CF-A3MF-01Z-00-DX1.91768C26-5BB1-4DE6-9737-AA26BD687A75,BLCA,gigapath_flash,GigaPath-Flash,10x,2p5x,-1.3490585515229083,10,10× → 2.5×
TCGA-CF-A3MF-01Z-00-DX1.91768C26-5BB1-4DE6-9737-AA26BD687A75,BLCA,gigapath_flash,GigaPath-Flash,10x,40x,0.04150538102773728,10,10× → 40×
TCGA-CF-A3MF-01Z-00-DX1.91768C26-5BB1-4DE6-9737-AA26BD687A75,BLCA,gigapath_flash,GigaPath-Flash,2p5x,10x,-0.3159637591156744,10,2.5× → 10×
TCGA-CF-A3MF-01Z-00-DX1.91768C26-5BB1-4DE6-9737-AA26BD687A75,BLCA,gigapath_flash,GigaPath-Flash,2p5x,40x,-1.7564442775329212,10,2.5× → 40×
TCGA-CF-A3MF-01Z-00-DX1.91768C26-5BB1-4DE6-9737-AA26BD687A75,BLCA,gigapath_flash,GigaPath-Flash,40x,10x,-5.734508874764528,10,40× → 10×
TCGA-CF-A3MF-01Z-00-DX1.91768C26-5BB1-4DE6-9737-AA26BD687A75,BLCA,gigapath_flash,GigaPath-Flash,40x,2p5x,-4.165630659538064,10,40× → 2.5×
TCGA-CF-A3MF-01Z-00-DX1.91768C26-5BB1-4DE6-9737-AA26BD687A75,BLCA,midnight,Midnight,10x,2p5x,-0.1546347598681159,10,10× → 2.5×
TCGA-CF-A3MF-01Z-00-DX1.91768C26-5BB1-4DE6-9737-AA26BD687A75,BLCA,midnight,Midnight,10x,40x,-0.4454424847360062,10,10× → 40×
TCGA-CF-A3MF-01Z-00-DX1.91768C26-5BB1-4DE6-9737-AA26BD687A75,BLCA,midnight,Midnight,2p5x,10x,-0.2840529405916929,10,2.5× → 10×
TCGA-CF-A3MF-01Z-00-DX1.91768C26-5BB1-4DE6-9737-AA26BD687A75,BLCA,midnight,Midnight,2p5x,40x,-0.5411087354122226,10,2.5× → 40×
TCGA-CF-A3MF-01Z-00-DX1.91768C26-5BB1-4DE6-9737-AA26BD687A75,BLCA,midnight,Midnight,40x,10x,-0.06803358411316314,10,40× → 10×
TCGA-CF-A3MF-01Z-00-DX1.91768C26-5BB1-4DE6-9737-AA26BD687A75,BLCA,midnight,Midnight,40x,2p5x,-0.055886220254814135,10,40× → 2.5×
TCGA-CF-A3MF-01Z-00-DX1.91768C26-5BB1-4DE6-9737-AA26BD687A75,BLCA,phikon,Phikon,10x,2p5x,-1.4538333412185218,10,10× → 2.5×
TCGA-CF-A3MF-01Z-00-DX1.91768C26-5BB1-4DE6-9737-AA26BD687A75,BLCA,phikon,Phikon,10x,40x,-0.24006584251337298,10,10× → 40×
TCGA-CF-A3MF-01Z-00-DX1.91768C26-5BB1-4DE6-9737-AA26BD687A75,BLCA,phikon,Phikon,2p5x,10x,2.5228512176744826,10,2.5× → 10×
TCGA-CF-A3MF-01Z-00-DX1.91768C26-5BB1-4DE6-9737-AA26BD687A75,BLCA,phikon,Phikon,2p5x,40x,-1.8092008765540712,10,2.5× → 40×
TCGA-CF-A3MF-01Z-00-DX1.91768C26-5BB1-4DE6-9737-AA26BD687A75,BLCA,phikon,Phikon,40x,10x,0.722947412018264,10,40× → 10×
TCGA-CF-A3MF-01Z-00-DX1.91768C26-5BB1-4DE6-9737-AA26BD687A75,BLCA,phikon,Phikon,40x,2p5x,-0.34377498959231023,10,40× → 2.5×
TCGA-CF-A3MF-01Z-00-DX1.91768C26-5BB1-4DE6-9737-AA26BD687A75,BLCA,uni,UNI,10x,2p5x,-1.0703738615172833,10,10× → 2.5×
TCGA-CF-A3MF-01Z-00-DX1.91768C26-5BB1-4DE6-9737-AA26BD687A75,BLCA,uni,UNI,10x,40x,-0.581216902628352,10,10× → 40×
TCGA-CF-A3MF-01Z-00-DX1.91768C26-5BB1-4DE6-9737-AA26BD687A75,BLCA,uni,UNI,2p5x,10x,1.42803655371448,10,2.5× → 10×
TCGA-CF-A3MF-01Z-00-DX1.91768C26-5BB1-4DE6-9737-AA26BD687A75,BLCA,uni,UNI,2p5x,40x,-0.7403083364186901,10,2.5× → 40×
TCGA-CF-A3MF-01Z-00-DX1.91768C26-5BB1-4DE6-9737-AA26BD687A75,BLCA,uni,UNI,40x,10x,-2.4395597963605615,10,40× → 10×
TCGA-CF-A3MF-01Z-00-DX1.91768C26-5BB1-4DE6-9737-AA26BD687A75,BLCA,uni,UNI,40x,2p5x,-3.306313239589509,10,40× → 2.5×
TCGA-CF-A3MF-01Z-00-DX1.91768C26-5BB1-4DE6-9737-AA26BD687A75,BLCA,uni2,UNI2,10x,2p5x,-0.7946095851363787,10,10× → 2.5×
TCGA-CF-A3MF-01Z-00-DX1.91768C26-5BB1-4DE6-9737-AA26BD687A75,BLCA,uni2,UNI2,10x,40x,-1.4929833462089284,10,10× → 40×
TCGA-CF-A3MF-01Z-00-DX1.91768C26-5BB1-4DE6-9737-AA26BD687A75,BLCA,uni2,UNI2,2p5x,10x,-0.2516883942379901,10,2.5× → 10×
TCGA-CF-A3MF-01Z-00-DX1.91768C26-5BB1-4DE6-9737-AA26BD687A75,BLCA,uni2,UNI2,2p5x,40x,-3.3362521481400806,10,2.5× → 40×
TCGA-CF-A3MF-01Z-00-DX1.91768C26-5BB1-4DE6-9737-AA26BD687A75,BLCA,uni2,UNI2,40x,10x,-0.00900262047560747,10,40× → 10×
TCGA-CF-A3MF-01Z-00-DX1.91768C26-5BB1-4DE6-9737-AA26BD687A75,BLCA,uni2,UNI2,40x,2p5x,0.00959132825221091,10,40× → 2.5×
TCGA-CF-A3MF-01Z-00-DX1.91768C26-5BB1-4DE6-9737-AA26BD687A75,BLCA,virchow,Virchow,10x,2p5x,-3.75057252532221,10,10× → 2.5×
TCGA-CF-A3MF-01Z-00-DX1.91768C26-5BB1-4DE6-9737-AA26BD687A75,BLCA,virchow,Virchow,10x,40x,0.5835098236142164,10,10× → 40×
TCGA-CF-A3MF-01Z-00-DX1.91768C26-5BB1-4DE6-9737-AA26BD687A75,BLCA,virchow,Virchow,2p5x,10x,-7.025945641262415,10,2.5× → 10×
TCGA-CF-A3MF-01Z-00-DX1.91768C26-5BB1-4DE6-9737-AA26BD687A75,BLCA,virchow,Virchow,2p5x,40x,-9.012015564551348,10,2.5× → 40×
TCGA-CF-A3MF-01Z-00-DX1.91768C26-5BB1-4DE6-9737-AA26BD687A75,BLCA,virchow,Virchow,40x,10x,-6.92269691408966,10,40× → 10×
TCGA-CF-A3MF-01Z-00-DX1.91768C26-5BB1-4DE6-9737-AA26BD687A75,BLCA,virchow,Virchow,40x,2p5x,-2.1611454675657376,10,40× → 2.5×
TCGA-CF-A3MF-01Z-00-DX1.91768C26-5BB1-4DE6-9737-AA26BD687A75,BLCA,virchow2,Virchow2,10x,2p5x,-1.2702399628443843,10,10× → 2.5×
TCGA-CF-A3MF-01Z-00-DX1.91768C26-5BB1-4DE6-9737-AA26BD687A75,BLCA,virchow2,Virchow2,10x,40x,0.8900165634742795,10,10× → 40×
TCGA-CF-A3MF-01Z-00-DX1.91768C26-5BB1-4DE6-9737-AA26BD687A75,BLCA,virchow2,Virchow2,2p5x,10x,-0.22202047346127,10,2.5× → 10×
TCGA-CF-A3MF-01Z-00-DX1.91768C26-5BB1-4DE6-9737-AA26BD687A75,BLCA,virchow2,Virchow2,2p5x,40x,-2.3926026883743434,10,2.5× → 40×
TCGA-CF-A3MF-01Z-00-DX1.91768C26-5BB1-4DE6-9737-AA26BD687A75,BLCA,virchow2,Virchow2,40x,10x,-4.470753647460478,10,40× → 10×
TCGA-CF-A3MF-01Z-00-DX1.91768C26-5BB1-4DE6-9737-AA26BD687A75,BLCA,virchow2,Virchow2,40x,2p5x,-0.8371193177545626,10,40× → 2.5×
TCGA-CK-4947-01Z-00-DX1.b257d5fd-b97b-4987-b088-77f044ca7fe2,COAD,gigapath,GigaPath,10x,2p5x,-1.2119612736024357,10,10× → 2.5×
TCGA-CK-4947-01Z-00-DX1.b257d5fd-b97b-4987-b088-77f044ca7fe2,COAD,gigapath,GigaPath,10x,40x,-3.32983372078723,10,10× → 40×
TCGA-CK-4947-01Z-00-DX1.b257d5fd-b97b-4987-b088-77f044ca7fe2,COAD,gigapath,GigaPath,2p5x,10x,-1.1593343745267644,10,2.5× → 10×
TCGA-CK-4947-01Z-00-DX1.b257d5fd-b97b-4987-b088-77f044ca7fe2,COAD,gigapath,GigaPath,2p5x,40x,-6.658939423960623,10,2.5× → 40×
TCGA-CK-4947-01Z-00-DX1.b257d5fd-b97b-4987-b088-77f044ca7fe2,COAD,gigapath,GigaPath,40x,10x,0.9502718613984861,10,40× → 10×
TCGA-CK-4947-01Z-00-DX1.b257d5fd-b97b-4987-b088-77f044ca7fe2,COAD,gigapath,GigaPath,40x,2p5x,-3.8401921177045386,10,40× → 2.5×
TCGA-CK-4947-01Z-00-DX1.b257d5fd-b97b-4987-b088-77f044ca7fe2,COAD,gigapath_flash,GigaPath-Flash,10x,2p5x,-1.8198170349552334,10,10× → 2.5×
TCGA-CK-4947-01Z-00-DX1.b257d5fd-b97b-4987-b088-77f044ca7fe2,COAD,gigapath_flash,GigaPath-Flash,10x,40x,-2.8937379679795177,10,10× → 40×
TCGA-CK-4947-01Z-00-DX1.b257d5fd-b97b-4987-b088-77f044ca7fe2,COAD,gigapath_flash,GigaPath-Flash,2p5x,10x,-2.076524993767054,10,2.5× → 10×
TCGA-CK-4947-01Z-00-DX1.b257d5fd-b97b-4987-b088-77f044ca7fe2,COAD,gigapath_flash,GigaPath-Flash,2p5x,40x,-0.5721187244507857,10,2.5× → 40×
TCGA-CK-4947-01Z-00-DX1.b257d5fd-b97b-4987-b088-77f044ca7fe2,COAD,gigapath_flash,GigaPath-Flash,40x,10x,0.9399224209160815,10,40× → 10×
TCGA-CK-4947-01Z-00-DX1.b257d5fd-b97b-4987-b088-77f044ca7fe2,COAD,gigapath_flash,GigaPath-Flash,40x,2p5x,-0.8827073415960998,10,40× → 2.5×
TCGA-CK-4947-01Z-00-DX1.b257d5fd-b97b-4987-b088-77f044ca7fe2,COAD,midnight,Midnight,10x,2p5x,-0.45902583161950333,10,10× → 2.5×
TCGA-CK-4947-01Z-00-DX1.b257d5fd-b97b-4987-b088-77f044ca7fe2,COAD,midnight,Midnight,10x,40x,-1.0699437637622944,10,10× → 40×
TCGA-CK-4947-01Z-00-DX1.b257d5fd-b97b-4987-b088-77f044ca7fe2,COAD,midnight,Midnight,2p5x,10x,-1.047821932025483,10,2.5× → 10×
TCGA-CK-4947-01Z-00-DX1.b257d5fd-b97b-4987-b088-77f044ca7fe2,COAD,midnight,Midnight,2p5x,40x,-2.121656690373792,10,2.5× → 40×
TCGA-CK-4947-01Z-00-DX1.b257d5fd-b97b-4987-b088-77f044ca7fe2,COAD,midnight,Midnight,40x,10x,-1.283060532744248,10,40× → 10×
TCGA-CK-4947-01Z-00-DX1.b257d5fd-b97b-4987-b088-77f044ca7fe2,COAD,midnight,Midnight,40x,2p5x,-1.7854200256228236,10,40× → 2.5×
TCGA-CK-4947-01Z-00-DX1.b257d5fd-b97b-4987-b088-77f044ca7fe2,COAD,phikon,Phikon,10x,2p5x,-2.1627191401497448,10,10× → 2.5×
TCGA-CK-4947-01Z-00-DX1.b257d5fd-b97b-4987-b088-77f044ca7fe2,COAD,phikon,Phikon,10x,40x,-2.6760125192663455,10,10× → 40×
TCGA-CK-4947-01Z-00-DX1.b257d5fd-b97b-4987-b088-77f044ca7fe2,COAD,phikon,Phikon,2p5x,10x,-0.4769767086246173,10,2.5× → 10×
TCGA-CK-4947-01Z-00-DX1.b257d5fd-b97b-4987-b088-77f044ca7fe2,COAD,phikon,Phikon,2p5x,40x,-2.8791232482098055,10,2.5× → 40×
TCGA-CK-4947-01Z-00-DX1.b257d5fd-b97b-4987-b088-77f044ca7fe2,COAD,phikon,Phikon,40x,10x,0.8137208403332925,10,40× → 10×
TCGA-CK-4947-01Z-00-DX1.b257d5fd-b97b-4987-b088-77f044ca7fe2,COAD,phikon,Phikon,40x,2p5x,-1.4016250752941006,10,40× → 2.5×
TCGA-CK-4947-01Z-00-DX1.b257d5fd-b97b-4987-b088-77f044ca7fe2,COAD,uni,UNI,10x,2p5x,-2.587747755384112,10,10× → 2.5×
TCGA-CK-4947-01Z-00-DX1.b257d5fd-b97b-4987-b088-77f044ca7fe2,COAD,uni,UNI,10x,40x,-1.4174374037061472,10,10× → 40×
TCGA-CK-4947-01Z-00-DX1.b257d5fd-b97b-4987-b088-77f044ca7fe2,COAD,uni,UNI,2p5x,10x,-3.379866120464171,10,2.5× → 10×
TCGA-CK-4947-01Z-00-DX1.b257d5fd-b97b-4987-b088-77f044ca7fe2,COAD,uni,UNI,2p5x,40x,-3.5866620498396324,10,2.5× → 40×
TCGA-CK-4947-01Z-00-DX1.b257d5fd-b97b-4987-b088-77f044ca7fe2,COAD,uni,UNI,40x,10x,-0.576488372268836,10,40× → 10×
TCGA-CK-4947-01Z-00-DX1.b257d5fd-b97b-4987-b088-77f044ca7fe2,COAD,uni,UNI,40x,2p5x,-3.3884180518085882,10,40× → 2.5×
TCGA-CK-4947-01Z-00-DX1.b257d5fd-b97b-4987-b088-77f044ca7fe2,COAD,uni2,UNI2,10x,2p5x,-0.257961506678888,10,10× → 2.5×
TCGA-CK-4947-01Z-00-DX1.b257d5fd-b97b-4987-b088-77f044ca7fe2,COAD,uni2,UNI2,10x,40x,-2.8606241773667547,10,10× → 40×
TCGA-CK-4947-01Z-00-DX1.b257d5fd-b97b-4987-b088-77f044ca7fe2,COAD,uni2,UNI2,2p5x,10x,-1.678757291395458,10,2.5× → 10×
TCGA-CK-4947-01Z-00-DX1.b257d5fd-b97b-4987-b088-77f044ca7fe2,COAD,uni2,UNI2,2p5x,40x,-5.619246124043888,10,2.5× → 40×
TCGA-CK-4947-01Z-00-DX1.b257d5fd-b97b-4987-b088-77f044ca7fe2,COAD,uni2,UNI2,40x,10x,-1.5862116945301081,10,40× → 10×
TCGA-CK-4947-01Z-00-DX1.b257d5fd-b97b-4987-b088-77f044ca7fe2,COAD,uni2,UNI2,40x,2p5x,-2.241148095005651,10,40× → 2.5×
TCGA-CK-4947-01Z-00-DX1.b257d5fd-b97b-4987-b088-77f044ca7fe2,COAD,virchow,Virchow,10x,2p5x,-3.0644083510889937,10,10× → 2.5×
TCGA-CK-4947-01Z-00-DX1.b257d5fd-b97b-4987-b088-77f044ca7fe2,COAD,virchow,Virchow,10x,40x,-3.6958547607470864,10,10× → 40×
TCGA-CK-4947-01Z-00-DX1.b257d5fd-b97b-4987-b088-77f044ca7fe2,COAD,virchow,Virchow,2p5x,10x,-0.06031441910411249,10,2.5× → 10×
TCGA-CK-4947-01Z-00-DX1.b257d5fd-b97b-4987-b088-77f044ca7fe2,COAD,virchow,Virchow,2p5x,40x,-1.274566947164125,10,2.5× → 40×
TCGA-CK-4947-01Z-00-DX1.b257d5fd-b97b-4987-b088-77f044ca7fe2,COAD,virchow,Virchow,40x,10x,1.4140128113489034,10,40× → 10×
TCGA-CK-4947-01Z-00-DX1.b257d5fd-b97b-4987-b088-77f044ca7fe2,COAD,virchow,Virchow,40x,2p5x,-2.250592818629379,10,40× → 2.5×
TCGA-CK-4947-01Z-00-DX1.b257d5fd-b97b-4987-b088-77f044ca7fe2,COAD,virchow2,Virchow2,10x,2p5x,-0.7729640967019933,10,10× → 2.5×
TCGA-CK-4947-01Z-00-DX1.b257d5fd-b97b-4987-b088-77f044ca7fe2,COAD,virchow2,Virchow2,10x,40x,-2.5957502012221667,10,10× → 40×
TCGA-CK-4947-01Z-00-DX1.b257d5fd-b97b-4987-b088-77f044ca7fe2,COAD,virchow2,Virchow2,2p5x,10x,-1.3520951879784637,10,2.5× → 10×
TCGA-CK-4947-01Z-00-DX1.b257d5fd-b97b-4987-b088-77f044ca7fe2,COAD,virchow2,Virchow2,2p5x,40x,-3.5217957360134973,10,2.5× → 40×
TCGA-CK-4947-01Z-00-DX1.b257d5fd-b97b-4987-b088-77f044ca7fe2,COAD,virchow2,Virchow2,40x,10x,0.022178019442074058,10,40× → 10×
TCGA-CK-4947-01Z-00-DX1.b257d5fd-b97b-4987-b088-77f044ca7fe2,COAD,virchow2,Virchow2,40x,2p5x,-3.0758871308513074,10,40× → 2.5×
TCGA-CM-6168-01Z-00-DX1.96af6eb2-9d51-4671-baf8-1a73d0c66869,COAD,gigapath,GigaPath,10x,2p5x,-0.8628312354632428,10,10× → 2.5×
TCGA-CM-6168-01Z-00-DX1.96af6eb2-9d51-4671-baf8-1a73d0c66869,COAD,gigapath,GigaPath,10x,40x,-1.8356393501854213,10,10× → 40×
TCGA-CM-6168-01Z-00-DX1.96af6eb2-9d51-4671-baf8-1a73d0c66869,COAD,gigapath,GigaPath,2p5x,10x,-0.46936239299264193,10,2.5× → 10×
TCGA-CM-6168-01Z-00-DX1.96af6eb2-9d51-4671-baf8-1a73d0c66869,COAD,gigapath,GigaPath,2p5x,40x,-3.4763828795681704,10,2.5× → 40×
TCGA-CM-6168-01Z-00-DX1.96af6eb2-9d51-4671-baf8-1a73d0c66869,COAD,gigapath,GigaPath,40x,10x,-0.08161524067696244,10,40× → 10×
TCGA-CM-6168-01Z-00-DX1.96af6eb2-9d51-4671-baf8-1a73d0c66869,COAD,gigapath,GigaPath,40x,2p5x,-4.263362158645038,10,40× → 2.5×
TCGA-CM-6168-01Z-00-DX1.96af6eb2-9d51-4671-baf8-1a73d0c66869,COAD,gigapath_flash,GigaPath-Flash,10x,2p5x,-1.4697786585336106,10,10× → 2.5×
TCGA-CM-6168-01Z-00-DX1.96af6eb2-9d51-4671-baf8-1a73d0c66869,COAD,gigapath_flash,GigaPath-Flash,10x,40x,-1.8102740468503644,10,10× → 40×
TCGA-CM-6168-01Z-00-DX1.96af6eb2-9d51-4671-baf8-1a73d0c66869,COAD,gigapath_flash,GigaPath-Flash,2p5x,10x,-0.08571447333861301,10,2.5× → 10×
TCGA-CM-6168-01Z-00-DX1.96af6eb2-9d51-4671-baf8-1a73d0c66869,COAD,gigapath_flash,GigaPath-Flash,2p5x,40x,-0.0015091663670614495,10,2.5× → 40×
TCGA-CM-6168-01Z-00-DX1.96af6eb2-9d51-4671-baf8-1a73d0c66869,COAD,gigapath_flash,GigaPath-Flash,40x,10x,0.02754101942443484,10,40× → 10×
TCGA-CM-6168-01Z-00-DX1.96af6eb2-9d51-4671-baf8-1a73d0c66869,COAD,gigapath_flash,GigaPath-Flash,40x,2p5x,-2.8204320614682943,10,40× → 2.5×
TCGA-CM-6168-01Z-00-DX1.96af6eb2-9d51-4671-baf8-1a73d0c66869,COAD,midnight,Midnight,10x,2p5x,-0.19199347319650933,10,10× → 2.5×
TCGA-CM-6168-01Z-00-DX1.96af6eb2-9d51-4671-baf8-1a73d0c66869,COAD,midnight,Midnight,10x,40x,-0.7192194198695916,10,10× → 40×
TCGA-CM-6168-01Z-00-DX1.96af6eb2-9d51-4671-baf8-1a73d0c66869,COAD,midnight,Midnight,2p5x,10x,-0.35704798749868405,10,2.5× → 10×
TCGA-CM-6168-01Z-00-DX1.96af6eb2-9d51-4671-baf8-1a73d0c66869,COAD,midnight,Midnight,2p5x,40x,-1.594445692432361,10,2.5× → 40×
TCGA-CM-6168-01Z-00-DX1.96af6eb2-9d51-4671-baf8-1a73d0c66869,COAD,midnight,Midnight,40x,10x,-0.241276264578313,10,40× → 10×
TCGA-CM-6168-01Z-00-DX1.96af6eb2-9d51-4671-baf8-1a73d0c66869,COAD,midnight,Midnight,40x,2p5x,-0.7137222677621985,10,40× → 2.5×
TCGA-CM-6168-01Z-00-DX1.96af6eb2-9d51-4671-baf8-1a73d0c66869,COAD,phikon,Phikon,10x,2p5x,-0.9111588001892098,10,10× → 2.5×
TCGA-CM-6168-01Z-00-DX1.96af6eb2-9d51-4671-baf8-1a73d0c66869,COAD,phikon,Phikon,10x,40x,-0.40120388141462826,10,10× → 40×
TCGA-CM-6168-01Z-00-DX1.96af6eb2-9d51-4671-baf8-1a73d0c66869,COAD,phikon,Phikon,2p5x,10x,-0.09555061439024524,10,2.5× → 10×
TCGA-CM-6168-01Z-00-DX1.96af6eb2-9d51-4671-baf8-1a73d0c66869,COAD,phikon,Phikon,2p5x,40x,-1.5904133100414153,10,2.5× → 40×
TCGA-CM-6168-01Z-00-DX1.96af6eb2-9d51-4671-baf8-1a73d0c66869,COAD,phikon,Phikon,40x,10x,-0.22681664641503665,10,40× → 10×
TCGA-CM-6168-01Z-00-DX1.96af6eb2-9d51-4671-baf8-1a73d0c66869,COAD,phikon,Phikon,40x,2p5x,-2.379611642798842,10,40× → 2.5×
TCGA-CM-6168-01Z-00-DX1.96af6eb2-9d51-4671-baf8-1a73d0c66869,COAD,uni,UNI,10x,2p5x,-2.2410520866583354,10,10× → 2.5×
TCGA-CM-6168-01Z-00-DX1.96af6eb2-9d51-4671-baf8-1a73d0c66869,COAD,uni,UNI,10x,40x,-0.2286172226020661,10,10× → 40×
TCGA-CM-6168-01Z-00-DX1.96af6eb2-9d51-4671-baf8-1a73d0c66869,COAD,uni,UNI,2p5x,10x,-0.8682754154915081,10,2.5× → 10×
TCGA-CM-6168-01Z-00-DX1.96af6eb2-9d51-4671-baf8-1a73d0c66869,COAD,uni,UNI,2p5x,40x,-0.9396772227353762,10,2.5× → 40×
TCGA-CM-6168-01Z-00-DX1.96af6eb2-9d51-4671-baf8-1a73d0c66869,COAD,uni,UNI,40x,10x,-0.1598376668752547,10,40× → 10×
TCGA-CM-6168-01Z-00-DX1.96af6eb2-9d51-4671-baf8-1a73d0c66869,COAD,uni,UNI,40x,2p5x,-3.3397207859730558,10,40× → 2.5×
TCGA-CM-6168-01Z-00-DX1.96af6eb2-9d51-4671-baf8-1a73d0c66869,COAD,uni2,UNI2,10x,2p5x,-0.15722134512428237,10,10× → 2.5×
TCGA-CM-6168-01Z-00-DX1.96af6eb2-9d51-4671-baf8-1a73d0c66869,COAD,uni2,UNI2,10x,40x,-2.2312449331085062,10,10× → 40×
TCGA-CM-6168-01Z-00-DX1.96af6eb2-9d51-4671-baf8-1a73d0c66869,COAD,uni2,UNI2,2p5x,10x,-1.316111814864423,10,2.5× → 10×
TCGA-CM-6168-01Z-00-DX1.96af6eb2-9d51-4671-baf8-1a73d0c66869,COAD,uni2,UNI2,2p5x,40x,-5.153150654697832,10,2.5× → 40×
TCGA-CM-6168-01Z-00-DX1.96af6eb2-9d51-4671-baf8-1a73d0c66869,COAD,uni2,UNI2,40x,10x,-0.782407137364392,10,40× → 10×
TCGA-CM-6168-01Z-00-DX1.96af6eb2-9d51-4671-baf8-1a73d0c66869,COAD,uni2,UNI2,40x,2p5x,-1.1194394811436947,10,40× → 2.5×
TCGA-CM-6168-01Z-00-DX1.96af6eb2-9d51-4671-baf8-1a73d0c66869,COAD,virchow,Virchow,10x,2p5x,-4.442732254803035,10,10× → 2.5×
TCGA-CM-6168-01Z-00-DX1.96af6eb2-9d51-4671-baf8-1a73d0c66869,COAD,virchow,Virchow,10x,40x,-1.12844740719462,10,10× → 40×
TCGA-CM-6168-01Z-00-DX1.96af6eb2-9d51-4671-baf8-1a73d0c66869,COAD,virchow,Virchow,2p5x,10x,-0.0780237526454617,10,2.5× → 10×
TCGA-CM-6168-01Z-00-DX1.96af6eb2-9d51-4671-baf8-1a73d0c66869,COAD,virchow,Virchow,2p5x,40x,-0.3245451815470951,10,2.5× → 40×
TCGA-CM-6168-01Z-00-DX1.96af6eb2-9d51-4671-baf8-1a73d0c66869,COAD,virchow,Virchow,40x,10x,-0.43369054469015145,10,40× → 10×
TCGA-CM-6168-01Z-00-DX1.96af6eb2-9d51-4671-baf8-1a73d0c66869,COAD,virchow,Virchow,40x,2p5x,-2.710755587874173,10,40× → 2.5×
TCGA-CM-6168-01Z-00-DX1.96af6eb2-9d51-4671-baf8-1a73d0c66869,COAD,virchow2,Virchow2,10x,2p5x,-0.3541485949163353,10,10× → 2.5×
TCGA-CM-6168-01Z-00-DX1.96af6eb2-9d51-4671-baf8-1a73d0c66869,COAD,virchow2,Virchow2,10x,40x,-0.5691527097150336,10,10× → 40×
TCGA-CM-6168-01Z-00-DX1.96af6eb2-9d51-4671-baf8-1a73d0c66869,COAD,virchow2,Virchow2,2p5x,10x,-0.19502810786629074,10,2.5× → 10×
TCGA-CM-6168-01Z-00-DX1.96af6eb2-9d51-4671-baf8-1a73d0c66869,COAD,virchow2,Virchow2,2p5x,40x,-2.3860459026526377,10,2.5× → 40×
TCGA-CM-6168-01Z-00-DX1.96af6eb2-9d51-4671-baf8-1a73d0c66869,COAD,virchow2,Virchow2,40x,10x,-0.009307752196917,10,40× → 10×
TCGA-CM-6168-01Z-00-DX1.96af6eb2-9d51-4671-baf8-1a73d0c66869,COAD,virchow2,Virchow2,40x,2p5x,-2.3672476952543833,10,40× → 2.5×
TCGA-CM-6169-01Z-00-DX1.0381c243-02b8-4f1d-840c-19ef44d4b92c,COAD,gigapath,GigaPath,10x,2p5x,-0.6042562192713402,10,10× → 2.5×
TCGA-CM-6169-01Z-00-DX1.0381c243-02b8-4f1d-840c-19ef44d4b92c,COAD,gigapath,GigaPath,10x,40x,-2.251782851231178,10,10× → 40×
TCGA-CM-6169-01Z-00-DX1.0381c243-02b8-4f1d-840c-19ef44d4b92c,COAD,gigapath,GigaPath,2p5x,10x,-1.6722637809563323,10,2.5× → 10×
TCGA-CM-6169-01Z-00-DX1.0381c243-02b8-4f1d-840c-19ef44d4b92c,COAD,gigapath,GigaPath,2p5x,40x,-3.813357245672088,10,2.5× → 40×
TCGA-CM-6169-01Z-00-DX1.0381c243-02b8-4f1d-840c-19ef44d4b92c,COAD,gigapath,GigaPath,40x,10x,0.18628324966822923,10,40× → 10×
TCGA-CM-6169-01Z-00-DX1.0381c243-02b8-4f1d-840c-19ef44d4b92c,COAD,gigapath,GigaPath,40x,2p5x,-3.610878702707005,10,40× → 2.5×
TCGA-CM-6169-01Z-00-DX1.0381c243-02b8-4f1d-840c-19ef44d4b92c,COAD,gigapath_flash,GigaPath-Flash,10x,2p5x,-1.5891176651648578,10,10× → 2.5×
TCGA-CM-6169-01Z-00-DX1.0381c243-02b8-4f1d-840c-19ef44d4b92c,COAD,gigapath_flash,GigaPath-Flash,10x,40x,-2.239669338870884,10,10× → 40×
TCGA-CM-6169-01Z-00-DX1.0381c243-02b8-4f1d-840c-19ef44d4b92c,COAD,gigapath_flash,GigaPath-Flash,2p5x,10x,-0.055983781383173545,10,2.5× → 10×
TCGA-CM-6169-01Z-00-DX1.0381c243-02b8-4f1d-840c-19ef44d4b92c,COAD,gigapath_flash,GigaPath-Flash,2p5x,40x,0.6231206561014285,10,2.5× → 40×
TCGA-CM-6169-01Z-00-DX1.0381c243-02b8-4f1d-840c-19ef44d4b92c,COAD,gigapath_flash,GigaPath-Flash,40x,10x,0.4640858269892118,10,40× → 10×
TCGA-CM-6169-01Z-00-DX1.0381c243-02b8-4f1d-840c-19ef44d4b92c,COAD,gigapath_flash,GigaPath-Flash,40x,2p5x,-2.7900474016338106,10,40× → 2.5×
TCGA-CM-6169-01Z-00-DX1.0381c243-02b8-4f1d-840c-19ef44d4b92c,COAD,midnight,Midnight,10x,2p5x,-0.4681905279822688,10,10× → 2.5×
TCGA-CM-6169-01Z-00-DX1.0381c243-02b8-4f1d-840c-19ef44d4b92c,COAD,midnight,Midnight,10x,40x,-0.5396983645670175,10,10× → 40×
TCGA-CM-6169-01Z-00-DX1.0381c243-02b8-4f1d-840c-19ef44d4b92c,COAD,midnight,Midnight,2p5x,10x,-0.2072661078581266,10,2.5× → 10×
TCGA-CM-6169-01Z-00-DX1.0381c243-02b8-4f1d-840c-19ef44d4b92c,COAD,midnight,Midnight,2p5x,40x,-1.5970878547988403,10,2.5× → 40×
TCGA-CM-6169-01Z-00-DX1.0381c243-02b8-4f1d-840c-19ef44d4b92c,COAD,midnight,Midnight,40x,10x,-0.7878274495660017,10,40× → 10×
TCGA-CM-6169-01Z-00-DX1.0381c243-02b8-4f1d-840c-19ef44d4b92c,COAD,midnight,Midnight,40x,2p5x,-1.9048412003680357,10,40× → 2.5×
TCGA-CM-6169-01Z-00-DX1.0381c243-02b8-4f1d-840c-19ef44d4b92c,COAD,phikon,Phikon,10x,2p5x,-1.343140654274309,10,10× → 2.5×
TCGA-CM-6169-01Z-00-DX1.0381c243-02b8-4f1d-840c-19ef44d4b92c,COAD,phikon,Phikon,10x,40x,-0.3573916777815651,10,10× → 40×
TCGA-CM-6169-01Z-00-DX1.0381c243-02b8-4f1d-840c-19ef44d4b92c,COAD,phikon,Phikon,2p5x,10x,-0.038345229875501596,10,2.5× → 10×
TCGA-CM-6169-01Z-00-DX1.0381c243-02b8-4f1d-840c-19ef44d4b92c,COAD,phikon,Phikon,2p5x,40x,-1.8413602967911717,10,2.5× → 40×
TCGA-CM-6169-01Z-00-DX1.0381c243-02b8-4f1d-840c-19ef44d4b92c,COAD,phikon,Phikon,40x,10x,-0.5799718541696616,10,40× → 10×
TCGA-CM-6169-01Z-00-DX1.0381c243-02b8-4f1d-840c-19ef44d4b92c,COAD,phikon,Phikon,40x,2p5x,-2.1055909211588055,10,40× → 2.5×
TCGA-CM-6169-01Z-00-DX1.0381c243-02b8-4f1d-840c-19ef44d4b92c,COAD,uni,UNI,10x,2p5x,-2.4381896382109116,10,10× → 2.5×
TCGA-CM-6169-01Z-00-DX1.0381c243-02b8-4f1d-840c-19ef44d4b92c,COAD,uni,UNI,10x,40x,-0.18365175640407863,10,10× → 40×
TCGA-CM-6169-01Z-00-DX1.0381c243-02b8-4f1d-840c-19ef44d4b92c,COAD,uni,UNI,2p5x,10x,-1.0122298571107236,10,2.5× → 10×
TCGA-CM-6169-01Z-00-DX1.0381c243-02b8-4f1d-840c-19ef44d4b92c,COAD,uni,UNI,2p5x,40x,0.3489808753617301,10,2.5× → 40×
TCGA-CM-6169-01Z-00-DX1.0381c243-02b8-4f1d-840c-19ef44d4b92c,COAD,uni,UNI,40x,10x,-0.4197195203926147,10,40× → 10×
TCGA-CM-6169-01Z-00-DX1.0381c243-02b8-4f1d-840c-19ef44d4b92c,COAD,uni,UNI,40x,2p5x,-5.017574558297683,10,40× → 2.5×
TCGA-CM-6169-01Z-00-DX1.0381c243-02b8-4f1d-840c-19ef44d4b92c,COAD,uni2,UNI2,10x,2p5x,-0.4077251834299617,10,10× → 2.5×
TCGA-CM-6169-01Z-00-DX1.0381c243-02b8-4f1d-840c-19ef44d4b92c,COAD,uni2,UNI2,10x,40x,-2.425472222673883,10,10× → 40×
TCGA-CM-6169-01Z-00-DX1.0381c243-02b8-4f1d-840c-19ef44d4b92c,COAD,uni2,UNI2,2p5x,10x,-1.1575240124394508,10,2.5× → 10×
TCGA-CM-6169-01Z-00-DX1.0381c243-02b8-4f1d-840c-19ef44d4b92c,COAD,uni2,UNI2,2p5x,40x,-5.177973209063118,10,2.5× → 40×
TCGA-CM-6169-01Z-00-DX1.0381c243-02b8-4f1d-840c-19ef44d4b92c,COAD,uni2,UNI2,40x,10x,-0.8233457309604753,10,40× → 10×
TCGA-CM-6169-01Z-00-DX1.0381c243-02b8-4f1d-840c-19ef44d4b92c,COAD,uni2,UNI2,40x,2p5x,-1.6460638548165143,10,40× → 2.5×
TCGA-CM-6169-01Z-00-DX1.0381c243-02b8-4f1d-840c-19ef44d4b92c,COAD,virchow,Virchow,10x,2p5x,-7.0687450983615205,10,10× → 2.5×
TCGA-CM-6169-01Z-00-DX1.0381c243-02b8-4f1d-840c-19ef44d4b92c,COAD,virchow,Virchow,10x,40x,-1.160994188839958,10,10× → 40×
TCGA-CM-6169-01Z-00-DX1.0381c243-02b8-4f1d-840c-19ef44d4b92c,COAD,virchow,Virchow,2p5x,10x,1.0127033562065617,10,2.5× → 10×
TCGA-CM-6169-01Z-00-DX1.0381c243-02b8-4f1d-840c-19ef44d4b92c,COAD,virchow,Virchow,2p5x,40x,1.0596574189570755,10,2.5× → 40×
TCGA-CM-6169-01Z-00-DX1.0381c243-02b8-4f1d-840c-19ef44d4b92c,COAD,virchow,Virchow,40x,10x,-1.4396144025329802,10,40× → 10×
TCGA-CM-6169-01Z-00-DX1.0381c243-02b8-4f1d-840c-19ef44d4b92c,COAD,virchow,Virchow,40x,2p5x,-5.255680751674589,10,40× → 2.5×
TCGA-CM-6169-01Z-00-DX1.0381c243-02b8-4f1d-840c-19ef44d4b92c,COAD,virchow2,Virchow2,10x,2p5x,-0.5128700431948761,10,10× → 2.5×
TCGA-CM-6169-01Z-00-DX1.0381c243-02b8-4f1d-840c-19ef44d4b92c,COAD,virchow2,Virchow2,10x,40x,-0.776048944327867,10,10× → 40×
TCGA-CM-6169-01Z-00-DX1.0381c243-02b8-4f1d-840c-19ef44d4b92c,COAD,virchow2,Virchow2,2p5x,10x,-0.09287565899308485,10,2.5× → 10×
TCGA-CM-6169-01Z-00-DX1.0381c243-02b8-4f1d-840c-19ef44d4b92c,COAD,virchow2,Virchow2,2p5x,40x,-2.2154079727097757,10,2.5× → 40×
TCGA-CM-6169-01Z-00-DX1.0381c243-02b8-4f1d-840c-19ef44d4b92c,COAD,virchow2,Virchow2,40x,10x,-0.3304497016050248,10,40× → 10×
TCGA-CM-6169-01Z-00-DX1.0381c243-02b8-4f1d-840c-19ef44d4b92c,COAD,virchow2,Virchow2,40x,2p5x,-3.990919177215255,10,40× → 2.5×
TCGA-CN-A6V7-01A-01-TS1.F54912D3-1E21-4605-ACFC-142973524AE2,HNSC,gigapath,GigaPath,10x,2p5x,4.547158236851283,10,10× → 2.5×
TCGA-CN-A6V7-01A-01-TS1.F54912D3-1E21-4605-ACFC-142973524AE2,HNSC,gigapath,GigaPath,10x,40x,3.6493762916577746,10,10× → 40×
TCGA-CN-A6V7-01A-01-TS1.F54912D3-1E21-4605-ACFC-142973524AE2,HNSC,gigapath,GigaPath,2p5x,10x,4.064843544276366,10,2.5× → 10×
TCGA-CN-A6V7-01A-01-TS1.F54912D3-1E21-4605-ACFC-142973524AE2,HNSC,gigapath,GigaPath,2p5x,40x,5.4137570116265215,10,2.5× → 40×
TCGA-CN-A6V7-01A-01-TS1.F54912D3-1E21-4605-ACFC-142973524AE2,HNSC,gigapath,GigaPath,40x,10x,3.1156126141053693,10,40× → 10×
TCGA-CN-A6V7-01A-01-TS1.F54912D3-1E21-4605-ACFC-142973524AE2,HNSC,gigapath,GigaPath,40x,2p5x,5.5739393301717275,10,40× → 2.5×
TCGA-CN-A6V7-01A-01-TS1.F54912D3-1E21-4605-ACFC-142973524AE2,HNSC,gigapath_flash,GigaPath-Flash,10x,2p5x,3.8456223583850906,10,10× → 2.5×
TCGA-CN-A6V7-01A-01-TS1.F54912D3-1E21-4605-ACFC-142973524AE2,HNSC,gigapath_flash,GigaPath-Flash,10x,40x,2.8976194207282995,10,10× → 40×
TCGA-CN-A6V7-01A-01-TS1.F54912D3-1E21-4605-ACFC-142973524AE2,HNSC,gigapath_flash,GigaPath-Flash,2p5x,10x,2.247928288614445,10,2.5× → 10×
TCGA-CN-A6V7-01A-01-TS1.F54912D3-1E21-4605-ACFC-142973524AE2,HNSC,gigapath_flash,GigaPath-Flash,2p5x,40x,3.394018736396825,10,2.5× → 40×
TCGA-CN-A6V7-01A-01-TS1.F54912D3-1E21-4605-ACFC-142973524AE2,HNSC,gigapath_flash,GigaPath-Flash,40x,10x,0.44571286004938937,10,40× → 10×
TCGA-CN-A6V7-01A-01-TS1.F54912D3-1E21-4605-ACFC-142973524AE2,HNSC,gigapath_flash,GigaPath-Flash,40x,2p5x,3.234103796649265,10,40× → 2.5×
TCGA-CN-A6V7-01A-01-TS1.F54912D3-1E21-4605-ACFC-142973524AE2,HNSC,midnight,Midnight,10x,2p5x,3.4350161012600156,10,10× → 2.5×
TCGA-CN-A6V7-01A-01-TS1.F54912D3-1E21-4605-ACFC-142973524AE2,HNSC,midnight,Midnight,10x,40x,3.6524973070516014,10,10× → 40×
TCGA-CN-A6V7-01A-01-TS1.F54912D3-1E21-4605-ACFC-142973524AE2,HNSC,midnight,Midnight,2p5x,10x,2.9318768763311995,10,2.5× → 10×
TCGA-CN-A6V7-01A-01-TS1.F54912D3-1E21-4605-ACFC-142973524AE2,HNSC,midnight,Midnight,2p5x,40x,3.7796493046415107,10,2.5× → 40×
TCGA-CN-A6V7-01A-01-TS1.F54912D3-1E21-4605-ACFC-142973524AE2,HNSC,midnight,Midnight,40x,10x,2.7149090398316504,10,40× → 10×
TCGA-CN-A6V7-01A-01-TS1.F54912D3-1E21-4605-ACFC-142973524AE2,HNSC,midnight,Midnight,40x,2p5x,5.014880369608046,10,40× → 2.5×
TCGA-CN-A6V7-01A-01-TS1.F54912D3-1E21-4605-ACFC-142973524AE2,HNSC,phikon,Phikon,10x,2p5x,3.722737496335378,10,10× → 2.5×
TCGA-CN-A6V7-01A-01-TS1.F54912D3-1E21-4605-ACFC-142973524AE2,HNSC,phikon,Phikon,10x,40x,-2.7384273996138253,10,10× → 40×
TCGA-CN-A6V7-01A-01-TS1.F54912D3-1E21-4605-ACFC-142973524AE2,HNSC,phikon,Phikon,2p5x,10x,2.3354068744969427,10,2.5× → 10×
TCGA-CN-A6V7-01A-01-TS1.F54912D3-1E21-4605-ACFC-142973524AE2,HNSC,phikon,Phikon,2p5x,40x,2.2189243708190993,10,2.5× → 40×
TCGA-CN-A6V7-01A-01-TS1.F54912D3-1E21-4605-ACFC-142973524AE2,HNSC,phikon,Phikon,40x,10x,2.3889565807696793,10,40× → 10×
TCGA-CN-A6V7-01A-01-TS1.F54912D3-1E21-4605-ACFC-142973524AE2,HNSC,phikon,Phikon,40x,2p5x,5.255232009637182,10,40× → 2.5×
TCGA-CN-A6V7-01A-01-TS1.F54912D3-1E21-4605-ACFC-142973524AE2,HNSC,uni,UNI,10x,2p5x,3.75977369669578,10,10× → 2.5×
TCGA-CN-A6V7-01A-01-TS1.F54912D3-1E21-4605-ACFC-142973524AE2,HNSC,uni,UNI,10x,40x,0.3061224138221755,10,10× → 40×
TCGA-CN-A6V7-01A-01-TS1.F54912D3-1E21-4605-ACFC-142973524AE2,HNSC,uni,UNI,2p5x,10x,3.854950127990061,10,2.5× → 10×
TCGA-CN-A6V7-01A-01-TS1.F54912D3-1E21-4605-ACFC-142973524AE2,HNSC,uni,UNI,2p5x,40x,2.769527814855853,10,2.5× → 40×
TCGA-CN-A6V7-01A-01-TS1.F54912D3-1E21-4605-ACFC-142973524AE2,HNSC,uni,UNI,40x,10x,4.295425837374022,10,40× → 10×
TCGA-CN-A6V7-01A-01-TS1.F54912D3-1E21-4605-ACFC-142973524AE2,HNSC,uni,UNI,40x,2p5x,5.444375386323341,10,40× → 2.5×
TCGA-CN-A6V7-01A-01-TS1.F54912D3-1E21-4605-ACFC-142973524AE2,HNSC,uni2,UNI2,10x,2p5x,2.891308571444786,10,10× → 2.5×
TCGA-CN-A6V7-01A-01-TS1.F54912D3-1E21-4605-ACFC-142973524AE2,HNSC,uni2,UNI2,10x,40x,1.8103571776752783,10,10× → 40×
TCGA-CN-A6V7-01A-01-TS1.F54912D3-1E21-4605-ACFC-142973524AE2,HNSC,uni2,UNI2,2p5x,10x,2.9813837362397915,10,2.5× → 10×
TCGA-CN-A6V7-01A-01-TS1.F54912D3-1E21-4605-ACFC-142973524AE2,HNSC,uni2,UNI2,2p5x,40x,2.9403873218586325,10,2.5× → 40×
TCGA-CN-A6V7-01A-01-TS1.F54912D3-1E21-4605-ACFC-142973524AE2,HNSC,uni2,UNI2,40x,10x,0.5837545989736236,10,40× → 10×
TCGA-CN-A6V7-01A-01-TS1.F54912D3-1E21-4605-ACFC-142973524AE2,HNSC,uni2,UNI2,40x,2p5x,1.7715846525009566,10,40× → 2.5×
TCGA-CN-A6V7-01A-01-TS1.F54912D3-1E21-4605-ACFC-142973524AE2,HNSC,virchow,Virchow,10x,2p5x,4.436451748918827,10,10× → 2.5×
TCGA-CN-A6V7-01A-01-TS1.F54912D3-1E21-4605-ACFC-142973524AE2,HNSC,virchow,Virchow,10x,40x,-2.3113574150987235,10,10× → 40×
TCGA-CN-A6V7-01A-01-TS1.F54912D3-1E21-4605-ACFC-142973524AE2,HNSC,virchow,Virchow,2p5x,10x,2.655603086040809,10,2.5× → 10×
TCGA-CN-A6V7-01A-01-TS1.F54912D3-1E21-4605-ACFC-142973524AE2,HNSC,virchow,Virchow,2p5x,40x,0.18077906106646163,10,2.5× → 40×
TCGA-CN-A6V7-01A-01-TS1.F54912D3-1E21-4605-ACFC-142973524AE2,HNSC,virchow,Virchow,40x,10x,5.7341503837748045,10,40× → 10×
TCGA-CN-A6V7-01A-01-TS1.F54912D3-1E21-4605-ACFC-142973524AE2,HNSC,virchow,Virchow,40x,2p5x,6.176153809686284,10,40× → 2.5×
TCGA-CN-A6V7-01A-01-TS1.F54912D3-1E21-4605-ACFC-142973524AE2,HNSC,virchow2,Virchow2,10x,2p5x,-0.2021641515454274,10,10× → 2.5×
TCGA-CN-A6V7-01A-01-TS1.F54912D3-1E21-4605-ACFC-142973524AE2,HNSC,virchow2,Virchow2,10x,40x,4.364681453529788,10,10× → 40×
TCGA-CN-A6V7-01A-01-TS1.F54912D3-1E21-4605-ACFC-142973524AE2,HNSC,virchow2,Virchow2,2p5x,10x,3.3945024129980155,10,2.5× → 10×
TCGA-CN-A6V7-01A-01-TS1.F54912D3-1E21-4605-ACFC-142973524AE2,HNSC,virchow2,Virchow2,2p5x,40x,5.85024376149722,10,2.5× → 40×
TCGA-CN-A6V7-01A-01-TS1.F54912D3-1E21-4605-ACFC-142973524AE2,HNSC,virchow2,Virchow2,40x,10x,3.1575675004028936,10,40× → 10×
TCGA-CN-A6V7-01A-01-TS1.F54912D3-1E21-4605-ACFC-142973524AE2,HNSC,virchow2,Virchow2,40x,2p5x,-0.345953822614276,10,40× → 2.5×
TCGA-CU-A0YN-01Z-00-DX1.6C5EAAAF-8F14-49D3-8FFC-9BDAE56CAFD0,BLCA,gigapath,GigaPath,10x,2p5x,-0.3862949726895712,10,10× → 2.5×
TCGA-CU-A0YN-01Z-00-DX1.6C5EAAAF-8F14-49D3-8FFC-9BDAE56CAFD0,BLCA,gigapath,GigaPath,10x,40x,-0.26234108785819593,10,10× → 40×
TCGA-CU-A0YN-01Z-00-DX1.6C5EAAAF-8F14-49D3-8FFC-9BDAE56CAFD0,BLCA,gigapath,GigaPath,2p5x,10x,-2.1649542760447047,10,2.5× → 10×
TCGA-CU-A0YN-01Z-00-DX1.6C5EAAAF-8F14-49D3-8FFC-9BDAE56CAFD0,BLCA,gigapath,GigaPath,2p5x,40x,-5.668842198175549,10,2.5× → 40×
TCGA-CU-A0YN-01Z-00-DX1.6C5EAAAF-8F14-49D3-8FFC-9BDAE56CAFD0,BLCA,gigapath,GigaPath,40x,10x,1.4698012493209198,10,40× → 10×
TCGA-CU-A0YN-01Z-00-DX1.6C5EAAAF-8F14-49D3-8FFC-9BDAE56CAFD0,BLCA,gigapath,GigaPath,40x,2p5x,3.446428017786064,10,40× → 2.5×
TCGA-CU-A0YN-01Z-00-DX1.6C5EAAAF-8F14-49D3-8FFC-9BDAE56CAFD0,BLCA,gigapath_flash,GigaPath-Flash,10x,2p5x,-0.755006055981745,10,10× → 2.5×
TCGA-CU-A0YN-01Z-00-DX1.6C5EAAAF-8F14-49D3-8FFC-9BDAE56CAFD0,BLCA,gigapath_flash,GigaPath-Flash,10x,40x,0.4039689666958134,10,10× → 40×
TCGA-CU-A0YN-01Z-00-DX1.6C5EAAAF-8F14-49D3-8FFC-9BDAE56CAFD0,BLCA,gigapath_flash,GigaPath-Flash,2p5x,10x,-1.7164269269837757,10,2.5× → 10×
TCGA-CU-A0YN-01Z-00-DX1.6C5EAAAF-8F14-49D3-8FFC-9BDAE56CAFD0,BLCA,gigapath_flash,GigaPath-Flash,2p5x,40x,-4.790163419584307,10,2.5× → 40×
TCGA-CU-A0YN-01Z-00-DX1.6C5EAAAF-8F14-49D3-8FFC-9BDAE56CAFD0,BLCA,gigapath_flash,GigaPath-Flash,40x,10x,-1.390320816058653,10,40× → 10×
TCGA-CU-A0YN-01Z-00-DX1.6C5EAAAF-8F14-49D3-8FFC-9BDAE56CAFD0,BLCA,gigapath_flash,GigaPath-Flash,40x,2p5x,-1.0838054608357635,10,40× → 2.5×
TCGA-CU-A0YN-01Z-00-DX1.6C5EAAAF-8F14-49D3-8FFC-9BDAE56CAFD0,BLCA,midnight,Midnight,10x,2p5x,-0.8943043116818787,10,10× → 2.5×
TCGA-CU-A0YN-01Z-00-DX1.6C5EAAAF-8F14-49D3-8FFC-9BDAE56CAFD0,BLCA,midnight,Midnight,10x,40x,-0.3786030530748882,10,10× → 40×
TCGA-CU-A0YN-01Z-00-DX1.6C5EAAAF-8F14-49D3-8FFC-9BDAE56CAFD0,BLCA,midnight,Midnight,2p5x,10x,-0.4010376999178843,10,2.5× → 10×
TCGA-CU-A0YN-01Z-00-DX1.6C5EAAAF-8F14-49D3-8FFC-9BDAE56CAFD0,BLCA,midnight,Midnight,2p5x,40x,-0.18593105476840555,10,2.5× → 40×
TCGA-CU-A0YN-01Z-00-DX1.6C5EAAAF-8F14-49D3-8FFC-9BDAE56CAFD0,BLCA,midnight,Midnight,40x,10x,0.5211675407615374,10,40× → 10×
TCGA-CU-A0YN-01Z-00-DX1.6C5EAAAF-8F14-49D3-8FFC-9BDAE56CAFD0,BLCA,midnight,Midnight,40x,2p5x,0.4144706545922364,10,40× → 2.5×
TCGA-CU-A0YN-01Z-00-DX1.6C5EAAAF-8F14-49D3-8FFC-9BDAE56CAFD0,BLCA,phikon,Phikon,10x,2p5x,0.8163091198906433,10,10× → 2.5×
TCGA-CU-A0YN-01Z-00-DX1.6C5EAAAF-8F14-49D3-8FFC-9BDAE56CAFD0,BLCA,phikon,Phikon,10x,40x,1.4635924185268074,10,10× → 40×
TCGA-CU-A0YN-01Z-00-DX1.6C5EAAAF-8F14-49D3-8FFC-9BDAE56CAFD0,BLCA,phikon,Phikon,2p5x,10x,0.8114147163827244,10,2.5× → 10×
TCGA-CU-A0YN-01Z-00-DX1.6C5EAAAF-8F14-49D3-8FFC-9BDAE56CAFD0,BLCA,phikon,Phikon,2p5x,40x,-1.3221685671773118,10,2.5× → 40×
TCGA-CU-A0YN-01Z-00-DX1.6C5EAAAF-8F14-49D3-8FFC-9BDAE56CAFD0,BLCA,phikon,Phikon,40x,10x,0.2891943982284966,10,40× → 10×
TCGA-CU-A0YN-01Z-00-DX1.6C5EAAAF-8F14-49D3-8FFC-9BDAE56CAFD0,BLCA,phikon,Phikon,40x,2p5x,1.0256800818364447,10,40× → 2.5×
TCGA-CU-A0YN-01Z-00-DX1.6C5EAAAF-8F14-49D3-8FFC-9BDAE56CAFD0,BLCA,uni,UNI,10x,2p5x,2.162090081365311,10,10× → 2.5×
TCGA-CU-A0YN-01Z-00-DX1.6C5EAAAF-8F14-49D3-8FFC-9BDAE56CAFD0,BLCA,uni,UNI,10x,40x,2.4348535394110082,10,10× → 40×
TCGA-CU-A0YN-01Z-00-DX1.6C5EAAAF-8F14-49D3-8FFC-9BDAE56CAFD0,BLCA,uni,UNI,2p5x,10x,1.1350209808305265,10,2.5× → 10×
TCGA-CU-A0YN-01Z-00-DX1.6C5EAAAF-8F14-49D3-8FFC-9BDAE56CAFD0,BLCA,uni,UNI,2p5x,40x,-0.5992473410680266,10,2.5× → 40×
TCGA-CU-A0YN-01Z-00-DX1.6C5EAAAF-8F14-49D3-8FFC-9BDAE56CAFD0,BLCA,uni,UNI,40x,10x,-1.8951565600541187,10,40× → 10×
TCGA-CU-A0YN-01Z-00-DX1.6C5EAAAF-8F14-49D3-8FFC-9BDAE56CAFD0,BLCA,uni,UNI,40x,2p5x,-0.7261343277137078,10,40× → 2.5×
TCGA-CU-A0YN-01Z-00-DX1.6C5EAAAF-8F14-49D3-8FFC-9BDAE56CAFD0,BLCA,uni2,UNI2,10x,2p5x,0.47379308615594684,10,10× → 2.5×
TCGA-CU-A0YN-01Z-00-DX1.6C5EAAAF-8F14-49D3-8FFC-9BDAE56CAFD0,BLCA,uni2,UNI2,10x,40x,0.8571659488594603,10,10× → 40×
TCGA-CU-A0YN-01Z-00-DX1.6C5EAAAF-8F14-49D3-8FFC-9BDAE56CAFD0,BLCA,uni2,UNI2,2p5x,10x,0.3376505173617006,10,2.5× → 10×
TCGA-CU-A0YN-01Z-00-DX1.6C5EAAAF-8F14-49D3-8FFC-9BDAE56CAFD0,BLCA,uni2,UNI2,2p5x,40x,-3.08143134691488,10,2.5× → 40×
TCGA-CU-A0YN-01Z-00-DX1.6C5EAAAF-8F14-49D3-8FFC-9BDAE56CAFD0,BLCA,uni2,UNI2,40x,10x,1.1393006957451655,10,40× → 10×
TCGA-CU-A0YN-01Z-00-DX1.6C5EAAAF-8F14-49D3-8FFC-9BDAE56CAFD0,BLCA,uni2,UNI2,40x,2p5x,2.0300655979888176,10,40× → 2.5×
TCGA-CU-A0YN-01Z-00-DX1.6C5EAAAF-8F14-49D3-8FFC-9BDAE56CAFD0,BLCA,virchow,Virchow,10x,2p5x,-4.024935400896512,10,10× → 2.5×
TCGA-CU-A0YN-01Z-00-DX1.6C5EAAAF-8F14-49D3-8FFC-9BDAE56CAFD0,BLCA,virchow,Virchow,10x,40x,1.5300059510159016,10,10× → 40×
TCGA-CU-A0YN-01Z-00-DX1.6C5EAAAF-8F14-49D3-8FFC-9BDAE56CAFD0,BLCA,virchow,Virchow,2p5x,10x,-5.383226758489746,10,2.5× → 10×
TCGA-CU-A0YN-01Z-00-DX1.6C5EAAAF-8F14-49D3-8FFC-9BDAE56CAFD0,BLCA,virchow,Virchow,2p5x,40x,-8.655017181417893,10,2.5× → 40×
TCGA-CU-A0YN-01Z-00-DX1.6C5EAAAF-8F14-49D3-8FFC-9BDAE56CAFD0,BLCA,virchow,Virchow,40x,10x,-4.9504251946813955,10,40× → 10×
TCGA-CU-A0YN-01Z-00-DX1.6C5EAAAF-8F14-49D3-8FFC-9BDAE56CAFD0,BLCA,virchow,Virchow,40x,2p5x,-1.2425094826100274,10,40× → 2.5×
TCGA-CU-A0YN-01Z-00-DX1.6C5EAAAF-8F14-49D3-8FFC-9BDAE56CAFD0,BLCA,virchow2,Virchow2,10x,2p5x,-4.913823365066973,10,10× → 2.5×
TCGA-CU-A0YN-01Z-00-DX1.6C5EAAAF-8F14-49D3-8FFC-9BDAE56CAFD0,BLCA,virchow2,Virchow2,10x,40x,2.8679499764157166,10,10× → 40×
TCGA-CU-A0YN-01Z-00-DX1.6C5EAAAF-8F14-49D3-8FFC-9BDAE56CAFD0,BLCA,virchow2,Virchow2,2p5x,10x,0.05539048406258971,10,2.5× → 10×
TCGA-CU-A0YN-01Z-00-DX1.6C5EAAAF-8F14-49D3-8FFC-9BDAE56CAFD0,BLCA,virchow2,Virchow2,2p5x,40x,0.5567540342250025,10,2.5× → 40×
TCGA-CU-A0YN-01Z-00-DX1.6C5EAAAF-8F14-49D3-8FFC-9BDAE56CAFD0,BLCA,virchow2,Virchow2,40x,10x,-0.9585991318954734,10,40× → 10×
TCGA-CU-A0YN-01Z-00-DX1.6C5EAAAF-8F14-49D3-8FFC-9BDAE56CAFD0,BLCA,virchow2,Virchow2,40x,2p5x,-3.4198333508015026,10,40× → 2.5×
TCGA-CV-6935-01Z-00-DX1.9C449CB2-FB6D-41D1-A4A6-3069DC84A697,HNSC,gigapath,GigaPath,10x,2p5x,-0.6853059895712793,10,10× → 2.5×
TCGA-CV-6935-01Z-00-DX1.9C449CB2-FB6D-41D1-A4A6-3069DC84A697,HNSC,gigapath,GigaPath,10x,40x,-4.99939136105576e-05,10,10× → 40×
TCGA-CV-6935-01Z-00-DX1.9C449CB2-FB6D-41D1-A4A6-3069DC84A697,HNSC,gigapath,GigaPath,2p5x,10x,-0.5781559008326866,10,2.5× → 10×
TCGA-CV-6935-01Z-00-DX1.9C449CB2-FB6D-41D1-A4A6-3069DC84A697,HNSC,gigapath,GigaPath,2p5x,40x,-0.8720575104886267,10,2.5× → 40×
TCGA-CV-6935-01Z-00-DX1.9C449CB2-FB6D-41D1-A4A6-3069DC84A697,HNSC,gigapath,GigaPath,40x,10x,0.26867019889914767,10,40× → 10×
TCGA-CV-6935-01Z-00-DX1.9C449CB2-FB6D-41D1-A4A6-3069DC84A697,HNSC,gigapath,GigaPath,40x,2p5x,0.17573337120271304,10,40× → 2.5×
TCGA-CV-6935-01Z-00-DX1.9C449CB2-FB6D-41D1-A4A6-3069DC84A697,HNSC,gigapath_flash,GigaPath-Flash,10x,2p5x,-0.6593417251924701,10,10× → 2.5×
TCGA-CV-6935-01Z-00-DX1.9C449CB2-FB6D-41D1-A4A6-3069DC84A697,HNSC,gigapath_flash,GigaPath-Flash,10x,40x,-0.08018422401046198,10,10× → 40×
TCGA-CV-6935-01Z-00-DX1.9C449CB2-FB6D-41D1-A4A6-3069DC84A697,HNSC,gigapath_flash,GigaPath-Flash,2p5x,10x,-0.4872158865593706,10,2.5× → 10×
TCGA-CV-6935-01Z-00-DX1.9C449CB2-FB6D-41D1-A4A6-3069DC84A697,HNSC,gigapath_flash,GigaPath-Flash,2p5x,40x,-0.8039157846200069,10,2.5× → 40×
TCGA-CV-6935-01Z-00-DX1.9C449CB2-FB6D-41D1-A4A6-3069DC84A697,HNSC,gigapath_flash,GigaPath-Flash,40x,10x,-0.06853655037120004,10,40× → 10×
TCGA-CV-6935-01Z-00-DX1.9C449CB2-FB6D-41D1-A4A6-3069DC84A697,HNSC,gigapath_flash,GigaPath-Flash,40x,2p5x,-0.44775254190118385,10,40× → 2.5×
TCGA-CV-6935-01Z-00-DX1.9C449CB2-FB6D-41D1-A4A6-3069DC84A697,HNSC,midnight,Midnight,10x,2p5x,-0.00771907740084071,10,10× → 2.5×
TCGA-CV-6935-01Z-00-DX1.9C449CB2-FB6D-41D1-A4A6-3069DC84A697,HNSC,midnight,Midnight,10x,40x,-0.12875942983411257,10,10× → 40×
TCGA-CV-6935-01Z-00-DX1.9C449CB2-FB6D-41D1-A4A6-3069DC84A697,HNSC,midnight,Midnight,2p5x,10x,-0.09207299319935547,10,2.5× → 10×
TCGA-CV-6935-01Z-00-DX1.9C449CB2-FB6D-41D1-A4A6-3069DC84A697,HNSC,midnight,Midnight,2p5x,40x,-0.8736336892888328,10,2.5× → 40×
TCGA-CV-6935-01Z-00-DX1.9C449CB2-FB6D-41D1-A4A6-3069DC84A697,HNSC,midnight,Midnight,40x,10x,-0.25842372151447723,10,40× → 10×
TCGA-CV-6935-01Z-00-DX1.9C449CB2-FB6D-41D1-A4A6-3069DC84A697,HNSC,midnight,Midnight,40x,2p5x,-0.5918380146324888,10,40× → 2.5×
TCGA-CV-6935-01Z-00-DX1.9C449CB2-FB6D-41D1-A4A6-3069DC84A697,HNSC,phikon,Phikon,10x,2p5x,-0.03207941214592435,10,10× → 2.5×
TCGA-CV-6935-01Z-00-DX1.9C449CB2-FB6D-41D1-A4A6-3069DC84A697,HNSC,phikon,Phikon,10x,40x,-0.19877944777448336,10,10× → 40×
TCGA-CV-6935-01Z-00-DX1.9C449CB2-FB6D-41D1-A4A6-3069DC84A697,HNSC,phikon,Phikon,2p5x,10x,-0.2812835898844432,10,2.5× → 10×
TCGA-CV-6935-01Z-00-DX1.9C449CB2-FB6D-41D1-A4A6-3069DC84A697,HNSC,phikon,Phikon,2p5x,40x,-0.41557657906494827,10,2.5× → 40×
TCGA-CV-6935-01Z-00-DX1.9C449CB2-FB6D-41D1-A4A6-3069DC84A697,HNSC,phikon,Phikon,40x,10x,-0.0176858747965145,10,40× → 10×
TCGA-CV-6935-01Z-00-DX1.9C449CB2-FB6D-41D1-A4A6-3069DC84A697,HNSC,phikon,Phikon,40x,2p5x,-0.22822993845863276,10,40× → 2.5×
TCGA-CV-6935-01Z-00-DX1.9C449CB2-FB6D-41D1-A4A6-3069DC84A697,HNSC,uni,UNI,10x,2p5x,-0.6771927886436957,10,10× → 2.5×
TCGA-CV-6935-01Z-00-DX1.9C449CB2-FB6D-41D1-A4A6-3069DC84A697,HNSC,uni,UNI,10x,40x,-0.14117213553665403,10,10× → 40×
TCGA-CV-6935-01Z-00-DX1.9C449CB2-FB6D-41D1-A4A6-3069DC84A697,HNSC,uni,UNI,2p5x,10x,-0.15940736842359776,10,2.5× → 10×
TCGA-CV-6935-01Z-00-DX1.9C449CB2-FB6D-41D1-A4A6-3069DC84A697,HNSC,uni,UNI,2p5x,40x,-0.28508899631802426,10,2.5× → 40×
TCGA-CV-6935-01Z-00-DX1.9C449CB2-FB6D-41D1-A4A6-3069DC84A697,HNSC,uni,UNI,40x,10x,0.11775696802344082,10,40× → 10×
TCGA-CV-6935-01Z-00-DX1.9C449CB2-FB6D-41D1-A4A6-3069DC84A697,HNSC,uni,UNI,40x,2p5x,-0.5104299879697811,10,40× → 2.5×
TCGA-CV-6935-01Z-00-DX1.9C449CB2-FB6D-41D1-A4A6-3069DC84A697,HNSC,uni2,UNI2,10x,2p5x,-0.1157573814946982,10,10× → 2.5×
TCGA-CV-6935-01Z-00-DX1.9C449CB2-FB6D-41D1-A4A6-3069DC84A697,HNSC,uni2,UNI2,10x,40x,-0.19346946076376467,10,10× → 40×
TCGA-CV-6935-01Z-00-DX1.9C449CB2-FB6D-41D1-A4A6-3069DC84A697,HNSC,uni2,UNI2,2p5x,10x,-0.15472140933529985,10,2.5× → 10×
TCGA-CV-6935-01Z-00-DX1.9C449CB2-FB6D-41D1-A4A6-3069DC84A697,HNSC,uni2,UNI2,2p5x,40x,-0.9831512286110634,10,2.5× → 40×
TCGA-CV-6935-01Z-00-DX1.9C449CB2-FB6D-41D1-A4A6-3069DC84A697,HNSC,uni2,UNI2,40x,10x,-0.3538746282171673,10,40× → 10×
TCGA-CV-6935-01Z-00-DX1.9C449CB2-FB6D-41D1-A4A6-3069DC84A697,HNSC,uni2,UNI2,40x,2p5x,-1.7250973405751229,10,40× → 2.5×
TCGA-CV-6935-01Z-00-DX1.9C449CB2-FB6D-41D1-A4A6-3069DC84A697,HNSC,virchow,Virchow,10x,2p5x,0.00799988540645192,10,10× → 2.5×
TCGA-CV-6935-01Z-00-DX1.9C449CB2-FB6D-41D1-A4A6-3069DC84A697,HNSC,virchow,Virchow,10x,40x,-3.315867593005509,10,10× → 40×
TCGA-CV-6935-01Z-00-DX1.9C449CB2-FB6D-41D1-A4A6-3069DC84A697,HNSC,virchow,Virchow,2p5x,10x,-2.3640871637329495,10,2.5× → 10×
TCGA-CV-6935-01Z-00-DX1.9C449CB2-FB6D-41D1-A4A6-3069DC84A697,HNSC,virchow,Virchow,2p5x,40x,-7.885056733510685,10,2.5× → 40×
TCGA-CV-6935-01Z-00-DX1.9C449CB2-FB6D-41D1-A4A6-3069DC84A697,HNSC,virchow,Virchow,40x,10x,0.44965800054731986,10,40× → 10×
TCGA-CV-6935-01Z-00-DX1.9C449CB2-FB6D-41D1-A4A6-3069DC84A697,HNSC,virchow,Virchow,40x,2p5x,0.45848161840297375,10,40× → 2.5×
TCGA-CV-6935-01Z-00-DX1.9C449CB2-FB6D-41D1-A4A6-3069DC84A697,HNSC,virchow2,Virchow2,10x,2p5x,0.055556656272000196,10,10× → 2.5×
TCGA-CV-6935-01Z-00-DX1.9C449CB2-FB6D-41D1-A4A6-3069DC84A697,HNSC,virchow2,Virchow2,10x,40x,-0.4887543537865203,10,10× → 40×
TCGA-CV-6935-01Z-00-DX1.9C449CB2-FB6D-41D1-A4A6-3069DC84A697,HNSC,virchow2,Virchow2,2p5x,10x,-0.687936980319156,10,2.5× → 10×
TCGA-CV-6935-01Z-00-DX1.9C449CB2-FB6D-41D1-A4A6-3069DC84A697,HNSC,virchow2,Virchow2,2p5x,40x,-0.2579294805336907,10,2.5× → 40×
TCGA-CV-6935-01Z-00-DX1.9C449CB2-FB6D-41D1-A4A6-3069DC84A697,HNSC,virchow2,Virchow2,40x,10x,0.4030318699119599,10,40× → 10×
TCGA-CV-6935-01Z-00-DX1.9C449CB2-FB6D-41D1-A4A6-3069DC84A697,HNSC,virchow2,Virchow2,40x,2p5x,0.4362357239770077,10,40× → 2.5×
TCGA-CV-A45O-01Z-00-DX1.8CBD0CCC-C815-475D-87F9-76272F4F715B,HNSC,gigapath,GigaPath,10x,2p5x,-1.1419581623677817,10,10× → 2.5×
TCGA-CV-A45O-01Z-00-DX1.8CBD0CCC-C815-475D-87F9-76272F4F715B,HNSC,gigapath,GigaPath,10x,40x,-0.01675804357206898,10,10× → 40×
TCGA-CV-A45O-01Z-00-DX1.8CBD0CCC-C815-475D-87F9-76272F4F715B,HNSC,gigapath,GigaPath,2p5x,10x,-0.571475779601722,10,2.5× → 10×
TCGA-CV-A45O-01Z-00-DX1.8CBD0CCC-C815-475D-87F9-76272F4F715B,HNSC,gigapath,GigaPath,2p5x,40x,-0.5140855442200939,10,2.5× → 40×
TCGA-CV-A45O-01Z-00-DX1.8CBD0CCC-C815-475D-87F9-76272F4F715B,HNSC,gigapath,GigaPath,40x,10x,0.13025347250939895,10,40× → 10×
TCGA-CV-A45O-01Z-00-DX1.8CBD0CCC-C815-475D-87F9-76272F4F715B,HNSC,gigapath,GigaPath,40x,2p5x,0.27565602634334,10,40× → 2.5×
TCGA-CV-A45O-01Z-00-DX1.8CBD0CCC-C815-475D-87F9-76272F4F715B,HNSC,gigapath_flash,GigaPath-Flash,10x,2p5x,-0.3600645444116871,10,10× → 2.5×
TCGA-CV-A45O-01Z-00-DX1.8CBD0CCC-C815-475D-87F9-76272F4F715B,HNSC,gigapath_flash,GigaPath-Flash,10x,40x,-0.2582849824746362,10,10× → 40×
TCGA-CV-A45O-01Z-00-DX1.8CBD0CCC-C815-475D-87F9-76272F4F715B,HNSC,gigapath_flash,GigaPath-Flash,2p5x,10x,-0.5272751592088044,10,2.5× → 10×
TCGA-CV-A45O-01Z-00-DX1.8CBD0CCC-C815-475D-87F9-76272F4F715B,HNSC,gigapath_flash,GigaPath-Flash,2p5x,40x,-1.345681378806035,10,2.5× → 40×
TCGA-CV-A45O-01Z-00-DX1.8CBD0CCC-C815-475D-87F9-76272F4F715B,HNSC,gigapath_flash,GigaPath-Flash,40x,10x,0.5581819054540277,10,40× → 10×
TCGA-CV-A45O-01Z-00-DX1.8CBD0CCC-C815-475D-87F9-76272F4F715B,HNSC,gigapath_flash,GigaPath-Flash,40x,2p5x,0.7026372756667203,10,40× → 2.5×
TCGA-CV-A45O-01Z-00-DX1.8CBD0CCC-C815-475D-87F9-76272F4F715B,HNSC,midnight,Midnight,10x,2p5x,-0.00616549636744431,10,10× → 2.5×
TCGA-CV-A45O-01Z-00-DX1.8CBD0CCC-C815-475D-87F9-76272F4F715B,HNSC,midnight,Midnight,10x,40x,-0.07506564574757488,10,10× → 40×
TCGA-CV-A45O-01Z-00-DX1.8CBD0CCC-C815-475D-87F9-76272F4F715B,HNSC,midnight,Midnight,2p5x,10x,-0.13187184024571205,10,2.5× → 10×
TCGA-CV-A45O-01Z-00-DX1.8CBD0CCC-C815-475D-87F9-76272F4F715B,HNSC,midnight,Midnight,2p5x,40x,-1.0923135779917108,10,2.5× → 40×
TCGA-CV-A45O-01Z-00-DX1.8CBD0CCC-C815-475D-87F9-76272F4F715B,HNSC,midnight,Midnight,40x,10x,-0.2631567620029084,10,40× → 10×
TCGA-CV-A45O-01Z-00-DX1.8CBD0CCC-C815-475D-87F9-76272F4F715B,HNSC,midnight,Midnight,40x,2p5x,-0.7494524551420487,10,40× → 2.5×
TCGA-CV-A45O-01Z-00-DX1.8CBD0CCC-C815-475D-87F9-76272F4F715B,HNSC,phikon,Phikon,10x,2p5x,-0.044118429058256144,10,10× → 2.5×
TCGA-CV-A45O-01Z-00-DX1.8CBD0CCC-C815-475D-87F9-76272F4F715B,HNSC,phikon,Phikon,10x,40x,-0.05040711115379466,10,10× → 40×
TCGA-CV-A45O-01Z-00-DX1.8CBD0CCC-C815-475D-87F9-76272F4F715B,HNSC,phikon,Phikon,2p5x,10x,-0.896037404690631,10,2.5× → 10×
TCGA-CV-A45O-01Z-00-DX1.8CBD0CCC-C815-475D-87F9-76272F4F715B,HNSC,phikon,Phikon,2p5x,40x,0.11314068144719354,10,2.5× → 40×
TCGA-CV-A45O-01Z-00-DX1.8CBD0CCC-C815-475D-87F9-76272F4F715B,HNSC,phikon,Phikon,40x,10x,-0.007140810935141112,10,40× → 10×
TCGA-CV-A45O-01Z-00-DX1.8CBD0CCC-C815-475D-87F9-76272F4F715B,HNSC,phikon,Phikon,40x,2p5x,-0.26371294330659234,10,40× → 2.5×
TCGA-CV-A45O-01Z-00-DX1.8CBD0CCC-C815-475D-87F9-76272F4F715B,HNSC,uni,UNI,10x,2p5x,-0.5845264896068981,10,10× → 2.5×
TCGA-CV-A45O-01Z-00-DX1.8CBD0CCC-C815-475D-87F9-76272F4F715B,HNSC,uni,UNI,10x,40x,-0.06004156920307102,10,10× → 40×
TCGA-CV-A45O-01Z-00-DX1.8CBD0CCC-C815-475D-87F9-76272F4F715B,HNSC,uni,UNI,2p5x,10x,-0.25400153806405246,10,2.5× → 10×
TCGA-CV-A45O-01Z-00-DX1.8CBD0CCC-C815-475D-87F9-76272F4F715B,HNSC,uni,UNI,2p5x,40x,0.22352144730639587,10,2.5× → 40×
TCGA-CV-A45O-01Z-00-DX1.8CBD0CCC-C815-475D-87F9-76272F4F715B,HNSC,uni,UNI,40x,10x,0.1364858838450187,10,40× → 10×
TCGA-CV-A45O-01Z-00-DX1.8CBD0CCC-C815-475D-87F9-76272F4F715B,HNSC,uni,UNI,40x,2p5x,-0.8120633909125534,10,40× → 2.5×
TCGA-CV-A45O-01Z-00-DX1.8CBD0CCC-C815-475D-87F9-76272F4F715B,HNSC,uni2,UNI2,10x,2p5x,-0.06568669619115511,10,10× → 2.5×
TCGA-CV-A45O-01Z-00-DX1.8CBD0CCC-C815-475D-87F9-76272F4F715B,HNSC,uni2,UNI2,10x,40x,-0.039452706005752146,10,10× → 40×
TCGA-CV-A45O-01Z-00-DX1.8CBD0CCC-C815-475D-87F9-76272F4F715B,HNSC,uni2,UNI2,2p5x,10x,-0.23954774636709253,10,2.5× → 10×
TCGA-CV-A45O-01Z-00-DX1.8CBD0CCC-C815-475D-87F9-76272F4F715B,HNSC,uni2,UNI2,2p5x,40x,-0.55407534141491,10,2.5× → 40×
TCGA-CV-A45O-01Z-00-DX1.8CBD0CCC-C815-475D-87F9-76272F4F715B,HNSC,uni2,UNI2,40x,10x,-0.0690064255180812,10,40× → 10×
TCGA-CV-A45O-01Z-00-DX1.8CBD0CCC-C815-475D-87F9-76272F4F715B,HNSC,uni2,UNI2,40x,2p5x,-1.1065263353973986,10,40× → 2.5×
TCGA-CV-A45O-01Z-00-DX1.8CBD0CCC-C815-475D-87F9-76272F4F715B,HNSC,virchow,Virchow,10x,2p5x,-0.0116814142427698,10,10× → 2.5×
TCGA-CV-A45O-01Z-00-DX1.8CBD0CCC-C815-475D-87F9-76272F4F715B,HNSC,virchow,Virchow,10x,40x,-2.1925922203876023,10,10× → 40×
TCGA-CV-A45O-01Z-00-DX1.8CBD0CCC-C815-475D-87F9-76272F4F715B,HNSC,virchow,Virchow,2p5x,10x,-2.9657032927735076,10,2.5× → 10×
TCGA-CV-A45O-01Z-00-DX1.8CBD0CCC-C815-475D-87F9-76272F4F715B,HNSC,virchow,Virchow,2p5x,40x,-7.518591100503005,10,2.5× → 40×
TCGA-CV-A45O-01Z-00-DX1.8CBD0CCC-C815-475D-87F9-76272F4F715B,HNSC,virchow,Virchow,40x,10x,0.12492676634324491,10,40× → 10×
TCGA-CV-A45O-01Z-00-DX1.8CBD0CCC-C815-475D-87F9-76272F4F715B,HNSC,virchow,Virchow,40x,2p5x,-0.21114858232265052,10,40× → 2.5×
TCGA-CV-A45O-01Z-00-DX1.8CBD0CCC-C815-475D-87F9-76272F4F715B,HNSC,virchow2,Virchow2,10x,2p5x,-0.01361332259957895,10,10× → 2.5×
TCGA-CV-A45O-01Z-00-DX1.8CBD0CCC-C815-475D-87F9-76272F4F715B,HNSC,virchow2,Virchow2,10x,40x,-0.06270416993638316,10,10× → 40×
TCGA-CV-A45O-01Z-00-DX1.8CBD0CCC-C815-475D-87F9-76272F4F715B,HNSC,virchow2,Virchow2,2p5x,10x,-0.14765549962826088,10,2.5× → 10×
TCGA-CV-A45O-01Z-00-DX1.8CBD0CCC-C815-475D-87F9-76272F4F715B,HNSC,virchow2,Virchow2,2p5x,40x,-0.27495998701501756,10,2.5× → 40×
TCGA-CV-A45O-01Z-00-DX1.8CBD0CCC-C815-475D-87F9-76272F4F715B,HNSC,virchow2,Virchow2,40x,10x,0.12399782076707593,10,40× → 10×
TCGA-CV-A45O-01Z-00-DX1.8CBD0CCC-C815-475D-87F9-76272F4F715B,HNSC,virchow2,Virchow2,40x,2p5x,-0.3054278170456294,10,40× → 2.5×
TCGA-CV-A6JE-01Z-00-DX1.20137D17-19B3-49FF-9C3D-60933157E409,HNSC,gigapath,GigaPath,10x,2p5x,-1.0543892871742098,10,10× → 2.5×
TCGA-CV-A6JE-01Z-00-DX1.20137D17-19B3-49FF-9C3D-60933157E409,HNSC,gigapath,GigaPath,10x,40x,0.041527181483878496,10,10× → 40×
TCGA-CV-A6JE-01Z-00-DX1.20137D17-19B3-49FF-9C3D-60933157E409,HNSC,gigapath,GigaPath,2p5x,10x,-1.450088362467846,10,2.5× → 10×
TCGA-CV-A6JE-01Z-00-DX1.20137D17-19B3-49FF-9C3D-60933157E409,HNSC,gigapath,GigaPath,2p5x,40x,-1.2505306334373754,10,2.5× → 40×
TCGA-CV-A6JE-01Z-00-DX1.20137D17-19B3-49FF-9C3D-60933157E409,HNSC,gigapath,GigaPath,40x,10x,0.7163057952233111,10,40× → 10×
TCGA-CV-A6JE-01Z-00-DX1.20137D17-19B3-49FF-9C3D-60933157E409,HNSC,gigapath,GigaPath,40x,2p5x,0.24926864280078834,10,40× → 2.5×
TCGA-CV-A6JE-01Z-00-DX1.20137D17-19B3-49FF-9C3D-60933157E409,HNSC,gigapath_flash,GigaPath-Flash,10x,2p5x,-0.7831305442305583,10,10× → 2.5×
TCGA-CV-A6JE-01Z-00-DX1.20137D17-19B3-49FF-9C3D-60933157E409,HNSC,gigapath_flash,GigaPath-Flash,10x,40x,-0.029833058349217324,10,10× → 40×
TCGA-CV-A6JE-01Z-00-DX1.20137D17-19B3-49FF-9C3D-60933157E409,HNSC,gigapath_flash,GigaPath-Flash,2p5x,10x,-5.992614274443897,10,2.5× → 10×
TCGA-CV-A6JE-01Z-00-DX1.20137D17-19B3-49FF-9C3D-60933157E409,HNSC,gigapath_flash,GigaPath-Flash,2p5x,40x,-3.9987154617208502,10,2.5× → 40×
TCGA-CV-A6JE-01Z-00-DX1.20137D17-19B3-49FF-9C3D-60933157E409,HNSC,gigapath_flash,GigaPath-Flash,40x,10x,2.097611854106381,10,40× → 10×
TCGA-CV-A6JE-01Z-00-DX1.20137D17-19B3-49FF-9C3D-60933157E409,HNSC,gigapath_flash,GigaPath-Flash,40x,2p5x,0.8947276076977824,10,40× → 2.5×
TCGA-CV-A6JE-01Z-00-DX1.20137D17-19B3-49FF-9C3D-60933157E409,HNSC,midnight,Midnight,10x,2p5x,-0.16282029202633924,10,10× → 2.5×
TCGA-CV-A6JE-01Z-00-DX1.20137D17-19B3-49FF-9C3D-60933157E409,HNSC,midnight,Midnight,10x,40x,-0.382971933822527,10,10× → 40×
TCGA-CV-A6JE-01Z-00-DX1.20137D17-19B3-49FF-9C3D-60933157E409,HNSC,midnight,Midnight,2p5x,10x,-0.9049125777396831,10,2.5× → 10×
TCGA-CV-A6JE-01Z-00-DX1.20137D17-19B3-49FF-9C3D-60933157E409,HNSC,midnight,Midnight,2p5x,40x,-1.832803037387853,10,2.5× → 40×
TCGA-CV-A6JE-01Z-00-DX1.20137D17-19B3-49FF-9C3D-60933157E409,HNSC,midnight,Midnight,40x,10x,-1.2962711814478471,10,40× → 10×
TCGA-CV-A6JE-01Z-00-DX1.20137D17-19B3-49FF-9C3D-60933157E409,HNSC,midnight,Midnight,40x,2p5x,-1.8618396638439374,10,40× → 2.5×
TCGA-CV-A6JE-01Z-00-DX1.20137D17-19B3-49FF-9C3D-60933157E409,HNSC,phikon,Phikon,10x,2p5x,-0.059612023758485545,10,10× → 2.5×
TCGA-CV-A6JE-01Z-00-DX1.20137D17-19B3-49FF-9C3D-60933157E409,HNSC,phikon,Phikon,10x,40x,-0.0688701684755348,10,10× → 40×
TCGA-CV-A6JE-01Z-00-DX1.20137D17-19B3-49FF-9C3D-60933157E409,HNSC,phikon,Phikon,2p5x,10x,-0.6060945348599442,10,2.5× → 10×
TCGA-CV-A6JE-01Z-00-DX1.20137D17-19B3-49FF-9C3D-60933157E409,HNSC,phikon,Phikon,2p5x,40x,-0.05902213850724967,10,2.5× → 40×
TCGA-CV-A6JE-01Z-00-DX1.20137D17-19B3-49FF-9C3D-60933157E409,HNSC,phikon,Phikon,40x,10x,0.025102589015624083,10,40× → 10×
TCGA-CV-A6JE-01Z-00-DX1.20137D17-19B3-49FF-9C3D-60933157E409,HNSC,phikon,Phikon,40x,2p5x,-0.1117256752763883,10,40× → 2.5×
TCGA-CV-A6JE-01Z-00-DX1.20137D17-19B3-49FF-9C3D-60933157E409,HNSC,uni,UNI,10x,2p5x,-0.2350220371419987,10,10× → 2.5×
TCGA-CV-A6JE-01Z-00-DX1.20137D17-19B3-49FF-9C3D-60933157E409,HNSC,uni,UNI,10x,40x,-0.19933005966669304,10,10× → 40×
TCGA-CV-A6JE-01Z-00-DX1.20137D17-19B3-49FF-9C3D-60933157E409,HNSC,uni,UNI,2p5x,10x,-0.5727423659548367,10,2.5× → 10×
TCGA-CV-A6JE-01Z-00-DX1.20137D17-19B3-49FF-9C3D-60933157E409,HNSC,uni,UNI,2p5x,40x,-0.567246816412253,10,2.5× → 40×
TCGA-CV-A6JE-01Z-00-DX1.20137D17-19B3-49FF-9C3D-60933157E409,HNSC,uni,UNI,40x,10x,0.1751797506842776,10,40× → 10×
TCGA-CV-A6JE-01Z-00-DX1.20137D17-19B3-49FF-9C3D-60933157E409,HNSC,uni,UNI,40x,2p5x,-0.39603472796472594,10,40× → 2.5×
TCGA-CV-A6JE-01Z-00-DX1.20137D17-19B3-49FF-9C3D-60933157E409,HNSC,uni2,UNI2,10x,2p5x,-0.17937935869764982,10,10× → 2.5×
TCGA-CV-A6JE-01Z-00-DX1.20137D17-19B3-49FF-9C3D-60933157E409,HNSC,uni2,UNI2,10x,40x,-0.1697095854536078,10,10× → 40×
TCGA-CV-A6JE-01Z-00-DX1.20137D17-19B3-49FF-9C3D-60933157E409,HNSC,uni2,UNI2,2p5x,10x,-0.1892021368388562,10,2.5× → 10×
TCGA-CV-A6JE-01Z-00-DX1.20137D17-19B3-49FF-9C3D-60933157E409,HNSC,uni2,UNI2,2p5x,40x,-0.9996201304702899,10,2.5× → 40×
TCGA-CV-A6JE-01Z-00-DX1.20137D17-19B3-49FF-9C3D-60933157E409,HNSC,uni2,UNI2,40x,10x,-0.45884168131741754,10,40× → 10×
TCGA-CV-A6JE-01Z-00-DX1.20137D17-19B3-49FF-9C3D-60933157E409,HNSC,uni2,UNI2,40x,2p5x,-1.4877581870145051,10,40× → 2.5×
TCGA-CV-A6JE-01Z-00-DX1.20137D17-19B3-49FF-9C3D-60933157E409,HNSC,virchow,Virchow,10x,2p5x,-0.017659704668806155,10,10× → 2.5×
TCGA-CV-A6JE-01Z-00-DX1.20137D17-19B3-49FF-9C3D-60933157E409,HNSC,virchow,Virchow,10x,40x,-3.6216839573212534,10,10× → 40×
TCGA-CV-A6JE-01Z-00-DX1.20137D17-19B3-49FF-9C3D-60933157E409,HNSC,virchow,Virchow,2p5x,10x,-2.3634206986115087,10,2.5× → 10×
TCGA-CV-A6JE-01Z-00-DX1.20137D17-19B3-49FF-9C3D-60933157E409,HNSC,virchow,Virchow,2p5x,40x,-3.823423396939772,10,2.5× → 40×
TCGA-CV-A6JE-01Z-00-DX1.20137D17-19B3-49FF-9C3D-60933157E409,HNSC,virchow,Virchow,40x,10x,0.1375889211210739,10,40× → 10×
TCGA-CV-A6JE-01Z-00-DX1.20137D17-19B3-49FF-9C3D-60933157E409,HNSC,virchow,Virchow,40x,2p5x,-0.17379354411361134,10,40× → 2.5×
TCGA-CV-A6JE-01Z-00-DX1.20137D17-19B3-49FF-9C3D-60933157E409,HNSC,virchow2,Virchow2,10x,2p5x,0.23356007087796077,10,10× → 2.5×
TCGA-CV-A6JE-01Z-00-DX1.20137D17-19B3-49FF-9C3D-60933157E409,HNSC,virchow2,Virchow2,10x,40x,-0.8082118225238404,10,10× → 40×
TCGA-CV-A6JE-01Z-00-DX1.20137D17-19B3-49FF-9C3D-60933157E409,HNSC,virchow2,Virchow2,2p5x,10x,-0.2779463192973246,10,2.5× → 10×
TCGA-CV-A6JE-01Z-00-DX1.20137D17-19B3-49FF-9C3D-60933157E409,HNSC,virchow2,Virchow2,2p5x,40x,-0.43468712535853965,10,2.5× → 40×
TCGA-CV-A6JE-01Z-00-DX1.20137D17-19B3-49FF-9C3D-60933157E409,HNSC,virchow2,Virchow2,40x,10x,0.2033171952933265,10,40× → 10×
TCGA-CV-A6JE-01Z-00-DX1.20137D17-19B3-49FF-9C3D-60933157E409,HNSC,virchow2,Virchow2,40x,2p5x,0.191857019819521,10,40× → 2.5×
TCGA-CV-A6JU-01Z-00-DX1.35A3A1F0-9D6C-4794-B501-E56E48C51DF9,HNSC,gigapath,GigaPath,10x,2p5x,-2.4801266096612005,10,10× → 2.5×
TCGA-CV-A6JU-01Z-00-DX1.35A3A1F0-9D6C-4794-B501-E56E48C51DF9,HNSC,gigapath,GigaPath,10x,40x,-0.05760808653675366,10,10× → 40×
TCGA-CV-A6JU-01Z-00-DX1.35A3A1F0-9D6C-4794-B501-E56E48C51DF9,HNSC,gigapath,GigaPath,2p5x,10x,0.35914658996931664,10,2.5× → 10×
TCGA-CV-A6JU-01Z-00-DX1.35A3A1F0-9D6C-4794-B501-E56E48C51DF9,HNSC,gigapath,GigaPath,2p5x,40x,0.048199638786284284,10,2.5× → 40×
TCGA-CV-A6JU-01Z-00-DX1.35A3A1F0-9D6C-4794-B501-E56E48C51DF9,HNSC,gigapath,GigaPath,40x,10x,0.04552320299852406,10,40× → 10×
TCGA-CV-A6JU-01Z-00-DX1.35A3A1F0-9D6C-4794-B501-E56E48C51DF9,HNSC,gigapath,GigaPath,40x,2p5x,-0.4357124366457379,10,40× → 2.5×
TCGA-CV-A6JU-01Z-00-DX1.35A3A1F0-9D6C-4794-B501-E56E48C51DF9,HNSC,gigapath_flash,GigaPath-Flash,10x,2p5x,-1.3411110526121983,10,10× → 2.5×
TCGA-CV-A6JU-01Z-00-DX1.35A3A1F0-9D6C-4794-B501-E56E48C51DF9,HNSC,gigapath_flash,GigaPath-Flash,10x,40x,-0.12723396058121444,10,10× → 40×
TCGA-CV-A6JU-01Z-00-DX1.35A3A1F0-9D6C-4794-B501-E56E48C51DF9,HNSC,gigapath_flash,GigaPath-Flash,2p5x,10x,0.5183887175009823,10,2.5× → 10×
TCGA-CV-A6JU-01Z-00-DX1.35A3A1F0-9D6C-4794-B501-E56E48C51DF9,HNSC,gigapath_flash,GigaPath-Flash,2p5x,40x,-0.1783199185295829,10,2.5× → 40×
TCGA-CV-A6JU-01Z-00-DX1.35A3A1F0-9D6C-4794-B501-E56E48C51DF9,HNSC,gigapath_flash,GigaPath-Flash,40x,10x,-0.5586242116681703,10,40× → 10×
TCGA-CV-A6JU-01Z-00-DX1.35A3A1F0-9D6C-4794-B501-E56E48C51DF9,HNSC,gigapath_flash,GigaPath-Flash,40x,2p5x,0.0840083405203805,10,40× → 2.5×
TCGA-CV-A6JU-01Z-00-DX1.35A3A1F0-9D6C-4794-B501-E56E48C51DF9,HNSC,midnight,Midnight,10x,2p5x,-0.027368313445874072,10,10× → 2.5×
TCGA-CV-A6JU-01Z-00-DX1.35A3A1F0-9D6C-4794-B501-E56E48C51DF9,HNSC,midnight,Midnight,10x,40x,-0.17254437104811893,10,10× → 40×
TCGA-CV-A6JU-01Z-00-DX1.35A3A1F0-9D6C-4794-B501-E56E48C51DF9,HNSC,midnight,Midnight,2p5x,10x,-0.2092380120287784,10,2.5× → 10×
TCGA-CV-A6JU-01Z-00-DX1.35A3A1F0-9D6C-4794-B501-E56E48C51DF9,HNSC,midnight,Midnight,2p5x,40x,-1.1073510368772355,10,2.5× → 40×
TCGA-CV-A6JU-01Z-00-DX1.35A3A1F0-9D6C-4794-B501-E56E48C51DF9,HNSC,midnight,Midnight,40x,10x,-0.523383798864853,10,40× → 10×
TCGA-CV-A6JU-01Z-00-DX1.35A3A1F0-9D6C-4794-B501-E56E48C51DF9,HNSC,midnight,Midnight,40x,2p5x,-1.2522523988951797,10,40× → 2.5×
TCGA-CV-A6JU-01Z-00-DX1.35A3A1F0-9D6C-4794-B501-E56E48C51DF9,HNSC,phikon,Phikon,10x,2p5x,-0.05369143783613698,10,10× → 2.5×
TCGA-CV-A6JU-01Z-00-DX1.35A3A1F0-9D6C-4794-B501-E56E48C51DF9,HNSC,phikon,Phikon,10x,40x,-0.6352554324419338,10,10× → 40×
TCGA-CV-A6JU-01Z-00-DX1.35A3A1F0-9D6C-4794-B501-E56E48C51DF9,HNSC,phikon,Phikon,2p5x,10x,1.1562797830938119,10,2.5× → 10×
TCGA-CV-A6JU-01Z-00-DX1.35A3A1F0-9D6C-4794-B501-E56E48C51DF9,HNSC,phikon,Phikon,2p5x,40x,0.2814280109971253,10,2.5× → 40×
TCGA-CV-A6JU-01Z-00-DX1.35A3A1F0-9D6C-4794-B501-E56E48C51DF9,HNSC,phikon,Phikon,40x,10x,-0.16687819810529975,10,40× → 10×
TCGA-CV-A6JU-01Z-00-DX1.35A3A1F0-9D6C-4794-B501-E56E48C51DF9,HNSC,phikon,Phikon,40x,2p5x,-0.1178387642424662,10,40× → 2.5×
TCGA-CV-A6JU-01Z-00-DX1.35A3A1F0-9D6C-4794-B501-E56E48C51DF9,HNSC,uni,UNI,10x,2p5x,-1.2023376842195974,10,10× → 2.5×
TCGA-CV-A6JU-01Z-00-DX1.35A3A1F0-9D6C-4794-B501-E56E48C51DF9,HNSC,uni,UNI,10x,40x,-0.08992940423370228,10,10× → 40×
TCGA-CV-A6JU-01Z-00-DX1.35A3A1F0-9D6C-4794-B501-E56E48C51DF9,HNSC,uni,UNI,2p5x,10x,0.1384671170043182,10,2.5× → 10×
TCGA-CV-A6JU-01Z-00-DX1.35A3A1F0-9D6C-4794-B501-E56E48C51DF9,HNSC,uni,UNI,2p5x,40x,-0.07157650929643826,10,2.5× → 40×
TCGA-CV-A6JU-01Z-00-DX1.35A3A1F0-9D6C-4794-B501-E56E48C51DF9,HNSC,uni,UNI,40x,10x,0.08381255245914351,10,40× → 10×
TCGA-CV-A6JU-01Z-00-DX1.35A3A1F0-9D6C-4794-B501-E56E48C51DF9,HNSC,uni,UNI,40x,2p5x,-0.9887007453497796,10,40× → 2.5×
TCGA-CV-A6JU-01Z-00-DX1.35A3A1F0-9D6C-4794-B501-E56E48C51DF9,HNSC,uni2,UNI2,10x,2p5x,-0.21246412108509255,10,10× → 2.5×
TCGA-CV-A6JU-01Z-00-DX1.35A3A1F0-9D6C-4794-B501-E56E48C51DF9,HNSC,uni2,UNI2,10x,40x,-0.2721244056431639,10,10× → 40×
TCGA-CV-A6JU-01Z-00-DX1.35A3A1F0-9D6C-4794-B501-E56E48C51DF9,HNSC,uni2,UNI2,2p5x,10x,0.04209776566227082,10,2.5× → 10×
TCGA-CV-A6JU-01Z-00-DX1.35A3A1F0-9D6C-4794-B501-E56E48C51DF9,HNSC,uni2,UNI2,2p5x,40x,-0.5180161860880789,10,2.5× → 40×
TCGA-CV-A6JU-01Z-00-DX1.35A3A1F0-9D6C-4794-B501-E56E48C51DF9,HNSC,uni2,UNI2,40x,10x,-0.09410380860963821,10,40× → 10×
TCGA-CV-A6JU-01Z-00-DX1.35A3A1F0-9D6C-4794-B501-E56E48C51DF9,HNSC,uni2,UNI2,40x,2p5x,-1.2020753246543014,10,40× → 2.5×
TCGA-CV-A6JU-01Z-00-DX1.35A3A1F0-9D6C-4794-B501-E56E48C51DF9,HNSC,virchow,Virchow,10x,2p5x,0.2992394097839782,10,10× → 2.5×
TCGA-CV-A6JU-01Z-00-DX1.35A3A1F0-9D6C-4794-B501-E56E48C51DF9,HNSC,virchow,Virchow,10x,40x,-2.8378085791310674,10,10× → 40×
TCGA-CV-A6JU-01Z-00-DX1.35A3A1F0-9D6C-4794-B501-E56E48C51DF9,HNSC,virchow,Virchow,2p5x,10x,-2.716304583165873,10,2.5× → 10×
TCGA-CV-A6JU-01Z-00-DX1.35A3A1F0-9D6C-4794-B501-E56E48C51DF9,HNSC,virchow,Virchow,2p5x,40x,-3.121678262422985,10,2.5× → 40×
TCGA-CV-A6JU-01Z-00-DX1.35A3A1F0-9D6C-4794-B501-E56E48C51DF9,HNSC,virchow,Virchow,40x,10x,-0.025327254224951534,10,40× → 10×
TCGA-CV-A6JU-01Z-00-DX1.35A3A1F0-9D6C-4794-B501-E56E48C51DF9,HNSC,virchow,Virchow,40x,2p5x,0.030863351843009888,10,40× → 2.5×
TCGA-CV-A6JU-01Z-00-DX1.35A3A1F0-9D6C-4794-B501-E56E48C51DF9,HNSC,virchow2,Virchow2,10x,2p5x,-0.05261719256919113,10,10× → 2.5×
TCGA-CV-A6JU-01Z-00-DX1.35A3A1F0-9D6C-4794-B501-E56E48C51DF9,HNSC,virchow2,Virchow2,10x,40x,-0.26074823014753407,10,10× → 40×
TCGA-CV-A6JU-01Z-00-DX1.35A3A1F0-9D6C-4794-B501-E56E48C51DF9,HNSC,virchow2,Virchow2,2p5x,10x,0.08996521396843404,10,2.5× → 10×
TCGA-CV-A6JU-01Z-00-DX1.35A3A1F0-9D6C-4794-B501-E56E48C51DF9,HNSC,virchow2,Virchow2,2p5x,40x,-0.12045146268399017,10,2.5× → 40×
TCGA-CV-A6JU-01Z-00-DX1.35A3A1F0-9D6C-4794-B501-E56E48C51DF9,HNSC,virchow2,Virchow2,40x,10x,0.050598051186358975,10,40× → 10×
TCGA-CV-A6JU-01Z-00-DX1.35A3A1F0-9D6C-4794-B501-E56E48C51DF9,HNSC,virchow2,Virchow2,40x,2p5x,-0.046618782983468963,10,40× → 2.5×
TCGA-D8-A1X8-01Z-00-DX1.DDA3866E-C7CC-4650-BE2B-5C9A98A2D531,BRCA,gigapath,GigaPath,10x,2p5x,-2.4000133664143943,10,10× → 2.5×
TCGA-D8-A1X8-01Z-00-DX1.DDA3866E-C7CC-4650-BE2B-5C9A98A2D531,BRCA,gigapath,GigaPath,10x,40x,-0.32442323280874963,10,10× → 40×
TCGA-D8-A1X8-01Z-00-DX1.DDA3866E-C7CC-4650-BE2B-5C9A98A2D531,BRCA,gigapath,GigaPath,2p5x,10x,-0.7252896296124692,10,2.5× → 10×
TCGA-D8-A1X8-01Z-00-DX1.DDA3866E-C7CC-4650-BE2B-5C9A98A2D531,BRCA,gigapath,GigaPath,2p5x,40x,-3.5056765568170176,10,2.5× → 40×
TCGA-D8-A1X8-01Z-00-DX1.DDA3866E-C7CC-4650-BE2B-5C9A98A2D531,BRCA,gigapath,GigaPath,40x,10x,-3.163797130784313,10,40× → 10×
TCGA-D8-A1X8-01Z-00-DX1.DDA3866E-C7CC-4650-BE2B-5C9A98A2D531,BRCA,gigapath,GigaPath,40x,2p5x,-5.935633461397773,10,40× → 2.5×
TCGA-D8-A1X8-01Z-00-DX1.DDA3866E-C7CC-4650-BE2B-5C9A98A2D531,BRCA,gigapath_flash,GigaPath-Flash,10x,2p5x,-3.735967151638063,10,10× → 2.5×
TCGA-D8-A1X8-01Z-00-DX1.DDA3866E-C7CC-4650-BE2B-5C9A98A2D531,BRCA,gigapath_flash,GigaPath-Flash,10x,40x,-0.6930588803443207,10,10× → 40×
TCGA-D8-A1X8-01Z-00-DX1.DDA3866E-C7CC-4650-BE2B-5C9A98A2D531,BRCA,gigapath_flash,GigaPath-Flash,2p5x,10x,2.155950287748395,10,2.5× → 10×
TCGA-D8-A1X8-01Z-00-DX1.DDA3866E-C7CC-4650-BE2B-5C9A98A2D531,BRCA,gigapath_flash,GigaPath-Flash,2p5x,40x,-3.0093036512525684,10,2.5× → 40×
TCGA-D8-A1X8-01Z-00-DX1.DDA3866E-C7CC-4650-BE2B-5C9A98A2D531,BRCA,gigapath_flash,GigaPath-Flash,40x,10x,-3.2200468977923826,10,40× → 10×
TCGA-D8-A1X8-01Z-00-DX1.DDA3866E-C7CC-4650-BE2B-5C9A98A2D531,BRCA,gigapath_flash,GigaPath-Flash,40x,2p5x,-6.456045389110395,10,40× → 2.5×
TCGA-D8-A1X8-01Z-00-DX1.DDA3866E-C7CC-4650-BE2B-5C9A98A2D531,BRCA,midnight,Midnight,10x,2p5x,-0.19338406471129396,10,10× → 2.5×
TCGA-D8-A1X8-01Z-00-DX1.DDA3866E-C7CC-4650-BE2B-5C9A98A2D531,BRCA,midnight,Midnight,10x,40x,-0.19580889941826116,10,10× → 40×
TCGA-D8-A1X8-01Z-00-DX1.DDA3866E-C7CC-4650-BE2B-5C9A98A2D531,BRCA,midnight,Midnight,2p5x,10x,-0.14257087281468317,10,2.5× → 10×
TCGA-D8-A1X8-01Z-00-DX1.DDA3866E-C7CC-4650-BE2B-5C9A98A2D531,BRCA,midnight,Midnight,2p5x,40x,-0.3759226161449999,10,2.5× → 40×
TCGA-D8-A1X8-01Z-00-DX1.DDA3866E-C7CC-4650-BE2B-5C9A98A2D531,BRCA,midnight,Midnight,40x,10x,-0.7150961580443628,10,40× → 10×
TCGA-D8-A1X8-01Z-00-DX1.DDA3866E-C7CC-4650-BE2B-5C9A98A2D531,BRCA,midnight,Midnight,40x,2p5x,-1.1498104890959877,10,40× → 2.5×
TCGA-D8-A1X8-01Z-00-DX1.DDA3866E-C7CC-4650-BE2B-5C9A98A2D531,BRCA,phikon,Phikon,10x,2p5x,-3.9596198841088786,10,10× → 2.5×
TCGA-D8-A1X8-01Z-00-DX1.DDA3866E-C7CC-4650-BE2B-5C9A98A2D531,BRCA,phikon,Phikon,10x,40x,-1.4547997786972164,10,10× → 40×
TCGA-D8-A1X8-01Z-00-DX1.DDA3866E-C7CC-4650-BE2B-5C9A98A2D531,BRCA,phikon,Phikon,2p5x,10x,-0.4652275597930803,10,2.5× → 10×
TCGA-D8-A1X8-01Z-00-DX1.DDA3866E-C7CC-4650-BE2B-5C9A98A2D531,BRCA,phikon,Phikon,2p5x,40x,-4.217271015853174,10,2.5× → 40×
TCGA-D8-A1X8-01Z-00-DX1.DDA3866E-C7CC-4650-BE2B-5C9A98A2D531,BRCA,phikon,Phikon,40x,10x,-0.3634040667830748,10,40× → 10×
TCGA-D8-A1X8-01Z-00-DX1.DDA3866E-C7CC-4650-BE2B-5C9A98A2D531,BRCA,phikon,Phikon,40x,2p5x,-3.067822644084625,10,40× → 2.5×
TCGA-D8-A1X8-01Z-00-DX1.DDA3866E-C7CC-4650-BE2B-5C9A98A2D531,BRCA,uni,UNI,10x,2p5x,-3.2346613585649657,10,10× → 2.5×
TCGA-D8-A1X8-01Z-00-DX1.DDA3866E-C7CC-4650-BE2B-5C9A98A2D531,BRCA,uni,UNI,10x,40x,-1.664951534304588,10,10× → 40×
TCGA-D8-A1X8-01Z-00-DX1.DDA3866E-C7CC-4650-BE2B-5C9A98A2D531,BRCA,uni,UNI,2p5x,10x,-0.1707209327935651,10,2.5× → 10×
TCGA-D8-A1X8-01Z-00-DX1.DDA3866E-C7CC-4650-BE2B-5C9A98A2D531,BRCA,uni,UNI,2p5x,40x,-1.6951254118906511,10,2.5× → 40×
TCGA-D8-A1X8-01Z-00-DX1.DDA3866E-C7CC-4650-BE2B-5C9A98A2D531,BRCA,uni,UNI,40x,10x,-1.417060707004245,10,40× → 10×
TCGA-D8-A1X8-01Z-00-DX1.DDA3866E-C7CC-4650-BE2B-5C9A98A2D531,BRCA,uni,UNI,40x,2p5x,-4.402482023040628,10,40× → 2.5×
TCGA-D8-A1X8-01Z-00-DX1.DDA3866E-C7CC-4650-BE2B-5C9A98A2D531,BRCA,uni2,UNI2,10x,2p5x,-0.4263022598273401,10,10× → 2.5×
TCGA-D8-A1X8-01Z-00-DX1.DDA3866E-C7CC-4650-BE2B-5C9A98A2D531,BRCA,uni2,UNI2,10x,40x,-1.120087102433248,10,10× → 40×
TCGA-D8-A1X8-01Z-00-DX1.DDA3866E-C7CC-4650-BE2B-5C9A98A2D531,BRCA,uni2,UNI2,2p5x,10x,-0.3636704259204411,10,2.5× → 10×
TCGA-D8-A1X8-01Z-00-DX1.DDA3866E-C7CC-4650-BE2B-5C9A98A2D531,BRCA,uni2,UNI2,2p5x,40x,-2.9031953121838,10,2.5× → 40×
TCGA-D8-A1X8-01Z-00-DX1.DDA3866E-C7CC-4650-BE2B-5C9A98A2D531,BRCA,uni2,UNI2,40x,10x,-1.011060922693117,10,40× → 10×
TCGA-D8-A1X8-01Z-00-DX1.DDA3866E-C7CC-4650-BE2B-5C9A98A2D531,BRCA,uni2,UNI2,40x,2p5x,-2.059008895965866,10,40× → 2.5×
TCGA-D8-A1X8-01Z-00-DX1.DDA3866E-C7CC-4650-BE2B-5C9A98A2D531,BRCA,virchow,Virchow,10x,2p5x,-5.241619257468074,10,10× → 2.5×
TCGA-D8-A1X8-01Z-00-DX1.DDA3866E-C7CC-4650-BE2B-5C9A98A2D531,BRCA,virchow,Virchow,10x,40x,-1.4023544902662857,10,10× → 40×
TCGA-D8-A1X8-01Z-00-DX1.DDA3866E-C7CC-4650-BE2B-5C9A98A2D531,BRCA,virchow,Virchow,2p5x,10x,3.3268944203451776,10,2.5× → 10×
TCGA-D8-A1X8-01Z-00-DX1.DDA3866E-C7CC-4650-BE2B-5C9A98A2D531,BRCA,virchow,Virchow,2p5x,40x,2.857772289471696,10,2.5× → 40×
TCGA-D8-A1X8-01Z-00-DX1.DDA3866E-C7CC-4650-BE2B-5C9A98A2D531,BRCA,virchow,Virchow,40x,10x,-1.774052094860858,10,40× → 10×
TCGA-D8-A1X8-01Z-00-DX1.DDA3866E-C7CC-4650-BE2B-5C9A98A2D531,BRCA,virchow,Virchow,40x,2p5x,-6.940056400174818,10,40× → 2.5×
TCGA-D8-A1X8-01Z-00-DX1.DDA3866E-C7CC-4650-BE2B-5C9A98A2D531,BRCA,virchow2,Virchow2,10x,2p5x,-1.140526685470354,10,10× → 2.5×
TCGA-D8-A1X8-01Z-00-DX1.DDA3866E-C7CC-4650-BE2B-5C9A98A2D531,BRCA,virchow2,Virchow2,10x,40x,-0.13269512124830993,10,10× → 40×
TCGA-D8-A1X8-01Z-00-DX1.DDA3866E-C7CC-4650-BE2B-5C9A98A2D531,BRCA,virchow2,Virchow2,2p5x,10x,0.0410957926894078,10,2.5× → 10×
TCGA-D8-A1X8-01Z-00-DX1.DDA3866E-C7CC-4650-BE2B-5C9A98A2D531,BRCA,virchow2,Virchow2,2p5x,40x,-0.44334166911530587,10,2.5× → 40×
TCGA-D8-A1X8-01Z-00-DX1.DDA3866E-C7CC-4650-BE2B-5C9A98A2D531,BRCA,virchow2,Virchow2,40x,10x,-0.39316241212437186,10,40× → 10×
TCGA-D8-A1X8-01Z-00-DX1.DDA3866E-C7CC-4650-BE2B-5C9A98A2D531,BRCA,virchow2,Virchow2,40x,2p5x,-3.3820953976059465,10,40× → 2.5×
TCGA-DK-A6AW-01Z-00-DX1.C2453A8C-8282-443C-9E76-5B6CAD2FE69B,BLCA,gigapath,GigaPath,10x,2p5x,-1.7604182130501695,10,10× → 2.5×
TCGA-DK-A6AW-01Z-00-DX1.C2453A8C-8282-443C-9E76-5B6CAD2FE69B,BLCA,gigapath,GigaPath,10x,40x,-2.058253545101593,10,10× → 40×
TCGA-DK-A6AW-01Z-00-DX1.C2453A8C-8282-443C-9E76-5B6CAD2FE69B,BLCA,gigapath,GigaPath,2p5x,10x,-4.09998113939597,10,2.5× → 10×
TCGA-DK-A6AW-01Z-00-DX1.C2453A8C-8282-443C-9E76-5B6CAD2FE69B,BLCA,gigapath,GigaPath,2p5x,40x,-2.01741645630278,10,2.5× → 40×
TCGA-DK-A6AW-01Z-00-DX1.C2453A8C-8282-443C-9E76-5B6CAD2FE69B,BLCA,gigapath,GigaPath,40x,10x,1.9404695895632256,10,40× → 10×
TCGA-DK-A6AW-01Z-00-DX1.C2453A8C-8282-443C-9E76-5B6CAD2FE69B,BLCA,gigapath,GigaPath,40x,2p5x,0.18973944563719553,10,40× → 2.5×
TCGA-DK-A6AW-01Z-00-DX1.C2453A8C-8282-443C-9E76-5B6CAD2FE69B,BLCA,gigapath_flash,GigaPath-Flash,10x,2p5x,-1.264776525058195,10,10× → 2.5×
TCGA-DK-A6AW-01Z-00-DX1.C2453A8C-8282-443C-9E76-5B6CAD2FE69B,BLCA,gigapath_flash,GigaPath-Flash,10x,40x,-0.6394454884038465,10,10× → 40×
TCGA-DK-A6AW-01Z-00-DX1.C2453A8C-8282-443C-9E76-5B6CAD2FE69B,BLCA,gigapath_flash,GigaPath-Flash,2p5x,10x,-0.3477871185437825,10,2.5× → 10×
TCGA-DK-A6AW-01Z-00-DX1.C2453A8C-8282-443C-9E76-5B6CAD2FE69B,BLCA,gigapath_flash,GigaPath-Flash,2p5x,40x,-1.7184611691692626,10,2.5× → 40×
TCGA-DK-A6AW-01Z-00-DX1.C2453A8C-8282-443C-9E76-5B6CAD2FE69B,BLCA,gigapath_flash,GigaPath-Flash,40x,10x,-2.5478355628721996,10,40× → 10×
TCGA-DK-A6AW-01Z-00-DX1.C2453A8C-8282-443C-9E76-5B6CAD2FE69B,BLCA,gigapath_flash,GigaPath-Flash,40x,2p5x,-4.388565242299219,10,40× → 2.5×
TCGA-DK-A6AW-01Z-00-DX1.C2453A8C-8282-443C-9E76-5B6CAD2FE69B,BLCA,midnight,Midnight,10x,2p5x,-1.1472025362389686,10,10× → 2.5×
TCGA-DK-A6AW-01Z-00-DX1.C2453A8C-8282-443C-9E76-5B6CAD2FE69B,BLCA,midnight,Midnight,10x,40x,0.5701302991356354,10,10× → 40×
TCGA-DK-A6AW-01Z-00-DX1.C2453A8C-8282-443C-9E76-5B6CAD2FE69B,BLCA,midnight,Midnight,2p5x,10x,0.0965532988174523,10,2.5× → 10×
TCGA-DK-A6AW-01Z-00-DX1.C2453A8C-8282-443C-9E76-5B6CAD2FE69B,BLCA,midnight,Midnight,2p5x,40x,0.6237172672078775,10,2.5× → 40×
TCGA-DK-A6AW-01Z-00-DX1.C2453A8C-8282-443C-9E76-5B6CAD2FE69B,BLCA,midnight,Midnight,40x,10x,0.7509829093289742,10,40× → 10×
TCGA-DK-A6AW-01Z-00-DX1.C2453A8C-8282-443C-9E76-5B6CAD2FE69B,BLCA,midnight,Midnight,40x,2p5x,-0.14533346924885843,10,40× → 2.5×
TCGA-DK-A6AW-01Z-00-DX1.C2453A8C-8282-443C-9E76-5B6CAD2FE69B,BLCA,phikon,Phikon,10x,2p5x,-0.7778689093847808,10,10× → 2.5×
TCGA-DK-A6AW-01Z-00-DX1.C2453A8C-8282-443C-9E76-5B6CAD2FE69B,BLCA,phikon,Phikon,10x,40x,-0.45524358536611603,10,10× → 40×
TCGA-DK-A6AW-01Z-00-DX1.C2453A8C-8282-443C-9E76-5B6CAD2FE69B,BLCA,phikon,Phikon,2p5x,10x,-1.0148411394178583,10,2.5× → 10×
TCGA-DK-A6AW-01Z-00-DX1.C2453A8C-8282-443C-9E76-5B6CAD2FE69B,BLCA,phikon,Phikon,2p5x,40x,-2.128537063644488,10,2.5× → 40×
TCGA-DK-A6AW-01Z-00-DX1.C2453A8C-8282-443C-9E76-5B6CAD2FE69B,BLCA,phikon,Phikon,40x,10x,0.5008891318139295,10,40× → 10×
TCGA-DK-A6AW-01Z-00-DX1.C2453A8C-8282-443C-9E76-5B6CAD2FE69B,BLCA,phikon,Phikon,40x,2p5x,0.4476993409131772,10,40× → 2.5×
TCGA-DK-A6AW-01Z-00-DX1.C2453A8C-8282-443C-9E76-5B6CAD2FE69B,BLCA,uni,UNI,10x,2p5x,-1.1424517864534969,10,10× → 2.5×
TCGA-DK-A6AW-01Z-00-DX1.C2453A8C-8282-443C-9E76-5B6CAD2FE69B,BLCA,uni,UNI,10x,40x,-0.17853493797622433,10,10× → 40×
TCGA-DK-A6AW-01Z-00-DX1.C2453A8C-8282-443C-9E76-5B6CAD2FE69B,BLCA,uni,UNI,2p5x,10x,1.5889822601618508,10,2.5× → 10×
TCGA-DK-A6AW-01Z-00-DX1.C2453A8C-8282-443C-9E76-5B6CAD2FE69B,BLCA,uni,UNI,2p5x,40x,-3.0740894903273728,10,2.5× → 40×
TCGA-DK-A6AW-01Z-00-DX1.C2453A8C-8282-443C-9E76-5B6CAD2FE69B,BLCA,uni,UNI,40x,10x,-2.4042179681242977,10,40× → 10×
TCGA-DK-A6AW-01Z-00-DX1.C2453A8C-8282-443C-9E76-5B6CAD2FE69B,BLCA,uni,UNI,40x,2p5x,-4.271400599970017,10,40× → 2.5×
TCGA-DK-A6AW-01Z-00-DX1.C2453A8C-8282-443C-9E76-5B6CAD2FE69B,BLCA,uni2,UNI2,10x,2p5x,0.11764024657568987,10,10× → 2.5×
TCGA-DK-A6AW-01Z-00-DX1.C2453A8C-8282-443C-9E76-5B6CAD2FE69B,BLCA,uni2,UNI2,10x,40x,-0.8028890353199122,10,10× → 40×
TCGA-DK-A6AW-01Z-00-DX1.C2453A8C-8282-443C-9E76-5B6CAD2FE69B,BLCA,uni2,UNI2,2p5x,10x,-0.044025205369376534,10,2.5× → 10×
TCGA-DK-A6AW-01Z-00-DX1.C2453A8C-8282-443C-9E76-5B6CAD2FE69B,BLCA,uni2,UNI2,2p5x,40x,-4.379539884162838,10,2.5× → 40×
TCGA-DK-A6AW-01Z-00-DX1.C2453A8C-8282-443C-9E76-5B6CAD2FE69B,BLCA,uni2,UNI2,40x,10x,-0.7813400308385906,10,40× → 10×
TCGA-DK-A6AW-01Z-00-DX1.C2453A8C-8282-443C-9E76-5B6CAD2FE69B,BLCA,uni2,UNI2,40x,2p5x,-0.030644725416088724,10,40× → 2.5×
TCGA-DK-A6AW-01Z-00-DX1.C2453A8C-8282-443C-9E76-5B6CAD2FE69B,BLCA,virchow,Virchow,10x,2p5x,-5.03080208679564,10,10× → 2.5×
TCGA-DK-A6AW-01Z-00-DX1.C2453A8C-8282-443C-9E76-5B6CAD2FE69B,BLCA,virchow,Virchow,10x,40x,1.4048138476079717,10,10× → 40×
TCGA-DK-A6AW-01Z-00-DX1.C2453A8C-8282-443C-9E76-5B6CAD2FE69B,BLCA,virchow,Virchow,2p5x,10x,-2.9819807897564106,10,2.5× → 10×
TCGA-DK-A6AW-01Z-00-DX1.C2453A8C-8282-443C-9E76-5B6CAD2FE69B,BLCA,virchow,Virchow,2p5x,40x,-4.875192673755042,10,2.5× → 40×
TCGA-DK-A6AW-01Z-00-DX1.C2453A8C-8282-443C-9E76-5B6CAD2FE69B,BLCA,virchow,Virchow,40x,10x,-9.209653414036882,10,40× → 10×
TCGA-DK-A6AW-01Z-00-DX1.C2453A8C-8282-443C-9E76-5B6CAD2FE69B,BLCA,virchow,Virchow,40x,2p5x,-4.95159847846491,10,40× → 2.5×
TCGA-DK-A6AW-01Z-00-DX1.C2453A8C-8282-443C-9E76-5B6CAD2FE69B,BLCA,virchow2,Virchow2,10x,2p5x,-1.0717814893808542,10,10× → 2.5×
TCGA-DK-A6AW-01Z-00-DX1.C2453A8C-8282-443C-9E76-5B6CAD2FE69B,BLCA,virchow2,Virchow2,10x,40x,0.16081132283204705,10,10× → 40×
TCGA-DK-A6AW-01Z-00-DX1.C2453A8C-8282-443C-9E76-5B6CAD2FE69B,BLCA,virchow2,Virchow2,2p5x,10x,-0.7167312041089016,10,2.5× → 10×
TCGA-DK-A6AW-01Z-00-DX1.C2453A8C-8282-443C-9E76-5B6CAD2FE69B,BLCA,virchow2,Virchow2,2p5x,40x,-2.1267366286434077,10,2.5× → 40×
TCGA-DK-A6AW-01Z-00-DX1.C2453A8C-8282-443C-9E76-5B6CAD2FE69B,BLCA,virchow2,Virchow2,40x,10x,-3.626249108516493,10,40× → 10×
TCGA-DK-A6AW-01Z-00-DX1.C2453A8C-8282-443C-9E76-5B6CAD2FE69B,BLCA,virchow2,Virchow2,40x,2p5x,-3.732936726363409,10,40× → 2.5×
TCGA-DK-AA6L-01A-01-TSA.5794F0C6-9ED6-489A-9621-18CCC5935548,BLCA,gigapath,GigaPath,10x,2p5x,-0.06158689709239806,10,10× → 2.5×
TCGA-DK-AA6L-01A-01-TSA.5794F0C6-9ED6-489A-9621-18CCC5935548,BLCA,gigapath,GigaPath,10x,40x,-0.9669494535560567,10,10× → 40×
TCGA-DK-AA6L-01A-01-TSA.5794F0C6-9ED6-489A-9621-18CCC5935548,BLCA,gigapath,GigaPath,2p5x,10x,5.098902410641916,10,2.5× → 10×
TCGA-DK-AA6L-01A-01-TSA.5794F0C6-9ED6-489A-9621-18CCC5935548,BLCA,gigapath,GigaPath,2p5x,40x,2.586402765704853,10,2.5× → 40×
TCGA-DK-AA6L-01A-01-TSA.5794F0C6-9ED6-489A-9621-18CCC5935548,BLCA,gigapath,GigaPath,40x,10x,2.7377573847854877,10,40× → 10×
TCGA-DK-AA6L-01A-01-TSA.5794F0C6-9ED6-489A-9621-18CCC5935548,BLCA,gigapath,GigaPath,40x,2p5x,0.7151549975808466,10,40× → 2.5×
TCGA-DK-AA6L-01A-01-TSA.5794F0C6-9ED6-489A-9621-18CCC5935548,BLCA,gigapath_flash,GigaPath-Flash,10x,2p5x,-1.2959516357373524,10,10× → 2.5×
TCGA-DK-AA6L-01A-01-TSA.5794F0C6-9ED6-489A-9621-18CCC5935548,BLCA,gigapath_flash,GigaPath-Flash,10x,40x,-2.4734713798709658,10,10× → 40×
TCGA-DK-AA6L-01A-01-TSA.5794F0C6-9ED6-489A-9621-18CCC5935548,BLCA,gigapath_flash,GigaPath-Flash,2p5x,10x,-0.869510039187894,10,2.5× → 10×
TCGA-DK-AA6L-01A-01-TSA.5794F0C6-9ED6-489A-9621-18CCC5935548,BLCA,gigapath_flash,GigaPath-Flash,2p5x,40x,-3.5281792228977684,10,2.5× → 40×
TCGA-DK-AA6L-01A-01-TSA.5794F0C6-9ED6-489A-9621-18CCC5935548,BLCA,gigapath_flash,GigaPath-Flash,40x,10x,-2.047665801190847,10,40× → 10×
TCGA-DK-AA6L-01A-01-TSA.5794F0C6-9ED6-489A-9621-18CCC5935548,BLCA,gigapath_flash,GigaPath-Flash,40x,2p5x,-2.4121672688695814,10,40× → 2.5×
TCGA-DK-AA6L-01A-01-TSA.5794F0C6-9ED6-489A-9621-18CCC5935548,BLCA,midnight,Midnight,10x,2p5x,-1.2732746449817056,10,10× → 2.5×
TCGA-DK-AA6L-01A-01-TSA.5794F0C6-9ED6-489A-9621-18CCC5935548,BLCA,midnight,Midnight,10x,40x,0.17114996785836473,10,10× → 40×
TCGA-DK-AA6L-01A-01-TSA.5794F0C6-9ED6-489A-9621-18CCC5935548,BLCA,midnight,Midnight,2p5x,10x,-0.44945703240153084,10,2.5× → 10×
TCGA-DK-AA6L-01A-01-TSA.5794F0C6-9ED6-489A-9621-18CCC5935548,BLCA,midnight,Midnight,2p5x,40x,-0.745413247075305,10,2.5× → 40×
TCGA-DK-AA6L-01A-01-TSA.5794F0C6-9ED6-489A-9621-18CCC5935548,BLCA,midnight,Midnight,40x,10x,-0.5342124519258358,10,40× → 10×
TCGA-DK-AA6L-01A-01-TSA.5794F0C6-9ED6-489A-9621-18CCC5935548,BLCA,midnight,Midnight,40x,2p5x,-0.5592231531733589,10,40× → 2.5×
TCGA-DK-AA6L-01A-01-TSA.5794F0C6-9ED6-489A-9621-18CCC5935548,BLCA,phikon,Phikon,10x,2p5x,-2.743397597426086,10,10× → 2.5×
TCGA-DK-AA6L-01A-01-TSA.5794F0C6-9ED6-489A-9621-18CCC5935548,BLCA,phikon,Phikon,10x,40x,-0.08829993649560525,10,10× → 40×
TCGA-DK-AA6L-01A-01-TSA.5794F0C6-9ED6-489A-9621-18CCC5935548,BLCA,phikon,Phikon,2p5x,10x,-2.574572604243824,10,2.5× → 10×
TCGA-DK-AA6L-01A-01-TSA.5794F0C6-9ED6-489A-9621-18CCC5935548,BLCA,phikon,Phikon,2p5x,40x,-3.766535451049781,10,2.5× → 40×
TCGA-DK-AA6L-01A-01-TSA.5794F0C6-9ED6-489A-9621-18CCC5935548,BLCA,phikon,Phikon,40x,10x,-0.00870873675979826,10,40× → 10×
TCGA-DK-AA6L-01A-01-TSA.5794F0C6-9ED6-489A-9621-18CCC5935548,BLCA,phikon,Phikon,40x,2p5x,-1.5353520232439846,10,40× → 2.5×
TCGA-DK-AA6L-01A-01-TSA.5794F0C6-9ED6-489A-9621-18CCC5935548,BLCA,uni,UNI,10x,2p5x,-0.05756406401698062,10,10× → 2.5×
TCGA-DK-AA6L-01A-01-TSA.5794F0C6-9ED6-489A-9621-18CCC5935548,BLCA,uni,UNI,10x,40x,0.3859952488582038,10,10× → 40×
TCGA-DK-AA6L-01A-01-TSA.5794F0C6-9ED6-489A-9621-18CCC5935548,BLCA,uni,UNI,2p5x,10x,0.5721071290067722,10,2.5× → 10×
TCGA-DK-AA6L-01A-01-TSA.5794F0C6-9ED6-489A-9621-18CCC5935548,BLCA,uni,UNI,2p5x,40x,-0.19492056144284325,10,2.5× → 40×
TCGA-DK-AA6L-01A-01-TSA.5794F0C6-9ED6-489A-9621-18CCC5935548,BLCA,uni,UNI,40x,10x,-0.5609078927121149,10,40× → 10×
TCGA-DK-AA6L-01A-01-TSA.5794F0C6-9ED6-489A-9621-18CCC5935548,BLCA,uni,UNI,40x,2p5x,-2.8707549141236752,10,40× → 2.5×
TCGA-DK-AA6L-01A-01-TSA.5794F0C6-9ED6-489A-9621-18CCC5935548,BLCA,uni2,UNI2,10x,2p5x,-2.824189011066754,10,10× → 2.5×
TCGA-DK-AA6L-01A-01-TSA.5794F0C6-9ED6-489A-9621-18CCC5935548,BLCA,uni2,UNI2,10x,40x,-1.7683753313978154,10,10× → 40×
TCGA-DK-AA6L-01A-01-TSA.5794F0C6-9ED6-489A-9621-18CCC5935548,BLCA,uni2,UNI2,2p5x,10x,2.2044088880648585,10,2.5× → 10×
TCGA-DK-AA6L-01A-01-TSA.5794F0C6-9ED6-489A-9621-18CCC5935548,BLCA,uni2,UNI2,2p5x,40x,-0.7063268364879167,10,2.5× → 40×
TCGA-DK-AA6L-01A-01-TSA.5794F0C6-9ED6-489A-9621-18CCC5935548,BLCA,uni2,UNI2,40x,10x,2.607948486995615,10,40× → 10×
TCGA-DK-AA6L-01A-01-TSA.5794F0C6-9ED6-489A-9621-18CCC5935548,BLCA,uni2,UNI2,40x,2p5x,1.4775992121345285,10,40× → 2.5×
TCGA-DK-AA6L-01A-01-TSA.5794F0C6-9ED6-489A-9621-18CCC5935548,BLCA,virchow,Virchow,10x,2p5x,-3.5537165581049424,10,10× → 2.5×
TCGA-DK-AA6L-01A-01-TSA.5794F0C6-9ED6-489A-9621-18CCC5935548,BLCA,virchow,Virchow,10x,40x,-0.29035198746488317,10,10× → 40×
TCGA-DK-AA6L-01A-01-TSA.5794F0C6-9ED6-489A-9621-18CCC5935548,BLCA,virchow,Virchow,2p5x,10x,-0.47540584951852116,10,2.5× → 10×
TCGA-DK-AA6L-01A-01-TSA.5794F0C6-9ED6-489A-9621-18CCC5935548,BLCA,virchow,Virchow,2p5x,40x,-2.817109235540711,10,2.5× → 40×
TCGA-DK-AA6L-01A-01-TSA.5794F0C6-9ED6-489A-9621-18CCC5935548,BLCA,virchow,Virchow,40x,10x,-1.057240032767655,10,40× → 10×
TCGA-DK-AA6L-01A-01-TSA.5794F0C6-9ED6-489A-9621-18CCC5935548,BLCA,virchow,Virchow,40x,2p5x,-1.8886063049320447,10,40× → 2.5×
TCGA-DK-AA6L-01A-01-TSA.5794F0C6-9ED6-489A-9621-18CCC5935548,BLCA,virchow2,Virchow2,10x,2p5x,-1.862187151566226,10,10× → 2.5×
TCGA-DK-AA6L-01A-01-TSA.5794F0C6-9ED6-489A-9621-18CCC5935548,BLCA,virchow2,Virchow2,10x,40x,0.8206534324989851,10,10× → 40×
TCGA-DK-AA6L-01A-01-TSA.5794F0C6-9ED6-489A-9621-18CCC5935548,BLCA,virchow2,Virchow2,2p5x,10x,0.9377327560694495,10,2.5× → 10×
TCGA-DK-AA6L-01A-01-TSA.5794F0C6-9ED6-489A-9621-18CCC5935548,BLCA,virchow2,Virchow2,2p5x,40x,-1.462650872505074,10,2.5× → 40×
TCGA-DK-AA6L-01A-01-TSA.5794F0C6-9ED6-489A-9621-18CCC5935548,BLCA,virchow2,Virchow2,40x,10x,0.061528118384280274,10,40× → 10×
TCGA-DK-AA6L-01A-01-TSA.5794F0C6-9ED6-489A-9621-18CCC5935548,BLCA,virchow2,Virchow2,40x,2p5x,-0.6351816016286047,10,40× → 2.5×
TCGA-DK-AA77-01A-01-TSA.26CAF5CB-CC4F-4522-BD2B-343FB70205FE,BLCA,gigapath,GigaPath,10x,2p5x,-2.0588220590694464,10,10× → 2.5×
TCGA-DK-AA77-01A-01-TSA.26CAF5CB-CC4F-4522-BD2B-343FB70205FE,BLCA,gigapath,GigaPath,10x,40x,-0.872730859985164,10,10× → 40×
TCGA-DK-AA77-01A-01-TSA.26CAF5CB-CC4F-4522-BD2B-343FB70205FE,BLCA,gigapath,GigaPath,2p5x,10x,-1.0945529342730185,10,2.5× → 10×
TCGA-DK-AA77-01A-01-TSA.26CAF5CB-CC4F-4522-BD2B-343FB70205FE,BLCA,gigapath,GigaPath,2p5x,40x,-5.708757417990157,10,2.5× → 40×
TCGA-DK-AA77-01A-01-TSA.26CAF5CB-CC4F-4522-BD2B-343FB70205FE,BLCA,gigapath,GigaPath,40x,10x,1.5232120979635944,10,40× → 10×
TCGA-DK-AA77-01A-01-TSA.26CAF5CB-CC4F-4522-BD2B-343FB70205FE,BLCA,gigapath,GigaPath,40x,2p5x,-0.4884230744071041,10,40× → 2.5×
TCGA-DK-AA77-01A-01-TSA.26CAF5CB-CC4F-4522-BD2B-343FB70205FE,BLCA,gigapath_flash,GigaPath-Flash,10x,2p5x,-1.6437291903944071,10,10× → 2.5×
TCGA-DK-AA77-01A-01-TSA.26CAF5CB-CC4F-4522-BD2B-343FB70205FE,BLCA,gigapath_flash,GigaPath-Flash,10x,40x,-1.3341977617868852,10,10× → 40×
TCGA-DK-AA77-01A-01-TSA.26CAF5CB-CC4F-4522-BD2B-343FB70205FE,BLCA,gigapath_flash,GigaPath-Flash,2p5x,10x,0.033419702492423445,10,2.5× → 10×
TCGA-DK-AA77-01A-01-TSA.26CAF5CB-CC4F-4522-BD2B-343FB70205FE,BLCA,gigapath_flash,GigaPath-Flash,2p5x,40x,-5.852575023308255,10,2.5× → 40×
TCGA-DK-AA77-01A-01-TSA.26CAF5CB-CC4F-4522-BD2B-343FB70205FE,BLCA,gigapath_flash,GigaPath-Flash,40x,10x,-2.018657884312143,10,40× → 10×
TCGA-DK-AA77-01A-01-TSA.26CAF5CB-CC4F-4522-BD2B-343FB70205FE,BLCA,gigapath_flash,GigaPath-Flash,40x,2p5x,1.1481108145545307,10,40× → 2.5×
TCGA-DK-AA77-01A-01-TSA.26CAF5CB-CC4F-4522-BD2B-343FB70205FE,BLCA,midnight,Midnight,10x,2p5x,0.18293496888686553,10,10× → 2.5×
TCGA-DK-AA77-01A-01-TSA.26CAF5CB-CC4F-4522-BD2B-343FB70205FE,BLCA,midnight,Midnight,10x,40x,0.8503200432987507,10,10× → 40×
TCGA-DK-AA77-01A-01-TSA.26CAF5CB-CC4F-4522-BD2B-343FB70205FE,BLCA,midnight,Midnight,2p5x,10x,1.63413730416494,10,2.5× → 10×
TCGA-DK-AA77-01A-01-TSA.26CAF5CB-CC4F-4522-BD2B-343FB70205FE,BLCA,midnight,Midnight,2p5x,40x,1.1367042446695146,10,2.5× → 40×
TCGA-DK-AA77-01A-01-TSA.26CAF5CB-CC4F-4522-BD2B-343FB70205FE,BLCA,midnight,Midnight,40x,10x,-0.5647853280468575,10,40× → 10×
TCGA-DK-AA77-01A-01-TSA.26CAF5CB-CC4F-4522-BD2B-343FB70205FE,BLCA,midnight,Midnight,40x,2p5x,1.0202884515451602,10,40× → 2.5×
TCGA-DK-AA77-01A-01-TSA.26CAF5CB-CC4F-4522-BD2B-343FB70205FE,BLCA,phikon,Phikon,10x,2p5x,-3.909596393479834,10,10× → 2.5×
TCGA-DK-AA77-01A-01-TSA.26CAF5CB-CC4F-4522-BD2B-343FB70205FE,BLCA,phikon,Phikon,10x,40x,0.7932427844290786,10,10× → 40×
TCGA-DK-AA77-01A-01-TSA.26CAF5CB-CC4F-4522-BD2B-343FB70205FE,BLCA,phikon,Phikon,2p5x,10x,-3.6519382958385807,10,2.5× → 10×
TCGA-DK-AA77-01A-01-TSA.26CAF5CB-CC4F-4522-BD2B-343FB70205FE,BLCA,phikon,Phikon,2p5x,40x,-4.250318218182973,10,2.5× → 40×
TCGA-DK-AA77-01A-01-TSA.26CAF5CB-CC4F-4522-BD2B-343FB70205FE,BLCA,phikon,Phikon,40x,10x,-0.6837847857423325,10,40× → 10×
TCGA-DK-AA77-01A-01-TSA.26CAF5CB-CC4F-4522-BD2B-343FB70205FE,BLCA,phikon,Phikon,40x,2p5x,-1.901363355216732,10,40× → 2.5×
TCGA-DK-AA77-01A-01-TSA.26CAF5CB-CC4F-4522-BD2B-343FB70205FE,BLCA,uni,UNI,10x,2p5x,-0.6429052628338262,10,10× → 2.5×
TCGA-DK-AA77-01A-01-TSA.26CAF5CB-CC4F-4522-BD2B-343FB70205FE,BLCA,uni,UNI,10x,40x,0.21533459778199537,10,10× → 40×
TCGA-DK-AA77-01A-01-TSA.26CAF5CB-CC4F-4522-BD2B-343FB70205FE,BLCA,uni,UNI,2p5x,10x,-2.877538249588337,10,2.5× → 10×
TCGA-DK-AA77-01A-01-TSA.26CAF5CB-CC4F-4522-BD2B-343FB70205FE,BLCA,uni,UNI,2p5x,40x,-2.891421780721309,10,2.5× → 40×
TCGA-DK-AA77-01A-01-TSA.26CAF5CB-CC4F-4522-BD2B-343FB70205FE,BLCA,uni,UNI,40x,10x,-1.5056303049468442,10,40× → 10×
TCGA-DK-AA77-01A-01-TSA.26CAF5CB-CC4F-4522-BD2B-343FB70205FE,BLCA,uni,UNI,40x,2p5x,-2.997077014541977,10,40× → 2.5×
TCGA-DK-AA77-01A-01-TSA.26CAF5CB-CC4F-4522-BD2B-343FB70205FE,BLCA,uni2,UNI2,10x,2p5x,-0.9859205395045342,10,10× → 2.5×
TCGA-DK-AA77-01A-01-TSA.26CAF5CB-CC4F-4522-BD2B-343FB70205FE,BLCA,uni2,UNI2,10x,40x,-0.5750351498370889,10,10× → 40×
TCGA-DK-AA77-01A-01-TSA.26CAF5CB-CC4F-4522-BD2B-343FB70205FE,BLCA,uni2,UNI2,2p5x,10x,0.07791089998156775,10,2.5× → 10×
TCGA-DK-AA77-01A-01-TSA.26CAF5CB-CC4F-4522-BD2B-343FB70205FE,BLCA,uni2,UNI2,2p5x,40x,-1.5333835397676352,10,2.5× → 40×
TCGA-DK-AA77-01A-01-TSA.26CAF5CB-CC4F-4522-BD2B-343FB70205FE,BLCA,uni2,UNI2,40x,10x,0.9305609453017356,10,40× → 10×
TCGA-DK-AA77-01A-01-TSA.26CAF5CB-CC4F-4522-BD2B-343FB70205FE,BLCA,uni2,UNI2,40x,2p5x,0.4582999365612924,10,40× → 2.5×
TCGA-DK-AA77-01A-01-TSA.26CAF5CB-CC4F-4522-BD2B-343FB70205FE,BLCA,virchow,Virchow,10x,2p5x,-2.7874791097240808,10,10× → 2.5×
TCGA-DK-AA77-01A-01-TSA.26CAF5CB-CC4F-4522-BD2B-343FB70205FE,BLCA,virchow,Virchow,10x,40x,1.1836038825898563,10,10× → 40×
TCGA-DK-AA77-01A-01-TSA.26CAF5CB-CC4F-4522-BD2B-343FB70205FE,BLCA,virchow,Virchow,2p5x,10x,-8.533561580695284,10,2.5× → 10×
TCGA-DK-AA77-01A-01-TSA.26CAF5CB-CC4F-4522-BD2B-343FB70205FE,BLCA,virchow,Virchow,2p5x,40x,-8.714192565608757,10,2.5× → 40×
TCGA-DK-AA77-01A-01-TSA.26CAF5CB-CC4F-4522-BD2B-343FB70205FE,BLCA,virchow,Virchow,40x,10x,-4.777667818193445,10,40× → 10×
TCGA-DK-AA77-01A-01-TSA.26CAF5CB-CC4F-4522-BD2B-343FB70205FE,BLCA,virchow,Virchow,40x,2p5x,-6.665293276699508,10,40× → 2.5×
TCGA-DK-AA77-01A-01-TSA.26CAF5CB-CC4F-4522-BD2B-343FB70205FE,BLCA,virchow2,Virchow2,10x,2p5x,0.41330033786579207,10,10× → 2.5×
TCGA-DK-AA77-01A-01-TSA.26CAF5CB-CC4F-4522-BD2B-343FB70205FE,BLCA,virchow2,Virchow2,10x,40x,0.15974168933440241,10,10× → 40×
TCGA-DK-AA77-01A-01-TSA.26CAF5CB-CC4F-4522-BD2B-343FB70205FE,BLCA,virchow2,Virchow2,2p5x,10x,-0.4186605929754813,10,2.5× → 10×
TCGA-DK-AA77-01A-01-TSA.26CAF5CB-CC4F-4522-BD2B-343FB70205FE,BLCA,virchow2,Virchow2,2p5x,40x,-0.6412477205214921,10,2.5× → 40×
TCGA-DK-AA77-01A-01-TSA.26CAF5CB-CC4F-4522-BD2B-343FB70205FE,BLCA,virchow2,Virchow2,40x,10x,1.5397636780114055,10,40× → 10×
TCGA-DK-AA77-01A-01-TSA.26CAF5CB-CC4F-4522-BD2B-343FB70205FE,BLCA,virchow2,Virchow2,40x,2p5x,2.479890116822721,10,40× → 2.5×
TCGA-E2-A14P-01Z-00-DX1.663B02FF-C64B-41A6-8685-FD61CD76F9C6,BRCA,gigapath,GigaPath,10x,2p5x,-2.083083740991607,10,10× → 2.5×
TCGA-E2-A14P-01Z-00-DX1.663B02FF-C64B-41A6-8685-FD61CD76F9C6,BRCA,gigapath,GigaPath,10x,40x,-0.16613518717125558,10,10× → 40×
TCGA-E2-A14P-01Z-00-DX1.663B02FF-C64B-41A6-8685-FD61CD76F9C6,BRCA,gigapath,GigaPath,2p5x,10x,0.041741435646430555,10,2.5× → 10×
TCGA-E2-A14P-01Z-00-DX1.663B02FF-C64B-41A6-8685-FD61CD76F9C6,BRCA,gigapath,GigaPath,2p5x,40x,-0.4408013623862116,10,2.5× → 40×
TCGA-E2-A14P-01Z-00-DX1.663B02FF-C64B-41A6-8685-FD61CD76F9C6,BRCA,gigapath,GigaPath,40x,10x,-3.845057831668279,10,40× → 10×
TCGA-E2-A14P-01Z-00-DX1.663B02FF-C64B-41A6-8685-FD61CD76F9C6,BRCA,gigapath,GigaPath,40x,2p5x,-4.775561002725705,10,40× → 2.5×
TCGA-E2-A14P-01Z-00-DX1.663B02FF-C64B-41A6-8685-FD61CD76F9C6,BRCA,gigapath_flash,GigaPath-Flash,10x,2p5x,-3.985653703120635,10,10× → 2.5×
TCGA-E2-A14P-01Z-00-DX1.663B02FF-C64B-41A6-8685-FD61CD76F9C6,BRCA,gigapath_flash,GigaPath-Flash,10x,40x,-0.08047088752562373,10,10× → 40×
TCGA-E2-A14P-01Z-00-DX1.663B02FF-C64B-41A6-8685-FD61CD76F9C6,BRCA,gigapath_flash,GigaPath-Flash,2p5x,10x,0.32623800622773425,10,2.5× → 10×
TCGA-E2-A14P-01Z-00-DX1.663B02FF-C64B-41A6-8685-FD61CD76F9C6,BRCA,gigapath_flash,GigaPath-Flash,2p5x,40x,-0.45066432705791837,10,2.5× → 40×
TCGA-E2-A14P-01Z-00-DX1.663B02FF-C64B-41A6-8685-FD61CD76F9C6,BRCA,gigapath_flash,GigaPath-Flash,40x,10x,-4.577285914253937,10,40× → 10×
TCGA-E2-A14P-01Z-00-DX1.663B02FF-C64B-41A6-8685-FD61CD76F9C6,BRCA,gigapath_flash,GigaPath-Flash,40x,2p5x,-8.028609043258594,10,40× → 2.5×
TCGA-E2-A14P-01Z-00-DX1.663B02FF-C64B-41A6-8685-FD61CD76F9C6,BRCA,midnight,Midnight,10x,2p5x,-0.08858521441218548,10,10× → 2.5×
TCGA-E2-A14P-01Z-00-DX1.663B02FF-C64B-41A6-8685-FD61CD76F9C6,BRCA,midnight,Midnight,10x,40x,-0.11826145966009831,10,10× → 40×
TCGA-E2-A14P-01Z-00-DX1.663B02FF-C64B-41A6-8685-FD61CD76F9C6,BRCA,midnight,Midnight,2p5x,10x,-0.2066894148795076,10,2.5× → 10×
TCGA-E2-A14P-01Z-00-DX1.663B02FF-C64B-41A6-8685-FD61CD76F9C6,BRCA,midnight,Midnight,2p5x,40x,-0.34723081248482907,10,2.5× → 40×
TCGA-E2-A14P-01Z-00-DX1.663B02FF-C64B-41A6-8685-FD61CD76F9C6,BRCA,midnight,Midnight,40x,10x,-0.3559484867101764,10,40× → 10×
TCGA-E2-A14P-01Z-00-DX1.663B02FF-C64B-41A6-8685-FD61CD76F9C6,BRCA,midnight,Midnight,40x,2p5x,-0.5982749635424639,10,40× → 2.5×
TCGA-E2-A14P-01Z-00-DX1.663B02FF-C64B-41A6-8685-FD61CD76F9C6,BRCA,phikon,Phikon,10x,2p5x,-2.9594275153272585,10,10× → 2.5×
TCGA-E2-A14P-01Z-00-DX1.663B02FF-C64B-41A6-8685-FD61CD76F9C6,BRCA,phikon,Phikon,10x,40x,-0.8295439107611626,10,10× → 40×
TCGA-E2-A14P-01Z-00-DX1.663B02FF-C64B-41A6-8685-FD61CD76F9C6,BRCA,phikon,Phikon,2p5x,10x,-0.9761462653175144,10,2.5× → 10×
TCGA-E2-A14P-01Z-00-DX1.663B02FF-C64B-41A6-8685-FD61CD76F9C6,BRCA,phikon,Phikon,2p5x,40x,-6.02533245951016,10,2.5× → 40×
TCGA-E2-A14P-01Z-00-DX1.663B02FF-C64B-41A6-8685-FD61CD76F9C6,BRCA,phikon,Phikon,40x,10x,-1.006561157688093,10,40× → 10×
TCGA-E2-A14P-01Z-00-DX1.663B02FF-C64B-41A6-8685-FD61CD76F9C6,BRCA,phikon,Phikon,40x,2p5x,-2.2820038338315873,10,40× → 2.5×
TCGA-E2-A14P-01Z-00-DX1.663B02FF-C64B-41A6-8685-FD61CD76F9C6,BRCA,uni,UNI,10x,2p5x,-2.483553653069116,10,10× → 2.5×
TCGA-E2-A14P-01Z-00-DX1.663B02FF-C64B-41A6-8685-FD61CD76F9C6,BRCA,uni,UNI,10x,40x,-1.2583654975840568,10,10× → 40×
TCGA-E2-A14P-01Z-00-DX1.663B02FF-C64B-41A6-8685-FD61CD76F9C6,BRCA,uni,UNI,2p5x,10x,0.18057603528435026,10,2.5× → 10×
TCGA-E2-A14P-01Z-00-DX1.663B02FF-C64B-41A6-8685-FD61CD76F9C6,BRCA,uni,UNI,2p5x,40x,-0.027754554294864776,10,2.5× → 40×
TCGA-E2-A14P-01Z-00-DX1.663B02FF-C64B-41A6-8685-FD61CD76F9C6,BRCA,uni,UNI,40x,10x,-1.8576940872244798,10,40× → 10×
TCGA-E2-A14P-01Z-00-DX1.663B02FF-C64B-41A6-8685-FD61CD76F9C6,BRCA,uni,UNI,40x,2p5x,-4.190297369562934,10,40× → 2.5×
TCGA-E2-A14P-01Z-00-DX1.663B02FF-C64B-41A6-8685-FD61CD76F9C6,BRCA,uni2,UNI2,10x,2p5x,-0.534239331211656,10,10× → 2.5×
TCGA-E2-A14P-01Z-00-DX1.663B02FF-C64B-41A6-8685-FD61CD76F9C6,BRCA,uni2,UNI2,10x,40x,-1.2314594360432023,10,10× → 40×
TCGA-E2-A14P-01Z-00-DX1.663B02FF-C64B-41A6-8685-FD61CD76F9C6,BRCA,uni2,UNI2,2p5x,10x,-0.08123923610759529,10,2.5× → 10×
TCGA-E2-A14P-01Z-00-DX1.663B02FF-C64B-41A6-8685-FD61CD76F9C6,BRCA,uni2,UNI2,2p5x,40x,-2.5706530837099955,10,2.5× → 40×
TCGA-E2-A14P-01Z-00-DX1.663B02FF-C64B-41A6-8685-FD61CD76F9C6,BRCA,uni2,UNI2,40x,10x,-0.8408770974736933,10,40× → 10×
TCGA-E2-A14P-01Z-00-DX1.663B02FF-C64B-41A6-8685-FD61CD76F9C6,BRCA,uni2,UNI2,40x,2p5x,-1.3957506526476033,10,40× → 2.5×
TCGA-E2-A14P-01Z-00-DX1.663B02FF-C64B-41A6-8685-FD61CD76F9C6,BRCA,virchow,Virchow,10x,2p5x,-5.527001139080232,10,10× → 2.5×
TCGA-E2-A14P-01Z-00-DX1.663B02FF-C64B-41A6-8685-FD61CD76F9C6,BRCA,virchow,Virchow,10x,40x,-1.1061908140219774,10,10× → 40×
TCGA-E2-A14P-01Z-00-DX1.663B02FF-C64B-41A6-8685-FD61CD76F9C6,BRCA,virchow,Virchow,2p5x,10x,0.5784339465318846,10,2.5× → 10×
TCGA-E2-A14P-01Z-00-DX1.663B02FF-C64B-41A6-8685-FD61CD76F9C6,BRCA,virchow,Virchow,2p5x,40x,-0.08770844453269962,10,2.5× → 40×
TCGA-E2-A14P-01Z-00-DX1.663B02FF-C64B-41A6-8685-FD61CD76F9C6,BRCA,virchow,Virchow,40x,10x,-3.3577128838299863,10,40× → 10×
TCGA-E2-A14P-01Z-00-DX1.663B02FF-C64B-41A6-8685-FD61CD76F9C6,BRCA,virchow,Virchow,40x,2p5x,-6.594354349665226,10,40× → 2.5×
TCGA-E2-A14P-01Z-00-DX1.663B02FF-C64B-41A6-8685-FD61CD76F9C6,BRCA,virchow2,Virchow2,10x,2p5x,-0.24897766958033074,10,10× → 2.5×
TCGA-E2-A14P-01Z-00-DX1.663B02FF-C64B-41A6-8685-FD61CD76F9C6,BRCA,virchow2,Virchow2,10x,40x,-0.361236540995418,10,10× → 40×
TCGA-E2-A14P-01Z-00-DX1.663B02FF-C64B-41A6-8685-FD61CD76F9C6,BRCA,virchow2,Virchow2,2p5x,10x,-0.02381521207356747,10,2.5× → 10×
TCGA-E2-A14P-01Z-00-DX1.663B02FF-C64B-41A6-8685-FD61CD76F9C6,BRCA,virchow2,Virchow2,2p5x,40x,-0.4863969256910413,10,2.5× → 40×
TCGA-E2-A14P-01Z-00-DX1.663B02FF-C64B-41A6-8685-FD61CD76F9C6,BRCA,virchow2,Virchow2,40x,10x,-0.33691201217968525,10,40× → 10×
TCGA-E2-A14P-01Z-00-DX1.663B02FF-C64B-41A6-8685-FD61CD76F9C6,BRCA,virchow2,Virchow2,40x,2p5x,-1.8363838952110918,10,40× → 2.5×
TCGA-E2-A1LA-01Z-00-DX1.AE49E943-B830-4ED9-B09E-E499441BC2EC,BRCA,gigapath,GigaPath,10x,2p5x,-1.0267610293831066,10,10× → 2.5×
TCGA-E2-A1LA-01Z-00-DX1.AE49E943-B830-4ED9-B09E-E499441BC2EC,BRCA,gigapath,GigaPath,10x,40x,-0.18640048442338092,10,10× → 40×
TCGA-E2-A1LA-01Z-00-DX1.AE49E943-B830-4ED9-B09E-E499441BC2EC,BRCA,gigapath,GigaPath,2p5x,10x,-0.697332591209225,10,2.5× → 10×
TCGA-E2-A1LA-01Z-00-DX1.AE49E943-B830-4ED9-B09E-E499441BC2EC,BRCA,gigapath,GigaPath,2p5x,40x,-2.2402369375722198,10,2.5× → 40×
TCGA-E2-A1LA-01Z-00-DX1.AE49E943-B830-4ED9-B09E-E499441BC2EC,BRCA,gigapath,GigaPath,40x,10x,-2.4479805776307337,10,40× → 10×
TCGA-E2-A1LA-01Z-00-DX1.AE49E943-B830-4ED9-B09E-E499441BC2EC,BRCA,gigapath,GigaPath,40x,2p5x,-4.539156767436539,10,40× → 2.5×
TCGA-E2-A1LA-01Z-00-DX1.AE49E943-B830-4ED9-B09E-E499441BC2EC,BRCA,gigapath_flash,GigaPath-Flash,10x,2p5x,-2.25172478413993,10,10× → 2.5×
TCGA-E2-A1LA-01Z-00-DX1.AE49E943-B830-4ED9-B09E-E499441BC2EC,BRCA,gigapath_flash,GigaPath-Flash,10x,40x,-0.33547536651170917,10,10× → 40×
TCGA-E2-A1LA-01Z-00-DX1.AE49E943-B830-4ED9-B09E-E499441BC2EC,BRCA,gigapath_flash,GigaPath-Flash,2p5x,10x,-0.03100078987117692,10,2.5× → 10×
TCGA-E2-A1LA-01Z-00-DX1.AE49E943-B830-4ED9-B09E-E499441BC2EC,BRCA,gigapath_flash,GigaPath-Flash,2p5x,40x,-3.9163782902618216,10,2.5× → 40×
TCGA-E2-A1LA-01Z-00-DX1.AE49E943-B830-4ED9-B09E-E499441BC2EC,BRCA,gigapath_flash,GigaPath-Flash,40x,10x,-0.8128708342615862,10,40× → 10×
TCGA-E2-A1LA-01Z-00-DX1.AE49E943-B830-4ED9-B09E-E499441BC2EC,BRCA,gigapath_flash,GigaPath-Flash,40x,2p5x,-5.926853370689293,10,40× → 2.5×
TCGA-E2-A1LA-01Z-00-DX1.AE49E943-B830-4ED9-B09E-E499441BC2EC,BRCA,midnight,Midnight,10x,2p5x,-0.2016567830344264,10,10× → 2.5×
TCGA-E2-A1LA-01Z-00-DX1.AE49E943-B830-4ED9-B09E-E499441BC2EC,BRCA,midnight,Midnight,10x,40x,-0.6034559277502788,10,10× → 40×
TCGA-E2-A1LA-01Z-00-DX1.AE49E943-B830-4ED9-B09E-E499441BC2EC,BRCA,midnight,Midnight,2p5x,10x,-0.317311083767442,10,2.5× → 10×
TCGA-E2-A1LA-01Z-00-DX1.AE49E943-B830-4ED9-B09E-E499441BC2EC,BRCA,midnight,Midnight,2p5x,40x,-0.7615441124795478,10,2.5× → 40×
TCGA-E2-A1LA-01Z-00-DX1.AE49E943-B830-4ED9-B09E-E499441BC2EC,BRCA,midnight,Midnight,40x,10x,-0.49205517870493115,10,40× → 10×
TCGA-E2-A1LA-01Z-00-DX1.AE49E943-B830-4ED9-B09E-E499441BC2EC,BRCA,midnight,Midnight,40x,2p5x,-0.8678584579541153,10,40× → 2.5×
TCGA-E2-A1LA-01Z-00-DX1.AE49E943-B830-4ED9-B09E-E499441BC2EC,BRCA,phikon,Phikon,10x,2p5x,-1.3777683357906731,10,10× → 2.5×
TCGA-E2-A1LA-01Z-00-DX1.AE49E943-B830-4ED9-B09E-E499441BC2EC,BRCA,phikon,Phikon,10x,40x,-1.3984032945508367,10,10× → 40×
TCGA-E2-A1LA-01Z-00-DX1.AE49E943-B830-4ED9-B09E-E499441BC2EC,BRCA,phikon,Phikon,2p5x,10x,-4.006678952503647,10,2.5× → 10×
TCGA-E2-A1LA-01Z-00-DX1.AE49E943-B830-4ED9-B09E-E499441BC2EC,BRCA,phikon,Phikon,2p5x,40x,-6.683323498186563,10,2.5× → 40×
TCGA-E2-A1LA-01Z-00-DX1.AE49E943-B830-4ED9-B09E-E499441BC2EC,BRCA,phikon,Phikon,40x,10x,-0.44197889193320317,10,40× → 10×
TCGA-E2-A1LA-01Z-00-DX1.AE49E943-B830-4ED9-B09E-E499441BC2EC,BRCA,phikon,Phikon,40x,2p5x,-2.1562371577809496,10,40× → 2.5×
TCGA-E2-A1LA-01Z-00-DX1.AE49E943-B830-4ED9-B09E-E499441BC2EC,BRCA,uni,UNI,10x,2p5x,-1.6269898730050059,10,10× → 2.5×
TCGA-E2-A1LA-01Z-00-DX1.AE49E943-B830-4ED9-B09E-E499441BC2EC,BRCA,uni,UNI,10x,40x,-0.8996488225395625,10,10× → 40×
TCGA-E2-A1LA-01Z-00-DX1.AE49E943-B830-4ED9-B09E-E499441BC2EC,BRCA,uni,UNI,2p5x,10x,-2.1588026193867185,10,2.5× → 10×
TCGA-E2-A1LA-01Z-00-DX1.AE49E943-B830-4ED9-B09E-E499441BC2EC,BRCA,uni,UNI,2p5x,40x,-0.846193550480265,10,2.5× → 40×
TCGA-E2-A1LA-01Z-00-DX1.AE49E943-B830-4ED9-B09E-E499441BC2EC,BRCA,uni,UNI,40x,10x,-0.1348351377441382,10,40× → 10×
TCGA-E2-A1LA-01Z-00-DX1.AE49E943-B830-4ED9-B09E-E499441BC2EC,BRCA,uni,UNI,40x,2p5x,-3.256104330764136,10,40× → 2.5×
TCGA-E2-A1LA-01Z-00-DX1.AE49E943-B830-4ED9-B09E-E499441BC2EC,BRCA,uni2,UNI2,10x,2p5x,-0.288860959784918,10,10× → 2.5×
TCGA-E2-A1LA-01Z-00-DX1.AE49E943-B830-4ED9-B09E-E499441BC2EC,BRCA,uni2,UNI2,10x,40x,-1.8077951674435435,10,10× → 40×
TCGA-E2-A1LA-01Z-00-DX1.AE49E943-B830-4ED9-B09E-E499441BC2EC,BRCA,uni2,UNI2,2p5x,10x,-0.673667065962748,10,2.5× → 10×
TCGA-E2-A1LA-01Z-00-DX1.AE49E943-B830-4ED9-B09E-E499441BC2EC,BRCA,uni2,UNI2,2p5x,40x,-2.9063096880817034,10,2.5× → 40×
TCGA-E2-A1LA-01Z-00-DX1.AE49E943-B830-4ED9-B09E-E499441BC2EC,BRCA,uni2,UNI2,40x,10x,-0.6383634413516239,10,40× → 10×
TCGA-E2-A1LA-01Z-00-DX1.AE49E943-B830-4ED9-B09E-E499441BC2EC,BRCA,uni2,UNI2,40x,2p5x,-1.1849377588255792,10,40× → 2.5×
TCGA-E2-A1LA-01Z-00-DX1.AE49E943-B830-4ED9-B09E-E499441BC2EC,BRCA,virchow,Virchow,10x,2p5x,-1.9557293518252012,10,10× → 2.5×
TCGA-E2-A1LA-01Z-00-DX1.AE49E943-B830-4ED9-B09E-E499441BC2EC,BRCA,virchow,Virchow,10x,40x,-0.4907180567701742,10,10× → 40×
TCGA-E2-A1LA-01Z-00-DX1.AE49E943-B830-4ED9-B09E-E499441BC2EC,BRCA,virchow,Virchow,2p5x,10x,-0.047285901856387307,10,2.5× → 10×
TCGA-E2-A1LA-01Z-00-DX1.AE49E943-B830-4ED9-B09E-E499441BC2EC,BRCA,virchow,Virchow,2p5x,40x,-0.5657260997644038,10,2.5× → 40×
TCGA-E2-A1LA-01Z-00-DX1.AE49E943-B830-4ED9-B09E-E499441BC2EC,BRCA,virchow,Virchow,40x,10x,-1.8604709191989421,10,40× → 10×
TCGA-E2-A1LA-01Z-00-DX1.AE49E943-B830-4ED9-B09E-E499441BC2EC,BRCA,virchow,Virchow,40x,2p5x,-5.666627781951988,10,40× → 2.5×
TCGA-E2-A1LA-01Z-00-DX1.AE49E943-B830-4ED9-B09E-E499441BC2EC,BRCA,virchow2,Virchow2,10x,2p5x,-0.0867878053448954,10,10× → 2.5×
TCGA-E2-A1LA-01Z-00-DX1.AE49E943-B830-4ED9-B09E-E499441BC2EC,BRCA,virchow2,Virchow2,10x,40x,-1.078210875604252,10,10× → 40×
TCGA-E2-A1LA-01Z-00-DX1.AE49E943-B830-4ED9-B09E-E499441BC2EC,BRCA,virchow2,Virchow2,2p5x,10x,-0.06061341964632474,10,2.5× → 10×
TCGA-E2-A1LA-01Z-00-DX1.AE49E943-B830-4ED9-B09E-E499441BC2EC,BRCA,virchow2,Virchow2,2p5x,40x,-1.7299011168271423,10,2.5× → 40×
TCGA-E2-A1LA-01Z-00-DX1.AE49E943-B830-4ED9-B09E-E499441BC2EC,BRCA,virchow2,Virchow2,40x,10x,-0.22467387228673483,10,40× → 10×
TCGA-E2-A1LA-01Z-00-DX1.AE49E943-B830-4ED9-B09E-E499441BC2EC,BRCA,virchow2,Virchow2,40x,2p5x,-1.3729854621066342,10,40× → 2.5×
TCGA-EY-A1GQ-01Z-00-DX1.03D52C6F-515E-4A4F-A08E-31D773BCC67F,UCEC,gigapath,GigaPath,10x,2p5x,-0.3385457311857736,10,10× → 2.5×
TCGA-EY-A1GQ-01Z-00-DX1.03D52C6F-515E-4A4F-A08E-31D773BCC67F,UCEC,gigapath,GigaPath,10x,40x,-1.638773965980257,10,10× → 40×
TCGA-EY-A1GQ-01Z-00-DX1.03D52C6F-515E-4A4F-A08E-31D773BCC67F,UCEC,gigapath,GigaPath,2p5x,10x,-2.60697726814452,10,2.5× → 10×
TCGA-EY-A1GQ-01Z-00-DX1.03D52C6F-515E-4A4F-A08E-31D773BCC67F,UCEC,gigapath,GigaPath,2p5x,40x,-3.4215696087545817,10,2.5× → 40×
TCGA-EY-A1GQ-01Z-00-DX1.03D52C6F-515E-4A4F-A08E-31D773BCC67F,UCEC,gigapath,GigaPath,40x,10x,-0.27343960022179903,10,40× → 10×
TCGA-EY-A1GQ-01Z-00-DX1.03D52C6F-515E-4A4F-A08E-31D773BCC67F,UCEC,gigapath,GigaPath,40x,2p5x,-3.4291024840345017,10,40× → 2.5×
TCGA-EY-A1GQ-01Z-00-DX1.03D52C6F-515E-4A4F-A08E-31D773BCC67F,UCEC,gigapath_flash,GigaPath-Flash,10x,2p5x,-1.4558436873177043,10,10× → 2.5×
TCGA-EY-A1GQ-01Z-00-DX1.03D52C6F-515E-4A4F-A08E-31D773BCC67F,UCEC,gigapath_flash,GigaPath-Flash,10x,40x,-1.5033658633937423,10,10× → 40×
TCGA-EY-A1GQ-01Z-00-DX1.03D52C6F-515E-4A4F-A08E-31D773BCC67F,UCEC,gigapath_flash,GigaPath-Flash,2p5x,10x,-0.48111304845251707,10,2.5× → 10×
TCGA-EY-A1GQ-01Z-00-DX1.03D52C6F-515E-4A4F-A08E-31D773BCC67F,UCEC,gigapath_flash,GigaPath-Flash,2p5x,40x,-4.971410576816908,10,2.5× → 40×
TCGA-EY-A1GQ-01Z-00-DX1.03D52C6F-515E-4A4F-A08E-31D773BCC67F,UCEC,gigapath_flash,GigaPath-Flash,40x,10x,0.37481636564600196,10,40× → 10×
TCGA-EY-A1GQ-01Z-00-DX1.03D52C6F-515E-4A4F-A08E-31D773BCC67F,UCEC,gigapath_flash,GigaPath-Flash,40x,2p5x,-1.9093012959415847,10,40× → 2.5×
TCGA-EY-A1GQ-01Z-00-DX1.03D52C6F-515E-4A4F-A08E-31D773BCC67F,UCEC,midnight,Midnight,10x,2p5x,-0.5037890183394664,10,10× → 2.5×
TCGA-EY-A1GQ-01Z-00-DX1.03D52C6F-515E-4A4F-A08E-31D773BCC67F,UCEC,midnight,Midnight,10x,40x,-1.060226341361688,10,10× → 40×
TCGA-EY-A1GQ-01Z-00-DX1.03D52C6F-515E-4A4F-A08E-31D773BCC67F,UCEC,midnight,Midnight,2p5x,10x,-0.4852611677648325,10,2.5× → 10×
TCGA-EY-A1GQ-01Z-00-DX1.03D52C6F-515E-4A4F-A08E-31D773BCC67F,UCEC,midnight,Midnight,2p5x,40x,-1.230358256794488,10,2.5× → 40×
TCGA-EY-A1GQ-01Z-00-DX1.03D52C6F-515E-4A4F-A08E-31D773BCC67F,UCEC,midnight,Midnight,40x,10x,-1.648404699426539,10,40× → 10×
TCGA-EY-A1GQ-01Z-00-DX1.03D52C6F-515E-4A4F-A08E-31D773BCC67F,UCEC,midnight,Midnight,40x,2p5x,-1.4492224598430685,10,40× → 2.5×
TCGA-EY-A1GQ-01Z-00-DX1.03D52C6F-515E-4A4F-A08E-31D773BCC67F,UCEC,phikon,Phikon,10x,2p5x,-0.2013363057313215,10,10× → 2.5×
TCGA-EY-A1GQ-01Z-00-DX1.03D52C6F-515E-4A4F-A08E-31D773BCC67F,UCEC,phikon,Phikon,10x,40x,-1.1613035950975577,10,10× → 40×
TCGA-EY-A1GQ-01Z-00-DX1.03D52C6F-515E-4A4F-A08E-31D773BCC67F,UCEC,phikon,Phikon,2p5x,10x,-3.993718455901355,10,2.5× → 10×
TCGA-EY-A1GQ-01Z-00-DX1.03D52C6F-515E-4A4F-A08E-31D773BCC67F,UCEC,phikon,Phikon,2p5x,40x,-3.1929118853897633,10,2.5× → 40×
TCGA-EY-A1GQ-01Z-00-DX1.03D52C6F-515E-4A4F-A08E-31D773BCC67F,UCEC,phikon,Phikon,40x,10x,0.20427960102051773,10,40× → 10×
TCGA-EY-A1GQ-01Z-00-DX1.03D52C6F-515E-4A4F-A08E-31D773BCC67F,UCEC,phikon,Phikon,40x,2p5x,-1.0711723432131648,10,40× → 2.5×
TCGA-EY-A1GQ-01Z-00-DX1.03D52C6F-515E-4A4F-A08E-31D773BCC67F,UCEC,uni,UNI,10x,2p5x,-2.23052166363967,10,10× → 2.5×
TCGA-EY-A1GQ-01Z-00-DX1.03D52C6F-515E-4A4F-A08E-31D773BCC67F,UCEC,uni,UNI,10x,40x,-1.3920748446808162,10,10× → 40×
TCGA-EY-A1GQ-01Z-00-DX1.03D52C6F-515E-4A4F-A08E-31D773BCC67F,UCEC,uni,UNI,2p5x,10x,-3.5489796399864155,10,2.5× → 10×
TCGA-EY-A1GQ-01Z-00-DX1.03D52C6F-515E-4A4F-A08E-31D773BCC67F,UCEC,uni,UNI,2p5x,40x,-3.7798706920739407,10,2.5× → 40×
TCGA-EY-A1GQ-01Z-00-DX1.03D52C6F-515E-4A4F-A08E-31D773BCC67F,UCEC,uni,UNI,40x,10x,-0.9003617705443892,10,40× → 10×
TCGA-EY-A1GQ-01Z-00-DX1.03D52C6F-515E-4A4F-A08E-31D773BCC67F,UCEC,uni,UNI,40x,2p5x,-3.1829795226929423,10,40× → 2.5×
TCGA-EY-A1GQ-01Z-00-DX1.03D52C6F-515E-4A4F-A08E-31D773BCC67F,UCEC,uni2,UNI2,10x,2p5x,-0.42669903697458844,10,10× → 2.5×
TCGA-EY-A1GQ-01Z-00-DX1.03D52C6F-515E-4A4F-A08E-31D773BCC67F,UCEC,uni2,UNI2,10x,40x,-1.2973999779596013,10,10× → 40×
TCGA-EY-A1GQ-01Z-00-DX1.03D52C6F-515E-4A4F-A08E-31D773BCC67F,UCEC,uni2,UNI2,2p5x,10x,-0.5500071254923096,10,2.5× → 10×
TCGA-EY-A1GQ-01Z-00-DX1.03D52C6F-515E-4A4F-A08E-31D773BCC67F,UCEC,uni2,UNI2,2p5x,40x,-1.8655371670167777,10,2.5× → 40×
TCGA-EY-A1GQ-01Z-00-DX1.03D52C6F-515E-4A4F-A08E-31D773BCC67F,UCEC,uni2,UNI2,40x,10x,-1.9932225851780399,10,40× → 10×
TCGA-EY-A1GQ-01Z-00-DX1.03D52C6F-515E-4A4F-A08E-31D773BCC67F,UCEC,uni2,UNI2,40x,2p5x,-1.7999964706111213,10,40× → 2.5×
TCGA-EY-A1GQ-01Z-00-DX1.03D52C6F-515E-4A4F-A08E-31D773BCC67F,UCEC,virchow,Virchow,10x,2p5x,-6.335296946161471,10,10× → 2.5×
TCGA-EY-A1GQ-01Z-00-DX1.03D52C6F-515E-4A4F-A08E-31D773BCC67F,UCEC,virchow,Virchow,10x,40x,-2.914228054086599,10,10× → 40×
TCGA-EY-A1GQ-01Z-00-DX1.03D52C6F-515E-4A4F-A08E-31D773BCC67F,UCEC,virchow,Virchow,2p5x,10x,-8.48972151690651,10,2.5× → 10×
TCGA-EY-A1GQ-01Z-00-DX1.03D52C6F-515E-4A4F-A08E-31D773BCC67F,UCEC,virchow,Virchow,2p5x,40x,-6.683330125844805,10,2.5× → 40×
TCGA-EY-A1GQ-01Z-00-DX1.03D52C6F-515E-4A4F-A08E-31D773BCC67F,UCEC,virchow,Virchow,40x,10x,-0.39899107345488133,10,40× → 10×
TCGA-EY-A1GQ-01Z-00-DX1.03D52C6F-515E-4A4F-A08E-31D773BCC67F,UCEC,virchow,Virchow,40x,2p5x,-5.989194350622869,10,40× → 2.5×
TCGA-EY-A1GQ-01Z-00-DX1.03D52C6F-515E-4A4F-A08E-31D773BCC67F,UCEC,virchow2,Virchow2,10x,2p5x,-0.2218757527830948,10,10× → 2.5×
TCGA-EY-A1GQ-01Z-00-DX1.03D52C6F-515E-4A4F-A08E-31D773BCC67F,UCEC,virchow2,Virchow2,10x,40x,-1.845628438387172,10,10× → 40×
TCGA-EY-A1GQ-01Z-00-DX1.03D52C6F-515E-4A4F-A08E-31D773BCC67F,UCEC,virchow2,Virchow2,2p5x,10x,-0.22156824420626203,10,2.5× → 10×
TCGA-EY-A1GQ-01Z-00-DX1.03D52C6F-515E-4A4F-A08E-31D773BCC67F,UCEC,virchow2,Virchow2,2p5x,40x,-2.8013117448031433,10,2.5× → 40×
TCGA-EY-A1GQ-01Z-00-DX1.03D52C6F-515E-4A4F-A08E-31D773BCC67F,UCEC,virchow2,Virchow2,40x,10x,-0.01973298849055996,10,40× → 10×
TCGA-EY-A1GQ-01Z-00-DX1.03D52C6F-515E-4A4F-A08E-31D773BCC67F,UCEC,virchow2,Virchow2,40x,2p5x,-1.2046331036802935,10,40× → 2.5×
TCGA-FD-A6TK-01Z-00-DX1.B685DA87-72A6-4C38-8AA1-40B6E543383C,BLCA,gigapath,GigaPath,10x,2p5x,-0.7900526238868553,10,10× → 2.5×
TCGA-FD-A6TK-01Z-00-DX1.B685DA87-72A6-4C38-8AA1-40B6E543383C,BLCA,gigapath,GigaPath,10x,40x,-2.14046083457688,10,10× → 40×
TCGA-FD-A6TK-01Z-00-DX1.B685DA87-72A6-4C38-8AA1-40B6E543383C,BLCA,gigapath,GigaPath,2p5x,10x,-1.491376075268695,10,2.5× → 10×
TCGA-FD-A6TK-01Z-00-DX1.B685DA87-72A6-4C38-8AA1-40B6E543383C,BLCA,gigapath,GigaPath,2p5x,40x,-3.707265583160239,10,2.5× → 40×
TCGA-FD-A6TK-01Z-00-DX1.B685DA87-72A6-4C38-8AA1-40B6E543383C,BLCA,gigapath,GigaPath,40x,10x,0.6049072689282518,10,40× → 10×
TCGA-FD-A6TK-01Z-00-DX1.B685DA87-72A6-4C38-8AA1-40B6E543383C,BLCA,gigapath,GigaPath,40x,2p5x,-1.3639709353270841,10,40× → 2.5×
TCGA-FD-A6TK-01Z-00-DX1.B685DA87-72A6-4C38-8AA1-40B6E543383C,BLCA,gigapath_flash,GigaPath-Flash,10x,2p5x,-0.5253095762314249,10,10× → 2.5×
TCGA-FD-A6TK-01Z-00-DX1.B685DA87-72A6-4C38-8AA1-40B6E543383C,BLCA,gigapath_flash,GigaPath-Flash,10x,40x,-1.6057074244637348,10,10× → 40×
TCGA-FD-A6TK-01Z-00-DX1.B685DA87-72A6-4C38-8AA1-40B6E543383C,BLCA,gigapath_flash,GigaPath-Flash,2p5x,10x,-0.7034618457469104,10,2.5× → 10×
TCGA-FD-A6TK-01Z-00-DX1.B685DA87-72A6-4C38-8AA1-40B6E543383C,BLCA,gigapath_flash,GigaPath-Flash,2p5x,40x,-4.02097841396516,10,2.5× → 40×
TCGA-FD-A6TK-01Z-00-DX1.B685DA87-72A6-4C38-8AA1-40B6E543383C,BLCA,gigapath_flash,GigaPath-Flash,40x,10x,-0.8952011251908907,10,40× → 10×
TCGA-FD-A6TK-01Z-00-DX1.B685DA87-72A6-4C38-8AA1-40B6E543383C,BLCA,gigapath_flash,GigaPath-Flash,40x,2p5x,-2.669505275626561,10,40× → 2.5×
TCGA-FD-A6TK-01Z-00-DX1.B685DA87-72A6-4C38-8AA1-40B6E543383C,BLCA,midnight,Midnight,10x,2p5x,-0.10853232669758435,10,10× → 2.5×
TCGA-FD-A6TK-01Z-00-DX1.B685DA87-72A6-4C38-8AA1-40B6E543383C,BLCA,midnight,Midnight,10x,40x,-0.01506977493134994,10,10× → 40×
TCGA-FD-A6TK-01Z-00-DX1.B685DA87-72A6-4C38-8AA1-40B6E543383C,BLCA,midnight,Midnight,2p5x,10x,-0.03535471492148818,10,2.5× → 10×
TCGA-FD-A6TK-01Z-00-DX1.B685DA87-72A6-4C38-8AA1-40B6E543383C,BLCA,midnight,Midnight,2p5x,40x,-0.059192214343006665,10,2.5× → 40×
TCGA-FD-A6TK-01Z-00-DX1.B685DA87-72A6-4C38-8AA1-40B6E543383C,BLCA,midnight,Midnight,40x,10x,-0.2512827632182085,10,40× → 10×
TCGA-FD-A6TK-01Z-00-DX1.B685DA87-72A6-4C38-8AA1-40B6E543383C,BLCA,midnight,Midnight,40x,2p5x,-0.8183854090998353,10,40× → 2.5×
TCGA-FD-A6TK-01Z-00-DX1.B685DA87-72A6-4C38-8AA1-40B6E543383C,BLCA,phikon,Phikon,10x,2p5x,-1.1301149587367232,10,10× → 2.5×
TCGA-FD-A6TK-01Z-00-DX1.B685DA87-72A6-4C38-8AA1-40B6E543383C,BLCA,phikon,Phikon,10x,40x,-0.03948675398574076,10,10× → 40×
TCGA-FD-A6TK-01Z-00-DX1.B685DA87-72A6-4C38-8AA1-40B6E543383C,BLCA,phikon,Phikon,2p5x,10x,-0.21624087554089563,10,2.5× → 10×
TCGA-FD-A6TK-01Z-00-DX1.B685DA87-72A6-4C38-8AA1-40B6E543383C,BLCA,phikon,Phikon,2p5x,40x,-2.3788414003051077,10,2.5× → 40×
TCGA-FD-A6TK-01Z-00-DX1.B685DA87-72A6-4C38-8AA1-40B6E543383C,BLCA,phikon,Phikon,40x,10x,-0.26478239433488676,10,40× → 10×
TCGA-FD-A6TK-01Z-00-DX1.B685DA87-72A6-4C38-8AA1-40B6E543383C,BLCA,phikon,Phikon,40x,2p5x,-1.6533348252510673,10,40× → 2.5×
TCGA-FD-A6TK-01Z-00-DX1.B685DA87-72A6-4C38-8AA1-40B6E543383C,BLCA,uni,UNI,10x,2p5x,-1.271614634148978,10,10× → 2.5×
TCGA-FD-A6TK-01Z-00-DX1.B685DA87-72A6-4C38-8AA1-40B6E543383C,BLCA,uni,UNI,10x,40x,-0.89302269234864,10,10× → 40×
TCGA-FD-A6TK-01Z-00-DX1.B685DA87-72A6-4C38-8AA1-40B6E543383C,BLCA,uni,UNI,2p5x,10x,0.30699926217134615,10,2.5× → 10×
TCGA-FD-A6TK-01Z-00-DX1.B685DA87-72A6-4C38-8AA1-40B6E543383C,BLCA,uni,UNI,2p5x,40x,-2.2962634616759994,10,2.5× → 40×
TCGA-FD-A6TK-01Z-00-DX1.B685DA87-72A6-4C38-8AA1-40B6E543383C,BLCA,uni,UNI,40x,10x,-0.10391390954673208,10,40× → 10×
TCGA-FD-A6TK-01Z-00-DX1.B685DA87-72A6-4C38-8AA1-40B6E543383C,BLCA,uni,UNI,40x,2p5x,-3.9441746090341687,10,40× → 2.5×
TCGA-FD-A6TK-01Z-00-DX1.B685DA87-72A6-4C38-8AA1-40B6E543383C,BLCA,uni2,UNI2,10x,2p5x,-0.5372212339146796,10,10× → 2.5×
TCGA-FD-A6TK-01Z-00-DX1.B685DA87-72A6-4C38-8AA1-40B6E543383C,BLCA,uni2,UNI2,10x,40x,-2.325473898632245,10,10× → 40×
TCGA-FD-A6TK-01Z-00-DX1.B685DA87-72A6-4C38-8AA1-40B6E543383C,BLCA,uni2,UNI2,2p5x,10x,0.00940673022714213,10,2.5× → 10×
TCGA-FD-A6TK-01Z-00-DX1.B685DA87-72A6-4C38-8AA1-40B6E543383C,BLCA,uni2,UNI2,2p5x,40x,-4.46386375191692,10,2.5× → 40×
TCGA-FD-A6TK-01Z-00-DX1.B685DA87-72A6-4C38-8AA1-40B6E543383C,BLCA,uni2,UNI2,40x,10x,-0.2527940346590053,10,40× → 10×
TCGA-FD-A6TK-01Z-00-DX1.B685DA87-72A6-4C38-8AA1-40B6E543383C,BLCA,uni2,UNI2,40x,2p5x,-0.08984740427877438,10,40× → 2.5×
TCGA-FD-A6TK-01Z-00-DX1.B685DA87-72A6-4C38-8AA1-40B6E543383C,BLCA,virchow,Virchow,10x,2p5x,-3.6999958350928908,10,10× → 2.5×
TCGA-FD-A6TK-01Z-00-DX1.B685DA87-72A6-4C38-8AA1-40B6E543383C,BLCA,virchow,Virchow,10x,40x,-0.026772918111043015,10,10× → 40×
TCGA-FD-A6TK-01Z-00-DX1.B685DA87-72A6-4C38-8AA1-40B6E543383C,BLCA,virchow,Virchow,2p5x,10x,-4.470069431943266,10,2.5× → 10×
TCGA-FD-A6TK-01Z-00-DX1.B685DA87-72A6-4C38-8AA1-40B6E543383C,BLCA,virchow,Virchow,2p5x,40x,-7.867271902809328,10,2.5× → 40×
TCGA-FD-A6TK-01Z-00-DX1.B685DA87-72A6-4C38-8AA1-40B6E543383C,BLCA,virchow,Virchow,40x,10x,-4.352201951935081,10,40× → 10×
TCGA-FD-A6TK-01Z-00-DX1.B685DA87-72A6-4C38-8AA1-40B6E543383C,BLCA,virchow,Virchow,40x,2p5x,-4.5909833112056555,10,40× → 2.5×
TCGA-FD-A6TK-01Z-00-DX1.B685DA87-72A6-4C38-8AA1-40B6E543383C,BLCA,virchow2,Virchow2,10x,2p5x,-0.6965261273437231,10,10× → 2.5×
TCGA-FD-A6TK-01Z-00-DX1.B685DA87-72A6-4C38-8AA1-40B6E543383C,BLCA,virchow2,Virchow2,10x,40x,-0.7579966019535801,10,10× → 40×
TCGA-FD-A6TK-01Z-00-DX1.B685DA87-72A6-4C38-8AA1-40B6E543383C,BLCA,virchow2,Virchow2,2p5x,10x,-0.11811482823833193,10,2.5× → 10×
TCGA-FD-A6TK-01Z-00-DX1.B685DA87-72A6-4C38-8AA1-40B6E543383C,BLCA,virchow2,Virchow2,2p5x,40x,-2.1266122498965427,10,2.5× → 40×
TCGA-FD-A6TK-01Z-00-DX1.B685DA87-72A6-4C38-8AA1-40B6E543383C,BLCA,virchow2,Virchow2,40x,10x,-1.6614155919074445,10,40× → 10×
TCGA-FD-A6TK-01Z-00-DX1.B685DA87-72A6-4C38-8AA1-40B6E543383C,BLCA,virchow2,Virchow2,40x,2p5x,-3.4366620904239498,10,40× → 2.5×
TCGA-FI-A2EX-01Z-00-DX1.127F5153-745D-43E6-83CA-DE2738702C62,UCEC,gigapath,GigaPath,10x,2p5x,-0.6270474796760871,10,10× → 2.5×
TCGA-FI-A2EX-01Z-00-DX1.127F5153-745D-43E6-83CA-DE2738702C62,UCEC,gigapath,GigaPath,10x,40x,-1.0434183901155323,10,10× → 40×
TCGA-FI-A2EX-01Z-00-DX1.127F5153-745D-43E6-83CA-DE2738702C62,UCEC,gigapath,GigaPath,2p5x,10x,-0.051191762140737875,10,2.5× → 10×
TCGA-FI-A2EX-01Z-00-DX1.127F5153-745D-43E6-83CA-DE2738702C62,UCEC,gigapath,GigaPath,2p5x,40x,-0.3122844969120469,10,2.5× → 40×
TCGA-FI-A2EX-01Z-00-DX1.127F5153-745D-43E6-83CA-DE2738702C62,UCEC,gigapath,GigaPath,40x,10x,-0.24670334319589965,10,40× → 10×
TCGA-FI-A2EX-01Z-00-DX1.127F5153-745D-43E6-83CA-DE2738702C62,UCEC,gigapath,GigaPath,40x,2p5x,-2.731156642649329,10,40× → 2.5×
TCGA-FI-A2EX-01Z-00-DX1.127F5153-745D-43E6-83CA-DE2738702C62,UCEC,gigapath_flash,GigaPath-Flash,10x,2p5x,-1.9074781061571737,10,10× → 2.5×
TCGA-FI-A2EX-01Z-00-DX1.127F5153-745D-43E6-83CA-DE2738702C62,UCEC,gigapath_flash,GigaPath-Flash,10x,40x,-1.7094413264690185,10,10× → 40×
TCGA-FI-A2EX-01Z-00-DX1.127F5153-745D-43E6-83CA-DE2738702C62,UCEC,gigapath_flash,GigaPath-Flash,2p5x,10x,-0.018190471174979697,10,2.5× → 10×
TCGA-FI-A2EX-01Z-00-DX1.127F5153-745D-43E6-83CA-DE2738702C62,UCEC,gigapath_flash,GigaPath-Flash,2p5x,40x,-0.3414165896713651,10,2.5× → 40×
TCGA-FI-A2EX-01Z-00-DX1.127F5153-745D-43E6-83CA-DE2738702C62,UCEC,gigapath_flash,GigaPath-Flash,40x,10x,0.02721907499880999,10,40× → 10×
TCGA-FI-A2EX-01Z-00-DX1.127F5153-745D-43E6-83CA-DE2738702C62,UCEC,gigapath_flash,GigaPath-Flash,40x,2p5x,-4.239040462445016,10,40× → 2.5×
TCGA-FI-A2EX-01Z-00-DX1.127F5153-745D-43E6-83CA-DE2738702C62,UCEC,midnight,Midnight,10x,2p5x,-0.1380336804170584,10,10× → 2.5×
TCGA-FI-A2EX-01Z-00-DX1.127F5153-745D-43E6-83CA-DE2738702C62,UCEC,midnight,Midnight,10x,40x,-0.218626727519402,10,10× → 40×
TCGA-FI-A2EX-01Z-00-DX1.127F5153-745D-43E6-83CA-DE2738702C62,UCEC,midnight,Midnight,2p5x,10x,-0.11742811820931762,10,2.5× → 10×
TCGA-FI-A2EX-01Z-00-DX1.127F5153-745D-43E6-83CA-DE2738702C62,UCEC,midnight,Midnight,2p5x,40x,-0.429365093851471,10,2.5× → 40×
TCGA-FI-A2EX-01Z-00-DX1.127F5153-745D-43E6-83CA-DE2738702C62,UCEC,midnight,Midnight,40x,10x,-0.14181437094695398,10,40× → 10×
TCGA-FI-A2EX-01Z-00-DX1.127F5153-745D-43E6-83CA-DE2738702C62,UCEC,midnight,Midnight,40x,2p5x,-0.4853899659065634,10,40× → 2.5×
TCGA-FI-A2EX-01Z-00-DX1.127F5153-745D-43E6-83CA-DE2738702C62,UCEC,phikon,Phikon,10x,2p5x,-1.0976383483578833,10,10× → 2.5×
TCGA-FI-A2EX-01Z-00-DX1.127F5153-745D-43E6-83CA-DE2738702C62,UCEC,phikon,Phikon,10x,40x,-0.10256611007960954,10,10× → 40×
TCGA-FI-A2EX-01Z-00-DX1.127F5153-745D-43E6-83CA-DE2738702C62,UCEC,phikon,Phikon,2p5x,10x,-0.2988756306751534,10,2.5× → 10×
TCGA-FI-A2EX-01Z-00-DX1.127F5153-745D-43E6-83CA-DE2738702C62,UCEC,phikon,Phikon,2p5x,40x,-2.3718586340169177,10,2.5× → 40×
TCGA-FI-A2EX-01Z-00-DX1.127F5153-745D-43E6-83CA-DE2738702C62,UCEC,phikon,Phikon,40x,10x,-0.1169813589449549,10,40× → 10×
TCGA-FI-A2EX-01Z-00-DX1.127F5153-745D-43E6-83CA-DE2738702C62,UCEC,phikon,Phikon,40x,2p5x,-2.7897783622620205,10,40× → 2.5×
TCGA-FI-A2EX-01Z-00-DX1.127F5153-745D-43E6-83CA-DE2738702C62,UCEC,uni,UNI,10x,2p5x,-2.080397063502719,10,10× → 2.5×
TCGA-FI-A2EX-01Z-00-DX1.127F5153-745D-43E6-83CA-DE2738702C62,UCEC,uni,UNI,10x,40x,-0.1909528562383141,10,10× → 40×
TCGA-FI-A2EX-01Z-00-DX1.127F5153-745D-43E6-83CA-DE2738702C62,UCEC,uni,UNI,2p5x,10x,-3.0637420413871674,10,2.5× → 10×
TCGA-FI-A2EX-01Z-00-DX1.127F5153-745D-43E6-83CA-DE2738702C62,UCEC,uni,UNI,2p5x,40x,-2.0401670058960923,10,2.5× → 40×
TCGA-FI-A2EX-01Z-00-DX1.127F5153-745D-43E6-83CA-DE2738702C62,UCEC,uni,UNI,40x,10x,-0.015604545345271201,10,40× → 10×
TCGA-FI-A2EX-01Z-00-DX1.127F5153-745D-43E6-83CA-DE2738702C62,UCEC,uni,UNI,40x,2p5x,-2.9203156753102357,10,40× → 2.5×
TCGA-FI-A2EX-01Z-00-DX1.127F5153-745D-43E6-83CA-DE2738702C62,UCEC,uni2,UNI2,10x,2p5x,-0.00858063235222158,10,10× → 2.5×
TCGA-FI-A2EX-01Z-00-DX1.127F5153-745D-43E6-83CA-DE2738702C62,UCEC,uni2,UNI2,10x,40x,-0.12250346082063579,10,10× → 40×
TCGA-FI-A2EX-01Z-00-DX1.127F5153-745D-43E6-83CA-DE2738702C62,UCEC,uni2,UNI2,2p5x,10x,-0.0032152069282975503,10,2.5× → 10×
TCGA-FI-A2EX-01Z-00-DX1.127F5153-745D-43E6-83CA-DE2738702C62,UCEC,uni2,UNI2,2p5x,40x,-0.1261703230188055,10,2.5× → 40×
TCGA-FI-A2EX-01Z-00-DX1.127F5153-745D-43E6-83CA-DE2738702C62,UCEC,uni2,UNI2,40x,10x,-0.00203400777453535,10,40× → 10×
TCGA-FI-A2EX-01Z-00-DX1.127F5153-745D-43E6-83CA-DE2738702C62,UCEC,uni2,UNI2,40x,2p5x,-0.02356120157073106,10,40× → 2.5×
TCGA-FI-A2EX-01Z-00-DX1.127F5153-745D-43E6-83CA-DE2738702C62,UCEC,virchow,Virchow,10x,2p5x,-4.7121665213151225,10,10× → 2.5×
TCGA-FI-A2EX-01Z-00-DX1.127F5153-745D-43E6-83CA-DE2738702C62,UCEC,virchow,Virchow,10x,40x,-1.6379284137078982,10,10× → 40×
TCGA-FI-A2EX-01Z-00-DX1.127F5153-745D-43E6-83CA-DE2738702C62,UCEC,virchow,Virchow,2p5x,10x,-0.8047692058122549,10,2.5× → 10×
TCGA-FI-A2EX-01Z-00-DX1.127F5153-745D-43E6-83CA-DE2738702C62,UCEC,virchow,Virchow,2p5x,40x,-3.0482083765976458,10,2.5× → 40×
TCGA-FI-A2EX-01Z-00-DX1.127F5153-745D-43E6-83CA-DE2738702C62,UCEC,virchow,Virchow,40x,10x,0.001796970668880064,10,40× → 10×
TCGA-FI-A2EX-01Z-00-DX1.127F5153-745D-43E6-83CA-DE2738702C62,UCEC,virchow,Virchow,40x,2p5x,-5.941869623441155,10,40× → 2.5×
TCGA-FI-A2EX-01Z-00-DX1.127F5153-745D-43E6-83CA-DE2738702C62,UCEC,virchow2,Virchow2,10x,2p5x,-0.00510401974999345,10,10× → 2.5×
TCGA-FI-A2EX-01Z-00-DX1.127F5153-745D-43E6-83CA-DE2738702C62,UCEC,virchow2,Virchow2,10x,40x,-0.09029050498709382,10,10× → 40×
TCGA-FI-A2EX-01Z-00-DX1.127F5153-745D-43E6-83CA-DE2738702C62,UCEC,virchow2,Virchow2,2p5x,10x,-0.02021950231616782,10,2.5× → 10×
TCGA-FI-A2EX-01Z-00-DX1.127F5153-745D-43E6-83CA-DE2738702C62,UCEC,virchow2,Virchow2,2p5x,40x,-0.44327518469417804,10,2.5× → 40×
TCGA-FI-A2EX-01Z-00-DX1.127F5153-745D-43E6-83CA-DE2738702C62,UCEC,virchow2,Virchow2,40x,10x,-0.0051781357778477,10,40× → 10×
TCGA-FI-A2EX-01Z-00-DX1.127F5153-745D-43E6-83CA-DE2738702C62,UCEC,virchow2,Virchow2,40x,2p5x,-0.07235729905438593,10,40× → 2.5×
TCGA-FP-8209-01Z-00-DX1.a5e13081-1631-44d4-8d6a-c229a22c2311,STAD,gigapath,GigaPath,10x,2p5x,-2.1553593112103178,10,10× → 2.5×
TCGA-FP-8209-01Z-00-DX1.a5e13081-1631-44d4-8d6a-c229a22c2311,STAD,gigapath,GigaPath,10x,40x,-3.764969987571591,10,10× → 40×
TCGA-FP-8209-01Z-00-DX1.a5e13081-1631-44d4-8d6a-c229a22c2311,STAD,gigapath,GigaPath,2p5x,10x,-3.725285754847762,10,2.5× → 10×
TCGA-FP-8209-01Z-00-DX1.a5e13081-1631-44d4-8d6a-c229a22c2311,STAD,gigapath,GigaPath,2p5x,40x,-3.573660536626843,10,2.5× → 40×
TCGA-FP-8209-01Z-00-DX1.a5e13081-1631-44d4-8d6a-c229a22c2311,STAD,gigapath,GigaPath,40x,10x,0.6998203124597465,10,40× → 10×
TCGA-FP-8209-01Z-00-DX1.a5e13081-1631-44d4-8d6a-c229a22c2311,STAD,gigapath,GigaPath,40x,2p5x,-1.1416882003011837,10,40× → 2.5×
TCGA-FP-8209-01Z-00-DX1.a5e13081-1631-44d4-8d6a-c229a22c2311,STAD,gigapath_flash,GigaPath-Flash,10x,2p5x,-2.5437215856479876,10,10× → 2.5×
TCGA-FP-8209-01Z-00-DX1.a5e13081-1631-44d4-8d6a-c229a22c2311,STAD,gigapath_flash,GigaPath-Flash,10x,40x,-4.916768454577254,10,10× → 40×
TCGA-FP-8209-01Z-00-DX1.a5e13081-1631-44d4-8d6a-c229a22c2311,STAD,gigapath_flash,GigaPath-Flash,2p5x,10x,-8.007614955634818,10,2.5× → 10×
TCGA-FP-8209-01Z-00-DX1.a5e13081-1631-44d4-8d6a-c229a22c2311,STAD,gigapath_flash,GigaPath-Flash,2p5x,40x,-11.538320434315546,10,2.5× → 40×
TCGA-FP-8209-01Z-00-DX1.a5e13081-1631-44d4-8d6a-c229a22c2311,STAD,gigapath_flash,GigaPath-Flash,40x,10x,-0.5435881865582737,10,40× → 10×
TCGA-FP-8209-01Z-00-DX1.a5e13081-1631-44d4-8d6a-c229a22c2311,STAD,gigapath_flash,GigaPath-Flash,40x,2p5x,-3.111907099175286,10,40× → 2.5×
TCGA-FP-8209-01Z-00-DX1.a5e13081-1631-44d4-8d6a-c229a22c2311,STAD,midnight,Midnight,10x,2p5x,-0.15939676974159556,10,10× → 2.5×
TCGA-FP-8209-01Z-00-DX1.a5e13081-1631-44d4-8d6a-c229a22c2311,STAD,midnight,Midnight,10x,40x,-0.24658648754596518,10,10× → 40×
TCGA-FP-8209-01Z-00-DX1.a5e13081-1631-44d4-8d6a-c229a22c2311,STAD,midnight,Midnight,2p5x,10x,-0.01464991620610392,10,2.5× → 10×
TCGA-FP-8209-01Z-00-DX1.a5e13081-1631-44d4-8d6a-c229a22c2311,STAD,midnight,Midnight,2p5x,40x,-0.4945227021773741,10,2.5× → 40×
TCGA-FP-8209-01Z-00-DX1.a5e13081-1631-44d4-8d6a-c229a22c2311,STAD,midnight,Midnight,40x,10x,0.26129781276826,10,40× → 10×
TCGA-FP-8209-01Z-00-DX1.a5e13081-1631-44d4-8d6a-c229a22c2311,STAD,midnight,Midnight,40x,2p5x,0.18488744351896308,10,40× → 2.5×
TCGA-FP-8209-01Z-00-DX1.a5e13081-1631-44d4-8d6a-c229a22c2311,STAD,phikon,Phikon,10x,2p5x,-0.8460215790334388,10,10× → 2.5×
TCGA-FP-8209-01Z-00-DX1.a5e13081-1631-44d4-8d6a-c229a22c2311,STAD,phikon,Phikon,10x,40x,-0.13358210074095353,10,10× → 40×
TCGA-FP-8209-01Z-00-DX1.a5e13081-1631-44d4-8d6a-c229a22c2311,STAD,phikon,Phikon,2p5x,10x,-3.431413830966089,10,2.5× → 10×
TCGA-FP-8209-01Z-00-DX1.a5e13081-1631-44d4-8d6a-c229a22c2311,STAD,phikon,Phikon,2p5x,40x,0.16670092361723246,10,2.5× → 40×
TCGA-FP-8209-01Z-00-DX1.a5e13081-1631-44d4-8d6a-c229a22c2311,STAD,phikon,Phikon,40x,10x,0.5468949534248344,10,40× → 10×
TCGA-FP-8209-01Z-00-DX1.a5e13081-1631-44d4-8d6a-c229a22c2311,STAD,phikon,Phikon,40x,2p5x,-0.37802894249844415,10,40× → 2.5×
TCGA-FP-8209-01Z-00-DX1.a5e13081-1631-44d4-8d6a-c229a22c2311,STAD,uni,UNI,10x,2p5x,-0.40559131787409275,10,10× → 2.5×
TCGA-FP-8209-01Z-00-DX1.a5e13081-1631-44d4-8d6a-c229a22c2311,STAD,uni,UNI,10x,40x,-0.43299857528056196,10,10× → 40×
TCGA-FP-8209-01Z-00-DX1.a5e13081-1631-44d4-8d6a-c229a22c2311,STAD,uni,UNI,2p5x,10x,-0.4388523993559058,10,2.5× → 10×
TCGA-FP-8209-01Z-00-DX1.a5e13081-1631-44d4-8d6a-c229a22c2311,STAD,uni,UNI,2p5x,40x,-1.907436347386724,10,2.5× → 40×
TCGA-FP-8209-01Z-00-DX1.a5e13081-1631-44d4-8d6a-c229a22c2311,STAD,uni,UNI,40x,10x,2.1309754736077813,10,40× → 10×
TCGA-FP-8209-01Z-00-DX1.a5e13081-1631-44d4-8d6a-c229a22c2311,STAD,uni,UNI,40x,2p5x,1.4914962457372056,10,40× → 2.5×
TCGA-FP-8209-01Z-00-DX1.a5e13081-1631-44d4-8d6a-c229a22c2311,STAD,uni2,UNI2,10x,2p5x,-0.5316262165055358,10,10× → 2.5×
TCGA-FP-8209-01Z-00-DX1.a5e13081-1631-44d4-8d6a-c229a22c2311,STAD,uni2,UNI2,10x,40x,-0.729847966660024,10,10× → 40×
TCGA-FP-8209-01Z-00-DX1.a5e13081-1631-44d4-8d6a-c229a22c2311,STAD,uni2,UNI2,2p5x,10x,-1.0243548250091852,10,2.5× → 10×
TCGA-FP-8209-01Z-00-DX1.a5e13081-1631-44d4-8d6a-c229a22c2311,STAD,uni2,UNI2,2p5x,40x,-3.285901703671658,10,2.5× → 40×
TCGA-FP-8209-01Z-00-DX1.a5e13081-1631-44d4-8d6a-c229a22c2311,STAD,uni2,UNI2,40x,10x,3.218932857375676,10,40× → 10×
TCGA-FP-8209-01Z-00-DX1.a5e13081-1631-44d4-8d6a-c229a22c2311,STAD,uni2,UNI2,40x,2p5x,1.5585878632152732,10,40× → 2.5×
TCGA-FP-8209-01Z-00-DX1.a5e13081-1631-44d4-8d6a-c229a22c2311,STAD,virchow,Virchow,10x,2p5x,-4.813550634182979,10,10× → 2.5×
TCGA-FP-8209-01Z-00-DX1.a5e13081-1631-44d4-8d6a-c229a22c2311,STAD,virchow,Virchow,10x,40x,0.6156195506463977,10,10× → 40×
TCGA-FP-8209-01Z-00-DX1.a5e13081-1631-44d4-8d6a-c229a22c2311,STAD,virchow,Virchow,2p5x,10x,-10.148014893640095,10,2.5× → 10×
TCGA-FP-8209-01Z-00-DX1.a5e13081-1631-44d4-8d6a-c229a22c2311,STAD,virchow,Virchow,2p5x,40x,-8.847537647443515,10,2.5× → 40×
TCGA-FP-8209-01Z-00-DX1.a5e13081-1631-44d4-8d6a-c229a22c2311,STAD,virchow,Virchow,40x,10x,2.162135460330851,10,40× → 10×
TCGA-FP-8209-01Z-00-DX1.a5e13081-1631-44d4-8d6a-c229a22c2311,STAD,virchow,Virchow,40x,2p5x,-2.1668103283820717,10,40× → 2.5×
TCGA-FP-8209-01Z-00-DX1.a5e13081-1631-44d4-8d6a-c229a22c2311,STAD,virchow2,Virchow2,10x,2p5x,-0.7286027189614599,10,10× → 2.5×
TCGA-FP-8209-01Z-00-DX1.a5e13081-1631-44d4-8d6a-c229a22c2311,STAD,virchow2,Virchow2,10x,40x,-0.1426149311949481,10,10× → 40×
TCGA-FP-8209-01Z-00-DX1.a5e13081-1631-44d4-8d6a-c229a22c2311,STAD,virchow2,Virchow2,2p5x,10x,-1.1623993654171343,10,2.5× → 10×
TCGA-FP-8209-01Z-00-DX1.a5e13081-1631-44d4-8d6a-c229a22c2311,STAD,virchow2,Virchow2,2p5x,40x,-2.586002389242994,10,2.5× → 40×
TCGA-FP-8209-01Z-00-DX1.a5e13081-1631-44d4-8d6a-c229a22c2311,STAD,virchow2,Virchow2,40x,10x,0.5290034142895444,10,40× → 10×
TCGA-FP-8209-01Z-00-DX1.a5e13081-1631-44d4-8d6a-c229a22c2311,STAD,virchow2,Virchow2,40x,2p5x,0.43660942450421575,10,40× → 2.5×
TCGA-G4-6309-01Z-00-DX1.3eb20fdc-eb86-4bd5-8194-76b02d4fa472,COAD,gigapath,GigaPath,10x,2p5x,-1.5370245911526008,10,10× → 2.5×
TCGA-G4-6309-01Z-00-DX1.3eb20fdc-eb86-4bd5-8194-76b02d4fa472,COAD,gigapath,GigaPath,10x,40x,-0.7517116669841819,10,10× → 40×
TCGA-G4-6309-01Z-00-DX1.3eb20fdc-eb86-4bd5-8194-76b02d4fa472,COAD,gigapath,GigaPath,2p5x,10x,0.10133644776658808,10,2.5× → 10×
TCGA-G4-6309-01Z-00-DX1.3eb20fdc-eb86-4bd5-8194-76b02d4fa472,COAD,gigapath,GigaPath,2p5x,40x,-4.322033075517888,10,2.5× → 40×
TCGA-G4-6309-01Z-00-DX1.3eb20fdc-eb86-4bd5-8194-76b02d4fa472,COAD,gigapath,GigaPath,40x,10x,-1.639364307732879,10,40× → 10×
TCGA-G4-6309-01Z-00-DX1.3eb20fdc-eb86-4bd5-8194-76b02d4fa472,COAD,gigapath,GigaPath,40x,2p5x,-4.529055703777088,10,40× → 2.5×
TCGA-G4-6309-01Z-00-DX1.3eb20fdc-eb86-4bd5-8194-76b02d4fa472,COAD,gigapath_flash,GigaPath-Flash,10x,2p5x,-1.7111390693072224,10,10× → 2.5×
TCGA-G4-6309-01Z-00-DX1.3eb20fdc-eb86-4bd5-8194-76b02d4fa472,COAD,gigapath_flash,GigaPath-Flash,10x,40x,-0.2763080192684579,10,10× → 40×
TCGA-G4-6309-01Z-00-DX1.3eb20fdc-eb86-4bd5-8194-76b02d4fa472,COAD,gigapath_flash,GigaPath-Flash,2p5x,10x,-0.5244602612543198,10,2.5× → 10×
TCGA-G4-6309-01Z-00-DX1.3eb20fdc-eb86-4bd5-8194-76b02d4fa472,COAD,gigapath_flash,GigaPath-Flash,2p5x,40x,0.02587848240764402,10,2.5× → 40×
TCGA-G4-6309-01Z-00-DX1.3eb20fdc-eb86-4bd5-8194-76b02d4fa472,COAD,gigapath_flash,GigaPath-Flash,40x,10x,-0.04547521186718807,10,40× → 10×
TCGA-G4-6309-01Z-00-DX1.3eb20fdc-eb86-4bd5-8194-76b02d4fa472,COAD,gigapath_flash,GigaPath-Flash,40x,2p5x,-2.335852665291658,10,40× → 2.5×
TCGA-G4-6309-01Z-00-DX1.3eb20fdc-eb86-4bd5-8194-76b02d4fa472,COAD,midnight,Midnight,10x,2p5x,-0.19363973895537318,10,10× → 2.5×
TCGA-G4-6309-01Z-00-DX1.3eb20fdc-eb86-4bd5-8194-76b02d4fa472,COAD,midnight,Midnight,10x,40x,-0.2706876895439862,10,10× → 40×
TCGA-G4-6309-01Z-00-DX1.3eb20fdc-eb86-4bd5-8194-76b02d4fa472,COAD,midnight,Midnight,2p5x,10x,-0.1362440244205668,10,2.5× → 10×
TCGA-G4-6309-01Z-00-DX1.3eb20fdc-eb86-4bd5-8194-76b02d4fa472,COAD,midnight,Midnight,2p5x,40x,-1.09561153856228,10,2.5× → 40×
TCGA-G4-6309-01Z-00-DX1.3eb20fdc-eb86-4bd5-8194-76b02d4fa472,COAD,midnight,Midnight,40x,10x,-0.446941885919372,10,40× → 10×
TCGA-G4-6309-01Z-00-DX1.3eb20fdc-eb86-4bd5-8194-76b02d4fa472,COAD,midnight,Midnight,40x,2p5x,-1.195208850931012,10,40× → 2.5×
TCGA-G4-6309-01Z-00-DX1.3eb20fdc-eb86-4bd5-8194-76b02d4fa472,COAD,phikon,Phikon,10x,2p5x,-1.7746245957040496,10,10× → 2.5×
TCGA-G4-6309-01Z-00-DX1.3eb20fdc-eb86-4bd5-8194-76b02d4fa472,COAD,phikon,Phikon,10x,40x,0.006914937580107955,10,10× → 40×
TCGA-G4-6309-01Z-00-DX1.3eb20fdc-eb86-4bd5-8194-76b02d4fa472,COAD,phikon,Phikon,2p5x,10x,-0.14162347561088234,10,2.5× → 10×
TCGA-G4-6309-01Z-00-DX1.3eb20fdc-eb86-4bd5-8194-76b02d4fa472,COAD,phikon,Phikon,2p5x,40x,-2.003114870930446,10,2.5× → 40×
TCGA-G4-6309-01Z-00-DX1.3eb20fdc-eb86-4bd5-8194-76b02d4fa472,COAD,phikon,Phikon,40x,10x,-1.1870099421010798,10,40× → 10×
TCGA-G4-6309-01Z-00-DX1.3eb20fdc-eb86-4bd5-8194-76b02d4fa472,COAD,phikon,Phikon,40x,2p5x,-2.790540440783704,10,40× → 2.5×
TCGA-G4-6309-01Z-00-DX1.3eb20fdc-eb86-4bd5-8194-76b02d4fa472,COAD,uni,UNI,10x,2p5x,-2.61209318734245,10,10× → 2.5×
TCGA-G4-6309-01Z-00-DX1.3eb20fdc-eb86-4bd5-8194-76b02d4fa472,COAD,uni,UNI,10x,40x,0.011987560981055809,10,10× → 40×
TCGA-G4-6309-01Z-00-DX1.3eb20fdc-eb86-4bd5-8194-76b02d4fa472,COAD,uni,UNI,2p5x,10x,-0.8868358998640644,10,2.5× → 10×
TCGA-G4-6309-01Z-00-DX1.3eb20fdc-eb86-4bd5-8194-76b02d4fa472,COAD,uni,UNI,2p5x,40x,-0.6248959210865317,10,2.5× → 40×
TCGA-G4-6309-01Z-00-DX1.3eb20fdc-eb86-4bd5-8194-76b02d4fa472,COAD,uni,UNI,40x,10x,-1.2307883342707622,10,40× → 10×
TCGA-G4-6309-01Z-00-DX1.3eb20fdc-eb86-4bd5-8194-76b02d4fa472,COAD,uni,UNI,40x,2p5x,-4.302392018002211,10,40× → 2.5×
TCGA-G4-6309-01Z-00-DX1.3eb20fdc-eb86-4bd5-8194-76b02d4fa472,COAD,uni2,UNI2,10x,2p5x,-0.48109986291253587,10,10× → 2.5×
TCGA-G4-6309-01Z-00-DX1.3eb20fdc-eb86-4bd5-8194-76b02d4fa472,COAD,uni2,UNI2,10x,40x,-1.2143731832579556,10,10× → 40×
TCGA-G4-6309-01Z-00-DX1.3eb20fdc-eb86-4bd5-8194-76b02d4fa472,COAD,uni2,UNI2,2p5x,10x,-0.3013991114005615,10,2.5× → 10×
TCGA-G4-6309-01Z-00-DX1.3eb20fdc-eb86-4bd5-8194-76b02d4fa472,COAD,uni2,UNI2,2p5x,40x,-4.811060479589203,10,2.5× → 40×
TCGA-G4-6309-01Z-00-DX1.3eb20fdc-eb86-4bd5-8194-76b02d4fa472,COAD,uni2,UNI2,40x,10x,-2.1212091079299964,10,40× → 10×
TCGA-G4-6309-01Z-00-DX1.3eb20fdc-eb86-4bd5-8194-76b02d4fa472,COAD,uni2,UNI2,40x,2p5x,-1.7224797972470234,10,40× → 2.5×
TCGA-G4-6309-01Z-00-DX1.3eb20fdc-eb86-4bd5-8194-76b02d4fa472,COAD,virchow,Virchow,10x,2p5x,-2.989013957123526,10,10× → 2.5×
TCGA-G4-6309-01Z-00-DX1.3eb20fdc-eb86-4bd5-8194-76b02d4fa472,COAD,virchow,Virchow,10x,40x,-0.7696477974963021,10,10× → 40×
TCGA-G4-6309-01Z-00-DX1.3eb20fdc-eb86-4bd5-8194-76b02d4fa472,COAD,virchow,Virchow,2p5x,10x,0.14352842864302776,10,2.5× → 10×
TCGA-G4-6309-01Z-00-DX1.3eb20fdc-eb86-4bd5-8194-76b02d4fa472,COAD,virchow,Virchow,2p5x,40x,-0.18355053039336144,10,2.5× → 40×
TCGA-G4-6309-01Z-00-DX1.3eb20fdc-eb86-4bd5-8194-76b02d4fa472,COAD,virchow,Virchow,40x,10x,-1.7809349645398835,10,40× → 10×
TCGA-G4-6309-01Z-00-DX1.3eb20fdc-eb86-4bd5-8194-76b02d4fa472,COAD,virchow,Virchow,40x,2p5x,-1.9081639512936817,10,40× → 2.5×
TCGA-G4-6309-01Z-00-DX1.3eb20fdc-eb86-4bd5-8194-76b02d4fa472,COAD,virchow2,Virchow2,10x,2p5x,-2.134090158466522,10,10× → 2.5×
TCGA-G4-6309-01Z-00-DX1.3eb20fdc-eb86-4bd5-8194-76b02d4fa472,COAD,virchow2,Virchow2,10x,40x,-0.5829620432914732,10,10× → 40×
TCGA-G4-6309-01Z-00-DX1.3eb20fdc-eb86-4bd5-8194-76b02d4fa472,COAD,virchow2,Virchow2,2p5x,10x,-0.06454050824531399,10,2.5× → 10×
TCGA-G4-6309-01Z-00-DX1.3eb20fdc-eb86-4bd5-8194-76b02d4fa472,COAD,virchow2,Virchow2,2p5x,40x,-1.6110453232552,10,2.5× → 40×
TCGA-G4-6309-01Z-00-DX1.3eb20fdc-eb86-4bd5-8194-76b02d4fa472,COAD,virchow2,Virchow2,40x,10x,-0.2132605663552536,10,40× → 10×
TCGA-G4-6309-01Z-00-DX1.3eb20fdc-eb86-4bd5-8194-76b02d4fa472,COAD,virchow2,Virchow2,40x,2p5x,-6.346507956523732,10,40× → 2.5×
TCGA-G4-6310-01Z-00-DX1.b88472d4-3adc-4e4d-b0f2-0dc195a3d7df,COAD,gigapath,GigaPath,10x,2p5x,-0.25602449474849476,10,10× → 2.5×
TCGA-G4-6310-01Z-00-DX1.b88472d4-3adc-4e4d-b0f2-0dc195a3d7df,COAD,gigapath,GigaPath,10x,40x,-2.3156544814645725,10,10× → 40×
TCGA-G4-6310-01Z-00-DX1.b88472d4-3adc-4e4d-b0f2-0dc195a3d7df,COAD,gigapath,GigaPath,2p5x,10x,-0.33722231421632654,10,2.5× → 10×
TCGA-G4-6310-01Z-00-DX1.b88472d4-3adc-4e4d-b0f2-0dc195a3d7df,COAD,gigapath,GigaPath,2p5x,40x,-3.518144548033907,10,2.5× → 40×
TCGA-G4-6310-01Z-00-DX1.b88472d4-3adc-4e4d-b0f2-0dc195a3d7df,COAD,gigapath,GigaPath,40x,10x,-0.7411736623971331,10,40× → 10×
TCGA-G4-6310-01Z-00-DX1.b88472d4-3adc-4e4d-b0f2-0dc195a3d7df,COAD,gigapath,GigaPath,40x,2p5x,-4.273572249111024,10,40× → 2.5×
TCGA-G4-6310-01Z-00-DX1.b88472d4-3adc-4e4d-b0f2-0dc195a3d7df,COAD,gigapath_flash,GigaPath-Flash,10x,2p5x,-1.326090004695876,10,10× → 2.5×
TCGA-G4-6310-01Z-00-DX1.b88472d4-3adc-4e4d-b0f2-0dc195a3d7df,COAD,gigapath_flash,GigaPath-Flash,10x,40x,-2.0191180410487504,10,10× → 40×
TCGA-G4-6310-01Z-00-DX1.b88472d4-3adc-4e4d-b0f2-0dc195a3d7df,COAD,gigapath_flash,GigaPath-Flash,2p5x,10x,-0.4801619367389237,10,2.5× → 10×
TCGA-G4-6310-01Z-00-DX1.b88472d4-3adc-4e4d-b0f2-0dc195a3d7df,COAD,gigapath_flash,GigaPath-Flash,2p5x,40x,0.05683074048999949,10,2.5× → 40×
TCGA-G4-6310-01Z-00-DX1.b88472d4-3adc-4e4d-b0f2-0dc195a3d7df,COAD,gigapath_flash,GigaPath-Flash,40x,10x,0.23717421014595103,10,40× → 10×
TCGA-G4-6310-01Z-00-DX1.b88472d4-3adc-4e4d-b0f2-0dc195a3d7df,COAD,gigapath_flash,GigaPath-Flash,40x,2p5x,-2.53322452922123,10,40× → 2.5×
TCGA-G4-6310-01Z-00-DX1.b88472d4-3adc-4e4d-b0f2-0dc195a3d7df,COAD,midnight,Midnight,10x,2p5x,-1.1963924100242451,10,10× → 2.5×
TCGA-G4-6310-01Z-00-DX1.b88472d4-3adc-4e4d-b0f2-0dc195a3d7df,COAD,midnight,Midnight,10x,40x,-1.18824618281711,10,10× → 40×
TCGA-G4-6310-01Z-00-DX1.b88472d4-3adc-4e4d-b0f2-0dc195a3d7df,COAD,midnight,Midnight,2p5x,10x,-1.0123967873200326,10,2.5× → 10×
TCGA-G4-6310-01Z-00-DX1.b88472d4-3adc-4e4d-b0f2-0dc195a3d7df,COAD,midnight,Midnight,2p5x,40x,-1.681554694650726,10,2.5× → 40×
TCGA-G4-6310-01Z-00-DX1.b88472d4-3adc-4e4d-b0f2-0dc195a3d7df,COAD,midnight,Midnight,40x,10x,-0.991019469969347,10,40× → 10×
TCGA-G4-6310-01Z-00-DX1.b88472d4-3adc-4e4d-b0f2-0dc195a3d7df,COAD,midnight,Midnight,40x,2p5x,-1.8490683470948848,10,40× → 2.5×
TCGA-G4-6310-01Z-00-DX1.b88472d4-3adc-4e4d-b0f2-0dc195a3d7df,COAD,phikon,Phikon,10x,2p5x,-1.5742205935299123,10,10× → 2.5×
TCGA-G4-6310-01Z-00-DX1.b88472d4-3adc-4e4d-b0f2-0dc195a3d7df,COAD,phikon,Phikon,10x,40x,-0.89346765138997,10,10× → 40×
TCGA-G4-6310-01Z-00-DX1.b88472d4-3adc-4e4d-b0f2-0dc195a3d7df,COAD,phikon,Phikon,2p5x,10x,-0.4058935748342144,10,2.5× → 10×
TCGA-G4-6310-01Z-00-DX1.b88472d4-3adc-4e4d-b0f2-0dc195a3d7df,COAD,phikon,Phikon,2p5x,40x,-3.065560672320142,10,2.5× → 40×
TCGA-G4-6310-01Z-00-DX1.b88472d4-3adc-4e4d-b0f2-0dc195a3d7df,COAD,phikon,Phikon,40x,10x,-0.39445447548801515,10,40× → 10×
TCGA-G4-6310-01Z-00-DX1.b88472d4-3adc-4e4d-b0f2-0dc195a3d7df,COAD,phikon,Phikon,40x,2p5x,-2.677787218420902,10,40× → 2.5×
TCGA-G4-6310-01Z-00-DX1.b88472d4-3adc-4e4d-b0f2-0dc195a3d7df,COAD,uni,UNI,10x,2p5x,-1.8820499782806894,10,10× → 2.5×
TCGA-G4-6310-01Z-00-DX1.b88472d4-3adc-4e4d-b0f2-0dc195a3d7df,COAD,uni,UNI,10x,40x,-0.6290099586856426,10,10× → 40×
TCGA-G4-6310-01Z-00-DX1.b88472d4-3adc-4e4d-b0f2-0dc195a3d7df,COAD,uni,UNI,2p5x,10x,-2.389149147893543,10,2.5× → 10×
TCGA-G4-6310-01Z-00-DX1.b88472d4-3adc-4e4d-b0f2-0dc195a3d7df,COAD,uni,UNI,2p5x,40x,-1.3078796328167386,10,2.5× → 40×
TCGA-G4-6310-01Z-00-DX1.b88472d4-3adc-4e4d-b0f2-0dc195a3d7df,COAD,uni,UNI,40x,10x,-0.7835478553268252,10,40× → 10×
TCGA-G4-6310-01Z-00-DX1.b88472d4-3adc-4e4d-b0f2-0dc195a3d7df,COAD,uni,UNI,40x,2p5x,-3.633313346733936,10,40× → 2.5×
TCGA-G4-6310-01Z-00-DX1.b88472d4-3adc-4e4d-b0f2-0dc195a3d7df,COAD,uni2,UNI2,10x,2p5x,-0.5029629954387353,10,10× → 2.5×
TCGA-G4-6310-01Z-00-DX1.b88472d4-3adc-4e4d-b0f2-0dc195a3d7df,COAD,uni2,UNI2,10x,40x,-2.5730247848235686,10,10× → 40×
TCGA-G4-6310-01Z-00-DX1.b88472d4-3adc-4e4d-b0f2-0dc195a3d7df,COAD,uni2,UNI2,2p5x,10x,-1.4433958575383525,10,2.5× → 10×
TCGA-G4-6310-01Z-00-DX1.b88472d4-3adc-4e4d-b0f2-0dc195a3d7df,COAD,uni2,UNI2,2p5x,40x,-5.205043065330252,10,2.5× → 40×
TCGA-G4-6310-01Z-00-DX1.b88472d4-3adc-4e4d-b0f2-0dc195a3d7df,COAD,uni2,UNI2,40x,10x,-1.2090585646803487,10,40× → 10×
TCGA-G4-6310-01Z-00-DX1.b88472d4-3adc-4e4d-b0f2-0dc195a3d7df,COAD,uni2,UNI2,40x,2p5x,-1.9838202656437929,10,40× → 2.5×
TCGA-G4-6310-01Z-00-DX1.b88472d4-3adc-4e4d-b0f2-0dc195a3d7df,COAD,virchow,Virchow,10x,2p5x,-3.7305885985095117,10,10× → 2.5×
TCGA-G4-6310-01Z-00-DX1.b88472d4-3adc-4e4d-b0f2-0dc195a3d7df,COAD,virchow,Virchow,10x,40x,-1.7479280397746835,10,10× → 40×
TCGA-G4-6310-01Z-00-DX1.b88472d4-3adc-4e4d-b0f2-0dc195a3d7df,COAD,virchow,Virchow,2p5x,10x,-0.05250612453767019,10,2.5× → 10×
TCGA-G4-6310-01Z-00-DX1.b88472d4-3adc-4e4d-b0f2-0dc195a3d7df,COAD,virchow,Virchow,2p5x,40x,-0.26048998266045503,10,2.5× → 40×
TCGA-G4-6310-01Z-00-DX1.b88472d4-3adc-4e4d-b0f2-0dc195a3d7df,COAD,virchow,Virchow,40x,10x,-0.6156981281923865,10,40× → 10×
TCGA-G4-6310-01Z-00-DX1.b88472d4-3adc-4e4d-b0f2-0dc195a3d7df,COAD,virchow,Virchow,40x,2p5x,-3.120996519046712,10,40× → 2.5×
TCGA-G4-6310-01Z-00-DX1.b88472d4-3adc-4e4d-b0f2-0dc195a3d7df,COAD,virchow2,Virchow2,10x,2p5x,-0.7080526865780297,10,10× → 2.5×
TCGA-G4-6310-01Z-00-DX1.b88472d4-3adc-4e4d-b0f2-0dc195a3d7df,COAD,virchow2,Virchow2,10x,40x,-1.619865181144703,10,10× → 40×
TCGA-G4-6310-01Z-00-DX1.b88472d4-3adc-4e4d-b0f2-0dc195a3d7df,COAD,virchow2,Virchow2,2p5x,10x,-0.3850538043242294,10,2.5× → 10×
TCGA-G4-6310-01Z-00-DX1.b88472d4-3adc-4e4d-b0f2-0dc195a3d7df,COAD,virchow2,Virchow2,2p5x,40x,-2.476310292011033,10,2.5× → 40×
TCGA-G4-6310-01Z-00-DX1.b88472d4-3adc-4e4d-b0f2-0dc195a3d7df,COAD,virchow2,Virchow2,40x,10x,-0.2003880534952221,10,40× → 10×
TCGA-G4-6310-01Z-00-DX1.b88472d4-3adc-4e4d-b0f2-0dc195a3d7df,COAD,virchow2,Virchow2,40x,2p5x,-3.0604075884992286,10,40× → 2.5×
TCGA-G4-6588-01Z-00-DX1.0747172e-f630-4b7c-9341-55078585ae00,COAD,gigapath,GigaPath,10x,2p5x,-1.1724094934707288,10,10× → 2.5×
TCGA-G4-6588-01Z-00-DX1.0747172e-f630-4b7c-9341-55078585ae00,COAD,gigapath,GigaPath,10x,40x,-0.6056095731392916,10,10× → 40×
TCGA-G4-6588-01Z-00-DX1.0747172e-f630-4b7c-9341-55078585ae00,COAD,gigapath,GigaPath,2p5x,10x,-0.003113600612967732,10,2.5× → 10×
TCGA-G4-6588-01Z-00-DX1.0747172e-f630-4b7c-9341-55078585ae00,COAD,gigapath,GigaPath,2p5x,40x,-4.608389906118975,10,2.5× → 40×
TCGA-G4-6588-01Z-00-DX1.0747172e-f630-4b7c-9341-55078585ae00,COAD,gigapath,GigaPath,40x,10x,-1.6656500563334125,10,40× → 10×
TCGA-G4-6588-01Z-00-DX1.0747172e-f630-4b7c-9341-55078585ae00,COAD,gigapath,GigaPath,40x,2p5x,-4.179878253175465,10,40× → 2.5×
TCGA-G4-6588-01Z-00-DX1.0747172e-f630-4b7c-9341-55078585ae00,COAD,gigapath_flash,GigaPath-Flash,10x,2p5x,-1.9207257711469066,10,10× → 2.5×
TCGA-G4-6588-01Z-00-DX1.0747172e-f630-4b7c-9341-55078585ae00,COAD,gigapath_flash,GigaPath-Flash,10x,40x,-0.1362842094295456,10,10× → 40×
TCGA-G4-6588-01Z-00-DX1.0747172e-f630-4b7c-9341-55078585ae00,COAD,gigapath_flash,GigaPath-Flash,2p5x,10x,-0.4687085574714211,10,2.5× → 10×
TCGA-G4-6588-01Z-00-DX1.0747172e-f630-4b7c-9341-55078585ae00,COAD,gigapath_flash,GigaPath-Flash,2p5x,40x,0.4202078807097577,10,2.5× → 40×
TCGA-G4-6588-01Z-00-DX1.0747172e-f630-4b7c-9341-55078585ae00,COAD,gigapath_flash,GigaPath-Flash,40x,10x,-0.08944234794425455,10,40× → 10×
TCGA-G4-6588-01Z-00-DX1.0747172e-f630-4b7c-9341-55078585ae00,COAD,gigapath_flash,GigaPath-Flash,40x,2p5x,-3.021333138908472,10,40× → 2.5×
TCGA-G4-6588-01Z-00-DX1.0747172e-f630-4b7c-9341-55078585ae00,COAD,midnight,Midnight,10x,2p5x,-0.1868698225186877,10,10× → 2.5×
TCGA-G4-6588-01Z-00-DX1.0747172e-f630-4b7c-9341-55078585ae00,COAD,midnight,Midnight,10x,40x,-0.21275483558788336,10,10× → 40×
TCGA-G4-6588-01Z-00-DX1.0747172e-f630-4b7c-9341-55078585ae00,COAD,midnight,Midnight,2p5x,10x,-0.12885164270461522,10,2.5× → 10×
TCGA-G4-6588-01Z-00-DX1.0747172e-f630-4b7c-9341-55078585ae00,COAD,midnight,Midnight,2p5x,40x,-0.8602072199735066,10,2.5× → 40×
TCGA-G4-6588-01Z-00-DX1.0747172e-f630-4b7c-9341-55078585ae00,COAD,midnight,Midnight,40x,10x,-0.4836993125634422,10,40× → 10×
TCGA-G4-6588-01Z-00-DX1.0747172e-f630-4b7c-9341-55078585ae00,COAD,midnight,Midnight,40x,2p5x,-1.2061888376946097,10,40× → 2.5×
TCGA-G4-6588-01Z-00-DX1.0747172e-f630-4b7c-9341-55078585ae00,COAD,phikon,Phikon,10x,2p5x,-1.9219255565153417,10,10× → 2.5×
TCGA-G4-6588-01Z-00-DX1.0747172e-f630-4b7c-9341-55078585ae00,COAD,phikon,Phikon,10x,40x,-0.08504564496985151,10,10× → 40×
TCGA-G4-6588-01Z-00-DX1.0747172e-f630-4b7c-9341-55078585ae00,COAD,phikon,Phikon,2p5x,10x,-0.42606788455992006,10,2.5× → 10×
TCGA-G4-6588-01Z-00-DX1.0747172e-f630-4b7c-9341-55078585ae00,COAD,phikon,Phikon,2p5x,40x,-2.048019015452577,10,2.5× → 40×
TCGA-G4-6588-01Z-00-DX1.0747172e-f630-4b7c-9341-55078585ae00,COAD,phikon,Phikon,40x,10x,-0.8756361681392809,10,40× → 10×
TCGA-G4-6588-01Z-00-DX1.0747172e-f630-4b7c-9341-55078585ae00,COAD,phikon,Phikon,40x,2p5x,-2.9352456920137127,10,40× → 2.5×
TCGA-G4-6588-01Z-00-DX1.0747172e-f630-4b7c-9341-55078585ae00,COAD,uni,UNI,10x,2p5x,-2.420063459163497,10,10× → 2.5×
TCGA-G4-6588-01Z-00-DX1.0747172e-f630-4b7c-9341-55078585ae00,COAD,uni,UNI,10x,40x,0.0005916120434930561,10,10× → 40×
TCGA-G4-6588-01Z-00-DX1.0747172e-f630-4b7c-9341-55078585ae00,COAD,uni,UNI,2p5x,10x,-1.1995726848345458,10,2.5× → 10×
TCGA-G4-6588-01Z-00-DX1.0747172e-f630-4b7c-9341-55078585ae00,COAD,uni,UNI,2p5x,40x,-1.1380087777441354,10,2.5× → 40×
TCGA-G4-6588-01Z-00-DX1.0747172e-f630-4b7c-9341-55078585ae00,COAD,uni,UNI,40x,10x,-1.1856718823158157,10,40× → 10×
TCGA-G4-6588-01Z-00-DX1.0747172e-f630-4b7c-9341-55078585ae00,COAD,uni,UNI,40x,2p5x,-4.251132574710563,10,40× → 2.5×
TCGA-G4-6588-01Z-00-DX1.0747172e-f630-4b7c-9341-55078585ae00,COAD,uni2,UNI2,10x,2p5x,-0.898666863667464,10,10× → 2.5×
TCGA-G4-6588-01Z-00-DX1.0747172e-f630-4b7c-9341-55078585ae00,COAD,uni2,UNI2,10x,40x,-0.6976437926030943,10,10× → 40×
TCGA-G4-6588-01Z-00-DX1.0747172e-f630-4b7c-9341-55078585ae00,COAD,uni2,UNI2,2p5x,10x,-0.2688627020678219,10,2.5× → 10×
TCGA-G4-6588-01Z-00-DX1.0747172e-f630-4b7c-9341-55078585ae00,COAD,uni2,UNI2,2p5x,40x,-4.364814862933714,10,2.5× → 40×
TCGA-G4-6588-01Z-00-DX1.0747172e-f630-4b7c-9341-55078585ae00,COAD,uni2,UNI2,40x,10x,-1.8911298553182294,10,40× → 10×
TCGA-G4-6588-01Z-00-DX1.0747172e-f630-4b7c-9341-55078585ae00,COAD,uni2,UNI2,40x,2p5x,-2.207634878555639,10,40× → 2.5×
TCGA-G4-6588-01Z-00-DX1.0747172e-f630-4b7c-9341-55078585ae00,COAD,virchow,Virchow,10x,2p5x,-3.346944236212665,10,10× → 2.5×
TCGA-G4-6588-01Z-00-DX1.0747172e-f630-4b7c-9341-55078585ae00,COAD,virchow,Virchow,10x,40x,-1.0681932492050183,10,10× → 40×
TCGA-G4-6588-01Z-00-DX1.0747172e-f630-4b7c-9341-55078585ae00,COAD,virchow,Virchow,2p5x,10x,-0.03616074066306732,10,2.5× → 10×
TCGA-G4-6588-01Z-00-DX1.0747172e-f630-4b7c-9341-55078585ae00,COAD,virchow,Virchow,2p5x,40x,-0.34409737388405665,10,2.5× → 40×
TCGA-G4-6588-01Z-00-DX1.0747172e-f630-4b7c-9341-55078585ae00,COAD,virchow,Virchow,40x,10x,-0.632152125252482,10,40× → 10×
TCGA-G4-6588-01Z-00-DX1.0747172e-f630-4b7c-9341-55078585ae00,COAD,virchow,Virchow,40x,2p5x,-2.928707546042102,10,40× → 2.5×
TCGA-G4-6588-01Z-00-DX1.0747172e-f630-4b7c-9341-55078585ae00,COAD,virchow2,Virchow2,10x,2p5x,-1.475352421164051,10,10× → 2.5×
TCGA-G4-6588-01Z-00-DX1.0747172e-f630-4b7c-9341-55078585ae00,COAD,virchow2,Virchow2,10x,40x,-0.49743602435485645,10,10× → 40×
TCGA-G4-6588-01Z-00-DX1.0747172e-f630-4b7c-9341-55078585ae00,COAD,virchow2,Virchow2,2p5x,10x,-0.18720388048431852,10,2.5× → 10×
TCGA-G4-6588-01Z-00-DX1.0747172e-f630-4b7c-9341-55078585ae00,COAD,virchow2,Virchow2,2p5x,40x,-1.7701338532508881,10,2.5× → 40×
TCGA-G4-6588-01Z-00-DX1.0747172e-f630-4b7c-9341-55078585ae00,COAD,virchow2,Virchow2,40x,10x,-0.33740746353539575,10,40× → 10×
TCGA-G4-6588-01Z-00-DX1.0747172e-f630-4b7c-9341-55078585ae00,COAD,virchow2,Virchow2,40x,2p5x,-4.23088921662557,10,40× → 2.5×
TCGA-GM-A3XN-01Z-00-DX1.49F5C8AC-0328-4BC2-9FE2-E7150B7A42E2,BRCA,gigapath,GigaPath,10x,2p5x,-1.95617797143452,10,10× → 2.5×
TCGA-GM-A3XN-01Z-00-DX1.49F5C8AC-0328-4BC2-9FE2-E7150B7A42E2,BRCA,gigapath,GigaPath,10x,40x,-0.15282862802412436,10,10× → 40×
TCGA-GM-A3XN-01Z-00-DX1.49F5C8AC-0328-4BC2-9FE2-E7150B7A42E2,BRCA,gigapath,GigaPath,2p5x,10x,0.00080507549829458,10,2.5× → 10×
TCGA-GM-A3XN-01Z-00-DX1.49F5C8AC-0328-4BC2-9FE2-E7150B7A42E2,BRCA,gigapath,GigaPath,2p5x,40x,-2.1093105394384097,10,2.5× → 40×
TCGA-GM-A3XN-01Z-00-DX1.49F5C8AC-0328-4BC2-9FE2-E7150B7A42E2,BRCA,gigapath,GigaPath,40x,10x,-1.758033414057262,10,40× → 10×
TCGA-GM-A3XN-01Z-00-DX1.49F5C8AC-0328-4BC2-9FE2-E7150B7A42E2,BRCA,gigapath,GigaPath,40x,2p5x,-4.910407695244283,10,40× → 2.5×
TCGA-GM-A3XN-01Z-00-DX1.49F5C8AC-0328-4BC2-9FE2-E7150B7A42E2,BRCA,gigapath_flash,GigaPath-Flash,10x,2p5x,-3.209671309772569,10,10× → 2.5×
TCGA-GM-A3XN-01Z-00-DX1.49F5C8AC-0328-4BC2-9FE2-E7150B7A42E2,BRCA,gigapath_flash,GigaPath-Flash,10x,40x,-0.41633157862646897,10,10× → 40×
TCGA-GM-A3XN-01Z-00-DX1.49F5C8AC-0328-4BC2-9FE2-E7150B7A42E2,BRCA,gigapath_flash,GigaPath-Flash,2p5x,10x,-0.02580207230108189,10,2.5× → 10×
TCGA-GM-A3XN-01Z-00-DX1.49F5C8AC-0328-4BC2-9FE2-E7150B7A42E2,BRCA,gigapath_flash,GigaPath-Flash,2p5x,40x,-5.635118099372107,10,2.5× → 40×
TCGA-GM-A3XN-01Z-00-DX1.49F5C8AC-0328-4BC2-9FE2-E7150B7A42E2,BRCA,gigapath_flash,GigaPath-Flash,40x,10x,-4.206992456195964,10,40× → 10×
TCGA-GM-A3XN-01Z-00-DX1.49F5C8AC-0328-4BC2-9FE2-E7150B7A42E2,BRCA,gigapath_flash,GigaPath-Flash,40x,2p5x,-5.56456735670594,10,40× → 2.5×
TCGA-GM-A3XN-01Z-00-DX1.49F5C8AC-0328-4BC2-9FE2-E7150B7A42E2,BRCA,midnight,Midnight,10x,2p5x,-0.20491408691087426,10,10× → 2.5×
TCGA-GM-A3XN-01Z-00-DX1.49F5C8AC-0328-4BC2-9FE2-E7150B7A42E2,BRCA,midnight,Midnight,10x,40x,-0.19932166605804316,10,10× → 40×
TCGA-GM-A3XN-01Z-00-DX1.49F5C8AC-0328-4BC2-9FE2-E7150B7A42E2,BRCA,midnight,Midnight,2p5x,10x,-0.12603873066311028,10,2.5× → 10×
TCGA-GM-A3XN-01Z-00-DX1.49F5C8AC-0328-4BC2-9FE2-E7150B7A42E2,BRCA,midnight,Midnight,2p5x,40x,-0.31514428149245566,10,2.5× → 40×
TCGA-GM-A3XN-01Z-00-DX1.49F5C8AC-0328-4BC2-9FE2-E7150B7A42E2,BRCA,midnight,Midnight,40x,10x,-0.6733517552738105,10,40× → 10×
TCGA-GM-A3XN-01Z-00-DX1.49F5C8AC-0328-4BC2-9FE2-E7150B7A42E2,BRCA,midnight,Midnight,40x,2p5x,-1.3345496899308111,10,40× → 2.5×
TCGA-GM-A3XN-01Z-00-DX1.49F5C8AC-0328-4BC2-9FE2-E7150B7A42E2,BRCA,phikon,Phikon,10x,2p5x,-2.8636372975387596,10,10× → 2.5×
TCGA-GM-A3XN-01Z-00-DX1.49F5C8AC-0328-4BC2-9FE2-E7150B7A42E2,BRCA,phikon,Phikon,10x,40x,-2.1240208661332933,10,10× → 40×
TCGA-GM-A3XN-01Z-00-DX1.49F5C8AC-0328-4BC2-9FE2-E7150B7A42E2,BRCA,phikon,Phikon,2p5x,10x,-0.729718838036686,10,2.5× → 10×
TCGA-GM-A3XN-01Z-00-DX1.49F5C8AC-0328-4BC2-9FE2-E7150B7A42E2,BRCA,phikon,Phikon,2p5x,40x,-5.276982399135344,10,2.5× → 40×
TCGA-GM-A3XN-01Z-00-DX1.49F5C8AC-0328-4BC2-9FE2-E7150B7A42E2,BRCA,phikon,Phikon,40x,10x,0.18683481192702478,10,40× → 10×
TCGA-GM-A3XN-01Z-00-DX1.49F5C8AC-0328-4BC2-9FE2-E7150B7A42E2,BRCA,phikon,Phikon,40x,2p5x,-2.319373756664233,10,40× → 2.5×
TCGA-GM-A3XN-01Z-00-DX1.49F5C8AC-0328-4BC2-9FE2-E7150B7A42E2,BRCA,uni,UNI,10x,2p5x,-1.9342821171883984,10,10× → 2.5×
TCGA-GM-A3XN-01Z-00-DX1.49F5C8AC-0328-4BC2-9FE2-E7150B7A42E2,BRCA,uni,UNI,10x,40x,-0.7221297280068979,10,10× → 40×
TCGA-GM-A3XN-01Z-00-DX1.49F5C8AC-0328-4BC2-9FE2-E7150B7A42E2,BRCA,uni,UNI,2p5x,10x,-0.025813537826380663,10,2.5× → 10×
TCGA-GM-A3XN-01Z-00-DX1.49F5C8AC-0328-4BC2-9FE2-E7150B7A42E2,BRCA,uni,UNI,2p5x,40x,-0.2685761044000195,10,2.5× → 40×
TCGA-GM-A3XN-01Z-00-DX1.49F5C8AC-0328-4BC2-9FE2-E7150B7A42E2,BRCA,uni,UNI,40x,10x,-0.2842400826333568,10,40× → 10×
TCGA-GM-A3XN-01Z-00-DX1.49F5C8AC-0328-4BC2-9FE2-E7150B7A42E2,BRCA,uni,UNI,40x,2p5x,-3.3362531123621535,10,40× → 2.5×
TCGA-GM-A3XN-01Z-00-DX1.49F5C8AC-0328-4BC2-9FE2-E7150B7A42E2,BRCA,uni2,UNI2,10x,2p5x,-0.07547714761990108,10,10× → 2.5×
TCGA-GM-A3XN-01Z-00-DX1.49F5C8AC-0328-4BC2-9FE2-E7150B7A42E2,BRCA,uni2,UNI2,10x,40x,-1.225030182988424,10,10× → 40×
TCGA-GM-A3XN-01Z-00-DX1.49F5C8AC-0328-4BC2-9FE2-E7150B7A42E2,BRCA,uni2,UNI2,2p5x,10x,-0.08326261974439614,10,2.5× → 10×
TCGA-GM-A3XN-01Z-00-DX1.49F5C8AC-0328-4BC2-9FE2-E7150B7A42E2,BRCA,uni2,UNI2,2p5x,40x,-2.763982124079723,10,2.5× → 40×
TCGA-GM-A3XN-01Z-00-DX1.49F5C8AC-0328-4BC2-9FE2-E7150B7A42E2,BRCA,uni2,UNI2,40x,10x,-0.2862384633754068,10,40× → 10×
TCGA-GM-A3XN-01Z-00-DX1.49F5C8AC-0328-4BC2-9FE2-E7150B7A42E2,BRCA,uni2,UNI2,40x,2p5x,-0.8425603877543131,10,40× → 2.5×
TCGA-GM-A3XN-01Z-00-DX1.49F5C8AC-0328-4BC2-9FE2-E7150B7A42E2,BRCA,virchow,Virchow,10x,2p5x,-3.2792003413985045,10,10× → 2.5×
TCGA-GM-A3XN-01Z-00-DX1.49F5C8AC-0328-4BC2-9FE2-E7150B7A42E2,BRCA,virchow,Virchow,10x,40x,-1.1913437216432419,10,10× → 40×
TCGA-GM-A3XN-01Z-00-DX1.49F5C8AC-0328-4BC2-9FE2-E7150B7A42E2,BRCA,virchow,Virchow,2p5x,10x,-0.3301709062086742,10,2.5× → 10×
TCGA-GM-A3XN-01Z-00-DX1.49F5C8AC-0328-4BC2-9FE2-E7150B7A42E2,BRCA,virchow,Virchow,2p5x,40x,-1.4970840344808105,10,2.5× → 40×
TCGA-GM-A3XN-01Z-00-DX1.49F5C8AC-0328-4BC2-9FE2-E7150B7A42E2,BRCA,virchow,Virchow,40x,10x,-0.09105499265309977,10,40× → 10×
TCGA-GM-A3XN-01Z-00-DX1.49F5C8AC-0328-4BC2-9FE2-E7150B7A42E2,BRCA,virchow,Virchow,40x,2p5x,-5.147180106793496,10,40× → 2.5×
TCGA-GM-A3XN-01Z-00-DX1.49F5C8AC-0328-4BC2-9FE2-E7150B7A42E2,BRCA,virchow2,Virchow2,10x,2p5x,-0.02206422588719694,10,10× → 2.5×
TCGA-GM-A3XN-01Z-00-DX1.49F5C8AC-0328-4BC2-9FE2-E7150B7A42E2,BRCA,virchow2,Virchow2,10x,40x,-0.0902183812220911,10,10× → 40×
TCGA-GM-A3XN-01Z-00-DX1.49F5C8AC-0328-4BC2-9FE2-E7150B7A42E2,BRCA,virchow2,Virchow2,2p5x,10x,-0.02323247347359383,10,2.5× → 10×
TCGA-GM-A3XN-01Z-00-DX1.49F5C8AC-0328-4BC2-9FE2-E7150B7A42E2,BRCA,virchow2,Virchow2,2p5x,40x,-0.2773533115570568,10,2.5× → 40×
TCGA-GM-A3XN-01Z-00-DX1.49F5C8AC-0328-4BC2-9FE2-E7150B7A42E2,BRCA,virchow2,Virchow2,40x,10x,-0.31741917945618625,10,40× → 10×
TCGA-GM-A3XN-01Z-00-DX1.49F5C8AC-0328-4BC2-9FE2-E7150B7A42E2,BRCA,virchow2,Virchow2,40x,2p5x,-0.5962215484094766,10,40× → 2.5×
TCGA-GU-AATP-01Z-00-DX1.0D8EC37C-88E7-49D5-A76D-F0A4A3FD8AE4,BLCA,gigapath,GigaPath,10x,2p5x,-1.1659410575163014,10,10× → 2.5×
TCGA-GU-AATP-01Z-00-DX1.0D8EC37C-88E7-49D5-A76D-F0A4A3FD8AE4,BLCA,gigapath,GigaPath,10x,40x,-2.1727035953408924,10,10× → 40×
TCGA-GU-AATP-01Z-00-DX1.0D8EC37C-88E7-49D5-A76D-F0A4A3FD8AE4,BLCA,gigapath,GigaPath,2p5x,10x,-0.382557365251403,10,2.5× → 10×
TCGA-GU-AATP-01Z-00-DX1.0D8EC37C-88E7-49D5-A76D-F0A4A3FD8AE4,BLCA,gigapath,GigaPath,2p5x,40x,-1.6586290030899211,10,2.5× → 40×
TCGA-GU-AATP-01Z-00-DX1.0D8EC37C-88E7-49D5-A76D-F0A4A3FD8AE4,BLCA,gigapath,GigaPath,40x,10x,0.08714747346436084,10,40× → 10×
TCGA-GU-AATP-01Z-00-DX1.0D8EC37C-88E7-49D5-A76D-F0A4A3FD8AE4,BLCA,gigapath,GigaPath,40x,2p5x,-0.6602910709769996,10,40× → 2.5×
TCGA-GU-AATP-01Z-00-DX1.0D8EC37C-88E7-49D5-A76D-F0A4A3FD8AE4,BLCA,gigapath_flash,GigaPath-Flash,10x,2p5x,-0.5098076889029606,10,10× → 2.5×
TCGA-GU-AATP-01Z-00-DX1.0D8EC37C-88E7-49D5-A76D-F0A4A3FD8AE4,BLCA,gigapath_flash,GigaPath-Flash,10x,40x,-0.9201238307004781,10,10× → 40×
TCGA-GU-AATP-01Z-00-DX1.0D8EC37C-88E7-49D5-A76D-F0A4A3FD8AE4,BLCA,gigapath_flash,GigaPath-Flash,2p5x,10x,-0.6146251051124011,10,2.5× → 10×
TCGA-GU-AATP-01Z-00-DX1.0D8EC37C-88E7-49D5-A76D-F0A4A3FD8AE4,BLCA,gigapath_flash,GigaPath-Flash,2p5x,40x,-2.8167725686848604,10,2.5× → 40×
TCGA-GU-AATP-01Z-00-DX1.0D8EC37C-88E7-49D5-A76D-F0A4A3FD8AE4,BLCA,gigapath_flash,GigaPath-Flash,40x,10x,-1.648211308352381,10,40× → 10×
TCGA-GU-AATP-01Z-00-DX1.0D8EC37C-88E7-49D5-A76D-F0A4A3FD8AE4,BLCA,gigapath_flash,GigaPath-Flash,40x,2p5x,-2.3298909237018925,10,40× → 2.5×
TCGA-GU-AATP-01Z-00-DX1.0D8EC37C-88E7-49D5-A76D-F0A4A3FD8AE4,BLCA,midnight,Midnight,10x,2p5x,-0.10078620593107582,10,10× → 2.5×
TCGA-GU-AATP-01Z-00-DX1.0D8EC37C-88E7-49D5-A76D-F0A4A3FD8AE4,BLCA,midnight,Midnight,10x,40x,0.01058156489307301,10,10× → 40×
TCGA-GU-AATP-01Z-00-DX1.0D8EC37C-88E7-49D5-A76D-F0A4A3FD8AE4,BLCA,midnight,Midnight,2p5x,10x,-0.044121256884905855,10,2.5× → 10×
TCGA-GU-AATP-01Z-00-DX1.0D8EC37C-88E7-49D5-A76D-F0A4A3FD8AE4,BLCA,midnight,Midnight,2p5x,40x,-0.07892620841055234,10,2.5× → 40×
TCGA-GU-AATP-01Z-00-DX1.0D8EC37C-88E7-49D5-A76D-F0A4A3FD8AE4,BLCA,midnight,Midnight,40x,10x,-0.13213478657627448,10,40× → 10×
TCGA-GU-AATP-01Z-00-DX1.0D8EC37C-88E7-49D5-A76D-F0A4A3FD8AE4,BLCA,midnight,Midnight,40x,2p5x,-0.5609846529516063,10,40× → 2.5×
TCGA-GU-AATP-01Z-00-DX1.0D8EC37C-88E7-49D5-A76D-F0A4A3FD8AE4,BLCA,phikon,Phikon,10x,2p5x,-1.556638565536987,10,10× → 2.5×
TCGA-GU-AATP-01Z-00-DX1.0D8EC37C-88E7-49D5-A76D-F0A4A3FD8AE4,BLCA,phikon,Phikon,10x,40x,-0.05797784902669238,10,10× → 40×
TCGA-GU-AATP-01Z-00-DX1.0D8EC37C-88E7-49D5-A76D-F0A4A3FD8AE4,BLCA,phikon,Phikon,2p5x,10x,-0.5957622614378552,10,2.5× → 10×
TCGA-GU-AATP-01Z-00-DX1.0D8EC37C-88E7-49D5-A76D-F0A4A3FD8AE4,BLCA,phikon,Phikon,2p5x,40x,-3.7354785033222258,10,2.5× → 40×
TCGA-GU-AATP-01Z-00-DX1.0D8EC37C-88E7-49D5-A76D-F0A4A3FD8AE4,BLCA,phikon,Phikon,40x,10x,-0.6480919902088844,10,40× → 10×
TCGA-GU-AATP-01Z-00-DX1.0D8EC37C-88E7-49D5-A76D-F0A4A3FD8AE4,BLCA,phikon,Phikon,40x,2p5x,-2.087737475523397,10,40× → 2.5×
TCGA-GU-AATP-01Z-00-DX1.0D8EC37C-88E7-49D5-A76D-F0A4A3FD8AE4,BLCA,uni,UNI,10x,2p5x,-1.2131916198282988,10,10× → 2.5×
TCGA-GU-AATP-01Z-00-DX1.0D8EC37C-88E7-49D5-A76D-F0A4A3FD8AE4,BLCA,uni,UNI,10x,40x,-0.5517205367345254,10,10× → 40×
TCGA-GU-AATP-01Z-00-DX1.0D8EC37C-88E7-49D5-A76D-F0A4A3FD8AE4,BLCA,uni,UNI,2p5x,10x,-0.32594877240193565,10,2.5× → 10×
TCGA-GU-AATP-01Z-00-DX1.0D8EC37C-88E7-49D5-A76D-F0A4A3FD8AE4,BLCA,uni,UNI,2p5x,40x,-3.9151087991039972,10,2.5× → 40×
TCGA-GU-AATP-01Z-00-DX1.0D8EC37C-88E7-49D5-A76D-F0A4A3FD8AE4,BLCA,uni,UNI,40x,10x,-0.3390697687832945,10,40× → 10×
TCGA-GU-AATP-01Z-00-DX1.0D8EC37C-88E7-49D5-A76D-F0A4A3FD8AE4,BLCA,uni,UNI,40x,2p5x,-3.142609360520707,10,40× → 2.5×
TCGA-GU-AATP-01Z-00-DX1.0D8EC37C-88E7-49D5-A76D-F0A4A3FD8AE4,BLCA,uni2,UNI2,10x,2p5x,-0.42109774300179675,10,10× → 2.5×
TCGA-GU-AATP-01Z-00-DX1.0D8EC37C-88E7-49D5-A76D-F0A4A3FD8AE4,BLCA,uni2,UNI2,10x,40x,-1.4171556881415297,10,10× → 40×
TCGA-GU-AATP-01Z-00-DX1.0D8EC37C-88E7-49D5-A76D-F0A4A3FD8AE4,BLCA,uni2,UNI2,2p5x,10x,-0.08748203221769282,10,2.5× → 10×
TCGA-GU-AATP-01Z-00-DX1.0D8EC37C-88E7-49D5-A76D-F0A4A3FD8AE4,BLCA,uni2,UNI2,2p5x,40x,-4.578257000169387,10,2.5× → 40×
TCGA-GU-AATP-01Z-00-DX1.0D8EC37C-88E7-49D5-A76D-F0A4A3FD8AE4,BLCA,uni2,UNI2,40x,10x,-0.6451452038562369,10,40× → 10×
TCGA-GU-AATP-01Z-00-DX1.0D8EC37C-88E7-49D5-A76D-F0A4A3FD8AE4,BLCA,uni2,UNI2,40x,2p5x,-0.6650069500382277,10,40× → 2.5×
TCGA-GU-AATP-01Z-00-DX1.0D8EC37C-88E7-49D5-A76D-F0A4A3FD8AE4,BLCA,virchow,Virchow,10x,2p5x,-3.5302916295878055,10,10× → 2.5×
TCGA-GU-AATP-01Z-00-DX1.0D8EC37C-88E7-49D5-A76D-F0A4A3FD8AE4,BLCA,virchow,Virchow,10x,40x,-0.08265331509467376,10,10× → 40×
TCGA-GU-AATP-01Z-00-DX1.0D8EC37C-88E7-49D5-A76D-F0A4A3FD8AE4,BLCA,virchow,Virchow,2p5x,10x,-4.446252379316007,10,2.5× → 10×
TCGA-GU-AATP-01Z-00-DX1.0D8EC37C-88E7-49D5-A76D-F0A4A3FD8AE4,BLCA,virchow,Virchow,2p5x,40x,-6.689498386037755,10,2.5× → 40×
TCGA-GU-AATP-01Z-00-DX1.0D8EC37C-88E7-49D5-A76D-F0A4A3FD8AE4,BLCA,virchow,Virchow,40x,10x,-1.6811993887969354,10,40× → 10×
TCGA-GU-AATP-01Z-00-DX1.0D8EC37C-88E7-49D5-A76D-F0A4A3FD8AE4,BLCA,virchow,Virchow,40x,2p5x,-7.019069806169976,10,40× → 2.5×
TCGA-GU-AATP-01Z-00-DX1.0D8EC37C-88E7-49D5-A76D-F0A4A3FD8AE4,BLCA,virchow2,Virchow2,10x,2p5x,-0.1673990709233883,10,10× → 2.5×
TCGA-GU-AATP-01Z-00-DX1.0D8EC37C-88E7-49D5-A76D-F0A4A3FD8AE4,BLCA,virchow2,Virchow2,10x,40x,-0.0892446965037455,10,10× → 40×
TCGA-GU-AATP-01Z-00-DX1.0D8EC37C-88E7-49D5-A76D-F0A4A3FD8AE4,BLCA,virchow2,Virchow2,2p5x,10x,-0.16276332871443236,10,2.5× → 10×
TCGA-GU-AATP-01Z-00-DX1.0D8EC37C-88E7-49D5-A76D-F0A4A3FD8AE4,BLCA,virchow2,Virchow2,2p5x,40x,-1.805539793774408,10,2.5× → 40×
TCGA-GU-AATP-01Z-00-DX1.0D8EC37C-88E7-49D5-A76D-F0A4A3FD8AE4,BLCA,virchow2,Virchow2,40x,10x,-0.4631221810867493,10,40× → 10×
TCGA-GU-AATP-01Z-00-DX1.0D8EC37C-88E7-49D5-A76D-F0A4A3FD8AE4,BLCA,virchow2,Virchow2,40x,2p5x,-2.443729472761696,10,40× → 2.5×
TCGA-J2-A4AE-01Z-00-DX1.42C5DE4A-7787-4E59-8969-D12503262C96,LUAD,gigapath,GigaPath,10x,2p5x,-2.3285091711188213,10,10× → 2.5×
TCGA-J2-A4AE-01Z-00-DX1.42C5DE4A-7787-4E59-8969-D12503262C96,LUAD,gigapath,GigaPath,10x,40x,-0.7376255850788951,10,10× → 40×
TCGA-J2-A4AE-01Z-00-DX1.42C5DE4A-7787-4E59-8969-D12503262C96,LUAD,gigapath,GigaPath,2p5x,10x,-0.36174842867852125,10,2.5× → 10×
TCGA-J2-A4AE-01Z-00-DX1.42C5DE4A-7787-4E59-8969-D12503262C96,LUAD,gigapath,GigaPath,2p5x,40x,-2.6314369071751837,10,2.5× → 40×
TCGA-J2-A4AE-01Z-00-DX1.42C5DE4A-7787-4E59-8969-D12503262C96,LUAD,gigapath,GigaPath,40x,10x,-0.786229281084917,10,40× → 10×
TCGA-J2-A4AE-01Z-00-DX1.42C5DE4A-7787-4E59-8969-D12503262C96,LUAD,gigapath,GigaPath,40x,2p5x,-2.9337130411512677,10,40× → 2.5×
TCGA-J2-A4AE-01Z-00-DX1.42C5DE4A-7787-4E59-8969-D12503262C96,LUAD,gigapath_flash,GigaPath-Flash,10x,2p5x,-3.5514979998663287,10,10× → 2.5×
TCGA-J2-A4AE-01Z-00-DX1.42C5DE4A-7787-4E59-8969-D12503262C96,LUAD,gigapath_flash,GigaPath-Flash,10x,40x,-0.818667088708195,10,10× → 40×
TCGA-J2-A4AE-01Z-00-DX1.42C5DE4A-7787-4E59-8969-D12503262C96,LUAD,gigapath_flash,GigaPath-Flash,2p5x,10x,-4.23971672300996,10,2.5× → 10×
TCGA-J2-A4AE-01Z-00-DX1.42C5DE4A-7787-4E59-8969-D12503262C96,LUAD,gigapath_flash,GigaPath-Flash,2p5x,40x,-6.194748710619871,10,2.5× → 40×
TCGA-J2-A4AE-01Z-00-DX1.42C5DE4A-7787-4E59-8969-D12503262C96,LUAD,gigapath_flash,GigaPath-Flash,40x,10x,-0.14162672422794964,10,40× → 10×
TCGA-J2-A4AE-01Z-00-DX1.42C5DE4A-7787-4E59-8969-D12503262C96,LUAD,gigapath_flash,GigaPath-Flash,40x,2p5x,-3.4562792223388614,10,40× → 2.5×
TCGA-J2-A4AE-01Z-00-DX1.42C5DE4A-7787-4E59-8969-D12503262C96,LUAD,midnight,Midnight,10x,2p5x,-0.01922865080461949,10,10× → 2.5×
TCGA-J2-A4AE-01Z-00-DX1.42C5DE4A-7787-4E59-8969-D12503262C96,LUAD,midnight,Midnight,10x,40x,-0.04394788540181623,10,10× → 40×
TCGA-J2-A4AE-01Z-00-DX1.42C5DE4A-7787-4E59-8969-D12503262C96,LUAD,midnight,Midnight,2p5x,10x,-0.0761860177293271,10,2.5× → 10×
TCGA-J2-A4AE-01Z-00-DX1.42C5DE4A-7787-4E59-8969-D12503262C96,LUAD,midnight,Midnight,2p5x,40x,-0.24198636400359738,10,2.5× → 40×
TCGA-J2-A4AE-01Z-00-DX1.42C5DE4A-7787-4E59-8969-D12503262C96,LUAD,midnight,Midnight,40x,10x,-0.06348922369422605,10,40× → 10×
TCGA-J2-A4AE-01Z-00-DX1.42C5DE4A-7787-4E59-8969-D12503262C96,LUAD,midnight,Midnight,40x,2p5x,-0.14845594379501387,10,40× → 2.5×
TCGA-J2-A4AE-01Z-00-DX1.42C5DE4A-7787-4E59-8969-D12503262C96,LUAD,phikon,Phikon,10x,2p5x,-4.363509475977746,10,10× → 2.5×
TCGA-J2-A4AE-01Z-00-DX1.42C5DE4A-7787-4E59-8969-D12503262C96,LUAD,phikon,Phikon,10x,40x,-0.12436053480230472,10,10× → 40×
TCGA-J2-A4AE-01Z-00-DX1.42C5DE4A-7787-4E59-8969-D12503262C96,LUAD,phikon,Phikon,2p5x,10x,-1.3888411425124123,10,2.5× → 10×
TCGA-J2-A4AE-01Z-00-DX1.42C5DE4A-7787-4E59-8969-D12503262C96,LUAD,phikon,Phikon,2p5x,40x,-1.8529053975207457,10,2.5× → 40×
TCGA-J2-A4AE-01Z-00-DX1.42C5DE4A-7787-4E59-8969-D12503262C96,LUAD,phikon,Phikon,40x,10x,-1.1463317436792586,10,40× → 10×
TCGA-J2-A4AE-01Z-00-DX1.42C5DE4A-7787-4E59-8969-D12503262C96,LUAD,phikon,Phikon,40x,2p5x,-3.4808223178477187,10,40× → 2.5×
TCGA-J2-A4AE-01Z-00-DX1.42C5DE4A-7787-4E59-8969-D12503262C96,LUAD,uni,UNI,10x,2p5x,-2.857883073202281,10,10× → 2.5×
TCGA-J2-A4AE-01Z-00-DX1.42C5DE4A-7787-4E59-8969-D12503262C96,LUAD,uni,UNI,10x,40x,-0.6385450243981144,10,10× → 40×
TCGA-J2-A4AE-01Z-00-DX1.42C5DE4A-7787-4E59-8969-D12503262C96,LUAD,uni,UNI,2p5x,10x,-1.197268940758537,10,2.5× → 10×
TCGA-J2-A4AE-01Z-00-DX1.42C5DE4A-7787-4E59-8969-D12503262C96,LUAD,uni,UNI,2p5x,40x,-2.644340727821019,10,2.5× → 40×
TCGA-J2-A4AE-01Z-00-DX1.42C5DE4A-7787-4E59-8969-D12503262C96,LUAD,uni,UNI,40x,10x,-0.5934824827044018,10,40× → 10×
TCGA-J2-A4AE-01Z-00-DX1.42C5DE4A-7787-4E59-8969-D12503262C96,LUAD,uni,UNI,40x,2p5x,-3.852831544311305,10,40× → 2.5×
TCGA-J2-A4AE-01Z-00-DX1.42C5DE4A-7787-4E59-8969-D12503262C96,LUAD,uni2,UNI2,10x,2p5x,-0.019304502559844748,10,10× → 2.5×
TCGA-J2-A4AE-01Z-00-DX1.42C5DE4A-7787-4E59-8969-D12503262C96,LUAD,uni2,UNI2,10x,40x,-0.14899735018879068,10,10× → 40×
TCGA-J2-A4AE-01Z-00-DX1.42C5DE4A-7787-4E59-8969-D12503262C96,LUAD,uni2,UNI2,2p5x,10x,-0.005033179124905449,10,2.5× → 10×
TCGA-J2-A4AE-01Z-00-DX1.42C5DE4A-7787-4E59-8969-D12503262C96,LUAD,uni2,UNI2,2p5x,40x,-0.04272950102895331,10,2.5× → 40×
TCGA-J2-A4AE-01Z-00-DX1.42C5DE4A-7787-4E59-8969-D12503262C96,LUAD,uni2,UNI2,40x,10x,-0.02905993771421996,10,40× → 10×
TCGA-J2-A4AE-01Z-00-DX1.42C5DE4A-7787-4E59-8969-D12503262C96,LUAD,uni2,UNI2,40x,2p5x,-0.17276977101608823,10,40× → 2.5×
TCGA-J2-A4AE-01Z-00-DX1.42C5DE4A-7787-4E59-8969-D12503262C96,LUAD,virchow,Virchow,10x,2p5x,-4.83180979392556,10,10× → 2.5×
TCGA-J2-A4AE-01Z-00-DX1.42C5DE4A-7787-4E59-8969-D12503262C96,LUAD,virchow,Virchow,10x,40x,-0.24706184023250052,10,10× → 40×
TCGA-J2-A4AE-01Z-00-DX1.42C5DE4A-7787-4E59-8969-D12503262C96,LUAD,virchow,Virchow,2p5x,10x,-0.03571882010775176,10,2.5× → 10×
TCGA-J2-A4AE-01Z-00-DX1.42C5DE4A-7787-4E59-8969-D12503262C96,LUAD,virchow,Virchow,2p5x,40x,-2.4285822141847255,10,2.5× → 40×
TCGA-J2-A4AE-01Z-00-DX1.42C5DE4A-7787-4E59-8969-D12503262C96,LUAD,virchow,Virchow,40x,10x,-0.00896685448038689,10,40× → 10×
TCGA-J2-A4AE-01Z-00-DX1.42C5DE4A-7787-4E59-8969-D12503262C96,LUAD,virchow,Virchow,40x,2p5x,-5.839478533963307,10,40× → 2.5×
TCGA-J2-A4AE-01Z-00-DX1.42C5DE4A-7787-4E59-8969-D12503262C96,LUAD,virchow2,Virchow2,10x,2p5x,-0.04261372865054031,10,10× → 2.5×
TCGA-J2-A4AE-01Z-00-DX1.42C5DE4A-7787-4E59-8969-D12503262C96,LUAD,virchow2,Virchow2,10x,40x,-0.4403837322014058,10,10× → 40×
TCGA-J2-A4AE-01Z-00-DX1.42C5DE4A-7787-4E59-8969-D12503262C96,LUAD,virchow2,Virchow2,2p5x,10x,-0.08521416722714212,10,2.5× → 10×
TCGA-J2-A4AE-01Z-00-DX1.42C5DE4A-7787-4E59-8969-D12503262C96,LUAD,virchow2,Virchow2,2p5x,40x,-1.092761343441473,10,2.5× → 40×
TCGA-J2-A4AE-01Z-00-DX1.42C5DE4A-7787-4E59-8969-D12503262C96,LUAD,virchow2,Virchow2,40x,10x,-0.08636041519564466,10,40× → 10×
TCGA-J2-A4AE-01Z-00-DX1.42C5DE4A-7787-4E59-8969-D12503262C96,LUAD,virchow2,Virchow2,40x,2p5x,-0.07406796334444729,10,40× → 2.5×
TCGA-SW-A7EA-01Z-00-DX1.C5E1BE0E-0A25-4480-A3AC-DB2ED7471A4E,STAD,gigapath,GigaPath,10x,2p5x,-2.790081429184453,10,10× → 2.5×
TCGA-SW-A7EA-01Z-00-DX1.C5E1BE0E-0A25-4480-A3AC-DB2ED7471A4E,STAD,gigapath,GigaPath,10x,40x,-3.8343071622402105,10,10× → 40×
TCGA-SW-A7EA-01Z-00-DX1.C5E1BE0E-0A25-4480-A3AC-DB2ED7471A4E,STAD,gigapath,GigaPath,2p5x,10x,-3.047248343757226,10,2.5× → 10×
TCGA-SW-A7EA-01Z-00-DX1.C5E1BE0E-0A25-4480-A3AC-DB2ED7471A4E,STAD,gigapath,GigaPath,2p5x,40x,-5.911882546705649,10,2.5× → 40×
TCGA-SW-A7EA-01Z-00-DX1.C5E1BE0E-0A25-4480-A3AC-DB2ED7471A4E,STAD,gigapath,GigaPath,40x,10x,-0.18749755333175025,10,40× → 10×
TCGA-SW-A7EA-01Z-00-DX1.C5E1BE0E-0A25-4480-A3AC-DB2ED7471A4E,STAD,gigapath,GigaPath,40x,2p5x,-5.5613489333810335,10,40× → 2.5×
TCGA-SW-A7EA-01Z-00-DX1.C5E1BE0E-0A25-4480-A3AC-DB2ED7471A4E,STAD,gigapath_flash,GigaPath-Flash,10x,2p5x,-2.6499553020094035,10,10× → 2.5×
TCGA-SW-A7EA-01Z-00-DX1.C5E1BE0E-0A25-4480-A3AC-DB2ED7471A4E,STAD,gigapath_flash,GigaPath-Flash,10x,40x,-4.052124290932535,10,10× → 40×
TCGA-SW-A7EA-01Z-00-DX1.C5E1BE0E-0A25-4480-A3AC-DB2ED7471A4E,STAD,gigapath_flash,GigaPath-Flash,2p5x,10x,-4.2330279087820255,10,2.5× → 10×
TCGA-SW-A7EA-01Z-00-DX1.C5E1BE0E-0A25-4480-A3AC-DB2ED7471A4E,STAD,gigapath_flash,GigaPath-Flash,2p5x,40x,-9.248904271515812,10,2.5× → 40×
TCGA-SW-A7EA-01Z-00-DX1.C5E1BE0E-0A25-4480-A3AC-DB2ED7471A4E,STAD,gigapath_flash,GigaPath-Flash,40x,10x,0.20953718394456575,10,40× → 10×
TCGA-SW-A7EA-01Z-00-DX1.C5E1BE0E-0A25-4480-A3AC-DB2ED7471A4E,STAD,gigapath_flash,GigaPath-Flash,40x,2p5x,-3.6186903336652514,10,40× → 2.5×
TCGA-SW-A7EA-01Z-00-DX1.C5E1BE0E-0A25-4480-A3AC-DB2ED7471A4E,STAD,midnight,Midnight,10x,2p5x,-0.06868154440420113,10,10× → 2.5×
TCGA-SW-A7EA-01Z-00-DX1.C5E1BE0E-0A25-4480-A3AC-DB2ED7471A4E,STAD,midnight,Midnight,10x,40x,-0.42379574353751154,10,10× → 40×
TCGA-SW-A7EA-01Z-00-DX1.C5E1BE0E-0A25-4480-A3AC-DB2ED7471A4E,STAD,midnight,Midnight,2p5x,10x,-0.6301416524876116,10,2.5× → 10×
TCGA-SW-A7EA-01Z-00-DX1.C5E1BE0E-0A25-4480-A3AC-DB2ED7471A4E,STAD,midnight,Midnight,2p5x,40x,-1.2368658030437696,10,2.5× → 40×
TCGA-SW-A7EA-01Z-00-DX1.C5E1BE0E-0A25-4480-A3AC-DB2ED7471A4E,STAD,midnight,Midnight,40x,10x,0.8986085917052895,10,40× → 10×
TCGA-SW-A7EA-01Z-00-DX1.C5E1BE0E-0A25-4480-A3AC-DB2ED7471A4E,STAD,midnight,Midnight,40x,2p5x,0.8538096473118844,10,40× → 2.5×
TCGA-SW-A7EA-01Z-00-DX1.C5E1BE0E-0A25-4480-A3AC-DB2ED7471A4E,STAD,phikon,Phikon,10x,2p5x,-2.0697207402400712,10,10× → 2.5×
TCGA-SW-A7EA-01Z-00-DX1.C5E1BE0E-0A25-4480-A3AC-DB2ED7471A4E,STAD,phikon,Phikon,10x,40x,-0.5562452708205131,10,10× → 40×
TCGA-SW-A7EA-01Z-00-DX1.C5E1BE0E-0A25-4480-A3AC-DB2ED7471A4E,STAD,phikon,Phikon,2p5x,10x,-0.008573367404986054,10,2.5× → 10×
TCGA-SW-A7EA-01Z-00-DX1.C5E1BE0E-0A25-4480-A3AC-DB2ED7471A4E,STAD,phikon,Phikon,2p5x,40x,-0.808233422374203,10,2.5× → 40×
TCGA-SW-A7EA-01Z-00-DX1.C5E1BE0E-0A25-4480-A3AC-DB2ED7471A4E,STAD,phikon,Phikon,40x,10x,-0.0572186180303217,10,40× → 10×
TCGA-SW-A7EA-01Z-00-DX1.C5E1BE0E-0A25-4480-A3AC-DB2ED7471A4E,STAD,phikon,Phikon,40x,2p5x,-0.8128313596066521,10,40× → 2.5×
TCGA-SW-A7EA-01Z-00-DX1.C5E1BE0E-0A25-4480-A3AC-DB2ED7471A4E,STAD,uni,UNI,10x,2p5x,-2.059278406640895,10,10× → 2.5×
TCGA-SW-A7EA-01Z-00-DX1.C5E1BE0E-0A25-4480-A3AC-DB2ED7471A4E,STAD,uni,UNI,10x,40x,-1.346750140500988,10,10× → 40×
TCGA-SW-A7EA-01Z-00-DX1.C5E1BE0E-0A25-4480-A3AC-DB2ED7471A4E,STAD,uni,UNI,2p5x,10x,-4.509239824876689,10,2.5× → 10×
TCGA-SW-A7EA-01Z-00-DX1.C5E1BE0E-0A25-4480-A3AC-DB2ED7471A4E,STAD,uni,UNI,2p5x,40x,-5.056681986826154,10,2.5× → 40×
TCGA-SW-A7EA-01Z-00-DX1.C5E1BE0E-0A25-4480-A3AC-DB2ED7471A4E,STAD,uni,UNI,40x,10x,-0.18313763683929887,10,40× → 10×
TCGA-SW-A7EA-01Z-00-DX1.C5E1BE0E-0A25-4480-A3AC-DB2ED7471A4E,STAD,uni,UNI,40x,2p5x,-1.4334746056841454,10,40× → 2.5×
TCGA-SW-A7EA-01Z-00-DX1.C5E1BE0E-0A25-4480-A3AC-DB2ED7471A4E,STAD,uni2,UNI2,10x,2p5x,-1.7477151839126268,10,10× → 2.5×
TCGA-SW-A7EA-01Z-00-DX1.C5E1BE0E-0A25-4480-A3AC-DB2ED7471A4E,STAD,uni2,UNI2,10x,40x,-0.5778139882230332,10,10× → 40×
TCGA-SW-A7EA-01Z-00-DX1.C5E1BE0E-0A25-4480-A3AC-DB2ED7471A4E,STAD,uni2,UNI2,2p5x,10x,-1.4982684627020781,10,2.5× → 10×
TCGA-SW-A7EA-01Z-00-DX1.C5E1BE0E-0A25-4480-A3AC-DB2ED7471A4E,STAD,uni2,UNI2,2p5x,40x,-1.9115687680512519,10,2.5× → 40×
TCGA-SW-A7EA-01Z-00-DX1.C5E1BE0E-0A25-4480-A3AC-DB2ED7471A4E,STAD,uni2,UNI2,40x,10x,-0.08151553582121314,10,40× → 10×
TCGA-SW-A7EA-01Z-00-DX1.C5E1BE0E-0A25-4480-A3AC-DB2ED7471A4E,STAD,uni2,UNI2,40x,2p5x,-2.4131733072535697,10,40× → 2.5×
TCGA-SW-A7EA-01Z-00-DX1.C5E1BE0E-0A25-4480-A3AC-DB2ED7471A4E,STAD,virchow,Virchow,10x,2p5x,-7.518937356623728,10,10× → 2.5×
TCGA-SW-A7EA-01Z-00-DX1.C5E1BE0E-0A25-4480-A3AC-DB2ED7471A4E,STAD,virchow,Virchow,10x,40x,-2.2339268874505263,10,10× → 40×
TCGA-SW-A7EA-01Z-00-DX1.C5E1BE0E-0A25-4480-A3AC-DB2ED7471A4E,STAD,virchow,Virchow,2p5x,10x,-6.517474166263227,10,2.5× → 10×
TCGA-SW-A7EA-01Z-00-DX1.C5E1BE0E-0A25-4480-A3AC-DB2ED7471A4E,STAD,virchow,Virchow,2p5x,40x,-6.597442866260589,10,2.5× → 40×
TCGA-SW-A7EA-01Z-00-DX1.C5E1BE0E-0A25-4480-A3AC-DB2ED7471A4E,STAD,virchow,Virchow,40x,10x,-0.2668573216032305,10,40× → 10×
TCGA-SW-A7EA-01Z-00-DX1.C5E1BE0E-0A25-4480-A3AC-DB2ED7471A4E,STAD,virchow,Virchow,40x,2p5x,-6.5393867778750465,10,40× → 2.5×
TCGA-SW-A7EA-01Z-00-DX1.C5E1BE0E-0A25-4480-A3AC-DB2ED7471A4E,STAD,virchow2,Virchow2,10x,2p5x,-0.5301424912260075,10,10× → 2.5×
TCGA-SW-A7EA-01Z-00-DX1.C5E1BE0E-0A25-4480-A3AC-DB2ED7471A4E,STAD,virchow2,Virchow2,10x,40x,-1.3846759672774387,10,10× → 40×
TCGA-SW-A7EA-01Z-00-DX1.C5E1BE0E-0A25-4480-A3AC-DB2ED7471A4E,STAD,virchow2,Virchow2,2p5x,10x,-0.598095544277695,10,2.5× → 10×
TCGA-SW-A7EA-01Z-00-DX1.C5E1BE0E-0A25-4480-A3AC-DB2ED7471A4E,STAD,virchow2,Virchow2,2p5x,40x,-2.7005792886984112,10,2.5× → 40×
TCGA-SW-A7EA-01Z-00-DX1.C5E1BE0E-0A25-4480-A3AC-DB2ED7471A4E,STAD,virchow2,Virchow2,40x,10x,0.06426964682574958,10,40× → 10×
TCGA-SW-A7EA-01Z-00-DX1.C5E1BE0E-0A25-4480-A3AC-DB2ED7471A4E,STAD,virchow2,Virchow2,40x,2p5x,-1.0862666955491649,10,40× → 2.5×
TCGA-UF-A719-01Z-00-DX1.4C4ECC2C-C390-4C5E-A709-CF08C113F1A1,HNSC,gigapath,GigaPath,10x,2p5x,-0.6371870971718031,10,10× → 2.5×
TCGA-UF-A719-01Z-00-DX1.4C4ECC2C-C390-4C5E-A709-CF08C113F1A1,HNSC,gigapath,GigaPath,10x,40x,1.062223179826776,10,10× → 40×
TCGA-UF-A719-01Z-00-DX1.4C4ECC2C-C390-4C5E-A709-CF08C113F1A1,HNSC,gigapath,GigaPath,2p5x,10x,1.6658838110109577,10,2.5× → 10×
TCGA-UF-A719-01Z-00-DX1.4C4ECC2C-C390-4C5E-A709-CF08C113F1A1,HNSC,gigapath,GigaPath,2p5x,40x,2.2145488862809684,10,2.5× → 40×
TCGA-UF-A719-01Z-00-DX1.4C4ECC2C-C390-4C5E-A709-CF08C113F1A1,HNSC,gigapath,GigaPath,40x,10x,1.7934088859181727,10,40× → 10×
TCGA-UF-A719-01Z-00-DX1.4C4ECC2C-C390-4C5E-A709-CF08C113F1A1,HNSC,gigapath,GigaPath,40x,2p5x,2.268539303075999,10,40× → 2.5×
TCGA-UF-A719-01Z-00-DX1.4C4ECC2C-C390-4C5E-A709-CF08C113F1A1,HNSC,gigapath_flash,GigaPath-Flash,10x,2p5x,-0.6681805332986417,10,10× → 2.5×
TCGA-UF-A719-01Z-00-DX1.4C4ECC2C-C390-4C5E-A709-CF08C113F1A1,HNSC,gigapath_flash,GigaPath-Flash,10x,40x,0.27526007690794124,10,10× → 40×
TCGA-UF-A719-01Z-00-DX1.4C4ECC2C-C390-4C5E-A709-CF08C113F1A1,HNSC,gigapath_flash,GigaPath-Flash,2p5x,10x,0.9767551326325361,10,2.5× → 10×
TCGA-UF-A719-01Z-00-DX1.4C4ECC2C-C390-4C5E-A709-CF08C113F1A1,HNSC,gigapath_flash,GigaPath-Flash,2p5x,40x,1.637384639751437,10,2.5× → 40×
TCGA-UF-A719-01Z-00-DX1.4C4ECC2C-C390-4C5E-A709-CF08C113F1A1,HNSC,gigapath_flash,GigaPath-Flash,40x,10x,1.4419257732958346,10,40× → 10×
TCGA-UF-A719-01Z-00-DX1.4C4ECC2C-C390-4C5E-A709-CF08C113F1A1,HNSC,gigapath_flash,GigaPath-Flash,40x,2p5x,2.620899251605982,10,40× → 2.5×
TCGA-UF-A719-01Z-00-DX1.4C4ECC2C-C390-4C5E-A709-CF08C113F1A1,HNSC,midnight,Midnight,10x,2p5x,-0.12451041793251853,10,10× → 2.5×
TCGA-UF-A719-01Z-00-DX1.4C4ECC2C-C390-4C5E-A709-CF08C113F1A1,HNSC,midnight,Midnight,10x,40x,-0.49204113345981637,10,10× → 40×
TCGA-UF-A719-01Z-00-DX1.4C4ECC2C-C390-4C5E-A709-CF08C113F1A1,HNSC,midnight,Midnight,2p5x,10x,-0.9094527345188336,10,2.5× → 10×
TCGA-UF-A719-01Z-00-DX1.4C4ECC2C-C390-4C5E-A709-CF08C113F1A1,HNSC,midnight,Midnight,2p5x,40x,-1.980244069007276,10,2.5× → 40×
TCGA-UF-A719-01Z-00-DX1.4C4ECC2C-C390-4C5E-A709-CF08C113F1A1,HNSC,midnight,Midnight,40x,10x,-0.6751155770870281,10,40× → 10×
TCGA-UF-A719-01Z-00-DX1.4C4ECC2C-C390-4C5E-A709-CF08C113F1A1,HNSC,midnight,Midnight,40x,2p5x,-2.032328949510575,10,40× → 2.5×
TCGA-UF-A719-01Z-00-DX1.4C4ECC2C-C390-4C5E-A709-CF08C113F1A1,HNSC,phikon,Phikon,10x,2p5x,0.3850928216593071,10,10× → 2.5×
TCGA-UF-A719-01Z-00-DX1.4C4ECC2C-C390-4C5E-A709-CF08C113F1A1,HNSC,phikon,Phikon,10x,40x,-0.7802355814136637,10,10× → 40×
TCGA-UF-A719-01Z-00-DX1.4C4ECC2C-C390-4C5E-A709-CF08C113F1A1,HNSC,phikon,Phikon,2p5x,10x,0.8890754800450524,10,2.5× → 10×
TCGA-UF-A719-01Z-00-DX1.4C4ECC2C-C390-4C5E-A709-CF08C113F1A1,HNSC,phikon,Phikon,2p5x,40x,1.6313058212037717,10,2.5× → 40×
TCGA-UF-A719-01Z-00-DX1.4C4ECC2C-C390-4C5E-A709-CF08C113F1A1,HNSC,phikon,Phikon,40x,10x,0.7894158192462233,10,40× → 10×
TCGA-UF-A719-01Z-00-DX1.4C4ECC2C-C390-4C5E-A709-CF08C113F1A1,HNSC,phikon,Phikon,40x,2p5x,0.8741832662814559,10,40× → 2.5×
TCGA-UF-A719-01Z-00-DX1.4C4ECC2C-C390-4C5E-A709-CF08C113F1A1,HNSC,uni,UNI,10x,2p5x,-0.5518811819445906,10,10× → 2.5×
TCGA-UF-A719-01Z-00-DX1.4C4ECC2C-C390-4C5E-A709-CF08C113F1A1,HNSC,uni,UNI,10x,40x,-0.09204141883070677,10,10× → 40×
TCGA-UF-A719-01Z-00-DX1.4C4ECC2C-C390-4C5E-A709-CF08C113F1A1,HNSC,uni,UNI,2p5x,10x,1.2370913347457058,10,2.5× → 10×
TCGA-UF-A719-01Z-00-DX1.4C4ECC2C-C390-4C5E-A709-CF08C113F1A1,HNSC,uni,UNI,2p5x,40x,2.161959172776646,10,2.5× → 40×
TCGA-UF-A719-01Z-00-DX1.4C4ECC2C-C390-4C5E-A709-CF08C113F1A1,HNSC,uni,UNI,40x,10x,0.49552510634258484,10,40× → 10×
TCGA-UF-A719-01Z-00-DX1.4C4ECC2C-C390-4C5E-A709-CF08C113F1A1,HNSC,uni,UNI,40x,2p5x,0.21518412119823993,10,40× → 2.5×
TCGA-UF-A719-01Z-00-DX1.4C4ECC2C-C390-4C5E-A709-CF08C113F1A1,HNSC,uni2,UNI2,10x,2p5x,0.11279730670073702,10,10× → 2.5×
TCGA-UF-A719-01Z-00-DX1.4C4ECC2C-C390-4C5E-A709-CF08C113F1A1,HNSC,uni2,UNI2,10x,40x,0.5898274079002866,10,10× → 40×
TCGA-UF-A719-01Z-00-DX1.4C4ECC2C-C390-4C5E-A709-CF08C113F1A1,HNSC,uni2,UNI2,2p5x,10x,-0.7034602280444054,10,2.5× → 10×
TCGA-UF-A719-01Z-00-DX1.4C4ECC2C-C390-4C5E-A709-CF08C113F1A1,HNSC,uni2,UNI2,2p5x,40x,-0.15532885470257718,10,2.5× → 40×
TCGA-UF-A719-01Z-00-DX1.4C4ECC2C-C390-4C5E-A709-CF08C113F1A1,HNSC,uni2,UNI2,40x,10x,-0.29687780958268706,10,40× → 10×
TCGA-UF-A719-01Z-00-DX1.4C4ECC2C-C390-4C5E-A709-CF08C113F1A1,HNSC,uni2,UNI2,40x,2p5x,-1.081350709755478,10,40× → 2.5×
TCGA-UF-A719-01Z-00-DX1.4C4ECC2C-C390-4C5E-A709-CF08C113F1A1,HNSC,virchow,Virchow,10x,2p5x,0.9283752356744129,10,10× → 2.5×
TCGA-UF-A719-01Z-00-DX1.4C4ECC2C-C390-4C5E-A709-CF08C113F1A1,HNSC,virchow,Virchow,10x,40x,-3.4714176248562225,10,10× → 40×
TCGA-UF-A719-01Z-00-DX1.4C4ECC2C-C390-4C5E-A709-CF08C113F1A1,HNSC,virchow,Virchow,2p5x,10x,-0.9600017246604352,10,2.5× → 10×
TCGA-UF-A719-01Z-00-DX1.4C4ECC2C-C390-4C5E-A709-CF08C113F1A1,HNSC,virchow,Virchow,2p5x,40x,-0.4168757287432432,10,2.5× → 40×
TCGA-UF-A719-01Z-00-DX1.4C4ECC2C-C390-4C5E-A709-CF08C113F1A1,HNSC,virchow,Virchow,40x,10x,-3.8096323792958855,10,40× → 10×
TCGA-UF-A719-01Z-00-DX1.4C4ECC2C-C390-4C5E-A709-CF08C113F1A1,HNSC,virchow,Virchow,40x,2p5x,1.2179751665270824,10,40× → 2.5×
TCGA-UF-A719-01Z-00-DX1.4C4ECC2C-C390-4C5E-A709-CF08C113F1A1,HNSC,virchow2,Virchow2,10x,2p5x,0.024406377931547506,10,10× → 2.5×
TCGA-UF-A719-01Z-00-DX1.4C4ECC2C-C390-4C5E-A709-CF08C113F1A1,HNSC,virchow2,Virchow2,10x,40x,-1.5447728505867762,10,10× → 40×
TCGA-UF-A719-01Z-00-DX1.4C4ECC2C-C390-4C5E-A709-CF08C113F1A1,HNSC,virchow2,Virchow2,2p5x,10x,0.5782255380586554,10,2.5× → 10×
TCGA-UF-A719-01Z-00-DX1.4C4ECC2C-C390-4C5E-A709-CF08C113F1A1,HNSC,virchow2,Virchow2,2p5x,40x,0.29029062336332,10,2.5× → 40×
TCGA-UF-A719-01Z-00-DX1.4C4ECC2C-C390-4C5E-A709-CF08C113F1A1,HNSC,virchow2,Virchow2,40x,10x,-0.5401868430854557,10,40× → 10×
TCGA-UF-A719-01Z-00-DX1.4C4ECC2C-C390-4C5E-A709-CF08C113F1A1,HNSC,virchow2,Virchow2,40x,2p5x,0.41125667356828066,10,40× → 2.5×
TCGA-VQ-A8PY-01Z-00-DX1.EA2C7386-012A-442A-95B3-FFA12BD2684D,STAD,gigapath,GigaPath,10x,2p5x,-2.141251598784778,10,10× → 2.5×
TCGA-VQ-A8PY-01Z-00-DX1.EA2C7386-012A-442A-95B3-FFA12BD2684D,STAD,gigapath,GigaPath,10x,40x,-4.373311092362142,10,10× → 40×
TCGA-VQ-A8PY-01Z-00-DX1.EA2C7386-012A-442A-95B3-FFA12BD2684D,STAD,gigapath,GigaPath,2p5x,10x,-1.8985494399346994,10,2.5× → 10×
TCGA-VQ-A8PY-01Z-00-DX1.EA2C7386-012A-442A-95B3-FFA12BD2684D,STAD,gigapath,GigaPath,2p5x,40x,-1.4859042354759768,10,2.5× → 40×
TCGA-VQ-A8PY-01Z-00-DX1.EA2C7386-012A-442A-95B3-FFA12BD2684D,STAD,gigapath,GigaPath,40x,10x,0.021255841124089035,10,40× → 10×
TCGA-VQ-A8PY-01Z-00-DX1.EA2C7386-012A-442A-95B3-FFA12BD2684D,STAD,gigapath,GigaPath,40x,2p5x,-2.045994051818023,10,40× → 2.5×
TCGA-VQ-A8PY-01Z-00-DX1.EA2C7386-012A-442A-95B3-FFA12BD2684D,STAD,gigapath_flash,GigaPath-Flash,10x,2p5x,-0.603527783989965,10,10× → 2.5×
TCGA-VQ-A8PY-01Z-00-DX1.EA2C7386-012A-442A-95B3-FFA12BD2684D,STAD,gigapath_flash,GigaPath-Flash,10x,40x,-5.827602417979983,10,10× → 40×
TCGA-VQ-A8PY-01Z-00-DX1.EA2C7386-012A-442A-95B3-FFA12BD2684D,STAD,gigapath_flash,GigaPath-Flash,2p5x,10x,-6.187483150069186,10,2.5× → 10×
TCGA-VQ-A8PY-01Z-00-DX1.EA2C7386-012A-442A-95B3-FFA12BD2684D,STAD,gigapath_flash,GigaPath-Flash,2p5x,40x,-7.958339130549916,10,2.5× → 40×
TCGA-VQ-A8PY-01Z-00-DX1.EA2C7386-012A-442A-95B3-FFA12BD2684D,STAD,gigapath_flash,GigaPath-Flash,40x,10x,0.6598749717002863,10,40× → 10×
TCGA-VQ-A8PY-01Z-00-DX1.EA2C7386-012A-442A-95B3-FFA12BD2684D,STAD,gigapath_flash,GigaPath-Flash,40x,2p5x,-1.8942171954705151,10,40× → 2.5×
TCGA-VQ-A8PY-01Z-00-DX1.EA2C7386-012A-442A-95B3-FFA12BD2684D,STAD,midnight,Midnight,10x,2p5x,0.08876894196841462,10,10× → 2.5×
TCGA-VQ-A8PY-01Z-00-DX1.EA2C7386-012A-442A-95B3-FFA12BD2684D,STAD,midnight,Midnight,10x,40x,-0.5022647563217698,10,10× → 40×
TCGA-VQ-A8PY-01Z-00-DX1.EA2C7386-012A-442A-95B3-FFA12BD2684D,STAD,midnight,Midnight,2p5x,10x,-0.4014069631650042,10,2.5× → 10×
TCGA-VQ-A8PY-01Z-00-DX1.EA2C7386-012A-442A-95B3-FFA12BD2684D,STAD,midnight,Midnight,2p5x,40x,-0.8927634226077584,10,2.5× → 40×
TCGA-VQ-A8PY-01Z-00-DX1.EA2C7386-012A-442A-95B3-FFA12BD2684D,STAD,midnight,Midnight,40x,10x,0.13237904075509452,10,40× → 10×
TCGA-VQ-A8PY-01Z-00-DX1.EA2C7386-012A-442A-95B3-FFA12BD2684D,STAD,midnight,Midnight,40x,2p5x,0.22053831304836913,10,40× → 2.5×
TCGA-VQ-A8PY-01Z-00-DX1.EA2C7386-012A-442A-95B3-FFA12BD2684D,STAD,phikon,Phikon,10x,2p5x,-1.5681705535259751,10,10× → 2.5×
TCGA-VQ-A8PY-01Z-00-DX1.EA2C7386-012A-442A-95B3-FFA12BD2684D,STAD,phikon,Phikon,10x,40x,0.07638114184906332,10,10× → 40×
TCGA-VQ-A8PY-01Z-00-DX1.EA2C7386-012A-442A-95B3-FFA12BD2684D,STAD,phikon,Phikon,2p5x,10x,-2.3206262487920855,10,2.5× → 10×
TCGA-VQ-A8PY-01Z-00-DX1.EA2C7386-012A-442A-95B3-FFA12BD2684D,STAD,phikon,Phikon,2p5x,40x,-0.21062394397249645,10,2.5× → 40×
TCGA-VQ-A8PY-01Z-00-DX1.EA2C7386-012A-442A-95B3-FFA12BD2684D,STAD,phikon,Phikon,40x,10x,0.14814138859690557,10,40× → 10×
TCGA-VQ-A8PY-01Z-00-DX1.EA2C7386-012A-442A-95B3-FFA12BD2684D,STAD,phikon,Phikon,40x,2p5x,-2.0979147599572063,10,40× → 2.5×
TCGA-VQ-A8PY-01Z-00-DX1.EA2C7386-012A-442A-95B3-FFA12BD2684D,STAD,uni,UNI,10x,2p5x,-0.28971787668217397,10,10× → 2.5×
TCGA-VQ-A8PY-01Z-00-DX1.EA2C7386-012A-442A-95B3-FFA12BD2684D,STAD,uni,UNI,10x,40x,-0.6256455550235955,10,10× → 40×
TCGA-VQ-A8PY-01Z-00-DX1.EA2C7386-012A-442A-95B3-FFA12BD2684D,STAD,uni,UNI,2p5x,10x,-3.3226756627624177,10,2.5× → 10×
TCGA-VQ-A8PY-01Z-00-DX1.EA2C7386-012A-442A-95B3-FFA12BD2684D,STAD,uni,UNI,2p5x,40x,-2.0344922801268335,10,2.5× → 40×
TCGA-VQ-A8PY-01Z-00-DX1.EA2C7386-012A-442A-95B3-FFA12BD2684D,STAD,uni,UNI,40x,10x,1.3611244383993655,10,40× → 10×
TCGA-VQ-A8PY-01Z-00-DX1.EA2C7386-012A-442A-95B3-FFA12BD2684D,STAD,uni,UNI,40x,2p5x,0.8160749804717364,10,40× → 2.5×
TCGA-VQ-A8PY-01Z-00-DX1.EA2C7386-012A-442A-95B3-FFA12BD2684D,STAD,uni2,UNI2,10x,2p5x,0.20179939933422344,10,10× → 2.5×
TCGA-VQ-A8PY-01Z-00-DX1.EA2C7386-012A-442A-95B3-FFA12BD2684D,STAD,uni2,UNI2,10x,40x,-0.45053017413586954,10,10× → 40×
TCGA-VQ-A8PY-01Z-00-DX1.EA2C7386-012A-442A-95B3-FFA12BD2684D,STAD,uni2,UNI2,2p5x,10x,-3.3811275963613467,10,2.5× → 10×
TCGA-VQ-A8PY-01Z-00-DX1.EA2C7386-012A-442A-95B3-FFA12BD2684D,STAD,uni2,UNI2,2p5x,40x,-3.0071363288748083,10,2.5× → 40×
TCGA-VQ-A8PY-01Z-00-DX1.EA2C7386-012A-442A-95B3-FFA12BD2684D,STAD,uni2,UNI2,40x,10x,2.4142169067791963,10,40× → 10×
TCGA-VQ-A8PY-01Z-00-DX1.EA2C7386-012A-442A-95B3-FFA12BD2684D,STAD,uni2,UNI2,40x,2p5x,2.3395176644794455,10,40× → 2.5×
TCGA-VQ-A8PY-01Z-00-DX1.EA2C7386-012A-442A-95B3-FFA12BD2684D,STAD,virchow,Virchow,10x,2p5x,-4.0827774824050875,10,10× → 2.5×
TCGA-VQ-A8PY-01Z-00-DX1.EA2C7386-012A-442A-95B3-FFA12BD2684D,STAD,virchow,Virchow,10x,40x,-3.476123725598364,10,10× → 40×
TCGA-VQ-A8PY-01Z-00-DX1.EA2C7386-012A-442A-95B3-FFA12BD2684D,STAD,virchow,Virchow,2p5x,10x,-8.016490268948042,10,2.5× → 10×
TCGA-VQ-A8PY-01Z-00-DX1.EA2C7386-012A-442A-95B3-FFA12BD2684D,STAD,virchow,Virchow,2p5x,40x,-8.005033526341984,10,2.5× → 40×
TCGA-VQ-A8PY-01Z-00-DX1.EA2C7386-012A-442A-95B3-FFA12BD2684D,STAD,virchow,Virchow,40x,10x,0.8925505770281481,10,40× → 10×
TCGA-VQ-A8PY-01Z-00-DX1.EA2C7386-012A-442A-95B3-FFA12BD2684D,STAD,virchow,Virchow,40x,2p5x,-3.972761324968846,10,40× → 2.5×
TCGA-VQ-A8PY-01Z-00-DX1.EA2C7386-012A-442A-95B3-FFA12BD2684D,STAD,virchow2,Virchow2,10x,2p5x,0.5200789330145079,10,10× → 2.5×
TCGA-VQ-A8PY-01Z-00-DX1.EA2C7386-012A-442A-95B3-FFA12BD2684D,STAD,virchow2,Virchow2,10x,40x,-0.24532615446825842,10,10× → 40×
TCGA-VQ-A8PY-01Z-00-DX1.EA2C7386-012A-442A-95B3-FFA12BD2684D,STAD,virchow2,Virchow2,2p5x,10x,-4.6515247986362125,10,2.5× → 10×
TCGA-VQ-A8PY-01Z-00-DX1.EA2C7386-012A-442A-95B3-FFA12BD2684D,STAD,virchow2,Virchow2,2p5x,40x,-4.898889820408089,10,2.5× → 40×
TCGA-VQ-A8PY-01Z-00-DX1.EA2C7386-012A-442A-95B3-FFA12BD2684D,STAD,virchow2,Virchow2,40x,10x,0.9034945176553946,10,40× → 10×
TCGA-VQ-A8PY-01Z-00-DX1.EA2C7386-012A-442A-95B3-FFA12BD2684D,STAD,virchow2,Virchow2,40x,2p5x,0.9413245916920214,10,40× → 2.5×
TCGA-VQ-A924-01Z-00-DX1.736B41F3-9678-4FAF-AE86-FCAC4F6DCBD3,STAD,gigapath,GigaPath,10x,2p5x,-2.2091049486626595,10,10× → 2.5×
TCGA-VQ-A924-01Z-00-DX1.736B41F3-9678-4FAF-AE86-FCAC4F6DCBD3,STAD,gigapath,GigaPath,10x,40x,-4.165311774081858,10,10× → 40×
TCGA-VQ-A924-01Z-00-DX1.736B41F3-9678-4FAF-AE86-FCAC4F6DCBD3,STAD,gigapath,GigaPath,2p5x,10x,-3.4682661855216685,10,2.5× → 10×
TCGA-VQ-A924-01Z-00-DX1.736B41F3-9678-4FAF-AE86-FCAC4F6DCBD3,STAD,gigapath,GigaPath,2p5x,40x,-4.538142350792325,10,2.5× → 40×
TCGA-VQ-A924-01Z-00-DX1.736B41F3-9678-4FAF-AE86-FCAC4F6DCBD3,STAD,gigapath,GigaPath,40x,10x,-0.6809614609169807,10,40× → 10×
TCGA-VQ-A924-01Z-00-DX1.736B41F3-9678-4FAF-AE86-FCAC4F6DCBD3,STAD,gigapath,GigaPath,40x,2p5x,-4.441986996296476,10,40× → 2.5×
TCGA-VQ-A924-01Z-00-DX1.736B41F3-9678-4FAF-AE86-FCAC4F6DCBD3,STAD,gigapath_flash,GigaPath-Flash,10x,2p5x,-2.1510130713559437,10,10× → 2.5×
TCGA-VQ-A924-01Z-00-DX1.736B41F3-9678-4FAF-AE86-FCAC4F6DCBD3,STAD,gigapath_flash,GigaPath-Flash,10x,40x,-6.774479206061801,10,10× → 40×
TCGA-VQ-A924-01Z-00-DX1.736B41F3-9678-4FAF-AE86-FCAC4F6DCBD3,STAD,gigapath_flash,GigaPath-Flash,2p5x,10x,-9.433798373500649,10,2.5× → 10×
TCGA-VQ-A924-01Z-00-DX1.736B41F3-9678-4FAF-AE86-FCAC4F6DCBD3,STAD,gigapath_flash,GigaPath-Flash,2p5x,40x,-10.755840963041548,10,2.5× → 40×
TCGA-VQ-A924-01Z-00-DX1.736B41F3-9678-4FAF-AE86-FCAC4F6DCBD3,STAD,gigapath_flash,GigaPath-Flash,40x,10x,1.3404256843802513,10,40× → 10×
TCGA-VQ-A924-01Z-00-DX1.736B41F3-9678-4FAF-AE86-FCAC4F6DCBD3,STAD,gigapath_flash,GigaPath-Flash,40x,2p5x,-2.7578138386208444,10,40× → 2.5×
TCGA-VQ-A924-01Z-00-DX1.736B41F3-9678-4FAF-AE86-FCAC4F6DCBD3,STAD,midnight,Midnight,10x,2p5x,0.09819073758395562,10,10× → 2.5×
TCGA-VQ-A924-01Z-00-DX1.736B41F3-9678-4FAF-AE86-FCAC4F6DCBD3,STAD,midnight,Midnight,10x,40x,-1.1065527516072113,10,10× → 40×
TCGA-VQ-A924-01Z-00-DX1.736B41F3-9678-4FAF-AE86-FCAC4F6DCBD3,STAD,midnight,Midnight,2p5x,10x,-0.23228197186718616,10,2.5× → 10×
TCGA-VQ-A924-01Z-00-DX1.736B41F3-9678-4FAF-AE86-FCAC4F6DCBD3,STAD,midnight,Midnight,2p5x,40x,-1.161933708826545,10,2.5× → 40×
TCGA-VQ-A924-01Z-00-DX1.736B41F3-9678-4FAF-AE86-FCAC4F6DCBD3,STAD,midnight,Midnight,40x,10x,-0.9933975219827691,10,40× → 10×
TCGA-VQ-A924-01Z-00-DX1.736B41F3-9678-4FAF-AE86-FCAC4F6DCBD3,STAD,midnight,Midnight,40x,2p5x,-0.23081283803118552,10,40× → 2.5×
TCGA-VQ-A924-01Z-00-DX1.736B41F3-9678-4FAF-AE86-FCAC4F6DCBD3,STAD,phikon,Phikon,10x,2p5x,-4.366970793016256,10,10× → 2.5×
TCGA-VQ-A924-01Z-00-DX1.736B41F3-9678-4FAF-AE86-FCAC4F6DCBD3,STAD,phikon,Phikon,10x,40x,-0.6095270210832515,10,10× → 40×
TCGA-VQ-A924-01Z-00-DX1.736B41F3-9678-4FAF-AE86-FCAC4F6DCBD3,STAD,phikon,Phikon,2p5x,10x,2.8953552861974967,10,2.5× → 10×
TCGA-VQ-A924-01Z-00-DX1.736B41F3-9678-4FAF-AE86-FCAC4F6DCBD3,STAD,phikon,Phikon,2p5x,40x,4.520776980943163,10,2.5× → 40×
TCGA-VQ-A924-01Z-00-DX1.736B41F3-9678-4FAF-AE86-FCAC4F6DCBD3,STAD,phikon,Phikon,40x,10x,-0.10714328721127282,10,40× → 10×
TCGA-VQ-A924-01Z-00-DX1.736B41F3-9678-4FAF-AE86-FCAC4F6DCBD3,STAD,phikon,Phikon,40x,2p5x,-2.128612634191829,10,40× → 2.5×
TCGA-VQ-A924-01Z-00-DX1.736B41F3-9678-4FAF-AE86-FCAC4F6DCBD3,STAD,uni,UNI,10x,2p5x,-0.7155268070690634,10,10× → 2.5×
TCGA-VQ-A924-01Z-00-DX1.736B41F3-9678-4FAF-AE86-FCAC4F6DCBD3,STAD,uni,UNI,10x,40x,-2.007065636984654,10,10× → 40×
TCGA-VQ-A924-01Z-00-DX1.736B41F3-9678-4FAF-AE86-FCAC4F6DCBD3,STAD,uni,UNI,2p5x,10x,-2.9885914049579965,10,2.5× → 10×
TCGA-VQ-A924-01Z-00-DX1.736B41F3-9678-4FAF-AE86-FCAC4F6DCBD3,STAD,uni,UNI,2p5x,40x,-5.090877912367302,10,2.5× → 40×
TCGA-VQ-A924-01Z-00-DX1.736B41F3-9678-4FAF-AE86-FCAC4F6DCBD3,STAD,uni,UNI,40x,10x,1.1208797173743645,10,40× → 10×
TCGA-VQ-A924-01Z-00-DX1.736B41F3-9678-4FAF-AE86-FCAC4F6DCBD3,STAD,uni,UNI,40x,2p5x,0.2381773502342858,10,40× → 2.5×
TCGA-VQ-A924-01Z-00-DX1.736B41F3-9678-4FAF-AE86-FCAC4F6DCBD3,STAD,uni2,UNI2,10x,2p5x,0.8858950292175403,10,10× → 2.5×
TCGA-VQ-A924-01Z-00-DX1.736B41F3-9678-4FAF-AE86-FCAC4F6DCBD3,STAD,uni2,UNI2,10x,40x,0.08658212964207893,10,10× → 40×
TCGA-VQ-A924-01Z-00-DX1.736B41F3-9678-4FAF-AE86-FCAC4F6DCBD3,STAD,uni2,UNI2,2p5x,10x,-3.451975634620814,10,2.5× → 10×
TCGA-VQ-A924-01Z-00-DX1.736B41F3-9678-4FAF-AE86-FCAC4F6DCBD3,STAD,uni2,UNI2,2p5x,40x,-3.584668115045831,10,2.5× → 40×
TCGA-VQ-A924-01Z-00-DX1.736B41F3-9678-4FAF-AE86-FCAC4F6DCBD3,STAD,uni2,UNI2,40x,10x,-0.20035172083583586,10,40× → 10×
TCGA-VQ-A924-01Z-00-DX1.736B41F3-9678-4FAF-AE86-FCAC4F6DCBD3,STAD,uni2,UNI2,40x,2p5x,-0.3789964080511538,10,40× → 2.5×
TCGA-VQ-A924-01Z-00-DX1.736B41F3-9678-4FAF-AE86-FCAC4F6DCBD3,STAD,virchow,Virchow,10x,2p5x,-7.9427382109461275,10,10× → 2.5×
TCGA-VQ-A924-01Z-00-DX1.736B41F3-9678-4FAF-AE86-FCAC4F6DCBD3,STAD,virchow,Virchow,10x,40x,-2.91396277378942,10,10× → 40×
TCGA-VQ-A924-01Z-00-DX1.736B41F3-9678-4FAF-AE86-FCAC4F6DCBD3,STAD,virchow,Virchow,2p5x,10x,-10.62143620711319,10,2.5× → 10×
TCGA-VQ-A924-01Z-00-DX1.736B41F3-9678-4FAF-AE86-FCAC4F6DCBD3,STAD,virchow,Virchow,2p5x,40x,-11.318463520978199,10,2.5× → 40×
TCGA-VQ-A924-01Z-00-DX1.736B41F3-9678-4FAF-AE86-FCAC4F6DCBD3,STAD,virchow,Virchow,40x,10x,1.1568352227533423,10,40× → 10×
TCGA-VQ-A924-01Z-00-DX1.736B41F3-9678-4FAF-AE86-FCAC4F6DCBD3,STAD,virchow,Virchow,40x,2p5x,-6.468154368130213,10,40× → 2.5×
TCGA-VQ-A924-01Z-00-DX1.736B41F3-9678-4FAF-AE86-FCAC4F6DCBD3,STAD,virchow2,Virchow2,10x,2p5x,4.188774199755882,10,10× → 2.5×
TCGA-VQ-A924-01Z-00-DX1.736B41F3-9678-4FAF-AE86-FCAC4F6DCBD3,STAD,virchow2,Virchow2,10x,40x,2.7163271071491026,10,10× → 40×
TCGA-VQ-A924-01Z-00-DX1.736B41F3-9678-4FAF-AE86-FCAC4F6DCBD3,STAD,virchow2,Virchow2,2p5x,10x,-8.005432839151087,10,2.5× → 10×
TCGA-VQ-A924-01Z-00-DX1.736B41F3-9678-4FAF-AE86-FCAC4F6DCBD3,STAD,virchow2,Virchow2,2p5x,40x,-5.887677097444672,10,2.5× → 40×
TCGA-VQ-A924-01Z-00-DX1.736B41F3-9678-4FAF-AE86-FCAC4F6DCBD3,STAD,virchow2,Virchow2,40x,10x,-3.091991798738879,10,40× → 10×
TCGA-VQ-A924-01Z-00-DX1.736B41F3-9678-4FAF-AE86-FCAC4F6DCBD3,STAD,virchow2,Virchow2,40x,2p5x,2.1834995418756824,10,40× → 2.5×
TCGA-XF-A8HB-01Z-00-DX1.D6874152-D20A-4CA4-8E8B-8CBAB5F7D7B5,BLCA,gigapath,GigaPath,10x,2p5x,-1.593433229705483,10,10× → 2.5×
TCGA-XF-A8HB-01Z-00-DX1.D6874152-D20A-4CA4-8E8B-8CBAB5F7D7B5,BLCA,gigapath,GigaPath,10x,40x,-0.7469099310061547,10,10× → 40×
TCGA-XF-A8HB-01Z-00-DX1.D6874152-D20A-4CA4-8E8B-8CBAB5F7D7B5,BLCA,gigapath,GigaPath,2p5x,10x,0.03064410541757409,10,2.5× → 10×
TCGA-XF-A8HB-01Z-00-DX1.D6874152-D20A-4CA4-8E8B-8CBAB5F7D7B5,BLCA,gigapath,GigaPath,2p5x,40x,-1.0749195979474073,10,2.5× → 40×
TCGA-XF-A8HB-01Z-00-DX1.D6874152-D20A-4CA4-8E8B-8CBAB5F7D7B5,BLCA,gigapath,GigaPath,40x,10x,-0.06876612342589847,10,40× → 10×
TCGA-XF-A8HB-01Z-00-DX1.D6874152-D20A-4CA4-8E8B-8CBAB5F7D7B5,BLCA,gigapath,GigaPath,40x,2p5x,-0.7314242537009392,10,40× → 2.5×
TCGA-XF-A8HB-01Z-00-DX1.D6874152-D20A-4CA4-8E8B-8CBAB5F7D7B5,BLCA,gigapath_flash,GigaPath-Flash,10x,2p5x,-0.9626200564337439,10,10× → 2.5×
TCGA-XF-A8HB-01Z-00-DX1.D6874152-D20A-4CA4-8E8B-8CBAB5F7D7B5,BLCA,gigapath_flash,GigaPath-Flash,10x,40x,-0.7423912466022753,10,10× → 40×
TCGA-XF-A8HB-01Z-00-DX1.D6874152-D20A-4CA4-8E8B-8CBAB5F7D7B5,BLCA,gigapath_flash,GigaPath-Flash,2p5x,10x,-0.16337942371799533,10,2.5× → 10×
TCGA-XF-A8HB-01Z-00-DX1.D6874152-D20A-4CA4-8E8B-8CBAB5F7D7B5,BLCA,gigapath_flash,GigaPath-Flash,2p5x,40x,-2.352201964136028,10,2.5× → 40×
TCGA-XF-A8HB-01Z-00-DX1.D6874152-D20A-4CA4-8E8B-8CBAB5F7D7B5,BLCA,gigapath_flash,GigaPath-Flash,40x,10x,-0.6239223625301894,10,40× → 10×
TCGA-XF-A8HB-01Z-00-DX1.D6874152-D20A-4CA4-8E8B-8CBAB5F7D7B5,BLCA,gigapath_flash,GigaPath-Flash,40x,2p5x,-2.9357480207529747,10,40× → 2.5×
TCGA-XF-A8HB-01Z-00-DX1.D6874152-D20A-4CA4-8E8B-8CBAB5F7D7B5,BLCA,midnight,Midnight,10x,2p5x,-0.0720009215605629,10,10× → 2.5×
TCGA-XF-A8HB-01Z-00-DX1.D6874152-D20A-4CA4-8E8B-8CBAB5F7D7B5,BLCA,midnight,Midnight,10x,40x,-0.00576610012393091,10,10× → 40×
TCGA-XF-A8HB-01Z-00-DX1.D6874152-D20A-4CA4-8E8B-8CBAB5F7D7B5,BLCA,midnight,Midnight,2p5x,10x,-0.03375676713105964,10,2.5× → 10×
TCGA-XF-A8HB-01Z-00-DX1.D6874152-D20A-4CA4-8E8B-8CBAB5F7D7B5,BLCA,midnight,Midnight,2p5x,40x,-0.08706264774834824,10,2.5× → 40×
TCGA-XF-A8HB-01Z-00-DX1.D6874152-D20A-4CA4-8E8B-8CBAB5F7D7B5,BLCA,midnight,Midnight,40x,10x,-0.09541876398842523,10,40× → 10×
TCGA-XF-A8HB-01Z-00-DX1.D6874152-D20A-4CA4-8E8B-8CBAB5F7D7B5,BLCA,midnight,Midnight,40x,2p5x,-0.5843607455298274,10,40× → 2.5×
TCGA-XF-A8HB-01Z-00-DX1.D6874152-D20A-4CA4-8E8B-8CBAB5F7D7B5,BLCA,phikon,Phikon,10x,2p5x,-0.9425579241978566,10,10× → 2.5×
TCGA-XF-A8HB-01Z-00-DX1.D6874152-D20A-4CA4-8E8B-8CBAB5F7D7B5,BLCA,phikon,Phikon,10x,40x,-0.4847978951718785,10,10× → 40×
TCGA-XF-A8HB-01Z-00-DX1.D6874152-D20A-4CA4-8E8B-8CBAB5F7D7B5,BLCA,phikon,Phikon,2p5x,10x,-1.1335404013459938,10,2.5× → 10×
TCGA-XF-A8HB-01Z-00-DX1.D6874152-D20A-4CA4-8E8B-8CBAB5F7D7B5,BLCA,phikon,Phikon,2p5x,40x,-7.450097878262609,10,2.5× → 40×
TCGA-XF-A8HB-01Z-00-DX1.D6874152-D20A-4CA4-8E8B-8CBAB5F7D7B5,BLCA,phikon,Phikon,40x,10x,-0.1402733534132404,10,40× → 10×
TCGA-XF-A8HB-01Z-00-DX1.D6874152-D20A-4CA4-8E8B-8CBAB5F7D7B5,BLCA,phikon,Phikon,40x,2p5x,-1.6357335345693103,10,40× → 2.5×
TCGA-XF-A8HB-01Z-00-DX1.D6874152-D20A-4CA4-8E8B-8CBAB5F7D7B5,BLCA,uni,UNI,10x,2p5x,-0.9129918480108561,10,10× → 2.5×
TCGA-XF-A8HB-01Z-00-DX1.D6874152-D20A-4CA4-8E8B-8CBAB5F7D7B5,BLCA,uni,UNI,10x,40x,-0.43208328527322826,10,10× → 40×
TCGA-XF-A8HB-01Z-00-DX1.D6874152-D20A-4CA4-8E8B-8CBAB5F7D7B5,BLCA,uni,UNI,2p5x,10x,0.07900990247755868,10,2.5× → 10×
TCGA-XF-A8HB-01Z-00-DX1.D6874152-D20A-4CA4-8E8B-8CBAB5F7D7B5,BLCA,uni,UNI,2p5x,40x,-3.1697335252243395,10,2.5× → 40×
TCGA-XF-A8HB-01Z-00-DX1.D6874152-D20A-4CA4-8E8B-8CBAB5F7D7B5,BLCA,uni,UNI,40x,10x,-0.17934910302516285,10,40× → 10×
TCGA-XF-A8HB-01Z-00-DX1.D6874152-D20A-4CA4-8E8B-8CBAB5F7D7B5,BLCA,uni,UNI,40x,2p5x,-3.2577719220340904,10,40× → 2.5×
TCGA-XF-A8HB-01Z-00-DX1.D6874152-D20A-4CA4-8E8B-8CBAB5F7D7B5,BLCA,uni2,UNI2,10x,2p5x,-0.3118111077753697,10,10× → 2.5×
TCGA-XF-A8HB-01Z-00-DX1.D6874152-D20A-4CA4-8E8B-8CBAB5F7D7B5,BLCA,uni2,UNI2,10x,40x,-1.252230569694262,10,10× → 40×
TCGA-XF-A8HB-01Z-00-DX1.D6874152-D20A-4CA4-8E8B-8CBAB5F7D7B5,BLCA,uni2,UNI2,2p5x,10x,0.010428549326722386,10,2.5× → 10×
TCGA-XF-A8HB-01Z-00-DX1.D6874152-D20A-4CA4-8E8B-8CBAB5F7D7B5,BLCA,uni2,UNI2,2p5x,40x,-4.012051165632953,10,2.5× → 40×
TCGA-XF-A8HB-01Z-00-DX1.D6874152-D20A-4CA4-8E8B-8CBAB5F7D7B5,BLCA,uni2,UNI2,40x,10x,-0.4106197651097528,10,40× → 10×
TCGA-XF-A8HB-01Z-00-DX1.D6874152-D20A-4CA4-8E8B-8CBAB5F7D7B5,BLCA,uni2,UNI2,40x,2p5x,-0.4062478724840764,10,40× → 2.5×
TCGA-XF-A8HB-01Z-00-DX1.D6874152-D20A-4CA4-8E8B-8CBAB5F7D7B5,BLCA,virchow,Virchow,10x,2p5x,-2.2487046959116515,10,10× → 2.5×
TCGA-XF-A8HB-01Z-00-DX1.D6874152-D20A-4CA4-8E8B-8CBAB5F7D7B5,BLCA,virchow,Virchow,10x,40x,-0.12925501177739568,10,10× → 40×
TCGA-XF-A8HB-01Z-00-DX1.D6874152-D20A-4CA4-8E8B-8CBAB5F7D7B5,BLCA,virchow,Virchow,2p5x,10x,-3.843320250058882,10,2.5× → 10×
TCGA-XF-A8HB-01Z-00-DX1.D6874152-D20A-4CA4-8E8B-8CBAB5F7D7B5,BLCA,virchow,Virchow,2p5x,40x,-7.2606063359703015,10,2.5× → 40×
TCGA-XF-A8HB-01Z-00-DX1.D6874152-D20A-4CA4-8E8B-8CBAB5F7D7B5,BLCA,virchow,Virchow,40x,10x,-1.7133982395407887,10,40× → 10×
TCGA-XF-A8HB-01Z-00-DX1.D6874152-D20A-4CA4-8E8B-8CBAB5F7D7B5,BLCA,virchow,Virchow,40x,2p5x,-4.625356773912889,10,40× → 2.5×
TCGA-XF-A8HB-01Z-00-DX1.D6874152-D20A-4CA4-8E8B-8CBAB5F7D7B5,BLCA,virchow2,Virchow2,10x,2p5x,-0.5105292690673373,10,10× → 2.5×
TCGA-XF-A8HB-01Z-00-DX1.D6874152-D20A-4CA4-8E8B-8CBAB5F7D7B5,BLCA,virchow2,Virchow2,10x,40x,-0.10592878028311847,10,10× → 40×
TCGA-XF-A8HB-01Z-00-DX1.D6874152-D20A-4CA4-8E8B-8CBAB5F7D7B5,BLCA,virchow2,Virchow2,2p5x,10x,-0.00036789865664380565,10,2.5× → 10×
TCGA-XF-A8HB-01Z-00-DX1.D6874152-D20A-4CA4-8E8B-8CBAB5F7D7B5,BLCA,virchow2,Virchow2,2p5x,40x,-0.3898624461363155,10,2.5× → 40×
TCGA-XF-A8HB-01Z-00-DX1.D6874152-D20A-4CA4-8E8B-8CBAB5F7D7B5,BLCA,virchow2,Virchow2,40x,10x,-2.3722736584771367,10,40× → 10×
TCGA-XF-A8HB-01Z-00-DX1.D6874152-D20A-4CA4-8E8B-8CBAB5F7D7B5,BLCA,virchow2,Virchow2,40x,2p5x,-4.205072515371469,10,40× → 2.5×
TCGA-ZF-A9R1-01Z-00-DX1.74520759-D448-45B5-B8AD-45502C99A519,BLCA,gigapath,GigaPath,10x,2p5x,-1.0150614153733775,10,10× → 2.5×
TCGA-ZF-A9R1-01Z-00-DX1.74520759-D448-45B5-B8AD-45502C99A519,BLCA,gigapath,GigaPath,10x,40x,-2.4034001267246055,10,10× → 40×
TCGA-ZF-A9R1-01Z-00-DX1.74520759-D448-45B5-B8AD-45502C99A519,BLCA,gigapath,GigaPath,2p5x,10x,0.034340545028253,10,2.5× → 10×
TCGA-ZF-A9R1-01Z-00-DX1.74520759-D448-45B5-B8AD-45502C99A519,BLCA,gigapath,GigaPath,2p5x,40x,-1.1904292182036964,10,2.5× → 40×
TCGA-ZF-A9R1-01Z-00-DX1.74520759-D448-45B5-B8AD-45502C99A519,BLCA,gigapath,GigaPath,40x,10x,0.27183953977061354,10,40× → 10×
TCGA-ZF-A9R1-01Z-00-DX1.74520759-D448-45B5-B8AD-45502C99A519,BLCA,gigapath,GigaPath,40x,2p5x,-1.637815794133585,10,40× → 2.5×
TCGA-ZF-A9R1-01Z-00-DX1.74520759-D448-45B5-B8AD-45502C99A519,BLCA,gigapath_flash,GigaPath-Flash,10x,2p5x,-0.3726791313579215,10,10× → 2.5×
TCGA-ZF-A9R1-01Z-00-DX1.74520759-D448-45B5-B8AD-45502C99A519,BLCA,gigapath_flash,GigaPath-Flash,10x,40x,-1.8206123833540562,10,10× → 40×
TCGA-ZF-A9R1-01Z-00-DX1.74520759-D448-45B5-B8AD-45502C99A519,BLCA,gigapath_flash,GigaPath-Flash,2p5x,10x,-1.0351154207088822,10,2.5× → 10×
TCGA-ZF-A9R1-01Z-00-DX1.74520759-D448-45B5-B8AD-45502C99A519,BLCA,gigapath_flash,GigaPath-Flash,2p5x,40x,-1.9803199833895793,10,2.5× → 40×
TCGA-ZF-A9R1-01Z-00-DX1.74520759-D448-45B5-B8AD-45502C99A519,BLCA,gigapath_flash,GigaPath-Flash,40x,10x,-3.246816568215789,10,40× → 10×
TCGA-ZF-A9R1-01Z-00-DX1.74520759-D448-45B5-B8AD-45502C99A519,BLCA,gigapath_flash,GigaPath-Flash,40x,2p5x,-4.109243193341239,10,40× → 2.5×
TCGA-ZF-A9R1-01Z-00-DX1.74520759-D448-45B5-B8AD-45502C99A519,BLCA,midnight,Midnight,10x,2p5x,-0.2410608659735109,10,10× → 2.5×
TCGA-ZF-A9R1-01Z-00-DX1.74520759-D448-45B5-B8AD-45502C99A519,BLCA,midnight,Midnight,10x,40x,-0.18513448640061292,10,10× → 40×
TCGA-ZF-A9R1-01Z-00-DX1.74520759-D448-45B5-B8AD-45502C99A519,BLCA,midnight,Midnight,2p5x,10x,-0.027142546319593917,10,2.5× → 10×
TCGA-ZF-A9R1-01Z-00-DX1.74520759-D448-45B5-B8AD-45502C99A519,BLCA,midnight,Midnight,2p5x,40x,-0.16778340157295107,10,2.5× → 40×
TCGA-ZF-A9R1-01Z-00-DX1.74520759-D448-45B5-B8AD-45502C99A519,BLCA,midnight,Midnight,40x,10x,-0.14879858835117074,10,40× → 10×
TCGA-ZF-A9R1-01Z-00-DX1.74520759-D448-45B5-B8AD-45502C99A519,BLCA,midnight,Midnight,40x,2p5x,-0.934410994830562,10,40× → 2.5×
TCGA-ZF-A9R1-01Z-00-DX1.74520759-D448-45B5-B8AD-45502C99A519,BLCA,phikon,Phikon,10x,2p5x,-1.1861309163777574,10,10× → 2.5×
TCGA-ZF-A9R1-01Z-00-DX1.74520759-D448-45B5-B8AD-45502C99A519,BLCA,phikon,Phikon,10x,40x,0.3418120069562017,10,10× → 40×
TCGA-ZF-A9R1-01Z-00-DX1.74520759-D448-45B5-B8AD-45502C99A519,BLCA,phikon,Phikon,2p5x,10x,-0.13385545761279888,10,2.5× → 10×
TCGA-ZF-A9R1-01Z-00-DX1.74520759-D448-45B5-B8AD-45502C99A519,BLCA,phikon,Phikon,2p5x,40x,-6.047780861670185,10,2.5× → 40×
TCGA-ZF-A9R1-01Z-00-DX1.74520759-D448-45B5-B8AD-45502C99A519,BLCA,phikon,Phikon,40x,10x,-0.6951214949337196,10,40× → 10×
TCGA-ZF-A9R1-01Z-00-DX1.74520759-D448-45B5-B8AD-45502C99A519,BLCA,phikon,Phikon,40x,2p5x,-1.8267588743472114,10,40× → 2.5×
TCGA-ZF-A9R1-01Z-00-DX1.74520759-D448-45B5-B8AD-45502C99A519,BLCA,uni,UNI,10x,2p5x,-1.6194232559958663,10,10× → 2.5×
TCGA-ZF-A9R1-01Z-00-DX1.74520759-D448-45B5-B8AD-45502C99A519,BLCA,uni,UNI,10x,40x,-0.6935757824922215,10,10× → 40×
TCGA-ZF-A9R1-01Z-00-DX1.74520759-D448-45B5-B8AD-45502C99A519,BLCA,uni,UNI,2p5x,10x,0.4028864142070933,10,2.5× → 10×
TCGA-ZF-A9R1-01Z-00-DX1.74520759-D448-45B5-B8AD-45502C99A519,BLCA,uni,UNI,2p5x,40x,-2.7276854537910453,10,2.5× → 40×
TCGA-ZF-A9R1-01Z-00-DX1.74520759-D448-45B5-B8AD-45502C99A519,BLCA,uni,UNI,40x,10x,-1.3503075423144968,10,40× → 10×
TCGA-ZF-A9R1-01Z-00-DX1.74520759-D448-45B5-B8AD-45502C99A519,BLCA,uni,UNI,40x,2p5x,-4.8912172027958665,10,40× → 2.5×
TCGA-ZF-A9R1-01Z-00-DX1.74520759-D448-45B5-B8AD-45502C99A519,BLCA,uni2,UNI2,10x,2p5x,-0.6920109341427784,10,10× → 2.5×
TCGA-ZF-A9R1-01Z-00-DX1.74520759-D448-45B5-B8AD-45502C99A519,BLCA,uni2,UNI2,10x,40x,-1.8169405442358788,10,10× → 40×
TCGA-ZF-A9R1-01Z-00-DX1.74520759-D448-45B5-B8AD-45502C99A519,BLCA,uni2,UNI2,2p5x,10x,0.0650684387348503,10,2.5× → 10×
TCGA-ZF-A9R1-01Z-00-DX1.74520759-D448-45B5-B8AD-45502C99A519,BLCA,uni2,UNI2,2p5x,40x,-4.0717543198034765,10,2.5× → 40×
TCGA-ZF-A9R1-01Z-00-DX1.74520759-D448-45B5-B8AD-45502C99A519,BLCA,uni2,UNI2,40x,10x,-0.8339613847748284,10,40× → 10×
TCGA-ZF-A9R1-01Z-00-DX1.74520759-D448-45B5-B8AD-45502C99A519,BLCA,uni2,UNI2,40x,2p5x,-0.7502632325567956,10,40× → 2.5×
TCGA-ZF-A9R1-01Z-00-DX1.74520759-D448-45B5-B8AD-45502C99A519,BLCA,virchow,Virchow,10x,2p5x,-2.9493032358356395,10,10× → 2.5×
TCGA-ZF-A9R1-01Z-00-DX1.74520759-D448-45B5-B8AD-45502C99A519,BLCA,virchow,Virchow,10x,40x,-0.3667524654784331,10,10× → 40×
TCGA-ZF-A9R1-01Z-00-DX1.74520759-D448-45B5-B8AD-45502C99A519,BLCA,virchow,Virchow,2p5x,10x,-2.4708382038670846,10,2.5× → 10×
TCGA-ZF-A9R1-01Z-00-DX1.74520759-D448-45B5-B8AD-45502C99A519,BLCA,virchow,Virchow,2p5x,40x,-5.6049668949266165,10,2.5× → 40×
TCGA-ZF-A9R1-01Z-00-DX1.74520759-D448-45B5-B8AD-45502C99A519,BLCA,virchow,Virchow,40x,10x,-3.367681249794221,10,40× → 10×
TCGA-ZF-A9R1-01Z-00-DX1.74520759-D448-45B5-B8AD-45502C99A519,BLCA,virchow,Virchow,40x,2p5x,-5.214430472080727,10,40× → 2.5×
TCGA-ZF-A9R1-01Z-00-DX1.74520759-D448-45B5-B8AD-45502C99A519,BLCA,virchow2,Virchow2,10x,2p5x,-0.9309724468309837,10,10× → 2.5×
TCGA-ZF-A9R1-01Z-00-DX1.74520759-D448-45B5-B8AD-45502C99A519,BLCA,virchow2,Virchow2,10x,40x,-0.20178392417173635,10,10× → 40×
TCGA-ZF-A9R1-01Z-00-DX1.74520759-D448-45B5-B8AD-45502C99A519,BLCA,virchow2,Virchow2,2p5x,10x,-0.02477555812144557,10,2.5× → 10×
TCGA-ZF-A9R1-01Z-00-DX1.74520759-D448-45B5-B8AD-45502C99A519,BLCA,virchow2,Virchow2,2p5x,40x,-0.9788745070923289,10,2.5× → 40×
TCGA-ZF-A9R1-01Z-00-DX1.74520759-D448-45B5-B8AD-45502C99A519,BLCA,virchow2,Virchow2,40x,10x,-2.559660440196196,10,40× → 10×
TCGA-ZF-A9R1-01Z-00-DX1.74520759-D448-45B5-B8AD-45502C99A519,BLCA,virchow2,Virchow2,40x,2p5x,-4.079499028481925,10,40× → 2.5×
TCGA-ZF-AA51-01Z-00-DX1.128C9731-C206-4E71-9A64-864FA9FD7E96,BLCA,gigapath,GigaPath,10x,2p5x,-1.4314803071934699,10,10× → 2.5×
TCGA-ZF-AA51-01Z-00-DX1.128C9731-C206-4E71-9A64-864FA9FD7E96,BLCA,gigapath,GigaPath,10x,40x,-0.7559723964667017,10,10× → 40×
TCGA-ZF-AA51-01Z-00-DX1.128C9731-C206-4E71-9A64-864FA9FD7E96,BLCA,gigapath,GigaPath,2p5x,10x,-1.6943927074745606,10,2.5× → 10×
TCGA-ZF-AA51-01Z-00-DX1.128C9731-C206-4E71-9A64-864FA9FD7E96,BLCA,gigapath,GigaPath,2p5x,40x,-3.13075160827661,10,2.5× → 40×
TCGA-ZF-AA51-01Z-00-DX1.128C9731-C206-4E71-9A64-864FA9FD7E96,BLCA,gigapath,GigaPath,40x,10x,-0.1263911322140603,10,40× → 10×
TCGA-ZF-AA51-01Z-00-DX1.128C9731-C206-4E71-9A64-864FA9FD7E96,BLCA,gigapath,GigaPath,40x,2p5x,-1.444457500522026,10,40× → 2.5×
TCGA-ZF-AA51-01Z-00-DX1.128C9731-C206-4E71-9A64-864FA9FD7E96,BLCA,gigapath_flash,GigaPath-Flash,10x,2p5x,-0.6403715830538674,10,10× → 2.5×
TCGA-ZF-AA51-01Z-00-DX1.128C9731-C206-4E71-9A64-864FA9FD7E96,BLCA,gigapath_flash,GigaPath-Flash,10x,40x,-0.02395081352281127,10,10× → 40×
TCGA-ZF-AA51-01Z-00-DX1.128C9731-C206-4E71-9A64-864FA9FD7E96,BLCA,gigapath_flash,GigaPath-Flash,2p5x,10x,-1.812781176829537,10,2.5× → 10×
TCGA-ZF-AA51-01Z-00-DX1.128C9731-C206-4E71-9A64-864FA9FD7E96,BLCA,gigapath_flash,GigaPath-Flash,2p5x,40x,-2.795130843291484,10,2.5× → 40×
TCGA-ZF-AA51-01Z-00-DX1.128C9731-C206-4E71-9A64-864FA9FD7E96,BLCA,gigapath_flash,GigaPath-Flash,40x,10x,-0.9271325469665619,10,40× → 10×
TCGA-ZF-AA51-01Z-00-DX1.128C9731-C206-4E71-9A64-864FA9FD7E96,BLCA,gigapath_flash,GigaPath-Flash,40x,2p5x,-3.627015783704034,10,40× → 2.5×
TCGA-ZF-AA51-01Z-00-DX1.128C9731-C206-4E71-9A64-864FA9FD7E96,BLCA,midnight,Midnight,10x,2p5x,-0.45622061096208577,10,10× → 2.5×
TCGA-ZF-AA51-01Z-00-DX1.128C9731-C206-4E71-9A64-864FA9FD7E96,BLCA,midnight,Midnight,10x,40x,-0.07636673215251599,10,10× → 40×
TCGA-ZF-AA51-01Z-00-DX1.128C9731-C206-4E71-9A64-864FA9FD7E96,BLCA,midnight,Midnight,2p5x,10x,0.14637241520145033,10,2.5× → 10×
TCGA-ZF-AA51-01Z-00-DX1.128C9731-C206-4E71-9A64-864FA9FD7E96,BLCA,midnight,Midnight,2p5x,40x,1.1874233591890921,10,2.5× → 40×
TCGA-ZF-AA51-01Z-00-DX1.128C9731-C206-4E71-9A64-864FA9FD7E96,BLCA,midnight,Midnight,40x,10x,-0.4357644014196162,10,40× → 10×
TCGA-ZF-AA51-01Z-00-DX1.128C9731-C206-4E71-9A64-864FA9FD7E96,BLCA,midnight,Midnight,40x,2p5x,-0.44982266773136803,10,40× → 2.5×
TCGA-ZF-AA51-01Z-00-DX1.128C9731-C206-4E71-9A64-864FA9FD7E96,BLCA,phikon,Phikon,10x,2p5x,-1.4700215923850792,10,10× → 2.5×
TCGA-ZF-AA51-01Z-00-DX1.128C9731-C206-4E71-9A64-864FA9FD7E96,BLCA,phikon,Phikon,10x,40x,0.12456222864744063,10,10× → 40×
TCGA-ZF-AA51-01Z-00-DX1.128C9731-C206-4E71-9A64-864FA9FD7E96,BLCA,phikon,Phikon,2p5x,10x,-0.8240586820150095,10,2.5× → 10×
TCGA-ZF-AA51-01Z-00-DX1.128C9731-C206-4E71-9A64-864FA9FD7E96,BLCA,phikon,Phikon,2p5x,40x,-5.29133628495516,10,2.5× → 40×
TCGA-ZF-AA51-01Z-00-DX1.128C9731-C206-4E71-9A64-864FA9FD7E96,BLCA,phikon,Phikon,40x,10x,-0.4378499253634759,10,40× → 10×
TCGA-ZF-AA51-01Z-00-DX1.128C9731-C206-4E71-9A64-864FA9FD7E96,BLCA,phikon,Phikon,40x,2p5x,-1.8860750918937836,10,40× → 2.5×
TCGA-ZF-AA51-01Z-00-DX1.128C9731-C206-4E71-9A64-864FA9FD7E96,BLCA,uni,UNI,10x,2p5x,-1.2914128791076398,10,10× → 2.5×
TCGA-ZF-AA51-01Z-00-DX1.128C9731-C206-4E71-9A64-864FA9FD7E96,BLCA,uni,UNI,10x,40x,-0.06526239480258979,10,10× → 40×
TCGA-ZF-AA51-01Z-00-DX1.128C9731-C206-4E71-9A64-864FA9FD7E96,BLCA,uni,UNI,2p5x,10x,-0.9222865319919888,10,2.5× → 10×
TCGA-ZF-AA51-01Z-00-DX1.128C9731-C206-4E71-9A64-864FA9FD7E96,BLCA,uni,UNI,2p5x,40x,-3.0312795415401785,10,2.5× → 40×
TCGA-ZF-AA51-01Z-00-DX1.128C9731-C206-4E71-9A64-864FA9FD7E96,BLCA,uni,UNI,40x,10x,-1.608224101428198,10,40× → 10×
TCGA-ZF-AA51-01Z-00-DX1.128C9731-C206-4E71-9A64-864FA9FD7E96,BLCA,uni,UNI,40x,2p5x,-4.656649852513095,10,40× → 2.5×
TCGA-ZF-AA51-01Z-00-DX1.128C9731-C206-4E71-9A64-864FA9FD7E96,BLCA,uni2,UNI2,10x,2p5x,-0.10094606837360612,10,10× → 2.5×
TCGA-ZF-AA51-01Z-00-DX1.128C9731-C206-4E71-9A64-864FA9FD7E96,BLCA,uni2,UNI2,10x,40x,-1.8211767924920523,10,10× → 40×
TCGA-ZF-AA51-01Z-00-DX1.128C9731-C206-4E71-9A64-864FA9FD7E96,BLCA,uni2,UNI2,2p5x,10x,0.03304601384404068,10,2.5× → 10×
TCGA-ZF-AA51-01Z-00-DX1.128C9731-C206-4E71-9A64-864FA9FD7E96,BLCA,uni2,UNI2,2p5x,40x,-3.312680014245315,10,2.5× → 40×
TCGA-ZF-AA51-01Z-00-DX1.128C9731-C206-4E71-9A64-864FA9FD7E96,BLCA,uni2,UNI2,40x,10x,-0.5247206594702456,10,40× → 10×
TCGA-ZF-AA51-01Z-00-DX1.128C9731-C206-4E71-9A64-864FA9FD7E96,BLCA,uni2,UNI2,40x,2p5x,0.21182387232358607,10,40× → 2.5×
TCGA-ZF-AA51-01Z-00-DX1.128C9731-C206-4E71-9A64-864FA9FD7E96,BLCA,virchow,Virchow,10x,2p5x,-3.6722707679707143,10,10× → 2.5×
TCGA-ZF-AA51-01Z-00-DX1.128C9731-C206-4E71-9A64-864FA9FD7E96,BLCA,virchow,Virchow,10x,40x,0.47124441081630336,10,10× → 40×
TCGA-ZF-AA51-01Z-00-DX1.128C9731-C206-4E71-9A64-864FA9FD7E96,BLCA,virchow,Virchow,2p5x,10x,-4.9568536708275985,10,2.5× → 10×
TCGA-ZF-AA51-01Z-00-DX1.128C9731-C206-4E71-9A64-864FA9FD7E96,BLCA,virchow,Virchow,2p5x,40x,-7.741551277327159,10,2.5× → 40×
TCGA-ZF-AA51-01Z-00-DX1.128C9731-C206-4E71-9A64-864FA9FD7E96,BLCA,virchow,Virchow,40x,10x,-2.566629978979928,10,40× → 10×
TCGA-ZF-AA51-01Z-00-DX1.128C9731-C206-4E71-9A64-864FA9FD7E96,BLCA,virchow,Virchow,40x,2p5x,-3.68905750948728,10,40× → 2.5×
TCGA-ZF-AA51-01Z-00-DX1.128C9731-C206-4E71-9A64-864FA9FD7E96,BLCA,virchow2,Virchow2,10x,2p5x,-1.2079890256283787,10,10× → 2.5×
TCGA-ZF-AA51-01Z-00-DX1.128C9731-C206-4E71-9A64-864FA9FD7E96,BLCA,virchow2,Virchow2,10x,40x,0.06665145688849636,10,10× → 40×
TCGA-ZF-AA51-01Z-00-DX1.128C9731-C206-4E71-9A64-864FA9FD7E96,BLCA,virchow2,Virchow2,2p5x,10x,-1.3236981175285012,10,2.5× → 10×
TCGA-ZF-AA51-01Z-00-DX1.128C9731-C206-4E71-9A64-864FA9FD7E96,BLCA,virchow2,Virchow2,2p5x,40x,-1.727491270727033,10,2.5× → 40×
TCGA-ZF-AA51-01Z-00-DX1.128C9731-C206-4E71-9A64-864FA9FD7E96,BLCA,virchow2,Virchow2,40x,10x,-2.184127874568912,10,40× → 10×
TCGA-ZF-AA51-01Z-00-DX1.128C9731-C206-4E71-9A64-864FA9FD7E96,BLCA,virchow2,Virchow2,40x,2p5x,-1.8887121637383462,10,40× → 2.5×
TCGA-ZQ-A9CR-01Z-00-DX1.C9AC9991-7054-4068-A7AA-9D1EB7F040A3,STAD,gigapath,GigaPath,10x,2p5x,-1.6505277348951186,10,10× → 2.5×
TCGA-ZQ-A9CR-01Z-00-DX1.C9AC9991-7054-4068-A7AA-9D1EB7F040A3,STAD,gigapath,GigaPath,10x,40x,-2.1614897423867525,10,10× → 40×
TCGA-ZQ-A9CR-01Z-00-DX1.C9AC9991-7054-4068-A7AA-9D1EB7F040A3,STAD,gigapath,GigaPath,2p5x,10x,-2.8975127884888594,10,2.5× → 10×
TCGA-ZQ-A9CR-01Z-00-DX1.C9AC9991-7054-4068-A7AA-9D1EB7F040A3,STAD,gigapath,GigaPath,2p5x,40x,-4.823586548201431,10,2.5× → 40×
TCGA-ZQ-A9CR-01Z-00-DX1.C9AC9991-7054-4068-A7AA-9D1EB7F040A3,STAD,gigapath,GigaPath,40x,10x,-0.8176449558312747,10,40× → 10×
TCGA-ZQ-A9CR-01Z-00-DX1.C9AC9991-7054-4068-A7AA-9D1EB7F040A3,STAD,gigapath,GigaPath,40x,2p5x,-5.354638192832979,10,40× → 2.5×
TCGA-ZQ-A9CR-01Z-00-DX1.C9AC9991-7054-4068-A7AA-9D1EB7F040A3,STAD,gigapath_flash,GigaPath-Flash,10x,2p5x,-1.1881564043045494,10,10× → 2.5×
TCGA-ZQ-A9CR-01Z-00-DX1.C9AC9991-7054-4068-A7AA-9D1EB7F040A3,STAD,gigapath_flash,GigaPath-Flash,10x,40x,-4.098483504636851,10,10× → 40×
TCGA-ZQ-A9CR-01Z-00-DX1.C9AC9991-7054-4068-A7AA-9D1EB7F040A3,STAD,gigapath_flash,GigaPath-Flash,2p5x,10x,-8.38101493460697,10,2.5× → 10×
TCGA-ZQ-A9CR-01Z-00-DX1.C9AC9991-7054-4068-A7AA-9D1EB7F040A3,STAD,gigapath_flash,GigaPath-Flash,2p5x,40x,-7.788305185431457,10,2.5× → 40×
TCGA-ZQ-A9CR-01Z-00-DX1.C9AC9991-7054-4068-A7AA-9D1EB7F040A3,STAD,gigapath_flash,GigaPath-Flash,40x,10x,-2.271638039648757,10,40× → 10×
TCGA-ZQ-A9CR-01Z-00-DX1.C9AC9991-7054-4068-A7AA-9D1EB7F040A3,STAD,gigapath_flash,GigaPath-Flash,40x,2p5x,-5.7910818699244,10,40× → 2.5×
TCGA-ZQ-A9CR-01Z-00-DX1.C9AC9991-7054-4068-A7AA-9D1EB7F040A3,STAD,midnight,Midnight,10x,2p5x,-0.1913234919101164,10,10× → 2.5×
TCGA-ZQ-A9CR-01Z-00-DX1.C9AC9991-7054-4068-A7AA-9D1EB7F040A3,STAD,midnight,Midnight,10x,40x,-1.0663472201322306,10,10× → 40×
TCGA-ZQ-A9CR-01Z-00-DX1.C9AC9991-7054-4068-A7AA-9D1EB7F040A3,STAD,midnight,Midnight,2p5x,10x,-0.141801321098629,10,2.5× → 10×
TCGA-ZQ-A9CR-01Z-00-DX1.C9AC9991-7054-4068-A7AA-9D1EB7F040A3,STAD,midnight,Midnight,2p5x,40x,-0.7791880508016555,10,2.5× → 40×
TCGA-ZQ-A9CR-01Z-00-DX1.C9AC9991-7054-4068-A7AA-9D1EB7F040A3,STAD,midnight,Midnight,40x,10x,0.06538656463256383,10,40× → 10×
TCGA-ZQ-A9CR-01Z-00-DX1.C9AC9991-7054-4068-A7AA-9D1EB7F040A3,STAD,midnight,Midnight,40x,2p5x,0.04969338988428657,10,40× → 2.5×
TCGA-ZQ-A9CR-01Z-00-DX1.C9AC9991-7054-4068-A7AA-9D1EB7F040A3,STAD,phikon,Phikon,10x,2p5x,-2.0651552233815926,10,10× → 2.5×
TCGA-ZQ-A9CR-01Z-00-DX1.C9AC9991-7054-4068-A7AA-9D1EB7F040A3,STAD,phikon,Phikon,10x,40x,-1.2262073936627984,10,10× → 40×
TCGA-ZQ-A9CR-01Z-00-DX1.C9AC9991-7054-4068-A7AA-9D1EB7F040A3,STAD,phikon,Phikon,2p5x,10x,-2.332168415442862,10,2.5× → 10×
TCGA-ZQ-A9CR-01Z-00-DX1.C9AC9991-7054-4068-A7AA-9D1EB7F040A3,STAD,phikon,Phikon,2p5x,40x,-2.205898818693329,10,2.5× → 40×
TCGA-ZQ-A9CR-01Z-00-DX1.C9AC9991-7054-4068-A7AA-9D1EB7F040A3,STAD,phikon,Phikon,40x,10x,0.3787585504462754,10,40× → 10×
TCGA-ZQ-A9CR-01Z-00-DX1.C9AC9991-7054-4068-A7AA-9D1EB7F040A3,STAD,phikon,Phikon,40x,2p5x,-2.286757851260229,10,40× → 2.5×
TCGA-ZQ-A9CR-01Z-00-DX1.C9AC9991-7054-4068-A7AA-9D1EB7F040A3,STAD,uni,UNI,10x,2p5x,-1.5230732287867623,10,10× → 2.5×
TCGA-ZQ-A9CR-01Z-00-DX1.C9AC9991-7054-4068-A7AA-9D1EB7F040A3,STAD,uni,UNI,10x,40x,-0.7679411679296487,10,10× → 40×
TCGA-ZQ-A9CR-01Z-00-DX1.C9AC9991-7054-4068-A7AA-9D1EB7F040A3,STAD,uni,UNI,2p5x,10x,-2.834664233291928,10,2.5× → 10×
TCGA-ZQ-A9CR-01Z-00-DX1.C9AC9991-7054-4068-A7AA-9D1EB7F040A3,STAD,uni,UNI,2p5x,40x,-3.5002176020240667,10,2.5× → 40×
TCGA-ZQ-A9CR-01Z-00-DX1.C9AC9991-7054-4068-A7AA-9D1EB7F040A3,STAD,uni,UNI,40x,10x,0.00075856213659271,10,40× → 10×
TCGA-ZQ-A9CR-01Z-00-DX1.C9AC9991-7054-4068-A7AA-9D1EB7F040A3,STAD,uni,UNI,40x,2p5x,-1.3005807522383463,10,40× → 2.5×
TCGA-ZQ-A9CR-01Z-00-DX1.C9AC9991-7054-4068-A7AA-9D1EB7F040A3,STAD,uni2,UNI2,10x,2p5x,-0.17410902289581914,10,10× → 2.5×
TCGA-ZQ-A9CR-01Z-00-DX1.C9AC9991-7054-4068-A7AA-9D1EB7F040A3,STAD,uni2,UNI2,10x,40x,-0.8048143177599808,10,10× → 40×
TCGA-ZQ-A9CR-01Z-00-DX1.C9AC9991-7054-4068-A7AA-9D1EB7F040A3,STAD,uni2,UNI2,2p5x,10x,-2.549956812088117,10,2.5× → 10×
TCGA-ZQ-A9CR-01Z-00-DX1.C9AC9991-7054-4068-A7AA-9D1EB7F040A3,STAD,uni2,UNI2,2p5x,40x,-3.512055221344183,10,2.5× → 40×
TCGA-ZQ-A9CR-01Z-00-DX1.C9AC9991-7054-4068-A7AA-9D1EB7F040A3,STAD,uni2,UNI2,40x,10x,-0.02282346007331973,10,40× → 10×
TCGA-ZQ-A9CR-01Z-00-DX1.C9AC9991-7054-4068-A7AA-9D1EB7F040A3,STAD,uni2,UNI2,40x,2p5x,-0.7850047553798116,10,40× → 2.5×
TCGA-ZQ-A9CR-01Z-00-DX1.C9AC9991-7054-4068-A7AA-9D1EB7F040A3,STAD,virchow,Virchow,10x,2p5x,-6.185832875395529,10,10× → 2.5×
TCGA-ZQ-A9CR-01Z-00-DX1.C9AC9991-7054-4068-A7AA-9D1EB7F040A3,STAD,virchow,Virchow,10x,40x,-3.844395055591191,10,10× → 40×
TCGA-ZQ-A9CR-01Z-00-DX1.C9AC9991-7054-4068-A7AA-9D1EB7F040A3,STAD,virchow,Virchow,2p5x,10x,-12.380978927517017,10,2.5× → 10×
TCGA-ZQ-A9CR-01Z-00-DX1.C9AC9991-7054-4068-A7AA-9D1EB7F040A3,STAD,virchow,Virchow,2p5x,40x,-11.607855902539423,10,2.5× → 40×
TCGA-ZQ-A9CR-01Z-00-DX1.C9AC9991-7054-4068-A7AA-9D1EB7F040A3,STAD,virchow,Virchow,40x,10x,-0.1146675729901874,10,40× → 10×
TCGA-ZQ-A9CR-01Z-00-DX1.C9AC9991-7054-4068-A7AA-9D1EB7F040A3,STAD,virchow,Virchow,40x,2p5x,-8.14537425508157,10,40× → 2.5×
TCGA-ZQ-A9CR-01Z-00-DX1.C9AC9991-7054-4068-A7AA-9D1EB7F040A3,STAD,virchow2,Virchow2,10x,2p5x,0.9258930914505804,10,10× → 2.5×
TCGA-ZQ-A9CR-01Z-00-DX1.C9AC9991-7054-4068-A7AA-9D1EB7F040A3,STAD,virchow2,Virchow2,10x,40x,-0.35126193103847086,10,10× → 40×
TCGA-ZQ-A9CR-01Z-00-DX1.C9AC9991-7054-4068-A7AA-9D1EB7F040A3,STAD,virchow2,Virchow2,2p5x,10x,-5.6814538449359535,10,2.5× → 10×
TCGA-ZQ-A9CR-01Z-00-DX1.C9AC9991-7054-4068-A7AA-9D1EB7F040A3,STAD,virchow2,Virchow2,2p5x,40x,-3.974345697038342,10,2.5× → 40×
TCGA-ZQ-A9CR-01Z-00-DX1.C9AC9991-7054-4068-A7AA-9D1EB7F040A3,STAD,virchow2,Virchow2,40x,10x,-0.550266867112752,10,40× → 10×
TCGA-ZQ-A9CR-01Z-00-DX1.C9AC9991-7054-4068-A7AA-9D1EB7F040A3,STAD,virchow2,Virchow2,40x,2p5x,0.1307427583452894,10,40× → 2.5×
