cancer,case,model,scale,n_patches,dim
BLCA,TCGA-CF-A3MF-01Z-00-DX1.91768C26-5BB1-4DE6-9737-AA26BD687A75,gigapath,10x,26138,1536
BLCA,TCGA-CF-A3MF-01Z-00-DX1.91768C26-5BB1-4DE6-9737-AA26BD687A75,gigapath,2p5x,26138,1536
BLCA,TCGA-CF-A3MF-01Z-00-DX1.91768C26-5BB1-4DE6-9737-AA26BD687A75,gigapath,40x,26138,1536
BLCA,TCGA-CF-A3MF-01Z-00-DX1.91768C26-5BB1-4DE6-9737-AA26BD687A75,gigapath_flash,10x,26138,384
BLCA,TCGA-CF-A3MF-01Z-00-DX1.91768C26-5BB1-4DE6-9737-AA26BD687A75,gigapath_flash,2p5x,26138,384
BLCA,TCGA-CF-A3MF-01Z-00-DX1.91768C26-5BB1-4DE6-9737-AA26BD687A75,gigapath_flash,40x,26138,384
BLCA,TCGA-CF-A3MF-01Z-00-DX1.91768C26-5BB1-4DE6-9737-AA26BD687A75,midnight,10x,26138,3072
BLCA,TCGA-CF-A3MF-01Z-00-DX1.91768C26-5BB1-4DE6-9737-AA26BD687A75,midnight,2p5x,26138,3072
BLCA,TCGA-CF-A3MF-01Z-00-DX1.91768C26-5BB1-4DE6-9737-AA26BD687A75,midnight,40x,26138,3072
BLCA,TCGA-CF-A3MF-01Z-00-DX1.91768C26-5BB1-4DE6-9737-AA26BD687A75,phikon,10x,26138,768
BLCA,TCGA-CF-A3MF-01Z-00-DX1.91768C26-5BB1-4DE6-9737-AA26BD687A75,phikon,2p5x,26138,768
BLCA,TCGA-CF-A3MF-01Z-00-DX1.91768C26-5BB1-4DE6-9737-AA26BD687A75,phikon,40x,26138,768
BLCA,TCGA-CF-A3MF-01Z-00-DX1.91768C26-5BB1-4DE6-9737-AA26BD687A75,uni2,10x,26138,1536
BLCA,TCGA-CF-A3MF-01Z-00-DX1.91768C26-5BB1-4DE6-9737-AA26BD687A75,uni2,2p5x,26138,1536
BLCA,TCGA-CF-A3MF-01Z-00-DX1.91768C26-5BB1-4DE6-9737-AA26BD687A75,uni2,40x,26138,1536
BLCA,TCGA-CF-A3MF-01Z-00-DX1.91768C26-5BB1-4DE6-9737-AA26BD687A75,uni,10x,26138,1024
BLCA,TCGA-CF-A3MF-01Z-00-DX1.91768C26-5BB1-4DE6-9737-AA26BD687A75,uni,2p5x,26138,1024
BLCA,TCGA-CF-A3MF-01Z-00-DX1.91768C26-5BB1-4DE6-9737-AA26BD687A75,uni,40x,26138,1024
BLCA,TCGA-CF-A3MF-01Z-00-DX1.91768C26-5BB1-4DE6-9737-AA26BD687A75,virchow2,10x,26138,2560
BLCA,TCGA-CF-A3MF-01Z-00-DX1.91768C26-5BB1-4DE6-9737-AA26BD687A75,virchow2,2p5x,26138,2560
BLCA,TCGA-CF-A3MF-01Z-00-DX1.91768C26-5BB1-4DE6-9737-AA26BD687A75,virchow2,40x,26138,2560
BLCA,TCGA-CF-A3MF-01Z-00-DX1.91768C26-5BB1-4DE6-9737-AA26BD687A75,virchow,10x,26138,2560
BLCA,TCGA-CF-A3MF-01Z-00-DX1.91768C26-5BB1-4DE6-9737-AA26BD687A75,virchow,2p5x,26138,2560
BLCA,TCGA-CF-A3MF-01Z-00-DX1.91768C26-5BB1-4DE6-9737-AA26BD687A75,virchow,40x,26138,2560
BLCA,TCGA-CU-A0YN-01Z-00-DX1.6C5EAAAF-8F14-49D3-8FFC-9BDAE56CAFD0,gigapath,10x,2880,1536
BLCA,TCGA-CU-A0YN-01Z-00-DX1.6C5EAAAF-8F14-49D3-8FFC-9BDAE56CAFD0,gigapath,2p5x,2880,1536
BLCA,TCGA-CU-A0YN-01Z-00-DX1.6C5EAAAF-8F14-49D3-8FFC-9BDAE56CAFD0,gigapath,40x,2880,1536
BLCA,TCGA-CU-A0YN-01Z-00-DX1.6C5EAAAF-8F14-49D3-8FFC-9BDAE56CAFD0,gigapath_flash,10x,2880,384
BLCA,TCGA-CU-A0YN-01Z-00-DX1.6C5EAAAF-8F14-49D3-8FFC-9BDAE56CAFD0,gigapath_flash,2p5x,2880,384
BLCA,TCGA-CU-A0YN-01Z-00-DX1.6C5EAAAF-8F14-49D3-8FFC-9BDAE56CAFD0,gigapath_flash,40x,2880,384
BLCA,TCGA-CU-A0YN-01Z-00-DX1.6C5EAAAF-8F14-49D3-8FFC-9BDAE56CAFD0,midnight,10x,2880,3072
BLCA,TCGA-CU-A0YN-01Z-00-DX1.6C5EAAAF-8F14-49D3-8FFC-9BDAE56CAFD0,midnight,2p5x,2880,3072
BLCA,TCGA-CU-A0YN-01Z-00-DX1.6C5EAAAF-8F14-49D3-8FFC-9BDAE56CAFD0,midnight,40x,2880,3072
BLCA,TCGA-CU-A0YN-01Z-00-DX1.6C5EAAAF-8F14-49D3-8FFC-9BDAE56CAFD0,phikon,10x,2880,768
BLCA,TCGA-CU-A0YN-01Z-00-DX1.6C5EAAAF-8F14-49D3-8FFC-9BDAE56CAFD0,phikon,2p5x,2880,768
BLCA,TCGA-CU-A0YN-01Z-00-DX1.6C5EAAAF-8F14-49D3-8FFC-9BDAE56CAFD0,phikon,40x,2880,768
BLCA,TCGA-CU-A0YN-01Z-00-DX1.6C5EAAAF-8F14-49D3-8FFC-9BDAE56CAFD0,uni2,10x,2880,1536
BLCA,TCGA-CU-A0YN-01Z-00-DX1.6C5EAAAF-8F14-49D3-8FFC-9BDAE56CAFD0,uni2,2p5x,2880,1536
BLCA,TCGA-CU-A0YN-01Z-00-DX1.6C5EAAAF-8F14-49D3-8FFC-9BDAE56CAFD0,uni2,40x,2880,1536
BLCA,TCGA-CU-A0YN-01Z-00-DX1.6C5EAAAF-8F14-49D3-8FFC-9BDAE56CAFD0,uni,10x,2880,1024
BLCA,TCGA-CU-A0YN-01Z-00-DX1.6C5EAAAF-8F14-49D3-8FFC-9BDAE56CAFD0,uni,2p5x,2880,1024
BLCA,TCGA-CU-A0YN-01Z-00-DX1.6C5EAAAF-8F14-49D3-8FFC-9BDAE56CAFD0,uni,40x,2880,1024
BLCA,TCGA-CU-A0YN-01Z-00-DX1.6C5EAAAF-8F14-49D3-8FFC-9BDAE56CAFD0,virchow2,10x,2880,2560
BLCA,TCGA-CU-A0YN-01Z-00-DX1.6C5EAAAF-8F14-49D3-8FFC-9BDAE56CAFD0,virchow2,2p5x,2880,2560
BLCA,TCGA-CU-A0YN-01Z-00-DX1.6C5EAAAF-8F14-49D3-8FFC-9BDAE56CAFD0,virchow2,40x,2880,2560
BLCA,TCGA-CU-A0YN-01Z-00-DX1.6C5EAAAF-8F14-49D3-8FFC-9BDAE56CAFD0,virchow,10x,2880,2560
BLCA,TCGA-CU-A0YN-01Z-00-DX1.6C5EAAAF-8F14-49D3-8FFC-9BDAE56CAFD0,virchow,2p5x,2880,2560
BLCA,TCGA-CU-A0YN-01Z-00-DX1.6C5EAAAF-8F14-49D3-8FFC-9BDAE56CAFD0,virchow,40x,2880,2560
BLCA,TCGA-DK-A6AW-01Z-00-DX1.C2453A8C-8282-443C-9E76-5B6CAD2FE69B,gigapath,10x,15233,1536
BLCA,TCGA-DK-A6AW-01Z-00-DX1.C2453A8C-8282-443C-9E76-5B6CAD2FE69B,gigapath,2p5x,15233,1536
BLCA,TCGA-DK-A6AW-01Z-00-DX1.C2453A8C-8282-443C-9E76-5B6CAD2FE69B,gigapath,40x,15233,1536
BLCA,TCGA-DK-A6AW-01Z-00-DX1.C2453A8C-8282-443C-9E76-5B6CAD2FE69B,gigapath_flash,10x,15233,384
BLCA,TCGA-DK-A6AW-01Z-00-DX1.C2453A8C-8282-443C-9E76-5B6CAD2FE69B,gigapath_flash,2p5x,15233,384
BLCA,TCGA-DK-A6AW-01Z-00-DX1.C2453A8C-8282-443C-9E76-5B6CAD2FE69B,gigapath_flash,40x,15233,384
BLCA,TCGA-DK-A6AW-01Z-00-DX1.C2453A8C-8282-443C-9E76-5B6CAD2FE69B,midnight,10x,15233,3072
BLCA,TCGA-DK-A6AW-01Z-00-DX1.C2453A8C-8282-443C-9E76-5B6CAD2FE69B,midnight,2p5x,15233,3072
BLCA,TCGA-DK-A6AW-01Z-00-DX1.C2453A8C-8282-443C-9E76-5B6CAD2FE69B,midnight,40x,15233,3072
BLCA,TCGA-DK-A6AW-01Z-00-DX1.C2453A8C-8282-443C-9E76-5B6CAD2FE69B,phikon,10x,15233,768
BLCA,TCGA-DK-A6AW-01Z-00-DX1.C2453A8C-8282-443C-9E76-5B6CAD2FE69B,phikon,2p5x,15233,768
BLCA,TCGA-DK-A6AW-01Z-00-DX1.C2453A8C-8282-443C-9E76-5B6CAD2FE69B,phikon,40x,15233,768
BLCA,TCGA-DK-A6AW-01Z-00-DX1.C2453A8C-8282-443C-9E76-5B6CAD2FE69B,uni2,10x,15233,1536
BLCA,TCGA-DK-A6AW-01Z-00-DX1.C2453A8C-8282-443C-9E76-5B6CAD2FE69B,uni2,2p5x,15233,1536
BLCA,TCGA-DK-A6AW-01Z-00-DX1.C2453A8C-8282-443C-9E76-5B6CAD2FE69B,uni2,40x,15233,1536
BLCA,TCGA-DK-A6AW-01Z-00-DX1.C2453A8C-8282-443C-9E76-5B6CAD2FE69B,uni,10x,15233,1024
BLCA,TCGA-DK-A6AW-01Z-00-DX1.C2453A8C-8282-443C-9E76-5B6CAD2FE69B,uni,2p5x,15233,1024
BLCA,TCGA-DK-A6AW-01Z-00-DX1.C2453A8C-8282-443C-9E76-5B6CAD2FE69B,uni,40x,15233,1024
BLCA,TCGA-DK-A6AW-01Z-00-DX1.C2453A8C-8282-443C-9E76-5B6CAD2FE69B,virchow2,10x,15233,2560
BLCA,TCGA-DK-A6AW-01Z-00-DX1.C2453A8C-8282-443C-9E76-5B6CAD2FE69B,virchow2,2p5x,15233,2560
BLCA,TCGA-DK-A6AW-01Z-00-DX1.C2453A8C-8282-443C-9E76-5B6CAD2FE69B,virchow2,40x,15233,2560
BLCA,TCGA-DK-A6AW-01Z-00-DX1.C2453A8C-8282-443C-9E76-5B6CAD2FE69B,virchow,10x,15233,2560
BLCA,TCGA-DK-A6AW-01Z-00-DX1.C2453A8C-8282-443C-9E76-5B6CAD2FE69B,virchow,2p5x,15233,2560
BLCA,TCGA-DK-A6AW-01Z-00-DX1.C2453A8C-8282-443C-9E76-5B6CAD2FE69B,virchow,40x,15233,2560
BLCA,TCGA-DK-AA6L-01A-01-TSA.5794F0C6-9ED6-489A-9621-18CCC5935548,gigapath,10x,7165,1536
BLCA,TCGA-DK-AA6L-01A-01-TSA.5794F0C6-9ED6-489A-9621-18CCC5935548,gigapath,2p5x,7165,1536
BLCA,TCGA-DK-AA6L-01A-01-TSA.5794F0C6-9ED6-489A-9621-18CCC5935548,gigapath,40x,7165,1536
BLCA,TCGA-DK-AA6L-01A-01-TSA.5794F0C6-9ED6-489A-9621-18CCC5935548,gigapath_flash,10x,7165,384
BLCA,TCGA-DK-AA6L-01A-01-TSA.5794F0C6-9ED6-489A-9621-18CCC5935548,gigapath_flash,2p5x,7165,384
BLCA,TCGA-DK-AA6L-01A-01-TSA.5794F0C6-9ED6-489A-9621-18CCC5935548,gigapath_flash,40x,7165,384
BLCA,TCGA-DK-AA6L-01A-01-TSA.5794F0C6-9ED6-489A-9621-18CCC5935548,midnight,10x,7165,3072
BLCA,TCGA-DK-AA6L-01A-01-TSA.5794F0C6-9ED6-489A-9621-18CCC5935548,midnight,2p5x,7165,3072
BLCA,TCGA-DK-AA6L-01A-01-TSA.5794F0C6-9ED6-489A-9621-18CCC5935548,midnight,40x,7165,3072
BLCA,TCGA-DK-AA6L-01A-01-TSA.5794F0C6-9ED6-489A-9621-18CCC5935548,phikon,10x,7165,768
BLCA,TCGA-DK-AA6L-01A-01-TSA.5794F0C6-9ED6-489A-9621-18CCC5935548,phikon,2p5x,7165,768
BLCA,TCGA-DK-AA6L-01A-01-TSA.5794F0C6-9ED6-489A-9621-18CCC5935548,phikon,40x,7165,768
BLCA,TCGA-DK-AA6L-01A-01-TSA.5794F0C6-9ED6-489A-9621-18CCC5935548,uni2,10x,7165,1536
BLCA,TCGA-DK-AA6L-01A-01-TSA.5794F0C6-9ED6-489A-9621-18CCC5935548,uni2,2p5x,7165,1536
BLCA,TCGA-DK-AA6L-01A-01-TSA.5794F0C6-9ED6-489A-9621-18CCC5935548,uni2,40x,7165,1536
BLCA,TCGA-DK-AA6L-01A-01-TSA.5794F0C6-9ED6-489A-9621-18CCC5935548,uni,10x,7165,1024
BLCA,TCGA-DK-AA6L-01A-01-TSA.5794F0C6-9ED6-489A-9621-18CCC5935548,uni,2p5x,7165,1024
BLCA,TCGA-DK-AA6L-01A-01-TSA.5794F0C6-9ED6-489A-9621-18CCC5935548,uni,40x,7165,1024
BLCA,TCGA-DK-AA6L-01A-01-TSA.5794F0C6-9ED6-489A-9621-18CCC5935548,virchow2,10x,7165,2560
BLCA,TCGA-DK-AA6L-01A-01-TSA.5794F0C6-9ED6-489A-9621-18CCC5935548,virchow2,2p5x,7165,2560
BLCA,TCGA-DK-AA6L-01A-01-TSA.5794F0C6-9ED6-489A-9621-18CCC5935548,virchow2,40x,7165,2560
BLCA,TCGA-DK-AA6L-01A-01-TSA.5794F0C6-9ED6-489A-9621-18CCC5935548,virchow,10x,7165,2560
BLCA,TCGA-DK-AA6L-01A-01-TSA.5794F0C6-9ED6-489A-9621-18CCC5935548,virchow,2p5x,7165,2560
BLCA,TCGA-DK-AA6L-01A-01-TSA.5794F0C6-9ED6-489A-9621-18CCC5935548,virchow,40x,7165,2560
BLCA,TCGA-DK-AA77-01A-01-TSA.26CAF5CB-CC4F-4522-BD2B-343FB70205FE,gigapath,10x,3872,1536
BLCA,TCGA-DK-AA77-01A-01-TSA.26CAF5CB-CC4F-4522-BD2B-343FB70205FE,gigapath,2p5x,3872,1536
BLCA,TCGA-DK-AA77-01A-01-TSA.26CAF5CB-CC4F-4522-BD2B-343FB70205FE,gigapath,40x,3872,1536
BLCA,TCGA-DK-AA77-01A-01-TSA.26CAF5CB-CC4F-4522-BD2B-343FB70205FE,gigapath_flash,10x,3872,384
BLCA,TCGA-DK-AA77-01A-01-TSA.26CAF5CB-CC4F-4522-BD2B-343FB70205FE,gigapath_flash,2p5x,3872,384
BLCA,TCGA-DK-AA77-01A-01-TSA.26CAF5CB-CC4F-4522-BD2B-343FB70205FE,gigapath_flash,40x,3872,384
BLCA,TCGA-DK-AA77-01A-01-TSA.26CAF5CB-CC4F-4522-BD2B-343FB70205FE,midnight,10x,3872,3072
BLCA,TCGA-DK-AA77-01A-01-TSA.26CAF5CB-CC4F-4522-BD2B-343FB70205FE,midnight,2p5x,3872,3072
BLCA,TCGA-DK-AA77-01A-01-TSA.26CAF5CB-CC4F-4522-BD2B-343FB70205FE,midnight,40x,3872,3072
BLCA,TCGA-DK-AA77-01A-01-TSA.26CAF5CB-CC4F-4522-BD2B-343FB70205FE,phikon,10x,3872,768
BLCA,TCGA-DK-AA77-01A-01-TSA.26CAF5CB-CC4F-4522-BD2B-343FB70205FE,phikon,2p5x,3872,768
BLCA,TCGA-DK-AA77-01A-01-TSA.26CAF5CB-CC4F-4522-BD2B-343FB70205FE,phikon,40x,3872,768
BLCA,TCGA-DK-AA77-01A-01-TSA.26CAF5CB-CC4F-4522-BD2B-343FB70205FE,uni2,10x,3872,1536
BLCA,TCGA-DK-AA77-01A-01-TSA.26CAF5CB-CC4F-4522-BD2B-343FB70205FE,uni2,2p5x,3872,1536
BLCA,TCGA-DK-AA77-01A-01-TSA.26CAF5CB-CC4F-4522-BD2B-343FB70205FE,uni2,40x,3872,1536
BLCA,TCGA-DK-AA77-01A-01-TSA.26CAF5CB-CC4F-4522-BD2B-343FB70205FE,uni,10x,3872,1024
BLCA,TCGA-DK-AA77-01A-01-TSA.26CAF5CB-CC4F-4522-BD2B-343FB70205FE,uni,2p5x,3872,1024
BLCA,TCGA-DK-AA77-01A-01-TSA.26CAF5CB-CC4F-4522-BD2B-343FB70205FE,uni,40x,3872,1024
BLCA,TCGA-DK-AA77-01A-01-TSA.26CAF5CB-CC4F-4522-BD2B-343FB70205FE,virchow2,10x,3872,2560
BLCA,TCGA-DK-AA77-01A-01-TSA.26CAF5CB-CC4F-4522-BD2B-343FB70205FE,virchow2,2p5x,3872,2560
BLCA,TCGA-DK-AA77-01A-01-TSA.26CAF5CB-CC4F-4522-BD2B-343FB70205FE,virchow2,40x,3872,2560
BLCA,TCGA-DK-AA77-01A-01-TSA.26CAF5CB-CC4F-4522-BD2B-343FB70205FE,virchow,10x,3872,2560
BLCA,TCGA-DK-AA77-01A-01-TSA.26CAF5CB-CC4F-4522-BD2B-343FB70205FE,virchow,2p5x,3872,2560
BLCA,TCGA-DK-AA77-01A-01-TSA.26CAF5CB-CC4F-4522-BD2B-343FB70205FE,virchow,40x,3872,2560
BLCA,TCGA-FD-A6TK-01Z-00-DX1.B685DA87-72A6-4C38-8AA1-40B6E543383C,gigapath,10x,19445,1536
BLCA,TCGA-FD-A6TK-01Z-00-DX1.B685DA87-72A6-4C38-8AA1-40B6E543383C,gigapath,2p5x,19445,1536
BLCA,TCGA-FD-A6TK-01Z-00-DX1.B685DA87-72A6-4C38-8AA1-40B6E543383C,gigapath,40x,19445,1536
BLCA,TCGA-FD-A6TK-01Z-00-DX1.B685DA87-72A6-4C38-8AA1-40B6E543383C,gigapath_flash,10x,19445,384
BLCA,TCGA-FD-A6TK-01Z-00-DX1.B685DA87-72A6-4C38-8AA1-40B6E543383C,gigapath_flash,2p5x,19445,384
BLCA,TCGA-FD-A6TK-01Z-00-DX1.B685DA87-72A6-4C38-8AA1-40B6E543383C,gigapath_flash,40x,19445,384
BLCA,TCGA-FD-A6TK-01Z-00-DX1.B685DA87-72A6-4C38-8AA1-40B6E543383C,midnight,10x,19445,3072
BLCA,TCGA-FD-A6TK-01Z-00-DX1.B685DA87-72A6-4C38-8AA1-40B6E543383C,midnight,2p5x,19445,3072
BLCA,TCGA-FD-A6TK-01Z-00-DX1.B685DA87-72A6-4C38-8AA1-40B6E543383C,midnight,40x,19445,3072
BLCA,TCGA-FD-A6TK-01Z-00-DX1.B685DA87-72A6-4C38-8AA1-40B6E543383C,phikon,10x,19445,768
BLCA,TCGA-FD-A6TK-01Z-00-DX1.B685DA87-72A6-4C38-8AA1-40B6E543383C,phikon,2p5x,19445,768
BLCA,TCGA-FD-A6TK-01Z-00-DX1.B685DA87-72A6-4C38-8AA1-40B6E543383C,phikon,40x,19445,768
BLCA,TCGA-FD-A6TK-01Z-00-DX1.B685DA87-72A6-4C38-8AA1-40B6E543383C,uni2,10x,19445,1536
BLCA,TCGA-FD-A6TK-01Z-00-DX1.B685DA87-72A6-4C38-8AA1-40B6E543383C,uni2,2p5x,19445,1536
BLCA,TCGA-FD-A6TK-01Z-00-DX1.B685DA87-72A6-4C38-8AA1-40B6E543383C,uni2,40x,19445,1536
BLCA,TCGA-FD-A6TK-01Z-00-DX1.B685DA87-72A6-4C38-8AA1-40B6E543383C,uni,10x,19445,1024
BLCA,TCGA-FD-A6TK-01Z-00-DX1.B685DA87-72A6-4C38-8AA1-40B6E543383C,uni,2p5x,19445,1024
BLCA,TCGA-FD-A6TK-01Z-00-DX1.B685DA87-72A6-4C38-8AA1-40B6E543383C,uni,40x,19445,1024
BLCA,TCGA-FD-A6TK-01Z-00-DX1.B685DA87-72A6-4C38-8AA1-40B6E543383C,virchow2,10x,19445,2560
BLCA,TCGA-FD-A6TK-01Z-00-DX1.B685DA87-72A6-4C38-8AA1-40B6E543383C,virchow2,2p5x,19445,2560
BLCA,TCGA-FD-A6TK-01Z-00-DX1.B685DA87-72A6-4C38-8AA1-40B6E543383C,virchow2,40x,19445,2560
BLCA,TCGA-FD-A6TK-01Z-00-DX1.B685DA87-72A6-4C38-8AA1-40B6E543383C,virchow,10x,19445,2560
BLCA,TCGA-FD-A6TK-01Z-00-DX1.B685DA87-72A6-4C38-8AA1-40B6E543383C,virchow,2p5x,19445,2560
BLCA,TCGA-FD-A6TK-01Z-00-DX1.B685DA87-72A6-4C38-8AA1-40B6E543383C,virchow,40x,19445,2560
BLCA,TCGA-GU-AATP-01Z-00-DX1.0D8EC37C-88E7-49D5-A76D-F0A4A3FD8AE4,gigapath,10x,22018,1536
BLCA,TCGA-GU-AATP-01Z-00-DX1.0D8EC37C-88E7-49D5-A76D-F0A4A3FD8AE4,gigapath,2p5x,22018,1536
BLCA,TCGA-GU-AATP-01Z-00-DX1.0D8EC37C-88E7-49D5-A76D-F0A4A3FD8AE4,gigapath,40x,22018,1536
BLCA,TCGA-GU-AATP-01Z-00-DX1.0D8EC37C-88E7-49D5-A76D-F0A4A3FD8AE4,gigapath_flash,10x,22018,384
BLCA,TCGA-GU-AATP-01Z-00-DX1.0D8EC37C-88E7-49D5-A76D-F0A4A3FD8AE4,gigapath_flash,2p5x,22018,384
BLCA,TCGA-GU-AATP-01Z-00-DX1.0D8EC37C-88E7-49D5-A76D-F0A4A3FD8AE4,gigapath_flash,40x,22018,384
BLCA,TCGA-GU-AATP-01Z-00-DX1.0D8EC37C-88E7-49D5-A76D-F0A4A3FD8AE4,midnight,10x,22018,3072
BLCA,TCGA-GU-AATP-01Z-00-DX1.0D8EC37C-88E7-49D5-A76D-F0A4A3FD8AE4,midnight,2p5x,22018,3072
BLCA,TCGA-GU-AATP-01Z-00-DX1.0D8EC37C-88E7-49D5-A76D-F0A4A3FD8AE4,midnight,40x,22018,3072
BLCA,TCGA-GU-AATP-01Z-00-DX1.0D8EC37C-88E7-49D5-A76D-F0A4A3FD8AE4,phikon,10x,22018,768
BLCA,TCGA-GU-AATP-01Z-00-DX1.0D8EC37C-88E7-49D5-A76D-F0A4A3FD8AE4,phikon,2p5x,22018,768
BLCA,TCGA-GU-AATP-01Z-00-DX1.0D8EC37C-88E7-49D5-A76D-F0A4A3FD8AE4,phikon,40x,22018,768
BLCA,TCGA-GU-AATP-01Z-00-DX1.0D8EC37C-88E7-49D5-A76D-F0A4A3FD8AE4,uni2,10x,22018,1536
BLCA,TCGA-GU-AATP-01Z-00-DX1.0D8EC37C-88E7-49D5-A76D-F0A4A3FD8AE4,uni2,2p5x,22018,1536
BLCA,TCGA-GU-AATP-01Z-00-DX1.0D8EC37C-88E7-49D5-A76D-F0A4A3FD8AE4,uni2,40x,22018,1536
BLCA,TCGA-GU-AATP-01Z-00-DX1.0D8EC37C-88E7-49D5-A76D-F0A4A3FD8AE4,uni,10x,22018,1024
BLCA,TCGA-GU-AATP-01Z-00-DX1.0D8EC37C-88E7-49D5-A76D-F0A4A3FD8AE4,uni,2p5x,22018,1024
BLCA,TCGA-GU-AATP-01Z-00-DX1.0D8EC37C-88E7-49D5-A76D-F0A4A3FD8AE4,uni,40x,22018,1024
BLCA,TCGA-GU-AATP-01Z-00-DX1.0D8EC37C-88E7-49D5-A76D-F0A4A3FD8AE4,virchow2,10x,22018,2560
BLCA,TCGA-GU-AATP-01Z-00-DX1.0D8EC37C-88E7-49D5-A76D-F0A4A3FD8AE4,virchow2,2p5x,22018,2560
BLCA,TCGA-GU-AATP-01Z-00-DX1.0D8EC37C-88E7-49D5-A76D-F0A4A3FD8AE4,virchow2,40x,22018,2560
BLCA,TCGA-GU-AATP-01Z-00-DX1.0D8EC37C-88E7-49D5-A76D-F0A4A3FD8AE4,virchow,10x,22018,2560
BLCA,TCGA-GU-AATP-01Z-00-DX1.0D8EC37C-88E7-49D5-A76D-F0A4A3FD8AE4,virchow,2p5x,22018,2560
BLCA,TCGA-GU-AATP-01Z-00-DX1.0D8EC37C-88E7-49D5-A76D-F0A4A3FD8AE4,virchow,40x,22018,2560
BLCA,TCGA-XF-A8HB-01Z-00-DX1.D6874152-D20A-4CA4-8E8B-8CBAB5F7D7B5,gigapath,10x,14662,1536
BLCA,TCGA-XF-A8HB-01Z-00-DX1.D6874152-D20A-4CA4-8E8B-8CBAB5F7D7B5,gigapath,2p5x,14662,1536
BLCA,TCGA-XF-A8HB-01Z-00-DX1.D6874152-D20A-4CA4-8E8B-8CBAB5F7D7B5,gigapath,40x,14662,1536
BLCA,TCGA-XF-A8HB-01Z-00-DX1.D6874152-D20A-4CA4-8E8B-8CBAB5F7D7B5,gigapath_flash,10x,14662,384
BLCA,TCGA-XF-A8HB-01Z-00-DX1.D6874152-D20A-4CA4-8E8B-8CBAB5F7D7B5,gigapath_flash,2p5x,14662,384
BLCA,TCGA-XF-A8HB-01Z-00-DX1.D6874152-D20A-4CA4-8E8B-8CBAB5F7D7B5,gigapath_flash,40x,14662,384
BLCA,TCGA-XF-A8HB-01Z-00-DX1.D6874152-D20A-4CA4-8E8B-8CBAB5F7D7B5,midnight,10x,14662,3072
BLCA,TCGA-XF-A8HB-01Z-00-DX1.D6874152-D20A-4CA4-8E8B-8CBAB5F7D7B5,midnight,2p5x,14662,3072
BLCA,TCGA-XF-A8HB-01Z-00-DX1.D6874152-D20A-4CA4-8E8B-8CBAB5F7D7B5,midnight,40x,14662,3072
BLCA,TCGA-XF-A8HB-01Z-00-DX1.D6874152-D20A-4CA4-8E8B-8CBAB5F7D7B5,phikon,10x,14662,768
BLCA,TCGA-XF-A8HB-01Z-00-DX1.D6874152-D20A-4CA4-8E8B-8CBAB5F7D7B5,phikon,2p5x,14662,768
BLCA,TCGA-XF-A8HB-01Z-00-DX1.D6874152-D20A-4CA4-8E8B-8CBAB5F7D7B5,phikon,40x,14662,768
BLCA,TCGA-XF-A8HB-01Z-00-DX1.D6874152-D20A-4CA4-8E8B-8CBAB5F7D7B5,uni2,10x,14662,1536
BLCA,TCGA-XF-A8HB-01Z-00-DX1.D6874152-D20A-4CA4-8E8B-8CBAB5F7D7B5,uni2,2p5x,14662,1536
BLCA,TCGA-XF-A8HB-01Z-00-DX1.D6874152-D20A-4CA4-8E8B-8CBAB5F7D7B5,uni2,40x,14662,1536
BLCA,TCGA-XF-A8HB-01Z-00-DX1.D6874152-D20A-4CA4-8E8B-8CBAB5F7D7B5,uni,10x,14662,1024
BLCA,TCGA-XF-A8HB-01Z-00-DX1.D6874152-D20A-4CA4-8E8B-8CBAB5F7D7B5,uni,2p5x,14662,1024
BLCA,TCGA-XF-A8HB-01Z-00-DX1.D6874152-D20A-4CA4-8E8B-8CBAB5F7D7B5,uni,40x,14662,1024
BLCA,TCGA-XF-A8HB-01Z-00-DX1.D6874152-D20A-4CA4-8E8B-8CBAB5F7D7B5,virchow2,10x,14662,2560
BLCA,TCGA-XF-A8HB-01Z-00-DX1.D6874152-D20A-4CA4-8E8B-8CBAB5F7D7B5,virchow2,2p5x,14662,2560
BLCA,TCGA-XF-A8HB-01Z-00-DX1.D6874152-D20A-4CA4-8E8B-8CBAB5F7D7B5,virchow2,40x,14662,2560
BLCA,TCGA-XF-A8HB-01Z-00-DX1.D6874152-D20A-4CA4-8E8B-8CBAB5F7D7B5,virchow,10x,14662,2560
BLCA,TCGA-XF-A8HB-01Z-00-DX1.D6874152-D20A-4CA4-8E8B-8CBAB5F7D7B5,virchow,2p5x,14662,2560
BLCA,TCGA-XF-A8HB-01Z-00-DX1.D6874152-D20A-4CA4-8E8B-8CBAB5F7D7B5,virchow,40x,14662,2560
BLCA,TCGA-ZF-A9R1-01Z-00-DX1.74520759-D448-45B5-B8AD-45502C99A519,gigapath,10x,16065,1536
BLCA,TCGA-ZF-A9R1-01Z-00-DX1.74520759-D448-45B5-B8AD-45502C99A519,gigapath,2p5x,16065,1536
BLCA,TCGA-ZF-A9R1-01Z-00-DX1.74520759-D448-45B5-B8AD-45502C99A519,gigapath,40x,16065,1536
BLCA,TCGA-ZF-A9R1-01Z-00-DX1.74520759-D448-45B5-B8AD-45502C99A519,gigapath_flash,10x,16065,384
BLCA,TCGA-ZF-A9R1-01Z-00-DX1.74520759-D448-45B5-B8AD-45502C99A519,gigapath_flash,2p5x,16065,384
BLCA,TCGA-ZF-A9R1-01Z-00-DX1.74520759-D448-45B5-B8AD-45502C99A519,gigapath_flash,40x,16065,384
BLCA,TCGA-ZF-A9R1-01Z-00-DX1.74520759-D448-45B5-B8AD-45502C99A519,midnight,10x,16065,3072
BLCA,TCGA-ZF-A9R1-01Z-00-DX1.74520759-D448-45B5-B8AD-45502C99A519,midnight,2p5x,16065,3072
BLCA,TCGA-ZF-A9R1-01Z-00-DX1.74520759-D448-45B5-B8AD-45502C99A519,midnight,40x,16065,3072
BLCA,TCGA-ZF-A9R1-01Z-00-DX1.74520759-D448-45B5-B8AD-45502C99A519,phikon,10x,16065,768
BLCA,TCGA-ZF-A9R1-01Z-00-DX1.74520759-D448-45B5-B8AD-45502C99A519,phikon,2p5x,16065,768
BLCA,TCGA-ZF-A9R1-01Z-00-DX1.74520759-D448-45B5-B8AD-45502C99A519,phikon,40x,16065,768
BLCA,TCGA-ZF-A9R1-01Z-00-DX1.74520759-D448-45B5-B8AD-45502C99A519,uni2,10x,16065,1536
BLCA,TCGA-ZF-A9R1-01Z-00-DX1.74520759-D448-45B5-B8AD-45502C99A519,uni2,2p5x,16065,1536
BLCA,TCGA-ZF-A9R1-01Z-00-DX1.74520759-D448-45B5-B8AD-45502C99A519,uni2,40x,16065,1536
BLCA,TCGA-ZF-A9R1-01Z-00-DX1.74520759-D448-45B5-B8AD-45502C99A519,uni,10x,16065,1024
BLCA,TCGA-ZF-A9R1-01Z-00-DX1.74520759-D448-45B5-B8AD-45502C99A519,uni,2p5x,16065,1024
BLCA,TCGA-ZF-A9R1-01Z-00-DX1.74520759-D448-45B5-B8AD-45502C99A519,uni,40x,16065,1024
BLCA,TCGA-ZF-A9R1-01Z-00-DX1.74520759-D448-45B5-B8AD-45502C99A519,virchow2,10x,16065,2560
BLCA,TCGA-ZF-A9R1-01Z-00-DX1.74520759-D448-45B5-B8AD-45502C99A519,virchow2,2p5x,16065,2560
BLCA,TCGA-ZF-A9R1-01Z-00-DX1.74520759-D448-45B5-B8AD-45502C99A519,virchow2,40x,16065,2560
BLCA,TCGA-ZF-A9R1-01Z-00-DX1.74520759-D448-45B5-B8AD-45502C99A519,virchow,10x,16065,2560
BLCA,TCGA-ZF-A9R1-01Z-00-DX1.74520759-D448-45B5-B8AD-45502C99A519,virchow,2p5x,16065,2560
BLCA,TCGA-ZF-A9R1-01Z-00-DX1.74520759-D448-45B5-B8AD-45502C99A519,virchow,40x,16065,2560
BLCA,TCGA-ZF-AA51-01Z-00-DX1.128C9731-C206-4E71-9A64-864FA9FD7E96,gigapath,10x,22108,1536
BLCA,TCGA-ZF-AA51-01Z-00-DX1.128C9731-C206-4E71-9A64-864FA9FD7E96,gigapath,2p5x,22108,1536
BLCA,TCGA-ZF-AA51-01Z-00-DX1.128C9731-C206-4E71-9A64-864FA9FD7E96,gigapath,40x,22108,1536
BLCA,TCGA-ZF-AA51-01Z-00-DX1.128C9731-C206-4E71-9A64-864FA9FD7E96,gigapath_flash,10x,22108,384
BLCA,TCGA-ZF-AA51-01Z-00-DX1.128C9731-C206-4E71-9A64-864FA9FD7E96,gigapath_flash,2p5x,22108,384
BLCA,TCGA-ZF-AA51-01Z-00-DX1.128C9731-C206-4E71-9A64-864FA9FD7E96,gigapath_flash,40x,22108,384
BLCA,TCGA-ZF-AA51-01Z-00-DX1.128C9731-C206-4E71-9A64-864FA9FD7E96,midnight,10x,22108,3072
BLCA,TCGA-ZF-AA51-01Z-00-DX1.128C9731-C206-4E71-9A64-864FA9FD7E96,midnight,2p5x,22108,3072
BLCA,TCGA-ZF-AA51-01Z-00-DX1.128C9731-C206-4E71-9A64-864FA9FD7E96,midnight,40x,22108,3072
BLCA,TCGA-ZF-AA51-01Z-00-DX1.128C9731-C206-4E71-9A64-864FA9FD7E96,phikon,10x,22108,768
BLCA,TCGA-ZF-AA51-01Z-00-DX1.128C9731-C206-4E71-9A64-864FA9FD7E96,phikon,2p5x,22108,768
BLCA,TCGA-ZF-AA51-01Z-00-DX1.128C9731-C206-4E71-9A64-864FA9FD7E96,phikon,40x,22108,768
BLCA,TCGA-ZF-AA51-01Z-00-DX1.128C9731-C206-4E71-9A64-864FA9FD7E96,uni2,10x,22108,1536
BLCA,TCGA-ZF-AA51-01Z-00-DX1.128C9731-C206-4E71-9A64-864FA9FD7E96,uni2,2p5x,22108,1536
BLCA,TCGA-ZF-AA51-01Z-00-DX1.128C9731-C206-4E71-9A64-864FA9FD7E96,uni2,40x,22108,1536
BLCA,TCGA-ZF-AA51-01Z-00-DX1.128C9731-C206-4E71-9A64-864FA9FD7E96,uni,10x,22108,1024
BLCA,TCGA-ZF-AA51-01Z-00-DX1.128C9731-C206-4E71-9A64-864FA9FD7E96,uni,2p5x,22108,1024
BLCA,TCGA-ZF-AA51-01Z-00-DX1.128C9731-C206-4E71-9A64-864FA9FD7E96,uni,40x,22108,1024
BLCA,TCGA-ZF-AA51-01Z-00-DX1.128C9731-C206-4E71-9A64-864FA9FD7E96,virchow2,10x,22108,2560
BLCA,TCGA-ZF-AA51-01Z-00-DX1.128C9731-C206-4E71-9A64-864FA9FD7E96,virchow2,2p5x,22108,2560
BLCA,TCGA-ZF-AA51-01Z-00-DX1.128C9731-C206-4E71-9A64-864FA9FD7E96,virchow2,40x,22108,2560
BLCA,TCGA-ZF-AA51-01Z-00-DX1.128C9731-C206-4E71-9A64-864FA9FD7E96,virchow,10x,22108,2560
BLCA,TCGA-ZF-AA51-01Z-00-DX1.128C9731-C206-4E71-9A64-864FA9FD7E96,virchow,2p5x,22108,2560
BLCA,TCGA-ZF-AA51-01Z-00-DX1.128C9731-C206-4E71-9A64-864FA9FD7E96,virchow,40x,22108,2560
BRCA,TCGA-A7-A2KD-01Z-00-DX1.BFF2DFC8-1D95-4DC2-98FC-5BD7D7C6CDF5,gigapath,10x,13242,1536
BRCA,TCGA-A7-A2KD-01Z-00-DX1.BFF2DFC8-1D95-4DC2-98FC-5BD7D7C6CDF5,gigapath,2p5x,13242,1536
BRCA,TCGA-A7-A2KD-01Z-00-DX1.BFF2DFC8-1D95-4DC2-98FC-5BD7D7C6CDF5,gigapath,40x,13242,1536
BRCA,TCGA-A7-A2KD-01Z-00-DX1.BFF2DFC8-1D95-4DC2-98FC-5BD7D7C6CDF5,gigapath_flash,10x,13242,384
BRCA,TCGA-A7-A2KD-01Z-00-DX1.BFF2DFC8-1D95-4DC2-98FC-5BD7D7C6CDF5,gigapath_flash,2p5x,13242,384
BRCA,TCGA-A7-A2KD-01Z-00-DX1.BFF2DFC8-1D95-4DC2-98FC-5BD7D7C6CDF5,gigapath_flash,40x,13242,384
BRCA,TCGA-A7-A2KD-01Z-00-DX1.BFF2DFC8-1D95-4DC2-98FC-5BD7D7C6CDF5,midnight,10x,13242,3072
BRCA,TCGA-A7-A2KD-01Z-00-DX1.BFF2DFC8-1D95-4DC2-98FC-5BD7D7C6CDF5,midnight,2p5x,13242,3072
BRCA,TCGA-A7-A2KD-01Z-00-DX1.BFF2DFC8-1D95-4DC2-98FC-5BD7D7C6CDF5,midnight,40x,13242,3072
BRCA,TCGA-A7-A2KD-01Z-00-DX1.BFF2DFC8-1D95-4DC2-98FC-5BD7D7C6CDF5,phikon,10x,13242,768
BRCA,TCGA-A7-A2KD-01Z-00-DX1.BFF2DFC8-1D95-4DC2-98FC-5BD7D7C6CDF5,phikon,2p5x,13242,768
BRCA,TCGA-A7-A2KD-01Z-00-DX1.BFF2DFC8-1D95-4DC2-98FC-5BD7D7C6CDF5,phikon,40x,13242,768
BRCA,TCGA-A7-A2KD-01Z-00-DX1.BFF2DFC8-1D95-4DC2-98FC-5BD7D7C6CDF5,uni2,10x,13242,1536
BRCA,TCGA-A7-A2KD-01Z-00-DX1.BFF2DFC8-1D95-4DC2-98FC-5BD7D7C6CDF5,uni2,2p5x,13242,1536
BRCA,TCGA-A7-A2KD-01Z-00-DX1.BFF2DFC8-1D95-4DC2-98FC-5BD7D7C6CDF5,uni2,40x,13242,1536
BRCA,TCGA-A7-A2KD-01Z-00-DX1.BFF2DFC8-1D95-4DC2-98FC-5BD7D7C6CDF5,uni,10x,13242,1024
BRCA,TCGA-A7-A2KD-01Z-00-DX1.BFF2DFC8-1D95-4DC2-98FC-5BD7D7C6CDF5,uni,2p5x,13242,1024
BRCA,TCGA-A7-A2KD-01Z-00-DX1.BFF2DFC8-1D95-4DC2-98FC-5BD7D7C6CDF5,uni,40x,13242,1024
BRCA,TCGA-A7-A2KD-01Z-00-DX1.BFF2DFC8-1D95-4DC2-98FC-5BD7D7C6CDF5,virchow2,10x,13242,2560
BRCA,TCGA-A7-A2KD-01Z-00-DX1.BFF2DFC8-1D95-4DC2-98FC-5BD7D7C6CDF5,virchow2,2p5x,13242,2560
BRCA,TCGA-A7-A2KD-01Z-00-DX1.BFF2DFC8-1D95-4DC2-98FC-5BD7D7C6CDF5,virchow2,40x,13242,2560
BRCA,TCGA-A7-A2KD-01Z-00-DX1.BFF2DFC8-1D95-4DC2-98FC-5BD7D7C6CDF5,virchow,10x,13242,2560
BRCA,TCGA-A7-A2KD-01Z-00-DX1.BFF2DFC8-1D95-4DC2-98FC-5BD7D7C6CDF5,virchow,2p5x,13242,2560
BRCA,TCGA-A7-A2KD-01Z-00-DX1.BFF2DFC8-1D95-4DC2-98FC-5BD7D7C6CDF5,virchow,40x,13242,2560
BRCA,TCGA-AN-A0G0-01Z-00-DX1.BE0BB5DF-DEDA-48D8-B5D8-2735C767F28F,gigapath,10x,4987,1536
BRCA,TCGA-AN-A0G0-01Z-00-DX1.BE0BB5DF-DEDA-48D8-B5D8-2735C767F28F,gigapath,2p5x,4987,1536
BRCA,TCGA-AN-A0G0-01Z-00-DX1.BE0BB5DF-DEDA-48D8-B5D8-2735C767F28F,gigapath,40x,4987,1536
BRCA,TCGA-AN-A0G0-01Z-00-DX1.BE0BB5DF-DEDA-48D8-B5D8-2735C767F28F,gigapath_flash,10x,4987,384
BRCA,TCGA-AN-A0G0-01Z-00-DX1.BE0BB5DF-DEDA-48D8-B5D8-2735C767F28F,gigapath_flash,2p5x,4987,384
BRCA,TCGA-AN-A0G0-01Z-00-DX1.BE0BB5DF-DEDA-48D8-B5D8-2735C767F28F,gigapath_flash,40x,4987,384
BRCA,TCGA-AN-A0G0-01Z-00-DX1.BE0BB5DF-DEDA-48D8-B5D8-2735C767F28F,midnight,10x,4987,3072
BRCA,TCGA-AN-A0G0-01Z-00-DX1.BE0BB5DF-DEDA-48D8-B5D8-2735C767F28F,midnight,2p5x,4987,3072
BRCA,TCGA-AN-A0G0-01Z-00-DX1.BE0BB5DF-DEDA-48D8-B5D8-2735C767F28F,midnight,40x,4987,3072
BRCA,TCGA-AN-A0G0-01Z-00-DX1.BE0BB5DF-DEDA-48D8-B5D8-2735C767F28F,phikon,10x,4987,768
BRCA,TCGA-AN-A0G0-01Z-00-DX1.BE0BB5DF-DEDA-48D8-B5D8-2735C767F28F,phikon,2p5x,4987,768
BRCA,TCGA-AN-A0G0-01Z-00-DX1.BE0BB5DF-DEDA-48D8-B5D8-2735C767F28F,phikon,40x,4987,768
BRCA,TCGA-AN-A0G0-01Z-00-DX1.BE0BB5DF-DEDA-48D8-B5D8-2735C767F28F,uni2,10x,4987,1536
BRCA,TCGA-AN-A0G0-01Z-00-DX1.BE0BB5DF-DEDA-48D8-B5D8-2735C767F28F,uni2,2p5x,4987,1536
BRCA,TCGA-AN-A0G0-01Z-00-DX1.BE0BB5DF-DEDA-48D8-B5D8-2735C767F28F,uni2,40x,4987,1536
BRCA,TCGA-AN-A0G0-01Z-00-DX1.BE0BB5DF-DEDA-48D8-B5D8-2735C767F28F,uni,10x,4987,1024
BRCA,TCGA-AN-A0G0-01Z-00-DX1.BE0BB5DF-DEDA-48D8-B5D8-2735C767F28F,uni,2p5x,4987,1024
BRCA,TCGA-AN-A0G0-01Z-00-DX1.BE0BB5DF-DEDA-48D8-B5D8-2735C767F28F,uni,40x,4987,1024
BRCA,TCGA-AN-A0G0-01Z-00-DX1.BE0BB5DF-DEDA-48D8-B5D8-2735C767F28F,virchow2,10x,4987,2560
BRCA,TCGA-AN-A0G0-01Z-00-DX1.BE0BB5DF-DEDA-48D8-B5D8-2735C767F28F,virchow2,2p5x,4987,2560
BRCA,TCGA-AN-A0G0-01Z-00-DX1.BE0BB5DF-DEDA-48D8-B5D8-2735C767F28F,virchow2,40x,4987,2560
BRCA,TCGA-AN-A0G0-01Z-00-DX1.BE0BB5DF-DEDA-48D8-B5D8-2735C767F28F,virchow,10x,4987,2560
BRCA,TCGA-AN-A0G0-01Z-00-DX1.BE0BB5DF-DEDA-48D8-B5D8-2735C767F28F,virchow,2p5x,4987,2560
BRCA,TCGA-AN-A0G0-01Z-00-DX1.BE0BB5DF-DEDA-48D8-B5D8-2735C767F28F,virchow,40x,4987,2560
BRCA,TCGA-AQ-A04L-01Z-00-DX1.F35BF4DD-896A-43C2-8DA6-C67945C003BE,gigapath,10x,6966,1536
BRCA,TCGA-AQ-A04L-01Z-00-DX1.F35BF4DD-896A-43C2-8DA6-C67945C003BE,gigapath,2p5x,6966,1536
BRCA,TCGA-AQ-A04L-01Z-00-DX1.F35BF4DD-896A-43C2-8DA6-C67945C003BE,gigapath,40x,6966,1536
BRCA,TCGA-AQ-A04L-01Z-00-DX1.F35BF4DD-896A-43C2-8DA6-C67945C003BE,gigapath_flash,10x,6966,384
BRCA,TCGA-AQ-A04L-01Z-00-DX1.F35BF4DD-896A-43C2-8DA6-C67945C003BE,gigapath_flash,2p5x,6966,384
BRCA,TCGA-AQ-A04L-01Z-00-DX1.F35BF4DD-896A-43C2-8DA6-C67945C003BE,gigapath_flash,40x,6966,384
BRCA,TCGA-AQ-A04L-01Z-00-DX1.F35BF4DD-896A-43C2-8DA6-C67945C003BE,midnight,10x,6966,3072
BRCA,TCGA-AQ-A04L-01Z-00-DX1.F35BF4DD-896A-43C2-8DA6-C67945C003BE,midnight,2p5x,6966,3072
BRCA,TCGA-AQ-A04L-01Z-00-DX1.F35BF4DD-896A-43C2-8DA6-C67945C003BE,midnight,40x,6966,3072
BRCA,TCGA-AQ-A04L-01Z-00-DX1.F35BF4DD-896A-43C2-8DA6-C67945C003BE,phikon,10x,6966,768
BRCA,TCGA-AQ-A04L-01Z-00-DX1.F35BF4DD-896A-43C2-8DA6-C67945C003BE,phikon,2p5x,6966,768
BRCA,TCGA-AQ-A04L-01Z-00-DX1.F35BF4DD-896A-43C2-8DA6-C67945C003BE,phikon,40x,6966,768
BRCA,TCGA-AQ-A04L-01Z-00-DX1.F35BF4DD-896A-43C2-8DA6-C67945C003BE,uni2,10x,6966,1536
BRCA,TCGA-AQ-A04L-01Z-00-DX1.F35BF4DD-896A-43C2-8DA6-C67945C003BE,uni2,2p5x,6966,1536
BRCA,TCGA-AQ-A04L-01Z-00-DX1.F35BF4DD-896A-43C2-8DA6-C67945C003BE,uni2,40x,6966,1536
BRCA,TCGA-AQ-A04L-01Z-00-DX1.F35BF4DD-896A-43C2-8DA6-C67945C003BE,uni,10x,6966,1024
BRCA,TCGA-AQ-A04L-01Z-00-DX1.F35BF4DD-896A-43C2-8DA6-C67945C003BE,uni,2p5x,6966,1024
BRCA,TCGA-AQ-A04L-01Z-00-DX1.F35BF4DD-896A-43C2-8DA6-C67945C003BE,uni,40x,6966,1024
BRCA,TCGA-AQ-A04L-01Z-00-DX1.F35BF4DD-896A-43C2-8DA6-C67945C003BE,virchow2,10x,6966,2560
BRCA,TCGA-AQ-A04L-01Z-00-DX1.F35BF4DD-896A-43C2-8DA6-C67945C003BE,virchow2,2p5x,6966,2560
BRCA,TCGA-AQ-A04L-01Z-00-DX1.F35BF4DD-896A-43C2-8DA6-C67945C003BE,virchow2,40x,6966,2560
BRCA,TCGA-AQ-A04L-01Z-00-DX1.F35BF4DD-896A-43C2-8DA6-C67945C003BE,virchow,10x,6966,2560
BRCA,TCGA-AQ-A04L-01Z-00-DX1.F35BF4DD-896A-43C2-8DA6-C67945C003BE,virchow,2p5x,6966,2560
BRCA,TCGA-AQ-A04L-01Z-00-DX1.F35BF4DD-896A-43C2-8DA6-C67945C003BE,virchow,40x,6966,2560
BRCA,TCGA-AR-A2LK-01Z-00-DX1.FBD59C38-CD4E-4C22-BC74-A57C192A9BBC,gigapath,10x,11925,1536
BRCA,TCGA-AR-A2LK-01Z-00-DX1.FBD59C38-CD4E-4C22-BC74-A57C192A9BBC,gigapath,2p5x,11925,1536
BRCA,TCGA-AR-A2LK-01Z-00-DX1.FBD59C38-CD4E-4C22-BC74-A57C192A9BBC,gigapath,40x,11925,1536
BRCA,TCGA-AR-A2LK-01Z-00-DX1.FBD59C38-CD4E-4C22-BC74-A57C192A9BBC,gigapath_flash,10x,11925,384
BRCA,TCGA-AR-A2LK-01Z-00-DX1.FBD59C38-CD4E-4C22-BC74-A57C192A9BBC,gigapath_flash,2p5x,11925,384
BRCA,TCGA-AR-A2LK-01Z-00-DX1.FBD59C38-CD4E-4C22-BC74-A57C192A9BBC,gigapath_flash,40x,11925,384
BRCA,TCGA-AR-A2LK-01Z-00-DX1.FBD59C38-CD4E-4C22-BC74-A57C192A9BBC,midnight,10x,11925,3072
BRCA,TCGA-AR-A2LK-01Z-00-DX1.FBD59C38-CD4E-4C22-BC74-A57C192A9BBC,midnight,2p5x,11925,3072
BRCA,TCGA-AR-A2LK-01Z-00-DX1.FBD59C38-CD4E-4C22-BC74-A57C192A9BBC,midnight,40x,11925,3072
BRCA,TCGA-AR-A2LK-01Z-00-DX1.FBD59C38-CD4E-4C22-BC74-A57C192A9BBC,phikon,10x,11925,768
BRCA,TCGA-AR-A2LK-01Z-00-DX1.FBD59C38-CD4E-4C22-BC74-A57C192A9BBC,phikon,2p5x,11925,768
BRCA,TCGA-AR-A2LK-01Z-00-DX1.FBD59C38-CD4E-4C22-BC74-A57C192A9BBC,phikon,40x,11925,768
BRCA,TCGA-AR-A2LK-01Z-00-DX1.FBD59C38-CD4E-4C22-BC74-A57C192A9BBC,uni2,10x,11925,1536
BRCA,TCGA-AR-A2LK-01Z-00-DX1.FBD59C38-CD4E-4C22-BC74-A57C192A9BBC,uni2,2p5x,11925,1536
BRCA,TCGA-AR-A2LK-01Z-00-DX1.FBD59C38-CD4E-4C22-BC74-A57C192A9BBC,uni2,40x,11925,1536
BRCA,TCGA-AR-A2LK-01Z-00-DX1.FBD59C38-CD4E-4C22-BC74-A57C192A9BBC,uni,10x,11925,1024
BRCA,TCGA-AR-A2LK-01Z-00-DX1.FBD59C38-CD4E-4C22-BC74-A57C192A9BBC,uni,2p5x,11925,1024
BRCA,TCGA-AR-A2LK-01Z-00-DX1.FBD59C38-CD4E-4C22-BC74-A57C192A9BBC,uni,40x,11925,1024
BRCA,TCGA-AR-A2LK-01Z-00-DX1.FBD59C38-CD4E-4C22-BC74-A57C192A9BBC,virchow2,10x,11925,2560
BRCA,TCGA-AR-A2LK-01Z-00-DX1.FBD59C38-CD4E-4C22-BC74-A57C192A9BBC,virchow2,2p5x,11925,2560
BRCA,TCGA-AR-A2LK-01Z-00-DX1.FBD59C38-CD4E-4C22-BC74-A57C192A9BBC,virchow2,40x,11925,2560
BRCA,TCGA-AR-A2LK-01Z-00-DX1.FBD59C38-CD4E-4C22-BC74-A57C192A9BBC,virchow,10x,11925,2560
BRCA,TCGA-AR-A2LK-01Z-00-DX1.FBD59C38-CD4E-4C22-BC74-A57C192A9BBC,virchow,2p5x,11925,2560
BRCA,TCGA-AR-A2LK-01Z-00-DX1.FBD59C38-CD4E-4C22-BC74-A57C192A9BBC,virchow,40x,11925,2560
BRCA,TCGA-AR-A5QM-01Z-00-DX1.A9017CED-FF57-4090-95B9-94DC91854347,gigapath,10x,13639,1536
BRCA,TCGA-AR-A5QM-01Z-00-DX1.A9017CED-FF57-4090-95B9-94DC91854347,gigapath,2p5x,13639,1536
BRCA,TCGA-AR-A5QM-01Z-00-DX1.A9017CED-FF57-4090-95B9-94DC91854347,gigapath,40x,13639,1536
BRCA,TCGA-AR-A5QM-01Z-00-DX1.A9017CED-FF57-4090-95B9-94DC91854347,gigapath_flash,10x,13639,384
BRCA,TCGA-AR-A5QM-01Z-00-DX1.A9017CED-FF57-4090-95B9-94DC91854347,gigapath_flash,2p5x,13639,384
BRCA,TCGA-AR-A5QM-01Z-00-DX1.A9017CED-FF57-4090-95B9-94DC91854347,gigapath_flash,40x,13639,384
BRCA,TCGA-AR-A5QM-01Z-00-DX1.A9017CED-FF57-4090-95B9-94DC91854347,midnight,10x,13639,3072
BRCA,TCGA-AR-A5QM-01Z-00-DX1.A9017CED-FF57-4090-95B9-94DC91854347,midnight,2p5x,13639,3072
BRCA,TCGA-AR-A5QM-01Z-00-DX1.A9017CED-FF57-4090-95B9-94DC91854347,midnight,40x,13639,3072
BRCA,TCGA-AR-A5QM-01Z-00-DX1.A9017CED-FF57-4090-95B9-94DC91854347,phikon,10x,13639,768
BRCA,TCGA-AR-A5QM-01Z-00-DX1.A9017CED-FF57-4090-95B9-94DC91854347,phikon,2p5x,13639,768
BRCA,TCGA-AR-A5QM-01Z-00-DX1.A9017CED-FF57-4090-95B9-94DC91854347,phikon,40x,13639,768
BRCA,TCGA-AR-A5QM-01Z-00-DX1.A9017CED-FF57-4090-95B9-94DC91854347,uni2,10x,13639,1536
BRCA,TCGA-AR-A5QM-01Z-00-DX1.A9017CED-FF57-4090-95B9-94DC91854347,uni2,2p5x,13639,1536
BRCA,TCGA-AR-A5QM-01Z-00-DX1.A9017CED-FF57-4090-95B9-94DC91854347,uni2,40x,13639,1536
BRCA,TCGA-AR-A5QM-01Z-00-DX1.A9017CED-FF57-4090-95B9-94DC91854347,uni,10x,13639,1024
BRCA,TCGA-AR-A5QM-01Z-00-DX1.A9017CED-FF57-4090-95B9-94DC91854347,uni,2p5x,13639,1024
BRCA,TCGA-AR-A5QM-01Z-00-DX1.A9017CED-FF57-4090-95B9-94DC91854347,uni,40x,13639,1024
BRCA,TCGA-AR-A5QM-01Z-00-DX1.A9017CED-FF57-4090-95B9-94DC91854347,virchow2,10x,13639,2560
BRCA,TCGA-AR-A5QM-01Z-00-DX1.A9017CED-FF57-4090-95B9-94DC91854347,virchow2,2p5x,13639,2560
BRCA,TCGA-AR-A5QM-01Z-00-DX1.A9017CED-FF57-4090-95B9-94DC91854347,virchow2,40x,13639,2560
BRCA,TCGA-AR-A5QM-01Z-00-DX1.A9017CED-FF57-4090-95B9-94DC91854347,virchow,10x,13639,2560
BRCA,TCGA-AR-A5QM-01Z-00-DX1.A9017CED-FF57-4090-95B9-94DC91854347,virchow,2p5x,13639,2560
BRCA,TCGA-AR-A5QM-01Z-00-DX1.A9017CED-FF57-4090-95B9-94DC91854347,virchow,40x,13639,2560
BRCA,TCGA-BH-A0C1-01Z-00-DX1.21FE357E-B182-4397-BFEF-7E96E994236A,gigapath,10x,14097,1536
BRCA,TCGA-BH-A0C1-01Z-00-DX1.21FE357E-B182-4397-BFEF-7E96E994236A,gigapath,2p5x,14097,1536
BRCA,TCGA-BH-A0C1-01Z-00-DX1.21FE357E-B182-4397-BFEF-7E96E994236A,gigapath,40x,14097,1536
BRCA,TCGA-BH-A0C1-01Z-00-DX1.21FE357E-B182-4397-BFEF-7E96E994236A,gigapath_flash,10x,14097,384
BRCA,TCGA-BH-A0C1-01Z-00-DX1.21FE357E-B182-4397-BFEF-7E96E994236A,gigapath_flash,2p5x,14097,384
BRCA,TCGA-BH-A0C1-01Z-00-DX1.21FE357E-B182-4397-BFEF-7E96E994236A,gigapath_flash,40x,14097,384
BRCA,TCGA-BH-A0C1-01Z-00-DX1.21FE357E-B182-4397-BFEF-7E96E994236A,midnight,10x,14097,3072
BRCA,TCGA-BH-A0C1-01Z-00-DX1.21FE357E-B182-4397-BFEF-7E96E994236A,midnight,2p5x,14097,3072
BRCA,TCGA-BH-A0C1-01Z-00-DX1.21FE357E-B182-4397-BFEF-7E96E994236A,midnight,40x,14097,3072
BRCA,TCGA-BH-A0C1-01Z-00-DX1.21FE357E-B182-4397-BFEF-7E96E994236A,phikon,10x,14097,768
BRCA,TCGA-BH-A0C1-01Z-00-DX1.21FE357E-B182-4397-BFEF-7E96E994236A,phikon,2p5x,14097,768
BRCA,TCGA-BH-A0C1-01Z-00-DX1.21FE357E-B182-4397-BFEF-7E96E994236A,phikon,40x,14097,768
BRCA,TCGA-BH-A0C1-01Z-00-DX1.21FE357E-B182-4397-BFEF-7E96E994236A,uni2,10x,14097,1536
BRCA,TCGA-BH-A0C1-01Z-00-DX1.21FE357E-B182-4397-BFEF-7E96E994236A,uni2,2p5x,14097,1536
BRCA,TCGA-BH-A0C1-01Z-00-DX1.21FE357E-B182-4397-BFEF-7E96E994236A,uni2,40x,14097,1536
BRCA,TCGA-BH-A0C1-01Z-00-DX1.21FE357E-B182-4397-BFEF-7E96E994236A,uni,10x,14097,1024
BRCA,TCGA-BH-A0C1-01Z-00-DX1.21FE357E-B182-4397-BFEF-7E96E994236A,uni,2p5x,14097,1024
BRCA,TCGA-BH-A0C1-01Z-00-DX1.21FE357E-B182-4397-BFEF-7E96E994236A,uni,40x,14097,1024
BRCA,TCGA-BH-A0C1-01Z-00-DX1.21FE357E-B182-4397-BFEF-7E96E994236A,virchow2,10x,14097,2560
BRCA,TCGA-BH-A0C1-01Z-00-DX1.21FE357E-B182-4397-BFEF-7E96E994236A,virchow2,2p5x,14097,2560
BRCA,TCGA-BH-A0C1-01Z-00-DX1.21FE357E-B182-4397-BFEF-7E96E994236A,virchow2,40x,14097,2560
BRCA,TCGA-BH-A0C1-01Z-00-DX1.21FE357E-B182-4397-BFEF-7E96E994236A,virchow,10x,14097,2560
BRCA,TCGA-BH-A0C1-01Z-00-DX1.21FE357E-B182-4397-BFEF-7E96E994236A,virchow,2p5x,14097,2560
BRCA,TCGA-BH-A0C1-01Z-00-DX1.21FE357E-B182-4397-BFEF-7E96E994236A,virchow,40x,14097,2560
BRCA,TCGA-D8-A1X8-01Z-00-DX1.DDA3866E-C7CC-4650-BE2B-5C9A98A2D531,gigapath,10x,13628,1536
BRCA,TCGA-D8-A1X8-01Z-00-DX1.DDA3866E-C7CC-4650-BE2B-5C9A98A2D531,gigapath,2p5x,13628,1536
BRCA,TCGA-D8-A1X8-01Z-00-DX1.DDA3866E-C7CC-4650-BE2B-5C9A98A2D531,gigapath,40x,13628,1536
BRCA,TCGA-D8-A1X8-01Z-00-DX1.DDA3866E-C7CC-4650-BE2B-5C9A98A2D531,gigapath_flash,10x,13628,384
BRCA,TCGA-D8-A1X8-01Z-00-DX1.DDA3866E-C7CC-4650-BE2B-5C9A98A2D531,gigapath_flash,2p5x,13628,384
BRCA,TCGA-D8-A1X8-01Z-00-DX1.DDA3866E-C7CC-4650-BE2B-5C9A98A2D531,gigapath_flash,40x,13628,384
BRCA,TCGA-D8-A1X8-01Z-00-DX1.DDA3866E-C7CC-4650-BE2B-5C9A98A2D531,midnight,10x,13628,3072
BRCA,TCGA-D8-A1X8-01Z-00-DX1.DDA3866E-C7CC-4650-BE2B-5C9A98A2D531,midnight,2p5x,13628,3072
BRCA,TCGA-D8-A1X8-01Z-00-DX1.DDA3866E-C7CC-4650-BE2B-5C9A98A2D531,midnight,40x,13628,3072
BRCA,TCGA-D8-A1X8-01Z-00-DX1.DDA3866E-C7CC-4650-BE2B-5C9A98A2D531,phikon,10x,13628,768
BRCA,TCGA-D8-A1X8-01Z-00-DX1.DDA3866E-C7CC-4650-BE2B-5C9A98A2D531,phikon,2p5x,13628,768
BRCA,TCGA-D8-A1X8-01Z-00-DX1.DDA3866E-C7CC-4650-BE2B-5C9A98A2D531,phikon,40x,13628,768
BRCA,TCGA-D8-A1X8-01Z-00-DX1.DDA3866E-C7CC-4650-BE2B-5C9A98A2D531,uni2,10x,13628,1536
BRCA,TCGA-D8-A1X8-01Z-00-DX1.DDA3866E-C7CC-4650-BE2B-5C9A98A2D531,uni2,2p5x,13628,1536
BRCA,TCGA-D8-A1X8-01Z-00-DX1.DDA3866E-C7CC-4650-BE2B-5C9A98A2D531,uni2,40x,13628,1536
BRCA,TCGA-D8-A1X8-01Z-00-DX1.DDA3866E-C7CC-4650-BE2B-5C9A98A2D531,uni,10x,13628,1024
BRCA,TCGA-D8-A1X8-01Z-00-DX1.DDA3866E-C7CC-4650-BE2B-5C9A98A2D531,uni,2p5x,13628,1024
BRCA,TCGA-D8-A1X8-01Z-00-DX1.DDA3866E-C7CC-4650-BE2B-5C9A98A2D531,uni,40x,13628,1024
BRCA,TCGA-D8-A1X8-01Z-00-DX1.DDA3866E-C7CC-4650-BE2B-5C9A98A2D531,virchow2,10x,13628,2560
BRCA,TCGA-D8-A1X8-01Z-00-DX1.DDA3866E-C7CC-4650-BE2B-5C9A98A2D531,virchow2,2p5x,13628,2560
BRCA,TCGA-D8-A1X8-01Z-00-DX1.DDA3866E-C7CC-4650-BE2B-5C9A98A2D531,virchow2,40x,13628,2560
BRCA,TCGA-D8-A1X8-01Z-00-DX1.DDA3866E-C7CC-4650-BE2B-5C9A98A2D531,virchow,10x,13628,2560
BRCA,TCGA-D8-A1X8-01Z-00-DX1.DDA3866E-C7CC-4650-BE2B-5C9A98A2D531,virchow,2p5x,13628,2560
BRCA,TCGA-D8-A1X8-01Z-00-DX1.DDA3866E-C7CC-4650-BE2B-5C9A98A2D531,virchow,40x,13628,2560
BRCA,TCGA-E2-A14P-01Z-00-DX1.663B02FF-C64B-41A6-8685-FD61CD76F9C6,gigapath,10x,17521,1536
BRCA,TCGA-E2-A14P-01Z-00-DX1.663B02FF-C64B-41A6-8685-FD61CD76F9C6,gigapath,2p5x,17521,1536
BRCA,TCGA-E2-A14P-01Z-00-DX1.663B02FF-C64B-41A6-8685-FD61CD76F9C6,gigapath,40x,17521,1536
BRCA,TCGA-E2-A14P-01Z-00-DX1.663B02FF-C64B-41A6-8685-FD61CD76F9C6,gigapath_flash,10x,17521,384
BRCA,TCGA-E2-A14P-01Z-00-DX1.663B02FF-C64B-41A6-8685-FD61CD76F9C6,gigapath_flash,2p5x,17521,384
BRCA,TCGA-E2-A14P-01Z-00-DX1.663B02FF-C64B-41A6-8685-FD61CD76F9C6,gigapath_flash,40x,17521,384
BRCA,TCGA-E2-A14P-01Z-00-DX1.663B02FF-C64B-41A6-8685-FD61CD76F9C6,midnight,10x,17521,3072
BRCA,TCGA-E2-A14P-01Z-00-DX1.663B02FF-C64B-41A6-8685-FD61CD76F9C6,midnight,2p5x,17521,3072
BRCA,TCGA-E2-A14P-01Z-00-DX1.663B02FF-C64B-41A6-8685-FD61CD76F9C6,midnight,40x,17521,3072
BRCA,TCGA-E2-A14P-01Z-00-DX1.663B02FF-C64B-41A6-8685-FD61CD76F9C6,phikon,10x,17521,768
BRCA,TCGA-E2-A14P-01Z-00-DX1.663B02FF-C64B-41A6-8685-FD61CD76F9C6,phikon,2p5x,17521,768
BRCA,TCGA-E2-A14P-01Z-00-DX1.663B02FF-C64B-41A6-8685-FD61CD76F9C6,phikon,40x,17521,768
BRCA,TCGA-E2-A14P-01Z-00-DX1.663B02FF-C64B-41A6-8685-FD61CD76F9C6,uni2,10x,17521,1536
BRCA,TCGA-E2-A14P-01Z-00-DX1.663B02FF-C64B-41A6-8685-FD61CD76F9C6,uni2,2p5x,17521,1536
BRCA,TCGA-E2-A14P-01Z-00-DX1.663B02FF-C64B-41A6-8685-FD61CD76F9C6,uni2,40x,17521,1536
BRCA,TCGA-E2-A14P-01Z-00-DX1.663B02FF-C64B-41A6-8685-FD61CD76F9C6,uni,10x,17521,1024
BRCA,TCGA-E2-A14P-01Z-00-DX1.663B02FF-C64B-41A6-8685-FD61CD76F9C6,uni,2p5x,17521,1024
BRCA,TCGA-E2-A14P-01Z-00-DX1.663B02FF-C64B-41A6-8685-FD61CD76F9C6,uni,40x,17521,1024
BRCA,TCGA-E2-A14P-01Z-00-DX1.663B02FF-C64B-41A6-8685-FD61CD76F9C6,virchow2,10x,17521,2560
BRCA,TCGA-E2-A14P-01Z-00-DX1.663B02FF-C64B-41A6-8685-FD61CD76F9C6,virchow2,2p5x,17521,2560
BRCA,TCGA-E2-A14P-01Z-00-DX1.663B02FF-C64B-41A6-8685-FD61CD76F9C6,virchow2,40x,17521,2560
BRCA,TCGA-E2-A14P-01Z-00-DX1.663B02FF-C64B-41A6-8685-FD61CD76F9C6,virchow,10x,17521,2560
BRCA,TCGA-E2-A14P-01Z-00-DX1.663B02FF-C64B-41A6-8685-FD61CD76F9C6,virchow,2p5x,17521,2560
BRCA,TCGA-E2-A14P-01Z-00-DX1.663B02FF-C64B-41A6-8685-FD61CD76F9C6,virchow,40x,17521,2560
BRCA,TCGA-E2-A1LA-01Z-00-DX1.AE49E943-B830-4ED9-B09E-E499441BC2EC,gigapath,10x,16576,1536
BRCA,TCGA-E2-A1LA-01Z-00-DX1.AE49E943-B830-4ED9-B09E-E499441BC2EC,gigapath,2p5x,16576,1536
BRCA,TCGA-E2-A1LA-01Z-00-DX1.AE49E943-B830-4ED9-B09E-E499441BC2EC,gigapath,40x,16576,1536
BRCA,TCGA-E2-A1LA-01Z-00-DX1.AE49E943-B830-4ED9-B09E-E499441BC2EC,gigapath_flash,10x,16576,384
BRCA,TCGA-E2-A1LA-01Z-00-DX1.AE49E943-B830-4ED9-B09E-E499441BC2EC,gigapath_flash,2p5x,16576,384
BRCA,TCGA-E2-A1LA-01Z-00-DX1.AE49E943-B830-4ED9-B09E-E499441BC2EC,gigapath_flash,40x,16576,384
BRCA,TCGA-E2-A1LA-01Z-00-DX1.AE49E943-B830-4ED9-B09E-E499441BC2EC,midnight,10x,16576,3072
BRCA,TCGA-E2-A1LA-01Z-00-DX1.AE49E943-B830-4ED9-B09E-E499441BC2EC,midnight,2p5x,16576,3072
BRCA,TCGA-E2-A1LA-01Z-00-DX1.AE49E943-B830-4ED9-B09E-E499441BC2EC,midnight,40x,16576,3072
BRCA,TCGA-E2-A1LA-01Z-00-DX1.AE49E943-B830-4ED9-B09E-E499441BC2EC,phikon,10x,16576,768
BRCA,TCGA-E2-A1LA-01Z-00-DX1.AE49E943-B830-4ED9-B09E-E499441BC2EC,phikon,2p5x,16576,768
BRCA,TCGA-E2-A1LA-01Z-00-DX1.AE49E943-B830-4ED9-B09E-E499441BC2EC,phikon,40x,16576,768
BRCA,TCGA-E2-A1LA-01Z-00-DX1.AE49E943-B830-4ED9-B09E-E499441BC2EC,uni2,10x,16576,1536
BRCA,TCGA-E2-A1LA-01Z-00-DX1.AE49E943-B830-4ED9-B09E-E499441BC2EC,uni2,2p5x,16576,1536
BRCA,TCGA-E2-A1LA-01Z-00-DX1.AE49E943-B830-4ED9-B09E-E499441BC2EC,uni2,40x,16576,1536
BRCA,TCGA-E2-A1LA-01Z-00-DX1.AE49E943-B830-4ED9-B09E-E499441BC2EC,uni,10x,16576,1024
BRCA,TCGA-E2-A1LA-01Z-00-DX1.AE49E943-B830-4ED9-B09E-E499441BC2EC,uni,2p5x,16576,1024
BRCA,TCGA-E2-A1LA-01Z-00-DX1.AE49E943-B830-4ED9-B09E-E499441BC2EC,uni,40x,16576,1024
BRCA,TCGA-E2-A1LA-01Z-00-DX1.AE49E943-B830-4ED9-B09E-E499441BC2EC,virchow2,10x,16576,2560
BRCA,TCGA-E2-A1LA-01Z-00-DX1.AE49E943-B830-4ED9-B09E-E499441BC2EC,virchow2,2p5x,16576,2560
BRCA,TCGA-E2-A1LA-01Z-00-DX1.AE49E943-B830-4ED9-B09E-E499441BC2EC,virchow2,40x,16576,2560
BRCA,TCGA-E2-A1LA-01Z-00-DX1.AE49E943-B830-4ED9-B09E-E499441BC2EC,virchow,10x,16576,2560
BRCA,TCGA-E2-A1LA-01Z-00-DX1.AE49E943-B830-4ED9-B09E-E499441BC2EC,virchow,2p5x,16576,2560
BRCA,TCGA-E2-A1LA-01Z-00-DX1.AE49E943-B830-4ED9-B09E-E499441BC2EC,virchow,40x,16576,2560
BRCA,TCGA-GM-A3XN-01Z-00-DX1.49F5C8AC-0328-4BC2-9FE2-E7150B7A42E2,gigapath,10x,18199,1536
BRCA,TCGA-GM-A3XN-01Z-00-DX1.49F5C8AC-0328-4BC2-9FE2-E7150B7A42E2,gigapath,2p5x,18199,1536
BRCA,TCGA-GM-A3XN-01Z-00-DX1.49F5C8AC-0328-4BC2-9FE2-E7150B7A42E2,gigapath,40x,18199,1536
BRCA,TCGA-GM-A3XN-01Z-00-DX1.49F5C8AC-0328-4BC2-9FE2-E7150B7A42E2,gigapath_flash,10x,18199,384
BRCA,TCGA-GM-A3XN-01Z-00-DX1.49F5C8AC-0328-4BC2-9FE2-E7150B7A42E2,gigapath_flash,2p5x,18199,384
BRCA,TCGA-GM-A3XN-01Z-00-DX1.49F5C8AC-0328-4BC2-9FE2-E7150B7A42E2,gigapath_flash,40x,18199,384
BRCA,TCGA-GM-A3XN-01Z-00-DX1.49F5C8AC-0328-4BC2-9FE2-E7150B7A42E2,midnight,10x,18199,3072
BRCA,TCGA-GM-A3XN-01Z-00-DX1.49F5C8AC-0328-4BC2-9FE2-E7150B7A42E2,midnight,2p5x,18199,3072
BRCA,TCGA-GM-A3XN-01Z-00-DX1.49F5C8AC-0328-4BC2-9FE2-E7150B7A42E2,midnight,40x,18199,3072
BRCA,TCGA-GM-A3XN-01Z-00-DX1.49F5C8AC-0328-4BC2-9FE2-E7150B7A42E2,phikon,10x,18199,768
BRCA,TCGA-GM-A3XN-01Z-00-DX1.49F5C8AC-0328-4BC2-9FE2-E7150B7A42E2,phikon,2p5x,18199,768
BRCA,TCGA-GM-A3XN-01Z-00-DX1.49F5C8AC-0328-4BC2-9FE2-E7150B7A42E2,phikon,40x,18199,768
BRCA,TCGA-GM-A3XN-01Z-00-DX1.49F5C8AC-0328-4BC2-9FE2-E7150B7A42E2,uni2,10x,18199,1536
BRCA,TCGA-GM-A3XN-01Z-00-DX1.49F5C8AC-0328-4BC2-9FE2-E7150B7A42E2,uni2,2p5x,18199,1536
BRCA,TCGA-GM-A3XN-01Z-00-DX1.49F5C8AC-0328-4BC2-9FE2-E7150B7A42E2,uni2,40x,18199,1536
BRCA,TCGA-GM-A3XN-01Z-00-DX1.49F5C8AC-0328-4BC2-9FE2-E7150B7A42E2,uni,10x,18199,1024
BRCA,TCGA-GM-A3XN-01Z-00-DX1.49F5C8AC-0328-4BC2-9FE2-E7150B7A42E2,uni,2p5x,18199,1024
BRCA,TCGA-GM-A3XN-01Z-00-DX1.49F5C8AC-0328-4BC2-9FE2-E7150B7A42E2,uni,40x,18199,1024
BRCA,TCGA-GM-A3XN-01Z-00-DX1.49F5C8AC-0328-4BC2-9FE2-E7150B7A42E2,virchow2,10x,18199,2560
BRCA,TCGA-GM-A3XN-01Z-00-DX1.49F5C8AC-0328-4BC2-9FE2-E7150B7A42E2,virchow2,2p5x,18199,2560
BRCA,TCGA-GM-A3XN-01Z-00-DX1.49F5C8AC-0328-4BC2-9FE2-E7150B7A42E2,virchow2,40x,18199,2560
BRCA,TCGA-GM-A3XN-01Z-00-DX1.49F5C8AC-0328-4BC2-9FE2-E7150B7A42E2,virchow,10x,18199,2560
BRCA,TCGA-GM-A3XN-01Z-00-DX1.49F5C8AC-0328-4BC2-9FE2-E7150B7A42E2,virchow,2p5x,18199,2560
BRCA,TCGA-GM-A3XN-01Z-00-DX1.49F5C8AC-0328-4BC2-9FE2-E7150B7A42E2,virchow,40x,18199,2560
COAD,TCGA-AY-A8YK-01Z-00-DX1.89E3C546-0425-449B-A6FB-1C35168EA7EB,gigapath,10x,8285,1536
COAD,TCGA-AY-A8YK-01Z-00-DX1.89E3C546-0425-449B-A6FB-1C35168EA7EB,gigapath,2p5x,8285,1536
COAD,TCGA-AY-A8YK-01Z-00-DX1.89E3C546-0425-449B-A6FB-1C35168EA7EB,gigapath,40x,8285,1536
COAD,TCGA-AY-A8YK-01Z-00-DX1.89E3C546-0425-449B-A6FB-1C35168EA7EB,gigapath_flash,10x,8285,384
COAD,TCGA-AY-A8YK-01Z-00-DX1.89E3C546-0425-449B-A6FB-1C35168EA7EB,gigapath_flash,2p5x,8285,384
COAD,TCGA-AY-A8YK-01Z-00-DX1.89E3C546-0425-449B-A6FB-1C35168EA7EB,gigapath_flash,40x,8285,384
COAD,TCGA-AY-A8YK-01Z-00-DX1.89E3C546-0425-449B-A6FB-1C35168EA7EB,midnight,10x,8285,3072
COAD,TCGA-AY-A8YK-01Z-00-DX1.89E3C546-0425-449B-A6FB-1C35168EA7EB,midnight,2p5x,8285,3072
COAD,TCGA-AY-A8YK-01Z-00-DX1.89E3C546-0425-449B-A6FB-1C35168EA7EB,midnight,40x,8285,3072
COAD,TCGA-AY-A8YK-01Z-00-DX1.89E3C546-0425-449B-A6FB-1C35168EA7EB,phikon,10x,8285,768
COAD,TCGA-AY-A8YK-01Z-00-DX1.89E3C546-0425-449B-A6FB-1C35168EA7EB,phikon,2p5x,8285,768
COAD,TCGA-AY-A8YK-01Z-00-DX1.89E3C546-0425-449B-A6FB-1C35168EA7EB,phikon,40x,8285,768
COAD,TCGA-AY-A8YK-01Z-00-DX1.89E3C546-0425-449B-A6FB-1C35168EA7EB,uni2,10x,8285,1536
COAD,TCGA-AY-A8YK-01Z-00-DX1.89E3C546-0425-449B-A6FB-1C35168EA7EB,uni2,2p5x,8285,1536
COAD,TCGA-AY-A8YK-01Z-00-DX1.89E3C546-0425-449B-A6FB-1C35168EA7EB,uni2,40x,8285,1536
COAD,TCGA-AY-A8YK-01Z-00-DX1.89E3C546-0425-449B-A6FB-1C35168EA7EB,uni,10x,8285,1024
COAD,TCGA-AY-A8YK-01Z-00-DX1.89E3C546-0425-449B-A6FB-1C35168EA7EB,uni,2p5x,8285,1024
COAD,TCGA-AY-A8YK-01Z-00-DX1.89E3C546-0425-449B-A6FB-1C35168EA7EB,uni,40x,8285,1024
COAD,TCGA-AY-A8YK-01Z-00-DX1.89E3C546-0425-449B-A6FB-1C35168EA7EB,virchow2,10x,8285,2560
COAD,TCGA-AY-A8YK-01Z-00-DX1.89E3C546-0425-449B-A6FB-1C35168EA7EB,virchow2,2p5x,8285,2560
COAD,TCGA-AY-A8YK-01Z-00-DX1.89E3C546-0425-449B-A6FB-1C35168EA7EB,virchow2,40x,8285,2560
COAD,TCGA-AY-A8YK-01Z-00-DX1.89E3C546-0425-449B-A6FB-1C35168EA7EB,virchow,10x,8285,2560
COAD,TCGA-AY-A8YK-01Z-00-DX1.89E3C546-0425-449B-A6FB-1C35168EA7EB,virchow,2p5x,8285,2560
COAD,TCGA-AY-A8YK-01Z-00-DX1.89E3C546-0425-449B-A6FB-1C35168EA7EB,virchow,40x,8285,2560
COAD,TCGA-CK-4947-01Z-00-DX1.b257d5fd-b97b-4987-b088-77f044ca7fe2,gigapath,10x,23336,1536
COAD,TCGA-CK-4947-01Z-00-DX1.b257d5fd-b97b-4987-b088-77f044ca7fe2,gigapath,2p5x,23336,1536
COAD,TCGA-CK-4947-01Z-00-DX1.b257d5fd-b97b-4987-b088-77f044ca7fe2,gigapath,40x,23336,1536
COAD,TCGA-CK-4947-01Z-00-DX1.b257d5fd-b97b-4987-b088-77f044ca7fe2,gigapath_flash,10x,23336,384
COAD,TCGA-CK-4947-01Z-00-DX1.b257d5fd-b97b-4987-b088-77f044ca7fe2,gigapath_flash,2p5x,23336,384
COAD,TCGA-CK-4947-01Z-00-DX1.b257d5fd-b97b-4987-b088-77f044ca7fe2,gigapath_flash,40x,23336,384
COAD,TCGA-CK-4947-01Z-00-DX1.b257d5fd-b97b-4987-b088-77f044ca7fe2,midnight,10x,23336,3072
COAD,TCGA-CK-4947-01Z-00-DX1.b257d5fd-b97b-4987-b088-77f044ca7fe2,midnight,2p5x,23336,3072
COAD,TCGA-CK-4947-01Z-00-DX1.b257d5fd-b97b-4987-b088-77f044ca7fe2,midnight,40x,23336,3072
COAD,TCGA-CK-4947-01Z-00-DX1.b257d5fd-b97b-4987-b088-77f044ca7fe2,phikon,10x,23336,768
COAD,TCGA-CK-4947-01Z-00-DX1.b257d5fd-b97b-4987-b088-77f044ca7fe2,phikon,2p5x,23336,768
COAD,TCGA-CK-4947-01Z-00-DX1.b257d5fd-b97b-4987-b088-77f044ca7fe2,phikon,40x,23336,768
COAD,TCGA-CK-4947-01Z-00-DX1.b257d5fd-b97b-4987-b088-77f044ca7fe2,uni2,10x,23336,1536
COAD,TCGA-CK-4947-01Z-00-DX1.b257d5fd-b97b-4987-b088-77f044ca7fe2,uni2,2p5x,23336,1536
COAD,TCGA-CK-4947-01Z-00-DX1.b257d5fd-b97b-4987-b088-77f044ca7fe2,uni2,40x,23336,1536
COAD,TCGA-CK-4947-01Z-00-DX1.b257d5fd-b97b-4987-b088-77f044ca7fe2,uni,10x,23336,1024
COAD,TCGA-CK-4947-01Z-00-DX1.b257d5fd-b97b-4987-b088-77f044ca7fe2,uni,2p5x,23336,1024
COAD,TCGA-CK-4947-01Z-00-DX1.b257d5fd-b97b-4987-b088-77f044ca7fe2,uni,40x,23336,1024
COAD,TCGA-CK-4947-01Z-00-DX1.b257d5fd-b97b-4987-b088-77f044ca7fe2,virchow2,10x,23336,2560
COAD,TCGA-CK-4947-01Z-00-DX1.b257d5fd-b97b-4987-b088-77f044ca7fe2,virchow2,2p5x,23336,2560
COAD,TCGA-CK-4947-01Z-00-DX1.b257d5fd-b97b-4987-b088-77f044ca7fe2,virchow2,40x,23336,2560
COAD,TCGA-CK-4947-01Z-00-DX1.b257d5fd-b97b-4987-b088-77f044ca7fe2,virchow,10x,23336,2560
COAD,TCGA-CK-4947-01Z-00-DX1.b257d5fd-b97b-4987-b088-77f044ca7fe2,virchow,2p5x,23336,2560
COAD,TCGA-CK-4947-01Z-00-DX1.b257d5fd-b97b-4987-b088-77f044ca7fe2,virchow,40x,23336,2560
COAD,TCGA-CM-6168-01Z-00-DX1.96af6eb2-9d51-4671-baf8-1a73d0c66869,gigapath,10x,24102,1536
COAD,TCGA-CM-6168-01Z-00-DX1.96af6eb2-9d51-4671-baf8-1a73d0c66869,gigapath,2p5x,24102,1536
COAD,TCGA-CM-6168-01Z-00-DX1.96af6eb2-9d51-4671-baf8-1a73d0c66869,gigapath,40x,24102,1536
COAD,TCGA-CM-6168-01Z-00-DX1.96af6eb2-9d51-4671-baf8-1a73d0c66869,gigapath_flash,10x,24102,384
COAD,TCGA-CM-6168-01Z-00-DX1.96af6eb2-9d51-4671-baf8-1a73d0c66869,gigapath_flash,2p5x,24102,384
COAD,TCGA-CM-6168-01Z-00-DX1.96af6eb2-9d51-4671-baf8-1a73d0c66869,gigapath_flash,40x,24102,384
COAD,TCGA-CM-6168-01Z-00-DX1.96af6eb2-9d51-4671-baf8-1a73d0c66869,midnight,10x,24102,3072
COAD,TCGA-CM-6168-01Z-00-DX1.96af6eb2-9d51-4671-baf8-1a73d0c66869,midnight,2p5x,24102,3072
COAD,TCGA-CM-6168-01Z-00-DX1.96af6eb2-9d51-4671-baf8-1a73d0c66869,midnight,40x,24102,3072
COAD,TCGA-CM-6168-01Z-00-DX1.96af6eb2-9d51-4671-baf8-1a73d0c66869,phikon,10x,24102,768
COAD,TCGA-CM-6168-01Z-00-DX1.96af6eb2-9d51-4671-baf8-1a73d0c66869,phikon,2p5x,24102,768
COAD,TCGA-CM-6168-01Z-00-DX1.96af6eb2-9d51-4671-baf8-1a73d0c66869,phikon,40x,24102,768
COAD,TCGA-CM-6168-01Z-00-DX1.96af6eb2-9d51-4671-baf8-1a73d0c66869,uni2,10x,24102,1536
COAD,TCGA-CM-6168-01Z-00-DX1.96af6eb2-9d51-4671-baf8-1a73d0c66869,uni2,2p5x,24102,1536
COAD,TCGA-CM-6168-01Z-00-DX1.96af6eb2-9d51-4671-baf8-1a73d0c66869,uni2,40x,24102,1536
COAD,TCGA-CM-6168-01Z-00-DX1.96af6eb2-9d51-4671-baf8-1a73d0c66869,uni,10x,24102,1024
COAD,TCGA-CM-6168-01Z-00-DX1.96af6eb2-9d51-4671-baf8-1a73d0c66869,uni,2p5x,24102,1024
COAD,TCGA-CM-6168-01Z-00-DX1.96af6eb2-9d51-4671-baf8-1a73d0c66869,uni,40x,24102,1024
COAD,TCGA-CM-6168-01Z-00-DX1.96af6eb2-9d51-4671-baf8-1a73d0c66869,virchow2,10x,24102,2560
COAD,TCGA-CM-6168-01Z-00-DX1.96af6eb2-9d51-4671-baf8-1a73d0c66869,virchow2,2p5x,24102,2560
COAD,TCGA-CM-6168-01Z-00-DX1.96af6eb2-9d51-4671-baf8-1a73d0c66869,virchow2,40x,24102,2560
COAD,TCGA-CM-6168-01Z-00-DX1.96af6eb2-9d51-4671-baf8-1a73d0c66869,virchow,10x,24102,2560
COAD,TCGA-CM-6168-01Z-00-DX1.96af6eb2-9d51-4671-baf8-1a73d0c66869,virchow,2p5x,24102,2560
COAD,TCGA-CM-6168-01Z-00-DX1.96af6eb2-9d51-4671-baf8-1a73d0c66869,virchow,40x,24102,2560
COAD,TCGA-CM-6169-01Z-00-DX1.0381c243-02b8-4f1d-840c-19ef44d4b92c,gigapath,10x,18522,1536
COAD,TCGA-CM-6169-01Z-00-DX1.0381c243-02b8-4f1d-840c-19ef44d4b92c,gigapath,2p5x,18522,1536
COAD,TCGA-CM-6169-01Z-00-DX1.0381c243-02b8-4f1d-840c-19ef44d4b92c,gigapath,40x,18522,1536
COAD,TCGA-CM-6169-01Z-00-DX1.0381c243-02b8-4f1d-840c-19ef44d4b92c,gigapath_flash,10x,18522,384
COAD,TCGA-CM-6169-01Z-00-DX1.0381c243-02b8-4f1d-840c-19ef44d4b92c,gigapath_flash,2p5x,18522,384
COAD,TCGA-CM-6169-01Z-00-DX1.0381c243-02b8-4f1d-840c-19ef44d4b92c,gigapath_flash,40x,18522,384
COAD,TCGA-CM-6169-01Z-00-DX1.0381c243-02b8-4f1d-840c-19ef44d4b92c,midnight,10x,18522,3072
COAD,TCGA-CM-6169-01Z-00-DX1.0381c243-02b8-4f1d-840c-19ef44d4b92c,midnight,2p5x,18522,3072
COAD,TCGA-CM-6169-01Z-00-DX1.0381c243-02b8-4f1d-840c-19ef44d4b92c,midnight,40x,18522,3072
COAD,TCGA-CM-6169-01Z-00-DX1.0381c243-02b8-4f1d-840c-19ef44d4b92c,phikon,10x,18522,768
COAD,TCGA-CM-6169-01Z-00-DX1.0381c243-02b8-4f1d-840c-19ef44d4b92c,phikon,2p5x,18522,768
COAD,TCGA-CM-6169-01Z-00-DX1.0381c243-02b8-4f1d-840c-19ef44d4b92c,phikon,40x,18522,768
COAD,TCGA-CM-6169-01Z-00-DX1.0381c243-02b8-4f1d-840c-19ef44d4b92c,uni2,10x,18522,1536
COAD,TCGA-CM-6169-01Z-00-DX1.0381c243-02b8-4f1d-840c-19ef44d4b92c,uni2,2p5x,18522,1536
COAD,TCGA-CM-6169-01Z-00-DX1.0381c243-02b8-4f1d-840c-19ef44d4b92c,uni2,40x,18522,1536
COAD,TCGA-CM-6169-01Z-00-DX1.0381c243-02b8-4f1d-840c-19ef44d4b92c,uni,10x,18522,1024
COAD,TCGA-CM-6169-01Z-00-DX1.0381c243-02b8-4f1d-840c-19ef44d4b92c,uni,2p5x,18522,1024
COAD,TCGA-CM-6169-01Z-00-DX1.0381c243-02b8-4f1d-840c-19ef44d4b92c,uni,40x,18522,1024
COAD,TCGA-CM-6169-01Z-00-DX1.0381c243-02b8-4f1d-840c-19ef44d4b92c,virchow2,10x,18522,2560
COAD,TCGA-CM-6169-01Z-00-DX1.0381c243-02b8-4f1d-840c-19ef44d4b92c,virchow2,2p5x,18522,2560
COAD,TCGA-CM-6169-01Z-00-DX1.0381c243-02b8-4f1d-840c-19ef44d4b92c,virchow2,40x,18522,2560
COAD,TCGA-CM-6169-01Z-00-DX1.0381c243-02b8-4f1d-840c-19ef44d4b92c,virchow,10x,18522,2560
COAD,TCGA-CM-6169-01Z-00-DX1.0381c243-02b8-4f1d-840c-19ef44d4b92c,virchow,2p5x,18522,2560
COAD,TCGA-CM-6169-01Z-00-DX1.0381c243-02b8-4f1d-840c-19ef44d4b92c,virchow,40x,18522,2560
COAD,TCGA-G4-6309-01Z-00-DX1.3eb20fdc-eb86-4bd5-8194-76b02d4fa472,gigapath,10x,17070,1536
COAD,TCGA-G4-6309-01Z-00-DX1.3eb20fdc-eb86-4bd5-8194-76b02d4fa472,gigapath,2p5x,17070,1536
COAD,TCGA-G4-6309-01Z-00-DX1.3eb20fdc-eb86-4bd5-8194-76b02d4fa472,gigapath,40x,17070,1536
COAD,TCGA-G4-6309-01Z-00-DX1.3eb20fdc-eb86-4bd5-8194-76b02d4fa472,gigapath_flash,10x,17070,384
COAD,TCGA-G4-6309-01Z-00-DX1.3eb20fdc-eb86-4bd5-8194-76b02d4fa472,gigapath_flash,2p5x,17070,384
COAD,TCGA-G4-6309-01Z-00-DX1.3eb20fdc-eb86-4bd5-8194-76b02d4fa472,gigapath_flash,40x,17070,384
COAD,TCGA-G4-6309-01Z-00-DX1.3eb20fdc-eb86-4bd5-8194-76b02d4fa472,midnight,10x,17070,3072
COAD,TCGA-G4-6309-01Z-00-DX1.3eb20fdc-eb86-4bd5-8194-76b02d4fa472,midnight,2p5x,17070,3072
COAD,TCGA-G4-6309-01Z-00-DX1.3eb20fdc-eb86-4bd5-8194-76b02d4fa472,midnight,40x,17070,3072
COAD,TCGA-G4-6309-01Z-00-DX1.3eb20fdc-eb86-4bd5-8194-76b02d4fa472,phikon,10x,17070,768
COAD,TCGA-G4-6309-01Z-00-DX1.3eb20fdc-eb86-4bd5-8194-76b02d4fa472,phikon,2p5x,17070,768
COAD,TCGA-G4-6309-01Z-00-DX1.3eb20fdc-eb86-4bd5-8194-76b02d4fa472,phikon,40x,17070,768
COAD,TCGA-G4-6309-01Z-00-DX1.3eb20fdc-eb86-4bd5-8194-76b02d4fa472,uni2,10x,17070,1536
COAD,TCGA-G4-6309-01Z-00-DX1.3eb20fdc-eb86-4bd5-8194-76b02d4fa472,uni2,2p5x,17070,1536
COAD,TCGA-G4-6309-01Z-00-DX1.3eb20fdc-eb86-4bd5-8194-76b02d4fa472,uni2,40x,17070,1536
COAD,TCGA-G4-6309-01Z-00-DX1.3eb20fdc-eb86-4bd5-8194-76b02d4fa472,uni,10x,17070,1024
COAD,TCGA-G4-6309-01Z-00-DX1.3eb20fdc-eb86-4bd5-8194-76b02d4fa472,uni,2p5x,17070,1024
COAD,TCGA-G4-6309-01Z-00-DX1.3eb20fdc-eb86-4bd5-8194-76b02d4fa472,uni,40x,17070,1024
COAD,TCGA-G4-6309-01Z-00-DX1.3eb20fdc-eb86-4bd5-8194-76b02d4fa472,virchow2,10x,17070,2560
COAD,TCGA-G4-6309-01Z-00-DX1.3eb20fdc-eb86-4bd5-8194-76b02d4fa472,virchow2,2p5x,17070,2560
COAD,TCGA-G4-6309-01Z-00-DX1.3eb20fdc-eb86-4bd5-8194-76b02d4fa472,virchow2,40x,17070,2560
COAD,TCGA-G4-6309-01Z-00-DX1.3eb20fdc-eb86-4bd5-8194-76b02d4fa472,virchow,10x,17070,2560
COAD,TCGA-G4-6309-01Z-00-DX1.3eb20fdc-eb86-4bd5-8194-76b02d4fa472,virchow,2p5x,17070,2560
COAD,TCGA-G4-6309-01Z-00-DX1.3eb20fdc-eb86-4bd5-8194-76b02d4fa472,virchow,40x,17070,2560
COAD,TCGA-G4-6310-01Z-00-DX1.b88472d4-3adc-4e4d-b0f2-0dc195a3d7df,gigapath,10x,16917,1536
COAD,TCGA-G4-6310-01Z-00-DX1.b88472d4-3adc-4e4d-b0f2-0dc195a3d7df,gigapath,2p5x,16917,1536
COAD,TCGA-G4-6310-01Z-00-DX1.b88472d4-3adc-4e4d-b0f2-0dc195a3d7df,gigapath,40x,16917,1536
COAD,TCGA-G4-6310-01Z-00-DX1.b88472d4-3adc-4e4d-b0f2-0dc195a3d7df,gigapath_flash,10x,16917,384
COAD,TCGA-G4-6310-01Z-00-DX1.b88472d4-3adc-4e4d-b0f2-0dc195a3d7df,gigapath_flash,2p5x,16917,384
COAD,TCGA-G4-6310-01Z-00-DX1.b88472d4-3adc-4e4d-b0f2-0dc195a3d7df,gigapath_flash,40x,16917,384
COAD,TCGA-G4-6310-01Z-00-DX1.b88472d4-3adc-4e4d-b0f2-0dc195a3d7df,midnight,10x,16917,3072
COAD,TCGA-G4-6310-01Z-00-DX1.b88472d4-3adc-4e4d-b0f2-0dc195a3d7df,midnight,2p5x,16917,3072
COAD,TCGA-G4-6310-01Z-00-DX1.b88472d4-3adc-4e4d-b0f2-0dc195a3d7df,midnight,40x,16917,3072
COAD,TCGA-G4-6310-01Z-00-DX1.b88472d4-3adc-4e4d-b0f2-0dc195a3d7df,phikon,10x,16917,768
COAD,TCGA-G4-6310-01Z-00-DX1.b88472d4-3adc-4e4d-b0f2-0dc195a3d7df,phikon,2p5x,16917,768
COAD,TCGA-G4-6310-01Z-00-DX1.b88472d4-3adc-4e4d-b0f2-0dc195a3d7df,phikon,40x,16917,768
COAD,TCGA-G4-6310-01Z-00-DX1.b88472d4-3adc-4e4d-b0f2-0dc195a3d7df,uni2,10x,16917,1536
COAD,TCGA-G4-6310-01Z-00-DX1.b88472d4-3adc-4e4d-b0f2-0dc195a3d7df,uni2,2p5x,16917,1536
COAD,TCGA-G4-6310-01Z-00-DX1.b88472d4-3adc-4e4d-b0f2-0dc195a3d7df,uni2,40x,16917,1536
COAD,TCGA-G4-6310-01Z-00-DX1.b88472d4-3adc-4e4d-b0f2-0dc195a3d7df,uni,10x,16917,1024
COAD,TCGA-G4-6310-01Z-00-DX1.b88472d4-3adc-4e4d-b0f2-0dc195a3d7df,uni,2p5x,16917,1024
COAD,TCGA-G4-6310-01Z-00-DX1.b88472d4-3adc-4e4d-b0f2-0dc195a3d7df,uni,40x,16917,1024
COAD,TCGA-G4-6310-01Z-00-DX1.b88472d4-3adc-4e4d-b0f2-0dc195a3d7df,virchow2,10x,16917,2560
COAD,TCGA-G4-6310-01Z-00-DX1.b88472d4-3adc-4e4d-b0f2-0dc195a3d7df,virchow2,2p5x,16917,2560
COAD,TCGA-G4-6310-01Z-00-DX1.b88472d4-3adc-4e4d-b0f2-0dc195a3d7df,virchow2,40x,16917,2560
COAD,TCGA-G4-6310-01Z-00-DX1.b88472d4-3adc-4e4d-b0f2-0dc195a3d7df,virchow,10x,16917,2560
COAD,TCGA-G4-6310-01Z-00-DX1.b88472d4-3adc-4e4d-b0f2-0dc195a3d7df,virchow,2p5x,16917,2560
COAD,TCGA-G4-6310-01Z-00-DX1.b88472d4-3adc-4e4d-b0f2-0dc195a3d7df,virchow,40x,16917,2560
COAD,TCGA-G4-6588-01Z-00-DX1.0747172e-f630-4b7c-9341-55078585ae00,gigapath,10x,20553,1536
COAD,TCGA-G4-6588-01Z-00-DX1.0747172e-f630-4b7c-9341-55078585ae00,gigapath,2p5x,20553,1536
COAD,TCGA-G4-6588-01Z-00-DX1.0747172e-f630-4b7c-9341-55078585ae00,gigapath,40x,20553,1536
COAD,TCGA-G4-6588-01Z-00-DX1.0747172e-f630-4b7c-9341-55078585ae00,gigapath_flash,10x,20553,384
COAD,TCGA-G4-6588-01Z-00-DX1.0747172e-f630-4b7c-9341-55078585ae00,gigapath_flash,2p5x,20553,384
COAD,TCGA-G4-6588-01Z-00-DX1.0747172e-f630-4b7c-9341-55078585ae00,gigapath_flash,40x,20553,384
COAD,TCGA-G4-6588-01Z-00-DX1.0747172e-f630-4b7c-9341-55078585ae00,midnight,10x,20553,3072
COAD,TCGA-G4-6588-01Z-00-DX1.0747172e-f630-4b7c-9341-55078585ae00,midnight,2p5x,20553,3072
COAD,TCGA-G4-6588-01Z-00-DX1.0747172e-f630-4b7c-9341-55078585ae00,midnight,40x,20553,3072
COAD,TCGA-G4-6588-01Z-00-DX1.0747172e-f630-4b7c-9341-55078585ae00,phikon,10x,20553,768
COAD,TCGA-G4-6588-01Z-00-DX1.0747172e-f630-4b7c-9341-55078585ae00,phikon,2p5x,20553,768
COAD,TCGA-G4-6588-01Z-00-DX1.0747172e-f630-4b7c-9341-55078585ae00,phikon,40x,20553,768
COAD,TCGA-G4-6588-01Z-00-DX1.0747172e-f630-4b7c-9341-55078585ae00,uni2,10x,20553,1536
COAD,TCGA-G4-6588-01Z-00-DX1.0747172e-f630-4b7c-9341-55078585ae00,uni2,2p5x,20553,1536
COAD,TCGA-G4-6588-01Z-00-DX1.0747172e-f630-4b7c-9341-55078585ae00,uni2,40x,20553,1536
COAD,TCGA-G4-6588-01Z-00-DX1.0747172e-f630-4b7c-9341-55078585ae00,uni,10x,20553,1024
COAD,TCGA-G4-6588-01Z-00-DX1.0747172e-f630-4b7c-9341-55078585ae00,uni,2p5x,20553,1024
COAD,TCGA-G4-6588-01Z-00-DX1.0747172e-f630-4b7c-9341-55078585ae00,uni,40x,20553,1024
COAD,TCGA-G4-6588-01Z-00-DX1.0747172e-f630-4b7c-9341-55078585ae00,virchow2,10x,20553,2560
COAD,TCGA-G4-6588-01Z-00-DX1.0747172e-f630-4b7c-9341-55078585ae00,virchow2,2p5x,20553,2560
COAD,TCGA-G4-6588-01Z-00-DX1.0747172e-f630-4b7c-9341-55078585ae00,virchow2,40x,20553,2560
COAD,TCGA-G4-6588-01Z-00-DX1.0747172e-f630-4b7c-9341-55078585ae00,virchow,10x,20553,2560
COAD,TCGA-G4-6588-01Z-00-DX1.0747172e-f630-4b7c-9341-55078585ae00,virchow,2p5x,20553,2560
COAD,TCGA-G4-6588-01Z-00-DX1.0747172e-f630-4b7c-9341-55078585ae00,virchow,40x,20553,2560
HNSC,TCGA-BA-6871-01Z-00-DX1.4d9ca329-f8d5-4c31-a20f-9d4fba728326,gigapath,10x,14718,1536
HNSC,TCGA-BA-6871-01Z-00-DX1.4d9ca329-f8d5-4c31-a20f-9d4fba728326,gigapath,2p5x,14718,1536
HNSC,TCGA-BA-6871-01Z-00-DX1.4d9ca329-f8d5-4c31-a20f-9d4fba728326,gigapath,40x,14718,1536
HNSC,TCGA-BA-6871-01Z-00-DX1.4d9ca329-f8d5-4c31-a20f-9d4fba728326,gigapath_flash,10x,14718,384
HNSC,TCGA-BA-6871-01Z-00-DX1.4d9ca329-f8d5-4c31-a20f-9d4fba728326,gigapath_flash,2p5x,14718,384
HNSC,TCGA-BA-6871-01Z-00-DX1.4d9ca329-f8d5-4c31-a20f-9d4fba728326,gigapath_flash,40x,14718,384
HNSC,TCGA-BA-6871-01Z-00-DX1.4d9ca329-f8d5-4c31-a20f-9d4fba728326,midnight,10x,14718,3072
HNSC,TCGA-BA-6871-01Z-00-DX1.4d9ca329-f8d5-4c31-a20f-9d4fba728326,midnight,2p5x,14718,3072
HNSC,TCGA-BA-6871-01Z-00-DX1.4d9ca329-f8d5-4c31-a20f-9d4fba728326,midnight,40x,14718,3072
HNSC,TCGA-BA-6871-01Z-00-DX1.4d9ca329-f8d5-4c31-a20f-9d4fba728326,phikon,10x,14718,768
HNSC,TCGA-BA-6871-01Z-00-DX1.4d9ca329-f8d5-4c31-a20f-9d4fba728326,phikon,2p5x,14718,768
HNSC,TCGA-BA-6871-01Z-00-DX1.4d9ca329-f8d5-4c31-a20f-9d4fba728326,phikon,40x,14718,768
HNSC,TCGA-BA-6871-01Z-00-DX1.4d9ca329-f8d5-4c31-a20f-9d4fba728326,uni2,10x,14718,1536
HNSC,TCGA-BA-6871-01Z-00-DX1.4d9ca329-f8d5-4c31-a20f-9d4fba728326,uni2,2p5x,14718,1536
HNSC,TCGA-BA-6871-01Z-00-DX1.4d9ca329-f8d5-4c31-a20f-9d4fba728326,uni2,40x,14718,1536
HNSC,TCGA-BA-6871-01Z-00-DX1.4d9ca329-f8d5-4c31-a20f-9d4fba728326,uni,10x,14718,1024
HNSC,TCGA-BA-6871-01Z-00-DX1.4d9ca329-f8d5-4c31-a20f-9d4fba728326,uni,2p5x,14718,1024
HNSC,TCGA-BA-6871-01Z-00-DX1.4d9ca329-f8d5-4c31-a20f-9d4fba728326,uni,40x,14718,1024
HNSC,TCGA-BA-6871-01Z-00-DX1.4d9ca329-f8d5-4c31-a20f-9d4fba728326,virchow2,10x,14718,2560
HNSC,TCGA-BA-6871-01Z-00-DX1.4d9ca329-f8d5-4c31-a20f-9d4fba728326,virchow2,2p5x,14718,2560
HNSC,TCGA-BA-6871-01Z-00-DX1.4d9ca329-f8d5-4c31-a20f-9d4fba728326,virchow2,40x,14718,2560
HNSC,TCGA-BA-6871-01Z-00-DX1.4d9ca329-f8d5-4c31-a20f-9d4fba728326,virchow,10x,14718,2560
HNSC,TCGA-BA-6871-01Z-00-DX1.4d9ca329-f8d5-4c31-a20f-9d4fba728326,virchow,2p5x,14718,2560
HNSC,TCGA-BA-6871-01Z-00-DX1.4d9ca329-f8d5-4c31-a20f-9d4fba728326,virchow,40x,14718,2560
HNSC,TCGA-BA-6872-01Z-00-DX1.F99F6394-D319-4599-B124-D2A6692FA096,gigapath,10x,7720,1536
HNSC,TCGA-BA-6872-01Z-00-DX1.F99F6394-D319-4599-B124-D2A6692FA096,gigapath,2p5x,7720,1536
HNSC,TCGA-BA-6872-01Z-00-DX1.F99F6394-D319-4599-B124-D2A6692FA096,gigapath,40x,7720,1536
HNSC,TCGA-BA-6872-01Z-00-DX1.F99F6394-D319-4599-B124-D2A6692FA096,gigapath_flash,10x,7720,384
HNSC,TCGA-BA-6872-01Z-00-DX1.F99F6394-D319-4599-B124-D2A6692FA096,gigapath_flash,2p5x,7720,384
HNSC,TCGA-BA-6872-01Z-00-DX1.F99F6394-D319-4599-B124-D2A6692FA096,gigapath_flash,40x,7720,384
HNSC,TCGA-BA-6872-01Z-00-DX1.F99F6394-D319-4599-B124-D2A6692FA096,midnight,10x,7720,3072
HNSC,TCGA-BA-6872-01Z-00-DX1.F99F6394-D319-4599-B124-D2A6692FA096,midnight,2p5x,7720,3072
HNSC,TCGA-BA-6872-01Z-00-DX1.F99F6394-D319-4599-B124-D2A6692FA096,midnight,40x,7720,3072
HNSC,TCGA-BA-6872-01Z-00-DX1.F99F6394-D319-4599-B124-D2A6692FA096,phikon,10x,7720,768
HNSC,TCGA-BA-6872-01Z-00-DX1.F99F6394-D319-4599-B124-D2A6692FA096,phikon,2p5x,7720,768
HNSC,TCGA-BA-6872-01Z-00-DX1.F99F6394-D319-4599-B124-D2A6692FA096,phikon,40x,7720,768
HNSC,TCGA-BA-6872-01Z-00-DX1.F99F6394-D319-4599-B124-D2A6692FA096,uni2,10x,7720,1536
HNSC,TCGA-BA-6872-01Z-00-DX1.F99F6394-D319-4599-B124-D2A6692FA096,uni2,2p5x,7720,1536
HNSC,TCGA-BA-6872-01Z-00-DX1.F99F6394-D319-4599-B124-D2A6692FA096,uni2,40x,7720,1536
HNSC,TCGA-BA-6872-01Z-00-DX1.F99F6394-D319-4599-B124-D2A6692FA096,uni,10x,7720,1024
HNSC,TCGA-BA-6872-01Z-00-DX1.F99F6394-D319-4599-B124-D2A6692FA096,uni,2p5x,7720,1024
HNSC,TCGA-BA-6872-01Z-00-DX1.F99F6394-D319-4599-B124-D2A6692FA096,uni,40x,7720,1024
HNSC,TCGA-BA-6872-01Z-00-DX1.F99F6394-D319-4599-B124-D2A6692FA096,virchow2,10x,7720,2560
HNSC,TCGA-BA-6872-01Z-00-DX1.F99F6394-D319-4599-B124-D2A6692FA096,virchow2,2p5x,7720,2560
HNSC,TCGA-BA-6872-01Z-00-DX1.F99F6394-D319-4599-B124-D2A6692FA096,virchow2,40x,7720,2560
HNSC,TCGA-BA-6872-01Z-00-DX1.F99F6394-D319-4599-B124-D2A6692FA096,virchow,10x,7720,2560
HNSC,TCGA-BA-6872-01Z-00-DX1.F99F6394-D319-4599-B124-D2A6692FA096,virchow,2p5x,7720,2560
HNSC,TCGA-BA-6872-01Z-00-DX1.F99F6394-D319-4599-B124-D2A6692FA096,virchow,40x,7720,2560
HNSC,TCGA-CN-A6V7-01A-01-TS1.F54912D3-1E21-4605-ACFC-142973524AE2,gigapath,10x,2536,1536
HNSC,TCGA-CN-A6V7-01A-01-TS1.F54912D3-1E21-4605-ACFC-142973524AE2,gigapath,2p5x,2536,1536
HNSC,TCGA-CN-A6V7-01A-01-TS1.F54912D3-1E21-4605-ACFC-142973524AE2,gigapath,40x,2536,1536
HNSC,TCGA-CN-A6V7-01A-01-TS1.F54912D3-1E21-4605-ACFC-142973524AE2,gigapath_flash,10x,2536,384
HNSC,TCGA-CN-A6V7-01A-01-TS1.F54912D3-1E21-4605-ACFC-142973524AE2,gigapath_flash,2p5x,2536,384
HNSC,TCGA-CN-A6V7-01A-01-TS1.F54912D3-1E21-4605-ACFC-142973524AE2,gigapath_flash,40x,2536,384
HNSC,TCGA-CN-A6V7-01A-01-TS1.F54912D3-1E21-4605-ACFC-142973524AE2,midnight,10x,2536,3072
HNSC,TCGA-CN-A6V7-01A-01-TS1.F54912D3-1E21-4605-ACFC-142973524AE2,midnight,2p5x,2536,3072
HNSC,TCGA-CN-A6V7-01A-01-TS1.F54912D3-1E21-4605-ACFC-142973524AE2,midnight,40x,2536,3072
HNSC,TCGA-CN-A6V7-01A-01-TS1.F54912D3-1E21-4605-ACFC-142973524AE2,phikon,10x,2536,768
HNSC,TCGA-CN-A6V7-01A-01-TS1.F54912D3-1E21-4605-ACFC-142973524AE2,phikon,2p5x,2536,768
HNSC,TCGA-CN-A6V7-01A-01-TS1.F54912D3-1E21-4605-ACFC-142973524AE2,phikon,40x,2536,768
HNSC,TCGA-CN-A6V7-01A-01-TS1.F54912D3-1E21-4605-ACFC-142973524AE2,uni2,10x,2536,1536
HNSC,TCGA-CN-A6V7-01A-01-TS1.F54912D3-1E21-4605-ACFC-142973524AE2,uni2,2p5x,2536,1536
HNSC,TCGA-CN-A6V7-01A-01-TS1.F54912D3-1E21-4605-ACFC-142973524AE2,uni2,40x,2536,1536
HNSC,TCGA-CN-A6V7-01A-01-TS1.F54912D3-1E21-4605-ACFC-142973524AE2,uni,10x,2536,1024
HNSC,TCGA-CN-A6V7-01A-01-TS1.F54912D3-1E21-4605-ACFC-142973524AE2,uni,2p5x,2536,1024
HNSC,TCGA-CN-A6V7-01A-01-TS1.F54912D3-1E21-4605-ACFC-142973524AE2,uni,40x,2536,1024
HNSC,TCGA-CN-A6V7-01A-01-TS1.F54912D3-1E21-4605-ACFC-142973524AE2,virchow2,10x,2536,2560
HNSC,TCGA-CN-A6V7-01A-01-TS1.F54912D3-1E21-4605-ACFC-142973524AE2,virchow2,2p5x,2536,2560
HNSC,TCGA-CN-A6V7-01A-01-TS1.F54912D3-1E21-4605-ACFC-142973524AE2,virchow2,40x,2536,2560
HNSC,TCGA-CN-A6V7-01A-01-TS1.F54912D3-1E21-4605-ACFC-142973524AE2,virchow,10x,2536,2560
HNSC,TCGA-CN-A6V7-01A-01-TS1.F54912D3-1E21-4605-ACFC-142973524AE2,virchow,2p5x,2536,2560
HNSC,TCGA-CN-A6V7-01A-01-TS1.F54912D3-1E21-4605-ACFC-142973524AE2,virchow,40x,2536,2560
HNSC,TCGA-CV-6935-01Z-00-DX1.9C449CB2-FB6D-41D1-A4A6-3069DC84A697,gigapath,10x,12224,1536
HNSC,TCGA-CV-6935-01Z-00-DX1.9C449CB2-FB6D-41D1-A4A6-3069DC84A697,gigapath,2p5x,12224,1536
HNSC,TCGA-CV-6935-01Z-00-DX1.9C449CB2-FB6D-41D1-A4A6-3069DC84A697,gigapath,40x,12224,1536
HNSC,TCGA-CV-6935-01Z-00-DX1.9C449CB2-FB6D-41D1-A4A6-3069DC84A697,gigapath_flash,10x,12224,384
HNSC,TCGA-CV-6935-01Z-00-DX1.9C449CB2-FB6D-41D1-A4A6-3069DC84A697,gigapath_flash,2p5x,12224,384
HNSC,TCGA-CV-6935-01Z-00-DX1.9C449CB2-FB6D-41D1-A4A6-3069DC84A697,gigapath_flash,40x,12224,384
HNSC,TCGA-CV-6935-01Z-00-DX1.9C449CB2-FB6D-41D1-A4A6-3069DC84A697,midnight,10x,12224,3072
HNSC,TCGA-CV-6935-01Z-00-DX1.9C449CB2-FB6D-41D1-A4A6-3069DC84A697,midnight,2p5x,12224,3072
HNSC,TCGA-CV-6935-01Z-00-DX1.9C449CB2-FB6D-41D1-A4A6-3069DC84A697,midnight,40x,12224,3072
HNSC,TCGA-CV-6935-01Z-00-DX1.9C449CB2-FB6D-41D1-A4A6-3069DC84A697,phikon,10x,12224,768
HNSC,TCGA-CV-6935-01Z-00-DX1.9C449CB2-FB6D-41D1-A4A6-3069DC84A697,phikon,2p5x,12224,768
HNSC,TCGA-CV-6935-01Z-00-DX1.9C449CB2-FB6D-41D1-A4A6-3069DC84A697,phikon,40x,12224,768
HNSC,TCGA-CV-6935-01Z-00-DX1.9C449CB2-FB6D-41D1-A4A6-3069DC84A697,uni2,10x,12224,1536
HNSC,TCGA-CV-6935-01Z-00-DX1.9C449CB2-FB6D-41D1-A4A6-3069DC84A697,uni2,2p5x,12224,1536
HNSC,TCGA-CV-6935-01Z-00-DX1.9C449CB2-FB6D-41D1-A4A6-3069DC84A697,uni2,40x,12224,1536
HNSC,TCGA-CV-6935-01Z-00-DX1.9C449CB2-FB6D-41D1-A4A6-3069DC84A697,uni,10x,12224,1024
HNSC,TCGA-CV-6935-01Z-00-DX1.9C449CB2-FB6D-41D1-A4A6-3069DC84A697,uni,2p5x,12224,1024
HNSC,TCGA-CV-6935-01Z-00-DX1.9C449CB2-FB6D-41D1-A4A6-3069DC84A697,uni,40x,12224,1024
HNSC,TCGA-CV-6935-01Z-00-DX1.9C449CB2-FB6D-41D1-A4A6-3069DC84A697,virchow2,10x,12224,2560
HNSC,TCGA-CV-6935-01Z-00-DX1.9C449CB2-FB6D-41D1-A4A6-3069DC84A697,virchow2,2p5x,12224,2560
HNSC,TCGA-CV-6935-01Z-00-DX1.9C449CB2-FB6D-41D1-A4A6-3069DC84A697,virchow2,40x,12224,2560
HNSC,TCGA-CV-6935-01Z-00-DX1.9C449CB2-FB6D-41D1-A4A6-3069DC84A697,virchow,10x,12224,2560
HNSC,TCGA-CV-6935-01Z-00-DX1.9C449CB2-FB6D-41D1-A4A6-3069DC84A697,virchow,2p5x,12224,2560
HNSC,TCGA-CV-6935-01Z-00-DX1.9C449CB2-FB6D-41D1-A4A6-3069DC84A697,virchow,40x,12224,2560
HNSC,TCGA-CV-A45O-01Z-00-DX1.8CBD0CCC-C815-475D-87F9-76272F4F715B,gigapath,10x,14844,1536
HNSC,TCGA-CV-A45O-01Z-00-DX1.8CBD0CCC-C815-475D-87F9-76272F4F715B,gigapath,2p5x,14844,1536
HNSC,TCGA-CV-A45O-01Z-00-DX1.8CBD0CCC-C815-475D-87F9-76272F4F715B,gigapath,40x,14844,1536
HNSC,TCGA-CV-A45O-01Z-00-DX1.8CBD0CCC-C815-475D-87F9-76272F4F715B,gigapath_flash,10x,14844,384
HNSC,TCGA-CV-A45O-01Z-00-DX1.8CBD0CCC-C815-475D-87F9-76272F4F715B,gigapath_flash,2p5x,14844,384
HNSC,TCGA-CV-A45O-01Z-00-DX1.8CBD0CCC-C815-475D-87F9-76272F4F715B,gigapath_flash,40x,14844,384
HNSC,TCGA-CV-A45O-01Z-00-DX1.8CBD0CCC-C815-475D-87F9-76272F4F715B,midnight,10x,14844,3072
HNSC,TCGA-CV-A45O-01Z-00-DX1.8CBD0CCC-C815-475D-87F9-76272F4F715B,midnight,2p5x,14844,3072
HNSC,TCGA-CV-A45O-01Z-00-DX1.8CBD0CCC-C815-475D-87F9-76272F4F715B,midnight,40x,14844,3072
HNSC,TCGA-CV-A45O-01Z-00-DX1.8CBD0CCC-C815-475D-87F9-76272F4F715B,phikon,10x,14844,768
HNSC,TCGA-CV-A45O-01Z-00-DX1.8CBD0CCC-C815-475D-87F9-76272F4F715B,phikon,2p5x,14844,768
HNSC,TCGA-CV-A45O-01Z-00-DX1.8CBD0CCC-C815-475D-87F9-76272F4F715B,phikon,40x,14844,768
HNSC,TCGA-CV-A45O-01Z-00-DX1.8CBD0CCC-C815-475D-87F9-76272F4F715B,uni2,10x,14844,1536
HNSC,TCGA-CV-A45O-01Z-00-DX1.8CBD0CCC-C815-475D-87F9-76272F4F715B,uni2,2p5x,14844,1536
HNSC,TCGA-CV-A45O-01Z-00-DX1.8CBD0CCC-C815-475D-87F9-76272F4F715B,uni2,40x,14844,1536
HNSC,TCGA-CV-A45O-01Z-00-DX1.8CBD0CCC-C815-475D-87F9-76272F4F715B,uni,10x,14844,1024
HNSC,TCGA-CV-A45O-01Z-00-DX1.8CBD0CCC-C815-475D-87F9-76272F4F715B,uni,2p5x,14844,1024
HNSC,TCGA-CV-A45O-01Z-00-DX1.8CBD0CCC-C815-475D-87F9-76272F4F715B,uni,40x,14844,1024
HNSC,TCGA-CV-A45O-01Z-00-DX1.8CBD0CCC-C815-475D-87F9-76272F4F715B,virchow2,10x,14844,2560
HNSC,TCGA-CV-A45O-01Z-00-DX1.8CBD0CCC-C815-475D-87F9-76272F4F715B,virchow2,2p5x,14844,2560
HNSC,TCGA-CV-A45O-01Z-00-DX1.8CBD0CCC-C815-475D-87F9-76272F4F715B,virchow2,40x,14844,2560
HNSC,TCGA-CV-A45O-01Z-00-DX1.8CBD0CCC-C815-475D-87F9-76272F4F715B,virchow,10x,14844,2560
HNSC,TCGA-CV-A45O-01Z-00-DX1.8CBD0CCC-C815-475D-87F9-76272F4F715B,virchow,2p5x,14844,2560
HNSC,TCGA-CV-A45O-01Z-00-DX1.8CBD0CCC-C815-475D-87F9-76272F4F715B,virchow,40x,14844,2560
HNSC,TCGA-CV-A6JE-01Z-00-DX1.20137D17-19B3-49FF-9C3D-60933157E409,gigapath,10x,26402,1536
HNSC,TCGA-CV-A6JE-01Z-00-DX1.20137D17-19B3-49FF-9C3D-60933157E409,gigapath,2p5x,26402,1536
HNSC,TCGA-CV-A6JE-01Z-00-DX1.20137D17-19B3-49FF-9C3D-60933157E409,gigapath,40x,26402,1536
HNSC,TCGA-CV-A6JE-01Z-00-DX1.20137D17-19B3-49FF-9C3D-60933157E409,gigapath_flash,10x,26402,384
HNSC,TCGA-CV-A6JE-01Z-00-DX1.20137D17-19B3-49FF-9C3D-60933157E409,gigapath_flash,2p5x,26402,384
HNSC,TCGA-CV-A6JE-01Z-00-DX1.20137D17-19B3-49FF-9C3D-60933157E409,gigapath_flash,40x,26402,384
HNSC,TCGA-CV-A6JE-01Z-00-DX1.20137D17-19B3-49FF-9C3D-60933157E409,midnight,10x,26402,3072
HNSC,TCGA-CV-A6JE-01Z-00-DX1.20137D17-19B3-49FF-9C3D-60933157E409,midnight,2p5x,26402,3072
HNSC,TCGA-CV-A6JE-01Z-00-DX1.20137D17-19B3-49FF-9C3D-60933157E409,midnight,40x,26402,3072
HNSC,TCGA-CV-A6JE-01Z-00-DX1.20137D17-19B3-49FF-9C3D-60933157E409,phikon,10x,26402,768
HNSC,TCGA-CV-A6JE-01Z-00-DX1.20137D17-19B3-49FF-9C3D-60933157E409,phikon,2p5x,26402,768
HNSC,TCGA-CV-A6JE-01Z-00-DX1.20137D17-19B3-49FF-9C3D-60933157E409,phikon,40x,26402,768
HNSC,TCGA-CV-A6JE-01Z-00-DX1.20137D17-19B3-49FF-9C3D-60933157E409,uni2,10x,26402,1536
HNSC,TCGA-CV-A6JE-01Z-00-DX1.20137D17-19B3-49FF-9C3D-60933157E409,uni2,2p5x,26402,1536
HNSC,TCGA-CV-A6JE-01Z-00-DX1.20137D17-19B3-49FF-9C3D-60933157E409,uni2,40x,26402,1536
HNSC,TCGA-CV-A6JE-01Z-00-DX1.20137D17-19B3-49FF-9C3D-60933157E409,uni,10x,26402,1024
HNSC,TCGA-CV-A6JE-01Z-00-DX1.20137D17-19B3-49FF-9C3D-60933157E409,uni,2p5x,26402,1024
HNSC,TCGA-CV-A6JE-01Z-00-DX1.20137D17-19B3-49FF-9C3D-60933157E409,uni,40x,26402,1024
HNSC,TCGA-CV-A6JE-01Z-00-DX1.20137D17-19B3-49FF-9C3D-60933157E409,virchow2,10x,26402,2560
HNSC,TCGA-CV-A6JE-01Z-00-DX1.20137D17-19B3-49FF-9C3D-60933157E409,virchow2,2p5x,26402,2560
HNSC,TCGA-CV-A6JE-01Z-00-DX1.20137D17-19B3-49FF-9C3D-60933157E409,virchow2,40x,26402,2560
HNSC,TCGA-CV-A6JE-01Z-00-DX1.20137D17-19B3-49FF-9C3D-60933157E409,virchow,10x,26402,2560
HNSC,TCGA-CV-A6JE-01Z-00-DX1.20137D17-19B3-49FF-9C3D-60933157E409,virchow,2p5x,26402,2560
HNSC,TCGA-CV-A6JE-01Z-00-DX1.20137D17-19B3-49FF-9C3D-60933157E409,virchow,40x,26402,2560
HNSC,TCGA-CV-A6JU-01Z-00-DX1.35A3A1F0-9D6C-4794-B501-E56E48C51DF9,gigapath,10x,21938,1536
HNSC,TCGA-CV-A6JU-01Z-00-DX1.35A3A1F0-9D6C-4794-B501-E56E48C51DF9,gigapath,2p5x,21938,1536
HNSC,TCGA-CV-A6JU-01Z-00-DX1.35A3A1F0-9D6C-4794-B501-E56E48C51DF9,gigapath,40x,21938,1536
HNSC,TCGA-CV-A6JU-01Z-00-DX1.35A3A1F0-9D6C-4794-B501-E56E48C51DF9,gigapath_flash,10x,21938,384
HNSC,TCGA-CV-A6JU-01Z-00-DX1.35A3A1F0-9D6C-4794-B501-E56E48C51DF9,gigapath_flash,2p5x,21938,384
HNSC,TCGA-CV-A6JU-01Z-00-DX1.35A3A1F0-9D6C-4794-B501-E56E48C51DF9,gigapath_flash,40x,21938,384
HNSC,TCGA-CV-A6JU-01Z-00-DX1.35A3A1F0-9D6C-4794-B501-E56E48C51DF9,midnight,10x,21938,3072
HNSC,TCGA-CV-A6JU-01Z-00-DX1.35A3A1F0-9D6C-4794-B501-E56E48C51DF9,midnight,2p5x,21938,3072
HNSC,TCGA-CV-A6JU-01Z-00-DX1.35A3A1F0-9D6C-4794-B501-E56E48C51DF9,midnight,40x,21938,3072
HNSC,TCGA-CV-A6JU-01Z-00-DX1.35A3A1F0-9D6C-4794-B501-E56E48C51DF9,phikon,10x,21938,768
HNSC,TCGA-CV-A6JU-01Z-00-DX1.35A3A1F0-9D6C-4794-B501-E56E48C51DF9,phikon,2p5x,21938,768
HNSC,TCGA-CV-A6JU-01Z-00-DX1.35A3A1F0-9D6C-4794-B501-E56E48C51DF9,phikon,40x,21938,768
HNSC,TCGA-CV-A6JU-01Z-00-DX1.35A3A1F0-9D6C-4794-B501-E56E48C51DF9,uni2,10x,21938,1536
HNSC,TCGA-CV-A6JU-01Z-00-DX1.35A3A1F0-9D6C-4794-B501-E56E48C51DF9,uni2,2p5x,21938,1536
HNSC,TCGA-CV-A6JU-01Z-00-DX1.35A3A1F0-9D6C-4794-B501-E56E48C51DF9,uni2,40x,21938,1536
HNSC,TCGA-CV-A6JU-01Z-00-DX1.35A3A1F0-9D6C-4794-B501-E56E48C51DF9,uni,10x,21938,1024
HNSC,TCGA-CV-A6JU-01Z-00-DX1.35A3A1F0-9D6C-4794-B501-E56E48C51DF9,uni,2p5x,21938,1024
HNSC,TCGA-CV-A6JU-01Z-00-DX1.35A3A1F0-9D6C-4794-B501-E56E48C51DF9,uni,40x,21938,1024
HNSC,TCGA-CV-A6JU-01Z-00-DX1.35A3A1F0-9D6C-4794-B501-E56E48C51DF9,virchow2,10x,21938,2560
HNSC,TCGA-CV-A6JU-01Z-00-DX1.35A3A1F0-9D6C-4794-B501-E56E48C51DF9,virchow2,2p5x,21938,2560
HNSC,TCGA-CV-A6JU-01Z-00-DX1.35A3A1F0-9D6C-4794-B501-E56E48C51DF9,virchow2,40x,21938,2560
HNSC,TCGA-CV-A6JU-01Z-00-DX1.35A3A1F0-9D6C-4794-B501-E56E48C51DF9,virchow,10x,21938,2560
HNSC,TCGA-CV-A6JU-01Z-00-DX1.35A3A1F0-9D6C-4794-B501-E56E48C51DF9,virchow,2p5x,21938,2560
HNSC,TCGA-CV-A6JU-01Z-00-DX1.35A3A1F0-9D6C-4794-B501-E56E48C51DF9,virchow,40x,21938,2560
HNSC,TCGA-UF-A719-01Z-00-DX1.4C4ECC2C-C390-4C5E-A709-CF08C113F1A1,gigapath,10x,21546,1536
HNSC,TCGA-UF-A719-01Z-00-DX1.4C4ECC2C-C390-4C5E-A709-CF08C113F1A1,gigapath,2p5x,21546,1536
HNSC,TCGA-UF-A719-01Z-00-DX1.4C4ECC2C-C390-4C5E-A709-CF08C113F1A1,gigapath,40x,21546,1536
HNSC,TCGA-UF-A719-01Z-00-DX1.4C4ECC2C-C390-4C5E-A709-CF08C113F1A1,gigapath_flash,10x,21546,384
HNSC,TCGA-UF-A719-01Z-00-DX1.4C4ECC2C-C390-4C5E-A709-CF08C113F1A1,gigapath_flash,2p5x,21546,384
HNSC,TCGA-UF-A719-01Z-00-DX1.4C4ECC2C-C390-4C5E-A709-CF08C113F1A1,gigapath_flash,40x,21546,384
HNSC,TCGA-UF-A719-01Z-00-DX1.4C4ECC2C-C390-4C5E-A709-CF08C113F1A1,midnight,10x,21546,3072
HNSC,TCGA-UF-A719-01Z-00-DX1.4C4ECC2C-C390-4C5E-A709-CF08C113F1A1,midnight,2p5x,21546,3072
HNSC,TCGA-UF-A719-01Z-00-DX1.4C4ECC2C-C390-4C5E-A709-CF08C113F1A1,midnight,40x,21546,3072
HNSC,TCGA-UF-A719-01Z-00-DX1.4C4ECC2C-C390-4C5E-A709-CF08C113F1A1,phikon,10x,21546,768
HNSC,TCGA-UF-A719-01Z-00-DX1.4C4ECC2C-C390-4C5E-A709-CF08C113F1A1,phikon,2p5x,21546,768
HNSC,TCGA-UF-A719-01Z-00-DX1.4C4ECC2C-C390-4C5E-A709-CF08C113F1A1,phikon,40x,21546,768
HNSC,TCGA-UF-A719-01Z-00-DX1.4C4ECC2C-C390-4C5E-A709-CF08C113F1A1,uni2,10x,21546,1536
HNSC,TCGA-UF-A719-01Z-00-DX1.4C4ECC2C-C390-4C5E-A709-CF08C113F1A1,uni2,2p5x,21546,1536
HNSC,TCGA-UF-A719-01Z-00-DX1.4C4ECC2C-C390-4C5E-A709-CF08C113F1A1,uni2,40x,21546,1536
HNSC,TCGA-UF-A719-01Z-00-DX1.4C4ECC2C-C390-4C5E-A709-CF08C113F1A1,uni,10x,21546,1024
HNSC,TCGA-UF-A719-01Z-00-DX1.4C4ECC2C-C390-4C5E-A709-CF08C113F1A1,uni,2p5x,21546,1024
HNSC,TCGA-UF-A719-01Z-00-DX1.4C4ECC2C-C390-4C5E-A709-CF08C113F1A1,uni,40x,21546,1024
HNSC,TCGA-UF-A719-01Z-00-DX1.4C4ECC2C-C390-4C5E-A709-CF08C113F1A1,virchow2,10x,21546,2560
HNSC,TCGA-UF-A719-01Z-00-DX1.4C4ECC2C-C390-4C5E-A709-CF08C113F1A1,virchow2,2p5x,21546,2560
HNSC,TCGA-UF-A719-01Z-00-DX1.4C4ECC2C-C390-4C5E-A709-CF08C113F1A1,virchow2,40x,21546,2560
HNSC,TCGA-UF-A719-01Z-00-DX1.4C4ECC2C-C390-4C5E-A709-CF08C113F1A1,virchow,10x,21546,2560
HNSC,TCGA-UF-A719-01Z-00-DX1.4C4ECC2C-C390-4C5E-A709-CF08C113F1A1,virchow,2p5x,21546,2560
HNSC,TCGA-UF-A719-01Z-00-DX1.4C4ECC2C-C390-4C5E-A709-CF08C113F1A1,virchow,40x,21546,2560
KIRC,TCGA-A3-3346-01Z-00-DX1.95280216-fd71-4a03-b452-6e3d667f2542,gigapath,10x,2240,1536
KIRC,TCGA-A3-3346-01Z-00-DX1.95280216-fd71-4a03-b452-6e3d667f2542,gigapath,2p5x,2240,1536
KIRC,TCGA-A3-3346-01Z-00-DX1.95280216-fd71-4a03-b452-6e3d667f2542,gigapath,40x,2240,1536
KIRC,TCGA-A3-3346-01Z-00-DX1.95280216-fd71-4a03-b452-6e3d667f2542,gigapath_flash,10x,2240,384
KIRC,TCGA-A3-3346-01Z-00-DX1.95280216-fd71-4a03-b452-6e3d667f2542,gigapath_flash,2p5x,2240,384
KIRC,TCGA-A3-3346-01Z-00-DX1.95280216-fd71-4a03-b452-6e3d667f2542,gigapath_flash,40x,2240,384
KIRC,TCGA-A3-3346-01Z-00-DX1.95280216-fd71-4a03-b452-6e3d667f2542,midnight,10x,2240,3072
KIRC,TCGA-A3-3346-01Z-00-DX1.95280216-fd71-4a03-b452-6e3d667f2542,midnight,2p5x,2240,3072
KIRC,TCGA-A3-3346-01Z-00-DX1.95280216-fd71-4a03-b452-6e3d667f2542,midnight,40x,2240,3072
KIRC,TCGA-A3-3346-01Z-00-DX1.95280216-fd71-4a03-b452-6e3d667f2542,phikon,10x,2240,768
KIRC,TCGA-A3-3346-01Z-00-DX1.95280216-fd71-4a03-b452-6e3d667f2542,phikon,2p5x,2240,768
KIRC,TCGA-A3-3346-01Z-00-DX1.95280216-fd71-4a03-b452-6e3d667f2542,phikon,40x,2240,768
KIRC,TCGA-A3-3346-01Z-00-DX1.95280216-fd71-4a03-b452-6e3d667f2542,uni2,10x,2240,1536
KIRC,TCGA-A3-3346-01Z-00-DX1.95280216-fd71-4a03-b452-6e3d667f2542,uni2,2p5x,2240,1536
KIRC,TCGA-A3-3346-01Z-00-DX1.95280216-fd71-4a03-b452-6e3d667f2542,uni2,40x,2240,1536
KIRC,TCGA-A3-3346-01Z-00-DX1.95280216-fd71-4a03-b452-6e3d667f2542,uni,10x,2240,1024
KIRC,TCGA-A3-3346-01Z-00-DX1.95280216-fd71-4a03-b452-6e3d667f2542,uni,2p5x,2240,1024
KIRC,TCGA-A3-3346-01Z-00-DX1.95280216-fd71-4a03-b452-6e3d667f2542,uni,40x,2240,1024
KIRC,TCGA-A3-3346-01Z-00-DX1.95280216-fd71-4a03-b452-6e3d667f2542,virchow2,10x,2240,2560
KIRC,TCGA-A3-3346-01Z-00-DX1.95280216-fd71-4a03-b452-6e3d667f2542,virchow2,2p5x,2240,2560
KIRC,TCGA-A3-3346-01Z-00-DX1.95280216-fd71-4a03-b452-6e3d667f2542,virchow2,40x,2240,2560
KIRC,TCGA-A3-3346-01Z-00-DX1.95280216-fd71-4a03-b452-6e3d667f2542,virchow,10x,2240,2560
KIRC,TCGA-A3-3346-01Z-00-DX1.95280216-fd71-4a03-b452-6e3d667f2542,virchow,2p5x,2240,2560
KIRC,TCGA-A3-3346-01Z-00-DX1.95280216-fd71-4a03-b452-6e3d667f2542,virchow,40x,2240,2560
KIRC,TCGA-A3-A8CQ-01Z-00-DX1.78DA0827-5FB8-4B9F-A845-22F85830B5FB,gigapath,10x,1395,1536
KIRC,TCGA-A3-A8CQ-01Z-00-DX1.78DA0827-5FB8-4B9F-A845-22F85830B5FB,gigapath,2p5x,1395,1536
KIRC,TCGA-A3-A8CQ-01Z-00-DX1.78DA0827-5FB8-4B9F-A845-22F85830B5FB,gigapath,40x,1395,1536
KIRC,TCGA-A3-A8CQ-01Z-00-DX1.78DA0827-5FB8-4B9F-A845-22F85830B5FB,gigapath_flash,10x,1395,384
KIRC,TCGA-A3-A8CQ-01Z-00-DX1.78DA0827-5FB8-4B9F-A845-22F85830B5FB,gigapath_flash,2p5x,1395,384
KIRC,TCGA-A3-A8CQ-01Z-00-DX1.78DA0827-5FB8-4B9F-A845-22F85830B5FB,gigapath_flash,40x,1395,384
KIRC,TCGA-A3-A8CQ-01Z-00-DX1.78DA0827-5FB8-4B9F-A845-22F85830B5FB,midnight,10x,1395,3072
KIRC,TCGA-A3-A8CQ-01Z-00-DX1.78DA0827-5FB8-4B9F-A845-22F85830B5FB,midnight,2p5x,1395,3072
KIRC,TCGA-A3-A8CQ-01Z-00-DX1.78DA0827-5FB8-4B9F-A845-22F85830B5FB,midnight,40x,1395,3072
KIRC,TCGA-A3-A8CQ-01Z-00-DX1.78DA0827-5FB8-4B9F-A845-22F85830B5FB,phikon,10x,1395,768
KIRC,TCGA-A3-A8CQ-01Z-00-DX1.78DA0827-5FB8-4B9F-A845-22F85830B5FB,phikon,2p5x,1395,768
KIRC,TCGA-A3-A8CQ-01Z-00-DX1.78DA0827-5FB8-4B9F-A845-22F85830B5FB,phikon,40x,1395,768
KIRC,TCGA-A3-A8CQ-01Z-00-DX1.78DA0827-5FB8-4B9F-A845-22F85830B5FB,uni2,10x,1395,1536
KIRC,TCGA-A3-A8CQ-01Z-00-DX1.78DA0827-5FB8-4B9F-A845-22F85830B5FB,uni2,2p5x,1395,1536
KIRC,TCGA-A3-A8CQ-01Z-00-DX1.78DA0827-5FB8-4B9F-A845-22F85830B5FB,uni2,40x,1395,1536
KIRC,TCGA-A3-A8CQ-01Z-00-DX1.78DA0827-5FB8-4B9F-A845-22F85830B5FB,uni,10x,1395,1024
KIRC,TCGA-A3-A8CQ-01Z-00-DX1.78DA0827-5FB8-4B9F-A845-22F85830B5FB,uni,2p5x,1395,1024
KIRC,TCGA-A3-A8CQ-01Z-00-DX1.78DA0827-5FB8-4B9F-A845-22F85830B5FB,uni,40x,1395,1024
KIRC,TCGA-A3-A8CQ-01Z-00-DX1.78DA0827-5FB8-4B9F-A845-22F85830B5FB,virchow2,10x,1395,2560
KIRC,TCGA-A3-A8CQ-01Z-00-DX1.78DA0827-5FB8-4B9F-A845-22F85830B5FB,virchow2,2p5x,1395,2560
KIRC,TCGA-A3-A8CQ-01Z-00-DX1.78DA0827-5FB8-4B9F-A845-22F85830B5FB,virchow2,40x,1395,2560
KIRC,TCGA-A3-A8CQ-01Z-00-DX1.78DA0827-5FB8-4B9F-A845-22F85830B5FB,virchow,10x,1395,2560
KIRC,TCGA-A3-A8CQ-01Z-00-DX1.78DA0827-5FB8-4B9F-A845-22F85830B5FB,virchow,2p5x,1395,2560
KIRC,TCGA-A3-A8CQ-01Z-00-DX1.78DA0827-5FB8-4B9F-A845-22F85830B5FB,virchow,40x,1395,2560
KIRC,TCGA-AK-3444-01Z-00-DX1.1F0E0B47-29FF-456F-800A-539983FDCFAA,gigapath,10x,5029,1536
KIRC,TCGA-AK-3444-01Z-00-DX1.1F0E0B47-29FF-456F-800A-539983FDCFAA,gigapath,2p5x,5029,1536
KIRC,TCGA-AK-3444-01Z-00-DX1.1F0E0B47-29FF-456F-800A-539983FDCFAA,gigapath,40x,5029,1536
KIRC,TCGA-AK-3444-01Z-00-DX1.1F0E0B47-29FF-456F-800A-539983FDCFAA,gigapath_flash,10x,5029,384
KIRC,TCGA-AK-3444-01Z-00-DX1.1F0E0B47-29FF-456F-800A-539983FDCFAA,gigapath_flash,2p5x,5029,384
KIRC,TCGA-AK-3444-01Z-00-DX1.1F0E0B47-29FF-456F-800A-539983FDCFAA,gigapath_flash,40x,5029,384
KIRC,TCGA-AK-3444-01Z-00-DX1.1F0E0B47-29FF-456F-800A-539983FDCFAA,midnight,10x,5029,3072
KIRC,TCGA-AK-3444-01Z-00-DX1.1F0E0B47-29FF-456F-800A-539983FDCFAA,midnight,2p5x,5029,3072
KIRC,TCGA-AK-3444-01Z-00-DX1.1F0E0B47-29FF-456F-800A-539983FDCFAA,midnight,40x,5029,3072
KIRC,TCGA-AK-3444-01Z-00-DX1.1F0E0B47-29FF-456F-800A-539983FDCFAA,phikon,10x,5029,768
KIRC,TCGA-AK-3444-01Z-00-DX1.1F0E0B47-29FF-456F-800A-539983FDCFAA,phikon,2p5x,5029,768
KIRC,TCGA-AK-3444-01Z-00-DX1.1F0E0B47-29FF-456F-800A-539983FDCFAA,phikon,40x,5029,768
KIRC,TCGA-AK-3444-01Z-00-DX1.1F0E0B47-29FF-456F-800A-539983FDCFAA,uni2,10x,5029,1536
KIRC,TCGA-AK-3444-01Z-00-DX1.1F0E0B47-29FF-456F-800A-539983FDCFAA,uni2,2p5x,5029,1536
KIRC,TCGA-AK-3444-01Z-00-DX1.1F0E0B47-29FF-456F-800A-539983FDCFAA,uni2,40x,5029,1536
KIRC,TCGA-AK-3444-01Z-00-DX1.1F0E0B47-29FF-456F-800A-539983FDCFAA,uni,10x,5029,1024
KIRC,TCGA-AK-3444-01Z-00-DX1.1F0E0B47-29FF-456F-800A-539983FDCFAA,uni,2p5x,5029,1024
KIRC,TCGA-AK-3444-01Z-00-DX1.1F0E0B47-29FF-456F-800A-539983FDCFAA,uni,40x,5029,1024
KIRC,TCGA-AK-3444-01Z-00-DX1.1F0E0B47-29FF-456F-800A-539983FDCFAA,virchow2,10x,5029,2560
KIRC,TCGA-AK-3444-01Z-00-DX1.1F0E0B47-29FF-456F-800A-539983FDCFAA,virchow2,2p5x,5029,2560
KIRC,TCGA-AK-3444-01Z-00-DX1.1F0E0B47-29FF-456F-800A-539983FDCFAA,virchow2,40x,5029,2560
KIRC,TCGA-AK-3444-01Z-00-DX1.1F0E0B47-29FF-456F-800A-539983FDCFAA,virchow,10x,5029,2560
KIRC,TCGA-AK-3444-01Z-00-DX1.1F0E0B47-29FF-456F-800A-539983FDCFAA,virchow,2p5x,5029,2560
KIRC,TCGA-AK-3444-01Z-00-DX1.1F0E0B47-29FF-456F-800A-539983FDCFAA,virchow,40x,5029,2560
KIRC,TCGA-B0-5094-01Z-00-DX1.eac31fe2-09da-4ecf-8e25-c073cbb03295,gigapath,10x,23201,1536
KIRC,TCGA-B0-5094-01Z-00-DX1.eac31fe2-09da-4ecf-8e25-c073cbb03295,gigapath,2p5x,23201,1536
KIRC,TCGA-B0-5094-01Z-00-DX1.eac31fe2-09da-4ecf-8e25-c073cbb03295,gigapath,40x,23201,1536
KIRC,TCGA-B0-5094-01Z-00-DX1.eac31fe2-09da-4ecf-8e25-c073cbb03295,gigapath_flash,10x,23201,384
KIRC,TCGA-B0-5094-01Z-00-DX1.eac31fe2-09da-4ecf-8e25-c073cbb03295,gigapath_flash,2p5x,23201,384
KIRC,TCGA-B0-5094-01Z-00-DX1.eac31fe2-09da-4ecf-8e25-c073cbb03295,gigapath_flash,40x,23201,384
KIRC,TCGA-B0-5094-01Z-00-DX1.eac31fe2-09da-4ecf-8e25-c073cbb03295,midnight,10x,23201,3072
KIRC,TCGA-B0-5094-01Z-00-DX1.eac31fe2-09da-4ecf-8e25-c073cbb03295,midnight,2p5x,23201,3072
KIRC,TCGA-B0-5094-01Z-00-DX1.eac31fe2-09da-4ecf-8e25-c073cbb03295,midnight,40x,23201,3072
KIRC,TCGA-B0-5094-01Z-00-DX1.eac31fe2-09da-4ecf-8e25-c073cbb03295,phikon,10x,23201,768
KIRC,TCGA-B0-5094-01Z-00-DX1.eac31fe2-09da-4ecf-8e25-c073cbb03295,phikon,2p5x,23201,768
KIRC,TCGA-B0-5094-01Z-00-DX1.eac31fe2-09da-4ecf-8e25-c073cbb03295,phikon,40x,23201,768
KIRC,TCGA-B0-5094-01Z-00-DX1.eac31fe2-09da-4ecf-8e25-c073cbb03295,uni2,10x,23201,1536
KIRC,TCGA-B0-5094-01Z-00-DX1.eac31fe2-09da-4ecf-8e25-c073cbb03295,uni2,2p5x,23201,1536
KIRC,TCGA-B0-5094-01Z-00-DX1.eac31fe2-09da-4ecf-8e25-c073cbb03295,uni2,40x,23201,1536
KIRC,TCGA-B0-5094-01Z-00-DX1.eac31fe2-09da-4ecf-8e25-c073cbb03295,uni,10x,23201,1024
KIRC,TCGA-B0-5094-01Z-00-DX1.eac31fe2-09da-4ecf-8e25-c073cbb03295,uni,2p5x,23201,1024
KIRC,TCGA-B0-5094-01Z-00-DX1.eac31fe2-09da-4ecf-8e25-c073cbb03295,uni,40x,23201,1024
KIRC,TCGA-B0-5094-01Z-00-DX1.eac31fe2-09da-4ecf-8e25-c073cbb03295,virchow2,10x,23201,2560
KIRC,TCGA-B0-5094-01Z-00-DX1.eac31fe2-09da-4ecf-8e25-c073cbb03295,virchow2,2p5x,23201,2560
KIRC,TCGA-B0-5094-01Z-00-DX1.eac31fe2-09da-4ecf-8e25-c073cbb03295,virchow2,40x,23201,2560
KIRC,TCGA-B0-5094-01Z-00-DX1.eac31fe2-09da-4ecf-8e25-c073cbb03295,virchow,10x,23201,2560
KIRC,TCGA-B0-5094-01Z-00-DX1.eac31fe2-09da-4ecf-8e25-c073cbb03295,virchow,2p5x,23201,2560
KIRC,TCGA-B0-5094-01Z-00-DX1.eac31fe2-09da-4ecf-8e25-c073cbb03295,virchow,40x,23201,2560
KIRC,TCGA-B0-5106-01Z-00-DX1.564e51a3-be50-4eed-ba9c-4d478b96ffc6,gigapath,10x,26156,1536
KIRC,TCGA-B0-5106-01Z-00-DX1.564e51a3-be50-4eed-ba9c-4d478b96ffc6,gigapath,2p5x,26156,1536
KIRC,TCGA-B0-5106-01Z-00-DX1.564e51a3-be50-4eed-ba9c-4d478b96ffc6,gigapath,40x,26156,1536
KIRC,TCGA-B0-5106-01Z-00-DX1.564e51a3-be50-4eed-ba9c-4d478b96ffc6,gigapath_flash,10x,26156,384
KIRC,TCGA-B0-5106-01Z-00-DX1.564e51a3-be50-4eed-ba9c-4d478b96ffc6,gigapath_flash,2p5x,26156,384
KIRC,TCGA-B0-5106-01Z-00-DX1.564e51a3-be50-4eed-ba9c-4d478b96ffc6,gigapath_flash,40x,26156,384
KIRC,TCGA-B0-5106-01Z-00-DX1.564e51a3-be50-4eed-ba9c-4d478b96ffc6,midnight,10x,26156,3072
KIRC,TCGA-B0-5106-01Z-00-DX1.564e51a3-be50-4eed-ba9c-4d478b96ffc6,midnight,2p5x,26156,3072
KIRC,TCGA-B0-5106-01Z-00-DX1.564e51a3-be50-4eed-ba9c-4d478b96ffc6,midnight,40x,26156,3072
KIRC,TCGA-B0-5106-01Z-00-DX1.564e51a3-be50-4eed-ba9c-4d478b96ffc6,phikon,10x,26156,768
KIRC,TCGA-B0-5106-01Z-00-DX1.564e51a3-be50-4eed-ba9c-4d478b96ffc6,phikon,2p5x,26156,768
KIRC,TCGA-B0-5106-01Z-00-DX1.564e51a3-be50-4eed-ba9c-4d478b96ffc6,phikon,40x,26156,768
KIRC,TCGA-B0-5106-01Z-00-DX1.564e51a3-be50-4eed-ba9c-4d478b96ffc6,uni2,10x,26156,1536
KIRC,TCGA-B0-5106-01Z-00-DX1.564e51a3-be50-4eed-ba9c-4d478b96ffc6,uni2,2p5x,26156,1536
KIRC,TCGA-B0-5106-01Z-00-DX1.564e51a3-be50-4eed-ba9c-4d478b96ffc6,uni2,40x,26156,1536
KIRC,TCGA-B0-5106-01Z-00-DX1.564e51a3-be50-4eed-ba9c-4d478b96ffc6,uni,10x,26156,1024
KIRC,TCGA-B0-5106-01Z-00-DX1.564e51a3-be50-4eed-ba9c-4d478b96ffc6,uni,2p5x,26156,1024
KIRC,TCGA-B0-5106-01Z-00-DX1.564e51a3-be50-4eed-ba9c-4d478b96ffc6,uni,40x,26156,1024
KIRC,TCGA-B0-5106-01Z-00-DX1.564e51a3-be50-4eed-ba9c-4d478b96ffc6,virchow2,10x,26156,2560
KIRC,TCGA-B0-5106-01Z-00-DX1.564e51a3-be50-4eed-ba9c-4d478b96ffc6,virchow2,2p5x,26156,2560
KIRC,TCGA-B0-5106-01Z-00-DX1.564e51a3-be50-4eed-ba9c-4d478b96ffc6,virchow2,40x,26156,2560
KIRC,TCGA-B0-5106-01Z-00-DX1.564e51a3-be50-4eed-ba9c-4d478b96ffc6,virchow,10x,26156,2560
KIRC,TCGA-B0-5106-01Z-00-DX1.564e51a3-be50-4eed-ba9c-4d478b96ffc6,virchow,2p5x,26156,2560
KIRC,TCGA-B0-5106-01Z-00-DX1.564e51a3-be50-4eed-ba9c-4d478b96ffc6,virchow,40x,26156,2560
KIRC,TCGA-B0-5711-01Z-00-DX1.6839921f-ec08-4e94-8bf9-4b5a4fcdda45,gigapath,10x,23048,1536
KIRC,TCGA-B0-5711-01Z-00-DX1.6839921f-ec08-4e94-8bf9-4b5a4fcdda45,gigapath,2p5x,23048,1536
KIRC,TCGA-B0-5711-01Z-00-DX1.6839921f-ec08-4e94-8bf9-4b5a4fcdda45,gigapath,40x,23048,1536
KIRC,TCGA-B0-5711-01Z-00-DX1.6839921f-ec08-4e94-8bf9-4b5a4fcdda45,gigapath_flash,10x,23048,384
KIRC,TCGA-B0-5711-01Z-00-DX1.6839921f-ec08-4e94-8bf9-4b5a4fcdda45,gigapath_flash,2p5x,23048,384
KIRC,TCGA-B0-5711-01Z-00-DX1.6839921f-ec08-4e94-8bf9-4b5a4fcdda45,gigapath_flash,40x,23048,384
KIRC,TCGA-B0-5711-01Z-00-DX1.6839921f-ec08-4e94-8bf9-4b5a4fcdda45,midnight,10x,23048,3072
KIRC,TCGA-B0-5711-01Z-00-DX1.6839921f-ec08-4e94-8bf9-4b5a4fcdda45,midnight,2p5x,23048,3072
KIRC,TCGA-B0-5711-01Z-00-DX1.6839921f-ec08-4e94-8bf9-4b5a4fcdda45,midnight,40x,23048,3072
KIRC,TCGA-B0-5711-01Z-00-DX1.6839921f-ec08-4e94-8bf9-4b5a4fcdda45,phikon,10x,23048,768
KIRC,TCGA-B0-5711-01Z-00-DX1.6839921f-ec08-4e94-8bf9-4b5a4fcdda45,phikon,2p5x,23048,768
KIRC,TCGA-B0-5711-01Z-00-DX1.6839921f-ec08-4e94-8bf9-4b5a4fcdda45,phikon,40x,23048,768
KIRC,TCGA-B0-5711-01Z-00-DX1.6839921f-ec08-4e94-8bf9-4b5a4fcdda45,uni2,10x,23048,1536
KIRC,TCGA-B0-5711-01Z-00-DX1.6839921f-ec08-4e94-8bf9-4b5a4fcdda45,uni2,2p5x,23048,1536
KIRC,TCGA-B0-5711-01Z-00-DX1.6839921f-ec08-4e94-8bf9-4b5a4fcdda45,uni2,40x,23048,1536
KIRC,TCGA-B0-5711-01Z-00-DX1.6839921f-ec08-4e94-8bf9-4b5a4fcdda45,uni,10x,23048,1024
KIRC,TCGA-B0-5711-01Z-00-DX1.6839921f-ec08-4e94-8bf9-4b5a4fcdda45,uni,2p5x,23048,1024
KIRC,TCGA-B0-5711-01Z-00-DX1.6839921f-ec08-4e94-8bf9-4b5a4fcdda45,uni,40x,23048,1024
KIRC,TCGA-B0-5711-01Z-00-DX1.6839921f-ec08-4e94-8bf9-4b5a4fcdda45,virchow2,10x,23048,2560
KIRC,TCGA-B0-5711-01Z-00-DX1.6839921f-ec08-4e94-8bf9-4b5a4fcdda45,virchow2,2p5x,23048,2560
KIRC,TCGA-B0-5711-01Z-00-DX1.6839921f-ec08-4e94-8bf9-4b5a4fcdda45,virchow2,40x,23048,2560
KIRC,TCGA-B0-5711-01Z-00-DX1.6839921f-ec08-4e94-8bf9-4b5a4fcdda45,virchow,10x,23048,2560
KIRC,TCGA-B0-5711-01Z-00-DX1.6839921f-ec08-4e94-8bf9-4b5a4fcdda45,virchow,2p5x,23048,2560
KIRC,TCGA-B0-5711-01Z-00-DX1.6839921f-ec08-4e94-8bf9-4b5a4fcdda45,virchow,40x,23048,2560
KIRC,TCGA-B2-5633-01Z-00-DX1.c55a29ca-468e-46de-9ff5-a51f46fe09fd,gigapath,10x,3974,1536
KIRC,TCGA-B2-5633-01Z-00-DX1.c55a29ca-468e-46de-9ff5-a51f46fe09fd,gigapath,2p5x,3974,1536
KIRC,TCGA-B2-5633-01Z-00-DX1.c55a29ca-468e-46de-9ff5-a51f46fe09fd,gigapath,40x,3974,1536
KIRC,TCGA-B2-5633-01Z-00-DX1.c55a29ca-468e-46de-9ff5-a51f46fe09fd,gigapath_flash,10x,3974,384
KIRC,TCGA-B2-5633-01Z-00-DX1.c55a29ca-468e-46de-9ff5-a51f46fe09fd,gigapath_flash,2p5x,3974,384
KIRC,TCGA-B2-5633-01Z-00-DX1.c55a29ca-468e-46de-9ff5-a51f46fe09fd,gigapath_flash,40x,3974,384
KIRC,TCGA-B2-5633-01Z-00-DX1.c55a29ca-468e-46de-9ff5-a51f46fe09fd,midnight,10x,3974,3072
KIRC,TCGA-B2-5633-01Z-00-DX1.c55a29ca-468e-46de-9ff5-a51f46fe09fd,midnight,2p5x,3974,3072
KIRC,TCGA-B2-5633-01Z-00-DX1.c55a29ca-468e-46de-9ff5-a51f46fe09fd,midnight,40x,3974,3072
KIRC,TCGA-B2-5633-01Z-00-DX1.c55a29ca-468e-46de-9ff5-a51f46fe09fd,phikon,10x,3974,768
KIRC,TCGA-B2-5633-01Z-00-DX1.c55a29ca-468e-46de-9ff5-a51f46fe09fd,phikon,2p5x,3974,768
KIRC,TCGA-B2-5633-01Z-00-DX1.c55a29ca-468e-46de-9ff5-a51f46fe09fd,phikon,40x,3974,768
KIRC,TCGA-B2-5633-01Z-00-DX1.c55a29ca-468e-46de-9ff5-a51f46fe09fd,uni2,10x,3974,1536
KIRC,TCGA-B2-5633-01Z-00-DX1.c55a29ca-468e-46de-9ff5-a51f46fe09fd,uni2,2p5x,3974,1536
KIRC,TCGA-B2-5633-01Z-00-DX1.c55a29ca-468e-46de-9ff5-a51f46fe09fd,uni2,40x,3974,1536
KIRC,TCGA-B2-5633-01Z-00-DX1.c55a29ca-468e-46de-9ff5-a51f46fe09fd,uni,10x,3974,1024
KIRC,TCGA-B2-5633-01Z-00-DX1.c55a29ca-468e-46de-9ff5-a51f46fe09fd,uni,2p5x,3974,1024
KIRC,TCGA-B2-5633-01Z-00-DX1.c55a29ca-468e-46de-9ff5-a51f46fe09fd,uni,40x,3974,1024
KIRC,TCGA-B2-5633-01Z-00-DX1.c55a29ca-468e-46de-9ff5-a51f46fe09fd,virchow2,10x,3974,2560
KIRC,TCGA-B2-5633-01Z-00-DX1.c55a29ca-468e-46de-9ff5-a51f46fe09fd,virchow2,2p5x,3974,2560
KIRC,TCGA-B2-5633-01Z-00-DX1.c55a29ca-468e-46de-9ff5-a51f46fe09fd,virchow2,40x,3974,2560
KIRC,TCGA-B2-5633-01Z-00-DX1.c55a29ca-468e-46de-9ff5-a51f46fe09fd,virchow,10x,3974,2560
KIRC,TCGA-B2-5633-01Z-00-DX1.c55a29ca-468e-46de-9ff5-a51f46fe09fd,virchow,2p5x,3974,2560
KIRC,TCGA-B2-5633-01Z-00-DX1.c55a29ca-468e-46de-9ff5-a51f46fe09fd,virchow,40x,3974,2560
KIRC,TCGA-BP-4991-01Z-00-DX1.71305f5c-ca59-48fa-bb82-4b441c1fffdc,gigapath,10x,31068,1536
KIRC,TCGA-BP-4991-01Z-00-DX1.71305f5c-ca59-48fa-bb82-4b441c1fffdc,gigapath,2p5x,31068,1536
KIRC,TCGA-BP-4991-01Z-00-DX1.71305f5c-ca59-48fa-bb82-4b441c1fffdc,gigapath,40x,31068,1536
KIRC,TCGA-BP-4991-01Z-00-DX1.71305f5c-ca59-48fa-bb82-4b441c1fffdc,gigapath_flash,10x,31068,384
KIRC,TCGA-BP-4991-01Z-00-DX1.71305f5c-ca59-48fa-bb82-4b441c1fffdc,gigapath_flash,2p5x,31068,384
KIRC,TCGA-BP-4991-01Z-00-DX1.71305f5c-ca59-48fa-bb82-4b441c1fffdc,gigapath_flash,40x,31068,384
KIRC,TCGA-BP-4991-01Z-00-DX1.71305f5c-ca59-48fa-bb82-4b441c1fffdc,midnight,10x,31068,3072
KIRC,TCGA-BP-4991-01Z-00-DX1.71305f5c-ca59-48fa-bb82-4b441c1fffdc,midnight,2p5x,31068,3072
KIRC,TCGA-BP-4991-01Z-00-DX1.71305f5c-ca59-48fa-bb82-4b441c1fffdc,midnight,40x,31068,3072
KIRC,TCGA-BP-4991-01Z-00-DX1.71305f5c-ca59-48fa-bb82-4b441c1fffdc,phikon,10x,31068,768
KIRC,TCGA-BP-4991-01Z-00-DX1.71305f5c-ca59-48fa-bb82-4b441c1fffdc,phikon,2p5x,31068,768
KIRC,TCGA-BP-4991-01Z-00-DX1.71305f5c-ca59-48fa-bb82-4b441c1fffdc,phikon,40x,31068,768
KIRC,TCGA-BP-4991-01Z-00-DX1.71305f5c-ca59-48fa-bb82-4b441c1fffdc,uni2,10x,31068,1536
KIRC,TCGA-BP-4991-01Z-00-DX1.71305f5c-ca59-48fa-bb82-4b441c1fffdc,uni2,2p5x,31068,1536
KIRC,TCGA-BP-4991-01Z-00-DX1.71305f5c-ca59-48fa-bb82-4b441c1fffdc,uni2,40x,31068,1536
KIRC,TCGA-BP-4991-01Z-00-DX1.71305f5c-ca59-48fa-bb82-4b441c1fffdc,uni,10x,31068,1024
KIRC,TCGA-BP-4991-01Z-00-DX1.71305f5c-ca59-48fa-bb82-4b441c1fffdc,uni,2p5x,31068,1024
KIRC,TCGA-BP-4991-01Z-00-DX1.71305f5c-ca59-48fa-bb82-4b441c1fffdc,uni,40x,31068,1024
KIRC,TCGA-BP-4991-01Z-00-DX1.71305f5c-ca59-48fa-bb82-4b441c1fffdc,virchow2,10x,31068,2560
KIRC,TCGA-BP-4991-01Z-00-DX1.71305f5c-ca59-48fa-bb82-4b441c1fffdc,virchow2,2p5x,31068,2560
KIRC,TCGA-BP-4991-01Z-00-DX1.71305f5c-ca59-48fa-bb82-4b441c1fffdc,virchow2,40x,31068,2560
KIRC,TCGA-BP-4991-01Z-00-DX1.71305f5c-ca59-48fa-bb82-4b441c1fffdc,virchow,10x,31068,2560
KIRC,TCGA-BP-4991-01Z-00-DX1.71305f5c-ca59-48fa-bb82-4b441c1fffdc,virchow,2p5x,31068,2560
KIRC,TCGA-BP-4991-01Z-00-DX1.71305f5c-ca59-48fa-bb82-4b441c1fffdc,virchow,40x,31068,2560
KIRC,TCGA-BP-5201-01Z-00-DX1.d1a9878e-bb97-48fb-9098-9d9337f06250,gigapath,10x,12763,1536
KIRC,TCGA-BP-5201-01Z-00-DX1.d1a9878e-bb97-48fb-9098-9d9337f06250,gigapath,2p5x,12763,1536
KIRC,TCGA-BP-5201-01Z-00-DX1.d1a9878e-bb97-48fb-9098-9d9337f06250,gigapath,40x,12763,1536
KIRC,TCGA-BP-5201-01Z-00-DX1.d1a9878e-bb97-48fb-9098-9d9337f06250,gigapath_flash,10x,12763,384
KIRC,TCGA-BP-5201-01Z-00-DX1.d1a9878e-bb97-48fb-9098-9d9337f06250,gigapath_flash,2p5x,12763,384
KIRC,TCGA-BP-5201-01Z-00-DX1.d1a9878e-bb97-48fb-9098-9d9337f06250,gigapath_flash,40x,12763,384
KIRC,TCGA-BP-5201-01Z-00-DX1.d1a9878e-bb97-48fb-9098-9d9337f06250,midnight,10x,12763,3072
KIRC,TCGA-BP-5201-01Z-00-DX1.d1a9878e-bb97-48fb-9098-9d9337f06250,midnight,2p5x,12763,3072
KIRC,TCGA-BP-5201-01Z-00-DX1.d1a9878e-bb97-48fb-9098-9d9337f06250,midnight,40x,12763,3072
KIRC,TCGA-BP-5201-01Z-00-DX1.d1a9878e-bb97-48fb-9098-9d9337f06250,phikon,10x,12763,768
KIRC,TCGA-BP-5201-01Z-00-DX1.d1a9878e-bb97-48fb-9098-9d9337f06250,phikon,2p5x,12763,768
KIRC,TCGA-BP-5201-01Z-00-DX1.d1a9878e-bb97-48fb-9098-9d9337f06250,phikon,40x,12763,768
KIRC,TCGA-BP-5201-01Z-00-DX1.d1a9878e-bb97-48fb-9098-9d9337f06250,uni2,10x,12763,1536
KIRC,TCGA-BP-5201-01Z-00-DX1.d1a9878e-bb97-48fb-9098-9d9337f06250,uni2,2p5x,12763,1536
KIRC,TCGA-BP-5201-01Z-00-DX1.d1a9878e-bb97-48fb-9098-9d9337f06250,uni2,40x,12763,1536
KIRC,TCGA-BP-5201-01Z-00-DX1.d1a9878e-bb97-48fb-9098-9d9337f06250,uni,10x,12763,1024
KIRC,TCGA-BP-5201-01Z-00-DX1.d1a9878e-bb97-48fb-9098-9d9337f06250,uni,2p5x,12763,1024
KIRC,TCGA-BP-5201-01Z-00-DX1.d1a9878e-bb97-48fb-9098-9d9337f06250,uni,40x,12763,1024
KIRC,TCGA-BP-5201-01Z-00-DX1.d1a9878e-bb97-48fb-9098-9d9337f06250,virchow2,10x,12763,2560
KIRC,TCGA-BP-5201-01Z-00-DX1.d1a9878e-bb97-48fb-9098-9d9337f06250,virchow2,2p5x,12763,2560
KIRC,TCGA-BP-5201-01Z-00-DX1.d1a9878e-bb97-48fb-9098-9d9337f06250,virchow2,40x,12763,2560
KIRC,TCGA-BP-5201-01Z-00-DX1.d1a9878e-bb97-48fb-9098-9d9337f06250,virchow,10x,12763,2560
KIRC,TCGA-BP-5201-01Z-00-DX1.d1a9878e-bb97-48fb-9098-9d9337f06250,virchow,2p5x,12763,2560
KIRC,TCGA-BP-5201-01Z-00-DX1.d1a9878e-bb97-48fb-9098-9d9337f06250,virchow,40x,12763,2560
LUAD,TCGA-55-6986-01Z-00-DX1.ae52d41e-3cd6-4d36-b04b-2ea7d29bd8da,gigapath,10x,5951,1536
LUAD,TCGA-55-6986-01Z-00-DX1.ae52d41e-3cd6-4d36-b04b-2ea7d29bd8da,gigapath,2p5x,5951,1536
LUAD,TCGA-55-6986-01Z-00-DX1.ae52d41e-3cd6-4d36-b04b-2ea7d29bd8da,gigapath,40x,5951,1536
LUAD,TCGA-55-6986-01Z-00-DX1.ae52d41e-3cd6-4d36-b04b-2ea7d29bd8da,gigapath_flash,10x,5951,384
LUAD,TCGA-55-6986-01Z-00-DX1.ae52d41e-3cd6-4d36-b04b-2ea7d29bd8da,gigapath_flash,2p5x,5951,384
LUAD,TCGA-55-6986-01Z-00-DX1.ae52d41e-3cd6-4d36-b04b-2ea7d29bd8da,gigapath_flash,40x,5951,384
LUAD,TCGA-55-6986-01Z-00-DX1.ae52d41e-3cd6-4d36-b04b-2ea7d29bd8da,midnight,10x,5951,3072
LUAD,TCGA-55-6986-01Z-00-DX1.ae52d41e-3cd6-4d36-b04b-2ea7d29bd8da,midnight,2p5x,5951,3072
LUAD,TCGA-55-6986-01Z-00-DX1.ae52d41e-3cd6-4d36-b04b-2ea7d29bd8da,midnight,40x,5951,3072
LUAD,TCGA-55-6986-01Z-00-DX1.ae52d41e-3cd6-4d36-b04b-2ea7d29bd8da,phikon,10x,5951,768
LUAD,TCGA-55-6986-01Z-00-DX1.ae52d41e-3cd6-4d36-b04b-2ea7d29bd8da,phikon,2p5x,5951,768
LUAD,TCGA-55-6986-01Z-00-DX1.ae52d41e-3cd6-4d36-b04b-2ea7d29bd8da,phikon,40x,5951,768
LUAD,TCGA-55-6986-01Z-00-DX1.ae52d41e-3cd6-4d36-b04b-2ea7d29bd8da,uni2,10x,5951,1536
LUAD,TCGA-55-6986-01Z-00-DX1.ae52d41e-3cd6-4d36-b04b-2ea7d29bd8da,uni2,2p5x,5951,1536
LUAD,TCGA-55-6986-01Z-00-DX1.ae52d41e-3cd6-4d36-b04b-2ea7d29bd8da,uni2,40x,5951,1536
LUAD,TCGA-55-6986-01Z-00-DX1.ae52d41e-3cd6-4d36-b04b-2ea7d29bd8da,uni,10x,5951,1024
LUAD,TCGA-55-6986-01Z-00-DX1.ae52d41e-3cd6-4d36-b04b-2ea7d29bd8da,uni,2p5x,5951,1024
LUAD,TCGA-55-6986-01Z-00-DX1.ae52d41e-3cd6-4d36-b04b-2ea7d29bd8da,uni,40x,5951,1024
LUAD,TCGA-55-6986-01Z-00-DX1.ae52d41e-3cd6-4d36-b04b-2ea7d29bd8da,virchow2,10x,5951,2560
LUAD,TCGA-55-6986-01Z-00-DX1.ae52d41e-3cd6-4d36-b04b-2ea7d29bd8da,virchow2,2p5x,5951,2560
LUAD,TCGA-55-6986-01Z-00-DX1.ae52d41e-3cd6-4d36-b04b-2ea7d29bd8da,virchow2,40x,5951,2560
LUAD,TCGA-55-6986-01Z-00-DX1.ae52d41e-3cd6-4d36-b04b-2ea7d29bd8da,virchow,10x,5951,2560
LUAD,TCGA-55-6986-01Z-00-DX1.ae52d41e-3cd6-4d36-b04b-2ea7d29bd8da,virchow,2p5x,5951,2560
LUAD,TCGA-55-6986-01Z-00-DX1.ae52d41e-3cd6-4d36-b04b-2ea7d29bd8da,virchow,40x,5951,2560
LUAD,TCGA-64-5779-01Z-00-DX1.B3268447-DCE0-4927-B5A9-EC4D61E9B17D,gigapath,10x,15338,1536
LUAD,TCGA-64-5779-01Z-00-DX1.B3268447-DCE0-4927-B5A9-EC4D61E9B17D,gigapath,2p5x,15338,1536
LUAD,TCGA-64-5779-01Z-00-DX1.B3268447-DCE0-4927-B5A9-EC4D61E9B17D,gigapath,40x,15338,1536
LUAD,TCGA-64-5779-01Z-00-DX1.B3268447-DCE0-4927-B5A9-EC4D61E9B17D,gigapath_flash,10x,15338,384
LUAD,TCGA-64-5779-01Z-00-DX1.B3268447-DCE0-4927-B5A9-EC4D61E9B17D,gigapath_flash,2p5x,15338,384
LUAD,TCGA-64-5779-01Z-00-DX1.B3268447-DCE0-4927-B5A9-EC4D61E9B17D,gigapath_flash,40x,15338,384
LUAD,TCGA-64-5779-01Z-00-DX1.B3268447-DCE0-4927-B5A9-EC4D61E9B17D,midnight,10x,15338,3072
LUAD,TCGA-64-5779-01Z-00-DX1.B3268447-DCE0-4927-B5A9-EC4D61E9B17D,midnight,2p5x,15338,3072
LUAD,TCGA-64-5779-01Z-00-DX1.B3268447-DCE0-4927-B5A9-EC4D61E9B17D,midnight,40x,15338,3072
LUAD,TCGA-64-5779-01Z-00-DX1.B3268447-DCE0-4927-B5A9-EC4D61E9B17D,phikon,10x,15338,768
LUAD,TCGA-64-5779-01Z-00-DX1.B3268447-DCE0-4927-B5A9-EC4D61E9B17D,phikon,2p5x,15338,768
LUAD,TCGA-64-5779-01Z-00-DX1.B3268447-DCE0-4927-B5A9-EC4D61E9B17D,phikon,40x,15338,768
LUAD,TCGA-64-5779-01Z-00-DX1.B3268447-DCE0-4927-B5A9-EC4D61E9B17D,uni2,10x,15338,1536
LUAD,TCGA-64-5779-01Z-00-DX1.B3268447-DCE0-4927-B5A9-EC4D61E9B17D,uni2,2p5x,15338,1536
LUAD,TCGA-64-5779-01Z-00-DX1.B3268447-DCE0-4927-B5A9-EC4D61E9B17D,uni2,40x,15338,1536
LUAD,TCGA-64-5779-01Z-00-DX1.B3268447-DCE0-4927-B5A9-EC4D61E9B17D,uni,10x,15338,1024
LUAD,TCGA-64-5779-01Z-00-DX1.B3268447-DCE0-4927-B5A9-EC4D61E9B17D,uni,2p5x,15338,1024
LUAD,TCGA-64-5779-01Z-00-DX1.B3268447-DCE0-4927-B5A9-EC4D61E9B17D,uni,40x,15338,1024
LUAD,TCGA-64-5779-01Z-00-DX1.B3268447-DCE0-4927-B5A9-EC4D61E9B17D,virchow2,10x,15338,2560
LUAD,TCGA-64-5779-01Z-00-DX1.B3268447-DCE0-4927-B5A9-EC4D61E9B17D,virchow2,2p5x,15338,2560
LUAD,TCGA-64-5779-01Z-00-DX1.B3268447-DCE0-4927-B5A9-EC4D61E9B17D,virchow2,40x,15338,2560
LUAD,TCGA-64-5779-01Z-00-DX1.B3268447-DCE0-4927-B5A9-EC4D61E9B17D,virchow,10x,15338,2560
LUAD,TCGA-64-5779-01Z-00-DX1.B3268447-DCE0-4927-B5A9-EC4D61E9B17D,virchow,2p5x,15338,2560
LUAD,TCGA-64-5779-01Z-00-DX1.B3268447-DCE0-4927-B5A9-EC4D61E9B17D,virchow,40x,15338,2560
LUAD,TCGA-78-7158-01Z-00-DX1.74db3dcd-2715-4ce7-8e48-30c8b7946ba0,gigapath,10x,23198,1536
LUAD,TCGA-78-7158-01Z-00-DX1.74db3dcd-2715-4ce7-8e48-30c8b7946ba0,gigapath,2p5x,23198,1536
LUAD,TCGA-78-7158-01Z-00-DX1.74db3dcd-2715-4ce7-8e48-30c8b7946ba0,gigapath,40x,23198,1536
LUAD,TCGA-78-7158-01Z-00-DX1.74db3dcd-2715-4ce7-8e48-30c8b7946ba0,gigapath_flash,10x,23198,384
LUAD,TCGA-78-7158-01Z-00-DX1.74db3dcd-2715-4ce7-8e48-30c8b7946ba0,gigapath_flash,2p5x,23198,384
LUAD,TCGA-78-7158-01Z-00-DX1.74db3dcd-2715-4ce7-8e48-30c8b7946ba0,gigapath_flash,40x,23198,384
LUAD,TCGA-78-7158-01Z-00-DX1.74db3dcd-2715-4ce7-8e48-30c8b7946ba0,midnight,10x,23198,3072
LUAD,TCGA-78-7158-01Z-00-DX1.74db3dcd-2715-4ce7-8e48-30c8b7946ba0,midnight,2p5x,23198,3072
LUAD,TCGA-78-7158-01Z-00-DX1.74db3dcd-2715-4ce7-8e48-30c8b7946ba0,midnight,40x,23198,3072
LUAD,TCGA-78-7158-01Z-00-DX1.74db3dcd-2715-4ce7-8e48-30c8b7946ba0,phikon,10x,23198,768
LUAD,TCGA-78-7158-01Z-00-DX1.74db3dcd-2715-4ce7-8e48-30c8b7946ba0,phikon,2p5x,23198,768
LUAD,TCGA-78-7158-01Z-00-DX1.74db3dcd-2715-4ce7-8e48-30c8b7946ba0,phikon,40x,23198,768
LUAD,TCGA-78-7158-01Z-00-DX1.74db3dcd-2715-4ce7-8e48-30c8b7946ba0,uni2,10x,23198,1536
LUAD,TCGA-78-7158-01Z-00-DX1.74db3dcd-2715-4ce7-8e48-30c8b7946ba0,uni2,2p5x,23198,1536
LUAD,TCGA-78-7158-01Z-00-DX1.74db3dcd-2715-4ce7-8e48-30c8b7946ba0,uni2,40x,23198,1536
LUAD,TCGA-78-7158-01Z-00-DX1.74db3dcd-2715-4ce7-8e48-30c8b7946ba0,uni,10x,23198,1024
LUAD,TCGA-78-7158-01Z-00-DX1.74db3dcd-2715-4ce7-8e48-30c8b7946ba0,uni,2p5x,23198,1024
LUAD,TCGA-78-7158-01Z-00-DX1.74db3dcd-2715-4ce7-8e48-30c8b7946ba0,uni,40x,23198,1024
LUAD,TCGA-78-7158-01Z-00-DX1.74db3dcd-2715-4ce7-8e48-30c8b7946ba0,virchow2,10x,23198,2560
LUAD,TCGA-78-7158-01Z-00-DX1.74db3dcd-2715-4ce7-8e48-30c8b7946ba0,virchow2,2p5x,23198,2560
LUAD,TCGA-78-7158-01Z-00-DX1.74db3dcd-2715-4ce7-8e48-30c8b7946ba0,virchow2,40x,23198,2560
LUAD,TCGA-78-7158-01Z-00-DX1.74db3dcd-2715-4ce7-8e48-30c8b7946ba0,virchow,10x,23198,2560
LUAD,TCGA-78-7158-01Z-00-DX1.74db3dcd-2715-4ce7-8e48-30c8b7946ba0,virchow,2p5x,23198,2560
LUAD,TCGA-78-7158-01Z-00-DX1.74db3dcd-2715-4ce7-8e48-30c8b7946ba0,virchow,40x,23198,2560
LUAD,TCGA-78-7163-01Z-00-DX1.42880bdf-271d-41dd-aada-e7ec1156ff31,gigapath,10x,21422,1536
LUAD,TCGA-78-7163-01Z-00-DX1.42880bdf-271d-41dd-aada-e7ec1156ff31,gigapath,2p5x,21422,1536
LUAD,TCGA-78-7163-01Z-00-DX1.42880bdf-271d-41dd-aada-e7ec1156ff31,gigapath,40x,21422,1536
LUAD,TCGA-78-7163-01Z-00-DX1.42880bdf-271d-41dd-aada-e7ec1156ff31,gigapath_flash,10x,21422,384
LUAD,TCGA-78-7163-01Z-00-DX1.42880bdf-271d-41dd-aada-e7ec1156ff31,gigapath_flash,2p5x,21422,384
LUAD,TCGA-78-7163-01Z-00-DX1.42880bdf-271d-41dd-aada-e7ec1156ff31,gigapath_flash,40x,21422,384
LUAD,TCGA-78-7163-01Z-00-DX1.42880bdf-271d-41dd-aada-e7ec1156ff31,midnight,10x,21422,3072
LUAD,TCGA-78-7163-01Z-00-DX1.42880bdf-271d-41dd-aada-e7ec1156ff31,midnight,2p5x,21422,3072
LUAD,TCGA-78-7163-01Z-00-DX1.42880bdf-271d-41dd-aada-e7ec1156ff31,midnight,40x,21422,3072
LUAD,TCGA-78-7163-01Z-00-DX1.42880bdf-271d-41dd-aada-e7ec1156ff31,phikon,10x,21422,768
LUAD,TCGA-78-7163-01Z-00-DX1.42880bdf-271d-41dd-aada-e7ec1156ff31,phikon,2p5x,21422,768
LUAD,TCGA-78-7163-01Z-00-DX1.42880bdf-271d-41dd-aada-e7ec1156ff31,phikon,40x,21422,768
LUAD,TCGA-78-7163-01Z-00-DX1.42880bdf-271d-41dd-aada-e7ec1156ff31,uni2,10x,21422,1536
LUAD,TCGA-78-7163-01Z-00-DX1.42880bdf-271d-41dd-aada-e7ec1156ff31,uni2,2p5x,21422,1536
LUAD,TCGA-78-7163-01Z-00-DX1.42880bdf-271d-41dd-aada-e7ec1156ff31,uni2,40x,21422,1536
LUAD,TCGA-78-7163-01Z-00-DX1.42880bdf-271d-41dd-aada-e7ec1156ff31,uni,10x,21422,1024
LUAD,TCGA-78-7163-01Z-00-DX1.42880bdf-271d-41dd-aada-e7ec1156ff31,uni,2p5x,21422,1024
LUAD,TCGA-78-7163-01Z-00-DX1.42880bdf-271d-41dd-aada-e7ec1156ff31,uni,40x,21422,1024
LUAD,TCGA-78-7163-01Z-00-DX1.42880bdf-271d-41dd-aada-e7ec1156ff31,virchow2,10x,21422,2560
LUAD,TCGA-78-7163-01Z-00-DX1.42880bdf-271d-41dd-aada-e7ec1156ff31,virchow2,2p5x,21422,2560
LUAD,TCGA-78-7163-01Z-00-DX1.42880bdf-271d-41dd-aada-e7ec1156ff31,virchow2,40x,21422,2560
LUAD,TCGA-78-7163-01Z-00-DX1.42880bdf-271d-41dd-aada-e7ec1156ff31,virchow,10x,21422,2560
LUAD,TCGA-78-7163-01Z-00-DX1.42880bdf-271d-41dd-aada-e7ec1156ff31,virchow,2p5x,21422,2560
LUAD,TCGA-78-7163-01Z-00-DX1.42880bdf-271d-41dd-aada-e7ec1156ff31,virchow,40x,21422,2560
LUAD,TCGA-78-7536-01Z-00-DX1.6b066140-8b82-40a5-bd48-430eeb4463fe,gigapath,10x,32971,1536
LUAD,TCGA-78-7536-01Z-00-DX1.6b066140-8b82-40a5-bd48-430eeb4463fe,gigapath,2p5x,32971,1536
LUAD,TCGA-78-7536-01Z-00-DX1.6b066140-8b82-40a5-bd48-430eeb4463fe,gigapath,40x,32971,1536
LUAD,TCGA-78-7536-01Z-00-DX1.6b066140-8b82-40a5-bd48-430eeb4463fe,gigapath_flash,10x,32971,384
LUAD,TCGA-78-7536-01Z-00-DX1.6b066140-8b82-40a5-bd48-430eeb4463fe,gigapath_flash,2p5x,32971,384
LUAD,TCGA-78-7536-01Z-00-DX1.6b066140-8b82-40a5-bd48-430eeb4463fe,gigapath_flash,40x,32971,384
LUAD,TCGA-78-7536-01Z-00-DX1.6b066140-8b82-40a5-bd48-430eeb4463fe,midnight,10x,32971,3072
LUAD,TCGA-78-7536-01Z-00-DX1.6b066140-8b82-40a5-bd48-430eeb4463fe,midnight,2p5x,32971,3072
LUAD,TCGA-78-7536-01Z-00-DX1.6b066140-8b82-40a5-bd48-430eeb4463fe,midnight,40x,32971,3072
LUAD,TCGA-78-7536-01Z-00-DX1.6b066140-8b82-40a5-bd48-430eeb4463fe,phikon,10x,32971,768
LUAD,TCGA-78-7536-01Z-00-DX1.6b066140-8b82-40a5-bd48-430eeb4463fe,phikon,2p5x,32971,768
LUAD,TCGA-78-7536-01Z-00-DX1.6b066140-8b82-40a5-bd48-430eeb4463fe,phikon,40x,32971,768
LUAD,TCGA-78-7536-01Z-00-DX1.6b066140-8b82-40a5-bd48-430eeb4463fe,uni2,10x,32971,1536
LUAD,TCGA-78-7536-01Z-00-DX1.6b066140-8b82-40a5-bd48-430eeb4463fe,uni2,2p5x,32971,1536
LUAD,TCGA-78-7536-01Z-00-DX1.6b066140-8b82-40a5-bd48-430eeb4463fe,uni2,40x,32971,1536
LUAD,TCGA-78-7536-01Z-00-DX1.6b066140-8b82-40a5-bd48-430eeb4463fe,uni,10x,32971,1024
LUAD,TCGA-78-7536-01Z-00-DX1.6b066140-8b82-40a5-bd48-430eeb4463fe,uni,2p5x,32971,1024
LUAD,TCGA-78-7536-01Z-00-DX1.6b066140-8b82-40a5-bd48-430eeb4463fe,uni,40x,32971,1024
LUAD,TCGA-78-7536-01Z-00-DX1.6b066140-8b82-40a5-bd48-430eeb4463fe,virchow2,10x,32971,2560
LUAD,TCGA-78-7536-01Z-00-DX1.6b066140-8b82-40a5-bd48-430eeb4463fe,virchow2,2p5x,32971,2560
LUAD,TCGA-78-7536-01Z-00-DX1.6b066140-8b82-40a5-bd48-430eeb4463fe,virchow2,40x,32971,2560
LUAD,TCGA-78-7536-01Z-00-DX1.6b066140-8b82-40a5-bd48-430eeb4463fe,virchow,10x,32971,2560
LUAD,TCGA-78-7536-01Z-00-DX1.6b066140-8b82-40a5-bd48-430eeb4463fe,virchow,2p5x,32971,2560
LUAD,TCGA-78-7536-01Z-00-DX1.6b066140-8b82-40a5-bd48-430eeb4463fe,virchow,40x,32971,2560
LUAD,TCGA-86-8668-01Z-00-DX1.d720d486-02c7-4f98-8feb-e0e50a12c158,gigapath,10x,14624,1536
LUAD,TCGA-86-8668-01Z-00-DX1.d720d486-02c7-4f98-8feb-e0e50a12c158,gigapath,2p5x,14624,1536
LUAD,TCGA-86-8668-01Z-00-DX1.d720d486-02c7-4f98-8feb-e0e50a12c158,gigapath,40x,14624,1536
LUAD,TCGA-86-8668-01Z-00-DX1.d720d486-02c7-4f98-8feb-e0e50a12c158,gigapath_flash,10x,14624,384
LUAD,TCGA-86-8668-01Z-00-DX1.d720d486-02c7-4f98-8feb-e0e50a12c158,gigapath_flash,2p5x,14624,384
LUAD,TCGA-86-8668-01Z-00-DX1.d720d486-02c7-4f98-8feb-e0e50a12c158,gigapath_flash,40x,14624,384
LUAD,TCGA-86-8668-01Z-00-DX1.d720d486-02c7-4f98-8feb-e0e50a12c158,midnight,10x,14624,3072
LUAD,TCGA-86-8668-01Z-00-DX1.d720d486-02c7-4f98-8feb-e0e50a12c158,midnight,2p5x,14624,3072
LUAD,TCGA-86-8668-01Z-00-DX1.d720d486-02c7-4f98-8feb-e0e50a12c158,midnight,40x,14624,3072
LUAD,TCGA-86-8668-01Z-00-DX1.d720d486-02c7-4f98-8feb-e0e50a12c158,phikon,10x,14624,768
LUAD,TCGA-86-8668-01Z-00-DX1.d720d486-02c7-4f98-8feb-e0e50a12c158,phikon,2p5x,14624,768
LUAD,TCGA-86-8668-01Z-00-DX1.d720d486-02c7-4f98-8feb-e0e50a12c158,phikon,40x,14624,768
LUAD,TCGA-86-8668-01Z-00-DX1.d720d486-02c7-4f98-8feb-e0e50a12c158,uni2,10x,14624,1536
LUAD,TCGA-86-8668-01Z-00-DX1.d720d486-02c7-4f98-8feb-e0e50a12c158,uni2,2p5x,14624,1536
LUAD,TCGA-86-8668-01Z-00-DX1.d720d486-02c7-4f98-8feb-e0e50a12c158,uni2,40x,14624,1536
LUAD,TCGA-86-8668-01Z-00-DX1.d720d486-02c7-4f98-8feb-e0e50a12c158,uni,10x,14624,1024
LUAD,TCGA-86-8668-01Z-00-DX1.d720d486-02c7-4f98-8feb-e0e50a12c158,uni,2p5x,14624,1024
LUAD,TCGA-86-8668-01Z-00-DX1.d720d486-02c7-4f98-8feb-e0e50a12c158,uni,40x,14624,1024
LUAD,TCGA-86-8668-01Z-00-DX1.d720d486-02c7-4f98-8feb-e0e50a12c158,virchow2,10x,14624,2560
LUAD,TCGA-86-8668-01Z-00-DX1.d720d486-02c7-4f98-8feb-e0e50a12c158,virchow2,2p5x,14624,2560
LUAD,TCGA-86-8668-01Z-00-DX1.d720d486-02c7-4f98-8feb-e0e50a12c158,virchow2,40x,14624,2560
LUAD,TCGA-86-8668-01Z-00-DX1.d720d486-02c7-4f98-8feb-e0e50a12c158,virchow,10x,14624,2560
LUAD,TCGA-86-8668-01Z-00-DX1.d720d486-02c7-4f98-8feb-e0e50a12c158,virchow,2p5x,14624,2560
LUAD,TCGA-86-8668-01Z-00-DX1.d720d486-02c7-4f98-8feb-e0e50a12c158,virchow,40x,14624,2560
LUAD,TCGA-97-A4LX-01Z-00-DX1.B2334672-A626-4E74-B4D1-A79F70F65909,gigapath,10x,19346,1536
LUAD,TCGA-97-A4LX-01Z-00-DX1.B2334672-A626-4E74-B4D1-A79F70F65909,gigapath,2p5x,19346,1536
LUAD,TCGA-97-A4LX-01Z-00-DX1.B2334672-A626-4E74-B4D1-A79F70F65909,gigapath,40x,19346,1536
LUAD,TCGA-97-A4LX-01Z-00-DX1.B2334672-A626-4E74-B4D1-A79F70F65909,gigapath_flash,10x,19346,384
LUAD,TCGA-97-A4LX-01Z-00-DX1.B2334672-A626-4E74-B4D1-A79F70F65909,gigapath_flash,2p5x,19346,384
LUAD,TCGA-97-A4LX-01Z-00-DX1.B2334672-A626-4E74-B4D1-A79F70F65909,gigapath_flash,40x,19346,384
LUAD,TCGA-97-A4LX-01Z-00-DX1.B2334672-A626-4E74-B4D1-A79F70F65909,midnight,10x,19346,3072
LUAD,TCGA-97-A4LX-01Z-00-DX1.B2334672-A626-4E74-B4D1-A79F70F65909,midnight,2p5x,19346,3072
LUAD,TCGA-97-A4LX-01Z-00-DX1.B2334672-A626-4E74-B4D1-A79F70F65909,midnight,40x,19346,3072
LUAD,TCGA-97-A4LX-01Z-00-DX1.B2334672-A626-4E74-B4D1-A79F70F65909,phikon,10x,19346,768
LUAD,TCGA-97-A4LX-01Z-00-DX1.B2334672-A626-4E74-B4D1-A79F70F65909,phikon,2p5x,19346,768
LUAD,TCGA-97-A4LX-01Z-00-DX1.B2334672-A626-4E74-B4D1-A79F70F65909,phikon,40x,19346,768
LUAD,TCGA-97-A4LX-01Z-00-DX1.B2334672-A626-4E74-B4D1-A79F70F65909,uni2,10x,19346,1536
LUAD,TCGA-97-A4LX-01Z-00-DX1.B2334672-A626-4E74-B4D1-A79F70F65909,uni2,2p5x,19346,1536
LUAD,TCGA-97-A4LX-01Z-00-DX1.B2334672-A626-4E74-B4D1-A79F70F65909,uni2,40x,19346,1536
LUAD,TCGA-97-A4LX-01Z-00-DX1.B2334672-A626-4E74-B4D1-A79F70F65909,uni,10x,19346,1024
LUAD,TCGA-97-A4LX-01Z-00-DX1.B2334672-A626-4E74-B4D1-A79F70F65909,uni,2p5x,19346,1024
LUAD,TCGA-97-A4LX-01Z-00-DX1.B2334672-A626-4E74-B4D1-A79F70F65909,uni,40x,19346,1024
LUAD,TCGA-97-A4LX-01Z-00-DX1.B2334672-A626-4E74-B4D1-A79F70F65909,virchow2,10x,19346,2560
LUAD,TCGA-97-A4LX-01Z-00-DX1.B2334672-A626-4E74-B4D1-A79F70F65909,virchow2,2p5x,19346,2560
LUAD,TCGA-97-A4LX-01Z-00-DX1.B2334672-A626-4E74-B4D1-A79F70F65909,virchow2,40x,19346,2560
LUAD,TCGA-97-A4LX-01Z-00-DX1.B2334672-A626-4E74-B4D1-A79F70F65909,virchow,10x,19346,2560
LUAD,TCGA-97-A4LX-01Z-00-DX1.B2334672-A626-4E74-B4D1-A79F70F65909,virchow,2p5x,19346,2560
LUAD,TCGA-97-A4LX-01Z-00-DX1.B2334672-A626-4E74-B4D1-A79F70F65909,virchow,40x,19346,2560
LUAD,TCGA-97-A4M2-01Z-00-DX1.5C72522C-1538-4D68-B517-5FB05A9D401A,gigapath,10x,8962,1536
LUAD,TCGA-97-A4M2-01Z-00-DX1.5C72522C-1538-4D68-B517-5FB05A9D401A,gigapath,2p5x,8962,1536
LUAD,TCGA-97-A4M2-01Z-00-DX1.5C72522C-1538-4D68-B517-5FB05A9D401A,gigapath,40x,8962,1536
LUAD,TCGA-97-A4M2-01Z-00-DX1.5C72522C-1538-4D68-B517-5FB05A9D401A,gigapath_flash,10x,8962,384
LUAD,TCGA-97-A4M2-01Z-00-DX1.5C72522C-1538-4D68-B517-5FB05A9D401A,gigapath_flash,2p5x,8962,384
LUAD,TCGA-97-A4M2-01Z-00-DX1.5C72522C-1538-4D68-B517-5FB05A9D401A,gigapath_flash,40x,8962,384
LUAD,TCGA-97-A4M2-01Z-00-DX1.5C72522C-1538-4D68-B517-5FB05A9D401A,midnight,10x,8962,3072
LUAD,TCGA-97-A4M2-01Z-00-DX1.5C72522C-1538-4D68-B517-5FB05A9D401A,midnight,2p5x,8962,3072
LUAD,TCGA-97-A4M2-01Z-00-DX1.5C72522C-1538-4D68-B517-5FB05A9D401A,midnight,40x,8962,3072
LUAD,TCGA-97-A4M2-01Z-00-DX1.5C72522C-1538-4D68-B517-5FB05A9D401A,phikon,10x,8962,768
LUAD,TCGA-97-A4M2-01Z-00-DX1.5C72522C-1538-4D68-B517-5FB05A9D401A,phikon,2p5x,8962,768
LUAD,TCGA-97-A4M2-01Z-00-DX1.5C72522C-1538-4D68-B517-5FB05A9D401A,phikon,40x,8962,768
LUAD,TCGA-97-A4M2-01Z-00-DX1.5C72522C-1538-4D68-B517-5FB05A9D401A,uni2,10x,8962,1536
LUAD,TCGA-97-A4M2-01Z-00-DX1.5C72522C-1538-4D68-B517-5FB05A9D401A,uni2,2p5x,8962,1536
LUAD,TCGA-97-A4M2-01Z-00-DX1.5C72522C-1538-4D68-B517-5FB05A9D401A,uni2,40x,8962,1536
LUAD,TCGA-97-A4M2-01Z-00-DX1.5C72522C-1538-4D68-B517-5FB05A9D401A,uni,10x,8962,1024
LUAD,TCGA-97-A4M2-01Z-00-DX1.5C72522C-1538-4D68-B517-5FB05A9D401A,uni,2p5x,8962,1024
LUAD,TCGA-97-A4M2-01Z-00-DX1.5C72522C-1538-4D68-B517-5FB05A9D401A,uni,40x,8962,1024
LUAD,TCGA-97-A4M2-01Z-00-DX1.5C72522C-1538-4D68-B517-5FB05A9D401A,virchow2,10x,8962,2560
LUAD,TCGA-97-A4M2-01Z-00-DX1.5C72522C-1538-4D68-B517-5FB05A9D401A,virchow2,2p5x,8962,2560
LUAD,TCGA-97-A4M2-01Z-00-DX1.5C72522C-1538-4D68-B517-5FB05A9D401A,virchow2,40x,8962,2560
LUAD,TCGA-97-A4M2-01Z-00-DX1.5C72522C-1538-4D68-B517-5FB05A9D401A,virchow,10x,8962,2560
LUAD,TCGA-97-A4M2-01Z-00-DX1.5C72522C-1538-4D68-B517-5FB05A9D401A,virchow,2p5x,8962,2560
LUAD,TCGA-97-A4M2-01Z-00-DX1.5C72522C-1538-4D68-B517-5FB05A9D401A,virchow,40x,8962,2560
LUAD,TCGA-J2-A4AE-01Z-00-DX1.42C5DE4A-7787-4E59-8969-D12503262C96,gigapath,10x,14491,1536
LUAD,TCGA-J2-A4AE-01Z-00-DX1.42C5DE4A-7787-4E59-8969-D12503262C96,gigapath,2p5x,14491,1536
LUAD,TCGA-J2-A4AE-01Z-00-DX1.42C5DE4A-7787-4E59-8969-D12503262C96,gigapath,40x,14491,1536
LUAD,TCGA-J2-A4AE-01Z-00-DX1.42C5DE4A-7787-4E59-8969-D12503262C96,gigapath_flash,10x,14491,384
LUAD,TCGA-J2-A4AE-01Z-00-DX1.42C5DE4A-7787-4E59-8969-D12503262C96,gigapath_flash,2p5x,14491,384
LUAD,TCGA-J2-A4AE-01Z-00-DX1.42C5DE4A-7787-4E59-8969-D12503262C96,gigapath_flash,40x,14491,384
LUAD,TCGA-J2-A4AE-01Z-00-DX1.42C5DE4A-7787-4E59-8969-D12503262C96,midnight,10x,14491,3072
LUAD,TCGA-J2-A4AE-01Z-00-DX1.42C5DE4A-7787-4E59-8969-D12503262C96,midnight,2p5x,14491,3072
LUAD,TCGA-J2-A4AE-01Z-00-DX1.42C5DE4A-7787-4E59-8969-D12503262C96,midnight,40x,14491,3072
LUAD,TCGA-J2-A4AE-01Z-00-DX1.42C5DE4A-7787-4E59-8969-D12503262C96,phikon,10x,14491,768
LUAD,TCGA-J2-A4AE-01Z-00-DX1.42C5DE4A-7787-4E59-8969-D12503262C96,phikon,2p5x,14491,768
LUAD,TCGA-J2-A4AE-01Z-00-DX1.42C5DE4A-7787-4E59-8969-D12503262C96,phikon,40x,14491,768
LUAD,TCGA-J2-A4AE-01Z-00-DX1.42C5DE4A-7787-4E59-8969-D12503262C96,uni2,10x,14491,1536
LUAD,TCGA-J2-A4AE-01Z-00-DX1.42C5DE4A-7787-4E59-8969-D12503262C96,uni2,2p5x,14491,1536
LUAD,TCGA-J2-A4AE-01Z-00-DX1.42C5DE4A-7787-4E59-8969-D12503262C96,uni2,40x,14491,1536
LUAD,TCGA-J2-A4AE-01Z-00-DX1.42C5DE4A-7787-4E59-8969-D12503262C96,uni,10x,14491,1024
LUAD,TCGA-J2-A4AE-01Z-00-DX1.42C5DE4A-7787-4E59-8969-D12503262C96,uni,2p5x,14491,1024
LUAD,TCGA-J2-A4AE-01Z-00-DX1.42C5DE4A-7787-4E59-8969-D12503262C96,uni,40x,14491,1024
LUAD,TCGA-J2-A4AE-01Z-00-DX1.42C5DE4A-7787-4E59-8969-D12503262C96,virchow2,10x,14491,2560
LUAD,TCGA-J2-A4AE-01Z-00-DX1.42C5DE4A-7787-4E59-8969-D12503262C96,virchow2,2p5x,14491,2560
LUAD,TCGA-J2-A4AE-01Z-00-DX1.42C5DE4A-7787-4E59-8969-D12503262C96,virchow2,40x,14491,2560
LUAD,TCGA-J2-A4AE-01Z-00-DX1.42C5DE4A-7787-4E59-8969-D12503262C96,virchow,10x,14491,2560
LUAD,TCGA-J2-A4AE-01Z-00-DX1.42C5DE4A-7787-4E59-8969-D12503262C96,virchow,2p5x,14491,2560
LUAD,TCGA-J2-A4AE-01Z-00-DX1.42C5DE4A-7787-4E59-8969-D12503262C96,virchow,40x,14491,2560
STAD,TCGA-BR-6452-01Z-00-DX1.aec8246e-9dce-436d-9faa-df8fa1f6e47c,gigapath,10x,15303,1536
STAD,TCGA-BR-6452-01Z-00-DX1.aec8246e-9dce-436d-9faa-df8fa1f6e47c,gigapath,2p5x,15303,1536
STAD,TCGA-BR-6452-01Z-00-DX1.aec8246e-9dce-436d-9faa-df8fa1f6e47c,gigapath,40x,15303,1536
STAD,TCGA-BR-6452-01Z-00-DX1.aec8246e-9dce-436d-9faa-df8fa1f6e47c,gigapath_flash,10x,15303,384
STAD,TCGA-BR-6452-01Z-00-DX1.aec8246e-9dce-436d-9faa-df8fa1f6e47c,gigapath_flash,2p5x,15303,384
STAD,TCGA-BR-6452-01Z-00-DX1.aec8246e-9dce-436d-9faa-df8fa1f6e47c,gigapath_flash,40x,15303,384
STAD,TCGA-BR-6452-01Z-00-DX1.aec8246e-9dce-436d-9faa-df8fa1f6e47c,midnight,10x,15303,3072
STAD,TCGA-BR-6452-01Z-00-DX1.aec8246e-9dce-436d-9faa-df8fa1f6e47c,midnight,2p5x,15303,3072
STAD,TCGA-BR-6452-01Z-00-DX1.aec8246e-9dce-436d-9faa-df8fa1f6e47c,midnight,40x,15303,3072
STAD,TCGA-BR-6452-01Z-00-DX1.aec8246e-9dce-436d-9faa-df8fa1f6e47c,phikon,10x,15303,768
STAD,TCGA-BR-6452-01Z-00-DX1.aec8246e-9dce-436d-9faa-df8fa1f6e47c,phikon,2p5x,15303,768
STAD,TCGA-BR-6452-01Z-00-DX1.aec8246e-9dce-436d-9faa-df8fa1f6e47c,phikon,40x,15303,768
STAD,TCGA-BR-6452-01Z-00-DX1.aec8246e-9dce-436d-9faa-df8fa1f6e47c,uni2,10x,15303,1536
STAD,TCGA-BR-6452-01Z-00-DX1.aec8246e-9dce-436d-9faa-df8fa1f6e47c,uni2,2p5x,15303,1536
STAD,TCGA-BR-6452-01Z-00-DX1.aec8246e-9dce-436d-9faa-df8fa1f6e47c,uni2,40x,15303,1536
STAD,TCGA-BR-6452-01Z-00-DX1.aec8246e-9dce-436d-9faa-df8fa1f6e47c,uni,10x,15303,1024
STAD,TCGA-BR-6452-01Z-00-DX1.aec8246e-9dce-436d-9faa-df8fa1f6e47c,uni,2p5x,15303,1024
STAD,TCGA-BR-6452-01Z-00-DX1.aec8246e-9dce-436d-9faa-df8fa1f6e47c,uni,40x,15303,1024
STAD,TCGA-BR-6452-01Z-00-DX1.aec8246e-9dce-436d-9faa-df8fa1f6e47c,virchow2,10x,15303,2560
STAD,TCGA-BR-6452-01Z-00-DX1.aec8246e-9dce-436d-9faa-df8fa1f6e47c,virchow2,2p5x,15303,2560
STAD,TCGA-BR-6452-01Z-00-DX1.aec8246e-9dce-436d-9faa-df8fa1f6e47c,virchow2,40x,15303,2560
STAD,TCGA-BR-6452-01Z-00-DX1.aec8246e-9dce-436d-9faa-df8fa1f6e47c,virchow,10x,15303,2560
STAD,TCGA-BR-6452-01Z-00-DX1.aec8246e-9dce-436d-9faa-df8fa1f6e47c,virchow,2p5x,15303,2560
STAD,TCGA-BR-6452-01Z-00-DX1.aec8246e-9dce-436d-9faa-df8fa1f6e47c,virchow,40x,15303,2560
STAD,TCGA-BR-6454-01Z-00-DX1.63fb6280-2b43-49b2-960a-eb9c0e8b617c,gigapath,10x,15740,1536
STAD,TCGA-BR-6454-01Z-00-DX1.63fb6280-2b43-49b2-960a-eb9c0e8b617c,gigapath,2p5x,15740,1536
STAD,TCGA-BR-6454-01Z-00-DX1.63fb6280-2b43-49b2-960a-eb9c0e8b617c,gigapath,40x,15740,1536
STAD,TCGA-BR-6454-01Z-00-DX1.63fb6280-2b43-49b2-960a-eb9c0e8b617c,gigapath_flash,10x,15740,384
STAD,TCGA-BR-6454-01Z-00-DX1.63fb6280-2b43-49b2-960a-eb9c0e8b617c,gigapath_flash,2p5x,15740,384
STAD,TCGA-BR-6454-01Z-00-DX1.63fb6280-2b43-49b2-960a-eb9c0e8b617c,gigapath_flash,40x,15740,384
STAD,TCGA-BR-6454-01Z-00-DX1.63fb6280-2b43-49b2-960a-eb9c0e8b617c,midnight,10x,15740,3072
STAD,TCGA-BR-6454-01Z-00-DX1.63fb6280-2b43-49b2-960a-eb9c0e8b617c,midnight,2p5x,15740,3072
STAD,TCGA-BR-6454-01Z-00-DX1.63fb6280-2b43-49b2-960a-eb9c0e8b617c,midnight,40x,15740,3072
STAD,TCGA-BR-6454-01Z-00-DX1.63fb6280-2b43-49b2-960a-eb9c0e8b617c,phikon,10x,15740,768
STAD,TCGA-BR-6454-01Z-00-DX1.63fb6280-2b43-49b2-960a-eb9c0e8b617c,phikon,2p5x,15740,768
STAD,TCGA-BR-6454-01Z-00-DX1.63fb6280-2b43-49b2-960a-eb9c0e8b617c,phikon,40x,15740,768
STAD,TCGA-BR-6454-01Z-00-DX1.63fb6280-2b43-49b2-960a-eb9c0e8b617c,uni2,10x,15740,1536
STAD,TCGA-BR-6454-01Z-00-DX1.63fb6280-2b43-49b2-960a-eb9c0e8b617c,uni2,2p5x,15740,1536
STAD,TCGA-BR-6454-01Z-00-DX1.63fb6280-2b43-49b2-960a-eb9c0e8b617c,uni2,40x,15740,1536
STAD,TCGA-BR-6454-01Z-00-DX1.63fb6280-2b43-49b2-960a-eb9c0e8b617c,uni,10x,15740,1024
STAD,TCGA-BR-6454-01Z-00-DX1.63fb6280-2b43-49b2-960a-eb9c0e8b617c,uni,2p5x,15740,1024
STAD,TCGA-BR-6454-01Z-00-DX1.63fb6280-2b43-49b2-960a-eb9c0e8b617c,uni,40x,15740,1024
STAD,TCGA-BR-6454-01Z-00-DX1.63fb6280-2b43-49b2-960a-eb9c0e8b617c,virchow2,10x,15740,2560
STAD,TCGA-BR-6454-01Z-00-DX1.63fb6280-2b43-49b2-960a-eb9c0e8b617c,virchow2,2p5x,15740,2560
STAD,TCGA-BR-6454-01Z-00-DX1.63fb6280-2b43-49b2-960a-eb9c0e8b617c,virchow2,40x,15740,2560
STAD,TCGA-BR-6454-01Z-00-DX1.63fb6280-2b43-49b2-960a-eb9c0e8b617c,virchow,10x,15740,2560
STAD,TCGA-BR-6454-01Z-00-DX1.63fb6280-2b43-49b2-960a-eb9c0e8b617c,virchow,2p5x,15740,2560
STAD,TCGA-BR-6454-01Z-00-DX1.63fb6280-2b43-49b2-960a-eb9c0e8b617c,virchow,40x,15740,2560
STAD,TCGA-BR-A4CQ-01Z-00-DX1.B63282A5-154D-441B-BF96-5BB26CB6D95E,gigapath,10x,13809,1536
STAD,TCGA-BR-A4CQ-01Z-00-DX1.B63282A5-154D-441B-BF96-5BB26CB6D95E,gigapath,2p5x,13809,1536
STAD,TCGA-BR-A4CQ-01Z-00-DX1.B63282A5-154D-441B-BF96-5BB26CB6D95E,gigapath,40x,13809,1536
STAD,TCGA-BR-A4CQ-01Z-00-DX1.B63282A5-154D-441B-BF96-5BB26CB6D95E,gigapath_flash,10x,13809,384
STAD,TCGA-BR-A4CQ-01Z-00-DX1.B63282A5-154D-441B-BF96-5BB26CB6D95E,gigapath_flash,2p5x,13809,384
STAD,TCGA-BR-A4CQ-01Z-00-DX1.B63282A5-154D-441B-BF96-5BB26CB6D95E,gigapath_flash,40x,13809,384
STAD,TCGA-BR-A4CQ-01Z-00-DX1.B63282A5-154D-441B-BF96-5BB26CB6D95E,midnight,10x,13809,3072
STAD,TCGA-BR-A4CQ-01Z-00-DX1.B63282A5-154D-441B-BF96-5BB26CB6D95E,midnight,2p5x,13809,3072
STAD,TCGA-BR-A4CQ-01Z-00-DX1.B63282A5-154D-441B-BF96-5BB26CB6D95E,midnight,40x,13809,3072
STAD,TCGA-BR-A4CQ-01Z-00-DX1.B63282A5-154D-441B-BF96-5BB26CB6D95E,phikon,10x,13809,768
STAD,TCGA-BR-A4CQ-01Z-00-DX1.B63282A5-154D-441B-BF96-5BB26CB6D95E,phikon,2p5x,13809,768
STAD,TCGA-BR-A4CQ-01Z-00-DX1.B63282A5-154D-441B-BF96-5BB26CB6D95E,phikon,40x,13809,768
STAD,TCGA-BR-A4CQ-01Z-00-DX1.B63282A5-154D-441B-BF96-5BB26CB6D95E,uni2,10x,13809,1536
STAD,TCGA-BR-A4CQ-01Z-00-DX1.B63282A5-154D-441B-BF96-5BB26CB6D95E,uni2,2p5x,13809,1536
STAD,TCGA-BR-A4CQ-01Z-00-DX1.B63282A5-154D-441B-BF96-5BB26CB6D95E,uni2,40x,13809,1536
STAD,TCGA-BR-A4CQ-01Z-00-DX1.B63282A5-154D-441B-BF96-5BB26CB6D95E,uni,10x,13809,1024
STAD,TCGA-BR-A4CQ-01Z-00-DX1.B63282A5-154D-441B-BF96-5BB26CB6D95E,uni,2p5x,13809,1024
STAD,TCGA-BR-A4CQ-01Z-00-DX1.B63282A5-154D-441B-BF96-5BB26CB6D95E,uni,40x,13809,1024
STAD,TCGA-BR-A4CQ-01Z-00-DX1.B63282A5-154D-441B-BF96-5BB26CB6D95E,virchow2,10x,13809,2560
STAD,TCGA-BR-A4CQ-01Z-00-DX1.B63282A5-154D-441B-BF96-5BB26CB6D95E,virchow2,2p5x,13809,2560
STAD,TCGA-BR-A4CQ-01Z-00-DX1.B63282A5-154D-441B-BF96-5BB26CB6D95E,virchow2,40x,13809,2560
STAD,TCGA-BR-A4CQ-01Z-00-DX1.B63282A5-154D-441B-BF96-5BB26CB6D95E,virchow,10x,13809,2560
STAD,TCGA-BR-A4CQ-01Z-00-DX1.B63282A5-154D-441B-BF96-5BB26CB6D95E,virchow,2p5x,13809,2560
STAD,TCGA-BR-A4CQ-01Z-00-DX1.B63282A5-154D-441B-BF96-5BB26CB6D95E,virchow,40x,13809,2560
STAD,TCGA-CD-A487-01Z-00-DX1.A026BD2F-B721-4340-83D5-7AA39227C90F,gigapath,10x,20251,1536
STAD,TCGA-CD-A487-01Z-00-DX1.A026BD2F-B721-4340-83D5-7AA39227C90F,gigapath,2p5x,20251,1536
STAD,TCGA-CD-A487-01Z-00-DX1.A026BD2F-B721-4340-83D5-7AA39227C90F,gigapath,40x,20251,1536
STAD,TCGA-CD-A487-01Z-00-DX1.A026BD2F-B721-4340-83D5-7AA39227C90F,gigapath_flash,10x,20251,384
STAD,TCGA-CD-A487-01Z-00-DX1.A026BD2F-B721-4340-83D5-7AA39227C90F,gigapath_flash,2p5x,20251,384
STAD,TCGA-CD-A487-01Z-00-DX1.A026BD2F-B721-4340-83D5-7AA39227C90F,gigapath_flash,40x,20251,384
STAD,TCGA-CD-A487-01Z-00-DX1.A026BD2F-B721-4340-83D5-7AA39227C90F,midnight,10x,20251,3072
STAD,TCGA-CD-A487-01Z-00-DX1.A026BD2F-B721-4340-83D5-7AA39227C90F,midnight,2p5x,20251,3072
STAD,TCGA-CD-A487-01Z-00-DX1.A026BD2F-B721-4340-83D5-7AA39227C90F,midnight,40x,20251,3072
STAD,TCGA-CD-A487-01Z-00-DX1.A026BD2F-B721-4340-83D5-7AA39227C90F,phikon,10x,20251,768
STAD,TCGA-CD-A487-01Z-00-DX1.A026BD2F-B721-4340-83D5-7AA39227C90F,phikon,2p5x,20251,768
STAD,TCGA-CD-A487-01Z-00-DX1.A026BD2F-B721-4340-83D5-7AA39227C90F,phikon,40x,20251,768
STAD,TCGA-CD-A487-01Z-00-DX1.A026BD2F-B721-4340-83D5-7AA39227C90F,uni2,10x,20251,1536
STAD,TCGA-CD-A487-01Z-00-DX1.A026BD2F-B721-4340-83D5-7AA39227C90F,uni2,2p5x,20251,1536
STAD,TCGA-CD-A487-01Z-00-DX1.A026BD2F-B721-4340-83D5-7AA39227C90F,uni2,40x,20251,1536
STAD,TCGA-CD-A487-01Z-00-DX1.A026BD2F-B721-4340-83D5-7AA39227C90F,uni,10x,20251,1024
STAD,TCGA-CD-A487-01Z-00-DX1.A026BD2F-B721-4340-83D5-7AA39227C90F,uni,2p5x,20251,1024
STAD,TCGA-CD-A487-01Z-00-DX1.A026BD2F-B721-4340-83D5-7AA39227C90F,uni,40x,20251,1024
STAD,TCGA-CD-A487-01Z-00-DX1.A026BD2F-B721-4340-83D5-7AA39227C90F,virchow2,10x,20251,2560
STAD,TCGA-CD-A487-01Z-00-DX1.A026BD2F-B721-4340-83D5-7AA39227C90F,virchow2,2p5x,20251,2560
STAD,TCGA-CD-A487-01Z-00-DX1.A026BD2F-B721-4340-83D5-7AA39227C90F,virchow2,40x,20251,2560
STAD,TCGA-CD-A487-01Z-00-DX1.A026BD2F-B721-4340-83D5-7AA39227C90F,virchow,10x,20251,2560
STAD,TCGA-CD-A487-01Z-00-DX1.A026BD2F-B721-4340-83D5-7AA39227C90F,virchow,2p5x,20251,2560
STAD,TCGA-CD-A487-01Z-00-DX1.A026BD2F-B721-4340-83D5-7AA39227C90F,virchow,40x,20251,2560
STAD,TCGA-FP-8209-01Z-00-DX1.a5e13081-1631-44d4-8d6a-c229a22c2311,gigapath,10x,3901,1536
STAD,TCGA-FP-8209-01Z-00-DX1.a5e13081-1631-44d4-8d6a-c229a22c2311,gigapath,2p5x,3901,1536
STAD,TCGA-FP-8209-01Z-00-DX1.a5e13081-1631-44d4-8d6a-c229a22c2311,gigapath,40x,3901,1536
STAD,TCGA-FP-8209-01Z-00-DX1.a5e13081-1631-44d4-8d6a-c229a22c2311,gigapath_flash,10x,3901,384
STAD,TCGA-FP-8209-01Z-00-DX1.a5e13081-1631-44d4-8d6a-c229a22c2311,gigapath_flash,2p5x,3901,384
STAD,TCGA-FP-8209-01Z-00-DX1.a5e13081-1631-44d4-8d6a-c229a22c2311,gigapath_flash,40x,3901,384
STAD,TCGA-FP-8209-01Z-00-DX1.a5e13081-1631-44d4-8d6a-c229a22c2311,midnight,10x,3901,3072
STAD,TCGA-FP-8209-01Z-00-DX1.a5e13081-1631-44d4-8d6a-c229a22c2311,midnight,2p5x,3901,3072
STAD,TCGA-FP-8209-01Z-00-DX1.a5e13081-1631-44d4-8d6a-c229a22c2311,midnight,40x,3901,3072
STAD,TCGA-FP-8209-01Z-00-DX1.a5e13081-1631-44d4-8d6a-c229a22c2311,phikon,10x,3901,768
STAD,TCGA-FP-8209-01Z-00-DX1.a5e13081-1631-44d4-8d6a-c229a22c2311,phikon,2p5x,3901,768
STAD,TCGA-FP-8209-01Z-00-DX1.a5e13081-1631-44d4-8d6a-c229a22c2311,phikon,40x,3901,768
STAD,TCGA-FP-8209-01Z-00-DX1.a5e13081-1631-44d4-8d6a-c229a22c2311,uni2,10x,3901,1536
STAD,TCGA-FP-8209-01Z-00-DX1.a5e13081-1631-44d4-8d6a-c229a22c2311,uni2,2p5x,3901,1536
STAD,TCGA-FP-8209-01Z-00-DX1.a5e13081-1631-44d4-8d6a-c229a22c2311,uni2,40x,3901,1536
STAD,TCGA-FP-8209-01Z-00-DX1.a5e13081-1631-44d4-8d6a-c229a22c2311,uni,10x,3901,1024
STAD,TCGA-FP-8209-01Z-00-DX1.a5e13081-1631-44d4-8d6a-c229a22c2311,uni,2p5x,3901,1024
STAD,TCGA-FP-8209-01Z-00-DX1.a5e13081-1631-44d4-8d6a-c229a22c2311,uni,40x,3901,1024
STAD,TCGA-FP-8209-01Z-00-DX1.a5e13081-1631-44d4-8d6a-c229a22c2311,virchow2,10x,3901,2560
STAD,TCGA-FP-8209-01Z-00-DX1.a5e13081-1631-44d4-8d6a-c229a22c2311,virchow2,2p5x,3901,2560
STAD,TCGA-FP-8209-01Z-00-DX1.a5e13081-1631-44d4-8d6a-c229a22c2311,virchow2,40x,3901,2560
STAD,TCGA-FP-8209-01Z-00-DX1.a5e13081-1631-44d4-8d6a-c229a22c2311,virchow,10x,3901,2560
STAD,TCGA-FP-8209-01Z-00-DX1.a5e13081-1631-44d4-8d6a-c229a22c2311,virchow,2p5x,3901,2560
STAD,TCGA-FP-8209-01Z-00-DX1.a5e13081-1631-44d4-8d6a-c229a22c2311,virchow,40x,3901,2560
STAD,TCGA-SW-A7EA-01Z-00-DX1.C5E1BE0E-0A25-4480-A3AC-DB2ED7471A4E,gigapath,10x,6449,1536
STAD,TCGA-SW-A7EA-01Z-00-DX1.C5E1BE0E-0A25-4480-A3AC-DB2ED7471A4E,gigapath,2p5x,6449,1536
STAD,TCGA-SW-A7EA-01Z-00-DX1.C5E1BE0E-0A25-4480-A3AC-DB2ED7471A4E,gigapath,40x,6449,1536
STAD,TCGA-SW-A7EA-01Z-00-DX1.C5E1BE0E-0A25-4480-A3AC-DB2ED7471A4E,gigapath_flash,10x,6449,384
STAD,TCGA-SW-A7EA-01Z-00-DX1.C5E1BE0E-0A25-4480-A3AC-DB2ED7471A4E,gigapath_flash,2p5x,6449,384
STAD,TCGA-SW-A7EA-01Z-00-DX1.C5E1BE0E-0A25-4480-A3AC-DB2ED7471A4E,gigapath_flash,40x,6449,384
STAD,TCGA-SW-A7EA-01Z-00-DX1.C5E1BE0E-0A25-4480-A3AC-DB2ED7471A4E,midnight,10x,6449,3072
STAD,TCGA-SW-A7EA-01Z-00-DX1.C5E1BE0E-0A25-4480-A3AC-DB2ED7471A4E,midnight,2p5x,6449,3072
STAD,TCGA-SW-A7EA-01Z-00-DX1.C5E1BE0E-0A25-4480-A3AC-DB2ED7471A4E,midnight,40x,6449,3072
STAD,TCGA-SW-A7EA-01Z-00-DX1.C5E1BE0E-0A25-4480-A3AC-DB2ED7471A4E,phikon,10x,6449,768
STAD,TCGA-SW-A7EA-01Z-00-DX1.C5E1BE0E-0A25-4480-A3AC-DB2ED7471A4E,phikon,2p5x,6449,768
STAD,TCGA-SW-A7EA-01Z-00-DX1.C5E1BE0E-0A25-4480-A3AC-DB2ED7471A4E,phikon,40x,6449,768
STAD,TCGA-SW-A7EA-01Z-00-DX1.C5E1BE0E-0A25-4480-A3AC-DB2ED7471A4E,uni2,10x,6449,1536
STAD,TCGA-SW-A7EA-01Z-00-DX1.C5E1BE0E-0A25-4480-A3AC-DB2ED7471A4E,uni2,2p5x,6449,1536
STAD,TCGA-SW-A7EA-01Z-00-DX1.C5E1BE0E-0A25-4480-A3AC-DB2ED7471A4E,uni2,40x,6449,1536
STAD,TCGA-SW-A7EA-01Z-00-DX1.C5E1BE0E-0A25-4480-A3AC-DB2ED7471A4E,uni,10x,6449,1024
STAD,TCGA-SW-A7EA-01Z-00-DX1.C5E1BE0E-0A25-4480-A3AC-DB2ED7471A4E,uni,2p5x,6449,1024
STAD,TCGA-SW-A7EA-01Z-00-DX1.C5E1BE0E-0A25-4480-A3AC-DB2ED7471A4E,uni,40x,6449,1024
STAD,TCGA-SW-A7EA-01Z-00-DX1.C5E1BE0E-0A25-4480-A3AC-DB2ED7471A4E,virchow2,10x,6449,2560
STAD,TCGA-SW-A7EA-01Z-00-DX1.C5E1BE0E-0A25-4480-A3AC-DB2ED7471A4E,virchow2,2p5x,6449,2560
STAD,TCGA-SW-A7EA-01Z-00-DX1.C5E1BE0E-0A25-4480-A3AC-DB2ED7471A4E,virchow2,40x,6449,2560
STAD,TCGA-SW-A7EA-01Z-00-DX1.C5E1BE0E-0A25-4480-A3AC-DB2ED7471A4E,virchow,10x,6449,2560
STAD,TCGA-SW-A7EA-01Z-00-DX1.C5E1BE0E-0A25-4480-A3AC-DB2ED7471A4E,virchow,2p5x,6449,2560
STAD,TCGA-SW-A7EA-01Z-00-DX1.C5E1BE0E-0A25-4480-A3AC-DB2ED7471A4E,virchow,40x,6449,2560
STAD,TCGA-VQ-A8PY-01Z-00-DX1.EA2C7386-012A-442A-95B3-FFA12BD2684D,gigapath,10x,22399,1536
STAD,TCGA-VQ-A8PY-01Z-00-DX1.EA2C7386-012A-442A-95B3-FFA12BD2684D,gigapath,2p5x,22399,1536
STAD,TCGA-VQ-A8PY-01Z-00-DX1.EA2C7386-012A-442A-95B3-FFA12BD2684D,gigapath,40x,22399,1536
STAD,TCGA-VQ-A8PY-01Z-00-DX1.EA2C7386-012A-442A-95B3-FFA12BD2684D,gigapath_flash,10x,22399,384
STAD,TCGA-VQ-A8PY-01Z-00-DX1.EA2C7386-012A-442A-95B3-FFA12BD2684D,gigapath_flash,2p5x,22399,384
STAD,TCGA-VQ-A8PY-01Z-00-DX1.EA2C7386-012A-442A-95B3-FFA12BD2684D,gigapath_flash,40x,22399,384
STAD,TCGA-VQ-A8PY-01Z-00-DX1.EA2C7386-012A-442A-95B3-FFA12BD2684D,midnight,10x,22399,3072
STAD,TCGA-VQ-A8PY-01Z-00-DX1.EA2C7386-012A-442A-95B3-FFA12BD2684D,midnight,2p5x,22399,3072
STAD,TCGA-VQ-A8PY-01Z-00-DX1.EA2C7386-012A-442A-95B3-FFA12BD2684D,midnight,40x,22399,3072
STAD,TCGA-VQ-A8PY-01Z-00-DX1.EA2C7386-012A-442A-95B3-FFA12BD2684D,phikon,10x,22399,768
STAD,TCGA-VQ-A8PY-01Z-00-DX1.EA2C7386-012A-442A-95B3-FFA12BD2684D,phikon,2p5x,22399,768
STAD,TCGA-VQ-A8PY-01Z-00-DX1.EA2C7386-012A-442A-95B3-FFA12BD2684D,phikon,40x,22399,768
STAD,TCGA-VQ-A8PY-01Z-00-DX1.EA2C7386-012A-442A-95B3-FFA12BD2684D,uni2,10x,22399,1536
STAD,TCGA-VQ-A8PY-01Z-00-DX1.EA2C7386-012A-442A-95B3-FFA12BD2684D,uni2,2p5x,22399,1536
STAD,TCGA-VQ-A8PY-01Z-00-DX1.EA2C7386-012A-442A-95B3-FFA12BD2684D,uni2,40x,22399,1536
STAD,TCGA-VQ-A8PY-01Z-00-DX1.EA2C7386-012A-442A-95B3-FFA12BD2684D,uni,10x,22399,1024
STAD,TCGA-VQ-A8PY-01Z-00-DX1.EA2C7386-012A-442A-95B3-FFA12BD2684D,uni,2p5x,22399,1024
STAD,TCGA-VQ-A8PY-01Z-00-DX1.EA2C7386-012A-442A-95B3-FFA12BD2684D,uni,40x,22399,1024
STAD,TCGA-VQ-A8PY-01Z-00-DX1.EA2C7386-012A-442A-95B3-FFA12BD2684D,virchow2,10x,22399,2560
STAD,TCGA-VQ-A8PY-01Z-00-DX1.EA2C7386-012A-442A-95B3-FFA12BD2684D,virchow2,2p5x,22399,2560
STAD,TCGA-VQ-A8PY-01Z-00-DX1.EA2C7386-012A-442A-95B3-FFA12BD2684D,virchow2,40x,22399,2560
STAD,TCGA-VQ-A8PY-01Z-00-DX1.EA2C7386-012A-442A-95B3-FFA12BD2684D,virchow,10x,22399,2560
STAD,TCGA-VQ-A8PY-01Z-00-DX1.EA2C7386-012A-442A-95B3-FFA12BD2684D,virchow,2p5x,22399,2560
STAD,TCGA-VQ-A8PY-01Z-00-DX1.EA2C7386-012A-442A-95B3-FFA12BD2684D,virchow,40x,22399,2560
STAD,TCGA-VQ-A924-01Z-00-DX1.736B41F3-9678-4FAF-AE86-FCAC4F6DCBD3,gigapath,10x,12960,1536
STAD,TCGA-VQ-A924-01Z-00-DX1.736B41F3-9678-4FAF-AE86-FCAC4F6DCBD3,gigapath,2p5x,12960,1536
STAD,TCGA-VQ-A924-01Z-00-DX1.736B41F3-9678-4FAF-AE86-FCAC4F6DCBD3,gigapath,40x,12960,1536
STAD,TCGA-VQ-A924-01Z-00-DX1.736B41F3-9678-4FAF-AE86-FCAC4F6DCBD3,gigapath_flash,10x,12960,384
STAD,TCGA-VQ-A924-01Z-00-DX1.736B41F3-9678-4FAF-AE86-FCAC4F6DCBD3,gigapath_flash,2p5x,12960,384
STAD,TCGA-VQ-A924-01Z-00-DX1.736B41F3-9678-4FAF-AE86-FCAC4F6DCBD3,gigapath_flash,40x,12960,384
STAD,TCGA-VQ-A924-01Z-00-DX1.736B41F3-9678-4FAF-AE86-FCAC4F6DCBD3,midnight,10x,12960,3072
STAD,TCGA-VQ-A924-01Z-00-DX1.736B41F3-9678-4FAF-AE86-FCAC4F6DCBD3,midnight,2p5x,12960,3072
STAD,TCGA-VQ-A924-01Z-00-DX1.736B41F3-9678-4FAF-AE86-FCAC4F6DCBD3,midnight,40x,12960,3072
STAD,TCGA-VQ-A924-01Z-00-DX1.736B41F3-9678-4FAF-AE86-FCAC4F6DCBD3,phikon,10x,12960,768
STAD,TCGA-VQ-A924-01Z-00-DX1.736B41F3-9678-4FAF-AE86-FCAC4F6DCBD3,phikon,2p5x,12960,768
STAD,TCGA-VQ-A924-01Z-00-DX1.736B41F3-9678-4FAF-AE86-FCAC4F6DCBD3,phikon,40x,12960,768
STAD,TCGA-VQ-A924-01Z-00-DX1.736B41F3-9678-4FAF-AE86-FCAC4F6DCBD3,uni2,10x,12960,1536
STAD,TCGA-VQ-A924-01Z-00-DX1.736B41F3-9678-4FAF-AE86-FCAC4F6DCBD3,uni2,2p5x,12960,1536
STAD,TCGA-VQ-A924-01Z-00-DX1.736B41F3-9678-4FAF-AE86-FCAC4F6DCBD3,uni2,40x,12960,1536
STAD,TCGA-VQ-A924-01Z-00-DX1.736B41F3-9678-4FAF-AE86-FCAC4F6DCBD3,uni,10x,12960,1024
STAD,TCGA-VQ-A924-01Z-00-DX1.736B41F3-9678-4FAF-AE86-FCAC4F6DCBD3,uni,2p5x,12960,1024
STAD,TCGA-VQ-A924-01Z-00-DX1.736B41F3-9678-4FAF-AE86-FCAC4F6DCBD3,uni,40x,12960,1024
STAD,TCGA-VQ-A924-01Z-00-DX1.736B41F3-9678-4FAF-AE86-FCAC4F6DCBD3,virchow2,10x,12960,2560
STAD,TCGA-VQ-A924-01Z-00-DX1.736B41F3-9678-4FAF-AE86-FCAC4F6DCBD3,virchow2,2p5x,12960,2560
STAD,TCGA-VQ-A924-01Z-00-DX1.736B41F3-9678-4FAF-AE86-FCAC4F6DCBD3,virchow2,40x,12960,2560
STAD,TCGA-VQ-A924-01Z-00-DX1.736B41F3-9678-4FAF-AE86-FCAC4F6DCBD3,virchow,10x,12960,2560
STAD,TCGA-VQ-A924-01Z-00-DX1.736B41F3-9678-4FAF-AE86-FCAC4F6DCBD3,virchow,2p5x,12960,2560
STAD,TCGA-VQ-A924-01Z-00-DX1.736B41F3-9678-4FAF-AE86-FCAC4F6DCBD3,virchow,40x,12960,2560
STAD,TCGA-ZQ-A9CR-01Z-00-DX1.C9AC9991-7054-4068-A7AA-9D1EB7F040A3,gigapath,10x,31585,1536
STAD,TCGA-ZQ-A9CR-01Z-00-DX1.C9AC9991-7054-4068-A7AA-9D1EB7F040A3,gigapath,2p5x,31585,1536
STAD,TCGA-ZQ-A9CR-01Z-00-DX1.C9AC9991-7054-4068-A7AA-9D1EB7F040A3,gigapath,40x,31585,1536
STAD,TCGA-ZQ-A9CR-01Z-00-DX1.C9AC9991-7054-4068-A7AA-9D1EB7F040A3,gigapath_flash,10x,31585,384
STAD,TCGA-ZQ-A9CR-01Z-00-DX1.C9AC9991-7054-4068-A7AA-9D1EB7F040A3,gigapath_flash,2p5x,31585,384
STAD,TCGA-ZQ-A9CR-01Z-00-DX1.C9AC9991-7054-4068-A7AA-9D1EB7F040A3,gigapath_flash,40x,31585,384
STAD,TCGA-ZQ-A9CR-01Z-00-DX1.C9AC9991-7054-4068-A7AA-9D1EB7F040A3,midnight,10x,31585,3072
STAD,TCGA-ZQ-A9CR-01Z-00-DX1.C9AC9991-7054-4068-A7AA-9D1EB7F040A3,midnight,2p5x,31585,3072
STAD,TCGA-ZQ-A9CR-01Z-00-DX1.C9AC9991-7054-4068-A7AA-9D1EB7F040A3,midnight,40x,31585,3072
STAD,TCGA-ZQ-A9CR-01Z-00-DX1.C9AC9991-7054-4068-A7AA-9D1EB7F040A3,phikon,10x,31585,768
STAD,TCGA-ZQ-A9CR-01Z-00-DX1.C9AC9991-7054-4068-A7AA-9D1EB7F040A3,phikon,2p5x,31585,768
STAD,TCGA-ZQ-A9CR-01Z-00-DX1.C9AC9991-7054-4068-A7AA-9D1EB7F040A3,phikon,40x,31585,768
STAD,TCGA-ZQ-A9CR-01Z-00-DX1.C9AC9991-7054-4068-A7AA-9D1EB7F040A3,uni2,10x,31585,1536
STAD,TCGA-ZQ-A9CR-01Z-00-DX1.C9AC9991-7054-4068-A7AA-9D1EB7F040A3,uni2,2p5x,31585,1536
STAD,TCGA-ZQ-A9CR-01Z-00-DX1.C9AC9991-7054-4068-A7AA-9D1EB7F040A3,uni2,40x,31585,1536
STAD,TCGA-ZQ-A9CR-01Z-00-DX1.C9AC9991-7054-4068-A7AA-9D1EB7F040A3,uni,10x,31585,1024
STAD,TCGA-ZQ-A9CR-01Z-00-DX1.C9AC9991-7054-4068-A7AA-9D1EB7F040A3,uni,2p5x,31585,1024
STAD,TCGA-ZQ-A9CR-01Z-00-DX1.C9AC9991-7054-4068-A7AA-9D1EB7F040A3,uni,40x,31585,1024
STAD,TCGA-ZQ-A9CR-01Z-00-DX1.C9AC9991-7054-4068-A7AA-9D1EB7F040A3,virchow2,10x,31585,2560
STAD,TCGA-ZQ-A9CR-01Z-00-DX1.C9AC9991-7054-4068-A7AA-9D1EB7F040A3,virchow2,2p5x,31585,2560
STAD,TCGA-ZQ-A9CR-01Z-00-DX1.C9AC9991-7054-4068-A7AA-9D1EB7F040A3,virchow2,40x,31585,2560
STAD,TCGA-ZQ-A9CR-01Z-00-DX1.C9AC9991-7054-4068-A7AA-9D1EB7F040A3,virchow,10x,31585,2560
STAD,TCGA-ZQ-A9CR-01Z-00-DX1.C9AC9991-7054-4068-A7AA-9D1EB7F040A3,virchow,2p5x,31585,2560
STAD,TCGA-ZQ-A9CR-01Z-00-DX1.C9AC9991-7054-4068-A7AA-9D1EB7F040A3,virchow,40x,31585,2560
UCEC,TCGA-A5-A0GX-01Z-00-DX1.7E713D1A-5858-4648-957D-77189E43CFAA,gigapath,10x,26039,1536
UCEC,TCGA-A5-A0GX-01Z-00-DX1.7E713D1A-5858-4648-957D-77189E43CFAA,gigapath,2p5x,26039,1536
UCEC,TCGA-A5-A0GX-01Z-00-DX1.7E713D1A-5858-4648-957D-77189E43CFAA,gigapath,40x,26039,1536
UCEC,TCGA-A5-A0GX-01Z-00-DX1.7E713D1A-5858-4648-957D-77189E43CFAA,gigapath_flash,10x,26039,384
UCEC,TCGA-A5-A0GX-01Z-00-DX1.7E713D1A-5858-4648-957D-77189E43CFAA,gigapath_flash,2p5x,26039,384
UCEC,TCGA-A5-A0GX-01Z-00-DX1.7E713D1A-5858-4648-957D-77189E43CFAA,gigapath_flash,40x,26039,384
UCEC,TCGA-A5-A0GX-01Z-00-DX1.7E713D1A-5858-4648-957D-77189E43CFAA,midnight,10x,26039,3072
UCEC,TCGA-A5-A0GX-01Z-00-DX1.7E713D1A-5858-4648-957D-77189E43CFAA,midnight,2p5x,26039,3072
UCEC,TCGA-A5-A0GX-01Z-00-DX1.7E713D1A-5858-4648-957D-77189E43CFAA,midnight,40x,26039,3072
UCEC,TCGA-A5-A0GX-01Z-00-DX1.7E713D1A-5858-4648-957D-77189E43CFAA,phikon,10x,26039,768
UCEC,TCGA-A5-A0GX-01Z-00-DX1.7E713D1A-5858-4648-957D-77189E43CFAA,phikon,2p5x,26039,768
UCEC,TCGA-A5-A0GX-01Z-00-DX1.7E713D1A-5858-4648-957D-77189E43CFAA,phikon,40x,26039,768
UCEC,TCGA-A5-A0GX-01Z-00-DX1.7E713D1A-5858-4648-957D-77189E43CFAA,uni2,10x,26039,1536
UCEC,TCGA-A5-A0GX-01Z-00-DX1.7E713D1A-5858-4648-957D-77189E43CFAA,uni2,2p5x,26039,1536
UCEC,TCGA-A5-A0GX-01Z-00-DX1.7E713D1A-5858-4648-957D-77189E43CFAA,uni2,40x,26039,1536
UCEC,TCGA-A5-A0GX-01Z-00-DX1.7E713D1A-5858-4648-957D-77189E43CFAA,uni,10x,26039,1024
UCEC,TCGA-A5-A0GX-01Z-00-DX1.7E713D1A-5858-4648-957D-77189E43CFAA,uni,2p5x,26039,1024
UCEC,TCGA-A5-A0GX-01Z-00-DX1.7E713D1A-5858-4648-957D-77189E43CFAA,uni,40x,26039,1024
UCEC,TCGA-A5-A0GX-01Z-00-DX1.7E713D1A-5858-4648-957D-77189E43CFAA,virchow2,10x,26039,2560
UCEC,TCGA-A5-A0GX-01Z-00-DX1.7E713D1A-5858-4648-957D-77189E43CFAA,virchow2,2p5x,26039,2560
UCEC,TCGA-A5-A0GX-01Z-00-DX1.7E713D1A-5858-4648-957D-77189E43CFAA,virchow2,40x,26039,2560
UCEC,TCGA-A5-A0GX-01Z-00-DX1.7E713D1A-5858-4648-957D-77189E43CFAA,virchow,10x,26039,2560
UCEC,TCGA-A5-A0GX-01Z-00-DX1.7E713D1A-5858-4648-957D-77189E43CFAA,virchow,2p5x,26039,2560
UCEC,TCGA-A5-A0GX-01Z-00-DX1.7E713D1A-5858-4648-957D-77189E43CFAA,virchow,40x,26039,2560
UCEC,TCGA-A5-A0R7-01Z-00-DX1.D21E6974-22A3-4A68-8B4E-14E84A7A50A5,gigapath,10x,45564,1536
UCEC,TCGA-A5-A0R7-01Z-00-DX1.D21E6974-22A3-4A68-8B4E-14E84A7A50A5,gigapath,2p5x,45564,1536
UCEC,TCGA-A5-A0R7-01Z-00-DX1.D21E6974-22A3-4A68-8B4E-14E84A7A50A5,gigapath,40x,45564,1536
UCEC,TCGA-A5-A0R7-01Z-00-DX1.D21E6974-22A3-4A68-8B4E-14E84A7A50A5,gigapath_flash,10x,45564,384
UCEC,TCGA-A5-A0R7-01Z-00-DX1.D21E6974-22A3-4A68-8B4E-14E84A7A50A5,gigapath_flash,2p5x,45564,384
UCEC,TCGA-A5-A0R7-01Z-00-DX1.D21E6974-22A3-4A68-8B4E-14E84A7A50A5,gigapath_flash,40x,45564,384
UCEC,TCGA-A5-A0R7-01Z-00-DX1.D21E6974-22A3-4A68-8B4E-14E84A7A50A5,midnight,10x,45564,3072
UCEC,TCGA-A5-A0R7-01Z-00-DX1.D21E6974-22A3-4A68-8B4E-14E84A7A50A5,midnight,2p5x,45564,3072
UCEC,TCGA-A5-A0R7-01Z-00-DX1.D21E6974-22A3-4A68-8B4E-14E84A7A50A5,midnight,40x,45564,3072
UCEC,TCGA-A5-A0R7-01Z-00-DX1.D21E6974-22A3-4A68-8B4E-14E84A7A50A5,phikon,10x,45564,768
UCEC,TCGA-A5-A0R7-01Z-00-DX1.D21E6974-22A3-4A68-8B4E-14E84A7A50A5,phikon,2p5x,45564,768
UCEC,TCGA-A5-A0R7-01Z-00-DX1.D21E6974-22A3-4A68-8B4E-14E84A7A50A5,phikon,40x,45564,768
UCEC,TCGA-A5-A0R7-01Z-00-DX1.D21E6974-22A3-4A68-8B4E-14E84A7A50A5,uni2,10x,45564,1536
UCEC,TCGA-A5-A0R7-01Z-00-DX1.D21E6974-22A3-4A68-8B4E-14E84A7A50A5,uni2,2p5x,45564,1536
UCEC,TCGA-A5-A0R7-01Z-00-DX1.D21E6974-22A3-4A68-8B4E-14E84A7A50A5,uni2,40x,45564,1536
UCEC,TCGA-A5-A0R7-01Z-00-DX1.D21E6974-22A3-4A68-8B4E-14E84A7A50A5,uni,10x,45564,1024
UCEC,TCGA-A5-A0R7-01Z-00-DX1.D21E6974-22A3-4A68-8B4E-14E84A7A50A5,uni,2p5x,45564,1024
UCEC,TCGA-A5-A0R7-01Z-00-DX1.D21E6974-22A3-4A68-8B4E-14E84A7A50A5,uni,40x,45564,1024
UCEC,TCGA-A5-A0R7-01Z-00-DX1.D21E6974-22A3-4A68-8B4E-14E84A7A50A5,virchow2,10x,45564,2560
UCEC,TCGA-A5-A0R7-01Z-00-DX1.D21E6974-22A3-4A68-8B4E-14E84A7A50A5,virchow2,2p5x,45564,2560
UCEC,TCGA-A5-A0R7-01Z-00-DX1.D21E6974-22A3-4A68-8B4E-14E84A7A50A5,virchow2,40x,45564,2560
UCEC,TCGA-A5-A0R7-01Z-00-DX1.D21E6974-22A3-4A68-8B4E-14E84A7A50A5,virchow,10x,45564,2560
UCEC,TCGA-A5-A0R7-01Z-00-DX1.D21E6974-22A3-4A68-8B4E-14E84A7A50A5,virchow,2p5x,45564,2560
UCEC,TCGA-A5-A0R7-01Z-00-DX1.D21E6974-22A3-4A68-8B4E-14E84A7A50A5,virchow,40x,45564,2560
UCEC,TCGA-AX-A05U-01Z-00-DX1.1EBFC727-B5D5-4543-BBA9-4254ABD3D584,gigapath,10x,42082,1536
UCEC,TCGA-AX-A05U-01Z-00-DX1.1EBFC727-B5D5-4543-BBA9-4254ABD3D584,gigapath,2p5x,42082,1536
UCEC,TCGA-AX-A05U-01Z-00-DX1.1EBFC727-B5D5-4543-BBA9-4254ABD3D584,gigapath,40x,42082,1536
UCEC,TCGA-AX-A05U-01Z-00-DX1.1EBFC727-B5D5-4543-BBA9-4254ABD3D584,gigapath_flash,10x,42082,384
UCEC,TCGA-AX-A05U-01Z-00-DX1.1EBFC727-B5D5-4543-BBA9-4254ABD3D584,gigapath_flash,2p5x,42082,384
UCEC,TCGA-AX-A05U-01Z-00-DX1.1EBFC727-B5D5-4543-BBA9-4254ABD3D584,gigapath_flash,40x,42082,384
UCEC,TCGA-AX-A05U-01Z-00-DX1.1EBFC727-B5D5-4543-BBA9-4254ABD3D584,midnight,10x,42082,3072
UCEC,TCGA-AX-A05U-01Z-00-DX1.1EBFC727-B5D5-4543-BBA9-4254ABD3D584,midnight,2p5x,42082,3072
UCEC,TCGA-AX-A05U-01Z-00-DX1.1EBFC727-B5D5-4543-BBA9-4254ABD3D584,midnight,40x,42082,3072
UCEC,TCGA-AX-A05U-01Z-00-DX1.1EBFC727-B5D5-4543-BBA9-4254ABD3D584,phikon,10x,42082,768
UCEC,TCGA-AX-A05U-01Z-00-DX1.1EBFC727-B5D5-4543-BBA9-4254ABD3D584,phikon,2p5x,42082,768
UCEC,TCGA-AX-A05U-01Z-00-DX1.1EBFC727-B5D5-4543-BBA9-4254ABD3D584,phikon,40x,42082,768
UCEC,TCGA-AX-A05U-01Z-00-DX1.1EBFC727-B5D5-4543-BBA9-4254ABD3D584,uni2,10x,42082,1536
UCEC,TCGA-AX-A05U-01Z-00-DX1.1EBFC727-B5D5-4543-BBA9-4254ABD3D584,uni2,2p5x,42082,1536
UCEC,TCGA-AX-A05U-01Z-00-DX1.1EBFC727-B5D5-4543-BBA9-4254ABD3D584,uni2,40x,42082,1536
UCEC,TCGA-AX-A05U-01Z-00-DX1.1EBFC727-B5D5-4543-BBA9-4254ABD3D584,uni,10x,42082,1024
UCEC,TCGA-AX-A05U-01Z-00-DX1.1EBFC727-B5D5-4543-BBA9-4254ABD3D584,uni,2p5x,42082,1024
UCEC,TCGA-AX-A05U-01Z-00-DX1.1EBFC727-B5D5-4543-BBA9-4254ABD3D584,uni,40x,42082,1024
UCEC,TCGA-AX-A05U-01Z-00-DX1.1EBFC727-B5D5-4543-BBA9-4254ABD3D584,virchow2,10x,42082,2560
UCEC,TCGA-AX-A05U-01Z-00-DX1.1EBFC727-B5D5-4543-BBA9-4254ABD3D584,virchow2,2p5x,42082,2560
UCEC,TCGA-AX-A05U-01Z-00-DX1.1EBFC727-B5D5-4543-BBA9-4254ABD3D584,virchow2,40x,42082,2560
UCEC,TCGA-AX-A05U-01Z-00-DX1.1EBFC727-B5D5-4543-BBA9-4254ABD3D584,virchow,10x,42082,2560
UCEC,TCGA-AX-A05U-01Z-00-DX1.1EBFC727-B5D5-4543-BBA9-4254ABD3D584,virchow,2p5x,42082,2560
UCEC,TCGA-AX-A05U-01Z-00-DX1.1EBFC727-B5D5-4543-BBA9-4254ABD3D584,virchow,40x,42082,2560
UCEC,TCGA-AX-A06B-01Z-00-DX2.1757C039-99F7-4087-A9E5-D340AF7220D4,gigapath,10x,10560,1536
UCEC,TCGA-AX-A06B-01Z-00-DX2.1757C039-99F7-4087-A9E5-D340AF7220D4,gigapath,2p5x,10560,1536
UCEC,TCGA-AX-A06B-01Z-00-DX2.1757C039-99F7-4087-A9E5-D340AF7220D4,gigapath,40x,10560,1536
UCEC,TCGA-AX-A06B-01Z-00-DX2.1757C039-99F7-4087-A9E5-D340AF7220D4,gigapath_flash,10x,10560,384
UCEC,TCGA-AX-A06B-01Z-00-DX2.1757C039-99F7-4087-A9E5-D340AF7220D4,gigapath_flash,2p5x,10560,384
UCEC,TCGA-AX-A06B-01Z-00-DX2.1757C039-99F7-4087-A9E5-D340AF7220D4,gigapath_flash,40x,10560,384
UCEC,TCGA-AX-A06B-01Z-00-DX2.1757C039-99F7-4087-A9E5-D340AF7220D4,midnight,10x,10560,3072
UCEC,TCGA-AX-A06B-01Z-00-DX2.1757C039-99F7-4087-A9E5-D340AF7220D4,midnight,2p5x,10560,3072
UCEC,TCGA-AX-A06B-01Z-00-DX2.1757C039-99F7-4087-A9E5-D340AF7220D4,midnight,40x,10560,3072
UCEC,TCGA-AX-A06B-01Z-00-DX2.1757C039-99F7-4087-A9E5-D340AF7220D4,phikon,10x,10560,768
UCEC,TCGA-AX-A06B-01Z-00-DX2.1757C039-99F7-4087-A9E5-D340AF7220D4,phikon,2p5x,10560,768
UCEC,TCGA-AX-A06B-01Z-00-DX2.1757C039-99F7-4087-A9E5-D340AF7220D4,phikon,40x,10560,768
UCEC,TCGA-AX-A06B-01Z-00-DX2.1757C039-99F7-4087-A9E5-D340AF7220D4,uni2,10x,10560,1536
UCEC,TCGA-AX-A06B-01Z-00-DX2.1757C039-99F7-4087-A9E5-D340AF7220D4,uni2,2p5x,10560,1536
UCEC,TCGA-AX-A06B-01Z-00-DX2.1757C039-99F7-4087-A9E5-D340AF7220D4,uni2,40x,10560,1536
UCEC,TCGA-AX-A06B-01Z-00-DX2.1757C039-99F7-4087-A9E5-D340AF7220D4,uni,10x,10560,1024
UCEC,TCGA-AX-A06B-01Z-00-DX2.1757C039-99F7-4087-A9E5-D340AF7220D4,uni,2p5x,10560,1024
UCEC,TCGA-AX-A06B-01Z-00-DX2.1757C039-99F7-4087-A9E5-D340AF7220D4,uni,40x,10560,1024
UCEC,TCGA-AX-A06B-01Z-00-DX2.1757C039-99F7-4087-A9E5-D340AF7220D4,virchow2,10x,10560,2560
UCEC,TCGA-AX-A06B-01Z-00-DX2.1757C039-99F7-4087-A9E5-D340AF7220D4,virchow2,2p5x,10560,2560
UCEC,TCGA-AX-A06B-01Z-00-DX2.1757C039-99F7-4087-A9E5-D340AF7220D4,virchow2,40x,10560,2560
UCEC,TCGA-AX-A06B-01Z-00-DX2.1757C039-99F7-4087-A9E5-D340AF7220D4,virchow,10x,10560,2560
UCEC,TCGA-AX-A06B-01Z-00-DX2.1757C039-99F7-4087-A9E5-D340AF7220D4,virchow,2p5x,10560,2560
UCEC,TCGA-AX-A06B-01Z-00-DX2.1757C039-99F7-4087-A9E5-D340AF7220D4,virchow,40x,10560,2560
UCEC,TCGA-AX-A0J0-01Z-00-DX2.56C668BE-03B8-4B87-A226-AABD97D53C38,gigapath,10x,34978,1536
UCEC,TCGA-AX-A0J0-01Z-00-DX2.56C668BE-03B8-4B87-A226-AABD97D53C38,gigapath,2p5x,34978,1536
UCEC,TCGA-AX-A0J0-01Z-00-DX2.56C668BE-03B8-4B87-A226-AABD97D53C38,gigapath,40x,34978,1536
UCEC,TCGA-AX-A0J0-01Z-00-DX2.56C668BE-03B8-4B87-A226-AABD97D53C38,gigapath_flash,10x,34978,384
UCEC,TCGA-AX-A0J0-01Z-00-DX2.56C668BE-03B8-4B87-A226-AABD97D53C38,gigapath_flash,2p5x,34978,384
UCEC,TCGA-AX-A0J0-01Z-00-DX2.56C668BE-03B8-4B87-A226-AABD97D53C38,gigapath_flash,40x,34978,384
UCEC,TCGA-AX-A0J0-01Z-00-DX2.56C668BE-03B8-4B87-A226-AABD97D53C38,midnight,10x,34978,3072
UCEC,TCGA-AX-A0J0-01Z-00-DX2.56C668BE-03B8-4B87-A226-AABD97D53C38,midnight,2p5x,34978,3072
UCEC,TCGA-AX-A0J0-01Z-00-DX2.56C668BE-03B8-4B87-A226-AABD97D53C38,midnight,40x,34978,3072
UCEC,TCGA-AX-A0J0-01Z-00-DX2.56C668BE-03B8-4B87-A226-AABD97D53C38,phikon,10x,34978,768
UCEC,TCGA-AX-A0J0-01Z-00-DX2.56C668BE-03B8-4B87-A226-AABD97D53C38,phikon,2p5x,34978,768
UCEC,TCGA-AX-A0J0-01Z-00-DX2.56C668BE-03B8-4B87-A226-AABD97D53C38,phikon,40x,34978,768
UCEC,TCGA-AX-A0J0-01Z-00-DX2.56C668BE-03B8-4B87-A226-AABD97D53C38,uni2,10x,34978,1536
UCEC,TCGA-AX-A0J0-01Z-00-DX2.56C668BE-03B8-4B87-A226-AABD97D53C38,uni2,2p5x,34978,1536
UCEC,TCGA-AX-A0J0-01Z-00-DX2.56C668BE-03B8-4B87-A226-AABD97D53C38,uni2,40x,34978,1536
UCEC,TCGA-AX-A0J0-01Z-00-DX2.56C668BE-03B8-4B87-A226-AABD97D53C38,uni,10x,34978,1024
UCEC,TCGA-AX-A0J0-01Z-00-DX2.56C668BE-03B8-4B87-A226-AABD97D53C38,uni,2p5x,34978,1024
UCEC,TCGA-AX-A0J0-01Z-00-DX2.56C668BE-03B8-4B87-A226-AABD97D53C38,uni,40x,34978,1024
UCEC,TCGA-AX-A0J0-01Z-00-DX2.56C668BE-03B8-4B87-A226-AABD97D53C38,virchow2,10x,34978,2560
UCEC,TCGA-AX-A0J0-01Z-00-DX2.56C668BE-03B8-4B87-A226-AABD97D53C38,virchow2,2p5x,34978,2560
UCEC,TCGA-AX-A0J0-01Z-00-DX2.56C668BE-03B8-4B87-A226-AABD97D53C38,virchow2,40x,34978,2560
UCEC,TCGA-AX-A0J0-01Z-00-DX2.56C668BE-03B8-4B87-A226-AABD97D53C38,virchow,10x,34978,2560
UCEC,TCGA-AX-A0J0-01Z-00-DX2.56C668BE-03B8-4B87-A226-AABD97D53C38,virchow,2p5x,34978,2560
UCEC,TCGA-AX-A0J0-01Z-00-DX2.56C668BE-03B8-4B87-A226-AABD97D53C38,virchow,40x,34978,2560
UCEC,TCGA-B5-A11F-01Z-00-DX1.3F1C053D-E81E-4C8D-965D-6F3DE29D9511,gigapath,10x,22717,1536
UCEC,TCGA-B5-A11F-01Z-00-DX1.3F1C053D-E81E-4C8D-965D-6F3DE29D9511,gigapath,2p5x,22717,1536
UCEC,TCGA-B5-A11F-01Z-00-DX1.3F1C053D-E81E-4C8D-965D-6F3DE29D9511,gigapath,40x,22717,1536
UCEC,TCGA-B5-A11F-01Z-00-DX1.3F1C053D-E81E-4C8D-965D-6F3DE29D9511,gigapath_flash,10x,22717,384
UCEC,TCGA-B5-A11F-01Z-00-DX1.3F1C053D-E81E-4C8D-965D-6F3DE29D9511,gigapath_flash,2p5x,22717,384
UCEC,TCGA-B5-A11F-01Z-00-DX1.3F1C053D-E81E-4C8D-965D-6F3DE29D9511,gigapath_flash,40x,22717,384
UCEC,TCGA-B5-A11F-01Z-00-DX1.3F1C053D-E81E-4C8D-965D-6F3DE29D9511,midnight,10x,22717,3072
UCEC,TCGA-B5-A11F-01Z-00-DX1.3F1C053D-E81E-4C8D-965D-6F3DE29D9511,midnight,2p5x,22717,3072
UCEC,TCGA-B5-A11F-01Z-00-DX1.3F1C053D-E81E-4C8D-965D-6F3DE29D9511,midnight,40x,22717,3072
UCEC,TCGA-B5-A11F-01Z-00-DX1.3F1C053D-E81E-4C8D-965D-6F3DE29D9511,phikon,10x,22717,768
UCEC,TCGA-B5-A11F-01Z-00-DX1.3F1C053D-E81E-4C8D-965D-6F3DE29D9511,phikon,2p5x,22717,768
UCEC,TCGA-B5-A11F-01Z-00-DX1.3F1C053D-E81E-4C8D-965D-6F3DE29D9511,phikon,40x,22717,768
UCEC,TCGA-B5-A11F-01Z-00-DX1.3F1C053D-E81E-4C8D-965D-6F3DE29D9511,uni2,10x,22717,1536
UCEC,TCGA-B5-A11F-01Z-00-DX1.3F1C053D-E81E-4C8D-965D-6F3DE29D9511,uni2,2p5x,22717,1536
UCEC,TCGA-B5-A11F-01Z-00-DX1.3F1C053D-E81E-4C8D-965D-6F3DE29D9511,uni2,40x,22717,1536
UCEC,TCGA-B5-A11F-01Z-00-DX1.3F1C053D-E81E-4C8D-965D-6F3DE29D9511,uni,10x,22717,1024
UCEC,TCGA-B5-A11F-01Z-00-DX1.3F1C053D-E81E-4C8D-965D-6F3DE29D9511,uni,2p5x,22717,1024
UCEC,TCGA-B5-A11F-01Z-00-DX1.3F1C053D-E81E-4C8D-965D-6F3DE29D9511,uni,40x,22717,1024
UCEC,TCGA-B5-A11F-01Z-00-DX1.3F1C053D-E81E-4C8D-965D-6F3DE29D9511,virchow2,10x,22717,2560
UCEC,TCGA-B5-A11F-01Z-00-DX1.3F1C053D-E81E-4C8D-965D-6F3DE29D9511,virchow2,2p5x,22717,2560
UCEC,TCGA-B5-A11F-01Z-00-DX1.3F1C053D-E81E-4C8D-965D-6F3DE29D9511,virchow2,40x,22717,2560
UCEC,TCGA-B5-A11F-01Z-00-DX1.3F1C053D-E81E-4C8D-965D-6F3DE29D9511,virchow,10x,22717,2560
UCEC,TCGA-B5-A11F-01Z-00-DX1.3F1C053D-E81E-4C8D-965D-6F3DE29D9511,virchow,2p5x,22717,2560
UCEC,TCGA-B5-A11F-01Z-00-DX1.3F1C053D-E81E-4C8D-965D-6F3DE29D9511,virchow,40x,22717,2560
UCEC,TCGA-BG-A0W1-01Z-00-DX1.8E06269C-1278-478B-A128-59FA911B1649,gigapath,10x,26648,1536
UCEC,TCGA-BG-A0W1-01Z-00-DX1.8E06269C-1278-478B-A128-59FA911B1649,gigapath,2p5x,26648,1536
UCEC,TCGA-BG-A0W1-01Z-00-DX1.8E06269C-1278-478B-A128-59FA911B1649,gigapath,40x,26648,1536
UCEC,TCGA-BG-A0W1-01Z-00-DX1.8E06269C-1278-478B-A128-59FA911B1649,gigapath_flash,10x,26648,384
UCEC,TCGA-BG-A0W1-01Z-00-DX1.8E06269C-1278-478B-A128-59FA911B1649,gigapath_flash,2p5x,26648,384
UCEC,TCGA-BG-A0W1-01Z-00-DX1.8E06269C-1278-478B-A128-59FA911B1649,gigapath_flash,40x,26648,384
UCEC,TCGA-BG-A0W1-01Z-00-DX1.8E06269C-1278-478B-A128-59FA911B1649,midnight,10x,26648,3072
UCEC,TCGA-BG-A0W1-01Z-00-DX1.8E06269C-1278-478B-A128-59FA911B1649,midnight,2p5x,26648,3072
UCEC,TCGA-BG-A0W1-01Z-00-DX1.8E06269C-1278-478B-A128-59FA911B1649,midnight,40x,26648,3072
UCEC,TCGA-BG-A0W1-01Z-00-DX1.8E06269C-1278-478B-A128-59FA911B1649,phikon,10x,26648,768
UCEC,TCGA-BG-A0W1-01Z-00-DX1.8E06269C-1278-478B-A128-59FA911B1649,phikon,2p5x,26648,768
UCEC,TCGA-BG-A0W1-01Z-00-DX1.8E06269C-1278-478B-A128-59FA911B1649,phikon,40x,26648,768
UCEC,TCGA-BG-A0W1-01Z-00-DX1.8E06269C-1278-478B-A128-59FA911B1649,uni2,10x,26648,1536
UCEC,TCGA-BG-A0W1-01Z-00-DX1.8E06269C-1278-478B-A128-59FA911B1649,uni2,2p5x,26648,1536
UCEC,TCGA-BG-A0W1-01Z-00-DX1.8E06269C-1278-478B-A128-59FA911B1649,uni2,40x,26648,1536
UCEC,TCGA-BG-A0W1-01Z-00-DX1.8E06269C-1278-478B-A128-59FA911B1649,uni,10x,26648,1024
UCEC,TCGA-BG-A0W1-01Z-00-DX1.8E06269C-1278-478B-A128-59FA911B1649,uni,2p5x,26648,1024
UCEC,TCGA-BG-A0W1-01Z-00-DX1.8E06269C-1278-478B-A128-59FA911B1649,uni,40x,26648,1024
UCEC,TCGA-BG-A0W1-01Z-00-DX1.8E06269C-1278-478B-A128-59FA911B1649,virchow2,10x,26648,2560
UCEC,TCGA-BG-A0W1-01Z-00-DX1.8E06269C-1278-478B-A128-59FA911B1649,virchow2,2p5x,26648,2560
UCEC,TCGA-BG-A0W1-01Z-00-DX1.8E06269C-1278-478B-A128-59FA911B1649,virchow2,40x,26648,2560
UCEC,TCGA-BG-A0W1-01Z-00-DX1.8E06269C-1278-478B-A128-59FA911B1649,virchow,10x,26648,2560
UCEC,TCGA-BG-A0W1-01Z-00-DX1.8E06269C-1278-478B-A128-59FA911B1649,virchow,2p5x,26648,2560
UCEC,TCGA-BG-A0W1-01Z-00-DX1.8E06269C-1278-478B-A128-59FA911B1649,virchow,40x,26648,2560
UCEC,TCGA-EY-A1GQ-01Z-00-DX1.03D52C6F-515E-4A4F-A08E-31D773BCC67F,gigapath,10x,20550,1536
UCEC,TCGA-EY-A1GQ-01Z-00-DX1.03D52C6F-515E-4A4F-A08E-31D773BCC67F,gigapath,2p5x,20550,1536
UCEC,TCGA-EY-A1GQ-01Z-00-DX1.03D52C6F-515E-4A4F-A08E-31D773BCC67F,gigapath,40x,20550,1536
UCEC,TCGA-EY-A1GQ-01Z-00-DX1.03D52C6F-515E-4A4F-A08E-31D773BCC67F,gigapath_flash,10x,20550,384
UCEC,TCGA-EY-A1GQ-01Z-00-DX1.03D52C6F-515E-4A4F-A08E-31D773BCC67F,gigapath_flash,2p5x,20550,384
UCEC,TCGA-EY-A1GQ-01Z-00-DX1.03D52C6F-515E-4A4F-A08E-31D773BCC67F,gigapath_flash,40x,20550,384
UCEC,TCGA-EY-A1GQ-01Z-00-DX1.03D52C6F-515E-4A4F-A08E-31D773BCC67F,midnight,10x,20550,3072
UCEC,TCGA-EY-A1GQ-01Z-00-DX1.03D52C6F-515E-4A4F-A08E-31D773BCC67F,midnight,2p5x,20550,3072
UCEC,TCGA-EY-A1GQ-01Z-00-DX1.03D52C6F-515E-4A4F-A08E-31D773BCC67F,midnight,40x,20550,3072
UCEC,TCGA-EY-A1GQ-01Z-00-DX1.03D52C6F-515E-4A4F-A08E-31D773BCC67F,phikon,10x,20550,768
UCEC,TCGA-EY-A1GQ-01Z-00-DX1.03D52C6F-515E-4A4F-A08E-31D773BCC67F,phikon,2p5x,20550,768
UCEC,TCGA-EY-A1GQ-01Z-00-DX1.03D52C6F-515E-4A4F-A08E-31D773BCC67F,phikon,40x,20550,768
UCEC,TCGA-EY-A1GQ-01Z-00-DX1.03D52C6F-515E-4A4F-A08E-31D773BCC67F,uni2,10x,20550,1536
UCEC,TCGA-EY-A1GQ-01Z-00-DX1.03D52C6F-515E-4A4F-A08E-31D773BCC67F,uni2,2p5x,20550,1536
UCEC,TCGA-EY-A1GQ-01Z-00-DX1.03D52C6F-515E-4A4F-A08E-31D773BCC67F,uni2,40x,20550,1536
UCEC,TCGA-EY-A1GQ-01Z-00-DX1.03D52C6F-515E-4A4F-A08E-31D773BCC67F,uni,10x,20550,1024
UCEC,TCGA-EY-A1GQ-01Z-00-DX1.03D52C6F-515E-4A4F-A08E-31D773BCC67F,uni,2p5x,20550,1024
UCEC,TCGA-EY-A1GQ-01Z-00-DX1.03D52C6F-515E-4A4F-A08E-31D773BCC67F,uni,40x,20550,1024
UCEC,TCGA-EY-A1GQ-01Z-00-DX1.03D52C6F-515E-4A4F-A08E-31D773BCC67F,virchow2,10x,20550,2560
UCEC,TCGA-EY-A1GQ-01Z-00-DX1.03D52C6F-515E-4A4F-A08E-31D773BCC67F,virchow2,2p5x,20550,2560
UCEC,TCGA-EY-A1GQ-01Z-00-DX1.03D52C6F-515E-4A4F-A08E-31D773BCC67F,virchow2,40x,20550,2560
UCEC,TCGA-EY-A1GQ-01Z-00-DX1.03D52C6F-515E-4A4F-A08E-31D773BCC67F,virchow,10x,20550,2560
UCEC,TCGA-EY-A1GQ-01Z-00-DX1.03D52C6F-515E-4A4F-A08E-31D773BCC67F,virchow,2p5x,20550,2560
UCEC,TCGA-EY-A1GQ-01Z-00-DX1.03D52C6F-515E-4A4F-A08E-31D773BCC67F,virchow,40x,20550,2560
UCEC,TCGA-FI-A2EX-01Z-00-DX1.127F5153-745D-43E6-83CA-DE2738702C62,gigapath,10x,21945,1536
UCEC,TCGA-FI-A2EX-01Z-00-DX1.127F5153-745D-43E6-83CA-DE2738702C62,gigapath,2p5x,21945,1536
UCEC,TCGA-FI-A2EX-01Z-00-DX1.127F5153-745D-43E6-83CA-DE2738702C62,gigapath,40x,21945,1536
UCEC,TCGA-FI-A2EX-01Z-00-DX1.127F5153-745D-43E6-83CA-DE2738702C62,gigapath_flash,10x,21945,384
UCEC,TCGA-FI-A2EX-01Z-00-DX1.127F5153-745D-43E6-83CA-DE2738702C62,gigapath_flash,2p5x,21945,384
UCEC,TCGA-FI-A2EX-01Z-00-DX1.127F5153-745D-43E6-83CA-DE2738702C62,gigapath_flash,40x,21945,384
UCEC,TCGA-FI-A2EX-01Z-00-DX1.127F5153-745D-43E6-83CA-DE2738702C62,midnight,10x,21945,3072
UCEC,TCGA-FI-A2EX-01Z-00-DX1.127F5153-745D-43E6-83CA-DE2738702C62,midnight,2p5x,21945,3072
UCEC,TCGA-FI-A2EX-01Z-00-DX1.127F5153-745D-43E6-83CA-DE2738702C62,midnight,40x,21945,3072
UCEC,TCGA-FI-A2EX-01Z-00-DX1.127F5153-745D-43E6-83CA-DE2738702C62,phikon,10x,21945,768
UCEC,TCGA-FI-A2EX-01Z-00-DX1.127F5153-745D-43E6-83CA-DE2738702C62,phikon,2p5x,21945,768
UCEC,TCGA-FI-A2EX-01Z-00-DX1.127F5153-745D-43E6-83CA-DE2738702C62,phikon,40x,21945,768
UCEC,TCGA-FI-A2EX-01Z-00-DX1.127F5153-745D-43E6-83CA-DE2738702C62,uni2,10x,21945,1536
UCEC,TCGA-FI-A2EX-01Z-00-DX1.127F5153-745D-43E6-83CA-DE2738702C62,uni2,2p5x,21945,1536
UCEC,TCGA-FI-A2EX-01Z-00-DX1.127F5153-745D-43E6-83CA-DE2738702C62,uni2,40x,21945,1536
UCEC,TCGA-FI-A2EX-01Z-00-DX1.127F5153-745D-43E6-83CA-DE2738702C62,uni,10x,21945,1024
UCEC,TCGA-FI-A2EX-01Z-00-DX1.127F5153-745D-43E6-83CA-DE2738702C62,uni,2p5x,21945,1024
UCEC,TCGA-FI-A2EX-01Z-00-DX1.127F5153-745D-43E6-83CA-DE2738702C62,uni,40x,21945,1024
UCEC,TCGA-FI-A2EX-01Z-00-DX1.127F5153-745D-43E6-83CA-DE2738702C62,virchow2,10x,21945,2560
UCEC,TCGA-FI-A2EX-01Z-00-DX1.127F5153-745D-43E6-83CA-DE2738702C62,virchow2,2p5x,21945,2560
UCEC,TCGA-FI-A2EX-01Z-00-DX1.127F5153-745D-43E6-83CA-DE2738702C62,virchow2,40x,21945,2560
UCEC,TCGA-FI-A2EX-01Z-00-DX1.127F5153-745D-43E6-83CA-DE2738702C62,virchow,10x,21945,2560
UCEC,TCGA-FI-A2EX-01Z-00-DX1.127F5153-745D-43E6-83CA-DE2738702C62,virchow,2p5x,21945,2560
UCEC,TCGA-FI-A2EX-01Z-00-DX1.127F5153-745D-43E6-83CA-DE2738702C62,virchow,40x,21945,2560
